utc,sample_sequence,timestamp_ms,static_input_ug,dynamic_input_ug,low_limit_ug,high_limit_ug,static_immediate,static_class,static_stable_count,static_reason,dynamic_immediate,dynamic_candidate,dynamic_confirmed,dynamic_confirm_count,dynamic_reason,process_active,valid,event_count,formal_state,formal_alarm_active,formal_green,formal_yellow,formal_red,formal_internal_buzzer,formal_external_buzzer,official_stable,official_overload,fault,overrun,dirty,save_count,revision,saved_revision,r5_input_ug
2026-09-21T05:48:43.385Z,9969,999330,101370,107002,100000000,400000000,2,2,255,0,2,2,2,15,0,0,1,2,0,0,0,0,0,0,0,1,0,0,0,0,0,8,8,101300
2026-09-21T05:48:43.481Z,9970,999475,102496,107002,100000000,400000000,2,2,255,0,2,2,2,15,0,0,1,2,0,0,0,0,0,0,0,1,0,0,0,0,0,8,8,102400
2026-09-21T05:48:43.577Z,9971,999570,103623,112633,100000000,400000000,2,2,255,0,2,2,2,15,0,0,1,2,0,0,0,0,0,0,0,1,0,0,0,0,0,8,8,103600
2026-09-21T05:48:43.671Z,9972,999666,103623,94612,100000000,400000000,2,2,255,0,2,2,2,15,0,0,1,2,0,0,0,0,0,0,0,1,0,0,0,0,0,8,8,103600
2026-09-21T05:48:43.766Z,9973,999761,102496,96865,100000000,400000000,2,2,255,0,2,2,2,15,0,0,1,2,0,0,0,0,0,0,0,1,0,0,0,0,0,8,8,102400
2026-09-21T05:48:43.862Z,9974,999855,101370,88980,100000000,400000000,2,2,255,0,2,2,2,15,0,0,1,2,0,0,0,0,0,0,0,1,0,0,0,0,0,8,8,101300
2026-09-21T05:48:43.960Z,9975,999951,100244,81096,100000000,400000000,2,2,255,0,2,2,2,15,0,0,1,2,0,0,0,0,0,0,0,1,0,0,0,0,0,8,8,100200
2026-09-21T05:48:44.037Z,9976,1000049,97991,76591,100000000,400000000,2,2,255,0,2,2,2,15,0,0,1,2,0,0,0,0,0,0,0,1,0,0,0,0,0,8,8,97900
2026-09-21T05:48:44.129Z,9977,1000131,95738,102496,100000000,400000000,2,2,255,0,2,2,2,15,0,0,1,2,0,0,0,0,0,0,0,1,0,0,0,0,0,8,8,95700
2026-09-21T05:48:44.205Z,9978,1000231,96865,100244,100000000,400000000,2,2,255,0,2,2,2,15,0,0,1,2,0,0,0,0,0,0,0,1,0,0,0,0,0,8,8,96800
2026-09-21T05:48:44.296Z,9979,1000332,96865,85601,100000000,400000000,2,2,255,0,2,2,2,15,0,0,1,2,0,0,0,0,0,0,0,1,0,0,0,0,0,8,8,96800
2026-09-21T05:48:44.485Z,9980,1000481,95738,92359,100000000,400000000,2,2,255,0,2,2,2,15,0,0,1,2,0,0,0,0,0,0,0,1,0,0,0,0,0,8,8,95700
2026-09-21T05:48:44.582Z,9981,1000575,95738,107002,100000000,400000000,2,2,255,0,2,2,2,15,0,0,1,2,0,0,0,0,0,0,0,1,0,0,0,0,0,8,8,95700
2026-09-21T05:48:44.677Z,9982,1000670,95738,85601,100000000,400000000,2,2,255,0,2,2,2,15,0,0,1,2,0,0,0,0,0,0,0,1,0,0,0,0,0,8,8,95700
2026-09-21T05:48:44.756Z,9983,1000767,94612,76591,100000000,400000000,2,2,255,0,2,2,2,15,0,0,1,2,0,0,0,0,0,0,0,1,0,0,0,0,0,8,8,94600
2026-09-21T05:48:44.832Z,9984,1000846,93486,83349,100000000,400000000,2,2,255,0,2,2,2,15,0,0,1,2,0,0,0,0,0,0,0,1,0,0,0,0,0,8,8,93400
2026-09-21T05:48:44.924Z,9985,1000933,92359,81096,100000000,400000000,2,2,255,0,2,2,2,15,0,0,1,2,0,0,0,0,0,0,0,1,0,0,0,0,0,8,8,92300
2026-09-21T05:48:45.016Z,9986,1001033,91233,93486,100000000,400000000,2,2,255,0,2,2,2,15,0,0,1,2,0,0,0,0,0,0,0,1,0,0,0,0,0,8,8,91200
2026-09-21T05:48:45.107Z,9987,1001133,91233,103623,100000000,400000000,2,2,255,0,2,2,2,15,0,0,1,2,0,0,0,0,0,0,0,1,0,0,0,0,0,8,8,91200
2026-09-21T05:48:45.200Z,9988,1001233,92359,107002,100000000,400000000,2,2,255,0,2,2,2,15,0,0,1,2,0,0,0,0,0,0,0,1,0,0,0,0,0,8,8,92300
2026-09-21T05:48:45.390Z,9989,1001386,93486,95738,100000000,400000000,2,2,255,0,2,2,2,15,0,0,1,2,0,0,0,0,0,0,0,1,0,0,0,0,0,8,8,93400
2026-09-21T05:48:45.486Z,9990,1001481,94612,100244,100000000,400000000,2,2,255,0,2,2,2,15,0,0,1,2,0,0,0,0,0,0,0,1,0,0,0,0,0,8,8,94600
2026-09-21T05:48:45.582Z,9991,1001576,95738,110381,100000000,400000000,2,2,255,0,2,2,2,15,0,0,1,2,0,0,0,0,0,0,0,1,0,0,0,0,0,8,8,95700
2026-09-21T05:48:45.678Z,9992,1001671,97991,116012,100000000,400000000,2,2,255,0,2,2,2,15,0,0,1,2,0,0,0,0,0,0,0,1,0,0,0,0,0,8,8,97900
2026-09-21T05:48:45.757Z,9993,1001768,99117,94612,100000000,400000000,2,2,255,0,2,2,2,15,0,0,1,2,0,0,0,0,0,0,0,1,0,0,0,0,0,8,8,99100
2026-09-21T05:48:45.833Z,9994,1001847,97991,88980,100000000,400000000,2,2,255,0,2,2,2,15,0,0,1,2,0,0,0,0,0,0,0,1,0,0,0,0,0,8,8,97900
2026-09-21T05:48:45.909Z,9995,1001934,96865,88980,100000000,400000000,2,2,255,0,2,2,2,15,0,0,1,2,0,0,0,0,0,0,0,1,0,0,0,0,0,8,8,96800
2026-09-21T05:48:46.001Z,9996,1002034,95738,85601,100000000,400000000,2,2,255,0,2,2,2,15,0,0,1,2,0,0,0,0,0,0,0,1,0,0,0,0,0,8,8,95700
2026-09-21T05:48:46.192Z,9997,1002187,94612,91233,100000000,400000000,2,2,255,0,2,2,2,15,0,0,1,2,0,0,0,0,0,0,0,1,0,0,0,0,0,8,8,94600
2026-09-21T05:48:46.271Z,9998,1002282,94612,94612,100000000,400000000,2,2,255,0,2,2,2,15,0,0,1,2,0,0,0,0,0,0,0,1,0,0,0,0,0,8,8,94600
2026-09-21T05:48:46.349Z,9999,1002361,94612,94612,100000000,400000000,2,2,255,0,2,2,2,15,0,0,1,2,0,0,0,0,0,0,0,1,0,0,0,0,0,8,8,94600
2026-09-21T05:48:46.427Z,10000,1002439,94612,101370,100000000,400000000,2,2,255,0,2,2,2,15,0,0,1,2,0,0,0,0,0,0,0,1,0,0,0,0,0,8,8,94600
2026-09-21T05:48:46.502Z,10001,1002535,95738,108128,100000000,400000000,2,2,255,0,2,2,2,15,0,0,1,2,0,0,0,0,0,0,0,1,0,0,0,0,0,8,8,95700
2026-09-21T05:48:46.677Z,10002,1002688,96865,87854,100000000,400000000,2,2,255,0,2,2,2,15,0,0,1,2,0,0,0,0,0,0,0,1,0,0,0,0,0,8,8,96800
2026-09-21T05:48:46.756Z,10003,1002768,96865,97991,100000000,400000000,2,2,255,0,2,2,2,15,0,0,1,2,0,0,0,0,0,0,0,1,0,0,0,0,0,8,8,96800
2026-09-21T05:48:46.833Z,10004,1002846,96865,102496,100000000,400000000,2,2,255,0,2,2,2,15,0,0,1,2,0,0,0,0,0,0,0,1,0,0,0,0,0,8,8,96800
2026-09-21T05:48:46.909Z,10005,1002936,97991,103623,100000000,400000000,2,2,255,0,2,2,2,15,0,0,1,2,0,0,0,0,0,0,0,1,0,0,0,0,0,8,8,97900
2026-09-21T05:48:47.000Z,10006,1003036,99117,87854,100000000,400000000,2,2,255,0,2,2,2,15,0,0,1,2,0,0,0,0,0,0,0,1,0,0,0,0,0,8,8,99100
2026-09-21T05:48:47.190Z,10007,1003186,99117,96865,100000000,400000000,2,2,255,0,2,2,2,15,0,0,1,2,0,0,0,0,0,0,0,1,0,0,0,0,0,8,8,99100
2026-09-21T05:48:47.285Z,10008,1003280,99117,100244,100000000,400000000,2,2,255,0,2,2,2,15,0,0,1,2,0,0,0,0,0,0,0,1,0,0,0,0,0,8,8,99100
2026-09-21T05:48:47.380Z,10009,1003375,99117,90107,100000000,400000000,2,2,255,0,2,2,2,15,0,0,1,2,0,0,0,0,0,0,0,1,0,0,0,0,0,8,8,99100
2026-09-21T05:48:47.460Z,10010,1003470,97991,81096,100000000,400000000,2,2,255,0,2,2,2,15,0,0,1,2,0,0,0,0,0,0,0,1,0,0,0,0,0,8,8,97900
2026-09-21T05:48:47.537Z,10011,1003549,95738,84475,100000000,400000000,2,2,255,0,2,2,2,15,0,0,1,2,0,0,0,0,0,0,0,1,0,0,0,0,0,8,8,95700
2026-09-21T05:48:47.614Z,10012,1003637,94612,87854,100000000,400000000,2,2,255,0,2,2,2,15,0,0,1,2,0,0,0,0,0,0,0,1,0,0,0,0,0,8,8,94600
2026-09-21T05:48:47.771Z,10013,1003784,93486,93486,100000000,400000000,2,2,255,0,2,2,2,15,0,0,1,2,0,0,0,0,0,0,0,1,0,0,0,0,0,8,8,93400
2026-09-21T05:48:47.850Z,10014,1003861,93486,101370,100000000,400000000,2,2,255,0,2,2,2,15,0,0,1,2,0,0,0,0,0,0,0,1,0,0,0,0,0,8,8,93400
2026-09-21T05:48:47.927Z,10015,1003940,93486,96865,100000000,400000000,2,2,255,0,2,2,2,15,0,0,1,2,0,0,0,0,0,0,0,1,0,0,0,0,0,8,8,93400
2026-09-21T05:48:48.002Z,10016,1004038,93486,93486,100000000,400000000,2,2,255,0,2,2,2,15,0,0,1,2,0,0,0,0,0,0,0,1,0,0,0,0,0,8,8,93400
2026-09-21T05:48:48.193Z,10017,1004188,93486,97991,100000000,400000000,2,2,255,0,2,2,2,15,0,0,1,2,0,0,0,0,0,0,0,1,0,0,0,0,0,8,8,93400
2026-09-21T05:48:48.271Z,10018,1004282,93486,85601,100000000,400000000,2,2,255,0,2,2,2,15,0,0,1,2,0,0,0,0,0,0,0,1,0,0,0,0,0,8,8,93400
2026-09-21T05:48:48.350Z,10019,1004361,93486,94612,100000000,400000000,2,2,255,0,2,2,2,15,0,0,1,2,0,0,0,0,0,0,0,1,0,0,0,0,0,8,8,93400
2026-09-21T05:48:48.428Z,10020,1004441,93486,94612,100000000,400000000,2,2,255,0,2,2,2,15,0,0,1,2,0,0,0,0,0,0,0,1,0,0,0,0,0,8,8,93400
2026-09-21T05:48:48.520Z,10021,1004539,93486,83349,100000000,400000000,2,2,255,0,2,2,2,15,0,0,1,2,0,0,0,0,0,0,0,1,0,0,0,0,0,8,8,93400
2026-09-21T05:48:48.682Z,10022,1004690,93486,96865,100000000,400000000,2,2,255,0,2,2,2,15,0,0,1,2,0,0,0,0,0,0,0,1,0,0,0,0,0,8,8,93400
2026-09-21T05:48:48.776Z,10023,1004771,93486,109254,100000000,400000000,2,2,255,0,2,2,2,15,0,0,1,2,0,0,0,0,0,0,0,1,0,0,0,0,0,8,8,93400
2026-09-21T05:48:48.871Z,10024,1004867,93486,87854,100000000,400000000,2,2,255,0,2,2,2,15,0,0,1,2,0,0,0,0,0,0,0,1,0,0,0,0,0,8,8,93400
2026-09-21T05:48:48.966Z,10025,1004961,93486,93486,100000000,400000000,2,2,255,0,2,2,2,15,0,0,1,2,0,0,0,0,0,0,0,1,0,0,0,0,0,8,8,93400
2026-09-21T05:48:49.061Z,10026,1005056,92359,82222,100000000,400000000,2,2,255,0,2,2,2,15,0,0,1,2,0,0,0,0,0,0,0,1,0,0,0,0,0,8,8,92300
2026-09-21T05:48:49.157Z,10027,1005151,91233,84475,100000000,400000000,2,2,255,0,2,2,2,15,0,0,1,2,0,0,0,0,0,0,0,1,0,0,0,0,0,8,8,91200
2026-09-21T05:48:49.252Z,10028,1005247,90107,63075,100000000,400000000,2,2,255,0,2,2,2,15,0,0,1,2,0,0,0,0,0,0,0,1,0,0,0,0,0,8,8,90100
2026-09-21T05:48:49.344Z,10029,1005342,88980,81096,100000000,400000000,2,2,255,0,2,2,2,15,0,0,1,2,0,0,0,0,0,0,0,1,0,0,0,0,0,8,8,88900
2026-09-21T05:48:49.437Z,10030,1005440,87854,78843,100000000,400000000,2,2,255,0,2,2,2,15,0,0,1,2,0,0,0,0,0,0,0,1,0,0,0,0,0,8,8,87800
2026-09-21T05:48:49.528Z,10031,1005540,86728,95738,100000000,400000000,2,2,255,0,2,2,2,15,0,0,1,2,0,0,0,0,0,0,0,1,0,0,0,0,0,8,8,86700
2026-09-21T05:48:49.621Z,10032,1005640,85601,79970,100000000,400000000,2,2,255,0,2,2,2,15,0,0,1,2,0,0,0,0,0,0,0,1,0,0,0,0,0,8,8,85600
2026-09-21T05:48:49.713Z,10033,1005741,85601,84475,100000000,400000000,2,2,255,0,2,2,2,15,0,0,1,2,0,0,0,0,0,0,0,1,0,0,0,0,0,8,8,85600
2026-09-21T05:48:49.805Z,10034,1005841,85601,93486,100000000,400000000,2,2,255,0,2,2,2,15,0,0,1,2,0,0,0,0,0,0,0,1,0,0,0,0,0,8,8,85600
2026-09-21T05:48:49.994Z,10035,1005989,86728,101370,100000000,400000000,2,2,255,0,2,2,2,15,0,0,1,2,0,0,0,0,0,0,0,1,0,0,0,0,0,8,8,86700
2026-09-21T05:48:50.089Z,10036,1006085,87854,96865,100000000,400000000,2,2,255,0,2,2,2,15,0,0,1,2,0,0,0,0,0,0,0,1,0,0,0,0,0,8,8,87800
2026-09-21T05:48:50.184Z,10037,1006179,88980,90107,100000000,400000000,2,2,255,0,2,2,2,15,0,0,1,2,0,0,0,0,0,0,0,1,0,0,0,0,0,8,8,88900
2026-09-21T05:48:50.281Z,10038,1006274,88980,88980,100000000,400000000,2,2,255,0,2,2,2,15,0,0,1,2,0,0,0,0,0,0,0,1,0,0,0,0,0,8,8,88900
2026-09-21T05:48:50.376Z,10039,1006369,88980,88980,100000000,400000000,2,2,255,0,2,2,2,15,0,0,1,2,0,0,0,0,0,0,0,1,0,0,0,0,0,8,8,88900
2026-09-21T05:48:50.471Z,10040,1006466,88980,96865,100000000,400000000,2,2,255,0,2,2,2,15,0,0,1,2,0,0,0,0,0,0,0,1,0,0,0,0,0,8,8,88900
2026-09-21T05:48:50.566Z,10041,1006561,88980,81096,100000000,400000000,2,2,255,0,2,2,2,15,0,0,1,2,0,0,0,0,0,0,0,1,0,0,0,0,0,8,8,88900
2026-09-21T05:48:50.662Z,10042,1006656,88980,88980,100000000,400000000,2,2,255,0,2,2,2,15,0,0,1,2,0,0,0,0,0,0,0,1,0,0,0,0,0,8,8,88900
2026-09-21T05:48:50.739Z,10043,1006752,88980,97991,100000000,400000000,2,2,255,0,2,2,2,15,0,0,1,2,0,0,0,0,0,0,0,1,0,0,0,0,0,8,8,88900
2026-09-21T05:48:50.815Z,10044,1006842,90107,102496,100000000,400000000,2,2,255,0,2,2,2,15,0,0,1,2,0,0,0,0,0,0,0,1,0,0,0,0,0,8,8,90100
2026-09-21T05:48:50.907Z,10045,1006943,91233,88980,100000000,400000000,2,2,255,0,2,2,2,15,0,0,1,2,0,0,0,0,0,0,0,1,0,0,0,0,0,8,8,91200
2026-09-21T05:48:51.097Z,10046,1007092,92359,113760,100000000,400000000,2,2,255,0,2,2,2,15,0,0,1,2,0,0,0,0,0,0,0,1,0,0,0,0,0,8,8,92300
2026-09-21T05:48:51.193Z,10047,1007188,93486,103623,100000000,400000000,2,2,255,0,2,2,2,15,0,0,1,2,0,0,0,0,0,0,0,1,0,0,0,0,0,8,8,93400
2026-09-21T05:48:51.272Z,10048,1007283,95738,109254,100000000,400000000,2,2,255,0,2,2,2,15,0,0,1,2,0,0,0,0,0,0,0,1,0,0,0,0,0,8,8,95700
2026-09-21T05:48:51.347Z,10049,1007362,96865,103623,100000000,400000000,2,2,255,0,2,2,2,15,0,0,1,2,0,0,0,0,0,0,0,1,0,0,0,0,0,8,8,96800
2026-09-21T05:48:51.440Z,10050,1007444,97991,86728,100000000,400000000,2,2,255,0,2,2,2,15,0,0,1,2,0,0,0,0,0,0,0,1,0,0,0,0,0,8,8,97900
2026-09-21T05:48:51.533Z,10051,1007544,96865,92359,100000000,400000000,2,2,255,0,2,2,2,15,0,0,1,2,0,0,0,0,0,0,0,1,0,0,0,0,0,8,8,96800
2026-09-21T05:48:51.624Z,10052,1007644,95738,108128,100000000,400000000,2,2,255,0,2,2,2,15,0,0,1,2,0,0,0,0,0,0,0,1,0,0,0,0,0,8,8,95700
2026-09-21T05:48:51.716Z,10053,1007744,95738,78843,100000000,400000000,2,2,255,0,2,2,2,15,0,0,1,2,0,0,0,0,0,0,0,1,0,0,0,0,0,8,8,95700
2026-09-21T05:48:51.808Z,10054,1007844,94612,86728,100000000,400000000,2,2,255,0,2,2,2,15,0,0,1,2,0,0,0,0,0,0,0,1,0,0,0,0,0,8,8,94600
2026-09-21T05:48:51.997Z,10055,1007994,93486,99117,100000000,400000000,2,2,255,0,2,2,2,15,0,0,1,2,0,0,0,0,0,0,0,1,0,0,0,0,0,8,8,93400
2026-09-21T05:48:52.092Z,10056,1008088,93486,92359,100000000,400000000,2,2,255,0,2,2,2,15,0,0,1,2,0,0,0,0,0,0,0,1,0,0,0,0,0,8,8,93400
2026-09-21T05:48:52.186Z,10057,1008182,93486,94612,100000000,400000000,2,2,255,0,2,2,2,15,0,0,1,2,0,0,0,0,0,0,0,1,0,0,0,0,0,8,8,93400
2026-09-21T05:48:52.282Z,10058,1008277,93486,83349,100000000,400000000,2,2,255,0,2,2,2,15,0,0,1,2,0,0,0,0,0,0,0,1,0,0,0,0,0,8,8,93400
2026-09-21T05:48:52.377Z,10059,1008372,92359,82222,100000000,400000000,2,2,255,0,2,2,2,15,0,0,1,2,0,0,0,0,0,0,0,1,0,0,0,0,0,8,8,92300
2026-09-21T05:48:52.471Z,10060,1008468,91233,81096,100000000,400000000,2,2,255,0,2,2,2,15,0,0,1,2,0,0,0,0,0,0,0,1,0,0,0,0,0,8,8,91200
2026-09-21T05:48:52.566Z,10061,1008562,90107,95738,100000000,400000000,2,2,255,0,2,2,2,15,0,0,1,2,0,0,0,0,0,0,0,1,0,0,0,0,0,8,8,90100
2026-09-21T05:48:52.661Z,10062,1008656,90107,87854,100000000,400000000,2,2,255,0,2,2,2,15,0,0,1,2,0,0,0,0,0,0,0,1,0,0,0,0,0,8,8,90100
2026-09-21T05:48:52.739Z,10063,1008751,90107,81096,100000000,400000000,2,2,255,0,2,2,2,15,0,0,1,2,0,0,0,0,0,0,0,1,0,0,0,0,0,8,8,90100
2026-09-21T05:48:52.814Z,10064,1008846,90107,88980,100000000,400000000,2,2,255,0,2,2,2,15,0,0,1,2,0,0,0,0,0,0,0,1,0,0,0,0,0,8,8,90100
2026-09-21T05:48:52.909Z,10065,1008946,90107,102496,100000000,400000000,2,2,255,0,2,2,2,15,0,0,1,2,0,0,0,0,0,0,0,1,0,0,0,0,0,8,8,90100
2026-09-21T05:48:53.099Z,10066,1009095,91233,111507,100000000,400000000,2,2,255,0,2,2,2,15,0,0,1,2,0,0,0,0,0,0,0,1,0,0,0,0,0,8,8,91200
2026-09-21T05:48:53.180Z,10067,1009189,92359,94612,100000000,400000000,2,2,255,0,2,2,2,15,0,0,1,2,0,0,0,0,0,0,0,1,0,0,0,0,0,8,8,92300
2026-09-21T05:48:53.259Z,10068,1009269,92359,87854,100000000,400000000,2,2,255,0,2,2,2,15,0,0,1,2,0,0,0,0,0,0,0,1,0,0,0,0,0,8,8,92300
2026-09-21T05:48:53.353Z,10069,1009349,92359,92359,100000000,400000000,2,2,255,0,2,2,2,15,0,0,1,2,0,0,0,0,0,0,0,1,0,0,0,0,0,8,8,92300
2026-09-21T05:48:53.444Z,10070,1009447,91233,81096,100000000,400000000,2,2,255,0,2,2,2,15,0,0,1,2,0,0,0,0,0,0,0,1,0,0,0,0,0,8,8,91200
2026-09-21T05:48:53.536Z,10071,1009547,91233,93486,100000000,400000000,2,2,255,0,2,2,2,15,0,0,1,2,0,0,0,0,0,0,0,1,0,0,0,0,0,8,8,91200
2026-09-21T05:48:53.615Z,10072,1009647,91233,91233,100000000,400000000,2,2,255,0,2,2,2,15,0,0,1,2,0,0,0,0,0,0,0,1,0,0,0,0,0,8,8,91200
2026-09-21T05:48:53.772Z,10073,1009784,91233,96865,100000000,400000000,2,2,255,0,2,2,2,15,0,0,1,2,0,0,0,0,0,0,0,1,0,0,0,0,0,8,8,91200
2026-09-21T05:48:53.847Z,10074,1009861,91233,83349,100000000,400000000,2,2,255,0,2,2,2,15,0,0,1,2,0,0,0,0,0,0,0,1,0,0,0,0,0,8,8,91200
2026-09-21T05:48:53.940Z,10075,1009948,91233,94612,100000000,400000000,2,2,255,0,2,2,2,15,0,0,1,2,0,0,0,0,0,0,0,1,0,0,0,0,0,8,8,91200
2026-09-21T05:48:54.034Z,10076,1010048,91233,97991,100000000,400000000,2,2,255,0,2,2,2,15,0,0,1,2,0,0,0,0,0,0,0,1,0,0,0,0,0,8,8,91200
2026-09-21T05:48:54.125Z,10077,1010148,91233,84475,100000000,400000000,2,2,255,0,2,2,2,15,0,0,1,2,0,0,0,0,0,0,0,1,0,0,0,0,0,8,8,91200
2026-09-21T05:48:54.217Z,10078,1010248,90107,84475,100000000,400000000,2,2,255,0,2,2,2,15,0,0,1,2,0,0,0,0,0,0,0,1,0,0,0,0,0,8,8,90100
2026-09-21T05:48:54.311Z,10079,1010348,88980,82222,100000000,400000000,2,2,255,0,2,2,2,15,0,0,1,2,0,0,0,0,0,0,0,1,0,0,0,0,0,8,8,88900
2026-09-21T05:48:54.500Z,10080,1010496,87854,70959,100000000,400000000,2,2,255,0,2,2,2,15,0,0,1,2,0,0,0,0,0,0,0,1,0,0,0,0,0,8,8,87800
2026-09-21T05:48:54.595Z,10081,1010590,86728,85601,100000000,400000000,2,2,255,0,2,2,2,15,0,0,1,2,0,0,0,0,0,0,0,1,0,0,0,0,0,8,8,86700
2026-09-21T05:48:54.689Z,10082,1010686,86728,97991,100000000,400000000,2,2,255,0,2,2,2,15,0,0,1,2,0,0,0,0,0,0,0,1,0,0,0,0,0,8,8,86700
2026-09-21T05:48:54.783Z,10083,1010780,87854,97991,100000000,400000000,2,2,255,0,2,2,2,15,0,0,1,2,0,0,0,0,0,0,0,1,0,0,0,0,0,8,8,87800
2026-09-21T05:48:54.879Z,10084,1010874,88980,93486,100000000,400000000,2,2,255,0,2,2,2,15,0,0,1,2,0,0,0,0,0,0,0,1,0,0,0,0,0,8,8,88900
2026-09-21T05:48:54.974Z,10085,1010969,90107,101370,100000000,400000000,2,2,255,0,2,2,2,15,0,0,1,2,0,0,0,0,0,0,0,1,0,0,0,0,0,8,8,90100
2026-09-21T05:48:55.051Z,10086,1011065,91233,100244,100000000,400000000,2,2,255,0,2,2,2,15,0,0,1,2,0,0,0,0,0,0,0,1,0,0,0,0,0,8,8,91200
2026-09-21T05:48:55.142Z,10087,1011150,92359,94612,100000000,400000000,2,2,255,0,2,2,2,15,0,0,1,2,0,0,0,0,0,0,0,1,0,0,0,0,0,8,8,92300
2026-09-21T05:48:55.235Z,10088,1011250,93486,96865,100000000,400000000,2,2,255,0,2,2,2,15,0,0,1,2,0,0,0,0,0,0,0,1,0,0,0,0,0,8,8,93400
2026-09-21T05:48:55.326Z,10089,1011350,93486,88980,100000000,400000000,2,2,255,0,2,2,2,15,0,0,1,2,0,0,0,0,0,0,0,1,0,0,0,0,0,8,8,93400
2026-09-21T05:48:55.420Z,10090,1011450,92359,88980,100000000,400000000,2,2,255,0,2,2,2,15,0,0,1,2,0,0,0,0,0,0,0,1,0,0,0,0,0,8,8,92300
2026-09-21T05:48:55.514Z,10091,1011550,92359,77717,100000000,400000000,2,2,255,0,2,2,2,15,0,0,1,2,0,0,0,0,0,0,0,1,0,0,0,0,0,8,8,92300
2026-09-21T05:48:55.704Z,10092,1011699,91233,87854,100000000,400000000,2,2,255,0,2,2,2,15,0,0,1,2,0,0,0,0,0,0,0,1,0,0,0,0,0,8,8,91200
2026-09-21T05:48:55.799Z,10093,1011794,90107,84475,100000000,400000000,2,2,255,0,2,2,2,15,0,0,1,2,0,0,0,0,0,0,0,1,0,0,0,0,0,8,8,90100
2026-09-21T05:48:55.893Z,10094,1011889,88980,85601,100000000,400000000,2,2,255,0,2,2,2,15,0,0,1,2,0,0,0,0,0,0,0,1,0,0,0,0,0,8,8,88900
2026-09-21T05:48:55.987Z,10095,1011984,87854,83349,100000000,400000000,2,2,255,0,2,2,2,15,0,0,1,2,0,0,0,0,0,0,0,1,0,0,0,0,0,8,8,87800
2026-09-21T05:48:56.083Z,10096,1012078,87854,90107,100000000,400000000,2,2,255,0,2,2,2,15,0,0,1,2,0,0,0,0,0,0,0,1,0,0,0,0,0,8,8,87800
2026-09-21T05:48:56.163Z,10097,1012172,87854,100244,100000000,400000000,2,2,255,0,2,2,2,15,0,0,1,2,0,0,0,0,0,0,0,1,0,0,0,0,0,8,8,87800
2026-09-21T05:48:56.239Z,10098,1012252,88980,99117,100000000,400000000,2,2,255,0,2,2,2,15,0,0,1,2,0,0,0,0,0,0,0,1,0,0,0,0,0,8,8,88900
2026-09-21T05:48:56.315Z,10099,1012353,90107,109254,100000000,400000000,2,2,255,0,2,2,2,15,0,0,1,2,0,0,0,0,0,0,0,1,0,0,0,0,0,8,8,90100
2026-09-21T05:48:56.504Z,10100,1012500,92359,104749,100000000,400000000,2,2,255,0,2,2,2,15,0,0,1,2,0,0,0,0,0,0,0,1,0,0,0,0,0,8,8,92300
2026-09-21T05:48:56.599Z,10101,1012595,93486,90107,100000000,400000000,2,2,255,0,2,2,2,15,0,0,1,2,0,0,0,0,0,0,0,1,0,0,0,0,0,8,8,93400
2026-09-21T05:48:56.680Z,10102,1012689,93486,93486,100000000,400000000,2,2,255,0,2,2,2,15,0,0,1,2,0,0,0,0,0,0,0,1,0,0,0,0,0,8,8,93400
2026-09-21T05:48:56.756Z,10103,1012770,93486,91233,100000000,400000000,2,2,255,0,2,2,2,15,0,0,1,2,0,0,0,0,0,0,0,1,0,0,0,0,0,8,8,93400
2026-09-21T05:48:56.847Z,10104,1012853,93486,95738,100000000,400000000,2,2,255,0,2,2,2,15,0,0,1,2,0,0,0,0,0,0,0,1,0,0,0,0,0,8,8,93400
2026-09-21T05:48:56.940Z,10105,1012953,93486,86728,100000000,400000000,2,2,255,0,2,2,2,15,0,0,1,2,0,0,0,0,0,0,0,1,0,0,0,0,0,8,8,93400
2026-09-21T05:48:57.032Z,10106,1013053,93486,102496,100000000,400000000,2,2,255,0,2,2,2,15,0,0,1,2,0,0,0,0,0,0,0,1,0,0,0,0,0,8,8,93400
2026-09-21T05:48:57.124Z,10107,1013153,94612,109254,100000000,400000000,2,2,255,0,2,2,2,15,0,0,1,2,0,0,0,0,0,0,0,1,0,0,0,0,0,8,8,94600
2026-09-21T05:48:57.217Z,10108,1013253,95738,92359,100000000,400000000,2,2,255,0,2,2,2,15,0,0,1,2,0,0,0,0,0,0,0,1,0,0,0,0,0,8,8,95700
2026-09-21T05:48:57.407Z,10109,1013403,95738,83349,100000000,400000000,2,2,255,0,2,2,2,15,0,0,1,2,0,0,0,0,0,0,0,1,0,0,0,0,0,8,8,95700
2026-09-21T05:48:57.502Z,10110,1013497,95738,96865,100000000,400000000,2,2,255,0,2,2,2,15,0,0,1,2,0,0,0,0,0,0,0,1,0,0,0,0,0,8,8,95700
2026-09-21T05:48:57.597Z,10111,1013592,95738,96865,100000000,400000000,2,2,255,0,2,2,2,15,0,0,1,2,0,0,0,0,0,0,0,1,0,0,0,0,0,8,8,95700
2026-09-21T05:48:57.691Z,10112,1013688,95738,97991,100000000,400000000,2,2,255,0,2,2,2,15,0,0,1,2,0,0,0,0,0,0,0,1,0,0,0,0,0,8,8,95700
2026-09-21T05:48:57.785Z,10113,1013782,95738,92359,100000000,400000000,2,2,255,0,2,2,2,15,0,0,1,2,0,0,0,0,0,0,0,1,0,0,0,0,0,8,8,95700
2026-09-21T05:48:57.865Z,10114,1013877,95738,85601,100000000,400000000,2,2,255,0,2,2,2,15,0,0,1,2,0,0,0,0,0,0,0,1,0,0,0,0,0,8,8,95700
2026-09-21T05:48:57.942Z,10115,1013956,94612,91233,100000000,400000000,2,2,255,0,2,2,2,15,0,0,1,2,0,0,0,0,0,0,0,1,0,0,0,0,0,8,8,94600
2026-09-21T05:48:58.017Z,10116,1014055,93486,90107,100000000,400000000,2,2,255,0,2,2,2,15,0,0,1,2,0,0,0,0,0,0,0,1,0,0,0,0,0,8,8,93400
2026-09-21T05:48:58.207Z,10117,1014203,93486,91233,100000000,400000000,2,2,255,0,2,2,2,15,0,0,1,2,0,0,0,0,0,0,0,1,0,0,0,0,0,8,8,93400
2026-09-21T05:48:58.302Z,10118,1014298,93486,96865,100000000,400000000,2,2,255,0,2,2,2,15,0,0,1,2,0,0,0,0,0,0,0,1,0,0,0,0,0,8,8,93400
2026-09-21T05:48:58.382Z,10119,1014393,93486,79970,100000000,400000000,2,2,255,0,2,2,2,15,0,0,1,2,0,0,0,0,0,0,0,1,0,0,0,0,0,8,8,93400
2026-09-21T05:48:58.459Z,10120,1014472,92359,84475,100000000,400000000,2,2,255,0,2,2,2,15,0,0,1,2,0,0,0,0,0,0,0,1,0,0,0,0,0,8,8,92300
2026-09-21T05:48:58.534Z,10121,1014556,91233,84475,100000000,400000000,2,2,255,0,2,2,2,15,0,0,1,2,0,0,0,0,0,0,0,1,0,0,0,0,0,8,8,91200
2026-09-21T05:48:58.626Z,10122,1014656,90107,103623,100000000,400000000,2,2,255,0,2,2,2,15,0,0,1,2,0,0,0,0,0,0,0,1,0,0,0,0,0,8,8,90100
2026-09-21T05:48:58.719Z,10123,1014756,91233,102496,100000000,400000000,2,2,255,0,2,2,2,15,0,0,1,2,0,0,0,0,0,0,0,1,0,0,0,0,0,8,8,91200
2026-09-21T05:48:58.909Z,10124,1014906,92359,104749,100000000,400000000,2,2,255,0,2,2,2,15,0,0,1,2,0,0,0,0,0,0,0,1,0,0,0,0,0,8,8,92300
2026-09-21T05:48:59.003Z,10125,1015000,93486,103623,100000000,400000000,2,2,255,0,2,2,2,15,0,0,1,2,0,0,0,0,0,0,0,1,0,0,0,0,0,8,8,93400
2026-09-21T05:48:59.099Z,10126,1015094,94612,78843,100000000,400000000,2,2,255,0,2,2,2,15,0,0,1,2,0,0,0,0,0,0,0,1,0,0,0,0,0,8,8,94600
2026-09-21T05:48:59.179Z,10127,1015189,93486,85601,100000000,400000000,2,2,255,0,2,2,2,15,0,0,1,2,0,0,0,0,0,0,0,1,0,0,0,0,0,8,8,93400
2026-09-21T05:48:59.255Z,10128,1015269,92359,94612,100000000,400000000,2,2,255,0,2,2,2,15,0,0,1,2,0,0,0,0,0,0,0,1,0,0,0,0,0,8,8,92300
2026-09-21T05:48:59.332Z,10129,1015357,92359,99117,100000000,400000000,2,2,255,0,2,2,2,15,0,0,1,2,0,0,0,0,0,0,0,1,0,0,0,0,0,8,8,92300
2026-09-21T05:48:59.490Z,10130,1015502,92359,86728,100000000,400000000,2,2,255,0,2,2,2,15,0,0,1,2,0,0,0,0,0,0,0,1,0,0,0,0,0,8,8,92300
2026-09-21T05:48:59.570Z,10131,1015582,91233,84475,100000000,400000000,2,2,255,0,2,2,2,15,0,0,1,2,0,0,0,0,0,0,0,1,0,0,0,0,0,8,8,91200
2026-09-21T05:48:59.645Z,10132,1015660,90107,87854,100000000,400000000,2,2,255,0,2,2,2,15,0,0,1,2,0,0,0,0,0,0,0,1,0,0,0,0,0,8,8,90100
2026-09-21T05:48:59.721Z,10133,1015758,90107,88980,100000000,400000000,2,2,255,0,2,2,2,15,0,0,1,2,0,0,0,0,0,0,0,1,0,0,0,0,0,8,8,90100
2026-09-21T05:48:59.895Z,10134,1015908,90107,105875,100000000,400000000,2,2,255,0,2,2,2,15,0,0,1,2,0,0,0,0,0,0,0,1,0,0,0,0,0,8,8,90100
2026-09-21T05:48:59.990Z,10135,1015986,90107,91233,100000000,400000000,2,2,255,0,2,2,2,15,0,0,1,2,0,0,0,0,0,0,0,1,0,0,0,0,0,8,8,90100
2026-09-21T05:49:00.068Z,10136,1016080,90107,87854,100000000,400000000,2,2,255,0,2,2,2,15,0,0,1,2,0,0,0,0,0,0,0,1,0,0,0,0,0,8,8,90100
2026-09-21T05:49:00.143Z,10137,1016160,90107,77717,100000000,400000000,2,2,255,0,2,2,2,15,0,0,1,2,0,0,0,0,0,0,0,1,0,0,0,0,0,8,8,90100
2026-09-21T05:49:00.236Z,10138,1016259,90107,90107,100000000,400000000,2,2,255,0,2,2,2,15,0,0,1,2,0,0,0,0,0,0,0,1,0,0,0,0,0,8,8,90100
2026-09-21T05:49:00.329Z,10139,1016359,88980,84475,100000000,400000000,2,2,255,0,2,2,2,15,0,0,1,2,0,0,0,0,0,0,0,1,0,0,0,0,0,8,8,88900
2026-09-21T05:49:00.422Z,10140,1016459,87854,82222,100000000,400000000,2,2,255,0,2,2,2,15,0,0,1,2,0,0,0,0,0,0,0,1,0,0,0,0,0,8,8,87800
2026-09-21T05:49:00.611Z,10141,1016608,87854,94612,100000000,400000000,2,2,255,0,2,2,2,15,0,0,1,2,0,0,0,0,0,0,0,1,0,0,0,0,0,8,8,87800
2026-09-21T05:49:00.706Z,10142,1016702,86728,81096,100000000,400000000,2,2,255,0,2,2,2,15,0,0,1,2,0,0,0,0,0,0,0,1,0,0,0,0,0,8,8,86700
2026-09-21T05:49:00.801Z,10143,1016797,86728,83349,100000000,400000000,2,2,255,0,2,2,2,15,0,0,1,2,0,0,0,0,0,0,0,1,0,0,0,0,0,8,8,86700
2026-09-21T05:49:00.881Z,10144,1016891,85601,81096,100000000,400000000,2,2,255,0,2,2,2,15,0,0,1,2,0,0,0,0,0,0,0,1,0,0,0,0,0,8,8,85600
2026-09-21T05:49:00.957Z,10145,1016971,85601,91233,100000000,400000000,2,2,255,0,2,2,2,15,0,0,1,2,0,0,0,0,0,0,0,1,0,0,0,0,0,8,8,85600
2026-09-21T05:49:01.048Z,10146,1017060,86728,103623,100000000,400000000,2,2,255,0,2,2,2,15,0,0,1,2,0,0,0,0,0,0,0,1,0,0,0,0,0,8,8,86700
2026-09-21T05:49:01.140Z,10147,1017160,87854,76591,100000000,400000000,2,2,255,0,2,2,2,15,0,0,1,2,0,0,0,0,0,0,0,1,0,0,0,0,0,8,8,87800
2026-09-21T05:49:01.234Z,10148,1017260,88980,96865,100000000,400000000,2,2,255,0,2,2,2,15,0,0,1,2,0,0,0,0,0,0,0,1,0,0,0,0,0,8,8,88900
2026-09-21T05:49:01.325Z,10149,1017360,90107,103623,100000000,400000000,2,2,255,0,2,2,2,15,0,0,1,2,0,0,0,0,0,0,0,1,0,0,0,0,0,8,8,90100
2026-09-21T05:49:01.517Z,10150,1017511,91233,101370,100000000,400000000,2,2,255,0,2,2,2,15,0,0,1,2,0,0,0,0,0,0,0,1,0,0,0,0,0,8,8,91200
2026-09-21T05:49:01.611Z,10151,1017608,92359,82222,100000000,400000000,2,2,255,0,2,2,2,15,0,0,1,2,0,0,0,0,0,0,0,1,0,0,0,0,0,8,8,92300
2026-09-21T05:49:01.706Z,10152,1017702,91233,65327,100000000,400000000,2,2,255,0,2,2,2,15,0,0,1,2,0,0,0,0,0,0,0,1,0,0,0,0,0,8,8,91200
2026-09-21T05:49:01.802Z,10153,1017797,90107,79970,100000000,400000000,2,2,255,0,2,2,2,15,0,0,1,2,0,0,0,0,0,0,0,1,0,0,0,0,0,8,8,90100
2026-09-21T05:49:01.881Z,10154,1017892,88980,83349,100000000,400000000,2,2,255,0,2,2,2,15,0,0,1,2,0,0,0,0,0,0,0,1,0,0,0,0,0,8,8,88900
2026-09-21T05:49:01.960Z,10155,1017972,87854,87854,100000000,400000000,2,2,255,0,2,2,2,15,0,0,1,2,0,0,0,0,0,0,0,1,0,0,0,0,0,8,8,87800
2026-09-21T05:49:02.036Z,10156,1018062,87854,96865,100000000,400000000,2,2,255,0,2,2,2,15,0,0,1,2,0,0,0,0,0,0,0,1,0,0,0,0,0,8,8,87800
2026-09-21T05:49:02.196Z,10157,1018208,88980,94612,100000000,400000000,2,2,255,0,2,2,2,15,0,0,1,2,0,0,0,0,0,0,0,1,0,0,0,0,0,8,8,88900
2026-09-21T05:49:02.292Z,10158,1018288,90107,101370,100000000,400000000,2,2,255,0,2,2,2,15,0,0,1,2,0,0,0,0,0,0,0,1,0,0,0,0,0,8,8,90100
2026-09-21T05:49:02.386Z,10159,1018383,91233,95738,100000000,400000000,2,2,255,0,2,2,2,15,0,0,1,2,0,0,0,0,0,0,0,1,0,0,0,0,0,8,8,91200
2026-09-21T05:49:02.481Z,10160,1018478,92359,102496,100000000,400000000,2,2,255,0,2,2,2,15,0,0,1,2,0,0,0,0,0,0,0,1,0,0,0,0,0,8,8,92300
2026-09-21T05:49:02.576Z,10161,1018572,93486,97991,100000000,400000000,2,2,255,0,2,2,2,15,0,0,1,2,0,0,0,0,0,0,0,1,0,0,0,0,0,8,8,93400
2026-09-21T05:49:02.671Z,10162,1018668,94612,85601,100000000,400000000,2,2,255,0,2,2,2,15,0,0,1,2,0,0,0,0,0,0,0,1,0,0,0,0,0,8,8,94600
2026-09-21T05:49:02.763Z,10163,1018763,94612,93486,100000000,400000000,2,2,255,0,2,2,2,15,0,0,1,2,0,0,0,0,0,0,0,1,0,0,0,0,0,8,8,94600
2026-09-21T05:49:02.855Z,10164,1018863,93486,88980,100000000,400000000,2,2,255,0,2,2,2,15,0,0,1,2,0,0,0,0,0,0,0,1,0,0,0,0,0,8,8,93400
2026-09-21T05:49:02.947Z,10165,1018963,93486,90107,100000000,400000000,2,2,255,0,2,2,2,15,0,0,1,2,0,0,0,0,0,0,0,1,0,0,0,0,0,8,8,93400
2026-09-21T05:49:03.041Z,10166,1019063,93486,101370,100000000,400000000,2,2,255,0,2,2,2,15,0,0,1,2,0,0,0,0,0,0,0,1,0,0,0,0,0,8,8,93400
2026-09-21T05:49:03.133Z,10167,1019163,94612,102496,100000000,400000000,2,2,255,0,2,2,2,15,0,0,1,2,0,0,0,0,0,0,0,1,0,0,0,0,0,8,8,94600
2026-09-21T05:49:03.225Z,10168,1019264,95738,95738,100000000,400000000,2,2,255,0,2,2,2,15,0,0,1,2,0,0,0,0,0,0,0,1,0,0,0,0,0,8,8,95700
2026-09-21T05:49:03.418Z,10169,1019412,95738,93486,100000000,400000000,2,2,255,0,2,2,2,15,0,0,1,2,0,0,0,0,0,0,0,1,0,0,0,0,0,8,8,95700
2026-09-21T05:49:03.512Z,10170,1019509,95738,112633,100000000,400000000,2,2,255,0,2,2,2,15,0,0,1,2,0,0,0,0,0,0,0,1,0,0,0,0,0,8,8,95700
2026-09-21T05:49:03.607Z,10171,1019604,96865,104749,100000000,400000000,2,2,255,0,2,2,2,15,0,0,1,2,0,0,0,0,0,0,0,1,0,0,0,0,0,8,8,96800
2026-09-21T05:49:03.701Z,10172,1019698,97991,100244,100000000,400000000,2,2,255,0,2,2,2,15,0,0,1,2,0,0,0,0,0,0,0,1,0,0,0,0,0,8,8,97900
2026-09-21T05:49:03.797Z,10173,1019793,97991,100244,100000000,400000000,2,2,255,0,2,2,2,15,0,0,1,2,0,0,0,0,0,0,0,1,0,0,0,0,0,8,8,97900
2026-09-21T05:49:03.891Z,10174,1019888,97991,87854,100000000,400000000,2,2,255,0,2,2,2,15,0,0,1,2,0,0,0,0,0,0,0,1,0,0,0,0,0,8,8,97900
2026-09-21T05:49:03.986Z,10175,1019983,96865,88980,100000000,400000000,2,2,255,0,2,2,2,15,0,0,1,2,0,0,0,0,0,0,0,1,0,0,0,0,0,8,8,96800
2026-09-21T05:49:04.082Z,10176,1020077,95738,110381,100000000,400000000,2,2,255,0,2,2,2,15,0,0,1,2,0,0,0,0,0,0,0,1,0,0,0,0,0,8,8,95700
2026-09-21T05:49:04.177Z,10177,1020172,97991,109254,100000000,400000000,2,2,255,0,2,2,2,15,0,0,1,2,0,0,0,0,0,0,0,1,0,0,0,0,0,8,8,97900
2026-09-21T05:49:04.253Z,10178,1020268,99117,95738,100000000,400000000,2,2,255,0,2,2,2,15,0,0,1,2,0,0,0,0,0,0,0,1,0,0,0,0,0,8,8,99100
2026-09-21T05:49:04.345Z,10179,1020365,99117,85601,100000000,400000000,2,2,255,0,2,2,2,15,0,0,1,2,0,0,0,0,0,0,0,1,0,0,0,0,0,8,8,99100
2026-09-21T05:49:04.438Z,10180,1020466,97991,93486,100000000,400000000,2,2,255,0,2,2,2,15,0,0,1,2,0,0,0,0,0,0,0,1,0,0,0,0,0,8,8,97900
2026-09-21T05:49:04.532Z,10181,1020566,96865,90107,100000000,400000000,2,2,255,0,2,2,2,15,0,0,1,2,0,0,0,0,0,0,0,1,0,0,0,0,0,8,8,96800
2026-09-21T05:49:04.722Z,10182,1020718,96865,102496,100000000,400000000,2,2,255,0,2,2,2,15,0,0,1,2,0,0,0,0,0,0,0,1,0,0,0,0,0,8,8,96800
2026-09-21T05:49:04.817Z,10183,1020812,95738,88980,100000000,400000000,2,2,255,0,2,2,2,15,0,0,1,2,0,0,0,0,0,0,0,1,0,0,0,0,0,8,8,95700
2026-09-21T05:49:04.895Z,10184,1020908,94612,87854,100000000,400000000,2,2,255,0,2,2,2,15,0,0,1,2,0,0,0,0,0,0,0,1,0,0,0,0,0,8,8,94600
2026-09-21T05:49:04.975Z,10185,1020986,93486,77717,100000000,400000000,2,2,255,0,2,2,2,15,0,0,1,2,0,0,0,0,0,0,0,1,0,0,0,0,0,8,8,93400
2026-09-21T05:49:05.053Z,10186,1021067,92359,88980,100000000,400000000,2,2,255,0,2,2,2,15,0,0,1,2,0,0,0,0,0,0,0,1,0,0,0,0,0,8,8,92300
2026-09-21T05:49:05.145Z,10187,1021167,91233,81096,100000000,400000000,2,2,255,0,2,2,2,15,0,0,1,2,0,0,0,0,0,0,0,1,0,0,0,0,0,8,8,91200
2026-09-21T05:49:05.236Z,10188,1021267,90107,69833,100000000,400000000,2,2,255,0,2,2,2,15,0,0,1,2,0,0,0,0,0,0,0,1,0,0,0,0,0,8,8,90100
2026-09-21T05:49:05.329Z,10189,1021367,88980,79970,100000000,400000000,2,2,255,0,2,2,2,15,0,0,1,2,0,0,0,0,0,0,0,1,0,0,0,0,0,8,8,88900
2026-09-21T05:49:05.519Z,10190,1021516,87854,82222,100000000,400000000,2,2,255,0,2,2,2,15,0,0,1,2,0,0,0,0,0,0,0,1,0,0,0,0,0,8,8,87800
2026-09-21T05:49:05.614Z,10191,1021609,86728,88980,100000000,400000000,2,2,255,0,2,2,2,15,0,0,1,2,0,0,0,0,0,0,0,1,0,0,0,0,0,8,8,86700
2026-09-21T05:49:05.694Z,10192,1021706,86728,92359,100000000,400000000,2,2,255,0,2,2,2,15,0,0,1,2,0,0,0,0,0,0,0,1,0,0,0,0,0,8,8,86700
2026-09-21T05:49:05.769Z,10193,1021786,86728,86728,100000000,400000000,2,2,255,0,2,2,2,15,0,0,1,2,0,0,0,0,0,0,0,1,0,0,0,0,0,8,8,86700
2026-09-21T05:49:05.860Z,10194,1021868,86728,79970,100000000,400000000,2,2,255,0,2,2,2,15,0,0,1,2,0,0,0,0,0,0,0,1,0,0,0,0,0,8,8,86700
2026-09-21T05:49:05.954Z,10195,1021968,85601,79970,100000000,400000000,2,2,255,0,2,2,2,15,0,0,1,2,0,0,0,0,0,0,0,1,0,0,0,0,0,8,8,85600
2026-09-21T05:49:06.045Z,10196,1022068,84475,70959,100000000,400000000,2,2,255,0,2,2,2,15,0,0,1,2,0,0,0,0,0,0,0,1,0,0,0,0,0,8,8,84400
2026-09-21T05:49:06.137Z,10197,1022169,83349,79970,100000000,400000000,2,2,255,0,2,2,2,15,0,0,1,2,0,0,0,0,0,0,0,1,0,0,0,0,0,8,8,83300
2026-09-21T05:49:06.231Z,10198,1022269,82222,67580,100000000,400000000,2,2,255,0,2,2,2,15,0,0,1,2,0,0,0,0,0,0,0,1,0,0,0,0,0,8,8,82200
2026-09-21T05:49:06.421Z,10199,1022418,82222,85601,100000000,400000000,2,2,255,0,2,2,2,15,0,0,1,2,0,0,0,0,0,0,0,1,0,0,0,0,0,8,8,82200
2026-09-21T05:49:06.517Z,10200,1022511,82222,82222,100000000,400000000,2,2,255,0,2,2,2,15,0,0,1,2,0,0,0,0,0,0,0,1,0,0,0,0,0,8,8,82200
2026-09-21T05:49:06.611Z,10201,1022608,82222,81096,100000000,400000000,2,2,255,0,2,2,2,15,0,0,1,2,0,0,0,0,0,0,0,1,0,0,0,0,0,8,8,82200
2026-09-21T05:49:06.705Z,10202,1022703,82222,70959,100000000,400000000,2,2,255,0,2,2,2,15,0,0,1,2,0,0,0,0,0,0,0,1,0,0,0,0,0,8,8,82200
2026-09-21T05:49:06.801Z,10203,1022797,82222,92359,100000000,400000000,2,2,255,0,2,2,2,15,0,0,1,2,0,0,0,0,0,0,0,1,0,0,0,0,0,8,8,82200
2026-09-21T05:49:06.881Z,10204,1022892,83349,100244,100000000,400000000,2,2,255,0,2,2,2,15,0,0,1,2,0,0,0,0,0,0,0,1,0,0,0,0,0,8,8,83300
2026-09-21T05:49:06.958Z,10205,1022971,85601,96865,100000000,400000000,2,2,255,0,2,2,2,15,0,0,1,2,0,0,0,0,0,0,0,1,0,0,0,0,0,8,8,85600
2026-09-21T05:49:07.034Z,10206,1023070,86728,92359,100000000,400000000,2,2,255,0,2,2,2,15,0,0,1,2,0,0,0,0,0,0,0,1,0,0,0,0,0,8,8,86700
2026-09-21T05:49:07.209Z,10207,1023221,87854,72085,100000000,400000000,2,2,255,0,2,2,2,15,0,0,1,2,0,0,0,0,0,0,0,1,0,0,0,0,0,8,8,87800
2026-09-21T05:49:07.289Z,10208,1023301,85601,69833,100000000,400000000,2,2,255,0,2,2,2,15,0,0,1,2,0,0,0,0,0,0,0,1,0,0,0,0,0,8,8,85600
2026-09-21T05:49:07.365Z,10209,1023381,83349,92359,100000000,400000000,2,2,255,0,2,2,2,15,0,0,1,2,0,0,0,0,0,0,0,1,0,0,0,0,0,8,8,83300
2026-09-21T05:49:07.458Z,10210,1023471,84475,102496,100000000,400000000,2,2,255,0,2,2,2,15,0,0,1,2,0,0,0,0,0,0,0,1,0,0,0,0,0,8,8,84400
2026-09-21T05:49:07.535Z,10211,1023571,85601,86728,100000000,400000000,2,2,255,0,2,2,2,15,0,0,1,2,0,0,0,0,0,0,0,1,0,0,0,0,0,8,8,85600
2026-09-21T05:49:07.709Z,10212,1023721,85601,77717,100000000,400000000,2,2,255,0,2,2,2,15,0,0,1,2,0,0,0,0,0,0,0,1,0,0,0,0,0,8,8,85600
2026-09-21T05:49:07.788Z,10213,1023801,84475,77717,100000000,400000000,2,2,255,0,2,2,2,15,0,0,1,2,0,0,0,0,0,0,0,1,0,0,0,0,0,8,8,84400
2026-09-21T05:49:07.863Z,10214,1023880,83349,88980,100000000,400000000,2,2,255,0,2,2,2,15,0,0,1,2,0,0,0,0,0,0,0,1,0,0,0,0,0,8,8,83300
2026-09-21T05:49:07.956Z,10215,1023971,83349,85601,100000000,400000000,2,2,255,0,2,2,2,15,0,0,1,2,0,0,0,0,0,0,0,1,0,0,0,0,0,8,8,83300
2026-09-21T05:49:08.049Z,10216,1024072,83349,84475,100000000,400000000,2,2,255,0,2,2,2,15,0,0,1,2,0,0,0,0,0,0,0,1,0,0,0,0,0,8,8,83300
2026-09-21T05:49:08.141Z,10217,1024173,83349,79970,100000000,400000000,2,2,255,0,2,2,2,15,0,0,1,2,0,0,0,0,0,0,0,1,0,0,0,0,0,8,8,83300
2026-09-21T05:49:08.234Z,10218,1024273,83349,77717,100000000,400000000,2,2,255,0,2,2,2,15,0,0,1,2,0,0,0,0,0,0,0,1,0,0,0,0,0,8,8,83300
2026-09-21T05:49:08.425Z,10219,1024421,82222,68706,100000000,400000000,2,2,255,0,2,2,2,15,0,0,1,2,0,0,0,0,0,0,0,1,0,0,0,0,0,8,8,82200
2026-09-21T05:49:08.521Z,10220,1024517,81096,84475,100000000,400000000,2,2,255,0,2,2,2,15,0,0,1,2,0,0,0,0,0,0,0,1,0,0,0,0,0,8,8,81000
2026-09-21T05:49:08.600Z,10221,1024612,81096,87854,100000000,400000000,2,2,255,0,2,2,2,15,0,0,1,2,0,0,0,0,0,0,0,1,0,0,0,0,0,8,8,81000
2026-09-21T05:49:08.676Z,10222,1024691,82222,96865,100000000,400000000,2,2,255,0,2,2,2,15,0,0,1,2,0,0,0,0,0,0,0,1,0,0,0,0,0,8,8,82200
2026-09-21T05:49:08.768Z,10223,1024773,84475,102496,100000000,400000000,2,2,255,0,2,2,2,15,0,0,1,2,0,0,0,0,0,0,0,1,0,0,0,0,0,8,8,84400
2026-09-21T05:49:08.860Z,10224,1024873,85601,74338,100000000,400000000,2,2,255,0,2,2,2,15,0,0,1,2,0,0,0,0,0,0,0,1,0,0,0,0,0,8,8,85600
2026-09-21T05:49:08.953Z,10225,1024973,84475,77717,100000000,400000000,2,2,255,0,2,2,2,15,0,0,1,2,0,0,0,0,0,0,0,1,0,0,0,0,0,8,8,84400
2026-09-21T05:49:09.044Z,10226,1025073,83349,58569,100000000,400000000,2,2,255,0,2,2,2,15,0,0,1,2,0,0,0,0,0,0,0,1,0,0,0,0,0,8,8,83300
2026-09-21T05:49:09.138Z,10227,1025173,82222,86728,100000000,400000000,2,2,255,0,2,2,2,15,0,0,1,2,0,0,0,0,0,0,0,1,0,0,0,0,0,8,8,82200
2026-09-21T05:49:09.329Z,10228,1025326,79970,65327,100000000,400000000,2,2,255,0,2,2,2,15,0,0,1,2,0,0,0,0,0,0,0,1,0,0,0,0,0,8,8,79900
2026-09-21T05:49:09.424Z,10229,1025420,79970,79970,100000000,400000000,2,2,255,0,2,2,2,15,0,0,1,2,0,0,0,0,0,0,0,1,0,0,0,0,0,8,8,79900
2026-09-21T05:49:09.519Z,10230,1025516,79970,86728,100000000,400000000,2,2,255,0,2,2,2,15,0,0,1,2,0,0,0,0,0,0,0,1,0,0,0,0,0,8,8,79900
2026-09-21T05:49:09.614Z,10231,1025610,81096,85601,100000000,400000000,2,2,255,0,2,2,2,15,0,0,1,2,0,0,0,0,0,0,0,1,0,0,0,0,0,8,8,81000
2026-09-21T05:49:09.692Z,10232,1025706,82222,72085,100000000,400000000,2,2,255,0,2,2,2,15,0,0,1,2,0,0,0,0,0,0,0,1,0,0,0,0,0,8,8,82200
2026-09-21T05:49:09.766Z,10233,1025784,82222,87854,100000000,400000000,2,2,255,0,2,2,2,15,0,0,1,2,0,0,0,0,0,0,0,1,0,0,0,0,0,8,8,82200
2026-09-21T05:49:09.858Z,10234,1025875,83349,100244,100000000,400000000,2,2,255,0,2,2,2,15,0,0,1,2,0,0,0,0,0,0,0,1,0,0,0,0,0,8,8,83300
2026-09-21T05:49:09.950Z,10235,1025975,84475,94612,100000000,400000000,2,2,255,0,2,2,2,15,0,0,1,2,0,0,0,0,0,0,0,1,0,0,0,0,0,8,8,84400
2026-09-21T05:49:10.041Z,10236,1026075,85601,81096,100000000,400000000,2,2,255,0,2,2,2,15,0,0,1,2,0,0,0,0,0,0,0,1,0,0,0,0,0,8,8,85600
2026-09-21T05:49:10.136Z,10237,1026175,84475,68706,100000000,400000000,2,2,255,0,2,2,2,15,0,0,1,2,0,0,0,0,0,0,0,1,0,0,0,0,0,8,8,84400
2026-09-21T05:49:10.325Z,10238,1026323,82222,70959,100000000,400000000,2,2,255,0,2,2,2,15,0,0,1,2,0,0,0,0,0,0,0,1,0,0,0,0,0,8,8,82200
2026-09-21T05:49:10.422Z,10239,1026417,81096,95738,100000000,400000000,2,2,255,0,2,2,2,15,0,0,1,2,0,0,0,0,0,0,0,1,0,0,0,0,0,8,8,81000
2026-09-21T05:49:10.518Z,10240,1026512,81096,81096,100000000,400000000,2,2,255,0,2,2,2,15,0,0,1,2,0,0,0,0,0,0,0,1,0,0,0,0,0,8,8,81000
2026-09-21T05:49:10.612Z,10241,1026609,81096,81096,100000000,400000000,2,2,255,0,2,2,2,15,0,0,1,2,0,0,0,0,0,0,0,1,0,0,0,0,0,8,8,81000
2026-09-21T05:49:10.706Z,10242,1026704,81096,81096,100000000,400000000,2,2,255,0,2,2,2,15,0,0,1,2,0,0,0,0,0,0,0,1,0,0,0,0,0,8,8,81000
2026-09-21T05:49:10.801Z,10243,1026799,81096,86728,100000000,400000000,2,2,255,0,2,2,2,15,0,0,1,2,0,0,0,0,0,0,0,1,0,0,0,0,0,8,8,81000
2026-09-21T05:49:10.877Z,10244,1026893,81096,84475,100000000,400000000,2,2,255,0,2,2,2,15,0,0,1,2,0,0,0,0,0,0,0,1,0,0,0,0,0,8,8,81000
2026-09-21T05:49:10.970Z,10245,1026977,81096,78843,100000000,400000000,2,2,255,0,2,2,2,15,0,0,1,2,0,0,0,0,0,0,0,1,0,0,0,0,0,8,8,81000
2026-09-21T05:49:11.061Z,10246,1027077,81096,87854,100000000,400000000,2,2,255,0,2,2,2,15,0,0,1,2,0,0,0,0,0,0,0,1,0,0,0,0,0,8,8,81000
2026-09-21T05:49:11.153Z,10247,1027177,82222,90107,100000000,400000000,2,2,255,0,2,2,2,15,0,0,1,2,0,0,0,0,0,0,0,1,0,0,0,0,0,8,8,82200
2026-09-21T05:49:11.246Z,10248,1027277,83349,73212,100000000,400000000,2,2,255,0,2,2,2,15,0,0,1,2,0,0,0,0,0,0,0,1,0,0,0,0,0,8,8,83300
2026-09-21T05:49:11.338Z,10249,1027377,84475,93486,100000000,400000000,2,2,255,0,2,2,2,15,0,0,1,2,0,0,0,0,0,0,0,1,0,0,0,0,0,8,8,84400
2026-09-21T05:49:11.530Z,10250,1027526,83349,78843,100000000,400000000,2,2,255,0,2,2,2,15,0,0,1,2,0,0,0,0,0,0,0,1,0,0,0,0,0,8,8,83300
2026-09-21T05:49:11.626Z,10251,1027622,83349,84475,100000000,400000000,2,2,255,0,2,2,2,15,0,0,1,2,0,0,0,0,0,0,0,1,0,0,0,0,0,8,8,83300
2026-09-21T05:49:11.721Z,10252,1027717,83349,88980,100000000,400000000,2,2,255,0,2,2,2,15,0,0,1,2,0,0,0,0,0,0,0,1,0,0,0,0,0,8,8,83300
2026-09-21T05:49:11.815Z,10253,1027812,84475,110381,100000000,400000000,2,2,255,0,2,2,2,15,0,0,1,2,0,0,0,0,0,0,0,1,0,0,0,0,0,8,8,84400
2026-09-21T05:49:11.910Z,10254,1027908,85601,84475,100000000,400000000,2,2,255,0,2,2,2,15,0,0,1,2,0,0,0,0,0,0,0,1,0,0,0,0,0,8,8,85600
2026-09-21T05:49:12.005Z,10255,1028002,85601,85601,100000000,400000000,2,2,255,0,2,2,2,15,0,0,1,2,0,0,0,0,0,0,0,1,0,0,0,0,0,8,8,85600
2026-09-21T05:49:12.081Z,10256,1028097,85601,77717,100000000,400000000,2,2,255,0,2,2,2,15,0,0,1,2,0,0,0,0,0,0,0,1,0,0,0,0,0,8,8,85600
2026-09-21T05:49:12.173Z,10257,1028179,85601,83349,100000000,400000000,2,2,255,0,2,2,2,15,0,0,1,2,0,0,0,0,0,0,0,1,0,0,0,0,0,8,8,85600
2026-09-21T05:49:12.264Z,10258,1028279,85601,90107,100000000,400000000,2,2,255,0,2,2,2,15,0,0,1,2,0,0,0,0,0,0,0,1,0,0,0,0,0,8,8,85600
2026-09-21T05:49:12.356Z,10259,1028379,86728,91233,100000000,400000000,2,2,255,0,2,2,2,15,0,0,1,2,0,0,0,0,0,0,0,1,0,0,0,0,0,8,8,86700
2026-09-21T05:49:12.448Z,10260,1028479,86728,88980,100000000,400000000,2,2,255,0,2,2,2,15,0,0,1,2,0,0,0,0,0,0,0,1,0,0,0,0,0,8,8,86700
2026-09-21T05:49:12.540Z,10261,1028579,86728,87854,100000000,400000000,2,2,255,0,2,2,2,15,0,0,1,2,0,0,0,0,0,0,0,1,0,0,0,0,0,8,8,86700
2026-09-21T05:49:12.732Z,10262,1028728,86728,96865,100000000,400000000,2,2,255,0,2,2,2,15,0,0,1,2,0,0,0,0,0,0,0,1,0,0,0,0,0,8,8,86700
2026-09-21T05:49:12.826Z,10263,1028823,87854,103623,100000000,400000000,2,2,255,0,2,2,2,15,0,0,1,2,0,0,0,0,0,0,0,1,0,0,0,0,0,8,8,87800
2026-09-21T05:49:12.922Z,10264,1028918,88980,94612,100000000,400000000,2,2,255,0,2,2,2,15,0,0,1,2,0,0,0,0,0,0,0,1,0,0,0,0,0,8,8,88900
2026-09-21T05:49:13.016Z,10265,1029013,90107,91233,100000000,400000000,2,2,255,0,2,2,2,15,0,0,1,2,0,0,0,0,0,0,0,1,0,0,0,0,0,8,8,90100
2026-09-21T05:49:13.111Z,10266,1029108,91233,96865,100000000,400000000,2,2,255,0,2,2,2,15,0,0,1,2,0,0,0,0,0,0,0,1,0,0,0,0,0,8,8,91200
2026-09-21T05:49:13.205Z,10267,1029203,91233,91233,100000000,400000000,2,2,255,0,2,2,2,15,0,0,1,2,0,0,0,0,0,0,0,1,0,0,0,0,0,8,8,91200
2026-09-21T05:49:13.301Z,10268,1029298,92359,107002,100000000,400000000,2,2,255,0,2,2,2,15,0,0,1,2,0,0,0,0,0,0,0,1,0,0,0,0,0,8,8,92300
2026-09-21T05:49:13.378Z,10269,1029392,92359,84475,100000000,400000000,2,2,255,0,2,2,2,15,0,0,1,2,0,0,0,0,0,0,0,1,0,0,0,0,0,8,8,92300
2026-09-21T05:49:13.471Z,10270,1029481,91233,76591,100000000,400000000,2,2,255,0,2,2,2,15,0,0,1,2,0,0,0,0,0,0,0,1,0,0,0,0,0,8,8,91200
2026-09-21T05:49:13.563Z,10271,1029581,90107,95738,100000000,400000000,2,2,255,0,2,2,2,15,0,0,1,2,0,0,0,0,0,0,0,1,0,0,0,0,0,8,8,90100
2026-09-21T05:49:13.655Z,10272,1029681,91233,112633,100000000,400000000,2,2,255,0,2,2,2,15,0,0,1,2,0,0,0,0,0,0,0,1,0,0,0,0,0,8,8,91200
2026-09-21T05:49:13.747Z,10273,1029781,92359,101370,100000000,400000000,2,2,255,0,2,2,2,15,0,0,1,2,0,0,0,0,0,0,0,1,0,0,0,0,0,8,8,92300
2026-09-21T05:49:13.842Z,10274,1029881,93486,101370,100000000,400000000,2,2,255,0,2,2,2,15,0,0,1,2,0,0,0,0,0,0,0,1,0,0,0,0,0,8,8,93400
2026-09-21T05:49:14.033Z,10275,1030030,94612,94612,100000000,400000000,2,2,255,0,2,2,2,15,0,0,1,2,0,0,0,0,0,0,0,1,0,0,0,0,0,8,8,94600
2026-09-21T05:49:14.128Z,10276,1030126,94612,93486,100000000,400000000,2,2,255,0,2,2,2,15,0,0,1,2,0,0,0,0,0,0,0,1,0,0,0,0,0,8,8,94600
2026-09-21T05:49:14.223Z,10277,1030220,94612,93486,100000000,400000000,2,2,255,0,2,2,2,15,0,0,1,2,0,0,0,0,0,0,0,1,0,0,0,0,0,8,8,94600
2026-09-21T05:49:14.303Z,10278,1030315,94612,90107,100000000,400000000,2,2,255,0,2,2,2,15,0,0,1,2,0,0,0,0,0,0,0,1,0,0,0,0,0,8,8,94600
2026-09-21T05:49:14.379Z,10279,1030395,93486,77717,100000000,400000000,2,2,255,0,2,2,2,15,0,0,1,2,0,0,0,0,0,0,0,1,0,0,0,0,0,8,8,93400
2026-09-21T05:49:14.471Z,10280,1030482,91233,78843,100000000,400000000,2,2,255,0,2,2,2,15,0,0,1,2,0,0,0,0,0,0,0,1,0,0,0,0,0,8,8,91200
2026-09-21T05:49:14.563Z,10281,1030583,90107,92359,100000000,400000000,2,2,255,0,2,2,2,15,0,0,1,2,0,0,0,0,0,0,0,1,0,0,0,0,0,8,8,90100
2026-09-21T05:49:14.654Z,10282,1030683,90107,88980,100000000,400000000,2,2,255,0,2,2,2,15,0,0,1,2,0,0,0,0,0,0,0,1,0,0,0,0,0,8,8,90100
2026-09-21T05:49:14.746Z,10283,1030783,90107,95738,100000000,400000000,2,2,255,0,2,2,2,15,0,0,1,2,0,0,0,0,0,0,0,1,0,0,0,0,0,8,8,90100
2026-09-21T05:49:14.939Z,10284,1030933,91233,99117,100000000,400000000,2,2,255,0,2,2,2,15,0,0,1,2,0,0,0,0,0,0,0,1,0,0,0,0,0,8,8,91200
2026-09-21T05:49:15.035Z,10285,1031030,92359,95738,100000000,400000000,2,2,255,0,2,2,2,15,0,0,1,2,0,0,0,0,0,0,0,1,0,0,0,0,0,8,8,92300
2026-09-21T05:49:15.130Z,10286,1031127,93486,105875,100000000,400000000,2,2,255,0,2,2,2,15,0,0,1,2,0,0,0,0,0,0,0,1,0,0,0,0,0,8,8,93400
2026-09-21T05:49:15.208Z,10287,1031222,93486,91233,100000000,400000000,2,2,255,0,2,2,2,15,0,0,1,2,0,0,0,0,0,0,0,1,0,0,0,0,0,8,8,93400
2026-09-21T05:49:15.285Z,10288,1031301,93486,94612,100000000,400000000,2,2,255,0,2,2,2,15,0,0,1,2,0,0,0,0,0,0,0,1,0,0,0,0,0,8,8,93400
2026-09-21T05:49:15.378Z,10289,1031384,93486,109254,100000000,400000000,2,2,255,0,2,2,2,15,0,0,1,2,0,0,0,0,0,0,0,1,0,0,0,0,0,8,8,93400
2026-09-21T05:49:15.471Z,10290,1031484,93486,93486,100000000,400000000,2,2,255,0,2,2,2,15,0,0,1,2,0,0,0,0,0,0,0,1,0,0,0,0,0,8,8,93400
2026-09-21T05:49:15.563Z,10291,1031584,93486,95738,100000000,400000000,2,2,255,0,2,2,2,15,0,0,1,2,0,0,0,0,0,0,0,1,0,0,0,0,0,8,8,93400
2026-09-21T05:49:15.654Z,10292,1031685,93486,104749,100000000,400000000,2,2,255,0,2,2,2,15,0,0,1,2,0,0,0,0,0,0,0,1,0,0,0,0,0,8,8,93400
2026-09-21T05:49:15.747Z,10293,1031785,94612,97991,100000000,400000000,2,2,255,0,2,2,2,15,0,0,1,2,0,0,0,0,0,0,0,1,0,0,0,0,0,8,8,94600
2026-09-21T05:49:15.940Z,10294,1031935,95738,100244,100000000,400000000,2,2,255,0,2,2,2,15,0,0,1,2,0,0,0,0,0,0,0,1,0,0,0,0,0,8,8,95700
2026-09-21T05:49:16.035Z,10295,1032031,96865,100244,100000000,400000000,2,2,255,0,2,2,2,15,0,0,1,2,0,0,0,0,0,0,0,1,0,0,0,0,0,8,8,96800
2026-09-21T05:49:16.117Z,10296,1032128,96865,92359,100000000,400000000,2,2,255,0,2,2,2,15,0,0,1,2,0,0,0,0,0,0,0,1,0,0,0,0,0,8,8,96800
2026-09-21T05:49:16.198Z,10297,1032209,96865,112633,100000000,400000000,2,2,255,0,2,2,2,15,0,0,1,2,0,0,0,0,0,0,0,1,0,0,0,0,0,8,8,96800
2026-09-21T05:49:16.295Z,10298,1032289,97991,105875,100000000,400000000,2,2,255,0,2,2,2,15,0,0,1,2,0,0,0,0,0,0,0,1,0,0,0,0,0,8,8,97900
2026-09-21T05:49:16.387Z,10299,1032387,99117,97991,100000000,400000000,2,2,255,0,2,2,2,15,0,0,1,2,0,0,0,0,0,0,0,1,0,0,0,0,0,8,8,99100
2026-09-21T05:49:16.478Z,10300,1032486,100244,103623,100000000,400000000,2,2,255,0,2,2,2,15,0,0,1,2,0,0,0,0,0,0,0,1,0,0,0,0,0,8,8,100200
2026-09-21T05:49:16.572Z,10301,1032586,100244,92359,100000000,400000000,2,2,255,0,2,2,2,15,0,0,1,2,0,0,0,0,0,0,0,1,0,0,0,0,0,8,8,100200
2026-09-21T05:49:16.663Z,10302,1032686,100244,100244,100000000,400000000,2,2,255,0,2,2,2,15,0,0,1,2,0,0,0,0,0,0,0,1,0,0,0,0,0,8,8,100200
2026-09-21T05:49:16.755Z,10303,1032786,99117,74338,100000000,400000000,2,2,255,0,2,2,2,15,0,0,1,2,0,0,0,0,0,0,0,1,0,0,0,0,0,8,8,99100
2026-09-21T05:49:16.915Z,10304,1032927,97991,93486,100000000,400000000,2,2,255,0,2,2,2,15,0,0,1,2,0,0,0,0,0,0,0,1,0,0,0,0,0,8,8,97900
2026-09-21T05:49:16.995Z,10305,1033008,96865,101370,100000000,400000000,2,2,255,0,2,2,2,15,0,0,1,2,0,0,0,0,0,0,0,1,0,0,0,0,0,8,8,96800
2026-09-21T05:49:17.087Z,10306,1033088,97991,108128,100000000,400000000,2,2,255,0,2,2,2,15,0,0,1,2,0,0,0,0,0,0,0,1,0,0,0,0,0,8,8,97900
2026-09-21T05:49:17.178Z,10307,1033187,97991,90107,100000000,400000000,2,2,255,0,2,2,2,15,0,0,1,2,0,0,0,0,0,0,0,1,0,0,0,0,0,8,8,97900
2026-09-21T05:49:17.270Z,10308,1033287,96865,84475,100000000,400000000,2,2,255,0,2,2,2,15,0,0,1,2,0,0,0,0,0,0,0,1,0,0,0,0,0,8,8,96800
2026-09-21T05:49:17.348Z,10309,1033387,95738,88980,100000000,400000000,2,2,255,0,2,2,2,15,0,0,1,2,0,0,0,0,0,0,0,1,0,0,0,0,0,8,8,95700
2026-09-21T05:49:17.507Z,10310,1033521,94612,87854,100000000,400000000,2,2,255,0,2,2,2,15,0,0,1,2,0,0,0,0,0,0,0,1,0,0,0,0,0,8,8,94600
2026-09-21T05:49:17.584Z,10311,1033600,93486,90107,100000000,400000000,2,2,255,0,2,2,2,15,0,0,1,2,0,0,0,0,0,0,0,1,0,0,0,0,0,8,8,93400
2026-09-21T05:49:17.675Z,10312,1033688,93486,107002,100000000,400000000,2,2,255,0,2,2,2,15,0,0,1,2,0,0,0,0,0,0,0,1,0,0,0,0,0,8,8,93400
2026-09-21T05:49:17.766Z,10313,1033788,93486,92359,100000000,400000000,2,2,255,0,2,2,2,15,0,0,1,2,0,0,0,0,0,0,0,1,0,0,0,0,0,8,8,93400
2026-09-21T05:49:17.858Z,10314,1033888,93486,79970,100000000,400000000,2,2,255,0,2,2,2,15,0,0,1,2,0,0,0,0,0,0,0,1,0,0,0,0,0,8,8,93400
2026-09-21T05:49:17.952Z,10315,1033988,93486,104749,100000000,400000000,2,2,255,0,2,2,2,15,0,0,1,2,0,0,0,0,0,0,0,1,0,0,0,0,0,8,8,93400
2026-09-21T05:49:18.142Z,10316,1034140,94612,103623,100000000,400000000,2,2,255,0,2,2,2,15,0,0,1,2,0,0,0,0,0,0,0,1,0,0,0,0,0,8,8,94600
2026-09-21T05:49:18.238Z,10317,1034235,95738,102496,100000000,400000000,2,2,255,0,2,2,2,15,0,0,1,2,0,0,0,0,0,0,0,1,0,0,0,0,0,8,8,95700
2026-09-21T05:49:18.334Z,10318,1034330,96865,120518,100000000,400000000,2,2,255,0,2,2,2,15,0,0,1,2,0,0,0,0,0,0,0,1,0,0,0,0,0,8,8,96800
2026-09-21T05:49:18.412Z,10319,1034426,99117,118265,100000000,400000000,2,2,255,0,2,2,2,15,0,0,1,2,0,0,0,0,0,0,0,1,0,0,0,0,0,8,8,99100
2026-09-21T05:49:18.488Z,10320,1034505,101370,83349,100000000,400000000,2,2,255,0,2,2,2,15,0,0,1,2,0,0,0,0,0,0,0,1,0,0,0,0,0,8,8,101300
2026-09-21T05:49:18.579Z,10321,1034589,99117,85601,100000000,400000000,2,2,255,0,2,2,2,15,0,0,1,2,0,0,0,0,0,0,0,1,0,0,0,0,0,8,8,99100
2026-09-21T05:49:18.672Z,10322,1034690,96865,95738,100000000,400000000,2,2,255,0,2,2,2,15,0,0,1,2,0,0,0,0,0,0,0,1,0,0,0,0,0,8,8,96800
2026-09-21T05:49:18.763Z,10323,1034790,96865,102496,100000000,400000000,2,2,255,0,2,2,2,15,0,0,1,2,0,0,0,0,0,0,0,1,0,0,0,0,0,8,8,96800
2026-09-21T05:49:18.855Z,10324,1034890,96865,95738,100000000,400000000,2,2,255,0,2,2,2,15,0,0,1,2,0,0,0,0,0,0,0,1,0,0,0,0,0,8,8,96800
2026-09-21T05:49:18.953Z,10325,1034990,97991,108128,100000000,400000000,2,2,255,0,2,2,2,15,0,0,1,2,0,0,0,0,0,0,0,1,0,0,0,0,0,8,8,97900
2026-09-21T05:49:19.143Z,10326,1035140,99117,109254,100000000,400000000,2,2,255,0,2,2,2,15,0,0,1,2,0,0,0,0,0,0,0,1,0,0,0,0,0,8,8,99100
2026-09-21T05:49:19.239Z,10327,1035235,100244,99117,100000000,400000000,2,2,255,0,2,2,2,15,0,0,1,2,0,0,0,0,0,0,0,1,0,0,0,0,0,8,8,100200
2026-09-21T05:49:19.318Z,10328,1035331,100244,90107,100000000,400000000,2,2,255,0,2,2,2,15,0,0,1,2,0,0,0,0,0,0,0,1,0,0,0,0,0,8,8,100200
2026-09-21T05:49:19.393Z,10329,1035410,99117,93486,100000000,400000000,2,2,255,0,2,2,2,15,0,0,1,2,0,0,0,0,0,0,0,1,0,0,0,0,0,8,8,99100
2026-09-21T05:49:19.484Z,10330,1035491,97991,109254,100000000,400000000,2,2,255,0,2,2,2,15,0,0,1,2,0,0,0,0,0,0,0,1,0,0,0,0,0,8,8,97900
2026-09-21T05:49:19.577Z,10331,1035591,97991,95738,100000000,400000000,2,2,255,0,2,2,2,15,0,0,1,2,0,0,0,0,0,0,0,1,0,0,0,0,0,8,8,97900
2026-09-21T05:49:19.668Z,10332,1035691,97991,92359,100000000,400000000,2,2,255,0,2,2,2,15,0,0,1,2,0,0,0,0,0,0,0,1,0,0,0,0,0,8,8,97900
2026-09-21T05:49:19.761Z,10333,1035792,96865,91233,100000000,400000000,2,2,255,0,2,2,2,15,0,0,1,2,0,0,0,0,0,0,0,1,0,0,0,0,0,8,8,96800
2026-09-21T05:49:19.854Z,10334,1035892,95738,81096,100000000,400000000,2,2,255,0,2,2,2,15,0,0,1,2,0,0,0,0,0,0,0,1,0,0,0,0,0,8,8,95700
2026-09-21T05:49:20.045Z,10335,1036043,94612,86728,100000000,400000000,2,2,255,0,2,2,2,15,0,0,1,2,0,0,0,0,0,0,0,1,0,0,0,0,0,8,8,94600
2026-09-21T05:49:20.141Z,10336,1036138,93486,101370,100000000,400000000,2,2,255,0,2,2,2,15,0,0,1,2,0,0,0,0,0,0,0,1,0,0,0,0,0,8,8,93400
2026-09-21T05:49:20.238Z,10337,1036233,93486,96865,100000000,400000000,2,2,255,0,2,2,2,15,0,0,1,2,0,0,0,0,0,0,0,1,0,0,0,0,0,8,8,93400
2026-09-21T05:49:20.334Z,10338,1036329,93486,76591,100000000,400000000,2,2,255,0,2,2,2,15,0,0,1,2,0,0,0,0,0,0,0,1,0,0,0,0,0,8,8,93400
2026-09-21T05:49:20.413Z,10339,1036426,92359,87854,100000000,400000000,2,2,255,0,2,2,2,15,0,0,1,2,0,0,0,0,0,0,0,1,0,0,0,0,0,8,8,92300
2026-09-21T05:49:20.490Z,10340,1036506,91233,90107,100000000,400000000,2,2,255,0,2,2,2,15,0,0,1,2,0,0,0,0,0,0,0,1,0,0,0,0,0,8,8,91200
2026-09-21T05:49:20.582Z,10341,1036593,91233,113760,100000000,400000000,2,2,255,0,2,2,2,15,0,0,1,2,0,0,0,0,0,0,0,1,0,0,0,0,0,8,8,91200
2026-09-21T05:49:20.673Z,10342,1036693,92359,101370,100000000,400000000,2,2,255,0,2,2,2,15,0,0,1,2,0,0,0,0,0,0,0,1,0,0,0,0,0,8,8,92300
2026-09-21T05:49:20.764Z,10343,1036793,93486,99117,100000000,400000000,2,2,255,0,2,2,2,15,0,0,1,2,0,0,0,0,0,0,0,1,0,0,0,0,0,8,8,93400
2026-09-21T05:49:20.858Z,10344,1036893,94612,104749,100000000,400000000,2,2,255,0,2,2,2,15,0,0,1,2,0,0,0,0,0,0,0,1,0,0,0,0,0,8,8,94600
2026-09-21T05:49:21.049Z,10345,1037047,95738,85601,100000000,400000000,2,2,255,0,2,2,2,15,0,0,1,2,0,0,0,0,0,0,0,1,0,0,0,0,0,8,8,95700
2026-09-21T05:49:21.144Z,10346,1037141,94612,72085,100000000,400000000,2,2,255,0,2,2,2,15,0,0,1,2,0,0,0,0,0,0,0,1,0,0,0,0,0,8,8,94600
2026-09-21T05:49:21.241Z,10347,1037237,93486,96865,100000000,400000000,2,2,255,0,2,2,2,15,0,0,1,2,0,0,0,0,0,0,0,1,0,0,0,0,0,8,8,93400
2026-09-21T05:49:21.321Z,10348,1037332,93486,96865,100000000,400000000,2,2,255,0,2,2,2,15,0,0,1,2,0,0,0,0,0,0,0,1,0,0,0,0,0,8,8,93400
2026-09-21T05:49:21.395Z,10349,1037413,93486,112633,100000000,400000000,2,2,255,0,2,2,2,15,0,0,1,2,0,0,0,0,0,0,0,1,0,0,0,0,0,8,8,93400
2026-09-21T05:49:21.471Z,10350,1037495,94612,101370,100000000,400000000,2,2,255,0,2,2,2,15,0,0,1,2,0,0,0,0,0,0,0,1,0,0,0,0,0,8,8,94600
2026-09-21T05:49:21.563Z,10351,1037595,95738,77717,100000000,400000000,2,2,255,0,2,2,2,15,0,0,1,2,0,0,0,0,0,0,0,1,0,0,0,0,0,8,8,95700
2026-09-21T05:49:21.656Z,10352,1037695,94612,90107,100000000,400000000,2,2,255,0,2,2,2,15,0,0,1,2,0,0,0,0,0,0,0,1,0,0,0,0,0,8,8,94600
2026-09-21T05:49:21.846Z,10353,1037844,93486,84475,100000000,400000000,2,2,255,0,2,2,2,15,0,0,1,2,0,0,0,0,0,0,0,1,0,0,0,0,0,8,8,93400
2026-09-21T05:49:21.942Z,10354,1037938,92359,77717,100000000,400000000,2,2,255,0,2,2,2,15,0,0,1,2,0,0,0,0,0,0,0,1,0,0,0,0,0,8,8,92300
2026-09-21T05:49:22.021Z,10355,1038035,91233,92359,100000000,400000000,2,2,255,0,2,2,2,15,0,0,1,2,0,0,0,0,0,0,0,1,0,0,0,0,0,8,8,91200
2026-09-21T05:49:22.097Z,10356,1038112,91233,114886,100000000,400000000,2,2,255,0,2,2,2,15,0,0,1,2,0,0,0,0,0,0,0,1,0,0,0,0,0,8,8,91200
2026-09-21T05:49:22.190Z,10357,1038196,93486,105875,100000000,400000000,2,2,255,0,2,2,2,15,0,0,1,2,0,0,0,0,0,0,0,1,0,0,0,0,0,8,8,93400
2026-09-21T05:49:22.282Z,10358,1038296,95738,112633,100000000,400000000,2,2,255,0,2,2,2,15,0,0,1,2,0,0,0,0,0,0,0,1,0,0,0,0,0,8,8,95700
2026-09-21T05:49:22.373Z,10359,1038396,96865,103623,100000000,400000000,2,2,255,0,2,2,2,15,0,0,1,2,0,0,0,0,0,0,0,1,0,0,0,0,0,8,8,96800
2026-09-21T05:49:22.465Z,10360,1038496,97991,97991,100000000,400000000,2,2,255,0,2,2,2,15,0,0,1,2,0,0,0,0,0,0,0,1,0,0,0,0,0,8,8,97900
2026-09-21T05:49:22.559Z,10361,1038597,97991,86728,100000000,400000000,2,2,255,0,2,2,2,15,0,0,1,2,0,0,0,0,0,0,0,1,0,0,0,0,0,8,8,97900
2026-09-21T05:49:22.750Z,10362,1038748,96865,79970,100000000,400000000,2,2,255,0,2,2,2,15,0,0,1,2,0,0,0,0,0,0,0,1,0,0,0,0,0,8,8,96800
2026-09-21T05:49:22.845Z,10363,1038843,94612,79970,100000000,400000000,2,2,255,0,2,2,2,15,0,0,1,2,0,0,0,0,0,0,0,1,0,0,0,0,0,8,8,94600
2026-09-21T05:49:22.941Z,10364,1038938,92359,78843,100000000,400000000,2,2,255,0,2,2,2,15,0,0,1,2,0,0,0,0,0,0,0,1,0,0,0,0,0,8,8,92300
2026-09-21T05:49:23.037Z,10365,1039033,91233,97991,100000000,400000000,2,2,255,0,2,2,2,15,0,0,1,2,0,0,0,0,0,0,0,1,0,0,0,0,0,8,8,91200
2026-09-21T05:49:23.118Z,10366,1039129,92359,110381,100000000,400000000,2,2,255,0,2,2,2,15,0,0,1,2,0,0,0,0,0,0,0,1,0,0,0,0,0,8,8,92300
2026-09-21T05:49:23.193Z,10367,1039210,93486,97991,100000000,400000000,2,2,255,0,2,2,2,15,0,0,1,2,0,0,0,0,0,0,0,1,0,0,0,0,0,8,8,93400
2026-09-21T05:49:23.285Z,10368,1039298,94612,82222,100000000,400000000,2,2,255,0,2,2,2,15,0,0,1,2,0,0,0,0,0,0,0,1,0,0,0,0,0,8,8,94600
2026-09-21T05:49:23.362Z,10369,1039398,93486,85601,100000000,400000000,2,2,255,0,2,2,2,15,0,0,1,2,0,0,0,0,0,0,0,1,0,0,0,0,0,8,8,93400
2026-09-21T05:49:23.539Z,10370,1039551,92359,90107,100000000,400000000,2,2,255,0,2,2,2,15,0,0,1,2,0,0,0,0,0,0,0,1,0,0,0,0,0,8,8,92300
2026-09-21T05:49:23.619Z,10371,1039631,92359,99117,100000000,400000000,2,2,255,0,2,2,2,15,0,0,1,2,0,0,0,0,0,0,0,1,0,0,0,0,0,8,8,92300
2026-09-21T05:49:23.714Z,10372,1039711,92359,85601,100000000,400000000,2,2,255,0,2,2,2,15,0,0,1,2,0,0,0,0,0,0,0,1,0,0,0,0,0,8,8,92300
2026-09-21T05:49:23.808Z,10373,1039807,93486,101370,100000000,400000000,2,2,255,0,2,2,2,15,0,0,1,2,0,0,0,0,0,0,0,1,0,0,0,0,0,8,8,93400
2026-09-21T05:49:23.900Z,10374,1039901,94612,105875,100000000,400000000,2,2,255,0,2,2,2,15,0,0,1,2,0,0,0,0,0,0,0,1,0,0,0,0,0,8,8,94600
2026-09-21T05:49:23.992Z,10375,1039999,95738,81096,100000000,400000000,2,2,255,0,2,2,2,15,0,0,1,2,0,0,0,0,0,0,0,1,0,0,0,0,0,8,8,95700
2026-09-21T05:49:24.083Z,10376,1040099,93486,75464,100000000,400000000,2,2,255,0,2,2,2,15,0,0,1,2,0,0,0,0,0,0,0,1,0,0,0,0,0,8,8,93400
2026-09-21T05:49:24.175Z,10377,1040199,92359,86728,100000000,400000000,2,2,255,0,2,2,2,15,0,0,1,2,0,0,0,0,0,0,0,1,0,0,0,0,0,8,8,92300
2026-09-21T05:49:24.266Z,10378,1040300,91233,82222,100000000,400000000,2,2,255,0,2,2,2,15,0,0,1,2,0,0,0,0,0,0,0,1,0,0,0,0,0,8,8,91200
2026-09-21T05:49:24.360Z,10379,1040400,90107,74338,100000000,400000000,2,2,255,0,2,2,2,15,0,0,1,2,0,0,0,0,0,0,0,1,0,0,0,0,0,8,8,90100
2026-09-21T05:49:24.551Z,10380,1040548,88980,92359,100000000,400000000,2,2,255,0,2,2,2,15,0,0,1,2,0,0,0,0,0,0,0,1,0,0,0,0,0,8,8,88900
2026-09-21T05:49:24.646Z,10381,1040643,88980,92359,100000000,400000000,2,2,255,0,2,2,2,15,0,0,1,2,0,0,0,0,0,0,0,1,0,0,0,0,0,8,8,88900
2026-09-21T05:49:24.727Z,10382,1040739,88980,73212,100000000,400000000,2,2,255,0,2,2,2,15,0,0,1,2,0,0,0,0,0,0,0,1,0,0,0,0,0,8,8,88900
2026-09-21T05:49:24.803Z,10383,1040819,86728,73212,100000000,400000000,2,2,255,0,2,2,2,15,0,0,1,2,0,0,0,0,0,0,0,1,0,0,0,0,0,8,8,86700
2026-09-21T05:49:24.894Z,10384,1040901,84475,86728,100000000,400000000,2,2,255,0,2,2,2,15,0,0,1,2,0,0,0,0,0,0,0,1,0,0,0,0,0,8,8,84400
2026-09-21T05:49:24.972Z,10385,1041001,84475,88980,100000000,400000000,2,2,255,0,2,2,2,15,0,0,1,2,0,0,0,0,0,0,0,1,0,0,0,0,0,8,8,84400
2026-09-21T05:49:25.063Z,10386,1041101,85601,100244,100000000,400000000,2,2,255,0,2,2,2,15,0,0,1,2,0,0,0,0,0,0,0,1,0,0,0,0,0,8,8,85600
2026-09-21T05:49:25.254Z,10387,1041251,86728,97991,100000000,400000000,2,2,255,0,2,2,2,15,0,0,1,2,0,0,0,0,0,0,0,1,0,0,0,0,0,8,8,86700
2026-09-21T05:49:25.349Z,10388,1041347,87854,86728,100000000,400000000,2,2,255,0,2,2,2,15,0,0,1,2,0,0,0,0,0,0,0,1,0,0,0,0,0,8,8,87800
2026-09-21T05:49:25.430Z,10389,1041442,88980,104749,100000000,400000000,2,2,255,0,2,2,2,15,0,0,1,2,0,0,0,0,0,0,0,1,0,0,0,0,0,8,8,88900
2026-09-21T05:49:25.509Z,10390,1041523,91233,105875,100000000,400000000,2,2,255,0,2,2,2,15,0,0,1,2,0,0,0,0,0,0,0,1,0,0,0,0,0,8,8,91200
2026-09-21T05:49:25.600Z,10391,1041602,93486,90107,100000000,400000000,2,2,255,0,2,2,2,15,0,0,1,2,0,0,0,0,0,0,0,1,0,0,0,0,0,8,8,93400
2026-09-21T05:49:25.692Z,10392,1041702,94612,122770,100000000,400000000,2,2,255,0,2,2,2,15,0,0,1,2,0,0,0,0,0,0,0,1,0,0,0,0,0,8,8,94600
2026-09-21T05:49:25.767Z,10393,1041802,95738,105875,100000000,400000000,2,2,255,0,2,2,2,15,0,0,1,2,0,0,0,0,0,0,0,1,0,0,0,0,0,8,8,95700
2026-09-21T05:49:25.958Z,10394,1041955,96865,101370,100000000,400000000,2,2,255,0,2,2,2,15,0,0,1,2,0,0,0,0,0,0,0,1,0,0,0,0,0,8,8,96800
2026-09-21T05:49:26.037Z,10395,1042050,97991,93486,100000000,400000000,2,2,255,0,2,2,2,15,0,0,1,2,0,0,0,0,0,0,0,1,0,0,0,0,0,8,8,97900
2026-09-21T05:49:26.119Z,10396,1042130,96865,83349,100000000,400000000,2,2,255,0,2,2,2,15,0,0,1,2,0,0,0,0,0,0,0,1,0,0,0,0,0,8,8,96800
2026-09-21T05:49:26.196Z,10397,1042211,96865,99117,100000000,400000000,2,2,255,0,2,2,2,15,0,0,1,2,0,0,0,0,0,0,0,1,0,0,0,0,0,8,8,96800
2026-09-21T05:49:26.288Z,10398,1042303,94612,74338,100000000,400000000,2,2,255,0,2,2,2,15,0,0,1,2,0,0,0,0,0,0,0,1,0,0,0,0,0,8,8,94600
2026-09-21T05:49:26.380Z,10399,1042403,92359,70959,100000000,400000000,2,2,255,0,2,2,2,15,0,0,1,2,0,0,0,0,0,0,0,1,0,0,0,0,0,8,8,92300
2026-09-21T05:49:26.472Z,10400,1042504,90107,81096,100000000,400000000,2,2,255,0,2,2,2,15,0,0,1,2,0,0,0,0,0,0,0,1,0,0,0,0,0,8,8,90100
2026-09-21T05:49:26.566Z,10401,1042604,88980,95738,100000000,400000000,2,2,255,0,2,2,2,15,0,0,1,2,0,0,0,0,0,0,0,1,0,0,0,0,0,8,8,88900
2026-09-21T05:49:26.741Z,10402,1042754,90107,99117,100000000,400000000,2,2,255,0,2,2,2,15,0,0,1,2,0,0,0,0,0,0,0,1,0,0,0,0,0,8,8,90100
2026-09-21T05:49:26.820Z,10403,1042835,91233,110381,100000000,400000000,2,2,255,0,2,2,2,15,0,0,1,2,0,0,0,0,0,0,0,1,0,0,0,0,0,8,8,91200
2026-09-21T05:49:26.894Z,10404,1042913,92359,90107,100000000,400000000,2,2,255,0,2,2,2,15,0,0,1,2,0,0,0,0,0,0,0,1,0,0,0,0,0,8,8,92300
2026-09-21T05:49:26.985Z,10405,1043004,92359,79970,100000000,400000000,2,2,255,0,2,2,2,15,0,0,1,2,0,0,0,0,0,0,0,1,0,0,0,0,0,8,8,92300
2026-09-21T05:49:27.077Z,10406,1043105,92359,102496,100000000,400000000,2,2,255,0,2,2,2,15,0,0,1,2,0,0,0,0,0,0,0,1,0,0,0,0,0,8,8,92300
2026-09-21T05:49:27.168Z,10407,1043205,91233,78843,100000000,400000000,2,2,255,0,2,2,2,15,0,0,1,2,0,0,0,0,0,0,0,1,0,0,0,0,0,8,8,91200
2026-09-21T05:49:27.360Z,10408,1043356,91233,90107,100000000,400000000,2,2,255,0,2,2,2,15,0,0,1,2,0,0,0,0,0,0,0,1,0,0,0,0,0,8,8,91200
2026-09-21T05:49:27.457Z,10409,1043452,90107,86728,100000000,400000000,2,2,255,0,2,2,2,15,0,0,1,2,0,0,0,0,0,0,0,1,0,0,0,0,0,8,8,90100
2026-09-21T05:49:27.553Z,10410,1043549,90107,99117,100000000,400000000,2,2,255,0,2,2,2,15,0,0,1,2,0,0,0,0,0,0,0,1,0,0,0,0,0,8,8,90100
2026-09-21T05:49:27.633Z,10411,1043646,91233,105875,100000000,400000000,2,2,255,0,2,2,2,15,0,0,1,2,0,0,0,0,0,0,0,1,0,0,0,0,0,8,8,91200
2026-09-21T05:49:27.708Z,10412,1043726,93486,105875,100000000,400000000,2,2,255,0,2,2,2,15,0,0,1,2,0,0,0,0,0,0,0,1,0,0,0,0,0,8,8,93400
2026-09-21T05:49:27.800Z,10413,1043806,94612,103623,100000000,400000000,2,2,255,0,2,2,2,15,0,0,1,2,0,0,0,0,0,0,0,1,0,0,0,0,0,8,8,94600
2026-09-21T05:49:27.891Z,10414,1043906,95738,103623,100000000,400000000,2,2,255,0,2,2,2,15,0,0,1,2,0,0,0,0,0,0,0,1,0,0,0,0,0,8,8,95700
2026-09-21T05:49:27.983Z,10415,1044006,96865,81096,100000000,400000000,2,2,255,0,2,2,2,15,0,0,1,2,0,0,0,0,0,0,0,1,0,0,0,0,0,8,8,96800
2026-09-21T05:49:28.074Z,10416,1044106,96865,100244,100000000,400000000,2,2,255,0,2,2,2,15,0,0,1,2,0,0,0,0,0,0,0,1,0,0,0,0,0,8,8,96800
2026-09-21T05:49:28.166Z,10417,1044207,96865,94612,100000000,400000000,2,2,255,0,2,2,2,15,0,0,1,2,0,0,0,0,0,0,0,1,0,0,0,0,0,8,8,96800
2026-09-21T05:49:28.359Z,10418,1044355,96865,103623,100000000,400000000,2,2,255,0,2,2,2,15,0,0,1,2,0,0,0,0,0,0,0,1,0,0,0,0,0,8,8,96800
2026-09-21T05:49:28.455Z,10419,1044451,97991,112633,100000000,400000000,2,2,255,0,2,2,2,15,0,0,1,2,0,0,0,0,0,0,0,1,0,0,0,0,0,8,8,97900
2026-09-21T05:49:28.549Z,10420,1044548,100244,116012,100000000,400000000,2,2,255,0,2,2,2,15,0,0,1,2,0,0,0,0,0,0,0,1,0,0,0,0,0,8,8,100200
2026-09-21T05:49:28.645Z,10421,1044643,102496,122770,100000000,400000000,2,2,255,0,2,2,2,15,0,0,1,2,0,0,0,0,0,0,0,1,0,0,0,0,0,8,8,102400
2026-09-21T05:49:28.723Z,10422,1044738,104749,100244,100000000,400000000,2,2,255,0,2,2,2,15,0,0,1,2,0,0,0,0,0,0,0,1,0,0,0,0,0,8,8,104700
2026-09-21T05:49:28.801Z,10423,1044817,103623,87854,100000000,400000000,2,2,255,0,2,2,2,15,0,0,1,2,0,0,0,0,0,0,0,1,0,0,0,0,0,8,8,103600
2026-09-21T05:49:28.893Z,10424,1044908,103623,101370,100000000,400000000,2,2,255,0,2,2,2,15,0,0,1,2,0,0,0,0,0,0,0,1,0,0,0,0,0,8,8,103600
2026-09-21T05:49:28.985Z,10425,1045008,101370,85601,100000000,400000000,2,2,255,0,2,2,2,15,0,0,1,2,0,0,0,0,0,0,0,1,0,0,0,0,0,8,8,101300
2026-09-21T05:49:29.077Z,10426,1045108,99117,86728,100000000,400000000,2,2,255,0,2,2,2,15,0,0,1,2,0,0,0,0,0,0,0,1,0,0,0,0,0,8,8,99100
2026-09-21T05:49:29.170Z,10427,1045208,97991,102496,100000000,400000000,2,2,255,0,2,2,2,15,0,0,1,2,0,0,0,0,0,0,0,1,0,0,0,0,0,8,8,97900
2026-09-21T05:49:29.360Z,10428,1045359,99117,109254,100000000,400000000,2,2,255,0,2,2,2,15,0,0,1,2,0,0,0,0,0,0,0,1,0,0,0,0,0,8,8,99100
2026-09-21T05:49:29.457Z,10429,1045454,99117,97991,100000000,400000000,2,2,255,0,2,2,2,15,0,0,1,2,0,0,0,0,0,0,0,1,0,0,0,0,0,8,8,99100
2026-09-21T05:49:29.552Z,10430,1045549,100244,104749,100000000,400000000,2,2,255,0,2,2,2,15,0,0,1,2,0,0,0,0,0,0,0,1,0,0,0,0,0,8,8,100200
2026-09-21T05:49:29.633Z,10431,1045646,100244,97991,100000000,400000000,2,2,255,0,2,2,2,15,0,0,1,2,0,0,0,0,0,0,0,1,0,0,0,0,0,8,8,100200
2026-09-21T05:49:29.709Z,10432,1045726,100244,99117,100000000,400000000,2,2,255,0,2,2,2,15,0,0,1,2,0,0,0,0,0,0,0,1,0,0,0,0,0,8,8,100200
2026-09-21T05:49:29.800Z,10433,1045809,100244,101370,100000000,400000000,2,2,255,0,2,2,2,15,0,0,1,2,0,0,0,0,0,0,0,1,0,0,0,0,0,8,8,100200
2026-09-21T05:49:29.892Z,10434,1045910,100244,103623,100000000,400000000,2,2,255,0,2,2,2,15,0,0,1,2,0,0,0,0,0,0,0,1,0,0,0,0,0,8,8,100200
2026-09-21T05:49:29.983Z,10435,1046010,100244,77717,100000000,400000000,2,2,255,0,2,2,2,15,0,0,1,2,0,0,0,0,0,0,0,1,0,0,0,0,0,8,8,100200
2026-09-21T05:49:30.075Z,10436,1046110,100244,99117,100000000,400000000,2,2,255,0,2,2,2,15,0,0,1,2,0,0,0,0,0,0,0,1,0,0,0,0,0,8,8,100200
2026-09-21T05:49:30.264Z,10437,1046263,100244,102496,100000000,400000000,2,2,255,0,2,2,2,15,0,0,1,2,0,0,0,0,0,0,0,1,0,0,0,0,0,8,8,100200
2026-09-21T05:49:30.360Z,10438,1046358,100244,75464,100000000,400000000,2,2,255,0,2,2,2,15,0,0,1,2,0,0,0,0,0,0,0,1,0,0,0,0,0,8,8,100200
2026-09-21T05:49:30.456Z,10439,1046453,97991,82222,100000000,400000000,2,2,255,0,2,2,2,15,0,0,1,2,0,0,0,0,0,0,0,1,0,0,0,0,0,8,8,97900
2026-09-21T05:49:30.553Z,10440,1046549,95738,85601,100000000,400000000,2,2,255,0,2,2,2,15,0,0,1,2,0,0,0,0,0,0,0,1,0,0,0,0,0,8,8,95700
2026-09-21T05:49:30.632Z,10441,1046646,94612,86728,100000000,400000000,2,2,255,0,2,2,2,15,0,0,1,2,0,0,0,0,0,0,0,1,0,0,0,0,0,8,8,94600
2026-09-21T05:49:30.708Z,10442,1046726,93486,94612,100000000,400000000,2,2,255,0,2,2,2,15,0,0,1,2,0,0,0,0,0,0,0,1,0,0,0,0,0,8,8,93400
2026-09-21T05:49:30.783Z,10443,1046811,92359,81096,100000000,400000000,2,2,255,0,2,2,2,15,0,0,1,2,0,0,0,0,0,0,0,1,0,0,0,0,0,8,8,92300
2026-09-21T05:49:30.874Z,10444,1046911,91233,82222,100000000,400000000,2,2,255,0,2,2,2,15,0,0,1,2,0,0,0,0,0,0,0,1,0,0,0,0,0,8,8,91200
2026-09-21T05:49:31.064Z,10445,1047063,90107,86728,100000000,400000000,2,2,255,0,2,2,2,15,0,0,1,2,0,0,0,0,0,0,0,1,0,0,0,0,0,8,8,90100
2026-09-21T05:49:31.160Z,10446,1047157,90107,87854,100000000,400000000,2,2,255,0,2,2,2,15,0,0,1,2,0,0,0,0,0,0,0,1,0,0,0,0,0,8,8,90100
2026-09-21T05:49:31.257Z,10447,1047253,90107,77717,100000000,400000000,2,2,255,0,2,2,2,15,0,0,1,2,0,0,0,0,0,0,0,1,0,0,0,0,0,8,8,90100
2026-09-21T05:49:31.336Z,10448,1047349,88980,78843,100000000,400000000,2,2,255,0,2,2,2,15,0,0,1,2,0,0,0,0,0,0,0,1,0,0,0,0,0,8,8,88900
2026-09-21T05:49:31.412Z,10449,1047429,87854,97991,100000000,400000000,2,2,255,0,2,2,2,15,0,0,1,2,0,0,0,0,0,0,0,1,0,0,0,0,0,8,8,87800
2026-09-21T05:49:31.503Z,10450,1047513,88980,94612,100000000,400000000,2,2,255,0,2,2,2,15,0,0,1,2,0,0,0,0,0,0,0,1,0,0,0,0,0,8,8,88900
2026-09-21T05:49:31.597Z,10451,1047613,90107,95738,100000000,400000000,2,2,255,0,2,2,2,15,0,0,1,2,0,0,0,0,0,0,0,1,0,0,0,0,0,8,8,90100
2026-09-21T05:49:31.689Z,10452,1047713,91233,78843,100000000,400000000,2,2,255,0,2,2,2,15,0,0,1,2,0,0,0,0,0,0,0,1,0,0,0,0,0,8,8,91200
2026-09-21T05:49:31.781Z,10453,1047813,90107,81096,100000000,400000000,2,2,255,0,2,2,2,15,0,0,1,2,0,0,0,0,0,0,0,1,0,0,0,0,0,8,8,90100
2026-09-21T05:49:31.872Z,10454,1047913,88980,94612,100000000,400000000,2,2,255,0,2,2,2,15,0,0,1,2,0,0,0,0,0,0,0,1,0,0,0,0,0,8,8,88900
2026-09-21T05:49:32.062Z,10455,1048061,88980,88980,100000000,400000000,2,2,255,0,2,2,2,15,0,0,1,2,0,0,0,0,0,0,0,1,0,0,0,0,0,8,8,88900
2026-09-21T05:49:32.158Z,10456,1048156,88980,76591,100000000,400000000,2,2,255,0,2,2,2,15,0,0,1,2,0,0,0,0,0,0,0,1,0,0,0,0,0,8,8,88900
2026-09-21T05:49:32.253Z,10457,1048251,87854,84475,100000000,400000000,2,2,255,0,2,2,2,15,0,0,1,2,0,0,0,0,0,0,0,1,0,0,0,0,0,8,8,87800
2026-09-21T05:49:32.349Z,10458,1048347,87854,102496,100000000,400000000,2,2,255,0,2,2,2,15,0,0,1,2,0,0,0,0,0,0,0,1,0,0,0,0,0,8,8,87800
2026-09-21T05:49:32.430Z,10459,1048442,90107,111507,100000000,400000000,2,2,255,0,2,2,2,15,0,0,1,2,0,0,0,0,0,0,0,1,0,0,0,0,0,8,8,90100
2026-09-21T05:49:32.505Z,10460,1048523,91233,88980,100000000,400000000,2,2,255,0,2,2,2,15,0,0,1,2,0,0,0,0,0,0,0,1,0,0,0,0,0,8,8,91200
2026-09-21T05:49:32.596Z,10461,1048615,91233,66454,100000000,400000000,2,2,255,0,2,2,2,15,0,0,1,2,0,0,0,0,0,0,0,1,0,0,0,0,0,8,8,91200
2026-09-21T05:49:32.689Z,10462,1048715,90107,81096,100000000,400000000,2,2,255,0,2,2,2,15,0,0,1,2,0,0,0,0,0,0,0,1,0,0,0,0,0,8,8,90100
2026-09-21T05:49:32.780Z,10463,1048815,88980,81096,100000000,400000000,2,2,255,0,2,2,2,15,0,0,1,2,0,0,0,0,0,0,0,1,0,0,0,0,0,8,8,88900
2026-09-21T05:49:32.875Z,10464,1048915,87854,100244,100000000,400000000,2,2,255,0,2,2,2,15,0,0,1,2,0,0,0,0,0,0,0,1,0,0,0,0,0,8,8,87800
2026-09-21T05:49:33.065Z,10465,1049064,88980,113760,100000000,400000000,2,2,255,0,2,2,2,15,0,0,1,2,0,0,0,0,0,0,0,1,0,0,0,0,0,8,8,88900
2026-09-21T05:49:33.160Z,10466,1049158,90107,84475,100000000,400000000,2,2,255,0,2,2,2,15,0,0,1,2,0,0,0,0,0,0,0,1,0,0,0,0,0,8,8,90100
2026-09-21T05:49:33.255Z,10467,1049253,88980,84475,100000000,400000000,2,2,255,0,2,2,2,15,0,0,1,2,0,0,0,0,0,0,0,1,0,0,0,0,0,8,8,88900
2026-09-21T05:49:33.334Z,10468,1049348,87854,81096,100000000,400000000,2,2,255,0,2,2,2,15,0,0,1,2,0,0,0,0,0,0,0,1,0,0,0,0,0,8,8,87800
2026-09-21T05:49:33.411Z,10469,1049428,87854,84475,100000000,400000000,2,2,255,0,2,2,2,15,0,0,1,2,0,0,0,0,0,0,0,1,0,0,0,0,0,8,8,87800
2026-09-21T05:49:33.487Z,10470,1049516,87854,95738,100000000,400000000,2,2,255,0,2,2,2,15,0,0,1,2,0,0,0,0,0,0,0,1,0,0,0,0,0,8,8,87800
2026-09-21T05:49:33.579Z,10471,1049616,87854,87854,100000000,400000000,2,2,255,0,2,2,2,15,0,0,1,2,0,0,0,0,0,0,0,1,0,0,0,0,0,8,8,87800
2026-09-21T05:49:33.769Z,10472,1049768,87854,90107,100000000,400000000,2,2,255,0,2,2,2,15,0,0,1,2,0,0,0,0,0,0,0,1,0,0,0,0,0,8,8,87800
2026-09-21T05:49:33.864Z,10473,1049863,87854,69833,100000000,400000000,2,2,255,0,2,2,2,15,0,0,1,2,0,0,0,0,0,0,0,1,0,0,0,0,0,8,8,87800
2026-09-21T05:49:33.944Z,10474,1049958,85601,65327,100000000,400000000,2,2,255,0,2,2,2,15,0,0,1,2,0,0,0,0,0,0,0,1,0,0,0,0,0,8,8,85600
2026-09-21T05:49:34.019Z,10475,1050037,83349,77717,100000000,400000000,2,2,255,0,2,2,2,15,0,0,1,2,0,0,0,0,0,0,0,1,0,0,0,0,0,8,8,83300
2026-09-21T05:49:34.112Z,10476,1050117,82222,90107,100000000,400000000,2,2,255,0,2,2,2,15,0,0,1,2,0,0,0,0,0,0,0,1,0,0,0,0,0,8,8,82200
2026-09-21T05:49:34.203Z,10477,1050217,83349,94612,100000000,400000000,2,2,255,0,2,2,2,15,0,0,1,2,0,0,0,0,0,0,0,1,0,0,0,0,0,8,8,83300
2026-09-21T05:49:34.297Z,10478,1050317,84475,101370,100000000,400000000,2,2,255,0,2,2,2,15,0,0,1,2,0,0,0,0,0,0,0,1,0,0,0,0,0,8,8,84400
2026-09-21T05:49:34.389Z,10479,1050418,86728,97991,100000000,400000000,2,2,255,0,2,2,2,15,0,0,1,2,0,0,0,0,0,0,0,1,0,0,0,0,0,8,8,86700
2026-09-21T05:49:34.480Z,10480,1050518,87854,82222,100000000,400000000,2,2,255,0,2,2,2,15,0,0,1,2,0,0,0,0,0,0,0,1,0,0,0,0,0,8,8,87800
2026-09-21T05:49:34.670Z,10481,1050669,86728,68706,100000000,400000000,2,2,255,0,2,2,2,15,0,0,1,2,0,0,0,0,0,0,0,1,0,0,0,0,0,8,8,86700
2026-09-21T05:49:34.765Z,10482,1050764,84475,73212,100000000,400000000,2,2,255,0,2,2,2,15,0,0,1,2,0,0,0,0,0,0,0,1,0,0,0,0,0,8,8,84400
2026-09-21T05:49:34.860Z,10483,1050859,83349,101370,100000000,400000000,2,2,255,0,2,2,2,15,0,0,1,2,0,0,0,0,0,0,0,1,0,0,0,0,0,8,8,83300
2026-09-21T05:49:34.956Z,10484,1050954,83349,86728,100000000,400000000,2,2,255,0,2,2,2,15,0,0,1,2,0,0,0,0,0,0,0,1,0,0,0,0,0,8,8,83300
2026-09-21T05:49:35.051Z,10485,1051049,84475,93486,100000000,400000000,2,2,255,0,2,2,2,15,0,0,1,2,0,0,0,0,0,0,0,1,0,0,0,0,0,8,8,84400
2026-09-21T05:49:35.145Z,10486,1051144,85601,102496,100000000,400000000,2,2,255,0,2,2,2,15,0,0,1,2,0,0,0,0,0,0,0,1,0,0,0,0,0,8,8,85600
2026-09-21T05:49:35.221Z,10487,1051240,86728,93486,100000000,400000000,2,2,255,0,2,2,2,15,0,0,1,2,0,0,0,0,0,0,0,1,0,0,0,0,0,8,8,86700
2026-09-21T05:49:35.313Z,10488,1051319,87854,72085,100000000,400000000,2,2,255,0,2,2,2,15,0,0,1,2,0,0,0,0,0,0,0,1,0,0,0,0,0,8,8,87800
2026-09-21T05:49:35.405Z,10489,1051419,87854,84475,100000000,400000000,2,2,255,0,2,2,2,15,0,0,1,2,0,0,0,0,0,0,0,1,0,0,0,0,0,8,8,87800
2026-09-21T05:49:35.496Z,10490,1051520,85601,73212,100000000,400000000,2,2,255,0,2,2,2,15,0,0,1,2,0,0,0,0,0,0,0,1,0,0,0,0,0,8,8,85600
2026-09-21T05:49:35.587Z,10491,1051620,85601,84475,100000000,400000000,2,2,255,0,2,2,2,15,0,0,1,2,0,0,0,0,0,0,0,1,0,0,0,0,0,8,8,85600
2026-09-21T05:49:35.679Z,10492,1051720,85601,99117,100000000,400000000,2,2,255,0,2,2,2,15,0,0,1,2,0,0,0,0,0,0,0,1,0,0,0,0,0,8,8,85600
2026-09-21T05:49:35.868Z,10493,1051868,86728,97991,100000000,400000000,2,2,255,0,2,2,2,15,0,0,1,2,0,0,0,0,0,0,0,1,0,0,0,0,0,8,8,86700
2026-09-21T05:49:35.964Z,10494,1051963,87854,81096,100000000,400000000,2,2,255,0,2,2,2,15,0,0,1,2,0,0,0,0,0,0,0,1,0,0,0,0,0,8,8,87800
2026-09-21T05:49:36.059Z,10495,1052058,86728,79970,100000000,400000000,2,2,255,0,2,2,2,15,0,0,1,2,0,0,0,0,0,0,0,1,0,0,0,0,0,8,8,86700
2026-09-21T05:49:36.153Z,10496,1052153,85601,83349,100000000,400000000,2,2,255,0,2,2,2,15,0,0,1,2,0,0,0,0,0,0,0,1,0,0,0,0,0,8,8,85600
2026-09-21T05:49:36.249Z,10497,1052248,85601,90107,100000000,400000000,2,2,255,0,2,2,2,15,0,0,1,2,0,0,0,0,0,0,0,1,0,0,0,0,0,8,8,85600
2026-09-21T05:49:36.344Z,10498,1052343,85601,82222,100000000,400000000,2,2,255,0,2,2,2,15,0,0,1,2,0,0,0,0,0,0,0,1,0,0,0,0,0,8,8,85600
2026-09-21T05:49:36.439Z,10499,1052438,85601,87854,100000000,400000000,2,2,255,0,2,2,2,15,0,0,1,2,0,0,0,0,0,0,0,1,0,0,0,0,0,8,8,85600
2026-09-21T05:49:36.533Z,10500,1052533,85601,85601,100000000,400000000,2,2,255,0,2,2,2,15,0,0,1,2,0,0,0,0,0,0,0,1,0,0,0,0,0,8,8,85600
2026-09-21T05:49:36.629Z,10501,1052628,85601,86728,100000000,400000000,2,2,255,0,2,2,2,15,0,0,1,2,0,0,0,0,0,0,0,1,0,0,0,0,0,8,8,85600
2026-09-21T05:49:36.720Z,10502,1052723,85601,100244,100000000,400000000,2,2,255,0,2,2,2,15,0,0,1,2,0,0,0,0,0,0,0,1,0,0,0,0,0,8,8,85600
2026-09-21T05:49:36.811Z,10503,1052822,86728,96865,100000000,400000000,2,2,255,0,2,2,2,15,0,0,1,2,0,0,0,0,0,0,0,1,0,0,0,0,0,8,8,86700
2026-09-21T05:49:36.903Z,10504,1052922,87854,92359,100000000,400000000,2,2,255,0,2,2,2,15,0,0,1,2,0,0,0,0,0,0,0,1,0,0,0,0,0,8,8,87800
2026-09-21T05:49:36.994Z,10505,1053022,88980,85601,100000000,400000000,2,2,255,0,2,2,2,15,0,0,1,2,0,0,0,0,0,0,0,1,0,0,0,0,0,8,8,88900
2026-09-21T05:49:37.085Z,10506,1053122,88980,83349,100000000,400000000,2,2,255,0,2,2,2,15,0,0,1,2,0,0,0,0,0,0,0,1,0,0,0,0,0,8,8,88900
2026-09-21T05:49:37.259Z,10507,1053274,88980,93486,100000000,400000000,2,2,255,0,2,2,2,15,0,0,1,2,0,0,0,0,0,0,0,1,0,0,0,0,0,8,8,88900
2026-09-21T05:49:37.354Z,10508,1053352,87854,82222,100000000,400000000,2,2,255,0,2,2,2,15,0,0,1,2,0,0,0,0,0,0,0,1,0,0,0,0,0,8,8,87800
2026-09-21T05:49:37.449Z,10509,1053448,86728,81096,100000000,400000000,2,2,255,0,2,2,2,15,0,0,1,2,0,0,0,0,0,0,0,1,0,0,0,0,0,8,8,86700
2026-09-21T05:49:37.543Z,10510,1053543,85601,85601,100000000,400000000,2,2,255,0,2,2,2,15,0,0,1,2,0,0,0,0,0,0,0,1,0,0,0,0,0,8,8,85600
2026-09-21T05:49:37.639Z,10511,1053637,84475,81096,100000000,400000000,2,2,255,0,2,2,2,15,0,0,1,2,0,0,0,0,0,0,0,1,0,0,0,0,0,8,8,84400
2026-09-21T05:49:37.733Z,10512,1053732,84475,88980,100000000,400000000,2,2,255,0,2,2,2,15,0,0,1,2,0,0,0,0,0,0,0,1,0,0,0,0,0,8,8,84400
2026-09-21T05:49:37.825Z,10513,1053828,85601,95738,100000000,400000000,2,2,255,0,2,2,2,15,0,0,1,2,0,0,0,0,0,0,0,1,0,0,0,0,0,8,8,85600
2026-09-21T05:49:37.918Z,10514,1053924,85601,86728,100000000,400000000,2,2,255,0,2,2,2,15,0,0,1,2,0,0,0,0,0,0,0,1,0,0,0,0,0,8,8,85600
2026-09-21T05:49:38.010Z,10515,1054024,85601,79970,100000000,400000000,2,2,255,0,2,2,2,15,0,0,1,2,0,0,0,0,0,0,0,1,0,0,0,0,0,8,8,85600
2026-09-21T05:49:38.102Z,10516,1054124,84475,72085,100000000,400000000,2,2,255,0,2,2,2,15,0,0,1,2,0,0,0,0,0,0,0,1,0,0,0,0,0,8,8,84400
2026-09-21T05:49:38.193Z,10517,1054224,83349,93486,100000000,400000000,2,2,255,0,2,2,2,15,0,0,1,2,0,0,0,0,0,0,0,1,0,0,0,0,0,8,8,83300
2026-09-21T05:49:38.286Z,10518,1054324,84475,97991,100000000,400000000,2,2,255,0,2,2,2,15,0,0,1,2,0,0,0,0,0,0,0,1,0,0,0,0,0,8,8,84400
2026-09-21T05:49:38.445Z,10519,1054459,86728,103623,100000000,400000000,2,2,255,0,2,2,2,15,0,0,1,2,0,0,0,0,0,0,0,1,0,0,0,0,0,8,8,86700
2026-09-21T05:49:38.519Z,10520,1054539,87854,95738,100000000,400000000,2,2,255,0,2,2,2,15,0,0,1,2,0,0,0,0,0,0,0,1,0,0,0,0,0,8,8,87800
2026-09-21T05:49:38.612Z,10521,1054625,90107,105875,100000000,400000000,2,2,255,0,2,2,2,15,0,0,1,2,0,0,0,0,0,0,0,1,0,0,0,0,0,8,8,90100
2026-09-21T05:49:38.703Z,10522,1054725,91233,83349,100000000,400000000,2,2,255,0,2,2,2,15,0,0,1,2,0,0,0,0,0,0,0,1,0,0,0,0,0,8,8,91200
2026-09-21T05:49:38.796Z,10523,1054825,91233,94612,100000000,400000000,2,2,255,0,2,2,2,15,0,0,1,2,0,0,0,0,0,0,0,1,0,0,0,0,0,8,8,91200
2026-09-21T05:49:38.887Z,10524,1054925,91233,101370,100000000,400000000,2,2,255,0,2,2,2,15,0,0,1,2,0,0,0,0,0,0,0,1,0,0,0,0,0,8,8,91200
2026-09-21T05:49:39.077Z,10525,1055075,91233,91233,100000000,400000000,2,2,255,0,2,2,2,15,0,0,1,2,0,0,0,0,0,0,0,1,0,0,0,0,0,8,8,91200
2026-09-21T05:49:39.173Z,10526,1055171,92359,96865,100000000,400000000,2,2,255,0,2,2,2,15,0,0,1,2,0,0,0,0,0,0,0,1,0,0,0,0,0,8,8,92300
2026-09-21T05:49:39.268Z,10527,1055267,92359,91233,100000000,400000000,2,2,255,0,2,2,2,15,0,0,1,2,0,0,0,0,0,0,0,1,0,0,0,0,0,8,8,92300
2026-09-21T05:49:39.362Z,10528,1055362,93486,97991,100000000,400000000,2,2,255,0,2,2,2,15,0,0,1,2,0,0,0,0,0,0,0,1,0,0,0,0,0,8,8,93400
2026-09-21T05:49:39.459Z,10529,1055457,94612,109254,100000000,400000000,2,2,255,0,2,2,2,15,0,0,1,2,0,0,0,0,0,0,0,1,0,0,0,0,0,8,8,94600
2026-09-21T05:49:39.539Z,10530,1055553,94612,88980,100000000,400000000,2,2,255,0,2,2,2,15,0,0,1,2,0,0,0,0,0,0,0,1,0,0,0,0,0,8,8,94600
2026-09-21T05:49:39.615Z,10531,1055633,94612,96865,100000000,400000000,2,2,255,0,2,2,2,15,0,0,1,2,0,0,0,0,0,0,0,1,0,0,0,0,0,8,8,94600
2026-09-21T05:49:39.708Z,10532,1055727,94612,95738,100000000,400000000,2,2,255,0,2,2,2,15,0,0,1,2,0,0,0,0,0,0,0,1,0,0,0,0,0,8,8,94600
2026-09-21T05:49:39.786Z,10533,1055827,94612,83349,100000000,400000000,2,2,255,0,2,2,2,15,0,0,1,2,0,0,0,0,0,0,0,1,0,0,0,0,0,8,8,94600
2026-09-21T05:49:39.946Z,10534,1055960,93486,68706,100000000,400000000,2,2,255,0,2,2,2,15,0,0,1,2,0,0,0,0,0,0,0,1,0,0,0,0,0,8,8,93400
2026-09-21T05:49:40.020Z,10535,1056040,90107,70959,100000000,400000000,2,2,255,0,2,2,2,15,0,0,1,2,0,0,0,0,0,0,0,1,0,0,0,0,0,8,8,90100
2026-09-21T05:49:40.112Z,10536,1056128,87854,95738,100000000,400000000,2,2,255,0,2,2,2,15,0,0,1,2,0,0,0,0,0,0,0,1,0,0,0,0,0,8,8,87800
2026-09-21T05:49:40.204Z,10537,1056228,88980,94612,100000000,400000000,2,2,255,0,2,2,2,15,0,0,1,2,0,0,0,0,0,0,0,1,0,0,0,0,0,8,8,88900
2026-09-21T05:49:40.295Z,10538,1056328,90107,116012,100000000,400000000,2,2,255,0,2,2,2,15,0,0,1,2,0,0,0,0,0,0,0,1,0,0,0,0,0,8,8,90100
2026-09-21T05:49:40.387Z,10539,1056428,91233,91233,100000000,400000000,2,2,255,0,2,2,2,15,0,0,1,2,0,0,0,0,0,0,0,1,0,0,0,0,0,8,8,91200
2026-09-21T05:49:40.577Z,10540,1056575,91233,88980,100000000,400000000,2,2,255,0,2,2,2,15,0,0,1,2,0,0,0,0,0,0,0,1,0,0,0,0,0,8,8,91200
2026-09-21T05:49:40.672Z,10541,1056670,91233,79970,100000000,400000000,2,2,255,0,2,2,2,15,0,0,1,2,0,0,0,0,0,0,0,1,0,0,0,0,0,8,8,91200
2026-09-21T05:49:40.768Z,10542,1056767,90107,82222,100000000,400000000,2,2,255,0,2,2,2,15,0,0,1,2,0,0,0,0,0,0,0,1,0,0,0,0,0,8,8,90100
2026-09-21T05:49:40.862Z,10543,1056862,88980,74338,100000000,400000000,2,2,255,0,2,2,2,15,0,0,1,2,0,0,0,0,0,0,0,1,0,0,0,0,0,8,8,88900
2026-09-21T05:49:40.960Z,10544,1056957,87854,88980,100000000,400000000,2,2,255,0,2,2,2,15,0,0,1,2,0,0,0,0,0,0,0,1,0,0,0,0,0,8,8,87800
2026-09-21T05:49:41.039Z,10545,1057053,86728,82222,100000000,400000000,2,2,255,0,2,2,2,15,0,0,1,2,0,0,0,0,0,0,0,1,0,0,0,0,0,8,8,86700
2026-09-21T05:49:41.116Z,10546,1057132,86728,94612,100000000,400000000,2,2,255,0,2,2,2,15,0,0,1,2,0,0,0,0,0,0,0,1,0,0,0,0,0,8,8,86700
2026-09-21T05:49:41.209Z,10547,1057230,86728,88980,100000000,400000000,2,2,255,0,2,2,2,15,0,0,1,2,0,0,0,0,0,0,0,1,0,0,0,0,0,8,8,86700
2026-09-21T05:49:41.369Z,10548,1057382,87854,104749,100000000,400000000,2,2,255,0,2,2,2,15,0,0,1,2,0,0,0,0,0,0,0,1,0,0,0,0,0,8,8,87800
2026-09-21T05:49:41.464Z,10549,1057462,88980,93486,100000000,400000000,2,2,255,0,2,2,2,15,0,0,1,2,0,0,0,0,0,0,0,1,0,0,0,0,0,8,8,88900
2026-09-21T05:49:41.559Z,10550,1057559,91233,102496,100000000,400000000,2,2,255,0,2,2,2,15,0,0,1,2,0,0,0,0,0,0,0,1,0,0,0,0,0,8,8,91200
2026-09-21T05:49:41.656Z,10551,1057654,92359,103623,100000000,400000000,2,2,255,0,2,2,2,15,0,0,1,2,0,0,0,0,0,0,0,1,0,0,0,0,0,8,8,92300
2026-09-21T05:49:41.752Z,10552,1057749,93486,81096,100000000,400000000,2,2,255,0,2,2,2,15,0,0,1,2,0,0,0,0,0,0,0,1,0,0,0,0,0,8,8,93400
2026-09-21T05:49:41.846Z,10553,1057846,92359,84475,100000000,400000000,2,2,255,0,2,2,2,15,0,0,1,2,0,0,0,0,0,0,0,1,0,0,0,0,0,8,8,92300
2026-09-21T05:49:41.941Z,10554,1057941,91233,86728,100000000,400000000,2,2,255,0,2,2,2,15,0,0,1,2,0,0,0,0,0,0,0,1,0,0,0,0,0,8,8,91200
2026-09-21T05:49:42.033Z,10555,1058036,90107,93486,100000000,400000000,2,2,255,0,2,2,2,15,0,0,1,2,0,0,0,0,0,0,0,1,0,0,0,0,0,8,8,90100
2026-09-21T05:49:42.125Z,10556,1058131,90107,103623,100000000,400000000,2,2,255,0,2,2,2,15,0,0,1,2,0,0,0,0,0,0,0,1,0,0,0,0,0,8,8,90100
2026-09-21T05:49:42.217Z,10557,1058232,90107,78843,100000000,400000000,2,2,255,0,2,2,2,15,0,0,1,2,0,0,0,0,0,0,0,1,0,0,0,0,0,8,8,90100
2026-09-21T05:49:42.309Z,10558,1058333,88980,85601,100000000,400000000,2,2,255,0,2,2,2,15,0,0,1,2,0,0,0,0,0,0,0,1,0,0,0,0,0,8,8,88900
2026-09-21T05:49:42.400Z,10559,1058433,87854,82222,100000000,400000000,2,2,255,0,2,2,2,15,0,0,1,2,0,0,0,0,0,0,0,1,0,0,0,0,0,8,8,87800
2026-09-21T05:49:42.493Z,10560,1058533,87854,85601,100000000,400000000,2,2,255,0,2,2,2,15,0,0,1,2,0,0,0,0,0,0,0,1,0,0,0,0,0,8,8,87800
2026-09-21T05:49:42.681Z,10561,1058682,86728,75464,100000000,400000000,2,2,255,0,2,2,2,15,0,0,1,2,0,0,0,0,0,0,0,1,0,0,0,0,0,8,8,86700
2026-09-21T05:49:42.778Z,10562,1058776,85601,61948,100000000,400000000,2,2,255,0,2,2,2,15,0,0,1,2,0,0,0,0,0,0,0,1,0,0,0,0,0,8,8,85600
2026-09-21T05:49:42.873Z,10563,1058871,83349,72085,100000000,400000000,2,2,255,0,2,2,2,15,0,0,1,2,0,0,0,0,0,0,0,1,0,0,0,0,0,8,8,83300
2026-09-21T05:49:42.969Z,10564,1058968,82222,79970,100000000,400000000,2,2,255,0,2,2,2,15,0,0,1,2,0,0,0,0,0,0,0,1,0,0,0,0,0,8,8,82200
2026-09-21T05:49:43.064Z,10565,1059064,81096,68706,100000000,400000000,2,2,255,0,2,2,2,15,0,0,1,2,0,0,0,0,0,0,0,1,0,0,0,0,0,8,8,81000
2026-09-21T05:49:43.159Z,10566,1059159,81096,83349,100000000,400000000,2,2,255,0,2,2,2,15,0,0,1,2,0,0,0,0,0,0,0,1,0,0,0,0,0,8,8,81000
2026-09-21T05:49:43.255Z,10567,1059254,81096,92359,100000000,400000000,2,2,255,0,2,2,2,15,0,0,1,2,0,0,0,0,0,0,0,1,0,0,0,0,0,8,8,81000
2026-09-21T05:49:43.330Z,10568,1059349,82222,90107,100000000,400000000,2,2,255,0,2,2,2,15,0,0,1,2,0,0,0,0,0,0,0,1,0,0,0,0,0,8,8,82200
2026-09-21T05:49:43.408Z,10569,1059434,83349,84475,100000000,400000000,2,2,255,0,2,2,2,15,0,0,1,2,0,0,0,0,0,0,0,1,0,0,0,0,0,8,8,83300
2026-09-21T05:49:43.500Z,10570,1059534,84475,88980,100000000,400000000,2,2,255,0,2,2,2,15,0,0,1,2,0,0,0,0,0,0,0,1,0,0,0,0,0,8,8,84400
2026-09-21T05:49:43.592Z,10571,1059634,84475,85601,100000000,400000000,2,2,255,0,2,2,2,15,0,0,1,2,0,0,0,0,0,0,0,1,0,0,0,0,0,8,8,84400
2026-09-21T05:49:43.781Z,10572,1059781,84475,79970,100000000,400000000,2,2,255,0,2,2,2,15,0,0,1,2,0,0,0,0,0,0,0,1,0,0,0,0,0,8,8,84400
2026-09-21T05:49:43.876Z,10573,1059876,83349,74338,100000000,400000000,2,2,255,0,2,2,2,15,0,0,1,2,0,0,0,0,0,0,0,1,0,0,0,0,0,8,8,83300
2026-09-21T05:49:43.972Z,10574,1059970,82222,78843,100000000,400000000,2,2,255,0,2,2,2,15,0,0,1,2,0,0,0,0,0,0,0,1,0,0,0,0,0,8,8,82200
2026-09-21T05:49:44.067Z,10575,1060067,81096,74338,100000000,400000000,2,2,255,0,2,2,2,15,0,0,1,2,0,0,0,0,0,0,0,1,0,0,0,0,0,8,8,81000
2026-09-21T05:49:44.145Z,10576,1060161,81096,86728,100000000,400000000,2,2,255,0,2,2,2,15,0,0,1,2,0,0,0,0,0,0,0,1,0,0,0,0,0,8,8,81000
2026-09-21T05:49:44.220Z,10577,1060240,81096,84475,100000000,400000000,2,2,255,0,2,2,2,15,0,0,1,2,0,0,0,0,0,0,0,1,0,0,0,0,0,8,8,81000
2026-09-21T05:49:44.312Z,10578,1060335,81096,77717,100000000,400000000,2,2,255,0,2,2,2,15,0,0,1,2,0,0,0,0,0,0,0,1,0,0,0,0,0,8,8,81000
2026-09-21T05:49:44.404Z,10579,1060436,81096,78843,100000000,400000000,2,2,255,0,2,2,2,15,0,0,1,2,0,0,0,0,0,0,0,1,0,0,0,0,0,8,8,81000
2026-09-21T05:49:44.496Z,10580,1060536,81096,84475,100000000,400000000,2,2,255,0,2,2,2,15,0,0,1,2,0,0,0,0,0,0,0,1,0,0,0,0,0,8,8,81000
2026-09-21T05:49:44.686Z,10581,1060686,81096,104749,100000000,400000000,2,2,255,0,2,2,2,15,0,0,1,2,0,0,0,0,0,0,0,1,0,0,0,0,0,8,8,81000
2026-09-21T05:49:44.780Z,10582,1060781,83349,97991,100000000,400000000,2,2,255,0,2,2,2,15,0,0,1,2,0,0,0,0,0,0,0,1,0,0,0,0,0,8,8,83300
2026-09-21T05:49:44.876Z,10583,1060875,85601,104749,100000000,400000000,2,2,255,0,2,2,2,15,0,0,1,2,0,0,0,0,0,0,0,1,0,0,0,0,0,8,8,85600
2026-09-21T05:49:44.973Z,10584,1060970,86728,77717,100000000,400000000,2,2,255,0,2,2,2,15,0,0,1,2,0,0,0,0,0,0,0,1,0,0,0,0,0,8,8,86700
2026-09-21T05:49:45.068Z,10585,1061067,86728,83349,100000000,400000000,2,2,255,0,2,2,2,15,0,0,1,2,0,0,0,0,0,0,0,1,0,0,0,0,0,8,8,86700
2026-09-21T05:49:45.147Z,10586,1061162,86728,92359,100000000,400000000,2,2,255,0,2,2,2,15,0,0,1,2,0,0,0,0,0,0,0,1,0,0,0,0,0,8,8,86700
2026-09-21T05:49:45.222Z,10587,1061241,87854,100244,100000000,400000000,2,2,255,0,2,2,2,15,0,0,1,2,0,0,0,0,0,0,0,1,0,0,0,0,0,8,8,87800
2026-09-21T05:49:45.314Z,10588,1061337,88980,103623,100000000,400000000,2,2,255,0,2,2,2,15,0,0,1,2,0,0,0,0,0,0,0,1,0,0,0,0,0,8,8,88900
2026-09-21T05:49:45.405Z,10589,1061438,91233,102496,100000000,400000000,2,2,255,0,2,2,2,15,0,0,1,2,0,0,0,0,0,0,0,1,0,0,0,0,0,8,8,91200
2026-09-21T05:49:45.498Z,10590,1061538,92359,97991,100000000,400000000,2,2,255,0,2,2,2,15,0,0,1,2,0,0,0,0,0,0,0,1,0,0,0,0,0,8,8,92300
2026-09-21T05:49:45.688Z,10591,1061688,93486,99117,100000000,400000000,2,2,255,0,2,2,2,15,0,0,1,2,0,0,0,0,0,0,0,1,0,0,0,0,0,8,8,93400
2026-09-21T05:49:45.783Z,10592,1061783,94612,95738,100000000,400000000,2,2,255,0,2,2,2,15,0,0,1,2,0,0,0,0,0,0,0,1,0,0,0,0,0,8,8,94600
2026-09-21T05:49:45.879Z,10593,1061877,94612,78843,100000000,400000000,2,2,255,0,2,2,2,15,0,0,1,2,0,0,0,0,0,0,0,1,0,0,0,0,0,8,8,94600
2026-09-21T05:49:45.960Z,10594,1061973,92359,79970,100000000,400000000,2,2,255,0,2,2,2,15,0,0,1,2,0,0,0,0,0,0,0,1,0,0,0,0,0,8,8,92300
2026-09-21T05:49:46.036Z,10595,1062053,91233,97991,100000000,400000000,2,2,255,0,2,2,2,15,0,0,1,2,0,0,0,0,0,0,0,1,0,0,0,0,0,8,8,91200
2026-09-21T05:49:46.113Z,10596,1062139,91233,93486,100000000,400000000,2,2,255,0,2,2,2,15,0,0,1,2,0,0,0,0,0,0,0,1,0,0,0,0,0,8,8,91200
2026-09-21T05:49:46.204Z,10597,1062239,91233,86728,100000000,400000000,2,2,255,0,2,2,2,15,0,0,1,2,0,0,0,0,0,0,0,1,0,0,0,0,0,8,8,91200
2026-09-21T05:49:46.298Z,10598,1062339,90107,86728,100000000,400000000,2,2,255,0,2,2,2,15,0,0,1,2,0,0,0,0,0,0,0,1,0,0,0,0,0,8,8,90100
2026-09-21T05:49:46.488Z,10599,1062488,90107,78843,100000000,400000000,2,2,255,0,2,2,2,15,0,0,1,2,0,0,0,0,0,0,0,1,0,0,0,0,0,8,8,90100
2026-09-21T05:49:46.582Z,10600,1062583,88980,77717,100000000,400000000,2,2,255,0,2,2,2,15,0,0,1,2,0,0,0,0,0,0,0,1,0,0,0,0,0,8,8,88900
2026-09-21T05:49:46.677Z,10601,1062677,87854,90107,100000000,400000000,2,2,255,0,2,2,2,15,0,0,1,2,0,0,0,0,0,0,0,1,0,0,0,0,0,8,8,87800
2026-09-21T05:49:46.758Z,10602,1062772,87854,93486,100000000,400000000,2,2,255,0,2,2,2,15,0,0,1,2,0,0,0,0,0,0,0,1,0,0,0,0,0,8,8,87800
2026-09-21T05:49:46.833Z,10603,1062851,88980,97991,100000000,400000000,2,2,255,0,2,2,2,15,0,0,1,2,0,0,0,0,0,0,0,1,0,0,0,0,0,8,8,88900
2026-09-21T05:49:46.926Z,10604,1062940,90107,79970,100000000,400000000,2,2,255,0,2,2,2,15,0,0,1,2,0,0,0,0,0,0,0,1,0,0,0,0,0,8,8,90100
2026-09-21T05:49:47.001Z,10605,1063041,91233,101370,100000000,400000000,2,2,255,0,2,2,2,15,0,0,1,2,0,0,0,0,0,0,0,1,0,0,0,0,0,8,8,91200
2026-09-21T05:49:47.193Z,10606,1063191,92359,101370,100000000,400000000,2,2,255,0,2,2,2,15,0,0,1,2,0,0,0,0,0,0,0,1,0,0,0,0,0,8,8,92300
2026-09-21T05:49:47.273Z,10607,1063288,93486,91233,100000000,400000000,2,2,255,0,2,2,2,15,0,0,1,2,0,0,0,0,0,0,0,1,0,0,0,0,0,8,8,93400
2026-09-21T05:49:47.353Z,10608,1063368,93486,77717,100000000,400000000,2,2,255,0,2,2,2,15,0,0,1,2,0,0,0,0,0,0,0,1,0,0,0,0,0,8,8,93400
2026-09-21T05:49:47.448Z,10609,1063448,91233,77717,100000000,400000000,2,2,255,0,2,2,2,15,0,0,1,2,0,0,0,0,0,0,0,1,0,0,0,0,0,8,8,91200
2026-09-21T05:49:47.540Z,10610,1063544,88980,91233,100000000,400000000,2,2,255,0,2,2,2,15,0,0,1,2,0,0,0,0,0,0,0,1,0,0,0,0,0,8,8,88900
2026-09-21T05:49:47.632Z,10611,1063642,88980,110381,100000000,400000000,2,2,255,0,2,2,2,15,0,0,1,2,0,0,0,0,0,0,0,1,0,0,0,0,0,8,8,88900
2026-09-21T05:49:47.723Z,10612,1063742,88980,88980,100000000,400000000,2,2,255,0,2,2,2,15,0,0,1,2,0,0,0,0,0,0,0,1,0,0,0,0,0,8,8,88900
2026-09-21T05:49:47.800Z,10613,1063842,88980,73212,100000000,400000000,2,2,255,0,2,2,2,15,0,0,1,2,0,0,0,0,0,0,0,1,0,0,0,0,0,8,8,88900
2026-09-21T05:49:47.976Z,10614,1063990,88980,94612,100000000,400000000,2,2,255,0,2,2,2,15,0,0,1,2,0,0,0,0,0,0,0,1,0,0,0,0,0,8,8,88900
2026-09-21T05:49:48.056Z,10615,1064069,87854,83349,100000000,400000000,2,2,255,0,2,2,2,15,0,0,1,2,0,0,0,0,0,0,0,1,0,0,0,0,0,8,8,87800
2026-09-21T05:49:48.152Z,10616,1064150,88980,97991,100000000,400000000,2,2,255,0,2,2,2,15,0,0,1,2,0,0,0,0,0,0,0,1,0,0,0,0,0,8,8,88900
2026-09-21T05:49:48.244Z,10617,1064247,88980,92359,100000000,400000000,2,2,255,0,2,2,2,15,0,0,1,2,0,0,0,0,0,0,0,1,0,0,0,0,0,8,8,88900
2026-09-21T05:49:48.335Z,10618,1064343,90107,102496,100000000,400000000,2,2,255,0,2,2,2,15,0,0,1,2,0,0,0,0,0,0,0,1,0,0,0,0,0,8,8,90100
2026-09-21T05:49:48.428Z,10619,1064443,91233,96865,100000000,400000000,2,2,255,0,2,2,2,15,0,0,1,2,0,0,0,0,0,0,0,1,0,0,0,0,0,8,8,91200
2026-09-21T05:49:48.521Z,10620,1064543,92359,92359,100000000,400000000,2,2,255,0,2,2,2,15,0,0,1,2,0,0,0,0,0,0,0,1,0,0,0,0,0,8,8,92300
2026-09-21T05:49:48.680Z,10621,1064695,93486,110381,100000000,400000000,2,2,255,0,2,2,2,15,0,0,1,2,0,0,0,0,0,0,0,1,0,0,0,0,0,8,8,93400
2026-09-21T05:49:48.758Z,10622,1064775,95738,111507,100000000,400000000,2,2,255,0,2,2,2,15,0,0,1,2,0,0,0,0,0,0,0,1,0,0,0,0,0,8,8,95700
2026-09-21T05:49:48.853Z,10623,1064854,97991,105875,100000000,400000000,2,2,255,0,2,2,2,15,0,0,1,2,0,0,0,0,0,0,0,1,0,0,0,0,0,8,8,97900
2026-09-21T05:49:48.945Z,10624,1064948,100244,112633,100000000,400000000,2,2,255,0,2,2,2,15,0,0,1,2,0,0,0,0,0,0,0,1,0,0,0,0,0,8,8,100200
2026-09-21T05:49:49.037Z,10625,1065044,101370,107002,100000000,400000000,2,2,255,0,2,2,2,15,0,0,1,2,0,0,0,0,0,0,0,1,0,0,0,0,0,8,8,101300
2026-09-21T05:49:49.130Z,10626,1065144,102496,112633,100000000,400000000,2,2,255,0,2,2,2,15,0,0,1,2,0,0,0,0,0,0,0,1,0,0,0,0,0,8,8,102400
2026-09-21T05:49:49.205Z,10627,1065245,103623,116012,100000000,400000000,2,2,255,0,2,2,2,15,0,0,1,2,0,0,0,0,0,0,0,1,0,0,0,0,0,8,8,103600
2026-09-21T05:49:49.396Z,10628,1065396,104749,90107,100000000,400000000,2,2,255,0,2,2,2,15,0,0,1,2,0,0,0,0,0,0,0,1,0,0,0,0,0,8,8,104700
2026-09-21T05:49:49.476Z,10629,1065490,103623,92359,100000000,400000000,2,2,255,0,2,2,2,15,0,0,1,2,0,0,0,0,0,0,0,1,0,0,0,0,0,8,8,103600
2026-09-21T05:49:49.557Z,10630,1065569,102496,93486,100000000,400000000,2,2,255,0,2,2,2,15,0,0,1,2,0,0,0,0,0,0,0,1,0,0,0,0,0,8,8,102400
2026-09-21T05:49:49.653Z,10631,1065651,101370,93486,100000000,400000000,2,2,255,0,2,2,2,15,0,0,1,2,0,0,0,0,0,0,0,1,0,0,0,0,0,8,8,101300
2026-09-21T05:49:49.744Z,10632,1065748,100244,99117,100000000,400000000,2,2,255,0,2,2,2,15,0,0,1,2,0,0,0,0,0,0,0,1,0,0,0,0,0,8,8,100200
2026-09-21T05:49:49.836Z,10633,1065846,99117,72085,100000000,400000000,2,2,255,0,2,2,2,15,0,0,1,2,0,0,0,0,0,0,0,1,0,0,0,0,0,8,8,99100
2026-09-21T05:49:49.928Z,10634,1065946,96865,79970,100000000,400000000,2,2,255,0,2,2,2,15,0,0,1,2,0,0,0,0,0,0,0,1,0,0,0,0,0,8,8,96800
2026-09-21T05:49:50.021Z,10635,1066046,93486,70959,100000000,400000000,2,2,255,0,2,2,2,15,0,0,1,2,0,0,0,0,0,0,0,1,0,0,0,0,0,8,8,93400
2026-09-21T05:49:50.114Z,10636,1066146,90107,64201,100000000,400000000,2,2,255,0,2,2,2,15,0,0,1,2,0,0,0,0,0,0,0,1,0,0,0,0,0,8,8,90100
2026-09-21T05:49:50.270Z,10637,1066288,87854,90107,100000000,400000000,2,2,255,0,2,2,2,15,0,0,1,2,0,0,0,0,0,0,0,1,0,0,0,0,0,8,8,87800
2026-09-21T05:49:50.346Z,10638,1066366,86728,76591,100000000,400000000,2,2,255,0,2,2,2,15,0,0,1,2,0,0,0,0,0,0,0,1,0,0,0,0,0,8,8,86700
2026-09-21T05:49:50.438Z,10639,1066447,86728,90107,100000000,400000000,2,2,255,0,2,2,2,15,0,0,1,2,0,0,0,0,0,0,0,1,0,0,0,0,0,8,8,86700
2026-09-21T05:49:50.530Z,10640,1066547,86728,100244,100000000,400000000,2,2,255,0,2,2,2,15,0,0,1,2,0,0,0,0,0,0,0,1,0,0,0,0,0,8,8,86700
2026-09-21T05:49:50.621Z,10641,1066647,86728,82222,100000000,400000000,2,2,255,0,2,2,2,15,0,0,1,2,0,0,0,0,0,0,0,1,0,0,0,0,0,8,8,86700
2026-09-21T05:49:50.712Z,10642,1066747,85601,73212,100000000,400000000,2,2,255,0,2,2,2,15,0,0,1,2,0,0,0,0,0,0,0,1,0,0,0,0,0,8,8,85600
2026-09-21T05:49:50.807Z,10643,1066848,85601,85601,100000000,400000000,2,2,255,0,2,2,2,15,0,0,1,2,0,0,0,0,0,0,0,1,0,0,0,0,0,8,8,85600
2026-09-21T05:49:50.997Z,10644,1066997,85601,97991,100000000,400000000,2,2,255,0,2,2,2,15,0,0,1,2,0,0,0,0,0,0,0,1,0,0,0,0,0,8,8,85600
2026-09-21T05:49:51.093Z,10645,1067091,85601,76591,100000000,400000000,2,2,255,0,2,2,2,15,0,0,1,2,0,0,0,0,0,0,0,1,0,0,0,0,0,8,8,85600
2026-09-21T05:49:51.187Z,10646,1067188,84475,79970,100000000,400000000,2,2,255,0,2,2,2,15,0,0,1,2,0,0,0,0,0,0,0,1,0,0,0,0,0,8,8,84400
2026-09-21T05:49:51.282Z,10647,1067282,83349,76591,100000000,400000000,2,2,255,0,2,2,2,15,0,0,1,2,0,0,0,0,0,0,0,1,0,0,0,0,0,8,8,83300
2026-09-21T05:49:51.378Z,10648,1067377,83349,91233,100000000,400000000,2,2,255,0,2,2,2,15,0,0,1,2,0,0,0,0,0,0,0,1,0,0,0,0,0,8,8,83300
2026-09-21T05:49:51.473Z,10649,1067472,84475,90107,100000000,400000000,2,2,255,0,2,2,2,15,0,0,1,2,0,0,0,0,0,0,0,1,0,0,0,0,0,8,8,84400
2026-09-21T05:49:51.550Z,10650,1067568,85601,82222,100000000,400000000,2,2,255,0,2,2,2,15,0,0,1,2,0,0,0,0,0,0,0,1,0,0,0,0,0,8,8,85600
2026-09-21T05:49:51.642Z,10651,1067649,86728,97991,100000000,400000000,2,2,255,0,2,2,2,15,0,0,1,2,0,0,0,0,0,0,0,1,0,0,0,0,0,8,8,86700
2026-09-21T05:49:51.734Z,10652,1067749,87854,113760,100000000,400000000,2,2,255,0,2,2,2,15,0,0,1,2,0,0,0,0,0,0,0,1,0,0,0,0,0,8,8,87800
2026-09-21T05:49:51.826Z,10653,1067849,90107,101370,100000000,400000000,2,2,255,0,2,2,2,15,0,0,1,2,0,0,0,0,0,0,0,1,0,0,0,0,0,8,8,90100
2026-09-21T05:49:51.918Z,10654,1067950,91233,76591,100000000,400000000,2,2,255,0,2,2,2,15,0,0,1,2,0,0,0,0,0,0,0,1,0,0,0,0,0,8,8,91200
2026-09-21T05:49:52.011Z,10655,1068050,90107,78843,100000000,400000000,2,2,255,0,2,2,2,15,0,0,1,2,0,0,0,0,0,0,0,1,0,0,0,0,0,8,8,90100
2026-09-21T05:49:52.201Z,10656,1068201,88980,88980,100000000,400000000,2,2,255,0,2,2,2,15,0,0,1,2,0,0,0,0,0,0,0,1,0,0,0,0,0,8,8,88900
2026-09-21T05:49:52.297Z,10657,1068296,88980,91233,100000000,400000000,2,2,255,0,2,2,2,15,0,0,1,2,0,0,0,0,0,0,0,1,0,0,0,0,0,8,8,88900
2026-09-21T05:49:52.392Z,10658,1068391,88980,102496,100000000,400000000,2,2,255,0,2,2,2,15,0,0,1,2,0,0,0,0,0,0,0,1,0,0,0,0,0,8,8,88900
2026-09-21T05:49:52.488Z,10659,1068488,91233,109254,100000000,400000000,2,2,255,0,2,2,2,15,0,0,1,2,0,0,0,0,0,0,0,1,0,0,0,0,0,8,8,91200
2026-09-21T05:49:52.583Z,10660,1068582,92359,76591,100000000,400000000,2,2,255,0,2,2,2,15,0,0,1,2,0,0,0,0,0,0,0,1,0,0,0,0,0,8,8,92300
2026-09-21T05:49:52.663Z,10661,1068678,91233,82222,100000000,400000000,2,2,255,0,2,2,2,15,0,0,1,2,0,0,0,0,0,0,0,1,0,0,0,0,0,8,8,91200
2026-09-21T05:49:52.739Z,10662,1068757,88980,70959,100000000,400000000,2,2,255,0,2,2,2,15,0,0,1,2,0,0,0,0,0,0,0,1,0,0,0,0,0,8,8,88900
2026-09-21T05:49:52.815Z,10663,1068851,87854,82222,100000000,400000000,2,2,255,0,2,2,2,15,0,0,1,2,0,0,0,0,0,0,0,1,0,0,0,0,0,8,8,87800
2026-09-21T05:49:53.004Z,10664,1069004,86728,102496,100000000,400000000,2,2,255,0,2,2,2,15,0,0,1,2,0,0,0,0,0,0,0,1,0,0,0,0,0,8,8,86700
2026-09-21T05:49:53.098Z,10665,1069099,86728,86728,100000000,400000000,2,2,255,0,2,2,2,15,0,0,1,2,0,0,0,0,0,0,0,1,0,0,0,0,0,8,8,86700
2026-09-21T05:49:53.178Z,10666,1069194,86728,85601,100000000,400000000,2,2,255,0,2,2,2,15,0,0,1,2,0,0,0,0,0,0,0,1,0,0,0,0,0,8,8,86700
2026-09-21T05:49:53.258Z,10667,1069273,86728,100244,100000000,400000000,2,2,255,0,2,2,2,15,0,0,1,2,0,0,0,0,0,0,0,1,0,0,0,0,0,8,8,86700
2026-09-21T05:49:53.334Z,10668,1069352,88980,100244,100000000,400000000,2,2,255,0,2,2,2,15,0,0,1,2,0,0,0,0,0,0,0,1,0,0,0,0,0,8,8,88900
2026-09-21T05:49:53.412Z,10669,1069453,90107,79970,100000000,400000000,2,2,255,0,2,2,2,15,0,0,1,2,0,0,0,0,0,0,0,1,0,0,0,0,0,8,8,90100
2026-09-21T05:49:53.573Z,10670,1069588,88980,85601,100000000,400000000,2,2,255,0,2,2,2,15,0,0,1,2,0,0,0,0,0,0,0,1,0,0,0,0,0,8,8,88900
2026-09-21T05:49:53.668Z,10671,1069668,88980,92359,100000000,400000000,2,2,255,0,2,2,2,15,0,0,1,2,0,0,0,0,0,0,0,1,0,0,0,0,0,8,8,88900
2026-09-21T05:49:53.764Z,10672,1069763,88980,81096,100000000,400000000,2,2,255,0,2,2,2,15,0,0,1,2,0,0,0,0,0,0,0,1,0,0,0,0,0,8,8,88900
2026-09-21T05:49:53.858Z,10673,1069859,87854,84475,100000000,400000000,2,2,255,0,2,2,2,15,0,0,1,2,0,0,0,0,0,0,0,1,0,0,0,0,0,8,8,87800
2026-09-21T05:49:53.950Z,10674,1069954,87854,94612,100000000,400000000,2,2,255,0,2,2,2,15,0,0,1,2,0,0,0,0,0,0,0,1,0,0,0,0,0,8,8,87800
2026-09-21T05:49:54.042Z,10675,1070054,88980,96865,100000000,400000000,2,2,255,0,2,2,2,15,0,0,1,2,0,0,0,0,0,0,0,1,0,0,0,0,0,8,8,88900
2026-09-21T05:49:54.135Z,10676,1070154,90107,84475,100000000,400000000,2,2,255,0,2,2,2,15,0,0,1,2,0,0,0,0,0,0,0,1,0,0,0,0,0,8,8,90100
2026-09-21T05:49:54.227Z,10677,1070254,90107,88980,100000000,400000000,2,2,255,0,2,2,2,15,0,0,1,2,0,0,0,0,0,0,0,1,0,0,0,0,0,8,8,90100
2026-09-21T05:49:54.320Z,10678,1070354,88980,82222,100000000,400000000,2,2,255,0,2,2,2,15,0,0,1,2,0,0,0,0,0,0,0,1,0,0,0,0,0,8,8,88900
2026-09-21T05:49:54.412Z,10679,1070454,88980,85601,100000000,400000000,2,2,255,0,2,2,2,15,0,0,1,2,0,0,0,0,0,0,0,1,0,0,0,0,0,8,8,88900
2026-09-21T05:49:54.572Z,10680,1070588,87854,77717,100000000,400000000,2,2,255,0,2,2,2,15,0,0,1,2,0,0,0,0,0,0,0,1,0,0,0,0,0,8,8,87800
2026-09-21T05:49:54.649Z,10681,1070667,87854,92359,100000000,400000000,2,2,255,0,2,2,2,15,0,0,1,2,0,0,0,0,0,0,0,1,0,0,0,0,0,8,8,87800
2026-09-21T05:49:54.741Z,10682,1070755,88980,96865,100000000,400000000,2,2,255,0,2,2,2,15,0,0,1,2,0,0,0,0,0,0,0,1,0,0,0,0,0,8,8,88900
2026-09-21T05:49:54.834Z,10683,1070855,90107,113760,100000000,400000000,2,2,255,0,2,2,2,15,0,0,1,2,0,0,0,0,0,0,0,1,0,0,0,0,0,8,8,90100
2026-09-21T05:49:54.995Z,10684,1071008,91233,99117,100000000,400000000,2,2,255,0,2,2,2,15,0,0,1,2,0,0,0,0,0,0,0,1,0,0,0,0,0,8,8,91200
2026-09-21T05:49:55.090Z,10685,1071090,92359,85601,100000000,400000000,2,2,255,0,2,2,2,15,0,0,1,2,0,0,0,0,0,0,0,1,0,0,0,0,0,8,8,92300
2026-09-21T05:49:55.186Z,10686,1071186,92359,91233,100000000,400000000,2,2,255,0,2,2,2,15,0,0,1,2,0,0,0,0,0,0,0,1,0,0,0,0,0,8,8,92300
2026-09-21T05:49:55.281Z,10687,1071281,91233,84475,100000000,400000000,2,2,255,0,2,2,2,15,0,0,1,2,0,0,0,0,0,0,0,1,0,0,0,0,0,8,8,91200
2026-09-21T05:49:55.376Z,10688,1071377,91233,88980,100000000,400000000,2,2,255,0,2,2,2,15,0,0,1,2,0,0,0,0,0,0,0,1,0,0,0,0,0,8,8,91200
2026-09-21T05:49:55.472Z,10689,1071471,91233,101370,100000000,400000000,2,2,255,0,2,2,2,15,0,0,1,2,0,0,0,0,0,0,0,1,0,0,0,0,0,8,8,91200
2026-09-21T05:49:55.568Z,10690,1071568,91233,75464,100000000,400000000,2,2,255,0,2,2,2,15,0,0,1,2,0,0,0,0,0,0,0,1,0,0,0,0,0,8,8,91200
2026-09-21T05:49:55.642Z,10691,1071663,90107,83349,100000000,400000000,2,2,255,0,2,2,2,15,0,0,1,2,0,0,0,0,0,0,0,1,0,0,0,0,0,8,8,90100
2026-09-21T05:49:55.735Z,10692,1071757,88980,85601,100000000,400000000,2,2,255,0,2,2,2,15,0,0,1,2,0,0,0,0,0,0,0,1,0,0,0,0,0,8,8,88900
2026-09-21T05:49:55.827Z,10693,1071857,88980,87854,100000000,400000000,2,2,255,0,2,2,2,15,0,0,1,2,0,0,0,0,0,0,0,1,0,0,0,0,0,8,8,88900
2026-09-21T05:49:55.919Z,10694,1071957,88980,79970,100000000,400000000,2,2,255,0,2,2,2,15,0,0,1,2,0,0,0,0,0,0,0,1,0,0,0,0,0,8,8,88900
2026-09-21T05:49:56.111Z,10695,1072110,87854,83349,100000000,400000000,2,2,255,0,2,2,2,15,0,0,1,2,0,0,0,0,0,0,0,1,0,0,0,0,0,8,8,87800
2026-09-21T05:49:56.205Z,10696,1072206,86728,85601,100000000,400000000,2,2,255,0,2,2,2,15,0,0,1,2,0,0,0,0,0,0,0,1,0,0,0,0,0,8,8,86700
2026-09-21T05:49:56.301Z,10697,1072301,86728,91233,100000000,400000000,2,2,255,0,2,2,2,15,0,0,1,2,0,0,0,0,0,0,0,1,0,0,0,0,0,8,8,86700
2026-09-21T05:49:56.379Z,10698,1072396,87854,107002,100000000,400000000,2,2,255,0,2,2,2,15,0,0,1,2,0,0,0,0,0,0,0,1,0,0,0,0,0,8,8,87800
2026-09-21T05:49:56.457Z,10699,1072475,90107,119391,100000000,400000000,2,2,255,0,2,2,2,15,0,0,1,2,0,0,0,0,0,0,0,1,0,0,0,0,0,8,8,90100
2026-09-21T05:49:56.549Z,10700,1072558,92359,107002,100000000,400000000,2,2,255,0,2,2,2,15,0,0,1,2,0,0,0,0,0,0,0,1,0,0,0,0,0,8,8,92300
2026-09-21T05:49:56.641Z,10701,1072659,94612,105875,100000000,400000000,2,2,255,0,2,2,2,15,0,0,1,2,0,0,0,0,0,0,0,1,0,0,0,0,0,8,8,94600
2026-09-21T05:49:56.732Z,10702,1072759,95738,84475,100000000,400000000,2,2,255,0,2,2,2,15,0,0,1,2,0,0,0,0,0,0,0,1,0,0,0,0,0,8,8,95700
2026-09-21T05:49:56.823Z,10703,1072859,94612,83349,100000000,400000000,2,2,255,0,2,2,2,15,0,0,1,2,0,0,0,0,0,0,0,1,0,0,0,0,0,8,8,94600
2026-09-21T05:49:56.918Z,10704,1072959,93486,93486,100000000,400000000,2,2,255,0,2,2,2,15,0,0,1,2,0,0,0,0,0,0,0,1,0,0,0,0,0,8,8,93400
2026-09-21T05:49:57.108Z,10705,1073108,92359,85601,100000000,400000000,2,2,255,0,2,2,2,15,0,0,1,2,0,0,0,0,0,0,0,1,0,0,0,0,0,8,8,92300
2026-09-21T05:49:57.202Z,10706,1073203,91233,83349,100000000,400000000,2,2,255,0,2,2,2,15,0,0,1,2,0,0,0,0,0,0,0,1,0,0,0,0,0,8,8,91200
2026-09-21T05:49:57.298Z,10707,1073298,90107,87854,100000000,400000000,2,2,255,0,2,2,2,15,0,0,1,2,0,0,0,0,0,0,0,1,0,0,0,0,0,8,8,90100
2026-09-21T05:49:57.392Z,10708,1073392,90107,92359,100000000,400000000,2,2,255,0,2,2,2,15,0,0,1,2,0,0,0,0,0,0,0,1,0,0,0,0,0,8,8,90100
2026-09-21T05:49:57.487Z,10709,1073488,90107,91233,100000000,400000000,2,2,255,0,2,2,2,15,0,0,1,2,0,0,0,0,0,0,0,1,0,0,0,0,0,8,8,90100
2026-09-21T05:49:57.581Z,10710,1073583,90107,97991,100000000,400000000,2,2,255,0,2,2,2,15,0,0,1,2,0,0,0,0,0,0,0,1,0,0,0,0,0,8,8,90100
2026-09-21T05:49:57.658Z,10711,1073678,90107,77717,100000000,400000000,2,2,255,0,2,2,2,15,0,0,1,2,0,0,0,0,0,0,0,1,0,0,0,0,0,8,8,90100
2026-09-21T05:49:57.749Z,10712,1073761,88980,78843,100000000,400000000,2,2,255,0,2,2,2,15,0,0,1,2,0,0,0,0,0,0,0,1,0,0,0,0,0,8,8,88900
2026-09-21T05:49:57.841Z,10713,1073861,87854,88980,100000000,400000000,2,2,255,0,2,2,2,15,0,0,1,2,0,0,0,0,0,0,0,1,0,0,0,0,0,8,8,87800
2026-09-21T05:49:57.934Z,10714,1073961,87854,99117,100000000,400000000,2,2,255,0,2,2,2,15,0,0,1,2,0,0,0,0,0,0,0,1,0,0,0,0,0,8,8,87800
2026-09-21T05:49:58.027Z,10715,1074061,87854,86728,100000000,400000000,2,2,255,0,2,2,2,15,0,0,1,2,0,0,0,0,0,0,0,1,0,0,0,0,0,8,8,87800
2026-09-21T05:49:58.120Z,10716,1074161,87854,85601,100000000,400000000,2,2,255,0,2,2,2,15,0,0,1,2,0,0,0,0,0,0,0,1,0,0,0,0,0,8,8,87800
2026-09-21T05:49:58.312Z,10717,1074312,87854,83349,100000000,400000000,2,2,255,0,2,2,2,15,0,0,1,2,0,0,0,0,0,0,0,1,0,0,0,0,0,8,8,87800
2026-09-21T05:49:58.406Z,10718,1074408,86728,81096,100000000,400000000,2,2,255,0,2,2,2,15,0,0,1,2,0,0,0,0,0,0,0,1,0,0,0,0,0,8,8,86700
2026-09-21T05:49:58.501Z,10719,1074502,86728,87854,100000000,400000000,2,2,255,0,2,2,2,15,0,0,1,2,0,0,0,0,0,0,0,1,0,0,0,0,0,8,8,86700
2026-09-21T05:49:58.596Z,10720,1074596,85601,68706,100000000,400000000,2,2,255,0,2,2,2,15,0,0,1,2,0,0,0,0,0,0,0,1,0,0,0,0,0,8,8,85600
2026-09-21T05:49:58.692Z,10721,1074691,85601,85601,100000000,400000000,2,2,255,0,2,2,2,15,0,0,1,2,0,0,0,0,0,0,0,1,0,0,0,0,0,8,8,85600
2026-09-21T05:49:58.770Z,10722,1074788,85601,102496,100000000,400000000,2,2,255,0,2,2,2,15,0,0,1,2,0,0,0,0,0,0,0,1,0,0,0,0,0,8,8,85600
2026-09-21T05:49:58.846Z,10723,1074866,86728,90107,100000000,400000000,2,2,255,0,2,2,2,15,0,0,1,2,0,0,0,0,0,0,0,1,0,0,0,0,0,8,8,86700
2026-09-21T05:49:58.938Z,10724,1074963,86728,77717,100000000,400000000,2,2,255,0,2,2,2,15,0,0,1,2,0,0,0,0,0,0,0,1,0,0,0,0,0,8,8,86700
2026-09-21T05:49:59.030Z,10725,1075063,86728,91233,100000000,400000000,2,2,255,0,2,2,2,15,0,0,1,2,0,0,0,0,0,0,0,1,0,0,0,0,0,8,8,86700
2026-09-21T05:49:59.122Z,10726,1075163,87854,95738,100000000,400000000,2,2,255,0,2,2,2,15,0,0,1,2,0,0,0,0,0,0,0,1,0,0,0,0,0,8,8,87800
2026-09-21T05:49:59.312Z,10727,1075312,87854,82222,100000000,400000000,2,2,255,0,2,2,2,15,0,0,1,2,0,0,0,0,0,0,0,1,0,0,0,0,0,8,8,87800
2026-09-21T05:49:59.406Z,10728,1075408,86728,81096,100000000,400000000,2,2,255,0,2,2,2,15,0,0,1,2,0,0,0,0,0,0,0,1,0,0,0,0,0,8,8,86700
2026-09-21T05:49:59.501Z,10729,1075502,85601,105875,100000000,400000000,2,2,255,0,2,2,2,15,0,0,1,2,0,0,0,0,0,0,0,1,0,0,0,0,0,8,8,85600
2026-09-21T05:49:59.597Z,10730,1075597,86728,91233,100000000,400000000,2,2,255,0,2,2,2,15,0,0,1,2,0,0,0,0,0,0,0,1,0,0,0,0,0,8,8,86700
2026-09-21T05:49:59.692Z,10731,1075691,87854,74338,100000000,400000000,2,2,255,0,2,2,2,15,0,0,1,2,0,0,0,0,0,0,0,1,0,0,0,0,0,8,8,87800
2026-09-21T05:49:59.771Z,10732,1075788,86728,76591,100000000,400000000,2,2,255,0,2,2,2,15,0,0,1,2,0,0,0,0,0,0,0,1,0,0,0,0,0,8,8,86700
2026-09-21T05:49:59.847Z,10733,1075867,85601,91233,100000000,400000000,2,2,255,0,2,2,2,15,0,0,1,2,0,0,0,0,0,0,0,1,0,0,0,0,0,8,8,85600
2026-09-21T05:49:59.939Z,10734,1075965,85601,84475,100000000,400000000,2,2,255,0,2,2,2,15,0,0,1,2,0,0,0,0,0,0,0,1,0,0,0,0,0,8,8,85600
2026-09-21T05:50:00.032Z,10735,1076065,85601,72085,100000000,400000000,2,2,255,0,2,2,2,15,0,0,1,2,0,0,0,0,0,0,0,1,0,0,0,0,0,8,8,85600
2026-09-21T05:50:00.124Z,10736,1076165,84475,79970,100000000,400000000,2,2,255,0,2,2,2,15,0,0,1,2,0,0,0,0,0,0,0,1,0,0,0,0,0,8,8,84400
2026-09-21T05:50:00.314Z,10737,1076314,83349,90107,100000000,400000000,2,2,255,0,2,2,2,15,0,0,1,2,0,0,0,0,0,0,0,1,0,0,0,0,0,8,8,83300
2026-09-21T05:50:00.410Z,10738,1076409,83349,83349,100000000,400000000,2,2,255,0,2,2,2,15,0,0,1,2,0,0,0,0,0,0,0,1,0,0,0,0,0,8,8,83300
2026-09-21T05:50:00.505Z,10739,1076506,84475,90107,100000000,400000000,2,2,255,0,2,2,2,15,0,0,1,2,0,0,0,0,0,0,0,1,0,0,0,0,0,8,8,84400
2026-09-21T05:50:00.583Z,10740,1076601,85601,113760,100000000,400000000,2,2,255,0,2,2,2,15,0,0,1,2,0,0,0,0,0,0,0,1,0,0,0,0,0,8,8,85600
2026-09-21T05:50:00.661Z,10741,1076679,87854,104749,100000000,400000000,2,2,255,0,2,2,2,15,0,0,1,2,0,0,0,0,0,0,0,1,0,0,0,0,0,8,8,87800
2026-09-21T05:50:00.737Z,10742,1076766,90107,82222,100000000,400000000,2,2,255,0,2,2,2,15,0,0,1,2,0,0,0,0,0,0,0,1,0,0,0,0,0,8,8,90100
2026-09-21T05:50:00.829Z,10743,1076866,88980,82222,100000000,400000000,2,2,255,0,2,2,2,15,0,0,1,2,0,0,0,0,0,0,0,1,0,0,0,0,0,8,8,88900
2026-09-21T05:50:01.020Z,10744,1077020,87854,78843,100000000,400000000,2,2,255,0,2,2,2,15,0,0,1,2,0,0,0,0,0,0,0,1,0,0,0,0,0,8,8,87800
2026-09-21T05:50:01.116Z,10745,1077115,86728,84475,100000000,400000000,2,2,255,0,2,2,2,15,0,0,1,2,0,0,0,0,0,0,0,1,0,0,0,0,0,8,8,86700
2026-09-21T05:50:01.195Z,10746,1077211,86728,95738,100000000,400000000,2,2,255,0,2,2,2,15,0,0,1,2,0,0,0,0,0,0,0,1,0,0,0,0,0,8,8,86700
2026-09-21T05:50:01.275Z,10747,1077290,87854,92359,100000000,400000000,2,2,255,0,2,2,2,15,0,0,1,2,0,0,0,0,0,0,0,1,0,0,0,0,0,8,8,87800
2026-09-21T05:50:01.371Z,10748,1077370,88980,76591,100000000,400000000,2,2,255,0,2,2,2,15,0,0,1,2,0,0,0,0,0,0,0,1,0,0,0,0,0,8,8,88900
2026-09-21T05:50:01.463Z,10749,1077467,87854,76591,100000000,400000000,2,2,255,0,2,2,2,15,0,0,1,2,0,0,0,0,0,0,0,1,0,0,0,0,0,8,8,87800
2026-09-21T05:50:01.555Z,10750,1077567,86728,63075,100000000,400000000,2,2,255,0,2,2,2,15,0,0,1,2,0,0,0,0,0,0,0,1,0,0,0,0,0,8,8,86700
2026-09-21T05:50:01.648Z,10751,1077668,83349,48432,100000000,400000000,2,2,255,0,2,2,2,15,0,0,1,2,0,0,0,0,0,0,0,1,0,0,0,0,0,8,8,83300
2026-09-21T05:50:01.740Z,10752,1077768,81096,65327,100000000,400000000,2,2,255,0,2,2,2,15,0,0,1,2,0,0,0,0,0,0,0,1,0,0,0,0,0,8,8,81000
2026-09-21T05:50:01.831Z,10753,1077868,78843,76591,100000000,400000000,2,2,255,0,2,2,2,15,0,0,1,2,0,0,0,0,0,0,0,1,0,0,0,0,0,8,8,78800
2026-09-21T05:50:01.926Z,10754,1077968,78843,86728,100000000,400000000,2,2,255,0,2,2,2,15,0,0,1,2,0,0,0,0,0,0,0,1,0,0,0,0,0,8,8,78800
2026-09-21T05:50:02.084Z,10755,1078101,79970,95738,100000000,400000000,2,2,255,0,2,2,2,15,0,0,1,2,0,0,0,0,0,0,0,1,0,0,0,0,0,8,8,79900
2026-09-21T05:50:02.160Z,10756,1078180,82222,95738,100000000,400000000,2,2,255,0,2,2,2,15,0,0,1,2,0,0,0,0,0,0,0,1,0,0,0,0,0,8,8,82200
2026-09-21T05:50:02.252Z,10757,1078269,84475,75464,100000000,400000000,2,2,255,0,2,2,2,15,0,0,1,2,0,0,0,0,0,0,0,1,0,0,0,0,0,8,8,84400
2026-09-21T05:50:02.344Z,10758,1078369,85601,99117,100000000,400000000,2,2,255,0,2,2,2,15,0,0,1,2,0,0,0,0,0,0,0,1,0,0,0,0,0,8,8,85600
2026-09-21T05:50:02.435Z,10759,1078469,87854,110381,100000000,400000000,2,2,255,0,2,2,2,15,0,0,1,2,0,0,0,0,0,0,0,1,0,0,0,0,0,8,8,87800
2026-09-21T05:50:02.529Z,10760,1078569,88980,100244,100000000,400000000,2,2,255,0,2,2,2,15,0,0,1,2,0,0,0,0,0,0,0,1,0,0,0,0,0,8,8,88900
2026-09-21T05:50:02.718Z,10761,1078719,90107,97991,100000000,400000000,2,2,255,0,2,2,2,15,0,0,1,2,0,0,0,0,0,0,0,1,0,0,0,0,0,8,8,90100
2026-09-21T05:50:02.813Z,10762,1078814,91233,101370,100000000,400000000,2,2,255,0,2,2,2,15,0,0,1,2,0,0,0,0,0,0,0,1,0,0,0,0,0,8,8,91200
2026-09-21T05:50:02.908Z,10763,1078908,92359,110381,100000000,400000000,2,2,255,0,2,2,2,15,0,0,1,2,0,0,0,0,0,0,0,1,0,0,0,0,0,8,8,92300
2026-09-21T05:50:03.003Z,10764,1079004,93486,86728,100000000,400000000,2,2,255,0,2,2,2,15,0,0,1,2,0,0,0,0,0,0,0,1,0,0,0,0,0,8,8,93400
2026-09-21T05:50:03.099Z,10765,1079099,92359,86728,100000000,400000000,2,2,255,0,2,2,2,15,0,0,1,2,0,0,0,0,0,0,0,1,0,0,0,0,0,8,8,92300
2026-09-21T05:50:03.179Z,10766,1079194,91233,87854,100000000,400000000,2,2,255,0,2,2,2,15,0,0,1,2,0,0,0,0,0,0,0,1,0,0,0,0,0,8,8,91200
2026-09-21T05:50:03.256Z,10767,1079275,90107,86728,100000000,400000000,2,2,255,0,2,2,2,15,0,0,1,2,0,0,0,0,0,0,0,1,0,0,0,0,0,8,8,90100
2026-09-21T05:50:03.349Z,10768,1079371,90107,84475,100000000,400000000,2,2,255,0,2,2,2,15,0,0,1,2,0,0,0,0,0,0,0,1,0,0,0,0,0,8,8,90100
2026-09-21T05:50:03.429Z,10769,1079471,90107,92359,100000000,400000000,2,2,255,0,2,2,2,15,0,0,1,2,0,0,0,0,0,0,0,1,0,0,0,0,0,8,8,90100
2026-09-21T05:50:03.586Z,10770,1079603,90107,93486,100000000,400000000,2,2,255,0,2,2,2,15,0,0,1,2,0,0,0,0,0,0,0,1,0,0,0,0,0,8,8,90100
2026-09-21T05:50:03.662Z,10771,1079682,90107,84475,100000000,400000000,2,2,255,0,2,2,2,15,0,0,1,2,0,0,0,0,0,0,0,1,0,0,0,0,0,8,8,90100
2026-09-21T05:50:03.753Z,10772,1079771,88980,74338,100000000,400000000,2,2,255,0,2,2,2,15,0,0,1,2,0,0,0,0,0,0,0,1,0,0,0,0,0,8,8,88900
2026-09-21T05:50:03.845Z,10773,1079871,87854,103623,100000000,400000000,2,2,255,0,2,2,2,15,0,0,1,2,0,0,0,0,0,0,0,1,0,0,0,0,0,8,8,87800
2026-09-21T05:50:03.936Z,10774,1079972,90107,107002,100000000,400000000,2,2,255,0,2,2,2,15,0,0,1,2,0,0,0,0,0,0,0,1,0,0,0,0,0,8,8,90100
2026-09-21T05:50:04.030Z,10775,1080073,92359,86728,100000000,400000000,2,2,255,0,2,2,2,15,0,0,1,2,0,0,0,0,0,0,0,1,0,0,0,0,0,8,8,92300
2026-09-21T05:50:04.219Z,10776,1080221,91233,78843,100000000,400000000,2,2,255,0,2,2,2,15,0,0,1,2,0,0,0,0,0,0,0,1,0,0,0,0,0,8,8,91200
2026-09-21T05:50:04.315Z,10777,1080316,90107,88980,100000000,400000000,2,2,255,0,2,2,2,15,0,0,1,2,0,0,0,0,0,0,0,1,0,0,0,0,0,8,8,90100
2026-09-21T05:50:04.410Z,10778,1080410,88980,77717,100000000,400000000,2,2,255,0,2,2,2,15,0,0,1,2,0,0,0,0,0,0,0,1,0,0,0,0,0,8,8,88900
2026-09-21T05:50:04.491Z,10779,1080507,87854,75464,100000000,400000000,2,2,255,0,2,2,2,15,0,0,1,2,0,0,0,0,0,0,0,1,0,0,0,0,0,8,8,87800
2026-09-21T05:50:04.568Z,10780,1080588,86728,94612,100000000,400000000,2,2,255,0,2,2,2,15,0,0,1,2,0,0,0,0,0,0,0,1,0,0,0,0,0,8,8,86700
2026-09-21T05:50:04.642Z,10781,1080673,85601,79970,100000000,400000000,2,2,255,0,2,2,2,15,0,0,1,2,0,0,0,0,0,0,0,1,0,0,0,0,0,8,8,85600
2026-09-21T05:50:04.734Z,10782,1080773,86728,92359,100000000,400000000,2,2,255,0,2,2,2,15,0,0,1,2,0,0,0,0,0,0,0,1,0,0,0,0,0,8,8,86700
2026-09-21T05:50:04.923Z,10783,1080925,85601,75464,100000000,400000000,2,2,255,0,2,2,2,15,0,0,1,2,0,0,0,0,0,0,0,1,0,0,0,0,0,8,8,85600
2026-09-21T05:50:05.019Z,10784,1081020,86728,95738,100000000,400000000,2,2,255,0,2,2,2,15,0,0,1,2,0,0,0,0,0,0,0,1,0,0,0,0,0,8,8,86700
2026-09-21T05:50:05.115Z,10785,1081115,87854,120518,100000000,400000000,2,2,255,0,2,2,2,15,0,0,1,2,0,0,0,0,0,0,0,1,0,0,0,0,0,8,8,87800
2026-09-21T05:50:05.194Z,10786,1081210,91233,110381,100000000,400000000,2,2,255,0,2,2,2,15,0,0,1,2,0,0,0,0,0,0,0,1,0,0,0,0,0,8,8,91200
2026-09-21T05:50:05.269Z,10787,1081290,93486,101370,100000000,400000000,2,2,255,0,2,2,2,15,0,0,1,2,0,0,0,0,0,0,0,1,0,0,0,0,0,8,8,93400
2026-09-21T05:50:05.362Z,10788,1081374,94612,87854,100000000,400000000,2,2,255,0,2,2,2,15,0,0,1,2,0,0,0,0,0,0,0,1,0,0,0,0,0,8,8,94600
2026-09-21T05:50:05.454Z,10789,1081474,95738,104749,100000000,400000000,2,2,255,0,2,2,2,15,0,0,1,2,0,0,0,0,0,0,0,1,0,0,0,0,0,8,8,95700
2026-09-21T05:50:05.545Z,10790,1081575,95738,96865,100000000,400000000,2,2,255,0,2,2,2,15,0,0,1,2,0,0,0,0,0,0,0,1,0,0,0,0,0,8,8,95700
2026-09-21T05:50:05.638Z,10791,1081675,95738,95738,100000000,400000000,2,2,255,0,2,2,2,15,0,0,1,2,0,0,0,0,0,0,0,1,0,0,0,0,0,8,8,95700
2026-09-21T05:50:05.731Z,10792,1081775,95738,94612,100000000,400000000,2,2,255,0,2,2,2,15,0,0,1,2,0,0,0,0,0,0,0,1,0,0,0,0,0,8,8,95700
2026-09-21T05:50:05.921Z,10793,1081922,95738,76591,100000000,400000000,2,2,255,0,2,2,2,15,0,0,1,2,0,0,0,0,0,0,0,1,0,0,0,0,0,8,8,95700
2026-09-21T05:50:06.016Z,10794,1082017,94612,83349,100000000,400000000,2,2,255,0,2,2,2,15,0,0,1,2,0,0,0,0,0,0,0,1,0,0,0,0,0,8,8,94600
2026-09-21T05:50:06.112Z,10795,1082112,93486,101370,100000000,400000000,2,2,255,0,2,2,2,15,0,0,1,2,0,0,0,0,0,0,0,1,0,0,0,0,0,8,8,93400
2026-09-21T05:50:06.206Z,10796,1082208,92359,85601,100000000,400000000,2,2,255,0,2,2,2,15,0,0,1,2,0,0,0,0,0,0,0,1,0,0,0,0,0,8,8,92300
2026-09-21T05:50:06.300Z,10797,1082303,93486,102496,100000000,400000000,2,2,255,0,2,2,2,15,0,0,1,2,0,0,0,0,0,0,0,1,0,0,0,0,0,8,8,93400
2026-09-21T05:50:06.396Z,10798,1082397,94612,109254,100000000,400000000,2,2,255,0,2,2,2,15,0,0,1,2,0,0,0,0,0,0,0,1,0,0,0,0,0,8,8,94600
2026-09-21T05:50:06.474Z,10799,1082492,95738,92359,100000000,400000000,2,2,255,0,2,2,2,15,0,0,1,2,0,0,0,0,0,0,0,1,0,0,0,0,0,8,8,95700
2026-09-21T05:50:06.550Z,10800,1082576,96865,101370,100000000,400000000,2,2,255,0,2,2,2,15,0,0,1,2,0,0,0,0,0,0,0,1,0,0,0,0,0,8,8,96800
2026-09-21T05:50:06.640Z,10801,1082677,96865,95738,100000000,400000000,2,2,255,0,2,2,2,15,0,0,1,2,0,0,0,0,0,0,0,1,0,0,0,0,0,8,8,96800
2026-09-21T05:50:06.734Z,10802,1082777,96865,94612,100000000,400000000,2,2,255,0,2,2,2,15,0,0,1,2,0,0,0,0,0,0,0,1,0,0,0,0,0,8,8,96800
2026-09-21T05:50:06.922Z,10803,1082925,96865,91233,100000000,400000000,2,2,255,0,2,2,2,15,0,0,1,2,0,0,0,0,0,0,0,1,0,0,0,0,0,8,8,96800
2026-09-21T05:50:07.018Z,10804,1083019,95738,81096,100000000,400000000,2,2,255,0,2,2,2,15,0,0,1,2,0,0,0,0,0,0,0,1,0,0,0,0,0,8,8,95700
2026-09-21T05:50:07.114Z,10805,1083114,94612,93486,100000000,400000000,2,2,255,0,2,2,2,15,0,0,1,2,0,0,0,0,0,0,0,1,0,0,0,0,0,8,8,94600
2026-09-21T05:50:07.193Z,10806,1083209,94612,91233,100000000,400000000,2,2,255,0,2,2,2,15,0,0,1,2,0,0,0,0,0,0,0,1,0,0,0,0,0,8,8,94600
2026-09-21T05:50:07.269Z,10807,1083289,94612,76591,100000000,400000000,2,2,255,0,2,2,2,15,0,0,1,2,0,0,0,0,0,0,0,1,0,0,0,0,0,8,8,94600
2026-09-21T05:50:07.361Z,10808,1083378,94612,95738,100000000,400000000,2,2,255,0,2,2,2,15,0,0,1,2,0,0,0,0,0,0,0,1,0,0,0,0,0,8,8,94600
2026-09-21T05:50:07.453Z,10809,1083478,94612,104749,100000000,400000000,2,2,255,0,2,2,2,15,0,0,1,2,0,0,0,0,0,0,0,1,0,0,0,0,0,8,8,94600
2026-09-21T05:50:07.545Z,10810,1083578,94612,97991,100000000,400000000,2,2,255,0,2,2,2,15,0,0,1,2,0,0,0,0,0,0,0,1,0,0,0,0,0,8,8,94600
2026-09-21T05:50:07.637Z,10811,1083678,94612,93486,100000000,400000000,2,2,255,0,2,2,2,15,0,0,1,2,0,0,0,0,0,0,0,1,0,0,0,0,0,8,8,94600
2026-09-21T05:50:07.826Z,10812,1083828,94612,95738,100000000,400000000,2,2,255,0,2,2,2,15,0,0,1,2,0,0,0,0,0,0,0,1,0,0,0,0,0,8,8,94600
2026-09-21T05:50:07.921Z,10813,1083923,94612,86728,100000000,400000000,2,2,255,0,2,2,2,15,0,0,1,2,0,0,0,0,0,0,0,1,0,0,0,0,0,8,8,94600
2026-09-21T05:50:08.017Z,10814,1084018,93486,68706,100000000,400000000,2,2,255,0,2,2,2,15,0,0,1,2,0,0,0,0,0,0,0,1,0,0,0,0,0,8,8,93400
2026-09-21T05:50:08.111Z,10815,1084113,91233,74338,100000000,400000000,2,2,255,0,2,2,2,15,0,0,1,2,0,0,0,0,0,0,0,1,0,0,0,0,0,8,8,91200
2026-09-21T05:50:08.206Z,10816,1084208,88980,83349,100000000,400000000,2,2,255,0,2,2,2,15,0,0,1,2,0,0,0,0,0,0,0,1,0,0,0,0,0,8,8,88900
2026-09-21T05:50:08.301Z,10817,1084303,87854,82222,100000000,400000000,2,2,255,0,2,2,2,15,0,0,1,2,0,0,0,0,0,0,0,1,0,0,0,0,0,8,8,87800
2026-09-21T05:50:08.396Z,10818,1084398,86728,92359,100000000,400000000,2,2,255,0,2,2,2,15,0,0,1,2,0,0,0,0,0,0,0,1,0,0,0,0,0,8,8,86700
2026-09-21T05:50:08.472Z,10819,1084492,87854,114886,100000000,400000000,2,2,255,0,2,2,2,15,0,0,1,2,0,0,0,0,0,0,0,1,0,0,0,0,0,8,8,87800
2026-09-21T05:50:08.565Z,10820,1084580,88980,81096,100000000,400000000,2,2,255,0,2,2,2,15,0,0,1,2,0,0,0,0,0,0,0,1,0,0,0,0,0,8,8,88900
2026-09-21T05:50:08.656Z,10821,1084680,87854,79970,100000000,400000000,2,2,255,0,2,2,2,15,0,0,1,2,0,0,0,0,0,0,0,1,0,0,0,0,0,8,8,87800
2026-09-21T05:50:08.749Z,10822,1084780,86728,78843,100000000,400000000,2,2,255,0,2,2,2,15,0,0,1,2,0,0,0,0,0,0,0,1,0,0,0,0,0,8,8,86700
2026-09-21T05:50:08.840Z,10823,1084880,85601,94612,100000000,400000000,2,2,255,0,2,2,2,15,0,0,1,2,0,0,0,0,0,0,0,1,0,0,0,0,0,8,8,85600
2026-09-21T05:50:09.033Z,10824,1085032,85601,87854,100000000,400000000,2,2,255,0,2,2,2,15,0,0,1,2,0,0,0,0,0,0,0,1,0,0,0,0,0,8,8,85600
2026-09-21T05:50:09.128Z,10825,1085129,85601,79970,100000000,400000000,2,2,255,0,2,2,2,15,0,0,1,2,0,0,0,0,0,0,0,1,0,0,0,0,0,8,8,85600
2026-09-21T05:50:09.224Z,10826,1085225,85601,97991,100000000,400000000,2,2,255,0,2,2,2,15,0,0,1,2,0,0,0,0,0,0,0,1,0,0,0,0,0,8,8,85600
2026-09-21T05:50:09.303Z,10827,1085320,86728,92359,100000000,400000000,2,2,255,0,2,2,2,15,0,0,1,2,0,0,0,0,0,0,0,1,0,0,0,0,0,8,8,86700
2026-09-21T05:50:09.379Z,10828,1085400,87854,83349,100000000,400000000,2,2,255,0,2,2,2,15,0,0,1,2,0,0,0,0,0,0,0,1,0,0,0,0,0,8,8,87800
2026-09-21T05:50:09.470Z,10829,1085481,87854,85601,100000000,400000000,2,2,255,0,2,2,2,15,0,0,1,2,0,0,0,0,0,0,0,1,0,0,0,0,0,8,8,87800
2026-09-21T05:50:09.562Z,10830,1085582,87854,93486,100000000,400000000,2,2,255,0,2,2,2,15,0,0,1,2,0,0,0,0,0,0,0,1,0,0,0,0,0,8,8,87800
2026-09-21T05:50:09.654Z,10831,1085682,88980,101370,100000000,400000000,2,2,255,0,2,2,2,15,0,0,1,2,0,0,0,0,0,0,0,1,0,0,0,0,0,8,8,88900
2026-09-21T05:50:09.747Z,10832,1085782,90107,111507,100000000,400000000,2,2,255,0,2,2,2,15,0,0,1,2,0,0,0,0,0,0,0,1,0,0,0,0,0,8,8,90100
2026-09-21T05:50:09.839Z,10833,1085882,92359,103623,100000000,400000000,2,2,255,0,2,2,2,15,0,0,1,2,0,0,0,0,0,0,0,1,0,0,0,0,0,8,8,92300
2026-09-21T05:50:10.031Z,10834,1086031,94612,108128,100000000,400000000,2,2,255,0,2,2,2,15,0,0,1,2,0,0,0,0,0,0,0,1,0,0,0,0,0,8,8,94600
2026-09-21T05:50:10.126Z,10835,1086128,95738,90107,100000000,400000000,2,2,255,0,2,2,2,15,0,0,1,2,0,0,0,0,0,0,0,1,0,0,0,0,0,8,8,95700
2026-09-21T05:50:10.222Z,10836,1086223,94612,88980,100000000,400000000,2,2,255,0,2,2,2,15,0,0,1,2,0,0,0,0,0,0,0,1,0,0,0,0,0,8,8,94600
2026-09-21T05:50:10.316Z,10837,1086318,93486,100244,100000000,400000000,2,2,255,0,2,2,2,15,0,0,1,2,0,0,0,0,0,0,0,1,0,0,0,0,0,8,8,93400
2026-09-21T05:50:10.412Z,10838,1086413,92359,81096,100000000,400000000,2,2,255,0,2,2,2,15,0,0,1,2,0,0,0,0,0,0,0,1,0,0,0,0,0,8,8,92300
2026-09-21T05:50:10.492Z,10839,1086508,91233,81096,100000000,400000000,2,2,255,0,2,2,2,15,0,0,1,2,0,0,0,0,0,0,0,1,0,0,0,0,0,8,8,91200
2026-09-21T05:50:10.568Z,10840,1086588,90107,86728,100000000,400000000,2,2,255,0,2,2,2,15,0,0,1,2,0,0,0,0,0,0,0,1,0,0,0,0,0,8,8,90100
2026-09-21T05:50:10.659Z,10841,1086684,88980,85601,100000000,400000000,2,2,255,0,2,2,2,15,0,0,1,2,0,0,0,0,0,0,0,1,0,0,0,0,0,8,8,88900
2026-09-21T05:50:10.751Z,10842,1086784,88980,101370,100000000,400000000,2,2,255,0,2,2,2,15,0,0,1,2,0,0,0,0,0,0,0,1,0,0,0,0,0,8,8,88900
2026-09-21T05:50:10.842Z,10843,1086884,90107,101370,100000000,400000000,2,2,255,0,2,2,2,15,0,0,1,2,0,0,0,0,0,0,0,1,0,0,0,0,0,8,8,90100
2026-09-21T05:50:11.033Z,10844,1087035,91233,85601,100000000,400000000,2,2,255,0,2,2,2,15,0,0,1,2,0,0,0,0,0,0,0,1,0,0,0,0,0,8,8,91200
2026-09-21T05:50:11.129Z,10845,1087129,90107,63075,100000000,400000000,2,2,255,0,2,2,2,15,0,0,1,2,0,0,0,0,0,0,0,1,0,0,0,0,0,8,8,90100
2026-09-21T05:50:11.208Z,10846,1087226,86728,64201,100000000,400000000,2,2,255,0,2,2,2,15,0,0,1,2,0,0,0,0,0,0,0,1,0,0,0,0,0,8,8,86700
2026-09-21T05:50:11.284Z,10847,1087305,83349,85601,100000000,400000000,2,2,255,0,2,2,2,15,0,0,1,2,0,0,0,0,0,0,0,1,0,0,0,0,0,8,8,83300
2026-09-21T05:50:11.376Z,10848,1087385,83349,90107,100000000,400000000,2,2,255,0,2,2,2,15,0,0,1,2,0,0,0,0,0,0,0,1,0,0,0,0,0,8,8,83300
2026-09-21T05:50:11.468Z,10849,1087485,83349,81096,100000000,400000000,2,2,255,0,2,2,2,15,0,0,1,2,0,0,0,0,0,0,0,1,0,0,0,0,0,8,8,83300
2026-09-21T05:50:11.560Z,10850,1087585,83349,64201,100000000,400000000,2,2,255,0,2,2,2,15,0,0,1,2,0,0,0,0,0,0,0,1,0,0,0,0,0,8,8,83300
2026-09-21T05:50:11.653Z,10851,1087686,81096,67580,100000000,400000000,2,2,255,0,2,2,2,15,0,0,1,2,0,0,0,0,0,0,0,1,0,0,0,0,0,8,8,81000
2026-09-21T05:50:11.745Z,10852,1087786,78843,79970,100000000,400000000,2,2,255,0,2,2,2,15,0,0,1,2,0,0,0,0,0,0,0,1,0,0,0,0,0,8,8,78800
2026-09-21T05:50:11.935Z,10853,1087936,78843,104749,100000000,400000000,2,2,255,0,2,2,2,15,0,0,1,2,0,0,0,0,0,0,0,1,0,0,0,0,0,8,8,78800
2026-09-21T05:50:12.031Z,10854,1088031,78843,78843,100000000,400000000,2,2,255,0,2,2,2,15,0,0,1,2,0,0,0,0,0,0,0,1,0,0,0,0,0,8,8,78800
2026-09-21T05:50:12.126Z,10855,1088128,79970,84475,100000000,400000000,2,2,255,0,2,2,2,15,0,0,1,2,0,0,0,0,0,0,0,1,0,0,0,0,0,8,8,79900
2026-09-21T05:50:12.221Z,10856,1088222,81096,90107,100000000,400000000,2,2,255,0,2,2,2,15,0,0,1,2,0,0,0,0,0,0,0,1,0,0,0,0,0,8,8,81000
2026-09-21T05:50:12.317Z,10857,1088318,82222,92359,100000000,400000000,2,2,255,0,2,2,2,15,0,0,1,2,0,0,0,0,0,0,0,1,0,0,0,0,0,8,8,82200
2026-09-21T05:50:12.395Z,10858,1088413,83349,90107,100000000,400000000,2,2,255,0,2,2,2,15,0,0,1,2,0,0,0,0,0,0,0,1,0,0,0,0,0,8,8,83300
2026-09-21T05:50:12.471Z,10859,1088491,84475,99117,100000000,400000000,2,2,255,0,2,2,2,15,0,0,1,2,0,0,0,0,0,0,0,1,0,0,0,0,0,8,8,84400
2026-09-21T05:50:12.562Z,10860,1088587,86728,108128,100000000,400000000,2,2,255,0,2,2,2,15,0,0,1,2,0,0,0,0,0,0,0,1,0,0,0,0,0,8,8,86700
2026-09-21T05:50:12.653Z,10861,1088687,87854,88980,100000000,400000000,2,2,255,0,2,2,2,15,0,0,1,2,0,0,0,0,0,0,0,1,0,0,0,0,0,8,8,87800
2026-09-21T05:50:12.746Z,10862,1088788,87854,58569,100000000,400000000,2,2,255,0,2,2,2,15,0,0,1,2,0,0,0,0,0,0,0,1,0,0,0,0,0,8,8,87800
2026-09-21T05:50:12.937Z,10863,1088938,85601,73212,100000000,400000000,2,2,255,0,2,2,2,15,0,0,1,2,0,0,0,0,0,0,0,1,0,0,0,0,0,8,8,85600
2026-09-21T05:50:13.033Z,10864,1089033,84475,77717,100000000,400000000,2,2,255,0,2,2,2,15,0,0,1,2,0,0,0,0,0,0,0,1,0,0,0,0,0,8,8,84400
2026-09-21T05:50:13.128Z,10865,1089129,83349,109254,100000000,400000000,2,2,255,0,2,2,2,15,0,0,1,2,0,0,0,0,0,0,0,1,0,0,0,0,0,8,8,83300
2026-09-21T05:50:13.223Z,10866,1089225,86728,107002,100000000,400000000,2,2,255,0,2,2,2,15,0,0,1,2,0,0,0,0,0,0,0,1,0,0,0,0,0,8,8,86700
2026-09-21T05:50:13.302Z,10867,1089319,90107,110381,100000000,400000000,2,2,255,0,2,2,2,15,0,0,1,2,0,0,0,0,0,0,0,1,0,0,0,0,0,8,8,90100
2026-09-21T05:50:13.378Z,10868,1089399,92359,96865,100000000,400000000,2,2,255,0,2,2,2,15,0,0,1,2,0,0,0,0,0,0,0,1,0,0,0,0,0,8,8,92300
2026-09-21T05:50:13.470Z,10869,1089489,93486,82222,100000000,400000000,2,2,255,0,2,2,2,15,0,0,1,2,0,0,0,0,0,0,0,1,0,0,0,0,0,8,8,93400
2026-09-21T05:50:13.563Z,10870,1089589,92359,84475,100000000,400000000,2,2,255,0,2,2,2,15,0,0,1,2,0,0,0,0,0,0,0,1,0,0,0,0,0,8,8,92300
2026-09-21T05:50:13.655Z,10871,1089689,91233,78843,100000000,400000000,2,2,255,0,2,2,2,15,0,0,1,2,0,0,0,0,0,0,0,1,0,0,0,0,0,8,8,91200
2026-09-21T05:50:13.747Z,10872,1089789,90107,57443,100000000,400000000,2,2,255,0,2,2,2,15,0,0,1,2,0,0,0,0,0,0,0,1,0,0,0,0,0,8,8,90100
2026-09-21T05:50:13.937Z,10873,1089939,86728,60822,100000000,400000000,2,2,255,0,2,2,2,15,0,0,1,2,0,0,0,0,0,0,0,1,0,0,0,0,0,8,8,86700
2026-09-21T05:50:14.033Z,10874,1090035,83349,74338,100000000,400000000,2,2,255,0,2,2,2,15,0,0,1,2,0,0,0,0,0,0,0,1,0,0,0,0,0,8,8,83300
2026-09-21T05:50:14.129Z,10875,1090130,81096,68706,100000000,400000000,2,2,255,0,2,2,2,15,0,0,1,2,0,0,0,0,0,0,0,1,0,0,0,0,0,8,8,81000
2026-09-21T05:50:14.224Z,10876,1090226,79970,61948,100000000,400000000,2,2,255,0,2,2,2,15,0,0,1,2,0,0,0,0,0,0,0,1,0,0,0,0,0,8,8,79900
2026-09-21T05:50:14.304Z,10877,1090321,78843,68706,100000000,400000000,2,2,255,0,2,2,2,15,0,0,1,2,0,0,0,0,0,0,0,1,0,0,0,0,0,8,8,78800
2026-09-21T05:50:14.379Z,10878,1090401,77717,70959,100000000,400000000,2,2,255,0,2,2,2,15,0,0,1,2,0,0,0,0,0,0,0,1,0,0,0,0,0,8,8,77700
2026-09-21T05:50:14.456Z,10879,1090491,76591,81096,100000000,400000000,2,2,255,0,2,2,2,15,0,0,1,2,0,0,0,0,0,0,0,1,0,0,0,0,0,8,8,76500
2026-09-21T05:50:14.549Z,10880,1090591,77717,84475,100000000,400000000,2,2,255,0,2,2,2,15,0,0,1,2,0,0,0,0,0,0,0,1,0,0,0,0,0,8,8,77700
2026-09-21T05:50:14.739Z,10881,1090742,78843,83349,100000000,400000000,2,2,255,0,2,2,2,15,0,0,1,2,0,0,0,0,0,0,0,1,0,0,0,0,0,8,8,78800
2026-09-21T05:50:14.817Z,10882,1090836,79970,84475,100000000,400000000,2,2,255,0,2,2,2,15,0,0,1,2,0,0,0,0,0,0,0,1,0,0,0,0,0,8,8,79900
2026-09-21T05:50:14.896Z,10883,1090915,81096,85601,100000000,400000000,2,2,255,0,2,2,2,15,0,0,1,2,0,0,0,0,0,0,0,1,0,0,0,0,0,8,8,81000
2026-09-21T05:50:14.973Z,10884,1090992,82222,90107,100000000,400000000,2,2,255,0,2,2,2,15,0,0,1,2,0,0,0,0,0,0,0,1,0,0,0,0,0,8,8,82200
2026-09-21T05:50:15.064Z,10885,1091092,82222,81096,100000000,400000000,2,2,255,0,2,2,2,15,0,0,1,2,0,0,0,0,0,0,0,1,0,0,0,0,0,8,8,82200
2026-09-21T05:50:15.155Z,10886,1091193,82222,85601,100000000,400000000,2,2,255,0,2,2,2,15,0,0,1,2,0,0,0,0,0,0,0,1,0,0,0,0,0,8,8,82200
2026-09-21T05:50:15.249Z,10887,1091293,82222,101370,100000000,400000000,2,2,255,0,2,2,2,15,0,0,1,2,0,0,0,0,0,0,0,1,0,0,0,0,0,8,8,82200
2026-09-21T05:50:15.439Z,10888,1091441,84475,97991,100000000,400000000,2,2,255,0,2,2,2,15,0,0,1,2,0,0,0,0,0,0,0,1,0,0,0,0,0,8,8,84400
2026-09-21T05:50:15.534Z,10889,1091536,86728,82222,100000000,400000000,2,2,255,0,2,2,2,15,0,0,1,2,0,0,0,0,0,0,0,1,0,0,0,0,0,8,8,86700
2026-09-21T05:50:15.629Z,10890,1091630,86728,83349,100000000,400000000,2,2,255,0,2,2,2,15,0,0,1,2,0,0,0,0,0,0,0,1,0,0,0,0,0,8,8,86700
2026-09-21T05:50:15.709Z,10891,1091726,86728,92359,100000000,400000000,2,2,255,0,2,2,2,15,0,0,1,2,0,0,0,0,0,0,0,1,0,0,0,0,0,8,8,86700
2026-09-21T05:50:15.786Z,10892,1091806,87854,95738,100000000,400000000,2,2,255,0,2,2,2,15,0,0,1,2,0,0,0,0,0,0,0,1,0,0,0,0,0,8,8,87800
2026-09-21T05:50:15.862Z,10893,1091893,88980,111507,100000000,400000000,2,2,255,0,2,2,2,15,0,0,1,2,0,0,0,0,0,0,0,1,0,0,0,0,0,8,8,88900
2026-09-21T05:50:15.954Z,10894,1091993,91233,102496,100000000,400000000,2,2,255,0,2,2,2,15,0,0,1,2,0,0,0,0,0,0,0,1,0,0,0,0,0,8,8,91200
2026-09-21T05:50:16.049Z,10895,1092093,92359,81096,100000000,400000000,2,2,255,0,2,2,2,15,0,0,1,2,0,0,0,0,0,0,0,1,0,0,0,0,0,8,8,92300
2026-09-21T05:50:16.223Z,10896,1092241,93486,100244,100000000,400000000,2,2,255,0,2,2,2,15,0,0,1,2,0,0,0,0,0,0,0,1,0,0,0,0,0,8,8,93400
2026-09-21T05:50:16.303Z,10897,1092320,93486,95738,100000000,400000000,2,2,255,0,2,2,2,15,0,0,1,2,0,0,0,0,0,0,0,1,0,0,0,0,0,8,8,93400
2026-09-21T05:50:16.378Z,10898,1092400,93486,85601,100000000,400000000,2,2,255,0,2,2,2,15,0,0,1,2,0,0,0,0,0,0,0,1,0,0,0,0,0,8,8,93400
2026-09-21T05:50:16.469Z,10899,1092494,92359,72085,100000000,400000000,2,2,255,0,2,2,2,15,0,0,1,2,0,0,0,0,0,0,0,1,0,0,0,0,0,8,8,92300
2026-09-21T05:50:16.562Z,10900,1092594,91233,82222,100000000,400000000,2,2,255,0,2,2,2,15,0,0,1,2,0,0,0,0,0,0,0,1,0,0,0,0,0,8,8,91200
2026-09-21T05:50:16.654Z,10901,1092694,90107,96865,100000000,400000000,2,2,255,0,2,2,2,15,0,0,1,2,0,0,0,0,0,0,0,1,0,0,0,0,0,8,8,90100
2026-09-21T05:50:16.844Z,10902,1092847,88980,78843,100000000,400000000,2,2,255,0,2,2,2,15,0,0,1,2,0,0,0,0,0,0,0,1,0,0,0,0,0,8,8,88900
2026-09-21T05:50:16.939Z,10903,1092941,88980,91233,100000000,400000000,2,2,255,0,2,2,2,15,0,0,1,2,0,0,0,0,0,0,0,1,0,0,0,0,0,8,8,88900
2026-09-21T05:50:17.036Z,10904,1093036,88980,96865,100000000,400000000,2,2,255,0,2,2,2,15,0,0,1,2,0,0,0,0,0,0,0,1,0,0,0,0,0,8,8,88900
2026-09-21T05:50:17.116Z,10905,1093132,90107,93486,100000000,400000000,2,2,255,0,2,2,2,15,0,0,1,2,0,0,0,0,0,0,0,1,0,0,0,0,0,8,8,90100
2026-09-21T05:50:17.193Z,10906,1093213,90107,92359,100000000,400000000,2,2,255,0,2,2,2,15,0,0,1,2,0,0,0,0,0,0,0,1,0,0,0,0,0,8,8,90100
2026-09-21T05:50:17.268Z,10907,1093296,90107,88980,100000000,400000000,2,2,255,0,2,2,2,15,0,0,1,2,0,0,0,0,0,0,0,1,0,0,0,0,0,8,8,90100
2026-09-21T05:50:17.360Z,10908,1093396,90107,86728,100000000,400000000,2,2,255,0,2,2,2,15,0,0,1,2,0,0,0,0,0,0,0,1,0,0,0,0,0,8,8,90100
2026-09-21T05:50:17.454Z,10909,1093496,90107,77717,100000000,400000000,2,2,255,0,2,2,2,15,0,0,1,2,0,0,0,0,0,0,0,1,0,0,0,0,0,8,8,90100
2026-09-21T05:50:17.644Z,10910,1093646,88980,83349,100000000,400000000,2,2,255,0,2,2,2,15,0,0,1,2,0,0,0,0,0,0,0,1,0,0,0,0,0,8,8,88900
2026-09-21T05:50:17.739Z,10911,1093741,87854,85601,100000000,400000000,2,2,255,0,2,2,2,15,0,0,1,2,0,0,0,0,0,0,0,1,0,0,0,0,0,8,8,87800
2026-09-21T05:50:17.816Z,10912,1093836,86728,77717,100000000,400000000,2,2,255,0,2,2,2,15,0,0,1,2,0,0,0,0,0,0,0,1,0,0,0,0,0,8,8,86700
2026-09-21T05:50:17.893Z,10913,1093914,85601,74338,100000000,400000000,2,2,255,0,2,2,2,15,0,0,1,2,0,0,0,0,0,0,0,1,0,0,0,0,0,8,8,85600
2026-09-21T05:50:17.986Z,10914,1093997,84475,85601,100000000,400000000,2,2,255,0,2,2,2,15,0,0,1,2,0,0,0,0,0,0,0,1,0,0,0,0,0,8,8,84400
2026-09-21T05:50:18.078Z,10915,1094097,84475,105875,100000000,400000000,2,2,255,0,2,2,2,15,0,0,1,2,0,0,0,0,0,0,0,1,0,0,0,0,0,8,8,84400
2026-09-21T05:50:18.169Z,10916,1094197,85601,91233,100000000,400000000,2,2,255,0,2,2,2,15,0,0,1,2,0,0,0,0,0,0,0,1,0,0,0,0,0,8,8,85600
2026-09-21T05:50:18.260Z,10917,1094297,87854,105875,100000000,400000000,2,2,255,0,2,2,2,15,0,0,1,2,0,0,0,0,0,0,0,1,0,0,0,0,0,8,8,87800
2026-09-21T05:50:18.353Z,10918,1094397,90107,109254,100000000,400000000,2,2,255,0,2,2,2,15,0,0,1,2,0,0,0,0,0,0,0,1,0,0,0,0,0,8,8,90100
2026-09-21T05:50:18.545Z,10919,1094546,92359,108128,100000000,400000000,2,2,255,0,2,2,2,15,0,0,1,2,0,0,0,0,0,0,0,1,0,0,0,0,0,8,8,92300
2026-09-21T05:50:18.639Z,10920,1094641,94612,96865,100000000,400000000,2,2,255,0,2,2,2,15,0,0,1,2,0,0,0,0,0,0,0,1,0,0,0,0,0,8,8,94600
2026-09-21T05:50:18.735Z,10921,1094736,94612,81096,100000000,400000000,2,2,255,0,2,2,2,15,0,0,1,2,0,0,0,0,0,0,0,1,0,0,0,0,0,8,8,94600
2026-09-21T05:50:18.830Z,10922,1094831,92359,70959,100000000,400000000,2,2,255,0,2,2,2,15,0,0,1,2,0,0,0,0,0,0,0,1,0,0,0,0,0,8,8,92300
2026-09-21T05:50:18.926Z,10923,1094928,90107,67580,100000000,400000000,2,2,255,0,2,2,2,15,0,0,1,2,0,0,0,0,0,0,0,1,0,0,0,0,0,8,8,90100
2026-09-21T05:50:19.005Z,10924,1095023,87854,87854,100000000,400000000,2,2,255,0,2,2,2,15,0,0,1,2,0,0,0,0,0,0,0,1,0,0,0,0,0,8,8,87800
2026-09-21T05:50:19.080Z,10925,1095102,86728,82222,100000000,400000000,2,2,255,0,2,2,2,15,0,0,1,2,0,0,0,0,0,0,0,1,0,0,0,0,0,8,8,86700
2026-09-21T05:50:19.173Z,10926,1095199,85601,79970,100000000,400000000,2,2,255,0,2,2,2,15,0,0,1,2,0,0,0,0,0,0,0,1,0,0,0,0,0,8,8,85600
2026-09-21T05:50:19.265Z,10927,1095299,85601,84475,100000000,400000000,2,2,255,0,2,2,2,15,0,0,1,2,0,0,0,0,0,0,0,1,0,0,0,0,0,8,8,85600
2026-09-21T05:50:19.358Z,10928,1095399,84475,77717,100000000,400000000,2,2,255,0,2,2,2,15,0,0,1,2,0,0,0,0,0,0,0,1,0,0,0,0,0,8,8,84400
2026-09-21T05:50:19.550Z,10929,1095551,84475,94612,100000000,400000000,2,2,255,0,2,2,2,15,0,0,1,2,0,0,0,0,0,0,0,1,0,0,0,0,0,8,8,84400
2026-09-21T05:50:19.644Z,10930,1095647,85601,111507,100000000,400000000,2,2,255,0,2,2,2,15,0,0,1,2,0,0,0,0,0,0,0,1,0,0,0,0,0,8,8,85600
2026-09-21T05:50:19.739Z,10931,1095742,87854,102496,100000000,400000000,2,2,255,0,2,2,2,15,0,0,1,2,0,0,0,0,0,0,0,1,0,0,0,0,0,8,8,87800
2026-09-21T05:50:19.817Z,10932,1095837,90107,99117,100000000,400000000,2,2,255,0,2,2,2,15,0,0,1,2,0,0,0,0,0,0,0,1,0,0,0,0,0,8,8,90100
2026-09-21T05:50:19.893Z,10933,1095915,91233,91233,100000000,400000000,2,2,255,0,2,2,2,15,0,0,1,2,0,0,0,0,0,0,0,1,0,0,0,0,0,8,8,91200
2026-09-21T05:50:19.986Z,10934,1096000,91233,93486,100000000,400000000,2,2,255,0,2,2,2,15,0,0,1,2,0,0,0,0,0,0,0,1,0,0,0,0,0,8,8,91200
2026-09-21T05:50:20.077Z,10935,1096100,91233,95738,100000000,400000000,2,2,255,0,2,2,2,15,0,0,1,2,0,0,0,0,0,0,0,1,0,0,0,0,0,8,8,91200
2026-09-21T05:50:20.169Z,10936,1096201,91233,86728,100000000,400000000,2,2,255,0,2,2,2,15,0,0,1,2,0,0,0,0,0,0,0,1,0,0,0,0,0,8,8,91200
2026-09-21T05:50:20.261Z,10937,1096301,90107,77717,100000000,400000000,2,2,255,0,2,2,2,15,0,0,1,2,0,0,0,0,0,0,0,1,0,0,0,0,0,8,8,90100
2026-09-21T05:50:20.450Z,10938,1096453,90107,91233,100000000,400000000,2,2,255,0,2,2,2,15,0,0,1,2,0,0,0,0,0,0,0,1,0,0,0,0,0,8,8,90100
2026-09-21T05:50:20.545Z,10939,1096548,90107,111507,100000000,400000000,2,2,255,0,2,2,2,15,0,0,1,2,0,0,0,0,0,0,0,1,0,0,0,0,0,8,8,90100
2026-09-21T05:50:20.641Z,10940,1096643,92359,103623,100000000,400000000,2,2,255,0,2,2,2,15,0,0,1,2,0,0,0,0,0,0,0,1,0,0,0,0,0,8,8,92300
2026-09-21T05:50:20.736Z,10941,1096738,93486,104749,100000000,400000000,2,2,255,0,2,2,2,15,0,0,1,2,0,0,0,0,0,0,0,1,0,0,0,0,0,8,8,93400
2026-09-21T05:50:20.832Z,10942,1096833,94612,94612,100000000,400000000,2,2,255,0,2,2,2,15,0,0,1,2,0,0,0,0,0,0,0,1,0,0,0,0,0,8,8,94600
2026-09-21T05:50:20.913Z,10943,1096929,94612,97991,100000000,400000000,2,2,255,0,2,2,2,15,0,0,1,2,0,0,0,0,0,0,0,1,0,0,0,0,0,8,8,94600
2026-09-21T05:50:20.990Z,10944,1097009,94612,97991,100000000,400000000,2,2,255,0,2,2,2,15,0,0,1,2,0,0,0,0,0,0,0,1,0,0,0,0,0,8,8,94600
2026-09-21T05:50:21.081Z,10945,1097102,94612,84475,100000000,400000000,2,2,255,0,2,2,2,15,0,0,1,2,0,0,0,0,0,0,0,1,0,0,0,0,0,8,8,94600
2026-09-21T05:50:21.158Z,10946,1097202,93486,76591,100000000,400000000,2,2,255,0,2,2,2,15,0,0,1,2,0,0,0,0,0,0,0,1,0,0,0,0,0,8,8,93400
2026-09-21T05:50:21.348Z,10947,1097350,92359,84475,100000000,400000000,2,2,255,0,2,2,2,15,0,0,1,2,0,0,0,0,0,0,0,1,0,0,0,0,0,8,8,92300
2026-09-21T05:50:21.428Z,10948,1097446,90107,78843,100000000,400000000,2,2,255,0,2,2,2,15,0,0,1,2,0,0,0,0,0,0,0,1,0,0,0,0,0,8,8,90100
2026-09-21T05:50:21.506Z,10949,1097526,88980,90107,100000000,400000000,2,2,255,0,2,2,2,15,0,0,1,2,0,0,0,0,0,0,0,1,0,0,0,0,0,8,8,88900
2026-09-21T05:50:21.583Z,10950,1097604,88980,91233,100000000,400000000,2,2,255,0,2,2,2,15,0,0,1,2,0,0,0,0,0,0,0,1,0,0,0,0,0,8,8,88900
2026-09-21T05:50:21.658Z,10951,1097703,88980,97991,100000000,400000000,2,2,255,0,2,2,2,15,0,0,1,2,0,0,0,0,0,0,0,1,0,0,0,0,0,8,8,88900
2026-09-21T05:50:21.849Z,10952,1097850,90107,99117,100000000,400000000,2,2,255,0,2,2,2,15,0,0,1,2,0,0,0,0,0,0,0,1,0,0,0,0,0,8,8,90100
2026-09-21T05:50:21.930Z,10953,1097946,91233,87854,100000000,400000000,2,2,255,0,2,2,2,15,0,0,1,2,0,0,0,0,0,0,0,1,0,0,0,0,0,8,8,91200
2026-09-21T05:50:22.009Z,10954,1098028,91233,77717,100000000,400000000,2,2,255,0,2,2,2,15,0,0,1,2,0,0,0,0,0,0,0,1,0,0,0,0,0,8,8,91200
2026-09-21T05:50:22.101Z,10955,1098107,88980,76591,100000000,400000000,2,2,255,0,2,2,2,15,0,0,1,2,0,0,0,0,0,0,0,1,0,0,0,0,0,8,8,88900
2026-09-21T05:50:22.192Z,10956,1098204,87854,72085,100000000,400000000,2,2,255,0,2,2,2,15,0,0,1,2,0,0,0,0,0,0,0,1,0,0,0,0,0,8,8,87800
2026-09-21T05:50:22.284Z,10957,1098304,86728,86728,100000000,400000000,2,2,255,0,2,2,2,15,0,0,1,2,0,0,0,0,0,0,0,1,0,0,0,0,0,8,8,86700
2026-09-21T05:50:22.376Z,10958,1098404,86728,86728,100000000,400000000,2,2,255,0,2,2,2,15,0,0,1,2,0,0,0,0,0,0,0,1,0,0,0,0,0,8,8,86700
2026-09-21T05:50:22.468Z,10959,1098505,86728,83349,100000000,400000000,2,2,255,0,2,2,2,15,0,0,1,2,0,0,0,0,0,0,0,1,0,0,0,0,0,8,8,86700
2026-09-21T05:50:22.560Z,10960,1098605,86728,83349,100000000,400000000,2,2,255,0,2,2,2,15,0,0,1,2,0,0,0,0,0,0,0,1,0,0,0,0,0,8,8,86700
2026-09-21T05:50:22.750Z,10961,1098752,86728,81096,100000000,400000000,2,2,255,0,2,2,2,15,0,0,1,2,0,0,0,0,0,0,0,1,0,0,0,0,0,8,8,86700
2026-09-21T05:50:22.845Z,10962,1098848,85601,82222,100000000,400000000,2,2,255,0,2,2,2,15,0,0,1,2,0,0,0,0,0,0,0,1,0,0,0,0,0,8,8,85600
2026-09-21T05:50:22.940Z,10963,1098942,85601,91233,100000000,400000000,2,2,255,0,2,2,2,15,0,0,1,2,0,0,0,0,0,0,0,1,0,0,0,0,0,8,8,85600
2026-09-21T05:50:23.036Z,10964,1099038,86728,95738,100000000,400000000,2,2,255,0,2,2,2,15,0,0,1,2,0,0,0,0,0,0,0,1,0,0,0,0,0,8,8,86700
2026-09-21T05:50:23.115Z,10965,1099133,87854,105875,100000000,400000000,2,2,255,0,2,2,2,15,0,0,1,2,0,0,0,0,0,0,0,1,0,0,0,0,0,8,8,87800
2026-09-21T05:50:23.193Z,10966,1099213,88980,99117,100000000,400000000,2,2,255,0,2,2,2,15,0,0,1,2,0,0,0,0,0,0,0,1,0,0,0,0,0,8,8,88900
2026-09-21T05:50:23.268Z,10967,1099306,90107,83349,100000000,400000000,2,2,255,0,2,2,2,15,0,0,1,2,0,0,0,0,0,0,0,1,0,0,0,0,0,8,8,90100
2026-09-21T05:50:23.362Z,10968,1099406,88980,85601,100000000,400000000,2,2,255,0,2,2,2,15,0,0,1,2,0,0,0,0,0,0,0,1,0,0,0,0,0,8,8,88900
2026-09-21T05:50:23.553Z,10969,1099555,88980,94612,100000000,400000000,2,2,255,0,2,2,2,15,0,0,1,2,0,0,0,0,0,0,0,1,0,0,0,0,0,8,8,88900
2026-09-21T05:50:23.633Z,10970,1099650,88980,92359,100000000,400000000,2,2,255,0,2,2,2,15,0,0,1,2,0,0,0,0,0,0,0,1,0,0,0,0,0,8,8,88900
2026-09-21T05:50:23.712Z,10971,1099730,88980,77717,100000000,400000000,2,2,255,0,2,2,2,15,0,0,1,2,0,0,0,0,0,0,0,1,0,0,0,0,0,8,8,88900
2026-09-21T05:50:23.805Z,10972,1099809,87854,79970,100000000,400000000,2,2,255,0,2,2,2,15,0,0,1,2,0,0,0,0,0,0,0,1,0,0,0,0,0,8,8,87800
2026-09-21T05:50:23.897Z,10973,1099907,86728,85601,100000000,400000000,2,2,255,0,2,2,2,15,0,0,1,2,0,0,0,0,0,0,0,1,0,0,0,0,0,8,8,86700
2026-09-21T05:50:23.988Z,10974,1100007,85601,74338,100000000,400000000,2,2,255,0,2,2,2,15,0,0,1,2,0,0,0,0,0,0,0,1,0,0,0,0,0,8,8,85600
2026-09-21T05:50:24.080Z,10975,1100107,84475,73212,100000000,400000000,2,2,255,0,2,2,2,15,0,0,1,2,0,0,0,0,0,0,0,1,0,0,0,0,0,8,8,84400
2026-09-21T05:50:24.173Z,10976,1100207,83349,76591,100000000,400000000,2,2,255,0,2,2,2,15,0,0,1,2,0,0,0,0,0,0,0,1,0,0,0,0,0,8,8,83300
2026-09-21T05:50:24.265Z,10977,1100307,82222,68706,100000000,400000000,2,2,255,0,2,2,2,15,0,0,1,2,0,0,0,0,0,0,0,1,0,0,0,0,0,8,8,82200
2026-09-21T05:50:24.454Z,10978,1100457,81096,85601,100000000,400000000,2,2,255,0,2,2,2,15,0,0,1,2,0,0,0,0,0,0,0,1,0,0,0,0,0,8,8,81000
2026-09-21T05:50:24.550Z,10979,1100551,82222,92359,100000000,400000000,2,2,255,0,2,2,2,15,0,0,1,2,0,0,0,0,0,0,0,1,0,0,0,0,0,8,8,82200
2026-09-21T05:50:24.644Z,10980,1100648,83349,97991,100000000,400000000,2,2,255,0,2,2,2,15,0,0,1,2,0,0,0,0,0,0,0,1,0,0,0,0,0,8,8,83300
2026-09-21T05:50:24.740Z,10981,1100742,84475,87854,100000000,400000000,2,2,255,0,2,2,2,15,0,0,1,2,0,0,0,0,0,0,0,1,0,0,0,0,0,8,8,84400
2026-09-21T05:50:24.819Z,10982,1100838,84475,86728,100000000,400000000,2,2,255,0,2,2,2,15,0,0,1,2,0,0,0,0,0,0,0,1,0,0,0,0,0,8,8,84400
2026-09-21T05:50:24.894Z,10983,1100916,84475,77717,100000000,400000000,2,2,255,0,2,2,2,15,0,0,1,2,0,0,0,0,0,0,0,1,0,0,0,0,0,8,8,84400
2026-09-21T05:50:24.987Z,10984,1101009,83349,76591,100000000,400000000,2,2,255,0,2,2,2,15,0,0,1,2,0,0,0,0,0,0,0,1,0,0,0,0,0,8,8,83300
2026-09-21T05:50:25.078Z,10985,1101109,82222,82222,100000000,400000000,2,2,255,0,2,2,2,15,0,0,1,2,0,0,0,0,0,0,0,1,0,0,0,0,0,8,8,82200
2026-09-21T05:50:25.170Z,10986,1101209,82222,84475,100000000,400000000,2,2,255,0,2,2,2,15,0,0,1,2,0,0,0,0,0,0,0,1,0,0,0,0,0,8,8,82200
2026-09-21T05:50:25.265Z,10987,1101309,82222,92359,100000000,400000000,2,2,255,0,2,2,2,15,0,0,1,2,0,0,0,0,0,0,0,1,0,0,0,0,0,8,8,82200
2026-09-21T05:50:25.455Z,10988,1101457,83349,96865,100000000,400000000,2,2,255,0,2,2,2,15,0,0,1,2,0,0,0,0,0,0,0,1,0,0,0,0,0,8,8,83300
2026-09-21T05:50:25.550Z,10989,1101552,84475,81096,100000000,400000000,2,2,255,0,2,2,2,15,0,0,1,2,0,0,0,0,0,0,0,1,0,0,0,0,0,8,8,84400
2026-09-21T05:50:25.644Z,10990,1101648,84475,82222,100000000,400000000,2,2,255,0,2,2,2,15,0,0,1,2,0,0,0,0,0,0,0,1,0,0,0,0,0,8,8,84400
2026-09-21T05:50:25.739Z,10991,1101742,84475,79970,100000000,400000000,2,2,255,0,2,2,2,15,0,0,1,2,0,0,0,0,0,0,0,1,0,0,0,0,0,8,8,84400
2026-09-21T05:50:25.817Z,10992,1101837,83349,69833,100000000,400000000,2,2,255,0,2,2,2,15,0,0,1,2,0,0,0,0,0,0,0,1,0,0,0,0,0,8,8,83300
2026-09-21T05:50:25.892Z,10993,1101916,81096,67580,100000000,400000000,2,2,255,0,2,2,2,15,0,0,1,2,0,0,0,0,0,0,0,1,0,0,0,0,0,8,8,81000
2026-09-21T05:50:25.983Z,10994,1102010,78843,66454,100000000,400000000,2,2,255,0,2,2,2,15,0,0,1,2,0,0,0,0,0,0,0,1,0,0,0,0,0,8,8,78800
2026-09-21T05:50:26.075Z,10995,1102110,77717,77717,100000000,400000000,2,2,255,0,2,2,2,15,0,0,1,2,0,0,0,0,0,0,0,1,0,0,0,0,0,8,8,77700
2026-09-21T05:50:26.168Z,10996,1102211,77717,88980,100000000,400000000,2,2,255,0,2,2,2,15,0,0,1,2,0,0,0,0,0,0,0,1,0,0,0,0,0,8,8,77700
2026-09-21T05:50:26.358Z,10997,1102361,78843,96865,100000000,400000000,2,2,255,0,2,2,2,15,0,0,1,2,0,0,0,0,0,0,0,1,0,0,0,0,0,8,8,78800
2026-09-21T05:50:26.454Z,10998,1102456,79970,84475,100000000,400000000,2,2,255,0,2,2,2,15,0,0,1,2,0,0,0,0,0,0,0,1,0,0,0,0,0,8,8,79900
2026-09-21T05:50:26.550Z,10999,1102551,81096,90107,100000000,400000000,2,2,255,0,2,2,2,15,0,0,1,2,0,0,0,0,0,0,0,1,0,0,0,0,0,8,8,81000
2026-09-21T05:50:26.644Z,11000,1102648,82222,108128,100000000,400000000,2,2,255,0,2,2,2,15,0,0,1,2,0,0,0,0,0,0,0,1,0,0,0,0,0,8,8,82200
2026-09-21T05:50:26.740Z,11001,1102742,84475,96865,100000000,400000000,2,2,255,0,2,2,2,15,0,0,1,2,0,0,0,0,0,0,0,1,0,0,0,0,0,8,8,84400
2026-09-21T05:50:26.819Z,11002,1102837,85601,79970,100000000,400000000,2,2,255,0,2,2,2,15,0,0,1,2,0,0,0,0,0,0,0,1,0,0,0,0,0,8,8,85600
2026-09-21T05:50:26.894Z,11003,1102916,86728,97991,100000000,400000000,2,2,255,0,2,2,2,15,0,0,1,2,0,0,0,0,0,0,0,1,0,0,0,0,0,8,8,86700
2026-09-21T05:50:26.986Z,11004,1103014,87854,99117,100000000,400000000,2,2,255,0,2,2,2,15,0,0,1,2,0,0,0,0,0,0,0,1,0,0,0,0,0,8,8,87800
2026-09-21T05:50:27.078Z,11005,1103113,88980,96865,100000000,400000000,2,2,255,0,2,2,2,15,0,0,1,2,0,0,0,0,0,0,0,1,0,0,0,0,0,8,8,88900
2026-09-21T05:50:27.170Z,11006,1103213,90107,70959,100000000,400000000,2,2,255,0,2,2,2,15,0,0,1,2,0,0,0,0,0,0,0,1,0,0,0,0,0,8,8,90100
2026-09-21T05:50:27.359Z,11007,1103362,88980,83349,100000000,400000000,2,2,255,0,2,2,2,15,0,0,1,2,0,0,0,0,0,0,0,1,0,0,0,0,0,8,8,88900
2026-09-21T05:50:27.455Z,11008,1103457,87854,83349,100000000,400000000,2,2,255,0,2,2,2,15,0,0,1,2,0,0,0,0,0,0,0,1,0,0,0,0,0,8,8,87800
2026-09-21T05:50:27.550Z,11009,1103552,86728,81096,100000000,400000000,2,2,255,0,2,2,2,15,0,0,1,2,0,0,0,0,0,0,0,1,0,0,0,0,0,8,8,86700
2026-09-21T05:50:27.644Z,11010,1103648,86728,86728,100000000,400000000,2,2,255,0,2,2,2,15,0,0,1,2,0,0,0,0,0,0,0,1,0,0,0,0,0,8,8,86700
2026-09-21T05:50:27.739Z,11011,1103742,85601,81096,100000000,400000000,2,2,255,0,2,2,2,15,0,0,1,2,0,0,0,0,0,0,0,1,0,0,0,0,0,8,8,85600
2026-09-21T05:50:27.818Z,11012,1103837,85601,85601,100000000,400000000,2,2,255,0,2,2,2,15,0,0,1,2,0,0,0,0,0,0,0,1,0,0,0,0,0,8,8,85600
2026-09-21T05:50:27.893Z,11013,1103916,85601,85601,100000000,400000000,2,2,255,0,2,2,2,15,0,0,1,2,0,0,0,0,0,0,0,1,0,0,0,0,0,8,8,85600
2026-09-21T05:50:27.985Z,11014,1104014,85601,87854,100000000,400000000,2,2,255,0,2,2,2,15,0,0,1,2,0,0,0,0,0,0,0,1,0,0,0,0,0,8,8,85600
2026-09-21T05:50:28.076Z,11015,1104114,85601,94612,100000000,400000000,2,2,255,0,2,2,2,15,0,0,1,2,0,0,0,0,0,0,0,1,0,0,0,0,0,8,8,85600
2026-09-21T05:50:28.169Z,11016,1104214,85601,70959,100000000,400000000,2,2,255,0,2,2,2,15,0,0,1,2,0,0,0,0,0,0,0,1,0,0,0,0,0,8,8,85600
2026-09-21T05:50:28.359Z,11017,1104362,85601,88980,100000000,400000000,2,2,255,0,2,2,2,15,0,0,1,2,0,0,0,0,0,0,0,1,0,0,0,0,0,8,8,85600
2026-09-21T05:50:28.455Z,11018,1104457,85601,103623,100000000,400000000,2,2,255,0,2,2,2,15,0,0,1,2,0,0,0,0,0,0,0,1,0,0,0,0,0,8,8,85600
2026-09-21T05:50:28.552Z,11019,1104552,87854,108128,100000000,400000000,2,2,255,0,2,2,2,15,0,0,1,2,0,0,0,0,0,0,0,1,0,0,0,0,0,8,8,87800
2026-09-21T05:50:28.631Z,11020,1104649,90107,109254,100000000,400000000,2,2,255,0,2,2,2,15,0,0,1,2,0,0,0,0,0,0,0,1,0,0,0,0,0,8,8,90100
2026-09-21T05:50:28.708Z,11021,1104728,92359,79970,100000000,400000000,2,2,255,0,2,2,2,15,0,0,1,2,0,0,0,0,0,0,0,1,0,0,0,0,0,8,8,92300
2026-09-21T05:50:28.785Z,11022,1104815,93486,100244,100000000,400000000,2,2,255,0,2,2,2,15,0,0,1,2,0,0,0,0,0,0,0,1,0,0,0,0,0,8,8,93400
2026-09-21T05:50:28.877Z,11023,1104915,94612,102496,100000000,400000000,2,2,255,0,2,2,2,15,0,0,1,2,0,0,0,0,0,0,0,1,0,0,0,0,0,8,8,94600
2026-09-21T05:50:28.972Z,11024,1105015,95738,96865,100000000,400000000,2,2,255,0,2,2,2,15,0,0,1,2,0,0,0,0,0,0,0,1,0,0,0,0,0,8,8,95700
2026-09-21T05:50:29.146Z,11025,1105166,95738,91233,100000000,400000000,2,2,255,0,2,2,2,15,0,0,1,2,0,0,0,0,0,0,0,1,0,0,0,0,0,8,8,95700
2026-09-21T05:50:29.224Z,11026,1105244,95738,96865,100000000,400000000,2,2,255,0,2,2,2,15,0,0,1,2,0,0,0,0,0,0,0,1,0,0,0,0,0,8,8,95700
2026-09-21T05:50:29.302Z,11027,1105322,95738,110381,100000000,400000000,2,2,255,0,2,2,2,15,0,0,1,2,0,0,0,0,0,0,0,1,0,0,0,0,0,8,8,95700
2026-09-21T05:50:29.379Z,11028,1105416,95738,97991,100000000,400000000,2,2,255,0,2,2,2,15,0,0,1,2,0,0,0,0,0,0,0,1,0,0,0,0,0,8,8,95700
2026-09-21T05:50:29.473Z,11029,1105516,95738,95738,100000000,400000000,2,2,255,0,2,2,2,15,0,0,1,2,0,0,0,0,0,0,0,1,0,0,0,0,0,8,8,95700
2026-09-21T05:50:29.646Z,11030,1105666,95738,93486,100000000,400000000,2,2,255,0,2,2,2,15,0,0,1,2,0,0,0,0,0,0,0,1,0,0,0,0,0,8,8,95700
2026-09-21T05:50:29.724Z,11031,1105744,95738,97991,100000000,400000000,2,2,255,0,2,2,2,15,0,0,1,2,0,0,0,0,0,0,0,1,0,0,0,0,0,8,8,95700
2026-09-21T05:50:29.801Z,11032,1105823,95738,88980,100000000,400000000,2,2,255,0,2,2,2,15,0,0,1,2,0,0,0,0,0,0,0,1,0,0,0,0,0,8,8,95700
2026-09-21T05:50:29.877Z,11033,1105917,95738,105875,100000000,400000000,2,2,255,0,2,2,2,15,0,0,1,2,0,0,0,0,0,0,0,1,0,0,0,0,0,8,8,95700
2026-09-21T05:50:29.972Z,11034,1106017,94612,86728,100000000,400000000,2,2,255,0,2,2,2,15,0,0,1,2,0,0,0,0,0,0,0,1,0,0,0,0,0,8,8,94600
2026-09-21T05:50:30.145Z,11035,1106166,93486,68706,100000000,400000000,2,2,255,0,2,2,2,15,0,0,1,2,0,0,0,0,0,0,0,1,0,0,0,0,0,8,8,93400
2026-09-21T05:50:30.225Z,11036,1106244,90107,66454,100000000,400000000,2,2,255,0,2,2,2,15,0,0,1,2,0,0,0,0,0,0,0,1,0,0,0,0,0,8,8,90100
2026-09-21T05:50:30.303Z,11037,1106323,87854,83349,100000000,400000000,2,2,255,0,2,2,2,15,0,0,1,2,0,0,0,0,0,0,0,1,0,0,0,0,0,8,8,87800
2026-09-21T05:50:30.395Z,11038,1106418,86728,90107,100000000,400000000,2,2,255,0,2,2,2,15,0,0,1,2,0,0,0,0,0,0,0,1,0,0,0,0,0,8,8,86700
2026-09-21T05:50:30.472Z,11039,1106518,86728,103623,100000000,400000000,2,2,255,0,2,2,2,15,0,0,1,2,0,0,0,0,0,0,0,1,0,0,0,0,0,8,8,86700
2026-09-21T05:50:30.645Z,11040,1106666,86728,86728,100000000,400000000,2,2,255,0,2,2,2,15,0,0,1,2,0,0,0,0,0,0,0,1,0,0,0,0,0,8,8,86700
2026-09-21T05:50:30.724Z,11041,1106743,86728,83349,100000000,400000000,2,2,255,0,2,2,2,15,0,0,1,2,0,0,0,0,0,0,0,1,0,0,0,0,0,8,8,86700
2026-09-21T05:50:30.802Z,11042,1106822,86728,88980,100000000,400000000,2,2,255,0,2,2,2,15,0,0,1,2,0,0,0,0,0,0,0,1,0,0,0,0,0,8,8,86700
2026-09-21T05:50:30.877Z,11043,1106918,86728,105875,100000000,400000000,2,2,255,0,2,2,2,15,0,0,1,2,0,0,0,0,0,0,0,1,0,0,0,0,0,8,8,86700
2026-09-21T05:50:31.055Z,11044,1107071,87854,94612,100000000,400000000,2,2,255,0,2,2,2,15,0,0,1,2,0,0,0,0,0,0,0,1,0,0,0,0,0,8,8,87800
2026-09-21T05:50:31.135Z,11045,1107152,88980,75464,100000000,400000000,2,2,255,0,2,2,2,15,0,0,1,2,0,0,0,0,0,0,0,1,0,0,0,0,0,8,8,88900
2026-09-21T05:50:31.229Z,11046,1107232,88980,86728,100000000,400000000,2,2,255,0,2,2,2,15,0,0,1,2,0,0,0,0,0,0,0,1,0,0,0,0,0,8,8,88900
2026-09-21T05:50:31.324Z,11047,1107328,88980,99117,100000000,400000000,2,2,255,0,2,2,2,15,0,0,1,2,0,0,0,0,0,0,0,1,0,0,0,0,0,8,8,88900
2026-09-21T05:50:31.416Z,11048,1107422,90107,99117,100000000,400000000,2,2,255,0,2,2,2,15,0,0,1,2,0,0,0,0,0,0,0,1,0,0,0,0,0,8,8,90100
2026-09-21T05:50:31.509Z,11049,1107519,91233,86728,100000000,400000000,2,2,255,0,2,2,2,15,0,0,1,2,0,0,0,0,0,0,0,1,0,0,0,0,0,8,8,91200
2026-09-21T05:50:31.601Z,11050,1107619,90107,83349,100000000,400000000,2,2,255,0,2,2,2,15,0,0,1,2,0,0,0,0,0,0,0,1,0,0,0,0,0,8,8,90100
2026-09-21T05:50:31.694Z,11051,1107720,90107,86728,100000000,400000000,2,2,255,0,2,2,2,15,0,0,1,2,0,0,0,0,0,0,0,1,0,0,0,0,0,8,8,90100
2026-09-21T05:50:31.786Z,11052,1107820,88980,85601,100000000,400000000,2,2,255,0,2,2,2,15,0,0,1,2,0,0,0,0,0,0,0,1,0,0,0,0,0,8,8,88900
2026-09-21T05:50:31.945Z,11053,1107964,88980,96865,100000000,400000000,2,2,255,0,2,2,2,15,0,0,1,2,0,0,0,0,0,0,0,1,0,0,0,0,0,8,8,88900
2026-09-21T05:50:32.023Z,11054,1108043,88980,82222,100000000,400000000,2,2,255,0,2,2,2,15,0,0,1,2,0,0,0,0,0,0,0,1,0,0,0,0,0,8,8,88900
2026-09-21T05:50:32.098Z,11055,1108121,87854,65327,100000000,400000000,2,2,255,0,2,2,2,15,0,0,1,2,0,0,0,0,0,0,0,1,0,0,0,0,0,8,8,87800
2026-09-21T05:50:32.191Z,11056,1108220,85601,73212,100000000,400000000,2,2,255,0,2,2,2,15,0,0,1,2,0,0,0,0,0,0,0,1,0,0,0,0,0,8,8,85600
2026-09-21T05:50:32.283Z,11057,1108320,84475,99117,100000000,400000000,2,2,255,0,2,2,2,15,0,0,1,2,0,0,0,0,0,0,0,1,0,0,0,0,0,8,8,84400
2026-09-21T05:50:32.376Z,11058,1108421,85601,88980,100000000,400000000,2,2,255,0,2,2,2,15,0,0,1,2,0,0,0,0,0,0,0,1,0,0,0,0,0,8,8,85600
2026-09-21T05:50:32.565Z,11059,1108569,85601,58569,100000000,400000000,2,2,255,0,2,2,2,15,0,0,1,2,0,0,0,0,0,0,0,1,0,0,0,0,0,8,8,85600
2026-09-21T05:50:32.659Z,11060,1108664,82222,61948,100000000,400000000,2,2,255,0,2,2,2,15,0,0,1,2,0,0,0,0,0,0,0,1,0,0,0,0,0,8,8,82200
2026-09-21T05:50:32.754Z,11061,1108758,79970,64201,100000000,400000000,2,2,255,0,2,2,2,15,0,0,1,2,0,0,0,0,0,0,0,1,0,0,0,0,0,8,8,79900
2026-09-21T05:50:32.850Z,11062,1108852,77717,85601,100000000,400000000,2,2,255,0,2,2,2,15,0,0,1,2,0,0,0,0,0,0,0,1,0,0,0,0,0,8,8,77700
2026-09-21T05:50:32.932Z,11063,1108948,78843,93486,100000000,400000000,2,2,255,0,2,2,2,15,0,0,1,2,0,0,0,0,0,0,0,1,0,0,0,0,0,8,8,78800
2026-09-21T05:50:33.007Z,11064,1109029,79970,73212,100000000,400000000,2,2,255,0,2,2,2,15,0,0,1,2,0,0,0,0,0,0,0,1,0,0,0,0,0,8,8,79900
2026-09-21T05:50:33.098Z,11065,1109122,79970,77717,100000000,400000000,2,2,255,0,2,2,2,15,0,0,1,2,0,0,0,0,0,0,0,1,0,0,0,0,0,8,8,79900
2026-09-21T05:50:33.177Z,11066,1109222,79970,81096,100000000,400000000,2,2,255,0,2,2,2,15,0,0,1,2,0,0,0,0,0,0,0,1,0,0,0,0,0,8,8,79900
2026-09-21T05:50:33.335Z,11067,1109354,79970,84475,100000000,400000000,2,2,255,0,2,2,2,15,0,0,1,2,0,0,0,0,0,0,0,1,0,0,0,0,0,8,8,79900
2026-09-21T05:50:33.411Z,11068,1109432,81096,99117,100000000,400000000,2,2,255,0,2,2,2,15,0,0,1,2,0,0,0,0,0,0,0,1,0,0,0,0,0,8,8,81000
2026-09-21T05:50:33.490Z,11069,1109522,83349,103623,100000000,400000000,2,2,255,0,2,2,2,15,0,0,1,2,0,0,0,0,0,0,0,1,0,0,0,0,0,8,8,83300
2026-09-21T05:50:33.581Z,11070,1109623,85601,94612,100000000,400000000,2,2,255,0,2,2,2,15,0,0,1,2,0,0,0,0,0,0,0,1,0,0,0,0,0,8,8,85600
2026-09-21T05:50:33.769Z,11071,1109774,86728,83349,100000000,400000000,2,2,255,0,2,2,2,15,0,0,1,2,0,0,0,0,0,0,0,1,0,0,0,0,0,8,8,86700
2026-09-21T05:50:33.864Z,11072,1109868,86728,79970,100000000,400000000,2,2,255,0,2,2,2,15,0,0,1,2,0,0,0,0,0,0,0,1,0,0,0,0,0,8,8,86700
2026-09-21T05:50:33.944Z,11073,1109963,86728,91233,100000000,400000000,2,2,255,0,2,2,2,15,0,0,1,2,0,0,0,0,0,0,0,1,0,0,0,0,0,8,8,86700
2026-09-21T05:50:34.019Z,11074,1110042,85601,76591,100000000,400000000,2,2,255,0,2,2,2,15,0,0,1,2,0,0,0,0,0,0,0,1,0,0,0,0,0,8,8,85600
2026-09-21T05:50:34.111Z,11075,1110123,84475,70959,100000000,400000000,2,2,255,0,2,2,2,15,0,0,1,2,0,0,0,0,0,0,0,1,0,0,0,0,0,8,8,84400
2026-09-21T05:50:34.205Z,11076,1110224,83349,84475,100000000,400000000,2,2,255,0,2,2,2,15,0,0,1,2,0,0,0,0,0,0,0,1,0,0,0,0,0,8,8,83300
2026-09-21T05:50:34.296Z,11077,1110324,83349,91233,100000000,400000000,2,2,255,0,2,2,2,15,0,0,1,2,0,0,0,0,0,0,0,1,0,0,0,0,0,8,8,83300
2026-09-21T05:50:34.388Z,11078,1110424,83349,76591,100000000,400000000,2,2,255,0,2,2,2,15,0,0,1,2,0,0,0,0,0,0,0,1,0,0,0,0,0,8,8,83300
2026-09-21T05:50:34.481Z,11079,1110524,83349,79970,100000000,400000000,2,2,255,0,2,2,2,15,0,0,1,2,0,0,0,0,0,0,0,1,0,0,0,0,0,8,8,83300
2026-09-21T05:50:34.671Z,11080,1110674,83349,84475,100000000,400000000,2,2,255,0,2,2,2,15,0,0,1,2,0,0,0,0,0,0,0,1,0,0,0,0,0,8,8,83300
2026-09-21T05:50:34.766Z,11081,1110769,83349,75464,100000000,400000000,2,2,255,0,2,2,2,15,0,0,1,2,0,0,0,0,0,0,0,1,0,0,0,0,0,8,8,83300
2026-09-21T05:50:34.860Z,11082,1110864,83349,90107,100000000,400000000,2,2,255,0,2,2,2,15,0,0,1,2,0,0,0,0,0,0,0,1,0,0,0,0,0,8,8,83300
2026-09-21T05:50:34.956Z,11083,1110959,84475,87854,100000000,400000000,2,2,255,0,2,2,2,15,0,0,1,2,0,0,0,0,0,0,0,1,0,0,0,0,0,8,8,84400
2026-09-21T05:50:35.051Z,11084,1111054,85601,92359,100000000,400000000,2,2,255,0,2,2,2,15,0,0,1,2,0,0,0,0,0,0,0,1,0,0,0,0,0,8,8,85600
2026-09-21T05:50:35.133Z,11085,1111149,85601,84475,100000000,400000000,2,2,255,0,2,2,2,15,0,0,1,2,0,0,0,0,0,0,0,1,0,0,0,0,0,8,8,85600
2026-09-21T05:50:35.208Z,11086,1111230,85601,75464,100000000,400000000,2,2,255,0,2,2,2,15,0,0,1,2,0,0,0,0,0,0,0,1,0,0,0,0,0,8,8,85600
2026-09-21T05:50:35.299Z,11087,1111325,84475,76591,100000000,400000000,2,2,255,0,2,2,2,15,0,0,1,2,0,0,0,0,0,0,0,1,0,0,0,0,0,8,8,84400
2026-09-21T05:50:35.391Z,11088,1111426,83349,86728,100000000,400000000,2,2,255,0,2,2,2,15,0,0,1,2,0,0,0,0,0,0,0,1,0,0,0,0,0,8,8,83300
2026-09-21T05:50:35.484Z,11089,1111526,83349,88980,100000000,400000000,2,2,255,0,2,2,2,15,0,0,1,2,0,0,0,0,0,0,0,1,0,0,0,0,0,8,8,83300
2026-09-21T05:50:35.673Z,11090,1111677,83349,75464,100000000,400000000,2,2,255,0,2,2,2,15,0,0,1,2,0,0,0,0,0,0,0,1,0,0,0,0,0,8,8,83300
2026-09-21T05:50:35.768Z,11091,1111771,84475,87854,100000000,400000000,2,2,255,0,2,2,2,15,0,0,1,2,0,0,0,0,0,0,0,1,0,0,0,0,0,8,8,84400
2026-09-21T05:50:35.863Z,11092,1111867,84475,101370,100000000,400000000,2,2,255,0,2,2,2,15,0,0,1,2,0,0,0,0,0,0,0,1,0,0,0,0,0,8,8,84400
2026-09-21T05:50:35.958Z,11093,1111961,86728,113760,100000000,400000000,2,2,255,0,2,2,2,15,0,0,1,2,0,0,0,0,0,0,0,1,0,0,0,0,0,8,8,86700
2026-09-21T05:50:36.037Z,11094,1112056,88980,96865,100000000,400000000,2,2,255,0,2,2,2,15,0,0,1,2,0,0,0,0,0,0,0,1,0,0,0,0,0,8,8,88900
2026-09-21T05:50:36.114Z,11095,1112135,90107,75464,100000000,400000000,2,2,255,0,2,2,2,15,0,0,1,2,0,0,0,0,0,0,0,1,0,0,0,0,0,8,8,90100
2026-09-21T05:50:36.191Z,11096,1112227,90107,88980,100000000,400000000,2,2,255,0,2,2,2,15,0,0,1,2,0,0,0,0,0,0,0,1,0,0,0,0,0,8,8,90100
2026-09-21T05:50:36.351Z,11097,1112369,90107,99117,100000000,400000000,2,2,255,0,2,2,2,15,0,0,1,2,0,0,0,0,0,0,0,1,0,0,0,0,0,8,8,90100
2026-09-21T05:50:36.432Z,11098,1112448,90107,78843,100000000,400000000,2,2,255,0,2,2,2,15,0,0,1,2,0,0,0,0,0,0,0,1,0,0,0,0,0,8,8,90100
2026-09-21T05:50:36.523Z,11099,1112530,91233,94612,100000000,400000000,2,2,255,0,2,2,2,15,0,0,1,2,0,0,0,0,0,0,0,1,0,0,0,0,0,8,8,91200
2026-09-21T05:50:36.614Z,11100,1112628,90107,82222,100000000,400000000,2,2,255,0,2,2,2,15,0,0,1,2,0,0,0,0,0,0,0,1,0,0,0,0,0,8,8,90100
2026-09-21T05:50:36.706Z,11101,1112728,88980,70959,100000000,400000000,2,2,255,0,2,2,2,15,0,0,1,2,0,0,0,0,0,0,0,1,0,0,0,0,0,8,8,88900
2026-09-21T05:50:36.798Z,11102,1112828,86728,75464,100000000,400000000,2,2,255,0,2,2,2,15,0,0,1,2,0,0,0,0,0,0,0,1,0,0,0,0,0,8,8,86700
2026-09-21T05:50:36.889Z,11103,1112928,85601,78843,100000000,400000000,2,2,255,0,2,2,2,15,0,0,1,2,0,0,0,0,0,0,0,1,0,0,0,0,0,8,8,85600
2026-09-21T05:50:36.983Z,11104,1113028,84475,102496,100000000,400000000,2,2,255,0,2,2,2,15,0,0,1,2,0,0,0,0,0,0,0,1,0,0,0,0,0,8,8,84400
2026-09-21T05:50:37.174Z,11105,1113176,86728,103623,100000000,400000000,2,2,255,0,2,2,2,15,0,0,1,2,0,0,0,0,0,0,0,1,0,0,0,0,0,8,8,86700
2026-09-21T05:50:37.269Z,11106,1113271,88980,90107,100000000,400000000,2,2,255,0,2,2,2,15,0,0,1,2,0,0,0,0,0,0,0,1,0,0,0,0,0,8,8,88900
2026-09-21T05:50:37.364Z,11107,1113368,90107,94612,100000000,400000000,2,2,255,0,2,2,2,15,0,0,1,2,0,0,0,0,0,0,0,1,0,0,0,0,0,8,8,90100
2026-09-21T05:50:37.443Z,11108,1113463,90107,92359,100000000,400000000,2,2,255,0,2,2,2,15,0,0,1,2,0,0,0,0,0,0,0,1,0,0,0,0,0,8,8,90100
2026-09-21T05:50:37.518Z,11109,1113542,90107,79970,100000000,400000000,2,2,255,0,2,2,2,15,0,0,1,2,0,0,0,0,0,0,0,1,0,0,0,0,0,8,8,90100
2026-09-21T05:50:37.611Z,11110,1113629,88980,73212,100000000,400000000,2,2,255,0,2,2,2,15,0,0,1,2,0,0,0,0,0,0,0,1,0,0,0,0,0,8,8,88900
2026-09-21T05:50:37.704Z,11111,1113729,86728,65327,100000000,400000000,2,2,255,0,2,2,2,15,0,0,1,2,0,0,0,0,0,0,0,1,0,0,0,0,0,8,8,86700
2026-09-21T05:50:37.796Z,11112,1113830,84475,70959,100000000,400000000,2,2,255,0,2,2,2,15,0,0,1,2,0,0,0,0,0,0,0,1,0,0,0,0,0,8,8,84400
2026-09-21T05:50:37.887Z,11113,1113930,82222,60822,100000000,400000000,2,2,255,0,2,2,2,15,0,0,1,2,0,0,0,0,0,0,0,1,0,0,0,0,0,8,8,82200
2026-09-21T05:50:38.076Z,11114,1114081,81096,69833,100000000,400000000,2,2,255,0,2,2,2,15,0,0,1,2,0,0,0,0,0,0,0,1,0,0,0,0,0,8,8,81000
2026-09-21T05:50:38.171Z,11115,1114175,79970,85601,100000000,400000000,2,2,255,0,2,2,2,15,0,0,1,2,0,0,0,0,0,0,0,1,0,0,0,0,0,8,8,79900
2026-09-21T05:50:38.265Z,11116,1114269,81096,97991,100000000,400000000,2,2,255,0,2,2,2,15,0,0,1,2,0,0,0,0,0,0,0,1,0,0,0,0,0,8,8,81000
2026-09-21T05:50:38.361Z,11117,1114364,82222,85601,100000000,400000000,2,2,255,0,2,2,2,15,0,0,1,2,0,0,0,0,0,0,0,1,0,0,0,0,0,8,8,82200
2026-09-21T05:50:38.456Z,11118,1114459,83349,91233,100000000,400000000,2,2,255,0,2,2,2,15,0,0,1,2,0,0,0,0,0,0,0,1,0,0,0,0,0,8,8,83300
2026-09-21T05:50:38.551Z,11119,1114555,84475,88980,100000000,400000000,2,2,255,0,2,2,2,15,0,0,1,2,0,0,0,0,0,0,0,1,0,0,0,0,0,8,8,84400
2026-09-21T05:50:38.626Z,11120,1114649,85601,79970,100000000,400000000,2,2,255,0,2,2,2,15,0,0,1,2,0,0,0,0,0,0,0,1,0,0,0,0,0,8,8,85600
2026-09-21T05:50:38.718Z,11121,1114731,85601,91233,100000000,400000000,2,2,255,0,2,2,2,15,0,0,1,2,0,0,0,0,0,0,0,1,0,0,0,0,0,8,8,85600
2026-09-21T05:50:38.810Z,11122,1114831,85601,88980,100000000,400000000,2,2,255,0,2,2,2,15,0,0,1,2,0,0,0,0,0,0,0,1,0,0,0,0,0,8,8,85600
2026-09-21T05:50:38.902Z,11123,1114931,85601,88980,100000000,400000000,2,2,255,0,2,2,2,15,0,0,1,2,0,0,0,0,0,0,0,1,0,0,0,0,0,8,8,85600
2026-09-21T05:50:38.994Z,11124,1115032,85601,78843,100000000,400000000,2,2,255,0,2,2,2,15,0,0,1,2,0,0,0,0,0,0,0,1,0,0,0,0,0,8,8,85600
2026-09-21T05:50:39.087Z,11125,1115133,85601,97991,100000000,400000000,2,2,255,0,2,2,2,15,0,0,1,2,0,0,0,0,0,0,0,1,0,0,0,0,0,8,8,85600
2026-09-21T05:50:39.276Z,11126,1115281,86728,99117,100000000,400000000,2,2,255,0,2,2,2,15,0,0,1,2,0,0,0,0,0,0,0,1,0,0,0,0,0,8,8,86700
2026-09-21T05:50:39.373Z,11127,1115375,87854,84475,100000000,400000000,2,2,255,0,2,2,2,15,0,0,1,2,0,0,0,0,0,0,0,1,0,0,0,0,0,8,8,87800
2026-09-21T05:50:39.469Z,11128,1115470,87854,78843,100000000,400000000,2,2,255,0,2,2,2,15,0,0,1,2,0,0,0,0,0,0,0,1,0,0,0,0,0,8,8,87800
2026-09-21T05:50:39.563Z,11129,1115567,86728,73212,100000000,400000000,2,2,255,0,2,2,2,15,0,0,1,2,0,0,0,0,0,0,0,1,0,0,0,0,0,8,8,86700
2026-09-21T05:50:39.657Z,11130,1115662,85601,83349,100000000,400000000,2,2,255,0,2,2,2,15,0,0,1,2,0,0,0,0,0,0,0,1,0,0,0,0,0,8,8,85600
2026-09-21T05:50:39.753Z,11131,1115756,84475,63075,100000000,400000000,2,2,255,0,2,2,2,15,0,0,1,2,0,0,0,0,0,0,0,1,0,0,0,0,0,8,8,84400
2026-09-21T05:50:39.848Z,11132,1115851,84475,84475,100000000,400000000,2,2,255,0,2,2,2,15,0,0,1,2,0,0,0,0,0,0,0,1,0,0,0,0,0,8,8,84400
2026-09-21T05:50:39.926Z,11133,1115947,84475,88980,100000000,400000000,2,2,255,0,2,2,2,15,0,0,1,2,0,0,0,0,0,0,0,1,0,0,0,0,0,8,8,84400
2026-09-21T05:50:40.017Z,11134,1116033,84475,83349,100000000,400000000,2,2,255,0,2,2,2,15,0,0,1,2,0,0,0,0,0,0,0,1,0,0,0,0,0,8,8,84400
2026-09-21T05:50:40.109Z,11135,1116133,84475,86728,100000000,400000000,2,2,255,0,2,2,2,15,0,0,1,2,0,0,0,0,0,0,0,1,0,0,0,0,0,8,8,84400
2026-09-21T05:50:40.201Z,11136,1116234,84475,82222,100000000,400000000,2,2,255,0,2,2,2,15,0,0,1,2,0,0,0,0,0,0,0,1,0,0,0,0,0,8,8,84400
2026-09-21T05:50:40.292Z,11137,1116334,84475,65327,100000000,400000000,2,2,255,0,2,2,2,15,0,0,1,2,0,0,0,0,0,0,0,1,0,0,0,0,0,8,8,84400
2026-09-21T05:50:40.387Z,11138,1116434,82222,68706,100000000,400000000,2,2,255,0,2,2,2,15,0,0,1,2,0,0,0,0,0,0,0,1,0,0,0,0,0,8,8,82200
2026-09-21T05:50:40.577Z,11139,1116581,79970,54064,100000000,400000000,2,2,255,0,2,2,2,15,0,0,1,2,0,0,0,0,0,0,0,1,0,0,0,0,0,8,8,79900
2026-09-21T05:50:40.673Z,11140,1116676,77717,58569,100000000,400000000,2,2,255,0,2,2,2,15,0,0,1,2,0,0,0,0,0,0,0,1,0,0,0,0,0,8,8,77700
2026-09-21T05:50:40.767Z,11141,1116770,75464,87854,100000000,400000000,2,2,255,0,2,2,2,15,0,0,1,2,0,0,0,0,0,0,0,1,0,0,0,0,0,8,8,75400
2026-09-21T05:50:40.862Z,11142,1116867,76591,92359,100000000,400000000,2,2,255,0,2,2,2,15,0,0,1,2,0,0,0,0,0,0,0,1,0,0,0,0,0,8,8,76500
2026-09-21T05:50:40.958Z,11143,1116962,78843,94612,100000000,400000000,2,2,255,0,2,2,2,15,0,0,1,2,0,0,0,0,0,0,0,1,0,0,0,0,0,8,8,78800
2026-09-21T05:50:41.036Z,11144,1117057,81096,91233,100000000,400000000,2,2,255,0,2,2,2,15,0,0,1,2,0,0,0,0,0,0,0,1,0,0,0,0,0,8,8,81000
2026-09-21T05:50:41.113Z,11145,1117136,82222,82222,100000000,400000000,2,2,255,0,2,2,2,15,0,0,1,2,0,0,0,0,0,0,0,1,0,0,0,0,0,8,8,82200
2026-09-21T05:50:41.206Z,11146,1117235,83349,87854,100000000,400000000,2,2,255,0,2,2,2,15,0,0,1,2,0,0,0,0,0,0,0,1,0,0,0,0,0,8,8,83300
2026-09-21T05:50:41.297Z,11147,1117335,84475,99117,100000000,400000000,2,2,255,0,2,2,2,15,0,0,1,2,0,0,0,0,0,0,0,1,0,0,0,0,0,8,8,84400
2026-09-21T05:50:41.390Z,11148,1117436,85601,93486,100000000,400000000,2,2,255,0,2,2,2,15,0,0,1,2,0,0,0,0,0,0,0,1,0,0,0,0,0,8,8,85600
2026-09-21T05:50:41.579Z,11149,1117584,86728,91233,100000000,400000000,2,2,255,0,2,2,2,15,0,0,1,2,0,0,0,0,0,0,0,1,0,0,0,0,0,8,8,86700
2026-09-21T05:50:41.674Z,11150,1117679,87854,84475,100000000,400000000,2,2,255,0,2,2,2,15,0,0,1,2,0,0,0,0,0,0,0,1,0,0,0,0,0,8,8,87800
2026-09-21T05:50:41.769Z,11151,1117773,87854,99117,100000000,400000000,2,2,255,0,2,2,2,15,0,0,1,2,0,0,0,0,0,0,0,1,0,0,0,0,0,8,8,87800
2026-09-21T05:50:41.863Z,11152,1117868,87854,81096,100000000,400000000,2,2,255,0,2,2,2,15,0,0,1,2,0,0,0,0,0,0,0,1,0,0,0,0,0,8,8,87800
2026-09-21T05:50:41.958Z,11153,1117962,86728,77717,100000000,400000000,2,2,255,0,2,2,2,15,0,0,1,2,0,0,0,0,0,0,0,1,0,0,0,0,0,8,8,86700
2026-09-21T05:50:42.038Z,11154,1118057,85601,73212,100000000,400000000,2,2,255,0,2,2,2,15,0,0,1,2,0,0,0,0,0,0,0,1,0,0,0,0,0,8,8,85600
2026-09-21T05:50:42.114Z,11155,1118137,84475,69833,100000000,400000000,2,2,255,0,2,2,2,15,0,0,1,2,0,0,0,0,0,0,0,1,0,0,0,0,0,8,8,84400
2026-09-21T05:50:42.206Z,11156,1118237,82222,66454,100000000,400000000,2,2,255,0,2,2,2,15,0,0,1,2,0,0,0,0,0,0,0,1,0,0,0,0,0,8,8,82200
2026-09-21T05:50:42.299Z,11157,1118337,81096,78843,100000000,400000000,2,2,255,0,2,2,2,15,0,0,1,2,0,0,0,0,0,0,0,1,0,0,0,0,0,8,8,81000
2026-09-21T05:50:42.391Z,11158,1118437,79970,75464,100000000,400000000,2,2,255,0,2,2,2,15,0,0,1,2,0,0,0,0,0,0,0,1,0,0,0,0,0,8,8,79900
2026-09-21T05:50:42.581Z,11159,1118586,79970,94612,100000000,400000000,2,2,255,0,2,2,2,15,0,0,1,2,0,0,0,0,0,0,0,1,0,0,0,0,0,8,8,79900
2026-09-21T05:50:42.676Z,11160,1118681,81096,91233,100000000,400000000,2,2,255,0,2,2,2,15,0,0,1,2,0,0,0,0,0,0,0,1,0,0,0,0,0,8,8,81000
2026-09-21T05:50:42.755Z,11161,1118775,83349,94612,100000000,400000000,2,2,255,0,2,2,2,15,0,0,1,2,0,0,0,0,0,0,0,1,0,0,0,0,0,8,8,83300
2026-09-21T05:50:42.831Z,11162,1118854,84475,101370,100000000,400000000,2,2,255,0,2,2,2,15,0,0,1,2,0,0,0,0,0,0,0,1,0,0,0,0,0,8,8,84400
2026-09-21T05:50:42.925Z,11163,1118938,85601,93486,100000000,400000000,2,2,255,0,2,2,2,15,0,0,1,2,0,0,0,0,0,0,0,1,0,0,0,0,0,8,8,85600
2026-09-21T05:50:43.016Z,11164,1119038,86728,95738,100000000,400000000,2,2,255,0,2,2,2,15,0,0,1,2,0,0,0,0,0,0,0,1,0,0,0,0,0,8,8,86700
2026-09-21T05:50:43.108Z,11165,1119139,87854,90107,100000000,400000000,2,2,255,0,2,2,2,15,0,0,1,2,0,0,0,0,0,0,0,1,0,0,0,0,0,8,8,87800
2026-09-21T05:50:43.199Z,11166,1119239,87854,87854,100000000,400000000,2,2,255,0,2,2,2,15,0,0,1,2,0,0,0,0,0,0,0,1,0,0,0,0,0,8,8,87800
2026-09-21T05:50:43.293Z,11167,1119339,87854,88980,100000000,400000000,2,2,255,0,2,2,2,15,0,0,1,2,0,0,0,0,0,0,0,1,0,0,0,0,0,8,8,87800
2026-09-21T05:50:43.483Z,11168,1119488,87854,96865,100000000,400000000,2,2,255,0,2,2,2,15,0,0,1,2,0,0,0,0,0,0,0,1,0,0,0,0,0,8,8,87800
2026-09-21T05:50:43.579Z,11169,1119582,88980,94612,100000000,400000000,2,2,255,0,2,2,2,15,0,0,1,2,0,0,0,0,0,0,0,1,0,0,0,0,0,8,8,88900
2026-09-21T05:50:43.674Z,11170,1119678,90107,103623,100000000,400000000,2,2,255,0,2,2,2,15,0,0,1,2,0,0,0,0,0,0,0,1,0,0,0,0,0,8,8,90100
2026-09-21T05:50:43.769Z,11171,1119773,91233,93486,100000000,400000000,2,2,255,0,2,2,2,15,0,0,1,2,0,0,0,0,0,0,0,1,0,0,0,0,0,8,8,91200
2026-09-21T05:50:43.864Z,11172,1119868,91233,66454,100000000,400000000,2,2,255,0,2,2,2,15,0,0,1,2,0,0,0,0,0,0,0,1,0,0,0,0,0,8,8,91200
2026-09-21T05:50:43.944Z,11173,1119963,88980,77717,100000000,400000000,2,2,255,0,2,2,2,15,0,0,1,2,0,0,0,0,0,0,0,1,0,0,0,0,0,8,8,88900
2026-09-21T05:50:44.018Z,11174,1120043,87854,78843,100000000,400000000,2,2,255,0,2,2,2,15,0,0,1,2,0,0,0,0,0,0,0,1,0,0,0,0,0,8,8,87800
2026-09-21T05:50:44.111Z,11175,1120140,86728,93486,100000000,400000000,2,2,255,0,2,2,2,15,0,0,1,2,0,0,0,0,0,0,0,1,0,0,0,0,0,8,8,86700
2026-09-21T05:50:44.203Z,11176,1120240,86728,85601,100000000,400000000,2,2,255,0,2,2,2,15,0,0,1,2,0,0,0,0,0,0,0,1,0,0,0,0,0,8,8,86700
2026-09-21T05:50:44.296Z,11177,1120341,87854,97991,100000000,400000000,2,2,255,0,2,2,2,15,0,0,1,2,0,0,0,0,0,0,0,1,0,0,0,0,0,8,8,87800
2026-09-21T05:50:44.486Z,11178,1120490,87854,83349,100000000,400000000,2,2,255,0,2,2,2,15,0,0,1,2,0,0,0,0,0,0,0,1,0,0,0,0,0,8,8,87800
2026-09-21T05:50:44.582Z,11179,1120586,86728,83349,100000000,400000000,2,2,255,0,2,2,2,15,0,0,1,2,0,0,0,0,0,0,0,1,0,0,0,0,0,8,8,86700
2026-09-21T05:50:44.676Z,11180,1120681,86728,95738,100000000,400000000,2,2,255,0,2,2,2,15,0,0,1,2,0,0,0,0,0,0,0,1,0,0,0,0,0,8,8,86700
2026-09-21T05:50:44.755Z,11181,1120776,86728,83349,100000000,400000000,2,2,255,0,2,2,2,15,0,0,1,2,0,0,0,0,0,0,0,1,0,0,0,0,0,8,8,86700
2026-09-21T05:50:44.831Z,11182,1120854,86728,73212,100000000,400000000,2,2,255,0,2,2,2,15,0,0,1,2,0,0,0,0,0,0,0,1,0,0,0,0,0,8,8,86700
2026-09-21T05:50:44.925Z,11183,1120942,86728,94612,100000000,400000000,2,2,255,0,2,2,2,15,0,0,1,2,0,0,0,0,0,0,0,1,0,0,0,0,0,8,8,86700
2026-09-21T05:50:45.017Z,11184,1121042,87854,109254,100000000,400000000,2,2,255,0,2,2,2,15,0,0,1,2,0,0,0,0,0,0,0,1,0,0,0,0,0,8,8,87800
2026-09-21T05:50:45.110Z,11185,1121142,88980,83349,100000000,400000000,2,2,255,0,2,2,2,15,0,0,1,2,0,0,0,0,0,0,0,1,0,0,0,0,0,8,8,88900
2026-09-21T05:50:45.204Z,11186,1121242,88980,85601,100000000,400000000,2,2,255,0,2,2,2,15,0,0,1,2,0,0,0,0,0,0,0,1,0,0,0,0,0,8,8,88900
2026-09-21T05:50:45.296Z,11187,1121342,88980,90107,100000000,400000000,2,2,255,0,2,2,2,15,0,0,1,2,0,0,0,0,0,0,0,1,0,0,0,0,0,8,8,88900
2026-09-21T05:50:45.486Z,11188,1121490,88980,91233,100000000,400000000,2,2,255,0,2,2,2,15,0,0,1,2,0,0,0,0,0,0,0,1,0,0,0,0,0,8,8,88900
2026-09-21T05:50:45.582Z,11189,1121586,88980,63075,100000000,400000000,2,2,255,0,2,2,2,15,0,0,1,2,0,0,0,0,0,0,0,1,0,0,0,0,0,8,8,88900
2026-09-21T05:50:45.677Z,11190,1121681,87854,82222,100000000,400000000,2,2,255,0,2,2,2,15,0,0,1,2,0,0,0,0,0,0,0,1,0,0,0,0,0,8,8,87800
2026-09-21T05:50:45.756Z,11191,1121776,86728,90107,100000000,400000000,2,2,255,0,2,2,2,15,0,0,1,2,0,0,0,0,0,0,0,1,0,0,0,0,0,8,8,86700
2026-09-21T05:50:45.832Z,11192,1121855,86728,85601,100000000,400000000,2,2,255,0,2,2,2,15,0,0,1,2,0,0,0,0,0,0,0,1,0,0,0,0,0,8,8,86700
2026-09-21T05:50:45.909Z,11193,1121943,86728,93486,100000000,400000000,2,2,255,0,2,2,2,15,0,0,1,2,0,0,0,0,0,0,0,1,0,0,0,0,0,8,8,86700
2026-09-21T05:50:46.001Z,11194,1122044,86728,75464,100000000,400000000,2,2,255,0,2,2,2,15,0,0,1,2,0,0,0,0,0,0,0,1,0,0,0,0,0,8,8,86700
2026-09-21T05:50:46.191Z,11195,1122195,85601,81096,100000000,400000000,2,2,255,0,2,2,2,15,0,0,1,2,0,0,0,0,0,0,0,1,0,0,0,0,0,8,8,85600
2026-09-21T05:50:46.286Z,11196,1122289,84475,102496,100000000,400000000,2,2,255,0,2,2,2,15,0,0,1,2,0,0,0,0,0,0,0,1,0,0,0,0,0,8,8,84400
2026-09-21T05:50:46.366Z,11197,1122386,86728,97991,100000000,400000000,2,2,255,0,2,2,2,15,0,0,1,2,0,0,0,0,0,0,0,1,0,0,0,0,0,8,8,86700
2026-09-21T05:50:46.445Z,11198,1122466,87854,73212,100000000,400000000,2,2,255,0,2,2,2,15,0,0,1,2,0,0,0,0,0,0,0,1,0,0,0,0,0,8,8,87800
2026-09-21T05:50:46.521Z,11199,1122545,87854,86728,100000000,400000000,2,2,255,0,2,2,2,15,0,0,1,2,0,0,0,0,0,0,0,1,0,0,0,0,0,8,8,87800
2026-09-21T05:50:46.612Z,11200,1122645,87854,96865,100000000,400000000,2,2,255,0,2,2,2,15,0,0,1,2,0,0,0,0,0,0,0,1,0,0,0,0,0,8,8,87800
2026-09-21T05:50:46.706Z,11201,1122745,88980,101370,100000000,400000000,2,2,255,0,2,2,2,15,0,0,1,2,0,0,0,0,0,0,0,1,0,0,0,0,0,8,8,88900
2026-09-21T05:50:46.798Z,11202,1122845,90107,68706,100000000,400000000,2,2,255,0,2,2,2,15,0,0,1,2,0,0,0,0,0,0,0,1,0,0,0,0,0,8,8,90100
2026-09-21T05:50:46.988Z,11203,1122992,87854,67580,100000000,400000000,2,2,255,0,2,2,2,15,0,0,1,2,0,0,0,0,0,0,0,1,0,0,0,0,0,8,8,87800
2026-09-21T05:50:47.083Z,11204,1123088,85601,83349,100000000,400000000,2,2,255,0,2,2,2,15,0,0,1,2,0,0,0,0,0,0,0,1,0,0,0,0,0,8,8,85600
2026-09-21T05:50:47.162Z,11205,1123182,85601,94612,100000000,400000000,2,2,255,0,2,2,2,15,0,0,1,2,0,0,0,0,0,0,0,1,0,0,0,0,0,8,8,85600
2026-09-21T05:50:47.238Z,11206,1123261,86728,90107,100000000,400000000,2,2,255,0,2,2,2,15,0,0,1,2,0,0,0,0,0,0,0,1,0,0,0,0,0,8,8,86700
2026-09-21T05:50:47.331Z,11207,1123346,86728,83349,100000000,400000000,2,2,255,0,2,2,2,15,0,0,1,2,0,0,0,0,0,0,0,1,0,0,0,0,0,8,8,86700
2026-09-21T05:50:47.423Z,11208,1123446,86728,77717,100000000,400000000,2,2,255,0,2,2,2,15,0,0,1,2,0,0,0,0,0,0,0,1,0,0,0,0,0,8,8,86700
2026-09-21T05:50:47.516Z,11209,1123546,86728,83349,100000000,400000000,2,2,255,0,2,2,2,15,0,0,1,2,0,0,0,0,0,0,0,1,0,0,0,0,0,8,8,86700
2026-09-21T05:50:47.608Z,11210,1123646,85601,67580,100000000,400000000,2,2,255,0,2,2,2,15,0,0,1,2,0,0,0,0,0,0,0,1,0,0,0,0,0,8,8,85600
2026-09-21T05:50:47.701Z,11211,1123747,84475,73212,100000000,400000000,2,2,255,0,2,2,2,15,0,0,1,2,0,0,0,0,0,0,0,1,0,0,0,0,0,8,8,84400
2026-09-21T05:50:47.891Z,11212,1123895,83349,75464,100000000,400000000,2,2,255,0,2,2,2,15,0,0,1,2,0,0,0,0,0,0,0,1,0,0,0,0,0,8,8,83300
2026-09-21T05:50:47.986Z,11213,1123989,82222,103623,100000000,400000000,2,2,255,0,2,2,2,15,0,0,1,2,0,0,0,0,0,0,0,1,0,0,0,0,0,8,8,82200
2026-09-21T05:50:48.080Z,11214,1124086,83349,94612,100000000,400000000,2,2,255,0,2,2,2,15,0,0,1,2,0,0,0,0,0,0,0,1,0,0,0,0,0,8,8,83300
2026-09-21T05:50:48.175Z,11215,1124180,85601,99117,100000000,400000000,2,2,255,0,2,2,2,15,0,0,1,2,0,0,0,0,0,0,0,1,0,0,0,0,0,8,8,85600
2026-09-21T05:50:48.271Z,11216,1124275,86728,90107,100000000,400000000,2,2,255,0,2,2,2,15,0,0,1,2,0,0,0,0,0,0,0,1,0,0,0,0,0,8,8,86700
2026-09-21T05:50:48.351Z,11217,1124369,86728,84475,100000000,400000000,2,2,255,0,2,2,2,15,0,0,1,2,0,0,0,0,0,0,0,1,0,0,0,0,0,8,8,86700
2026-09-21T05:50:48.428Z,11218,1124450,86728,92359,100000000,400000000,2,2,255,0,2,2,2,15,0,0,1,2,0,0,0,0,0,0,0,1,0,0,0,0,0,8,8,86700
2026-09-21T05:50:48.519Z,11219,1124548,86728,83349,100000000,400000000,2,2,255,0,2,2,2,15,0,0,1,2,0,0,0,0,0,0,0,1,0,0,0,0,0,8,8,86700
2026-09-21T05:50:48.610Z,11220,1124648,86728,79970,100000000,400000000,2,2,255,0,2,2,2,15,0,0,1,2,0,0,0,0,0,0,0,1,0,0,0,0,0,8,8,86700
2026-09-21T05:50:48.704Z,11221,1124748,86728,101370,100000000,400000000,2,2,255,0,2,2,2,15,0,0,1,2,0,0,0,0,0,0,0,1,0,0,0,0,0,8,8,86700
2026-09-21T05:50:48.894Z,11222,1124898,86728,84475,100000000,400000000,2,2,255,0,2,2,2,15,0,0,1,2,0,0,0,0,0,0,0,1,0,0,0,0,0,8,8,86700
2026-09-21T05:50:48.988Z,11223,1124992,86728,82222,100000000,400000000,2,2,255,0,2,2,2,15,0,0,1,2,0,0,0,0,0,0,0,1,0,0,0,0,0,8,8,86700
2026-09-21T05:50:49.082Z,11224,1125088,86728,83349,100000000,400000000,2,2,255,0,2,2,2,15,0,0,1,2,0,0,0,0,0,0,0,1,0,0,0,0,0,8,8,86700
2026-09-21T05:50:49.161Z,11225,1125182,85601,75464,100000000,400000000,2,2,255,0,2,2,2,15,0,0,1,2,0,0,0,0,0,0,0,1,0,0,0,0,0,8,8,85600
2026-09-21T05:50:49.236Z,11226,1125261,85601,83349,100000000,400000000,2,2,255,0,2,2,2,15,0,0,1,2,0,0,0,0,0,0,0,1,0,0,0,0,0,8,8,85600
2026-09-21T05:50:49.328Z,11227,1125350,85601,87854,100000000,400000000,2,2,255,0,2,2,2,15,0,0,1,2,0,0,0,0,0,0,0,1,0,0,0,0,0,8,8,85600
2026-09-21T05:50:49.420Z,11228,1125450,85601,97991,100000000,400000000,2,2,255,0,2,2,2,15,0,0,1,2,0,0,0,0,0,0,0,1,0,0,0,0,0,8,8,85600
2026-09-21T05:50:49.511Z,11229,1125550,86728,95738,100000000,400000000,2,2,255,0,2,2,2,15,0,0,1,2,0,0,0,0,0,0,0,1,0,0,0,0,0,8,8,86700
2026-09-21T05:50:49.605Z,11230,1125650,87854,86728,100000000,400000000,2,2,255,0,2,2,2,15,0,0,1,2,0,0,0,0,0,0,0,1,0,0,0,0,0,8,8,87800
2026-09-21T05:50:49.794Z,11231,1125800,88980,96865,100000000,400000000,2,2,255,0,2,2,2,15,0,0,1,2,0,0,0,0,0,0,0,1,0,0,0,0,0,8,8,88900
2026-09-21T05:50:49.890Z,11232,1125894,90107,107002,100000000,400000000,2,2,255,0,2,2,2,15,0,0,1,2,0,0,0,0,0,0,0,1,0,0,0,0,0,8,8,90100
2026-09-21T05:50:49.985Z,11233,1125989,91233,85601,100000000,400000000,2,2,255,0,2,2,2,15,0,0,1,2,0,0,0,0,0,0,0,1,0,0,0,0,0,8,8,91200
2026-09-21T05:50:50.079Z,11234,1126084,90107,70959,100000000,400000000,2,2,255,0,2,2,2,15,0,0,1,2,0,0,0,0,0,0,0,1,0,0,0,0,0,8,8,90100
2026-09-21T05:50:50.174Z,11235,1126179,88980,79970,100000000,400000000,2,2,255,0,2,2,2,15,0,0,1,2,0,0,0,0,0,0,0,1,0,0,0,0,0,8,8,88900
2026-09-21T05:50:50.270Z,11236,1126274,87854,102496,100000000,400000000,2,2,255,0,2,2,2,15,0,0,1,2,0,0,0,0,0,0,0,1,0,0,0,0,0,8,8,87800
2026-09-21T05:50:50.345Z,11237,1126368,86728,76591,100000000,400000000,2,2,255,0,2,2,2,15,0,0,1,2,0,0,0,0,0,0,0,1,0,0,0,0,0,8,8,86700
2026-09-21T05:50:50.436Z,11238,1126451,86728,88980,100000000,400000000,2,2,255,0,2,2,2,15,0,0,1,2,0,0,0,0,0,0,0,1,0,0,0,0,0,8,8,86700
2026-09-21T05:50:50.530Z,11239,1126551,86728,86728,100000000,400000000,2,2,255,0,2,2,2,15,0,0,1,2,0,0,0,0,0,0,0,1,0,0,0,0,0,8,8,86700
2026-09-21T05:50:50.623Z,11240,1126652,86728,93486,100000000,400000000,2,2,255,0,2,2,2,15,0,0,1,2,0,0,0,0,0,0,0,1,0,0,0,0,0,8,8,86700
2026-09-21T05:50:50.715Z,11241,1126753,87854,97991,100000000,400000000,2,2,255,0,2,2,2,15,0,0,1,2,0,0,0,0,0,0,0,1,0,0,0,0,0,8,8,87800
2026-09-21T05:50:50.808Z,11242,1126853,88980,84475,100000000,400000000,2,2,255,0,2,2,2,15,0,0,1,2,0,0,0,0,0,0,0,1,0,0,0,0,0,8,8,88900
2026-09-21T05:50:50.998Z,11243,1127003,87854,50685,100000000,400000000,2,2,255,0,2,2,2,15,0,0,1,2,0,0,0,0,0,0,0,1,0,0,0,0,0,8,8,87800
2026-09-21T05:50:51.092Z,11244,1127098,85601,73212,100000000,400000000,2,2,255,0,2,2,2,15,0,0,1,2,0,0,0,0,0,0,0,1,0,0,0,0,0,8,8,85600
2026-09-21T05:50:51.188Z,11245,1127193,84475,77717,100000000,400000000,2,2,255,0,2,2,2,15,0,0,1,2,0,0,0,0,0,0,0,1,0,0,0,0,0,8,8,84400
2026-09-21T05:50:51.283Z,11246,1127288,83349,75464,100000000,400000000,2,2,255,0,2,2,2,15,0,0,1,2,0,0,0,0,0,0,0,1,0,0,0,0,0,8,8,83300
2026-09-21T05:50:51.378Z,11247,1127383,82222,76591,100000000,400000000,2,2,255,0,2,2,2,15,0,0,1,2,0,0,0,0,0,0,0,1,0,0,0,0,0,8,8,82200
2026-09-21T05:50:51.474Z,11248,1127478,81096,84475,100000000,400000000,2,2,255,0,2,2,2,15,0,0,1,2,0,0,0,0,0,0,0,1,0,0,0,0,0,8,8,81000
2026-09-21T05:50:51.553Z,11249,1127572,81096,87854,100000000,400000000,2,2,255,0,2,2,2,15,0,0,1,2,0,0,0,0,0,0,0,1,0,0,0,0,0,8,8,81000
2026-09-21T05:50:51.628Z,11250,1127653,81096,81096,100000000,400000000,2,2,255,0,2,2,2,15,0,0,1,2,0,0,0,0,0,0,0,1,0,0,0,0,0,8,8,81000
2026-09-21T05:50:51.720Z,11251,1127754,82222,97991,100000000,400000000,2,2,255,0,2,2,2,15,0,0,1,2,0,0,0,0,0,0,0,1,0,0,0,0,0,8,8,82200
2026-09-21T05:50:51.812Z,11252,1127854,83349,94612,100000000,400000000,2,2,255,0,2,2,2,15,0,0,1,2,0,0,0,0,0,0,0,1,0,0,0,0,0,8,8,83300
2026-09-21T05:50:51.907Z,11253,1127954,84475,86728,100000000,400000000,2,2,255,0,2,2,2,15,0,0,1,2,0,0,0,0,0,0,0,1,0,0,0,0,0,8,8,84400
2026-09-21T05:50:52.096Z,11254,1128101,84475,85601,100000000,400000000,2,2,255,0,2,2,2,15,0,0,1,2,0,0,0,0,0,0,0,1,0,0,0,0,0,8,8,84400
2026-09-21T05:50:52.193Z,11255,1128196,84475,73212,100000000,400000000,2,2,255,0,2,2,2,15,0,0,1,2,0,0,0,0,0,0,0,1,0,0,0,0,0,8,8,84400
2026-09-21T05:50:52.273Z,11256,1128292,83349,72085,100000000,400000000,2,2,255,0,2,2,2,15,0,0,1,2,0,0,0,0,0,0,0,1,0,0,0,0,0,8,8,83300
2026-09-21T05:50:52.350Z,11257,1128372,82222,67580,100000000,400000000,2,2,255,0,2,2,2,15,0,0,1,2,0,0,0,0,0,0,0,1,0,0,0,0,0,8,8,82200
2026-09-21T05:50:52.427Z,11258,1128455,81096,84475,100000000,400000000,2,2,255,0,2,2,2,15,0,0,1,2,0,0,0,0,0,0,0,1,0,0,0,0,0,8,8,81000
2026-09-21T05:50:52.508Z,11259,1128555,81096,86728,100000000,400000000,2,2,255,0,2,2,2,15,0,0,1,2,0,0,0,0,0,0,0,1,0,0,0,0,0,8,8,81000
2026-09-21T05:50:52.666Z,11260,1128687,82222,101370,100000000,400000000,2,2,255,0,2,2,2,15,0,0,1,2,0,0,0,0,0,0,0,1,0,0,0,0,0,8,8,82200
2026-09-21T05:50:52.760Z,11261,1128766,84475,101370,100000000,400000000,2,2,255,0,2,2,2,15,0,0,1,2,0,0,0,0,0,0,0,1,0,0,0,0,0,8,8,84400
2026-09-21T05:50:52.856Z,11262,1128860,86728,92359,100000000,400000000,2,2,255,0,2,2,2,15,0,0,1,2,0,0,0,0,0,0,0,1,0,0,0,0,0,8,8,86700
2026-09-21T05:50:52.950Z,11263,1128956,87854,86728,100000000,400000000,2,2,255,0,2,2,2,15,0,0,1,2,0,0,0,0,0,0,0,1,0,0,0,0,0,8,8,87800
2026-09-21T05:50:53.043Z,11264,1129056,88980,97991,100000000,400000000,2,2,255,0,2,2,2,15,0,0,1,2,0,0,0,0,0,0,0,1,0,0,0,0,0,8,8,88900
2026-09-21T05:50:53.135Z,11265,1129156,90107,93486,100000000,400000000,2,2,255,0,2,2,2,15,0,0,1,2,0,0,0,0,0,0,0,1,0,0,0,0,0,8,8,90100
2026-09-21T05:50:53.227Z,11266,1129256,90107,72085,100000000,400000000,2,2,255,0,2,2,2,15,0,0,1,2,0,0,0,0,0,0,0,1,0,0,0,0,0,8,8,90100
2026-09-21T05:50:53.318Z,11267,1129356,88980,82222,100000000,400000000,2,2,255,0,2,2,2,15,0,0,1,2,0,0,0,0,0,0,0,1,0,0,0,0,0,8,8,88900
2026-09-21T05:50:53.411Z,11268,1129456,87854,85601,100000000,400000000,2,2,255,0,2,2,2,15,0,0,1,2,0,0,0,0,0,0,0,1,0,0,0,0,0,8,8,87800
2026-09-21T05:50:53.571Z,11269,1129591,86728,73212,100000000,400000000,2,2,255,0,2,2,2,15,0,0,1,2,0,0,0,0,0,0,0,1,0,0,0,0,0,8,8,86700
2026-09-21T05:50:53.646Z,11270,1129671,86728,84475,100000000,400000000,2,2,255,0,2,2,2,15,0,0,1,2,0,0,0,0,0,0,0,1,0,0,0,0,0,8,8,86700
2026-09-21T05:50:53.738Z,11271,1129757,86728,84475,100000000,400000000,2,2,255,0,2,2,2,15,0,0,1,2,0,0,0,0,0,0,0,1,0,0,0,0,0,8,8,86700
2026-09-21T05:50:53.830Z,11272,1129857,86728,99117,100000000,400000000,2,2,255,0,2,2,2,15,0,0,1,2,0,0,0,0,0,0,0,1,0,0,0,0,0,8,8,86700
2026-09-21T05:50:53.924Z,11273,1129957,86728,87854,100000000,400000000,2,2,255,0,2,2,2,15,0,0,1,2,0,0,0,0,0,0,0,1,0,0,0,0,0,8,8,86700
2026-09-21T05:50:54.016Z,11274,1130057,86728,82222,100000000,400000000,2,2,255,0,2,2,2,15,0,0,1,2,0,0,0,0,0,0,0,1,0,0,0,0,0,8,8,86700
2026-09-21T05:50:54.110Z,11275,1130157,85601,70959,100000000,400000000,2,2,255,0,2,2,2,15,0,0,1,2,0,0,0,0,0,0,0,1,0,0,0,0,0,8,8,85600
2026-09-21T05:50:54.299Z,11276,1130304,84475,78843,100000000,400000000,2,2,255,0,2,2,2,15,0,0,1,2,0,0,0,0,0,0,0,1,0,0,0,0,0,8,8,84400
2026-09-21T05:50:54.394Z,11277,1130399,83349,88980,100000000,400000000,2,2,255,0,2,2,2,15,0,0,1,2,0,0,0,0,0,0,0,1,0,0,0,0,0,8,8,83300
2026-09-21T05:50:54.488Z,11278,1130494,84475,102496,100000000,400000000,2,2,255,0,2,2,2,15,0,0,1,2,0,0,0,0,0,0,0,1,0,0,0,0,0,8,8,84400
2026-09-21T05:50:54.568Z,11279,1130588,85601,92359,100000000,400000000,2,2,255,0,2,2,2,15,0,0,1,2,0,0,0,0,0,0,0,1,0,0,0,0,0,8,8,85600
2026-09-21T05:50:54.643Z,11280,1130668,86728,83349,100000000,400000000,2,2,255,0,2,2,2,15,0,0,1,2,0,0,0,0,0,0,0,1,0,0,0,0,0,8,8,86700
2026-09-21T05:50:54.736Z,11281,1130758,86728,75464,100000000,400000000,2,2,255,0,2,2,2,15,0,0,1,2,0,0,0,0,0,0,0,1,0,0,0,0,0,8,8,86700
2026-09-21T05:50:54.828Z,11282,1130859,86728,99117,100000000,400000000,2,2,255,0,2,2,2,15,0,0,1,2,0,0,0,0,0,0,0,1,0,0,0,0,0,8,8,86700
2026-09-21T05:50:54.921Z,11283,1130959,87854,94612,100000000,400000000,2,2,255,0,2,2,2,15,0,0,1,2,0,0,0,0,0,0,0,1,0,0,0,0,0,8,8,87800
2026-09-21T05:50:55.014Z,11284,1131059,88980,85601,100000000,400000000,2,2,255,0,2,2,2,15,0,0,1,2,0,0,0,0,0,0,0,1,0,0,0,0,0,8,8,88900
2026-09-21T05:50:55.206Z,11285,1131209,90107,99117,100000000,400000000,2,2,255,0,2,2,2,15,0,0,1,2,0,0,0,0,0,0,0,1,0,0,0,0,0,8,8,90100
2026-09-21T05:50:55.301Z,11286,1131306,88980,75464,100000000,400000000,2,2,255,0,2,2,2,15,0,0,1,2,0,0,0,0,0,0,0,1,0,0,0,0,0,8,8,88900
2026-09-21T05:50:55.380Z,11287,1131401,87854,81096,100000000,400000000,2,2,255,0,2,2,2,15,0,0,1,2,0,0,0,0,0,0,0,1,0,0,0,0,0,8,8,87800
2026-09-21T05:50:55.455Z,11288,1131480,86728,84475,100000000,400000000,2,2,255,0,2,2,2,15,0,0,1,2,0,0,0,0,0,0,0,1,0,0,0,0,0,8,8,86700
2026-09-21T05:50:55.547Z,11289,1131560,86728,83349,100000000,400000000,2,2,255,0,2,2,2,15,0,0,1,2,0,0,0,0,0,0,0,1,0,0,0,0,0,8,8,86700
2026-09-21T05:50:55.638Z,11290,1131660,86728,77717,100000000,400000000,2,2,255,0,2,2,2,15,0,0,1,2,0,0,0,0,0,0,0,1,0,0,0,0,0,8,8,86700
2026-09-21T05:50:55.731Z,11291,1131760,86728,86728,100000000,400000000,2,2,255,0,2,2,2,15,0,0,1,2,0,0,0,0,0,0,0,1,0,0,0,0,0,8,8,86700
2026-09-21T05:50:55.822Z,11292,1131860,86728,97991,100000000,400000000,2,2,255,0,2,2,2,15,0,0,1,2,0,0,0,0,0,0,0,1,0,0,0,0,0,8,8,86700
2026-09-21T05:50:55.916Z,11293,1131960,86728,84475,100000000,400000000,2,2,255,0,2,2,2,15,0,0,1,2,0,0,0,0,0,0,0,1,0,0,0,0,0,8,8,86700
2026-09-21T05:50:56.107Z,11294,1132111,87854,100244,100000000,400000000,2,2,255,0,2,2,2,15,0,0,1,2,0,0,0,0,0,0,0,1,0,0,0,0,0,8,8,87800
2026-09-21T05:50:56.203Z,11295,1132208,87854,83349,100000000,400000000,2,2,255,0,2,2,2,15,0,0,1,2,0,0,0,0,0,0,0,1,0,0,0,0,0,8,8,87800
2026-09-21T05:50:56.297Z,11296,1132302,86728,72085,100000000,400000000,2,2,255,0,2,2,2,15,0,0,1,2,0,0,0,0,0,0,0,1,0,0,0,0,0,8,8,86700
2026-09-21T05:50:56.393Z,11297,1132397,84475,55190,100000000,400000000,2,2,255,0,2,2,2,15,0,0,1,2,0,0,0,0,0,0,0,1,0,0,0,0,0,8,8,84400
2026-09-21T05:50:56.488Z,11298,1132492,82222,69833,100000000,400000000,2,2,255,0,2,2,2,15,0,0,1,2,0,0,0,0,0,0,0,1,0,0,0,0,0,8,8,82200
2026-09-21T05:50:56.582Z,11299,1132588,81096,81096,100000000,400000000,2,2,255,0,2,2,2,15,0,0,1,2,0,0,0,0,0,0,0,1,0,0,0,0,0,8,8,81000
2026-09-21T05:50:56.677Z,11300,1132682,81096,84475,100000000,400000000,2,2,255,0,2,2,2,15,0,0,1,2,0,0,0,0,0,0,0,1,0,0,0,0,0,8,8,81000
2026-09-21T05:50:56.751Z,11301,1132777,81096,95738,100000000,400000000,2,2,255,0,2,2,2,15,0,0,1,2,0,0,0,0,0,0,0,1,0,0,0,0,0,8,8,81000
2026-09-21T05:50:56.843Z,11302,1132862,81096,77717,100000000,400000000,2,2,255,0,2,2,2,15,0,0,1,2,0,0,0,0,0,0,0,1,0,0,0,0,0,8,8,81000
2026-09-21T05:50:56.936Z,11303,1132962,81096,83349,100000000,400000000,2,2,255,0,2,2,2,15,0,0,1,2,0,0,0,0,0,0,0,1,0,0,0,0,0,8,8,81000
2026-09-21T05:50:57.030Z,11304,1133062,81096,78843,100000000,400000000,2,2,255,0,2,2,2,15,0,0,1,2,0,0,0,0,0,0,0,1,0,0,0,0,0,8,8,81000
2026-09-21T05:50:57.122Z,11305,1133163,81096,91233,100000000,400000000,2,2,255,0,2,2,2,15,0,0,1,2,0,0,0,0,0,0,0,1,0,0,0,0,0,8,8,81000
2026-09-21T05:50:57.217Z,11306,1133263,82222,85601,100000000,400000000,2,2,255,0,2,2,2,15,0,0,1,2,0,0,0,0,0,0,0,1,0,0,0,0,0,8,8,82200
2026-09-21T05:50:57.408Z,11307,1133412,82222,81096,100000000,400000000,2,2,255,0,2,2,2,15,0,0,1,2,0,0,0,0,0,0,0,1,0,0,0,0,0,8,8,82200
2026-09-21T05:50:57.502Z,11308,1133508,82222,78843,100000000,400000000,2,2,255,0,2,2,2,15,0,0,1,2,0,0,0,0,0,0,0,1,0,0,0,0,0,8,8,82200
2026-09-21T05:50:57.597Z,11309,1133602,82222,103623,100000000,400000000,2,2,255,0,2,2,2,15,0,0,1,2,0,0,0,0,0,0,0,1,0,0,0,0,0,8,8,82200
2026-09-21T05:50:57.692Z,11310,1133697,83349,93486,100000000,400000000,2,2,255,0,2,2,2,15,0,0,1,2,0,0,0,0,0,0,0,1,0,0,0,0,0,8,8,83300
2026-09-21T05:50:57.771Z,11311,1133791,84475,94612,100000000,400000000,2,2,255,0,2,2,2,15,0,0,1,2,0,0,0,0,0,0,0,1,0,0,0,0,0,8,8,84400
2026-09-21T05:50:57.846Z,11312,1133870,85601,95738,100000000,400000000,2,2,255,0,2,2,2,15,0,0,1,2,0,0,0,0,0,0,0,1,0,0,0,0,0,8,8,85600
2026-09-21T05:50:57.939Z,11313,1133964,86728,77717,100000000,400000000,2,2,255,0,2,2,2,15,0,0,1,2,0,0,0,0,0,0,0,1,0,0,0,0,0,8,8,86700
2026-09-21T05:50:58.030Z,11314,1134064,87854,99117,100000000,400000000,2,2,255,0,2,2,2,15,0,0,1,2,0,0,0,0,0,0,0,1,0,0,0,0,0,8,8,87800
2026-09-21T05:50:58.123Z,11315,1134164,88980,94612,100000000,400000000,2,2,255,0,2,2,2,15,0,0,1,2,0,0,0,0,0,0,0,1,0,0,0,0,0,8,8,88900
2026-09-21T05:50:58.218Z,11316,1134264,90107,70959,100000000,400000000,2,2,255,0,2,2,2,15,0,0,1,2,0,0,0,0,0,0,0,1,0,0,0,0,0,8,8,90100
2026-09-21T05:50:58.407Z,11317,1134414,90107,87854,100000000,400000000,2,2,255,0,2,2,2,15,0,0,1,2,0,0,0,0,0,0,0,1,0,0,0,0,0,8,8,90100
2026-09-21T05:50:58.502Z,11318,1134508,90107,96865,100000000,400000000,2,2,255,0,2,2,2,15,0,0,1,2,0,0,0,0,0,0,0,1,0,0,0,0,0,8,8,90100
2026-09-21T05:50:58.596Z,11319,1134602,90107,84475,100000000,400000000,2,2,255,0,2,2,2,15,0,0,1,2,0,0,0,0,0,0,0,1,0,0,0,0,0,8,8,90100
2026-09-21T05:50:58.692Z,11320,1134697,90107,88980,100000000,400000000,2,2,255,0,2,2,2,15,0,0,1,2,0,0,0,0,0,0,0,1,0,0,0,0,0,8,8,90100
2026-09-21T05:50:58.771Z,11321,1134791,88980,77717,100000000,400000000,2,2,255,0,2,2,2,15,0,0,1,2,0,0,0,0,0,0,0,1,0,0,0,0,0,8,8,88900
2026-09-21T05:50:58.846Z,11322,1134871,88980,93486,100000000,400000000,2,2,255,0,2,2,2,15,0,0,1,2,0,0,0,0,0,0,0,1,0,0,0,0,0,8,8,88900
2026-09-21T05:50:58.939Z,11323,1134966,88980,92359,100000000,400000000,2,2,255,0,2,2,2,15,0,0,1,2,0,0,0,0,0,0,0,1,0,0,0,0,0,8,8,88900
2026-09-21T05:50:59.030Z,11324,1135066,88980,73212,100000000,400000000,2,2,255,0,2,2,2,15,0,0,1,2,0,0,0,0,0,0,0,1,0,0,0,0,0,8,8,88900
2026-09-21T05:50:59.122Z,11325,1135166,88980,95738,100000000,400000000,2,2,255,0,2,2,2,15,0,0,1,2,0,0,0,0,0,0,0,1,0,0,0,0,0,8,8,88900
2026-09-21T05:50:59.313Z,11326,1135318,88980,88980,100000000,400000000,2,2,255,0,2,2,2,15,0,0,1,2,0,0,0,0,0,0,0,1,0,0,0,0,0,8,8,88900
2026-09-21T05:50:59.409Z,11327,1135413,88980,67580,100000000,400000000,2,2,255,0,2,2,2,15,0,0,1,2,0,0,0,0,0,0,0,1,0,0,0,0,0,8,8,88900
2026-09-21T05:50:59.504Z,11328,1135509,86728,55190,100000000,400000000,2,2,255,0,2,2,2,15,0,0,1,2,0,0,0,0,0,0,0,1,0,0,0,0,0,8,8,86700
2026-09-21T05:50:59.598Z,11329,1135604,84475,83349,100000000,400000000,2,2,255,0,2,2,2,15,0,0,1,2,0,0,0,0,0,0,0,1,0,0,0,0,0,8,8,84400
2026-09-21T05:50:59.678Z,11330,1135699,84475,87854,100000000,400000000,2,2,255,0,2,2,2,15,0,0,1,2,0,0,0,0,0,0,0,1,0,0,0,0,0,8,8,84400
2026-09-21T05:50:59.753Z,11331,1135778,84475,93486,100000000,400000000,2,2,255,0,2,2,2,15,0,0,1,2,0,0,0,0,0,0,0,1,0,0,0,0,0,8,8,84400
2026-09-21T05:50:59.844Z,11332,1135867,85601,93486,100000000,400000000,2,2,255,0,2,2,2,15,0,0,1,2,0,0,0,0,0,0,0,1,0,0,0,0,0,8,8,85600
2026-09-21T05:50:59.936Z,11333,1135967,86728,95738,100000000,400000000,2,2,255,0,2,2,2,15,0,0,1,2,0,0,0,0,0,0,0,1,0,0,0,0,0,8,8,86700
2026-09-21T05:51:00.029Z,11334,1136068,87854,128402,100000000,400000000,2,2,255,0,2,2,2,15,0,0,1,2,0,0,0,0,0,0,0,1,0,0,0,0,0,8,8,87800
2026-09-21T05:51:00.121Z,11335,1136168,92359,119391,100000000,400000000,2,2,255,0,2,2,2,15,0,0,1,2,0,0,0,0,0,0,0,1,0,0,0,0,0,8,8,92300
2026-09-21T05:51:00.312Z,11336,1136316,95738,87854,100000000,400000000,2,2,255,0,2,2,2,15,0,0,1,2,0,0,0,0,0,0,0,1,0,0,0,0,0,8,8,95700
2026-09-21T05:51:00.408Z,11337,1136412,94612,75464,100000000,400000000,2,2,255,0,2,2,2,15,0,0,1,2,0,0,0,0,0,0,0,1,0,0,0,0,0,8,8,94600
2026-09-21T05:51:00.502Z,11338,1136508,93486,92359,100000000,400000000,2,2,255,0,2,2,2,15,0,0,1,2,0,0,0,0,0,0,0,1,0,0,0,0,0,8,8,93400
2026-09-21T05:51:00.596Z,11339,1136603,92359,88980,100000000,400000000,2,2,255,0,2,2,2,15,0,0,1,2,0,0,0,0,0,0,0,1,0,0,0,0,0,8,8,92300
2026-09-21T05:51:00.692Z,11340,1136698,92359,55190,100000000,400000000,2,2,255,0,2,2,2,15,0,0,1,2,0,0,0,0,0,0,0,1,0,0,0,0,0,8,8,92300
2026-09-21T05:51:00.771Z,11341,1136792,87854,52938,100000000,400000000,2,2,255,0,2,2,2,15,0,0,1,2,0,0,0,0,0,0,0,1,0,0,0,0,0,8,8,87800
2026-09-21T05:51:00.846Z,11342,1136870,83349,81096,100000000,400000000,2,2,255,0,2,2,2,15,0,0,1,2,0,0,0,0,0,0,0,1,0,0,0,0,0,8,8,83300
2026-09-21T05:51:00.939Z,11343,1136969,83349,94612,100000000,400000000,2,2,255,0,2,2,2,15,0,0,1,2,0,0,0,0,0,0,0,1,0,0,0,0,0,8,8,83300
2026-09-21T05:51:01.031Z,11344,1137069,84475,101370,100000000,400000000,2,2,255,0,2,2,2,15,0,0,1,2,0,0,0,0,0,0,0,1,0,0,0,0,0,8,8,84400
2026-09-21T05:51:01.125Z,11345,1137169,85601,92359,100000000,400000000,2,2,255,0,2,2,2,15,0,0,1,2,0,0,0,0,0,0,0,1,0,0,0,0,0,8,8,85600
2026-09-21T05:51:01.314Z,11346,1137320,86728,93486,100000000,400000000,2,2,255,0,2,2,2,15,0,0,1,2,0,0,0,0,0,0,0,1,0,0,0,0,0,8,8,86700
2026-09-21T05:51:01.410Z,11347,1137415,87854,90107,100000000,400000000,2,2,255,0,2,2,2,15,0,0,1,2,0,0,0,0,0,0,0,1,0,0,0,0,0,8,8,87800
2026-09-21T05:51:01.506Z,11348,1137510,87854,73212,100000000,400000000,2,2,255,0,2,2,2,15,0,0,1,2,0,0,0,0,0,0,0,1,0,0,0,0,0,8,8,87800
2026-09-21T05:51:01.585Z,11349,1137607,85601,65327,100000000,400000000,2,2,255,0,2,2,2,15,0,0,1,2,0,0,0,0,0,0,0,1,0,0,0,0,0,8,8,85600
2026-09-21T05:51:01.661Z,11350,1137686,84475,90107,100000000,400000000,2,2,255,0,2,2,2,15,0,0,1,2,0,0,0,0,0,0,0,1,0,0,0,0,0,8,8,84400
2026-09-21T05:51:01.753Z,11351,1137771,83349,79970,100000000,400000000,2,2,255,0,2,2,2,15,0,0,1,2,0,0,0,0,0,0,0,1,0,0,0,0,0,8,8,83300
2026-09-21T05:51:01.844Z,11352,1137871,83349,73212,100000000,400000000,2,2,255,0,2,2,2,15,0,0,1,2,0,0,0,0,0,0,0,1,0,0,0,0,0,8,8,83300
2026-09-21T05:51:01.937Z,11353,1137971,82222,59696,100000000,400000000,2,2,255,0,2,2,2,15,0,0,1,2,0,0,0,0,0,0,0,1,0,0,0,0,0,8,8,82200
2026-09-21T05:51:02.029Z,11354,1138071,79970,65327,100000000,400000000,2,2,255,0,2,2,2,15,0,0,1,2,0,0,0,0,0,0,0,1,0,0,0,0,0,8,8,79900
2026-09-21T05:51:02.125Z,11355,1138171,77717,72085,100000000,400000000,2,2,255,0,2,2,2,15,0,0,1,2,0,0,0,0,0,0,0,1,0,0,0,0,0,8,8,77700
2026-09-21T05:51:02.314Z,11356,1138320,76591,81096,100000000,400000000,2,2,255,0,2,2,2,15,0,0,1,2,0,0,0,0,0,0,0,1,0,0,0,0,0,8,8,76500
2026-09-21T05:51:02.411Z,11357,1138415,76591,74338,100000000,400000000,2,2,255,0,2,2,2,15,0,0,1,2,0,0,0,0,0,0,0,1,0,0,0,0,0,8,8,76500
2026-09-21T05:51:02.492Z,11358,1138510,76591,79970,100000000,400000000,2,2,255,0,2,2,2,15,0,0,1,2,0,0,0,0,0,0,0,1,0,0,0,0,0,8,8,76500
2026-09-21T05:51:02.572Z,11359,1138592,76591,77717,100000000,400000000,2,2,255,0,2,2,2,15,0,0,1,2,0,0,0,0,0,0,0,1,0,0,0,0,0,8,8,76500
2026-09-21T05:51:02.664Z,11360,1138672,76591,82222,100000000,400000000,2,2,255,0,2,2,2,15,0,0,1,2,0,0,0,0,0,0,0,1,0,0,0,0,0,8,8,76500
2026-09-21T05:51:02.755Z,11361,1138773,77717,87854,100000000,400000000,2,2,255,0,2,2,2,15,0,0,1,2,0,0,0,0,0,0,0,1,0,0,0,0,0,8,8,77700
2026-09-21T05:51:02.846Z,11362,1138873,78843,79970,100000000,400000000,2,2,255,0,2,2,2,15,0,0,1,2,0,0,0,0,0,0,0,1,0,0,0,0,0,8,8,78800
2026-09-21T05:51:02.939Z,11363,1138973,79970,86728,100000000,400000000,2,2,255,0,2,2,2,15,0,0,1,2,0,0,0,0,0,0,0,1,0,0,0,0,0,8,8,79900
2026-09-21T05:51:03.031Z,11364,1139073,81096,92359,100000000,400000000,2,2,255,0,2,2,2,15,0,0,1,2,0,0,0,0,0,0,0,1,0,0,0,0,0,8,8,81000
2026-09-21T05:51:03.125Z,11365,1139173,82222,76591,100000000,400000000,2,2,255,0,2,2,2,15,0,0,1,2,0,0,0,0,0,0,0,1,0,0,0,0,0,8,8,82200
2026-09-21T05:51:03.315Z,11366,1139321,81096,75464,100000000,400000000,2,2,255,0,2,2,2,15,0,0,1,2,0,0,0,0,0,0,0,1,0,0,0,0,0,8,8,81000
2026-09-21T05:51:03.411Z,11367,1139415,79970,94612,100000000,400000000,2,2,255,0,2,2,2,15,0,0,1,2,0,0,0,0,0,0,0,1,0,0,0,0,0,8,8,79900
2026-09-21T05:51:03.492Z,11368,1139511,79970,82222,100000000,400000000,2,2,255,0,2,2,2,15,0,0,1,2,0,0,0,0,0,0,0,1,0,0,0,0,0,8,8,79900
2026-09-21T05:51:03.569Z,11369,1139592,79970,77717,100000000,400000000,2,2,255,0,2,2,2,15,0,0,1,2,0,0,0,0,0,0,0,1,0,0,0,0,0,8,8,79900
2026-09-21T05:51:03.662Z,11370,1139674,79970,86728,100000000,400000000,2,2,255,0,2,2,2,15,0,0,1,2,0,0,0,0,0,0,0,1,0,0,0,0,0,8,8,79900
2026-09-21T05:51:03.739Z,11371,1139774,81096,95738,100000000,400000000,2,2,255,0,2,2,2,15,0,0,1,2,0,0,0,0,0,0,0,1,0,0,0,0,0,8,8,81000
2026-09-21T05:51:03.896Z,11372,1139919,82222,81096,100000000,400000000,2,2,255,0,2,2,2,15,0,0,1,2,0,0,0,0,0,0,0,1,0,0,0,0,0,8,8,82200
2026-09-21T05:51:03.974Z,11373,1139997,82222,78843,100000000,400000000,2,2,255,0,2,2,2,15,0,0,1,2,0,0,0,0,0,0,0,1,0,0,0,0,0,8,8,82200
2026-09-21T05:51:04.050Z,11374,1140075,82222,83349,100000000,400000000,2,2,255,0,2,2,2,15,0,0,1,2,0,0,0,0,0,0,0,1,0,0,0,0,0,8,8,82200
2026-09-21T05:51:04.142Z,11375,1140175,82222,85601,100000000,400000000,2,2,255,0,2,2,2,15,0,0,1,2,0,0,0,0,0,0,0,1,0,0,0,0,0,8,8,82200
2026-09-21T05:51:04.234Z,11376,1140275,82222,81096,100000000,400000000,2,2,255,0,2,2,2,15,0,0,1,2,0,0,0,0,0,0,0,1,0,0,0,0,0,8,8,82200
2026-09-21T05:51:04.327Z,11377,1140375,82222,85601,100000000,400000000,2,2,255,0,2,2,2,15,0,0,1,2,0,0,0,0,0,0,0,1,0,0,0,0,0,8,8,82200
2026-09-21T05:51:04.517Z,11378,1140524,82222,88980,100000000,400000000,2,2,255,0,2,2,2,15,0,0,1,2,0,0,0,0,0,0,0,1,0,0,0,0,0,8,8,82200
2026-09-21T05:51:04.612Z,11379,1140618,83349,101370,100000000,400000000,2,2,255,0,2,2,2,15,0,0,1,2,0,0,0,0,0,0,0,1,0,0,0,0,0,8,8,83300
2026-09-21T05:51:04.707Z,11380,1140712,84475,83349,100000000,400000000,2,2,255,0,2,2,2,15,0,0,1,2,0,0,0,0,0,0,0,1,0,0,0,0,0,8,8,84400
2026-09-21T05:51:04.802Z,11381,1140808,84475,75464,100000000,400000000,2,2,255,0,2,2,2,15,0,0,1,2,0,0,0,0,0,0,0,1,0,0,0,0,0,8,8,84400
2026-09-21T05:51:04.880Z,11382,1140903,84475,90107,100000000,400000000,2,2,255,0,2,2,2,15,0,0,1,2,0,0,0,0,0,0,0,1,0,0,0,0,0,8,8,84400
2026-09-21T05:51:04.957Z,11383,1140981,84475,82222,100000000,400000000,2,2,255,0,2,2,2,15,0,0,1,2,0,0,0,0,0,0,0,1,0,0,0,0,0,8,8,84400
2026-09-21T05:51:05.050Z,11384,1141076,85601,91233,100000000,400000000,2,2,255,0,2,2,2,15,0,0,1,2,0,0,0,0,0,0,0,1,0,0,0,0,0,8,8,85600
2026-09-21T05:51:05.142Z,11385,1141176,85601,83349,100000000,400000000,2,2,255,0,2,2,2,15,0,0,1,2,0,0,0,0,0,0,0,1,0,0,0,0,0,8,8,85600
2026-09-21T05:51:05.234Z,11386,1141277,85601,86728,100000000,400000000,2,2,255,0,2,2,2,15,0,0,1,2,0,0,0,0,0,0,0,1,0,0,0,0,0,8,8,85600
2026-09-21T05:51:05.329Z,11387,1141377,85601,100244,100000000,400000000,2,2,255,0,2,2,2,15,0,0,1,2,0,0,0,0,0,0,0,1,0,0,0,0,0,8,8,85600
2026-09-21T05:51:05.521Z,11388,1141526,85601,84475,100000000,400000000,2,2,255,0,2,2,2,15,0,0,1,2,0,0,0,0,0,0,0,1,0,0,0,0,0,8,8,85600
2026-09-21T05:51:05.600Z,11389,1141621,86728,91233,100000000,400000000,2,2,255,0,2,2,2,15,0,0,1,2,0,0,0,0,0,0,0,1,0,0,0,0,0,8,8,86700
2026-09-21T05:51:05.681Z,11390,1141701,87854,92359,100000000,400000000,2,2,255,0,2,2,2,15,0,0,1,2,0,0,0,0,0,0,0,1,0,0,0,0,0,8,8,87800
2026-09-21T05:51:05.772Z,11391,1141782,88980,93486,100000000,400000000,2,2,255,0,2,2,2,15,0,0,1,2,0,0,0,0,0,0,0,1,0,0,0,0,0,8,8,88900
2026-09-21T05:51:05.863Z,11392,1141878,90107,94612,100000000,400000000,2,2,255,0,2,2,2,15,0,0,1,2,0,0,0,0,0,0,0,1,0,0,0,0,0,8,8,90100
2026-09-21T05:51:05.955Z,11393,1141978,90107,90107,100000000,400000000,2,2,255,0,2,2,2,15,0,0,1,2,0,0,0,0,0,0,0,1,0,0,0,0,0,8,8,90100
2026-09-21T05:51:06.048Z,11394,1142078,90107,92359,100000000,400000000,2,2,255,0,2,2,2,15,0,0,1,2,0,0,0,0,0,0,0,1,0,0,0,0,0,8,8,90100
2026-09-21T05:51:06.140Z,11395,1142178,90107,81096,100000000,400000000,2,2,255,0,2,2,2,15,0,0,1,2,0,0,0,0,0,0,0,1,0,0,0,0,0,8,8,90100
2026-09-21T05:51:06.232Z,11396,1142278,90107,87854,100000000,400000000,2,2,255,0,2,2,2,15,0,0,1,2,0,0,0,0,0,0,0,1,0,0,0,0,0,8,8,90100
2026-09-21T05:51:06.425Z,11397,1142429,90107,104749,100000000,400000000,2,2,255,0,2,2,2,15,0,0,1,2,0,0,0,0,0,0,0,1,0,0,0,0,0,8,8,90100
2026-09-21T05:51:06.520Z,11398,1142526,92359,103623,100000000,400000000,2,2,255,0,2,2,2,15,0,0,1,2,0,0,0,0,0,0,0,1,0,0,0,0,0,8,8,92300
2026-09-21T05:51:06.599Z,11399,1142621,93486,92359,100000000,400000000,2,2,255,0,2,2,2,15,0,0,1,2,0,0,0,0,0,0,0,1,0,0,0,0,0,8,8,93400
2026-09-21T05:51:06.679Z,11400,1142700,93486,77717,100000000,400000000,2,2,255,0,2,2,2,15,0,0,1,2,0,0,0,0,0,0,0,1,0,0,0,0,0,8,8,93400
2026-09-21T05:51:06.754Z,11401,1142780,93486,91233,100000000,400000000,2,2,255,0,2,2,2,15,0,0,1,2,0,0,0,0,0,0,0,1,0,0,0,0,0,8,8,93400
2026-09-21T05:51:06.832Z,11402,1142880,93486,105875,100000000,400000000,2,2,255,0,2,2,2,15,0,0,1,2,0,0,0,0,0,0,0,1,0,0,0,0,0,8,8,93400
2026-09-21T05:51:07.010Z,11403,1143029,93486,79970,100000000,400000000,2,2,255,0,2,2,2,15,0,0,1,2,0,0,0,0,0,0,0,1,0,0,0,0,0,8,8,93400
2026-09-21T05:51:07.105Z,11404,1143110,93486,91233,100000000,400000000,2,2,255,0,2,2,2,15,0,0,1,2,0,0,0,0,0,0,0,1,0,0,0,0,0,8,8,93400
2026-09-21T05:51:07.200Z,11405,1143207,92359,86728,100000000,400000000,2,2,255,0,2,2,2,15,0,0,1,2,0,0,0,0,0,0,0,1,0,0,0,0,0,8,8,92300
2026-09-21T05:51:07.295Z,11406,1143302,92359,95738,100000000,400000000,2,2,255,0,2,2,2,15,0,0,1,2,0,0,0,0,0,0,0,1,0,0,0,0,0,8,8,92300
2026-09-21T05:51:07.391Z,11407,1143396,92359,99117,100000000,400000000,2,2,255,0,2,2,2,15,0,0,1,2,0,0,0,0,0,0,0,1,0,0,0,0,0,8,8,92300
2026-09-21T05:51:07.487Z,11408,1143491,92359,69833,100000000,400000000,2,2,255,0,2,2,2,15,0,0,1,2,0,0,0,0,0,0,0,1,0,0,0,0,0,8,8,92300
2026-09-21T05:51:07.581Z,11409,1143588,91233,81096,100000000,400000000,2,2,255,0,2,2,2,15,0,0,1,2,0,0,0,0,0,0,0,1,0,0,0,0,0,8,8,91200
2026-09-21T05:51:07.672Z,11410,1143683,90107,83349,100000000,400000000,2,2,255,0,2,2,2,15,0,0,1,2,0,0,0,0,0,0,0,1,0,0,0,0,0,8,8,90100
2026-09-21T05:51:07.764Z,11411,1143781,88980,77717,100000000,400000000,2,2,255,0,2,2,2,15,0,0,1,2,0,0,0,0,0,0,0,1,0,0,0,0,0,8,8,88900
2026-09-21T05:51:07.856Z,11412,1143881,87854,95738,100000000,400000000,2,2,255,0,2,2,2,15,0,0,1,2,0,0,0,0,0,0,0,1,0,0,0,0,0,8,8,87800
2026-09-21T05:51:07.949Z,11413,1143981,88980,105875,100000000,400000000,2,2,255,0,2,2,2,15,0,0,1,2,0,0,0,0,0,0,0,1,0,0,0,0,0,8,8,88900
2026-09-21T05:51:08.042Z,11414,1144082,91233,102496,100000000,400000000,2,2,255,0,2,2,2,15,0,0,1,2,0,0,0,0,0,0,0,1,0,0,0,0,0,8,8,91200
2026-09-21T05:51:08.134Z,11415,1144182,92359,97991,100000000,400000000,2,2,255,0,2,2,2,15,0,0,1,2,0,0,0,0,0,0,0,1,0,0,0,0,0,8,8,92300
2026-09-21T05:51:08.326Z,11416,1144331,93486,101370,100000000,400000000,2,2,255,0,2,2,2,15,0,0,1,2,0,0,0,0,0,0,0,1,0,0,0,0,0,8,8,93400
2026-09-21T05:51:08.421Z,11417,1144427,94612,92359,100000000,400000000,2,2,255,0,2,2,2,15,0,0,1,2,0,0,0,0,0,0,0,1,0,0,0,0,0,8,8,94600
2026-09-21T05:51:08.515Z,11418,1144522,94612,92359,100000000,400000000,2,2,255,0,2,2,2,15,0,0,1,2,0,0,0,0,0,0,0,1,0,0,0,0,0,8,8,94600
2026-09-21T05:51:08.611Z,11419,1144617,94612,92359,100000000,400000000,2,2,255,0,2,2,2,15,0,0,1,2,0,0,0,0,0,0,0,1,0,0,0,0,0,8,8,94600
2026-09-21T05:51:08.706Z,11420,1144711,94612,92359,100000000,400000000,2,2,255,0,2,2,2,15,0,0,1,2,0,0,0,0,0,0,0,1,0,0,0,0,0,8,8,94600
2026-09-21T05:51:08.801Z,11421,1144808,94612,79970,100000000,400000000,2,2,255,0,2,2,2,15,0,0,1,2,0,0,0,0,0,0,0,1,0,0,0,0,0,8,8,94600
2026-09-21T05:51:08.876Z,11422,1144902,94612,95738,100000000,400000000,2,2,255,0,2,2,2,15,0,0,1,2,0,0,0,0,0,0,0,1,0,0,0,0,0,8,8,94600
2026-09-21T05:51:08.969Z,11423,1144983,93486,82222,100000000,400000000,2,2,255,0,2,2,2,15,0,0,1,2,0,0,0,0,0,0,0,1,0,0,0,0,0,8,8,93400
2026-09-21T05:51:09.061Z,11424,1145083,92359,82222,100000000,400000000,2,2,255,0,2,2,2,15,0,0,1,2,0,0,0,0,0,0,0,1,0,0,0,0,0,8,8,92300
2026-09-21T05:51:09.152Z,11425,1145184,91233,90107,100000000,400000000,2,2,255,0,2,2,2,15,0,0,1,2,0,0,0,0,0,0,0,1,0,0,0,0,0,8,8,91200
2026-09-21T05:51:09.245Z,11426,1145284,91233,91233,100000000,400000000,2,2,255,0,2,2,2,15,0,0,1,2,0,0,0,0,0,0,0,1,0,0,0,0,0,8,8,91200
2026-09-21T05:51:09.337Z,11427,1145384,91233,99117,100000000,400000000,2,2,255,0,2,2,2,15,0,0,1,2,0,0,0,0,0,0,0,1,0,0,0,0,0,8,8,91200
2026-09-21T05:51:09.530Z,11428,1145535,91233,76591,100000000,400000000,2,2,255,0,2,2,2,15,0,0,1,2,0,0,0,0,0,0,0,1,0,0,0,0,0,8,8,91200
2026-09-21T05:51:09.626Z,11429,1145630,90107,78843,100000000,400000000,2,2,255,0,2,2,2,15,0,0,1,2,0,0,0,0,0,0,0,1,0,0,0,0,0,8,8,90100
2026-09-21T05:51:09.721Z,11430,1145728,88980,99117,100000000,400000000,2,2,255,0,2,2,2,15,0,0,1,2,0,0,0,0,0,0,0,1,0,0,0,0,0,8,8,88900
2026-09-21T05:51:09.816Z,11431,1145823,90107,95738,100000000,400000000,2,2,255,0,2,2,2,15,0,0,1,2,0,0,0,0,0,0,0,1,0,0,0,0,0,8,8,90100
2026-09-21T05:51:09.913Z,11432,1145917,91233,91233,100000000,400000000,2,2,255,0,2,2,2,15,0,0,1,2,0,0,0,0,0,0,0,1,0,0,0,0,0,8,8,91200
2026-09-21T05:51:09.992Z,11433,1146013,92359,103623,100000000,400000000,2,2,255,0,2,2,2,15,0,0,1,2,0,0,0,0,0,0,0,1,0,0,0,0,0,8,8,92300
2026-09-21T05:51:10.069Z,11434,1146094,92359,94612,100000000,400000000,2,2,255,0,2,2,2,15,0,0,1,2,0,0,0,0,0,0,0,1,0,0,0,0,0,8,8,92300
2026-09-21T05:51:10.145Z,11435,1146185,93486,100244,100000000,400000000,2,2,255,0,2,2,2,15,0,0,1,2,0,0,0,0,0,0,0,1,0,0,0,0,0,8,8,93400
2026-09-21T05:51:10.305Z,11436,1146326,94612,97991,100000000,400000000,2,2,255,0,2,2,2,15,0,0,1,2,0,0,0,0,0,0,0,1,0,0,0,0,0,8,8,94600
2026-09-21T05:51:10.384Z,11437,1146406,95738,104749,100000000,400000000,2,2,255,0,2,2,2,15,0,0,1,2,0,0,0,0,0,0,0,1,0,0,0,0,0,8,8,95700
2026-09-21T05:51:10.476Z,11438,1146486,95738,87854,100000000,400000000,2,2,255,0,2,2,2,15,0,0,1,2,0,0,0,0,0,0,0,1,0,0,0,0,0,8,8,95700
2026-09-21T05:51:10.568Z,11439,1146586,96865,108128,100000000,400000000,2,2,255,0,2,2,2,15,0,0,1,2,0,0,0,0,0,0,0,1,0,0,0,0,0,8,8,96800
2026-09-21T05:51:10.659Z,11440,1146686,97991,113760,100000000,400000000,2,2,255,0,2,2,2,15,0,0,1,2,0,0,0,0,0,0,0,1,0,0,0,0,0,8,8,97900
2026-09-21T05:51:10.751Z,11441,1146786,99117,92359,100000000,400000000,2,2,255,0,2,2,2,15,0,0,1,2,0,0,0,0,0,0,0,1,0,0,0,0,0,8,8,99100
2026-09-21T05:51:10.843Z,11442,1146887,97991,91233,100000000,400000000,2,2,255,0,2,2,2,15,0,0,1,2,0,0,0,0,0,0,0,1,0,0,0,0,0,8,8,97900
2026-09-21T05:51:11.034Z,11443,1147040,96865,101370,100000000,400000000,2,2,255,0,2,2,2,15,0,0,1,2,0,0,0,0,0,0,0,1,0,0,0,0,0,8,8,96800
2026-09-21T05:51:11.130Z,11444,1147136,97991,103623,100000000,400000000,2,2,255,0,2,2,2,15,0,0,1,2,0,0,0,0,0,0,0,1,0,0,0,0,0,8,8,97900
2026-09-21T05:51:11.210Z,11445,1147231,99117,109254,100000000,400000000,2,2,255,0,2,2,2,15,0,0,1,2,0,0,0,0,0,0,0,1,0,0,0,0,0,8,8,99100
2026-09-21T05:51:11.290Z,11446,1147311,100244,83349,100000000,400000000,2,2,255,0,2,2,2,15,0,0,1,2,0,0,0,0,0,0,0,1,0,0,0,0,0,8,8,100200
2026-09-21T05:51:11.367Z,11447,1147390,99117,93486,100000000,400000000,2,2,255,0,2,2,2,15,0,0,1,2,0,0,0,0,0,0,0,1,0,0,0,0,0,8,8,99100
2026-09-21T05:51:11.459Z,11448,1147488,97991,92359,100000000,400000000,2,2,255,0,2,2,2,15,0,0,1,2,0,0,0,0,0,0,0,1,0,0,0,0,0,8,8,97900
2026-09-21T05:51:11.619Z,11449,1147639,96865,91233,100000000,400000000,2,2,255,0,2,2,2,15,0,0,1,2,0,0,0,0,0,0,0,1,0,0,0,0,0,8,8,96800
2026-09-21T05:51:11.714Z,11450,1147720,95738,100244,100000000,400000000,2,2,255,0,2,2,2,15,0,0,1,2,0,0,0,0,0,0,0,1,0,0,0,0,0,8,8,95700
2026-09-21T05:51:11.809Z,11451,1147815,94612,82222,100000000,400000000,2,2,255,0,2,2,2,15,0,0,1,2,0,0,0,0,0,0,0,1,0,0,0,0,0,8,8,94600
2026-09-21T05:51:11.904Z,11452,1147910,93486,88980,100000000,400000000,2,2,255,0,2,2,2,15,0,0,1,2,0,0,0,0,0,0,0,1,0,0,0,0,0,8,8,93400
2026-09-21T05:51:11.999Z,11453,1148007,92359,108128,100000000,400000000,2,2,255,0,2,2,2,15,0,0,1,2,0,0,0,0,0,0,0,1,0,0,0,0,0,8,8,92300
2026-09-21T05:51:12.093Z,11454,1148100,93486,96865,100000000,400000000,2,2,255,0,2,2,2,15,0,0,1,2,0,0,0,0,0,0,0,1,0,0,0,0,0,8,8,93400
2026-09-21T05:51:12.188Z,11455,1148195,93486,60822,100000000,400000000,2,2,255,0,2,2,2,15,0,0,1,2,0,0,0,0,0,0,0,1,0,0,0,0,0,8,8,93400
2026-09-21T05:51:12.279Z,11456,1148289,92359,82222,100000000,400000000,2,2,255,0,2,2,2,15,0,0,1,2,0,0,0,0,0,0,0,1,0,0,0,0,0,8,8,92300
2026-09-21T05:51:12.371Z,11457,1148389,91233,81096,100000000,400000000,2,2,255,0,2,2,2,15,0,0,1,2,0,0,0,0,0,0,0,1,0,0,0,0,0,8,8,91200
2026-09-21T05:51:12.463Z,11458,1148489,90107,88980,100000000,400000000,2,2,255,0,2,2,2,15,0,0,1,2,0,0,0,0,0,0,0,1,0,0,0,0,0,8,8,90100
2026-09-21T05:51:12.554Z,11459,1148589,90107,91233,100000000,400000000,2,2,255,0,2,2,2,15,0,0,1,2,0,0,0,0,0,0,0,1,0,0,0,0,0,8,8,90100
2026-09-21T05:51:12.645Z,11460,1148690,90107,83349,100000000,400000000,2,2,255,0,2,2,2,15,0,0,1,2,0,0,0,0,0,0,0,1,0,0,0,0,0,8,8,90100
2026-09-21T05:51:12.819Z,11461,1148842,90107,93486,100000000,400000000,2,2,255,0,2,2,2,15,0,0,1,2,0,0,0,0,0,0,0,1,0,0,0,0,0,8,8,90100
2026-09-21T05:51:12.897Z,11462,1148921,88980,83349,100000000,400000000,2,2,255,0,2,2,2,15,0,0,1,2,0,0,0,0,0,0,0,1,0,0,0,0,0,8,8,88900
2026-09-21T05:51:12.973Z,11463,1148999,87854,84475,100000000,400000000,2,2,255,0,2,2,2,15,0,0,1,2,0,0,0,0,0,0,0,1,0,0,0,0,0,8,8,87800
2026-09-21T05:51:13.050Z,11464,1149090,87854,101370,100000000,400000000,2,2,255,0,2,2,2,15,0,0,1,2,0,0,0,0,0,0,0,1,0,0,0,0,0,8,8,87800
2026-09-21T05:51:13.143Z,11465,1149191,90107,105875,100000000,400000000,2,2,255,0,2,2,2,15,0,0,1,2,0,0,0,0,0,0,0,1,0,0,0,0,0,8,8,90100
2026-09-21T05:51:13.319Z,11466,1149340,92359,129528,100000000,400000000,2,2,255,0,2,2,2,15,0,0,1,2,0,0,0,0,0,0,0,1,0,0,0,0,0,8,8,92300
2026-09-21T05:51:13.397Z,11467,1149420,95738,122770,100000000,400000000,2,2,255,0,2,2,2,15,0,0,1,2,0,0,0,0,0,0,0,1,0,0,0,0,0,8,8,95700
2026-09-21T05:51:13.472Z,11468,1149498,99117,103623,100000000,400000000,2,2,255,0,2,2,2,15,0,0,1,2,0,0,0,0,0,0,0,1,0,0,0,0,0,8,8,99100
2026-09-21T05:51:13.550Z,11469,1149591,100244,107002,100000000,400000000,2,2,255,0,2,2,2,15,0,0,1,2,0,0,0,0,0,0,0,1,0,0,0,0,0,8,8,100200
2026-09-21T05:51:13.645Z,11470,1149691,101370,121644,100000000,400000000,2,2,255,0,2,2,2,15,0,0,1,2,0,0,0,0,0,0,0,1,0,0,0,0,0,8,8,101300
2026-09-21T05:51:13.819Z,11471,1149841,102496,103623,100000000,400000000,2,2,255,0,2,2,2,15,0,0,1,2,0,0,0,0,0,0,0,1,0,0,0,0,0,8,8,102400
2026-09-21T05:51:13.896Z,11472,1149920,102496,101370,100000000,400000000,2,2,255,0,2,2,2,15,0,0,1,2,0,0,0,0,0,0,0,1,0,0,0,0,0,8,8,102400
2026-09-21T05:51:13.971Z,11473,1149998,102496,112633,100000000,400000000,2,2,255,0,2,2,2,15,0,0,1,2,0,0,0,0,0,0,0,1,0,0,0,0,0,8,8,102400
2026-09-21T05:51:14.063Z,11474,1150093,102496,97991,100000000,400000000,2,2,255,0,2,2,2,15,0,0,1,2,0,0,0,0,0,0,0,1,0,0,0,0,0,8,8,102400
2026-09-21T05:51:14.155Z,11475,1150193,102496,100244,100000000,400000000,2,2,255,0,2,2,2,15,0,0,1,2,0,0,0,0,0,0,0,1,0,0,0,0,0,8,8,102400
2026-09-21T05:51:14.249Z,11476,1150293,102496,107002,100000000,400000000,2,2,255,0,2,2,2,15,0,0,1,2,0,0,0,0,0,0,0,1,0,0,0,0,0,8,8,102400
2026-09-21T05:51:14.345Z,11477,1150393,103623,125023,100000000,400000000,2,2,255,0,2,2,2,15,0,0,1,2,0,0,0,0,0,0,0,1,0,0,0,0,0,8,8,103600
2026-09-21T05:51:14.535Z,11478,1150542,103623,107002,100000000,400000000,2,2,255,0,2,2,2,15,0,0,1,2,0,0,0,0,0,0,0,1,0,0,0,0,0,8,8,103600
2026-09-21T05:51:14.617Z,11479,1150637,103623,93486,100000000,400000000,2,2,255,0,2,2,2,15,0,0,1,2,0,0,0,0,0,0,0,1,0,0,0,0,0,8,8,103600
2026-09-21T05:51:14.695Z,11480,1150718,102496,90107,100000000,400000000,2,2,255,0,2,2,2,15,0,0,1,2,0,0,0,0,0,0,0,1,0,0,0,0,0,8,8,102400
2026-09-21T05:51:14.769Z,11481,1150797,101370,83349,100000000,400000000,2,2,255,0,2,2,2,15,0,0,1,2,0,0,0,0,0,0,0,1,0,0,0,0,0,8,8,101300
2026-09-21T05:51:14.862Z,11482,1150893,100244,99117,100000000,400000000,2,2,255,0,2,2,2,15,0,0,1,2,0,0,0,0,0,0,0,1,0,0,0,0,0,8,8,100200
2026-09-21T05:51:14.955Z,11483,1150994,99117,94612,100000000,400000000,2,2,255,0,2,2,2,15,0,0,1,2,0,0,0,0,0,0,0,1,0,0,0,0,0,8,8,99100
2026-09-21T05:51:15.048Z,11484,1151094,97991,92359,100000000,400000000,2,2,255,0,2,2,2,15,0,0,1,2,0,0,0,0,0,0,0,1,0,0,0,0,0,8,8,97900
2026-09-21T05:51:15.237Z,11485,1151245,97991,95738,100000000,400000000,2,2,255,0,2,2,2,15,0,0,1,2,0,0,0,0,0,0,0,1,0,0,0,0,0,8,8,97900
2026-09-21T05:51:15.333Z,11486,1151339,97991,108128,100000000,400000000,2,2,255,0,2,2,2,15,0,0,1,2,0,0,0,0,0,0,0,1,0,0,0,0,0,8,8,97900
2026-09-21T05:51:15.412Z,11487,1151435,97991,86728,100000000,400000000,2,2,255,0,2,2,2,15,0,0,1,2,0,0,0,0,0,0,0,1,0,0,0,0,0,8,8,97900
2026-09-21T05:51:15.488Z,11488,1151514,96865,74338,100000000,400000000,2,2,255,0,2,2,2,15,0,0,1,2,0,0,0,0,0,0,0,1,0,0,0,0,0,8,8,96800
2026-09-21T05:51:15.579Z,11489,1151595,94612,79970,100000000,400000000,2,2,255,0,2,2,2,15,0,0,1,2,0,0,0,0,0,0,0,1,0,0,0,0,0,8,8,94600
2026-09-21T05:51:15.670Z,11490,1151695,92359,79970,100000000,400000000,2,2,255,0,2,2,2,15,0,0,1,2,0,0,0,0,0,0,0,1,0,0,0,0,0,8,8,92300
2026-09-21T05:51:15.762Z,11491,1151795,91233,88980,100000000,400000000,2,2,255,0,2,2,2,15,0,0,1,2,0,0,0,0,0,0,0,1,0,0,0,0,0,8,8,91200
2026-09-21T05:51:15.853Z,11492,1151895,91233,91233,100000000,400000000,2,2,255,0,2,2,2,15,0,0,1,2,0,0,0,0,0,0,0,1,0,0,0,0,0,8,8,91200
2026-09-21T05:51:15.948Z,11493,1151995,91233,102496,100000000,400000000,2,2,255,0,2,2,2,15,0,0,1,2,0,0,0,0,0,0,0,1,0,0,0,0,0,8,8,91200
2026-09-21T05:51:16.139Z,11494,1152146,91233,83349,100000000,400000000,2,2,255,0,2,2,2,15,0,0,1,2,0,0,0,0,0,0,0,1,0,0,0,0,0,8,8,91200
2026-09-21T05:51:16.234Z,11495,1152241,90107,75464,100000000,400000000,2,2,255,0,2,2,2,15,0,0,1,2,0,0,0,0,0,0,0,1,0,0,0,0,0,8,8,90100
2026-09-21T05:51:16.329Z,11496,1152336,88980,81096,100000000,400000000,2,2,255,0,2,2,2,15,0,0,1,2,0,0,0,0,0,0,0,1,0,0,0,0,0,8,8,88900
2026-09-21T05:51:16.426Z,11497,1152430,87854,84475,100000000,400000000,2,2,255,0,2,2,2,15,0,0,1,2,0,0,0,0,0,0,0,1,0,0,0,0,0,8,8,87800
2026-09-21T05:51:16.505Z,11498,1152527,87854,84475,100000000,400000000,2,2,255,0,2,2,2,15,0,0,1,2,0,0,0,0,0,0,0,1,0,0,0,0,0,8,8,87800
2026-09-21T05:51:16.581Z,11499,1152607,87854,85601,100000000,400000000,2,2,255,0,2,2,2,15,0,0,1,2,0,0,0,0,0,0,0,1,0,0,0,0,0,8,8,87800
2026-09-21T05:51:16.673Z,11500,1152697,87854,97991,100000000,400000000,2,2,255,0,2,2,2,15,0,0,1,2,0,0,0,0,0,0,0,1,0,0,0,0,0,8,8,87800
2026-09-21T05:51:16.764Z,11501,1152797,87854,88980,100000000,400000000,2,2,255,0,2,2,2,15,0,0,1,2,0,0,0,0,0,0,0,1,0,0,0,0,0,8,8,87800
2026-09-21T05:51:16.856Z,11502,1152897,87854,77717,100000000,400000000,2,2,255,0,2,2,2,15,0,0,1,2,0,0,0,0,0,0,0,1,0,0,0,0,0,8,8,87800
2026-09-21T05:51:16.949Z,11503,1152997,86728,83349,100000000,400000000,2,2,255,0,2,2,2,15,0,0,1,2,0,0,0,0,0,0,0,1,0,0,0,0,0,8,8,86700
2026-09-21T05:51:17.139Z,11504,1153146,86728,88980,100000000,400000000,2,2,255,0,2,2,2,15,0,0,1,2,0,0,0,0,0,0,0,1,0,0,0,0,0,8,8,86700
2026-09-21T05:51:17.235Z,11505,1153241,86728,90107,100000000,400000000,2,2,255,0,2,2,2,15,0,0,1,2,0,0,0,0,0,0,0,1,0,0,0,0,0,8,8,86700
2026-09-21T05:51:17.330Z,11506,1153337,86728,66454,100000000,400000000,2,2,255,0,2,2,2,15,0,0,1,2,0,0,0,0,0,0,0,1,0,0,0,0,0,8,8,86700
2026-09-21T05:51:17.426Z,11507,1153431,86728,83349,100000000,400000000,2,2,255,0,2,2,2,15,0,0,1,2,0,0,0,0,0,0,0,1,0,0,0,0,0,8,8,86700
2026-09-21T05:51:17.506Z,11508,1153528,86728,97991,100000000,400000000,2,2,255,0,2,2,2,15,0,0,1,2,0,0,0,0,0,0,0,1,0,0,0,0,0,8,8,86700
2026-09-21T05:51:17.582Z,11509,1153607,86728,75464,100000000,400000000,2,2,255,0,2,2,2,15,0,0,1,2,0,0,0,0,0,0,0,1,0,0,0,0,0,8,8,86700
2026-09-21T05:51:17.673Z,11510,1153698,87854,93486,100000000,400000000,2,2,255,0,2,2,2,15,0,0,1,2,0,0,0,0,0,0,0,1,0,0,0,0,0,8,8,87800
2026-09-21T05:51:17.764Z,11511,1153799,88980,99117,100000000,400000000,2,2,255,0,2,2,2,15,0,0,1,2,0,0,0,0,0,0,0,1,0,0,0,0,0,8,8,88900
2026-09-21T05:51:17.855Z,11512,1153899,90107,83349,100000000,400000000,2,2,255,0,2,2,2,15,0,0,1,2,0,0,0,0,0,0,0,1,0,0,0,0,0,8,8,90100
2026-09-21T05:51:18.048Z,11513,1154052,90107,93486,100000000,400000000,2,2,255,0,2,2,2,15,0,0,1,2,0,0,0,0,0,0,0,1,0,0,0,0,0,8,8,90100
2026-09-21T05:51:18.142Z,11514,1154149,90107,90107,100000000,400000000,2,2,255,0,2,2,2,15,0,0,1,2,0,0,0,0,0,0,0,1,0,0,0,0,0,8,8,90100
2026-09-21T05:51:18.238Z,11515,1154245,90107,67580,100000000,400000000,2,2,255,0,2,2,2,15,0,0,1,2,0,0,0,0,0,0,0,1,0,0,0,0,0,8,8,90100
2026-09-21T05:51:18.332Z,11516,1154340,87854,75464,100000000,400000000,2,2,255,0,2,2,2,15,0,0,1,2,0,0,0,0,0,0,0,1,0,0,0,0,0,8,8,87800
2026-09-21T05:51:18.411Z,11517,1154435,86728,94612,100000000,400000000,2,2,255,0,2,2,2,15,0,0,1,2,0,0,0,0,0,0,0,1,0,0,0,0,0,8,8,86700
2026-09-21T05:51:18.488Z,11518,1154513,86728,87854,100000000,400000000,2,2,255,0,2,2,2,15,0,0,1,2,0,0,0,0,0,0,0,1,0,0,0,0,0,8,8,86700
2026-09-21T05:51:18.580Z,11519,1154600,87854,94612,100000000,400000000,2,2,255,0,2,2,2,15,0,0,1,2,0,0,0,0,0,0,0,1,0,0,0,0,0,8,8,87800
2026-09-21T05:51:18.672Z,11520,1154700,88980,97991,100000000,400000000,2,2,255,0,2,2,2,15,0,0,1,2,0,0,0,0,0,0,0,1,0,0,0,0,0,8,8,88900
2026-09-21T05:51:18.763Z,11521,1154800,90107,93486,100000000,400000000,2,2,255,0,2,2,2,15,0,0,1,2,0,0,0,0,0,0,0,1,0,0,0,0,0,8,8,90100
2026-09-21T05:51:18.854Z,11522,1154900,90107,91233,100000000,400000000,2,2,255,0,2,2,2,15,0,0,1,2,0,0,0,0,0,0,0,1,0,0,0,0,0,8,8,90100
2026-09-21T05:51:19.048Z,11523,1155053,90107,97991,100000000,400000000,2,2,255,0,2,2,2,15,0,0,1,2,0,0,0,0,0,0,0,1,0,0,0,0,0,8,8,90100
2026-09-21T05:51:19.144Z,11524,1155149,91233,102496,100000000,400000000,2,2,255,0,2,2,2,15,0,0,1,2,0,0,0,0,0,0,0,1,0,0,0,0,0,8,8,91200
2026-09-21T05:51:19.239Z,11525,1155246,92359,100244,100000000,400000000,2,2,255,0,2,2,2,15,0,0,1,2,0,0,0,0,0,0,0,1,0,0,0,0,0,8,8,92300
2026-09-21T05:51:19.318Z,11526,1155341,93486,83349,100000000,400000000,2,2,255,0,2,2,2,15,0,0,1,2,0,0,0,0,0,0,0,1,0,0,0,0,0,8,8,93400
2026-09-21T05:51:19.393Z,11527,1155420,92359,83349,100000000,400000000,2,2,255,0,2,2,2,15,0,0,1,2,0,0,0,0,0,0,0,1,0,0,0,0,0,8,8,92300
2026-09-21T05:51:19.484Z,11528,1155502,91233,86728,100000000,400000000,2,2,255,0,2,2,2,15,0,0,1,2,0,0,0,0,0,0,0,1,0,0,0,0,0,8,8,91200
2026-09-21T05:51:19.576Z,11529,1155602,90107,84475,100000000,400000000,2,2,255,0,2,2,2,15,0,0,1,2,0,0,0,0,0,0,0,1,0,0,0,0,0,8,8,90100
2026-09-21T05:51:19.668Z,11530,1155702,90107,105875,100000000,400000000,2,2,255,0,2,2,2,15,0,0,1,2,0,0,0,0,0,0,0,1,0,0,0,0,0,8,8,90100
2026-09-21T05:51:19.761Z,11531,1155802,92359,120518,100000000,400000000,2,2,255,0,2,2,2,15,0,0,1,2,0,0,0,0,0,0,0,1,0,0,0,0,0,8,8,92300
2026-09-21T05:51:19.853Z,11532,1155902,95738,126149,100000000,400000000,2,2,255,0,2,2,2,15,0,0,1,2,0,0,0,0,0,0,0,1,0,0,0,0,0,8,8,95700
2026-09-21T05:51:20.045Z,11533,1156051,99117,108128,100000000,400000000,2,2,255,0,2,2,2,15,0,0,1,2,0,0,0,0,0,0,0,1,0,0,0,0,0,8,8,99100
2026-09-21T05:51:20.140Z,11534,1156148,100244,96865,100000000,400000000,2,2,255,0,2,2,2,15,0,0,1,2,0,0,0,0,0,0,0,1,0,0,0,0,0,8,8,100200
2026-09-21T05:51:20.236Z,11535,1156242,100244,86728,100000000,400000000,2,2,255,0,2,2,2,15,0,0,1,2,0,0,0,0,0,0,0,1,0,0,0,0,0,8,8,100200
2026-09-21T05:51:20.331Z,11536,1156338,99117,88980,100000000,400000000,2,2,255,0,2,2,2,15,0,0,1,2,0,0,0,0,0,0,0,1,0,0,0,0,0,8,8,99100
2026-09-21T05:51:20.429Z,11537,1156432,97991,76591,100000000,400000000,2,2,255,0,2,2,2,15,0,0,1,2,0,0,0,0,0,0,0,1,0,0,0,0,0,8,8,97900
2026-09-21T05:51:20.508Z,11538,1156529,96865,91233,100000000,400000000,2,2,255,0,2,2,2,15,0,0,1,2,0,0,0,0,0,0,0,1,0,0,0,0,0,8,8,96800
2026-09-21T05:51:20.584Z,11539,1156609,95738,111507,100000000,400000000,2,2,255,0,2,2,2,15,0,0,1,2,0,0,0,0,0,0,0,1,0,0,0,0,0,8,8,95700
2026-09-21T05:51:20.675Z,11540,1156704,96865,100244,100000000,400000000,2,2,255,0,2,2,2,15,0,0,1,2,0,0,0,0,0,0,0,1,0,0,0,0,0,8,8,96800
2026-09-21T05:51:20.766Z,11541,1156804,97991,109254,100000000,400000000,2,2,255,0,2,2,2,15,0,0,1,2,0,0,0,0,0,0,0,1,0,0,0,0,0,8,8,97900
2026-09-21T05:51:20.857Z,11542,1156904,99117,102496,100000000,400000000,2,2,255,0,2,2,2,15,0,0,1,2,0,0,0,0,0,0,0,1,0,0,0,0,0,8,8,99100
2026-09-21T05:51:21.049Z,11543,1157056,99117,99117,100000000,400000000,2,2,255,0,2,2,2,15,0,0,1,2,0,0,0,0,0,0,0,1,0,0,0,0,0,8,8,99100
2026-09-21T05:51:21.145Z,11544,1157151,99117,104749,100000000,400000000,2,2,255,0,2,2,2,15,0,0,1,2,0,0,0,0,0,0,0,1,0,0,0,0,0,8,8,99100
2026-09-21T05:51:21.225Z,11545,1157248,100244,114886,100000000,400000000,2,2,255,0,2,2,2,15,0,0,1,2,0,0,0,0,0,0,0,1,0,0,0,0,0,8,8,100200
2026-09-21T05:51:21.306Z,11546,1157328,101370,107002,100000000,400000000,2,2,255,0,2,2,2,15,0,0,1,2,0,0,0,0,0,0,0,1,0,0,0,0,0,8,8,101300
2026-09-21T05:51:21.383Z,11547,1157408,102496,84475,100000000,400000000,2,2,255,0,2,2,2,15,0,0,1,2,0,0,0,0,0,0,0,1,0,0,0,0,0,8,8,102400
2026-09-21T05:51:21.474Z,11548,1157505,100244,82222,100000000,400000000,2,2,255,0,2,2,2,15,0,0,1,2,0,0,0,0,0,0,0,1,0,0,0,0,0,8,8,100200
2026-09-21T05:51:21.567Z,11549,1157605,97991,109254,100000000,400000000,2,2,255,0,2,2,2,15,0,0,1,2,0,0,0,0,0,0,0,1,0,0,0,0,0,8,8,97900
2026-09-21T05:51:21.726Z,11550,1157748,97991,94612,100000000,400000000,2,2,255,0,2,2,2,15,0,0,1,2,0,0,0,0,0,0,0,1,0,0,0,0,0,8,8,97900
2026-09-21T05:51:21.805Z,11551,1157828,97991,94612,100000000,400000000,2,2,255,0,2,2,2,15,0,0,1,2,0,0,0,0,0,0,0,1,0,0,0,0,0,8,8,97900
2026-09-21T05:51:21.897Z,11552,1157908,97991,97991,100000000,400000000,2,2,255,0,2,2,2,15,0,0,1,2,0,0,0,0,0,0,0,1,0,0,0,0,0,8,8,97900
2026-09-21T05:51:21.989Z,11553,1158006,97991,81096,100000000,400000000,2,2,255,0,2,2,2,15,0,0,1,2,0,0,0,0,0,0,0,1,0,0,0,0,0,8,8,97900
2026-09-21T05:51:22.064Z,11554,1158106,97991,95738,100000000,400000000,2,2,255,0,2,2,2,15,0,0,1,2,0,0,0,0,0,0,0,1,0,0,0,0,0,8,8,97900
2026-09-21T05:51:22.158Z,11555,1158206,97991,102496,100000000,400000000,2,2,255,0,2,2,2,15,0,0,1,2,0,0,0,0,0,0,0,1,0,0,0,0,0,8,8,97900
2026-09-21T05:51:22.349Z,11556,1158355,97991,87854,100000000,400000000,2,2,255,0,2,2,2,15,0,0,1,2,0,0,0,0,0,0,0,1,0,0,0,0,0,8,8,97900
2026-09-21T05:51:22.431Z,11557,1158450,96865,76591,100000000,400000000,2,2,255,0,2,2,2,15,0,0,1,2,0,0,0,0,0,0,0,1,0,0,0,0,0,8,8,96800
2026-09-21T05:51:22.511Z,11558,1158532,94612,72085,100000000,400000000,2,2,255,0,2,2,2,15,0,0,1,2,0,0,0,0,0,0,0,1,0,0,0,0,0,8,8,94600
2026-09-21T05:51:22.605Z,11559,1158612,92359,74338,100000000,400000000,2,2,255,0,2,2,2,15,0,0,1,2,0,0,0,0,0,0,0,1,0,0,0,0,0,8,8,92300
2026-09-21T05:51:22.697Z,11560,1158708,90107,82222,100000000,400000000,2,2,255,0,2,2,2,15,0,0,1,2,0,0,0,0,0,0,0,1,0,0,0,0,0,8,8,90100
2026-09-21T05:51:22.788Z,11561,1158807,88980,78843,100000000,400000000,2,2,255,0,2,2,2,15,0,0,1,2,0,0,0,0,0,0,0,1,0,0,0,0,0,8,8,88900
2026-09-21T05:51:22.881Z,11562,1158907,87854,92359,100000000,400000000,2,2,255,0,2,2,2,15,0,0,1,2,0,0,0,0,0,0,0,1,0,0,0,0,0,8,8,87800
2026-09-21T05:51:22.962Z,11563,1159008,86728,77717,100000000,400000000,2,2,255,0,2,2,2,15,0,0,1,2,0,0,0,0,0,0,0,1,0,0,0,0,0,8,8,86700
2026-09-21T05:51:23.136Z,11564,1159143,85601,75464,100000000,400000000,2,2,255,0,2,2,2,15,0,0,1,2,0,0,0,0,0,0,0,1,0,0,0,0,0,8,8,85600
2026-09-21T05:51:23.230Z,11565,1159238,84475,74338,100000000,400000000,2,2,255,0,2,2,2,15,0,0,1,2,0,0,0,0,0,0,0,1,0,0,0,0,0,8,8,84400
2026-09-21T05:51:23.326Z,11566,1159333,83349,81096,100000000,400000000,2,2,255,0,2,2,2,15,0,0,1,2,0,0,0,0,0,0,0,1,0,0,0,0,0,8,8,83300
2026-09-21T05:51:23.421Z,11567,1159428,83349,96865,100000000,400000000,2,2,255,0,2,2,2,15,0,0,1,2,0,0,0,0,0,0,0,1,0,0,0,0,0,8,8,83300
2026-09-21T05:51:23.516Z,11568,1159524,85601,103623,100000000,400000000,2,2,255,0,2,2,2,15,0,0,1,2,0,0,0,0,0,0,0,1,0,0,0,0,0,8,8,85600
2026-09-21T05:51:23.611Z,11569,1159618,86728,95738,100000000,400000000,2,2,255,0,2,2,2,15,0,0,1,2,0,0,0,0,0,0,0,1,0,0,0,0,0,8,8,86700
2026-09-21T05:51:23.703Z,11570,1159714,87854,82222,100000000,400000000,2,2,255,0,2,2,2,15,0,0,1,2,0,0,0,0,0,0,0,1,0,0,0,0,0,8,8,87800
2026-09-21T05:51:23.794Z,11571,1159809,88980,92359,100000000,400000000,2,2,255,0,2,2,2,15,0,0,1,2,0,0,0,0,0,0,0,1,0,0,0,0,0,8,8,88900
2026-09-21T05:51:23.886Z,11572,1159909,88980,93486,100000000,400000000,2,2,255,0,2,2,2,15,0,0,1,2,0,0,0,0,0,0,0,1,0,0,0,0,0,8,8,88900
2026-09-21T05:51:23.977Z,11573,1160009,88980,61948,100000000,400000000,2,2,255,0,2,2,2,15,0,0,1,2,0,0,0,0,0,0,0,1,0,0,0,0,0,8,8,88900
2026-09-21T05:51:24.068Z,11574,1160109,87854,76591,100000000,400000000,2,2,255,0,2,2,2,15,0,0,1,2,0,0,0,0,0,0,0,1,0,0,0,0,0,8,8,87800
2026-09-21T05:51:24.161Z,11575,1160209,86728,84475,100000000,400000000,2,2,255,0,2,2,2,15,0,0,1,2,0,0,0,0,0,0,0,1,0,0,0,0,0,8,8,86700
2026-09-21T05:51:24.321Z,11576,1160344,85601,73212,100000000,400000000,2,2,255,0,2,2,2,15,0,0,1,2,0,0,0,0,0,0,0,1,0,0,0,0,0,8,8,85600
2026-09-21T05:51:24.396Z,11577,1160423,84475,70959,100000000,400000000,2,2,255,0,2,2,2,15,0,0,1,2,0,0,0,0,0,0,0,1,0,0,0,0,0,8,8,84400
2026-09-21T05:51:24.487Z,11578,1160510,83349,102496,100000000,400000000,2,2,255,0,2,2,2,15,0,0,1,2,0,0,0,0,0,0,0,1,0,0,0,0,0,8,8,83300
2026-09-21T05:51:24.580Z,11579,1160610,85601,104749,100000000,400000000,2,2,255,0,2,2,2,15,0,0,1,2,0,0,0,0,0,0,0,1,0,0,0,0,0,8,8,85600
2026-09-21T05:51:24.672Z,11580,1160710,87854,87854,100000000,400000000,2,2,255,0,2,2,2,15,0,0,1,2,0,0,0,0,0,0,0,1,0,0,0,0,0,8,8,87800
2026-09-21T05:51:24.764Z,11581,1160810,88980,96865,100000000,400000000,2,2,255,0,2,2,2,15,0,0,1,2,0,0,0,0,0,0,0,1,0,0,0,0,0,8,8,88900
2026-09-21T05:51:24.954Z,11582,1160961,88980,90107,100000000,400000000,2,2,255,0,2,2,2,15,0,0,1,2,0,0,0,0,0,0,0,1,0,0,0,0,0,8,8,88900
2026-09-21T05:51:25.049Z,11583,1161057,88980,70959,100000000,400000000,2,2,255,0,2,2,2,15,0,0,1,2,0,0,0,0,0,0,0,1,0,0,0,0,0,8,8,88900
2026-09-21T05:51:25.144Z,11584,1161152,86728,73212,100000000,400000000,2,2,255,0,2,2,2,15,0,0,1,2,0,0,0,0,0,0,0,1,0,0,0,0,0,8,8,86700
2026-09-21T05:51:25.239Z,11585,1161247,84475,67580,100000000,400000000,2,2,255,0,2,2,2,15,0,0,1,2,0,0,0,0,0,0,0,1,0,0,0,0,0,8,8,84400
2026-09-21T05:51:25.318Z,11586,1161342,82222,64201,100000000,400000000,2,2,255,0,2,2,2,15,0,0,1,2,0,0,0,0,0,0,0,1,0,0,0,0,0,8,8,82200
2026-09-21T05:51:25.392Z,11587,1161421,79970,81096,100000000,400000000,2,2,255,0,2,2,2,15,0,0,1,2,0,0,0,0,0,0,0,1,0,0,0,0,0,8,8,79900
2026-09-21T05:51:25.483Z,11588,1161512,79970,93486,100000000,400000000,2,2,255,0,2,2,2,15,0,0,1,2,0,0,0,0,0,0,0,1,0,0,0,0,0,8,8,79900
2026-09-21T05:51:25.575Z,11589,1161613,82222,101370,100000000,400000000,2,2,255,0,2,2,2,15,0,0,1,2,0,0,0,0,0,0,0,1,0,0,0,0,0,8,8,82200
2026-09-21T05:51:25.667Z,11590,1161713,84475,100244,100000000,400000000,2,2,255,0,2,2,2,15,0,0,1,2,0,0,0,0,0,0,0,1,0,0,0,0,0,8,8,84400
2026-09-21T05:51:25.856Z,11591,1161865,86728,101370,100000000,400000000,2,2,255,0,2,2,2,15,0,0,1,2,0,0,0,0,0,0,0,1,0,0,0,0,0,8,8,86700
2026-09-21T05:51:25.951Z,11592,1161959,88980,117139,100000000,400000000,2,2,255,0,2,2,2,15,0,0,1,2,0,0,0,0,0,0,0,1,0,0,0,0,0,8,8,88900
2026-09-21T05:51:26.047Z,11593,1162054,92359,117139,100000000,400000000,2,2,255,0,2,2,2,15,0,0,1,2,0,0,0,0,0,0,0,1,0,0,0,0,0,8,8,92300
2026-09-21T05:51:26.141Z,11594,1162149,95738,107002,100000000,400000000,2,2,255,0,2,2,2,15,0,0,1,2,0,0,0,0,0,0,0,1,0,0,0,0,0,8,8,95700
2026-09-21T05:51:26.235Z,11595,1162244,96865,100244,100000000,400000000,2,2,255,0,2,2,2,15,0,0,1,2,0,0,0,0,0,0,0,1,0,0,0,0,0,8,8,96800
2026-09-21T05:51:26.331Z,11596,1162339,97991,101370,100000000,400000000,2,2,255,0,2,2,2,15,0,0,1,2,0,0,0,0,0,0,0,1,0,0,0,0,0,8,8,97900
2026-09-21T05:51:26.427Z,11597,1162433,97991,117139,100000000,400000000,2,2,255,0,2,2,2,15,0,0,1,2,0,0,0,0,0,0,0,1,0,0,0,0,0,8,8,97900
2026-09-21T05:51:26.503Z,11598,1162528,97991,93486,100000000,400000000,2,2,255,0,2,2,2,15,0,0,1,2,0,0,0,0,0,0,0,1,0,0,0,0,0,8,8,97900
2026-09-21T05:51:26.594Z,11599,1162614,96865,86728,100000000,400000000,2,2,255,0,2,2,2,15,0,0,1,2,0,0,0,0,0,0,0,1,0,0,0,0,0,8,8,96800
2026-09-21T05:51:26.687Z,11600,1162714,95738,82222,100000000,400000000,2,2,255,0,2,2,2,15,0,0,1,2,0,0,0,0,0,0,0,1,0,0,0,0,0,8,8,95700
2026-09-21T05:51:26.778Z,11601,1162814,94612,88980,100000000,400000000,2,2,255,0,2,2,2,15,0,0,1,2,0,0,0,0,0,0,0,1,0,0,0,0,0,8,8,94600
2026-09-21T05:51:26.869Z,11602,1162914,93486,96865,100000000,400000000,2,2,255,0,2,2,2,15,0,0,1,2,0,0,0,0,0,0,0,1,0,0,0,0,0,8,8,93400
2026-09-21T05:51:26.967Z,11603,1163014,93486,101370,100000000,400000000,2,2,255,0,2,2,2,15,0,0,1,2,0,0,0,0,0,0,0,1,0,0,0,0,0,8,8,93400
2026-09-21T05:51:27.157Z,11604,1163164,93486,94612,100000000,400000000,2,2,255,0,2,2,2,15,0,0,1,2,0,0,0,0,0,0,0,1,0,0,0,0,0,8,8,93400
2026-09-21T05:51:27.252Z,11605,1163260,93486,92359,100000000,400000000,2,2,255,0,2,2,2,15,0,0,1,2,0,0,0,0,0,0,0,1,0,0,0,0,0,8,8,93400
2026-09-21T05:51:27.349Z,11606,1163355,93486,92359,100000000,400000000,2,2,255,0,2,2,2,15,0,0,1,2,0,0,0,0,0,0,0,1,0,0,0,0,0,8,8,93400
2026-09-21T05:51:27.431Z,11607,1163450,93486,79970,100000000,400000000,2,2,255,0,2,2,2,15,0,0,1,2,0,0,0,0,0,0,0,1,0,0,0,0,0,8,8,93400
2026-09-21T05:51:27.507Z,11608,1163532,93486,116012,100000000,400000000,2,2,255,0,2,2,2,15,0,0,1,2,0,0,0,0,0,0,0,1,0,0,0,0,0,8,8,93400
2026-09-21T05:51:27.599Z,11609,1163615,94612,97991,100000000,400000000,2,2,255,0,2,2,2,15,0,0,1,2,0,0,0,0,0,0,0,1,0,0,0,0,0,8,8,94600
2026-09-21T05:51:27.675Z,11610,1163716,94612,91233,100000000,400000000,2,2,255,0,2,2,2,15,0,0,1,2,0,0,0,0,0,0,0,1,0,0,0,0,0,8,8,94600
2026-09-21T05:51:27.768Z,11611,1163816,94612,84475,100000000,400000000,2,2,255,0,2,2,2,15,0,0,1,2,0,0,0,0,0,0,0,1,0,0,0,0,0,8,8,94600
2026-09-21T05:51:27.945Z,11612,1163967,93486,76591,100000000,400000000,2,2,255,0,2,2,2,15,0,0,1,2,0,0,0,0,0,0,0,1,0,0,0,0,0,8,8,93400
2026-09-21T05:51:28.023Z,11613,1164048,92359,87854,100000000,400000000,2,2,255,0,2,2,2,15,0,0,1,2,0,0,0,0,0,0,0,1,0,0,0,0,0,8,8,92300
2026-09-21T05:51:28.098Z,11614,1164126,91233,82222,100000000,400000000,2,2,255,0,2,2,2,15,0,0,1,2,0,0,0,0,0,0,0,1,0,0,0,0,0,8,8,91200
2026-09-21T05:51:28.189Z,11615,1164216,91233,93486,100000000,400000000,2,2,255,0,2,2,2,15,0,0,1,2,0,0,0,0,0,0,0,1,0,0,0,0,0,8,8,91200
2026-09-21T05:51:28.282Z,11616,1164317,91233,92359,100000000,400000000,2,2,255,0,2,2,2,15,0,0,1,2,0,0,0,0,0,0,0,1,0,0,0,0,0,8,8,91200
2026-09-21T05:51:28.375Z,11617,1164417,91233,88980,100000000,400000000,2,2,255,0,2,2,2,15,0,0,1,2,0,0,0,0,0,0,0,1,0,0,0,0,0,8,8,91200
2026-09-21T05:51:28.468Z,11618,1164517,91233,90107,100000000,400000000,2,2,255,0,2,2,2,15,0,0,1,2,0,0,0,0,0,0,0,1,0,0,0,0,0,8,8,91200
2026-09-21T05:51:28.659Z,11619,1164666,91233,79970,100000000,400000000,2,2,255,0,2,2,2,15,0,0,1,2,0,0,0,0,0,0,0,1,0,0,0,0,0,8,8,91200
2026-09-21T05:51:28.754Z,11620,1164761,90107,83349,100000000,400000000,2,2,255,0,2,2,2,15,0,0,1,2,0,0,0,0,0,0,0,1,0,0,0,0,0,8,8,90100
2026-09-21T05:51:28.833Z,11621,1164857,88980,82222,100000000,400000000,2,2,255,0,2,2,2,15,0,0,1,2,0,0,0,0,0,0,0,1,0,0,0,0,0,8,8,88900
2026-09-21T05:51:28.910Z,11622,1164937,87854,90107,100000000,400000000,2,2,255,0,2,2,2,15,0,0,1,2,0,0,0,0,0,0,0,1,0,0,0,0,0,8,8,87800
2026-09-21T05:51:29.002Z,11623,1165018,86728,82222,100000000,400000000,2,2,255,0,2,2,2,15,0,0,1,2,0,0,0,0,0,0,0,1,0,0,0,0,0,8,8,86700
2026-09-21T05:51:29.094Z,11624,1165118,86728,90107,100000000,400000000,2,2,255,0,2,2,2,15,0,0,1,2,0,0,0,0,0,0,0,1,0,0,0,0,0,8,8,86700
2026-09-21T05:51:29.187Z,11625,1165218,86728,94612,100000000,400000000,2,2,255,0,2,2,2,15,0,0,1,2,0,0,0,0,0,0,0,1,0,0,0,0,0,8,8,86700
2026-09-21T05:51:29.278Z,11626,1165318,87854,99117,100000000,400000000,2,2,255,0,2,2,2,15,0,0,1,2,0,0,0,0,0,0,0,1,0,0,0,0,0,8,8,87800
2026-09-21T05:51:29.371Z,11627,1165419,88980,110381,100000000,400000000,2,2,255,0,2,2,2,15,0,0,1,2,0,0,0,0,0,0,0,1,0,0,0,0,0,8,8,88900
2026-09-21T05:51:29.564Z,11628,1165569,91233,112633,100000000,400000000,2,2,255,0,2,2,2,15,0,0,1,2,0,0,0,0,0,0,0,1,0,0,0,0,0,8,8,91200
2026-09-21T05:51:29.659Z,11629,1165666,93486,93486,100000000,400000000,2,2,255,0,2,2,2,15,0,0,1,2,0,0,0,0,0,0,0,1,0,0,0,0,0,8,8,93400
2026-09-21T05:51:29.753Z,11630,1165762,93486,86728,100000000,400000000,2,2,255,0,2,2,2,15,0,0,1,2,0,0,0,0,0,0,0,1,0,0,0,0,0,8,8,93400
2026-09-21T05:51:29.850Z,11631,1165857,92359,76591,100000000,400000000,2,2,255,0,2,2,2,15,0,0,1,2,0,0,0,0,0,0,0,1,0,0,0,0,0,8,8,92300
2026-09-21T05:51:29.931Z,11632,1165952,91233,91233,100000000,400000000,2,2,255,0,2,2,2,15,0,0,1,2,0,0,0,0,0,0,0,1,0,0,0,0,0,8,8,91200
2026-09-21T05:51:30.007Z,11633,1166033,91233,102496,100000000,400000000,2,2,255,0,2,2,2,15,0,0,1,2,0,0,0,0,0,0,0,1,0,0,0,0,0,8,8,91200
2026-09-21T05:51:30.100Z,11634,1166120,91233,94612,100000000,400000000,2,2,255,0,2,2,2,15,0,0,1,2,0,0,0,0,0,0,0,1,0,0,0,0,0,8,8,91200
2026-09-21T05:51:30.192Z,11635,1166220,91233,70959,100000000,400000000,2,2,255,0,2,2,2,15,0,0,1,2,0,0,0,0,0,0,0,1,0,0,0,0,0,8,8,91200
2026-09-21T05:51:30.271Z,11636,1166320,88980,75464,100000000,400000000,2,2,255,0,2,2,2,15,0,0,1,2,0,0,0,0,0,0,0,1,0,0,0,0,0,8,8,88900
2026-09-21T05:51:30.431Z,11637,1166453,86728,85601,100000000,400000000,2,2,255,0,2,2,2,15,0,0,1,2,0,0,0,0,0,0,0,1,0,0,0,0,0,8,8,86700
2026-09-21T05:51:30.507Z,11638,1166533,85601,75464,100000000,400000000,2,2,255,0,2,2,2,15,0,0,1,2,0,0,0,0,0,0,0,1,0,0,0,0,0,8,8,85600
2026-09-21T05:51:30.600Z,11639,1166621,84475,74338,100000000,400000000,2,2,255,0,2,2,2,15,0,0,1,2,0,0,0,0,0,0,0,1,0,0,0,0,0,8,8,84400
2026-09-21T05:51:30.690Z,11640,1166721,83349,77717,100000000,400000000,2,2,255,0,2,2,2,15,0,0,1,2,0,0,0,0,0,0,0,1,0,0,0,0,0,8,8,83300
2026-09-21T05:51:30.782Z,11641,1166821,82222,85601,100000000,400000000,2,2,255,0,2,2,2,15,0,0,1,2,0,0,0,0,0,0,0,1,0,0,0,0,0,8,8,82200
2026-09-21T05:51:30.873Z,11642,1166921,82222,84475,100000000,400000000,2,2,255,0,2,2,2,15,0,0,1,2,0,0,0,0,0,0,0,1,0,0,0,0,0,8,8,82200
2026-09-21T05:51:31.064Z,11643,1167070,82222,76591,100000000,400000000,2,2,255,0,2,2,2,15,0,0,1,2,0,0,0,0,0,0,0,1,0,0,0,0,0,8,8,82200
2026-09-21T05:51:31.159Z,11644,1167167,82222,86728,100000000,400000000,2,2,255,0,2,2,2,15,0,0,1,2,0,0,0,0,0,0,0,1,0,0,0,0,0,8,8,82200
2026-09-21T05:51:31.254Z,11645,1167262,83349,87854,100000000,400000000,2,2,255,0,2,2,2,15,0,0,1,2,0,0,0,0,0,0,0,1,0,0,0,0,0,8,8,83300
2026-09-21T05:51:31.350Z,11646,1167357,84475,87854,100000000,400000000,2,2,255,0,2,2,2,15,0,0,1,2,0,0,0,0,0,0,0,1,0,0,0,0,0,8,8,84400
2026-09-21T05:51:31.430Z,11647,1167452,84475,87854,100000000,400000000,2,2,255,0,2,2,2,15,0,0,1,2,0,0,0,0,0,0,0,1,0,0,0,0,0,8,8,84400
2026-09-21T05:51:31.507Z,11648,1167533,84475,99117,100000000,400000000,2,2,255,0,2,2,2,15,0,0,1,2,0,0,0,0,0,0,0,1,0,0,0,0,0,8,8,84400
2026-09-21T05:51:31.598Z,11649,1167622,86728,97991,100000000,400000000,2,2,255,0,2,2,2,15,0,0,1,2,0,0,0,0,0,0,0,1,0,0,0,0,0,8,8,86700
2026-09-21T05:51:31.675Z,11650,1167723,87854,86728,100000000,400000000,2,2,255,0,2,2,2,15,0,0,1,2,0,0,0,0,0,0,0,1,0,0,0,0,0,8,8,87800
2026-09-21T05:51:31.849Z,11651,1167873,88980,93486,100000000,400000000,2,2,255,0,2,2,2,15,0,0,1,2,0,0,0,0,0,0,0,1,0,0,0,0,0,8,8,88900
2026-09-21T05:51:31.931Z,11652,1167952,88980,91233,100000000,400000000,2,2,255,0,2,2,2,15,0,0,1,2,0,0,0,0,0,0,0,1,0,0,0,0,0,8,8,88900
2026-09-21T05:51:32.007Z,11653,1168034,88980,88980,100000000,400000000,2,2,255,0,2,2,2,15,0,0,1,2,0,0,0,0,0,0,0,1,0,0,0,0,0,8,8,88900
2026-09-21T05:51:32.099Z,11654,1168123,88980,82222,100000000,400000000,2,2,255,0,2,2,2,15,0,0,1,2,0,0,0,0,0,0,0,1,0,0,0,0,0,8,8,88900
2026-09-21T05:51:32.191Z,11655,1168223,88980,87854,100000000,400000000,2,2,255,0,2,2,2,15,0,0,1,2,0,0,0,0,0,0,0,1,0,0,0,0,0,8,8,88900
2026-09-21T05:51:32.283Z,11656,1168323,88980,93486,100000000,400000000,2,2,255,0,2,2,2,15,0,0,1,2,0,0,0,0,0,0,0,1,0,0,0,0,0,8,8,88900
2026-09-21T05:51:32.376Z,11657,1168424,90107,111507,100000000,400000000,2,2,255,0,2,2,2,15,0,0,1,2,0,0,0,0,0,0,0,1,0,0,0,0,0,8,8,90100
2026-09-21T05:51:32.567Z,11658,1168574,91233,100244,100000000,400000000,2,2,255,0,2,2,2,15,0,0,1,2,0,0,0,0,0,0,0,1,0,0,0,0,0,8,8,91200
2026-09-21T05:51:32.645Z,11659,1168669,92359,79970,100000000,400000000,2,2,255,0,2,2,2,15,0,0,1,2,0,0,0,0,0,0,0,1,0,0,0,0,0,8,8,92300
2026-09-21T05:51:32.723Z,11660,1168748,91233,85601,100000000,400000000,2,2,255,0,2,2,2,15,0,0,1,2,0,0,0,0,0,0,0,1,0,0,0,0,0,8,8,91200
2026-09-21T05:51:32.801Z,11661,1168827,90107,82222,100000000,400000000,2,2,255,0,2,2,2,15,0,0,1,2,0,0,0,0,0,0,0,1,0,0,0,0,0,8,8,90100
2026-09-21T05:51:32.877Z,11662,1168925,88980,90107,100000000,400000000,2,2,255,0,2,2,2,15,0,0,1,2,0,0,0,0,0,0,0,1,0,0,0,0,0,8,8,88900
2026-09-21T05:51:33.068Z,11663,1169075,88980,93486,100000000,400000000,2,2,255,0,2,2,2,15,0,0,1,2,0,0,0,0,0,0,0,1,0,0,0,0,0,8,8,88900
2026-09-21T05:51:33.147Z,11664,1169171,88980,87854,100000000,400000000,2,2,255,0,2,2,2,15,0,0,1,2,0,0,0,0,0,0,0,1,0,0,0,0,0,8,8,88900
2026-09-21T05:51:33.226Z,11665,1169249,90107,95738,100000000,400000000,2,2,255,0,2,2,2,15,0,0,1,2,0,0,0,0,0,0,0,1,0,0,0,0,0,8,8,90100
2026-09-21T05:51:33.303Z,11666,1169329,90107,93486,100000000,400000000,2,2,255,0,2,2,2,15,0,0,1,2,0,0,0,0,0,0,0,1,0,0,0,0,0,8,8,90100
2026-09-21T05:51:33.394Z,11667,1169425,90107,79970,100000000,400000000,2,2,255,0,2,2,2,15,0,0,1,2,0,0,0,0,0,0,0,1,0,0,0,0,0,8,8,90100
2026-09-21T05:51:33.487Z,11668,1169525,90107,91233,100000000,400000000,2,2,255,0,2,2,2,15,0,0,1,2,0,0,0,0,0,0,0,1,0,0,0,0,0,8,8,90100
2026-09-21T05:51:33.580Z,11669,1169626,90107,99117,100000000,400000000,2,2,255,0,2,2,2,15,0,0,1,2,0,0,0,0,0,0,0,1,0,0,0,0,0,8,8,90100
2026-09-21T05:51:33.770Z,11670,1169778,90107,93486,100000000,400000000,2,2,255,0,2,2,2,15,0,0,1,2,0,0,0,0,0,0,0,1,0,0,0,0,0,8,8,90100
2026-09-21T05:51:33.851Z,11671,1169873,91233,103623,100000000,400000000,2,2,255,0,2,2,2,15,0,0,1,2,0,0,0,0,0,0,0,1,0,0,0,0,0,8,8,91200
2026-09-21T05:51:33.931Z,11672,1169952,92359,100244,100000000,400000000,2,2,255,0,2,2,2,15,0,0,1,2,0,0,0,0,0,0,0,1,0,0,0,0,0,8,8,92300
2026-09-21T05:51:34.026Z,11673,1170035,93486,90107,100000000,400000000,2,2,255,0,2,2,2,15,0,0,1,2,0,0,0,0,0,0,0,1,0,0,0,0,0,8,8,93400
2026-09-21T05:51:34.117Z,11674,1170129,93486,82222,100000000,400000000,2,2,255,0,2,2,2,15,0,0,1,2,0,0,0,0,0,0,0,1,0,0,0,0,0,8,8,93400
2026-09-21T05:51:34.210Z,11675,1170227,93486,105875,100000000,400000000,2,2,255,0,2,2,2,15,0,0,1,2,0,0,0,0,0,0,0,1,0,0,0,0,0,8,8,93400
2026-09-21T05:51:34.302Z,11676,1170327,94612,110381,100000000,400000000,2,2,255,0,2,2,2,15,0,0,1,2,0,0,0,0,0,0,0,1,0,0,0,0,0,8,8,94600
2026-09-21T05:51:34.380Z,11677,1170427,95738,99117,100000000,400000000,2,2,255,0,2,2,2,15,0,0,1,2,0,0,0,0,0,0,0,1,0,0,0,0,0,8,8,95700
2026-09-21T05:51:34.538Z,11678,1170562,95738,78843,100000000,400000000,2,2,255,0,2,2,2,15,0,0,1,2,0,0,0,0,0,0,0,1,0,0,0,0,0,8,8,95700
2026-09-21T05:51:34.615Z,11679,1170642,95738,101370,100000000,400000000,2,2,255,0,2,2,2,15,0,0,1,2,0,0,0,0,0,0,0,1,0,0,0,0,0,8,8,95700
2026-09-21T05:51:34.707Z,11680,1170728,96865,116012,100000000,400000000,2,2,255,0,2,2,2,15,0,0,1,2,0,0,0,0,0,0,0,1,0,0,0,0,0,8,8,96800
2026-09-21T05:51:34.783Z,11681,1170828,97991,87854,100000000,400000000,2,2,255,0,2,2,2,15,0,0,1,2,0,0,0,0,0,0,0,1,0,0,0,0,0,8,8,97900
2026-09-21T05:51:34.973Z,11682,1170981,96865,72085,100000000,400000000,2,2,255,0,2,2,2,15,0,0,1,2,0,0,0,0,0,0,0,1,0,0,0,0,0,8,8,96800
2026-09-21T05:51:35.053Z,11683,1171076,95738,96865,100000000,400000000,2,2,255,0,2,2,2,15,0,0,1,2,0,0,0,0,0,0,0,1,0,0,0,0,0,8,8,95700
2026-09-21T05:51:35.133Z,11684,1171157,92359,66454,100000000,400000000,2,2,255,0,2,2,2,15,0,0,1,2,0,0,0,0,0,0,0,1,0,0,0,0,0,8,8,92300
2026-09-21T05:51:35.209Z,11685,1171236,88980,68706,100000000,400000000,2,2,255,0,2,2,2,15,0,0,1,2,0,0,0,0,0,0,0,1,0,0,0,0,0,8,8,88900
2026-09-21T05:51:35.302Z,11686,1171329,86728,74338,100000000,400000000,2,2,255,0,2,2,2,15,0,0,1,2,0,0,0,0,0,0,0,1,0,0,0,0,0,8,8,86700
2026-09-21T05:51:35.379Z,11687,1171429,84475,73212,100000000,400000000,2,2,255,0,2,2,2,15,0,0,1,2,0,0,0,0,0,0,0,1,0,0,0,0,0,8,8,84400
2026-09-21T05:51:35.538Z,11688,1171562,83349,92359,100000000,400000000,2,2,255,0,2,2,2,15,0,0,1,2,0,0,0,0,0,0,0,1,0,0,0,0,0,8,8,83300
2026-09-21T05:51:35.615Z,11689,1171642,84475,117139,100000000,400000000,2,2,255,0,2,2,2,15,0,0,1,2,0,0,0,0,0,0,0,1,0,0,0,0,0,8,8,84400
2026-09-21T05:51:35.707Z,11690,1171729,86728,103623,100000000,400000000,2,2,255,0,2,2,2,15,0,0,1,2,0,0,0,0,0,0,0,1,0,0,0,0,0,8,8,86700
2026-09-21T05:51:35.782Z,11691,1171829,88980,101370,100000000,400000000,2,2,255,0,2,2,2,15,0,0,1,2,0,0,0,0,0,0,0,1,0,0,0,0,0,8,8,88900
2026-09-21T05:51:35.970Z,11692,1171979,90107,93486,100000000,400000000,2,2,255,0,2,2,2,15,0,0,1,2,0,0,0,0,0,0,0,1,0,0,0,0,0,8,8,90100
2026-09-21T05:51:36.064Z,11693,1172074,90107,85601,100000000,400000000,2,2,255,0,2,2,2,15,0,0,1,2,0,0,0,0,0,0,0,1,0,0,0,0,0,8,8,90100
2026-09-21T05:51:36.159Z,11694,1172168,90107,92359,100000000,400000000,2,2,255,0,2,2,2,15,0,0,1,2,0,0,0,0,0,0,0,1,0,0,0,0,0,8,8,90100
2026-09-21T05:51:36.254Z,11695,1172263,88980,81096,100000000,400000000,2,2,255,0,2,2,2,15,0,0,1,2,0,0,0,0,0,0,0,1,0,0,0,0,0,8,8,88900
2026-09-21T05:51:36.334Z,11696,1172357,88980,86728,100000000,400000000,2,2,255,0,2,2,2,15,0,0,1,2,0,0,0,0,0,0,0,1,0,0,0,0,0,8,8,88900
2026-09-21T05:51:36.410Z,11697,1172437,87854,66454,100000000,400000000,2,2,255,0,2,2,2,15,0,0,1,2,0,0,0,0,0,0,0,1,0,0,0,0,0,8,8,87800
2026-09-21T05:51:36.487Z,11698,1172531,85601,72085,100000000,400000000,2,2,255,0,2,2,2,15,0,0,1,2,0,0,0,0,0,0,0,1,0,0,0,0,0,8,8,85600
2026-09-21T05:51:36.581Z,11699,1172631,83349,97991,100000000,400000000,2,2,255,0,2,2,2,15,0,0,1,2,0,0,0,0,0,0,0,1,0,0,0,0,0,8,8,83300
2026-09-21T05:51:36.770Z,11700,1172779,85601,96865,100000000,400000000,2,2,255,0,2,2,2,15,0,0,1,2,0,0,0,0,0,0,0,1,0,0,0,0,0,8,8,85600
2026-09-21T05:51:36.850Z,11701,1172874,86728,105875,100000000,400000000,2,2,255,0,2,2,2,15,0,0,1,2,0,0,0,0,0,0,0,1,0,0,0,0,0,8,8,86700
2026-09-21T05:51:36.931Z,11702,1172953,88980,109254,100000000,400000000,2,2,255,0,2,2,2,15,0,0,1,2,0,0,0,0,0,0,0,1,0,0,0,0,0,8,8,88900
2026-09-21T05:51:37.007Z,11703,1173033,91233,85601,100000000,400000000,2,2,255,0,2,2,2,15,0,0,1,2,0,0,0,0,0,0,0,1,0,0,0,0,0,8,8,91200
2026-09-21T05:51:37.098Z,11704,1173131,90107,81096,100000000,400000000,2,2,255,0,2,2,2,15,0,0,1,2,0,0,0,0,0,0,0,1,0,0,0,0,0,8,8,90100
2026-09-21T05:51:37.190Z,11705,1173232,88980,78843,100000000,400000000,2,2,255,0,2,2,2,15,0,0,1,2,0,0,0,0,0,0,0,1,0,0,0,0,0,8,8,88900
2026-09-21T05:51:37.282Z,11706,1173333,87854,73212,100000000,400000000,2,2,255,0,2,2,2,15,0,0,1,2,0,0,0,0,0,0,0,1,0,0,0,0,0,8,8,87800
2026-09-21T05:51:37.472Z,11707,1173480,85601,64201,100000000,400000000,2,2,255,0,2,2,2,15,0,0,1,2,0,0,0,0,0,0,0,1,0,0,0,0,0,8,8,85600
2026-09-21T05:51:37.567Z,11708,1173576,83349,64201,100000000,400000000,2,2,255,0,2,2,2,15,0,0,1,2,0,0,0,0,0,0,0,1,0,0,0,0,0,8,8,83300
2026-09-21T05:51:37.647Z,11709,1173670,81096,91233,100000000,400000000,2,2,255,0,2,2,2,15,0,0,1,2,0,0,0,0,0,0,0,1,0,0,0,0,0,8,8,81000
2026-09-21T05:51:37.723Z,11710,1173749,82222,88980,100000000,400000000,2,2,255,0,2,2,2,15,0,0,1,2,0,0,0,0,0,0,0,1,0,0,0,0,0,8,8,82200
2026-09-21T05:51:37.814Z,11711,1173833,83349,79970,100000000,400000000,2,2,255,0,2,2,2,15,0,0,1,2,0,0,0,0,0,0,0,1,0,0,0,0,0,8,8,83300
2026-09-21T05:51:37.907Z,11712,1173933,84475,91233,100000000,400000000,2,2,255,0,2,2,2,15,0,0,1,2,0,0,0,0,0,0,0,1,0,0,0,0,0,8,8,84400
2026-09-21T05:51:37.999Z,11713,1174033,85601,100244,100000000,400000000,2,2,255,0,2,2,2,15,0,0,1,2,0,0,0,0,0,0,0,1,0,0,0,0,0,8,8,85600
2026-09-21T05:51:38.091Z,11714,1174133,86728,91233,100000000,400000000,2,2,255,0,2,2,2,15,0,0,1,2,0,0,0,0,0,0,0,1,0,0,0,0,0,8,8,86700
2026-09-21T05:51:38.182Z,11715,1174233,87854,79970,100000000,400000000,2,2,255,0,2,2,2,15,0,0,1,2,0,0,0,0,0,0,0,1,0,0,0,0,0,8,8,87800
2026-09-21T05:51:38.372Z,11716,1174381,86728,76591,100000000,400000000,2,2,255,0,2,2,2,15,0,0,1,2,0,0,0,0,0,0,0,1,0,0,0,0,0,8,8,86700
2026-09-21T05:51:38.469Z,11717,1174476,85601,77717,100000000,400000000,2,2,255,0,2,2,2,15,0,0,1,2,0,0,0,0,0,0,0,1,0,0,0,0,0,8,8,85600
2026-09-21T05:51:38.564Z,11718,1174571,84475,88980,100000000,400000000,2,2,255,0,2,2,2,15,0,0,1,2,0,0,0,0,0,0,0,1,0,0,0,0,0,8,8,84400
2026-09-21T05:51:38.659Z,11719,1174668,85601,102496,100000000,400000000,2,2,255,0,2,2,2,15,0,0,1,2,0,0,0,0,0,0,0,1,0,0,0,0,0,8,8,85600
2026-09-21T05:51:38.754Z,11720,1174763,86728,91233,100000000,400000000,2,2,255,0,2,2,2,15,0,0,1,2,0,0,0,0,0,0,0,1,0,0,0,0,0,8,8,86700
2026-09-21T05:51:38.834Z,11721,1174858,87854,72085,100000000,400000000,2,2,255,0,2,2,2,15,0,0,1,2,0,0,0,0,0,0,0,1,0,0,0,0,0,8,8,87800
2026-09-21T05:51:38.911Z,11722,1174938,85601,73212,100000000,400000000,2,2,255,0,2,2,2,15,0,0,1,2,0,0,0,0,0,0,0,1,0,0,0,0,0,8,8,85600
2026-09-21T05:51:38.987Z,11723,1175035,84475,93486,100000000,400000000,2,2,255,0,2,2,2,15,0,0,1,2,0,0,0,0,0,0,0,1,0,0,0,0,0,8,8,84400
2026-09-21T05:51:39.177Z,11724,1175186,85601,12550741,100000000,400000000,2,2,255,0,2,2,2,15,0,0,1,2,0,0,0,0,0,0,0,1,0,0,0,0,0,8,8,85600
2026-09-21T05:51:39.257Z,11725,1175280,1643322,109859253,100000000,400000000,2,1,0,7,3,3,3,15,0,0,1,3,0,0,0,0,0,0,0,0,0,0,0,0,0,8,8,1643300
2026-09-21T05:51:39.339Z,11726,1175360,15170595,269718732,100000000,400000000,2,1,0,7,3,3,3,15,0,0,1,3,0,0,0,0,0,0,0,0,0,0,0,0,0,8,8,15170500
2026-09-21T05:51:39.435Z,11727,1175442,46989534,405016242,100000000,400000000,2,1,0,7,4,4,4,15,0,0,1,4,0,0,0,0,0,0,0,0,0,0,0,0,0,8,8,46989500
2026-09-21T05:51:39.526Z,11728,1175538,91743295,485647124,100000000,400000000,2,1,0,7,4,4,4,15,0,0,1,4,0,0,0,0,0,0,0,0,0,0,0,0,0,8,8,91743200
2026-09-21T05:51:39.619Z,11729,1175636,140980992,500120518,100000000,400000000,3,1,0,7,4,4,4,15,0,0,1,4,0,0,0,0,0,0,0,0,0,0,0,0,0,8,8,140980900
2026-09-21T05:51:39.712Z,11730,1175736,185867660,500073212,100000000,400000000,3,1,0,7,4,4,4,15,0,0,1,4,0,0,0,0,0,0,0,0,0,0,0,0,0,8,8,185867600
2026-09-21T05:51:39.806Z,11731,1175836,225142932,500064201,100000000,400000000,3,1,0,7,4,4,4,15,0,0,1,4,0,0,0,0,0,0,0,0,0,0,0,0,0,8,8,225142900
2026-09-21T05:51:39.901Z,11732,1175936,259508513,500064201,100000000,400000000,3,1,0,7,4,4,4,15,0,0,1,4,0,0,0,0,0,0,0,0,0,0,0,0,0,8,8,259508500
2026-09-21T05:51:39.993Z,11733,1176036,289578255,500087854,100000000,400000000,3,1,0,7,4,4,4,15,0,0,1,4,0,0,0,0,0,0,0,0,0,0,0,0,0,8,8,289578200
2026-09-21T05:51:40.086Z,11734,1176136,315891674,500087854,100000000,400000000,3,1,0,7,4,4,4,15,0,0,1,4,0,0,0,0,0,0,0,0,0,0,0,0,0,8,8,315891600
2026-09-21T05:51:40.277Z,11735,1176285,338916196,500079970,100000000,400000000,3,1,0,7,4,4,4,15,0,0,1,4,0,0,0,0,0,0,0,0,0,0,0,0,0,8,8,338916100
2026-09-21T05:51:40.372Z,11736,1176380,359061809,500082222,100000000,400000000,3,1,0,7,4,4,4,15,0,0,1,4,0,0,0,0,0,0,0,0,0,0,0,0,0,8,8,359061800
2026-09-21T05:51:40.468Z,11737,1176476,376688938,500093486,100000000,400000000,3,1,0,7,4,4,4,15,0,0,1,4,0,0,0,0,0,0,0,0,0,0,0,0,0,8,8,376688900
2026-09-21T05:51:40.566Z,11738,1176571,392114084,500104749,100000000,400000000,3,1,0,7,4,4,4,15,0,0,1,4,0,0,0,0,0,0,0,0,0,0,0,0,0,8,8,392114000
2026-09-21T05:51:40.661Z,11739,1176669,405612072,500101370,100000000,400000000,4,1,0,7,4,4,4,15,0,0,1,4,0,0,0,0,0,0,0,0,0,0,0,0,0,8,8,405612000
2026-09-21T05:51:40.742Z,11740,1176765,417422812,500095738,100000000,400000000,4,1,0,7,4,4,4,15,0,0,1,4,0,0,0,0,0,0,0,0,0,0,0,0,0,8,8,417422800
2026-09-21T05:51:40.821Z,11741,1176846,427756928,500075464,100000000,400000000,4,1,0,7,4,4,4,15,0,0,1,4,0,0,0,0,0,0,0,0,0,0,0,0,0,8,8,427756900
2026-09-21T05:51:40.914Z,11742,1176938,436796886,500068706,100000000,400000000,4,1,0,7,4,4,4,15,0,0,1,4,0,0,0,0,0,0,0,0,0,0,0,0,0,8,8,436796800
2026-09-21T05:51:41.007Z,11743,1177038,444706004,500073212,100000000,400000000,4,1,0,7,4,4,4,15,0,0,1,4,0,0,0,0,0,0,0,0,0,0,0,0,0,8,8,444706000
2026-09-21T05:51:41.100Z,11744,1177138,451627328,500083349,100000000,400000000,4,1,0,7,4,4,4,15,0,0,1,4,0,0,0,0,0,0,0,0,0,0,0,0,0,8,8,451627300
2026-09-21T05:51:41.192Z,11745,1177238,457683626,500075464,100000000,400000000,4,1,0,7,4,4,4,15,0,0,1,4,0,0,0,0,0,0,0,0,0,0,0,0,0,8,8,457683600
2026-09-21T05:51:41.351Z,11746,1177376,462984155,500085601,100000000,400000000,4,1,0,7,4,4,4,15,0,0,1,4,0,0,0,0,0,0,0,0,0,0,0,0,0,8,8,462984100
2026-09-21T05:51:41.429Z,11747,1177455,467620146,500075464,100000000,400000000,4,1,0,7,4,4,4,15,0,0,1,4,0,0,0,0,0,0,0,0,0,0,0,0,0,8,8,467620100
2026-09-21T05:51:41.522Z,11748,1177538,471678328,500081096,100000000,400000000,4,1,0,7,4,4,4,15,0,0,1,4,0,0,0,0,0,0,0,0,0,0,0,0,0,8,8,471678300
2026-09-21T05:51:41.615Z,11749,1177639,475228533,500085601,100000000,400000000,4,1,0,7,4,4,4,15,0,0,1,4,0,0,0,0,0,0,0,0,0,0,0,0,0,8,8,475228500
2026-09-21T05:51:41.691Z,11750,1177739,478336089,500088980,100000000,400000000,4,1,0,7,4,4,4,15,0,0,1,4,0,0,0,0,0,0,0,0,0,0,0,0,0,8,8,478336000
2026-09-21T05:51:41.869Z,11751,1177890,481055060,500069833,100000000,400000000,4,1,0,7,4,4,4,15,0,0,1,4,0,0,0,0,0,0,0,0,0,0,0,0,0,8,8,481055000
2026-09-21T05:51:41.950Z,11752,1177972,483433877,500082222,100000000,400000000,4,1,0,7,4,4,4,15,0,0,1,4,0,0,0,0,0,0,0,0,0,0,0,0,0,8,8,483433800
2026-09-21T05:51:42.047Z,11753,1178053,485515343,500091233,100000000,400000000,4,1,0,7,4,4,4,15,0,0,1,4,0,0,0,0,0,0,0,0,0,0,0,0,0,8,8,485515300
2026-09-21T05:51:42.144Z,11754,1178150,487336625,500083349,100000000,400000000,4,1,0,7,4,4,4,15,0,0,1,4,0,0,0,0,0,0,0,0,0,0,0,0,0,8,8,487336600
2026-09-21T05:51:42.240Z,11755,1178248,488931514,500099117,100000000,400000000,4,1,0,7,4,4,4,15,0,0,1,4,0,0,0,0,0,0,0,0,0,0,0,0,0,8,8,488931500
2026-09-21T05:51:42.317Z,11756,1178344,490327042,500103623,100000000,400000000,4,1,0,7,4,4,4,15,0,0,1,4,0,0,0,0,0,0,0,0,0,0,0,0,0,8,8,490327000
2026-09-21T05:51:42.392Z,11757,1178440,491549115,500082222,100000000,400000000,4,1,0,7,4,4,4,15,0,0,1,4,0,0,0,0,0,0,0,0,0,0,0,0,0,8,8,491549100
2026-09-21T05:51:42.583Z,11758,1178591,492615753,500081096,100000000,400000000,4,1,0,7,4,4,4,15,0,0,1,4,0,0,0,0,0,0,0,0,0,0,0,0,0,8,8,492615700
2026-09-21T05:51:42.665Z,11759,1178687,493549484,500084475,100000000,400000000,4,1,0,7,4,4,4,15,0,0,1,4,0,0,0,0,0,0,0,0,0,0,0,0,0,8,8,493549400
2026-09-21T05:51:42.748Z,11760,1178768,494366077,500088980,100000000,400000000,4,1,0,7,4,4,4,15,0,0,1,4,0,0,0,0,0,0,0,0,0,0,0,0,0,8,8,494366000
2026-09-21T05:51:42.843Z,11761,1178850,495081299,500101370,100000000,400000000,4,1,0,7,4,4,4,15,0,0,1,4,0,0,0,0,0,0,0,0,0,0,0,0,0,8,8,495081200
2026-09-21T05:51:42.939Z,11762,1178948,495707541,500084475,100000000,400000000,4,1,0,7,4,4,4,15,0,0,1,4,0,0,0,0,0,0,0,0,0,0,0,0,0,8,8,495707500
2026-09-21T05:51:43.031Z,11763,1179043,496254939,500081096,100000000,400000000,4,1,0,7,4,4,4,15,0,0,1,4,0,0,0,0,0,0,0,0,0,0,0,0,0,8,8,496254900
2026-09-21T05:51:43.124Z,11764,1179141,496733631,500095738,100000000,400000000,4,1,0,7,4,4,4,15,0,0,1,4,0,0,0,0,0,0,0,0,0,0,0,0,0,8,8,496733600
2026-09-21T05:51:43.217Z,11765,1179241,497153754,500097991,100000000,400000000,4,1,0,7,4,4,4,15,0,0,1,4,0,0,0,0,0,0,0,0,0,0,0,0,0,8,8,497153700
2026-09-21T05:51:43.309Z,11766,1179341,497522065,500094612,100000000,400000000,4,1,0,7,4,4,4,15,0,0,1,4,0,0,0,0,0,0,0,0,0,0,0,0,0,8,8,497522000
2026-09-21T05:51:43.403Z,11767,1179441,497844196,500079970,100000000,400000000,4,1,0,7,4,4,4,15,0,0,1,4,0,0,0,0,0,0,0,0,0,0,0,0,0,8,8,497844100
2026-09-21T05:51:43.494Z,11768,1179542,498123527,500073212,100000000,400000000,4,1,0,7,4,4,4,15,0,0,1,4,0,0,0,0,0,0,0,0,0,0,0,0,0,8,8,498123500
2026-09-21T05:51:43.687Z,11769,1179694,498367942,500076591,100000000,400000000,4,1,0,7,4,4,4,15,0,0,1,4,0,0,0,0,0,0,0,0,0,0,0,0,0,8,8,498367900
2026-09-21T05:51:43.783Z,11770,1179789,498581945,500078843,100000000,400000000,4,1,0,7,4,4,4,15,0,0,1,4,0,0,0,0,0,0,0,0,0,0,0,0,0,8,8,498581900
2026-09-21T05:51:43.879Z,11771,1179888,498768917,500099117,100000000,400000000,4,1,0,7,4,4,4,15,0,0,1,4,0,0,0,0,0,0,0,0,0,0,0,0,0,8,8,498768900
2026-09-21T05:51:43.960Z,11772,1179984,498935614,500103623,100000000,400000000,4,1,0,7,4,4,4,15,0,0,1,4,0,0,0,0,0,0,0,0,0,0,0,0,0,8,8,498935600
2026-09-21T05:51:44.041Z,11773,1180064,499080911,500063075,100000000,400000000,4,1,0,7,4,4,4,15,0,0,1,4,0,0,0,0,0,0,0,0,0,0,0,0,0,8,8,499080900
2026-09-21T05:51:44.120Z,11774,1180145,499208187,500095738,100000000,400000000,4,1,0,7,4,4,4,15,0,0,1,4,0,0,0,0,0,0,0,0,0,0,0,0,0,8,8,499208100
2026-09-21T05:51:44.212Z,11775,1180243,499317442,500083349,100000000,400000000,4,1,0,7,4,4,4,15,0,0,1,4,0,0,0,0,0,0,0,0,0,0,0,0,0,8,8,499317400
2026-09-21T05:51:44.306Z,11776,1180343,499413180,500078843,100000000,400000000,4,1,0,7,4,4,4,15,0,0,1,4,0,0,0,0,0,0,0,0,0,0,0,0,0,8,8,499413100
2026-09-21T05:51:44.400Z,11777,1180443,499496529,500091233,100000000,400000000,4,1,0,7,4,4,4,15,0,0,1,4,0,0,0,0,0,0,0,0,0,0,0,0,0,8,8,499496500
2026-09-21T05:51:44.492Z,11778,1180543,499569740,500083349,100000000,400000000,4,1,0,7,4,4,4,15,0,0,1,4,0,0,0,0,0,0,0,0,0,0,0,0,0,8,8,499569700
2026-09-21T05:51:44.684Z,11779,1180691,499633941,500085601,100000000,400000000,4,1,0,7,4,4,4,15,0,0,1,4,0,0,0,0,0,0,0,0,0,0,0,0,0,8,8,499633900
2026-09-21T05:51:44.779Z,11780,1180788,499690258,500096865,100000000,400000000,4,1,0,7,4,4,4,15,0,0,1,4,0,0,0,0,0,0,0,0,0,0,0,0,0,8,8,499690200
2026-09-21T05:51:44.875Z,11781,1180884,499739817,500090107,100000000,400000000,4,1,0,7,4,4,4,15,0,0,1,4,0,0,0,0,0,0,0,0,0,0,0,0,0,8,8,499739800
2026-09-21T05:51:44.971Z,11782,1180980,499784870,500101370,100000000,400000000,4,1,0,7,4,4,4,15,0,0,1,4,0,0,0,0,0,0,0,0,0,0,0,0,0,8,8,499784800
2026-09-21T05:51:45.068Z,11783,1181075,499824292,500102496,100000000,400000000,4,1,0,7,4,4,4,15,0,0,1,4,0,0,0,0,0,0,0,0,0,0,0,0,0,8,8,499824200
2026-09-21T05:51:45.148Z,11784,1181171,499859208,500088980,100000000,400000000,4,1,0,7,4,4,4,15,0,0,1,4,0,0,0,0,0,0,0,0,0,0,0,0,0,8,8,499859200
2026-09-21T05:51:45.226Z,11785,1181251,499888493,500065327,100000000,400000000,4,1,0,7,4,4,4,15,0,0,1,4,0,0,0,0,0,0,0,0,0,0,0,0,0,8,8,499888400
2026-09-21T05:51:45.319Z,11786,1181345,499912146,500078843,100000000,400000000,4,1,0,7,4,4,4,15,0,0,1,4,0,0,0,0,0,0,0,0,0,0,0,0,0,8,8,499912100
2026-09-21T05:51:45.394Z,11787,1181445,499933546,500085601,100000000,400000000,4,1,0,7,4,4,4,15,0,0,1,4,0,0,0,0,0,0,0,0,0,0,0,0,0,8,8,499933500
2026-09-21T05:51:45.570Z,11788,1181594,499952694,500084475,100000000,400000000,4,1,0,7,4,4,4,15,0,0,1,4,0,0,0,0,0,0,0,0,0,0,0,0,0,8,8,499952600
2026-09-21T05:51:45.649Z,11789,1181674,499969589,500073212,100000000,400000000,4,1,0,7,4,4,4,15,0,0,1,4,0,0,0,0,0,0,0,0,0,0,0,0,0,8,8,499969500
2026-09-21T05:51:45.727Z,11790,1181754,499984231,500085601,100000000,400000000,4,1,0,7,4,4,4,15,0,0,1,4,0,0,0,0,0,0,0,0,0,0,0,0,0,8,8,499984200
2026-09-21T05:51:45.821Z,11791,1181845,499995495,500072085,100000000,400000000,4,1,0,7,4,4,4,15,0,0,1,4,0,0,0,0,0,0,0,0,0,0,0,0,0,8,8,499995400
2026-09-21T05:51:45.915Z,11792,1181945,500005632,500061948,100000000,400000000,4,1,0,7,4,4,4,15,0,0,1,4,0,0,0,0,0,0,0,0,0,0,0,0,0,8,8,500005600
2026-09-21T05:51:46.007Z,11793,1182046,500013516,500073212,100000000,400000000,4,1,0,7,4,4,4,15,0,0,1,4,0,0,0,0,0,0,0,0,0,0,0,0,0,8,8,500013500
2026-09-21T05:51:46.101Z,11794,1182146,500021400,500091233,100000000,400000000,4,1,0,7,4,4,4,15,0,0,1,4,0,0,0,0,0,0,0,0,0,0,0,0,0,8,8,500021400
2026-09-21T05:51:46.277Z,11795,1182285,500030411,500088980,100000000,400000000,4,1,0,7,4,4,4,15,0,0,1,4,0,0,0,0,0,0,0,0,0,0,0,0,0,8,8,500030400
2026-09-21T05:51:46.372Z,11796,1182381,500038295,500079970,100000000,400000000,4,1,0,7,4,4,4,15,0,0,1,4,0,0,0,0,0,0,0,0,0,0,0,0,0,8,8,500038200
2026-09-21T05:51:46.469Z,11797,1182476,500043927,500072085,100000000,400000000,4,1,0,7,4,4,4,15,0,0,1,4,0,0,0,0,0,0,0,0,0,0,0,0,0,8,8,500043900
2026-09-21T05:51:46.566Z,11798,1182572,500048432,500104749,100000000,400000000,4,1,0,7,4,4,4,15,0,0,1,4,0,0,0,0,0,0,0,0,0,0,0,0,0,8,8,500048400
2026-09-21T05:51:46.662Z,11799,1182669,500055190,500113760,100000000,400000000,4,1,0,7,4,4,4,15,0,0,1,4,0,0,0,0,0,0,0,0,0,0,0,0,0,8,8,500055100
2026-09-21T05:51:46.745Z,11800,1182767,500061948,500087854,100000000,400000000,4,1,0,7,4,4,4,15,0,0,1,4,0,0,0,0,0,0,0,0,0,0,0,0,0,8,8,500061900
2026-09-21T05:51:46.838Z,11801,1182849,500066454,500097991,100000000,400000000,4,1,0,7,4,4,4,15,0,0,1,4,0,0,0,0,0,0,0,0,0,0,0,0,0,8,8,500066400
2026-09-21T05:51:46.930Z,11802,1182947,500069833,500094612,100000000,400000000,4,1,0,7,4,4,4,15,0,0,1,4,0,0,0,0,0,0,0,0,0,0,0,0,0,8,8,500069800
2026-09-21T05:51:47.023Z,11803,1183047,500073212,500085601,100000000,400000000,4,1,0,7,4,4,4,15,0,0,1,4,0,0,0,0,0,0,0,0,0,0,0,0,0,8,8,500073200
2026-09-21T05:51:47.116Z,11804,1183147,500074338,500082222,100000000,400000000,4,1,0,7,4,4,4,15,0,0,1,4,0,0,0,0,0,0,0,0,0,0,0,0,0,8,8,500074300
2026-09-21T05:51:47.209Z,11805,1183247,500075464,500081096,100000000,400000000,4,1,0,7,4,4,4,15,0,0,1,4,0,0,0,0,0,0,0,0,0,0,0,0,0,8,8,500075400
2026-09-21T05:51:47.368Z,11806,1183394,500076591,500058569,100000000,400000000,4,1,0,7,4,4,4,15,0,0,1,4,0,0,0,0,0,0,0,0,0,0,0,0,0,8,8,500076500
2026-09-21T05:51:47.465Z,11807,1183473,500076591,500074338,100000000,400000000,4,1,0,7,4,4,4,15,0,0,1,4,0,0,0,0,0,0,0,0,0,0,0,0,0,8,8,500076500
2026-09-21T05:51:47.563Z,11808,1183569,500076591,500109254,100000000,400000000,4,1,0,7,4,4,4,15,0,0,1,4,0,0,0,0,0,0,0,0,0,0,0,0,0,8,8,500076500
2026-09-21T05:51:47.659Z,11809,1183667,500076591,500078843,100000000,400000000,4,1,0,7,4,4,4,15,0,0,1,4,0,0,0,0,0,0,0,0,0,0,0,0,0,8,8,500076500
2026-09-21T05:51:47.754Z,11810,1183763,500077717,500081096,100000000,400000000,4,1,1,8,4,4,4,15,0,0,1,4,0,0,0,0,0,0,0,1,0,0,0,0,0,8,8,500077700
2026-09-21T05:51:47.830Z,11811,1183858,500077717,500086728,100000000,400000000,4,1,2,8,4,4,4,15,0,0,1,4,0,0,0,0,0,0,0,1,0,0,0,0,0,8,8,500077700
2026-09-21T05:51:47.922Z,11812,1183949,500078843,500095738,100000000,400000000,4,4,3,0,4,4,4,15,0,0,1,4,0,0,0,0,0,0,0,1,0,0,0,0,0,8,8,500078800
2026-09-21T05:51:48.015Z,11813,1184049,500081096,500109254,100000000,400000000,4,4,4,0,4,4,4,15,0,0,1,4,0,0,0,0,0,0,0,1,0,0,0,0,0,8,8,500081000
2026-09-21T05:51:48.108Z,11814,1184149,500084475,500104749,100000000,400000000,4,4,5,0,4,4,4,15,0,0,1,4,0,0,0,0,0,0,0,1,0,0,0,0,0,8,8,500084400
2026-09-21T05:51:48.202Z,11815,1184249,500086728,500093486,100000000,400000000,4,4,6,0,4,4,4,15,0,0,1,4,0,0,0,0,0,0,0,1,0,0,0,0,0,8,8,500086700
2026-09-21T05:51:48.392Z,11816,1184401,500087854,500083349,100000000,400000000,4,4,7,0,4,4,4,15,0,0,1,4,0,0,0,0,0,0,0,1,0,0,0,0,0,8,8,500087800
2026-09-21T05:51:48.488Z,11817,1184497,500087854,500085601,100000000,400000000,4,4,8,0,4,4,4,15,0,0,1,4,0,0,0,0,0,0,0,1,0,0,0,0,0,8,8,500087800
2026-09-21T05:51:48.585Z,11818,1184592,500087854,500094612,100000000,400000000,4,4,9,0,4,4,4,15,0,0,1,4,0,0,0,0,0,0,0,1,0,0,0,0,0,8,8,500087800
2026-09-21T05:51:48.666Z,11819,1184688,500088980,500118265,100000000,400000000,4,4,10,0,4,4,4,15,0,0,1,4,0,0,0,0,0,0,0,1,0,0,0,0,0,8,8,500088900
2026-09-21T05:51:48.748Z,11820,1184769,500091233,500102496,100000000,400000000,4,4,11,0,4,4,4,15,0,0,1,4,0,0,0,0,0,0,0,1,0,0,0,0,0,8,8,500091200
2026-09-21T05:51:48.841Z,11821,1184851,500092359,500091233,100000000,400000000,4,4,12,0,4,4,4,15,0,0,1,4,0,0,0,0,0,0,0,1,0,0,0,0,0,8,8,500092300
2026-09-21T05:51:48.934Z,11822,1184950,500092359,500090107,100000000,400000000,4,4,13,0,4,4,4,15,0,0,1,4,0,0,0,0,0,0,0,1,0,0,0,0,0,8,8,500092300
2026-09-21T05:51:49.027Z,11823,1185050,500092359,500093486,100000000,400000000,4,4,14,0,4,4,4,15,0,0,1,4,0,0,0,0,0,0,0,1,0,0,0,0,0,8,8,500092300
2026-09-21T05:51:49.120Z,11824,1185150,500092359,500099117,100000000,400000000,4,4,15,0,4,4,4,15,0,0,1,4,0,0,0,0,0,0,0,1,0,0,0,0,0,8,8,500092300
2026-09-21T05:51:49.213Z,11825,1185250,500093486,500111507,100000000,400000000,4,4,16,0,4,4,4,15,0,0,1,4,0,0,0,0,0,0,0,1,0,0,0,0,0,8,8,500093400
2026-09-21T05:51:49.306Z,11826,1185351,500094612,500105875,100000000,400000000,4,4,17,0,4,4,4,15,0,0,1,4,0,0,0,0,0,0,0,1,0,0,0,0,0,8,8,500094600
2026-09-21T05:51:49.401Z,11827,1185451,500095738,500084475,100000000,400000000,4,4,18,0,4,4,4,15,0,0,1,4,0,0,0,0,0,0,0,1,0,0,0,0,0,8,8,500095700
2026-09-21T05:51:49.592Z,11828,1185601,500094612,500072085,100000000,400000000,4,4,19,0,4,4,4,15,0,0,1,4,0,0,0,0,0,0,0,1,0,0,0,0,0,8,8,500094600
2026-09-21T05:51:49.687Z,11829,1185696,500092359,500078843,100000000,400000000,4,4,20,0,4,4,4,15,0,0,1,4,0,0,0,0,0,0,0,1,0,0,0,0,0,8,8,500092300
2026-09-21T05:51:49.786Z,11830,1185791,500090107,500084475,100000000,400000000,4,4,21,0,4,4,4,15,0,0,1,4,0,0,0,0,0,0,0,1,0,0,0,0,0,8,8,500090100
2026-09-21T05:51:49.867Z,11831,1185889,500088980,500082222,100000000,400000000,4,4,22,0,4,4,4,15,0,0,1,4,0,0,0,0,0,0,0,1,0,0,0,0,0,8,8,500088900
2026-09-21T05:51:49.948Z,11832,1185971,500087854,500095738,100000000,400000000,4,4,23,0,4,4,4,15,0,0,1,4,0,0,0,0,0,0,0,1,0,0,0,0,0,8,8,500087800
2026-09-21T05:51:50.042Z,11833,1186053,500088980,500100244,100000000,400000000,4,4,24,0,4,4,4,15,0,0,1,4,0,0,0,0,0,0,0,1,0,0,0,0,0,8,8,500088900
2026-09-21T05:51:50.135Z,11834,1186153,500090107,500081096,100000000,400000000,4,4,25,0,4,4,4,15,0,0,1,4,0,0,0,0,0,0,0,1,0,0,0,0,0,8,8,500090100
2026-09-21T05:51:50.227Z,11835,1186253,500088980,500082222,100000000,400000000,4,4,26,0,4,4,4,15,0,0,1,4,0,0,0,0,0,0,0,1,0,0,0,0,0,8,8,500088900
2026-09-21T05:51:50.320Z,11836,1186353,500087854,500096865,100000000,400000000,4,4,27,0,4,4,4,15,0,0,1,4,0,0,0,0,0,0,0,1,0,0,0,0,0,8,8,500087800
2026-09-21T05:51:50.413Z,11837,1186453,500087854,500091233,100000000,400000000,4,4,28,0,4,4,4,15,0,0,1,4,0,0,0,0,0,0,0,1,0,0,0,0,0,8,8,500087800
2026-09-21T05:51:50.506Z,11838,1186553,500087854,500077717,100000000,400000000,4,4,29,0,4,4,4,15,0,0,1,4,0,0,0,0,0,0,0,1,0,0,0,0,0,8,8,500087800
2026-09-21T05:51:50.666Z,11839,1186690,500086728,500078843,100000000,400000000,4,4,30,0,4,4,4,15,0,0,1,4,0,0,0,0,0,0,0,1,0,0,0,0,0,8,8,500086700
2026-09-21T05:51:50.763Z,11840,1186770,500085601,500079970,100000000,400000000,4,4,31,0,4,4,4,15,0,0,1,4,0,0,0,0,0,0,0,1,0,0,0,0,0,8,8,500085600
2026-09-21T05:51:50.859Z,11841,1186868,500084475,500100244,100000000,400000000,4,4,32,0,4,4,4,15,0,0,1,4,0,0,0,0,0,0,0,1,0,0,0,0,0,8,8,500084400
2026-09-21T05:51:50.955Z,11842,1186963,500085601,500095738,100000000,400000000,4,4,33,0,4,4,4,15,0,0,1,4,0,0,0,0,0,0,0,1,0,0,0,0,0,8,8,500085600
2026-09-21T05:51:51.051Z,11843,1187060,500086728,500093486,100000000,400000000,4,4,34,0,4,4,4,15,0,0,1,4,0,0,0,0,0,0,0,1,0,0,0,0,0,8,8,500086700
2026-09-21T05:51:51.127Z,11844,1187156,500087854,500097991,100000000,400000000,4,4,35,0,4,4,4,15,0,0,1,4,0,0,0,0,0,0,0,1,0,0,0,0,0,8,8,500087800
2026-09-21T05:51:51.221Z,11845,1187254,500088980,500095738,100000000,400000000,4,4,36,0,4,4,4,15,0,0,1,4,0,0,0,0,0,0,0,1,0,0,0,0,0,8,8,500088900
2026-09-21T05:51:51.312Z,11846,1187354,500090107,500076591,100000000,400000000,4,4,37,0,4,4,4,15,0,0,1,4,0,0,0,0,0,0,0,1,0,0,0,0,0,8,8,500090100
2026-09-21T05:51:51.406Z,11847,1187454,500088980,500081096,100000000,400000000,4,4,38,0,4,4,4,15,0,0,1,4,0,0,0,0,0,0,0,1,0,0,0,0,0,8,8,500088900
2026-09-21T05:51:51.598Z,11848,1187607,500087854,500091233,100000000,400000000,4,4,39,0,4,4,4,15,0,0,1,4,0,0,0,0,0,0,0,1,0,0,0,0,0,8,8,500087800
2026-09-21T05:51:51.693Z,11849,1187702,500087854,500084475,100000000,400000000,4,4,40,0,4,4,4,15,0,0,1,4,0,0,0,0,0,0,0,1,0,0,0,0,0,8,8,500087800
2026-09-21T05:51:51.772Z,11850,1187797,500087854,500072085,100000000,400000000,4,4,41,0,4,4,4,15,0,0,1,4,0,0,0,0,0,0,0,1,0,0,0,0,0,8,8,500087800
2026-09-21T05:51:51.853Z,11851,1187877,500087854,500093486,100000000,400000000,4,4,42,0,4,4,4,15,0,0,1,4,0,0,0,0,0,0,0,1,0,0,0,0,0,8,8,500087800
2026-09-21T05:51:51.930Z,11852,1187957,500088980,500100244,100000000,400000000,4,4,43,0,4,4,4,15,0,0,1,4,0,0,0,0,0,0,0,1,0,0,0,0,0,8,8,500088900
2026-09-21T05:51:52.022Z,11853,1188055,500090107,500097991,100000000,400000000,4,4,44,0,4,4,4,15,0,0,1,4,0,0,0,0,0,0,0,1,0,0,0,0,0,8,8,500090100
2026-09-21T05:51:52.115Z,11854,1188155,500091233,500091233,100000000,400000000,4,4,45,0,4,4,4,15,0,0,1,4,0,0,0,0,0,0,0,1,0,0,0,0,0,8,8,500091200
2026-09-21T05:51:52.274Z,11855,1188299,500091233,500079970,100000000,400000000,4,4,46,0,4,4,4,15,0,0,1,4,0,0,0,0,0,0,0,1,0,0,0,0,0,8,8,500091200
2026-09-21T05:51:52.354Z,11856,1188378,500090107,500072085,100000000,400000000,4,4,47,0,4,4,4,15,0,0,1,4,0,0,0,0,0,0,0,1,0,0,0,0,0,8,8,500090100
2026-09-21T05:51:52.446Z,11857,1188459,500088980,500083349,100000000,400000000,4,4,48,0,4,4,4,15,0,0,1,4,0,0,0,0,0,0,0,1,0,0,0,0,0,8,8,500088900
2026-09-21T05:51:52.540Z,11858,1188556,500087854,500087854,100000000,400000000,4,4,49,0,4,4,4,15,0,0,1,4,0,0,0,0,0,0,0,1,0,0,0,0,0,8,8,500087800
2026-09-21T05:51:52.632Z,11859,1188656,500087854,500085601,100000000,400000000,4,4,50,0,4,4,4,15,0,0,1,4,0,0,0,0,0,0,0,1,0,0,0,0,0,8,8,500087800
2026-09-21T05:51:52.725Z,11860,1188756,500087854,500092359,100000000,400000000,4,4,51,0,4,4,4,15,0,0,1,4,0,0,0,0,0,0,0,1,0,0,0,0,0,8,8,500087800
2026-09-21T05:51:52.817Z,11861,1188856,500088980,500099117,100000000,400000000,4,4,52,0,4,4,4,15,0,0,1,4,0,0,0,0,0,0,0,1,0,0,0,0,0,8,8,500088900
2026-09-21T05:51:52.975Z,11862,1189000,500090107,500107002,100000000,400000000,4,4,53,0,4,4,4,15,0,0,1,4,0,0,0,0,0,0,0,1,0,0,0,0,0,8,8,500090100
2026-09-21T05:51:53.056Z,11863,1189079,500092359,500112633,100000000,400000000,4,4,54,0,4,4,4,15,0,0,1,4,0,0,0,0,0,0,0,1,0,0,0,0,0,8,8,500092300
2026-09-21T05:51:53.148Z,11864,1189161,500094612,500101370,100000000,400000000,4,4,55,0,4,4,4,15,0,0,1,4,0,0,0,0,0,0,0,1,0,0,0,0,0,8,8,500094600
2026-09-21T05:51:53.240Z,11865,1189257,500095738,500094612,100000000,400000000,4,4,56,0,4,4,4,15,0,0,1,4,0,0,0,0,0,0,0,1,0,0,0,0,0,8,8,500095700
2026-09-21T05:51:53.333Z,11866,1189357,500095738,500081096,100000000,400000000,4,4,57,0,4,4,4,15,0,0,1,4,0,0,0,0,0,0,0,1,0,0,0,0,0,8,8,500095700
2026-09-21T05:51:53.410Z,11867,1189457,500093486,500076591,100000000,400000000,4,4,58,0,4,4,4,15,0,0,1,4,0,0,0,0,0,0,0,1,0,0,0,0,0,8,8,500093400
2026-09-21T05:51:53.588Z,11868,1189610,500091233,500069833,100000000,400000000,4,4,59,0,4,4,4,15,0,0,1,4,0,0,0,0,0,0,0,1,0,0,0,0,0,8,8,500091200
2026-09-21T05:51:53.686Z,11869,1189692,500088980,500073212,100000000,400000000,4,4,60,0,4,4,4,15,0,0,1,4,0,0,0,0,0,0,0,1,0,0,0,0,0,8,8,500088900
2026-09-21T05:51:53.783Z,11870,1189791,500086728,500078843,100000000,400000000,4,4,61,0,4,4,4,15,0,0,1,4,0,0,0,0,0,0,0,1,0,0,0,0,0,8,8,500086700
2026-09-21T05:51:53.879Z,11871,1189888,500085601,500100244,100000000,400000000,4,4,62,0,4,4,4,15,0,0,1,4,0,0,0,0,0,0,0,1,0,0,0,0,0,8,8,500085600
2026-09-21T05:51:53.975Z,11872,1189984,500087854,500102496,100000000,400000000,4,4,63,0,4,4,4,15,0,0,1,4,0,0,0,0,0,0,0,1,0,0,0,0,0,8,8,500087800
2026-09-21T05:51:54.054Z,11873,1190079,500088980,500084475,100000000,400000000,4,4,64,0,4,4,4,15,0,0,1,4,0,0,0,0,0,0,0,1,0,0,0,0,0,8,8,500088900
2026-09-21T05:51:54.131Z,11874,1190160,500088980,500088980,100000000,400000000,4,4,65,0,4,4,4,15,0,0,1,4,0,0,0,0,0,0,0,1,0,0,0,0,0,8,8,500088900
2026-09-21T05:51:54.225Z,11875,1190258,500088980,500091233,100000000,400000000,4,4,66,0,4,4,4,15,0,0,1,4,0,0,0,0,0,0,0,1,0,0,0,0,0,8,8,500088900
2026-09-21T05:51:54.386Z,11876,1190410,500088980,500078843,100000000,400000000,4,4,67,0,4,4,4,15,0,0,1,4,0,0,0,0,0,0,0,1,0,0,0,0,0,8,8,500088900
2026-09-21T05:51:54.482Z,11877,1190490,500087854,500079970,100000000,400000000,4,4,68,0,4,4,4,15,0,0,1,4,0,0,0,0,0,0,0,1,0,0,0,0,0,8,8,500087800
2026-09-21T05:51:54.578Z,11878,1190587,500086728,500093486,100000000,400000000,4,4,69,0,4,4,4,15,0,0,1,4,0,0,0,0,0,0,0,1,0,0,0,0,0,8,8,500086700
2026-09-21T05:51:54.673Z,11879,1190682,500086728,500085601,100000000,400000000,4,4,70,0,4,4,4,15,0,0,1,4,0,0,0,0,0,0,0,1,0,0,0,0,0,8,8,500086700
2026-09-21T05:51:54.769Z,11880,1190779,500087854,500092359,100000000,400000000,4,4,71,0,4,4,4,15,0,0,1,4,0,0,0,0,0,0,0,1,0,0,0,0,0,8,8,500087800
2026-09-21T05:51:54.865Z,11881,1190874,500088980,500097991,100000000,400000000,4,4,72,0,4,4,4,15,0,0,1,4,0,0,0,0,0,0,0,1,0,0,0,0,0,8,8,500088900
2026-09-21T05:51:54.943Z,11882,1190969,500090107,500104749,100000000,400000000,4,4,73,0,4,4,4,15,0,0,1,4,0,0,0,0,0,0,0,1,0,0,0,0,0,8,8,500090100
2026-09-21T05:51:55.018Z,11883,1191060,500092359,500105875,100000000,400000000,4,4,74,0,4,4,4,15,0,0,1,4,0,0,0,0,0,0,0,1,0,0,0,0,0,8,8,500092300
2026-09-21T05:51:55.111Z,11884,1191160,500093486,500091233,100000000,400000000,4,4,75,0,4,4,4,15,0,0,1,4,0,0,0,0,0,0,0,1,0,0,0,0,0,8,8,500093400
2026-09-21T05:51:55.305Z,11885,1191311,500094612,500107002,100000000,400000000,4,4,76,0,4,4,4,15,0,0,1,4,0,0,0,0,0,0,0,1,0,0,0,0,0,8,8,500094600
2026-09-21T05:51:55.386Z,11886,1191409,500094612,500086728,100000000,400000000,4,4,77,0,4,4,4,15,0,0,1,4,0,0,0,0,0,0,0,1,0,0,0,0,0,8,8,500094600
2026-09-21T05:51:55.481Z,11887,1191489,500093486,500087854,100000000,400000000,4,4,78,0,4,4,4,15,0,0,1,4,0,0,0,0,0,0,0,1,0,0,0,0,0,8,8,500093400
2026-09-21T05:51:55.577Z,11888,1191587,500092359,500102496,100000000,400000000,4,4,79,0,4,4,4,15,0,0,1,4,0,0,0,0,0,0,0,1,0,0,0,0,0,8,8,500092300
2026-09-21T05:51:55.673Z,11889,1191682,500091233,500081096,100000000,400000000,4,4,80,0,4,4,4,15,0,0,1,4,0,0,0,0,0,0,0,1,0,0,0,0,0,8,8,500091200
2026-09-21T05:51:55.768Z,11890,1191778,500091233,500093486,100000000,400000000,4,4,81,0,4,4,4,15,0,0,1,4,0,0,0,0,0,0,0,1,0,0,0,0,0,8,8,500091200
2026-09-21T05:51:55.865Z,11891,1191873,500090107,500083349,100000000,400000000,4,4,82,0,4,4,4,15,0,0,1,4,0,0,0,0,0,0,0,1,0,0,0,0,0,8,8,500090100
2026-09-21T05:51:55.945Z,11892,1191969,500090107,500097991,100000000,400000000,4,4,83,0,4,4,4,15,0,0,1,4,0,0,0,0,0,0,0,1,0,0,0,0,0,8,8,500090100
2026-09-21T05:51:56.020Z,11893,1192061,500090107,500087854,100000000,400000000,4,4,84,0,4,4,4,15,0,0,1,4,0,0,0,0,0,0,0,1,0,0,0,0,0,8,8,500090100
2026-09-21T05:51:56.180Z,11894,1192205,500090107,500091233,100000000,400000000,4,4,85,0,4,4,4,15,0,0,1,4,0,0,0,0,0,0,0,1,0,0,0,0,0,8,8,500090100
2026-09-21T05:51:56.260Z,11895,1192285,500090107,500096865,100000000,400000000,4,4,86,0,4,4,4,15,0,0,1,4,0,0,0,0,0,0,0,1,0,0,0,0,0,8,8,500090100
2026-09-21T05:51:56.352Z,11896,1192365,500091233,500111507,100000000,400000000,4,4,87,0,4,4,4,15,0,0,1,4,0,0,0,0,0,0,0,1,0,0,0,0,0,8,8,500091200
2026-09-21T05:51:56.446Z,11897,1192462,500093486,500113760,100000000,400000000,4,4,88,0,4,4,4,15,0,0,1,4,0,0,0,0,0,0,0,1,0,0,0,0,0,8,8,500093400
2026-09-21T05:51:56.539Z,11898,1192562,500095738,500099117,100000000,400000000,4,4,89,0,4,4,4,15,0,0,1,4,0,0,0,0,0,0,0,1,0,0,0,0,0,8,8,500095700
2026-09-21T05:51:56.632Z,11899,1192662,500095738,500099117,100000000,400000000,4,4,90,0,4,4,4,15,0,0,1,4,0,0,0,0,0,0,0,1,0,0,0,0,0,8,8,500095700
2026-09-21T05:51:56.725Z,11900,1192762,500095738,500081096,100000000,400000000,4,4,91,0,4,4,4,15,0,0,1,4,0,0,0,0,0,0,0,1,0,0,0,0,0,8,8,500095700
2026-09-21T05:51:56.905Z,11901,1192911,500094612,500086728,100000000,400000000,4,4,92,0,4,4,4,15,0,0,1,4,0,0,0,0,0,0,0,1,0,0,0,0,0,8,8,500094600
2026-09-21T05:51:57.000Z,11902,1193009,500093486,500107002,100000000,400000000,4,4,93,0,4,4,4,15,0,0,1,4,0,0,0,0,0,0,0,1,0,0,0,0,0,8,8,500093400
2026-09-21T05:51:57.096Z,11903,1193105,500095738,500112633,100000000,400000000,4,4,94,0,4,4,4,15,0,0,1,4,0,0,0,0,0,0,0,1,0,0,0,0,0,8,8,500095700
2026-09-21T05:51:57.191Z,11904,1193200,500096865,500100244,100000000,400000000,4,4,95,0,4,4,4,15,0,0,1,4,0,0,0,0,0,0,0,1,0,0,0,0,0,8,8,500096800
2026-09-21T05:51:57.271Z,11905,1193297,500096865,500067580,100000000,400000000,4,4,96,0,4,4,4,15,0,0,1,4,0,0,0,0,0,0,0,1,0,0,0,0,0,8,8,500096800
2026-09-21T05:51:57.348Z,11906,1193376,500095738,500087854,100000000,400000000,4,4,97,0,4,4,4,15,0,0,1,4,0,0,0,0,0,0,0,1,0,0,0,0,0,8,8,500095700
2026-09-21T05:51:57.440Z,11907,1193464,500094612,500112633,100000000,400000000,4,4,98,0,4,4,4,15,0,0,1,4,0,0,0,0,0,0,0,1,0,0,0,0,0,8,8,500094600
2026-09-21T05:51:57.532Z,11908,1193564,500094612,500092359,100000000,400000000,4,4,99,0,4,4,4,15,0,0,1,4,0,0,0,0,0,0,0,1,0,0,0,0,0,8,8,500094600
2026-09-21T05:51:57.625Z,11909,1193664,500094612,500088980,100000000,400000000,4,4,100,0,4,4,4,15,0,0,1,4,0,0,0,0,0,0,0,1,0,0,0,0,0,8,8,500094600
2026-09-21T05:51:57.719Z,11910,1193764,500093486,500074338,100000000,400000000,4,4,101,0,4,4,4,15,0,0,1,4,0,0,0,0,0,0,0,1,0,0,0,0,0,8,8,500093400
2026-09-21T05:51:57.814Z,11911,1193864,500092359,500093486,100000000,400000000,4,4,102,0,4,4,4,15,0,0,1,4,0,0,0,0,0,0,0,1,0,0,0,0,0,8,8,500092300
2026-09-21T05:51:57.991Z,11912,1194016,500092359,500100244,100000000,400000000,4,4,103,0,4,4,4,15,0,0,1,4,0,0,0,0,0,0,0,1,0,0,0,0,0,8,8,500092300
2026-09-21T05:51:58.071Z,11913,1194096,500092359,500082222,100000000,400000000,4,4,104,0,4,4,4,15,0,0,1,4,0,0,0,0,0,0,0,1,0,0,0,0,0,8,8,500092300
2026-09-21T05:51:58.146Z,11914,1194176,500093486,500101370,100000000,400000000,4,4,105,0,4,4,4,15,0,0,1,4,0,0,0,0,0,0,0,1,0,0,0,0,0,8,8,500093400
2026-09-21T05:51:58.222Z,11915,1194265,500094612,500099117,100000000,400000000,4,4,106,0,4,4,4,15,0,0,1,4,0,0,0,0,0,0,0,1,0,0,0,0,0,8,8,500094600
2026-09-21T05:51:58.315Z,11916,1194365,500095738,500092359,100000000,400000000,4,4,107,0,4,4,4,15,0,0,1,4,0,0,0,0,0,0,0,1,0,0,0,0,0,8,8,500095700
2026-09-21T05:51:58.492Z,11917,1194516,500095738,500109254,100000000,400000000,4,4,108,0,4,4,4,15,0,0,1,4,0,0,0,0,0,0,0,1,0,0,0,0,0,8,8,500095700
2026-09-21T05:51:58.571Z,11918,1194597,500095738,500099117,100000000,400000000,4,4,109,0,4,4,4,15,0,0,1,4,0,0,0,0,0,0,0,1,0,0,0,0,0,8,8,500095700
2026-09-21T05:51:58.648Z,11919,1194676,500096865,500108128,100000000,400000000,4,4,110,0,4,4,4,15,0,0,1,4,0,0,0,0,0,0,0,1,0,0,0,0,0,8,8,500096800
2026-09-21T05:51:58.740Z,11920,1194766,500096865,500090107,100000000,400000000,4,4,111,0,4,4,4,15,0,0,1,4,0,0,0,0,0,0,0,1,0,0,0,0,0,8,8,500096800
2026-09-21T05:51:58.816Z,11921,1194866,500095738,500070959,100000000,400000000,4,4,112,0,4,4,4,15,0,0,1,4,0,0,0,0,0,0,0,1,0,0,0,0,0,8,8,500095700
2026-09-21T05:51:58.993Z,11922,1195018,500094612,500083349,100000000,400000000,4,4,113,0,4,4,4,15,0,0,1,4,0,0,0,0,0,0,0,1,0,0,0,0,0,8,8,500094600
2026-09-21T05:51:59.072Z,11923,1195098,500093486,500093486,100000000,400000000,4,4,114,0,4,4,4,15,0,0,1,4,0,0,0,0,0,0,0,1,0,0,0,0,0,8,8,500093400
2026-09-21T05:51:59.168Z,11924,1195178,500093486,500110381,100000000,400000000,4,4,115,0,4,4,4,15,0,0,1,4,0,0,0,0,0,0,0,1,0,0,0,0,0,8,8,500093400
2026-09-21T05:51:59.264Z,11925,1195273,500094612,500105875,100000000,400000000,4,4,116,0,4,4,4,15,0,0,1,4,0,0,0,0,0,0,0,1,0,0,0,0,0,8,8,500094600
2026-09-21T05:51:59.356Z,11926,1195368,500095738,500081096,100000000,400000000,4,4,117,0,4,4,4,15,0,0,1,4,0,0,0,0,0,0,0,1,0,0,0,0,0,8,8,500095700
2026-09-21T05:51:59.448Z,11927,1195467,500095738,500096865,100000000,400000000,4,4,118,0,4,4,4,15,0,0,1,4,0,0,0,0,0,0,0,1,0,0,0,0,0,8,8,500095700
2026-09-21T05:51:59.540Z,11928,1195567,500095738,500112633,100000000,400000000,4,4,119,0,4,4,4,15,0,0,1,4,0,0,0,0,0,0,0,1,0,0,0,0,0,8,8,500095700
2026-09-21T05:51:59.632Z,11929,1195667,500096865,500108128,100000000,400000000,4,4,120,0,4,4,4,15,0,0,1,4,0,0,0,0,0,0,0,1,0,0,0,0,0,8,8,500096800
2026-09-21T05:51:59.725Z,11930,1195767,500097991,500094612,100000000,400000000,4,4,121,0,4,4,4,15,0,0,1,4,0,0,0,0,0,0,0,1,0,0,0,0,0,8,8,500097900
2026-09-21T05:51:59.818Z,11931,1195867,500097991,500096865,100000000,400000000,4,4,122,0,4,4,4,15,0,0,1,4,0,0,0,0,0,0,0,1,0,0,0,0,0,8,8,500097900
2026-09-21T05:51:59.975Z,11932,1196001,500097991,500082222,100000000,400000000,4,4,123,0,4,4,4,15,0,0,1,4,0,0,0,0,0,0,0,1,0,0,0,0,0,8,8,500097900
2026-09-21T05:52:00.052Z,11933,1196081,500096865,500087854,100000000,400000000,4,4,124,0,4,4,4,15,0,0,1,4,0,0,0,0,0,0,0,1,0,0,0,0,0,8,8,500096800
2026-09-21T05:52:00.129Z,11934,1196168,500094612,500077717,100000000,400000000,4,4,125,0,4,4,4,15,0,0,1,4,0,0,0,0,0,0,0,1,0,0,0,0,0,8,8,500094600
2026-09-21T05:52:00.221Z,11935,1196268,500092359,500078843,100000000,400000000,4,4,126,0,4,4,4,15,0,0,1,4,0,0,0,0,0,0,0,1,0,0,0,0,0,8,8,500092300
2026-09-21T05:52:00.316Z,11936,1196368,500090107,500092359,100000000,400000000,4,4,127,0,4,4,4,15,0,0,1,4,0,0,0,0,0,0,0,1,0,0,0,0,0,8,8,500090100
2026-09-21T05:52:00.492Z,11937,1196517,500090107,500099117,100000000,400000000,4,4,128,0,4,4,4,15,0,0,1,4,0,0,0,0,0,0,0,1,0,0,0,0,0,8,8,500090100
2026-09-21T05:52:00.572Z,11938,1196598,500091233,500096865,100000000,400000000,4,4,129,0,4,4,4,15,0,0,1,4,0,0,0,0,0,0,0,1,0,0,0,0,0,8,8,500091200
2026-09-21T05:52:00.668Z,11939,1196677,500092359,500099117,100000000,400000000,4,4,130,0,4,4,4,15,0,0,1,4,0,0,0,0,0,0,0,1,0,0,0,0,0,8,8,500092300
2026-09-21T05:52:00.765Z,11940,1196772,500093486,500095738,100000000,400000000,4,4,131,0,4,4,4,15,0,0,1,4,0,0,0,0,0,0,0,1,0,0,0,0,0,8,8,500093400
2026-09-21T05:52:00.856Z,11941,1196869,500093486,500091233,100000000,400000000,4,4,132,0,4,4,4,15,0,0,1,4,0,0,0,0,0,0,0,1,0,0,0,0,0,8,8,500093400
2026-09-21T05:52:00.949Z,11942,1196969,500093486,500079970,100000000,400000000,4,4,133,0,4,4,4,15,0,0,1,4,0,0,0,0,0,0,0,1,0,0,0,0,0,8,8,500093400
2026-09-21T05:52:01.041Z,11943,1197069,500093486,500094612,100000000,400000000,4,4,134,0,4,4,4,15,0,0,1,4,0,0,0,0,0,0,0,1,0,0,0,0,0,8,8,500093400
2026-09-21T05:52:01.134Z,11944,1197169,500093486,500100244,100000000,400000000,4,4,135,0,4,4,4,15,0,0,1,4,0,0,0,0,0,0,0,1,0,0,0,0,0,8,8,500093400
2026-09-21T05:52:01.226Z,11945,1197269,500093486,500094612,100000000,400000000,4,4,136,0,4,4,4,15,0,0,1,4,0,0,0,0,0,0,0,1,0,0,0,0,0,8,8,500093400
2026-09-21T05:52:01.319Z,11946,1197370,500093486,500084475,100000000,400000000,4,4,137,0,4,4,4,15,0,0,1,4,0,0,0,0,0,0,0,1,0,0,0,0,0,8,8,500093400
2026-09-21T05:52:01.478Z,11947,1197503,500093486,500099117,100000000,400000000,4,4,138,0,4,4,4,15,0,0,1,4,0,0,0,0,0,0,0,1,0,0,0,0,0,8,8,500093400
2026-09-21T05:52:01.555Z,11948,1197583,500094612,500122770,100000000,400000000,4,4,139,0,4,4,4,15,0,0,1,4,0,0,0,0,0,0,0,1,0,0,0,0,0,8,8,500094600
2026-09-21T05:52:01.649Z,11949,1197670,500097991,500129528,100000000,400000000,4,4,140,0,4,4,4,15,0,0,1,4,0,0,0,0,0,0,0,1,0,0,0,0,0,8,8,500097900
2026-09-21T05:52:01.741Z,11950,1197770,500102496,500131781,100000000,400000000,4,4,141,0,4,4,4,15,0,0,1,4,0,0,0,0,0,0,0,1,0,0,0,0,0,8,8,500102400
2026-09-21T05:52:01.834Z,11951,1197870,500105875,500102496,100000000,400000000,4,4,142,0,4,4,4,15,0,0,1,4,0,0,0,0,0,0,0,1,0,0,0,0,0,8,8,500105800
2026-09-21T05:52:01.995Z,11952,1198019,500105875,500086728,100000000,400000000,4,4,143,0,4,4,4,15,0,0,1,4,0,0,0,0,0,0,0,1,0,0,0,0,0,8,8,500105800
2026-09-21T05:52:02.090Z,11953,1198100,500103623,500086728,100000000,400000000,4,4,144,0,4,4,4,15,0,0,1,4,0,0,0,0,0,0,0,1,0,0,0,0,0,8,8,500103600
2026-09-21T05:52:02.187Z,11954,1198196,500101370,500073212,100000000,400000000,4,4,145,0,4,4,4,15,0,0,1,4,0,0,0,0,0,0,0,1,0,0,0,0,0,8,8,500101300
2026-09-21T05:52:02.284Z,11955,1198292,500099117,500095738,100000000,400000000,4,4,146,0,4,4,4,15,0,0,1,4,0,0,0,0,0,0,0,1,0,0,0,0,0,8,8,500099100
2026-09-21T05:52:02.380Z,11956,1198389,500099117,500102496,100000000,400000000,4,4,147,0,4,4,4,15,0,0,1,4,0,0,0,0,0,0,0,1,0,0,0,0,0,8,8,500099100
2026-09-21T05:52:02.458Z,11957,1198485,500099117,500095738,100000000,400000000,4,4,148,0,4,4,4,15,0,0,1,4,0,0,0,0,0,0,0,1,0,0,0,0,0,8,8,500099100
2026-09-21T05:52:02.534Z,11958,1198571,500099117,500090107,100000000,400000000,4,4,149,0,4,4,4,15,0,0,1,4,0,0,0,0,0,0,0,1,0,0,0,0,0,8,8,500099100
2026-09-21T05:52:02.626Z,11959,1198672,500099117,500099117,100000000,400000000,4,4,150,0,4,4,4,15,0,0,1,4,0,0,0,0,0,0,0,1,0,0,0,0,0,8,8,500099100
2026-09-21T05:52:02.723Z,11960,1198773,500097991,500084475,100000000,400000000,4,4,151,0,4,4,4,15,0,0,1,4,0,0,0,0,0,0,0,1,0,0,0,0,0,8,8,500097900
2026-09-21T05:52:02.896Z,11961,1198923,500096865,500087854,100000000,400000000,4,4,152,0,4,4,4,15,0,0,1,4,0,0,0,0,0,0,0,1,0,0,0,0,0,8,8,500096800
2026-09-21T05:52:02.976Z,11962,1199001,500095738,500107002,100000000,400000000,4,4,153,0,4,4,4,15,0,0,1,4,0,0,0,0,0,0,0,1,0,0,0,0,0,8,8,500095700
2026-09-21T05:52:03.054Z,11963,1199081,500096865,500110381,100000000,400000000,4,4,154,0,4,4,4,15,0,0,1,4,0,0,0,0,0,0,0,1,0,0,0,0,0,8,8,500096800
2026-09-21T05:52:03.147Z,11964,1199173,500097991,500088980,100000000,400000000,4,4,155,0,4,4,4,15,0,0,1,4,0,0,0,0,0,0,0,1,0,0,0,0,0,8,8,500097900
2026-09-21T05:52:03.240Z,11965,1199273,500096865,500090107,100000000,400000000,4,4,156,0,4,4,4,15,0,0,1,4,0,0,0,0,0,0,0,1,0,0,0,0,0,8,8,500096800
2026-09-21T05:52:03.397Z,11966,1199425,500095738,500087854,100000000,400000000,4,4,157,0,4,4,4,15,0,0,1,4,0,0,0,0,0,0,0,1,0,0,0,0,0,8,8,500095700
2026-09-21T05:52:03.477Z,11967,1199503,500094612,500095738,100000000,400000000,4,4,158,0,4,4,4,15,0,0,1,4,0,0,0,0,0,0,0,1,0,0,0,0,0,8,8,500094600
2026-09-21T05:52:03.554Z,11968,1199583,500093486,500086728,100000000,400000000,4,4,159,0,4,4,4,15,0,0,1,4,0,0,0,0,0,0,0,1,0,0,0,0,0,8,8,500093400
2026-09-21T05:52:03.647Z,11969,1199673,500093486,500090107,100000000,400000000,4,4,160,0,4,4,4,15,0,0,1,4,0,0,0,0,0,0,0,1,0,0,0,0,0,8,8,500093400
2026-09-21T05:52:03.740Z,11970,1199773,500093486,500100244,100000000,400000000,4,4,161,0,4,4,4,15,0,0,1,4,0,0,0,0,0,0,0,1,0,0,0,0,0,8,8,500093400
2026-09-21T05:52:03.897Z,11971,1199925,500093486,500092359,100000000,400000000,4,4,162,0,4,4,4,15,0,0,1,4,0,0,0,0,0,0,0,1,0,0,0,0,0,8,8,500093400
2026-09-21T05:52:03.977Z,11972,1200003,500094612,500101370,100000000,400000000,4,4,163,0,4,4,4,15,0,0,1,4,0,0,0,0,0,0,0,1,0,0,0,0,0,8,8,500094600
2026-09-21T05:52:04.055Z,11973,1200082,500095738,500105875,100000000,400000000,4,4,164,0,4,4,4,15,0,0,1,4,0,0,0,0,0,0,0,1,0,0,0,0,0,8,8,500095700
2026-09-21T05:52:04.148Z,11974,1200174,500096865,500087854,100000000,400000000,4,4,165,0,4,4,4,15,0,0,1,4,0,0,0,0,0,0,0,1,0,0,0,0,0,8,8,500096800
2026-09-21T05:52:04.240Z,11975,1200274,500095738,500084475,100000000,400000000,4,4,166,0,4,4,4,15,0,0,1,4,0,0,0,0,0,0,0,1,0,0,0,0,0,8,8,500095700
2026-09-21T05:52:04.397Z,11976,1200425,500094612,500101370,100000000,400000000,4,4,167,0,4,4,4,15,0,0,1,4,0,0,0,0,0,0,0,1,0,0,0,0,0,8,8,500094600
2026-09-21T05:52:04.477Z,11977,1200504,500095738,500110381,100000000,400000000,4,4,168,0,4,4,4,15,0,0,1,4,0,0,0,0,0,0,0,1,0,0,0,0,0,8,8,500095700
2026-09-21T05:52:04.554Z,11978,1200583,500097991,500121644,100000000,400000000,4,4,169,0,4,4,4,15,0,0,1,4,0,0,0,0,0,0,0,1,0,0,0,0,0,8,8,500097900
2026-09-21T05:52:04.647Z,11979,1200675,500099117,500101370,100000000,400000000,4,4,170,0,4,4,4,15,0,0,1,4,0,0,0,0,0,0,0,1,0,0,0,0,0,8,8,500099100
2026-09-21T05:52:04.740Z,11980,1200775,500099117,500075464,100000000,400000000,4,4,171,0,4,4,4,15,0,0,1,4,0,0,0,0,0,0,0,1,0,0,0,0,0,8,8,500099100
2026-09-21T05:52:04.897Z,11981,1200925,500096865,500083349,100000000,400000000,4,4,172,0,4,4,4,15,0,0,1,4,0,0,0,0,0,0,0,1,0,0,0,0,0,8,8,500096800
2026-09-21T05:52:04.977Z,11982,1201003,500094612,500088980,100000000,400000000,4,4,173,0,4,4,4,15,0,0,1,4,0,0,0,0,0,0,0,1,0,0,0,0,0,8,8,500094600
2026-09-21T05:52:05.054Z,11983,1201082,500093486,500096865,100000000,400000000,4,4,174,0,4,4,4,15,0,0,1,4,0,0,0,0,0,0,0,1,0,0,0,0,0,8,8,500093400
2026-09-21T05:52:05.147Z,11984,1201176,500092359,500082222,100000000,400000000,4,4,175,0,4,4,4,15,0,0,1,4,0,0,0,0,0,0,0,1,0,0,0,0,0,8,8,500092300
2026-09-21T05:52:05.240Z,11985,1201276,500093486,500102496,100000000,400000000,4,4,176,0,4,4,4,15,0,0,1,4,0,0,0,0,0,0,0,1,0,0,0,0,0,8,8,500093400
2026-09-21T05:52:05.397Z,11986,1201425,500093486,500091233,100000000,400000000,4,4,177,0,4,4,4,15,0,0,1,4,0,0,0,0,0,0,0,1,0,0,0,0,0,8,8,500093400
2026-09-21T05:52:05.477Z,11987,1201503,500093486,500074338,100000000,400000000,4,4,178,0,4,4,4,15,0,0,1,4,0,0,0,0,0,0,0,1,0,0,0,0,0,8,8,500093400
2026-09-21T05:52:05.555Z,11988,1201583,500092359,500086728,100000000,400000000,4,4,179,0,4,4,4,15,0,0,1,4,0,0,0,0,0,0,0,1,0,0,0,0,0,8,8,500092300
2026-09-21T05:52:05.647Z,11989,1201676,500090107,500075464,100000000,400000000,4,4,180,0,4,4,4,15,0,0,1,4,0,0,0,0,0,0,0,1,0,0,0,0,0,8,8,500090100
2026-09-21T05:52:05.740Z,11990,1201777,500088980,500084475,100000000,400000000,4,4,181,0,4,4,4,15,0,0,1,4,0,0,0,0,0,0,0,1,0,0,0,0,0,8,8,500088900
2026-09-21T05:52:05.897Z,11991,1201925,500086728,500067580,100000000,400000000,4,4,182,0,4,4,4,15,0,0,1,4,0,0,0,0,0,0,0,1,0,0,0,0,0,8,8,500086700
2026-09-21T05:52:05.978Z,11992,1202003,500085601,500082222,100000000,400000000,4,4,183,0,4,4,4,15,0,0,1,4,0,0,0,0,0,0,0,1,0,0,0,0,0,8,8,500085600
2026-09-21T05:52:06.056Z,11993,1202083,500085601,500101370,100000000,400000000,4,4,184,0,4,4,4,15,0,0,1,4,0,0,0,0,0,0,0,1,0,0,0,0,0,8,8,500085600
2026-09-21T05:52:06.149Z,11994,1202177,500087854,500100244,100000000,400000000,4,4,185,0,4,4,4,15,0,0,1,4,0,0,0,0,0,0,0,1,0,0,0,0,0,8,8,500087800
2026-09-21T05:52:06.241Z,11995,1202277,500088980,500084475,100000000,400000000,4,4,186,0,4,4,4,15,0,0,1,4,0,0,0,0,0,0,0,1,0,0,0,0,0,8,8,500088900
2026-09-21T05:52:06.335Z,11996,1202377,500090107,500096865,100000000,400000000,4,4,187,0,4,4,4,15,0,0,1,4,0,0,0,0,0,0,0,1,0,0,0,0,0,8,8,500090100
2026-09-21T05:52:06.427Z,11997,1202478,500091233,500100244,100000000,400000000,4,4,188,0,4,4,4,15,0,0,1,4,0,0,0,0,0,0,0,1,0,0,0,0,0,8,8,500091200
2026-09-21T05:52:06.587Z,11998,1202612,500092359,500092359,100000000,400000000,4,4,189,0,4,4,4,15,0,0,1,4,0,0,0,0,0,0,0,1,0,0,0,0,0,8,8,500092300
2026-09-21T05:52:06.684Z,11999,1202693,500092359,500083349,100000000,400000000,4,4,190,0,4,4,4,15,0,0,1,4,0,0,0,0,0,0,0,1,0,0,0,0,0,8,8,500092300
2026-09-21T05:52:06.781Z,12000,1202789,500092359,500090107,100000000,400000000,4,4,191,0,4,4,4,15,0,0,1,4,0,0,0,0,0,0,0,1,0,0,0,0,0,8,8,500092300
2026-09-21T05:52:06.877Z,12001,1202887,500092359,500093486,100000000,400000000,4,4,192,0,4,4,4,15,0,0,1,4,0,0,0,0,0,0,0,1,0,0,0,0,0,8,8,500092300
2026-09-21T05:52:06.969Z,12002,1202983,500092359,500085601,100000000,400000000,4,4,193,0,4,4,4,15,0,0,1,4,0,0,0,0,0,0,0,1,0,0,0,0,0,8,8,500092300
2026-09-21T05:52:07.060Z,12003,1203078,500092359,500097991,100000000,400000000,4,4,194,0,4,4,4,15,0,0,1,4,0,0,0,0,0,0,0,1,0,0,0,0,0,8,8,500092300
2026-09-21T05:52:07.154Z,12004,1203179,500093486,500118265,100000000,400000000,4,4,195,0,4,4,4,15,0,0,1,4,0,0,0,0,0,0,0,1,0,0,0,0,0,8,8,500093400
2026-09-21T05:52:07.247Z,12005,1203279,500094612,500099117,100000000,400000000,4,4,196,0,4,4,4,15,0,0,1,4,0,0,0,0,0,0,0,1,0,0,0,0,0,8,8,500094600
2026-09-21T05:52:07.339Z,12006,1203379,500095738,500096865,100000000,400000000,4,4,197,0,4,4,4,15,0,0,1,4,0,0,0,0,0,0,0,1,0,0,0,0,0,8,8,500095700
2026-09-21T05:52:07.434Z,12007,1203479,500095738,500091233,100000000,400000000,4,4,198,0,4,4,4,15,0,0,1,4,0,0,0,0,0,0,0,1,0,0,0,0,0,8,8,500095700
2026-09-21T05:52:07.527Z,12008,1203579,500095738,500111507,100000000,400000000,4,4,199,0,4,4,4,15,0,0,1,4,0,0,0,0,0,0,0,1,0,0,0,0,0,8,8,500095700
2026-09-21T05:52:07.719Z,12009,1203728,500095738,500092359,100000000,400000000,4,4,200,0,4,4,4,15,0,0,1,4,0,0,0,0,0,0,0,1,0,0,0,0,0,8,8,500095700
2026-09-21T05:52:07.815Z,12010,1203825,500095738,500095738,100000000,400000000,4,4,201,0,4,4,4,15,0,0,1,4,0,0,0,0,0,0,0,1,0,0,0,0,0,8,8,500095700
2026-09-21T05:52:07.911Z,12011,1203920,500095738,500114886,100000000,400000000,4,4,202,0,4,4,4,15,0,0,1,4,0,0,0,0,0,0,0,1,0,0,0,0,0,8,8,500095700
2026-09-21T05:52:07.991Z,12012,1204017,500095738,500090107,100000000,400000000,4,4,203,0,4,4,4,15,0,0,1,4,0,0,0,0,0,0,0,1,0,0,0,0,0,8,8,500095700
2026-09-21T05:52:08.066Z,12013,1204097,500094612,500085601,100000000,400000000,4,4,204,0,4,4,4,15,0,0,1,4,0,0,0,0,0,0,0,1,0,0,0,0,0,8,8,500094600
2026-09-21T05:52:08.160Z,12014,1204180,500093486,500102496,100000000,400000000,4,4,205,0,4,4,4,15,0,0,1,4,0,0,0,0,0,0,0,1,0,0,0,0,0,8,8,500093400
2026-09-21T05:52:08.253Z,12015,1204280,500092359,500085601,100000000,400000000,4,4,206,0,4,4,4,15,0,0,1,4,0,0,0,0,0,0,0,1,0,0,0,0,0,8,8,500092300
2026-09-21T05:52:08.345Z,12016,1204381,500091233,500086728,100000000,400000000,4,4,207,0,4,4,4,15,0,0,1,4,0,0,0,0,0,0,0,1,0,0,0,0,0,8,8,500091200
2026-09-21T05:52:08.438Z,12017,1204481,500090107,500083349,100000000,400000000,4,4,208,0,4,4,4,15,0,0,1,4,0,0,0,0,0,0,0,1,0,0,0,0,0,8,8,500090100
2026-09-21T05:52:08.531Z,12018,1204581,500090107,500095738,100000000,400000000,4,4,209,0,4,4,4,15,0,0,1,4,0,0,0,0,0,0,0,1,0,0,0,0,0,8,8,500090100
2026-09-21T05:52:08.724Z,12019,1204732,500090107,500088980,100000000,400000000,4,4,210,0,4,4,4,15,0,0,1,4,0,0,0,0,0,0,0,1,0,0,0,0,0,8,8,500090100
2026-09-21T05:52:08.806Z,12020,1204829,500090107,500081096,100000000,400000000,4,4,211,0,4,4,4,15,0,0,1,4,0,0,0,0,0,0,0,1,0,0,0,0,0,8,8,500090100
2026-09-21T05:52:08.887Z,12021,1204910,500088980,500079970,100000000,400000000,4,4,212,0,4,4,4,15,0,0,1,4,0,0,0,0,0,0,0,1,0,0,0,0,0,8,8,500088900
2026-09-21T05:52:08.984Z,12022,1204992,500087854,500092359,100000000,400000000,4,4,213,0,4,4,4,15,0,0,1,4,0,0,0,0,0,0,0,1,0,0,0,0,0,8,8,500087800
2026-09-21T05:52:09.080Z,12023,1205089,500087854,500090107,100000000,400000000,4,4,214,0,4,4,4,15,0,0,1,4,0,0,0,0,0,0,0,1,0,0,0,0,0,8,8,500087800
2026-09-21T05:52:09.177Z,12024,1205187,500088980,500097991,100000000,400000000,4,4,215,0,4,4,4,15,0,0,1,4,0,0,0,0,0,0,0,1,0,0,0,0,0,8,8,500088900
2026-09-21T05:52:09.253Z,12025,1205283,500090107,500095738,100000000,400000000,4,4,216,0,4,4,4,15,0,0,1,4,0,0,0,0,0,0,0,1,0,0,0,0,0,8,8,500090100
2026-09-21T05:52:09.345Z,12026,1205382,500091233,500085601,100000000,400000000,4,4,217,0,4,4,4,15,0,0,1,4,0,0,0,0,0,0,0,1,0,0,0,0,0,8,8,500091200
2026-09-21T05:52:09.438Z,12027,1205482,500091233,500093486,100000000,400000000,4,4,218,0,4,4,4,15,0,0,1,4,0,0,0,0,0,0,0,1,0,0,0,0,0,8,8,500091200
2026-09-21T05:52:09.532Z,12028,1205582,500091233,500108128,100000000,400000000,4,4,219,0,4,4,4,15,0,0,1,4,0,0,0,0,0,0,0,1,0,0,0,0,0,8,8,500091200
2026-09-21T05:52:09.724Z,12029,1205733,500092359,500097991,100000000,400000000,4,4,220,0,4,4,4,15,0,0,1,4,0,0,0,0,0,0,0,1,0,0,0,0,0,8,8,500092300
2026-09-21T05:52:09.806Z,12030,1205829,500093486,500084475,100000000,400000000,4,4,221,0,4,4,4,15,0,0,1,4,0,0,0,0,0,0,0,1,0,0,0,0,0,8,8,500093400
2026-09-21T05:52:09.887Z,12031,1205911,500092359,500078843,100000000,400000000,4,4,222,0,4,4,4,15,0,0,1,4,0,0,0,0,0,0,0,1,0,0,0,0,0,8,8,500092300
2026-09-21T05:52:09.984Z,12032,1205992,500091233,500092359,100000000,400000000,4,4,223,0,4,4,4,15,0,0,1,4,0,0,0,0,0,0,0,1,0,0,0,0,0,8,8,500091200
2026-09-21T05:52:10.080Z,12033,1206089,500091233,500107002,100000000,400000000,4,4,224,0,4,4,4,15,0,0,1,4,0,0,0,0,0,0,0,1,0,0,0,0,0,8,8,500091200
2026-09-21T05:52:10.172Z,12034,1206187,500091233,500094612,100000000,400000000,4,4,225,0,4,4,4,15,0,0,1,4,0,0,0,0,0,0,0,1,0,0,0,0,0,8,8,500091200
2026-09-21T05:52:10.265Z,12035,1206284,500092359,500101370,100000000,400000000,4,4,226,0,4,4,4,15,0,0,1,4,0,0,0,0,0,0,0,1,0,0,0,0,0,8,8,500092300
2026-09-21T05:52:10.357Z,12036,1206384,500092359,500083349,100000000,400000000,4,4,227,0,4,4,4,15,0,0,1,4,0,0,0,0,0,0,0,1,0,0,0,0,0,8,8,500092300
2026-09-21T05:52:10.449Z,12037,1206484,500091233,500072085,100000000,400000000,4,4,228,0,4,4,4,15,0,0,1,4,0,0,0,0,0,0,0,1,0,0,0,0,0,8,8,500091200
2026-09-21T05:52:10.541Z,12038,1206584,500090107,500079970,100000000,400000000,4,4,229,0,4,4,4,15,0,0,1,4,0,0,0,0,0,0,0,1,0,0,0,0,0,8,8,500090100
2026-09-21T05:52:10.634Z,12039,1206684,500088980,500083349,100000000,400000000,4,4,230,0,4,4,4,15,0,0,1,4,0,0,0,0,0,0,0,1,0,0,0,0,0,8,8,500088900
2026-09-21T05:52:10.828Z,12040,1206837,500087854,500101370,100000000,400000000,4,4,231,0,4,4,4,15,0,0,1,4,0,0,0,0,0,0,0,1,0,0,0,0,0,8,8,500087800
2026-09-21T05:52:10.924Z,12041,1206933,500088980,500095738,100000000,400000000,4,4,232,0,4,4,4,15,0,0,1,4,0,0,0,0,0,0,0,1,0,0,0,0,0,8,8,500088900
2026-09-21T05:52:11.020Z,12042,1207030,500090107,500096865,100000000,400000000,4,4,233,0,4,4,4,15,0,0,1,4,0,0,0,0,0,0,0,1,0,0,0,0,0,8,8,500090100
2026-09-21T05:52:11.102Z,12043,1207127,500091233,500107002,100000000,400000000,4,4,234,0,4,4,4,15,0,0,1,4,0,0,0,0,0,0,0,1,0,0,0,0,0,8,8,500091200
2026-09-21T05:52:11.184Z,12044,1207208,500093486,500108128,100000000,400000000,4,4,235,0,4,4,4,15,0,0,1,4,0,0,0,0,0,0,0,1,0,0,0,0,0,8,8,500093400
2026-09-21T05:52:11.276Z,12045,1207289,500095738,500103623,100000000,400000000,4,4,236,0,4,4,4,15,0,0,1,4,0,0,0,0,0,0,0,1,0,0,0,0,0,8,8,500095700
2026-09-21T05:52:11.368Z,12046,1207386,500096865,500091233,100000000,400000000,4,4,237,0,4,4,4,15,0,0,1,4,0,0,0,0,0,0,0,1,0,0,0,0,0,8,8,500096800
2026-09-21T05:52:11.460Z,12047,1207486,500096865,500093486,100000000,400000000,4,4,238,0,4,4,4,15,0,0,1,4,0,0,0,0,0,0,0,1,0,0,0,0,0,8,8,500096800
2026-09-21T05:52:11.553Z,12048,1207586,500095738,500086728,100000000,400000000,4,4,239,0,4,4,4,15,0,0,1,4,0,0,0,0,0,0,0,1,0,0,0,0,0,8,8,500095700
2026-09-21T05:52:11.645Z,12049,1207686,500094612,500079970,100000000,400000000,4,4,240,0,4,4,4,15,0,0,1,4,0,0,0,0,0,0,0,1,0,0,0,0,0,8,8,500094600
2026-09-21T05:52:11.807Z,12050,1207831,500093486,500103623,100000000,400000000,4,4,241,0,4,4,4,15,0,0,1,4,0,0,0,0,0,0,0,1,0,0,0,0,0,8,8,500093400
2026-09-21T05:52:11.904Z,12051,1207912,500094612,500132907,100000000,400000000,4,4,242,0,4,4,4,15,0,0,1,4,0,0,0,0,0,0,0,1,0,0,0,0,0,8,8,500094600
2026-09-21T05:52:12.000Z,12052,1208009,500095738,500097991,100000000,400000000,4,4,243,0,4,4,4,15,0,0,1,4,0,0,0,0,0,0,0,1,0,0,0,0,0,8,8,500095700
2026-09-21T05:52:12.097Z,12053,1208107,500095738,500075464,100000000,400000000,4,4,244,0,4,4,4,15,0,0,1,4,0,0,0,0,0,0,0,1,0,0,0,0,0,8,8,500095700
2026-09-21T05:52:12.192Z,12054,1208202,500094612,500086728,100000000,400000000,4,4,245,0,4,4,4,15,0,0,1,4,0,0,0,0,0,0,0,1,0,0,0,0,0,8,8,500094600
2026-09-21T05:52:12.269Z,12055,1208299,500093486,500113760,100000000,400000000,4,4,246,0,4,4,4,15,0,0,1,4,0,0,0,0,0,0,0,1,0,0,0,0,0,8,8,500093400
2026-09-21T05:52:12.360Z,12056,1208387,500095738,500108128,100000000,400000000,4,4,247,0,4,4,4,15,0,0,1,4,0,0,0,0,0,0,0,1,0,0,0,0,0,8,8,500095700
2026-09-21T05:52:12.454Z,12057,1208487,500096865,500077717,100000000,400000000,4,4,248,0,4,4,4,15,0,0,1,4,0,0,0,0,0,0,0,1,0,0,0,0,0,8,8,500096800
2026-09-21T05:52:12.545Z,12058,1208587,500094612,500079970,100000000,400000000,4,4,249,0,4,4,4,15,0,0,1,4,0,0,0,0,0,0,0,1,0,0,0,0,0,8,8,500094600
2026-09-21T05:52:12.638Z,12059,1208688,500092359,500111507,100000000,400000000,4,4,250,0,4,4,4,15,0,0,1,4,0,0,0,0,0,0,0,1,0,0,0,0,0,8,8,500092300
2026-09-21T05:52:12.828Z,12060,1208839,500094612,500111507,100000000,400000000,4,4,251,0,4,4,4,15,0,0,1,4,0,0,0,0,0,0,0,1,0,0,0,0,0,8,8,500094600
2026-09-21T05:52:12.925Z,12061,1208935,500096865,500102496,100000000,400000000,4,4,252,0,4,4,4,15,0,0,1,4,0,0,0,0,0,0,0,1,0,0,0,0,0,8,8,500096800
2026-09-21T05:52:13.021Z,12062,1209030,500097991,500102496,100000000,400000000,4,4,253,0,4,4,4,15,0,0,1,4,0,0,0,0,0,0,0,1,0,0,0,0,0,8,8,500097900
2026-09-21T05:52:13.101Z,12063,1209128,500099117,500092359,100000000,400000000,4,4,254,0,4,4,4,15,0,0,1,4,0,0,0,0,0,0,0,1,0,0,0,0,0,8,8,500099100
2026-09-21T05:52:13.183Z,12064,1209207,500097991,500068706,100000000,400000000,4,4,255,0,4,4,4,15,0,0,1,4,0,0,0,0,0,0,0,1,0,0,0,0,0,8,8,500097900
2026-09-21T05:52:13.275Z,12065,1209289,500096865,500092359,100000000,400000000,4,4,255,0,4,4,4,15,0,0,1,4,0,0,0,0,0,0,0,1,0,0,0,0,0,8,8,500096800
2026-09-21T05:52:13.367Z,12066,1209389,500095738,500096865,100000000,400000000,4,4,255,0,4,4,4,15,0,0,1,4,0,0,0,0,0,0,0,1,0,0,0,0,0,8,8,500095700
2026-09-21T05:52:13.460Z,12067,1209489,500095738,500083349,100000000,400000000,4,4,255,0,4,4,4,15,0,0,1,4,0,0,0,0,0,0,0,1,0,0,0,0,0,8,8,500095700
2026-09-21T05:52:13.553Z,12068,1209589,500095738,500108128,100000000,400000000,4,4,255,0,4,4,4,15,0,0,1,4,0,0,0,0,0,0,0,1,0,0,0,0,0,8,8,500095700
2026-09-21T05:52:13.646Z,12069,1209689,500096865,500111507,100000000,400000000,4,4,255,0,4,4,4,15,0,0,1,4,0,0,0,0,0,0,0,1,0,0,0,0,0,8,8,500096800
2026-09-21T05:52:13.807Z,12070,1209832,500097991,500105875,100000000,400000000,4,4,255,0,4,4,4,15,0,0,1,4,0,0,0,0,0,0,0,1,0,0,0,0,0,8,8,500097900
2026-09-21T05:52:13.905Z,12071,1209914,500099117,500105875,100000000,400000000,4,4,255,0,4,4,4,15,0,0,1,4,0,0,0,0,0,0,0,1,0,0,0,0,0,8,8,500099100
2026-09-21T05:52:14.001Z,12072,1210010,500100244,500096865,100000000,400000000,4,4,255,0,4,4,4,15,0,0,1,4,0,0,0,0,0,0,0,1,0,0,0,0,0,8,8,500100200
2026-09-21T05:52:14.096Z,12073,1210108,500100244,500088980,100000000,400000000,4,4,255,0,4,4,4,15,0,0,1,4,0,0,0,0,0,0,0,1,0,0,0,0,0,8,8,500100200
2026-09-21T05:52:14.192Z,12074,1210203,500099117,500072085,100000000,400000000,4,4,255,0,4,4,4,15,0,0,1,4,0,0,0,0,0,0,0,1,0,0,0,0,0,8,8,500099100
2026-09-21T05:52:14.267Z,12075,1210299,500097991,500097991,100000000,400000000,4,4,255,0,4,4,4,15,0,0,1,4,0,0,0,0,0,0,0,1,0,0,0,0,0,8,8,500097900
2026-09-21T05:52:14.359Z,12076,1210391,500097991,500095738,100000000,400000000,4,4,255,0,4,4,4,15,0,0,1,4,0,0,0,0,0,0,0,1,0,0,0,0,0,8,8,500097900
2026-09-21T05:52:14.452Z,12077,1210491,500097991,500105875,100000000,400000000,4,4,255,0,4,4,4,15,0,0,1,4,0,0,0,0,0,0,0,1,0,0,0,0,0,8,8,500097900
2026-09-21T05:52:14.544Z,12078,1210591,500099117,500109254,100000000,400000000,4,4,255,0,4,4,4,15,0,0,1,4,0,0,0,0,0,0,0,1,0,0,0,0,0,8,8,500099100
2026-09-21T05:52:14.640Z,12079,1210691,500100244,500113760,100000000,400000000,4,4,255,0,4,4,4,15,0,0,1,4,0,0,0,0,0,0,0,1,0,0,0,0,0,8,8,500100200
2026-09-21T05:52:14.830Z,12080,1210841,500101370,500095738,100000000,400000000,4,4,255,0,4,4,4,15,0,0,1,4,0,0,0,0,0,0,0,1,0,0,0,0,0,8,8,500101300
2026-09-21T05:52:14.928Z,12081,1210938,500100244,500081096,100000000,400000000,4,4,255,0,4,4,4,15,0,0,1,4,0,0,0,0,0,0,0,1,0,0,0,0,0,8,8,500100200
2026-09-21T05:52:15.008Z,12082,1211033,500099117,500095738,100000000,400000000,4,4,255,0,4,4,4,15,0,0,1,4,0,0,0,0,0,0,0,1,0,0,0,0,0,8,8,500099100
2026-09-21T05:52:15.087Z,12083,1211114,500099117,500104749,100000000,400000000,4,4,255,0,4,4,4,15,0,0,1,4,0,0,0,0,0,0,0,1,0,0,0,0,0,8,8,500099100
2026-09-21T05:52:15.180Z,12084,1211194,500100244,500123897,100000000,400000000,4,4,255,0,4,4,4,15,0,0,1,4,0,0,0,0,0,0,0,1,0,0,0,0,0,8,8,500100200
2026-09-21T05:52:15.271Z,12085,1211293,500101370,500102496,100000000,400000000,4,4,255,0,4,4,4,15,0,0,1,4,0,0,0,0,0,0,0,1,0,0,0,0,0,8,8,500101300
2026-09-21T05:52:15.363Z,12086,1211393,500101370,500088980,100000000,400000000,4,4,255,0,4,4,4,15,0,0,1,4,0,0,0,0,0,0,0,1,0,0,0,0,0,8,8,500101300
2026-09-21T05:52:15.457Z,12087,1211493,500101370,500100244,100000000,400000000,4,4,255,0,4,4,4,15,0,0,1,4,0,0,0,0,0,0,0,1,0,0,0,0,0,8,8,500101300
2026-09-21T05:52:15.617Z,12088,1211643,500100244,500094612,100000000,400000000,4,4,255,0,4,4,4,15,0,0,1,4,0,0,0,0,0,0,0,1,0,0,0,0,0,8,8,500100200
2026-09-21T05:52:15.697Z,12089,1211724,500099117,500092359,100000000,400000000,4,4,255,0,4,4,4,15,0,0,1,4,0,0,0,0,0,0,0,1,0,0,0,0,0,8,8,500099100
2026-09-21T05:52:15.792Z,12090,1211803,500097991,500101370,100000000,400000000,4,4,255,0,4,4,4,15,0,0,1,4,0,0,0,0,0,0,0,1,0,0,0,0,0,8,8,500097900
2026-09-21T05:52:15.888Z,12091,1211899,500097991,500105875,100000000,400000000,4,4,255,0,4,4,4,15,0,0,1,4,0,0,0,0,0,0,0,1,0,0,0,0,0,8,8,500097900
2026-09-21T05:52:15.980Z,12092,1211994,500097991,500091233,100000000,400000000,4,4,255,0,4,4,4,15,0,0,1,4,0,0,0,0,0,0,0,1,0,0,0,0,0,8,8,500097900
2026-09-21T05:52:16.073Z,12093,1212093,500096865,500085601,100000000,400000000,4,4,255,0,4,4,4,15,0,0,1,4,0,0,0,0,0,0,0,1,0,0,0,0,0,8,8,500096800
2026-09-21T05:52:16.165Z,12094,1212194,500095738,500083349,100000000,400000000,4,4,255,0,4,4,4,15,0,0,1,4,0,0,0,0,0,0,0,1,0,0,0,0,0,8,8,500095700
2026-09-21T05:52:16.258Z,12095,1212294,500094612,500082222,100000000,400000000,4,4,255,0,4,4,4,15,0,0,1,4,0,0,0,0,0,0,0,1,0,0,0,0,0,8,8,500094600
2026-09-21T05:52:16.350Z,12096,1212394,500093486,500086728,100000000,400000000,4,4,255,0,4,4,4,15,0,0,1,4,0,0,0,0,0,0,0,1,0,0,0,0,0,8,8,500093400
2026-09-21T05:52:16.443Z,12097,1212494,500092359,500101370,100000000,400000000,4,4,255,0,4,4,4,15,0,0,1,4,0,0,0,0,0,0,0,1,0,0,0,0,0,8,8,500092300
2026-09-21T05:52:16.604Z,12098,1212629,500093486,500112633,100000000,400000000,4,4,255,0,4,4,4,15,0,0,1,4,0,0,0,0,0,0,0,1,0,0,0,0,0,8,8,500093400
2026-09-21T05:52:16.700Z,12099,1212709,500095738,500118265,100000000,400000000,4,4,255,0,4,4,4,15,0,0,1,4,0,0,0,0,0,0,0,1,0,0,0,0,0,8,8,500095700
2026-09-21T05:52:16.796Z,12100,1212807,500097991,500087854,100000000,400000000,4,4,255,0,4,4,4,15,0,0,1,4,0,0,0,0,0,0,0,1,0,0,0,0,0,8,8,500097900
2026-09-21T05:52:16.892Z,12101,1212902,500099117,500102496,100000000,400000000,4,4,255,0,4,4,4,15,0,0,1,4,0,0,0,0,0,0,0,1,0,0,0,0,0,8,8,500099100
2026-09-21T05:52:16.985Z,12102,1212998,500099117,500102496,100000000,400000000,4,4,255,0,4,4,4,15,0,0,1,4,0,0,0,0,0,0,0,1,0,0,0,0,0,8,8,500099100
2026-09-21T05:52:17.078Z,12103,1213095,500099117,500090107,100000000,400000000,4,4,255,0,4,4,4,15,0,0,1,4,0,0,0,0,0,0,0,1,0,0,0,0,0,8,8,500099100
2026-09-21T05:52:17.170Z,12104,1213195,500099117,500101370,100000000,400000000,4,4,255,0,4,4,4,15,0,0,1,4,0,0,0,0,0,0,0,1,0,0,0,0,0,8,8,500099100
2026-09-21T05:52:17.262Z,12105,1213295,500099117,500108128,100000000,400000000,4,4,255,0,4,4,4,15,0,0,1,4,0,0,0,0,0,0,0,1,0,0,0,0,0,8,8,500099100
2026-09-21T05:52:17.354Z,12106,1213395,500099117,500096865,100000000,400000000,4,4,255,0,4,4,4,15,0,0,1,4,0,0,0,0,0,0,0,1,0,0,0,0,0,8,8,500099100
2026-09-21T05:52:17.446Z,12107,1213496,500099117,500084475,100000000,400000000,4,4,255,0,4,4,4,15,0,0,1,4,0,0,0,0,0,0,0,1,0,0,0,0,0,8,8,500099100
2026-09-21T05:52:17.637Z,12108,1213649,500096865,500081096,100000000,400000000,4,4,255,0,4,4,4,15,0,0,1,4,0,0,0,0,0,0,0,1,0,0,0,0,0,8,8,500096800
2026-09-21T05:52:17.733Z,12109,1213744,500095738,500104749,100000000,400000000,4,4,255,0,4,4,4,15,0,0,1,4,0,0,0,0,0,0,0,1,0,0,0,0,0,8,8,500095700
2026-09-21T05:52:17.828Z,12110,1213840,500095738,500095738,100000000,400000000,4,4,255,0,4,4,4,15,0,0,1,4,0,0,0,0,0,0,0,1,0,0,0,0,0,8,8,500095700
2026-09-21T05:52:17.925Z,12111,1213935,500095738,500096865,100000000,400000000,4,4,255,0,4,4,4,15,0,0,1,4,0,0,0,0,0,0,0,1,0,0,0,0,0,8,8,500095700
2026-09-21T05:52:18.023Z,12112,1214031,500095738,500118265,100000000,400000000,4,4,255,0,4,4,4,15,0,0,1,4,0,0,0,0,0,0,0,1,0,0,0,0,0,8,8,500095700
2026-09-21T05:52:18.104Z,12113,1214129,500099117,500129528,100000000,400000000,4,4,255,0,4,4,4,15,0,0,1,4,0,0,0,0,0,0,0,1,0,0,0,0,0,8,8,500099100
2026-09-21T05:52:18.181Z,12114,1214209,500101370,500095738,100000000,400000000,4,4,255,0,4,4,4,15,0,0,1,4,0,0,0,0,0,0,0,1,0,0,0,0,0,8,8,500101300
2026-09-21T05:52:18.273Z,12115,1214297,500102496,500111507,100000000,400000000,4,4,255,0,4,4,4,15,0,0,1,4,0,0,0,0,0,0,0,1,0,0,0,0,0,8,8,500102400
2026-09-21T05:52:18.365Z,12116,1214397,500102496,500103623,100000000,400000000,4,4,255,0,4,4,4,15,0,0,1,4,0,0,0,0,0,0,0,1,0,0,0,0,0,8,8,500102400
2026-09-21T05:52:18.458Z,12117,1214497,500103623,500112633,100000000,400000000,4,4,255,0,4,4,4,15,0,0,1,4,0,0,0,0,0,0,0,1,0,0,0,0,0,8,8,500103600
2026-09-21T05:52:18.618Z,12118,1214644,500103623,500096865,100000000,400000000,4,4,255,0,4,4,4,15,0,0,1,4,0,0,0,0,0,0,0,1,0,0,0,0,0,8,8,500103600
2026-09-21T05:52:18.697Z,12119,1214724,500102496,500084475,100000000,400000000,4,4,255,0,4,4,4,15,0,0,1,4,0,0,0,0,0,0,0,1,0,0,0,0,0,8,8,500102400
2026-09-21T05:52:18.792Z,12120,1214804,500101370,500117139,100000000,400000000,4,4,255,0,4,4,4,15,0,0,1,4,0,0,0,0,0,0,0,1,0,0,0,0,0,8,8,500101300
2026-09-21T05:52:18.885Z,12121,1214899,500101370,500104749,100000000,400000000,4,4,255,0,4,4,4,15,0,0,1,4,0,0,0,0,0,0,0,1,0,0,0,0,0,8,8,500101300
2026-09-21T05:52:18.979Z,12122,1214998,500101370,500093486,100000000,400000000,4,4,255,0,4,4,4,15,0,0,1,4,0,0,0,0,0,0,0,1,0,0,0,0,0,8,8,500101300
2026-09-21T05:52:19.071Z,12123,1215098,500101370,500102496,100000000,400000000,4,4,255,0,4,4,4,15,0,0,1,4,0,0,0,0,0,0,0,1,0,0,0,0,0,8,8,500101300
2026-09-21T05:52:19.164Z,12124,1215199,500101370,500116012,100000000,400000000,4,4,255,0,4,4,4,15,0,0,1,4,0,0,0,0,0,0,0,1,0,0,0,0,0,8,8,500101300
2026-09-21T05:52:19.257Z,12125,1215299,500103623,500123897,100000000,400000000,4,4,255,0,4,4,4,15,0,0,1,4,0,0,0,0,0,0,0,1,0,0,0,0,0,8,8,500103600
2026-09-21T05:52:19.350Z,12126,1215399,500104749,500103623,100000000,400000000,4,4,255,0,4,4,4,15,0,0,1,4,0,0,0,0,0,0,0,1,0,0,0,0,0,8,8,500104700
2026-09-21T05:52:19.509Z,12127,1215537,500104749,500090107,100000000,400000000,4,4,255,0,4,4,4,15,0,0,1,4,0,0,0,0,0,0,0,1,0,0,0,0,0,8,8,500104700
2026-09-21T05:52:19.606Z,12128,1215616,500104749,500105875,100000000,400000000,4,4,255,0,4,4,4,15,0,0,1,4,0,0,0,0,0,0,0,1,0,0,0,0,0,8,8,500104700
2026-09-21T05:52:19.702Z,12129,1215711,500104749,500105875,100000000,400000000,4,4,255,0,4,4,4,15,0,0,1,4,0,0,0,0,0,0,0,1,0,0,0,0,0,8,8,500104700
2026-09-21T05:52:19.800Z,12130,1215809,500104749,500107002,100000000,400000000,4,4,255,0,4,4,4,15,0,0,1,4,0,0,0,0,0,0,0,1,0,0,0,0,0,8,8,500104700
2026-09-21T05:52:19.896Z,12131,1215907,500104749,500108128,100000000,400000000,4,4,255,0,4,4,4,15,0,0,1,4,0,0,0,0,0,0,0,1,0,0,0,0,0,8,8,500104700
2026-09-21T05:52:19.972Z,12132,1216002,500104749,500101370,100000000,400000000,4,4,255,0,4,4,4,15,0,0,1,4,0,0,0,0,0,0,0,1,0,0,0,0,0,8,8,500104700
2026-09-21T05:52:20.050Z,12133,1216100,500104749,500110381,100000000,400000000,4,4,255,0,4,4,4,15,0,0,1,4,0,0,0,0,0,0,0,1,0,0,0,0,0,8,8,500104700
2026-09-21T05:52:20.226Z,12134,1216252,500104749,500103623,100000000,400000000,4,4,255,0,4,4,4,15,0,0,1,4,0,0,0,0,0,0,0,1,0,0,0,0,0,8,8,500104700
2026-09-21T05:52:20.306Z,12135,1216333,500104749,500087854,100000000,400000000,4,4,255,0,4,4,4,15,0,0,1,4,0,0,0,0,0,0,0,1,0,0,0,0,0,8,8,500104700
2026-09-21T05:52:20.403Z,12136,1216413,500104749,500102496,100000000,400000000,4,4,255,0,4,4,4,15,0,0,1,4,0,0,0,0,0,0,0,1,0,0,0,0,0,8,8,500104700
2026-09-21T05:52:20.500Z,12137,1216509,500103623,500100244,100000000,400000000,4,4,255,0,4,4,4,15,0,0,1,4,0,0,0,0,0,0,0,1,0,0,0,0,0,8,8,500103600
2026-09-21T05:52:20.596Z,12138,1216607,500103623,500069833,100000000,400000000,4,4,255,0,4,4,4,15,0,0,1,4,0,0,0,0,0,0,0,1,0,0,0,0,0,8,8,500103600
2026-09-21T05:52:20.689Z,12139,1216703,500101370,500086728,100000000,400000000,4,4,255,0,4,4,4,15,0,0,1,4,0,0,0,0,0,0,0,1,0,0,0,0,0,8,8,500101300
2026-09-21T05:52:20.782Z,12140,1216801,500099117,500101370,100000000,400000000,4,4,255,0,4,4,4,15,0,0,1,4,0,0,0,0,0,0,0,1,0,0,0,0,0,8,8,500099100
2026-09-21T05:52:20.875Z,12141,1216901,500097991,500090107,100000000,400000000,4,4,255,0,4,4,4,15,0,0,1,4,0,0,0,0,0,0,0,1,0,0,0,0,0,8,8,500097900
2026-09-21T05:52:20.967Z,12142,1217002,500096865,500093486,100000000,400000000,4,4,255,0,4,4,4,15,0,0,1,4,0,0,0,0,0,0,0,1,0,0,0,0,0,8,8,500096800
2026-09-21T05:52:21.059Z,12143,1217102,500096865,500109254,100000000,400000000,4,4,255,0,4,4,4,15,0,0,1,4,0,0,0,0,0,0,0,1,0,0,0,0,0,8,8,500096800
2026-09-21T05:52:21.152Z,12144,1217202,500097991,500104749,100000000,400000000,4,4,255,0,4,4,4,15,0,0,1,4,0,0,0,0,0,0,0,1,0,0,0,0,0,8,8,500097900
2026-09-21T05:52:21.344Z,12145,1217355,500099117,500113760,100000000,400000000,4,4,255,0,4,4,4,15,0,0,1,4,0,0,0,0,0,0,0,1,0,0,0,0,0,8,8,500099100
2026-09-21T05:52:21.440Z,12146,1217449,500101370,500112633,100000000,400000000,4,4,255,0,4,4,4,15,0,0,1,4,0,0,0,0,0,0,0,1,0,0,0,0,0,8,8,500101300
2026-09-21T05:52:21.535Z,12147,1217547,500102496,500118265,100000000,400000000,4,4,255,0,4,4,4,15,0,0,1,4,0,0,0,0,0,0,0,1,0,0,0,0,0,8,8,500102400
2026-09-21T05:52:21.616Z,12148,1217642,500103623,500095738,100000000,400000000,4,4,255,0,4,4,4,15,0,0,1,4,0,0,0,0,0,0,0,1,0,0,0,0,0,8,8,500103600
2026-09-21T05:52:21.696Z,12149,1217723,500102496,500090107,100000000,400000000,4,4,255,0,4,4,4,15,0,0,1,4,0,0,0,0,0,0,0,1,0,0,0,0,0,8,8,500102400
2026-09-21T05:52:21.772Z,12150,1217803,500101370,500095738,100000000,400000000,4,4,255,0,4,4,4,15,0,0,1,4,0,0,0,0,0,0,0,1,0,0,0,0,0,8,8,500101300
2026-09-21T05:52:21.864Z,12151,1217903,500100244,500123897,100000000,400000000,4,4,255,0,4,4,4,15,0,0,1,4,0,0,0,0,0,0,0,1,0,0,0,0,0,8,8,500100200
2026-09-21T05:52:22.026Z,12152,1218052,500102496,500118265,100000000,400000000,4,4,255,0,4,4,4,15,0,0,1,4,0,0,0,0,0,0,0,1,0,0,0,0,0,8,8,500102400
2026-09-21T05:52:22.123Z,12153,1218132,500104749,500105875,100000000,400000000,4,4,255,0,4,4,4,15,0,0,1,4,0,0,0,0,0,0,0,1,0,0,0,0,0,8,8,500104700
2026-09-21T05:52:22.218Z,12154,1218229,500105875,500110381,100000000,400000000,4,4,255,0,4,4,4,15,0,0,1,4,0,0,0,0,0,0,0,1,0,0,0,0,0,8,8,500105800
2026-09-21T05:52:22.314Z,12155,1218325,500107002,500120518,100000000,400000000,4,4,255,0,4,4,4,15,0,0,1,4,0,0,0,0,0,0,0,1,0,0,0,0,0,8,8,500107000
2026-09-21T05:52:22.410Z,12156,1218420,500107002,500105875,100000000,400000000,4,4,255,0,4,4,4,15,0,0,1,4,0,0,0,0,0,0,0,1,0,0,0,0,0,8,8,500107000
2026-09-21T05:52:22.506Z,12157,1218517,500107002,500103623,100000000,400000000,4,4,255,0,4,4,4,15,0,0,1,4,0,0,0,0,0,0,0,1,0,0,0,0,0,8,8,500107000
2026-09-21T05:52:22.583Z,12158,1218612,500107002,500097991,100000000,400000000,4,4,255,0,4,4,4,15,0,0,1,4,0,0,0,0,0,0,0,1,0,0,0,0,0,8,8,500107000
2026-09-21T05:52:22.658Z,12159,1218705,500105875,500102496,100000000,400000000,4,4,255,0,4,4,4,15,0,0,1,4,0,0,0,0,0,0,0,1,0,0,0,0,0,8,8,500105800
2026-09-21T05:52:22.752Z,12160,1218805,500104749,500087854,100000000,400000000,4,4,255,0,4,4,4,15,0,0,1,4,0,0,0,0,0,0,0,1,0,0,0,0,0,8,8,500104700
2026-09-21T05:52:22.944Z,12161,1218954,500102496,500091233,100000000,400000000,4,4,255,0,4,4,4,15,0,0,1,4,0,0,0,0,0,0,0,1,0,0,0,0,0,8,8,500102400
2026-09-21T05:52:23.024Z,12162,1219050,500101370,500101370,100000000,400000000,4,4,255,0,4,4,4,15,0,0,1,4,0,0,0,0,0,0,0,1,0,0,0,0,0,8,8,500101300
2026-09-21T05:52:23.106Z,12163,1219130,500101370,500100244,100000000,400000000,4,4,255,0,4,4,4,15,0,0,1,4,0,0,0,0,0,0,0,1,0,0,0,0,0,8,8,500101300
2026-09-21T05:52:23.203Z,12164,1219212,500101370,500092359,100000000,400000000,4,4,255,0,4,4,4,15,0,0,1,4,0,0,0,0,0,0,0,1,0,0,0,0,0,8,8,500101300
2026-09-21T05:52:23.295Z,12165,1219309,500100244,500094612,100000000,400000000,4,4,255,0,4,4,4,15,0,0,1,4,0,0,0,0,0,0,0,1,0,0,0,0,0,8,8,500100200
2026-09-21T05:52:23.387Z,12166,1219406,500099117,500077717,100000000,400000000,4,4,255,0,4,4,4,15,0,0,1,4,0,0,0,0,0,0,0,1,0,0,0,0,0,8,8,500099100
2026-09-21T05:52:23.480Z,12167,1219506,500096865,500082222,100000000,400000000,4,4,255,0,4,4,4,15,0,0,1,4,0,0,0,0,0,0,0,1,0,0,0,0,0,8,8,500096800
2026-09-21T05:52:23.573Z,12168,1219606,500094612,500097991,100000000,400000000,4,4,255,0,4,4,4,15,0,0,1,4,0,0,0,0,0,0,0,1,0,0,0,0,0,8,8,500094600
2026-09-21T05:52:23.666Z,12169,1219706,500094612,500093486,100000000,400000000,4,4,255,0,4,4,4,15,0,0,1,4,0,0,0,0,0,0,0,1,0,0,0,0,0,8,8,500094600
2026-09-21T05:52:23.759Z,12170,1219806,500094612,500102496,100000000,400000000,4,4,255,0,4,4,4,15,0,0,1,4,0,0,0,0,0,0,0,1,0,0,0,0,0,8,8,500094600
2026-09-21T05:52:23.853Z,12171,1219907,500095738,500099117,100000000,400000000,4,4,255,0,4,4,4,15,0,0,1,4,0,0,0,0,0,0,0,1,0,0,0,0,0,8,8,500095700
2026-09-21T05:52:24.046Z,12172,1220057,500095738,500095738,100000000,400000000,4,4,255,0,4,4,4,15,0,0,1,4,0,0,0,0,0,0,0,1,0,0,0,0,0,8,8,500095700
2026-09-21T05:52:24.142Z,12173,1220153,500095738,500100244,100000000,400000000,4,4,255,0,4,4,4,15,0,0,1,4,0,0,0,0,0,0,0,1,0,0,0,0,0,8,8,500095700
2026-09-21T05:52:24.237Z,12174,1220249,500096865,500103623,100000000,400000000,4,4,255,0,4,4,4,15,0,0,1,4,0,0,0,0,0,0,0,1,0,0,0,0,0,8,8,500096800
2026-09-21T05:52:24.333Z,12175,1220345,500096865,500095738,100000000,400000000,4,4,255,0,4,4,4,15,0,0,1,4,0,0,0,0,0,0,0,1,0,0,0,0,0,8,8,500096800
2026-09-21T05:52:24.413Z,12176,1220440,500097991,500107002,100000000,400000000,4,4,255,0,4,4,4,15,0,0,1,4,0,0,0,0,0,0,0,1,0,0,0,0,0,8,8,500097900
2026-09-21T05:52:24.491Z,12177,1220520,500099117,500116012,100000000,400000000,4,4,255,0,4,4,4,15,0,0,1,4,0,0,0,0,0,0,0,1,0,0,0,0,0,8,8,500099100
2026-09-21T05:52:24.584Z,12178,1220608,500101370,500112633,100000000,400000000,4,4,255,0,4,4,4,15,0,0,1,4,0,0,0,0,0,0,0,1,0,0,0,0,0,8,8,500101300
2026-09-21T05:52:24.677Z,12179,1220708,500103623,500116012,100000000,400000000,4,4,255,0,4,4,4,15,0,0,1,4,0,0,0,0,0,0,0,1,0,0,0,0,0,8,8,500103600
2026-09-21T05:52:24.755Z,12180,1220808,500104749,500118265,100000000,400000000,4,4,255,0,4,4,4,15,0,0,1,4,0,0,0,0,0,0,0,1,0,0,0,0,0,8,8,500104700
2026-09-21T05:52:24.915Z,12181,1220941,500105875,500102496,100000000,400000000,4,4,255,0,4,4,4,15,0,0,1,4,0,0,0,0,0,0,0,1,0,0,0,0,0,8,8,500105800
2026-09-21T05:52:24.993Z,12182,1221022,500105875,500100244,100000000,400000000,4,4,255,0,4,4,4,15,0,0,1,4,0,0,0,0,0,0,0,1,0,0,0,0,0,8,8,500105800
2026-09-21T05:52:25.085Z,12183,1221109,500105875,500113760,100000000,400000000,4,4,255,0,4,4,4,15,0,0,1,4,0,0,0,0,0,0,0,1,0,0,0,0,0,8,8,500105800
2026-09-21T05:52:25.178Z,12184,1221209,500105875,500102496,100000000,400000000,4,4,255,0,4,4,4,15,0,0,1,4,0,0,0,0,0,0,0,1,0,0,0,0,0,8,8,500105800
2026-09-21T05:52:25.269Z,12185,1221309,500105875,500090107,100000000,400000000,4,4,255,0,4,4,4,15,0,0,1,4,0,0,0,0,0,0,0,1,0,0,0,0,0,8,8,500105800
2026-09-21T05:52:25.362Z,12186,1221409,500103623,500088980,100000000,400000000,4,4,255,0,4,4,4,15,0,0,1,4,0,0,0,0,0,0,0,1,0,0,0,0,0,8,8,500103600
2026-09-21T05:52:25.457Z,12187,1221509,500101370,500120518,100000000,400000000,4,4,255,0,4,4,4,15,0,0,1,4,0,0,0,0,0,0,0,1,0,0,0,0,0,8,8,500101300
2026-09-21T05:52:25.633Z,12188,1221660,500101370,500101370,100000000,400000000,4,4,255,0,4,4,4,15,0,0,1,4,0,0,0,0,0,0,0,1,0,0,0,0,0,8,8,500101300
2026-09-21T05:52:25.713Z,12189,1221739,500101370,500093486,100000000,400000000,4,4,255,0,4,4,4,15,0,0,1,4,0,0,0,0,0,0,0,1,0,0,0,0,0,8,8,500101300
2026-09-21T05:52:25.808Z,12190,1221819,500101370,500103623,100000000,400000000,4,4,255,0,4,4,4,15,0,0,1,4,0,0,0,0,0,0,0,1,0,0,0,0,0,8,8,500101300
2026-09-21T05:52:25.904Z,12191,1221916,500101370,500104749,100000000,400000000,4,4,255,0,4,4,4,15,0,0,1,4,0,0,0,0,0,0,0,1,0,0,0,0,0,8,8,500101300
2026-09-21T05:52:25.998Z,12192,1222011,500101370,500096865,100000000,400000000,4,4,255,0,4,4,4,15,0,0,1,4,0,0,0,0,0,0,0,1,0,0,0,0,0,8,8,500101300
2026-09-21T05:52:26.090Z,12193,1222110,500100244,500081096,100000000,400000000,4,4,255,0,4,4,4,15,0,0,1,4,0,0,0,0,0,0,0,1,0,0,0,0,0,8,8,500100200
2026-09-21T05:52:26.182Z,12194,1222210,500097991,500077717,100000000,400000000,4,4,255,0,4,4,4,15,0,0,1,4,0,0,0,0,0,0,0,1,0,0,0,0,0,8,8,500097900
2026-09-21T05:52:26.274Z,12195,1222311,500095738,500074338,100000000,400000000,4,4,255,0,4,4,4,15,0,0,1,4,0,0,0,0,0,0,0,1,0,0,0,0,0,8,8,500095700
2026-09-21T05:52:26.367Z,12196,1222411,500093486,500077717,100000000,400000000,4,4,255,0,4,4,4,15,0,0,1,4,0,0,0,0,0,0,0,1,0,0,0,0,0,8,8,500093400
2026-09-21T05:52:26.461Z,12197,1222511,500091233,500103623,100000000,400000000,4,4,255,0,4,4,4,15,0,0,1,4,0,0,0,0,0,0,0,1,0,0,0,0,0,8,8,500091200
2026-09-21T05:52:26.650Z,12198,1222664,500092359,500113760,100000000,400000000,4,4,255,0,4,4,4,15,0,0,1,4,0,0,0,0,0,0,0,1,0,0,0,0,0,8,8,500092300
2026-09-21T05:52:26.746Z,12199,1222758,500093486,500087854,100000000,400000000,4,4,255,0,4,4,4,15,0,0,1,4,0,0,0,0,0,0,0,1,0,0,0,0,0,8,8,500093400
2026-09-21T05:52:26.842Z,12200,1222853,500093486,500090107,100000000,400000000,4,4,255,0,4,4,4,15,0,0,1,4,0,0,0,0,0,0,0,1,0,0,0,0,0,8,8,500093400
2026-09-21T05:52:26.938Z,12201,1222948,500092359,500077717,100000000,400000000,4,4,255,0,4,4,4,15,0,0,1,4,0,0,0,0,0,0,0,1,0,0,0,0,0,8,8,500092300
2026-09-21T05:52:27.034Z,12202,1223046,500091233,500079970,100000000,400000000,4,4,255,0,4,4,4,15,0,0,1,4,0,0,0,0,0,0,0,1,0,0,0,0,0,8,8,500091200
2026-09-21T05:52:27.130Z,12203,1223141,500090107,500092359,100000000,400000000,4,4,255,0,4,4,4,15,0,0,1,4,0,0,0,0,0,0,0,1,0,0,0,0,0,8,8,500090100
2026-09-21T05:52:27.208Z,12204,1223237,500090107,500108128,100000000,400000000,4,4,255,0,4,4,4,15,0,0,1,4,0,0,0,0,0,0,0,1,0,0,0,0,0,8,8,500090100
2026-09-21T05:52:27.284Z,12205,1223316,500092359,500103623,100000000,400000000,4,4,255,0,4,4,4,15,0,0,1,4,0,0,0,0,0,0,0,1,0,0,0,0,0,8,8,500092300
2026-09-21T05:52:27.377Z,12206,1223413,500093486,500091233,100000000,400000000,4,4,255,0,4,4,4,15,0,0,1,4,0,0,0,0,0,0,0,1,0,0,0,0,0,8,8,500093400
2026-09-21T05:52:27.470Z,12207,1223513,500093486,500087854,100000000,400000000,4,4,255,0,4,4,4,15,0,0,1,4,0,0,0,0,0,0,0,1,0,0,0,0,0,8,8,500093400
2026-09-21T05:52:27.563Z,12208,1223613,500093486,500104749,100000000,400000000,4,4,255,0,4,4,4,15,0,0,1,4,0,0,0,0,0,0,0,1,0,0,0,0,0,8,8,500093400
2026-09-21T05:52:27.659Z,12209,1223713,500094612,500111507,100000000,400000000,4,4,255,0,4,4,4,15,0,0,1,4,0,0,0,0,0,0,0,1,0,0,0,0,0,8,8,500094600
2026-09-21T05:52:27.835Z,12210,1223862,500095738,500085601,100000000,400000000,4,4,255,0,4,4,4,15,0,0,1,4,0,0,0,0,0,0,0,1,0,0,0,0,0,8,8,500095700
2026-09-21T05:52:27.915Z,12211,1223942,500094612,500067580,100000000,400000000,4,4,255,0,4,4,4,15,0,0,1,4,0,0,0,0,0,0,0,1,0,0,0,0,0,8,8,500094600
2026-09-21T05:52:27.993Z,12212,1224023,500093486,500097991,100000000,400000000,4,4,255,0,4,4,4,15,0,0,1,4,0,0,0,0,0,0,0,1,0,0,0,0,0,8,8,500093400
2026-09-21T05:52:28.086Z,12213,1224114,500094612,500141918,100000000,400000000,4,4,255,0,4,4,4,15,0,0,1,4,0,0,0,0,0,0,0,1,0,0,0,0,0,8,8,500094600
2026-09-21T05:52:28.178Z,12214,1224214,500097991,500125023,100000000,400000000,4,4,255,0,4,4,4,15,0,0,1,4,0,0,0,0,0,0,0,1,0,0,0,0,0,8,8,500097900
2026-09-21T05:52:28.270Z,12215,1224314,500101370,500095738,100000000,400000000,4,4,255,0,4,4,4,15,0,0,1,4,0,0,0,0,0,0,0,1,0,0,0,0,0,8,8,500101300
2026-09-21T05:52:28.430Z,12216,1224457,500100244,500085601,100000000,400000000,4,4,255,0,4,4,4,15,0,0,1,4,0,0,0,0,0,0,0,1,0,0,0,0,0,8,8,500100200
2026-09-21T05:52:28.509Z,12217,1224537,500099117,500094612,100000000,400000000,4,4,255,0,4,4,4,15,0,0,1,4,0,0,0,0,0,0,0,1,0,0,0,0,0,8,8,500099100
2026-09-21T05:52:28.602Z,12218,1224617,500097991,500113760,100000000,400000000,4,4,255,0,4,4,4,15,0,0,1,4,0,0,0,0,0,0,0,1,0,0,0,0,0,8,8,500097900
2026-09-21T05:52:28.697Z,12219,1224715,500099117,500104749,100000000,400000000,4,4,255,0,4,4,4,15,0,0,1,4,0,0,0,0,0,0,0,1,0,0,0,0,0,8,8,500099100
2026-09-21T05:52:28.789Z,12220,1224815,500100244,500099117,100000000,400000000,4,4,255,0,4,4,4,15,0,0,1,4,0,0,0,0,0,0,0,1,0,0,0,0,0,8,8,500100200
2026-09-21T05:52:28.883Z,12221,1224915,500100244,500096865,100000000,400000000,4,4,255,0,4,4,4,15,0,0,1,4,0,0,0,0,0,0,0,1,0,0,0,0,0,8,8,500100200
2026-09-21T05:52:28.976Z,12222,1225015,500100244,500099117,100000000,400000000,4,4,255,0,4,4,4,15,0,0,1,4,0,0,0,0,0,0,0,1,0,0,0,0,0,8,8,500100200
2026-09-21T05:52:29.068Z,12223,1225115,500100244,500114886,100000000,400000000,4,4,255,0,4,4,4,15,0,0,1,4,0,0,0,0,0,0,0,1,0,0,0,0,0,8,8,500100200
2026-09-21T05:52:29.163Z,12224,1225216,500101370,500107002,100000000,400000000,4,4,255,0,4,4,4,15,0,0,1,4,0,0,0,0,0,0,0,1,0,0,0,0,0,8,8,500101300
2026-09-21T05:52:29.325Z,12225,1225351,500103623,500116012,100000000,400000000,4,4,255,0,4,4,4,15,0,0,1,4,0,0,0,0,0,0,0,1,0,0,0,0,0,8,8,500103600
2026-09-21T05:52:29.422Z,12226,1225431,500104749,500111507,100000000,400000000,4,4,255,0,4,4,4,15,0,0,1,4,0,0,0,0,0,0,0,1,0,0,0,0,0,8,8,500104700
2026-09-21T05:52:29.516Z,12227,1225529,500105875,500117139,100000000,400000000,4,4,255,0,4,4,4,15,0,0,1,4,0,0,0,0,0,0,0,1,0,0,0,0,0,8,8,500105800
2026-09-21T05:52:29.612Z,12228,1225625,500107002,500103623,100000000,400000000,4,4,255,0,4,4,4,15,0,0,1,4,0,0,0,0,0,0,0,1,0,0,0,0,0,8,8,500107000
2026-09-21T05:52:29.704Z,12229,1225720,500107002,500096865,100000000,400000000,4,4,255,0,4,4,4,15,0,0,1,4,0,0,0,0,0,0,0,1,0,0,0,0,0,8,8,500107000
2026-09-21T05:52:29.798Z,12230,1225816,500105875,500096865,100000000,400000000,4,4,255,0,4,4,4,15,0,0,1,4,0,0,0,0,0,0,0,1,0,0,0,0,0,8,8,500105800
2026-09-21T05:52:29.890Z,12231,1225917,500104749,500109254,100000000,400000000,4,4,255,0,4,4,4,15,0,0,1,4,0,0,0,0,0,0,0,1,0,0,0,0,0,8,8,500104700
2026-09-21T05:52:29.982Z,12232,1226017,500105875,500113760,100000000,400000000,4,4,255,0,4,4,4,15,0,0,1,4,0,0,0,0,0,0,0,1,0,0,0,0,0,8,8,500105800
2026-09-21T05:52:30.074Z,12233,1226117,500105875,500099117,100000000,400000000,4,4,255,0,4,4,4,15,0,0,1,4,0,0,0,0,0,0,0,1,0,0,0,0,0,8,8,500105800
2026-09-21T05:52:30.167Z,12234,1226217,500104749,500099117,100000000,400000000,4,4,255,0,4,4,4,15,0,0,1,4,0,0,0,0,0,0,0,1,0,0,0,0,0,8,8,500104700
2026-09-21T05:52:30.360Z,12235,1226370,500103623,500092359,100000000,400000000,4,4,255,0,4,4,4,15,0,0,1,4,0,0,0,0,0,0,0,1,0,0,0,0,0,8,8,500103600
2026-09-21T05:52:30.455Z,12236,1226467,500102496,500078843,100000000,400000000,4,4,255,0,4,4,4,15,0,0,1,4,0,0,0,0,0,0,0,1,0,0,0,0,0,8,8,500102400
2026-09-21T05:52:30.551Z,12237,1226563,500101370,500095738,100000000,400000000,4,4,255,0,4,4,4,15,0,0,1,4,0,0,0,0,0,0,0,1,0,0,0,0,0,8,8,500101300
2026-09-21T05:52:30.646Z,12238,1226658,500100244,500093486,100000000,400000000,4,4,255,0,4,4,4,15,0,0,1,4,0,0,0,0,0,0,0,1,0,0,0,0,0,8,8,500100200
2026-09-21T05:52:30.726Z,12239,1226754,500099117,500088980,100000000,400000000,4,4,255,0,4,4,4,15,0,0,1,4,0,0,0,0,0,0,0,1,0,0,0,0,0,8,8,500099100
2026-09-21T05:52:30.803Z,12240,1226833,500097991,500101370,100000000,400000000,4,4,255,0,4,4,4,15,0,0,1,4,0,0,0,0,0,0,0,1,0,0,0,0,0,8,8,500097900
2026-09-21T05:52:30.897Z,12241,1226918,500096865,500085601,100000000,400000000,4,4,255,0,4,4,4,15,0,0,1,4,0,0,0,0,0,0,0,1,0,0,0,0,0,8,8,500096800
2026-09-21T05:52:30.973Z,12242,1227019,500095738,500066454,100000000,400000000,4,4,255,0,4,4,4,15,0,0,1,4,0,0,0,0,0,0,0,1,0,0,0,0,0,8,8,500095700
2026-09-21T05:52:31.134Z,12243,1227161,500093486,500082222,100000000,400000000,4,4,255,0,4,4,4,15,0,0,1,4,0,0,0,0,0,0,0,1,0,0,0,0,0,8,8,500093400
2026-09-21T05:52:31.213Z,12244,1227241,500092359,500103623,100000000,400000000,4,4,255,0,4,4,4,15,0,0,1,4,0,0,0,0,0,0,0,1,0,0,0,0,0,8,8,500092300
2026-09-21T05:52:31.306Z,12245,1227320,500093486,500109254,100000000,400000000,4,4,255,0,4,4,4,15,0,0,1,4,0,0,0,0,0,0,0,1,0,0,0,0,0,8,8,500093400
2026-09-21T05:52:31.398Z,12246,1227419,500094612,500103623,100000000,400000000,4,4,255,0,4,4,4,15,0,0,1,4,0,0,0,0,0,0,0,1,0,0,0,0,0,8,8,500094600
2026-09-21T05:52:31.491Z,12247,1227520,500095738,500096865,100000000,400000000,4,4,255,0,4,4,4,15,0,0,1,4,0,0,0,0,0,0,0,1,0,0,0,0,0,8,8,500095700
2026-09-21T05:52:31.583Z,12248,1227620,500095738,500099117,100000000,400000000,4,4,255,0,4,4,4,15,0,0,1,4,0,0,0,0,0,0,0,1,0,0,0,0,0,8,8,500095700
2026-09-21T05:52:31.745Z,12249,1227770,500095738,500114886,100000000,400000000,4,4,255,0,4,4,4,15,0,0,1,4,0,0,0,0,0,0,0,1,0,0,0,0,0,8,8,500095700
2026-09-21T05:52:31.842Z,12250,1227851,500097991,500118265,100000000,400000000,4,4,255,0,4,4,4,15,0,0,1,4,0,0,0,0,0,0,0,1,0,0,0,0,0,8,8,500097900
2026-09-21T05:52:31.938Z,12251,1227948,500100244,500104749,100000000,400000000,4,4,255,0,4,4,4,15,0,0,1,4,0,0,0,0,0,0,0,1,0,0,0,0,0,8,8,500100200
2026-09-21T05:52:32.034Z,12252,1228046,500101370,500102496,100000000,400000000,4,4,255,0,4,4,4,15,0,0,1,4,0,0,0,0,0,0,0,1,0,0,0,0,0,8,8,500101300
2026-09-21T05:52:32.129Z,12253,1228142,500101370,500110381,100000000,400000000,4,4,255,0,4,4,4,15,0,0,1,4,0,0,0,0,0,0,0,1,0,0,0,0,0,8,8,500101300
2026-09-21T05:52:32.205Z,12254,1228238,500102496,500122770,100000000,400000000,4,4,255,0,4,4,4,15,0,0,1,4,0,0,0,0,0,0,0,1,0,0,0,0,0,8,8,500102400
2026-09-21T05:52:32.298Z,12255,1228321,500103623,500114886,100000000,400000000,4,4,255,0,4,4,4,15,0,0,1,4,0,0,0,0,0,0,0,1,0,0,0,0,0,8,8,500103600
2026-09-21T05:52:32.390Z,12256,1228421,500104749,500108128,100000000,400000000,4,4,255,0,4,4,4,15,0,0,1,4,0,0,0,0,0,0,0,1,0,0,0,0,0,8,8,500104700
2026-09-21T05:52:32.482Z,12257,1228521,500104749,500105875,100000000,400000000,4,4,255,0,4,4,4,15,0,0,1,4,0,0,0,0,0,0,0,1,0,0,0,0,0,8,8,500104700
2026-09-21T05:52:32.574Z,12258,1228621,500104749,500113760,100000000,400000000,4,4,255,0,4,4,4,15,0,0,1,4,0,0,0,0,0,0,0,1,0,0,0,0,0,8,8,500104700
2026-09-21T05:52:32.668Z,12259,1228722,500104749,500091233,100000000,400000000,4,4,255,0,4,4,4,15,0,0,1,4,0,0,0,0,0,0,0,1,0,0,0,0,0,8,8,500104700
2026-09-21T05:52:32.861Z,12260,1228872,500103623,500093486,100000000,400000000,4,4,255,0,4,4,4,15,0,0,1,4,0,0,0,0,0,0,0,1,0,0,0,0,0,8,8,500103600
2026-09-21T05:52:32.957Z,12261,1228968,500102496,500099117,100000000,400000000,4,4,255,0,4,4,4,15,0,0,1,4,0,0,0,0,0,0,0,1,0,0,0,0,0,8,8,500102400
2026-09-21T05:52:33.053Z,12262,1229065,500102496,500112633,100000000,400000000,4,4,255,0,4,4,4,15,0,0,1,4,0,0,0,0,0,0,0,1,0,0,0,0,0,8,8,500102400
2026-09-21T05:52:33.133Z,12263,1229160,500103623,500108128,100000000,400000000,4,4,255,0,4,4,4,15,0,0,1,4,0,0,0,0,0,0,0,1,0,0,0,0,0,8,8,500103600
2026-09-21T05:52:33.209Z,12264,1229240,500104749,500105875,100000000,400000000,4,4,255,0,4,4,4,15,0,0,1,4,0,0,0,0,0,0,0,1,0,0,0,0,0,8,8,500104700
2026-09-21T05:52:33.285Z,12265,1229323,500104749,500114886,100000000,400000000,4,4,255,0,4,4,4,15,0,0,1,4,0,0,0,0,0,0,0,1,0,0,0,0,0,8,8,500104700
2026-09-21T05:52:33.445Z,12266,1229474,500104749,500104749,100000000,400000000,4,4,255,0,4,4,4,15,0,0,1,4,0,0,0,0,0,0,0,1,0,0,0,0,0,8,8,500104700
2026-09-21T05:52:33.524Z,12267,1229554,500104749,500088980,100000000,400000000,4,4,255,0,4,4,4,15,0,0,1,4,0,0,0,0,0,0,0,1,0,0,0,0,0,8,8,500104700
2026-09-21T05:52:33.602Z,12268,1229631,500103623,500092359,100000000,400000000,4,4,255,0,4,4,4,15,0,0,1,4,0,0,0,0,0,0,0,1,0,0,0,0,0,8,8,500103600
2026-09-21T05:52:33.695Z,12269,1229723,500102496,500104749,100000000,400000000,4,4,255,0,4,4,4,15,0,0,1,4,0,0,0,0,0,0,0,1,0,0,0,0,0,8,8,500102400
2026-09-21T05:52:33.788Z,12270,1229824,500102496,500114886,100000000,400000000,4,4,255,0,4,4,4,15,0,0,1,4,0,0,0,0,0,0,0,1,0,0,0,0,0,8,8,500102400
2026-09-21T05:52:33.880Z,12271,1229924,500103623,500113760,100000000,400000000,4,4,255,0,4,4,4,15,0,0,1,4,0,0,0,0,0,0,0,1,0,0,0,0,0,8,8,500103600
2026-09-21T05:52:34.043Z,12272,1230069,500104749,500122770,100000000,400000000,4,4,255,0,4,4,4,15,0,0,1,4,0,0,0,0,0,0,0,1,0,0,0,0,0,8,8,500104700
2026-09-21T05:52:34.138Z,12273,1230150,500105875,500113760,100000000,400000000,4,4,255,0,4,4,4,15,0,0,1,4,0,0,0,0,0,0,0,1,0,0,0,0,0,8,8,500105800
2026-09-21T05:52:34.235Z,12274,1230247,500108128,500123897,100000000,400000000,4,4,255,0,4,4,4,15,0,0,1,4,0,0,0,0,0,0,0,1,0,0,0,0,0,8,8,500108100
2026-09-21T05:52:34.331Z,12275,1230342,500109254,500120518,100000000,400000000,4,4,255,0,4,4,4,15,0,0,1,4,0,0,0,0,0,0,0,1,0,0,0,0,0,8,8,500109200
2026-09-21T05:52:34.427Z,12276,1230438,500110381,500116012,100000000,400000000,4,4,255,0,4,4,4,15,0,0,1,4,0,0,0,0,0,0,0,1,0,0,0,0,0,8,8,500110300
2026-09-21T05:52:34.503Z,12277,1230534,500111507,500094612,100000000,400000000,4,4,255,0,4,4,4,15,0,0,1,4,0,0,0,0,0,0,0,1,0,0,0,0,0,8,8,500111500
2026-09-21T05:52:34.595Z,12278,1230625,500112633,500118265,100000000,400000000,4,4,255,0,4,4,4,15,0,0,1,4,0,0,0,0,0,0,0,1,0,0,0,0,0,8,8,500112600
2026-09-21T05:52:34.687Z,12279,1230725,500113760,500130655,100000000,400000000,4,4,255,0,4,4,4,15,0,0,1,4,0,0,0,0,0,0,0,1,0,0,0,0,0,8,8,500113700
2026-09-21T05:52:34.778Z,12280,1230825,500114886,500121644,100000000,400000000,4,4,255,0,4,4,4,15,0,0,1,4,0,0,0,0,0,0,0,1,0,0,0,0,0,8,8,500114800
2026-09-21T05:52:34.871Z,12281,1230925,500116012,500104749,100000000,400000000,4,4,255,0,4,4,4,15,0,0,1,4,0,0,0,0,0,0,0,1,0,0,0,0,0,8,8,500116000
2026-09-21T05:52:35.063Z,12282,1231075,500114886,500100244,100000000,400000000,4,4,255,0,4,4,4,15,0,0,1,4,0,0,0,0,0,0,0,1,0,0,0,0,0,8,8,500114800
2026-09-21T05:52:35.159Z,12283,1231170,500112633,500101370,100000000,400000000,4,4,255,0,4,4,4,15,0,0,1,4,0,0,0,0,0,0,0,1,0,0,0,0,0,8,8,500112600
2026-09-21T05:52:35.254Z,12284,1231268,500111507,500108128,100000000,400000000,4,4,255,0,4,4,4,15,0,0,1,4,0,0,0,0,0,0,0,1,0,0,0,0,0,8,8,500111500
2026-09-21T05:52:35.334Z,12285,1231362,500111507,500114886,100000000,400000000,4,4,255,0,4,4,4,15,0,0,1,4,0,0,0,0,0,0,0,1,0,0,0,0,0,8,8,500111500
2026-09-21T05:52:35.411Z,12286,1231441,500111507,500130655,100000000,400000000,4,4,255,0,4,4,4,15,0,0,1,4,0,0,0,0,0,0,0,1,0,0,0,0,0,8,8,500111500
2026-09-21T05:52:35.487Z,12287,1231527,500112633,500121644,100000000,400000000,4,4,255,0,4,4,4,15,0,0,1,4,0,0,0,0,0,0,0,1,0,0,0,0,0,8,8,500112600
2026-09-21T05:52:35.581Z,12288,1231627,500114886,500126149,100000000,400000000,4,4,255,0,4,4,4,15,0,0,1,4,0,0,0,0,0,0,0,1,0,0,0,0,0,8,8,500114800
2026-09-21T05:52:35.675Z,12289,1231727,500116012,500126149,100000000,400000000,4,4,255,0,4,4,4,15,0,0,1,4,0,0,0,0,0,0,0,1,0,0,0,0,0,8,8,500116000
2026-09-21T05:52:35.849Z,12290,1231878,500117139,500121644,100000000,400000000,4,4,255,0,4,4,4,15,0,0,1,4,0,0,0,0,0,0,0,1,0,0,0,0,0,8,8,500117100
2026-09-21T05:52:35.931Z,12291,1231958,500118265,500113760,100000000,400000000,4,4,255,0,4,4,4,15,0,0,1,4,0,0,0,0,0,0,0,1,0,0,0,0,0,8,8,500118200
2026-09-21T05:52:36.007Z,12292,1232039,500117139,500109254,100000000,400000000,4,4,255,0,4,4,4,15,0,0,1,4,0,0,0,0,0,0,0,1,0,0,0,0,0,8,8,500117100
2026-09-21T05:52:36.099Z,12293,1232128,500116012,500109254,100000000,400000000,4,4,255,0,4,4,4,15,0,0,1,4,0,0,0,0,0,0,0,1,0,0,0,0,0,8,8,500116000
2026-09-21T05:52:36.191Z,12294,1232228,500114886,500128402,100000000,400000000,4,4,255,0,4,4,4,15,0,0,1,4,0,0,0,0,0,0,0,1,0,0,0,0,0,8,8,500114800
2026-09-21T05:52:36.284Z,12295,1232328,500114886,500111507,100000000,400000000,4,4,255,0,4,4,4,15,0,0,1,4,0,0,0,0,0,0,0,1,0,0,0,0,0,8,8,500114800
2026-09-21T05:52:36.378Z,12296,1232428,500114886,500108128,100000000,400000000,4,4,255,0,4,4,4,15,0,0,1,4,0,0,0,0,0,0,0,1,0,0,0,0,0,8,8,500114800
2026-09-21T05:52:36.554Z,12297,1232581,500113760,500095738,100000000,400000000,4,4,255,0,4,4,4,15,0,0,1,4,0,0,0,0,0,0,0,1,0,0,0,0,0,8,8,500113700
2026-09-21T05:52:36.634Z,12298,1232662,500112633,500122770,100000000,400000000,4,4,255,0,4,4,4,15,0,0,1,4,0,0,0,0,0,0,0,1,0,0,0,0,0,8,8,500112600
2026-09-21T05:52:36.711Z,12299,1232741,500111507,500107002,100000000,400000000,4,4,255,0,4,4,4,15,0,0,1,4,0,0,0,0,0,0,0,1,0,0,0,0,0,8,8,500111500
2026-09-21T05:52:36.803Z,12300,1232829,500112633,500117139,100000000,400000000,4,4,255,0,4,4,4,15,0,0,1,4,0,0,0,0,0,0,0,1,0,0,0,0,0,8,8,500112600
2026-09-21T05:52:36.897Z,12301,1232929,500111507,500101370,100000000,400000000,4,4,255,0,4,4,4,15,0,0,1,4,0,0,0,0,0,0,0,1,0,0,0,0,0,8,8,500111500
2026-09-21T05:52:36.976Z,12302,1233029,500110381,500097991,100000000,400000000,4,4,255,0,4,4,4,15,0,0,1,4,0,0,0,0,0,0,0,1,0,0,0,0,0,8,8,500110300
2026-09-21T05:52:37.153Z,12303,1233165,500109254,500113760,100000000,400000000,4,4,255,0,4,4,4,15,0,0,1,4,0,0,0,0,0,0,0,1,0,0,0,0,0,8,8,500109200
2026-09-21T05:52:37.247Z,12304,1233261,500108128,500096865,100000000,400000000,4,4,255,0,4,4,4,15,0,0,1,4,0,0,0,0,0,0,0,1,0,0,0,0,0,8,8,500108100
2026-09-21T05:52:37.344Z,12305,1233356,500109254,500116012,100000000,400000000,4,4,255,0,4,4,4,15,0,0,1,4,0,0,0,0,0,0,0,1,0,0,0,0,0,8,8,500109200
2026-09-21T05:52:37.440Z,12306,1233451,500110381,500114886,100000000,400000000,4,4,255,0,4,4,4,15,0,0,1,4,0,0,0,0,0,0,0,1,0,0,0,0,0,8,8,500110300
2026-09-21T05:52:37.535Z,12307,1233548,500111507,500084475,100000000,400000000,4,4,255,0,4,4,4,15,0,0,1,4,0,0,0,0,0,0,0,1,0,0,0,0,0,8,8,500111500
2026-09-21T05:52:37.631Z,12308,1233644,500110381,500102496,100000000,400000000,4,4,255,0,4,4,4,15,0,0,1,4,0,0,0,0,0,0,0,1,0,0,0,0,0,8,8,500110300
2026-09-21T05:52:37.707Z,12309,1233739,500109254,500105875,100000000,400000000,4,4,255,0,4,4,4,15,0,0,1,4,0,0,0,0,0,0,0,1,0,0,0,0,0,8,8,500109200
2026-09-21T05:52:37.799Z,12310,1233830,500109254,500108128,100000000,400000000,4,4,255,0,4,4,4,15,0,0,1,4,0,0,0,0,0,0,0,1,0,0,0,0,0,8,8,500109200
2026-09-21T05:52:37.892Z,12311,1233931,500109254,500113760,100000000,400000000,4,4,255,0,4,4,4,15,0,0,1,4,0,0,0,0,0,0,0,1,0,0,0,0,0,8,8,500109200
2026-09-21T05:52:37.984Z,12312,1234031,500109254,500101370,100000000,400000000,4,4,255,0,4,4,4,15,0,0,1,4,0,0,0,0,0,0,0,1,0,0,0,0,0,8,8,500109200
2026-09-21T05:52:38.077Z,12313,1234131,500108128,500083349,100000000,400000000,4,4,255,0,4,4,4,15,0,0,1,4,0,0,0,0,0,0,0,1,0,0,0,0,0,8,8,500108100
2026-09-21T05:52:38.269Z,12314,1234282,500105875,500093486,100000000,400000000,4,4,255,0,4,4,4,15,0,0,1,4,0,0,0,0,0,0,0,1,0,0,0,0,0,8,8,500105800
2026-09-21T05:52:38.365Z,12315,1234378,500103623,500087854,100000000,400000000,4,4,255,0,4,4,4,15,0,0,1,4,0,0,0,0,0,0,0,1,0,0,0,0,0,8,8,500103600
2026-09-21T05:52:38.446Z,12316,1234472,500102496,500110381,100000000,400000000,4,4,255,0,4,4,4,15,0,0,1,4,0,0,0,0,0,0,0,1,0,0,0,0,0,8,8,500102400
2026-09-21T05:52:38.525Z,12317,1234553,500103623,500121644,100000000,400000000,4,4,255,0,4,4,4,15,0,0,1,4,0,0,0,0,0,0,0,1,0,0,0,0,0,8,8,500103600
2026-09-21T05:52:38.601Z,12318,1234632,500104749,500116012,100000000,400000000,4,4,255,0,4,4,4,15,0,0,1,4,0,0,0,0,0,0,0,1,0,0,0,0,0,8,8,500104700
2026-09-21T05:52:38.697Z,12319,1234733,500105875,500104749,100000000,400000000,4,4,255,0,4,4,4,15,0,0,1,4,0,0,0,0,0,0,0,1,0,0,0,0,0,8,8,500105800
2026-09-21T05:52:38.789Z,12320,1234833,500107002,500126149,100000000,400000000,4,4,255,0,4,4,4,15,0,0,1,4,0,0,0,0,0,0,0,1,0,0,0,0,0,8,8,500107000
2026-09-21T05:52:38.882Z,12321,1234933,500107002,500108128,100000000,400000000,4,4,255,0,4,4,4,15,0,0,1,4,0,0,0,0,0,0,0,1,0,0,0,0,0,8,8,500107000
2026-09-21T05:52:38.979Z,12322,1235033,500107002,500103623,100000000,400000000,4,4,255,0,4,4,4,15,0,0,1,4,0,0,0,0,0,0,0,1,0,0,0,0,0,8,8,500107000
2026-09-21T05:52:39.171Z,12323,1235183,500107002,500092359,100000000,400000000,4,4,255,0,4,4,4,15,0,0,1,4,0,0,0,0,0,0,0,1,0,0,0,0,0,8,8,500107000
2026-09-21T05:52:39.265Z,12324,1235279,500107002,500108128,100000000,400000000,4,4,255,0,4,4,4,15,0,0,1,4,0,0,0,0,0,0,0,1,0,0,0,0,0,8,8,500107000
2026-09-21T05:52:39.362Z,12325,1235374,500107002,500135160,100000000,400000000,4,4,255,0,4,4,4,15,0,0,1,4,0,0,0,0,0,0,0,1,0,0,0,0,0,8,8,500107000
2026-09-21T05:52:39.459Z,12326,1235469,500109254,500127276,100000000,400000000,4,4,255,0,4,4,4,15,0,0,1,4,0,0,0,0,0,0,0,1,0,0,0,0,0,8,8,500109200
2026-09-21T05:52:39.539Z,12327,1235567,500111507,500114886,100000000,400000000,4,4,255,0,4,4,4,15,0,0,1,4,0,0,0,0,0,0,0,1,0,0,0,0,0,8,8,500111500
2026-09-21T05:52:39.617Z,12328,1235648,500111507,500096865,100000000,400000000,4,4,255,0,4,4,4,15,0,0,1,4,0,0,0,0,0,0,0,1,0,0,0,0,0,8,8,500111500
2026-09-21T05:52:39.711Z,12329,1235734,500109254,500096865,100000000,400000000,4,4,255,0,4,4,4,15,0,0,1,4,0,0,0,0,0,0,0,1,0,0,0,0,0,8,8,500109200
2026-09-21T05:52:39.803Z,12330,1235834,500108128,500095738,100000000,400000000,4,4,255,0,4,4,4,15,0,0,1,4,0,0,0,0,0,0,0,1,0,0,0,0,0,8,8,500108100
2026-09-21T05:52:39.896Z,12331,1235934,500107002,500111507,100000000,400000000,4,4,255,0,4,4,4,15,0,0,1,4,0,0,0,0,0,0,0,1,0,0,0,0,0,8,8,500107000
2026-09-21T05:52:40.055Z,12332,1236084,500108128,500116012,100000000,400000000,4,4,255,0,4,4,4,15,0,0,1,4,0,0,0,0,0,0,0,1,0,0,0,0,0,8,8,500108100
2026-09-21T05:52:40.134Z,12333,1236164,500109254,500137413,100000000,400000000,4,4,255,0,4,4,4,15,0,0,1,4,0,0,0,0,0,0,0,1,0,0,0,0,0,8,8,500109200
2026-09-21T05:52:40.230Z,12334,1236243,500112633,500134034,100000000,400000000,4,4,255,0,4,4,4,15,0,0,1,4,0,0,0,0,0,0,0,1,0,0,0,0,0,8,8,500112600
2026-09-21T05:52:40.322Z,12335,1236338,500114886,500122770,100000000,400000000,4,4,255,0,4,4,4,15,0,0,1,4,0,0,0,0,0,0,0,1,0,0,0,0,0,8,8,500114800
2026-09-21T05:52:40.415Z,12336,1236435,500116012,500097991,100000000,400000000,4,4,255,0,4,4,4,15,0,0,1,4,0,0,0,0,0,0,0,1,0,0,0,0,0,8,8,500116000
2026-09-21T05:52:40.509Z,12337,1236535,500114886,500105875,100000000,400000000,4,4,255,0,4,4,4,15,0,0,1,4,0,0,0,0,0,0,0,1,0,0,0,0,0,8,8,500114800
2026-09-21T05:52:40.601Z,12338,1236635,500113760,500110381,100000000,400000000,4,4,255,0,4,4,4,15,0,0,1,4,0,0,0,0,0,0,0,1,0,0,0,0,0,8,8,500113700
2026-09-21T05:52:40.693Z,12339,1236735,500112633,500094612,100000000,400000000,4,4,255,0,4,4,4,15,0,0,1,4,0,0,0,0,0,0,0,1,0,0,0,0,0,8,8,500112600
2026-09-21T05:52:40.786Z,12340,1236835,500110381,500093486,100000000,400000000,4,4,255,0,4,4,4,15,0,0,1,4,0,0,0,0,0,0,0,1,0,0,0,0,0,8,8,500110300
2026-09-21T05:52:40.947Z,12341,1236975,500108128,500084475,100000000,400000000,4,4,255,0,4,4,4,15,0,0,1,4,0,0,0,0,0,0,0,1,0,0,0,0,0,8,8,500108100
2026-09-21T05:52:41.044Z,12342,1237056,500104749,500085601,100000000,400000000,4,4,255,0,4,4,4,15,0,0,1,4,0,0,0,0,0,0,0,1,0,0,0,0,0,8,8,500104700
2026-09-21T05:52:41.141Z,12343,1237151,500102496,500109254,100000000,400000000,4,4,255,0,4,4,4,15,0,0,1,4,0,0,0,0,0,0,0,1,0,0,0,0,0,8,8,500102400
2026-09-21T05:52:41.237Z,12344,1237249,500102496,500099117,100000000,400000000,4,4,255,0,4,4,4,15,0,0,1,4,0,0,0,0,0,0,0,1,0,0,0,0,0,8,8,500102400
2026-09-21T05:52:41.333Z,12345,1237345,500102496,500099117,100000000,400000000,4,4,255,0,4,4,4,15,0,0,1,4,0,0,0,0,0,0,0,1,0,0,0,0,0,8,8,500102400
2026-09-21T05:52:41.409Z,12346,1237441,500102496,500095738,100000000,400000000,4,4,255,0,4,4,4,15,0,0,1,4,0,0,0,0,0,0,0,1,0,0,0,0,0,8,8,500102400
2026-09-21T05:52:41.502Z,12347,1237537,500102496,500122770,100000000,400000000,4,4,255,0,4,4,4,15,0,0,1,4,0,0,0,0,0,0,0,1,0,0,0,0,0,8,8,500102400
2026-09-21T05:52:41.596Z,12348,1237637,500103623,500111507,100000000,400000000,4,4,255,0,4,4,4,15,0,0,1,4,0,0,0,0,0,0,0,1,0,0,0,0,0,8,8,500103600
2026-09-21T05:52:41.690Z,12349,1237737,500104749,500108128,100000000,400000000,4,4,255,0,4,4,4,15,0,0,1,4,0,0,0,0,0,0,0,1,0,0,0,0,0,8,8,500104700
2026-09-21T05:52:41.782Z,12350,1237837,500105875,500116012,100000000,400000000,4,4,255,0,4,4,4,15,0,0,1,4,0,0,0,0,0,0,0,1,0,0,0,0,0,8,8,500105800
2026-09-21T05:52:41.974Z,12351,1237987,500107002,500114886,100000000,400000000,4,4,255,0,4,4,4,15,0,0,1,4,0,0,0,0,0,0,0,1,0,0,0,0,0,8,8,500107000
2026-09-21T05:52:42.054Z,12352,1238082,500108128,500120518,100000000,400000000,4,4,255,0,4,4,4,15,0,0,1,4,0,0,0,0,0,0,0,1,0,0,0,0,0,8,8,500108100
2026-09-21T05:52:42.134Z,12353,1238163,500109254,500104749,100000000,400000000,4,4,255,0,4,4,4,15,0,0,1,4,0,0,0,0,0,0,0,1,0,0,0,0,0,8,8,500109200
2026-09-21T05:52:42.210Z,12354,1238242,500108128,500088980,100000000,400000000,4,4,255,0,4,4,4,15,0,0,1,4,0,0,0,0,0,0,0,1,0,0,0,0,0,8,8,500108100
2026-09-21T05:52:42.303Z,12355,1238338,500105875,500082222,100000000,400000000,4,4,255,0,4,4,4,15,0,0,1,4,0,0,0,0,0,0,0,1,0,0,0,0,0,8,8,500105800
2026-09-21T05:52:42.396Z,12356,1238438,500103623,500088980,100000000,400000000,4,4,255,0,4,4,4,15,0,0,1,4,0,0,0,0,0,0,0,1,0,0,0,0,0,8,8,500103600
2026-09-21T05:52:42.557Z,12357,1238585,500101370,500114886,100000000,400000000,4,4,255,0,4,4,4,15,0,0,1,4,0,0,0,0,0,0,0,1,0,0,0,0,0,8,8,500101300
2026-09-21T05:52:42.652Z,12358,1238665,500103623,500114886,100000000,400000000,4,4,255,0,4,4,4,15,0,0,1,4,0,0,0,0,0,0,0,1,0,0,0,0,0,8,8,500103600
2026-09-21T05:52:42.748Z,12359,1238761,500104749,500103623,100000000,400000000,4,4,255,0,4,4,4,15,0,0,1,4,0,0,0,0,0,0,0,1,0,0,0,0,0,8,8,500104700
2026-09-21T05:52:42.844Z,12360,1238857,500105875,500112633,100000000,400000000,4,4,255,0,4,4,4,15,0,0,1,4,0,0,0,0,0,0,0,1,0,0,0,0,0,8,8,500105800
2026-09-21T05:52:42.942Z,12361,1238952,500107002,500113760,100000000,400000000,4,4,255,0,4,4,4,15,0,0,1,4,0,0,0,0,0,0,0,1,0,0,0,0,0,8,8,500107000
2026-09-21T05:52:43.017Z,12362,1239049,500108128,500099117,100000000,400000000,4,4,255,0,4,4,4,15,0,0,1,4,0,0,0,0,0,0,0,1,0,0,0,0,0,8,8,500108100
2026-09-21T05:52:43.109Z,12363,1239139,500107002,500094612,100000000,400000000,4,4,255,0,4,4,4,15,0,0,1,4,0,0,0,0,0,0,0,1,0,0,0,0,0,8,8,500107000
2026-09-21T05:52:43.201Z,12364,1239239,500105875,500107002,100000000,400000000,4,4,255,0,4,4,4,15,0,0,1,4,0,0,0,0,0,0,0,1,0,0,0,0,0,8,8,500105800
2026-09-21T05:52:43.295Z,12365,1239339,500105875,500129528,100000000,400000000,4,4,255,0,4,4,4,15,0,0,1,4,0,0,0,0,0,0,0,1,0,0,0,0,0,8,8,500105800
2026-09-21T05:52:43.388Z,12366,1239440,500107002,500114886,100000000,400000000,4,4,255,0,4,4,4,15,0,0,1,4,0,0,0,0,0,0,0,1,0,0,0,0,0,8,8,500107000
2026-09-21T05:52:43.581Z,12367,1239592,500108128,500107002,100000000,400000000,4,4,255,0,4,4,4,15,0,0,1,4,0,0,0,0,0,0,0,1,0,0,0,0,0,8,8,500108100
2026-09-21T05:52:43.676Z,12368,1239689,500109254,500116012,100000000,400000000,4,4,255,0,4,4,4,15,0,0,1,4,0,0,0,0,0,0,0,1,0,0,0,0,0,8,8,500109200
2026-09-21T05:52:43.756Z,12369,1239785,500110381,500126149,100000000,400000000,4,4,255,0,4,4,4,15,0,0,1,4,0,0,0,0,0,0,0,1,0,0,0,0,0,8,8,500110300
2026-09-21T05:52:43.835Z,12370,1239865,500112633,500125023,100000000,400000000,4,4,255,0,4,4,4,15,0,0,1,4,0,0,0,0,0,0,0,1,0,0,0,0,0,8,8,500112600
2026-09-21T05:52:43.912Z,12371,1239943,500114886,500128402,100000000,400000000,4,4,255,0,4,4,4,15,0,0,1,4,0,0,0,0,0,0,0,1,0,0,0,0,0,8,8,500114800
2026-09-21T05:52:43.989Z,12372,1240041,500116012,500120518,100000000,400000000,4,4,255,0,4,4,4,15,0,0,1,4,0,0,0,0,0,0,0,1,0,0,0,0,0,8,8,500116000
2026-09-21T05:52:44.147Z,12373,1240177,500117139,500100244,100000000,400000000,4,4,255,0,4,4,4,15,0,0,1,4,0,0,0,0,0,0,0,1,0,0,0,0,0,8,8,500117100
2026-09-21T05:52:44.224Z,12374,1240256,500116012,500109254,100000000,400000000,4,4,255,0,4,4,4,15,0,0,1,4,0,0,0,0,0,0,0,1,0,0,0,0,0,8,8,500116000
2026-09-21T05:52:44.302Z,12375,1240341,500114886,500104749,100000000,400000000,4,4,255,0,4,4,4,15,0,0,1,4,0,0,0,0,0,0,0,1,0,0,0,0,0,8,8,500114800
2026-09-21T05:52:44.463Z,12376,1240490,500113760,500104749,100000000,400000000,4,4,255,0,4,4,4,15,0,0,1,4,0,0,0,0,0,0,0,1,0,0,0,0,0,8,8,500113700
2026-09-21T05:52:44.561Z,12377,1240571,500112633,500101370,100000000,400000000,4,4,255,0,4,4,4,15,0,0,1,4,0,0,0,0,0,0,0,1,0,0,0,0,0,8,8,500112600
2026-09-21T05:52:44.658Z,12378,1240669,500111507,500099117,100000000,400000000,4,4,255,0,4,4,4,15,0,0,1,4,0,0,0,0,0,0,0,1,0,0,0,0,0,8,8,500111500
2026-09-21T05:52:44.754Z,12379,1240767,500110381,500111507,100000000,400000000,4,4,255,0,4,4,4,15,0,0,1,4,0,0,0,0,0,0,0,1,0,0,0,0,0,8,8,500110300
2026-09-21T05:52:44.849Z,12380,1240863,500110381,500108128,100000000,400000000,4,4,255,0,4,4,4,15,0,0,1,4,0,0,0,0,0,0,0,1,0,0,0,0,0,8,8,500110300
2026-09-21T05:52:44.927Z,12381,1240958,500110381,500102496,100000000,400000000,4,4,255,0,4,4,4,15,0,0,1,4,0,0,0,0,0,0,0,1,0,0,0,0,0,8,8,500110300
2026-09-21T05:52:45.004Z,12382,1241042,500110381,500120518,100000000,400000000,4,4,255,0,4,4,4,15,0,0,1,4,0,0,0,0,0,0,0,1,0,0,0,0,0,8,8,500110300
2026-09-21T05:52:45.097Z,12383,1241143,500111507,500125023,100000000,400000000,4,4,255,0,4,4,4,15,0,0,1,4,0,0,0,0,0,0,0,1,0,0,0,0,0,8,8,500111500
2026-09-21T05:52:45.189Z,12384,1241243,500112633,500108128,100000000,400000000,4,4,255,0,4,4,4,15,0,0,1,4,0,0,0,0,0,0,0,1,0,0,0,0,0,8,8,500112600
2026-09-21T05:52:45.381Z,12385,1241393,500113760,500117139,100000000,400000000,4,4,255,0,4,4,4,15,0,0,1,4,0,0,0,0,0,0,0,1,0,0,0,0,0,8,8,500113700
2026-09-21T05:52:45.462Z,12386,1241489,500113760,500118265,100000000,400000000,4,4,255,0,4,4,4,15,0,0,1,4,0,0,0,0,0,0,0,1,0,0,0,0,0,8,8,500113700
2026-09-21T05:52:45.543Z,12387,1241570,500113760,500100244,100000000,400000000,4,4,255,0,4,4,4,15,0,0,1,4,0,0,0,0,0,0,0,1,0,0,0,0,0,8,8,500113700
2026-09-21T05:52:45.638Z,12388,1241650,500112633,500108128,100000000,400000000,4,4,255,0,4,4,4,15,0,0,1,4,0,0,0,0,0,0,0,1,0,0,0,0,0,8,8,500112600
2026-09-21T05:52:45.730Z,12389,1241747,500111507,500108128,100000000,400000000,4,4,255,0,4,4,4,15,0,0,1,4,0,0,0,0,0,0,0,1,0,0,0,0,0,8,8,500111500
2026-09-21T05:52:45.823Z,12390,1241844,500111507,500113760,100000000,400000000,4,4,255,0,4,4,4,15,0,0,1,4,0,0,0,0,0,0,0,1,0,0,0,0,0,8,8,500111500
2026-09-21T05:52:45.917Z,12391,1241944,500111507,500118265,100000000,400000000,4,4,255,0,4,4,4,15,0,0,1,4,0,0,0,0,0,0,0,1,0,0,0,0,0,8,8,500111500
2026-09-21T05:52:46.010Z,12392,1242044,500111507,500099117,100000000,400000000,4,4,255,0,4,4,4,15,0,0,1,4,0,0,0,0,0,0,0,1,0,0,0,0,0,8,8,500111500
2026-09-21T05:52:46.103Z,12393,1242144,500110381,500107002,100000000,400000000,4,4,255,0,4,4,4,15,0,0,1,4,0,0,0,0,0,0,0,1,0,0,0,0,0,8,8,500110300
2026-09-21T05:52:46.196Z,12394,1242244,500110381,500108128,100000000,400000000,4,4,255,0,4,4,4,15,0,0,1,4,0,0,0,0,0,0,0,1,0,0,0,0,0,8,8,500110300
2026-09-21T05:52:46.289Z,12395,1242344,500110381,500108128,100000000,400000000,4,4,255,0,4,4,4,15,0,0,1,4,0,0,0,0,0,0,0,1,0,0,0,0,0,8,8,500110300
2026-09-21T05:52:46.480Z,12396,1242493,500110381,500114886,100000000,400000000,4,4,255,0,4,4,4,15,0,0,1,4,0,0,0,0,0,0,0,1,0,0,0,0,0,8,8,500110300
2026-09-21T05:52:46.575Z,12397,1242588,500110381,500104749,100000000,400000000,4,4,255,0,4,4,4,15,0,0,1,4,0,0,0,0,0,0,0,1,0,0,0,0,0,8,8,500110300
2026-09-21T05:52:46.670Z,12398,1242684,500111507,500116012,100000000,400000000,4,4,255,0,4,4,4,15,0,0,1,4,0,0,0,0,0,0,0,1,0,0,0,0,0,8,8,500111500
2026-09-21T05:52:46.765Z,12399,1242779,500112633,500118265,100000000,400000000,4,4,255,0,4,4,4,15,0,0,1,4,0,0,0,0,0,0,0,1,0,0,0,0,0,8,8,500112600
2026-09-21T05:52:46.862Z,12400,1242874,500113760,500125023,100000000,400000000,4,4,255,0,4,4,4,15,0,0,1,4,0,0,0,0,0,0,0,1,0,0,0,0,0,8,8,500113700
2026-09-21T05:52:46.961Z,12401,1242970,500114886,500126149,100000000,400000000,4,4,255,0,4,4,4,15,0,0,1,4,0,0,0,0,0,0,0,1,0,0,0,0,0,8,8,500114800
2026-09-21T05:52:47.042Z,12402,1243069,500116012,500131781,100000000,400000000,4,4,255,0,4,4,4,15,0,0,1,4,0,0,0,0,0,0,0,1,0,0,0,0,0,8,8,500116000
2026-09-21T05:52:47.138Z,12403,1243150,500118265,500135160,100000000,400000000,4,4,255,0,4,4,4,15,0,0,1,4,0,0,0,0,0,0,0,1,0,0,0,0,0,8,8,500118200
2026-09-21T05:52:47.230Z,12404,1243247,500120518,500127276,100000000,400000000,4,4,255,0,4,4,4,15,0,0,1,4,0,0,0,0,0,0,0,1,0,0,0,0,0,8,8,500120500
2026-09-21T05:52:47.325Z,12405,1243346,500122770,500137413,100000000,400000000,4,4,255,0,4,4,4,15,0,0,1,4,0,0,0,0,0,0,0,1,0,0,0,0,0,8,8,500122700
2026-09-21T05:52:47.417Z,12406,1243446,500123897,500120518,100000000,400000000,4,4,255,0,4,4,4,15,0,0,1,4,0,0,0,0,0,0,0,1,0,0,0,0,0,8,8,500123800
2026-09-21T05:52:47.511Z,12407,1243546,500123897,500109254,100000000,400000000,4,4,255,0,4,4,4,15,0,0,1,4,0,0,0,0,0,0,0,1,0,0,0,0,0,8,8,500123800
2026-09-21T05:52:47.604Z,12408,1243647,500123897,500122770,100000000,400000000,4,4,255,0,4,4,4,15,0,0,1,4,0,0,0,0,0,0,0,1,0,0,0,0,0,8,8,500123800
2026-09-21T05:52:47.696Z,12409,1243747,500123897,500120518,100000000,400000000,4,4,255,0,4,4,4,15,0,0,1,4,0,0,0,0,0,0,0,1,0,0,0,0,0,8,8,500123800
2026-09-21T05:52:47.791Z,12410,1243847,500123897,500103623,100000000,400000000,4,4,255,0,4,4,4,15,0,0,1,4,0,0,0,0,0,0,0,1,0,0,0,0,0,8,8,500123800
2026-09-21T05:52:47.983Z,12411,1243996,500123897,500121644,100000000,400000000,4,4,255,0,4,4,4,15,0,0,1,4,0,0,0,0,0,0,0,1,0,0,0,0,0,8,8,500123800
2026-09-21T05:52:48.078Z,12412,1244091,500123897,500140792,100000000,400000000,4,4,255,0,4,4,4,15,0,0,1,4,0,0,0,0,0,0,0,1,0,0,0,0,0,8,8,500123800
2026-09-21T05:52:48.174Z,12413,1244188,500126149,500137413,100000000,400000000,4,4,255,0,4,4,4,15,0,0,1,4,0,0,0,0,0,0,0,1,0,0,0,0,0,8,8,500126100
2026-09-21T05:52:48.270Z,12414,1244283,500127276,500125023,100000000,400000000,4,4,255,0,4,4,4,15,0,0,1,4,0,0,0,0,0,0,0,1,0,0,0,0,0,8,8,500127200
2026-09-21T05:52:48.365Z,12415,1244379,500127276,500128402,100000000,400000000,4,4,255,0,4,4,4,15,0,0,1,4,0,0,0,0,0,0,0,1,0,0,0,0,0,8,8,500127200
2026-09-21T05:52:48.445Z,12416,1244474,500127276,500103623,100000000,400000000,4,4,255,0,4,4,4,15,0,0,1,4,0,0,0,0,0,0,0,1,0,0,0,0,0,8,8,500127200
2026-09-21T05:52:48.522Z,12417,1244554,500126149,500116012,100000000,400000000,4,4,255,0,4,4,4,15,0,0,1,4,0,0,0,0,0,0,0,1,0,0,0,0,0,8,8,500126100
2026-09-21T05:52:48.599Z,12418,1244648,500125023,500118265,100000000,400000000,4,4,255,0,4,4,4,15,0,0,1,4,0,0,0,0,0,0,0,1,0,0,0,0,0,8,8,500125000
2026-09-21T05:52:48.761Z,12419,1244789,500123897,500144171,100000000,400000000,4,4,255,0,4,4,4,15,0,0,1,4,0,0,0,0,0,0,0,1,0,0,0,0,0,8,8,500123800
2026-09-21T05:52:48.858Z,12420,1244869,500125023,500129528,100000000,400000000,4,4,255,0,4,4,4,15,0,0,1,4,0,0,0,0,0,0,0,1,0,0,0,0,0,8,8,500125000
2026-09-21T05:52:48.954Z,12421,1244967,500126149,500120518,100000000,400000000,4,4,255,0,4,4,4,15,0,0,1,4,0,0,0,0,0,0,0,1,0,0,0,0,0,8,8,500126100
2026-09-21T05:52:49.049Z,12422,1245063,500125023,500105875,100000000,400000000,4,4,255,0,4,4,4,15,0,0,1,4,0,0,0,0,0,0,0,1,0,0,0,0,0,8,8,500125000
2026-09-21T05:52:49.144Z,12423,1245158,500123897,500122770,100000000,400000000,4,4,255,0,4,4,4,15,0,0,1,4,0,0,0,0,0,0,0,1,0,0,0,0,0,8,8,500123800
2026-09-21T05:52:49.236Z,12424,1245253,500123897,500127276,100000000,400000000,4,4,255,0,4,4,4,15,0,0,1,4,0,0,0,0,0,0,0,1,0,0,0,0,0,8,8,500123800
2026-09-21T05:52:49.328Z,12425,1245349,500123897,500123897,100000000,400000000,4,4,255,0,4,4,4,15,0,0,1,4,0,0,0,0,0,0,0,1,0,0,0,0,0,8,8,500123800
2026-09-21T05:52:49.422Z,12426,1245450,500123897,500126149,100000000,400000000,4,4,255,0,4,4,4,15,0,0,1,4,0,0,0,0,0,0,0,1,0,0,0,0,0,8,8,500123800
2026-09-21T05:52:49.515Z,12427,1245550,500123897,500130655,100000000,400000000,4,4,255,0,4,4,4,15,0,0,1,4,0,0,0,0,0,0,0,1,0,0,0,0,0,8,8,500123800
2026-09-21T05:52:49.607Z,12428,1245650,500123897,500120518,100000000,400000000,4,4,255,0,4,4,4,15,0,0,1,4,0,0,0,0,0,0,0,1,0,0,0,0,0,8,8,500123800
2026-09-21T05:52:49.699Z,12429,1245750,500123897,500122770,100000000,400000000,4,4,255,0,4,4,4,15,0,0,1,4,0,0,0,0,0,0,0,1,0,0,0,0,0,8,8,500123800
2026-09-21T05:52:49.890Z,12430,1245904,500123897,500129528,100000000,400000000,4,4,255,0,4,4,4,15,0,0,1,4,0,0,0,0,0,0,0,1,0,0,0,0,0,8,8,500123800
2026-09-21T05:52:49.986Z,12431,1245999,500123897,500110381,100000000,400000000,4,4,255,0,4,4,4,15,0,0,1,4,0,0,0,0,0,0,0,1,0,0,0,0,0,8,8,500123800
2026-09-21T05:52:50.081Z,12432,1246095,500121644,500102496,100000000,400000000,4,4,255,0,4,4,4,15,0,0,1,4,0,0,0,0,0,0,0,1,0,0,0,0,0,8,8,500121600
2026-09-21T05:52:50.178Z,12433,1246190,500119391,500099117,100000000,400000000,4,4,255,0,4,4,4,15,0,0,1,4,0,0,0,0,0,0,0,1,0,0,0,0,0,8,8,500119300
2026-09-21T05:52:50.258Z,12434,1246287,500117139,500099117,100000000,400000000,4,4,255,0,4,4,4,15,0,0,1,4,0,0,0,0,0,0,0,1,0,0,0,0,0,8,8,500117100
2026-09-21T05:52:50.335Z,12435,1246367,500114886,500112633,100000000,400000000,4,4,255,0,4,4,4,15,0,0,1,4,0,0,0,0,0,0,0,1,0,0,0,0,0,8,8,500114800
2026-09-21T05:52:50.427Z,12436,1246451,500114886,500114886,100000000,400000000,4,4,255,0,4,4,4,15,0,0,1,4,0,0,0,0,0,0,0,1,0,0,0,0,0,8,8,500114800
2026-09-21T05:52:50.503Z,12437,1246551,500114886,500116012,100000000,400000000,4,4,255,0,4,4,4,15,0,0,1,4,0,0,0,0,0,0,0,1,0,0,0,0,0,8,8,500114800
2026-09-21T05:52:50.599Z,12438,1246652,500114886,500108128,100000000,400000000,4,4,255,0,4,4,4,15,0,0,1,4,0,0,0,0,0,0,0,1,0,0,0,0,0,8,8,500114800
2026-09-21T05:52:50.761Z,12439,1246788,500114886,500125023,100000000,400000000,4,4,255,0,4,4,4,15,0,0,1,4,0,0,0,0,0,0,0,1,0,0,0,0,0,8,8,500114800
2026-09-21T05:52:50.857Z,12440,1246869,500116012,500135160,100000000,400000000,4,4,255,0,4,4,4,15,0,0,1,4,0,0,0,0,0,0,0,1,0,0,0,0,0,8,8,500116000
2026-09-21T05:52:50.954Z,12441,1246967,500118265,500137413,100000000,400000000,4,4,255,0,4,4,4,15,0,0,1,4,0,0,0,0,0,0,0,1,0,0,0,0,0,8,8,500118200
2026-09-21T05:52:51.050Z,12442,1247063,500120518,500119391,100000000,400000000,4,4,255,0,4,4,4,15,0,0,1,4,0,0,0,0,0,0,0,1,0,0,0,0,0,8,8,500120500
2026-09-21T05:52:51.145Z,12443,1247159,500121644,500129528,100000000,400000000,4,4,255,0,4,4,4,15,0,0,1,4,0,0,0,0,0,0,0,1,0,0,0,0,0,8,8,500121600
2026-09-21T05:52:51.221Z,12444,1247254,500121644,500119391,100000000,400000000,4,4,255,0,4,4,4,15,0,0,1,4,0,0,0,0,0,0,0,1,0,0,0,0,0,8,8,500121600
2026-09-21T05:52:51.315Z,12445,1247353,500121644,500113760,100000000,400000000,4,4,255,0,4,4,4,15,0,0,1,4,0,0,0,0,0,0,0,1,0,0,0,0,0,8,8,500121600
2026-09-21T05:52:51.408Z,12446,1247453,500121644,500126149,100000000,400000000,4,4,255,0,4,4,4,15,0,0,1,4,0,0,0,0,0,0,0,1,0,0,0,0,0,8,8,500121600
2026-09-21T05:52:51.501Z,12447,1247553,500122770,500130655,100000000,400000000,4,4,255,0,4,4,4,15,0,0,1,4,0,0,0,0,0,0,0,1,0,0,0,0,0,8,8,500122700
2026-09-21T05:52:51.692Z,12448,1247705,500122770,500116012,100000000,400000000,4,4,255,0,4,4,4,15,0,0,1,4,0,0,0,0,0,0,0,1,0,0,0,0,0,8,8,500122700
2026-09-21T05:52:51.770Z,12449,1247801,500123897,500144171,100000000,400000000,4,4,255,0,4,4,4,15,0,0,1,4,0,0,0,0,0,0,0,1,0,0,0,0,0,8,8,500123800
2026-09-21T05:52:51.849Z,12450,1247880,500123897,500127276,100000000,400000000,4,4,255,0,4,4,4,15,0,0,1,4,0,0,0,0,0,0,0,1,0,0,0,0,0,8,8,500123800
2026-09-21T05:52:51.927Z,12451,1247959,500123897,500103623,100000000,400000000,4,4,255,0,4,4,4,15,0,0,1,4,0,0,0,0,0,0,0,1,0,0,0,0,0,8,8,500123800
2026-09-21T05:52:52.004Z,12452,1248054,500122770,500117139,100000000,400000000,4,4,255,0,4,4,4,15,0,0,1,4,0,0,0,0,0,0,0,1,0,0,0,0,0,8,8,500122700
2026-09-21T05:52:52.099Z,12453,1248154,500121644,500121644,100000000,400000000,4,4,255,0,4,4,4,15,0,0,1,4,0,0,0,0,0,0,0,1,0,0,0,0,0,8,8,500121600
2026-09-21T05:52:52.261Z,12454,1248289,500121644,500127276,100000000,400000000,4,4,255,0,4,4,4,15,0,0,1,4,0,0,0,0,0,0,0,1,0,0,0,0,0,8,8,500121600
2026-09-21T05:52:52.355Z,12455,1248369,500122770,500136286,100000000,400000000,4,4,255,0,4,4,4,15,0,0,1,4,0,0,0,0,0,0,0,1,0,0,0,0,0,8,8,500122700
2026-09-21T05:52:52.451Z,12456,1248465,500123897,500131781,100000000,400000000,4,4,255,0,4,4,4,15,0,0,1,4,0,0,0,0,0,0,0,1,0,0,0,0,0,8,8,500123800
2026-09-21T05:52:52.546Z,12457,1248560,500125023,500125023,100000000,400000000,4,4,255,0,4,4,4,15,0,0,1,4,0,0,0,0,0,0,0,1,0,0,0,0,0,8,8,500125000
2026-09-21T05:52:52.639Z,12458,1248656,500125023,500122770,100000000,400000000,4,4,255,0,4,4,4,15,0,0,1,4,0,0,0,0,0,0,0,1,0,0,0,0,0,8,8,500125000
2026-09-21T05:52:52.731Z,12459,1248755,500125023,500116012,100000000,400000000,4,4,255,0,4,4,4,15,0,0,1,4,0,0,0,0,0,0,0,1,0,0,0,0,0,8,8,500125000
2026-09-21T05:52:52.823Z,12460,1248855,500125023,500154308,100000000,400000000,4,4,255,0,4,4,4,15,0,0,1,4,0,0,0,0,0,0,0,1,0,0,0,0,0,8,8,500125000
2026-09-21T05:52:52.916Z,12461,1248955,500127276,500141918,100000000,400000000,4,4,255,0,4,4,4,15,0,0,1,4,0,0,0,0,0,0,0,1,0,0,0,0,0,8,8,500127200
2026-09-21T05:52:53.010Z,12462,1249056,500129528,500131781,100000000,400000000,4,4,255,0,4,4,4,15,0,0,1,4,0,0,0,0,0,0,0,1,0,0,0,0,0,8,8,500129500
2026-09-21T05:52:53.101Z,12463,1249156,500129528,500111507,100000000,400000000,4,4,255,0,4,4,4,15,0,0,1,4,0,0,0,0,0,0,0,1,0,0,0,0,0,8,8,500129500
2026-09-21T05:52:53.294Z,12464,1249307,500127276,500110381,100000000,400000000,4,4,255,0,4,4,4,15,0,0,1,4,0,0,0,0,0,0,0,1,0,0,0,0,0,8,8,500127200
2026-09-21T05:52:53.389Z,12465,1249403,500125023,500132907,100000000,400000000,4,4,255,0,4,4,4,15,0,0,1,4,0,0,0,0,0,0,0,1,0,0,0,0,0,8,8,500125000
2026-09-21T05:52:53.484Z,12466,1249498,500126149,500130655,100000000,400000000,4,4,255,0,4,4,4,15,0,0,1,4,0,0,0,0,0,0,0,1,0,0,0,0,0,8,8,500126100
2026-09-21T05:52:53.581Z,12467,1249593,500127276,500138539,100000000,400000000,4,4,255,0,4,4,4,15,0,0,1,4,0,0,0,0,0,0,0,1,0,0,0,0,0,8,8,500127200
2026-09-21T05:52:53.678Z,12468,1249689,500127276,500127276,100000000,400000000,4,4,255,0,4,4,4,15,0,0,1,4,0,0,0,0,0,0,0,1,0,0,0,0,0,8,8,500127200
2026-09-21T05:52:53.760Z,12469,1249787,500127276,500122770,100000000,400000000,4,4,255,0,4,4,4,15,0,0,1,4,0,0,0,0,0,0,0,1,0,0,0,0,0,8,8,500127200
2026-09-21T05:52:53.837Z,12470,1249869,500127276,500134034,100000000,400000000,4,4,255,0,4,4,4,15,0,0,1,4,0,0,0,0,0,0,0,1,0,0,0,0,0,8,8,500127200
2026-09-21T05:52:53.931Z,12471,1249957,500128402,500135160,100000000,400000000,4,4,255,0,4,4,4,15,0,0,1,4,0,0,0,0,0,0,0,1,0,0,0,0,0,8,8,500128400
2026-09-21T05:52:54.023Z,12472,1250057,500129528,500101370,100000000,400000000,4,4,255,0,4,4,4,15,0,0,1,4,0,0,0,0,0,0,0,1,0,0,0,0,0,8,8,500129500
2026-09-21T05:52:54.116Z,12473,1250157,500128402,500118265,100000000,400000000,4,4,255,0,4,4,4,15,0,0,1,4,0,0,0,0,0,0,0,1,0,0,0,0,0,8,8,500128400
2026-09-21T05:52:54.209Z,12474,1250258,500127276,500129528,100000000,400000000,4,4,255,0,4,4,4,15,0,0,1,4,0,0,0,0,0,0,0,1,0,0,0,0,0,8,8,500127200
2026-09-21T05:52:54.369Z,12475,1250398,500126149,500109254,100000000,400000000,4,4,255,0,4,4,4,15,0,0,1,4,0,0,0,0,0,0,0,1,0,0,0,0,0,8,8,500126100
2026-09-21T05:52:54.465Z,12476,1250478,500123897,500104749,100000000,400000000,4,4,255,0,4,4,4,15,0,0,1,4,0,0,0,0,0,0,0,1,0,0,0,0,0,8,8,500123800
2026-09-21T05:52:54.561Z,12477,1250574,500121644,500131781,100000000,400000000,4,4,255,0,4,4,4,15,0,0,1,4,0,0,0,0,0,0,0,1,0,0,0,0,0,8,8,500121600
2026-09-21T05:52:54.657Z,12478,1250670,500122770,500132907,100000000,400000000,4,4,255,0,4,4,4,15,0,0,1,4,0,0,0,0,0,0,0,1,0,0,0,0,0,8,8,500122700
2026-09-21T05:52:54.752Z,12479,1250767,500123897,500110381,100000000,400000000,4,4,255,0,4,4,4,15,0,0,1,4,0,0,0,0,0,0,0,1,0,0,0,0,0,8,8,500123800
2026-09-21T05:52:54.844Z,12480,1250862,500121644,500102496,100000000,400000000,4,4,255,0,4,4,4,15,0,0,1,4,0,0,0,0,0,0,0,1,0,0,0,0,0,8,8,500121600
2026-09-21T05:52:54.938Z,12481,1250959,500120518,500113760,100000000,400000000,4,4,255,0,4,4,4,15,0,0,1,4,0,0,0,0,0,0,0,1,0,0,0,0,0,8,8,500120500
2026-09-21T05:52:55.031Z,12482,1251059,500118265,500101370,100000000,400000000,4,4,255,0,4,4,4,15,0,0,1,4,0,0,0,0,0,0,0,1,0,0,0,0,0,8,8,500118200
2026-09-21T05:52:55.123Z,12483,1251159,500117139,500114886,100000000,400000000,4,4,255,0,4,4,4,15,0,0,1,4,0,0,0,0,0,0,0,1,0,0,0,0,0,8,8,500117100
2026-09-21T05:52:55.216Z,12484,1251259,500117139,500137413,100000000,400000000,4,4,255,0,4,4,4,15,0,0,1,4,0,0,0,0,0,0,0,1,0,0,0,0,0,8,8,500117100
2026-09-21T05:52:55.307Z,12485,1251359,500118265,500122770,100000000,400000000,4,4,255,0,4,4,4,15,0,0,1,4,0,0,0,0,0,0,0,1,0,0,0,0,0,8,8,500118200
2026-09-21T05:52:55.404Z,12486,1251460,500119391,500123897,100000000,400000000,4,4,255,0,4,4,4,15,0,0,1,4,0,0,0,0,0,0,0,1,0,0,0,0,0,8,8,500119300
2026-09-21T05:52:55.596Z,12487,1251610,500119391,500122770,100000000,400000000,4,4,255,0,4,4,4,15,0,0,1,4,0,0,0,0,0,0,0,1,0,0,0,0,0,8,8,500119300
2026-09-21T05:52:55.692Z,12488,1251707,500120518,500126149,100000000,400000000,4,4,255,0,4,4,4,15,0,0,1,4,0,0,0,0,0,0,0,1,0,0,0,0,0,8,8,500120500
2026-09-21T05:52:55.771Z,12489,1251802,500120518,500113760,100000000,400000000,4,4,255,0,4,4,4,15,0,0,1,4,0,0,0,0,0,0,0,1,0,0,0,0,0,8,8,500120500
2026-09-21T05:52:55.847Z,12490,1251880,500119391,500102496,100000000,400000000,4,4,255,0,4,4,4,15,0,0,1,4,0,0,0,0,0,0,0,1,0,0,0,0,0,8,8,500119300
2026-09-21T05:52:55.942Z,12491,1251961,500118265,500112633,100000000,400000000,4,4,255,0,4,4,4,15,0,0,1,4,0,0,0,0,0,0,0,1,0,0,0,0,0,8,8,500118200
2026-09-21T05:52:56.017Z,12492,1252061,500117139,500111507,100000000,400000000,4,4,255,0,4,4,4,15,0,0,1,4,0,0,0,0,0,0,0,1,0,0,0,0,0,8,8,500117100
2026-09-21T05:52:56.111Z,12493,1252161,500116012,500123897,100000000,400000000,4,4,255,0,4,4,4,15,0,0,1,4,0,0,0,0,0,0,0,1,0,0,0,0,0,8,8,500116000
2026-09-21T05:52:56.206Z,12494,1252261,500117139,500132907,100000000,400000000,4,4,255,0,4,4,4,15,0,0,1,4,0,0,0,0,0,0,0,1,0,0,0,0,0,8,8,500117100
2026-09-21T05:52:56.383Z,12495,1252412,500118265,500125023,100000000,400000000,4,4,255,0,4,4,4,15,0,0,1,4,0,0,0,0,0,0,0,1,0,0,0,0,0,8,8,500118200
2026-09-21T05:52:56.463Z,12496,1252492,500119391,500117139,100000000,400000000,4,4,255,0,4,4,4,15,0,0,1,4,0,0,0,0,0,0,0,1,0,0,0,0,0,8,8,500119300
2026-09-21T05:52:56.560Z,12497,1252572,500119391,500119391,100000000,400000000,4,4,255,0,4,4,4,15,0,0,1,4,0,0,0,0,0,0,0,1,0,0,0,0,0,8,8,500119300
2026-09-21T05:52:56.657Z,12498,1252669,500119391,500120518,100000000,400000000,4,4,255,0,4,4,4,15,0,0,1,4,0,0,0,0,0,0,0,1,0,0,0,0,0,8,8,500119300
2026-09-21T05:52:56.752Z,12499,1252767,500119391,500128402,100000000,400000000,4,4,255,0,4,4,4,15,0,0,1,4,0,0,0,0,0,0,0,1,0,0,0,0,0,8,8,500119300
2026-09-21T05:52:56.844Z,12500,1252862,500119391,500114886,100000000,400000000,4,4,255,0,4,4,4,15,0,0,1,4,0,0,0,0,0,0,0,1,0,0,0,0,0,8,8,500119300
2026-09-21T05:52:56.938Z,12501,1252962,500118265,500100244,100000000,400000000,4,4,255,0,4,4,4,15,0,0,1,4,0,0,0,0,0,0,0,1,0,0,0,0,0,8,8,500118200
2026-09-21T05:52:57.031Z,12502,1253062,500118265,500128402,100000000,400000000,4,4,255,0,4,4,4,15,0,0,1,4,0,0,0,0,0,0,0,1,0,0,0,0,0,8,8,500118200
2026-09-21T05:52:57.123Z,12503,1253163,500116012,500101370,100000000,400000000,4,4,255,0,4,4,4,15,0,0,1,4,0,0,0,0,0,0,0,1,0,0,0,0,0,8,8,500116000
2026-09-21T05:52:57.216Z,12504,1253263,500117139,500122770,100000000,400000000,4,4,255,0,4,4,4,15,0,0,1,4,0,0,0,0,0,0,0,1,0,0,0,0,0,8,8,500117100
2026-09-21T05:52:57.308Z,12505,1253363,500116012,500109254,100000000,400000000,4,4,255,0,4,4,4,15,0,0,1,4,0,0,0,0,0,0,0,1,0,0,0,0,0,8,8,500116000
2026-09-21T05:52:57.501Z,12506,1253514,500116012,500113760,100000000,400000000,4,4,255,0,4,4,4,15,0,0,1,4,0,0,0,0,0,0,0,1,0,0,0,0,0,8,8,500116000
2026-09-21T05:52:57.597Z,12507,1253609,500114886,500110381,100000000,400000000,4,4,255,0,4,4,4,15,0,0,1,4,0,0,0,0,0,0,0,1,0,0,0,0,0,8,8,500114800
2026-09-21T05:52:57.692Z,12508,1253707,500114886,500140792,100000000,400000000,4,4,255,0,4,4,4,15,0,0,1,4,0,0,0,0,0,0,0,1,0,0,0,0,0,8,8,500114800
2026-09-21T05:52:57.770Z,12509,1253802,500116012,500127276,100000000,400000000,4,4,255,0,4,4,4,15,0,0,1,4,0,0,0,0,0,0,0,1,0,0,0,0,0,8,8,500116000
2026-09-21T05:52:57.846Z,12510,1253880,500118265,500134034,100000000,400000000,4,4,255,0,4,4,4,15,0,0,1,4,0,0,0,0,0,0,0,1,0,0,0,0,0,8,8,500118200
2026-09-21T05:52:57.940Z,12511,1253964,500119391,500130655,100000000,400000000,4,4,255,0,4,4,4,15,0,0,1,4,0,0,0,0,0,0,0,1,0,0,0,0,0,8,8,500119300
2026-09-21T05:52:58.034Z,12512,1254064,500120518,500121644,100000000,400000000,4,4,255,0,4,4,4,15,0,0,1,4,0,0,0,0,0,0,0,1,0,0,0,0,0,8,8,500120500
2026-09-21T05:52:58.126Z,12513,1254164,500120518,500112633,100000000,400000000,4,4,255,0,4,4,4,15,0,0,1,4,0,0,0,0,0,0,0,1,0,0,0,0,0,8,8,500120500
2026-09-21T05:52:58.219Z,12514,1254264,500120518,500123897,100000000,400000000,4,4,255,0,4,4,4,15,0,0,1,4,0,0,0,0,0,0,0,1,0,0,0,0,0,8,8,500120500
2026-09-21T05:52:58.314Z,12515,1254365,500119391,500109254,100000000,400000000,4,4,255,0,4,4,4,15,0,0,1,4,0,0,0,0,0,0,0,1,0,0,0,0,0,8,8,500119300
2026-09-21T05:52:58.409Z,12516,1254465,500119391,500122770,100000000,400000000,4,4,255,0,4,4,4,15,0,0,1,4,0,0,0,0,0,0,0,1,0,0,0,0,0,8,8,500119300
2026-09-21T05:52:58.602Z,12517,1254614,500119391,500141918,100000000,400000000,4,4,255,0,4,4,4,15,0,0,1,4,0,0,0,0,0,0,0,1,0,0,0,0,0,8,8,500119300
2026-09-21T05:52:58.684Z,12518,1254710,500121644,500132907,100000000,400000000,4,4,255,0,4,4,4,15,0,0,1,4,0,0,0,0,0,0,0,1,0,0,0,0,0,8,8,500121600
