utc,host_monotonic_ns,mcu_uptime_ms,sample_sequence,raw_adc,filtered_raw,raw_calibrated_mass_ug,uncompensated_gross_ug,filtered_mass_ug,pre_display_mass_ug,conditioned_display_mass_ug,display_count,display_decimals,gross_ug,net_ug,tare_ug,stable,zero,overload,zero_offset_raw,runtime_drift_offset_ug,filter_mode,filter_strength,sample_rate,gain,cs1237_state,buffered_samples,overrun_count,stability_spread_ug,battery_voltage_mv,fault_mask,display_condition_state,display_locked,event_label
2026-09-16T05:46:10.285Z,381855015000000,53979019,538761,-44005,-44003,,15771,15771,15771,15771,2,2,15771,15771,0,1,1,0,,0,3,3,0,3,4,0,0,2253,,0,2,1,
2026-09-16T05:46:10.389Z,381855125000000,53979217,538763,-44006,-44003,,15771,15771,15771,15771,2,2,15771,15771,0,1,1,0,,0,3,3,0,3,4,0,0,2253,,0,2,1,
2026-09-16T05:46:10.496Z,381855218000000,53979367,538764,-44006,-44003,,15771,15771,15771,15771,2,2,15771,15771,0,1,1,0,,0,3,3,0,3,4,0,0,2253,,0,2,1,
2026-09-16T05:46:10.602Z,381855328000000,53979474,538765,-44006,-44003,,15771,15771,15771,15771,2,2,15771,15771,0,1,1,0,,0,3,3,0,3,4,0,0,2253,,0,2,1,
2026-09-16T05:46:10.706Z,381855437000000,53979580,538766,-43992,-44003,,15771,15771,15771,15771,2,2,15771,15771,0,1,1,0,,0,3,3,0,3,4,0,0,2253,,0,2,1,
2026-09-16T05:46:10.810Z,381855531000000,53979703,538768,-43990,-44000,,15771,12391,12391,15771,2,2,12391,12391,0,1,1,0,,0,3,3,0,3,4,0,0,3380,,0,2,1,
2026-09-16T05:46:10.913Z,381855640000000,53979803,538769,-44010,-43999,,15771,11265,11265,15771,2,2,11265,11265,0,1,1,0,,0,3,3,0,3,4,0,0,4506,,0,2,1,
2026-09-16T05:46:11.016Z,381855750000000,53979903,538770,-44028,-44000,,15771,12391,12391,15771,2,2,12391,12391,0,1,1,0,,0,3,3,0,3,4,0,0,4506,,0,2,1,
2026-09-16T05:46:11.120Z,381855843000000,53980003,538771,-44013,-44002,,15771,14644,14644,15771,2,2,14644,14644,0,1,1,0,,0,3,3,0,3,4,0,0,4506,,0,2,1,
2026-09-16T05:46:11.310Z,381856031000000,53980104,538772,-44011,-44003,,16897,15771,15771,15771,2,2,15771,15771,0,1,1,0,,0,3,3,0,3,4,0,0,4506,,0,2,1,
2026-09-16T05:46:11.413Z,381856140000000,53980304,538774,-43996,-44003,,16897,15771,15771,15771,2,2,15771,15771,0,1,1,0,,0,3,3,0,3,4,0,0,5632,,0,2,1,
2026-09-16T05:46:11.517Z,381856250000000,53980404,538775,-43997,-44002,,16897,14644,14644,15771,2,2,14644,14644,0,1,1,0,,0,3,3,0,3,4,0,0,5632,,0,2,1,
2026-09-16T05:46:11.620Z,381856343000000,53980504,538776,-44013,-44001,,16897,13518,13518,15771,2,2,13518,13518,0,1,1,0,,0,3,3,0,3,4,0,0,5632,,0,2,1,
2026-09-16T05:46:11.723Z,381856453000000,53980605,538777,-44012,-44002,,16897,14644,14644,15771,2,2,14644,14644,0,1,1,0,,0,3,3,0,3,4,0,0,4506,,0,2,1,
2026-09-16T05:46:11.828Z,381856562000000,53980705,538778,-44011,-44003,,16897,15771,15771,15771,2,2,15771,15771,0,1,1,0,,0,3,3,0,3,4,0,0,3379,,0,2,1,
2026-09-16T05:46:11.931Z,381856656000000,53980806,538779,-44026,-44004,,16897,16897,16897,15771,2,2,16897,16897,0,1,1,0,,0,3,3,0,3,4,0,0,3379,,0,2,1,
2026-09-16T05:46:12.036Z,381856765000000,53980910,538780,-44009,-44005,,16897,18024,18024,15771,2,2,18024,18024,0,1,1,0,,0,3,3,0,3,4,0,0,4506,,0,2,1,
2026-09-16T05:46:12.141Z,381856875000000,53981015,538781,-43995,-44006,,16897,19150,19150,15771,2,2,19150,19150,0,1,1,0,,0,3,3,0,3,4,0,0,5632,,0,2,1,
2026-09-16T05:46:12.334Z,381857062000000,53981119,538782,-44000,-44005,,16897,18024,18024,15771,2,2,18024,18024,0,1,1,0,,0,3,3,0,3,4,0,0,5632,,0,2,1,
2026-09-16T05:46:12.438Z,381857171000000,53981317,538784,-43989,-44003,,16897,15771,15771,15771,2,2,15771,15771,0,1,1,0,,0,3,3,0,3,4,0,0,4506,,0,2,1,
2026-09-16T05:46:12.542Z,381857265000000,53981417,538785,-43983,-44001,,16897,13518,13518,15771,2,2,13518,13518,0,1,1,0,,0,3,3,0,3,4,0,0,5632,,0,2,1,
2026-09-16T05:46:12.647Z,381857375000000,53981521,538786,-43985,-43999,,16897,11265,11265,15771,2,2,11265,11265,0,1,1,0,,0,3,3,0,3,4,0,0,7885,,0,2,1,
2026-09-16T05:46:12.751Z,381857484000000,53981625,538787,-43985,-43997,,16897,9012,9012,15771,2,2,9012,9012,0,1,1,0,,0,3,3,0,3,4,0,0,10138,,0,2,1,
2026-09-16T05:46:12.856Z,381857578000000,53981730,538788,-44001,-43995,,16897,6759,6759,15771,2,2,6759,6759,0,1,1,0,,0,3,3,0,3,4,0,0,12391,,0,2,1,
2026-09-16T05:46:12.961Z,381857687000000,53981834,538789,-44006,-43996,,16897,7885,7885,15771,2,2,7885,7885,0,1,1,0,,0,3,3,0,3,4,0,0,11265,,0,2,1,
2026-09-16T05:46:13.067Z,381857796000000,53981939,538790,-44007,-43997,,16897,9012,9012,15771,2,2,9012,9012,0,1,1,0,,0,3,3,0,3,4,0,0,10138,,0,2,1,
2026-09-16T05:46:13.171Z,381857906000000,53982045,538791,-43998,-43998,,16897,10138,10138,15771,2,2,10138,10138,0,1,1,0,,0,3,3,0,3,4,0,0,9012,,0,2,1,
2026-09-16T05:46:13.364Z,381858093000000,53982149,538792,-44000,-43998,,10138,10138,10138,15771,2,2,10138,10138,0,1,1,0,,0,3,3,0,3,4,0,0,6759,,0,2,1,
2026-09-16T05:46:13.469Z,381858203000000,53982308,538794,-43997,-43998,,10138,10138,10138,15771,2,2,10138,10138,0,1,1,0,,0,3,3,0,3,4,0,0,3379,,0,2,1,
2026-09-16T05:46:13.573Z,381858296000000,53982447,538795,-43998,-43998,,10138,10138,10138,15771,2,2,10138,10138,0,1,1,0,,0,3,3,0,3,4,0,0,3379,,0,2,1,
2026-09-16T05:46:13.679Z,381858406000000,53982552,538796,-43998,-43998,,10138,10138,10138,15771,2,2,10138,10138,0,1,1,0,,0,3,3,0,3,4,0,0,2253,,0,2,1,
2026-09-16T05:46:13.782Z,381858515000000,53982657,538797,-43998,-43998,,10138,10138,10138,15771,2,2,10138,10138,0,1,1,0,,0,3,3,0,3,4,0,0,1126,,0,2,1,
2026-09-16T05:46:13.887Z,381858609000000,53982761,538798,-43987,-43998,,10138,10138,10138,15771,2,2,10138,10138,0,1,1,0,,0,3,3,0,3,4,0,0,0,,0,2,1,
2026-09-16T05:46:13.992Z,381858718000000,53982866,538799,-43975,-43997,,10138,9012,9012,15771,2,2,9012,9012,0,1,1,0,,0,3,3,0,3,4,0,0,1126,,0,2,1,
2026-09-16T05:46:14.096Z,381858828000000,53982970,538800,-43984,-43995,,10138,6759,6759,15771,2,2,6759,6759,0,1,1,0,,0,3,3,0,3,4,0,0,3379,,0,2,1,
2026-09-16T05:46:14.202Z,381858937000000,53983075,538801,-43994,-43994,,10138,5632,5632,15771,2,2,5632,5632,0,1,1,0,,0,3,3,0,3,4,0,0,4506,,0,2,1,
2026-09-16T05:46:14.396Z,381859125000000,53983180,538802,-43991,-43994,,4506,5632,5632,15771,2,2,5632,5632,0,1,1,0,,0,3,3,0,3,4,0,0,4506,,0,2,1,
2026-09-16T05:46:14.501Z,381859234000000,53983328,538804,-43986,-43993,,4506,4506,4506,15771,2,2,4506,4506,0,1,1,0,,0,3,3,0,3,4,0,0,5632,,0,2,1,
2026-09-16T05:46:14.605Z,381859328000000,53983479,538805,-44010,-43992,,4506,3379,3379,15771,2,2,3379,3379,0,1,1,0,,0,3,3,0,3,4,0,0,6759,,0,2,1,
2026-09-16T05:46:14.712Z,381859437000000,53983584,538806,-44006,-43994,,4506,5632,5632,15771,2,2,5632,5632,0,1,1,0,,0,3,3,0,3,4,0,0,5633,,0,2,1,
2026-09-16T05:46:14.815Z,381859546000000,53983689,538807,-43996,-43996,,4506,7885,7885,15771,2,2,7885,7885,0,1,1,0,,0,3,3,0,3,4,0,0,4506,,0,2,1,
2026-09-16T05:46:14.920Z,381859640000000,53983811,538809,-44011,-43998,,4506,10138,10138,15771,2,2,10138,10138,0,1,1,0,,0,3,3,0,3,4,0,0,6759,,0,2,1,
2026-09-16T05:46:15.022Z,381859750000000,53983912,538810,-43997,-43999,,4506,11265,11265,15771,2,2,11265,11265,0,1,1,0,,0,3,3,0,3,4,0,0,7886,,0,2,1,
2026-09-16T05:46:15.126Z,381859859000000,53984012,538811,-43987,-43999,,4506,11265,11265,15771,2,2,11265,11265,0,1,1,0,,0,3,3,0,3,4,0,0,7886,,0,2,1,
2026-09-16T05:46:15.230Z,381859953000000,53984112,538812,-43994,-43998,,4506,10138,10138,15771,2,2,10138,10138,0,1,1,0,,0,3,3,0,3,4,0,0,7886,,0,2,1,
2026-09-16T05:46:15.420Z,381860140000000,53984212,538813,-43999,-43997,,9012,9012,9012,15771,2,2,9012,9012,0,1,1,0,,0,3,3,0,3,4,0,0,5633,,0,2,1,
2026-09-16T05:46:15.524Z,381860250000000,53984412,538815,-44000,-43997,,9012,9012,9012,15771,2,2,9012,9012,0,1,1,0,,0,3,3,0,3,4,0,0,2253,,0,2,1,
2026-09-16T05:46:15.628Z,381860359000000,53984513,538816,-44006,-43998,,9012,10138,10138,15771,2,2,10138,10138,0,1,1,0,,0,3,3,0,3,4,0,0,2253,,0,2,1,
2026-09-16T05:46:15.730Z,381860453000000,53984613,538817,-43995,-43998,,9012,10138,10138,15771,2,2,10138,10138,0,1,1,0,,0,3,3,0,3,4,0,0,2253,,0,2,1,
2026-09-16T05:46:15.832Z,381860562000000,53984713,538818,-43990,-43998,,9012,10138,10138,15771,2,2,10138,10138,0,1,1,0,,0,3,3,0,3,4,0,0,2253,,0,2,1,
2026-09-16T05:46:15.937Z,381860671000000,53984813,538819,-44000,-43998,,9012,10138,10138,15771,2,2,10138,10138,0,1,1,0,,0,3,3,0,3,4,0,0,1126,,0,2,1,
2026-09-16T05:46:16.042Z,381860765000000,53984915,538820,-44003,-43998,,9012,10138,10138,15771,2,2,10138,10138,0,1,1,0,,0,3,3,0,3,4,0,0,1126,,0,2,1,
2026-09-16T05:46:16.147Z,381860875000000,53985021,538821,-44004,-43999,,9012,11265,11265,15771,2,2,11265,11265,0,1,1,0,,0,3,3,0,3,4,0,0,2253,,0,2,1,
2026-09-16T05:46:16.252Z,381860984000000,53985126,538822,-43986,-44000,,9012,12391,12391,15771,2,2,12391,12391,0,1,1,0,,0,3,3,0,3,4,0,0,3379,,0,2,1,
2026-09-16T05:46:16.445Z,381861171000000,53985231,538823,-43993,-43999,,10138,11265,11265,15771,2,2,11265,11265,0,1,1,0,,0,3,3,0,3,4,0,0,2253,,0,2,1,
2026-09-16T05:46:16.550Z,381861281000000,53985429,538825,-44016,-43999,,10138,11265,11265,15771,2,2,11265,11265,0,1,1,0,,0,3,3,0,3,4,0,0,2253,,0,2,1,
2026-09-16T05:46:16.653Z,381861375000000,53985528,538826,-44004,-44000,,10138,12391,12391,15771,2,2,12391,12391,0,1,1,0,,0,3,3,0,3,4,0,0,2253,,0,2,1,
2026-09-16T05:46:16.758Z,381861484000000,53985633,538827,-44000,-44001,,10138,13518,13518,15771,2,2,13518,13518,0,1,1,0,,0,3,3,0,3,4,0,0,3380,,0,2,1,
2026-09-16T05:46:16.862Z,381861593000000,53985737,538828,-44000,-44001,,10138,13518,13518,15771,2,2,13518,13518,0,1,1,0,,0,3,3,0,3,4,0,0,3380,,0,2,1,
2026-09-16T05:46:16.967Z,381861687000000,53985841,538829,-44011,-44001,,10138,13518,13518,15771,2,2,13518,13518,0,1,1,0,,0,3,3,0,3,4,0,0,3380,,0,2,1,
2026-09-16T05:46:17.072Z,381861796000000,53985946,538830,-44021,-44002,,10138,14644,14644,15771,2,2,14644,14644,0,1,1,0,,0,3,3,0,3,4,0,0,4506,,0,2,1,
2026-09-16T05:46:17.178Z,381861906000000,53986051,538831,-44015,-44004,,10138,16897,16897,15771,2,2,16897,16897,0,1,1,0,,0,3,3,0,3,4,0,0,6759,,0,2,1,
2026-09-16T05:46:17.281Z,381862015000000,53986156,538832,-44005,-44005,,10138,18024,18024,15771,2,2,18024,18024,0,1,1,0,,0,3,3,0,3,4,0,0,6759,,0,2,1,
2026-09-16T05:46:17.475Z,381862203000000,53986261,538833,-43999,-44005,,15771,18024,18024,15771,2,2,18024,18024,0,1,1,0,,0,3,3,0,3,4,0,0,5633,,0,2,1,
2026-09-16T05:46:17.579Z,381862312000000,53986416,538835,-44001,-44003,,15771,15771,15771,15771,2,2,15771,15771,0,1,1,0,,0,3,3,0,3,4,0,0,4506,,0,2,1,
2026-09-16T05:46:17.683Z,381862406000000,53986558,538836,-44013,-44003,,15771,15771,15771,15771,2,2,15771,15771,0,1,1,0,,0,3,3,0,3,4,0,0,4506,,0,2,1,
2026-09-16T05:46:17.788Z,381862515000000,53986662,538837,-44004,-44003,,15771,15771,15771,15771,2,2,15771,15771,0,1,1,0,,0,3,3,0,3,4,0,0,3380,,0,2,1,
2026-09-16T05:46:17.893Z,381862625000000,53986767,538838,-44002,-44003,,15771,15771,15771,15771,2,2,15771,15771,0,1,1,0,,0,3,3,0,3,4,0,0,2253,,0,2,1,
2026-09-16T05:46:17.997Z,381862718000000,53986871,538839,-44007,-44003,,15771,15771,15771,15771,2,2,15771,15771,0,1,1,0,,0,3,3,0,3,4,0,0,2253,,0,2,1,
2026-09-16T05:46:18.103Z,381862828000000,53986976,538840,-43986,-44003,,15771,15771,15771,15771,2,2,15771,15771,0,1,1,0,,0,3,3,0,3,4,0,0,2253,,0,2,1,
2026-09-16T05:46:18.207Z,381862937000000,53987082,538841,-44004,-44003,,15771,15771,15771,15771,2,2,15771,15771,0,1,1,0,,0,3,3,0,3,4,0,0,1126,,0,2,1,
2026-09-16T05:46:18.311Z,381863046000000,53987186,538842,-44003,-44003,,15771,15771,15771,15771,2,2,15771,15771,0,1,1,0,,0,3,3,0,3,4,0,0,0,,0,2,1,
2026-09-16T05:46:18.502Z,381863234000000,53987290,538843,-44013,-44003,,14644,15771,15771,15771,2,2,15771,15771,0,1,1,0,,0,3,3,0,3,4,0,0,0,,0,2,1,
2026-09-16T05:46:18.606Z,381863328000000,53987436,538845,-43992,-44002,,14644,14644,14644,15771,2,2,14644,14644,0,1,1,0,,0,3,3,0,3,4,0,0,1127,,0,2,1,
2026-09-16T05:46:18.711Z,381863437000000,53987585,538846,-43998,-44001,,14644,13518,13518,15771,2,2,13518,13518,0,1,1,0,,0,3,3,0,3,4,0,0,2253,,0,2,1,
2026-09-16T05:46:18.816Z,381863546000000,53987689,538847,-44006,-44001,,14644,13518,13518,15771,2,2,13518,13518,0,1,1,0,,0,3,3,0,3,4,0,0,2253,,0,2,1,
2026-09-16T05:46:18.921Z,381863656000000,53987794,538848,-44010,-44002,,14644,14644,14644,15771,2,2,14644,14644,0,1,1,0,,0,3,3,0,3,4,0,0,2253,,0,2,1,
2026-09-16T05:46:19.025Z,381863750000000,53987900,538849,-43994,-44003,,14644,15771,15771,15771,2,2,15771,15771,0,1,1,0,,0,3,3,0,3,4,0,0,2253,,0,2,1,
2026-09-16T05:46:19.130Z,381863859000000,53988020,538851,-44004,-44003,,14644,15771,15771,15771,2,2,15771,15771,0,1,1,0,,0,3,3,0,3,4,0,0,2253,,0,2,1,
2026-09-16T05:46:19.232Z,381863953000000,53988120,538852,-44001,-44003,,14644,15771,15771,15771,2,2,15771,15771,0,1,1,0,,0,3,3,0,3,4,0,0,2253,,0,2,1,
2026-09-16T05:46:19.336Z,381864062000000,53988220,538853,-44004,-44003,,14644,15771,15771,15771,2,2,15771,15771,0,1,1,0,,0,3,3,0,3,4,0,0,2253,,0,2,1,
2026-09-16T05:46:19.526Z,381864250000000,53988321,538854,-44015,-44003,,15771,15771,15771,15771,2,2,15771,15771,0,1,1,0,,0,3,3,0,3,4,0,0,2253,,0,2,1,
2026-09-16T05:46:19.630Z,381864359000000,53988521,538856,-43998,-44003,,15771,15771,15771,15771,2,2,15771,15771,0,1,1,0,,0,3,3,0,3,4,0,0,0,,0,2,1,
2026-09-16T05:46:19.732Z,381864453000000,53988621,538857,-43998,-44002,,15771,14644,14644,15771,2,2,14644,14644,0,1,1,0,,0,3,3,0,3,4,0,0,1127,,0,2,1,
2026-09-16T05:46:19.836Z,381864562000000,53988721,538858,-43998,-44001,,15771,13518,13518,15771,2,2,13518,13518,0,1,1,0,,0,3,3,0,3,4,0,0,2253,,0,2,1,
2026-09-16T05:46:19.939Z,381864671000000,53988821,538859,-44006,-44001,,15771,13518,13518,15771,2,2,13518,13518,0,1,1,0,,0,3,3,0,3,4,0,0,2253,,0,2,1,
2026-09-16T05:46:20.043Z,381864765000000,53988922,538860,-44007,-44002,,15771,14644,14644,15771,2,2,14644,14644,0,1,1,0,,0,3,3,0,3,4,0,0,2253,,0,2,1,
2026-09-16T05:46:20.150Z,381864875000000,53989023,538861,-44010,-44003,,15771,15771,15771,15771,2,2,15771,15771,0,1,1,0,,0,3,3,0,3,4,0,0,2253,,0,2,1,
2026-09-16T05:46:20.255Z,381864984000000,53989128,538862,-44023,-44004,,15771,16897,16897,15771,2,2,16897,16897,0,1,1,0,,0,3,3,0,3,4,0,0,3379,,0,2,1,
2026-09-16T05:46:20.359Z,381865093000000,53989233,538863,-44005,-44005,,15771,18024,18024,15771,2,2,18024,18024,0,1,1,0,,0,3,3,0,3,4,0,0,4506,,0,2,1,
2026-09-16T05:46:20.552Z,381865281000000,53989338,538864,-44012,-44006,,19150,19150,19150,15771,2,2,19150,19150,0,1,1,0,,0,3,3,0,3,4,0,0,5632,,0,2,1,
2026-09-16T05:46:20.656Z,381865390000000,53989537,538866,-44002,-44005,,19150,18024,18024,15771,2,2,18024,18024,0,1,1,0,,0,3,3,0,3,4,0,0,5632,,0,2,1,
2026-09-16T05:46:20.762Z,381865484000000,53989635,538867,-43997,-44005,,19150,18024,18024,15771,2,2,18024,18024,0,1,1,0,,0,3,3,0,3,4,0,0,4506,,0,2,1,
2026-09-16T05:46:20.866Z,381865593000000,53989740,538868,-43995,-44004,,19150,16897,16897,15771,2,2,16897,16897,0,1,1,0,,0,3,3,0,3,4,0,0,3379,,0,2,1,
2026-09-16T05:46:20.971Z,381865703000000,53989845,538869,-43993,-44003,,19150,15771,15771,15771,2,2,15771,15771,0,1,1,0,,0,3,3,0,3,4,0,0,3379,,0,2,1,
2026-09-16T05:46:21.076Z,381865796000000,53989950,538870,-43992,-44002,,19150,14644,14644,15771,2,2,14644,14644,0,1,1,0,,0,3,3,0,3,4,0,0,4506,,0,2,1,
2026-09-16T05:46:21.181Z,381865906000000,53990055,538871,-44000,-44001,,19150,13518,13518,15771,2,2,13518,13518,0,1,1,0,,0,3,3,0,3,4,0,0,5632,,0,2,1,
2026-09-16T05:46:21.285Z,381866015000000,53990160,538872,-44002,-44001,,19150,13518,13518,15771,2,2,13518,13518,0,1,1,0,,0,3,3,0,3,4,0,0,5632,,0,2,1,
2026-09-16T05:46:21.391Z,381866125000000,53990264,538873,-44004,-44001,,19150,13518,13518,15771,2,2,13518,13518,0,1,1,0,,0,3,3,0,3,4,0,0,4506,,0,2,1,
2026-09-16T05:46:21.583Z,381866312000000,53990370,538874,-44005,-44001,,13518,13518,13518,15771,2,2,13518,13518,0,1,1,0,,0,3,3,0,3,4,0,0,4506,,0,2,1,
2026-09-16T05:46:21.688Z,381866421000000,53990525,538876,-43999,-44001,,13518,13518,13518,15771,2,2,13518,13518,0,1,1,0,,0,3,3,0,3,4,0,0,2253,,0,2,1,
2026-09-16T05:46:21.792Z,381866515000000,53990667,538877,-44021,-44001,,13518,13518,13518,15771,2,2,13518,13518,0,1,1,0,,0,3,3,0,3,4,0,0,1126,,0,2,1,
2026-09-16T05:46:21.897Z,381866625000000,53990771,538878,-44015,-44003,,13518,15771,15771,15771,2,2,15771,15771,0,1,1,0,,0,3,3,0,3,4,0,0,2253,,0,2,1,
2026-09-16T05:46:22.001Z,381866734000000,53990876,538879,-44004,-44005,,13518,18024,18024,15771,2,2,18024,18024,0,1,1,0,,0,3,3,0,3,4,0,0,4506,,0,2,1,
2026-09-16T05:46:22.105Z,381866828000000,53990980,538880,-43997,-44005,,13518,18024,18024,15771,2,2,18024,18024,0,1,1,0,,0,3,3,0,3,4,0,0,4506,,0,2,1,
2026-09-16T05:46:22.211Z,381866937000000,53991085,538881,-43985,-44004,,13518,16897,16897,15771,2,2,16897,16897,0,1,1,0,,0,3,3,0,3,4,0,0,4506,,0,2,1,
2026-09-16T05:46:22.315Z,381867046000000,53991190,538882,-43994,-44003,,13518,15771,15771,15771,2,2,15771,15771,0,1,1,0,,0,3,3,0,3,4,0,0,4506,,0,2,1,
2026-09-16T05:46:22.420Z,381867140000000,53991294,538883,-44005,-44002,,13518,14644,14644,15771,2,2,14644,14644,0,1,1,0,,0,3,3,0,3,4,0,0,4506,,0,2,1,
2026-09-16T05:46:22.612Z,381867343000000,53991399,538884,-43990,-44001,,14644,13518,13518,15771,2,2,13518,13518,0,1,1,0,,0,3,3,0,3,4,0,0,4506,,0,2,1,
2026-09-16T05:46:22.716Z,381867437000000,53991546,538886,-44003,-44002,,14644,14644,14644,15771,2,2,14644,14644,0,1,1,0,,0,3,3,0,3,4,0,0,4506,,0,2,1,
2026-09-16T05:46:22.821Z,381867546000000,53991696,538887,-44005,-44002,,14644,14644,14644,15771,2,2,14644,14644,0,1,1,0,,0,3,3,0,3,4,0,0,4506,,0,2,1,
2026-09-16T05:46:22.926Z,381867656000000,53991800,538888,-43987,-44002,,14644,14644,14644,15771,2,2,14644,14644,0,1,1,0,,0,3,3,0,3,4,0,0,3379,,0,2,1,
2026-09-16T05:46:23.031Z,381867765000000,53991905,538889,-44005,-44002,,14644,14644,14644,15771,2,2,14644,14644,0,1,1,0,,0,3,3,0,3,4,0,0,2253,,0,2,1,
2026-09-16T05:46:23.134Z,381867859000000,53992028,538891,-43996,-44002,,14644,14644,14644,15771,2,2,14644,14644,0,1,1,0,,0,3,3,0,3,4,0,0,1126,,0,2,1,
2026-09-16T05:46:23.237Z,381867968000000,53992128,538892,-43994,-44001,,14644,13518,13518,15771,2,2,13518,13518,0,1,1,0,,0,3,3,0,3,4,0,0,1126,,0,2,1,
2026-09-16T05:46:23.340Z,381868062000000,53992228,538893,-43987,-44000,,14644,12391,12391,15771,2,2,12391,12391,0,1,1,0,,0,3,3,0,3,4,0,0,2253,,0,2,1,
2026-09-16T05:46:23.443Z,381868171000000,53992329,538894,-43993,-43999,,14644,11265,11265,15771,2,2,11265,11265,0,1,1,0,,0,3,3,0,3,4,0,0,3379,,0,2,1,
2026-09-16T05:46:23.633Z,381868359000000,53992429,538895,-43987,-43997,,7885,9012,9012,15771,2,2,9012,9012,0,1,1,0,,0,3,3,0,3,4,0,0,5632,,0,2,1,
2026-09-16T05:46:23.737Z,381868468000000,53992629,538897,-44005,-43996,,7885,7885,7885,15771,2,2,7885,7885,0,1,1,0,,0,3,3,0,3,4,0,0,6759,,0,2,1,
2026-09-16T05:46:23.841Z,381868562000000,53992729,538898,-44000,-43997,,7885,9012,9012,15771,2,2,9012,9012,0,1,1,0,,0,3,3,0,3,4,0,0,6759,,0,2,1,
2026-09-16T05:46:23.943Z,381868671000000,53992829,538899,-43987,-43997,,7885,9012,9012,15771,2,2,9012,9012,0,1,1,0,,0,3,3,0,3,4,0,0,5633,,0,2,1,
2026-09-16T05:46:24.047Z,381868781000000,53992930,538900,-43999,-43997,,7885,9012,9012,15771,2,2,9012,9012,0,1,1,0,,0,3,3,0,3,4,0,0,4506,,0,2,1,
2026-09-16T05:46:24.151Z,381868875000000,53993030,538901,-43991,-43996,,7885,7885,7885,15771,2,2,7885,7885,0,1,1,0,,0,3,3,0,3,4,0,0,3380,,0,2,1,
2026-09-16T05:46:24.255Z,381868984000000,53993130,538902,-44010,-43996,,7885,7885,7885,15771,2,2,7885,7885,0,1,1,0,,0,3,3,0,3,4,0,0,1127,,0,2,1,
2026-09-16T05:46:24.360Z,381869093000000,53993234,538903,-43998,-43996,,7885,7885,7885,15771,2,2,7885,7885,0,1,1,0,,0,3,3,0,3,4,0,0,1127,,0,2,1,
2026-09-16T05:46:24.464Z,381869187000000,53993339,538904,-44007,-43997,,7885,9012,9012,15771,2,2,9012,9012,0,1,1,0,,0,3,3,0,3,4,0,0,1127,,0,2,1,
2026-09-16T05:46:24.658Z,381869390000000,53993444,538905,-44006,-43998,,11265,10138,10138,15771,2,2,10138,10138,0,1,1,0,,0,3,3,0,3,4,0,0,2253,,0,2,1,
2026-09-16T05:46:24.762Z,381869484000000,53993644,538907,-43974,-43997,,11265,9012,9012,15771,2,2,9012,9012,0,1,1,0,,0,3,3,0,3,4,0,0,3380,,0,2,1,
2026-09-16T05:46:24.867Z,381869593000000,53993741,538908,-43980,-43995,,11265,6759,6759,15771,2,2,6759,6759,0,1,1,0,,0,3,3,0,3,4,0,0,4506,,0,2,1,
2026-09-16T05:46:24.971Z,381869703000000,53993846,538909,-43988,-43993,,11265,4506,4506,15771,2,2,4506,4506,0,1,1,0,,0,3,3,0,3,4,0,0,6759,,0,2,1,
2026-09-16T05:46:25.076Z,381869796000000,53993951,538910,-43999,-43992,,11265,3379,3379,15771,2,2,3379,3379,0,1,1,0,,0,3,3,0,3,4,0,0,7886,,0,2,1,
2026-09-16T05:46:25.180Z,381869906000000,53994056,538911,-43997,-43993,,11265,4506,4506,15771,2,2,4506,4506,0,1,1,0,,0,3,3,0,3,4,0,0,7886,,0,2,1,
2026-09-16T05:46:25.285Z,381870015000000,53994160,538912,-44001,-43994,,11265,5632,5632,15771,2,2,5632,5632,0,1,1,0,,0,3,3,0,3,4,0,0,7886,,0,2,1,
2026-09-16T05:46:25.390Z,381870125000000,53994264,538913,-43993,-43994,,11265,5632,5632,15771,2,2,5632,5632,0,1,1,0,,0,3,3,0,3,4,0,0,7886,,0,2,1,
2026-09-16T05:46:25.495Z,381870218000000,53994369,538914,-44001,-43995,,11265,6759,6759,15771,2,2,6759,6759,0,1,1,0,,0,3,3,0,3,4,0,0,5633,,0,2,1,
2026-09-16T05:46:25.688Z,381870421000000,53994474,538915,-44003,-43996,,7885,7885,7885,15771,2,2,7885,7885,0,1,1,0,,0,3,3,0,3,4,0,0,4506,,0,2,1,
2026-09-16T05:46:25.793Z,381870515000000,53994633,538917,-43986,-43996,,7885,7885,7885,15771,2,2,7885,7885,0,1,1,0,,0,3,3,0,3,4,0,0,5633,,0,2,1,
2026-09-16T05:46:25.897Z,381870625000000,53994771,538918,-43999,-43995,,7885,6759,6759,15771,2,2,6759,6759,0,1,1,0,,0,3,3,0,3,4,0,0,4506,,0,2,1,
2026-09-16T05:46:26.001Z,381870734000000,53994876,538919,-44018,-43996,,7885,7885,7885,15771,2,2,7885,7885,0,1,1,0,,0,3,3,0,3,4,0,0,3380,,0,2,1,
2026-09-16T05:46:26.106Z,381870828000000,53994981,538920,-44008,-43998,,7885,10138,10138,15771,2,2,10138,10138,0,1,1,0,,0,3,3,0,3,4,0,0,4506,,0,2,1,
2026-09-16T05:46:26.211Z,381870937000000,53995085,538921,-43994,-43999,,7885,11265,11265,15771,2,2,11265,11265,0,1,1,0,,0,3,3,0,3,4,0,0,4506,,0,2,1,
2026-09-16T05:46:26.317Z,381871046000000,53995191,538922,-43992,-43998,,7885,10138,10138,15771,2,2,10138,10138,0,1,1,0,,0,3,3,0,3,4,0,0,4506,,0,2,1,
2026-09-16T05:46:26.421Z,381871156000000,53995296,538923,-43991,-43997,,7885,9012,9012,15771,2,2,9012,9012,0,1,1,0,,0,3,3,0,3,4,0,0,4506,,0,2,1,
2026-09-16T05:46:26.525Z,381871250000000,53995400,538924,-43988,-43996,,7885,7885,7885,15771,2,2,7885,7885,0,1,1,0,,0,3,3,0,3,4,0,0,4506,,0,2,1,
2026-09-16T05:46:26.719Z,381871453000000,53995504,538925,-43978,-43995,,4506,6759,6759,15771,2,2,6759,6759,0,1,1,0,,0,3,3,0,3,4,0,0,4506,,0,2,1,
2026-09-16T05:46:26.822Z,381871546000000,53995653,538927,-43994,-43993,,4506,4506,4506,15771,2,2,4506,4506,0,1,1,0,,0,3,3,0,3,4,0,0,6759,,0,2,1,
2026-09-16T05:46:26.927Z,381871656000000,53995802,538928,-43982,-43992,,4506,3379,3379,15771,2,2,3379,3379,0,1,1,0,,0,3,3,0,3,4,0,0,7886,,0,2,1,
2026-09-16T05:46:27.032Z,381871765000000,53995906,538929,-43983,-43991,,4506,2253,2253,15771,2,2,2253,2253,0,1,1,0,,0,3,3,0,3,4,0,0,7885,,0,2,1,
2026-09-16T05:46:27.136Z,381871859000000,53996011,538930,-43982,-43990,,4506,1126,1126,15771,2,2,1126,1126,0,1,1,0,,0,3,3,0,3,4,0,0,7886,,0,2,1,
2026-09-16T05:46:27.242Z,381871968000000,53996136,538932,-43981,-43988,,4506,-1126,-1126,15771,2,2,-1126,-1126,0,1,1,0,,0,3,3,0,3,4,0,0,7885,,0,2,1,
2026-09-16T05:46:27.345Z,381872078000000,53996236,538933,-43993,-43987,,4506,-2253,-2253,15771,2,2,-2253,-2253,0,1,1,0,,0,3,3,0,3,4,0,0,7885,,0,2,1,
2026-09-16T05:46:27.448Z,381872171000000,53996337,538934,-44000,-43988,,4506,-1126,-1126,15771,2,2,-1126,-1126,0,1,1,0,,0,3,3,0,3,4,0,0,6759,,0,2,1,
2026-09-16T05:46:27.551Z,381872281000000,53996437,538935,-44006,-43990,,4506,1126,1126,15771,2,2,1126,1126,0,1,1,0,,0,3,3,0,3,4,0,0,5632,,0,2,1,
2026-09-16T05:46:27.741Z,381872468000000,53996537,538936,-44015,-43992,,5632,3379,3379,15771,2,2,3379,3379,0,1,1,0,,0,3,3,0,3,4,0,0,5632,,0,2,1,
2026-09-16T05:46:27.845Z,381872578000000,53996737,538938,-43993,-43994,,5632,5632,5632,15771,2,2,5632,5632,0,1,1,0,,0,3,3,0,3,4,0,0,7885,,0,2,1,
2026-09-16T05:46:27.947Z,381872671000000,53996837,538939,-44001,-43994,,5632,5632,5632,15771,2,2,5632,5632,0,1,1,0,,0,3,3,0,3,4,0,0,7885,,0,2,1,
2026-09-16T05:46:28.050Z,381872781000000,53996938,538940,-43999,-43995,,5632,6759,6759,15771,2,2,6759,6759,0,1,1,0,,0,3,3,0,3,4,0,0,9012,,0,2,1,
2026-09-16T05:46:28.154Z,381872875000000,53997038,538941,-44005,-43996,,5632,7885,7885,15771,2,2,7885,7885,0,1,1,0,,0,3,3,0,3,4,0,0,9011,,0,2,1,
2026-09-16T05:46:28.257Z,381872984000000,53997138,538942,-44005,-43997,,5632,9012,9012,15771,2,2,9012,9012,0,1,1,0,,0,3,3,0,3,4,0,0,7886,,0,2,1,
2026-09-16T05:46:28.362Z,381873093000000,53997238,538943,-43994,-43998,,5632,10138,10138,15771,2,2,10138,10138,0,1,1,0,,0,3,3,0,3,4,0,0,6759,,0,2,1,
2026-09-16T05:46:28.466Z,381873187000000,53997342,538944,-43990,-43997,,5632,9012,9012,15771,2,2,9012,9012,0,1,1,0,,0,3,3,0,3,4,0,0,4506,,0,2,1,
2026-09-16T05:46:28.571Z,381873296000000,53997446,538945,-43996,-43997,,5632,9012,9012,15771,2,2,9012,9012,0,1,1,0,,0,3,3,0,3,4,0,0,4506,,0,2,1,
2026-09-16T05:46:28.763Z,381873484000000,53997551,538946,-43989,-43996,,6759,7885,7885,15771,2,2,7885,7885,0,1,1,0,,0,3,3,0,3,4,0,0,4506,,0,2,1,
2026-09-16T05:46:28.869Z,381873593000000,53997750,538948,-43995,-43994,,6759,5632,5632,15771,2,2,5632,5632,0,1,1,0,,0,3,3,0,3,4,0,0,4506,,0,2,1,
2026-09-16T05:46:28.973Z,381873703000000,53997848,538949,-43996,-43994,,6759,5632,5632,15771,2,2,5632,5632,0,1,1,0,,0,3,3,0,3,4,0,0,4506,,0,2,1,
2026-09-16T05:46:29.079Z,381873812000000,53997953,538950,-43983,-43994,,6759,5632,5632,15771,2,2,5632,5632,0,1,1,0,,0,3,3,0,3,4,0,0,4506,,0,2,1,
2026-09-16T05:46:29.183Z,381873906000000,53998058,538951,-43981,-43993,,6759,4506,4506,15771,2,2,4506,4506,0,1,1,0,,0,3,3,0,3,4,0,0,4506,,0,2,1,
2026-09-16T05:46:29.289Z,381874015000000,53998163,538952,-43982,-43992,,6759,3379,3379,15771,2,2,3379,3379,0,1,1,0,,0,3,3,0,3,4,0,0,5633,,0,2,1,
2026-09-16T05:46:29.393Z,381874125000000,53998268,538953,-43976,-43991,,6759,2253,2253,15771,2,2,2253,2253,0,1,1,0,,0,3,3,0,3,4,0,0,5632,,0,2,1,
2026-09-16T05:46:29.496Z,381874218000000,53998372,538954,-43981,-43990,,6759,1126,1126,15771,2,2,1126,1126,0,1,1,0,,0,3,3,0,3,4,0,0,5633,,0,2,1,
2026-09-16T05:46:29.601Z,381874328000000,53998476,538955,-43993,-43989,,6759,0,0,15771,2,2,0,0,0,1,1,0,,0,3,3,0,3,4,0,0,5632,,0,2,1,
2026-09-16T05:46:29.796Z,381874531000000,53998582,538956,-44009,-43990,,1126,1126,1126,15771,2,2,1126,1126,0,1,1,0,,0,3,3,0,3,4,0,0,5632,,0,2,1,
2026-09-16T05:46:29.900Z,381874625000000,53998781,538958,-43986,-43990,,1126,1126,1126,15771,2,2,1126,1126,0,1,1,0,,0,3,3,0,3,4,0,0,4506,,0,2,1,
2026-09-16T05:46:30.005Z,381874734000000,53998880,538959,-43997,-43990,,1126,1126,1126,15771,2,2,1126,1126,0,1,1,0,,0,3,3,0,3,4,0,0,3379,,0,2,1,
2026-09-16T05:46:30.110Z,381874843000000,53998984,538960,-43998,-43991,,1126,2253,2253,15771,2,2,2253,2253,0,1,1,0,,0,3,3,0,3,4,0,0,2253,,0,2,1,
2026-09-16T05:46:30.214Z,381874937000000,53999089,538961,-43994,-43992,,1126,3379,3379,15771,2,2,3379,3379,0,1,1,0,,0,3,3,0,3,4,0,0,3379,,0,2,1,
2026-09-16T05:46:30.319Z,381875046000000,53999194,538962,-43981,-43992,,1126,3379,3379,15771,2,2,3379,3379,0,1,1,0,,0,3,3,0,3,4,0,0,3379,,0,2,1,
2026-09-16T05:46:30.423Z,381875156000000,53999298,538963,-43994,-43992,,1126,3379,3379,15771,2,2,3379,3379,0,1,1,0,,0,3,3,0,3,4,0,0,2253,,0,2,1,
2026-09-16T05:46:30.528Z,381875250000000,53999403,538964,-44003,-43992,,1126,3379,3379,15771,2,2,3379,3379,0,1,1,0,,0,3,3,0,3,4,0,0,2253,,0,2,1,
2026-09-16T05:46:30.633Z,381875359000000,53999507,538965,-43994,-43992,,1126,3379,3379,15771,2,2,3379,3379,0,1,1,0,,0,3,3,0,3,4,0,0,2253,,0,2,1,
2026-09-16T05:46:30.825Z,381875546000000,53999614,538966,-43982,-43992,,1126,3379,3379,15771,2,2,3379,3379,0,1,1,0,,0,3,3,0,3,4,0,0,2253,,0,2,1,
2026-09-16T05:46:30.932Z,381875656000000,53999761,538968,-43996,-43990,,1126,1126,1126,15771,2,2,1126,1126,0,1,1,0,,0,3,3,0,3,4,0,0,2253,,0,2,1,
2026-09-16T05:46:31.036Z,381875765000000,53999911,538969,-44015,-43991,,1126,2253,2253,15771,2,2,2253,2253,0,1,1,0,,0,3,3,0,3,4,0,0,2253,,0,2,1,
2026-09-16T05:46:31.142Z,381875875000000,54000016,538970,-43996,-43992,,1126,3379,3379,15771,2,2,3379,3379,0,1,1,0,,0,3,3,0,3,4,0,0,2253,,0,2,1,
2026-09-16T05:46:31.246Z,381875968000000,54000121,538971,-44000,-43993,,1126,4506,4506,15771,2,2,4506,4506,0,1,1,0,,0,3,3,0,3,4,0,0,3380,,0,2,1,
2026-09-16T05:46:31.350Z,381876078000000,54000244,538973,-44020,-43997,,1126,9012,9012,15771,2,2,9012,9012,0,1,1,0,,0,3,3,0,3,4,0,0,7886,,0,2,1,
2026-09-16T05:46:31.453Z,381876187000000,54000345,538974,-43991,-43999,,1126,11265,11265,15771,2,2,11265,11265,0,1,1,0,,0,3,3,0,3,4,0,0,10139,,0,2,1,
2026-09-16T05:46:31.557Z,381876281000000,54000445,538975,-44003,-44000,,1126,12391,12391,15771,2,2,12391,12391,0,1,1,0,,0,3,3,0,3,4,0,0,11265,,0,2,1,
2026-09-16T05:46:31.660Z,381876390000000,54000545,538976,-44001,-44000,,1126,12391,12391,15771,2,2,12391,12391,0,1,1,0,,0,3,3,0,3,4,0,0,10138,,0,2,1,
2026-09-16T05:46:31.849Z,381876578000000,54000645,538977,-43988,-44000,,12391,12391,12391,15771,2,2,12391,12391,0,1,1,0,,0,3,3,0,3,4,0,0,9012,,0,2,1,
2026-09-16T05:46:31.953Z,381876687000000,54000845,538979,-44006,-44001,,12391,13518,13518,15771,2,2,13518,13518,0,1,1,0,,0,3,3,0,3,4,0,0,7886,,0,2,1,
2026-09-16T05:46:32.058Z,381876781000000,54000946,538980,-43989,-44001,,12391,13518,13518,15771,2,2,13518,13518,0,1,1,0,,0,3,3,0,3,4,0,0,4506,,0,2,1,
2026-09-16T05:46:32.160Z,381876890000000,54001046,538981,-43986,-43999,,12391,11265,11265,15771,2,2,11265,11265,0,1,1,0,,0,3,3,0,3,4,0,0,2253,,0,2,1,
2026-09-16T05:46:32.263Z,381876984000000,54001146,538982,-44004,-43998,,12391,10138,10138,15771,2,2,10138,10138,0,1,1,0,,0,3,3,0,3,4,0,0,3380,,0,2,1,
2026-09-16T05:46:32.368Z,381877093000000,54001246,538983,-44003,-43999,,12391,11265,11265,15771,2,2,11265,11265,0,1,1,0,,0,3,3,0,3,4,0,0,3380,,0,2,1,
2026-09-16T05:46:32.475Z,381877203000000,54001347,538984,-43980,-44000,,12391,12391,12391,15771,2,2,12391,12391,0,1,1,0,,0,3,3,0,3,4,0,0,3380,,0,2,1,
2026-09-16T05:46:32.579Z,381877312000000,54001454,538985,-43978,-43997,,12391,9012,9012,15771,2,2,9012,9012,0,1,1,0,,0,3,3,0,3,4,0,0,4506,,0,2,1,
2026-09-16T05:46:32.684Z,381877406000000,54001559,538986,-43988,-43995,,12391,6759,6759,15771,2,2,6759,6759,0,1,1,0,,0,3,3,0,3,4,0,0,6759,,0,2,1,
2026-09-16T05:46:32.877Z,381877609000000,54001664,538987,-43984,-43994,,4506,5632,5632,15771,2,2,5632,5632,0,1,1,0,,0,3,3,0,3,4,0,0,7886,,0,2,1,
2026-09-16T05:46:32.981Z,381877703000000,54001862,538989,-43988,-43992,,4506,3379,3379,15771,2,2,3379,3379,0,1,1,0,,0,3,3,0,3,4,0,0,9012,,0,2,1,
2026-09-16T05:46:33.085Z,381877812000000,54001961,538990,-43983,-43991,,4506,2253,2253,15771,2,2,2253,2253,0,1,1,0,,0,3,3,0,3,4,0,0,10138,,0,2,1,
2026-09-16T05:46:33.190Z,381877921000000,54002065,538991,-43996,-43991,,4506,2253,2253,15771,2,2,2253,2253,0,1,1,0,,0,3,3,0,3,4,0,0,10138,,0,2,1,
2026-09-16T05:46:33.293Z,381878015000000,54002170,538992,-43984,-43990,,4506,1126,1126,15771,2,2,1126,1126,0,1,1,0,,0,3,3,0,3,4,0,0,7886,,0,2,1,
2026-09-16T05:46:33.399Z,381878125000000,54002274,538993,-43977,-43989,,4506,0,0,15771,2,2,0,0,0,1,1,0,,0,3,3,0,3,4,0,0,6759,,0,2,1,
2026-09-16T05:46:33.503Z,381878234000000,54002379,538994,-43970,-43987,,4506,-2253,-2253,15771,2,2,-2253,-2253,0,1,1,0,,0,3,3,0,3,4,0,0,7885,,0,2,1,
2026-09-16T05:46:33.608Z,381878328000000,54002483,538995,-43999,-43986,,4506,-3379,-3379,15771,2,2,-3379,-3379,0,1,1,0,,0,3,3,0,3,4,0,0,7885,,0,2,1,
2026-09-16T05:46:33.712Z,381878437000000,54002587,538996,-43994,-43987,,4506,-2253,-2253,15771,2,2,-2253,-2253,0,1,1,0,,0,3,3,0,3,4,0,0,6758,,0,2,1,
2026-09-16T05:46:33.905Z,381878640000000,54002692,538997,-43987,-43988,,0,-1126,-1126,15771,2,2,-1126,-1126,0,1,1,0,,0,3,3,0,3,4,0,0,5632,,0,2,1,
2026-09-16T05:46:34.010Z,381878734000000,54002849,538999,-43992,-43989,,0,0,0,15771,2,2,0,0,0,1,1,0,,0,3,3,0,3,4,0,0,4505,,0,2,1,
2026-09-16T05:46:34.114Z,381878843000000,54002990,539000,-44001,-43991,,0,2253,2253,15771,2,2,2253,2253,0,1,1,0,,0,3,3,0,3,4,0,0,5632,,0,2,1,
2026-09-16T05:46:34.219Z,381878953000000,54003095,539001,-43989,-43991,,0,2253,2253,15771,2,2,2253,2253,0,1,1,0,,0,3,3,0,3,4,0,0,5632,,0,2,1,
2026-09-16T05:46:34.322Z,381879046000000,54003198,539002,-43984,-43991,,0,2253,2253,15771,2,2,2253,2253,0,1,1,0,,0,3,3,0,3,4,0,0,5632,,0,2,1,
2026-09-16T05:46:34.427Z,381879156000000,54003303,539003,-43992,-43991,,0,2253,2253,15771,2,2,2253,2253,0,1,1,0,,0,3,3,0,3,4,0,0,4506,,0,2,1,
2026-09-16T05:46:34.532Z,381879265000000,54003407,539004,-43998,-43991,,0,2253,2253,15771,2,2,2253,2253,0,1,1,0,,0,3,3,0,3,4,0,0,3379,,0,2,1,
2026-09-16T05:46:34.637Z,381879359000000,54003512,539005,-43989,-43991,,0,2253,2253,15771,2,2,2253,2253,0,1,1,0,,0,3,3,0,3,4,0,0,2253,,0,2,1,
2026-09-16T05:46:34.742Z,381879468000000,54003616,539006,-43983,-43991,,0,2253,2253,15771,2,2,2253,2253,0,1,1,0,,0,3,3,0,3,4,0,0,2253,,0,2,1,
2026-09-16T05:46:34.934Z,381879656000000,54003722,539007,-43991,-43991,,2253,2253,2253,15771,2,2,2253,2253,0,1,1,0,,0,3,3,0,3,4,0,0,0,,0,2,1,
2026-09-16T05:46:35.040Z,381879765000000,54003871,539009,-43983,-43991,,2253,2253,2253,15771,2,2,2253,2253,0,1,1,0,,0,3,3,0,3,4,0,0,0,,0,2,1,
2026-09-16T05:46:35.146Z,381879875000000,54004021,539010,-43991,-43991,,2253,2253,2253,15771,2,2,2253,2253,0,1,1,0,,0,3,3,0,3,4,0,0,0,,0,2,1,
2026-09-16T05:46:35.251Z,381879984000000,54004126,539011,-43987,-43990,,2253,1126,1126,15771,2,2,1126,1126,0,1,1,0,,0,3,3,0,3,4,0,0,1127,,0,2,1,
2026-09-16T05:46:35.355Z,381880078000000,54004231,539012,-43982,-43990,,2253,1126,1126,15771,2,2,1126,1126,0,1,1,0,,0,3,3,0,3,4,0,0,1127,,0,2,1,
2026-09-16T05:46:35.459Z,381880187000000,54004353,539014,-43985,-43988,,2253,-1126,-1126,15771,2,2,-1126,-1126,0,1,1,0,,0,3,3,0,3,4,0,0,3379,,0,2,1,
2026-09-16T05:46:35.563Z,381880296000000,54004453,539015,-43989,-43988,,2253,-1126,-1126,15771,2,2,-1126,-1126,0,1,1,0,,0,3,3,0,3,4,0,0,3379,,0,2,1,
2026-09-16T05:46:35.667Z,381880390000000,54004553,539016,-43986,-43988,,2253,-1126,-1126,15771,2,2,-1126,-1126,0,1,1,0,,0,3,3,0,3,4,0,0,3379,,0,2,1,
2026-09-16T05:46:35.770Z,381880500000000,54004653,539017,-43996,-43988,,2253,-1126,-1126,15771,2,2,-1126,-1126,0,1,1,0,,0,3,3,0,3,4,0,0,3379,,0,2,1,
2026-09-16T05:46:35.962Z,381880687000000,54004753,539018,-43999,-43989,,1126,0,0,15771,2,2,0,0,0,1,1,0,,0,3,3,0,3,4,0,0,2252,,0,2,1,
2026-09-16T05:46:36.065Z,381880796000000,54004954,539020,-43991,-43991,,1126,2253,2253,15771,2,2,2253,2253,0,1,1,0,,0,3,3,0,3,4,0,0,3379,,0,2,1,
2026-09-16T05:46:36.169Z,381880890000000,54005054,539021,-43972,-43991,,1126,2253,2253,15771,2,2,2253,2253,0,1,1,0,,0,3,3,0,3,4,0,0,3379,,0,2,1,
2026-09-16T05:46:36.272Z,381881000000000,54005154,539022,-43985,-43990,,1126,1126,1126,15771,2,2,1126,1126,0,1,1,0,,0,3,3,0,3,4,0,0,3379,,0,2,1,
2026-09-16T05:46:36.376Z,381881109000000,54005254,539023,-43990,-43989,,1126,0,0,15771,2,2,0,0,0,1,1,0,,0,3,3,0,3,4,0,0,3379,,0,2,1,
2026-09-16T05:46:36.481Z,381881203000000,54005357,539024,-44007,-43989,,1126,0,0,15771,2,2,0,0,0,1,1,0,,0,3,3,0,3,4,0,0,3379,,0,2,1,
2026-09-16T05:46:36.585Z,381881312000000,54005461,539025,-44016,-43991,,1126,2253,2253,15771,2,2,2253,2253,0,1,1,0,,0,3,3,0,3,4,0,0,2253,,0,2,1,
2026-09-16T05:46:36.690Z,381881421000000,54005565,539026,-43995,-43993,,1126,4506,4506,15771,2,2,4506,4506,0,1,1,0,,0,3,3,0,3,4,0,0,4506,,0,2,1,
2026-09-16T05:46:36.796Z,381881531000000,54005670,539027,-43985,-43993,,1126,4506,4506,15771,2,2,4506,4506,0,1,1,0,,0,3,3,0,3,4,0,0,4506,,0,2,1,
2026-09-16T05:46:36.989Z,381881718000000,54005776,539028,-43983,-43992,,2253,3379,3379,15771,2,2,3379,3379,0,1,1,0,,0,3,3,0,3,4,0,0,4506,,0,2,1,
2026-09-16T05:46:37.095Z,381881828000000,54005975,539030,-43988,-43991,,2253,2253,2253,15771,2,2,2253,2253,0,1,1,0,,0,3,3,0,3,4,0,0,4506,,0,2,1,
2026-09-16T05:46:37.200Z,381881921000000,54006075,539031,-43993,-43991,,2253,2253,2253,15771,2,2,2253,2253,0,1,1,0,,0,3,3,0,3,4,0,0,4506,,0,2,1,
2026-09-16T05:46:37.305Z,381882031000000,54006180,539032,-43997,-43991,,2253,2253,2253,15771,2,2,2253,2253,0,1,1,0,,0,3,3,0,3,4,0,0,2253,,0,2,1,
2026-09-16T05:46:37.409Z,381882140000000,54006285,539033,-44010,-43992,,2253,3379,3379,15771,2,2,3379,3379,0,1,1,0,,0,3,3,0,3,4,0,0,2253,,0,2,1,
2026-09-16T05:46:37.513Z,381882234000000,54006389,539034,-43987,-43993,,2253,4506,4506,15771,2,2,4506,4506,0,1,1,0,,0,3,3,0,3,4,0,0,2253,,0,2,1,
2026-09-16T05:46:37.618Z,381882343000000,54006493,539035,-43987,-43992,,2253,3379,3379,15771,2,2,3379,3379,0,1,1,0,,0,3,3,0,3,4,0,0,2253,,0,2,1,
2026-09-16T05:46:37.722Z,381882453000000,54006598,539036,-44007,-43991,,2253,2253,2253,15771,2,2,2253,2253,0,1,1,0,,0,3,3,0,3,4,0,0,2253,,0,2,1,
2026-09-16T05:46:37.826Z,381882546000000,54006702,539037,-43999,-43992,,2253,3379,3379,15771,2,2,3379,3379,0,1,1,0,,0,3,3,0,3,4,0,0,2253,,0,2,1,
2026-09-16T05:46:38.018Z,381882750000000,54006807,539038,-43979,-43993,,4506,4506,4506,15771,2,2,4506,4506,0,1,1,0,,0,3,3,0,3,4,0,0,2253,,0,2,1,
2026-09-16T05:46:38.122Z,381882843000000,54006957,539040,-44000,-43993,,4506,4506,4506,15771,2,2,4506,4506,0,1,1,0,,0,3,3,0,3,4,0,0,2253,,0,2,1,
2026-09-16T05:46:38.226Z,381882953000000,54007102,539041,-44003,-43994,,4506,5632,5632,15771,2,2,5632,5632,0,1,1,0,,0,3,3,0,3,4,0,0,3379,,0,2,1,
2026-09-16T05:46:38.330Z,381883062000000,54007206,539042,-43995,-43995,,4506,6759,6759,15771,2,2,6759,6759,0,1,1,0,,0,3,3,0,3,4,0,0,4506,,0,2,1,
2026-09-16T05:46:38.436Z,381883156000000,54007310,539043,-43986,-43995,,4506,6759,6759,15771,2,2,6759,6759,0,1,1,0,,0,3,3,0,3,4,0,0,4506,,0,2,1,
2026-09-16T05:46:38.541Z,381883265000000,54007416,539044,-43982,-43994,,4506,5632,5632,15771,2,2,5632,5632,0,1,1,0,,0,3,3,0,3,4,0,0,3380,,0,2,1,
2026-09-16T05:46:38.645Z,381883375000000,54007522,539045,-43991,-43993,,4506,4506,4506,15771,2,2,4506,4506,0,1,1,0,,0,3,3,0,3,4,0,0,2253,,0,2,1,
2026-09-16T05:46:38.749Z,381883484000000,54007625,539046,-44005,-43993,,4506,4506,4506,15771,2,2,4506,4506,0,1,1,0,,0,3,3,0,3,4,0,0,2253,,0,2,1,
2026-09-16T05:46:38.853Z,381883578000000,54007730,539047,-44003,-43994,,4506,5632,5632,15771,2,2,5632,5632,0,1,1,0,,0,3,3,0,3,4,0,0,2253,,0,2,1,
2026-09-16T05:46:39.047Z,381883781000000,54007834,539048,-43988,-43995,,9012,6759,6759,15771,2,2,6759,6759,0,1,1,0,,0,3,3,0,3,4,0,0,2253,,0,2,1,
2026-09-16T05:46:39.151Z,381883875000000,54007981,539050,-44001,-43997,,9012,9012,9012,15771,2,2,9012,9012,0,1,1,0,,0,3,3,0,3,4,0,0,4506,,0,2,1,
2026-09-16T05:46:39.255Z,381883984000000,54008131,539051,-44001,-43998,,9012,10138,10138,15771,2,2,10138,10138,0,1,1,0,,0,3,3,0,3,4,0,0,5632,,0,2,1,
2026-09-16T05:46:39.361Z,381884093000000,54008236,539052,-44005,-43998,,9012,10138,10138,15771,2,2,10138,10138,0,1,1,0,,0,3,3,0,3,4,0,0,5632,,0,2,1,
2026-09-16T05:46:39.466Z,381884187000000,54008360,539054,-44008,-44000,,9012,12391,12391,15771,2,2,12391,12391,0,1,1,0,,0,3,3,0,3,4,0,0,6759,,0,2,1,
2026-09-16T05:46:39.570Z,381884296000000,54008461,539055,-44012,-44002,,9012,14644,14644,15771,2,2,14644,14644,0,1,1,0,,0,3,3,0,3,4,0,0,7885,,0,2,1,
2026-09-16T05:46:39.672Z,381884406000000,54008561,539056,-44012,-44003,,9012,15771,15771,15771,2,2,15771,15771,0,1,1,0,,0,3,3,0,3,4,0,0,7886,,0,2,1,
2026-09-16T05:46:39.775Z,381884500000000,54008661,539057,-43991,-44004,,9012,16897,16897,15771,2,2,16897,16897,0,1,1,0,,0,3,3,0,3,4,0,0,7885,,0,2,1,
2026-09-16T05:46:39.878Z,381884609000000,54008761,539058,-43980,-44002,,9012,14644,14644,15771,2,2,14644,14644,0,1,1,0,,0,3,3,0,3,4,0,0,6759,,0,2,1,
2026-09-16T05:46:40.068Z,381884796000000,54008861,539059,-43994,-44001,,11265,13518,13518,15771,2,2,13518,13518,0,1,1,0,,0,3,3,0,3,4,0,0,6759,,0,2,1,
2026-09-16T05:46:40.170Z,381884890000000,54009062,539061,-43987,-43997,,11265,9012,9012,15771,2,2,9012,9012,0,1,1,0,,0,3,3,0,3,4,0,0,7885,,0,2,1,
2026-09-16T05:46:40.274Z,381885000000000,54009162,539062,-44001,-43996,,11265,7885,7885,15771,2,2,7885,7885,0,1,1,0,,0,3,3,0,3,4,0,0,9012,,0,2,1,
2026-09-16T05:46:40.378Z,381885109000000,54009262,539063,-43991,-43995,,11265,6759,6759,15771,2,2,6759,6759,0,1,1,0,,0,3,3,0,3,4,0,0,10138,,0,2,1,
2026-09-16T05:46:40.482Z,381885203000000,54009362,539064,-43980,-43994,,11265,5632,5632,15771,2,2,5632,5632,0,1,1,0,,0,3,3,0,3,4,0,0,11265,,0,2,1,
2026-09-16T05:46:40.586Z,381885312000000,54009462,539065,-43977,-43992,,11265,3379,3379,15771,2,2,3379,3379,0,1,1,0,,0,3,3,0,3,4,0,0,11265,,0,2,1,
2026-09-16T05:46:40.691Z,381885421000000,54009567,539066,-43995,-43990,,11265,1126,1126,15771,2,2,1126,1126,0,1,1,0,,0,3,3,0,3,4,0,0,12392,,0,2,1,
2026-09-16T05:46:40.796Z,381885531000000,54009672,539067,-43997,-43991,,11265,2253,2253,15771,2,2,2253,2253,0,1,1,0,,0,3,3,0,3,4,0,0,10139,,0,2,1,
2026-09-16T05:46:40.901Z,381885625000000,54009776,539068,-43999,-43992,,11265,3379,3379,15771,2,2,3379,3379,0,1,1,0,,0,3,3,0,3,4,0,0,7886,,0,2,1,
2026-09-16T05:46:41.094Z,381885828000000,54009881,539069,-43991,-43993,,4506,4506,4506,15771,2,2,4506,4506,0,1,1,0,,0,3,3,0,3,4,0,0,6759,,0,2,1,
2026-09-16T05:46:41.199Z,381885921000000,54010081,539071,-44006,-43993,,4506,4506,4506,15771,2,2,4506,4506,0,1,1,0,,0,3,3,0,3,4,0,0,4506,,0,2,1,
2026-09-16T05:46:41.303Z,381886031000000,54010179,539072,-44000,-43994,,4506,5632,5632,15771,2,2,5632,5632,0,1,1,0,,0,3,3,0,3,4,0,0,4506,,0,2,1,
2026-09-16T05:46:41.408Z,381886140000000,54010284,539073,-43990,-43995,,4506,6759,6759,15771,2,2,6759,6759,0,1,1,0,,0,3,3,0,3,4,0,0,5633,,0,2,1,
2026-09-16T05:46:41.511Z,381886234000000,54010387,539074,-43993,-43995,,4506,6759,6759,15771,2,2,6759,6759,0,1,1,0,,0,3,3,0,3,4,0,0,4506,,0,2,1,
2026-09-16T05:46:41.615Z,381886343000000,54010492,539075,-44003,-43995,,4506,6759,6759,15771,2,2,6759,6759,0,1,1,0,,0,3,3,0,3,4,0,0,3380,,0,2,1,
2026-09-16T05:46:41.721Z,381886453000000,54010596,539076,-44009,-43996,,4506,7885,7885,15771,2,2,7885,7885,0,1,1,0,,0,3,3,0,3,4,0,0,3379,,0,2,1,
2026-09-16T05:46:41.824Z,381886546000000,54010701,539077,-44005,-43997,,4506,9012,9012,15771,2,2,9012,9012,0,1,1,0,,0,3,3,0,3,4,0,0,4506,,0,2,1,
2026-09-16T05:46:41.930Z,381886656000000,54010805,539078,-44004,-43998,,4506,10138,10138,15771,2,2,10138,10138,0,1,1,0,,0,3,3,0,3,4,0,0,5632,,0,2,1,
2026-09-16T05:46:42.121Z,381886843000000,54010911,539079,-44000,-43999,,12391,11265,11265,15771,2,2,11265,11265,0,1,1,0,,0,3,3,0,3,4,0,0,5633,,0,2,1,
2026-09-16T05:46:42.226Z,381886953000000,54011065,539081,-44003,-44000,,12391,12391,12391,15771,2,2,12391,12391,0,1,1,0,,0,3,3,0,3,4,0,0,5632,,0,2,1,
2026-09-16T05:46:42.331Z,381887062000000,54011207,539082,-43998,-44000,,12391,12391,12391,15771,2,2,12391,12391,0,1,1,0,,0,3,3,0,3,4,0,0,5632,,0,2,1,
2026-09-16T05:46:42.435Z,381887156000000,54011311,539083,-44002,-44000,,12391,12391,12391,15771,2,2,12391,12391,0,1,1,0,,0,3,3,0,3,4,0,0,4506,,0,2,1,
2026-09-16T05:46:42.540Z,381887265000000,54011416,539084,-44002,-44000,,12391,12391,12391,15771,2,2,12391,12391,0,1,1,0,,0,3,3,0,3,4,0,0,3379,,0,2,1,
2026-09-16T05:46:42.644Z,381887375000000,54011520,539085,-43982,-44000,,12391,12391,12391,15771,2,2,12391,12391,0,1,1,0,,0,3,3,0,3,4,0,0,2253,,0,2,1,
2026-09-16T05:46:42.748Z,381887468000000,54011625,539086,-43994,-43999,,12391,11265,11265,15771,2,2,11265,11265,0,1,1,0,,0,3,3,0,3,4,0,0,1126,,0,2,1,
2026-09-16T05:46:42.852Z,381887578000000,54011729,539087,-44005,-43998,,12391,10138,10138,15771,2,2,10138,10138,0,1,1,0,,0,3,3,0,3,4,0,0,2253,,0,2,1,
2026-09-16T05:46:42.955Z,381887687000000,54011833,539088,-43999,-43998,,12391,10138,10138,15771,2,2,10138,10138,0,1,1,0,,0,3,3,0,3,4,0,0,2253,,0,2,1,
2026-09-16T05:46:43.148Z,381887875000000,54011937,539089,-44001,-43998,,10138,10138,10138,15771,2,2,10138,10138,0,1,1,0,,0,3,3,0,3,4,0,0,2253,,0,2,1,
2026-09-16T05:46:43.253Z,381887984000000,54012084,539091,-47946,-43998,,10138,10138,10138,15771,2,2,10138,10138,0,1,1,0,,0,3,3,0,3,4,0,0,2253,,0,2,1,
2026-09-16T05:46:43.359Z,381888093000000,54012233,539092,-78467,-44492,,10138,566619,566619,15771,57,2,566619,566619,0,0,1,0,,0,3,3,0,3,4,0,0,556481,,0,2,1,
2026-09-16T05:46:43.465Z,381888187000000,54012339,539093,-173656,-48739,,10138,5350774,5350774,15771,535,2,5350774,5350774,0,0,1,0,,0,3,3,0,3,4,0,0,5340636,,0,2,1,
2026-09-16T05:46:43.571Z,381888296000000,54012445,539094,-366075,-64354,,10138,22940740,22940740,15771,2294,2,22940740,22940740,0,0,1,0,,0,3,3,0,3,4,0,0,22930602,,0,2,1,
2026-09-16T05:46:43.677Z,381888406000000,54012569,539096,-487989,-148550,,10138,117785748,117785748,15771,11779,2,117785748,117785748,0,0,0,0,,0,3,3,0,3,4,0,0,117775610,,0,2,1,
2026-09-16T05:46:43.780Z,381888515000000,54012669,539097,-487890,-190968,,10138,165568725,165568725,15771,16557,2,165568725,165568725,0,0,0,0,,0,3,3,0,3,4,0,0,165558587,,0,2,1,
2026-09-16T05:46:43.883Z,381888609000000,54012770,539098,-487879,-228083,,10138,207377985,207377985,15771,20738,2,207377985,207377985,0,0,0,0,,0,3,3,0,3,4,0,0,207367847,,0,2,1,
2026-09-16T05:46:43.989Z,381888718000000,54012870,539099,-487887,-260559,,10138,243961510,243961510,15771,24396,2,243961510,243961510,0,0,0,0,,0,3,3,0,3,4,0,0,243394891,,0,2,1,
2026-09-16T05:46:44.185Z,381888906000000,54012970,539100,-487863,-288974,,303978047,275970405,275970405,303978047,27597,2,275970405,275970405,0,0,0,0,,0,3,3,0,3,4,0,0,270619631,,0,0,0,
2026-09-16T05:46:44.290Z,381889015000000,54013172,539102,-487876,-335592,,303978047,328484593,328484593,303978047,32848,2,328484593,328484593,0,0,0,0,,0,3,3,0,3,4,0,0,263058705,,0,0,0,
2026-09-16T05:46:44.397Z,381889125000000,54013271,539103,-487864,-354627,,303978047,349927117,349927117,303978047,34993,2,349927117,349927117,0,0,0,0,,0,3,3,0,3,4,0,0,232141369,,0,0,0,
2026-09-16T05:46:44.503Z,381889234000000,54013378,539104,-487882,-371283,,303978047,368689747,368689747,303978047,36869,2,368689747,368689747,0,0,0,0,,0,3,3,0,3,4,0,0,203121022,,0,0,0,
2026-09-16T05:46:44.610Z,381889343000000,54013483,539105,-487884,-385858,,303978047,385108176,385108176,303978047,38511,2,385108176,385108176,0,0,0,0,,0,3,3,0,3,4,0,0,177730191,,0,0,0,
2026-09-16T05:46:44.717Z,381889437000000,54013591,539106,-487877,-398611,,303978047,399474160,399474160,303978047,39947,2,399474160,399474160,0,0,0,0,,0,3,3,0,3,4,0,0,155512650,,0,0,0,
2026-09-16T05:46:44.823Z,381889546000000,54013697,539107,-487871,-409769,,303978047,412043410,412043410,303978047,41204,2,412043410,412043410,0,0,0,0,,0,3,3,0,3,4,0,0,136073005,,0,0,0,
2026-09-16T05:46:44.929Z,381889656000000,54013804,539108,-487877,-419533,,303978047,423042349,423042349,303978047,42304,2,423042349,423042349,0,0,0,0,,0,3,3,0,3,4,0,0,119064302,,0,0,0,
2026-09-16T05:46:45.037Z,381889765000000,54013910,539109,-487894,-428076,,303978047,432665857,432665857,303978047,43267,2,432665857,432665857,0,0,0,0,,0,3,3,0,3,4,0,0,104181264,,0,0,0,
2026-09-16T05:46:45.230Z,381889953000000,54014017,539110,-487887,-435552,,454904801,441087413,441087413,448456837,44109,2,441087413,441087413,0,0,0,0,,0,3,3,0,3,4,0,0,91160296,,0,0,0,
2026-09-16T05:46:45.337Z,381890062000000,54014171,539112,-487888,-447818,,454904801,454904801,454904801,448456837,45490,2,454904801,454904801,0,0,0,0,,0,3,3,0,3,4,0,0,69796625,,0,0,0,
2026-09-16T05:46:45.444Z,381890171000000,54014318,539113,-487910,-452827,,454904801,460547334,460547334,448456837,46055,2,460547334,460547334,0,0,0,0,,0,3,3,0,3,4,0,0,61073174,,0,0,0,
2026-09-16T05:46:45.553Z,381890281000000,54014426,539114,-487908,-457212,,454904801,465486943,465486943,448456837,46549,2,465486943,465486943,0,0,0,0,,0,3,3,0,3,4,0,0,53443533,,0,0,0,
2026-09-16T05:46:45.660Z,381890390000000,54014534,539115,-487893,-461049,,454904801,469809242,469809242,448456837,46981,2,469809242,469809242,0,0,0,0,,0,3,3,0,3,4,0,0,46766893,,0,0,0,
2026-09-16T05:46:45.767Z,381890500000000,54014641,539116,-487885,-464405,,454904801,473589705,473589705,448456837,47359,2,473589705,473589705,0,0,0,0,,0,3,3,0,3,4,0,0,40923848,,0,0,0,
2026-09-16T05:46:45.873Z,381890593000000,54014747,539117,-487888,-467340,,454904801,476895920,476895920,448456837,47690,2,476895920,476895920,0,0,0,0,,0,3,3,0,3,4,0,0,35808507,,0,0,0,
2026-09-16T05:46:45.979Z,381890703000000,54014873,539119,-487897,-472157,,454904801,482322168,482322168,448456837,48232,2,482322168,482322168,0,0,0,0,,0,3,3,0,3,4,0,0,27417367,,0,0,0,
2026-09-16T05:46:46.084Z,381890812000000,54014973,539120,-487895,-474124,,454904801,484537952,484537952,448456837,48454,2,484537952,484537952,0,0,0,0,,0,3,3,0,3,4,0,0,23990618,,0,0,0,
2026-09-16T05:46:46.276Z,381891000000000,54015073,539121,-487888,-475845,,488173099,486476622,486476622,488173099,48648,2,486476622,486476622,0,0,0,0,,0,3,3,0,3,4,0,0,20989679,,0,0,0,
2026-09-16T05:46:46.381Z,381891109000000,54015274,539123,-487898,-478669,,488173099,489657798,489657798,488173099,48966,2,489657798,489657798,0,0,0,0,,0,3,3,0,3,4,0,0,16068093,,0,0,0,
2026-09-16T05:46:46.486Z,381891218000000,54015374,539124,-487887,-479822,,488173099,490956628,490956628,488173099,49096,2,490956628,490956628,0,0,0,0,,0,3,3,0,3,4,0,0,14060708,,0,0,0,
2026-09-16T05:46:46.591Z,381891312000000,54015474,539125,-487878,-480830,,488173099,492092119,492092119,488173099,49209,2,492092119,492092119,0,0,0,0,,0,3,3,0,3,4,0,0,12302275,,0,0,0,
2026-09-16T05:46:46.698Z,381891421000000,54015574,539126,-487863,-481711,,488173099,493084547,493084547,488173099,49308,2,493084547,493084547,0,0,0,0,,0,3,3,0,3,4,0,0,10762379,,0,0,0,
2026-09-16T05:46:46.804Z,381891531000000,54015678,539127,-487876,-482482,,488173099,493953062,493953062,488173099,49395,2,493953062,493953062,0,0,0,0,,0,3,3,0,3,4,0,0,9415110,,0,0,0,
2026-09-16T05:46:46.911Z,381891640000000,54015785,539128,-487889,-483156,,488173099,494712309,494712309,488173099,49471,2,494712309,494712309,0,0,0,0,,0,3,3,0,3,4,0,0,8235687,,0,0,0,
2026-09-16T05:46:47.016Z,381891750000000,54015891,539129,-487898,-483748,,488173099,495379184,495379184,488173099,49538,2,495379184,495379184,0,0,0,0,,0,3,3,0,3,4,0,0,7206085,,0,0,0,
2026-09-16T05:46:47.123Z,381891843000000,54015998,539130,-487907,-484267,,488173099,495963827,495963827,488173099,49596,2,495963827,495963827,0,0,0,0,,0,3,3,0,3,4,0,0,6306029,,0,0,0,
2026-09-16T05:46:47.318Z,381892046000000,54016104,539131,-487897,-484721,,496922460,496475248,496475248,496922460,49648,2,496475248,496475248,0,0,0,0,,0,3,3,0,3,4,0,0,5518620,,0,0,0,
2026-09-16T05:46:47.423Z,381892156000000,54016305,539133,-487895,-485465,,496922460,497313348,497313348,496922460,49731,2,497313348,497313348,0,0,0,0,,0,3,3,0,3,4,0,0,4228801,,0,0,0,
2026-09-16T05:46:47.530Z,381892265000000,54016404,539134,-487903,-485769,,496922460,497655798,497655798,496922460,49766,2,497655798,497655798,0,0,0,0,,0,3,3,0,3,4,0,0,3702736,,0,0,0,
2026-09-16T05:46:47.636Z,381892359000000,54016511,539135,-487905,-486036,,496922460,497956567,497956567,496922460,49796,2,497956567,497956567,0,0,0,0,,0,3,3,0,3,4,0,0,3244258,,0,0,0,
2026-09-16T05:46:47.743Z,381892468000000,54016617,539136,-487898,-486269,,496922460,498219037,498219037,496922460,49822,2,498219037,498219037,0,0,0,0,,0,3,3,0,3,4,0,0,2839853,,0,0,0,
2026-09-16T05:46:47.850Z,381892578000000,54016724,539137,-487897,-486473,,496922460,498448839,498448839,496922460,49845,2,498448839,498448839,0,0,0,0,,0,3,3,0,3,4,0,0,2485012,,0,0,0,
2026-09-16T05:46:47.956Z,381892687000000,54016831,539138,-487889,-486651,,496922460,498649352,498649352,496922460,49865,2,498649352,498649352,0,0,0,0,,0,3,3,0,3,4,0,0,2174104,,0,0,0,
2026-09-16T05:46:48.064Z,381892796000000,54016937,539139,-487887,-486806,,496922460,498823956,498823956,496922460,49882,2,498823956,498823956,0,0,0,0,,0,3,3,0,3,4,0,0,1901496,,0,0,0,
2026-09-16T05:46:48.171Z,381892906000000,54017045,539140,-487884,-486941,,496922460,498976031,498976031,496922460,49898,2,498976031,498976031,0,0,0,0,,0,3,3,0,3,4,0,0,1662683,,0,0,0,
2026-09-16T05:46:48.366Z,381893093000000,54017152,539141,-487884,-487059,,499328619,499108955,499108955,499328619,49911,2,499108955,499108955,0,0,0,0,,0,3,3,0,3,4,0,0,1453157,,0,0,0,
2026-09-16T05:46:48.472Z,381893203000000,54017278,539143,-487899,-487254,,499328619,499328619,499328619,499328619,49933,2,499328619,499328619,0,0,0,0,,0,3,3,0,3,4,0,0,1109582,,0,0,0,
2026-09-16T05:46:48.579Z,381893312000000,54017453,539144,-487900,-487335,,499328619,499419863,499419863,499328619,49942,2,499419863,499419863,0,0,0,0,,0,3,3,0,3,4,0,0,971024,,0,0,0,
2026-09-16T05:46:48.684Z,381893406000000,54017578,539146,-487900,-487468,,499328619,499569685,499569685,499328619,49957,2,499569685,499569685,0,0,0,0,,0,3,3,0,3,4,0,0,745729,,0,0,0,
2026-09-16T05:46:48.789Z,381893515000000,54017678,539147,-487902,-487522,,499328619,499630515,499630515,499328619,49963,2,499630515,499630515,0,0,0,0,,0,3,3,0,3,4,0,0,654484,,0,0,0,
2026-09-16T05:46:48.895Z,381893625000000,54017779,539148,-487885,-487569,,499328619,499683459,499683459,499328619,49968,2,499683459,499683459,0,0,0,0,,0,3,3,0,3,4,0,0,574504,,0,0,0,
2026-09-16T05:46:49.001Z,381893734000000,54017879,539149,-487890,-487609,,499328619,499728519,499728519,499328619,49973,2,499728519,499728519,0,0,0,0,,0,3,3,0,3,4,0,0,503536,,0,0,0,
2026-09-16T05:46:49.110Z,381893843000000,54017983,539150,-487894,-487644,,499328619,499767945,499767945,499328619,49977,2,499767945,499767945,0,0,0,0,,0,3,3,0,3,4,0,0,439326,,0,0,0,
2026-09-16T05:46:49.217Z,381893937000000,54018090,539151,-487898,-487675,,499328619,499802866,499802866,499328619,49980,2,499802866,499802866,0,0,0,0,,0,3,3,0,3,4,0,0,383003,,0,0,0,
2026-09-16T05:46:49.413Z,381894140000000,54018197,539152,-487895,-487703,,499861443,499834408,499834408,499861443,49983,2,499834408,499834408,0,0,0,0,,0,3,3,0,3,4,0,0,334565,,0,0,0,
2026-09-16T05:46:49.518Z,381894250000000,54018400,539154,-487890,-487748,,499861443,499885099,499885099,499861443,49989,2,499885099,499885099,0,0,0,0,,0,3,3,0,3,4,0,0,254584,,0,0,0,
2026-09-16T05:46:49.627Z,381894359000000,54018500,539155,-487872,-487766,,499861443,499905376,499905376,499861443,49991,2,499905376,499905376,0,0,0,0,,0,3,3,0,3,4,0,0,221917,,0,0,0,
2026-09-16T05:46:49.732Z,381894453000000,54018607,539156,-487858,-487779,,499861443,499920020,499920020,499861443,49992,2,499920020,499920020,0,0,0,0,,0,3,3,0,3,4,0,0,191501,,0,0,0,
2026-09-16T05:46:49.838Z,381894562000000,54018713,539157,-487891,-487791,,499861443,499933538,499933538,499861443,49993,2,499933538,499933538,0,0,0,0,,0,3,3,0,3,4,0,0,165593,,0,0,0,
2026-09-16T05:46:49.945Z,381894671000000,54018819,539158,-487900,-487804,,499861443,499948182,499948182,499861443,49995,2,499948182,499948182,0,0,0,0,,0,3,3,0,3,4,0,0,145316,,0,0,0,
2026-09-16T05:46:50.052Z,381894781000000,54018926,539159,-487885,-487815,,499861443,499960573,499960573,499861443,49996,2,499960573,499960573,0,0,0,0,,0,3,3,0,3,4,0,0,126165,,0,0,0,
2026-09-16T05:46:50.159Z,381894890000000,54019034,539160,-487899,-487826,,499861443,499972965,499972965,499861443,49997,2,499972965,499972965,0,0,0,0,,0,3,3,0,3,4,0,0,111522,,0,0,0,
2026-09-16T05:46:50.266Z,381895000000000,54019140,539161,-487889,-487834,,499861443,499981976,499981976,499861443,49998,2,499981976,499981976,0,0,0,0,,0,3,3,0,3,4,0,0,96877,,0,0,0,
2026-09-16T05:46:50.462Z,381895187000000,54019247,539162,-487889,-487841,,500003379,499989862,499989862,499996621,49999,2,499989862,499989862,0,0,0,0,,0,3,3,0,3,4,0,0,84486,,0,0,0,
2026-09-16T05:46:50.568Z,381895296000000,54019398,539164,-487903,-487853,,500003379,500003379,500003379,499996621,50000,2,500003379,500003379,0,0,0,0,,0,3,3,0,3,4,0,0,69841,,0,0,0,
2026-09-16T05:46:50.674Z,381895406000000,54019549,539165,-487901,-487859,,500003379,500010138,500010138,499996621,50001,2,500010138,500010138,0,0,0,0,,0,3,3,0,3,4,0,0,61956,,0,0,0,
2026-09-16T05:46:50.781Z,381895515000000,54019656,539166,-487889,-487864,,500003379,500015771,500015771,499996621,50002,2,500015771,500015771,0,0,0,0,,0,3,3,0,3,4,0,0,55198,,0,0,0,
2026-09-16T05:46:50.887Z,381895609000000,54019783,539168,-487902,-487870,,500003379,500022530,500022530,499996621,50002,2,500022530,500022530,0,0,0,0,,0,3,3,0,3,4,0,0,40554,,0,0,0,
2026-09-16T05:46:50.992Z,381895718000000,54019883,539169,-487892,-487873,,500003379,500025909,500025909,499996621,50003,2,500025909,500025909,0,0,0,0,,0,3,3,0,3,4,0,0,36047,,0,0,0,
2026-09-16T05:46:51.097Z,381895828000000,54019983,539170,-487891,-487875,,500003379,500028162,500028162,499996621,50003,2,500028162,500028162,0,0,0,0,,0,3,3,0,3,4,0,0,31541,,0,0,0,
2026-09-16T05:46:51.202Z,381895937000000,54020083,539171,-487885,-487877,,500003379,500030415,500030415,499996621,50003,2,500030415,500030415,0,0,0,0,,0,3,3,0,3,4,0,0,27036,,0,0,0,
2026-09-16T05:46:51.308Z,381896031000000,54020184,539172,-487877,-487878,,500003379,500031541,500031541,499996621,50003,2,500031541,500031541,0,0,0,0,,0,3,3,0,3,4,0,0,21403,,0,0,0,
2026-09-16T05:46:51.504Z,381896234000000,54020290,539173,-487884,-487879,,500033794,500032668,500032668,500033794,50003,2,500032668,500032668,0,0,0,0,,0,3,3,0,3,4,0,0,16897,,0,0,0,
2026-09-16T05:46:51.609Z,381896343000000,54020492,539175,-487898,-487882,,500033794,500036047,500036047,500033794,50004,2,500036047,500036047,0,0,0,0,,0,3,3,0,3,4,0,0,13517,,0,0,0,
2026-09-16T05:46:51.717Z,381896437000000,54020591,539176,-487901,-487884,,500033794,500038300,500038300,500033794,50004,2,500038300,500038300,0,0,0,0,,0,3,3,0,3,4,0,0,12391,,0,0,0,
2026-09-16T05:46:51.822Z,381896546000000,54020698,539177,-487897,-487886,,500033794,500040553,500040553,500033794,50004,2,500040553,500040553,0,0,0,0,,0,3,3,0,3,4,0,0,12391,,0,0,0,
2026-09-16T05:46:51.928Z,381896656000000,54020803,539178,-487877,-487887,,500033794,500041680,500041680,500033794,50004,2,500041680,500041680,0,1,0,0,,0,3,3,0,3,4,0,0,11265,,0,0,0,
2026-09-16T05:46:52.034Z,381896765000000,54020909,539179,-487887,-487887,,500033794,500041680,500041680,500033794,50004,2,500041680,500041680,0,1,0,0,,0,3,3,0,3,4,0,0,10139,,0,0,0,
2026-09-16T05:46:52.139Z,381896875000000,54021016,539180,-487901,-487887,,500033794,500041680,500041680,500033794,50004,2,500041680,500041680,0,1,0,0,,0,3,3,0,3,4,0,0,9012,,0,0,0,
2026-09-16T05:46:52.245Z,381896968000000,54021121,539181,-487901,-487889,,500033794,500043933,500043933,500033794,50004,2,500043933,500043933,0,1,0,0,,0,3,3,0,3,4,0,0,10139,,0,0,0,
2026-09-16T05:46:52.351Z,381897078000000,54021226,539182,-487887,-487891,,500033794,500046186,500046186,500033794,50005,2,500046186,500046186,0,1,0,0,,0,3,3,0,3,4,0,0,10139,,0,0,0,
2026-09-16T05:46:52.546Z,381897281000000,54021332,539183,-487885,-487890,,500042806,500045059,500045059,500043933,50005,2,500045059,500045059,0,1,0,0,,0,3,3,0,3,4,0,0,7886,,0,1,0,
2026-09-16T05:46:52.651Z,381897375000000,54021486,539185,-487892,-487888,,500042806,500042806,500042806,500043933,50004,2,500042806,500042806,0,1,0,0,,0,3,3,0,3,4,0,0,4506,,0,1,0,
2026-09-16T05:46:52.756Z,381897484000000,54021633,539186,-487888,-487888,,500042806,500042806,500042806,500043933,50004,2,500042806,500042806,0,1,0,0,,0,3,3,0,3,4,0,0,4506,,0,1,0,
2026-09-16T05:46:52.861Z,381897593000000,54021738,539187,-487897,-487889,,500042806,500043933,500043933,500043933,50004,2,500043933,500043933,0,1,0,0,,0,3,3,0,3,4,0,0,4506,,0,1,0,
2026-09-16T05:46:52.968Z,381897703000000,54021843,539188,-487889,-487889,,500042806,500043933,500043933,500043933,50004,2,500043933,500043933,0,1,0,0,,0,3,3,0,3,4,0,0,3380,,0,1,0,
2026-09-16T05:46:53.075Z,381897796000000,54021949,539189,-487887,-487889,,500042806,500043933,500043933,500043933,50004,2,500043933,500043933,0,1,0,0,,0,3,3,0,3,4,0,0,3380,,0,1,0,
2026-09-16T05:46:53.181Z,381897906000000,54022057,539190,-487883,-487889,,500042806,500043933,500043933,500043933,50004,2,500043933,500043933,0,1,0,0,,0,3,3,0,3,4,0,0,2253,,0,1,0,
2026-09-16T05:46:53.288Z,381898015000000,54022163,539191,-487910,-487889,,500042806,500043933,500043933,500043933,50004,2,500043933,500043933,0,1,0,0,,0,3,3,0,3,4,0,0,1127,,0,1,0,
2026-09-16T05:46:53.393Z,381898125000000,54022288,539193,-487924,-487896,,500042806,500051818,500051818,500043933,50004,2,500051818,500051818,0,1,0,0,,0,3,3,0,3,4,0,0,9012,,0,1,0,
2026-09-16T05:46:53.586Z,381898312000000,54022388,539194,-487907,-487900,,500057450,500056324,500056324,500043933,50004,2,500056324,500056324,0,1,0,0,,0,3,3,0,3,4,0,0,12391,,0,2,1,
2026-09-16T05:46:53.693Z,381898421000000,54022488,539195,-487899,-487901,,500057450,500057450,500057450,500043933,50004,2,500057450,500057450,0,1,0,0,,0,3,3,0,3,4,0,0,13517,,0,2,1,
2026-09-16T05:46:53.797Z,381898531000000,54022688,539197,-487907,-487901,,500057450,500057450,500057450,500043933,50004,2,500057450,500057450,0,1,0,0,,0,3,3,0,3,4,0,0,13517,,0,2,1,
2026-09-16T05:46:53.901Z,381898625000000,54022789,539198,-487902,-487901,,500057450,500057450,500057450,500043933,50004,2,500057450,500057450,0,1,0,0,,0,3,3,0,3,4,0,0,13517,,0,2,1,
2026-09-16T05:46:54.005Z,381898734000000,54022889,539199,-487896,-487901,,500057450,500057450,500057450,500043933,50004,2,500057450,500057450,0,1,0,0,,0,3,3,0,3,4,0,0,10138,,0,2,1,
2026-09-16T05:46:54.113Z,381898843000000,54022989,539200,-487891,-487900,,500057450,500056324,500056324,500043933,50004,2,500056324,500056324,0,1,0,0,,0,3,3,0,3,4,0,0,5632,,0,2,1,
2026-09-16T05:46:54.219Z,381898953000000,54023094,539201,-487910,-487899,,500057450,500055197,500055197,500043933,50004,2,500055197,500055197,0,1,0,0,,0,3,3,0,3,4,0,0,2253,,0,2,1,
2026-09-16T05:46:54.325Z,381899046000000,54023200,539202,-487884,-487898,,500057450,500054071,500054071,500043933,50004,2,500054071,500054071,0,1,0,0,,0,3,3,0,3,4,0,0,3379,,0,2,1,
2026-09-16T05:46:54.432Z,381899156000000,54023307,539203,-487881,-487896,,500057450,500051818,500051818,500043933,50004,2,500051818,500051818,0,1,0,0,,0,3,3,0,3,4,0,0,5632,,0,2,1,
2026-09-16T05:46:54.627Z,381899359000000,54023413,539204,-487883,-487894,,500048439,500049565,500049565,500043933,50004,2,500049565,500049565,0,1,0,0,,0,3,3,0,3,4,0,0,7885,,0,2,1,
2026-09-16T05:46:54.731Z,381899453000000,54023614,539206,-487909,-487894,,500048439,500049565,500049565,500043933,50004,2,500049565,500049565,0,1,0,0,,0,3,3,0,3,4,0,0,9011,,0,2,1,
2026-09-16T05:46:54.837Z,381899562000000,54023714,539207,-487907,-487896,,500048439,500051818,500051818,500043933,50004,2,500051818,500051818,0,1,0,0,,0,3,3,0,3,4,0,0,7885,,0,2,1,
2026-09-16T05:46:54.944Z,381899671000000,54023819,539208,-487905,-487897,,500048439,500052945,500052945,500043933,50004,2,500052945,500052945,0,1,0,0,,0,3,3,0,3,4,0,0,6758,,0,2,1,
2026-09-16T05:46:55.050Z,381899781000000,54023925,539209,-487893,-487898,,500048439,500054071,500054071,500043933,50004,2,500054071,500054071,0,1,0,0,,0,3,3,0,3,4,0,0,5632,,0,2,1,
2026-09-16T05:46:55.156Z,381899890000000,54024032,539210,-487895,-487898,,500048439,500054071,500054071,500043933,50004,2,500054071,500054071,0,1,0,0,,0,3,3,0,3,4,0,0,5632,,0,2,1,
2026-09-16T05:46:55.262Z,381899984000000,54024137,539211,-487916,-487898,,500048439,500054071,500054071,500043933,50004,2,500054071,500054071,0,1,0,0,,0,3,3,0,3,4,0,0,5632,,0,2,1,
2026-09-16T05:46:55.369Z,381900093000000,54024244,539212,-487915,-487900,,500048439,500056324,500056324,500043933,50004,2,500056324,500056324,0,1,0,0,,0,3,3,0,3,4,0,0,7885,,0,2,1,
2026-09-16T05:46:55.474Z,381900203000000,54024350,539213,-487907,-487902,,500048439,500058577,500058577,500043933,50004,2,500058577,500058577,0,1,0,0,,0,3,3,0,3,4,0,0,9012,,0,2,1,
2026-09-16T05:46:55.668Z,381900390000000,54024456,539214,-487896,-487903,,500059703,500059703,500059703,500043933,50004,2,500059703,500059703,0,1,0,0,,0,3,3,0,3,4,0,0,7885,,0,2,1,
2026-09-16T05:46:55.773Z,381900500000000,54024604,539216,-487912,-487903,,500059703,500059703,500059703,500043933,50004,2,500059703,500059703,0,1,0,0,,0,3,3,0,3,4,0,0,5632,,0,2,1,
2026-09-16T05:46:55.880Z,381900609000000,54024755,539217,-487918,-487904,,500059703,500060830,500060830,500043933,50004,2,500060830,500060830,0,1,0,0,,0,3,3,0,3,4,0,0,6759,,0,2,1,
2026-09-16T05:46:55.987Z,381900718000000,54024862,539218,-487908,-487905,,500059703,500061956,500061956,500043933,50004,2,500061956,500061956,0,1,0,0,,0,3,3,0,3,4,0,0,7885,,0,2,1,
2026-09-16T05:46:56.093Z,381900828000000,54024967,539219,-487922,-487907,,500059703,500064209,500064209,500043933,50004,2,500064209,500064209,0,1,0,0,,0,3,3,0,3,4,0,0,7885,,0,2,1,
2026-09-16T05:46:56.198Z,381900921000000,54025094,539221,-487917,-487911,,500059703,500068715,500068715,500043933,50004,2,500068715,500068715,0,1,0,0,,0,3,3,0,3,4,0,0,9012,,0,2,1,
2026-09-16T05:46:56.302Z,381901031000000,54025194,539222,-487907,-487912,,500059703,500069842,500069842,500043933,50004,2,500069842,500069842,0,1,0,0,,0,3,3,0,3,4,0,0,10139,,0,2,1,
2026-09-16T05:46:56.407Z,381901140000000,54025294,539223,-487902,-487911,,500059703,500068715,500068715,500043933,50004,2,500068715,500068715,0,1,0,0,,0,3,3,0,3,4,0,0,10139,,0,2,1,
2026-09-16T05:46:56.512Z,381901234000000,54025394,539224,-487918,-487910,,500059703,500067589,500067589,500043933,50004,2,500067589,500067589,0,1,0,0,,0,3,3,0,3,4,0,0,9012,,0,2,1,
2026-09-16T05:46:56.705Z,381901437000000,54025494,539225,-487894,-487909,,500064209,500066462,500066462,500043933,50004,2,500066462,500066462,0,1,0,0,,0,3,3,0,3,4,0,0,7886,,0,2,1,
2026-09-16T05:46:56.809Z,381901531000000,54025695,539227,-487892,-487905,,500064209,500061956,500061956,500043933,50004,2,500061956,500061956,0,1,0,0,,0,3,3,0,3,4,0,0,7886,,0,2,1,
2026-09-16T05:46:56.915Z,381901640000000,54025795,539228,-487888,-487903,,500064209,500059703,500059703,500043933,50004,2,500059703,500059703,0,1,0,0,,0,3,3,0,3,4,0,0,10139,,0,2,1,
2026-09-16T05:46:57.021Z,381901750000000,54025897,539229,-487888,-487901,,500064209,500057450,500057450,500043933,50004,2,500057450,500057450,0,1,0,0,,0,3,3,0,3,4,0,0,12392,,0,2,1,
2026-09-16T05:46:57.127Z,381901859000000,54026003,539230,-487914,-487899,,500064209,500055197,500055197,500043933,50004,2,500055197,500055197,0,1,0,0,,0,3,3,0,3,4,0,0,13518,,0,2,1,
2026-09-16T05:46:57.232Z,381901953000000,54026109,539231,-487910,-487900,,500064209,500056324,500056324,500043933,50004,2,500056324,500056324,0,1,0,0,,0,3,3,0,3,4,0,0,12392,,0,2,1,
2026-09-16T05:46:57.338Z,381902062000000,54026214,539232,-487892,-487901,,500064209,500057450,500057450,500043933,50004,2,500057450,500057450,0,1,0,0,,0,3,3,0,3,4,0,0,11265,,0,2,1,
2026-09-16T05:46:57.444Z,381902171000000,54026319,539233,-487886,-487900,,500064209,500056324,500056324,500043933,50004,2,500056324,500056324,0,1,0,0,,0,3,3,0,3,4,0,0,9012,,0,2,1,
2026-09-16T05:46:57.550Z,381902281000000,54026425,539234,-487895,-487899,,500064209,500055197,500055197,500043933,50004,2,500055197,500055197,0,1,0,0,,0,3,3,0,3,4,0,0,6759,,0,2,1,
2026-09-16T05:46:57.744Z,381902468000000,54026532,539235,-487892,-487898,,500054071,500054071,500054071,500043933,50004,2,500054071,500054071,0,1,0,0,,0,3,3,0,3,4,0,0,5632,,0,2,1,
2026-09-16T05:46:57.849Z,381902578000000,54026732,539237,-487901,-487898,,500054071,500054071,500054071,500043933,50004,2,500054071,500054071,0,1,0,0,,0,3,3,0,3,4,0,0,3379,,0,2,1,
2026-09-16T05:46:57.955Z,381902687000000,54026832,539238,-487910,-487899,,500054071,500055197,500055197,500043933,50004,2,500055197,500055197,0,1,0,0,,0,3,3,0,3,4,0,0,3379,,0,2,1,
2026-09-16T05:46:58.062Z,381902796000000,54026937,539239,-487892,-487899,,500054071,500055197,500055197,500043933,50004,2,500055197,500055197,0,1,0,0,,0,3,3,0,3,4,0,0,3379,,0,2,1,
2026-09-16T05:46:58.167Z,381902890000000,54027044,539240,-487902,-487899,,500054071,500055197,500055197,500043933,50004,2,500055197,500055197,0,1,0,0,,0,3,3,0,3,4,0,0,2253,,0,2,1,
2026-09-16T05:46:58.274Z,381903000000000,54027150,539241,-487907,-487899,,500054071,500055197,500055197,500043933,50004,2,500055197,500055197,0,1,0,0,,0,3,3,0,3,4,0,0,1126,,0,2,1,
2026-09-16T05:46:58.379Z,381903109000000,54027256,539242,-487896,-487899,,500054071,500055197,500055197,500043933,50004,2,500055197,500055197,0,1,0,0,,0,3,3,0,3,4,0,0,1126,,0,2,1,
2026-09-16T05:46:58.485Z,381903218000000,54027361,539243,-487881,-487899,,500054071,500055197,500055197,500043933,50004,2,500055197,500055197,0,1,0,0,,0,3,3,0,3,4,0,0,1126,,0,2,1,
2026-09-16T05:46:58.591Z,381903312000000,54027467,539244,-487893,-487898,,500054071,500054071,500054071,500043933,50004,2,500054071,500054071,0,1,0,0,,0,3,3,0,3,4,0,0,1126,,0,2,1,
2026-09-16T05:46:58.785Z,381903515000000,54027574,539245,-487900,-487897,,500052945,500052945,500052945,500043933,50004,2,500052945,500052945,0,1,0,0,,0,3,3,0,3,4,0,0,2252,,0,2,1,
2026-09-16T05:46:58.892Z,381903625000000,54027722,539247,-487916,-487897,,500052945,500052945,500052945,500043933,50004,2,500052945,500052945,0,1,0,0,,0,3,3,0,3,4,0,0,2252,,0,2,1,
2026-09-16T05:46:58.997Z,381903718000000,54027874,539248,-487902,-487898,,500052945,500054071,500054071,500043933,50004,2,500054071,500054071,0,1,0,0,,0,3,3,0,3,4,0,0,2252,,0,2,1,
2026-09-16T05:46:59.102Z,381903828000000,54027979,539249,-487886,-487899,,500052945,500055197,500055197,500043933,50004,2,500055197,500055197,0,1,0,0,,0,3,3,0,3,4,0,0,2252,,0,2,1,
2026-09-16T05:46:59.207Z,381903937000000,54028100,539251,-487890,-487896,,500052945,500051818,500051818,500043933,50004,2,500051818,500051818,0,1,0,0,,0,3,3,0,3,4,0,0,3379,,0,2,1,
2026-09-16T05:46:59.311Z,381904031000000,54028200,539252,-487889,-487895,,500052945,500050692,500050692,500043933,50004,2,500050692,500050692,0,1,0,0,,0,3,3,0,3,4,0,0,4505,,0,2,1,
2026-09-16T05:46:59.415Z,381904140000000,54028300,539253,-487887,-487894,,500052945,500049565,500049565,500043933,50004,2,500049565,500049565,0,1,0,0,,0,3,3,0,3,4,0,0,5632,,0,2,1,
2026-09-16T05:46:59.522Z,381904250000000,54028401,539254,-487903,-487893,,500052945,500048439,500048439,500043933,50004,2,500048439,500048439,0,1,0,0,,0,3,3,0,3,4,0,0,6758,,0,2,1,
2026-09-16T05:46:59.628Z,381904359000000,54028503,539255,-487896,-487893,,500052945,500048439,500048439,500043933,50004,2,500048439,500048439,0,1,0,0,,0,3,3,0,3,4,0,0,6758,,0,2,1,
2026-09-16T05:46:59.824Z,381904546000000,54028609,539256,-487886,-487893,,500048439,500048439,500048439,500043933,50004,2,500048439,500048439,0,1,0,0,,0,3,3,0,3,4,0,0,6758,,0,2,1,
2026-09-16T05:46:59.929Z,381904656000000,54028812,539258,-487894,-487893,,500048439,500048439,500048439,500043933,50004,2,500048439,500048439,0,1,0,0,,0,3,3,0,3,4,0,0,3379,,0,2,1,
2026-09-16T05:47:00.036Z,381904765000000,54028911,539259,-487891,-487893,,500048439,500048439,500048439,500043933,50004,2,500048439,500048439,0,1,0,0,,0,3,3,0,3,4,0,0,2253,,0,2,1,
2026-09-16T05:47:00.143Z,381904875000000,54029017,539260,-487895,-487893,,500048439,500048439,500048439,500043933,50004,2,500048439,500048439,0,1,0,0,,0,3,3,0,3,4,0,0,1126,,0,2,1,
2026-09-16T05:47:00.250Z,381904984000000,54029125,539261,-487906,-487893,,500048439,500048439,500048439,500043933,50004,2,500048439,500048439,0,1,0,0,,0,3,3,0,3,4,0,0,0,,0,2,1,
2026-09-16T05:47:00.356Z,381905078000000,54029231,539262,-487901,-487894,,500048439,500049565,500049565,500043933,50004,2,500049565,500049565,0,1,0,0,,0,3,3,0,3,4,0,0,1126,,0,2,1,
2026-09-16T05:47:00.462Z,381905187000000,54029338,539263,-487922,-487896,,500048439,500051818,500051818,500043933,50004,2,500051818,500051818,0,1,0,0,,0,3,3,0,3,4,0,0,3379,,0,2,1,
2026-09-16T05:47:00.568Z,381905296000000,54029445,539264,-487934,-487899,,500048439,500055197,500055197,500043933,50004,2,500055197,500055197,0,1,0,0,,0,3,3,0,3,4,0,0,6758,,0,2,1,
2026-09-16T05:47:00.674Z,381905406000000,54029551,539265,-487920,-487902,,500048439,500058577,500058577,500043933,50004,2,500058577,500058577,0,1,0,0,,0,3,3,0,3,4,0,0,10138,,0,2,1,
2026-09-16T05:47:00.870Z,381905593000000,54029657,539266,-487929,-487905,,500065336,500061956,500061956,500043933,50004,2,500061956,500061956,0,1,0,0,,0,3,3,0,3,4,0,0,13517,,0,2,1,
2026-09-16T05:47:00.975Z,381905703000000,54029805,539268,-487911,-487908,,500065336,500065336,500065336,500043933,50004,2,500065336,500065336,0,1,0,0,,0,3,3,0,3,4,0,0,16897,,0,2,1,
2026-09-16T05:47:01.081Z,381905812000000,54029958,539269,-487911,-487908,,500065336,500065336,500065336,500043933,50004,2,500065336,500065336,0,1,0,0,,0,3,3,0,3,4,0,0,15771,,0,2,1,
2026-09-16T05:47:01.187Z,381905921000000,54030064,539270,-487911,-487908,,500065336,500065336,500065336,500043933,50004,2,500065336,500065336,0,1,0,0,,0,3,3,0,3,4,0,0,13518,,0,2,1,
2026-09-16T05:47:01.293Z,381906015000000,54030169,539271,-487917,-487908,,500065336,500065336,500065336,500043933,50004,2,500065336,500065336,0,1,0,0,,0,3,3,0,3,4,0,0,10139,,0,2,1,
2026-09-16T05:47:01.399Z,381906125000000,54030275,539272,-487902,-487908,,500065336,500065336,500065336,500043933,50004,2,500065336,500065336,0,1,0,0,,0,3,3,0,3,4,0,0,6759,,0,2,1,
2026-09-16T05:47:01.505Z,381906234000000,54030381,539273,-487887,-487907,,500065336,500064209,500064209,500043933,50004,2,500064209,500064209,0,1,0,0,,0,3,3,0,3,4,0,0,3380,,0,2,1,
2026-09-16T05:47:01.611Z,381906343000000,54030505,539275,-487914,-487903,,500065336,500059703,500059703,500043933,50004,2,500059703,500059703,0,1,0,0,,0,3,3,0,3,4,0,0,5633,,0,2,1,
2026-09-16T05:47:01.716Z,381906437000000,54030605,539276,-487914,-487904,,500065336,500060830,500060830,500043933,50004,2,500060830,500060830,0,1,0,0,,0,3,3,0,3,4,0,0,5633,,0,2,1,
2026-09-16T05:47:01.909Z,381906640000000,54030705,539277,-487907,-487905,,500061956,500061956,500061956,500043933,50004,2,500061956,500061956,0,1,0,0,,0,3,3,0,3,4,0,0,5633,,0,2,1,
2026-09-16T05:47:02.014Z,381906734000000,54030906,539279,-487895,-487905,,500061956,500061956,500061956,500043933,50004,2,500061956,500061956,0,1,0,0,,0,3,3,0,3,4,0,0,5633,,0,2,1,
2026-09-16T05:47:02.118Z,381906843000000,54031006,539280,-487903,-487905,,500061956,500061956,500061956,500043933,50004,2,500061956,500061956,0,1,0,0,,0,3,3,0,3,4,0,0,4506,,0,2,1,
2026-09-16T05:47:02.225Z,381906953000000,54031106,539281,-487900,-487904,,500061956,500060830,500060830,500043933,50004,2,500060830,500060830,0,1,0,0,,0,3,3,0,3,4,0,0,2253,,0,2,1,
2026-09-16T05:47:02.331Z,381907062000000,54031207,539282,-487885,-487903,,500061956,500059703,500059703,500043933,50004,2,500059703,500059703,0,1,0,0,,0,3,3,0,3,4,0,0,2253,,0,2,1,
2026-09-16T05:47:02.437Z,381907171000000,54031313,539283,-487905,-487903,,500061956,500059703,500059703,500043933,50004,2,500059703,500059703,0,1,0,0,,0,3,3,0,3,4,0,0,2253,,0,2,1,
2026-09-16T05:47:02.545Z,381907265000000,54031420,539284,-487888,-487901,,500061956,500057450,500057450,500043933,50004,2,500057450,500057450,0,1,0,0,,0,3,3,0,3,4,0,0,4506,,0,2,1,
2026-09-16T05:47:02.651Z,381907375000000,54031526,539285,-487891,-487900,,500061956,500056324,500056324,500043933,50004,2,500056324,500056324,0,1,0,0,,0,3,3,0,3,4,0,0,5632,,0,2,1,
2026-09-16T05:47:02.757Z,381907484000000,54031633,539286,-487893,-487899,,500061956,500055197,500055197,500043933,50004,2,500055197,500055197,0,1,0,0,,0,3,3,0,3,4,0,0,6759,,0,2,1,
2026-09-16T05:47:02.951Z,381907671000000,54031739,539287,-487893,-487898,,500052945,500054071,500054071,500043933,50004,2,500054071,500054071,0,1,0,0,,0,3,3,0,3,4,0,0,7885,,0,2,1,
2026-09-16T05:47:03.057Z,381907781000000,54031939,539289,-487904,-487897,,500052945,500052945,500052945,500043933,50004,2,500052945,500052945,0,1,0,0,,0,3,3,0,3,4,0,0,6758,,0,2,1,
2026-09-16T05:47:03.162Z,381907890000000,54032040,539290,-487914,-487898,,500052945,500054071,500054071,500043933,50004,2,500054071,500054071,0,1,0,0,,0,3,3,0,3,4,0,0,6758,,0,2,1,
2026-09-16T05:47:03.268Z,381908000000000,54032145,539291,-487913,-487900,,500052945,500056324,500056324,500043933,50004,2,500056324,500056324,0,1,0,0,,0,3,3,0,3,4,0,0,4505,,0,2,1,
2026-09-16T05:47:03.374Z,381908109000000,54032251,539292,-487898,-487902,,500052945,500058577,500058577,500043933,50004,2,500058577,500058577,0,1,0,0,,0,3,3,0,3,4,0,0,5632,,0,2,1,
2026-09-16T05:47:03.479Z,381908203000000,54032356,539293,-487880,-487901,,500052945,500057450,500057450,500043933,50004,2,500057450,500057450,0,1,0,0,,0,3,3,0,3,4,0,0,5632,,0,2,1,
2026-09-16T05:47:03.585Z,381908312000000,54032462,539294,-487901,-487901,,500052945,500057450,500057450,500043933,50004,2,500057450,500057450,0,1,0,0,,0,3,3,0,3,4,0,0,5632,,0,2,1,
2026-09-16T05:47:03.691Z,381908421000000,54032567,539295,-487902,-487901,,500052945,500057450,500057450,500043933,50004,2,500057450,500057450,0,1,0,0,,0,3,3,0,3,4,0,0,5632,,0,2,1,
2026-09-16T05:47:03.798Z,381908531000000,54032674,539296,-487907,-487901,,500052945,500057450,500057450,500043933,50004,2,500057450,500057450,0,1,0,0,,0,3,3,0,3,4,0,0,5632,,0,2,1,
2026-09-16T05:47:03.992Z,381908718000000,54032779,539297,-487915,-487902,,500060830,500058577,500058577,500043933,50004,2,500058577,500058577,0,1,0,0,,0,3,3,0,3,4,0,0,4506,,0,2,1,
2026-09-16T05:47:04.098Z,381908828000000,54032929,539299,-487911,-487904,,500060830,500060830,500060830,500043933,50004,2,500060830,500060830,0,1,0,0,,0,3,3,0,3,4,0,0,3380,,0,2,1,
2026-09-16T05:47:04.204Z,381908937000000,54033081,539300,-487891,-487905,,500060830,500061956,500061956,500043933,50004,2,500061956,500061956,0,1,0,0,,0,3,3,0,3,4,0,0,4506,,0,2,1,
2026-09-16T05:47:04.310Z,381909031000000,54033185,539301,-487882,-487903,,500060830,500059703,500059703,500043933,50004,2,500059703,500059703,0,1,0,0,,0,3,3,0,3,4,0,0,4506,,0,2,1,
2026-09-16T05:47:04.414Z,381909140000000,54033311,539303,-487917,-487902,,500060830,500058577,500058577,500043933,50004,2,500058577,500058577,0,1,0,0,,0,3,3,0,3,4,0,0,4506,,0,2,1,
2026-09-16T05:47:04.519Z,381909250000000,54033411,539304,-487910,-487903,,500060830,500059703,500059703,500043933,50004,2,500059703,500059703,0,1,0,0,,0,3,3,0,3,4,0,0,4506,,0,2,1,
2026-09-16T05:47:04.623Z,381909343000000,54033511,539305,-487901,-487904,,500060830,500060830,500060830,500043933,50004,2,500060830,500060830,0,1,0,0,,0,3,3,0,3,4,0,0,4506,,0,2,1,
2026-09-16T05:47:04.727Z,381909453000000,54033611,539306,-487899,-487904,,500060830,500060830,500060830,500043933,50004,2,500060830,500060830,0,1,0,0,,0,3,3,0,3,4,0,0,4506,,0,2,1,
2026-09-16T05:47:04.834Z,381909562000000,54033712,539307,-487885,-487903,,500060830,500059703,500059703,500043933,50004,2,500059703,500059703,0,1,0,0,,0,3,3,0,3,4,0,0,4506,,0,2,1,
2026-09-16T05:47:05.027Z,381909750000000,54033816,539308,-487892,-487902,,500056324,500058577,500058577,500043933,50004,2,500058577,500058577,0,1,0,0,,0,3,3,0,3,4,0,0,3380,,0,2,1,
2026-09-16T05:47:05.133Z,381909859000000,54034015,539310,-487883,-487898,,500056324,500054071,500054071,500043933,50004,2,500054071,500054071,0,1,0,0,,0,3,3,0,3,4,0,0,6759,,0,2,1,
2026-09-16T05:47:05.239Z,381909968000000,54034115,539311,-487886,-487896,,500056324,500051818,500051818,500043933,50004,2,500051818,500051818,0,1,0,0,,0,3,3,0,3,4,0,0,9012,,0,2,1,
2026-09-16T05:47:05.344Z,381910078000000,54034221,539312,-487876,-487894,,500056324,500049565,500049565,500043933,50004,2,500049565,500049565,0,1,0,0,,0,3,3,0,3,4,0,0,11265,,0,2,1,
2026-09-16T05:47:05.451Z,381910171000000,54034327,539313,-487875,-487892,,500056324,500047312,500047312,500043933,50004,2,500047312,500047312,0,1,0,0,,0,3,3,0,3,4,0,0,13518,,0,2,1,
2026-09-16T05:47:05.557Z,381910281000000,54034433,539314,-487888,-487890,,500056324,500045059,500045059,500043933,50004,2,500045059,500045059,0,1,0,0,,0,3,3,0,3,4,0,0,14644,,0,2,1,
2026-09-16T05:47:05.664Z,381910390000000,54034540,539315,-487916,-487890,,500056324,500045059,500045059,500043933,50004,2,500045059,500045059,0,1,0,0,,0,3,3,0,3,4,0,0,13518,,0,2,1,
2026-09-16T05:47:05.769Z,381910500000000,54034646,539316,-487910,-487893,,500056324,500048439,500048439,500043933,50004,2,500048439,500048439,0,1,0,0,,0,3,3,0,3,4,0,0,11265,,0,2,1,
2026-09-16T05:47:05.875Z,381910609000000,54034752,539317,-487897,-487895,,500056324,500050692,500050692,500043933,50004,2,500050692,500050692,0,1,0,0,,0,3,3,0,3,4,0,0,9012,,0,2,1,
2026-09-16T05:47:06.070Z,381910796000000,54034857,539318,-487886,-487895,,500048439,500050692,500050692,500043933,50004,2,500050692,500050692,0,1,0,0,,0,3,3,0,3,4,0,0,6759,,0,2,1,
2026-09-16T05:47:06.176Z,381910906000000,54035014,539320,-487904,-487893,,500048439,500048439,500048439,500043933,50004,2,500048439,500048439,0,1,0,0,,0,3,3,0,3,4,0,0,5633,,0,2,1,
2026-09-16T05:47:06.282Z,381911015000000,54035159,539321,-487902,-487894,,500048439,500049565,500049565,500043933,50004,2,500049565,500049565,0,1,0,0,,0,3,3,0,3,4,0,0,5633,,0,2,1,
2026-09-16T05:47:06.387Z,381911109000000,54035265,539322,-487891,-487895,,500048439,500050692,500050692,500043933,50004,2,500050692,500050692,0,1,0,0,,0,3,3,0,3,4,0,0,5633,,0,2,1,
2026-09-16T05:47:06.492Z,381911218000000,54035370,539323,-487890,-487894,,500048439,500049565,500049565,500043933,50004,2,500049565,500049565,0,1,0,0,,0,3,3,0,3,4,0,0,2253,,0,2,1,
2026-09-16T05:47:06.598Z,381911328000000,54035476,539324,-487883,-487893,,500048439,500048439,500048439,500043933,50004,2,500048439,500048439,0,1,0,0,,0,3,3,0,3,4,0,0,2253,,0,2,1,
2026-09-16T05:47:06.704Z,381911437000000,54035581,539325,-487903,-487893,,500048439,500048439,500048439,500043933,50004,2,500048439,500048439,0,1,0,0,,0,3,3,0,3,4,0,0,2253,,0,2,1,
2026-09-16T05:47:06.810Z,381911531000000,54035686,539326,-487890,-487893,,500048439,500048439,500048439,500043933,50004,2,500048439,500048439,0,1,0,0,,0,3,3,0,3,4,0,0,2253,,0,2,1,
2026-09-16T05:47:06.916Z,381911640000000,54035792,539327,-487880,-487893,,500048439,500048439,500048439,500043933,50004,2,500048439,500048439,0,1,0,0,,0,3,3,0,3,4,0,0,2253,,0,2,1,
2026-09-16T05:47:07.110Z,381911843000000,54035916,539329,-487887,-487892,,500047312,500047312,500047312,500043933,50004,2,500047312,500047312,0,1,0,0,,0,3,3,0,3,4,0,0,3380,,0,2,1,
2026-09-16T05:47:07.216Z,381911937000000,54036017,539330,-487893,-487892,,500047312,500047312,500047312,500043933,50004,2,500047312,500047312,0,1,0,0,,0,3,3,0,3,4,0,0,2253,,0,2,1,
2026-09-16T05:47:07.320Z,381912046000000,54036217,539332,-487898,-487893,,500047312,500048439,500048439,500043933,50004,2,500048439,500048439,0,1,0,0,,0,3,3,0,3,4,0,0,1127,,0,2,1,
2026-09-16T05:47:07.424Z,381912156000000,54036317,539333,-487898,-487894,,500047312,500049565,500049565,500043933,50004,2,500049565,500049565,0,1,0,0,,0,3,3,0,3,4,0,0,2253,,0,2,1,
2026-09-16T05:47:07.530Z,381912250000000,54036417,539334,-487892,-487895,,500047312,500050692,500050692,500043933,50004,2,500050692,500050692,0,1,0,0,,0,3,3,0,3,4,0,0,3380,,0,2,1,
2026-09-16T05:47:07.635Z,381912359000000,54036517,539335,-487904,-487895,,500047312,500050692,500050692,500043933,50004,2,500050692,500050692,0,1,0,0,,0,3,3,0,3,4,0,0,3380,,0,2,1,
2026-09-16T05:47:07.742Z,381912468000000,54036618,539336,-487898,-487895,,500047312,500050692,500050692,500043933,50004,2,500050692,500050692,0,1,0,0,,0,3,3,0,3,4,0,0,3380,,0,2,1,
2026-09-16T05:47:07.847Z,381912578000000,54036724,539337,-487892,-487895,,500047312,500050692,500050692,500043933,50004,2,500050692,500050692,0,1,0,0,,0,3,3,0,3,4,0,0,3380,,0,2,1,
2026-09-16T05:47:07.955Z,381912687000000,54036830,539338,-487890,-487895,,500047312,500050692,500050692,500043933,50004,2,500050692,500050692,0,1,0,0,,0,3,3,0,3,4,0,0,3380,,0,2,1,
2026-09-16T05:47:08.152Z,381912875000000,54036937,539339,-487888,-487894,,500048439,500049565,500049565,500043933,50004,2,500049565,500049565,0,1,0,0,,0,3,3,0,3,4,0,0,2253,,0,2,1,
2026-09-16T05:47:08.257Z,381912984000000,54037139,539341,-487905,-487892,,500048439,500047312,500047312,500043933,50004,2,500047312,500047312,0,1,0,0,,0,3,3,0,3,4,0,0,3380,,0,2,1,
2026-09-16T05:47:08.363Z,381913093000000,54037240,539342,-487900,-487893,,500048439,500048439,500048439,500043933,50004,2,500048439,500048439,0,1,0,0,,0,3,3,0,3,4,0,0,3380,,0,2,1,
2026-09-16T05:47:08.468Z,381913203000000,54037345,539343,-487882,-487894,,500048439,500049565,500049565,500043933,50004,2,500049565,500049565,0,1,0,0,,0,3,3,0,3,4,0,0,3380,,0,2,1,
2026-09-16T05:47:08.574Z,381913296000000,54037451,539344,-487869,-487892,,500048439,500047312,500047312,500043933,50004,2,500047312,500047312,0,1,0,0,,0,3,3,0,3,4,0,0,3380,,0,2,1,
2026-09-16T05:47:08.681Z,381913406000000,54037557,539345,-487889,-487891,,500048439,500046186,500046186,500043933,50004,2,500046186,500046186,0,1,0,0,,0,3,3,0,3,4,0,0,4506,,0,2,1,
2026-09-16T05:47:08.787Z,381913515000000,54037663,539346,-487886,-487890,,500048439,500045059,500045059,500043933,50004,2,500045059,500045059,0,1,0,0,,0,3,3,0,3,4,0,0,4506,,0,2,1,
2026-09-16T05:47:08.893Z,381913625000000,54037769,539347,-487889,-487890,,500048439,500045059,500045059,500043933,50004,2,500045059,500045059,0,1,0,0,,0,3,3,0,3,4,0,0,4506,,0,2,1,
2026-09-16T05:47:08.999Z,381913734000000,54037875,539348,-487905,-487890,,500048439,500045059,500045059,500043933,50004,2,500045059,500045059,0,1,0,0,,0,3,3,0,3,4,0,0,4506,,0,2,1,
2026-09-16T05:47:09.193Z,381913921000000,54037981,539349,-487918,-487892,,500052945,500047312,500047312,500043933,50004,2,500047312,500047312,0,1,0,0,,0,3,3,0,3,4,0,0,4506,,0,2,1,
2026-09-16T05:47:09.299Z,381914031000000,54038131,539351,-487904,-487897,,500052945,500052945,500052945,500043933,50004,2,500052945,500052945,0,1,0,0,,0,3,3,0,3,4,0,0,7886,,0,2,1,
2026-09-16T05:47:09.404Z,381914125000000,54038281,539352,-487895,-487898,,500052945,500054071,500054071,500043933,50004,2,500054071,500054071,0,1,0,0,,0,3,3,0,3,4,0,0,9012,,0,2,1,
2026-09-16T05:47:09.511Z,381914234000000,54038387,539353,-487892,-487898,,500052945,500054071,500054071,500043933,50004,2,500054071,500054071,0,1,0,0,,0,3,3,0,3,4,0,0,9012,,0,2,1,
2026-09-16T05:47:09.616Z,381914343000000,54038494,539354,-487894,-487897,,500052945,500052945,500052945,500043933,50004,2,500052945,500052945,0,1,0,0,,0,3,3,0,3,4,0,0,9012,,0,2,1,
2026-09-16T05:47:09.722Z,381914453000000,54038599,539355,-487893,-487896,,500052945,500051818,500051818,500043933,50004,2,500051818,500051818,0,1,0,0,,0,3,3,0,3,4,0,0,9012,,0,2,1,
2026-09-16T05:47:09.826Z,381914546000000,54038722,539357,-487888,-487896,,500052945,500051818,500051818,500043933,50004,2,500051818,500051818,0,1,0,0,,0,3,3,0,3,4,0,0,3379,,0,2,1,
2026-09-16T05:47:09.931Z,381914656000000,54038822,539358,-487886,-487895,,500052945,500050692,500050692,500043933,50004,2,500050692,500050692,0,1,0,0,,0,3,3,0,3,4,0,0,3379,,0,2,1,
2026-09-16T05:47:10.036Z,381914765000000,54038923,539359,-487896,-487894,,500052945,500049565,500049565,500043933,50004,2,500049565,500049565,0,1,0,0,,0,3,3,0,3,4,0,0,4506,,0,2,1,
2026-09-16T05:47:10.229Z,381914953000000,54039023,539360,-487886,-487893,,500048439,500048439,500048439,500043933,50004,2,500048439,500048439,0,1,0,0,,0,3,3,0,3,4,0,0,5632,,0,2,1,
2026-09-16T05:47:10.334Z,381915062000000,54039223,539362,-487884,-487892,,500048439,500047312,500047312,500043933,50004,2,500047312,500047312,0,1,0,0,,0,3,3,0,3,4,0,0,4506,,0,2,1,
2026-09-16T05:47:10.440Z,381915171000000,54039323,539363,-487871,-487891,,500048439,500046186,500046186,500043933,50004,2,500046186,500046186,0,1,0,0,,0,3,3,0,3,4,0,0,5632,,0,2,1,
2026-09-16T05:47:10.547Z,381915281000000,54039424,539364,-487874,-487889,,500048439,500043933,500043933,500043933,50004,2,500043933,500043933,0,1,0,0,,0,3,3,0,3,4,0,0,7885,,0,2,1,
2026-09-16T05:47:10.652Z,381915375000000,54039529,539365,-487866,-487887,,500048439,500041680,500041680,500043933,50004,2,500041680,500041680,0,1,0,0,,0,3,3,0,3,4,0,0,9012,,0,2,1,
2026-09-16T05:47:10.758Z,381915484000000,54039635,539366,-487868,-487885,,500048439,500039427,500039427,500043933,50004,2,500039427,500039427,0,1,0,0,,0,3,3,0,3,4,0,0,10138,,0,2,1,
2026-09-16T05:47:10.864Z,381915593000000,54039741,539367,-487875,-487883,,500048439,500037174,500037174,500043933,50004,2,500037174,500037174,0,1,0,0,,0,3,3,0,3,4,0,0,11265,,0,2,1,
2026-09-16T05:47:10.969Z,381915703000000,54039846,539368,-487900,-487882,,500048439,500036047,500036047,500043933,50004,2,500036047,500036047,0,1,0,0,,0,3,3,0,3,4,0,0,12392,,0,2,1,
2026-09-16T05:47:11.075Z,381915796000000,54039952,539369,-487907,-487884,,500048439,500038300,500038300,500043933,50004,2,500038300,500038300,0,1,0,0,,0,3,3,0,3,4,0,0,11265,,0,2,1,
2026-09-16T05:47:11.271Z,381916000000000,54040058,539370,-487888,-487886,,500040553,500040553,500040553,500043933,50004,2,500040553,500040553,0,1,0,0,,0,3,3,0,3,4,0,0,10139,,0,2,1,
2026-09-16T05:47:11.376Z,381916109000000,54040259,539372,-487891,-487886,,500040553,500040553,500040553,500043933,50004,2,500040553,500040553,0,1,0,0,,0,3,3,0,3,4,0,0,5633,,0,2,1,
2026-09-16T05:47:11.482Z,381916203000000,54040359,539373,-487908,-487887,,500040553,500041680,500041680,500043933,50004,2,500041680,500041680,0,1,0,0,,0,3,3,0,3,4,0,0,5633,,0,2,1,
2026-09-16T05:47:11.587Z,381916312000000,54040464,539374,-487899,-487889,,500040553,500043933,500043933,500043933,50004,2,500043933,500043933,0,1,0,0,,0,3,3,0,3,4,0,0,7886,,0,2,1,
2026-09-16T05:47:11.693Z,381916421000000,54040570,539375,-487890,-487890,,500040553,500045059,500045059,500043933,50004,2,500045059,500045059,0,1,0,0,,0,3,3,0,3,4,0,0,9012,,0,2,1,
2026-09-16T05:47:11.798Z,381916531000000,54040675,539376,-487891,-487890,,500040553,500045059,500045059,500043933,50004,2,500045059,500045059,0,1,0,0,,0,3,3,0,3,4,0,0,6759,,0,2,1,
2026-09-16T05:47:11.906Z,381916640000000,54040781,539377,-487900,-487890,,500040553,500045059,500045059,500043933,50004,2,500045059,500045059,0,1,0,0,,0,3,3,0,3,4,0,0,4506,,0,2,1,
2026-09-16T05:47:12.012Z,381916734000000,54040889,539378,-487898,-487891,,500040553,500046186,500046186,500043933,50004,2,500046186,500046186,0,1,0,0,,0,3,3,0,3,4,0,0,5633,,0,2,1,
2026-09-16T05:47:12.118Z,381916843000000,54040995,539379,-487890,-487892,,500040553,500047312,500047312,500043933,50004,2,500047312,500047312,0,1,0,0,,0,3,3,0,3,4,0,0,6759,,0,2,1,
2026-09-16T05:47:12.315Z,381917046000000,54041101,539380,-487900,-487893,,500050692,500048439,500048439,500043933,50004,2,500048439,500048439,0,1,0,0,,0,3,3,0,3,4,0,0,6759,,0,2,1,
2026-09-16T05:47:12.422Z,381917156000000,54041227,539382,-487908,-487895,,500050692,500050692,500050692,500043933,50004,2,500050692,500050692,0,1,0,0,,0,3,3,0,3,4,0,0,5633,,0,2,1,
2026-09-16T05:47:12.528Z,381917250000000,54041405,539383,-487906,-487896,,500050692,500051818,500051818,500043933,50004,2,500051818,500051818,0,1,0,0,,0,3,3,0,3,4,0,0,6759,,0,2,1,
2026-09-16T05:47:12.632Z,381917359000000,54041528,539385,-487909,-487898,,500050692,500054071,500054071,500043933,50004,2,500054071,500054071,0,1,0,0,,0,3,3,0,3,4,0,0,7885,,0,2,1,
2026-09-16T05:47:12.737Z,381917468000000,54041628,539386,-487895,-487899,,500050692,500055197,500055197,500043933,50004,2,500055197,500055197,0,1,0,0,,0,3,3,0,3,4,0,0,7885,,0,2,1,
2026-09-16T05:47:12.841Z,381917562000000,54041728,539387,-487877,-487898,,500050692,500054071,500054071,500043933,50004,2,500054071,500054071,0,1,0,0,,0,3,3,0,3,4,0,0,6758,,0,2,1,
2026-09-16T05:47:12.948Z,381917671000000,54041829,539388,-487891,-487897,,500050692,500052945,500052945,500043933,50004,2,500052945,500052945,0,1,0,0,,0,3,3,0,3,4,0,0,5632,,0,2,1,
2026-09-16T05:47:13.054Z,381917781000000,54041931,539389,-487896,-487896,,500050692,500051818,500051818,500043933,50004,2,500051818,500051818,0,1,0,0,,0,3,3,0,3,4,0,0,4505,,0,2,1,
2026-09-16T05:47:13.161Z,381917890000000,54042037,539390,-487892,-487895,,500050692,500050692,500050692,500043933,50004,2,500050692,500050692,0,1,0,0,,0,3,3,0,3,4,0,0,4505,,0,2,1,
2026-09-16T05:47:13.355Z,381918078000000,54042144,539391,-487909,-487895,,500052945,500050692,500050692,500043933,50004,2,500050692,500050692,0,1,0,0,,0,3,3,0,3,4,0,0,4505,,0,2,1,
2026-09-16T05:47:13.461Z,381918187000000,54042344,539393,-487898,-487898,,500052945,500054071,500054071,500043933,50004,2,500054071,500054071,0,1,0,0,,0,3,3,0,3,4,0,0,4505,,0,2,1,
2026-09-16T05:47:13.567Z,381918296000000,54042443,539394,-487889,-487898,,500052945,500054071,500054071,500043933,50004,2,500054071,500054071,0,1,0,0,,0,3,3,0,3,4,0,0,3379,,0,2,1,
2026-09-16T05:47:13.672Z,381918406000000,54042550,539395,-487890,-487897,,500052945,500052945,500052945,500043933,50004,2,500052945,500052945,0,1,0,0,,0,3,3,0,3,4,0,0,3379,,0,2,1,
2026-09-16T05:47:13.778Z,381918500000000,54042655,539396,-487897,-487896,,500052945,500051818,500051818,500043933,50004,2,500051818,500051818,0,1,0,0,,0,3,3,0,3,4,0,0,3379,,0,2,1,
2026-09-16T05:47:13.884Z,381918609000000,54042761,539397,-487911,-487896,,500052945,500051818,500051818,500043933,50004,2,500051818,500051818,0,1,0,0,,0,3,3,0,3,4,0,0,3379,,0,2,1,
2026-09-16T05:47:13.989Z,381918718000000,54042866,539398,-487920,-487898,,500052945,500054071,500054071,500043933,50004,2,500054071,500054071,0,1,0,0,,0,3,3,0,3,4,0,0,3379,,0,2,1,
2026-09-16T05:47:14.097Z,381918828000000,54042972,539399,-487889,-487900,,500052945,500056324,500056324,500043933,50004,2,500056324,500056324,0,1,0,0,,0,3,3,0,3,4,0,0,4506,,0,2,1,
2026-09-16T05:47:14.202Z,381918937000000,54043080,539400,-487884,-487899,,500052945,500055197,500055197,500043933,50004,2,500055197,500055197,0,1,0,0,,0,3,3,0,3,4,0,0,4506,,0,2,1,
2026-09-16T05:47:14.396Z,381919125000000,54043186,539401,-487889,-487898,,500055197,500054071,500054071,500043933,50004,2,500054071,500054071,0,1,0,0,,0,3,3,0,3,4,0,0,4506,,0,2,1,
2026-09-16T05:47:14.502Z,381919234000000,54043334,539403,-487912,-487899,,500055197,500055197,500055197,500043933,50004,2,500055197,500055197,0,1,0,0,,0,3,3,0,3,4,0,0,4506,,0,2,1,
2026-09-16T05:47:14.609Z,381919343000000,54043485,539404,-487913,-487901,,500055197,500057450,500057450,500043933,50004,2,500057450,500057450,0,1,0,0,,0,3,3,0,3,4,0,0,5632,,0,2,1,
2026-09-16T05:47:14.714Z,381919437000000,54043592,539405,-487905,-487902,,500055197,500058577,500058577,500043933,50004,2,500058577,500058577,0,1,0,0,,0,3,3,0,3,4,0,0,5632,,0,2,1,
2026-09-16T05:47:14.821Z,381919546000000,54043698,539406,-487902,-487902,,500055197,500058577,500058577,500043933,50004,2,500058577,500058577,0,1,0,0,,0,3,3,0,3,4,0,0,5632,,0,2,1,
2026-09-16T05:47:14.927Z,381919656000000,54043805,539407,-487889,-487902,,500055197,500058577,500058577,500043933,50004,2,500058577,500058577,0,1,0,0,,0,3,3,0,3,4,0,0,5632,,0,2,1,
2026-09-16T05:47:15.034Z,381919765000000,54043910,539408,-487897,-487901,,500055197,500057450,500057450,500043933,50004,2,500057450,500057450,0,1,0,0,,0,3,3,0,3,4,0,0,5632,,0,2,1,
2026-09-16T05:47:15.139Z,381919859000000,54044033,539410,-487904,-487900,,500055197,500056324,500056324,500043933,50004,2,500056324,500056324,0,1,0,0,,0,3,3,0,3,4,0,0,3380,,0,2,1,
2026-09-16T05:47:15.242Z,381919968000000,54044133,539411,-487896,-487899,,500055197,500055197,500055197,500043933,50004,2,500055197,500055197,0,1,0,0,,0,3,3,0,3,4,0,0,3380,,0,2,1,
2026-09-16T05:47:15.435Z,381920156000000,54044234,539412,-487891,-487899,,500055197,500055197,500055197,500043933,50004,2,500055197,500055197,0,1,0,0,,0,3,3,0,3,4,0,0,3380,,0,2,1,
2026-09-16T05:47:15.540Z,381920265000000,54044434,539414,-487901,-487899,,500055197,500055197,500055197,500043933,50004,2,500055197,500055197,0,1,0,0,,0,3,3,0,3,4,0,0,3380,,0,2,1,
2026-09-16T05:47:15.643Z,381920375000000,54044534,539415,-487884,-487899,,500055197,500055197,500055197,500043933,50004,2,500055197,500055197,0,1,0,0,,0,3,3,0,3,4,0,0,2253,,0,2,1,
2026-09-16T05:47:15.747Z,381920468000000,54044634,539416,-487883,-487897,,500055197,500052945,500052945,500043933,50004,2,500052945,500052945,0,1,0,0,,0,3,3,0,3,4,0,0,3379,,0,2,1,
2026-09-16T05:47:15.852Z,381920578000000,54044734,539417,-487890,-487895,,500055197,500050692,500050692,500043933,50004,2,500050692,500050692,0,1,0,0,,0,3,3,0,3,4,0,0,5632,,0,2,1,
2026-09-16T05:47:15.957Z,381920687000000,54044836,539418,-487897,-487894,,500055197,500049565,500049565,500043933,50004,2,500049565,500049565,0,1,0,0,,0,3,3,0,3,4,0,0,5632,,0,2,1,
2026-09-16T05:47:16.065Z,381920796000000,54044941,539419,-487896,-487894,,500055197,500049565,500049565,500043933,50004,2,500049565,500049565,0,1,0,0,,0,3,3,0,3,4,0,0,5632,,0,2,1,
2026-09-16T05:47:16.171Z,381920906000000,54045047,539420,-487876,-487894,,500055197,500049565,500049565,500043933,50004,2,500049565,500049565,0,1,0,0,,0,3,3,0,3,4,0,0,5632,,0,2,1,
2026-09-16T05:47:16.277Z,381921000000000,54045154,539421,-487896,-487894,,500055197,500049565,500049565,500043933,50004,2,500049565,500049565,0,1,0,0,,0,3,3,0,3,4,0,0,5632,,0,2,1,
2026-09-16T05:47:16.471Z,381921203000000,54045260,539422,-487906,-487894,,500049565,500049565,500049565,500043933,50004,2,500049565,500049565,0,1,0,0,,0,3,3,0,3,4,0,0,5632,,0,2,1,
2026-09-16T05:47:16.577Z,381921312000000,54045460,539424,-487890,-487893,,500049565,500048439,500048439,500043933,50004,2,500048439,500048439,0,1,0,0,,0,3,3,0,3,4,0,0,2253,,0,2,1,
2026-09-16T05:47:16.682Z,381921406000000,54045560,539425,-487893,-487893,,500049565,500048439,500048439,500043933,50004,2,500048439,500048439,0,1,0,0,,0,3,3,0,3,4,0,0,1126,,0,2,1,
2026-09-16T05:47:16.788Z,381921515000000,54045666,539426,-487875,-487893,,500049565,500048439,500048439,500043933,50004,2,500048439,500048439,0,1,0,0,,0,3,3,0,3,4,0,0,1126,,0,2,1,
2026-09-16T05:47:16.894Z,381921625000000,54045771,539427,-487891,-487893,,500049565,500048439,500048439,500043933,50004,2,500048439,500048439,0,1,0,0,,0,3,3,0,3,4,0,0,1126,,0,2,1,
2026-09-16T05:47:16.999Z,381921734000000,54045877,539428,-487890,-487893,,500049565,500048439,500048439,500043933,50004,2,500048439,500048439,0,1,0,0,,0,3,3,0,3,4,0,0,1126,,0,2,1,
2026-09-16T05:47:17.105Z,381921828000000,54045983,539429,-487870,-487893,,500049565,500048439,500048439,500043933,50004,2,500048439,500048439,0,1,0,0,,0,3,3,0,3,4,0,0,1126,,0,2,1,
2026-09-16T05:47:17.211Z,381921937000000,54046088,539430,-487880,-487891,,500049565,500046186,500046186,500043933,50004,2,500046186,500046186,0,1,0,0,,0,3,3,0,3,4,0,0,3379,,0,2,1,
2026-09-16T05:47:17.316Z,381922046000000,54046194,539431,-487882,-487890,,500049565,500045059,500045059,500043933,50004,2,500045059,500045059,0,1,0,0,,0,3,3,0,3,4,0,0,3380,,0,2,1,
2026-09-16T05:47:17.511Z,381922234000000,54046300,539432,-487881,-487889,,500041680,500043933,500043933,500043933,50004,2,500043933,500043933,0,1,0,0,,0,3,3,0,3,4,0,0,4506,,0,2,1,
2026-09-16T05:47:17.615Z,381922343000000,54046449,539434,-487880,-487887,,500041680,500041680,500041680,500043933,50004,2,500041680,500041680,0,1,0,0,,0,3,3,0,3,4,0,0,6759,,0,2,1,
2026-09-16T05:47:17.721Z,381922453000000,54046599,539435,-487886,-487886,,500041680,500040553,500040553,500043933,50004,2,500040553,500040553,0,1,0,0,,0,3,3,0,3,4,0,0,7886,,0,2,1,
2026-09-16T05:47:17.827Z,381922546000000,54046705,539436,-487891,-487886,,500041680,500040553,500040553,500043933,50004,2,500040553,500040553,0,1,0,0,,0,3,3,0,3,4,0,0,7886,,0,2,1,
2026-09-16T05:47:17.932Z,381922656000000,54046810,539437,-487890,-487887,,500041680,500041680,500041680,500043933,50004,2,500041680,500041680,0,1,0,0,,0,3,3,0,3,4,0,0,5633,,0,2,1,
2026-09-16T05:47:18.038Z,381922765000000,54046915,539438,-487884,-487887,,500041680,500041680,500041680,500043933,50004,2,500041680,500041680,0,1,0,0,,0,3,3,0,3,4,0,0,4506,,0,2,1,
2026-09-16T05:47:18.145Z,381922875000000,54047039,539440,-487883,-487887,,500041680,500041680,500041680,500043933,50004,2,500041680,500041680,0,1,0,0,,0,3,3,0,3,4,0,0,2253,,0,2,1,
2026-09-16T05:47:18.251Z,381922984000000,54047140,539441,-487895,-487888,,500041680,500042806,500042806,500043933,50004,2,500042806,500042806,0,1,0,0,,0,3,3,0,3,4,0,0,2253,,0,2,1,
2026-09-16T05:47:18.357Z,381923078000000,54047240,539442,-487885,-487888,,500041680,500042806,500042806,500043933,50004,2,500042806,500042806,0,1,0,0,,0,3,3,0,3,4,0,0,2253,,0,2,1,
2026-09-16T05:47:18.552Z,381923281000000,54047340,539443,-487907,-487889,,500046186,500043933,500043933,500043933,50004,2,500043933,500043933,0,1,0,0,,0,3,3,0,3,4,0,0,3380,,0,2,1,
2026-09-16T05:47:18.658Z,381923390000000,54047541,539445,-487895,-487893,,500046186,500048439,500048439,500043933,50004,2,500048439,500048439,0,1,0,0,,0,3,3,0,3,4,0,0,6759,,0,2,1,
2026-09-16T05:47:18.763Z,381923484000000,54047641,539446,-487894,-487893,,500046186,500048439,500048439,500043933,50004,2,500048439,500048439,0,1,0,0,,0,3,3,0,3,4,0,0,6759,,0,2,1,
2026-09-16T05:47:18.870Z,381923593000000,54047746,539447,-487913,-487893,,500046186,500048439,500048439,500043933,50004,2,500048439,500048439,0,1,0,0,,0,3,3,0,3,4,0,0,6759,,0,2,1,
2026-09-16T05:47:18.975Z,381923703000000,54047853,539448,-487907,-487895,,500046186,500050692,500050692,500043933,50004,2,500050692,500050692,0,1,0,0,,0,3,3,0,3,4,0,0,7886,,0,2,1,
2026-09-16T05:47:19.082Z,381923812000000,54047959,539449,-487885,-487897,,500046186,500052945,500052945,500043933,50004,2,500052945,500052945,0,1,0,0,,0,3,3,0,3,4,0,0,10139,,0,2,1,
2026-09-16T05:47:19.188Z,381923921000000,54048065,539450,-487896,-487897,,500046186,500052945,500052945,500043933,50004,2,500052945,500052945,0,1,0,0,,0,3,3,0,3,4,0,0,9012,,0,2,1,
2026-09-16T05:47:19.294Z,381924015000000,54048171,539451,-487902,-487897,,500046186,500052945,500052945,500043933,50004,2,500052945,500052945,0,1,0,0,,0,3,3,0,3,4,0,0,6759,,0,2,1,
2026-09-16T05:47:19.399Z,381924125000000,54048277,539452,-487890,-487897,,500046186,500052945,500052945,500043933,50004,2,500052945,500052945,0,1,0,0,,0,3,3,0,3,4,0,0,4506,,0,2,1,
2026-09-16T05:47:19.594Z,381924328000000,54048382,539453,-487899,-487897,,500052945,500052945,500052945,500043933,50004,2,500052945,500052945,0,1,0,0,,0,3,3,0,3,4,0,0,4506,,0,2,1,
2026-09-16T05:47:19.700Z,381924421000000,54048583,539455,-487905,-487898,,500052945,500054071,500054071,500043933,50004,2,500054071,500054071,0,1,0,0,,0,3,3,0,3,4,0,0,3379,,0,2,1,
2026-09-16T05:47:19.806Z,381924531000000,54048684,539456,-487888,-487899,,500052945,500055197,500055197,500043933,50004,2,500055197,500055197,0,1,0,0,,0,3,3,0,3,4,0,0,2252,,0,2,1,
2026-09-16T05:47:19.912Z,381924640000000,54048789,539457,-487863,-487898,,500052945,500054071,500054071,500043933,50004,2,500054071,500054071,0,1,0,0,,0,3,3,0,3,4,0,0,2252,,0,2,1,
2026-09-16T05:47:20.017Z,381924750000000,54048896,539458,-453021,-487894,,500052945,500049565,500049565,500043933,50004,2,500049565,500049565,0,1,0,0,,0,3,3,0,3,4,0,0,5632,,0,2,1,
2026-09-16T05:47:20.125Z,381924859000000,54049001,539459,-219268,-483535,,500052945,495139244,495139244,500043933,49514,2,495139244,495139244,0,0,0,0,,0,3,3,0,3,4,0,0,4915953,,0,2,1,
2026-09-16T05:47:20.232Z,381924953000000,54049108,539460,-52614,-450502,,500052945,457928270,457928270,500043933,45793,2,457928270,457928270,0,0,0,0,,0,3,3,0,3,4,0,0,42126927,,0,2,1,
2026-09-16T05:47:20.340Z,381925062000000,54049216,539461,-44020,-400766,,500052945,401901721,401901721,500043933,40190,2,401901721,401901721,0,0,0,0,,0,3,3,0,3,4,0,0,98153476,,0,2,1,
2026-09-16T05:47:20.446Z,381925171000000,54049323,539462,-44010,-356173,,500052945,351668653,351668653,500043933,35167,2,351668653,351668653,0,0,0,0,,0,3,3,0,3,4,0,0,148386544,,0,2,1,
2026-09-16T05:47:20.640Z,381925375000000,54049444,539464,-44026,-283012,,235601911,269254339,269254339,235601911,26925,2,269254339,269254339,0,0,0,0,,0,3,3,0,3,4,0,0,230799732,,0,0,0,
2026-09-16T05:47:20.745Z,381925468000000,54049544,539465,-44008,-253138,,235601911,235601911,235601911,235601911,23560,2,235601911,235601911,0,0,0,0,,0,3,3,0,3,4,0,0,264447654,,0,0,0,
2026-09-16T05:47:20.852Z,381925578000000,54049745,539467,-44010,-204124,,235601911,180388680,180388680,235601911,18039,2,180388680,180388680,0,0,0,0,,0,3,3,0,3,4,0,0,277539590,,0,0,0,
2026-09-16T05:47:20.956Z,381925687000000,54049845,539468,-44008,-184110,,235601911,157843334,157843334,235601911,15784,2,157843334,157843334,0,0,0,0,,0,3,3,0,3,4,0,0,244058387,,0,0,0,
2026-09-16T05:47:21.063Z,381925796000000,54049945,539469,-43993,-166597,,235601911,138115311,138115311,235601911,13812,2,138115311,138115311,0,0,0,0,,0,3,3,0,3,4,0,0,213553342,,0,0,0,
2026-09-16T05:47:21.170Z,381925890000000,54050047,539470,-44001,-151272,,235601911,120852023,120852023,235601911,12085,2,120852023,120852023,0,0,0,0,,0,3,3,0,3,4,0,0,186862554,,0,0,0,
2026-09-16T05:47:21.275Z,381926000000000,54050153,539471,-44008,-137863,,235601911,105747069,105747069,235601911,10575,2,105747069,105747069,0,0,0,0,,0,3,3,0,3,4,0,0,163507270,,0,0,0,
2026-09-16T05:47:21.381Z,381926109000000,54050260,539472,-43991,-126130,,235601911,92530094,92530094,235601911,9253,2,92530094,92530094,0,0,0,0,,0,3,3,0,3,4,0,0,143071817,,0,0,0,
2026-09-16T05:47:21.487Z,381926218000000,54050364,539473,-43999,-115864,,235601911,80965663,80965663,235601911,8097,2,80965663,80965663,0,0,0,0,,0,3,3,0,3,4,0,0,125188966,,0,0,0,
2026-09-16T05:47:21.684Z,381926406000000,54050471,539474,-44022,-106881,,61994633,70846504,70846504,61994633,7085,2,70846504,70846504,0,0,0,0,,0,3,3,0,3,4,0,0,109542176,,0,0,0,
2026-09-16T05:47:21.789Z,381926515000000,54050674,539476,-43988,-92147,,61994633,54248965,54248965,61994633,5425,2,54248965,54248965,0,0,1,0,,0,3,3,0,3,4,0,0,83866346,,0,0,0,
2026-09-16T05:47:21.896Z,381926625000000,54050774,539477,-43996,-86128,,61994633,47468690,47468690,61994633,4747,2,47468690,47468690,0,0,1,0,,0,3,3,0,3,4,0,0,73383333,,0,0,0,
2026-09-16T05:47:22.003Z,381926734000000,54050880,539478,-44007,-80861,,61994633,41535526,41535526,61994633,4154,2,41535526,41535526,0,0,1,0,,0,3,3,0,3,4,0,0,64211543,,0,0,0,
2026-09-16T05:47:22.110Z,381926843000000,54050987,539479,-44003,-76254,,61994633,36345838,36345838,61994633,3635,2,36345838,36345838,0,0,1,0,,0,3,3,0,3,4,0,0,56184256,,0,0,0,
2026-09-16T05:47:22.215Z,381926937000000,54051093,539480,-43988,-72223,,61994633,31805002,31805002,61994633,3181,2,31805002,31805002,0,0,1,0,,0,3,3,0,3,4,0,0,49160661,,0,0,0,
2026-09-16T05:47:22.321Z,381927046000000,54051199,539481,-44006,-68695,,61994633,27830785,27830785,61994633,2783,2,27830785,27830785,0,0,1,0,,0,3,3,0,3,4,0,0,43015719,,0,0,0,
2026-09-16T05:47:22.427Z,381927156000000,54051305,539482,-44005,-65609,,61994633,24354471,24354471,61994633,2435,2,24354471,24354471,0,0,1,0,,0,3,3,0,3,4,0,0,37640162,,0,0,0,
2026-09-16T05:47:22.535Z,381927265000000,54051411,539483,-44001,-62908,,61994633,21311852,21311852,61994633,2131,2,21311852,21311852,0,0,1,0,,0,3,3,0,3,4,0,0,32937113,,0,0,0,
2026-09-16T05:47:22.730Z,381927453000000,54051518,539484,-43997,-60545,,14282625,18649983,18649983,16320425,1865,2,18649983,18649983,0,0,1,0,,0,3,3,0,3,4,0,0,28818707,,0,0,0,
2026-09-16T05:47:22.835Z,381927562000000,54051668,539486,-44010,-56668,,14282625,14282625,14282625,16320425,1428,2,14282625,14282625,0,0,1,0,,0,3,3,0,3,4,0,0,22063213,,0,0,0,
2026-09-16T05:47:22.942Z,381927671000000,54051819,539487,-44015,-55086,,14282625,12500535,12500535,16320425,1250,2,12500535,12500535,0,0,1,0,,0,3,3,0,3,4,0,0,19304467,,0,0,0,
2026-09-16T05:47:23.049Z,381927781000000,54051926,539488,-44005,-53701,,14282625,10940362,10940362,16320425,1094,2,10940362,10940362,0,0,1,0,,0,3,3,0,3,4,0,0,16890423,,0,0,0,
2026-09-16T05:47:23.154Z,381927875000000,54052050,539490,-43996,-51427,,14282625,8378749,8378749,16320425,838,2,8378749,8378749,0,0,1,0,,0,3,3,0,3,4,0,0,12933103,,0,0,0,
2026-09-16T05:47:23.259Z,381927984000000,54052150,539491,-43996,-50498,,14282625,7332250,7332250,16320425,733,2,7332250,7332250,0,0,1,0,,0,3,3,0,3,4,0,0,11317733,,0,0,0,
2026-09-16T05:47:23.362Z,381928093000000,54052250,539492,-44014,-49685,,14282625,6416423,6416423,16320425,642,2,6416423,6416423,0,0,1,0,,0,3,3,0,3,4,0,0,9904002,,0,0,0,
2026-09-16T05:47:23.466Z,381928187000000,54052350,539493,-44002,-48975,,14282625,5616623,5616623,16320425,562,2,5616623,5616623,0,0,1,0,,0,3,3,0,3,4,0,0,8666002,,0,0,0,
2026-09-16T05:47:23.573Z,381928296000000,54052450,539494,-44008,-48354,,14282625,4917080,4917080,16320425,492,2,4917080,4917080,0,0,1,0,,0,3,3,0,3,4,0,0,7583455,,0,0,0,
2026-09-16T05:47:23.769Z,381928500000000,54052557,539495,-44005,-47810,,3768072,4304275,4304275,3768072,430,2,4304275,4304275,0,0,1,0,,0,3,3,0,3,4,0,0,6636087,,0,0,0,
2026-09-16T05:47:23.874Z,381928609000000,54052758,539497,-43989,-46916,,3768072,3297203,3297203,3768072,330,2,3297203,3297203,0,0,1,0,,0,3,3,0,3,4,0,0,5081546,,0,0,0,
2026-09-16T05:47:23.980Z,381928703000000,54052858,539498,-43995,-46550,,3768072,2884912,2884912,3768072,288,2,2884912,2884912,0,0,1,0,,0,3,3,0,3,4,0,0,4447338,,0,0,0,
2026-09-16T05:47:24.086Z,381928812000000,54052964,539499,-43989,-46230,,3768072,2524439,2524439,3768072,252,2,2524439,2524439,0,0,1,0,,0,3,3,0,3,4,0,0,3891984,,0,0,0,
2026-09-16T05:47:24.194Z,381928921000000,54053070,539500,-43994,-45950,,3768072,2209025,2209025,3768072,221,2,2209025,2209025,0,0,1,0,,0,3,3,0,3,4,0,0,3407598,,0,0,0,
2026-09-16T05:47:24.300Z,381929031000000,54053177,539501,-43988,-45705,,3768072,1933038,1933038,3768072,193,2,1933038,1933038,0,0,1,0,,0,3,3,0,3,4,0,0,2984042,,0,0,0,
2026-09-16T05:47:24.405Z,381929140000000,54053284,539502,-43991,-45491,,3768072,1691971,1691971,3768072,169,2,1691971,1691971,0,0,1,0,,0,3,3,0,3,4,0,0,2612304,,0,0,0,
2026-09-16T05:47:24.512Z,381929234000000,54053389,539503,-43997,-45303,,3768072,1480193,1480193,3768072,148,2,1480193,1480193,0,0,1,0,,0,3,3,0,3,4,0,0,2287879,,0,0,0,
2026-09-16T05:47:24.616Z,381929343000000,54053495,539504,-43986,-45139,,3768072,1295451,1295451,3768072,130,2,1295451,1295451,0,0,1,0,,0,3,3,0,3,4,0,0,2001752,,0,0,0,
2026-09-16T05:47:24.809Z,381929531000000,54053601,539505,-43970,-44995,,865136,1133238,1133238,990175,113,2,1133238,1133238,0,0,1,0,,0,3,3,0,3,4,0,0,1751674,,0,0,0,
2026-09-16T05:47:24.913Z,381929640000000,54053753,539507,-43993,-44757,,865136,865136,865136,990175,87,2,865136,865136,0,0,1,0,,0,3,3,0,3,4,0,0,1343889,,0,0,0,
2026-09-16T05:47:25.019Z,381929750000000,54053898,539508,-43988,-44661,,865136,756994,756994,990175,76,2,756994,756994,0,0,1,0,,0,3,3,0,3,4,0,0,1176044,,0,0,0,
2026-09-16T05:47:25.125Z,381929859000000,54054003,539509,-43997,-44577,,865136,662370,662370,990175,66,2,662370,662370,0,0,1,0,,0,3,3,0,3,4,0,0,1029601,,0,0,0,
2026-09-16T05:47:25.231Z,381929953000000,54054108,539510,-44020,-44504,,865136,580137,580137,990175,58,2,580137,580137,0,0,1,0,,0,3,3,0,3,4,0,0,900056,,0,0,0,
2026-09-16T05:47:25.336Z,381930062000000,54054215,539511,-43996,-44441,,865136,509168,509168,990175,51,2,509168,509168,0,0,1,0,,0,3,3,0,3,4,0,0,786283,,0,0,0,
2026-09-16T05:47:25.442Z,381930171000000,54054320,539512,-43994,-44385,,865136,446086,446086,990175,45,2,446086,446086,0,0,1,0,,0,3,3,0,3,4,0,0,687152,,0,0,0,
2026-09-16T05:47:25.548Z,381930281000000,54054426,539513,-43987,-44336,,865136,390888,390888,990175,39,2,390888,390888,0,0,1,0,,0,3,3,0,3,4,0,0,599287,,0,0,0,
2026-09-16T05:47:25.653Z,381930375000000,54054532,539514,-43991,-44293,,865136,342450,342450,990175,34,2,342450,342450,0,0,1,0,,0,3,3,0,3,4,0,0,522686,,0,0,0,
2026-09-16T05:47:25.844Z,381930578000000,54054655,539516,-44007,-44223,,232055,263596,263596,232055,26,2,263596,263596,0,0,1,0,,0,3,3,0,3,4,0,0,398774,,0,0,0,
2026-09-16T05:47:25.949Z,381930671000000,54054755,539517,-43987,-44195,,232055,232055,232055,232055,23,2,232055,232055,0,0,1,0,,0,3,3,0,3,4,0,0,348082,,0,0,0,
2026-09-16T05:47:26.054Z,381930781000000,54054933,539518,-43985,-44169,,232055,202766,202766,232055,20,2,202766,202766,0,0,1,0,,0,3,3,0,3,4,0,0,306402,,0,0,0,
2026-09-16T05:47:26.160Z,381930890000000,54055056,539520,-43986,-44126,,232055,154328,154328,232055,15,2,154328,154328,0,0,1,0,,0,3,3,0,3,4,0,0,236560,,0,0,0,
2026-09-16T05:47:26.265Z,381931000000000,54055156,539521,-43984,-44108,,232055,134051,134051,232055,13,2,134051,134051,0,0,1,0,,0,3,3,0,3,4,0,0,208399,,0,0,0,
2026-09-16T05:47:26.370Z,381931093000000,54055256,539522,-44007,-44093,,232055,117154,117154,232055,12,2,117154,117154,0,0,1,0,,0,3,3,0,3,4,0,0,182489,,0,0,0,
2026-09-16T05:47:26.475Z,381931203000000,54055356,539523,-44016,-44082,,232055,104763,104763,232055,10,2,104763,104763,0,0,1,0,,0,3,3,0,3,4,0,0,158833,,0,0,0,
2026-09-16T05:47:26.582Z,381931312000000,54055459,539524,-44002,-44073,,232055,94624,94624,232055,9,2,94624,94624,0,0,1,0,,0,3,3,0,3,4,0,0,137431,,0,0,0,
2026-09-16T05:47:26.687Z,381931421000000,54055566,539525,-43985,-44064,,232055,84486,84486,232055,8,2,84486,84486,0,0,1,0,,0,3,3,0,3,4,0,0,118280,,0,0,0,
2026-09-16T05:47:26.881Z,381931609000000,54055671,539526,-43995,-44055,,65336,74348,74348,65336,7,2,74348,74348,0,0,1,0,,0,3,3,0,3,4,0,0,102509,,0,0,0,
2026-09-16T05:47:26.986Z,381931718000000,54055871,539528,-44003,-44041,,65336,58577,58577,65336,6,2,58577,58577,0,0,1,0,,0,3,3,0,3,4,0,0,75474,,0,0,0,
2026-09-16T05:47:27.093Z,381931828000000,54055970,539529,-44004,-44036,,65336,52945,52945,65336,5,2,52945,52945,0,0,1,0,,0,3,3,0,3,4,0,0,64209,,0,0,0,
2026-09-16T05:47:27.197Z,381931921000000,54056077,539530,-43992,-44032,,65336,48439,48439,65336,5,2,48439,48439,0,0,1,0,,0,3,3,0,3,4,0,0,56324,,0,0,0,
2026-09-16T05:47:27.301Z,381932031000000,54056182,539531,-43999,-44028,,65336,43933,43933,65336,4,2,43933,43933,0,0,1,0,,0,3,3,0,3,4,0,0,50691,,0,0,0,
2026-09-16T05:47:27.406Z,381932140000000,54056286,539532,-44000,-44024,,65336,39427,39427,65336,4,2,39427,39427,0,0,1,0,,0,3,3,0,3,4,0,0,45059,,0,0,0,
2026-09-16T05:47:27.510Z,381932234000000,54056390,539533,-43994,-44021,,65336,36047,36047,65336,4,2,36047,36047,0,0,1,0,,0,3,3,0,3,4,0,0,38301,,0,0,0,
2026-09-16T05:47:27.615Z,381932343000000,54056494,539534,-44002,-44018,,65336,32668,32668,65336,3,2,32668,32668,0,0,1,0,,0,3,3,0,3,4,0,0,32668,,0,0,0,
2026-09-16T05:47:27.719Z,381932453000000,54056600,539535,-44001,-44016,,65336,30415,30415,65336,3,2,30415,30415,0,0,1,0,,0,3,3,0,3,4,0,0,28162,,0,0,0,
2026-09-16T05:47:27.912Z,381932640000000,54056704,539536,-44004,-44014,,23656,28162,28162,25909,3,2,28162,28162,0,0,1,0,,0,3,3,0,3,4,0,0,24783,,0,0,0,
2026-09-16T05:47:28.016Z,381932750000000,54056859,539538,-43993,-44010,,23656,23656,23656,25909,2,2,23656,23656,0,0,1,0,,0,3,3,0,3,4,0,0,20277,,0,0,0,
2026-09-16T05:47:28.121Z,381932843000000,54057000,539539,-44002,-44008,,23656,21403,21403,25909,2,2,21403,21403,0,0,1,0,,0,3,3,0,3,4,0,0,18024,,0,0,0,
2026-09-16T05:47:28.225Z,381932953000000,54057105,539540,-44004,-44007,,23656,20277,20277,25909,2,2,20277,20277,0,0,1,0,,0,3,3,0,3,4,0,0,15770,,0,0,0,
2026-09-16T05:47:28.329Z,381933062000000,54057210,539541,-44011,-44007,,23656,20277,20277,25909,2,2,20277,20277,0,0,1,0,,0,3,3,0,3,4,0,0,12391,,0,0,0,
2026-09-16T05:47:28.435Z,381933156000000,54057314,539542,-43998,-44007,,23656,20277,20277,25909,2,2,20277,20277,0,1,1,0,,0,3,3,0,3,4,0,0,10138,,0,0,0,
2026-09-16T05:47:28.540Z,381933265000000,54057419,539543,-43993,-44006,,23656,19150,19150,25909,2,2,19150,19150,0,1,1,0,,0,3,3,0,3,4,0,0,9012,,0,0,0,
2026-09-16T05:47:28.645Z,381933375000000,54057524,539544,-43986,-44004,,23656,16897,16897,25909,2,2,16897,16897,0,1,1,0,,0,3,3,0,3,4,0,0,9012,,0,0,0,
2026-09-16T05:47:28.751Z,381933484000000,54057629,539545,-43981,-44002,,23656,14644,14644,25909,1,2,14644,14644,0,1,1,0,,0,3,3,0,3,4,0,0,9012,,0,0,0,
2026-09-16T05:47:28.943Z,381933671000000,54057736,539546,-44007,-44000,,12391,12391,12391,12391,1,2,12391,12391,0,1,1,0,,0,3,3,0,3,4,0,0,9012,,0,1,0,
2026-09-16T05:47:29.048Z,381933781000000,54057883,539548,-43985,-44000,,12391,12391,12391,12391,1,2,12391,12391,0,1,1,0,,0,3,3,0,3,4,0,0,7886,,0,1,0,
2026-09-16T05:47:29.152Z,381933875000000,54058032,539549,-43993,-43999,,12391,11265,11265,12391,1,2,11265,11265,0,1,1,0,,0,3,3,0,3,4,0,0,9012,,0,1,0,
2026-09-16T05:47:29.257Z,381933984000000,54058137,539550,-43982,-43997,,12391,9012,9012,12391,1,2,9012,9012,0,1,1,0,,0,3,3,0,3,4,0,0,10138,,0,1,0,
2026-09-16T05:47:29.361Z,381934093000000,54058241,539551,-43992,-43996,,12391,7885,7885,12391,1,2,7885,7885,0,1,1,0,,0,3,3,0,3,4,0,0,9012,,0,1,0,
2026-09-16T05:47:29.466Z,381934187000000,54058363,539553,-43999,-43995,,12391,6759,6759,12391,1,2,6759,6759,0,1,1,0,,0,3,3,0,3,4,0,0,5632,,0,1,0,
2026-09-16T05:47:29.569Z,381934296000000,54058463,539554,-43997,-43995,,12391,6759,6759,12391,1,2,6759,6759,0,1,1,0,,0,3,3,0,3,4,0,0,5632,,0,1,0,
2026-09-16T05:47:29.672Z,381934406000000,54058563,539555,-43981,-43995,,12391,6759,6759,12391,1,2,6759,6759,0,1,1,0,,0,3,3,0,3,4,0,0,5632,,0,1,0,
2026-09-16T05:47:29.775Z,381934500000000,54058663,539556,-43992,-43995,,12391,6759,6759,12391,1,2,6759,6759,0,1,1,0,,0,3,3,0,3,4,0,0,4506,,0,1,0,
2026-09-16T05:47:29.965Z,381934687000000,54058764,539557,-43988,-43994,,5632,5632,5632,12391,1,2,5632,5632,0,1,1,0,,0,3,3,0,3,4,0,0,3380,,0,2,1,
2026-09-16T05:47:30.070Z,381934796000000,54058964,539559,-43994,-43994,,5632,5632,5632,12391,1,2,5632,5632,0,1,1,0,,0,3,3,0,3,4,0,0,1127,,0,2,1,
2026-09-16T05:47:30.173Z,381934906000000,54059064,539560,-43985,-43994,,5632,5632,5632,12391,1,2,5632,5632,0,1,1,0,,0,3,3,0,3,4,0,0,1127,,0,2,1,
2026-09-16T05:47:30.276Z,381935000000000,54059164,539561,-44003,-43994,,5632,5632,5632,12391,1,2,5632,5632,0,1,1,0,,0,3,3,0,3,4,0,0,1127,,0,2,1,
2026-09-16T05:47:30.380Z,381935109000000,54059264,539562,-44019,-43995,,5632,6759,6759,12391,1,2,6759,6759,0,1,1,0,,0,3,3,0,3,4,0,0,1127,,0,2,1,
2026-09-16T05:47:30.484Z,381935218000000,54059365,539563,-44020,-43998,,5632,10138,10138,12391,1,2,10138,10138,0,1,1,0,,0,3,3,0,3,4,0,0,4506,,0,2,1,
2026-09-16T05:47:30.590Z,381935312000000,54059469,539564,-43993,-44001,,5632,13518,13518,12391,1,2,13518,13518,0,1,1,0,,0,3,3,0,3,4,0,0,7886,,0,2,1,
2026-09-16T05:47:30.694Z,381935421000000,54059574,539565,-43985,-44000,,5632,12391,12391,12391,1,2,12391,12391,0,1,1,0,,0,3,3,0,3,4,0,0,7886,,0,2,1,
2026-09-16T05:47:30.800Z,381935531000000,54059679,539566,-43989,-43999,,5632,11265,11265,12391,1,2,11265,11265,0,1,1,0,,0,3,3,0,3,4,0,0,7886,,0,2,1,
2026-09-16T05:47:30.994Z,381935718000000,54059785,539567,-44005,-43998,,11265,10138,10138,12391,1,2,10138,10138,0,1,1,0,,0,3,3,0,3,4,0,0,7886,,0,2,1,
2026-09-16T05:47:31.099Z,381935828000000,54059984,539569,-44009,-44000,,11265,12391,12391,12391,1,2,12391,12391,0,1,1,0,,0,3,3,0,3,4,0,0,6759,,0,2,1,
2026-09-16T05:47:31.205Z,381935937000000,54060084,539570,-44008,-44001,,11265,13518,13518,12391,1,2,13518,13518,0,1,1,0,,0,3,3,0,3,4,0,0,3380,,0,2,1,
2026-09-16T05:47:31.310Z,381936031000000,54060188,539571,-44009,-44002,,11265,14644,14644,12391,1,2,14644,14644,0,1,1,0,,0,3,3,0,3,4,0,0,4506,,0,2,1,
2026-09-16T05:47:31.414Z,381936140000000,54060294,539572,-43993,-44003,,11265,15771,15771,12391,1,2,15771,15771,0,1,1,0,,0,3,3,0,3,4,0,0,5633,,0,2,1,
2026-09-16T05:47:31.521Z,381936250000000,54060399,539573,-43991,-44002,,11265,14644,14644,12391,1,2,14644,14644,0,1,1,0,,0,3,3,0,3,4,0,0,5633,,0,2,1,
2026-09-16T05:47:31.625Z,381936359000000,54060505,539574,-43991,-44001,,11265,13518,13518,12391,1,2,13518,13518,0,1,1,0,,0,3,3,0,3,4,0,0,5633,,0,2,1,
2026-09-16T05:47:31.731Z,381936453000000,54060609,539575,-44002,-44000,,11265,12391,12391,12391,1,2,12391,12391,0,1,1,0,,0,3,3,0,3,4,0,0,4506,,0,2,1,
2026-09-16T05:47:31.835Z,381936562000000,54060715,539576,-44005,-44000,,11265,12391,12391,12391,1,2,12391,12391,0,1,1,0,,0,3,3,0,3,4,0,0,3380,,0,2,1,
2026-09-16T05:47:32.025Z,381936750000000,54060820,539577,-43998,-44000,,12391,12391,12391,12391,1,2,12391,12391,0,1,1,0,,0,3,3,0,3,4,0,0,3380,,0,2,1,
2026-09-16T05:47:32.130Z,381936859000000,54060968,539579,-43982,-44000,,12391,12391,12391,12391,1,2,12391,12391,0,1,1,0,,0,3,3,0,3,4,0,0,3380,,0,2,1,
2026-09-16T05:47:32.235Z,381936968000000,54061115,539580,-43995,-43999,,12391,11265,11265,12391,1,2,11265,11265,0,1,1,0,,0,3,3,0,3,4,0,0,3379,,0,2,1,
2026-09-16T05:47:32.339Z,381937062000000,54061220,539581,-44003,-43998,,12391,10138,10138,12391,1,2,10138,10138,0,1,1,0,,0,3,3,0,3,4,0,0,3380,,0,2,1,
2026-09-16T05:47:32.443Z,381937171000000,54061324,539582,-43994,-43998,,12391,10138,10138,12391,1,2,10138,10138,0,1,1,0,,0,3,3,0,3,4,0,0,2253,,0,2,1,
2026-09-16T05:47:32.548Z,381937281000000,54061428,539583,-43995,-43998,,12391,10138,10138,12391,1,2,10138,10138,0,1,1,0,,0,3,3,0,3,4,0,0,2253,,0,2,1,
2026-09-16T05:47:32.652Z,381937375000000,54061532,539584,-44006,-43998,,12391,10138,10138,12391,1,2,10138,10138,0,1,1,0,,0,3,3,0,3,4,0,0,2253,,0,2,1,
2026-09-16T05:47:32.756Z,381937484000000,54061636,539585,-44001,-43998,,12391,10138,10138,12391,1,2,10138,10138,0,1,1,0,,0,3,3,0,3,4,0,0,2253,,0,2,1,
2026-09-16T05:47:32.860Z,381937593000000,54061741,539586,-44016,-43999,,12391,11265,11265,12391,1,2,11265,11265,0,1,1,0,,0,3,3,0,3,4,0,0,2253,,0,2,1,
2026-09-16T05:47:33.054Z,381937781000000,54061845,539587,-44013,-44001,,16897,13518,13518,12391,1,2,13518,13518,0,1,1,0,,0,3,3,0,3,4,0,0,3380,,0,2,1,
2026-09-16T05:47:33.160Z,381937890000000,54061970,539589,-44014,-44004,,16897,16897,16897,12391,1,2,16897,16897,0,1,1,0,,0,3,3,0,3,4,0,0,6759,,0,2,1,
2026-09-16T05:47:33.264Z,381937984000000,54062144,539590,-44020,-44006,,16897,19150,19150,12391,1,2,19150,19150,0,1,1,0,,0,3,3,0,3,4,0,0,9012,,0,2,1,
2026-09-16T05:47:33.370Z,381938093000000,54062248,539591,-44005,-44007,,16897,20277,20277,12391,1,2,20277,20277,0,1,1,0,,0,3,3,0,3,4,0,0,10139,,0,2,1,
2026-09-16T05:47:33.473Z,381938203000000,54062371,539593,-44002,-44007,,16897,20277,20277,12391,1,2,20277,20277,0,1,1,0,,0,3,3,0,3,4,0,0,9012,,0,2,1,
2026-09-16T05:47:33.578Z,381938312000000,54062471,539594,-44005,-44007,,16897,20277,20277,12391,1,2,20277,20277,0,1,1,0,,0,3,3,0,3,4,0,0,6759,,0,2,1,
2026-09-16T05:47:33.680Z,381938406000000,54062571,539595,-44010,-44007,,16897,20277,20277,12391,1,2,20277,20277,0,1,1,0,,0,3,3,0,3,4,0,0,4506,,0,2,1,
2026-09-16T05:47:33.783Z,381938515000000,54062672,539596,-44012,-44007,,16897,20277,20277,12391,1,2,20277,20277,0,1,1,0,,0,3,3,0,3,4,0,0,3380,,0,2,1,
2026-09-16T05:47:33.887Z,381938609000000,54062772,539597,-44004,-44007,,16897,20277,20277,12391,1,2,20277,20277,0,1,1,0,,0,3,3,0,3,4,0,0,1127,,0,2,1,
2026-09-16T05:47:34.079Z,381938812000000,54062872,539598,-44003,-44007,,19150,20277,20277,12391,1,2,20277,20277,0,1,1,0,,0,3,3,0,3,4,0,0,0,,0,2,1,
2026-09-16T05:47:34.182Z,381938906000000,54063072,539600,-43997,-44005,,19150,18024,18024,12391,1,2,18024,18024,0,1,1,0,,0,3,3,0,3,4,0,0,2253,,0,2,1,
2026-09-16T05:47:34.286Z,381939015000000,54063172,539601,-43982,-44003,,19150,15771,15771,12391,1,2,15771,15771,0,1,1,0,,0,3,3,0,3,4,0,0,4506,,0,2,1,
2026-09-16T05:47:34.390Z,381939125000000,54063273,539602,-43980,-44000,,19150,12391,12391,12391,1,2,12391,12391,0,1,1,0,,0,3,3,0,3,4,0,0,7886,,0,2,1,
2026-09-16T05:47:34.494Z,381939218000000,54063374,539603,-43964,-43997,,19150,9012,9012,12391,1,2,9012,9012,0,1,1,0,,0,3,3,0,3,4,0,0,11265,,0,2,1,
2026-09-16T05:47:34.599Z,381939328000000,54063478,539604,-43969,-43993,,19150,4506,4506,12391,1,2,4506,4506,0,1,1,0,,0,3,3,0,3,4,0,0,15771,,0,2,1,
2026-09-16T05:47:34.704Z,381939437000000,54063584,539605,-43971,-43990,,19150,1126,1126,12391,1,2,1126,1126,0,1,1,0,,0,3,3,0,3,4,0,0,19151,,0,2,1,
2026-09-16T05:47:34.809Z,381939531000000,54063688,539606,-43967,-43987,,19150,-2253,-2253,12391,1,2,-2253,-2253,0,1,1,0,,0,3,3,0,3,4,0,0,21403,,0,2,1,
2026-09-16T05:47:34.914Z,381939640000000,54063794,539607,-43975,-43985,,19150,-4506,-4506,12391,1,2,-4506,-4506,0,1,1,0,,0,3,3,0,3,4,0,0,22530,,0,2,1,
2026-09-16T05:47:35.105Z,381939828000000,54063898,539608,-43981,-43984,,-6759,-5632,-5632,12391,1,2,-5632,-5632,0,1,1,0,,0,3,3,0,3,4,0,0,21403,,0,2,1,
2026-09-16T05:47:35.210Z,381939937000000,54064096,539610,-43993,-43983,,-6759,-6759,-6759,12391,1,2,-6759,-6759,0,1,1,0,,0,3,3,0,3,4,0,0,15771,,0,2,1,
2026-09-16T05:47:35.314Z,381940046000000,54064194,539611,-44006,-43984,,-6759,-5632,-5632,12391,1,2,-5632,-5632,0,1,1,0,,0,3,3,0,3,4,0,0,11265,,0,2,1,
2026-09-16T05:47:35.418Z,381940140000000,54064298,539612,-43997,-43986,,-6759,-3379,-3379,12391,1,2,-3379,-3379,0,1,1,0,,0,3,3,0,3,4,0,0,7885,,0,2,1,
2026-09-16T05:47:35.523Z,381940250000000,54064404,539613,-43990,-43987,,-6759,-2253,-2253,12391,1,2,-2253,-2253,0,1,1,0,,0,3,3,0,3,4,0,0,4506,,0,2,1,
2026-09-16T05:47:35.629Z,381940359000000,54064507,539614,-43996,-43988,,-6759,-1126,-1126,12391,1,2,-1126,-1126,0,1,1,0,,0,3,3,0,3,4,0,0,5633,,0,2,1,
2026-09-16T05:47:35.733Z,381940453000000,54064614,539615,-43995,-43989,,-6759,0,0,12391,1,2,0,0,0,1,1,0,,0,3,3,0,3,4,0,0,6759,,0,2,1,
2026-09-16T05:47:35.837Z,381940562000000,54064718,539616,-43995,-43990,,-6759,1126,1126,12391,1,2,1126,1126,0,1,1,0,,0,3,3,0,3,4,0,0,7885,,0,2,1,
2026-09-16T05:47:35.941Z,381940671000000,54064822,539617,-43995,-43991,,-6759,2253,2253,12391,1,2,2253,2253,0,1,1,0,,0,3,3,0,3,4,0,0,9012,,0,2,1,
2026-09-16T05:47:36.131Z,381940859000000,54064925,539618,-43994,-43992,,3379,3379,3379,12391,1,2,3379,3379,0,1,1,0,,0,3,3,0,3,4,0,0,9011,,0,2,1,
2026-09-16T05:47:36.235Z,381940968000000,54065076,539620,-43979,-43992,,3379,3379,3379,12391,1,2,3379,3379,0,1,1,0,,0,3,3,0,3,4,0,0,5632,,0,2,1,
2026-09-16T05:47:36.339Z,381941062000000,54065220,539621,-43994,-43992,,3379,3379,3379,12391,1,2,3379,3379,0,1,1,0,,0,3,3,0,3,4,0,0,4505,,0,2,1,
2026-09-16T05:47:36.444Z,381941171000000,54065324,539622,-44005,-43992,,3379,3379,3379,12391,1,2,3379,3379,0,1,1,0,,0,3,3,0,3,4,0,0,3379,,0,2,1,
2026-09-16T05:47:36.548Z,381941281000000,54065428,539623,-44007,-43994,,3379,5632,5632,12391,1,2,5632,5632,0,1,1,0,,0,3,3,0,3,4,0,0,4506,,0,2,1,
2026-09-16T05:47:36.652Z,381941375000000,54065533,539624,-44005,-43995,,3379,6759,6759,12391,1,2,6759,6759,0,1,1,0,,0,3,3,0,3,4,0,0,4506,,0,2,1,
2026-09-16T05:47:36.757Z,381941484000000,54065637,539625,-44008,-43997,,3379,9012,9012,12391,1,2,9012,9012,0,1,1,0,,0,3,3,0,3,4,0,0,5633,,0,2,1,
2026-09-16T05:47:36.861Z,381941593000000,54065741,539626,-44009,-43998,,3379,10138,10138,12391,1,2,10138,10138,0,1,1,0,,0,3,3,0,3,4,0,0,6759,,0,2,1,
2026-09-16T05:47:36.965Z,381941687000000,54065846,539627,-43989,-43999,,3379,11265,11265,12391,1,2,11265,11265,0,1,1,0,,0,3,3,0,3,4,0,0,7886,,0,2,1,
2026-09-16T05:47:37.158Z,381941890000000,54065950,539628,-43982,-43998,,6759,10138,10138,12391,1,2,10138,10138,0,1,1,0,,0,3,3,0,3,4,0,0,7886,,0,2,1,
2026-09-16T05:47:37.264Z,381941984000000,54066099,539630,-43982,-43995,,6759,6759,6759,12391,1,2,6759,6759,0,1,1,0,,0,3,3,0,3,4,0,0,5633,,0,2,1,
2026-09-16T05:47:37.369Z,381942093000000,54066248,539631,-43996,-43994,,6759,5632,5632,12391,1,2,5632,5632,0,1,1,0,,0,3,3,0,3,4,0,0,5633,,0,2,1,
2026-09-16T05:47:37.473Z,381942203000000,54066354,539632,-43996,-43994,,6759,5632,5632,12391,1,2,5632,5632,0,1,1,0,,0,3,3,0,3,4,0,0,5633,,0,2,1,
2026-09-16T05:47:37.578Z,381942312000000,54066458,539633,-44005,-43994,,6759,5632,5632,12391,1,2,5632,5632,0,1,1,0,,0,3,3,0,3,4,0,0,5633,,0,2,1,
2026-09-16T05:47:37.681Z,381942406000000,54066580,539635,-43999,-43996,,6759,7885,7885,12391,1,2,7885,7885,0,1,1,0,,0,3,3,0,3,4,0,0,4506,,0,2,1,
2026-09-16T05:47:37.784Z,381942515000000,54066680,539636,-43987,-43996,,6759,7885,7885,12391,1,2,7885,7885,0,1,1,0,,0,3,3,0,3,4,0,0,3380,,0,2,1,
2026-09-16T05:47:37.887Z,381942609000000,54066780,539637,-43996,-43996,,6759,7885,7885,12391,1,2,7885,7885,0,1,1,0,,0,3,3,0,3,4,0,0,2253,,0,2,1,
2026-09-16T05:47:37.991Z,381942718000000,54066880,539638,-43991,-43995,,6759,6759,6759,12391,1,2,6759,6759,0,1,1,0,,0,3,3,0,3,4,0,0,2253,,0,2,1,
2026-09-16T05:47:38.181Z,381942906000000,54066980,539639,-43983,-43994,,4506,5632,5632,12391,1,2,5632,5632,0,1,1,0,,0,3,3,0,3,4,0,0,2253,,0,2,1,
2026-09-16T05:47:38.285Z,381943015000000,54067181,539641,-43985,-43992,,4506,3379,3379,12391,1,2,3379,3379,0,1,1,0,,0,3,3,0,3,4,0,0,4506,,0,2,1,
2026-09-16T05:47:38.388Z,381943109000000,54067281,539642,-43981,-43991,,4506,2253,2253,12391,1,2,2253,2253,0,1,1,0,,0,3,3,0,3,4,0,0,5632,,0,2,1,
2026-09-16T05:47:38.491Z,381943218000000,54067381,539643,-43995,-43990,,4506,1126,1126,12391,1,2,1126,1126,0,1,1,0,,0,3,3,0,3,4,0,0,6759,,0,2,1,
2026-09-16T05:47:38.594Z,381943328000000,54067481,539644,-44007,-43991,,4506,2253,2253,12391,1,2,2253,2253,0,1,1,0,,0,3,3,0,3,4,0,0,6759,,0,2,1,
2026-09-16T05:47:38.699Z,381943421000000,54067581,539645,-43977,-43992,,4506,3379,3379,12391,1,2,3379,3379,0,1,1,0,,0,3,3,0,3,4,0,0,5633,,0,2,1,
2026-09-16T05:47:38.804Z,381943531000000,54067685,539646,-43983,-43991,,4506,2253,2253,12391,1,2,2253,2253,0,1,1,0,,0,3,3,0,3,4,0,0,4506,,0,2,1,
2026-09-16T05:47:38.909Z,381943640000000,54067788,539647,-43995,-43990,,4506,1126,1126,12391,1,2,1126,1126,0,1,1,0,,0,3,3,0,3,4,0,0,3380,,0,2,1,
2026-09-16T05:47:39.014Z,381943750000000,54067895,539648,-43984,-43989,,4506,0,0,12391,1,2,0,0,0,1,1,0,,0,3,3,0,3,4,0,0,3379,,0,2,1,
2026-09-16T05:47:39.208Z,381943937000000,54068000,539649,-43983,-43988,,-2253,-1126,-1126,12391,1,2,-1126,-1126,0,1,1,0,,0,3,3,0,3,4,0,0,4505,,0,2,1,
2026-09-16T05:47:39.312Z,381944046000000,54068198,539651,-43973,-43986,,-2253,-3379,-3379,12391,1,2,-3379,-3379,0,1,1,0,,0,3,3,0,3,4,0,0,6758,,0,2,1,
2026-09-16T05:47:39.416Z,381944140000000,54068297,539652,-43989,-43986,,-2253,-3379,-3379,12391,1,2,-3379,-3379,0,1,1,0,,0,3,3,0,3,4,0,0,6758,,0,2,1,
2026-09-16T05:47:39.519Z,381944250000000,54068401,539653,-44000,-43986,,-2253,-3379,-3379,12391,1,2,-3379,-3379,0,1,1,0,,0,3,3,0,3,4,0,0,5632,,0,2,1,
2026-09-16T05:47:39.625Z,381944359000000,54068505,539654,-43980,-43986,,-2253,-3379,-3379,12391,1,2,-3379,-3379,0,1,1,0,,0,3,3,0,3,4,0,0,4505,,0,2,1,
2026-09-16T05:47:39.729Z,381944453000000,54068610,539655,-43983,-43986,,-2253,-3379,-3379,12391,1,2,-3379,-3379,0,1,1,0,,0,3,3,0,3,4,0,0,3379,,0,2,1,
2026-09-16T05:47:39.833Z,381944562000000,54068714,539656,-44001,-43986,,-2253,-3379,-3379,12391,1,2,-3379,-3379,0,1,1,0,,0,3,3,0,3,4,0,0,2253,,0,2,1,
2026-09-16T05:47:39.938Z,381944671000000,54068818,539657,-43981,-43986,,-2253,-3379,-3379,12391,1,2,-3379,-3379,0,1,1,0,,0,3,3,0,3,4,0,0,1126,,0,2,1,
2026-09-16T05:47:40.044Z,381944765000000,54068924,539658,-44004,-43988,,-2253,-1126,-1126,12391,1,2,-1126,-1126,0,1,1,0,,0,3,3,0,3,4,0,0,2253,,0,2,1,
2026-09-16T05:47:40.237Z,381944968000000,54069029,539659,-44012,-43990,,2253,1126,1126,12391,1,2,1126,1126,0,1,1,0,,0,3,3,0,3,4,0,0,4505,,0,2,1,
2026-09-16T05:47:40.341Z,381945062000000,54069185,539661,-43975,-43991,,2253,2253,2253,12391,1,2,2253,2253,0,1,1,0,,0,3,3,0,3,4,0,0,6758,,0,2,1,
2026-09-16T05:47:40.446Z,381945171000000,54069326,539662,-43975,-43989,,2253,0,0,12391,1,2,0,0,0,1,1,0,,0,3,3,0,3,4,0,0,6758,,0,2,1,
2026-09-16T05:47:40.551Z,381945281000000,54069431,539663,-43966,-43987,,2253,-2253,-2253,12391,1,2,-2253,-2253,0,1,1,0,,0,3,3,0,3,4,0,0,6758,,0,2,1,
2026-09-16T05:47:40.656Z,381945390000000,54069536,539664,-43962,-43984,,2253,-5632,-5632,12391,1,2,-5632,-5632,0,1,1,0,,0,3,3,0,3,4,0,0,9011,,0,2,1,
2026-09-16T05:47:40.760Z,381945484000000,54069641,539665,-43963,-43981,,2253,-9012,-9012,12391,1,2,-9012,-9012,0,1,1,0,,0,3,3,0,3,4,0,0,12391,,0,2,1,
2026-09-16T05:47:40.865Z,381945593000000,54069746,539666,-43995,-43979,,2253,-11265,-11265,12391,1,2,-11265,-11265,0,1,1,0,,0,3,3,0,3,4,0,0,14644,,0,2,1,
2026-09-16T05:47:40.969Z,381945703000000,54069850,539667,-43989,-43980,,2253,-10138,-10138,12391,1,2,-10138,-10138,0,1,1,0,,0,3,3,0,3,4,0,0,14644,,0,2,1,
2026-09-16T05:47:41.075Z,381945796000000,54069954,539668,-43980,-43981,,2253,-9012,-9012,12391,1,2,-9012,-9012,0,1,1,0,,0,3,3,0,3,4,0,0,13518,,0,2,1,
2026-09-16T05:47:41.268Z,381946000000000,54070059,539669,-43982,-43981,,-9012,-9012,-9012,12391,1,2,-9012,-9012,0,1,1,0,,0,3,3,0,3,4,0,0,11265,,0,2,1,
2026-09-16T05:47:41.372Z,381946093000000,54070207,539671,-43995,-43981,,-9012,-9012,-9012,12391,1,2,-9012,-9012,0,1,1,0,,0,3,3,0,3,4,0,0,5633,,0,2,1,
2026-09-16T05:47:41.477Z,381946203000000,54070358,539672,-43990,-43982,,-9012,-7885,-7885,12391,1,2,-7885,-7885,0,1,1,0,,0,3,3,0,3,4,0,0,3380,,0,2,1,
2026-09-16T05:47:41.581Z,381946312000000,54070462,539673,-43977,-43983,,-9012,-6759,-6759,12391,1,2,-6759,-6759,0,1,1,0,,0,3,3,0,3,4,0,0,4506,,0,2,1,
2026-09-16T05:47:41.686Z,381946421000000,54070567,539674,-43971,-43982,,-9012,-7885,-7885,12391,1,2,-7885,-7885,0,1,1,0,,0,3,3,0,3,4,0,0,3379,,0,2,1,
2026-09-16T05:47:41.789Z,381946515000000,54070688,539676,-43981,-43980,,-9012,-10138,-10138,12391,1,2,-10138,-10138,0,1,1,0,,0,3,3,0,3,4,0,0,3379,,0,2,1,
2026-09-16T05:47:41.891Z,381946625000000,54070788,539677,-43988,-43980,,-9012,-10138,-10138,12391,1,2,-10138,-10138,0,1,1,0,,0,3,3,0,3,4,0,0,3379,,0,2,1,
2026-09-16T05:47:41.995Z,381946718000000,54070888,539678,-43989,-43981,,-9012,-9012,-9012,12391,1,2,-9012,-9012,0,1,1,0,,0,3,3,0,3,4,0,0,3379,,0,2,1,
2026-09-16T05:47:42.098Z,381946828000000,54070989,539679,-43985,-43982,,-9012,-7885,-7885,12391,1,2,-7885,-7885,0,1,1,0,,0,3,3,0,3,4,0,0,3379,,0,2,1,
2026-09-16T05:47:42.288Z,381947015000000,54071089,539680,-43998,-43983,,-5632,-6759,-6759,12391,1,2,-6759,-6759,0,1,1,0,,0,3,3,0,3,4,0,0,3379,,0,2,1,
2026-09-16T05:47:42.391Z,381947125000000,54071289,539682,-43997,-43986,,-5632,-3379,-3379,12391,1,2,-3379,-3379,0,1,1,0,,0,3,3,0,3,4,0,0,6759,,0,2,1,
2026-09-16T05:47:42.493Z,381947218000000,54071389,539683,-44011,-43987,,-5632,-2253,-2253,12391,1,2,-2253,-2253,0,1,1,0,,0,3,3,0,3,4,0,0,7885,,0,2,1,
2026-09-16T05:47:42.598Z,381947328000000,54071489,539684,-44010,-43990,,-5632,1126,1126,12391,1,2,1126,1126,0,1,1,0,,0,3,3,0,3,4,0,0,11264,,0,2,1,
2026-09-16T05:47:42.700Z,381947421000000,54071590,539685,-43995,-43993,,-5632,4506,4506,12391,1,2,4506,4506,0,1,1,0,,0,3,3,0,3,4,0,0,13518,,0,2,1,
2026-09-16T05:47:42.804Z,381947531000000,54071690,539686,-43985,-43993,,-5632,4506,4506,12391,1,2,4506,4506,0,1,1,0,,0,3,3,0,3,4,0,0,12391,,0,2,1,
2026-09-16T05:47:42.910Z,381947640000000,54071790,539687,-43988,-43992,,-5632,3379,3379,12391,1,2,3379,3379,0,1,1,0,,0,3,3,0,3,4,0,0,11265,,0,2,1,
2026-09-16T05:47:43.013Z,381947734000000,54071895,539688,-43982,-43991,,-5632,2253,2253,12391,1,2,2253,2253,0,1,1,0,,0,3,3,0,3,4,0,0,10138,,0,2,1,
2026-09-16T05:47:43.119Z,381947843000000,54071999,539689,-44003,-43991,,-5632,2253,2253,12391,1,2,2253,2253,0,1,1,0,,0,3,3,0,3,4,0,0,7885,,0,2,1,
2026-09-16T05:47:43.312Z,381948046000000,54072104,539690,-44000,-43992,,4506,3379,3379,12391,1,2,3379,3379,0,1,1,0,,0,3,3,0,3,4,0,0,6759,,0,2,1,
2026-09-16T05:47:43.416Z,381948140000000,54072303,539692,-43996,-43993,,4506,4506,4506,12391,1,2,4506,4506,0,1,1,0,,0,3,3,0,3,4,0,0,2253,,0,2,1,
2026-09-16T05:47:43.519Z,381948250000000,54072402,539693,-43975,-43993,,4506,4506,4506,12391,1,2,4506,4506,0,1,1,0,,0,3,3,0,3,4,0,0,2253,,0,2,1,
2026-09-16T05:47:43.624Z,381948359000000,54072505,539694,-43991,-43993,,4506,4506,4506,12391,1,2,4506,4506,0,1,1,0,,0,3,3,0,3,4,0,0,2253,,0,2,1,
2026-09-16T05:47:43.729Z,381948453000000,54072609,539695,-43991,-43993,,4506,4506,4506,12391,1,2,4506,4506,0,1,1,0,,0,3,3,0,3,4,0,0,2253,,0,2,1,
2026-09-16T05:47:43.833Z,381948562000000,54072714,539696,-43987,-43993,,4506,4506,4506,12391,1,2,4506,4506,0,1,1,0,,0,3,3,0,3,4,0,0,2253,,0,2,1,
2026-09-16T05:47:43.937Z,381948671000000,54072818,539697,-43999,-43993,,4506,4506,4506,12391,1,2,4506,4506,0,1,1,0,,0,3,3,0,3,4,0,0,1127,,0,2,1,
2026-09-16T05:47:44.042Z,381948765000000,54072923,539698,-43994,-43993,,4506,4506,4506,12391,1,2,4506,4506,0,1,1,0,,0,3,3,0,3,4,0,0,0,,0,2,1,
2026-09-16T05:47:44.147Z,381948875000000,54073027,539699,-43995,-43993,,4506,4506,4506,12391,1,2,4506,4506,0,1,1,0,,0,3,3,0,3,4,0,0,0,,0,2,1,
2026-09-16T05:47:44.338Z,381949062000000,54073132,539700,-43992,-43993,,4506,4506,4506,12391,1,2,4506,4506,0,1,1,0,,0,3,3,0,3,4,0,0,0,,0,2,1,
2026-09-16T05:47:44.442Z,381949171000000,54073329,539702,-44019,-43993,,4506,4506,4506,12391,1,2,4506,4506,0,1,1,0,,0,3,3,0,3,4,0,0,0,,0,2,1,
2026-09-16T05:47:44.547Z,381949281000000,54073427,539703,-44014,-43996,,4506,7885,7885,12391,1,2,7885,7885,0,1,1,0,,0,3,3,0,3,4,0,0,3379,,0,2,1,
2026-09-16T05:47:44.651Z,381949375000000,54073532,539704,-43999,-43998,,4506,10138,10138,12391,1,2,10138,10138,0,1,1,0,,0,3,3,0,3,4,0,0,5632,,0,2,1,
2026-09-16T05:47:44.755Z,381949484000000,54073636,539705,-44006,-43999,,4506,11265,11265,12391,1,2,11265,11265,0,1,1,0,,0,3,3,0,3,4,0,0,6759,,0,2,1,
2026-09-16T05:47:44.860Z,381949593000000,54073740,539706,-44003,-44000,,4506,12391,12391,12391,1,2,12391,12391,0,1,1,0,,0,3,3,0,3,4,0,0,7885,,0,2,1,
2026-09-16T05:47:44.965Z,381949687000000,54073846,539707,-44009,-44001,,4506,13518,13518,12391,1,2,13518,13518,0,1,1,0,,0,3,3,0,3,4,0,0,9012,,0,2,1,
2026-09-16T05:47:45.071Z,381949796000000,54073950,539708,-43997,-44001,,4506,13518,13518,12391,1,2,13518,13518,0,1,1,0,,0,3,3,0,3,4,0,0,9012,,0,2,1,
2026-09-16T05:47:45.175Z,381949906000000,54074057,539709,-43993,-44000,,4506,12391,12391,12391,1,2,12391,12391,0,1,1,0,,0,3,3,0,3,4,0,0,9012,,0,2,1,
2026-09-16T05:47:45.368Z,381950093000000,54074161,539710,-43983,-43999,,6759,11265,11265,12391,1,2,11265,11265,0,1,1,0,,0,3,3,0,3,4,0,0,5633,,0,2,1,
2026-09-16T05:47:45.473Z,381950203000000,54074307,539712,-43979,-43995,,6759,6759,6759,12391,1,2,6759,6759,0,1,1,0,,0,3,3,0,3,4,0,0,6759,,0,2,1,
2026-09-16T05:47:45.578Z,381950312000000,54074458,539713,-43982,-43993,,6759,4506,4506,12391,1,2,4506,4506,0,1,1,0,,0,3,3,0,3,4,0,0,9012,,0,2,1,
2026-09-16T05:47:45.683Z,381950406000000,54074564,539714,-43980,-43991,,6759,2253,2253,12391,1,2,2253,2253,0,1,1,0,,0,3,3,0,3,4,0,0,11265,,0,2,1,
2026-09-16T05:47:45.786Z,381950515000000,54074668,539715,-43980,-43990,,6759,1126,1126,12391,1,2,1126,1126,0,1,1,0,,0,3,3,0,3,4,0,0,12392,,0,2,1,
2026-09-16T05:47:45.891Z,381950625000000,54074772,539716,-43987,-43989,,6759,0,0,12391,1,2,0,0,0,1,1,0,,0,3,3,0,3,4,0,0,12391,,0,2,1,
2026-09-16T05:47:45.995Z,381950718000000,54074876,539717,-43993,-43989,,6759,0,0,12391,1,2,0,0,0,1,1,0,,0,3,3,0,3,4,0,0,11265,,0,2,1,
2026-09-16T05:47:46.098Z,381950828000000,54074996,539719,-43997,-43991,,6759,2253,2253,12391,1,2,2253,2253,0,1,1,0,,0,3,3,0,3,4,0,0,6759,,0,2,1,
2026-09-16T05:47:46.201Z,381950921000000,54075096,539720,-43988,-43992,,6759,3379,3379,12391,1,2,3379,3379,0,1,1,0,,0,3,3,0,3,4,0,0,4506,,0,2,1,
2026-09-16T05:47:46.390Z,381951125000000,54075197,539721,-43970,-43991,,-1126,2253,2253,12391,1,2,2253,2253,0,1,1,0,,0,3,3,0,3,4,0,0,3379,,0,2,1,
2026-09-16T05:47:46.494Z,381951218000000,54075297,539722,-43969,-43988,,-1126,-1126,-1126,12391,1,2,-1126,-1126,0,1,1,0,,0,3,3,0,3,4,0,0,4505,,0,2,1,
2026-09-16T05:47:46.598Z,381951328000000,54075497,539724,-43981,-43985,,-1126,-4506,-4506,12391,1,2,-4506,-4506,0,1,1,0,,0,3,3,0,3,4,0,0,7885,,0,2,1,
2026-09-16T05:47:46.701Z,381951421000000,54075598,539725,-43986,-43985,,-1126,-4506,-4506,12391,1,2,-4506,-4506,0,1,1,0,,0,3,3,0,3,4,0,0,7885,,0,2,1,
2026-09-16T05:47:46.803Z,381951531000000,54075698,539726,-43977,-43984,,-1126,-5632,-5632,12391,1,2,-5632,-5632,0,1,1,0,,0,3,3,0,3,4,0,0,9011,,0,2,1,
2026-09-16T05:47:46.907Z,381951640000000,54075798,539727,-43979,-43983,,-1126,-6759,-6759,12391,1,2,-6759,-6759,0,1,1,0,,0,3,3,0,3,4,0,0,10138,,0,2,1,
2026-09-16T05:47:47.010Z,381951734000000,54075898,539728,-43980,-43982,,-1126,-7885,-7885,12391,1,2,-7885,-7885,0,1,1,0,,0,3,3,0,3,4,0,0,10138,,0,2,1,
2026-09-16T05:47:47.115Z,381951843000000,54075998,539729,-43992,-43982,,-1126,-7885,-7885,12391,1,2,-7885,-7885,0,1,1,0,,0,3,3,0,3,4,0,0,6759,,0,2,1,
2026-09-16T05:47:47.219Z,381951953000000,54076101,539730,-44011,-43983,,-1126,-6759,-6759,12391,1,2,-6759,-6759,0,1,1,0,,0,3,3,0,3,4,0,0,4506,,0,2,1,
2026-09-16T05:47:47.412Z,381952140000000,54076205,539731,-44006,-43986,,0,-3379,-3379,12391,1,2,-3379,-3379,0,1,1,0,,0,3,3,0,3,4,0,0,4506,,0,2,1,
2026-09-16T05:47:47.516Z,381952250000000,54076404,539733,-43998,-43990,,0,1126,1126,12391,1,2,1126,1126,0,1,1,0,,0,3,3,0,3,4,0,0,9011,,0,2,1,
2026-09-16T05:47:47.620Z,381952343000000,54076502,539734,-44007,-43991,,0,2253,2253,12391,1,2,2253,2253,0,1,1,0,,0,3,3,0,3,4,0,0,10138,,0,2,1,
2026-09-16T05:47:47.724Z,381952453000000,54076606,539735,-44005,-43993,,0,4506,4506,12391,1,2,4506,4506,0,1,1,0,,0,3,3,0,3,4,0,0,12391,,0,2,1,
2026-09-16T05:47:47.829Z,381952562000000,54076709,539736,-44005,-43995,,0,6759,6759,12391,1,2,6759,6759,0,1,1,0,,0,3,3,0,3,4,0,0,14644,,0,2,1,
2026-09-16T05:47:47.934Z,381952656000000,54076815,539737,-44003,-43996,,0,7885,7885,12391,1,2,7885,7885,0,1,1,0,,0,3,3,0,3,4,0,0,14644,,0,2,1,
2026-09-16T05:47:48.039Z,381952765000000,54076919,539738,-43991,-43997,,0,9012,9012,12391,1,2,9012,9012,0,1,1,0,,0,3,3,0,3,4,0,0,12391,,0,2,1,
2026-09-16T05:47:48.145Z,381952875000000,54077025,539739,-44014,-43998,,0,10138,10138,12391,1,2,10138,10138,0,1,1,0,,0,3,3,0,3,4,0,0,10138,,0,2,1,
2026-09-16T05:47:48.249Z,381952984000000,54077131,539740,-44009,-43999,,0,11265,11265,12391,1,2,11265,11265,0,1,1,0,,0,3,3,0,3,4,0,0,10139,,0,2,1,
2026-09-16T05:47:48.441Z,381953171000000,54077235,539741,-44004,-44000,,13518,12391,12391,12391,1,2,12391,12391,0,1,1,0,,0,3,3,0,3,4,0,0,10138,,0,2,1,
2026-09-16T05:47:48.546Z,381953281000000,54077434,539743,-43991,-44001,,13518,13518,13518,12391,1,2,13518,13518,0,1,1,0,,0,3,3,0,3,4,0,0,6759,,0,2,1,
2026-09-16T05:47:48.650Z,381953375000000,54077532,539744,-43996,-44000,,13518,12391,12391,12391,1,2,12391,12391,0,1,1,0,,0,3,3,0,3,4,0,0,5633,,0,2,1,
2026-09-16T05:47:48.755Z,381953484000000,54077636,539745,-44011,-43999,,13518,11265,11265,12391,1,2,11265,11265,0,1,1,0,,0,3,3,0,3,4,0,0,4506,,0,2,1,
2026-09-16T05:47:48.859Z,381953593000000,54077741,539746,-44012,-44001,,13518,13518,13518,12391,1,2,13518,13518,0,1,1,0,,0,3,3,0,3,4,0,0,3380,,0,2,1,
2026-09-16T05:47:48.964Z,381953687000000,54077846,539747,-44124,-44002,,13518,14644,14644,12391,1,2,14644,14644,0,1,1,0,,0,3,3,0,3,4,0,0,3379,,0,2,1,
2026-09-16T05:47:49.070Z,381953796000000,54077951,539748,-50685,-44017,,13518,31541,31541,12391,1,2,31541,31541,0,1,1,0,,0,3,3,0,3,4,0,0,20276,,0,2,1,
2026-09-16T05:47:49.176Z,381953906000000,54078056,539749,-72740,-44851,,13518,971025,971025,12391,97,2,971025,971025,0,0,1,0,,0,3,3,0,3,4,0,0,959760,,0,2,1,
2026-09-16T05:47:49.283Z,381954015000000,54078162,539750,-114923,-48337,,13518,4897930,4897930,12391,490,2,4897930,4897930,0,0,1,0,,0,3,3,0,3,4,0,0,4886665,,0,2,1,
2026-09-16T05:47:49.480Z,381954203000000,54078268,539751,-220092,-56660,,82298287,14273613,14273613,37286448,1427,2,14273613,14273613,0,0,1,0,,0,3,3,0,3,4,0,0,14262348,,0,0,0,
2026-09-16T05:47:49.585Z,381954312000000,54078418,539753,-474321,-117047,,82298287,82298287,82298287,37286448,8230,2,82298287,82298287,0,0,0,0,,0,3,3,0,3,4,0,0,82284769,,0,0,0,
2026-09-16T05:47:49.692Z,381954421000000,54078571,539754,-482538,-161706,,82298287,132605703,132605703,37286448,13261,2,132605703,132605703,0,0,0,0,,0,3,3,0,3,4,0,0,132591059,,0,0,0,
2026-09-16T05:47:49.798Z,381954531000000,54078678,539755,-487813,-201810,,82298287,177782008,177782008,37286448,17778,2,177782008,177782008,0,0,0,0,,0,3,3,0,3,4,0,0,177750467,,0,0,0,
2026-09-16T05:47:49.904Z,381954625000000,54078784,539756,-487926,-237560,,82298287,218053625,218053625,37286448,21805,2,218053625,218053625,0,0,0,0,,0,3,3,0,3,4,0,0,217082600,,0,0,0,
2026-09-16T05:47:50.011Z,381954734000000,54078904,539758,-487881,-296234,,82298287,284148641,284148641,37286448,28415,2,284148641,284148641,0,0,0,0,,0,3,3,0,3,4,0,0,269875028,,0,0,0,
2026-09-16T05:47:50.116Z,381954843000000,54079004,539759,-487890,-320191,,82298287,311135693,311135693,37286448,31114,2,311135693,311135693,0,0,0,0,,0,3,3,0,3,4,0,0,273849245,,0,0,0,
2026-09-16T05:47:50.223Z,381954953000000,54079105,539760,-487901,-341153,,82298287,334748942,334748942,37286448,33475,2,334748942,334748942,0,0,0,0,,0,3,3,0,3,4,0,0,252450655,,0,0,0,
2026-09-16T05:47:50.330Z,381955062000000,54079208,539761,-487910,-359497,,82298287,355413069,355413069,37286448,35541,2,355413069,355413069,0,0,0,0,,0,3,3,0,3,4,0,0,222807366,,0,0,0,
2026-09-16T05:47:50.527Z,381955250000000,54079316,539762,-487904,-375548,,389315574,373494179,373494179,389315574,37349,2,373494179,373494179,0,0,0,0,,0,3,3,0,3,4,0,0,195712171,,0,0,0,
2026-09-16T05:47:50.635Z,381955359000000,54079519,539764,-487889,-401881,,389315574,403157745,403157745,389315574,40316,2,403157745,403157745,0,0,0,0,,0,3,3,0,3,4,0,0,149853219,,0,0,0,
2026-09-16T05:47:50.742Z,381955468000000,54079620,539765,-487904,-412633,,389315574,415269645,415269645,389315574,41527,2,415269645,415269645,0,0,0,0,,0,3,3,0,3,4,0,0,131121004,,0,0,0,
2026-09-16T05:47:50.848Z,381955578000000,54079728,539766,-487903,-422042,,389315574,425868684,425868684,389315574,42587,2,425868684,425868684,0,0,0,0,,0,3,3,0,3,4,0,0,114732991,,0,0,0,
2026-09-16T05:47:50.955Z,381955687000000,54079834,539767,-487907,-430275,,389315574,435142984,435142984,389315574,43514,2,435142984,435142984,0,0,0,0,,0,3,3,0,3,4,0,0,100394042,,0,0,0,
2026-09-16T05:47:51.063Z,381955796000000,54079940,539768,-487908,-437479,,389315574,443258137,443258137,389315574,44326,2,443258137,443258137,0,0,0,0,,0,3,3,0,3,4,0,0,87845068,,0,0,0,
2026-09-16T05:47:51.171Z,381955906000000,54080048,539769,-487889,-443783,,389315574,450359459,450359459,389315574,45036,2,450359459,450359459,0,0,0,0,,0,3,3,0,3,4,0,0,76865280,,0,0,0,
2026-09-16T05:47:51.277Z,381956000000000,54080157,539770,-487887,-449296,,389315574,456569737,456569737,389315574,45657,2,456569737,456569737,0,0,0,0,,0,3,3,0,3,4,0,0,67254163,,0,0,0,
2026-09-16T05:47:51.383Z,381956109000000,54080263,539771,-487907,-454120,,389315574,462003871,462003871,389315574,46200,2,462003871,462003871,0,0,0,0,,0,3,3,0,3,4,0,0,58846126,,0,0,0,
2026-09-16T05:47:51.581Z,381956312000000,54080369,539772,-487906,-458343,,474565236,466760990,466760990,470923330,46676,2,466760990,466760990,0,0,0,0,,0,3,3,0,3,4,0,0,51491345,,0,0,0,
2026-09-16T05:47:51.686Z,381956406000000,54080521,539774,-487903,-465271,,474565236,474565236,474565236,470923330,47457,2,474565236,474565236,0,0,0,0,,0,3,3,0,3,4,0,0,39422252,,0,0,0,
2026-09-16T05:47:51.794Z,381956515000000,54080672,539775,-487890,-468099,,474565236,477750918,477750918,470923330,47775,2,477750918,477750918,0,0,0,0,,0,3,3,0,3,4,0,0,34492781,,0,0,0,
2026-09-16T05:47:51.902Z,381956625000000,54080779,539776,-487894,-470573,,474565236,480537826,480537826,470923330,48054,2,480537826,480537826,0,0,0,0,,0,3,3,0,3,4,0,0,30178367,,0,0,0,
2026-09-16T05:47:52.012Z,381956734000000,54080908,539778,-487915,-474633,,474565236,485111330,485111330,470923330,48511,2,485111330,485111330,0,0,0,0,,0,3,3,0,3,4,0,0,23107459,,0,0,0,
2026-09-16T05:47:52.117Z,381956843000000,54081008,539779,-487911,-476293,,474565236,486981285,486981285,470923330,48698,2,486981285,486981285,0,0,0,0,,0,3,3,0,3,4,0,0,20220295,,0,0,0,
2026-09-16T05:47:52.224Z,381956953000000,54081109,539780,-487891,-477745,,474565236,488616932,488616932,470923330,48862,2,488616932,488616932,0,0,0,0,,0,3,3,0,3,4,0,0,17693602,,0,0,0,
2026-09-16T05:47:52.333Z,381957062000000,54081211,539781,-487889,-479013,,474565236,490045307,490045307,470923330,49005,2,490045307,490045307,0,0,0,0,,0,3,3,0,3,4,0,0,15480071,,0,0,0,
2026-09-16T05:47:52.440Z,381957171000000,54081319,539782,-487893,-480123,,474565236,491295698,491295698,470923330,49130,2,491295698,491295698,0,0,0,0,,0,3,3,0,3,4,0,0,13544780,,0,0,0,
2026-09-16T05:47:52.636Z,381957359000000,54081426,539783,-487887,-481094,,493347016,492389509,492389509,493347016,49239,2,492389509,492389509,0,0,0,0,,0,3,3,0,3,4,0,0,11851683,,0,0,0,
2026-09-16T05:47:52.743Z,381957468000000,54081628,539785,-487893,-482688,,493347016,494185117,494185117,493347016,49419,2,494185117,494185117,0,0,0,0,,0,3,3,0,3,4,0,0,9073787,,0,0,0,
2026-09-16T05:47:52.848Z,381957578000000,54081728,539786,-487887,-483339,,493347016,494918454,494918454,493347016,49492,2,494918454,494918454,0,0,0,0,,0,3,3,0,3,4,0,0,7937169,,0,0,0,
2026-09-16T05:47:52.955Z,381957687000000,54081835,539787,-487879,-483908,,493347016,495559421,495559421,493347016,49556,2,495559421,495559421,0,0,0,0,,0,3,3,0,3,4,0,0,6942489,,0,0,0,
2026-09-16T05:47:53.062Z,381957796000000,54081940,539788,-487860,-484404,,493347016,496118154,496118154,493347016,49612,2,496118154,496118154,0,0,0,0,,0,3,3,0,3,4,0,0,6072847,,0,0,0,
2026-09-16T05:47:53.168Z,381957890000000,54082047,539789,-487893,-484838,,493347016,496607046,496607046,493347016,49661,2,496607046,496607046,0,0,0,0,,0,3,3,0,3,4,0,0,5311348,,0,0,0,
2026-09-16T05:47:53.274Z,381958000000000,54082155,539790,-487911,-485220,,493347016,497037361,497037361,493347016,49704,2,497037361,497037361,0,0,0,0,,0,3,3,0,3,4,0,0,4647852,,0,0,0,
2026-09-16T05:47:53.381Z,381958109000000,54082260,539791,-487908,-485556,,493347016,497415858,497415858,493347016,49742,2,497415858,497415858,0,0,0,0,,0,3,3,0,3,4,0,0,4068842,,0,0,0,
2026-09-16T05:47:53.489Z,381958218000000,54082367,539792,-487897,-485850,,493347016,497747042,497747042,493347016,49775,2,497747042,497747042,0,0,0,0,,0,3,3,0,3,4,0,0,3561925,,0,0,0,
2026-09-16T05:47:53.686Z,381958406000000,54082475,539793,-487896,-486106,,498508542,498035421,498035421,498287752,49804,2,498035421,498035421,0,0,0,0,,0,3,3,0,3,4,0,0,3116967,,0,0,0,
2026-09-16T05:47:53.791Z,381958515000000,54082626,539795,-487900,-486526,,498508542,498508542,498508542,498287752,49851,2,498508542,498508542,0,0,0,0,,0,3,3,0,3,4,0,0,2390388,,0,0,0,
2026-09-16T05:47:53.898Z,381958625000000,54082777,539796,-487891,-486697,,498508542,498701170,498701170,498287752,49870,2,498701170,498701170,0,0,0,0,,0,3,3,0,3,4,0,0,2094124,,0,0,0,
2026-09-16T05:47:54.004Z,381958734000000,54082884,539797,-487880,-486846,,498508542,498869015,498869015,498287752,49887,2,498869015,498869015,0,0,0,0,,0,3,3,0,3,4,0,0,1831654,,0,0,0,
2026-09-16T05:47:54.113Z,381958843000000,54082991,539798,-487878,-486975,,498508542,499014331,499014331,498287752,49901,2,499014331,499014331,0,0,0,0,,0,3,3,0,3,4,0,0,1598473,,0,0,0,
2026-09-16T05:47:54.217Z,381958953000000,54083113,539800,-487889,-487188,,498508542,499254271,499254271,498287752,49925,2,499254271,499254271,0,0,0,0,,0,3,3,0,3,4,0,0,1218850,,0,0,0,
2026-09-16T05:47:54.323Z,381959046000000,54083213,539801,-487918,-487277,,498508542,499354528,499354528,498287752,49935,2,499354528,499354528,0,0,0,0,,0,3,3,0,3,4,0,0,1066776,,0,0,0,
2026-09-16T05:47:54.430Z,381959156000000,54083313,539802,-487908,-487356,,498508542,499443519,499443519,498287752,49944,2,499443519,499443519,0,0,0,0,,0,3,3,0,3,4,0,0,934977,,0,0,0,
2026-09-16T05:47:54.535Z,381959265000000,54083416,539803,-487886,-487425,,498508542,499521247,499521247,498287752,49952,2,499521247,499521247,0,0,0,0,,0,3,3,0,3,4,0,0,820077,,0,0,0,
2026-09-16T05:47:54.730Z,381959453000000,54083522,539804,-487888,-487483,,499644033,499586582,499586582,499644033,49959,2,499586582,499586582,0,0,0,0,,0,3,3,0,3,4,0,0,717567,,0,0,0,
2026-09-16T05:47:54.837Z,381959562000000,54083722,539806,-487899,-487579,,499644033,499694724,499694724,499644033,49969,2,499694724,499694724,0,0,0,0,,0,3,3,0,3,4,0,0,553101,,0,0,0,
2026-09-16T05:47:54.944Z,381959671000000,54083823,539807,-487895,-487619,,499644033,499739783,499739783,499644033,49974,2,499739783,499739783,0,0,0,0,,0,3,3,0,3,4,0,0,485512,,0,0,0,
2026-09-16T05:47:55.051Z,381959781000000,54083930,539808,-487899,-487654,,499644033,499779210,499779210,499644033,49978,2,499779210,499779210,0,0,0,0,,0,3,3,0,3,4,0,0,424682,,0,0,0,
2026-09-16T05:47:55.158Z,381959890000000,54084038,539809,-487898,-487685,,499644033,499814131,499814131,499644033,49981,2,499814131,499814131,0,0,0,0,,0,3,3,0,3,4,0,0,370612,,0,0,0,
2026-09-16T05:47:55.264Z,381959984000000,54084144,539810,-487883,-487712,,499644033,499844546,499844546,499644033,49984,2,499844546,499844546,0,0,0,0,,0,3,3,0,3,4,0,0,323299,,0,0,0,
2026-09-16T05:47:55.371Z,381960093000000,54084250,539811,-487884,-487734,,499644033,499869328,499869328,499644033,49987,2,499869328,499869328,0,0,0,0,,0,3,3,0,3,4,0,0,282746,,0,0,0,
2026-09-16T05:47:55.477Z,381960203000000,54084357,539812,-487899,-487753,,499644033,499890732,499890732,499644033,49989,2,499890732,499890732,0,0,0,0,,0,3,3,0,3,4,0,0,246699,,0,0,0,
2026-09-16T05:47:55.584Z,381960312000000,54084464,539813,-487896,-487771,,499644033,499911008,499911008,499644033,49991,2,499911008,499911008,0,0,0,0,,0,3,3,0,3,4,0,0,216284,,0,0,0,
2026-09-16T05:47:55.781Z,381960515000000,54084570,539814,-487908,-487787,,499958320,499929032,499929032,499944803,49993,2,499929032,499929032,0,0,0,0,,0,3,3,0,3,4,0,0,189249,,0,0,0,
2026-09-16T05:47:55.887Z,381960609000000,54084722,539816,-487887,-487813,,499958320,499958320,499958320,499944803,49996,2,499958320,499958320,0,0,0,0,,0,3,3,0,3,4,0,0,144189,,0,0,0,
2026-09-16T05:47:55.994Z,381960718000000,54084873,539817,-487890,-487823,,499958320,499969585,499969585,499944803,49997,2,499969585,499969585,0,0,0,0,,0,3,3,0,3,4,0,0,125039,,0,0,0,
2026-09-16T05:47:56.103Z,381960828000000,54084980,539818,-487900,-487831,,499958320,499978597,499978597,499944803,49998,2,499978597,499978597,0,0,0,0,,0,3,3,0,3,4,0,0,109269,,0,0,0,
2026-09-16T05:47:56.208Z,381960937000000,54085088,539819,-487907,-487840,,499958320,499988735,499988735,499944803,49999,2,499988735,499988735,0,0,0,0,,0,3,3,0,3,4,0,0,98003,,0,0,0,
2026-09-16T05:47:56.314Z,381961046000000,54085195,539820,-487903,-487848,,499958320,499997747,499997747,499944803,50000,2,499997747,499997747,0,0,0,0,,0,3,3,0,3,4,0,0,86739,,0,0,0,
2026-09-16T05:47:56.418Z,381961140000000,54085317,539822,-487908,-487861,,499958320,500012391,500012391,499944803,50001,2,500012391,500012391,0,0,0,0,,0,3,3,0,3,4,0,0,67588,,0,0,0,
2026-09-16T05:47:56.523Z,381961250000000,54085417,539823,-487904,-487866,,499958320,500018024,500018024,499944803,50002,2,500018024,500018024,0,0,0,0,,0,3,3,0,3,4,0,0,59704,,0,0,0,
2026-09-16T05:47:56.627Z,381961359000000,54085517,539824,-487896,-487871,,499958320,500023656,500023656,499944803,50002,2,500023656,500023656,0,0,0,0,,0,3,3,0,3,4,0,0,54071,,0,0,0,
2026-09-16T05:47:56.822Z,381961546000000,54085618,539825,-487906,-487875,,500032668,500028162,500028162,500032668,50003,2,500028162,500028162,0,0,0,0,,0,3,3,0,3,4,0,0,49565,,0,0,0,
2026-09-16T05:47:56.926Z,381961656000000,54085818,539827,-487894,-487882,,500032668,500036047,500036047,500032668,50004,2,500036047,500036047,0,0,0,0,,0,3,3,0,3,4,0,0,38300,,0,0,0,
2026-09-16T05:47:57.032Z,381961765000000,54085918,539828,-487877,-487884,,500032668,500038300,500038300,500032668,50004,2,500038300,500038300,0,0,0,0,,0,3,3,0,3,4,0,0,32668,,0,0,0,
2026-09-16T05:47:57.138Z,381961859000000,54086018,539829,-487882,-487884,,500032668,500038300,500038300,500032668,50004,2,500038300,500038300,0,0,0,0,,0,3,3,0,3,4,0,0,25909,,0,0,0,
2026-09-16T05:47:57.243Z,381961968000000,54086125,539830,-487878,-487883,,500032668,500037174,500037174,500032668,50004,2,500037174,500037174,0,0,0,0,,0,3,3,0,3,4,0,0,20276,,0,0,0,
2026-09-16T05:47:57.349Z,381962078000000,54086230,539831,-487899,-487883,,500032668,500037174,500037174,500032668,50004,2,500037174,500037174,0,0,0,0,,0,3,3,0,3,4,0,0,14644,,0,0,0,
2026-09-16T05:47:57.454Z,381962187000000,54086335,539832,-487895,-487885,,500032668,500039427,500039427,500032668,50004,2,500039427,500039427,0,0,0,0,,0,3,3,0,3,4,0,0,11265,,0,0,0,
2026-09-16T05:47:57.562Z,381962296000000,54086441,539833,-487891,-487886,,500032668,500040553,500040553,500032668,50004,2,500040553,500040553,0,0,0,0,,0,3,3,0,3,4,0,0,7885,,0,0,0,
2026-09-16T05:47:57.667Z,381962390000000,54086547,539834,-487900,-487887,,500032668,500041680,500041680,500032668,50004,2,500041680,500041680,0,0,0,0,,0,3,3,0,3,4,0,0,5633,,0,0,0,
2026-09-16T05:47:57.861Z,381962593000000,54086654,539835,-487891,-487888,,500042806,500042806,500042806,500042806,50004,2,500042806,500042806,0,1,0,0,,0,3,3,0,3,4,0,0,5632,,0,1,0,
2026-09-16T05:47:57.967Z,381962687000000,54086854,539837,-487879,-487887,,500042806,500041680,500041680,500042806,50004,2,500041680,500041680,0,1,0,0,,0,3,3,0,3,4,0,0,5632,,0,1,0,
2026-09-16T05:47:58.074Z,381962796000000,54086954,539838,-487894,-487886,,500042806,500040553,500040553,500042806,50004,2,500040553,500040553,0,1,0,0,,0,3,3,0,3,4,0,0,5632,,0,1,0,
2026-09-16T05:47:58.180Z,381962906000000,54087060,539839,-487914,-487887,,500042806,500041680,500041680,500042806,50004,2,500041680,500041680,0,1,0,0,,0,3,3,0,3,4,0,0,3379,,0,1,0,
2026-09-16T05:47:58.285Z,381963015000000,54087167,539840,-487904,-487889,,500042806,500043933,500043933,500042806,50004,2,500043933,500043933,0,1,0,0,,0,3,3,0,3,4,0,0,3380,,0,1,0,
2026-09-16T05:47:58.392Z,381963125000000,54087272,539841,-487890,-487891,,500042806,500046186,500046186,500042806,50005,2,500046186,500046186,0,1,0,0,,0,3,3,0,3,4,0,0,5633,,0,1,0,
2026-09-16T05:47:58.497Z,381963218000000,54087378,539842,-487890,-487891,,500042806,500046186,500046186,500042806,50005,2,500046186,500046186,0,1,0,0,,0,3,3,0,3,4,0,0,5633,,0,1,0,
2026-09-16T05:47:58.603Z,381963328000000,54087484,539843,-487889,-487891,,500042806,500046186,500046186,500042806,50005,2,500046186,500046186,0,1,0,0,,0,3,3,0,3,4,0,0,5633,,0,1,0,
2026-09-16T05:47:58.711Z,381963437000000,54087590,539844,-487898,-487891,,500042806,500046186,500046186,500042806,50005,2,500046186,500046186,0,1,0,0,,0,3,3,0,3,4,0,0,5633,,0,1,0,
2026-09-16T05:47:58.906Z,381963640000000,54087697,539845,-487898,-487892,,500048439,500047312,500047312,500046186,50005,2,500047312,500047312,0,1,0,0,,0,3,3,0,3,4,0,0,6759,,0,2,1,
2026-09-16T05:47:59.011Z,381963734000000,54087822,539847,-487890,-487893,,500048439,500048439,500048439,500046186,50005,2,500048439,500048439,0,1,0,0,,0,3,3,0,3,4,0,0,4506,,0,2,1,
2026-09-16T05:47:59.118Z,381963843000000,54087998,539848,-487906,-487893,,500048439,500048439,500048439,500046186,50005,2,500048439,500048439,0,1,0,0,,0,3,3,0,3,4,0,0,2253,,0,2,1,
2026-09-16T05:47:59.222Z,381963953000000,54088123,539850,-487886,-487896,,500048439,500051818,500051818,500046186,50005,2,500051818,500051818,0,1,0,0,,0,3,3,0,3,4,0,0,5632,,0,2,1,
2026-09-16T05:47:59.326Z,381964046000000,54088223,539851,-487884,-487895,,500048439,500050692,500050692,500046186,50005,2,500050692,500050692,0,1,0,0,,0,3,3,0,3,4,0,0,5632,,0,2,1,
2026-09-16T05:47:59.431Z,381964156000000,54088323,539852,-487877,-487894,,500048439,500049565,500049565,500046186,50005,2,500049565,500049565,0,1,0,0,,0,3,3,0,3,4,0,0,4506,,0,2,1,
2026-09-16T05:47:59.537Z,381964265000000,54088423,539853,-487880,-487892,,500048439,500047312,500047312,500046186,50005,2,500047312,500047312,0,1,0,0,,0,3,3,0,3,4,0,0,4506,,0,2,1,
2026-09-16T05:47:59.643Z,381964375000000,54088524,539854,-487887,-487890,,500048439,500045059,500045059,500046186,50005,2,500045059,500045059,0,1,0,0,,0,3,3,0,3,4,0,0,6759,,0,2,1,
2026-09-16T05:47:59.750Z,381964484000000,54088629,539855,-487896,-487890,,500048439,500045059,500045059,500046186,50005,2,500045059,500045059,0,1,0,0,,0,3,3,0,3,4,0,0,6759,,0,2,1,
2026-09-16T05:47:59.947Z,381964671000000,54088736,539856,-487907,-487891,,500048439,500046186,500046186,500046186,50005,2,500046186,500046186,0,1,0,0,,0,3,3,0,3,4,0,0,6759,,0,2,1,
2026-09-16T05:48:00.054Z,381964781000000,54088939,539858,-487885,-487895,,500048439,500050692,500050692,500046186,50005,2,500050692,500050692,0,1,0,0,,0,3,3,0,3,4,0,0,5633,,0,2,1,
2026-09-16T05:48:00.159Z,381964890000000,54089040,539859,-487863,-487894,,500048439,500049565,500049565,500046186,50005,2,500049565,500049565,0,1,0,0,,0,3,3,0,3,4,0,0,5633,,0,2,1,
2026-09-16T05:48:00.265Z,381965000000000,54089146,539860,-487865,-487890,,500048439,500045059,500045059,500046186,50005,2,500045059,500045059,0,1,0,0,,0,3,3,0,3,4,0,0,5633,,0,2,1,
2026-09-16T05:48:00.371Z,381965093000000,54089252,539861,-487878,-487887,,500048439,500041680,500041680,500046186,50005,2,500041680,500041680,0,1,0,0,,0,3,3,0,3,4,0,0,9012,,0,2,1,
2026-09-16T05:48:00.477Z,381965203000000,54089357,539862,-487895,-487886,,500048439,500040553,500040553,500046186,50005,2,500040553,500040553,0,1,0,0,,0,3,3,0,3,4,0,0,10139,,0,2,1,
2026-09-16T05:48:00.584Z,381965312000000,54089464,539863,-487888,-487886,,500048439,500040553,500040553,500046186,50005,2,500040553,500040553,0,1,0,0,,0,3,3,0,3,4,0,0,10139,,0,2,1,
2026-09-16T05:48:00.691Z,381965421000000,54089570,539864,-487898,-487887,,500048439,500041680,500041680,500046186,50005,2,500041680,500041680,0,1,0,0,,0,3,3,0,3,4,0,0,10139,,0,2,1,
2026-09-16T05:48:00.796Z,381965531000000,54089677,539865,-487898,-487888,,500048439,500042806,500042806,500046186,50005,2,500042806,500042806,0,1,0,0,,0,3,3,0,3,4,0,0,10139,,0,2,1,
2026-09-16T05:48:00.991Z,381965718000000,54089784,539866,-487903,-487889,,500048439,500043933,500043933,500046186,50005,2,500043933,500043933,0,1,0,0,,0,3,3,0,3,4,0,0,9012,,0,2,1,
2026-09-16T05:48:01.098Z,381965828000000,54089932,539868,-487904,-487893,,500048439,500048439,500048439,500046186,50005,2,500048439,500048439,0,1,0,0,,0,3,3,0,3,4,0,0,7886,,0,2,1,
2026-09-16T05:48:01.204Z,381965937000000,54090084,539869,-487883,-487894,,500048439,500049565,500049565,500046186,50005,2,500049565,500049565,0,1,0,0,,0,3,3,0,3,4,0,0,9012,,0,2,1,
2026-09-16T05:48:01.310Z,381966031000000,54090190,539870,-487889,-487893,,500048439,500048439,500048439,500046186,50005,2,500048439,500048439,0,1,0,0,,0,3,3,0,3,4,0,0,9012,,0,2,1,
2026-09-16T05:48:01.416Z,381966140000000,54090297,539871,-487890,-487892,,500048439,500047312,500047312,500046186,50005,2,500047312,500047312,0,1,0,0,,0,3,3,0,3,4,0,0,7885,,0,2,1,
2026-09-16T05:48:01.523Z,381966250000000,54090403,539872,-487915,-487892,,500048439,500047312,500047312,500046186,50005,2,500047312,500047312,0,1,0,0,,0,3,3,0,3,4,0,0,6759,,0,2,1,
2026-09-16T05:48:01.627Z,381966359000000,54090527,539874,-487907,-487898,,500048439,500054071,500054071,500046186,50005,2,500054071,500054071,0,1,0,0,,0,3,3,0,3,4,0,0,7885,,0,2,1,
2026-09-16T05:48:01.731Z,381966453000000,54090628,539875,-487905,-487899,,500048439,500055197,500055197,500046186,50005,2,500055197,500055197,0,1,0,0,,0,3,3,0,3,4,0,0,7885,,0,2,1,
2026-09-16T05:48:01.835Z,381966562000000,54090728,539876,-487893,-487900,,500048439,500056324,500056324,500046186,50005,2,500056324,500056324,0,1,0,0,,0,3,3,0,3,4,0,0,9012,,0,2,1,
2026-09-16T05:48:02.027Z,381966750000000,54090828,539877,-487886,-487899,,500054071,500055197,500055197,500046186,50005,2,500055197,500055197,0,1,0,0,,0,3,3,0,3,4,0,0,9012,,0,2,1,
2026-09-16T05:48:02.132Z,381966859000000,54091028,539879,-487933,-487897,,500054071,500052945,500052945,500046186,50005,2,500052945,500052945,0,1,0,0,,0,3,3,0,3,4,0,0,9012,,0,2,1,
2026-09-16T05:48:02.237Z,381966968000000,54091128,539880,-487926,-487901,,500054071,500057450,500057450,500046186,50005,2,500057450,500057450,0,1,0,0,,0,3,3,0,3,4,0,0,6758,,0,2,1,
2026-09-16T05:48:02.342Z,381967078000000,54091229,539881,-487903,-487904,,500054071,500060830,500060830,500046186,50005,2,500060830,500060830,0,1,0,0,,0,3,3,0,3,4,0,0,7885,,0,2,1,
2026-09-16T05:48:02.448Z,381967171000000,54091329,539882,-487912,-487905,,500054071,500061956,500061956,500046186,50005,2,500061956,500061956,0,1,0,0,,0,3,3,0,3,4,0,0,9011,,0,2,1,
2026-09-16T05:48:02.557Z,381967281000000,54091436,539883,-487898,-487905,,500054071,500061956,500061956,500046186,50005,2,500061956,500061956,0,1,0,0,,0,3,3,0,3,4,0,0,9011,,0,2,1,
2026-09-16T05:48:02.664Z,381967390000000,54091543,539884,-487903,-487905,,500054071,500061956,500061956,500046186,50005,2,500061956,500061956,0,1,0,0,,0,3,3,0,3,4,0,0,9011,,0,2,1,
2026-09-16T05:48:02.771Z,381967500000000,54091650,539885,-487904,-487905,,500054071,500061956,500061956,500046186,50005,2,500061956,500061956,0,1,0,0,,0,3,3,0,3,4,0,0,9011,,0,2,1,
2026-09-16T05:48:02.877Z,381967609000000,54091757,539886,-487909,-487905,,500054071,500061956,500061956,500046186,50005,2,500061956,500061956,0,1,0,0,,0,3,3,0,3,4,0,0,9011,,0,2,1,
2026-09-16T05:48:03.071Z,381967796000000,54091864,539887,-487910,-487906,,500064209,500063083,500063083,500046186,50005,2,500063083,500063083,0,1,0,0,,0,3,3,0,3,4,0,0,5633,,0,2,1,
2026-09-16T05:48:03.178Z,381967906000000,54092064,539889,-487904,-487907,,500064209,500064209,500064209,500046186,50005,2,500064209,500064209,0,1,0,0,,0,3,3,0,3,4,0,0,2253,,0,2,1,
2026-09-16T05:48:03.283Z,381968015000000,54092164,539890,-487914,-487907,,500064209,500064209,500064209,500046186,50005,2,500064209,500064209,0,1,0,0,,0,3,3,0,3,4,0,0,2253,,0,2,1,
2026-09-16T05:48:03.391Z,381968125000000,54092270,539891,-487900,-487907,,500064209,500064209,500064209,500046186,50005,2,500064209,500064209,0,1,0,0,,0,3,3,0,3,4,0,0,2253,,0,2,1,
2026-09-16T05:48:03.497Z,381968218000000,54092377,539892,-487910,-487907,,500064209,500064209,500064209,500046186,50005,2,500064209,500064209,0,1,0,0,,0,3,3,0,3,4,0,0,2253,,0,2,1,
2026-09-16T05:48:03.603Z,381968328000000,54092483,539893,-487916,-487907,,500064209,500064209,500064209,500046186,50005,2,500064209,500064209,0,1,0,0,,0,3,3,0,3,4,0,0,2253,,0,2,1,
2026-09-16T05:48:03.709Z,381968437000000,54092590,539894,-487906,-487907,,500064209,500064209,500064209,500046186,50005,2,500064209,500064209,0,1,0,0,,0,3,3,0,3,4,0,0,1126,,0,2,1,
2026-09-16T05:48:03.815Z,381968546000000,54092697,539895,-487929,-487908,,500064209,500065336,500065336,500046186,50005,2,500065336,500065336,0,1,0,0,,0,3,3,0,3,4,0,0,1127,,0,2,1,
2026-09-16T05:48:03.921Z,381968656000000,54092801,539896,-487911,-487908,,500064209,500065336,500065336,500046186,50005,2,500065336,500065336,0,1,0,0,,0,3,3,0,3,4,0,0,1127,,0,2,1,
2026-09-16T05:48:04.117Z,381968843000000,54092908,539897,-487909,-487908,,500065336,500065336,500065336,500046186,50005,2,500065336,500065336,0,1,0,0,,0,3,3,0,3,4,0,0,1127,,0,2,1,
2026-09-16T05:48:04.223Z,381968953000000,54093032,539899,-487911,-487908,,500065336,500065336,500065336,500046186,50005,2,500065336,500065336,0,1,0,0,,0,3,3,0,3,4,0,0,1127,,0,2,1,
2026-09-16T05:48:04.329Z,381969062000000,54093210,539900,-487914,-487908,,500065336,500065336,500065336,500046186,50005,2,500065336,500065336,0,1,0,0,,0,3,3,0,3,4,0,0,1127,,0,2,1,
2026-09-16T05:48:04.434Z,381969156000000,54093333,539902,-487910,-487908,,500065336,500065336,500065336,500046186,50005,2,500065336,500065336,0,1,0,0,,0,3,3,0,3,4,0,0,0,,0,2,1,
2026-09-16T05:48:04.540Z,381969265000000,54093433,539903,-487896,-487907,,500065336,500064209,500064209,500046186,50005,2,500064209,500064209,0,1,0,0,,0,3,3,0,3,4,0,0,1127,,0,2,1,
2026-09-16T05:48:04.645Z,381969375000000,54093533,539904,-487904,-487907,,500065336,500064209,500064209,500046186,50005,2,500064209,500064209,0,1,0,0,,0,3,3,0,3,4,0,0,1127,,0,2,1,
2026-09-16T05:48:04.750Z,381969484000000,54093633,539905,-487911,-487907,,500065336,500064209,500064209,500046186,50005,2,500064209,500064209,0,1,0,0,,0,3,3,0,3,4,0,0,1127,,0,2,1,
2026-09-16T05:48:04.855Z,381969578000000,54093737,539906,-487913,-487908,,500065336,500065336,500065336,500046186,50005,2,500065336,500065336,0,1,0,0,,0,3,3,0,3,4,0,0,1127,,0,2,1,
2026-09-16T05:48:04.962Z,381969687000000,54093843,539907,-487898,-487908,,500065336,500065336,500065336,500046186,50005,2,500065336,500065336,0,1,0,0,,0,3,3,0,3,4,0,0,1127,,0,2,1,
2026-09-16T05:48:05.156Z,381969890000000,54093948,539908,-487906,-487908,,500064209,500065336,500065336,500046186,50005,2,500065336,500065336,0,1,0,0,,0,3,3,0,3,4,0,0,1127,,0,2,1,
2026-09-16T05:48:05.263Z,381969984000000,54094150,539910,-487890,-487905,,500064209,500061956,500061956,500046186,50005,2,500061956,500061956,0,1,0,0,,0,3,3,0,3,4,0,0,3380,,0,2,1,
2026-09-16T05:48:05.370Z,381970093000000,54094249,539911,-487920,-487903,,500064209,500059703,500059703,500046186,50005,2,500059703,500059703,0,1,0,0,,0,3,3,0,3,4,0,0,5633,,0,2,1,
2026-09-16T05:48:05.476Z,381970203000000,54094357,539912,-487910,-487904,,500064209,500060830,500060830,500046186,50005,2,500060830,500060830,0,1,0,0,,0,3,3,0,3,4,0,0,5633,,0,2,1,
2026-09-16T05:48:05.582Z,381970312000000,54094463,539913,-487913,-487905,,500064209,500061956,500061956,500046186,50005,2,500061956,500061956,0,1,0,0,,0,3,3,0,3,4,0,0,5633,,0,2,1,
2026-09-16T05:48:05.688Z,381970421000000,54094569,539914,-487903,-487906,,500064209,500063083,500063083,500046186,50005,2,500063083,500063083,0,1,0,0,,0,3,3,0,3,4,0,0,5633,,0,2,1,
2026-09-16T05:48:05.793Z,381970515000000,54094675,539915,-487886,-487906,,500064209,500063083,500063083,500046186,50005,2,500063083,500063083,0,1,0,0,,0,3,3,0,3,4,0,0,5633,,0,2,1,
2026-09-16T05:48:05.901Z,381970625000000,54094781,539916,-487879,-487903,,500064209,500059703,500059703,500046186,50005,2,500059703,500059703,0,1,0,0,,0,3,3,0,3,4,0,0,4506,,0,2,1,
2026-09-16T05:48:06.007Z,381970734000000,54094888,539917,-487902,-487901,,500064209,500057450,500057450,500046186,50005,2,500057450,500057450,0,1,0,0,,0,3,3,0,3,4,0,0,5633,,0,2,1,
2026-09-16T05:48:06.200Z,381970921000000,54094994,539918,-487897,-487900,,500056324,500056324,500056324,500046186,50005,2,500056324,500056324,0,1,0,0,,0,3,3,0,3,4,0,0,6759,,0,2,1,
2026-09-16T05:48:06.306Z,381971031000000,54095144,539920,-487906,-487900,,500056324,500056324,500056324,500046186,50005,2,500056324,500056324,0,1,0,0,,0,3,3,0,3,4,0,0,6759,,0,2,1,
2026-09-16T05:48:06.413Z,381971140000000,54095293,539921,-487919,-487901,,500056324,500057450,500057450,500046186,50005,2,500057450,500057450,0,1,0,0,,0,3,3,0,3,4,0,0,6759,,0,2,1,
2026-09-16T05:48:06.520Z,381971250000000,54095399,539922,-487903,-487902,,500056324,500058577,500058577,500046186,50005,2,500058577,500058577,0,1,0,0,,0,3,3,0,3,4,0,0,6759,,0,2,1,
2026-09-16T05:48:06.625Z,381971359000000,54095506,539923,-487889,-487902,,500056324,500058577,500058577,500046186,50005,2,500058577,500058577,0,1,0,0,,0,3,3,0,3,4,0,0,3379,,0,2,1,
2026-09-16T05:48:06.731Z,381971453000000,54095612,539924,-487885,-487900,,500056324,500056324,500056324,500046186,50005,2,500056324,500056324,0,1,0,0,,0,3,3,0,3,4,0,0,2253,,0,2,1,
2026-09-16T05:48:06.837Z,381971562000000,54095738,539926,-487912,-487900,,500056324,500056324,500056324,500046186,50005,2,500056324,500056324,0,1,0,0,,0,3,3,0,3,4,0,0,3380,,0,2,1,
2026-09-16T05:48:06.940Z,381971671000000,54095838,539927,-487909,-487901,,500056324,500057450,500057450,500046186,50005,2,500057450,500057450,0,1,0,0,,0,3,3,0,3,4,0,0,3380,,0,2,1,
2026-09-16T05:48:07.045Z,381971765000000,54095938,539928,-487895,-487902,,500056324,500058577,500058577,500046186,50005,2,500058577,500058577,0,1,0,0,,0,3,3,0,3,4,0,0,3380,,0,2,1,
2026-09-16T05:48:07.236Z,381971968000000,54096038,539929,-487898,-487901,,500056324,500057450,500057450,500046186,50005,2,500057450,500057450,0,1,0,0,,0,3,3,0,3,4,0,0,3380,,0,2,1,
2026-09-16T05:48:07.340Z,381972062000000,54096239,539931,-487890,-487899,,500056324,500055197,500055197,500046186,50005,2,500055197,500055197,0,1,0,0,,0,3,3,0,3,4,0,0,3380,,0,2,1,
2026-09-16T05:48:07.446Z,381972171000000,54096339,539932,-487887,-487898,,500056324,500054071,500054071,500046186,50005,2,500054071,500054071,0,1,0,0,,0,3,3,0,3,4,0,0,4506,,0,2,1,
2026-09-16T05:48:07.551Z,381972281000000,54096439,539933,-487890,-487897,,500056324,500052945,500052945,500046186,50005,2,500052945,500052945,0,1,0,0,,0,3,3,0,3,4,0,0,5632,,0,2,1,
2026-09-16T05:48:07.658Z,381972390000000,54096539,539934,-487911,-487896,,500056324,500051818,500051818,500046186,50005,2,500051818,500051818,0,1,0,0,,0,3,3,0,3,4,0,0,6759,,0,2,1,
2026-09-16T05:48:07.764Z,381972500000000,54096645,539935,-487907,-487897,,500056324,500052945,500052945,500046186,50005,2,500052945,500052945,0,1,0,0,,0,3,3,0,3,4,0,0,6759,,0,2,1,
2026-09-16T05:48:07.871Z,381972593000000,54096751,539936,-487897,-487898,,500056324,500054071,500054071,500046186,50005,2,500054071,500054071,0,1,0,0,,0,3,3,0,3,4,0,0,5632,,0,2,1,
2026-09-16T05:48:07.977Z,381972703000000,54096858,539937,-487894,-487898,,500056324,500054071,500054071,500046186,50005,2,500054071,500054071,0,1,0,0,,0,3,3,0,3,4,0,0,4506,,0,2,1,
2026-09-16T05:48:08.083Z,381972812000000,54096964,539938,-487899,-487898,,500056324,500054071,500054071,500046186,50005,2,500054071,500054071,0,1,0,0,,0,3,3,0,3,4,0,0,3379,,0,2,1,
2026-09-16T05:48:08.280Z,381973015000000,54097070,539939,-487900,-487898,,500054071,500054071,500054071,500046186,50005,2,500054071,500054071,0,1,0,0,,0,3,3,0,3,4,0,0,2253,,0,2,1,
2026-09-16T05:48:08.386Z,381973109000000,54097274,539941,-487912,-487900,,500054071,500056324,500056324,500046186,50005,2,500056324,500056324,0,1,0,0,,0,3,3,0,3,4,0,0,4506,,0,2,1,
2026-09-16T05:48:08.492Z,381973218000000,54097373,539942,-487901,-487902,,500054071,500058577,500058577,500046186,50005,2,500058577,500058577,0,1,0,0,,0,3,3,0,3,4,0,0,5632,,0,2,1,
2026-09-16T05:48:08.597Z,381973328000000,54097479,539943,-487903,-487902,,500054071,500058577,500058577,500046186,50005,2,500058577,500058577,0,1,0,0,,0,3,3,0,3,4,0,0,4506,,0,2,1,
2026-09-16T05:48:08.703Z,381973437000000,54097585,539944,-487911,-487902,,500054071,500058577,500058577,500046186,50005,2,500058577,500058577,0,1,0,0,,0,3,3,0,3,4,0,0,4506,,0,2,1,
2026-09-16T05:48:08.809Z,381973531000000,54097690,539945,-487892,-487902,,500054071,500058577,500058577,500046186,50005,2,500058577,500058577,0,1,0,0,,0,3,3,0,3,4,0,0,4506,,0,2,1,
2026-09-16T05:48:08.914Z,381973640000000,54097797,539946,-487882,-487901,,500054071,500057450,500057450,500046186,50005,2,500057450,500057450,0,1,0,0,,0,3,3,0,3,4,0,0,4506,,0,2,1,
2026-09-16T05:48:09.021Z,381973750000000,54097902,539947,-487889,-487899,,500054071,500055197,500055197,500046186,50005,2,500055197,500055197,0,1,0,0,,0,3,3,0,3,4,0,0,4506,,0,2,1,
2026-09-16T05:48:09.127Z,381973859000000,54098008,539948,-487905,-487898,,500054071,500054071,500054071,500046186,50005,2,500054071,500054071,0,1,0,0,,0,3,3,0,3,4,0,0,4506,,0,2,1,
2026-09-16T05:48:09.323Z,381974046000000,54098115,539949,-487911,-487899,,500057450,500055197,500055197,500046186,50005,2,500055197,500055197,0,1,0,0,,0,3,3,0,3,4,0,0,4506,,0,2,1,
2026-09-16T05:48:09.430Z,381974156000000,54098264,539951,-487908,-487901,,500057450,500057450,500057450,500046186,50005,2,500057450,500057450,0,1,0,0,,0,3,3,0,3,4,0,0,4506,,0,2,1,
2026-09-16T05:48:09.536Z,381974265000000,54098417,539952,-487905,-487902,,500057450,500058577,500058577,500046186,50005,2,500058577,500058577,0,1,0,0,,0,3,3,0,3,4,0,0,4506,,0,2,1,
2026-09-16T05:48:09.641Z,381974375000000,54098523,539953,-487897,-487902,,500057450,500058577,500058577,500046186,50005,2,500058577,500058577,0,1,0,0,,0,3,3,0,3,4,0,0,4506,,0,2,1,
2026-09-16T05:48:09.747Z,381974468000000,54098644,539955,-487905,-487900,,500057450,500056324,500056324,500046186,50005,2,500056324,500056324,0,1,0,0,,0,3,3,0,3,4,0,0,4506,,0,2,1,
2026-09-16T05:48:09.851Z,381974578000000,54098744,539956,-487907,-487901,,500057450,500057450,500057450,500046186,50005,2,500057450,500057450,0,1,0,0,,0,3,3,0,3,4,0,0,3380,,0,2,1,
2026-09-16T05:48:09.957Z,381974687000000,54098844,539957,-487899,-487902,,500057450,500058577,500058577,500046186,50005,2,500058577,500058577,0,1,0,0,,0,3,3,0,3,4,0,0,2253,,0,2,1,
2026-09-16T05:48:10.063Z,381974796000000,54098944,539958,-487899,-487902,,500057450,500058577,500058577,500046186,50005,2,500058577,500058577,0,1,0,0,,0,3,3,0,3,4,0,0,2253,,0,2,1,
2026-09-16T05:48:10.170Z,381974890000000,54099051,539959,-487900,-487902,,500057450,500058577,500058577,500046186,50005,2,500058577,500058577,0,1,0,0,,0,3,3,0,3,4,0,0,2253,,0,2,1,
2026-09-16T05:48:10.365Z,381975093000000,54099157,539960,-487884,-487902,,500058577,500058577,500058577,500046186,50005,2,500058577,500058577,0,1,0,0,,0,3,3,0,3,4,0,0,2253,,0,2,1,
2026-09-16T05:48:10.471Z,381975203000000,54099358,539962,-487917,-487902,,500058577,500058577,500058577,500046186,50005,2,500058577,500058577,0,1,0,0,,0,3,3,0,3,4,0,0,2253,,0,2,1,
2026-09-16T05:48:10.578Z,381975312000000,54099459,539963,-487925,-487904,,500058577,500060830,500060830,500046186,50005,2,500060830,500060830,0,1,0,0,,0,3,3,0,3,4,0,0,3380,,0,2,1,
2026-09-16T05:48:10.684Z,381975406000000,54099566,539964,-487909,-487906,,500058577,500063083,500063083,500046186,50005,2,500063083,500063083,0,1,0,0,,0,3,3,0,3,4,0,0,4506,,0,2,1,
2026-09-16T05:48:10.790Z,381975515000000,54099671,539965,-487893,-487906,,500058577,500063083,500063083,500046186,50005,2,500063083,500063083,0,1,0,0,,0,3,3,0,3,4,0,0,4506,,0,2,1,
2026-09-16T05:48:10.896Z,381975625000000,54099778,539966,-487876,-487904,,500058577,500060830,500060830,500046186,50005,2,500060830,500060830,0,1,0,0,,0,3,3,0,3,4,0,0,4506,,0,2,1,
2026-09-16T05:48:11.002Z,381975734000000,54099883,539967,-487892,-487902,,500058577,500058577,500058577,500046186,50005,2,500058577,500058577,0,1,0,0,,0,3,3,0,3,4,0,0,4506,,0,2,1,
2026-09-16T05:48:11.109Z,381975843000000,54099989,539968,-487882,-487899,,500058577,500055197,500055197,500046186,50005,2,500055197,500055197,0,1,0,0,,0,3,3,0,3,4,0,0,7886,,0,2,1,
2026-09-16T05:48:11.216Z,381975937000000,54100096,539969,-487888,-487898,,500058577,500054071,500054071,500046186,50005,2,500054071,500054071,0,1,0,0,,0,3,3,0,3,4,0,0,9012,,0,2,1,
2026-09-16T05:48:11.411Z,381976140000000,54100203,539970,-487899,-487897,,500054071,500052945,500052945,500046186,50005,2,500052945,500052945,0,1,0,0,,0,3,3,0,3,4,0,0,10138,,0,2,1,
2026-09-16T05:48:11.518Z,381976250000000,54100353,539972,-487906,-487898,,500054071,500054071,500054071,500046186,50005,2,500054071,500054071,0,1,0,0,,0,3,3,0,3,4,0,0,10138,,0,2,1,
2026-09-16T05:48:11.624Z,381976359000000,54100505,539973,-487899,-487899,,500054071,500055197,500055197,500046186,50005,2,500055197,500055197,0,1,0,0,,0,3,3,0,3,4,0,0,7885,,0,2,1,
2026-09-16T05:48:11.730Z,381976453000000,54100612,539974,-487888,-487899,,500054071,500055197,500055197,500046186,50005,2,500055197,500055197,0,1,0,0,,0,3,3,0,3,4,0,0,5632,,0,2,1,
2026-09-16T05:48:11.836Z,381976562000000,54100718,539975,-487909,-487899,,500054071,500055197,500055197,500046186,50005,2,500055197,500055197,0,1,0,0,,0,3,3,0,3,4,0,0,2252,,0,2,1,
2026-09-16T05:48:11.942Z,381976671000000,54100824,539976,-487900,-487899,,500054071,500055197,500055197,500046186,50005,2,500055197,500055197,0,1,0,0,,0,3,3,0,3,4,0,0,2252,,0,2,1,
2026-09-16T05:48:12.048Z,381976781000000,54100948,539978,-487913,-487902,,500054071,500058577,500058577,500046186,50005,2,500058577,500058577,0,1,0,0,,0,3,3,0,3,4,0,0,5632,,0,2,1,
2026-09-16T05:48:12.152Z,381976875000000,54101048,539979,-487897,-487903,,500054071,500059703,500059703,500046186,50005,2,500059703,500059703,0,1,0,0,,0,3,3,0,3,4,0,0,5632,,0,2,1,
2026-09-16T05:48:12.255Z,381976984000000,54101148,539980,-487896,-487902,,500054071,500058577,500058577,500046186,50005,2,500058577,500058577,0,1,0,0,,0,3,3,0,3,4,0,0,4506,,0,2,1,
2026-09-16T05:48:12.449Z,381977171000000,54101248,539981,-487891,-487901,,500056324,500057450,500057450,500046186,50005,2,500057450,500057450,0,1,0,0,,0,3,3,0,3,4,0,0,4506,,0,2,1,
2026-09-16T05:48:12.554Z,381977281000000,54101449,539983,-487896,-487899,,500056324,500055197,500055197,500046186,50005,2,500055197,500055197,0,1,0,0,,0,3,3,0,3,4,0,0,4506,,0,2,1,
2026-09-16T05:48:12.658Z,381977390000000,54101549,539984,-487895,-487898,,500056324,500054071,500054071,500046186,50005,2,500054071,500054071,0,1,0,0,,0,3,3,0,3,4,0,0,5632,,0,2,1,
2026-09-16T05:48:12.764Z,381977484000000,54101649,539985,-487883,-487898,,500056324,500054071,500054071,500046186,50005,2,500054071,500054071,0,1,0,0,,0,3,3,0,3,4,0,0,5632,,0,2,1,
2026-09-16T05:48:12.871Z,381977593000000,54101751,539986,-487879,-487896,,500056324,500051818,500051818,500046186,50005,2,500051818,500051818,0,1,0,0,,0,3,3,0,3,4,0,0,7885,,0,2,1,
2026-09-16T05:48:12.977Z,381977703000000,54101858,539987,-487885,-487894,,500056324,500049565,500049565,500046186,50005,2,500049565,500049565,0,1,0,0,,0,3,3,0,3,4,0,0,9012,,0,2,1,
2026-09-16T05:48:13.083Z,381977812000000,54101964,539988,-487891,-487893,,500056324,500048439,500048439,500046186,50005,2,500048439,500048439,0,1,0,0,,0,3,3,0,3,4,0,0,9011,,0,2,1,
2026-09-16T05:48:13.189Z,381977921000000,54102070,539989,-487908,-487893,,500056324,500048439,500048439,500046186,50005,2,500048439,500048439,0,1,0,0,,0,3,3,0,3,4,0,0,7885,,0,2,1,
2026-09-16T05:48:13.295Z,381978015000000,54102177,539990,-487910,-487895,,500056324,500050692,500050692,500046186,50005,2,500050692,500050692,0,1,0,0,,0,3,3,0,3,4,0,0,6758,,0,2,1,
2026-09-16T05:48:13.489Z,381978218000000,54102283,539991,-487896,-487897,,500052945,500052945,500052945,500046186,50005,2,500052945,500052945,0,1,0,0,,0,3,3,0,3,4,0,0,5632,,0,2,1,
2026-09-16T05:48:13.595Z,381978328000000,54102484,539993,-487894,-487897,,500052945,500052945,500052945,500046186,50005,2,500052945,500052945,0,1,0,0,,0,3,3,0,3,4,0,0,4506,,0,2,1,
2026-09-16T05:48:13.701Z,381978421000000,54102584,539994,-487911,-487897,,500052945,500052945,500052945,500046186,50005,2,500052945,500052945,0,1,0,0,,0,3,3,0,3,4,0,0,4506,,0,2,1,
2026-09-16T05:48:13.808Z,381978531000000,54102689,539995,-487923,-487899,,500052945,500055197,500055197,500046186,50005,2,500055197,500055197,0,1,0,0,,0,3,3,0,3,4,0,0,6758,,0,2,1,
2026-09-16T05:48:13.913Z,381978640000000,54102795,539996,-487921,-487902,,500052945,500058577,500058577,500046186,50005,2,500058577,500058577,0,1,0,0,,0,3,3,0,3,4,0,0,10138,,0,2,1,
2026-09-16T05:48:14.021Z,381978750000000,54102901,539997,-487920,-487904,,500052945,500060830,500060830,500046186,50005,2,500060830,500060830,0,1,0,0,,0,3,3,0,3,4,0,0,10138,,0,2,1,
2026-09-16T05:48:14.128Z,381978859000000,54103008,539998,-487916,-487906,,500052945,500063083,500063083,500046186,50005,2,500063083,500063083,0,1,0,0,,0,3,3,0,3,4,0,0,10138,,0,2,1,
2026-09-16T05:48:14.233Z,381978968000000,54103116,539999,-487920,-487908,,500052945,500065336,500065336,500046186,50005,2,500065336,500065336,0,1,0,0,,0,3,3,0,3,4,0,0,12391,,0,2,1,
2026-09-16T05:48:14.340Z,381979062000000,54103221,540000,-487904,-487909,,500052945,500066462,500066462,500046186,50005,2,500066462,500066462,0,1,0,0,,0,3,3,0,3,4,0,0,13517,,0,2,1,
2026-09-16T05:48:14.534Z,381979265000000,54103327,540001,-487898,-487908,,500063083,500065336,500065336,500046186,50005,2,500065336,500065336,0,1,0,0,,0,3,3,0,3,4,0,0,13517,,0,2,1,
2026-09-16T05:48:14.640Z,381979375000000,54103453,540003,-487899,-487906,,500063083,500063083,500063083,500046186,50005,2,500063083,500063083,0,1,0,0,,0,3,3,0,3,4,0,0,7885,,0,2,1,
2026-09-16T05:48:14.746Z,381979468000000,54103627,540004,-487906,-487906,,500063083,500063083,500063083,500046186,50005,2,500063083,500063083,0,1,0,0,,0,3,3,0,3,4,0,0,5632,,0,2,1,
2026-09-16T05:48:14.851Z,381979578000000,54103754,540006,-487915,-487907,,500063083,500064209,500064209,500046186,50005,2,500064209,500064209,0,1,0,0,,0,3,3,0,3,4,0,0,3379,,0,2,1,
2026-09-16T05:48:14.955Z,381979687000000,54103854,540007,-487917,-487908,,500063083,500065336,500065336,500046186,50005,2,500065336,500065336,0,1,0,0,,0,3,3,0,3,4,0,0,3379,,0,2,1,
2026-09-16T05:48:15.061Z,381979796000000,54103954,540008,-487895,-487909,,500063083,500066462,500066462,500046186,50005,2,500066462,500066462,0,1,0,0,,0,3,3,0,3,4,0,0,3379,,0,2,1,
2026-09-16T05:48:15.168Z,381979890000000,54104054,540009,-487902,-487908,,500063083,500065336,500065336,500046186,50005,2,500065336,500065336,0,1,0,0,,0,3,3,0,3,4,0,0,3379,,0,2,1,
2026-09-16T05:48:15.273Z,381980000000000,54104156,540010,-487894,-487906,,500063083,500063083,500063083,500046186,50005,2,500063083,500063083,0,1,0,0,,0,3,3,0,3,4,0,0,3379,,0,2,1,
2026-09-16T05:48:15.380Z,381980109000000,54104262,540011,-487890,-487904,,500063083,500060830,500060830,500046186,50005,2,500060830,500060830,0,1,0,0,,0,3,3,0,3,4,0,0,5632,,0,2,1,
2026-09-16T05:48:15.576Z,381980296000000,54104367,540012,-487912,-487903,,500057450,500059703,500059703,500046186,50005,2,500059703,500059703,0,1,0,0,,0,3,3,0,3,4,0,0,6759,,0,2,1,
2026-09-16T05:48:15.682Z,381980406000000,54104569,540014,-487873,-487899,,500057450,500055197,500055197,500046186,50005,2,500055197,500055197,0,1,0,0,,0,3,3,0,3,4,0,0,11265,,0,2,1,
2026-09-16T05:48:15.789Z,381980515000000,54104669,540015,-487886,-487897,,500057450,500052945,500052945,500046186,50005,2,500052945,500052945,0,1,0,0,,0,3,3,0,3,4,0,0,13517,,0,2,1,
2026-09-16T05:48:15.894Z,381980625000000,54104776,540016,-487882,-487895,,500057450,500050692,500050692,500046186,50005,2,500050692,500050692,0,1,0,0,,0,3,3,0,3,4,0,0,14644,,0,2,1,
2026-09-16T05:48:16.000Z,381980734000000,54104882,540017,-487877,-487893,,500057450,500048439,500048439,500046186,50005,2,500048439,500048439,0,1,0,0,,0,3,3,0,3,4,0,0,14644,,0,2,1,
2026-09-16T05:48:16.107Z,381980828000000,54104988,540018,-487881,-487891,,500057450,500046186,500046186,500046186,50005,2,500046186,500046186,0,1,0,0,,0,3,3,0,3,4,0,0,14644,,0,2,1,
2026-09-16T05:48:16.213Z,381980937000000,54105095,540019,-487880,-487890,,500057450,500045059,500045059,500046186,50005,2,500045059,500045059,0,1,0,0,,0,3,3,0,3,4,0,0,14644,,0,2,1,
2026-09-16T05:48:16.317Z,381981046000000,54105201,540020,-487877,-487889,,500057450,500043933,500043933,500046186,50005,2,500043933,500043933,0,1,0,0,,0,3,3,0,3,4,0,0,13517,,0,2,1,
2026-09-16T05:48:16.423Z,381981156000000,54105306,540021,-487877,-487887,,500057450,500041680,500041680,500046186,50005,2,500041680,500041680,0,1,0,0,,0,3,3,0,3,4,0,0,13517,,0,2,1,
2026-09-16T05:48:16.618Z,381981343000000,54105411,540022,-487874,-487886,,500038300,500040553,500040553,500046186,50005,2,500040553,500040553,0,1,0,0,,0,3,3,0,3,4,0,0,12392,,0,2,1,
2026-09-16T05:48:16.724Z,381981453000000,54105562,540024,-487881,-487884,,500038300,500038300,500038300,500046186,50005,2,500038300,500038300,0,1,0,0,,0,3,3,0,3,4,0,0,10139,,0,2,1,
2026-09-16T05:48:16.830Z,381981562000000,54105712,540025,-487872,-487884,,500038300,500038300,500038300,500046186,50005,2,500038300,500038300,0,1,0,0,,0,3,3,0,3,4,0,0,7886,,0,2,1,
2026-09-16T05:48:16.936Z,381981671000000,54105819,540026,-487876,-487883,,500038300,500037174,500037174,500046186,50005,2,500037174,500037174,0,1,0,0,,0,3,3,0,3,4,0,0,7885,,0,2,1,
2026-09-16T05:48:17.042Z,381981765000000,54105924,540027,-487890,-487882,,500038300,500036047,500036047,500046186,50005,2,500036047,500036047,0,1,0,0,,0,3,3,0,3,4,0,0,7886,,0,2,1,
2026-09-16T05:48:17.150Z,381981875000000,54106030,540028,-487896,-487883,,500038300,500037174,500037174,500046186,50005,2,500037174,500037174,0,1,0,0,,0,3,3,0,3,4,0,0,5633,,0,2,1,
2026-09-16T05:48:17.255Z,381981984000000,54106137,540029,-487884,-487884,,500038300,500038300,500038300,500046186,50005,2,500038300,500038300,0,1,0,0,,0,3,3,0,3,4,0,0,4506,,0,2,1,
2026-09-16T05:48:17.360Z,381982093000000,54106259,540031,-487888,-487884,,500038300,500038300,500038300,500046186,50005,2,500038300,500038300,0,1,0,0,,0,3,3,0,3,4,0,0,2253,,0,2,1,
2026-09-16T05:48:17.465Z,381982187000000,54106359,540032,-487889,-487885,,500038300,500039427,500039427,500046186,50005,2,500039427,500039427,0,1,0,0,,0,3,3,0,3,4,0,0,3380,,0,2,1,
2026-09-16T05:48:17.657Z,381982390000000,54106459,540033,-487883,-487885,,500039427,500039427,500039427,500046186,50005,2,500039427,500039427,0,1,0,0,,0,3,3,0,3,4,0,0,3380,,0,2,1,
2026-09-16T05:48:17.761Z,381982484000000,54106659,540035,-487902,-487885,,500039427,500039427,500039427,500046186,50005,2,500039427,500039427,0,1,0,0,,0,3,3,0,3,4,0,0,2253,,0,2,1,
2026-09-16T05:48:17.865Z,381982593000000,54106759,540036,-487887,-487885,,500039427,500039427,500039427,500046186,50005,2,500039427,500039427,0,1,0,0,,0,3,3,0,3,4,0,0,1127,,0,2,1,
2026-09-16T05:48:17.970Z,381982703000000,54106860,540037,-487891,-487886,,500039427,500040553,500040553,500046186,50005,2,500040553,500040553,0,1,0,0,,0,3,3,0,3,4,0,0,2253,,0,2,1,
2026-09-16T05:48:18.075Z,381982796000000,54106960,540038,-487898,-487887,,500039427,500041680,500041680,500046186,50005,2,500041680,500041680,0,1,0,0,,0,3,3,0,3,4,0,0,3380,,0,2,1,
2026-09-16T05:48:18.181Z,381982906000000,54107064,540039,-487895,-487888,,500039427,500042806,500042806,500046186,50005,2,500042806,500042806,0,1,0,0,,0,3,3,0,3,4,0,0,3379,,0,2,1,
2026-09-16T05:48:18.288Z,381983015000000,54107170,540040,-487875,-487889,,500039427,500043933,500043933,500046186,50005,2,500043933,500043933,0,1,0,0,,0,3,3,0,3,4,0,0,4506,,0,2,1,
2026-09-16T05:48:18.393Z,381983125000000,54107277,540041,-487889,-487889,,500039427,500043933,500043933,500046186,50005,2,500043933,500043933,0,1,0,0,,0,3,3,0,3,4,0,0,4506,,0,2,1,
2026-09-16T05:48:18.500Z,381983234000000,54107381,540042,-487889,-487889,,500039427,500043933,500043933,500046186,50005,2,500043933,500043933,0,1,0,0,,0,3,3,0,3,4,0,0,4506,,0,2,1,
2026-09-16T05:48:18.692Z,381983421000000,54107488,540043,-487880,-487889,,500042806,500043933,500043933,500046186,50005,2,500043933,500043933,0,1,0,0,,0,3,3,0,3,4,0,0,4506,,0,2,1,
2026-09-16T05:48:18.799Z,381983531000000,54107687,540045,-487891,-487887,,500042806,500041680,500041680,500046186,50005,2,500041680,500041680,0,1,0,0,,0,3,3,0,3,4,0,0,2253,,0,2,1,
2026-09-16T05:48:18.903Z,381983625000000,54107787,540046,-487892,-487888,,500042806,500042806,500042806,500046186,50005,2,500042806,500042806,0,1,0,0,,0,3,3,0,3,4,0,0,2253,,0,2,1,
2026-09-16T05:48:19.009Z,381983734000000,54107892,540047,-487888,-487888,,500042806,500042806,500042806,500046186,50005,2,500042806,500042806,0,1,0,0,,0,3,3,0,3,4,0,0,2253,,0,2,1,
2026-09-16T05:48:19.116Z,381983843000000,54107997,540048,-487880,-487888,,500042806,500042806,500042806,500046186,50005,2,500042806,500042806,0,1,0,0,,0,3,3,0,3,4,0,0,2253,,0,2,1,
2026-09-16T05:48:19.222Z,381983953000000,54108104,540049,-487885,-487888,,500042806,500042806,500042806,500046186,50005,2,500042806,500042806,0,1,0,0,,0,3,3,0,3,4,0,0,2253,,0,2,1,
2026-09-16T05:48:19.330Z,381984062000000,54108209,540050,-487890,-487888,,500042806,500042806,500042806,500046186,50005,2,500042806,500042806,0,1,0,0,,0,3,3,0,3,4,0,0,2253,,0,2,1,
2026-09-16T05:48:19.436Z,381984156000000,54108317,540051,-487878,-487888,,500042806,500042806,500042806,500046186,50005,2,500042806,500042806,0,1,0,0,,0,3,3,0,3,4,0,0,1126,,0,2,1,
2026-09-16T05:48:19.542Z,381984265000000,54108424,540052,-487878,-487887,,500042806,500041680,500041680,500046186,50005,2,500041680,500041680,0,1,0,0,,0,3,3,0,3,4,0,0,1126,,0,2,1,
2026-09-16T05:48:19.737Z,381984468000000,54108529,540053,-487853,-487886,,491269789,500040553,500040553,500046186,50005,2,500040553,500040553,0,1,0,0,,0,3,3,0,3,4,0,0,2253,,0,2,1,
2026-09-16T05:48:19.845Z,381984578000000,54108678,540055,-138831,-480100,,491269789,491269789,491269789,500046186,49127,2,491269789,491269789,0,0,0,0,,0,3,3,0,3,4,0,0,8773017,,0,2,1,
2026-09-16T05:48:19.951Z,381984671000000,54108833,540056,-44397,-437441,,491269789,443215331,443215331,500046186,44322,2,443215331,443215331,0,0,0,0,,0,3,3,0,3,4,0,0,56827475,,0,2,1,
2026-09-16T05:48:20.058Z,381984781000000,54108939,540057,-44008,-388310,,491269789,387870302,387870302,500046186,38787,2,387870302,387870302,0,0,0,0,,0,3,3,0,3,4,0,0,112172504,,0,2,1,
2026-09-16T05:48:20.163Z,381984890000000,54109064,540059,-44012,-307615,,491269789,296969096,296969096,500046186,29697,2,296969096,296969096,0,0,0,0,,0,3,3,0,3,4,0,0,203072584,,0,2,1,
2026-09-16T05:48:20.268Z,381985000000000,54109164,540060,-44008,-274665,,491269789,259851620,259851620,500046186,25985,2,259851620,259851620,0,0,0,0,,0,3,3,0,3,4,0,0,240188933,,0,2,1,
2026-09-16T05:48:20.373Z,381985093000000,54109264,540061,-44017,-245833,,491269789,227372984,227372984,500046186,22737,2,227372984,227372984,0,0,0,0,,0,3,3,0,3,4,0,0,272663063,,0,2,1,
2026-09-16T05:48:20.481Z,381985203000000,54109365,540062,-44004,-220605,,491269789,198954177,198954177,500046186,19895,2,198954177,198954177,0,0,0,0,,0,3,3,0,3,4,0,0,292315612,,0,2,1,
2026-09-16T05:48:20.587Z,381985312000000,54109469,540063,-44016,-198531,,491269789,174088284,174088284,500046186,17409,2,174088284,174088284,0,0,0,0,,0,3,3,0,3,4,0,0,269127047,,0,2,1,
2026-09-16T05:48:20.781Z,381985515000000,54109575,540064,-44010,-179216,,133291729,152330347,152330347,133291729,15233,2,152330347,152330347,0,0,0,0,,0,3,3,0,3,4,0,0,235539955,,0,0,0,
2026-09-16T05:48:20.888Z,381985609000000,54109775,540066,-44004,-147526,,133291729,116632234,116632234,133291729,11663,2,116632234,116632234,0,0,0,0,,0,3,3,0,3,4,0,0,180336862,,0,0,0,
2026-09-16T05:48:20.994Z,381985718000000,54109876,540067,-44013,-134586,,133291729,102055598,102055598,133291729,10206,2,102055598,102055598,0,0,0,0,,0,3,3,0,3,4,0,0,157796022,,0,0,0,
2026-09-16T05:48:21.102Z,381985828000000,54109982,540068,-44003,-123263,,133291729,89300479,89300479,133291729,8930,2,89300479,89300479,0,0,0,0,,0,3,3,0,3,4,0,0,138072505,,0,0,0,
2026-09-16T05:48:21.210Z,381985937000000,54110090,540069,-43994,-113355,,133291729,78139327,78139327,133291729,7814,2,78139327,78139327,0,0,0,0,,0,3,3,0,3,4,0,0,120814850,,0,0,0,
2026-09-16T05:48:21.316Z,381986046000000,54110198,540070,-44007,-104686,,133291729,68373883,68373883,133291729,6837,2,68373883,68373883,0,0,0,0,,0,3,3,0,3,4,0,0,105714401,,0,0,0,
2026-09-16T05:48:21.422Z,381986156000000,54110304,540071,-44033,-97101,,133291729,59829541,59829541,133291729,5983,2,59829541,59829541,0,0,1,0,,0,3,3,0,3,4,0,0,92500806,,0,0,0,
2026-09-16T05:48:21.529Z,381986250000000,54110410,540072,-44018,-90466,,133291729,52355354,52355354,133291729,5236,2,52355354,52355354,0,0,1,0,,0,3,3,0,3,4,0,0,80936375,,0,0,0,
2026-09-16T05:48:21.636Z,381986359000000,54110517,540073,-44010,-84660,,133291729,45815019,45815019,133291729,4582,2,45815019,45815019,0,0,1,0,,0,3,3,0,3,4,0,0,70817215,,0,0,0,
2026-09-16T05:48:21.835Z,381986562000000,54110624,540074,-44018,-79580,,30702179,40092506,40092506,35084182,4009,2,40092506,40092506,0,0,1,0,,0,3,3,0,3,4,0,0,61963092,,0,0,0,
2026-09-16T05:48:21.941Z,381986671000000,54110776,540076,-44019,-71244,,30702179,30702179,30702179,35084182,3070,2,30702179,30702179,0,0,1,0,,0,3,3,0,3,4,0,0,47437148,,0,0,0,
2026-09-16T05:48:22.049Z,381986781000000,54110929,540077,-44020,-67841,,30702179,26868772,26868772,35084182,2687,2,26868772,26868772,0,0,1,0,,0,3,3,0,3,4,0,0,41505111,,0,0,0,
2026-09-16T05:48:22.154Z,381986875000000,54111037,540078,-44023,-64863,,30702179,23514118,23514118,35084182,2351,2,23514118,23514118,0,0,1,0,,0,3,3,0,3,4,0,0,36315423,,0,0,0,
2026-09-16T05:48:22.260Z,381986984000000,54111143,540079,-44001,-62258,,30702179,20579641,20579641,35084182,2058,2,20579641,20579641,0,0,1,0,,0,3,3,0,3,4,0,0,31775713,,0,0,0,
2026-09-16T05:48:22.366Z,381987093000000,54111248,540080,-44010,-59977,,30702179,18010143,18010143,35084182,1801,2,18010143,18010143,0,0,1,0,,0,3,3,0,3,4,0,0,27804876,,0,0,0,
2026-09-16T05:48:22.470Z,381987203000000,54111369,540082,-43985,-56233,,30702179,13792606,13792606,35084182,1379,2,13792606,13792606,0,0,1,0,,0,3,3,0,3,4,0,0,21291576,,0,0,0,
2026-09-16T05:48:22.574Z,381987296000000,54111470,540083,-43983,-54702,,30702179,12067967,12067967,35084182,1207,2,12067967,12067967,0,0,1,0,,0,3,3,0,3,4,0,0,18634212,,0,0,0,
2026-09-16T05:48:22.678Z,381987406000000,54111570,540084,-43981,-53362,,30702179,10558486,10558486,35084182,1056,2,10558486,10558486,0,0,1,0,,0,3,3,0,3,4,0,0,16310286,,0,0,0,
2026-09-16T05:48:22.871Z,381987593000000,54111670,540085,-43985,-52190,,8082485,9238253,9238253,8082485,924,2,9238253,9238253,0,0,1,0,,0,3,3,0,3,4,0,0,14275865,,0,0,0,
2026-09-16T05:48:22.975Z,381987703000000,54111870,540087,-43991,-50267,,8082485,7072034,7072034,8082485,707,2,7072034,7072034,0,0,1,0,,0,3,3,0,3,4,0,0,10938109,,0,0,0,
2026-09-16T05:48:23.082Z,381987812000000,54111970,540088,-43988,-49482,,8082485,6187748,6187748,8082485,619,2,6187748,6187748,0,0,1,0,,0,3,3,0,3,4,0,0,9572817,,0,0,0,
2026-09-16T05:48:23.188Z,381987921000000,54112070,540089,-43998,-48796,,8082485,5414984,5414984,8082485,541,2,5414984,5414984,0,0,1,0,,0,3,3,0,3,4,0,0,8377622,,0,0,0,
2026-09-16T05:48:23.294Z,381988015000000,54112177,540090,-43998,-48196,,8082485,4739096,4739096,8082485,474,2,4739096,4739096,0,0,1,0,,0,3,3,0,3,4,0,0,7328871,,0,0,0,
2026-09-16T05:48:23.400Z,381988125000000,54112283,540091,-44002,-47671,,8082485,4147695,4147695,8082485,415,2,4147695,4147695,0,0,1,0,,0,3,3,0,3,4,0,0,6410791,,0,0,0,
2026-09-16T05:48:23.507Z,381988234000000,54112389,540092,-43993,-47212,,8082485,3630641,3630641,8082485,363,2,3630641,3630641,0,0,1,0,,0,3,3,0,3,4,0,0,5607612,,0,0,0,
2026-09-16T05:48:23.612Z,381988343000000,54112496,540093,-43982,-46810,,8082485,3177797,3177797,8082485,318,2,3177797,3177797,0,0,1,0,,0,3,3,0,3,4,0,0,4904688,,0,0,0,
2026-09-16T05:48:23.719Z,381988453000000,54112601,540094,-43990,-46457,,8082485,2780150,2780150,8082485,278,2,2780150,2780150,0,0,1,0,,0,3,3,0,3,4,0,0,4291884,,0,0,0,
2026-09-16T05:48:23.914Z,381988640000000,54112707,540095,-43998,-46149,,2129045,2433194,2433194,2129045,243,2,2433194,2433194,0,0,1,0,,0,3,3,0,3,4,0,0,3754554,,0,0,0,
2026-09-16T05:48:24.021Z,381988750000000,54112907,540097,-43981,-45642,,2129045,1862069,1862069,2129045,186,2,1862069,1862069,0,0,1,0,,0,3,3,0,3,4,0,0,2877027,,0,0,0,
2026-09-16T05:48:24.126Z,381988859000000,54113010,540098,-43998,-45435,,2129045,1628888,1628888,2129045,163,2,1628888,1628888,0,0,1,0,,0,3,3,0,3,4,0,0,2518807,,0,0,0,
2026-09-16T05:48:24.232Z,381988953000000,54113115,540099,-43995,-45255,,2129045,1426122,1426122,2129045,143,2,1426122,1426122,0,0,1,0,,0,3,3,0,3,4,0,0,2204519,,0,0,0,
2026-09-16T05:48:24.338Z,381989062000000,54113220,540100,-43997,-45098,,2129045,1249265,1249265,2129045,125,2,1249265,1249265,0,0,1,0,,0,3,3,0,3,4,0,0,1928532,,0,0,0,
2026-09-16T05:48:24.444Z,381989171000000,54113326,540101,-44001,-44960,,2129045,1093811,1093811,2129045,109,2,1093811,1093811,0,0,1,0,,0,3,3,0,3,4,0,0,1686339,,0,0,0,
2026-09-16T05:48:24.551Z,381989281000000,54113432,540102,-44001,-44840,,2129045,958633,958633,2129045,96,2,958633,958633,0,0,1,0,,0,3,3,0,3,4,0,0,1474561,,0,0,0,
2026-09-16T05:48:24.657Z,381989390000000,54113539,540103,-43986,-44735,,2129045,840353,840353,2129045,84,2,840353,840353,0,0,1,0,,0,3,3,0,3,4,0,0,1288692,,0,0,0,
2026-09-16T05:48:24.761Z,381989484000000,54113645,540104,-43975,-44641,,2129045,734464,734464,2129045,73,2,734464,734464,0,0,1,0,,0,3,3,0,3,4,0,0,1127605,,0,0,0,
2026-09-16T05:48:24.956Z,381989687000000,54113750,540105,-43973,-44558,,490018,640966,640966,490018,64,2,640966,640966,0,0,1,0,,0,3,3,0,3,4,0,0,987922,,0,0,0,
2026-09-16T05:48:25.062Z,381989796000000,54113874,540107,-43994,-44424,,490018,490018,490018,490018,49,2,490018,490018,0,0,1,0,,0,3,3,0,3,4,0,0,759247,,0,0,0,
2026-09-16T05:48:25.168Z,381989890000000,54114049,540108,-43995,-44370,,490018,429188,429188,490018,43,2,429188,429188,0,0,1,0,,0,3,3,0,3,4,0,0,664623,,0,0,0,
2026-09-16T05:48:25.272Z,381990000000000,54114174,540110,-44000,-44283,,490018,331185,331185,490018,33,2,331185,331185,0,0,1,0,,0,3,3,0,3,4,0,0,509168,,0,0,0,
2026-09-16T05:48:25.377Z,381990109000000,54114275,540111,-43980,-44248,,490018,291758,291758,490018,29,2,291758,291758,0,0,1,0,,0,3,3,0,3,4,0,0,442706,,0,0,0,
2026-09-16T05:48:25.479Z,381990203000000,54114375,540112,-43984,-44215,,490018,254584,254584,490018,25,2,254584,254584,0,0,1,0,,0,3,3,0,3,4,0,0,386382,,0,0,0,
2026-09-16T05:48:25.584Z,381990312000000,54114475,540113,-43993,-44186,,490018,221916,221916,490018,22,2,221916,221916,0,0,1,0,,0,3,3,0,3,4,0,0,336817,,0,0,0,
2026-09-16T05:48:25.689Z,381990421000000,54114575,540114,-43983,-44161,,490018,193754,193754,490018,19,2,193754,193754,0,0,1,0,,0,3,3,0,3,4,0,0,296264,,0,0,0,
2026-09-16T05:48:25.794Z,381990515000000,54114678,540115,-43978,-44139,,490018,168972,168972,490018,17,2,168972,168972,0,0,1,0,,0,3,3,0,3,4,0,0,260216,,0,0,0,
2026-09-16T05:48:25.989Z,381990718000000,54114783,540116,-43999,-44119,,129545,146442,146442,129545,15,2,146442,146442,0,0,1,0,,0,3,3,0,3,4,0,0,229802,,0,0,0,
2026-09-16T05:48:26.094Z,381990828000000,54114983,540118,-44010,-44091,,129545,114901,114901,129545,11,2,114901,114901,0,0,1,0,,0,3,3,0,3,4,0,0,176857,,0,0,0,
2026-09-16T05:48:26.200Z,381990921000000,54115083,540119,-44015,-44081,,129545,103636,103636,129545,10,2,103636,103636,0,0,1,0,,0,3,3,0,3,4,0,0,150948,,0,0,0,
2026-09-16T05:48:26.305Z,381991031000000,54115188,540120,-44011,-44072,,129545,93498,93498,129545,9,2,93498,93498,0,0,1,0,,0,3,3,0,3,4,0,0,128418,,0,0,0,
2026-09-16T05:48:26.411Z,381991140000000,54115294,540121,-44005,-44064,,129545,84486,84486,129545,8,2,84486,84486,0,0,1,0,,0,3,3,0,3,4,0,0,109268,,0,0,0,
2026-09-16T05:48:26.515Z,381991250000000,54115399,540122,-44006,-44057,,129545,76601,76601,129545,8,2,76601,76601,0,0,1,0,,0,3,3,0,3,4,0,0,92371,,0,0,0,
2026-09-16T05:48:26.622Z,381991343000000,54115504,540123,-44010,-44051,,129545,69842,69842,129545,7,2,69842,69842,0,0,1,0,,0,3,3,0,3,4,0,0,76600,,0,0,0,
2026-09-16T05:48:26.727Z,381991453000000,54115610,540124,-44018,-44046,,129545,64209,64209,129545,6,2,64209,64209,0,0,1,0,,0,3,3,0,3,4,0,0,65336,,0,0,0,
2026-09-16T05:48:26.832Z,381991562000000,54115716,540125,-44008,-44041,,129545,58577,58577,129545,6,2,58577,58577,0,0,1,0,,0,3,3,0,3,4,0,0,56324,,0,0,0,
2026-09-16T05:48:27.025Z,381991750000000,54115820,540126,-43992,-44037,,41680,54071,54071,47312,5,2,54071,54071,0,0,1,0,,0,3,3,0,3,4,0,0,49565,,0,0,0,
2026-09-16T05:48:27.130Z,381991859000000,54115978,540128,-43997,-44026,,41680,41680,41680,47312,4,2,41680,41680,0,0,1,0,,0,3,3,0,3,4,0,0,42806,,0,0,0,
2026-09-16T05:48:27.234Z,381991968000000,54116118,540129,-44016,-44022,,41680,37174,37174,47312,4,2,37174,37174,0,0,1,0,,0,3,3,0,3,4,0,0,39427,,0,0,0,
2026-09-16T05:48:27.339Z,381992062000000,54116223,540130,-44000,-44019,,41680,33794,33794,47312,3,2,33794,33794,0,0,1,0,,0,3,3,0,3,4,0,0,36048,,0,0,0,
2026-09-16T05:48:27.444Z,381992171000000,54116327,540131,-43999,-44017,,41680,31541,31541,47312,3,2,31541,31541,0,0,1,0,,0,3,3,0,3,4,0,0,32668,,0,0,0,
2026-09-16T05:48:27.549Z,381992281000000,54116433,540132,-44000,-44015,,41680,29288,29288,47312,3,2,29288,29288,0,0,1,0,,0,3,3,0,3,4,0,0,29289,,0,0,0,
2026-09-16T05:48:27.654Z,381992375000000,54116538,540133,-43999,-44013,,41680,27035,27035,47312,3,2,27035,27035,0,0,1,0,,0,3,3,0,3,4,0,0,27036,,0,0,0,
2026-09-16T05:48:27.760Z,381992484000000,54116642,540134,-44006,-44011,,41680,24783,24783,47312,2,2,24783,24783,0,0,1,0,,0,3,3,0,3,4,0,0,22529,,0,0,0,
2026-09-16T05:48:27.864Z,381992593000000,54116748,540135,-44008,-44010,,41680,23656,23656,47312,2,2,23656,23656,0,0,1,0,,0,3,3,0,3,4,0,0,18024,,0,0,0,
2026-09-16T05:48:28.057Z,381992781000000,54116853,540136,-44006,-44009,,19150,22530,22530,22530,2,2,22530,22530,0,1,1,0,,0,3,3,0,3,4,0,0,14644,,0,1,0,
2026-09-16T05:48:28.162Z,381992890000000,54117001,540138,-43983,-44006,,19150,19150,19150,22530,2,2,19150,19150,0,1,1,0,,0,3,3,0,3,4,0,0,12391,,0,1,0,
2026-09-16T05:48:28.267Z,381993000000000,54117150,540139,-43978,-44003,,19150,15771,15771,22530,2,2,15771,15771,0,1,1,0,,0,3,3,0,3,4,0,0,13517,,0,1,0,
2026-09-16T05:48:28.372Z,381993093000000,54117256,540140,-43981,-44000,,19150,12391,12391,22530,1,2,12391,12391,0,1,1,0,,0,3,3,0,3,4,0,0,14644,,0,1,0,
2026-09-16T05:48:28.476Z,381993203000000,54117361,540141,-43985,-43998,,19150,10138,10138,22530,1,2,10138,10138,0,1,1,0,,0,3,3,0,3,4,0,0,14645,,0,1,0,
2026-09-16T05:48:28.580Z,381993312000000,54117481,540143,-43997,-43996,,19150,7885,7885,22530,1,2,7885,7885,0,1,1,0,,0,3,3,0,3,4,0,0,14645,,0,1,0,
2026-09-16T05:48:28.683Z,381993406000000,54117581,540144,-43984,-43996,,19150,7885,7885,22530,1,2,7885,7885,0,1,1,0,,0,3,3,0,3,4,0,0,14645,,0,1,0,
2026-09-16T05:48:28.786Z,381993515000000,54117681,540145,-43977,-43994,,19150,5632,5632,22530,1,2,5632,5632,0,1,1,0,,0,3,3,0,3,4,0,0,13518,,0,1,0,
2026-09-16T05:48:28.889Z,381993625000000,54117782,540146,-43997,-43993,,19150,4506,4506,22530,0,2,4506,4506,0,1,1,0,,0,3,3,0,3,4,0,0,11265,,0,1,0,
2026-09-16T05:48:29.081Z,381993812000000,54117882,540147,-44004,-43994,,6759,5632,5632,7885,1,2,5632,5632,0,1,1,0,,0,3,3,0,3,4,0,0,7885,,0,2,1,
2026-09-16T05:48:29.184Z,381993906000000,54118082,540149,-44008,-43997,,6759,9012,9012,7885,1,2,9012,9012,0,1,1,0,,0,3,3,0,3,4,0,0,4506,,0,2,1,
2026-09-16T05:48:29.288Z,381994015000000,54118182,540150,-44006,-43998,,6759,10138,10138,7885,1,2,10138,10138,0,1,1,0,,0,3,3,0,3,4,0,0,5632,,0,2,1,
2026-09-16T05:48:29.390Z,381994125000000,54118282,540151,-43994,-43999,,6759,11265,11265,7885,1,2,11265,11265,0,1,1,0,,0,3,3,0,3,4,0,0,6759,,0,2,1,
2026-09-16T05:48:29.495Z,381994218000000,54118383,540152,-43989,-43998,,6759,10138,10138,7885,1,2,10138,10138,0,1,1,0,,0,3,3,0,3,4,0,0,6759,,0,2,1,
2026-09-16T05:48:29.600Z,381994328000000,54118484,540153,-43983,-43997,,6759,9012,9012,7885,1,2,9012,9012,0,1,1,0,,0,3,3,0,3,4,0,0,6759,,0,2,1,
2026-09-16T05:48:29.706Z,381994437000000,54118589,540154,-43985,-43995,,6759,6759,6759,7885,1,2,6759,6759,0,1,1,0,,0,3,3,0,3,4,0,0,5633,,0,2,1,
2026-09-16T05:48:29.810Z,381994531000000,54118694,540155,-43991,-43994,,6759,5632,5632,7885,1,2,5632,5632,0,1,1,0,,0,3,3,0,3,4,0,0,5633,,0,2,1,
2026-09-16T05:48:29.915Z,381994640000000,54118799,540156,-43993,-43994,,6759,5632,5632,7885,1,2,5632,5632,0,1,1,0,,0,3,3,0,3,4,0,0,5633,,0,2,1,
2026-09-16T05:48:30.108Z,381994843000000,54118904,540157,-43983,-43994,,4506,5632,5632,7885,1,2,5632,5632,0,1,1,0,,0,3,3,0,3,4,0,0,5633,,0,2,1,
2026-09-16T05:48:30.212Z,381994937000000,54119104,540159,-43988,-43992,,4506,3379,3379,7885,1,2,3379,3379,0,1,1,0,,0,3,3,0,3,4,0,0,6759,,0,2,1,
2026-09-16T05:48:30.316Z,381995046000000,54119201,540160,-43972,-43990,,4506,1126,1126,7885,1,2,1126,1126,0,1,1,0,,0,3,3,0,3,4,0,0,7886,,0,2,1,
2026-09-16T05:48:30.421Z,381995156000000,54119305,540161,-43970,-43988,,4506,-1126,-1126,7885,1,2,-1126,-1126,0,1,1,0,,0,3,3,0,3,4,0,0,7885,,0,2,1,
2026-09-16T05:48:30.525Z,381995250000000,54119409,540162,-43997,-43986,,4506,-3379,-3379,7885,1,2,-3379,-3379,0,1,1,0,,0,3,3,0,3,4,0,0,9011,,0,2,1,
2026-09-16T05:48:30.629Z,381995359000000,54119515,540163,-43991,-43987,,4506,-2253,-2253,7885,1,2,-2253,-2253,0,1,1,0,,0,3,3,0,3,4,0,0,9011,,0,2,1,
2026-09-16T05:48:30.733Z,381995468000000,54119618,540164,-43986,-43988,,4506,-1126,-1126,7885,1,2,-1126,-1126,0,1,1,0,,0,3,3,0,3,4,0,0,9011,,0,2,1,
2026-09-16T05:48:30.839Z,381995562000000,54119722,540165,-43996,-43988,,4506,-1126,-1126,7885,1,2,-1126,-1126,0,1,1,0,,0,3,3,0,3,4,0,0,7885,,0,2,1,
2026-09-16T05:48:30.943Z,381995671000000,54119827,540166,-43994,-43989,,4506,0,0,7885,1,2,0,0,0,1,1,0,,0,3,3,0,3,4,0,0,6758,,0,2,1,
2026-09-16T05:48:31.133Z,381995859000000,54119932,540167,-43989,-43990,,0,1126,1126,7885,1,2,1126,1126,0,1,1,0,,0,3,3,0,3,4,0,0,4505,,0,2,1,
2026-09-16T05:48:31.238Z,381995968000000,54120086,540169,-43978,-43989,,0,0,0,7885,1,2,0,0,0,1,1,0,,0,3,3,0,3,4,0,0,4505,,0,2,1,
2026-09-16T05:48:31.341Z,381996062000000,54120227,540170,-43975,-43988,,0,-1126,-1126,7885,1,2,-1126,-1126,0,1,1,0,,0,3,3,0,3,4,0,0,3379,,0,2,1,
2026-09-16T05:48:31.446Z,381996171000000,54120331,540171,-43992,-43987,,0,-2253,-2253,7885,1,2,-2253,-2253,0,1,1,0,,0,3,3,0,3,4,0,0,3379,,0,2,1,
2026-09-16T05:48:31.550Z,381996281000000,54120435,540172,-44005,-43988,,0,-1126,-1126,7885,1,2,-1126,-1126,0,1,1,0,,0,3,3,0,3,4,0,0,3379,,0,2,1,
2026-09-16T05:48:31.654Z,381996375000000,54120539,540173,-43996,-43989,,0,0,0,7885,1,2,0,0,0,1,1,0,,0,3,3,0,3,4,0,0,3379,,0,2,1,
2026-09-16T05:48:31.759Z,381996484000000,54120644,540174,-43988,-43990,,0,1126,1126,7885,1,2,1126,1126,0,1,1,0,,0,3,3,0,3,4,0,0,3379,,0,2,1,
2026-09-16T05:48:31.864Z,381996593000000,54120747,540175,-43980,-43990,,0,1126,1126,7885,1,2,1126,1126,0,1,1,0,,0,3,3,0,3,4,0,0,3379,,0,2,1,
2026-09-16T05:48:31.968Z,381996703000000,54120853,540176,-43975,-43989,,0,0,0,7885,1,2,0,0,0,1,1,0,,0,3,3,0,3,4,0,0,3379,,0,2,1,
2026-09-16T05:48:32.161Z,381996890000000,54120957,540177,-43975,-43987,,-4506,-2253,-2253,7885,1,2,-2253,-2253,0,1,1,0,,0,3,3,0,3,4,0,0,3379,,0,2,1,
2026-09-16T05:48:32.265Z,381997000000000,54121106,540179,-43989,-43985,,-4506,-4506,-4506,7885,1,2,-4506,-4506,0,1,1,0,,0,3,3,0,3,4,0,0,5632,,0,2,1,
2026-09-16T05:48:32.370Z,381997093000000,54121255,540180,-44001,-43986,,-4506,-3379,-3379,7885,1,2,-3379,-3379,0,1,1,0,,0,3,3,0,3,4,0,0,5632,,0,2,1,
2026-09-16T05:48:32.474Z,381997203000000,54121358,540181,-43988,-43986,,-4506,-3379,-3379,7885,1,2,-3379,-3379,0,1,1,0,,0,3,3,0,3,4,0,0,5632,,0,2,1,
2026-09-16T05:48:32.579Z,381997312000000,54121464,540182,-43987,-43986,,-4506,-3379,-3379,7885,1,2,-3379,-3379,0,1,1,0,,0,3,3,0,3,4,0,0,5632,,0,2,1,
2026-09-16T05:48:32.683Z,381997406000000,54121568,540183,-43987,-43986,,-4506,-3379,-3379,7885,1,2,-3379,-3379,0,1,1,0,,0,3,3,0,3,4,0,0,4506,,0,2,1,
2026-09-16T05:48:32.786Z,381997515000000,54121689,540185,-43986,-43986,,-4506,-3379,-3379,7885,1,2,-3379,-3379,0,1,1,0,,0,3,3,0,3,4,0,0,1127,,0,2,1,
2026-09-16T05:48:32.889Z,381997609000000,54121790,540186,-43992,-43987,,-4506,-2253,-2253,7885,1,2,-2253,-2253,0,1,1,0,,0,3,3,0,3,4,0,0,2253,,0,2,1,
2026-09-16T05:48:32.992Z,381997718000000,54121890,540187,-43988,-43987,,-4506,-2253,-2253,7885,1,2,-2253,-2253,0,1,1,0,,0,3,3,0,3,4,0,0,1126,,0,2,1,
2026-09-16T05:48:33.180Z,381997906000000,54121990,540188,-43963,-43987,,-3379,-2253,-2253,7885,1,2,-2253,-2253,0,1,1,0,,0,3,3,0,3,4,0,0,1126,,0,2,1,
2026-09-16T05:48:33.285Z,381998015000000,54122090,540189,-43976,-43986,,-3379,-3379,-3379,7885,1,2,-3379,-3379,0,1,1,0,,0,3,3,0,3,4,0,0,1126,,0,2,1,
2026-09-16T05:48:33.388Z,381998109000000,54122291,540191,-43986,-43985,,-3379,-4506,-4506,7885,1,2,-4506,-4506,0,1,1,0,,0,3,3,0,3,4,0,0,2253,,0,2,1,
2026-09-16T05:48:33.490Z,381998218000000,54122391,540192,-43974,-43985,,-3379,-4506,-4506,7885,1,2,-4506,-4506,0,1,1,0,,0,3,3,0,3,4,0,0,2253,,0,2,1,
2026-09-16T05:48:33.594Z,381998328000000,54122491,540193,-43976,-43984,,-3379,-5632,-5632,7885,1,2,-5632,-5632,0,1,1,0,,0,3,3,0,3,4,0,0,3379,,0,2,1,
2026-09-16T05:48:33.698Z,381998421000000,54122591,540194,-43988,-43983,,-3379,-6759,-6759,7885,1,2,-6759,-6759,0,1,1,0,,0,3,3,0,3,4,0,0,4506,,0,2,1,
2026-09-16T05:48:33.801Z,381998531000000,54122691,540195,-43987,-43984,,-3379,-5632,-5632,7885,1,2,-5632,-5632,0,1,1,0,,0,3,3,0,3,4,0,0,4506,,0,2,1,
2026-09-16T05:48:33.906Z,381998640000000,54122791,540196,-43989,-43985,,-3379,-4506,-4506,7885,1,2,-4506,-4506,0,1,1,0,,0,3,3,0,3,4,0,0,3380,,0,2,1,
2026-09-16T05:48:34.010Z,381998734000000,54122895,540197,-43999,-43986,,-3379,-3379,-3379,7885,1,2,-3379,-3379,0,1,1,0,,0,3,3,0,3,4,0,0,3380,,0,2,1,
2026-09-16T05:48:34.200Z,381998921000000,54122999,540198,-43998,-43988,,0,-1126,-1126,7885,1,2,-1126,-1126,0,1,1,0,,0,3,3,0,3,4,0,0,5633,,0,2,1,
2026-09-16T05:48:34.305Z,381999031000000,54123196,540200,-43983,-43990,,0,1126,1126,7885,1,2,1126,1126,0,1,1,0,,0,3,3,0,3,4,0,0,7885,,0,2,1,
2026-09-16T05:48:34.411Z,381999140000000,54123294,540201,-43990,-43990,,0,1126,1126,7885,1,2,1126,1126,0,1,1,0,,0,3,3,0,3,4,0,0,7885,,0,2,1,
2026-09-16T05:48:34.515Z,381999250000000,54123399,540202,-43994,-43990,,0,1126,1126,7885,1,2,1126,1126,0,1,1,0,,0,3,3,0,3,4,0,0,6758,,0,2,1,
2026-09-16T05:48:34.620Z,381999343000000,54123505,540203,-43989,-43990,,0,1126,1126,7885,1,2,1126,1126,0,1,1,0,,0,3,3,0,3,4,0,0,5632,,0,2,1,
2026-09-16T05:48:34.725Z,381999453000000,54123608,540204,-43975,-43990,,0,1126,1126,7885,1,2,1126,1126,0,1,1,0,,0,3,3,0,3,4,0,0,4505,,0,2,1,
2026-09-16T05:48:34.829Z,381999562000000,54123714,540205,-43997,-43990,,0,1126,1126,7885,1,2,1126,1126,0,1,1,0,,0,3,3,0,3,4,0,0,2252,,0,2,1,
2026-09-16T05:48:34.934Z,381999656000000,54123818,540206,-43983,-43989,,0,0,0,7885,1,2,0,0,0,1,1,0,,0,3,3,0,3,4,0,0,1126,,0,2,1,
2026-09-16T05:48:35.039Z,381999765000000,54123923,540207,-43983,-43988,,0,-1126,-1126,7885,1,2,-1126,-1126,0,1,1,0,,0,3,3,0,3,4,0,0,2252,,0,2,1,
2026-09-16T05:48:35.232Z,381999953000000,54124028,540208,-43989,-43987,,-2253,-2253,-2253,7885,1,2,-2253,-2253,0,1,1,0,,0,3,3,0,3,4,0,0,3379,,0,2,1,
2026-09-16T05:48:35.335Z,382000062000000,54124227,540210,-43983,-43987,,-2253,-2253,-2253,7885,1,2,-2253,-2253,0,1,1,0,,0,3,3,0,3,4,0,0,3379,,0,2,1,
2026-09-16T05:48:35.440Z,382000171000000,54124325,540211,-43984,-43987,,-2253,-2253,-2253,7885,1,2,-2253,-2253,0,1,1,0,,0,3,3,0,3,4,0,0,3379,,0,2,1,
2026-09-16T05:48:35.545Z,382000281000000,54124430,540212,-44002,-43987,,-2253,-2253,-2253,7885,1,2,-2253,-2253,0,1,1,0,,0,3,3,0,3,4,0,0,3379,,0,2,1,
2026-09-16T05:48:35.649Z,382000375000000,54124535,540213,-43994,-43988,,-2253,-1126,-1126,7885,1,2,-1126,-1126,0,1,1,0,,0,3,3,0,3,4,0,0,2253,,0,2,1,
2026-09-16T05:48:35.755Z,382000484000000,54124639,540214,-43981,-43989,,-2253,0,0,7885,1,2,0,0,0,1,1,0,,0,3,3,0,3,4,0,0,2253,,0,2,1,
2026-09-16T05:48:35.859Z,382000593000000,54124744,540215,-43980,-43988,,-2253,-1126,-1126,7885,1,2,-1126,-1126,0,1,1,0,,0,3,3,0,3,4,0,0,2253,,0,2,1,
2026-09-16T05:48:35.963Z,382000687000000,54124848,540216,-43981,-43987,,-2253,-2253,-2253,7885,1,2,-2253,-2253,0,1,1,0,,0,3,3,0,3,4,0,0,2253,,0,2,1,
2026-09-16T05:48:36.068Z,382000796000000,54124952,540217,-43965,-43986,,-2253,-3379,-3379,7885,1,2,-3379,-3379,0,1,1,0,,0,3,3,0,3,4,0,0,3379,,0,2,1,
2026-09-16T05:48:36.260Z,382000984000000,54125058,540218,-43982,-43985,,-3379,-4506,-4506,7885,1,2,-4506,-4506,0,1,1,0,,0,3,3,0,3,4,0,0,4506,,0,2,1,
2026-09-16T05:48:36.365Z,382001093000000,54125205,540220,-43990,-43986,,-3379,-3379,-3379,7885,1,2,-3379,-3379,0,1,1,0,,0,3,3,0,3,4,0,0,4506,,0,2,1,
2026-09-16T05:48:36.470Z,382001203000000,54125354,540221,-43984,-43987,,-3379,-2253,-2253,7885,1,2,-2253,-2253,0,1,1,0,,0,3,3,0,3,4,0,0,4506,,0,2,1,
2026-09-16T05:48:36.575Z,382001296000000,54125459,540222,-43984,-43987,,-3379,-2253,-2253,7885,1,2,-2253,-2253,0,1,1,0,,0,3,3,0,3,4,0,0,3380,,0,2,1,
2026-09-16T05:48:36.679Z,382001406000000,54125564,540223,-43990,-43987,,-3379,-2253,-2253,7885,1,2,-2253,-2253,0,1,1,0,,0,3,3,0,3,4,0,0,2253,,0,2,1,
2026-09-16T05:48:36.784Z,382001515000000,54125669,540224,-43992,-43987,,-3379,-2253,-2253,7885,1,2,-2253,-2253,0,1,1,0,,0,3,3,0,3,4,0,0,2253,,0,2,1,
2026-09-16T05:48:36.889Z,382001609000000,54125774,540225,-43978,-43987,,-3379,-2253,-2253,7885,1,2,-2253,-2253,0,1,1,0,,0,3,3,0,3,4,0,0,2253,,0,2,1,
2026-09-16T05:48:36.992Z,382001718000000,54125878,540226,-43980,-43986,,-3379,-3379,-3379,7885,1,2,-3379,-3379,0,1,1,0,,0,3,3,0,3,4,0,0,2253,,0,2,1,
2026-09-16T05:48:37.096Z,382001828000000,54125998,540228,-43993,-43986,,-3379,-3379,-3379,7885,1,2,-3379,-3379,0,1,1,0,,0,3,3,0,3,4,0,0,2253,,0,2,1,
2026-09-16T05:48:37.284Z,382002015000000,54126098,540229,-43989,-43987,,-2253,-2253,-2253,7885,1,2,-2253,-2253,0,1,1,0,,0,3,3,0,3,4,0,0,2253,,0,2,1,
2026-09-16T05:48:37.389Z,382002109000000,54126198,540230,-43979,-43987,,-2253,-2253,-2253,7885,1,2,-2253,-2253,0,1,1,0,,0,3,3,0,3,4,0,0,2253,,0,2,1,
2026-09-16T05:48:37.492Z,382002218000000,54126378,540231,-44003,-43987,,-2253,-2253,-2253,7885,1,2,-2253,-2253,0,1,1,0,,0,3,3,0,3,4,0,0,2253,,0,2,1,
2026-09-16T05:48:37.597Z,382002328000000,54126499,540233,-43998,-43991,,-2253,2253,2253,7885,1,2,2253,2253,0,1,1,0,,0,3,3,0,3,4,0,0,6759,,0,2,1,
2026-09-16T05:48:37.699Z,382002421000000,54126599,540234,-43998,-43992,,-2253,3379,3379,7885,1,2,3379,3379,0,1,1,0,,0,3,3,0,3,4,0,0,7885,,0,2,1,
2026-09-16T05:48:37.803Z,382002531000000,54126699,540235,-43992,-43993,,-2253,4506,4506,7885,1,2,4506,4506,0,1,1,0,,0,3,3,0,3,4,0,0,7885,,0,2,1,
2026-09-16T05:48:37.906Z,382002640000000,54126800,540236,-43990,-43993,,-2253,4506,4506,7885,1,2,4506,4506,0,1,1,0,,0,3,3,0,3,4,0,0,6759,,0,2,1,
2026-09-16T05:48:38.010Z,382002734000000,54126900,540237,-43995,-43993,,-2253,4506,4506,7885,1,2,4506,4506,0,1,1,0,,0,3,3,0,3,4,0,0,6759,,0,2,1,
2026-09-16T05:48:38.114Z,382002843000000,54127000,540238,-43986,-43993,,-2253,4506,4506,7885,1,2,4506,4506,0,1,1,0,,0,3,3,0,3,4,0,0,6759,,0,2,1,
2026-09-16T05:48:38.308Z,382003031000000,54127104,540239,-43983,-43992,,2253,3379,3379,7885,1,2,3379,3379,0,1,1,0,,0,3,3,0,3,4,0,0,4506,,0,2,1,
2026-09-16T05:48:38.412Z,382003140000000,54127304,540241,-43984,-43990,,2253,1126,1126,7885,1,2,1126,1126,0,1,1,0,,0,3,3,0,3,4,0,0,3380,,0,2,1,
2026-09-16T05:48:38.516Z,382003250000000,54127401,540242,-43988,-43989,,2253,0,0,7885,1,2,0,0,0,1,1,0,,0,3,3,0,3,4,0,0,4506,,0,2,1,
2026-09-16T05:48:38.620Z,382003343000000,54127505,540243,-43985,-43988,,2253,-1126,-1126,7885,1,2,-1126,-1126,0,1,1,0,,0,3,3,0,3,4,0,0,5632,,0,2,1,
2026-09-16T05:48:38.724Z,382003453000000,54127610,540244,-44001,-43988,,2253,-1126,-1126,7885,1,2,-1126,-1126,0,1,1,0,,0,3,3,0,3,4,0,0,5632,,0,2,1,
2026-09-16T05:48:38.828Z,382003562000000,54127714,540245,-44006,-43990,,2253,1126,1126,7885,1,2,1126,1126,0,1,1,0,,0,3,3,0,3,4,0,0,5632,,0,2,1,
2026-09-16T05:48:38.933Z,382003656000000,54127818,540246,-43996,-43991,,2253,2253,2253,7885,1,2,2253,2253,0,1,1,0,,0,3,3,0,3,4,0,0,4505,,0,2,1,
2026-09-16T05:48:39.040Z,382003765000000,54127924,540247,-43992,-43992,,2253,3379,3379,7885,1,2,3379,3379,0,1,1,0,,0,3,3,0,3,4,0,0,4505,,0,2,1,
2026-09-16T05:48:39.144Z,382003875000000,54128029,540248,-43987,-43992,,2253,3379,3379,7885,1,2,3379,3379,0,1,1,0,,0,3,3,0,3,4,0,0,4505,,0,2,1,
2026-09-16T05:48:39.335Z,382004062000000,54128134,540249,-43987,-43991,,1126,2253,2253,7885,1,2,2253,2253,0,1,1,0,,0,3,3,0,3,4,0,0,4505,,0,2,1,
2026-09-16T05:48:39.439Z,382004171000000,54128331,540251,-43994,-43990,,1126,1126,1126,7885,1,2,1126,1126,0,1,1,0,,0,3,3,0,3,4,0,0,4505,,0,2,1,
2026-09-16T05:48:39.544Z,382004265000000,54128429,540252,-43995,-43991,,1126,2253,2253,7885,1,2,2253,2253,0,1,1,0,,0,3,3,0,3,4,0,0,2253,,0,2,1,
2026-09-16T05:48:39.648Z,382004375000000,54128534,540253,-43987,-43991,,1126,2253,2253,7885,1,2,2253,2253,0,1,1,0,,0,3,3,0,3,4,0,0,2253,,0,2,1,
2026-09-16T05:48:39.752Z,382004484000000,54128638,540254,-43982,-43990,,1126,1126,1126,7885,1,2,1126,1126,0,1,1,0,,0,3,3,0,3,4,0,0,2253,,0,2,1,
2026-09-16T05:48:39.857Z,382004578000000,54128742,540255,-43990,-43990,,1126,1126,1126,7885,1,2,1126,1126,0,1,1,0,,0,3,3,0,3,4,0,0,2253,,0,2,1,
2026-09-16T05:48:39.962Z,382004687000000,54128847,540256,-43996,-43990,,1126,1126,1126,7885,1,2,1126,1126,0,1,1,0,,0,3,3,0,3,4,0,0,1127,,0,2,1,
2026-09-16T05:48:40.067Z,382004796000000,54128952,540257,-43998,-43991,,1126,2253,2253,7885,1,2,2253,2253,0,1,1,0,,0,3,3,0,3,4,0,0,1127,,0,2,1,
2026-09-16T05:48:40.172Z,382004906000000,54129057,540258,-43982,-43992,,1126,3379,3379,7885,1,2,3379,3379,0,1,1,0,,0,3,3,0,3,4,0,0,2253,,0,2,1,
2026-09-16T05:48:40.364Z,382005093000000,54129162,540259,-43961,-43991,,-5632,2253,2253,7885,1,2,2253,2253,0,1,1,0,,0,3,3,0,3,4,0,0,2253,,0,2,1,
2026-09-16T05:48:40.469Z,382005203000000,54129308,540261,-43972,-43984,,-5632,-5632,-5632,7885,1,2,-5632,-5632,0,1,1,0,,0,3,3,0,3,4,0,0,9011,,0,2,1,
2026-09-16T05:48:40.573Z,382005296000000,54129458,540262,-43974,-43982,,-5632,-7885,-7885,7885,1,2,-7885,-7885,0,1,1,0,,0,3,3,0,3,4,0,0,11264,,0,2,1,
2026-09-16T05:48:40.679Z,382005406000000,54129564,540263,-43978,-43981,,-5632,-9012,-9012,7885,1,2,-9012,-9012,0,1,1,0,,0,3,3,0,3,4,0,0,12391,,0,2,1,
2026-09-16T05:48:40.784Z,382005515000000,54129668,540264,-43997,-43981,,-5632,-9012,-9012,7885,1,2,-9012,-9012,0,1,1,0,,0,3,3,0,3,4,0,0,12391,,0,2,1,
2026-09-16T05:48:40.888Z,382005609000000,54129774,540265,-43996,-43983,,-5632,-6759,-6759,7885,1,2,-6759,-6759,0,1,1,0,,0,3,3,0,3,4,0,0,12391,,0,2,1,
2026-09-16T05:48:40.993Z,382005718000000,54129878,540266,-43986,-43985,,-5632,-4506,-4506,7885,1,2,-4506,-4506,0,1,1,0,,0,3,3,0,3,4,0,0,11265,,0,2,1,
2026-09-16T05:48:41.100Z,382005828000000,54129984,540267,-43974,-43985,,-5632,-4506,-4506,7885,1,2,-4506,-4506,0,1,1,0,,0,3,3,0,3,4,0,0,6759,,0,2,1,
2026-09-16T05:48:41.204Z,382005937000000,54130106,540269,-43994,-43985,,-5632,-4506,-4506,7885,1,2,-4506,-4506,0,1,1,0,,0,3,3,0,3,4,0,0,4506,,0,2,1,
2026-09-16T05:48:41.394Z,382006125000000,54130206,540270,-43984,-43985,,-4506,-4506,-4506,7885,1,2,-4506,-4506,0,1,1,0,,0,3,3,0,3,4,0,0,4506,,0,2,1,
2026-09-16T05:48:41.499Z,382006234000000,54130306,540271,-43979,-43985,,-4506,-4506,-4506,7885,1,2,-4506,-4506,0,1,1,0,,0,3,3,0,3,4,0,0,4506,,0,2,1,
2026-09-16T05:48:41.604Z,382006328000000,54130507,540273,-43983,-43983,,-4506,-6759,-6759,7885,1,2,-6759,-6759,0,1,1,0,,0,3,3,0,3,4,0,0,2253,,0,2,1,
2026-09-16T05:48:41.706Z,382006437000000,54130607,540274,-43986,-43983,,-4506,-6759,-6759,7885,1,2,-6759,-6759,0,1,1,0,,0,3,3,0,3,4,0,0,2253,,0,2,1,
2026-09-16T05:48:41.809Z,382006531000000,54130707,540275,-44000,-43983,,-4506,-6759,-6759,7885,1,2,-6759,-6759,0,1,1,0,,0,3,3,0,3,4,0,0,2253,,0,2,1,
2026-09-16T05:48:41.912Z,382006640000000,54130807,540276,-44010,-43985,,-4506,-4506,-4506,7885,1,2,-4506,-4506,0,1,1,0,,0,3,3,0,3,4,0,0,2253,,0,2,1,
2026-09-16T05:48:42.018Z,382006750000000,54130907,540277,-43987,-43987,,-4506,-2253,-2253,7885,1,2,-2253,-2253,0,1,1,0,,0,3,3,0,3,4,0,0,4506,,0,2,1,
2026-09-16T05:48:42.122Z,382006843000000,54131008,540278,-43977,-43987,,-4506,-2253,-2253,7885,1,2,-2253,-2253,0,1,1,0,,0,3,3,0,3,4,0,0,4506,,0,2,1,
2026-09-16T05:48:42.227Z,382006953000000,54131112,540279,-43985,-43987,,-4506,-2253,-2253,7885,1,2,-2253,-2253,0,1,1,0,,0,3,3,0,3,4,0,0,4506,,0,2,1,
2026-09-16T05:48:42.418Z,382007140000000,54131217,540280,-43988,-43987,,-2253,-2253,-2253,7885,1,2,-2253,-2253,0,1,1,0,,0,3,3,0,3,4,0,0,4506,,0,2,1,
2026-09-16T05:48:42.523Z,382007250000000,54131414,540282,-44003,-43987,,-2253,-2253,-2253,7885,1,2,-2253,-2253,0,1,1,0,,0,3,3,0,3,4,0,0,4506,,0,2,1,
2026-09-16T05:48:42.629Z,382007359000000,54131513,540283,-43983,-43987,,-2253,-2253,-2253,7885,1,2,-2253,-2253,0,1,1,0,,0,3,3,0,3,4,0,0,2253,,0,2,1,
2026-09-16T05:48:42.732Z,382007453000000,54131618,540284,-43980,-43986,,-2253,-3379,-3379,7885,1,2,-3379,-3379,0,1,1,0,,0,3,3,0,3,4,0,0,1126,,0,2,1,
2026-09-16T05:48:42.837Z,382007562000000,54131722,540285,-43993,-43986,,-2253,-3379,-3379,7885,1,2,-3379,-3379,0,1,1,0,,0,3,3,0,3,4,0,0,1126,,0,2,1,
2026-09-16T05:48:42.941Z,382007671000000,54131827,540286,-43995,-43987,,-2253,-2253,-2253,7885,1,2,-2253,-2253,0,1,1,0,,0,3,3,0,3,4,0,0,1126,,0,2,1,
2026-09-16T05:48:43.046Z,382007781000000,54131931,540287,-44000,-43988,,-2253,-1126,-1126,7885,1,2,-1126,-1126,0,1,1,0,,0,3,3,0,3,4,0,0,2253,,0,2,1,
2026-09-16T05:48:43.151Z,382007875000000,54132036,540288,-44003,-43990,,-2253,1126,1126,7885,1,2,1126,1126,0,1,1,0,,0,3,3,0,3,4,0,0,4505,,0,2,1,
2026-09-16T05:48:43.256Z,382007984000000,54132140,540289,-43987,-43991,,-2253,2253,2253,7885,1,2,2253,2253,0,1,1,0,,0,3,3,0,3,4,0,0,5632,,0,2,1,
2026-09-16T05:48:43.448Z,382008171000000,54132245,540290,-43971,-43990,,0,1126,1126,7885,1,2,1126,1126,0,1,1,0,,0,3,3,0,3,4,0,0,5632,,0,2,1,
2026-09-16T05:48:43.552Z,382008281000000,54132444,540292,-43985,-43988,,0,-1126,-1126,7885,1,2,-1126,-1126,0,1,1,0,,0,3,3,0,3,4,0,0,5632,,0,2,1,
2026-09-16T05:48:43.657Z,382008390000000,54132542,540293,-43982,-43987,,0,-2253,-2253,7885,1,2,-2253,-2253,0,1,1,0,,0,3,3,0,3,4,0,0,4506,,0,2,1,
2026-09-16T05:48:43.762Z,382008484000000,54132647,540294,-43990,-43987,,0,-2253,-2253,7885,1,2,-2253,-2253,0,1,1,0,,0,3,3,0,3,4,0,0,4506,,0,2,1,
2026-09-16T05:48:43.866Z,382008593000000,54132752,540295,-43985,-43987,,0,-2253,-2253,7885,1,2,-2253,-2253,0,1,1,0,,0,3,3,0,3,4,0,0,4506,,0,2,1,
2026-09-16T05:48:43.970Z,382008703000000,54132856,540296,-43982,-43987,,0,-2253,-2253,7885,1,2,-2253,-2253,0,1,1,0,,0,3,3,0,3,4,0,0,4506,,0,2,1,
2026-09-16T05:48:44.075Z,382008796000000,54132960,540297,-43990,-43987,,0,-2253,-2253,7885,1,2,-2253,-2253,0,1,1,0,,0,3,3,0,3,4,0,0,3379,,0,2,1,
2026-09-16T05:48:44.179Z,382008906000000,54133065,540298,-43992,-43987,,0,-2253,-2253,7885,1,2,-2253,-2253,0,1,1,0,,0,3,3,0,3,4,0,0,2253,,0,2,1,
2026-09-16T05:48:44.284Z,382009015000000,54133169,540299,-43994,-43988,,0,-1126,-1126,7885,1,2,-1126,-1126,0,1,1,0,,0,3,3,0,3,4,0,0,1127,,0,2,1,
2026-09-16T05:48:44.476Z,382009203000000,54133274,540300,-43995,-43989,,2253,0,0,7885,1,2,0,0,0,1,1,0,,0,3,3,0,3,4,0,0,2253,,0,2,1,
2026-09-16T05:48:44.580Z,382009312000000,54133422,540302,-44004,-43991,,2253,2253,2253,7885,1,2,2253,2253,0,1,1,0,,0,3,3,0,3,4,0,0,4506,,0,2,1,
2026-09-16T05:48:44.686Z,382009406000000,54133570,540303,-43995,-43992,,2253,3379,3379,7885,1,2,3379,3379,0,1,1,0,,0,3,3,0,3,4,0,0,5632,,0,2,1,
2026-09-16T05:48:44.790Z,382009515000000,54133676,540304,-43978,-43992,,2253,3379,3379,7885,1,2,3379,3379,0,1,1,0,,0,3,3,0,3,4,0,0,5632,,0,2,1,
2026-09-16T05:48:44.895Z,382009625000000,54133780,540305,-43967,-43990,,2253,1126,1126,7885,1,2,1126,1126,0,1,1,0,,0,3,3,0,3,4,0,0,5632,,0,2,1,
2026-09-16T05:48:45.000Z,382009734000000,54133885,540306,-43972,-43988,,2253,-1126,-1126,7885,1,2,-1126,-1126,0,1,1,0,,0,3,3,0,3,4,0,0,4505,,0,2,1,
2026-09-16T05:48:45.105Z,382009828000000,54133990,540307,-43972,-43986,,2253,-3379,-3379,7885,1,2,-3379,-3379,0,1,1,0,,0,3,3,0,3,4,0,0,6758,,0,2,1,
2026-09-16T05:48:45.209Z,382009937000000,54134114,540309,-43986,-43982,,2253,-7885,-7885,7885,1,2,-7885,-7885,0,1,1,0,,0,3,3,0,3,4,0,0,11264,,0,2,1,
2026-09-16T05:48:45.314Z,382010046000000,54134214,540310,-43976,-43981,,2253,-9012,-9012,7885,1,2,-9012,-9012,0,1,1,0,,0,3,3,0,3,4,0,0,12391,,0,2,1,
2026-09-16T05:48:45.504Z,382010234000000,54134314,540311,-43967,-43980,,-11265,-10138,-10138,7885,1,2,-10138,-10138,0,1,1,0,,0,3,3,0,3,4,0,0,13517,,0,2,1,
2026-09-16T05:48:45.607Z,382010328000000,54134414,540312,-43977,-43979,,-11265,-11265,-11265,7885,1,2,-11265,-11265,0,1,1,0,,0,3,3,0,3,4,0,0,12391,,0,2,1,
2026-09-16T05:48:45.711Z,382010437000000,54134614,540314,-43987,-43980,,-11265,-10138,-10138,7885,1,2,-10138,-10138,0,1,1,0,,0,3,3,0,3,4,0,0,7886,,0,2,1,
2026-09-16T05:48:45.814Z,382010546000000,54134715,540315,-43976,-43981,,-11265,-9012,-9012,7885,1,2,-9012,-9012,0,1,1,0,,0,3,3,0,3,4,0,0,5633,,0,2,1,
2026-09-16T05:48:45.918Z,382010640000000,54134815,540316,-43973,-43980,,-11265,-10138,-10138,7885,1,2,-10138,-10138,0,1,1,0,,0,3,3,0,3,4,0,0,3380,,0,2,1,
2026-09-16T05:48:46.021Z,382010750000000,54134915,540317,-43981,-43979,,-11265,-11265,-11265,7885,1,2,-11265,-11265,0,1,1,0,,0,3,3,0,3,4,0,0,2253,,0,2,1,
2026-09-16T05:48:46.128Z,382010859000000,54135015,540318,-43986,-43979,,-11265,-11265,-11265,7885,1,2,-11265,-11265,0,1,1,0,,0,3,3,0,3,4,0,0,2253,,0,2,1,
2026-09-16T05:48:46.232Z,382010953000000,54135118,540319,-43982,-43979,,-11265,-11265,-11265,7885,1,2,-11265,-11265,0,1,1,0,,0,3,3,0,3,4,0,0,2253,,0,2,1,
2026-09-16T05:48:46.338Z,382011062000000,54135222,540320,-43998,-43980,,-11265,-10138,-10138,7885,1,2,-10138,-10138,0,1,1,0,,0,3,3,0,3,4,0,0,2253,,0,2,1,
2026-09-16T05:48:46.531Z,382011265000000,54135327,540321,-43977,-43980,,-10138,-10138,-10138,7885,1,2,-10138,-10138,0,1,1,0,,0,3,3,0,3,4,0,0,2253,,0,2,1,
2026-09-16T05:48:46.635Z,382011359000000,54135527,540323,-43983,-43980,,-10138,-10138,-10138,7885,1,2,-10138,-10138,0,1,1,0,,0,3,3,0,3,4,0,0,1127,,0,2,1,
2026-09-16T05:48:46.739Z,382011468000000,54135625,540324,-43985,-43980,,-10138,-10138,-10138,7885,1,2,-10138,-10138,0,1,1,0,,0,3,3,0,3,4,0,0,1127,,0,2,1,
2026-09-16T05:48:46.845Z,382011578000000,54135730,540325,-43983,-43980,,-10138,-10138,-10138,7885,1,2,-10138,-10138,0,1,1,0,,0,3,3,0,3,4,0,0,1127,,0,2,1,
2026-09-16T05:48:46.949Z,382011671000000,54135835,540326,-43969,-43980,,-10138,-10138,-10138,7885,1,2,-10138,-10138,0,1,1,0,,0,3,3,0,3,4,0,0,1127,,0,2,1,
2026-09-16T05:48:47.054Z,382011781000000,54135939,540327,-43968,-43979,,-10138,-11265,-11265,7885,1,2,-11265,-11265,0,1,1,0,,0,3,3,0,3,4,0,0,1127,,0,2,1,
2026-09-16T05:48:47.160Z,382011890000000,54136044,540328,-44000,-43978,,-10138,-12391,-12391,7885,1,2,-12391,-12391,0,1,1,0,,0,3,3,0,3,4,0,0,2253,,0,2,1,
2026-09-16T05:48:47.264Z,382012000000000,54136149,540329,-43992,-43980,,-10138,-10138,-10138,7885,1,2,-10138,-10138,0,1,1,0,,0,3,3,0,3,4,0,0,2253,,0,2,1,
2026-09-16T05:48:47.368Z,382012093000000,54136254,540330,-43983,-43982,,-10138,-7885,-7885,7885,1,2,-7885,-7885,0,1,1,0,,0,3,3,0,3,4,0,0,4506,,0,2,1,
2026-09-16T05:48:47.559Z,382012281000000,54136359,540331,-43986,-43983,,-6759,-6759,-6759,7885,1,2,-6759,-6759,0,1,1,0,,0,3,3,0,3,4,0,0,5632,,0,2,1,
2026-09-16T05:48:47.664Z,382012390000000,54136555,540333,-43973,-43982,,-6759,-7885,-7885,7885,1,2,-7885,-7885,0,1,1,0,,0,3,3,0,3,4,0,0,5632,,0,2,1,
2026-09-16T05:48:47.768Z,382012500000000,54136654,540334,-43993,-43982,,-6759,-7885,-7885,7885,1,2,-7885,-7885,0,1,1,0,,0,3,3,0,3,4,0,0,5632,,0,2,1,
2026-09-16T05:48:47.872Z,382012593000000,54136758,540335,-43993,-43983,,-6759,-6759,-6759,7885,1,2,-6759,-6759,0,1,1,0,,0,3,3,0,3,4,0,0,5632,,0,2,1,
2026-09-16T05:48:47.978Z,382012703000000,54136862,540336,-43997,-43984,,-6759,-5632,-5632,7885,1,2,-5632,-5632,0,1,1,0,,0,3,3,0,3,4,0,0,4506,,0,2,1,
2026-09-16T05:48:48.083Z,382012812000000,54136968,540337,-43978,-43985,,-6759,-4506,-4506,7885,1,2,-4506,-4506,0,1,1,0,,0,3,3,0,3,4,0,0,3379,,0,2,1,
2026-09-16T05:48:48.187Z,382012921000000,54137073,540338,-43989,-43986,,-6759,-3379,-3379,7885,1,2,-3379,-3379,0,1,1,0,,0,3,3,0,3,4,0,0,4506,,0,2,1,
2026-09-16T05:48:48.290Z,382013015000000,54137177,540339,-44000,-43986,,-6759,-3379,-3379,7885,1,2,-3379,-3379,0,1,1,0,,0,3,3,0,3,4,0,0,4506,,0,2,1,
2026-09-16T05:48:48.395Z,382013125000000,54137281,540340,-43988,-43986,,-6759,-3379,-3379,7885,1,2,-3379,-3379,0,1,1,0,,0,3,3,0,3,4,0,0,4506,,0,2,1,
2026-09-16T05:48:48.587Z,382013312000000,54137385,540341,-43984,-43986,,-1126,-3379,-3379,7885,1,2,-3379,-3379,0,1,1,0,,0,3,3,0,3,4,0,0,4506,,0,2,1,
2026-09-16T05:48:48.691Z,382013421000000,54137533,540343,-43998,-43988,,-1126,-1126,-1126,7885,1,2,-1126,-1126,0,1,1,0,,0,3,3,0,3,4,0,0,4506,,0,2,1,
2026-09-16T05:48:48.794Z,382013515000000,54137681,540344,-43974,-43989,,-1126,0,0,7885,1,2,0,0,0,1,1,0,,0,3,3,0,3,4,0,0,4506,,0,2,1,
2026-09-16T05:48:48.900Z,382013625000000,54137786,540345,-43979,-43988,,-1126,-1126,-1126,7885,1,2,-1126,-1126,0,1,1,0,,0,3,3,0,3,4,0,0,3379,,0,2,1,
2026-09-16T05:48:49.005Z,382013734000000,54137890,540346,-44000,-43987,,-1126,-2253,-2253,7885,1,2,-2253,-2253,0,1,1,0,,0,3,3,0,3,4,0,0,3379,,0,2,1,
2026-09-16T05:48:49.109Z,382013843000000,54137996,540347,-44000,-43989,,-1126,0,0,7885,1,2,0,0,0,1,1,0,,0,3,3,0,3,4,0,0,3379,,0,2,1,
2026-09-16T05:48:49.213Z,382013937000000,54138099,540348,-44001,-43990,,-1126,1126,1126,7885,1,2,1126,1126,0,1,1,0,,0,3,3,0,3,4,0,0,4505,,0,2,1,
2026-09-16T05:48:49.318Z,382014046000000,54138222,540350,-43992,-43991,,-1126,2253,2253,7885,1,2,2253,2253,0,1,1,0,,0,3,3,0,3,4,0,0,4506,,0,2,1,
2026-09-16T05:48:49.419Z,382014140000000,54138322,540351,-43999,-43991,,-1126,2253,2253,7885,1,2,2253,2253,0,1,1,0,,0,3,3,0,3,4,0,0,4506,,0,2,1,
2026-09-16T05:48:49.608Z,382014343000000,54138422,540352,-43984,-43991,,2253,2253,2253,7885,1,2,2253,2253,0,1,1,0,,0,3,3,0,3,4,0,0,4506,,0,2,1,
2026-09-16T05:48:49.713Z,382014437000000,54138522,540353,-43989,-43991,,2253,2253,2253,7885,1,2,2253,2253,0,1,1,0,,0,3,3,0,3,4,0,0,4506,,0,2,1,
2026-09-16T05:48:49.817Z,382014546000000,54138723,540355,-43980,-43989,,2253,0,0,7885,1,2,0,0,0,1,1,0,,0,3,3,0,3,4,0,0,2253,,0,2,1,
2026-09-16T05:48:49.921Z,382014656000000,54138823,540356,-43997,-43988,,2253,-1126,-1126,7885,1,2,-1126,-1126,0,1,1,0,,0,3,3,0,3,4,0,0,3379,,0,2,1,
2026-09-16T05:48:50.024Z,382014750000000,54138923,540357,-43995,-43989,,2253,0,0,7885,1,2,0,0,0,1,1,0,,0,3,3,0,3,4,0,0,3379,,0,2,1,
2026-09-16T05:48:50.126Z,382014859000000,54139023,540358,-43996,-43990,,2253,1126,1126,7885,1,2,1126,1126,0,1,1,0,,0,3,3,0,3,4,0,0,3379,,0,2,1,
2026-09-16T05:48:50.229Z,382014953000000,54139123,540359,-43998,-43991,,2253,2253,2253,7885,1,2,2253,2253,0,1,1,0,,0,3,3,0,3,4,0,0,3379,,0,2,1,
2026-09-16T05:48:50.331Z,382015062000000,54139223,540360,-44003,-43992,,2253,3379,3379,7885,1,2,3379,3379,0,1,1,0,,0,3,3,0,3,4,0,0,4505,,0,2,1,
2026-09-16T05:48:50.435Z,382015156000000,54139324,540361,-43999,-43993,,2253,4506,4506,7885,1,2,4506,4506,0,1,1,0,,0,3,3,0,3,4,0,0,5632,,0,2,1,
2026-09-16T05:48:50.627Z,382015359000000,54139426,540362,-43980,-43994,,4506,5632,5632,7885,1,2,5632,5632,0,1,1,0,,0,3,3,0,3,4,0,0,6758,,0,2,1,
2026-09-16T05:48:50.729Z,382015453000000,54139624,540364,-43991,-43992,,4506,3379,3379,7885,1,2,3379,3379,0,1,1,0,,0,3,3,0,3,4,0,0,5632,,0,2,1,
2026-09-16T05:48:50.832Z,382015562000000,54139724,540365,-43985,-43992,,4506,3379,3379,7885,1,2,3379,3379,0,1,1,0,,0,3,3,0,3,4,0,0,4506,,0,2,1,
2026-09-16T05:48:50.937Z,382015671000000,54139824,540366,-43981,-43991,,4506,2253,2253,7885,1,2,2253,2253,0,1,1,0,,0,3,3,0,3,4,0,0,3379,,0,2,1,
2026-09-16T05:48:51.041Z,382015765000000,54139927,540367,-44005,-43990,,4506,1126,1126,7885,1,2,1126,1126,0,1,1,0,,0,3,3,0,3,4,0,0,4506,,0,2,1,
2026-09-16T05:48:51.146Z,382015875000000,54140032,540368,-43996,-43991,,4506,2253,2253,7885,1,2,2253,2253,0,1,1,0,,0,3,3,0,3,4,0,0,4506,,0,2,1,
2026-09-16T05:48:51.250Z,382015984000000,54140136,540369,-43986,-43992,,4506,3379,3379,7885,1,2,3379,3379,0,1,1,0,,0,3,3,0,3,4,0,0,4506,,0,2,1,
2026-09-16T05:48:51.353Z,382016078000000,54140241,540370,-43989,-43992,,4506,3379,3379,7885,1,2,3379,3379,0,1,1,0,,0,3,3,0,3,4,0,0,3380,,0,2,1,
2026-09-16T05:48:51.459Z,382016187000000,54140345,540371,-43988,-43991,,4506,2253,2253,7885,1,2,2253,2253,0,1,1,0,,0,3,3,0,3,4,0,0,2253,,0,2,1,
2026-09-16T05:48:51.652Z,382016375000000,54140449,540372,-43996,-43991,,3379,2253,2253,7885,1,2,2253,2253,0,1,1,0,,0,3,3,0,3,4,0,0,2253,,0,2,1,
2026-09-16T05:48:51.758Z,382016484000000,54140648,540374,-43984,-43993,,3379,4506,4506,7885,1,2,4506,4506,0,1,1,0,,0,3,3,0,3,4,0,0,3380,,0,2,1,
2026-09-16T05:48:51.864Z,382016593000000,54140748,540375,-43995,-43993,,3379,4506,4506,7885,1,2,4506,4506,0,1,1,0,,0,3,3,0,3,4,0,0,2253,,0,2,1,
2026-09-16T05:48:51.968Z,382016703000000,54140855,540376,-43994,-43993,,3379,4506,4506,7885,1,2,4506,4506,0,1,1,0,,0,3,3,0,3,4,0,0,2253,,0,2,1,
2026-09-16T05:48:52.072Z,382016796000000,54140959,540377,-43989,-43993,,3379,4506,4506,7885,1,2,4506,4506,0,1,1,0,,0,3,3,0,3,4,0,0,2253,,0,2,1,
2026-09-16T05:48:52.178Z,382016906000000,54141063,540378,-43985,-43992,,3379,3379,3379,7885,1,2,3379,3379,0,1,1,0,,0,3,3,0,3,4,0,0,2253,,0,2,1,
2026-09-16T05:48:52.282Z,382017015000000,54141168,540379,-43978,-43991,,3379,2253,2253,7885,1,2,2253,2253,0,1,1,0,,0,3,3,0,3,4,0,0,2253,,0,2,1,
2026-09-16T05:48:52.387Z,382017109000000,54141273,540380,-43981,-43990,,3379,1126,1126,7885,1,2,1126,1126,0,1,1,0,,0,3,3,0,3,4,0,0,3380,,0,2,1,
2026-09-16T05:48:52.491Z,382017218000000,54141378,540381,-43993,-43989,,3379,0,0,7885,1,2,0,0,0,1,1,0,,0,3,3,0,3,4,0,0,4506,,0,2,1,
2026-09-16T05:48:52.683Z,382017406000000,54141481,540382,-43995,-43990,,3379,1126,1126,7885,1,2,1126,1126,0,1,1,0,,0,3,3,0,3,4,0,0,4506,,0,2,1,
2026-09-16T05:48:52.788Z,382017515000000,54141629,540384,-43996,-43992,,3379,3379,3379,7885,1,2,3379,3379,0,1,1,0,,0,3,3,0,3,4,0,0,4506,,0,2,1,
2026-09-16T05:48:52.893Z,382017625000000,54141778,540385,-43990,-43993,,3379,4506,4506,7885,1,2,4506,4506,0,1,1,0,,0,3,3,0,3,4,0,0,4506,,0,2,1,
2026-09-16T05:48:52.998Z,382017718000000,54141883,540386,-44003,-43993,,3379,4506,4506,7885,1,2,4506,4506,0,1,1,0,,0,3,3,0,3,4,0,0,4506,,0,2,1,
2026-09-16T05:48:53.103Z,382017828000000,54141988,540387,-44001,-43994,,3379,5632,5632,7885,1,2,5632,5632,0,1,1,0,,0,3,3,0,3,4,0,0,5632,,0,2,1,
2026-09-16T05:48:53.206Z,382017937000000,54142094,540388,-43978,-43995,,3379,6759,6759,7885,1,2,6759,6759,0,1,1,0,,0,3,3,0,3,4,0,0,6759,,0,2,1,
2026-09-16T05:48:53.310Z,382018031000000,54142198,540389,-43982,-43993,,3379,4506,4506,7885,1,2,4506,4506,0,1,1,0,,0,3,3,0,3,4,0,0,5633,,0,2,1,
2026-09-16T05:48:53.415Z,382018140000000,54142301,540390,-43995,-43992,,3379,3379,3379,7885,1,2,3379,3379,0,1,1,0,,0,3,3,0,3,4,0,0,4506,,0,2,1,
2026-09-16T05:48:53.518Z,382018250000000,54142405,540391,-43978,-43991,,3379,2253,2253,7885,1,2,2253,2253,0,1,1,0,,0,3,3,0,3,4,0,0,4506,,0,2,1,
2026-09-16T05:48:53.709Z,382018437000000,54142510,540392,-43971,-43989,,-4506,0,0,7885,1,2,0,0,0,1,1,0,,0,3,3,0,3,4,0,0,6759,,0,2,1,
2026-09-16T05:48:53.813Z,382018546000000,54142630,540394,-43999,-43985,,-4506,-4506,-4506,7885,1,2,-4506,-4506,0,1,1,0,,0,3,3,0,3,4,0,0,11265,,0,2,1,
2026-09-16T05:48:53.919Z,382018640000000,54142804,540395,-43997,-43987,,-4506,-2253,-2253,7885,1,2,-2253,-2253,0,1,1,0,,0,3,3,0,3,4,0,0,11265,,0,2,1,
2026-09-16T05:48:54.023Z,382018750000000,54142908,540396,-43995,-43988,,-4506,-1126,-1126,7885,1,2,-1126,-1126,0,1,1,0,,0,3,3,0,3,4,0,0,9012,,0,2,1,
2026-09-16T05:48:54.127Z,382018859000000,54143031,540398,-44003,-43990,,-4506,1126,1126,7885,1,2,1126,1126,0,1,1,0,,0,3,3,0,3,4,0,0,6759,,0,2,1,
2026-09-16T05:48:54.230Z,382018953000000,54143131,540399,-44006,-43992,,-4506,3379,3379,7885,1,2,3379,3379,0,1,1,0,,0,3,3,0,3,4,0,0,7885,,0,2,1,
2026-09-16T05:48:54.332Z,382019062000000,54143232,540400,-48420,-43994,,-4506,5632,5632,7885,1,2,5632,5632,0,1,1,0,,0,3,3,0,3,4,0,0,10138,,0,2,1,
2026-09-16T05:48:54.437Z,382019171000000,54143332,540401,-75086,-44547,,-4506,628575,628575,7885,63,2,628575,628575,0,0,1,0,,0,3,3,0,3,4,0,0,633081,,0,2,1,
2026-09-16T05:48:54.542Z,382019265000000,54143432,540402,-128404,-48364,,-4506,4928345,4928345,7885,493,2,4928345,4928345,0,0,1,0,,0,3,3,0,3,4,0,0,4930598,,0,2,1,
2026-09-16T05:48:54.739Z,382019468000000,54143534,540403,-261742,-58369,,44836109,16198765,16198765,44836109,1620,2,16198765,16198765,0,0,1,0,,0,3,3,0,3,4,0,0,16199891,,0,0,0,
2026-09-16T05:48:54.845Z,382019578000000,54143735,540405,-466792,-123637,,44836109,89721782,89721782,44836109,8972,2,89721782,89721782,0,0,0,0,,0,3,3,0,3,4,0,0,89720656,,0,0,0,
2026-09-16T05:48:54.950Z,382019671000000,54143836,540406,-487340,-166531,,44836109,138040963,138040963,44836109,13804,2,138040963,138040963,0,0,0,0,,0,3,3,0,3,4,0,0,138037584,,0,0,0,
2026-09-16T05:48:55.059Z,382019781000000,54143942,540407,-487891,-206632,,44836109,183213889,183213889,44836109,18321,2,183213889,183213889,0,0,0,0,,0,3,3,0,3,4,0,0,183208257,,0,0,0,
2026-09-16T05:48:55.166Z,382019890000000,54144049,540408,-487875,-241787,,44836109,222815251,222815251,44836109,22282,2,222815251,222815251,0,0,0,0,,0,3,3,0,3,4,0,0,222186676,,0,0,0,
2026-09-16T05:48:55.271Z,382020000000000,54144157,540409,-487881,-272549,,44836109,257467991,257467991,44836109,25747,2,257467991,257467991,0,0,0,0,,0,3,3,0,3,4,0,0,252539646,,0,0,0,
2026-09-16T05:48:55.378Z,382020109000000,54144263,540410,-487894,-299466,,44836109,287789421,287789421,44836109,28779,2,287789421,287789421,0,0,0,0,,0,3,3,0,3,4,0,0,271590656,,0,0,0,
2026-09-16T05:48:55.484Z,382020218000000,54144368,540411,-487894,-323020,,44836109,314322502,314322502,44836109,31432,2,314322502,314322502,0,0,0,0,,0,3,3,0,3,4,0,0,269486393,,0,0,0,
2026-09-16T05:48:55.590Z,382020312000000,54144475,540412,-487871,-343629,,44836109,337538103,337538103,44836109,33754,2,337538103,337538103,0,0,0,0,,0,3,3,0,3,4,0,0,247816321,,0,0,0,
2026-09-16T05:48:55.785Z,382020515000000,54144581,540413,-487884,-361661,,391176517,357850769,357850769,375624351,35785,2,357850769,357850769,0,0,0,0,,0,3,3,0,3,4,0,0,219809806,,0,0,0,
2026-09-16T05:48:55.891Z,382020625000000,54144734,540415,-487905,-391245,,391176517,391176517,391176517,375624351,39118,2,391176517,391176517,0,0,0,0,,0,3,3,0,3,4,0,0,168361266,,0,0,0,
2026-09-16T05:48:55.999Z,382020734000000,54144882,540416,-487891,-403326,,391176517,404785507,404785507,375624351,40479,2,404785507,404785507,0,0,0,0,,0,3,3,0,3,4,0,0,147317516,,0,0,0,
2026-09-16T05:48:56.106Z,382020828000000,54144990,540417,-487886,-413897,,391176517,416693514,416693514,375624351,41669,2,416693514,416693514,0,0,0,0,,0,3,3,0,3,4,0,0,128904093,,0,0,0,
2026-09-16T05:48:56.212Z,382020937000000,54145097,540418,-487870,-423146,,391176517,427112317,427112317,375624351,42711,2,427112317,427112317,0,0,0,0,,0,3,3,0,3,4,0,0,112789815,,0,0,0,
2026-09-16T05:48:56.319Z,382021046000000,54145203,540419,-487876,-431237,,391176517,436226657,436226657,375624351,43623,2,436226657,436226657,0,0,0,0,,0,3,3,0,3,4,0,0,98688554,,0,0,0,
2026-09-16T05:48:56.426Z,382021156000000,54145310,540420,-487872,-438316,,391176517,444201000,444201000,375624351,44420,2,444201000,444201000,0,0,0,0,,0,3,3,0,3,4,0,0,86350231,,0,0,0,
2026-09-16T05:48:56.532Z,382021265000000,54145436,540422,-487877,-449931,,391176517,457285051,457285051,375624351,45729,2,457285051,457285051,0,0,0,0,,0,3,3,0,3,4,0,0,66108534,,0,0,0,
2026-09-16T05:48:56.637Z,382021359000000,54145536,540423,-487888,-454674,,391176517,462627940,462627940,375624351,46263,2,462627940,462627940,0,0,0,0,,0,3,3,0,3,4,0,0,57842433,,0,0,0,
2026-09-16T05:48:56.831Z,382021562000000,54145636,540424,-487879,-458825,,471396451,467303953,467303953,471396451,46730,2,467303953,467303953,0,0,0,0,,0,3,3,0,3,4,0,0,50610439,,0,0,0,
2026-09-16T05:48:56.935Z,382021656000000,54145836,540426,-487886,-465637,,471396451,474977527,474977527,471396451,47498,2,474977527,474977527,0,0,0,0,,0,3,3,0,3,4,0,0,38750870,,0,0,0,
2026-09-16T05:48:57.039Z,382021765000000,54145937,540427,-487890,-468419,,471396451,478111391,478111391,471396451,47811,2,478111391,478111391,0,0,0,0,,0,3,3,0,3,4,0,0,33910391,,0,0,0,
2026-09-16T05:48:57.148Z,382021875000000,54146037,540428,-487903,-470853,,471396451,480853240,480853240,471396451,48085,2,480853240,480853240,0,0,0,0,,0,3,3,0,3,4,0,0,29673704,,0,0,0,
2026-09-16T05:48:57.254Z,382021984000000,54146139,540429,-487883,-472983,,471396451,483252640,483252640,471396451,48325,2,483252640,483252640,0,0,0,0,,0,3,3,0,3,4,0,0,25967589,,0,0,0,
2026-09-16T05:48:57.361Z,382022093000000,54146246,540430,-487896,-474847,,471396451,485352396,485352396,471396451,48535,2,485352396,485352396,0,0,0,0,,0,3,3,0,3,4,0,0,22724456,,0,0,0,
2026-09-16T05:48:57.469Z,382022203000000,54146352,540431,-487908,-476478,,471396451,487189683,487189683,471396451,48719,2,487189683,487189683,0,0,0,0,,0,3,3,0,3,4,0,0,19885730,,0,0,0,
2026-09-16T05:48:57.576Z,382022296000000,54146459,540432,-487889,-477905,,471396451,488797168,488797168,471396451,48880,2,488797168,488797168,0,0,0,0,,0,3,3,0,3,4,0,0,17400717,,0,0,0,
2026-09-16T05:48:57.684Z,382022406000000,54146567,540433,-487897,-479154,,471396451,490204140,490204140,471396451,49020,2,490204140,490204140,0,0,0,0,,0,3,3,0,3,4,0,0,15226613,,0,0,0,
2026-09-16T05:48:57.879Z,382022609000000,54146675,540434,-487886,-480246,,492510043,491434255,491434255,492510043,49143,2,491434255,491434255,0,0,0,0,,0,3,3,0,3,4,0,0,13322864,,0,0,0,
2026-09-16T05:48:57.984Z,382022718000000,54146876,540436,-487879,-482036,,492510043,493450652,493450652,492510043,49345,2,493450652,493450652,0,0,0,0,,0,3,3,0,3,4,0,0,10198012,,0,0,0,
2026-09-16T05:48:58.092Z,382022812000000,54146976,540437,-487887,-482766,,492510043,494272982,494272982,492510043,49427,2,494272982,494272982,0,0,0,0,,0,3,3,0,3,4,0,0,8920586,,0,0,0,
2026-09-16T05:48:58.198Z,382022921000000,54147083,540438,-487883,-483406,,492510043,494993928,494993928,492510043,49499,2,494993928,494993928,0,0,0,0,,0,3,3,0,3,4,0,0,7804245,,0,0,0,
2026-09-16T05:48:58.305Z,382023031000000,54147190,540439,-487875,-483966,,492510043,495624756,495624756,492510043,49562,2,495624756,495624756,0,0,0,0,,0,3,3,0,3,4,0,0,6827588,,0,0,0,
2026-09-16T05:48:58.412Z,382023140000000,54147296,540440,-487894,-484456,,492510043,496176731,496176731,492510043,49618,2,496176731,496176731,0,0,0,0,,0,3,3,0,3,4,0,0,5972591,,0,0,0,
2026-09-16T05:48:58.518Z,382023250000000,54147403,540441,-487888,-484885,,492510043,496659990,496659990,492510043,49666,2,496659990,496659990,0,0,0,0,,0,3,3,0,3,4,0,0,5225735,,0,0,0,
2026-09-16T05:48:58.626Z,382023359000000,54147508,540442,-487885,-485260,,492510043,497082420,497082420,492510043,49708,2,497082420,497082420,0,0,0,0,,0,3,3,0,3,4,0,0,4572377,,0,0,0,
2026-09-16T05:48:58.732Z,382023453000000,54147617,540443,-487896,-485589,,492510043,497453031,497453031,492510043,49745,2,497453031,497453031,0,0,0,0,,0,3,3,0,3,4,0,0,4002379,,0,0,0,
2026-09-16T05:48:58.927Z,382023656000000,54147740,540445,-487888,-486129,,498309155,498061330,498061330,498309155,49806,2,498061330,498061330,0,0,0,0,,0,3,3,0,3,4,0,0,3067402,,0,0,0,
2026-09-16T05:48:59.033Z,382023765000000,54147841,540446,-487891,-486349,,498309155,498309155,498309155,498309155,49831,2,498309155,498309155,0,0,0,0,,0,3,3,0,3,4,0,0,2684399,,0,0,0,
2026-09-16T05:48:59.138Z,382023859000000,54148041,540448,-487894,-486710,,498309155,498715814,498715814,498309155,49872,2,498715814,498715814,0,0,0,0,,0,3,3,0,3,4,0,0,2055824,,0,0,0,
2026-09-16T05:48:59.244Z,382023968000000,54148141,540449,-487906,-486858,,498309155,498882533,498882533,498309155,49888,2,498882533,498882533,0,0,0,0,,0,3,3,0,3,4,0,0,1800113,,0,0,0,
2026-09-16T05:48:59.350Z,382024078000000,54148241,540450,-487892,-486988,,498309155,499028975,499028975,498309155,49903,2,499028975,499028975,0,0,0,0,,0,3,3,0,3,4,0,0,1575944,,0,0,0,
2026-09-16T05:48:59.457Z,382024187000000,54148342,540451,-487902,-487102,,498309155,499157394,499157394,498309155,49916,2,499157394,499157394,0,0,0,0,,0,3,3,0,3,4,0,0,1379937,,0,0,0,
2026-09-16T05:48:59.564Z,382024296000000,54148448,540452,-487876,-487201,,498309155,499268915,499268915,498309155,49927,2,499268915,499268915,0,0,0,0,,0,3,3,0,3,4,0,0,1207585,,0,0,0,
2026-09-16T05:48:59.669Z,382024390000000,54148555,540453,-487889,-487287,,498309155,499365792,499365792,498309155,49937,2,499365792,499365792,0,0,0,0,,0,3,3,0,3,4,0,0,1056637,,0,0,0,
2026-09-16T05:48:59.775Z,382024500000000,54148661,540454,-487907,-487362,,498309155,499450278,499450278,498309155,49945,2,499450278,499450278,0,0,0,0,,0,3,3,0,3,4,0,0,924839,,0,0,0,
2026-09-16T05:48:59.971Z,382024703000000,54148766,540455,-487893,-487428,,499589962,499524626,499524626,499589962,49952,2,499524626,499524626,0,0,0,0,,0,3,3,0,3,4,0,0,808812,,0,0,0,
2026-09-16T05:49:00.080Z,382024812000000,54148967,540457,-487886,-487537,,499589962,499647412,499647412,499589962,49965,2,499647412,499647412,0,0,0,0,,0,3,3,0,3,4,0,0,618437,,0,0,0,
2026-09-16T05:49:00.187Z,382024921000000,54149070,540458,-487906,-487581,,499589962,499696977,499696977,499589962,49970,2,499696977,499696977,0,0,0,0,,0,3,3,0,3,4,0,0,539583,,0,0,0,
2026-09-16T05:49:00.293Z,382025015000000,54149178,540459,-487896,-487620,,499589962,499740910,499740910,499589962,49974,2,499740910,499740910,0,0,0,0,,0,3,3,0,3,4,0,0,471995,,0,0,0,
2026-09-16T05:49:00.400Z,382025125000000,54149285,540460,-487881,-487655,,499589962,499780337,499780337,499589962,49978,2,499780337,499780337,0,0,0,0,,0,3,3,0,3,4,0,0,414545,,0,0,0,
2026-09-16T05:49:00.507Z,382025234000000,54149391,540461,-487894,-487685,,499589962,499814131,499814131,499589962,49981,2,499814131,499814131,0,0,0,0,,0,3,3,0,3,4,0,0,363853,,0,0,0,
2026-09-16T05:49:00.612Z,382025343000000,54149498,540462,-487908,-487711,,499589962,499843419,499843419,499589962,49984,2,499843419,499843419,0,0,0,0,,0,3,3,0,3,4,0,0,318793,,0,0,0,
2026-09-16T05:49:00.719Z,382025453000000,54149604,540463,-487911,-487736,,499589962,499871581,499871581,499589962,49987,2,499871581,499871581,0,0,0,0,,0,3,3,0,3,4,0,0,281619,,0,0,0,
2026-09-16T05:49:00.826Z,382025546000000,54149710,540464,-487899,-487758,,499589962,499896364,499896364,499589962,49990,2,499896364,499896364,0,0,0,0,,0,3,3,0,3,4,0,0,248952,,0,0,0,
2026-09-16T05:49:01.022Z,382025750000000,54149817,540465,-487886,-487776,,499949308,499916641,499916641,499933538,49992,2,499916641,499916641,0,0,0,0,,0,3,3,0,3,4,0,0,219664,,0,0,0,
2026-09-16T05:49:01.129Z,382025859000000,54149967,540467,-487907,-487805,,499949308,499949308,499949308,499933538,49995,2,499949308,499949308,0,0,0,0,,0,3,3,0,3,4,0,0,168971,,0,0,0,
2026-09-16T05:49:01.234Z,382025968000000,54150120,540468,-487910,-487818,,499949308,499963953,499963953,499933538,49996,2,499963953,499963953,0,0,0,0,,0,3,3,0,3,4,0,0,149822,,0,0,0,
2026-09-16T05:49:01.340Z,382026062000000,54150245,540470,-487892,-487839,,499949308,499987609,499987609,499933538,49999,2,499987609,499987609,0,0,0,0,,0,3,3,0,3,4,0,0,116028,,0,0,0,
2026-09-16T05:49:01.446Z,382026171000000,54150345,540471,-487896,-487846,,499949308,499995494,499995494,499933538,50000,2,499995494,499995494,0,0,0,0,,0,3,3,0,3,4,0,0,99130,,0,0,0,
2026-09-16T05:49:01.550Z,382026281000000,54150445,540472,-487889,-487852,,499949308,500002253,500002253,499933538,50000,2,500002253,500002253,0,0,0,0,,0,3,3,0,3,4,0,0,85612,,0,0,0,
2026-09-16T05:49:01.657Z,382026390000000,54150546,540473,-487887,-487857,,499949308,500007885,500007885,499933538,50001,2,500007885,500007885,0,0,0,0,,0,3,3,0,3,4,0,0,74347,,0,0,0,
2026-09-16T05:49:01.762Z,382026484000000,54150648,540474,-487877,-487861,,499949308,500012391,500012391,499933538,50001,2,500012391,500012391,0,0,0,0,,0,3,3,0,3,4,0,0,63083,,0,0,0,
2026-09-16T05:49:01.869Z,382026593000000,54150754,540475,-487889,-487864,,499949308,500015771,500015771,499933538,50002,2,500015771,500015771,0,0,0,0,,0,3,3,0,3,4,0,0,51818,,0,0,0,
2026-09-16T05:49:02.063Z,382026796000000,54150860,540476,-487893,-487867,,500022530,500019150,500019150,500022530,50002,2,500019150,500019150,0,0,0,0,,0,3,3,0,3,4,0,0,42806,,0,0,0,
2026-09-16T05:49:02.170Z,382026890000000,54151061,540478,-487901,-487873,,500022530,500025909,500025909,500022530,50003,2,500025909,500025909,0,0,0,0,,0,3,3,0,3,4,0,0,30415,,0,0,0,
2026-09-16T05:49:02.276Z,382027000000000,54151161,540479,-487899,-487876,,500022530,500029288,500029288,500022530,50003,2,500029288,500029288,0,0,0,0,,0,3,3,0,3,4,0,0,27035,,0,0,0,
2026-09-16T05:49:02.382Z,382027109000000,54151267,540480,-487889,-487879,,500022530,500032668,500032668,500022530,50003,2,500032668,500032668,0,0,0,0,,0,3,3,0,3,4,0,0,24783,,0,0,0,
2026-09-16T05:49:02.488Z,382027218000000,54151373,540481,-487883,-487880,,500022530,500033794,500033794,500022530,50003,2,500033794,500033794,0,0,0,0,,0,3,3,0,3,4,0,0,21403,,0,0,0,
2026-09-16T05:49:02.594Z,382027328000000,54151480,540482,-487886,-487881,,500022530,500034921,500034921,500022530,50003,2,500034921,500034921,0,0,0,0,,0,3,3,0,3,4,0,0,19150,,0,0,0,
2026-09-16T05:49:02.700Z,382027421000000,54151586,540483,-487907,-487882,,500022530,500036047,500036047,500022530,50004,2,500036047,500036047,0,0,0,0,,0,3,3,0,3,4,0,0,16897,,0,0,0,
2026-09-16T05:49:02.806Z,382027531000000,54151692,540484,-487914,-487885,,500022530,500039427,500039427,500022530,50004,2,500039427,500039427,0,0,0,0,,0,3,3,0,3,4,0,0,16897,,0,0,0,
2026-09-16T05:49:02.912Z,382027640000000,54151797,540485,-487910,-487888,,500022530,500042806,500042806,500022530,50004,2,500042806,500042806,0,0,0,0,,0,3,3,0,3,4,0,0,16897,,0,0,0,
2026-09-16T05:49:03.108Z,382027843000000,54151903,540486,-487909,-487891,,500050692,500046186,500046186,500048439,50005,2,500046186,500046186,0,1,0,0,,0,3,3,0,3,4,0,0,16898,,0,1,0,
2026-09-16T05:49:03.214Z,382027937000000,54152054,540488,-487892,-487895,,500050692,500050692,500050692,500048439,50005,2,500050692,500050692,0,1,0,0,,0,3,3,0,3,4,0,0,16898,,0,1,0,
2026-09-16T05:49:03.320Z,382028046000000,54152206,540489,-487882,-487895,,500050692,500050692,500050692,500048439,50005,2,500050692,500050692,0,1,0,0,,0,3,3,0,3,4,0,0,15771,,0,1,0,
2026-09-16T05:49:03.426Z,382028156000000,54152311,540490,-487900,-487895,,500050692,500050692,500050692,500048439,50005,2,500050692,500050692,0,1,0,0,,0,3,3,0,3,4,0,0,14645,,0,1,0,
2026-09-16T05:49:03.531Z,382028265000000,54152417,540491,-487901,-487896,,500050692,500051818,500051818,500048439,50005,2,500051818,500051818,0,1,0,0,,0,3,3,0,3,4,0,0,12391,,0,1,0,
2026-09-16T05:49:03.638Z,382028359000000,54152523,540492,-487900,-487897,,500050692,500052945,500052945,500048439,50005,2,500052945,500052945,0,1,0,0,,0,3,3,0,3,4,0,0,10139,,0,1,0,
2026-09-16T05:49:03.743Z,382028468000000,54152629,540493,-487905,-487898,,500050692,500054071,500054071,500048439,50005,2,500054071,500054071,0,1,0,0,,0,3,3,0,3,4,0,0,7885,,0,1,0,
2026-09-16T05:49:03.848Z,382028578000000,54152750,540495,-487902,-487899,,500050692,500055197,500055197,500048439,50006,2,500055197,500055197,0,1,0,0,,0,3,3,0,3,4,0,0,4505,,0,1,0,
2026-09-16T05:49:03.952Z,382028687000000,54152850,540496,-487892,-487899,,500050692,500055197,500055197,500048439,50006,2,500055197,500055197,0,1,0,0,,0,3,3,0,3,4,0,0,4505,,0,1,0,
2026-09-16T05:49:04.146Z,382028875000000,54152950,540497,-487891,-487898,,500052945,500054071,500054071,500054071,50005,2,500054071,500054071,0,1,0,0,,0,3,3,0,3,4,0,0,4505,,0,2,1,
2026-09-16T05:49:04.250Z,382028984000000,54153151,540499,-487898,-487897,,500052945,500052945,500052945,500054071,50005,2,500052945,500052945,0,1,0,0,,0,3,3,0,3,4,0,0,2252,,0,2,1,
2026-09-16T05:49:04.356Z,382029078000000,54153251,540500,-487900,-487897,,500052945,500052945,500052945,500054071,50005,2,500052945,500052945,0,1,0,0,,0,3,3,0,3,4,0,0,2252,,0,2,1,
2026-09-16T05:49:04.463Z,382029187000000,54153351,540501,-487893,-487897,,500052945,500052945,500052945,500054071,50005,2,500052945,500052945,0,1,0,0,,0,3,3,0,3,4,0,0,2252,,0,2,1,
2026-09-16T05:49:04.568Z,382029296000000,54153454,540502,-487890,-487896,,500052945,500051818,500051818,500054071,50005,2,500051818,500051818,0,1,0,0,,0,3,3,0,3,4,0,0,3379,,0,2,1,
2026-09-16T05:49:04.674Z,382029406000000,54153560,540503,-487880,-487895,,500052945,500050692,500050692,500054071,50005,2,500050692,500050692,0,1,0,0,,0,3,3,0,3,4,0,0,4505,,0,2,1,
2026-09-16T05:49:04.779Z,382029500000000,54153666,540504,-487891,-487894,,500052945,500049565,500049565,500054071,50005,2,500049565,500049565,0,1,0,0,,0,3,3,0,3,4,0,0,4506,,0,2,1,
2026-09-16T05:49:04.886Z,382029609000000,54153772,540505,-487900,-487894,,500052945,500049565,500049565,500054071,50005,2,500049565,500049565,0,1,0,0,,0,3,3,0,3,4,0,0,3380,,0,2,1,
2026-09-16T05:49:04.991Z,382029718000000,54153877,540506,-487906,-487895,,500052945,500050692,500050692,500054071,50005,2,500050692,500050692,0,1,0,0,,0,3,3,0,3,4,0,0,3380,,0,2,1,
2026-09-16T05:49:05.187Z,382029921000000,54153983,540507,-487884,-487896,,500050692,500051818,500051818,500054071,50005,2,500051818,500051818,0,1,0,0,,0,3,3,0,3,4,0,0,3380,,0,2,1,
2026-09-16T05:49:05.292Z,382030015000000,54154185,540509,-487890,-487894,,500050692,500049565,500049565,500054071,50005,2,500049565,500049565,0,1,0,0,,0,3,3,0,3,4,0,0,2253,,0,2,1,
2026-09-16T05:49:05.399Z,382030125000000,54154284,540510,-487884,-487893,,500050692,500048439,500048439,500054071,50005,2,500048439,500048439,0,1,0,0,,0,3,3,0,3,4,0,0,3379,,0,2,1,
2026-09-16T05:49:05.506Z,382030234000000,54154390,540511,-487893,-487893,,500050692,500048439,500048439,500054071,50005,2,500048439,500048439,0,1,0,0,,0,3,3,0,3,4,0,0,3379,,0,2,1,
2026-09-16T05:49:05.611Z,382030343000000,54154497,540512,-487894,-487893,,500050692,500048439,500048439,500054071,50005,2,500048439,500048439,0,1,0,0,,0,3,3,0,3,4,0,0,3379,,0,2,1,
2026-09-16T05:49:05.718Z,382030453000000,54154603,540513,-487901,-487893,,500050692,500048439,500048439,500054071,50005,2,500048439,500048439,0,1,0,0,,0,3,3,0,3,4,0,0,3379,,0,2,1,
2026-09-16T05:49:05.824Z,382030546000000,54154709,540514,-487892,-487893,,500050692,500048439,500048439,500054071,50005,2,500048439,500048439,0,1,0,0,,0,3,3,0,3,4,0,0,3379,,0,2,1,
2026-09-16T05:49:05.930Z,382030656000000,54154815,540515,-487899,-487894,,500050692,500049565,500049565,500054071,50005,2,500049565,500049565,0,1,0,0,,0,3,3,0,3,4,0,0,2253,,0,2,1,
2026-09-16T05:49:06.037Z,382030765000000,54154921,540516,-487907,-487895,,500050692,500050692,500050692,500054071,50005,2,500050692,500050692,0,1,0,0,,0,3,3,0,3,4,0,0,2253,,0,2,1,
2026-09-16T05:49:06.232Z,382030953000000,54155028,540517,-487909,-487897,,500051818,500052945,500052945,500054071,50005,2,500052945,500052945,0,1,0,0,,0,3,3,0,3,4,0,0,4506,,0,2,1,
2026-09-16T05:49:06.338Z,382031062000000,54155155,540519,-487876,-487896,,500051818,500051818,500051818,500054071,50005,2,500051818,500051818,0,1,0,0,,0,3,3,0,3,4,0,0,5632,,0,2,1,
2026-09-16T05:49:06.444Z,382031171000000,54155330,540520,-487892,-487894,,500051818,500049565,500049565,500054071,50005,2,500049565,500049565,0,1,0,0,,0,3,3,0,3,4,0,0,5632,,0,2,1,
2026-09-16T05:49:06.549Z,382031281000000,54155455,540522,-487914,-487895,,500051818,500050692,500050692,500054071,50005,2,500050692,500050692,0,1,0,0,,0,3,3,0,3,4,0,0,4506,,0,2,1,
2026-09-16T05:49:06.654Z,382031375000000,54155555,540523,-487905,-487896,,500051818,500051818,500051818,500054071,50005,2,500051818,500051818,0,1,0,0,,0,3,3,0,3,4,0,0,4506,,0,2,1,
2026-09-16T05:49:06.758Z,382031484000000,54155656,540524,-487888,-487897,,500051818,500052945,500052945,500054071,50005,2,500052945,500052945,0,1,0,0,,0,3,3,0,3,4,0,0,4506,,0,2,1,
2026-09-16T05:49:06.864Z,382031593000000,54155756,540525,-487883,-487896,,500051818,500051818,500051818,500054071,50005,2,500051818,500051818,0,1,0,0,,0,3,3,0,3,4,0,0,4506,,0,2,1,
2026-09-16T05:49:06.970Z,382031703000000,54155856,540526,-487881,-487894,,500051818,500049565,500049565,500054071,50005,2,500049565,500049565,0,1,0,0,,0,3,3,0,3,4,0,0,3380,,0,2,1,
2026-09-16T05:49:07.077Z,382031812000000,54155962,540527,-487877,-487892,,500051818,500047312,500047312,500054071,50005,2,500047312,500047312,0,1,0,0,,0,3,3,0,3,4,0,0,5633,,0,2,1,
2026-09-16T05:49:07.271Z,382032000000000,54156068,540528,-487876,-487890,,500042806,500045059,500045059,500054071,50005,2,500045059,500045059,0,1,0,0,,0,3,3,0,3,4,0,0,7886,,0,2,1,
2026-09-16T05:49:07.377Z,382032109000000,54156269,540530,-487895,-487887,,500042806,500041680,500041680,500054071,50005,2,500041680,500041680,0,1,0,0,,0,3,3,0,3,4,0,0,11265,,0,2,1,
2026-09-16T05:49:07.483Z,382032218000000,54156368,540531,-487907,-487888,,500042806,500042806,500042806,500054071,50005,2,500042806,500042806,0,1,0,0,,0,3,3,0,3,4,0,0,11265,,0,2,1,
2026-09-16T05:49:07.589Z,382032312000000,54156474,540532,-487890,-487889,,500042806,500043933,500043933,500054071,50005,2,500043933,500043933,0,1,0,0,,0,3,3,0,3,4,0,0,10138,,0,2,1,
2026-09-16T05:49:07.695Z,382032421000000,54156581,540533,-487897,-487890,,500042806,500045059,500045059,500054071,50005,2,500045059,500045059,0,1,0,0,,0,3,3,0,3,4,0,0,7885,,0,2,1,
2026-09-16T05:49:07.801Z,382032531000000,54156687,540534,-487894,-487891,,500042806,500046186,500046186,500054071,50005,2,500046186,500046186,0,1,0,0,,0,3,3,0,3,4,0,0,5632,,0,2,1,
2026-09-16T05:49:07.908Z,382032640000000,54156794,540535,-487895,-487892,,500042806,500047312,500047312,500054071,50005,2,500047312,500047312,0,1,0,0,,0,3,3,0,3,4,0,0,5632,,0,2,1,
2026-09-16T05:49:08.014Z,382032734000000,54156900,540536,-487914,-487892,,500042806,500047312,500047312,500054071,50005,2,500047312,500047312,0,1,0,0,,0,3,3,0,3,4,0,0,5632,,0,2,1,
2026-09-16T05:49:08.119Z,382032843000000,54157006,540537,-487912,-487895,,500042806,500050692,500050692,500054071,50005,2,500050692,500050692,0,1,0,0,,0,3,3,0,3,4,0,0,9012,,0,2,1,
2026-09-16T05:49:08.315Z,382033046000000,54157111,540538,-487897,-487897,,500052945,500052945,500052945,500054071,50005,2,500052945,500052945,0,1,0,0,,0,3,3,0,3,4,0,0,10139,,0,2,1,
2026-09-16T05:49:08.420Z,382033140000000,54157261,540540,-487894,-487897,,500052945,500052945,500052945,500054071,50005,2,500052945,500052945,0,1,0,0,,0,3,3,0,3,4,0,0,7886,,0,2,1,
2026-09-16T05:49:08.527Z,382033250000000,54157412,540541,-487873,-487894,,500052945,500049565,500049565,500054071,50005,2,500049565,500049565,0,1,0,0,,0,3,3,0,3,4,0,0,6759,,0,2,1,
2026-09-16T05:49:08.633Z,382033359000000,54157518,540542,-487879,-487892,,500052945,500047312,500047312,500054071,50005,2,500047312,500047312,0,1,0,0,,0,3,3,0,3,4,0,0,5633,,0,2,1,
2026-09-16T05:49:08.739Z,382033468000000,54157625,540543,-487889,-487890,,500052945,500045059,500045059,500054071,50005,2,500045059,500045059,0,1,0,0,,0,3,3,0,3,4,0,0,7886,,0,2,1,
2026-09-16T05:49:08.844Z,382033578000000,54157731,540544,-487887,-487890,,500052945,500045059,500045059,500054071,50005,2,500045059,500045059,0,1,0,0,,0,3,3,0,3,4,0,0,7886,,0,2,1,
2026-09-16T05:49:08.950Z,382033671000000,54157837,540545,-487888,-487890,,500052945,500045059,500045059,500054071,50005,2,500045059,500045059,0,1,0,0,,0,3,3,0,3,4,0,0,7886,,0,2,1,
2026-09-16T05:49:09.057Z,382033781000000,54157960,540547,-487896,-487891,,500052945,500046186,500046186,500054071,50005,2,500046186,500046186,0,1,0,0,,0,3,3,0,3,4,0,0,7886,,0,2,1,
2026-09-16T05:49:09.162Z,382033890000000,54158060,540548,-487893,-487892,,500052945,500047312,500047312,500054071,50005,2,500047312,500047312,0,1,0,0,,0,3,3,0,3,4,0,0,4506,,0,2,1,
2026-09-16T05:49:09.356Z,382034078000000,54158160,540549,-487876,-487892,,500045059,500047312,500047312,500054071,50005,2,500047312,500047312,0,1,0,0,,0,3,3,0,3,4,0,0,2253,,0,2,1,
2026-09-16T05:49:09.460Z,382034187000000,54158361,540551,-487901,-487889,,500045059,500043933,500043933,500054071,50005,2,500043933,500043933,0,1,0,0,,0,3,3,0,3,4,0,0,3379,,0,2,1,
2026-09-16T05:49:09.566Z,382034296000000,54158461,540552,-487899,-487890,,500045059,500045059,500045059,500054071,50005,2,500045059,500045059,0,1,0,0,,0,3,3,0,3,4,0,0,3379,,0,2,1,
2026-09-16T05:49:09.671Z,382034406000000,54158561,540553,-487896,-487891,,500045059,500046186,500046186,500054071,50005,2,500046186,500046186,0,1,0,0,,0,3,3,0,3,4,0,0,3379,,0,2,1,
2026-09-16T05:49:09.777Z,382034500000000,54158663,540554,-487892,-487892,,500045059,500047312,500047312,500054071,50005,2,500047312,500047312,0,1,0,0,,0,3,3,0,3,4,0,0,3379,,0,2,1,
2026-09-16T05:49:09.883Z,382034609000000,54158768,540555,-487878,-487892,,500045059,500047312,500047312,500054071,50005,2,500047312,500047312,0,1,0,0,,0,3,3,0,3,4,0,0,3379,,0,2,1,
2026-09-16T05:49:09.989Z,382034718000000,54158875,540556,-487883,-487891,,500045059,500046186,500046186,500054071,50005,2,500046186,500046186,0,1,0,0,,0,3,3,0,3,4,0,0,3379,,0,2,1,
2026-09-16T05:49:10.096Z,382034828000000,54158981,540557,-487888,-487890,,500045059,500045059,500045059,500054071,50005,2,500045059,500045059,0,1,0,0,,0,3,3,0,3,4,0,0,3379,,0,2,1,
2026-09-16T05:49:10.202Z,382034937000000,54159087,540558,-487891,-487890,,500045059,500045059,500045059,500054071,50005,2,500045059,500045059,0,1,0,0,,0,3,3,0,3,4,0,0,3379,,0,2,1,
2026-09-16T05:49:10.398Z,382035125000000,54159194,540559,-487890,-487890,,500045059,500045059,500045059,500054071,50005,2,500045059,500045059,0,1,0,0,,0,3,3,0,3,4,0,0,2253,,0,2,1,
2026-09-16T05:49:10.504Z,382035234000000,54159396,540561,-487880,-487890,,500045059,500045059,500045059,500054071,50005,2,500045059,500045059,0,1,0,0,,0,3,3,0,3,4,0,0,2253,,0,2,1,
2026-09-16T05:49:10.608Z,382035343000000,54159496,540562,-487884,-487889,,500045059,500043933,500043933,500054071,50005,2,500043933,500043933,0,1,0,0,,0,3,3,0,3,4,0,0,3379,,0,2,1,
2026-09-16T05:49:10.714Z,382035437000000,54159601,540563,-487880,-487888,,500045059,500042806,500042806,500054071,50005,2,500042806,500042806,0,1,0,0,,0,3,3,0,3,4,0,0,3380,,0,2,1,
2026-09-16T05:49:10.820Z,382035546000000,54159706,540564,-487891,-487887,,500045059,500041680,500041680,500054071,50005,2,500041680,500041680,0,1,0,0,,0,3,3,0,3,4,0,0,3379,,0,2,1,
2026-09-16T05:49:10.925Z,382035656000000,54159812,540565,-487898,-487888,,500045059,500042806,500042806,500054071,50005,2,500042806,500042806,0,1,0,0,,0,3,3,0,3,4,0,0,3379,,0,2,1,
2026-09-16T05:49:11.032Z,382035765000000,54159918,540566,-487888,-487888,,500045059,500042806,500042806,500054071,50005,2,500042806,500042806,0,1,0,0,,0,3,3,0,3,4,0,0,3379,,0,2,1,
2026-09-16T05:49:11.138Z,382035859000000,54160025,540567,-487892,-487889,,500045059,500043933,500043933,500054071,50005,2,500043933,500043933,0,1,0,0,,0,3,3,0,3,4,0,0,3379,,0,2,1,
2026-09-16T05:49:11.245Z,382035968000000,54160130,540568,-487895,-487889,,500045059,500043933,500043933,500054071,50005,2,500043933,500043933,0,1,0,0,,0,3,3,0,3,4,0,0,3379,,0,2,1,
2026-09-16T05:49:11.440Z,382036171000000,54160237,540569,-487885,-487889,,500043933,500043933,500043933,500054071,50005,2,500043933,500043933,0,1,0,0,,0,3,3,0,3,4,0,0,2253,,0,2,1,
2026-09-16T05:49:11.547Z,382036281000000,54160386,540571,-487900,-487889,,500043933,500043933,500043933,500054071,50005,2,500043933,500043933,0,1,0,0,,0,3,3,0,3,4,0,0,2253,,0,2,1,
2026-09-16T05:49:11.653Z,382036375000000,54160538,540572,-487899,-487890,,500043933,500045059,500045059,500054071,50005,2,500045059,500045059,0,1,0,0,,0,3,3,0,3,4,0,0,2253,,0,2,1,
2026-09-16T05:49:11.759Z,382036484000000,54160665,540574,-487906,-487893,,500043933,500048439,500048439,500054071,50005,2,500048439,500048439,0,1,0,0,,0,3,3,0,3,4,0,0,4506,,0,2,1,
2026-09-16T05:49:11.864Z,382036593000000,54160765,540575,-487902,-487895,,500043933,500050692,500050692,500054071,50005,2,500050692,500050692,0,1,0,0,,0,3,3,0,3,4,0,0,6759,,0,2,1,
2026-09-16T05:49:11.967Z,382036687000000,54160866,540576,-487885,-487896,,500043933,500051818,500051818,500054071,50005,2,500051818,500051818,0,1,0,0,,0,3,3,0,3,4,0,0,7885,,0,2,1,
2026-09-16T05:49:12.073Z,382036796000000,54160966,540577,-487880,-487895,,500043933,500050692,500050692,500054071,50005,2,500050692,500050692,0,1,0,0,,0,3,3,0,3,4,0,0,7885,,0,2,1,
2026-09-16T05:49:12.180Z,382036906000000,54161066,540578,-487889,-487894,,500043933,500049565,500049565,500054071,50005,2,500049565,500049565,0,1,0,0,,0,3,3,0,3,4,0,0,7885,,0,2,1,
2026-09-16T05:49:12.286Z,382037015000000,54161172,540579,-487892,-487893,,500043933,500048439,500048439,500054071,50005,2,500048439,500048439,0,1,0,0,,0,3,3,0,3,4,0,0,6759,,0,2,1,
2026-09-16T05:49:12.481Z,382037203000000,54161278,540580,-487897,-487893,,500048439,500048439,500048439,500054071,50005,2,500048439,500048439,0,1,0,0,,0,3,3,0,3,4,0,0,5632,,0,2,1,
2026-09-16T05:49:12.588Z,382037312000000,54161480,540582,-487893,-487893,,500048439,500048439,500048439,500054071,50005,2,500048439,500048439,0,1,0,0,,0,3,3,0,3,4,0,0,3379,,0,2,1,
2026-09-16T05:49:12.694Z,382037421000000,54161580,540583,-487901,-487893,,500048439,500048439,500048439,500054071,50005,2,500048439,500048439,0,1,0,0,,0,3,3,0,3,4,0,0,3379,,0,2,1,
2026-09-16T05:49:12.799Z,382037531000000,54161687,540584,-487882,-487893,,500048439,500048439,500048439,500054071,50005,2,500048439,500048439,0,1,0,0,,0,3,3,0,3,4,0,0,2253,,0,2,1,
2026-09-16T05:49:12.905Z,382037640000000,54161792,540585,-487876,-487892,,500048439,500047312,500047312,500054071,50005,2,500047312,500047312,0,1,0,0,,0,3,3,0,3,4,0,0,2253,,0,2,1,
2026-09-16T05:49:13.011Z,382037734000000,54161898,540586,-487877,-487890,,500048439,500045059,500045059,500054071,50005,2,500045059,500045059,0,1,0,0,,0,3,3,0,3,4,0,0,3380,,0,2,1,
2026-09-16T05:49:13.118Z,382037843000000,54162003,540587,-487887,-487888,,500048439,500042806,500042806,500054071,50005,2,500042806,500042806,0,1,0,0,,0,3,3,0,3,4,0,0,5633,,0,2,1,
2026-09-16T05:49:13.224Z,382037953000000,54162110,540588,-487904,-487888,,500048439,500042806,500042806,500054071,50005,2,500042806,500042806,0,1,0,0,,0,3,3,0,3,4,0,0,5633,,0,2,1,
2026-09-16T05:49:13.329Z,382038062000000,54162216,540589,-487909,-487890,,500048439,500045059,500045059,500054071,50005,2,500045059,500045059,0,1,0,0,,0,3,3,0,3,4,0,0,5633,,0,2,1,
2026-09-16T05:49:13.524Z,382038250000000,54162322,540590,-487903,-487892,,500050692,500047312,500047312,500054071,50005,2,500047312,500047312,0,1,0,0,,0,3,3,0,3,4,0,0,5633,,0,2,1,
2026-09-16T05:49:13.629Z,382038359000000,54162471,540592,-487896,-487895,,500050692,500050692,500050692,500054071,50005,2,500050692,500050692,0,1,0,0,,0,3,3,0,3,4,0,0,7886,,0,2,1,
2026-09-16T05:49:13.734Z,382038468000000,54162622,540593,-487909,-487897,,500050692,500052945,500052945,500054071,50005,2,500052945,500052945,0,1,0,0,,0,3,3,0,3,4,0,0,10139,,0,2,1,
2026-09-16T05:49:13.839Z,382038562000000,54162727,540594,-487897,-487897,,500050692,500052945,500052945,500054071,50005,2,500052945,500052945,0,1,0,0,,0,3,3,0,3,4,0,0,10139,,0,2,1,
2026-09-16T05:49:13.945Z,382038671000000,54162832,540595,-487888,-487897,,500050692,500052945,500052945,500054071,50005,2,500052945,500052945,0,1,0,0,,0,3,3,0,3,4,0,0,10139,,0,2,1,
2026-09-16T05:49:14.051Z,382038781000000,54162938,540596,-487891,-487896,,500050692,500051818,500051818,500054071,50005,2,500051818,500051818,0,1,0,0,,0,3,3,0,3,4,0,0,7886,,0,2,1,
2026-09-16T05:49:14.158Z,382038890000000,54163044,540597,-487892,-487895,,500050692,500050692,500050692,500054071,50005,2,500050692,500050692,0,1,0,0,,0,3,3,0,3,4,0,0,5633,,0,2,1,
2026-09-16T05:49:14.266Z,382039000000000,54163170,540599,-487903,-487894,,500050692,500049565,500049565,500054071,50005,2,500049565,500049565,0,1,0,0,,0,3,3,0,3,4,0,0,3380,,0,2,1,
2026-09-16T05:49:14.370Z,382039093000000,54163270,540600,-487895,-487894,,500050692,500049565,500049565,500054071,50005,2,500049565,500049565,0,1,0,0,,0,3,3,0,3,4,0,0,3380,,0,2,1,
2026-09-16T05:49:14.562Z,382039296000000,54163371,540601,-487892,-487894,,500049565,500049565,500049565,500054071,50005,2,500049565,500049565,0,1,0,0,,0,3,3,0,3,4,0,0,3380,,0,2,1,
2026-09-16T05:49:14.668Z,382039390000000,54163571,540603,-487892,-487894,,500049565,500049565,500049565,500054071,50005,2,500049565,500049565,0,1,0,0,,0,3,3,0,3,4,0,0,2253,,0,2,1,
2026-09-16T05:49:14.773Z,382039500000000,54163671,540604,-487874,-487893,,500049565,500048439,500048439,500054071,50005,2,500048439,500048439,0,1,0,0,,0,3,3,0,3,4,0,0,2253,,0,2,1,
2026-09-16T05:49:14.876Z,382039609000000,54163771,540605,-487882,-487892,,500049565,500047312,500047312,500054071,50005,2,500047312,500047312,0,1,0,0,,0,3,3,0,3,4,0,0,2253,,0,2,1,
2026-09-16T05:49:14.981Z,382039703000000,54163871,540606,-487877,-487890,,500049565,500045059,500045059,500054071,50005,2,500045059,500045059,0,1,0,0,,0,3,3,0,3,4,0,0,4506,,0,2,1,
2026-09-16T05:49:15.089Z,382039812000000,54163974,540607,-487883,-487889,,500049565,500043933,500043933,500054071,50005,2,500043933,500043933,0,1,0,0,,0,3,3,0,3,4,0,0,5632,,0,2,1,
2026-09-16T05:49:15.196Z,382039921000000,54164082,540608,-487886,-487888,,500049565,500042806,500042806,500054071,50005,2,500042806,500042806,0,1,0,0,,0,3,3,0,3,4,0,0,6759,,0,2,1,
2026-09-16T05:49:15.301Z,382040031000000,54164188,540609,-487871,-487887,,500049565,500041680,500041680,500054071,50005,2,500041680,500041680,0,1,0,0,,0,3,3,0,3,4,0,0,7885,,0,2,1,
2026-09-16T05:49:15.408Z,382040140000000,54164294,540610,-487881,-487886,,500049565,500040553,500040553,500054071,50005,2,500040553,500040553,0,1,0,0,,0,3,3,0,3,4,0,0,9012,,0,2,1,
2026-09-16T05:49:15.602Z,382040328000000,54164401,540611,-487909,-487885,,500038300,500039427,500039427,500054071,50005,2,500039427,500039427,0,1,0,0,,0,3,3,0,3,4,0,0,9012,,0,2,1,
2026-09-16T05:49:15.709Z,382040437000000,54164600,540613,-487863,-487883,,500038300,500037174,500037174,500054071,50005,2,500037174,500037174,0,1,0,0,,0,3,3,0,3,4,0,0,7885,,0,2,1,
2026-09-16T05:49:15.814Z,382040546000000,54164702,540614,-487872,-487882,,500038300,500036047,500036047,500054071,50005,2,500036047,500036047,0,1,0,0,,0,3,3,0,3,4,0,0,7886,,0,2,1,
2026-09-16T05:49:15.919Z,382040640000000,54164807,540615,-487886,-487881,,500038300,500034921,500034921,500054071,50005,2,500034921,500034921,0,1,0,0,,0,3,3,0,3,4,0,0,7885,,0,2,1,
2026-09-16T05:49:16.026Z,382040750000000,54164912,540616,-487868,-487880,,500038300,500033794,500033794,500054071,50005,2,500033794,500033794,0,1,0,0,,0,3,3,0,3,4,0,0,7886,,0,2,1,
2026-09-16T05:49:16.131Z,382040859000000,54165018,540617,-487889,-487881,,500038300,500034921,500034921,500054071,50005,2,500034921,500034921,0,1,0,0,,0,3,3,0,3,4,0,0,6759,,0,2,1,
2026-09-16T05:49:16.237Z,382040968000000,54165124,540618,-487890,-487882,,500038300,500036047,500036047,500054071,50005,2,500036047,500036047,0,1,0,0,,0,3,3,0,3,4,0,0,5633,,0,2,1,
2026-09-16T05:49:16.343Z,382041078000000,54165229,540619,-487884,-487883,,500038300,500037174,500037174,500054071,50005,2,500037174,500037174,0,1,0,0,,0,3,3,0,3,4,0,0,4506,,0,2,1,
2026-09-16T05:49:16.448Z,382041171000000,54165335,540620,-487890,-487884,,500038300,500038300,500038300,500054071,50005,2,500038300,500038300,0,1,0,0,,0,3,3,0,3,4,0,0,4506,,0,2,1,
2026-09-16T05:49:16.642Z,382041375000000,54165441,540621,-487887,-487884,,500039427,500038300,500038300,500054071,50005,2,500038300,500038300,0,1,0,0,,0,3,3,0,3,4,0,0,4506,,0,2,1,
2026-09-16T05:49:16.748Z,382041468000000,54165589,540623,-487886,-487885,,500039427,500039427,500039427,500054071,50005,2,500039427,500039427,0,1,0,0,,0,3,3,0,3,4,0,0,5633,,0,2,1,
2026-09-16T05:49:16.853Z,382041578000000,54165740,540624,-487897,-487885,,500039427,500039427,500039427,500054071,50005,2,500039427,500039427,0,1,0,0,,0,3,3,0,3,4,0,0,4506,,0,2,1,
2026-09-16T05:49:16.958Z,382041687000000,54165846,540625,-487910,-487887,,500039427,500041680,500041680,500054071,50005,2,500041680,500041680,0,1,0,0,,0,3,3,0,3,4,0,0,5633,,0,2,1,
2026-09-16T05:49:17.065Z,382041796000000,54165951,540626,-487892,-487888,,500039427,500042806,500042806,500054071,50005,2,500042806,500042806,0,1,0,0,,0,3,3,0,3,4,0,0,5632,,0,2,1,
2026-09-16T05:49:17.171Z,382041906000000,54166076,540628,-487879,-487890,,500039427,500045059,500045059,500054071,50005,2,500045059,500045059,0,1,0,0,,0,3,3,0,3,4,0,0,6759,,0,2,1,
2026-09-16T05:49:17.276Z,382042000000000,54166176,540629,-487893,-487890,,500039427,500045059,500045059,500054071,50005,2,500045059,500045059,0,1,0,0,,0,3,3,0,3,4,0,0,5632,,0,2,1,
2026-09-16T05:49:17.381Z,382042109000000,54166276,540630,-487893,-487890,,500039427,500045059,500045059,500054071,50005,2,500045059,500045059,0,1,0,0,,0,3,3,0,3,4,0,0,5632,,0,2,1,
2026-09-16T05:49:17.488Z,382042218000000,54166376,540631,-487873,-487890,,500039427,500045059,500045059,500054071,50005,2,500045059,500045059,0,1,0,0,,0,3,3,0,3,4,0,0,5632,,0,2,1,
2026-09-16T05:49:17.683Z,382042406000000,54166481,540632,-487867,-487888,,500040553,500042806,500042806,500054071,50005,2,500042806,500042806,0,1,0,0,,0,3,3,0,3,4,0,0,3379,,0,2,1,
2026-09-16T05:49:17.789Z,382042515000000,54166682,540634,-487882,-487885,,500040553,500039427,500039427,500054071,50005,2,500039427,500039427,0,1,0,0,,0,3,3,0,3,4,0,0,5632,,0,2,1,
2026-09-16T05:49:17.894Z,382042625000000,54166781,540635,-487884,-487885,,500040553,500039427,500039427,500054071,50005,2,500039427,500039427,0,1,0,0,,0,3,3,0,3,4,0,0,5632,,0,2,1,
2026-09-16T05:49:17.999Z,382042734000000,54166887,540636,-487897,-487885,,500040553,500039427,500039427,500054071,50005,2,500039427,500039427,0,1,0,0,,0,3,3,0,3,4,0,0,5632,,0,2,1,
2026-09-16T05:49:18.106Z,382042828000000,54166993,540637,-487906,-487887,,500040553,500041680,500041680,500054071,50005,2,500041680,500041680,0,1,0,0,,0,3,3,0,3,4,0,0,5632,,0,2,1,
2026-09-16T05:49:18.211Z,382042937000000,54167098,540638,-487900,-487889,,500040553,500043933,500043933,500054071,50005,2,500043933,500043933,0,1,0,0,,0,3,3,0,3,4,0,0,5632,,0,2,1,
2026-09-16T05:49:18.318Z,382043046000000,54167204,540639,-487896,-487890,,500040553,500045059,500045059,500054071,50005,2,500045059,500045059,0,1,0,0,,0,3,3,0,3,4,0,0,5632,,0,2,1,
2026-09-16T05:49:18.424Z,382043156000000,54167310,540640,-487892,-487891,,500040553,500046186,500046186,500054071,50005,2,500046186,500046186,0,1,0,0,,0,3,3,0,3,4,0,0,6759,,0,2,1,
2026-09-16T05:49:18.529Z,382043250000000,54167417,540641,-487909,-487892,,500040553,500047312,500047312,500054071,50005,2,500047312,500047312,0,1,0,0,,0,3,3,0,3,4,0,0,7885,,0,2,1,
2026-09-16T05:49:18.723Z,382043453000000,54167522,540642,-487883,-487892,,500046186,500047312,500047312,500054071,50005,2,500047312,500047312,0,1,0,0,,0,3,3,0,3,4,0,0,7885,,0,2,1,
2026-09-16T05:49:18.828Z,382043562000000,54167679,540644,-487887,-487891,,500046186,500046186,500046186,500054071,50005,2,500046186,500046186,0,1,0,0,,0,3,3,0,3,4,0,0,5632,,0,2,1,
2026-09-16T05:49:18.934Z,382043656000000,54167821,540645,-487901,-487891,,500046186,500046186,500046186,500054071,50005,2,500046186,500046186,0,1,0,0,,0,3,3,0,3,4,0,0,3379,,0,2,1,
2026-09-16T05:49:19.040Z,382043765000000,54167927,540646,-487894,-487891,,500046186,500046186,500046186,500054071,50005,2,500046186,500046186,0,1,0,0,,0,3,3,0,3,4,0,0,2253,,0,2,1,
2026-09-16T05:49:19.147Z,382043875000000,54168033,540647,-487890,-487891,,500046186,500046186,500046186,500054071,50005,2,500046186,500046186,0,1,0,0,,0,3,3,0,3,4,0,0,1126,,0,2,1,
2026-09-16T05:49:19.255Z,382043984000000,54168139,540648,-487892,-487891,,500046186,500046186,500046186,500054071,50005,2,500046186,500046186,0,1,0,0,,0,3,3,0,3,4,0,0,1126,,0,2,1,
2026-09-16T05:49:19.361Z,382044093000000,54168247,540649,-487886,-487891,,500046186,500046186,500046186,500054071,50005,2,500046186,500046186,0,1,0,0,,0,3,3,0,3,4,0,0,1126,,0,2,1,
2026-09-16T05:49:19.466Z,382044187000000,54168354,540650,-487894,-487891,,500046186,500046186,500046186,500054071,50005,2,500046186,500046186,0,1,0,0,,0,3,3,0,3,4,0,0,1126,,0,2,1,
2026-09-16T05:49:19.572Z,382044296000000,54168459,540651,-487890,-487891,,500046186,500046186,500046186,500054071,50005,2,500046186,500046186,0,1,0,0,,0,3,3,0,3,4,0,0,0,,0,2,1,
2026-09-16T05:49:19.764Z,382044500000000,54168581,540653,-487903,-487891,,500046186,500046186,500046186,500054071,50005,2,500046186,500046186,0,1,0,0,,0,3,3,0,3,4,0,0,0,,0,2,1,
2026-09-16T05:49:19.869Z,382044593000000,54168681,540654,-487892,-487891,,500046186,500046186,500046186,500054071,50005,2,500046186,500046186,0,1,0,0,,0,3,3,0,3,4,0,0,0,,0,2,1,
2026-09-16T05:49:19.976Z,382044703000000,54168882,540656,-487888,-487892,,500046186,500047312,500047312,500054071,50005,2,500047312,500047312,0,1,0,0,,0,3,3,0,3,4,0,0,1126,,0,2,1,
2026-09-16T05:49:20.081Z,382044812000000,54168982,540657,-487882,-487891,,500046186,500046186,500046186,500054071,50005,2,500046186,500046186,0,1,0,0,,0,3,3,0,3,4,0,0,1126,,0,2,1,
2026-09-16T05:49:20.185Z,382044906000000,54169082,540658,-487869,-487890,,500046186,500045059,500045059,500054071,50005,2,500045059,500045059,0,1,0,0,,0,3,3,0,3,4,0,0,2253,,0,2,1,
2026-09-16T05:49:20.291Z,382045015000000,54169182,540659,-487884,-487889,,500046186,500043933,500043933,500054071,50005,2,500043933,500043933,0,1,0,0,,0,3,3,0,3,4,0,0,3379,,0,2,1,
2026-09-16T05:49:20.398Z,382045125000000,54169284,540660,-487884,-487888,,500046186,500042806,500042806,500054071,50005,2,500042806,500042806,0,1,0,0,,0,3,3,0,3,4,0,0,4506,,0,2,1,
2026-09-16T05:49:20.504Z,382045234000000,54169391,540661,-487886,-487887,,500046186,500041680,500041680,500054071,50005,2,500041680,500041680,0,1,0,0,,0,3,3,0,3,4,0,0,5632,,0,2,1,
2026-09-16T05:49:20.610Z,382045343000000,54169497,540662,-487885,-487887,,500046186,500041680,500041680,500054071,50005,2,500041680,500041680,0,1,0,0,,0,3,3,0,3,4,0,0,5632,,0,2,1,
2026-09-16T05:49:20.804Z,382045531000000,54169603,540663,-487875,-487887,,500041680,500041680,500041680,500054071,50005,2,500041680,500041680,0,1,0,0,,0,3,3,0,3,4,0,0,5632,,0,2,1,
2026-09-16T05:49:20.909Z,382045640000000,54169803,540665,-487879,-487886,,500041680,500040553,500040553,500054071,50005,2,500040553,500040553,0,1,0,0,,0,3,3,0,3,4,0,0,4506,,0,2,1,
2026-09-16T05:49:21.016Z,382045750000000,54169902,540666,-487883,-487886,,500041680,500040553,500040553,500054071,50005,2,500040553,500040553,0,1,0,0,,0,3,3,0,3,4,0,0,3380,,0,2,1,
2026-09-16T05:49:21.122Z,382045843000000,54170009,540667,-487887,-487886,,500041680,500040553,500040553,500054071,50005,2,500040553,500040553,0,1,0,0,,0,3,3,0,3,4,0,0,2253,,0,2,1,
2026-09-16T05:49:21.228Z,382045953000000,54170114,540668,-487883,-487886,,500041680,500040553,500040553,500054071,50005,2,500040553,500040553,0,1,0,0,,0,3,3,0,3,4,0,0,1127,,0,2,1,
2026-09-16T05:49:21.333Z,382046062000000,54170221,540669,-487902,-487886,,500041680,500040553,500040553,500054071,50005,2,500040553,500040553,0,1,0,0,,0,3,3,0,3,4,0,0,1127,,0,2,1,
2026-09-16T05:49:21.439Z,382046171000000,54170327,540670,-487894,-487887,,500041680,500041680,500041680,500054071,50005,2,500041680,500041680,0,1,0,0,,0,3,3,0,3,4,0,0,1127,,0,2,1,
2026-09-16T05:49:21.545Z,382046265000000,54170431,540671,-487888,-487888,,500041680,500042806,500042806,500054071,50005,2,500042806,500042806,0,1,0,0,,0,3,3,0,3,4,0,0,2253,,0,2,1,
2026-09-16T05:49:21.649Z,382046375000000,54170538,540672,-487890,-487888,,500041680,500042806,500042806,500054071,50005,2,500042806,500042806,0,1,0,0,,0,3,3,0,3,4,0,0,2253,,0,2,1,
2026-09-16T05:49:21.844Z,382046578000000,54170643,540673,-487890,-487888,,500042806,500042806,500042806,500054071,50005,2,500042806,500042806,0,1,0,0,,0,3,3,0,3,4,0,0,2253,,0,2,1,
2026-09-16T05:49:21.949Z,382046671000000,54170792,540675,-487891,-487888,,500042806,500042806,500042806,500054071,50005,2,500042806,500042806,0,1,0,0,,0,3,3,0,3,4,0,0,2253,,0,2,1,
2026-09-16T05:49:22.056Z,382046781000000,54170942,540676,-487882,-487888,,500042806,500042806,500042806,500054071,50005,2,500042806,500042806,0,1,0,0,,0,3,3,0,3,4,0,0,2253,,0,2,1,
2026-09-16T05:49:22.161Z,382046890000000,54171048,540677,-487888,-487888,,500042806,500042806,500042806,500054071,50005,2,500042806,500042806,0,1,0,0,,0,3,3,0,3,4,0,0,1126,,0,2,1,
2026-09-16T05:49:22.266Z,382047000000000,54171154,540678,-487900,-487888,,500042806,500042806,500042806,500054071,50005,2,500042806,500042806,0,1,0,0,,0,3,3,0,3,4,0,0,0,,0,2,1,
2026-09-16T05:49:22.372Z,382047093000000,54171260,540679,-487902,-487890,,500042806,500045059,500045059,500054071,50005,2,500045059,500045059,0,1,0,0,,0,3,3,0,3,4,0,0,2253,,0,2,1,
2026-09-16T05:49:22.477Z,382047203000000,54171365,540680,-487905,-487892,,500042806,500047312,500047312,500054071,50005,2,500047312,500047312,0,1,0,0,,0,3,3,0,3,4,0,0,4506,,0,2,1,
2026-09-16T05:49:22.582Z,382047312000000,54171487,540682,-487882,-487892,,500042806,500047312,500047312,500054071,50005,2,500047312,500047312,0,1,0,0,,0,3,3,0,3,4,0,0,5633,,0,2,1,
2026-09-16T05:49:22.687Z,382047421000000,54171587,540683,-487904,-487892,,500042806,500047312,500047312,500054071,50005,2,500047312,500047312,0,1,0,0,,0,3,3,0,3,4,0,0,5633,,0,2,1,
2026-09-16T05:49:22.878Z,382047609000000,54171687,540684,-487899,-487893,,500049565,500048439,500048439,500054071,50005,2,500048439,500048439,0,1,0,0,,0,3,3,0,3,4,0,0,5633,,0,2,1,
2026-09-16T05:49:22.983Z,382047718000000,54171887,540686,-487899,-487895,,500049565,500050692,500050692,500054071,50005,2,500050692,500050692,0,1,0,0,,0,3,3,0,3,4,0,0,5633,,0,2,1,
2026-09-16T05:49:23.087Z,382047812000000,54171987,540687,-487916,-487896,,500049565,500051818,500051818,500054071,50005,2,500051818,500051818,0,1,0,0,,0,3,3,0,3,4,0,0,4506,,0,2,1,
2026-09-16T05:49:23.193Z,382047921000000,54172088,540688,-487906,-487897,,500049565,500052945,500052945,500054071,50005,2,500052945,500052945,0,1,0,0,,0,3,3,0,3,4,0,0,5633,,0,2,1,
2026-09-16T05:49:23.299Z,382048031000000,54172188,540689,-487897,-487898,,500049565,500054071,500054071,500054071,50005,2,500054071,500054071,0,1,0,0,,0,3,3,0,3,4,0,0,6759,,0,2,1,
2026-09-16T05:49:23.404Z,382048125000000,54172292,540690,-487897,-487898,,500049565,500054071,500054071,500054071,50005,2,500054071,500054071,0,1,0,0,,0,3,3,0,3,4,0,0,6759,,0,2,1,
2026-09-16T05:49:23.509Z,382048234000000,54172397,540691,-487901,-487898,,500049565,500054071,500054071,500054071,50005,2,500054071,500054071,0,1,0,0,,0,3,3,0,3,4,0,0,5632,,0,2,1,
2026-09-16T05:49:23.616Z,382048343000000,54172503,540692,-487879,-487898,,500049565,500054071,500054071,500054071,50005,2,500054071,500054071,0,1,0,0,,0,3,3,0,3,4,0,0,4506,,0,2,1,
2026-09-16T05:49:23.721Z,382048453000000,54172608,540693,-487870,-487896,,500049565,500051818,500051818,500054071,50005,2,500051818,500051818,0,1,0,0,,0,3,3,0,3,4,0,0,3379,,0,2,1,
2026-09-16T05:49:23.918Z,382048640000000,54172715,540694,-487885,-487894,,500048439,500049565,500049565,500054071,50005,2,500049565,500049565,0,1,0,0,,0,3,3,0,3,4,0,0,4506,,0,2,1,
2026-09-16T05:49:24.025Z,382048750000000,54172917,540696,-487922,-487895,,500048439,500050692,500050692,500054071,50005,2,500050692,500050692,0,1,0,0,,0,3,3,0,3,4,0,0,5632,,0,2,1,
2026-09-16T05:49:24.131Z,382048859000000,54173018,540697,-487893,-487897,,500048439,500052945,500052945,500054071,50005,2,500052945,500052945,0,1,0,0,,0,3,3,0,3,4,0,0,5632,,0,2,1,
2026-09-16T05:49:24.237Z,382048968000000,54173124,540698,-487903,-487898,,500048439,500054071,500054071,500054071,50005,2,500054071,500054071,0,1,0,0,,0,3,3,0,3,4,0,0,5632,,0,2,1,
2026-09-16T05:49:24.342Z,382049078000000,54173231,540699,-487902,-487899,,500048439,500055197,500055197,500054071,50005,2,500055197,500055197,0,1,0,0,,0,3,3,0,3,4,0,0,6758,,0,2,1,
2026-09-16T05:49:24.449Z,382049171000000,54173336,540700,-487889,-487899,,500048439,500055197,500055197,500054071,50005,2,500055197,500055197,0,1,0,0,,0,3,3,0,3,4,0,0,6758,,0,2,1,
2026-09-16T05:49:24.556Z,382049281000000,54173442,540701,-487888,-487898,,500048439,500054071,500054071,500054071,50005,2,500054071,500054071,0,1,0,0,,0,3,3,0,3,4,0,0,6758,,0,2,1,
2026-09-16T05:49:24.662Z,382049390000000,54173549,540702,-487902,-487897,,500048439,500052945,500052945,500054071,50005,2,500052945,500052945,0,1,0,0,,0,3,3,0,3,4,0,0,6758,,0,2,1,
2026-09-16T05:49:24.768Z,382049500000000,54173655,540703,-487899,-487897,,500048439,500052945,500052945,500054071,50005,2,500052945,500052945,0,1,0,0,,0,3,3,0,3,4,0,0,4505,,0,2,1,
2026-09-16T05:49:24.963Z,382049687000000,54173761,540704,-487903,-487898,,500054071,500054071,500054071,500054071,50005,2,500054071,500054071,0,1,0,0,,0,3,3,0,3,4,0,0,2252,,0,2,1,
2026-09-16T05:49:25.071Z,382049796000000,54173911,540706,-487899,-487898,,500054071,500054071,500054071,500054071,50005,2,500054071,500054071,0,1,0,0,,0,3,3,0,3,4,0,0,2252,,0,2,1,
2026-09-16T05:49:25.176Z,382049906000000,54174064,540707,-487900,-487898,,500054071,500054071,500054071,500054071,50005,2,500054071,500054071,0,1,0,0,,0,3,3,0,3,4,0,0,2252,,0,2,1,
2026-09-16T05:49:25.282Z,382050015000000,54174169,540708,-487897,-487898,,500054071,500054071,500054071,500054071,50005,2,500054071,500054071,0,1,0,0,,0,3,3,0,3,4,0,0,1126,,0,2,1,
2026-09-16T05:49:25.388Z,382050109000000,54174292,540710,-487899,-487898,,500054071,500054071,500054071,500054071,50005,2,500054071,500054071,0,1,0,0,,0,3,3,0,3,4,0,0,1126,,0,2,1,
2026-09-16T05:49:25.492Z,382050218000000,54174392,540711,-487897,-487898,,500054071,500054071,500054071,500054071,50005,2,500054071,500054071,0,1,0,0,,0,3,3,0,3,4,0,0,0,,0,2,1,
2026-09-16T05:49:25.597Z,382050328000000,54174492,540712,-487905,-487898,,500054071,500054071,500054071,500054071,50005,2,500054071,500054071,0,1,0,0,,0,3,3,0,3,4,0,0,0,,0,2,1,
2026-09-16T05:49:25.703Z,382050437000000,54174592,540713,-487894,-487898,,500054071,500054071,500054071,500054071,50005,2,500054071,500054071,0,1,0,0,,0,3,3,0,3,4,0,0,0,,0,2,1,
2026-09-16T05:49:25.808Z,382050531000000,54174696,540714,-487884,-487897,,500054071,500052945,500052945,500054071,50005,2,500052945,500052945,0,1,0,0,,0,3,3,0,3,4,0,0,1126,,0,2,1,
2026-09-16T05:49:26.002Z,382050734000000,54174801,540715,-487879,-487895,,500049565,500050692,500050692,500054071,50005,2,500050692,500050692,0,1,0,0,,0,3,3,0,3,4,0,0,3379,,0,2,1,
2026-09-16T05:49:26.109Z,382050843000000,54175001,540717,-487885,-487893,,500049565,500048439,500048439,500054071,50005,2,500048439,500048439,0,1,0,0,,0,3,3,0,3,4,0,0,5632,,0,2,1,
2026-09-16T05:49:26.216Z,382050937000000,54175102,540718,-487894,-487892,,500049565,500047312,500047312,500054071,50005,2,500047312,500047312,0,1,0,0,,0,3,3,0,3,4,0,0,6759,,0,2,1,
2026-09-16T05:49:26.321Z,382051046000000,54175208,540719,-487885,-487891,,500049565,500046186,500046186,500054071,50005,2,500046186,500046186,0,1,0,0,,0,3,3,0,3,4,0,0,7885,,0,2,1,
2026-09-16T05:49:26.427Z,382051156000000,54175314,540720,-487894,-487891,,500049565,500046186,500046186,500054071,50005,2,500046186,500046186,0,1,0,0,,0,3,3,0,3,4,0,0,7885,,0,2,1,
2026-09-16T05:49:26.532Z,382051265000000,54175421,540721,-487871,-487890,,500049565,500045059,500045059,500054071,50005,2,500045059,500045059,0,1,0,0,,0,3,3,0,3,4,0,0,7886,,0,2,1,
2026-09-16T05:49:26.639Z,382051359000000,54175526,540722,-487887,-487890,,500049565,500045059,500045059,500054071,50005,2,500045059,500045059,0,1,0,0,,0,3,3,0,3,4,0,0,5633,,0,2,1,
2026-09-16T05:49:26.745Z,382051468000000,54175632,540723,-487884,-487889,,500049565,500043933,500043933,500054071,50005,2,500043933,500043933,0,1,0,0,,0,3,3,0,3,4,0,0,5632,,0,2,1,
2026-09-16T05:49:26.850Z,382051578000000,54175738,540724,-487873,-487888,,500049565,500042806,500042806,500054071,50005,2,500042806,500042806,0,1,0,0,,0,3,3,0,3,4,0,0,5633,,0,2,1,
2026-09-16T05:49:27.043Z,382051765000000,54175844,540725,-487868,-487886,,500036047,500040553,500040553,500054071,50005,2,500040553,500040553,0,1,0,0,,0,3,3,0,3,4,0,0,6759,,0,2,1,
2026-09-16T05:49:27.149Z,382051875000000,54175995,540727,-487868,-487882,,500036047,500036047,500036047,500054071,50005,2,500036047,500036047,0,1,0,0,,0,3,3,0,3,4,0,0,10139,,0,2,1,
2026-09-16T05:49:27.256Z,382051984000000,54176142,540728,-487876,-487880,,500036047,500033794,500033794,500054071,50005,2,500033794,500033794,0,1,0,0,,0,3,3,0,3,4,0,0,11265,,0,2,1,
2026-09-16T05:49:27.362Z,382052093000000,54176249,540729,-487866,-487878,,500036047,500031541,500031541,500054071,50005,2,500031541,500031541,0,1,0,0,,0,3,3,0,3,4,0,0,13518,,0,2,1,
2026-09-16T05:49:27.467Z,382052187000000,54176355,540730,-487892,-487878,,500036047,500031541,500031541,500054071,50005,2,500031541,500031541,0,1,0,0,,0,3,3,0,3,4,0,0,12392,,0,2,1,
2026-09-16T05:49:27.573Z,382052296000000,54176461,540731,-487913,-487880,,500036047,500033794,500033794,500054071,50005,2,500033794,500033794,0,1,0,0,,0,3,3,0,3,4,0,0,11265,,0,2,1,
2026-09-16T05:49:27.679Z,382052406000000,54176566,540732,-487892,-487882,,500036047,500036047,500036047,500054071,50005,2,500036047,500036047,0,1,0,0,,0,3,3,0,3,4,0,0,9012,,0,2,1,
2026-09-16T05:49:27.785Z,382052515000000,54176672,540733,-487891,-487883,,500036047,500037174,500037174,500054071,50005,2,500037174,500037174,0,1,0,0,,0,3,3,0,3,4,0,0,6759,,0,2,1,
2026-09-16T05:49:27.890Z,382052625000000,54176797,540735,-487905,-487885,,500036047,500039427,500039427,500054071,50005,2,500039427,500039427,0,1,0,0,,0,3,3,0,3,4,0,0,7886,,0,2,1,
2026-09-16T05:49:28.082Z,382052812000000,54176897,540736,-487899,-487887,,500043933,500041680,500041680,500054071,50005,2,500041680,500041680,0,1,0,0,,0,3,3,0,3,4,0,0,10139,,0,2,1,
2026-09-16T05:49:28.188Z,382052921000000,54176997,540737,-487886,-487889,,500043933,500043933,500043933,500054071,50005,2,500043933,500043933,0,1,0,0,,0,3,3,0,3,4,0,0,12392,,0,2,1,
2026-09-16T05:49:28.293Z,382053015000000,54177197,540739,-487890,-487889,,500043933,500043933,500043933,500054071,50005,2,500043933,500043933,0,1,0,0,,0,3,3,0,3,4,0,0,7886,,0,2,1,
2026-09-16T05:49:28.398Z,382053125000000,54177298,540740,-487895,-487889,,500043933,500043933,500043933,500054071,50005,2,500043933,500043933,0,1,0,0,,0,3,3,0,3,4,0,0,6759,,0,2,1,
2026-09-16T05:49:28.502Z,382053234000000,54177398,540741,-487903,-487890,,500043933,500045059,500045059,500054071,50005,2,500045059,500045059,0,1,0,0,,0,3,3,0,3,4,0,0,6759,,0,2,1,
2026-09-16T05:49:28.608Z,382053343000000,54177498,540742,-487898,-487891,,500043933,500046186,500046186,500054071,50005,2,500046186,500046186,0,1,0,0,,0,3,3,0,3,4,0,0,6759,,0,2,1,
2026-09-16T05:49:28.714Z,382053437000000,54177602,540743,-487888,-487892,,500043933,500047312,500047312,500054071,50005,2,500047312,500047312,0,1,0,0,,0,3,3,0,3,4,0,0,5632,,0,2,1,
2026-09-16T05:49:28.821Z,382053546000000,54177707,540744,-487888,-487891,,500043933,500046186,500046186,500054071,50005,2,500046186,500046186,0,1,0,0,,0,3,3,0,3,4,0,0,3379,,0,2,1,
2026-09-16T05:49:28.926Z,382053656000000,54177814,540745,-487880,-487891,,500043933,500046186,500046186,500054071,50005,2,500046186,500046186,0,1,0,0,,0,3,3,0,3,4,0,0,3379,,0,2,1,
2026-09-16T05:49:29.120Z,382053843000000,54177920,540746,-487887,-487890,,500045059,500045059,500045059,500054071,50005,2,500045059,500045059,0,1,0,0,,0,3,3,0,3,4,0,0,3379,,0,2,1,
2026-09-16T05:49:29.227Z,382053953000000,54178120,540748,-487859,-487890,,500045059,500045059,500045059,500054071,50005,2,500045059,500045059,0,1,0,0,,0,3,3,0,3,4,0,0,2253,,0,2,1,
2026-09-16T05:49:29.333Z,382054062000000,54178220,540749,-432137,-487886,,500045059,500040553,500040553,500054071,50005,2,500040553,500040553,0,1,0,0,,0,3,3,0,3,4,0,0,6759,,0,2,1,
2026-09-16T05:49:29.438Z,382054171000000,54178326,540750,-146716,-480917,,500045059,492190123,492190123,500054071,49219,2,492190123,492190123,0,0,0,0,,0,3,3,0,3,4,0,0,7857189,,0,2,1,
2026-09-16T05:49:29.545Z,382054265000000,54178432,540751,-44513,-439142,,500045059,445131471,445131471,500054071,44513,2,445131471,445131471,0,0,0,0,,0,3,3,0,3,4,0,0,54914715,,0,2,1,
2026-09-16T05:49:29.650Z,382054375000000,54178539,540752,-44011,-389813,,500045059,389563399,389563399,500054071,38956,2,389563399,389563399,0,0,0,0,,0,3,3,0,3,4,0,0,110482787,,0,2,1,
2026-09-16T05:49:29.757Z,382054484000000,54178644,540753,-44007,-346588,,500045059,340871354,340871354,500054071,34087,2,340871354,340871354,0,0,0,0,,0,3,3,0,3,4,0,0,159173705,,0,2,1,
2026-09-16T05:49:29.862Z,382054593000000,54178750,540754,-44011,-308766,,500045059,298265673,298265673,500054071,29827,2,298265673,298265673,0,0,0,0,,0,3,3,0,3,4,0,0,201779386,,0,2,1,
2026-09-16T05:49:29.969Z,382054703000000,54178856,540755,-44012,-275672,,500045059,260985984,260985984,500054071,26099,2,260985984,260985984,0,0,0,0,,0,3,3,0,3,4,0,0,239059075,,0,2,1,
2026-09-16T05:49:30.166Z,382054890000000,54178963,540756,-44006,-246714,,174847531,228365412,228365412,199822692,22837,2,228365412,228365412,0,0,0,0,,0,3,3,0,3,4,0,0,271675141,,0,0,0,
2026-09-16T05:49:30.270Z,382055000000000,54179114,540758,-44012,-199205,,174847531,174847531,174847531,199822692,17485,2,174847531,174847531,0,0,0,0,,0,3,3,0,3,4,0,0,270283940,,0,0,0,
2026-09-16T05:49:30.377Z,382055109000000,54179265,540759,-44004,-179806,,174847531,152994969,152994969,199822692,15299,2,152994969,152994969,0,0,0,0,,0,3,3,0,3,4,0,0,236568430,,0,0,0,
2026-09-16T05:49:30.483Z,382055218000000,54179371,540760,-43985,-162831,,174847531,133872992,133872992,199822692,13387,2,133872992,133872992,0,0,0,0,,0,3,3,0,3,4,0,0,206998362,,0,0,0,
2026-09-16T05:49:30.590Z,382055312000000,54179477,540761,-43994,-147976,,174847531,117139149,117139149,199822692,11714,2,117139149,117139149,0,0,0,0,,0,3,3,0,3,4,0,0,181126524,,0,0,0,
2026-09-16T05:49:30.695Z,382055421000000,54179602,540763,-43984,-123603,,174847531,89683482,89683482,199822692,8968,2,89683482,89683482,0,0,0,0,,0,3,3,0,3,4,0,0,138681930,,0,0,0,
2026-09-16T05:49:30.799Z,382055531000000,54179702,540764,-43995,-113651,,174847531,78472765,78472765,199822692,7847,2,78472765,78472765,0,0,0,0,,0,3,3,0,3,4,0,0,121349927,,0,0,0,
2026-09-16T05:49:30.905Z,382055625000000,54179802,540765,-44001,-104944,,174847531,68664514,68664514,199822692,6866,2,68664514,68664514,0,0,0,0,,0,3,3,0,3,4,0,0,106183017,,0,0,0,
2026-09-16T05:49:31.011Z,382055734000000,54179902,540766,-44000,-97326,,174847531,60082999,60082999,199822692,6008,2,60082999,60082999,0,0,0,0,,0,3,3,0,3,4,0,0,92911970,,0,0,0,
2026-09-16T05:49:31.207Z,382055937000000,54180005,540767,-44011,-90660,,46004267,52573891,52573891,46004267,5257,2,52573891,52573891,0,0,1,0,,0,3,3,0,3,4,0,0,81299101,,0,0,0,
2026-09-16T05:49:31.313Z,382056046000000,54180207,540769,-43996,-79725,,46004267,40255846,40255846,46004267,4026,2,40255846,40255846,0,0,1,0,,0,3,3,0,3,4,0,0,62240206,,0,0,0,
2026-09-16T05:49:31.419Z,382056140000000,54180307,540770,-43994,-75259,,46004267,35224992,35224992,46004267,3522,2,35224992,35224992,0,0,1,0,,0,3,3,0,3,4,0,0,54458490,,0,0,0,
2026-09-16T05:49:31.525Z,382056250000000,54180413,540771,-44010,-71351,,46004267,30822713,30822713,46004267,3082,2,30822713,30822713,0,0,1,0,,0,3,3,0,3,4,0,0,47650052,,0,0,0,
2026-09-16T05:49:31.630Z,382056359000000,54180519,540772,-44001,-67932,,46004267,26971282,26971282,46004267,2697,2,26971282,26971282,0,0,1,0,,0,3,3,0,3,4,0,0,41693232,,0,0,0,
2026-09-16T05:49:31.737Z,382056468000000,54180624,540773,-44007,-64941,,46004267,23601984,23601984,46004267,2360,2,23601984,23601984,0,0,1,0,,0,3,3,0,3,4,0,0,36481015,,0,0,0,
2026-09-16T05:49:31.843Z,382056578000000,54180730,540774,-44007,-62324,,46004267,20653989,20653989,46004267,2065,2,20653989,20653989,0,0,1,0,,0,3,3,0,3,4,0,0,31919902,,0,0,0,
2026-09-16T05:49:31.949Z,382056671000000,54180836,540775,-43989,-60034,,46004267,18074352,18074352,46004267,1807,2,18074352,18074352,0,0,1,0,,0,3,3,0,3,4,0,0,27929915,,0,0,0,
2026-09-16T05:49:32.056Z,382056781000000,54180942,540776,-44003,-58030,,46004267,15816889,15816889,46004267,1582,2,15816889,15816889,0,0,1,0,,0,3,3,0,3,4,0,0,24438957,,0,0,0,
2026-09-16T05:49:32.252Z,382056984000000,54181049,540777,-44003,-56277,,10601292,13842171,13842171,12114153,1384,2,13842171,13842171,0,0,1,0,,0,3,3,0,3,4,0,0,21382821,,0,0,0,
2026-09-16T05:49:32.358Z,382057078000000,54181205,540779,-44001,-53400,,10601292,10601292,10601292,12114153,1060,2,10601292,10601292,0,0,1,0,,0,3,3,0,3,4,0,0,16369990,,0,0,0,
2026-09-16T05:49:32.464Z,382057187000000,54181351,540780,-43999,-52225,,10601292,9277679,9277679,12114153,928,2,9277679,9277679,0,0,1,0,,0,3,3,0,3,4,0,0,14324305,,0,0,0,
2026-09-16T05:49:32.570Z,382057296000000,54181458,540781,-43999,-51197,,10601292,8119659,8119659,12114153,812,2,8119659,8119659,0,0,1,0,,0,3,3,0,3,4,0,0,12534330,,0,0,0,
2026-09-16T05:49:32.676Z,382057406000000,54181564,540782,-43998,-50297,,10601292,7105828,7105828,12114153,711,2,7105828,7105828,0,0,1,0,,0,3,3,0,3,4,0,0,10968524,,0,0,0,
2026-09-16T05:49:32.782Z,382057515000000,54181670,540783,-44011,-49510,,10601292,6219289,6219289,12114153,622,2,6219289,6219289,0,0,1,0,,0,3,3,0,3,4,0,0,9597600,,0,0,0,
2026-09-16T05:49:32.888Z,382057609000000,54181776,540784,-44004,-48822,,10601292,5444272,5444272,12114153,544,2,5444272,5444272,0,0,1,0,,0,3,3,0,3,4,0,0,8397899,,0,0,0,
2026-09-16T05:49:32.995Z,382057718000000,54181881,540785,-44013,-48221,,10601292,4767258,4767258,12114153,477,2,4767258,4767258,0,0,1,0,,0,3,3,0,3,4,0,0,7346895,,0,0,0,
2026-09-16T05:49:33.102Z,382057828000000,54182007,540787,-44004,-47233,,10601292,3654297,3654297,12114153,365,2,3654297,3654297,0,0,1,0,,0,3,3,0,3,4,0,0,5623382,,0,0,0,
2026-09-16T05:49:33.293Z,382058015000000,54182107,540788,-44018,-46829,,2801553,3199200,3199200,2801553,320,2,3199200,3199200,0,0,1,0,,0,3,3,0,3,4,0,0,4920459,,0,0,0,
2026-09-16T05:49:33.397Z,382058125000000,54182207,540789,-44008,-46476,,2801553,2801553,2801553,2801553,280,2,2801553,2801553,0,0,1,0,,0,3,3,0,3,4,0,0,4304275,,0,0,0,
2026-09-16T05:49:33.501Z,382058234000000,54182407,540791,-43987,-45894,,2801553,2145942,2145942,2801553,215,2,2145942,2145942,0,0,1,0,,0,3,3,0,3,4,0,0,3298330,,0,0,0,
2026-09-16T05:49:33.606Z,382058328000000,54182508,540792,-43986,-45655,,2801553,1876714,1876714,2801553,188,2,1876714,1876714,0,0,1,0,,0,3,3,0,3,4,0,0,2890544,,0,0,0,
2026-09-16T05:49:33.709Z,382058437000000,54182608,540793,-43998,-45446,,2801553,1641280,1641280,2801553,164,2,1641280,1641280,0,0,1,0,,0,3,3,0,3,4,0,0,2532324,,0,0,0,
2026-09-16T05:49:33.815Z,382058546000000,54182708,540794,-43990,-45264,,2801553,1436260,1436260,2801553,144,2,1436260,1436260,0,0,1,0,,0,3,3,0,3,4,0,0,2218037,,0,0,0,
2026-09-16T05:49:33.922Z,382058656000000,54182808,540795,-43993,-45105,,2801553,1257150,1257150,2801553,126,2,1257150,1257150,0,0,1,0,,0,3,3,0,3,4,0,0,1942050,,0,0,0,
2026-09-16T05:49:34.029Z,382058750000000,54182916,540796,-44011,-44966,,2801553,1100570,1100570,2801553,110,2,1100570,1100570,0,0,1,0,,0,3,3,0,3,4,0,0,1700983,,0,0,0,
2026-09-16T05:49:34.136Z,382058859000000,54183023,540797,-44013,-44847,,2801553,966519,966519,2801553,97,2,966519,966519,0,0,1,0,,0,3,3,0,3,4,0,0,1486952,,0,0,0,
2026-09-16T05:49:34.330Z,382059062000000,54183129,540798,-43997,-44742,,743476,848239,848239,743476,85,2,848239,848239,0,0,1,0,,0,3,3,0,3,4,0,0,1297703,,0,0,0,
2026-09-16T05:49:34.436Z,382059171000000,54183330,540800,-44001,-44568,,743476,652231,652231,743476,65,2,652231,652231,0,0,1,0,,0,3,3,0,3,4,0,0,989049,,0,0,0,
2026-09-16T05:49:34.542Z,382059265000000,54183430,540801,-43992,-44497,,743476,572251,572251,743476,57,2,572251,572251,0,0,1,0,,0,3,3,0,3,4,0,0,864009,,0,0,0,
2026-09-16T05:49:34.648Z,382059375000000,54183536,540802,-43997,-44434,,743476,501283,501283,743476,50,2,501283,501283,0,0,1,0,,0,3,3,0,3,4,0,0,755867,,0,0,0,
2026-09-16T05:49:34.754Z,382059484000000,54183642,540803,-43978,-44379,,743476,439327,439327,743476,44,2,439327,439327,0,0,1,0,,0,3,3,0,3,4,0,0,661243,,0,0,0,
2026-09-16T05:49:34.859Z,382059593000000,54183748,540804,-43980,-44329,,743476,383003,383003,743476,38,2,383003,383003,0,0,1,0,,0,3,3,0,3,4,0,0,583516,,0,0,0,
2026-09-16T05:49:34.965Z,382059687000000,54183853,540805,-43992,-44285,,743476,333438,333438,743476,33,2,333438,333438,0,0,1,0,,0,3,3,0,3,4,0,0,514801,,0,0,0,
2026-09-16T05:49:35.071Z,382059796000000,54183959,540806,-44013,-44248,,743476,291758,291758,743476,29,2,291758,291758,0,0,1,0,,0,3,3,0,3,4,0,0,451718,,0,0,0,
2026-09-16T05:49:35.177Z,382059906000000,54184065,540807,-44003,-44217,,743476,256837,256837,743476,26,2,256837,256837,0,0,1,0,,0,3,3,0,3,4,0,0,395394,,0,0,0,
2026-09-16T05:49:35.372Z,382060093000000,54184171,540808,-43976,-44190,,173478,226422,226422,198260,23,2,226422,226422,0,0,1,0,,0,3,3,0,3,4,0,0,345829,,0,0,0,
2026-09-16T05:49:35.477Z,382060203000000,54184321,540810,-43992,-44143,,173478,173478,173478,198260,17,2,173478,173478,0,0,1,0,,0,3,3,0,3,4,0,0,265849,,0,0,0,
2026-09-16T05:49:35.582Z,382060312000000,54184471,540811,-43999,-44124,,173478,152075,152075,198260,15,2,152075,152075,0,0,1,0,,0,3,3,0,3,4,0,0,230928,,0,0,0,
2026-09-16T05:49:35.687Z,382060421000000,54184577,540812,-43996,-44108,,173478,134051,134051,198260,13,2,134051,134051,0,0,1,0,,0,3,3,0,3,4,0,0,199387,,0,0,0,
2026-09-16T05:49:35.792Z,382060515000000,54184681,540813,-43997,-44094,,173478,118280,118280,198260,12,2,118280,118280,0,0,1,0,,0,3,3,0,3,4,0,0,173478,,0,0,0,
2026-09-16T05:49:35.897Z,382060625000000,54184786,540814,-43994,-44082,,173478,104763,104763,198260,10,2,104763,104763,0,0,1,0,,0,3,3,0,3,4,0,0,152074,,0,0,0,
2026-09-16T05:49:36.001Z,382060734000000,54184892,540815,-43983,-44071,,173478,92371,92371,198260,9,2,92371,92371,0,0,1,0,,0,3,3,0,3,4,0,0,134051,,0,0,0,
2026-09-16T05:49:36.107Z,382060828000000,54185013,540817,-43997,-44050,,173478,68715,68715,198260,7,2,68715,68715,0,0,1,0,,0,3,3,0,3,4,0,0,104763,,0,0,0,
2026-09-16T05:49:36.209Z,382060937000000,54185113,540818,-43997,-44043,,173478,60830,60830,198260,6,2,60830,60830,0,0,1,0,,0,3,3,0,3,4,0,0,91245,,0,0,0,
2026-09-16T05:49:36.399Z,382061125000000,54185213,540819,-44005,-44037,,48439,54071,54071,48439,5,2,54071,54071,0,0,1,0,,0,3,3,0,3,4,0,0,79980,,0,0,0,
2026-09-16T05:49:36.504Z,382061234000000,54185313,540820,-43994,-44032,,48439,48439,48439,48439,5,2,48439,48439,0,0,1,0,,0,3,3,0,3,4,0,0,69841,,0,0,0,
2026-09-16T05:49:36.607Z,382061328000000,54185514,540822,-43989,-44023,,48439,38300,38300,48439,4,2,38300,38300,0,0,1,0,,0,3,3,0,3,4,0,0,54071,,0,0,0,
2026-09-16T05:49:36.709Z,382061437000000,54185614,540823,-43995,-44019,,48439,33794,33794,48439,3,2,33794,33794,0,0,1,0,,0,3,3,0,3,4,0,0,46186,,0,0,0,
2026-09-16T05:49:36.814Z,382061546000000,54185714,540824,-43988,-44015,,48439,29288,29288,48439,3,2,29288,29288,0,0,1,0,,0,3,3,0,3,4,0,0,39427,,0,0,0,
2026-09-16T05:49:36.917Z,382061640000000,54185814,540825,-43987,-44012,,48439,25909,25909,48439,3,2,25909,25909,0,0,1,0,,0,3,3,0,3,4,0,0,34921,,0,0,0,
2026-09-16T05:49:37.023Z,382061750000000,54185915,540826,-43989,-44009,,48439,22530,22530,48439,2,2,22530,22530,0,0,1,0,,0,3,3,0,3,4,0,0,31541,,0,0,0,
2026-09-16T05:49:37.126Z,382061859000000,54186016,540827,-43985,-44006,,48439,19150,19150,48439,2,2,19150,19150,0,0,1,0,,0,3,3,0,3,4,0,0,29289,,0,0,0,
2026-09-16T05:49:37.231Z,382061953000000,54186121,540828,-43986,-44003,,48439,15771,15771,48439,2,2,15771,15771,0,0,1,0,,0,3,3,0,3,4,0,0,27035,,0,0,0,
2026-09-16T05:49:37.422Z,382062156000000,54186225,540829,-43994,-44001,,12391,13518,13518,12391,1,2,13518,13518,0,0,1,0,,0,3,3,0,3,4,0,0,24782,,0,0,0,
2026-09-16T05:49:37.528Z,382062250000000,54186423,540831,-43991,-43999,,12391,11265,11265,12391,1,2,11265,11265,0,0,1,0,,0,3,3,0,3,4,0,0,18023,,0,0,0,
2026-09-16T05:49:37.632Z,382062359000000,54186522,540832,-43986,-43998,,12391,10138,10138,12391,1,2,10138,10138,0,0,1,0,,0,3,3,0,3,4,0,0,15771,,0,0,0,
2026-09-16T05:49:37.737Z,382062468000000,54186627,540833,-43988,-43997,,12391,9012,9012,12391,1,2,9012,9012,0,1,1,0,,0,3,3,0,3,4,0,0,13518,,0,0,0,
2026-09-16T05:49:37.841Z,382062562000000,54186732,540834,-43994,-43996,,12391,7885,7885,12391,1,2,7885,7885,0,1,1,0,,0,3,3,0,3,4,0,0,11265,,0,0,0,
2026-09-16T05:49:37.947Z,382062671000000,54186836,540835,-43991,-43995,,12391,6759,6759,12391,1,2,6759,6759,0,1,1,0,,0,3,3,0,3,4,0,0,9012,,0,0,0,
2026-09-16T05:49:38.051Z,382062781000000,54186942,540836,-44003,-43995,,12391,6759,6759,12391,1,2,6759,6759,0,1,1,0,,0,3,3,0,3,4,0,0,6759,,0,0,0,
2026-09-16T05:49:38.156Z,382062890000000,54187046,540837,-43994,-43995,,12391,6759,6759,12391,1,2,6759,6759,0,1,1,0,,0,3,3,0,3,4,0,0,5632,,0,0,0,
2026-09-16T05:49:38.260Z,382062984000000,54187151,540838,-43976,-43995,,12391,6759,6759,12391,1,2,6759,6759,0,1,1,0,,0,3,3,0,3,4,0,0,4506,,0,0,0,
2026-09-16T05:49:38.453Z,382063187000000,54187254,540839,-43985,-43994,,4506,5632,5632,4506,1,2,5632,5632,0,1,1,0,,0,3,3,0,3,4,0,0,4506,,0,1,0,
2026-09-16T05:49:38.557Z,382063281000000,54187453,540841,-43996,-43992,,4506,3379,3379,4506,0,2,3379,3379,0,1,1,0,,0,3,3,0,3,4,0,0,4506,,0,1,0,
2026-09-16T05:49:38.663Z,382063390000000,54187552,540842,-44009,-43993,,4506,4506,4506,4506,0,2,4506,4506,0,1,1,0,,0,3,3,0,3,4,0,0,3380,,0,1,0,
2026-09-16T05:49:38.767Z,382063500000000,54187657,540843,-44013,-43995,,4506,6759,6759,4506,1,2,6759,6759,0,1,1,0,,0,3,3,0,3,4,0,0,3380,,0,1,0,
2026-09-16T05:49:38.871Z,382063593000000,54187762,540844,-44005,-43997,,4506,9012,9012,4506,1,2,9012,9012,0,1,1,0,,0,3,3,0,3,4,0,0,5633,,0,1,0,
2026-09-16T05:49:38.977Z,382063703000000,54187866,540845,-44007,-43998,,4506,10138,10138,4506,1,2,10138,10138,0,1,1,0,,0,3,3,0,3,4,0,0,6759,,0,1,0,
2026-09-16T05:49:39.082Z,382063812000000,54187971,540846,-43995,-43999,,4506,11265,11265,4506,1,2,11265,11265,0,1,1,0,,0,3,3,0,3,4,0,0,7886,,0,1,0,
2026-09-16T05:49:39.187Z,382063921000000,54188077,540847,-44001,-43999,,4506,11265,11265,4506,1,2,11265,11265,0,1,1,0,,0,3,3,0,3,4,0,0,7886,,0,1,0,
2026-09-16T05:49:39.291Z,382064015000000,54188181,540848,-43995,-43998,,4506,10138,10138,4506,1,2,10138,10138,0,1,1,0,,0,3,3,0,3,4,0,0,7886,,0,1,0,
2026-09-16T05:49:39.484Z,382064218000000,54188285,540849,-43996,-43998,,7885,10138,10138,6759,1,2,10138,10138,0,1,1,0,,0,3,3,0,3,4,0,0,6759,,0,2,1,
2026-09-16T05:49:39.589Z,382064312000000,54188433,540851,-43986,-43996,,7885,7885,7885,6759,1,2,7885,7885,0,1,1,0,,0,3,3,0,3,4,0,0,3380,,0,2,1,
2026-09-16T05:49:39.694Z,382064421000000,54188583,540852,-43990,-43995,,7885,6759,6759,6759,1,2,6759,6759,0,1,1,0,,0,3,3,0,3,4,0,0,4506,,0,2,1,
2026-09-16T05:49:39.799Z,382064531000000,54188688,540853,-43987,-43994,,7885,5632,5632,6759,1,2,5632,5632,0,1,1,0,,0,3,3,0,3,4,0,0,5633,,0,2,1,
2026-09-16T05:49:39.904Z,382064625000000,54188793,540854,-44005,-43993,,7885,4506,4506,6759,1,2,4506,4506,0,1,1,0,,0,3,3,0,3,4,0,0,6759,,0,2,1,
2026-09-16T05:49:40.008Z,382064734000000,54188898,540855,-44000,-43994,,7885,5632,5632,6759,1,2,5632,5632,0,1,1,0,,0,3,3,0,3,4,0,0,5632,,0,2,1,
2026-09-16T05:49:40.111Z,382064843000000,54189021,540857,-44004,-43996,,7885,7885,7885,6759,1,2,7885,7885,0,1,1,0,,0,3,3,0,3,4,0,0,5632,,0,2,1,
2026-09-16T05:49:40.215Z,382064937000000,54189121,540858,-44005,-43997,,7885,9012,9012,6759,1,2,9012,9012,0,1,1,0,,0,3,3,0,3,4,0,0,4506,,0,2,1,
2026-09-16T05:49:40.318Z,382065046000000,54189222,540859,-44029,-43998,,7885,10138,10138,6759,1,2,10138,10138,0,1,1,0,,0,3,3,0,3,4,0,0,5632,,0,2,1,
2026-09-16T05:49:40.508Z,382065234000000,54189322,540860,-44007,-43999,,12391,11265,11265,6759,1,2,11265,11265,0,1,1,0,,0,3,3,0,3,4,0,0,6759,,0,2,1,
2026-09-16T05:49:40.614Z,382065343000000,54189522,540862,-43991,-43999,,12391,11265,11265,6759,1,2,11265,11265,0,1,1,0,,0,3,3,0,3,4,0,0,6759,,0,2,1,
2026-09-16T05:49:40.716Z,382065437000000,54189622,540863,-44001,-43998,,12391,10138,10138,6759,1,2,10138,10138,0,1,1,0,,0,3,3,0,3,4,0,0,5632,,0,2,1,
2026-09-16T05:49:40.819Z,382065546000000,54189722,540864,-44011,-43998,,12391,10138,10138,6759,1,2,10138,10138,0,1,1,0,,0,3,3,0,3,4,0,0,4506,,0,2,1,
2026-09-16T05:49:40.923Z,382065656000000,54189823,540865,-44014,-44000,,12391,12391,12391,6759,1,2,12391,12391,0,1,1,0,,0,3,3,0,3,4,0,0,3379,,0,2,1,
2026-09-16T05:49:41.026Z,382065750000000,54189923,540866,-44011,-44001,,12391,13518,13518,6759,1,2,13518,13518,0,1,1,0,,0,3,3,0,3,4,0,0,3380,,0,2,1,
2026-09-16T05:49:41.130Z,382065859000000,54190023,540867,-44013,-44003,,12391,15771,15771,6759,1,2,15771,15771,0,1,1,0,,0,3,3,0,3,4,0,0,5633,,0,2,1,
2026-09-16T05:49:41.235Z,382065968000000,54190125,540868,-44005,-44004,,12391,16897,16897,6759,1,2,16897,16897,0,1,1,0,,0,3,3,0,3,4,0,0,6759,,0,2,1,
2026-09-16T05:49:41.339Z,382066062000000,54190229,540869,-43995,-44004,,12391,16897,16897,6759,1,2,16897,16897,0,1,1,0,,0,3,3,0,3,4,0,0,6759,,0,2,1,
2026-09-16T05:49:41.532Z,382066265000000,54190334,540870,-43993,-44003,,14644,15771,15771,6759,1,2,15771,15771,0,1,1,0,,0,3,3,0,3,4,0,0,6759,,0,2,1,
2026-09-16T05:49:41.637Z,382066359000000,54190532,540872,-44003,-44001,,14644,13518,13518,6759,1,2,13518,13518,0,1,1,0,,0,3,3,0,3,4,0,0,4506,,0,2,1,
2026-09-16T05:49:41.741Z,382066468000000,54190631,540873,-43992,-44000,,14644,12391,12391,6759,1,2,12391,12391,0,1,1,0,,0,3,3,0,3,4,0,0,4506,,0,2,1,
2026-09-16T05:49:41.847Z,382066578000000,54190736,540874,-43988,-43999,,14644,11265,11265,6759,1,2,11265,11265,0,1,1,0,,0,3,3,0,3,4,0,0,5632,,0,2,1,
2026-09-16T05:49:41.951Z,382066671000000,54190841,540875,-44009,-43998,,14644,10138,10138,6759,1,2,10138,10138,0,1,1,0,,0,3,3,0,3,4,0,0,6759,,0,2,1,
2026-09-16T05:49:42.057Z,382066781000000,54190945,540876,-44007,-43999,,14644,11265,11265,6759,1,2,11265,11265,0,1,1,0,,0,3,3,0,3,4,0,0,6759,,0,2,1,
2026-09-16T05:49:42.161Z,382066890000000,54191051,540877,-43999,-44000,,14644,12391,12391,6759,1,2,12391,12391,0,1,1,0,,0,3,3,0,3,4,0,0,5633,,0,2,1,
2026-09-16T05:49:42.266Z,382067000000000,54191156,540878,-44007,-44001,,14644,13518,13518,6759,1,2,13518,13518,0,1,1,0,,0,3,3,0,3,4,0,0,4506,,0,2,1,
2026-09-16T05:49:42.371Z,382067093000000,54191261,540879,-44007,-44002,,14644,14644,14644,6759,1,2,14644,14644,0,1,1,0,,0,3,3,0,3,4,0,0,4506,,0,2,1,
2026-09-16T05:49:42.564Z,382067296000000,54191365,540880,-44005,-44003,,15771,15771,15771,6759,1,2,15771,15771,0,1,1,0,,0,3,3,0,3,4,0,0,5633,,0,2,1,
2026-09-16T05:49:42.667Z,382067390000000,54191564,540882,-44004,-44003,,15771,15771,15771,6759,1,2,15771,15771,0,1,1,0,,0,3,3,0,3,4,0,0,5633,,0,2,1,
2026-09-16T05:49:42.772Z,382067500000000,54191662,540883,-43984,-44003,,15771,15771,15771,6759,1,2,15771,15771,0,1,1,0,,0,3,3,0,3,4,0,0,4506,,0,2,1,
2026-09-16T05:49:42.877Z,382067609000000,54191767,540884,-43993,-44002,,15771,14644,14644,6759,1,2,14644,14644,0,1,1,0,,0,3,3,0,3,4,0,0,3380,,0,2,1,
2026-09-16T05:49:42.981Z,382067703000000,54191871,540885,-43996,-44001,,15771,13518,13518,6759,1,2,13518,13518,0,1,1,0,,0,3,3,0,3,4,0,0,2253,,0,2,1,
2026-09-16T05:49:43.087Z,382067812000000,54191976,540886,-44012,-44000,,15771,12391,12391,6759,1,2,12391,12391,0,1,1,0,,0,3,3,0,3,4,0,0,3380,,0,2,1,
2026-09-16T05:49:43.192Z,382067921000000,54192082,540887,-44009,-44001,,15771,13518,13518,6759,1,2,13518,13518,0,1,1,0,,0,3,3,0,3,4,0,0,3380,,0,2,1,
2026-09-16T05:49:43.296Z,382068031000000,54192187,540888,-43999,-44002,,15771,14644,14644,6759,1,2,14644,14644,0,1,1,0,,0,3,3,0,3,4,0,0,3380,,0,2,1,
2026-09-16T05:49:43.401Z,382068125000000,54192291,540889,-43991,-44002,,15771,14644,14644,6759,1,2,14644,14644,0,1,1,0,,0,3,3,0,3,4,0,0,3380,,0,2,1,
2026-09-16T05:49:43.591Z,382068312000000,54192396,540890,-43987,-44001,,11265,13518,13518,6759,1,2,13518,13518,0,1,1,0,,0,3,3,0,3,4,0,0,3380,,0,2,1,
2026-09-16T05:49:43.696Z,382068421000000,54192541,540892,-43995,-43999,,11265,11265,11265,6759,1,2,11265,11265,0,1,1,0,,0,3,3,0,3,4,0,0,3379,,0,2,1,
2026-09-16T05:49:43.802Z,382068531000000,54192691,540893,-44001,-43999,,11265,11265,11265,6759,1,2,11265,11265,0,1,1,0,,0,3,3,0,3,4,0,0,3379,,0,2,1,
2026-09-16T05:49:43.907Z,382068640000000,54192796,540894,-44009,-43999,,11265,11265,11265,6759,1,2,11265,11265,0,1,1,0,,0,3,3,0,3,4,0,0,3379,,0,2,1,
2026-09-16T05:49:44.012Z,382068734000000,54192901,540895,-44017,-44000,,11265,12391,12391,6759,1,2,12391,12391,0,1,1,0,,0,3,3,0,3,4,0,0,3379,,0,2,1,
2026-09-16T05:49:44.116Z,382068843000000,54193007,540896,-44008,-44001,,11265,13518,13518,6759,1,2,13518,13518,0,1,1,0,,0,3,3,0,3,4,0,0,3379,,0,2,1,
2026-09-16T05:49:44.221Z,382068953000000,54193130,540898,-43993,-44002,,11265,14644,14644,6759,1,2,14644,14644,0,1,1,0,,0,3,3,0,3,4,0,0,3379,,0,2,1,
2026-09-16T05:49:44.324Z,382069046000000,54193230,540899,-43988,-44001,,11265,13518,13518,6759,1,2,13518,13518,0,1,1,0,,0,3,3,0,3,4,0,0,3379,,0,2,1,
2026-09-16T05:49:44.427Z,382069156000000,54193330,540900,-43998,-44000,,11265,12391,12391,6759,1,2,12391,12391,0,1,1,0,,0,3,3,0,3,4,0,0,3379,,0,2,1,
2026-09-16T05:49:44.615Z,382069343000000,54193430,540901,-43998,-44000,,12391,12391,12391,6759,1,2,12391,12391,0,1,1,0,,0,3,3,0,3,4,0,0,3379,,0,2,1,
2026-09-16T05:49:44.719Z,382069453000000,54193530,540902,-43999,-44000,,12391,12391,12391,6759,1,2,12391,12391,0,1,1,0,,0,3,3,0,3,4,0,0,2253,,0,2,1,
2026-09-16T05:49:44.822Z,382069546000000,54193731,540904,-44000,-44000,,12391,12391,12391,6759,1,2,12391,12391,0,1,1,0,,0,3,3,0,3,4,0,0,2253,,0,2,1,
2026-09-16T05:49:44.926Z,382069656000000,54193831,540905,-43985,-44000,,12391,12391,12391,6759,1,2,12391,12391,0,1,1,0,,0,3,3,0,3,4,0,0,2253,,0,2,1,
2026-09-16T05:49:45.029Z,382069750000000,54193931,540906,-43991,-43999,,12391,11265,11265,6759,1,2,11265,11265,0,1,1,0,,0,3,3,0,3,4,0,0,2253,,0,2,1,
2026-09-16T05:49:45.132Z,382069859000000,54194031,540907,-43991,-43998,,12391,10138,10138,6759,1,2,10138,10138,0,1,1,0,,0,3,3,0,3,4,0,0,2253,,0,2,1,
2026-09-16T05:49:45.237Z,382069968000000,54194131,540908,-43984,-43997,,12391,9012,9012,6759,1,2,9012,9012,0,1,1,0,,0,3,3,0,3,4,0,0,3379,,0,2,1,
2026-09-16T05:49:45.340Z,382070062000000,54194232,540909,-43985,-43995,,12391,6759,6759,6759,1,2,6759,6759,0,1,1,0,,0,3,3,0,3,4,0,0,5632,,0,2,1,
2026-09-16T05:49:45.446Z,382070171000000,54194336,540910,-43989,-43994,,12391,5632,5632,6759,1,2,5632,5632,0,1,1,0,,0,3,3,0,3,4,0,0,6759,,0,2,1,
2026-09-16T05:49:45.638Z,382070359000000,54194440,540911,-43994,-43993,,4506,4506,4506,6759,1,2,4506,4506,0,1,1,0,,0,3,3,0,3,4,0,0,7885,,0,2,1,
2026-09-16T05:49:45.742Z,382070468000000,54194638,540913,-43997,-43994,,4506,5632,5632,6759,1,2,5632,5632,0,1,1,0,,0,3,3,0,3,4,0,0,6759,,0,2,1,
2026-09-16T05:49:45.846Z,382070578000000,54194737,540914,-43994,-43994,,4506,5632,5632,6759,1,2,5632,5632,0,1,1,0,,0,3,3,0,3,4,0,0,5632,,0,2,1,
2026-09-16T05:49:45.951Z,382070671000000,54194841,540915,-44005,-43994,,4506,5632,5632,6759,1,2,5632,5632,0,1,1,0,,0,3,3,0,3,4,0,0,4506,,0,2,1,
2026-09-16T05:49:46.056Z,382070781000000,54194945,540916,-43982,-43994,,4506,5632,5632,6759,1,2,5632,5632,0,1,1,0,,0,3,3,0,3,4,0,0,2253,,0,2,1,
2026-09-16T05:49:46.160Z,382070890000000,54195052,540917,-43999,-43995,,4506,6759,6759,6759,1,2,6759,6759,0,1,1,0,,0,3,3,0,3,4,0,0,2253,,0,2,1,
2026-09-16T05:49:46.265Z,382071000000000,54195155,540918,-43995,-43995,,4506,6759,6759,6759,1,2,6759,6759,0,1,1,0,,0,3,3,0,3,4,0,0,2253,,0,2,1,
2026-09-16T05:49:46.369Z,382071093000000,54195260,540919,-43996,-43995,,4506,6759,6759,6759,1,2,6759,6759,0,1,1,0,,0,3,3,0,3,4,0,0,2253,,0,2,1,
2026-09-16T05:49:46.474Z,382071203000000,54195364,540920,-43991,-43995,,4506,6759,6759,6759,1,2,6759,6759,0,1,1,0,,0,3,3,0,3,4,0,0,1127,,0,2,1,
2026-09-16T05:49:46.669Z,382071390000000,54195469,540921,-43981,-43994,,3379,5632,5632,6759,1,2,5632,5632,0,1,1,0,,0,3,3,0,3,4,0,0,1127,,0,2,1,
2026-09-16T05:49:46.773Z,382071500000000,54195669,540923,-43973,-43990,,3379,1126,1126,6759,1,2,1126,1126,0,1,1,0,,0,3,3,0,3,4,0,0,5633,,0,2,1,
2026-09-16T05:49:46.879Z,382071609000000,54195768,540924,-43988,-43988,,3379,-1126,-1126,6759,1,2,-1126,-1126,0,1,1,0,,0,3,3,0,3,4,0,0,7885,,0,2,1,
2026-09-16T05:49:46.984Z,382071718000000,54195874,540925,-44004,-43988,,3379,-1126,-1126,6759,1,2,-1126,-1126,0,1,1,0,,0,3,3,0,3,4,0,0,7885,,0,2,1,
2026-09-16T05:49:47.088Z,382071812000000,54195978,540926,-44003,-43990,,3379,1126,1126,6759,1,2,1126,1126,0,1,1,0,,0,3,3,0,3,4,0,0,7885,,0,2,1,
2026-09-16T05:49:47.192Z,382071921000000,54196083,540927,-43991,-43992,,3379,3379,3379,6759,1,2,3379,3379,0,1,1,0,,0,3,3,0,3,4,0,0,7885,,0,2,1,
2026-09-16T05:49:47.296Z,382072031000000,54196187,540928,-43997,-43993,,3379,4506,4506,6759,1,2,4506,4506,0,1,1,0,,0,3,3,0,3,4,0,0,6758,,0,2,1,
2026-09-16T05:49:47.400Z,382072125000000,54196291,540929,-43978,-43993,,3379,4506,4506,6759,1,2,4506,4506,0,1,1,0,,0,3,3,0,3,4,0,0,5632,,0,2,1,
2026-09-16T05:49:47.504Z,382072234000000,54196396,540930,-43986,-43992,,3379,3379,3379,6759,1,2,3379,3379,0,1,1,0,,0,3,3,0,3,4,0,0,5632,,0,2,1,
2026-09-16T05:49:47.697Z,382072421000000,54196499,540931,-43984,-43991,,2253,2253,2253,6759,1,2,2253,2253,0,1,1,0,,0,3,3,0,3,4,0,0,5632,,0,2,1,
2026-09-16T05:49:47.803Z,382072531000000,54196647,540933,-44002,-43991,,2253,2253,2253,6759,1,2,2253,2253,0,1,1,0,,0,3,3,0,3,4,0,0,3380,,0,2,1,
2026-09-16T05:49:47.906Z,382072640000000,54196797,540934,-43989,-43992,,2253,3379,3379,6759,1,2,3379,3379,0,1,1,0,,0,3,3,0,3,4,0,0,3380,,0,2,1,
2026-09-16T05:49:48.010Z,382072734000000,54196901,540935,-43983,-43992,,2253,3379,3379,6759,1,2,3379,3379,0,1,1,0,,0,3,3,0,3,4,0,0,3380,,0,2,1,
2026-09-16T05:49:48.115Z,382072843000000,54197006,540936,-43982,-43991,,2253,2253,2253,6759,1,2,2253,2253,0,1,1,0,,0,3,3,0,3,4,0,0,3380,,0,2,1,
2026-09-16T05:49:48.221Z,382072953000000,54197110,540937,-43995,-43990,,2253,1126,1126,6759,1,2,1126,1126,0,1,1,0,,0,3,3,0,3,4,0,0,2253,,0,2,1,
2026-09-16T05:49:48.326Z,382073046000000,54197216,540938,-43996,-43991,,2253,2253,2253,6759,1,2,2253,2253,0,1,1,0,,0,3,3,0,3,4,0,0,2253,,0,2,1,
2026-09-16T05:49:48.429Z,382073156000000,54197338,540940,-43988,-43993,,2253,4506,4506,6759,1,2,4506,4506,0,1,1,0,,0,3,3,0,3,4,0,0,3380,,0,2,1,
2026-09-16T05:49:48.533Z,382073265000000,54197438,540941,-43997,-43994,,2253,5632,5632,6759,1,2,5632,5632,0,1,1,0,,0,3,3,0,3,4,0,0,4506,,0,2,1,
2026-09-16T05:49:48.722Z,382073453000000,54197538,540942,-44003,-43994,,5632,5632,5632,6759,1,2,5632,5632,0,1,1,0,,0,3,3,0,3,4,0,0,4506,,0,2,1,
2026-09-16T05:49:48.826Z,382073546000000,54197638,540943,-43989,-43994,,5632,5632,5632,6759,1,2,5632,5632,0,1,1,0,,0,3,3,0,3,4,0,0,4506,,0,2,1,
2026-09-16T05:49:48.930Z,382073656000000,54197839,540945,-43984,-43992,,5632,3379,3379,6759,1,2,3379,3379,0,1,1,0,,0,3,3,0,3,4,0,0,3379,,0,2,1,
2026-09-16T05:49:49.034Z,382073765000000,54197939,540946,-43991,-43991,,5632,2253,2253,6759,1,2,2253,2253,0,1,1,0,,0,3,3,0,3,4,0,0,3379,,0,2,1,
2026-09-16T05:49:49.137Z,382073859000000,54198039,540947,-43995,-43991,,5632,2253,2253,6759,1,2,2253,2253,0,1,1,0,,0,3,3,0,3,4,0,0,3379,,0,2,1,
2026-09-16T05:49:49.240Z,382073968000000,54198139,540948,-44000,-43992,,5632,3379,3379,6759,1,2,3379,3379,0,1,1,0,,0,3,3,0,3,4,0,0,3379,,0,2,1,
2026-09-16T05:49:49.344Z,382074078000000,54198239,540949,-43969,-43992,,5632,3379,3379,6759,1,2,3379,3379,0,1,1,0,,0,3,3,0,3,4,0,0,3379,,0,2,1,
2026-09-16T05:49:49.449Z,382074171000000,54198340,540950,-43999,-43993,,5632,4506,4506,6759,1,2,4506,4506,0,1,1,0,,0,3,3,0,3,4,0,0,3379,,0,2,1,
2026-09-16T05:49:49.555Z,382074281000000,54198444,540951,-44012,-43994,,5632,5632,5632,6759,1,2,5632,5632,0,1,1,0,,0,3,3,0,3,4,0,0,3379,,0,2,1,
2026-09-16T05:49:49.746Z,382074468000000,54198549,540952,-44015,-43996,,10138,7885,7885,6759,1,2,7885,7885,0,1,1,0,,0,3,3,0,3,4,0,0,5632,,0,2,1,
2026-09-16T05:49:49.851Z,382074578000000,54198747,540954,-43977,-43997,,10138,9012,9012,6759,1,2,9012,9012,0,1,1,0,,0,3,3,0,3,4,0,0,7885,,0,2,1,
2026-09-16T05:49:49.956Z,382074687000000,54198847,540955,-43979,-43995,,10138,6759,6759,6759,1,2,6759,6759,0,1,1,0,,0,3,3,0,3,4,0,0,6759,,0,2,1,
2026-09-16T05:49:50.061Z,382074796000000,54198952,540956,-43985,-43993,,10138,4506,4506,6759,1,2,4506,4506,0,1,1,0,,0,3,3,0,3,4,0,0,6759,,0,2,1,
2026-09-16T05:49:50.166Z,382074890000000,54199056,540957,-43981,-43991,,10138,2253,2253,6759,1,2,2253,2253,0,1,1,0,,0,3,3,0,3,4,0,0,7885,,0,2,1,
2026-09-16T05:49:50.270Z,382075000000000,54199162,540958,-43992,-43990,,10138,1126,1126,6759,1,2,1126,1126,0,1,1,0,,0,3,3,0,3,4,0,0,9012,,0,2,1,
2026-09-16T05:49:50.375Z,382075109000000,54199266,540959,-43991,-43990,,10138,1126,1126,6759,1,2,1126,1126,0,1,1,0,,0,3,3,0,3,4,0,0,9012,,0,2,1,
2026-09-16T05:49:50.479Z,382075203000000,54199371,540960,-43985,-43990,,10138,1126,1126,6759,1,2,1126,1126,0,1,1,0,,0,3,3,0,3,4,0,0,9012,,0,2,1,
2026-09-16T05:49:50.584Z,382075312000000,54199474,540961,-43970,-43989,,10138,0,0,6759,1,2,0,0,0,1,1,0,,0,3,3,0,3,4,0,0,9012,,0,2,1,
2026-09-16T05:49:50.776Z,382075500000000,54199579,540962,-43995,-43988,,-1126,-1126,-1126,6759,1,2,-1126,-1126,0,1,1,0,,0,3,3,0,3,4,0,0,7885,,0,2,1,
2026-09-16T05:49:50.883Z,382075609000000,54199778,540964,-43985,-43988,,-1126,-1126,-1126,6759,1,2,-1126,-1126,0,1,1,0,,0,3,3,0,3,4,0,0,3379,,0,2,1,
2026-09-16T05:49:50.987Z,382075718000000,54199877,540965,-44003,-43988,,-1126,-1126,-1126,6759,1,2,-1126,-1126,0,1,1,0,,0,3,3,0,3,4,0,0,2252,,0,2,1,
2026-09-16T05:49:51.091Z,382075812000000,54199982,540966,-44008,-43990,,-1126,1126,1126,6759,1,2,1126,1126,0,1,1,0,,0,3,3,0,3,4,0,0,2252,,0,2,1,
2026-09-16T05:49:51.197Z,382075921000000,54200086,540967,-43996,-43992,,-1126,3379,3379,6759,1,2,3379,3379,0,1,1,0,,0,3,3,0,3,4,0,0,4505,,0,2,1,
2026-09-16T05:49:51.301Z,382076031000000,54200192,540968,-43973,-43993,,-1126,4506,4506,6759,1,2,4506,4506,0,1,1,0,,0,3,3,0,3,4,0,0,5632,,0,2,1,
2026-09-16T05:49:51.405Z,382076125000000,54200296,540969,-43990,-43993,,-1126,4506,4506,6759,1,2,4506,4506,0,1,1,0,,0,3,3,0,3,4,0,0,5632,,0,2,1,
2026-09-16T05:49:51.508Z,382076234000000,54200401,540970,-43982,-43992,,-1126,3379,3379,6759,1,2,3379,3379,0,1,1,0,,0,3,3,0,3,4,0,0,5632,,0,2,1,
2026-09-16T05:49:51.612Z,382076343000000,54200504,540971,-43981,-43991,,-1126,2253,2253,6759,1,2,2253,2253,0,1,1,0,,0,3,3,0,3,4,0,0,5632,,0,2,1,
2026-09-16T05:49:51.805Z,382076531000000,54200607,540972,-43979,-43990,,-1126,1126,1126,6759,1,2,1126,1126,0,1,1,0,,0,3,3,0,3,4,0,0,5632,,0,2,1,
2026-09-16T05:49:51.910Z,382076640000000,54200756,540974,-43982,-43988,,-1126,-1126,-1126,6759,1,2,-1126,-1126,0,1,1,0,,0,3,3,0,3,4,0,0,5632,,0,2,1,
2026-09-16T05:49:52.015Z,382076750000000,54200905,540975,-44006,-43987,,-1126,-2253,-2253,6759,1,2,-2253,-2253,0,1,1,0,,0,3,3,0,3,4,0,0,6759,,0,2,1,
2026-09-16T05:49:52.118Z,382076843000000,54201010,540976,-44004,-43989,,-1126,0,0,6759,1,2,0,0,0,1,1,0,,0,3,3,0,3,4,0,0,6759,,0,2,1,
2026-09-16T05:49:52.223Z,382076953000000,54201115,540977,-43993,-43991,,-1126,2253,2253,6759,1,2,2253,2253,0,1,1,0,,0,3,3,0,3,4,0,0,5632,,0,2,1,
2026-09-16T05:49:52.327Z,382077062000000,54201218,540978,-43977,-43991,,-1126,2253,2253,6759,1,2,2253,2253,0,1,1,0,,0,3,3,0,3,4,0,0,4506,,0,2,1,
2026-09-16T05:49:52.432Z,382077156000000,54201323,540979,-43996,-43991,,-1126,2253,2253,6759,1,2,2253,2253,0,1,1,0,,0,3,3,0,3,4,0,0,4506,,0,2,1,
2026-09-16T05:49:52.536Z,382077265000000,54201446,540981,-43988,-43991,,-1126,2253,2253,6759,1,2,2253,2253,0,1,1,0,,0,3,3,0,3,4,0,0,4506,,0,2,1,
2026-09-16T05:49:52.638Z,382077359000000,54201546,540982,-43982,-43991,,-1126,2253,2253,6759,1,2,2253,2253,0,1,1,0,,0,3,3,0,3,4,0,0,4506,,0,2,1,
2026-09-16T05:49:52.829Z,382077562000000,54201646,540983,-43988,-43991,,2253,2253,2253,6759,1,2,2253,2253,0,1,1,0,,0,3,3,0,3,4,0,0,2253,,0,2,1,
2026-09-16T05:49:52.934Z,382077656000000,54201746,540984,-43989,-43991,,2253,2253,2253,6759,1,2,2253,2253,0,1,1,0,,0,3,3,0,3,4,0,0,0,,0,2,1,
2026-09-16T05:49:53.039Z,382077765000000,54201947,540986,-43992,-43991,,2253,2253,2253,6759,1,2,2253,2253,0,1,1,0,,0,3,3,0,3,4,0,0,0,,0,2,1,
2026-09-16T05:49:53.142Z,382077875000000,54202047,540987,-43981,-43990,,2253,1126,1126,6759,1,2,1126,1126,0,1,1,0,,0,3,3,0,3,4,0,0,1127,,0,2,1,
2026-09-16T05:49:53.244Z,382077968000000,54202147,540988,-43986,-43989,,2253,0,0,6759,1,2,0,0,0,1,1,0,,0,3,3,0,3,4,0,0,2253,,0,2,1,
2026-09-16T05:49:53.348Z,382078078000000,54202247,540989,-43990,-43989,,2253,0,0,6759,1,2,0,0,0,1,1,0,,0,3,3,0,3,4,0,0,2253,,0,2,1,
2026-09-16T05:49:53.452Z,382078187000000,54202347,540990,-43983,-43989,,2253,0,0,6759,1,2,0,0,0,1,1,0,,0,3,3,0,3,4,0,0,2253,,0,2,1,
2026-09-16T05:49:53.556Z,382078281000000,54202448,540991,-43979,-43988,,2253,-1126,-1126,6759,1,2,-1126,-1126,0,1,1,0,,0,3,3,0,3,4,0,0,3379,,0,2,1,
2026-09-16T05:49:53.661Z,382078390000000,54202552,540992,-43967,-43987,,2253,-2253,-2253,6759,1,2,-2253,-2253,0,1,1,0,,0,3,3,0,3,4,0,0,4506,,0,2,1,
2026-09-16T05:49:53.854Z,382078578000000,54202656,540993,-43976,-43986,,-4506,-3379,-3379,6759,1,2,-3379,-3379,0,1,1,0,,0,3,3,0,3,4,0,0,5632,,0,2,1,
2026-09-16T05:49:53.958Z,382078687000000,54202855,540995,-43955,-43984,,-4506,-5632,-5632,6759,1,2,-5632,-5632,0,1,1,0,,0,3,3,0,3,4,0,0,5632,,0,2,1,
2026-09-16T05:49:54.064Z,382078796000000,54202954,540996,-43974,-43983,,-4506,-6759,-6759,6759,1,2,-6759,-6759,0,1,1,0,,0,3,3,0,3,4,0,0,6759,,0,2,1,
2026-09-16T05:49:54.168Z,382078890000000,54203059,540997,-43978,-43982,,-4506,-7885,-7885,6759,1,2,-7885,-7885,0,1,1,0,,0,3,3,0,3,4,0,0,7885,,0,2,1,
2026-09-16T05:49:54.273Z,382079000000000,54203163,540998,-43985,-43981,,-4506,-9012,-9012,6759,1,2,-9012,-9012,0,1,1,0,,0,3,3,0,3,4,0,0,7886,,0,2,1,
2026-09-16T05:49:54.378Z,382079109000000,54203268,540999,-43995,-43982,,-4506,-7885,-7885,6759,1,2,-7885,-7885,0,1,1,0,,0,3,3,0,3,4,0,0,6759,,0,2,1,
2026-09-16T05:49:54.483Z,382079218000000,54203373,541000,-43992,-43983,,-4506,-6759,-6759,6759,1,2,-6759,-6759,0,1,1,0,,0,3,3,0,3,4,0,0,5633,,0,2,1,
2026-09-16T05:49:54.588Z,382079312000000,54203478,541001,-43984,-43984,,-4506,-5632,-5632,6759,1,2,-5632,-5632,0,1,1,0,,0,3,3,0,3,4,0,0,4506,,0,2,1,
2026-09-16T05:49:54.693Z,382079421000000,54203583,541002,-43991,-43985,,-4506,-4506,-4506,6759,1,2,-4506,-4506,0,1,1,0,,0,3,3,0,3,4,0,0,4506,,0,2,1,
2026-09-16T05:49:54.885Z,382079609000000,54203688,541003,-43994,-43986,,-2253,-3379,-3379,6759,1,2,-3379,-3379,0,1,1,0,,0,3,3,0,3,4,0,0,5633,,0,2,1,
2026-09-16T05:49:54.990Z,382079718000000,54203887,541005,-43970,-43988,,-2253,-1126,-1126,6759,1,2,-1126,-1126,0,1,1,0,,0,3,3,0,3,4,0,0,7886,,0,2,1,
2026-09-16T05:49:55.095Z,382079828000000,54203985,541006,-43975,-43986,,-2253,-3379,-3379,6759,1,2,-3379,-3379,0,1,1,0,,0,3,3,0,3,4,0,0,6759,,0,2,1,
2026-09-16T05:49:55.201Z,382079921000000,54204091,541007,-43992,-43985,,-2253,-4506,-4506,6759,1,2,-4506,-4506,0,1,1,0,,0,3,3,0,3,4,0,0,5633,,0,2,1,
2026-09-16T05:49:55.306Z,382080031000000,54204196,541008,-43982,-43985,,-2253,-4506,-4506,6759,1,2,-4506,-4506,0,1,1,0,,0,3,3,0,3,4,0,0,4506,,0,2,1,
2026-09-16T05:49:55.410Z,382080140000000,54204301,541009,-43999,-43986,,-2253,-3379,-3379,6759,1,2,-3379,-3379,0,1,1,0,,0,3,3,0,3,4,0,0,3380,,0,2,1,
2026-09-16T05:49:55.514Z,382080250000000,54204406,541010,-43995,-43987,,-2253,-2253,-2253,6759,1,2,-2253,-2253,0,1,1,0,,0,3,3,0,3,4,0,0,3380,,0,2,1,
2026-09-16T05:49:55.618Z,382080343000000,54204510,541011,-43989,-43988,,-2253,-1126,-1126,6759,1,2,-1126,-1126,0,1,1,0,,0,3,3,0,3,4,0,0,3380,,0,2,1,
2026-09-16T05:49:55.724Z,382080453000000,54204615,541012,-43995,-43989,,-2253,0,0,6759,1,2,0,0,0,1,1,0,,0,3,3,0,3,4,0,0,4506,,0,2,1,
2026-09-16T05:49:55.915Z,382080640000000,54204719,541013,-43982,-43989,,-2253,0,0,6759,1,2,0,0,0,1,1,0,,0,3,3,0,3,4,0,0,4506,,0,2,1,
2026-09-16T05:49:56.020Z,382080750000000,54204867,541015,-43973,-43987,,-2253,-2253,-2253,6759,1,2,-2253,-2253,0,1,1,0,,0,3,3,0,3,4,0,0,4506,,0,2,1,
2026-09-16T05:49:56.124Z,382080859000000,54205016,541016,-43968,-43985,,-2253,-4506,-4506,6759,1,2,-4506,-4506,0,1,1,0,,0,3,3,0,3,4,0,0,4506,,0,2,1,
2026-09-16T05:49:56.230Z,382080953000000,54205120,541017,-43977,-43983,,-2253,-6759,-6759,6759,1,2,-6759,-6759,0,1,1,0,,0,3,3,0,3,4,0,0,6759,,0,2,1,
2026-09-16T05:49:56.334Z,382081062000000,54205225,541018,-43990,-43982,,-2253,-7885,-7885,6759,1,2,-7885,-7885,0,1,1,0,,0,3,3,0,3,4,0,0,7885,,0,2,1,
2026-09-16T05:49:56.438Z,382081171000000,54205330,541019,-43985,-43982,,-2253,-7885,-7885,6759,1,2,-7885,-7885,0,1,1,0,,0,3,3,0,3,4,0,0,7885,,0,2,1,
2026-09-16T05:49:56.544Z,382081265000000,54205454,541021,-43979,-43982,,-2253,-7885,-7885,6759,1,2,-7885,-7885,0,1,1,0,,0,3,3,0,3,4,0,0,6759,,0,2,1,
2026-09-16T05:49:56.646Z,382081375000000,54205554,541022,-43960,-43981,,-2253,-9012,-9012,6759,1,2,-9012,-9012,0,1,1,0,,0,3,3,0,3,4,0,0,6759,,0,2,1,
2026-09-16T05:49:56.749Z,382081484000000,54205654,541023,-43970,-43980,,-2253,-10138,-10138,6759,1,2,-10138,-10138,0,1,1,0,,0,3,3,0,3,4,0,0,5632,,0,2,1,
2026-09-16T05:49:56.939Z,382081671000000,54205754,541024,-44001,-43979,,-7885,-11265,-11265,6759,1,2,-11265,-11265,0,1,1,0,,0,3,3,0,3,4,0,0,4506,,0,2,1,
2026-09-16T05:49:57.044Z,382081765000000,54205854,541025,-44003,-43982,,-7885,-7885,-7885,6759,1,2,-7885,-7885,0,1,1,0,,0,3,3,0,3,4,0,0,3380,,0,2,1,
2026-09-16T05:49:57.147Z,382081875000000,54206055,541027,-43970,-43983,,-7885,-6759,-6759,6759,1,2,-6759,-6759,0,1,1,0,,0,3,3,0,3,4,0,0,5633,,0,2,1,
2026-09-16T05:49:57.249Z,382081984000000,54206155,541028,-43977,-43982,,-7885,-7885,-7885,6759,1,2,-7885,-7885,0,1,1,0,,0,3,3,0,3,4,0,0,5633,,0,2,1,
2026-09-16T05:49:57.353Z,382082078000000,54206255,541029,-43961,-43980,,-7885,-10138,-10138,6759,1,2,-10138,-10138,0,1,1,0,,0,3,3,0,3,4,0,0,5633,,0,2,1,
2026-09-16T05:49:57.456Z,382082187000000,54206355,541030,-43974,-43979,,-7885,-11265,-11265,6759,1,2,-11265,-11265,0,1,1,0,,0,3,3,0,3,4,0,0,5633,,0,2,1,
2026-09-16T05:49:57.560Z,382082281000000,54206456,541031,-43991,-43978,,-7885,-12391,-12391,6759,1,2,-12391,-12391,0,1,1,0,,0,3,3,0,3,4,0,0,6759,,0,2,1,
2026-09-16T05:49:57.664Z,382082390000000,54206556,541032,-43994,-43980,,-7885,-10138,-10138,6759,1,2,-10138,-10138,0,1,1,0,,0,3,3,0,3,4,0,0,6759,,0,2,1,
2026-09-16T05:49:57.768Z,382082500000000,54206660,541033,-43983,-43981,,-7885,-9012,-9012,6759,1,2,-9012,-9012,0,1,1,0,,0,3,3,0,3,4,0,0,6759,,0,2,1,
2026-09-16T05:49:57.960Z,382082687000000,54206765,541034,-43978,-43981,,-9012,-9012,-9012,6759,1,2,-9012,-9012,0,1,1,0,,0,3,3,0,3,4,0,0,5632,,0,2,1,
2026-09-16T05:49:58.064Z,382082796000000,54206962,541036,-44003,-43982,,-9012,-7885,-7885,6759,1,2,-7885,-7885,0,1,1,0,,0,3,3,0,3,4,0,0,4506,,0,2,1,
2026-09-16T05:49:58.168Z,382082890000000,54207060,541037,-44000,-43984,,-9012,-5632,-5632,6759,1,2,-5632,-5632,0,1,1,0,,0,3,3,0,3,4,0,0,6759,,0,2,1,
2026-09-16T05:49:58.273Z,382083000000000,54207164,541038,-43992,-43986,,-9012,-3379,-3379,6759,1,2,-3379,-3379,0,1,1,0,,0,3,3,0,3,4,0,0,9012,,0,2,1,
2026-09-16T05:49:58.376Z,382083109000000,54207268,541039,-43986,-43987,,-9012,-2253,-2253,6759,1,2,-2253,-2253,0,1,1,0,,0,3,3,0,3,4,0,0,7885,,0,2,1,
2026-09-16T05:49:58.480Z,382083203000000,54207373,541040,-43978,-43987,,-9012,-2253,-2253,6759,1,2,-2253,-2253,0,1,1,0,,0,3,3,0,3,4,0,0,6759,,0,2,1,
2026-09-16T05:49:58.584Z,382083312000000,54207476,541041,-43990,-43987,,-9012,-2253,-2253,6759,1,2,-2253,-2253,0,1,1,0,,0,3,3,0,3,4,0,0,6759,,0,2,1,
2026-09-16T05:49:58.688Z,382083421000000,54207580,541042,-43997,-43987,,-9012,-2253,-2253,6759,1,2,-2253,-2253,0,1,1,0,,0,3,3,0,3,4,0,0,6759,,0,2,1,
2026-09-16T05:49:58.793Z,382083515000000,54207684,541043,-43983,-43987,,-9012,-2253,-2253,6759,1,2,-2253,-2253,0,1,1,0,,0,3,3,0,3,4,0,0,5632,,0,2,1,
2026-09-16T05:49:58.988Z,382083718000000,54207789,541044,-43990,-43987,,-2253,-2253,-2253,6759,1,2,-2253,-2253,0,1,1,0,,0,3,3,0,3,4,0,0,3379,,0,2,1,
2026-09-16T05:49:59.092Z,382083828000000,54207989,541046,-43983,-43987,,-2253,-2253,-2253,6759,1,2,-2253,-2253,0,1,1,0,,0,3,3,0,3,4,0,0,0,,0,2,1,
2026-09-16T05:49:59.197Z,382083921000000,54208088,541047,-43999,-43988,,-2253,-1126,-1126,6759,1,2,-1126,-1126,0,1,1,0,,0,3,3,0,3,4,0,0,1127,,0,2,1,
2026-09-16T05:49:59.301Z,382084031000000,54208193,541048,-58480,-43989,,-2253,0,0,6759,1,2,0,0,0,1,1,0,,0,3,3,0,3,4,0,0,2253,,0,2,1,
2026-09-16T05:49:59.406Z,382084140000000,54208297,541049,-144502,-45800,,-2253,2040053,2040053,6759,204,2,2040053,2040053,0,0,1,0,,0,3,3,0,3,4,0,0,2042306,,0,2,1,
2026-09-16T05:49:59.513Z,382084234000000,54208402,541050,-283374,-58138,,-2253,15938548,15938548,6759,1594,2,15938548,15938548,0,0,1,0,,0,3,3,0,3,4,0,0,15940801,,0,2,1,
2026-09-16T05:49:59.619Z,382084343000000,54208508,541051,-407454,-86293,,-2253,47654559,47654559,6759,4765,2,47654559,47654559,0,0,1,0,,0,3,3,0,3,4,0,0,47656812,,0,2,1,
2026-09-16T05:49:59.725Z,382084453000000,54208615,541052,-466580,-126438,,-2253,92877049,92877049,6759,9288,2,92877049,92877049,0,0,0,0,,0,3,3,0,3,4,0,0,92879302,,0,2,1,
2026-09-16T05:49:59.833Z,382084562000000,54208721,541053,-499475,-168956,,-2253,140772674,140772674,6759,14077,2,140772674,140772674,0,0,0,0,,0,3,3,0,3,4,0,0,140774927,,0,2,1,
2026-09-16T05:50:00.030Z,382084750000000,54208828,541054,-490524,-209152,,259971027,186052616,186052616,225673127,18605,2,186052616,186052616,0,0,0,0,,0,3,3,0,3,4,0,0,186053742,,0,0,0,
2026-09-16T05:50:00.135Z,382084859000000,54208979,541056,-487901,-274771,,259971027,259971027,259971027,225673127,25997,2,259971027,259971027,0,0,0,0,,0,3,3,0,3,4,0,0,257930974,,0,0,0,
2026-09-16T05:50:00.242Z,382084968000000,54209131,541057,-487885,-301411,,259971027,289980422,289980422,225673127,28998,2,289980422,289980422,0,0,0,0,,0,3,3,0,3,4,0,0,274041874,,0,0,0,
2026-09-16T05:50:00.350Z,382085078000000,54209238,541058,-487884,-324720,,259971027,316237516,316237516,225673127,31624,2,316237516,316237516,0,0,0,0,,0,3,3,0,3,4,0,0,268582957,,0,0,0,
2026-09-16T05:50:00.455Z,382085187000000,54209361,541060,-487881,-362962,,259971027,359316317,359316317,225673127,35932,2,359316317,359316317,0,0,0,0,,0,3,3,0,3,4,0,0,218543643,,0,0,0,
2026-09-16T05:50:00.560Z,382085281000000,54209461,541061,-487884,-378577,,259971027,376906284,376906284,225673127,37691,2,376906284,376906284,0,0,0,0,,0,3,3,0,3,4,0,0,190853668,,0,0,0,
2026-09-16T05:50:00.668Z,382085390000000,54209562,541062,-487867,-392240,,259971027,392297363,392297363,225673127,39230,2,392297363,392297363,0,0,0,0,,0,3,3,0,3,4,0,0,166624236,,0,0,0,
2026-09-16T05:50:00.774Z,382085500000000,54209664,541063,-487868,-404194,,259971027,405763291,405763291,225673127,40576,2,405763291,405763291,0,0,0,0,,0,3,3,0,3,4,0,0,145792264,,0,0,0,
2026-09-16T05:50:00.880Z,382085609000000,54209770,541064,-487864,-414653,,259971027,417545132,417545132,225673127,41755,2,417545132,417545132,0,0,0,0,,0,3,3,0,3,4,0,0,127564710,,0,0,0,
2026-09-16T05:50:01.077Z,382085796000000,54209876,541065,-487866,-423805,,436875508,427854666,427854666,436875508,42785,2,427854666,427854666,0,0,0,0,,0,3,3,0,3,4,0,0,111617150,,0,0,0,
2026-09-16T05:50:01.184Z,382085906000000,54210079,541067,-487874,-438821,,436875508,444769872,444769872,436875508,44477,2,444769872,444769872,0,0,0,0,,0,3,3,0,3,4,0,0,85453555,,0,0,0,
2026-09-16T05:50:01.292Z,382086015000000,54210180,541068,-487880,-444953,,436875508,451677440,451677440,436875508,45168,2,451677440,451677440,0,0,0,0,,0,3,3,0,3,4,0,0,74771156,,0,0,0,
2026-09-16T05:50:01.398Z,382086125000000,54210287,541069,-487865,-450318,,436875508,457720998,457720998,436875508,45772,2,457720998,457720998,0,0,0,0,,0,3,3,0,3,4,0,0,65423635,,0,0,0,
2026-09-16T05:50:01.505Z,382086234000000,54210395,541070,-487868,-455012,,436875508,463008690,463008690,436875508,46301,2,463008690,463008690,0,0,0,0,,0,3,3,0,3,4,0,0,57245399,,0,0,0,
2026-09-16T05:50:01.612Z,382086343000000,54210501,541071,-487857,-459119,,436875508,467635138,467635138,436875508,46764,2,467635138,467635138,0,0,0,0,,0,3,3,0,3,4,0,0,50090006,,0,0,0,
2026-09-16T05:50:01.718Z,382086453000000,54210607,541072,-487841,-462711,,436875508,471681450,471681450,436875508,47168,2,471681450,471681450,0,0,0,0,,0,3,3,0,3,4,0,0,43826784,,0,0,0,
2026-09-16T05:50:01.824Z,382086546000000,54210714,541073,-487854,-465854,,436875508,475221973,475221973,436875508,47522,2,475221973,475221973,0,0,0,0,,0,3,3,0,3,4,0,0,38346465,,0,0,0,
2026-09-16T05:50:01.931Z,382086656000000,54210820,541074,-487853,-468604,,436875508,478319789,478319789,436875508,47832,2,478319789,478319789,0,0,0,0,,0,3,3,0,3,4,0,0,33549917,,0,0,0,
2026-09-16T05:50:02.130Z,382086859000000,54210927,541075,-487874,-471010,,485483068,481030097,481030097,483404715,48103,2,481030097,481030097,0,0,0,0,,0,3,3,0,3,4,0,0,29352657,,0,0,0,
2026-09-16T05:50:02.236Z,382086968000000,54211079,541077,-487879,-474963,,485483068,485483068,485483068,483404715,48548,2,485483068,485483068,0,0,0,0,,0,3,3,0,3,4,0,0,22474378,,0,0,0,
2026-09-16T05:50:02.343Z,382087078000000,54211233,541078,-487853,-476577,,485483068,487301205,487301205,483404715,48730,2,487301205,487301205,0,0,0,0,,0,3,3,0,3,4,0,0,19666067,,0,0,0,
2026-09-16T05:50:02.450Z,382087171000000,54211339,541079,-487864,-477988,,485483068,488890666,488890666,483404715,48889,2,488890666,488890666,0,0,0,0,,0,3,3,0,3,4,0,0,17209216,,0,0,0,
2026-09-16T05:50:02.558Z,382087281000000,54211465,541081,-487879,-480305,,485483068,491500718,491500718,483404715,49150,2,491500718,491500718,0,0,0,0,,0,3,3,0,3,4,0,0,13180929,,0,0,0,
2026-09-16T05:50:02.662Z,382087390000000,54211566,541082,-487873,-481252,,485483068,492567493,492567493,483404715,49257,2,492567493,492567493,0,0,0,0,,0,3,3,0,3,4,0,0,11537396,,0,0,0,
2026-09-16T05:50:02.766Z,382087500000000,54211666,541083,-487859,-482080,,485483068,493500217,493500217,483404715,49350,2,493500217,493500217,0,0,0,0,,0,3,3,0,3,4,0,0,10095502,,0,0,0,
2026-09-16T05:50:02.872Z,382087593000000,54211766,541084,-487873,-482804,,485483068,494315788,494315788,483404715,49432,2,494315788,494315788,0,0,0,0,,0,3,3,0,3,4,0,0,8832720,,0,0,0,
2026-09-16T05:50:02.978Z,382087703000000,54211868,541085,-487889,-483438,,485483068,495029976,495029976,483404715,49503,2,495029976,495029976,0,0,0,0,,0,3,3,0,3,4,0,0,7728771,,0,0,0,
2026-09-16T05:50:03.173Z,382087906000000,54211974,541086,-487889,-483994,,496204893,495656298,495656298,496204893,49566,2,495656298,495656298,0,0,0,0,,0,3,3,0,3,4,0,0,6765632,,0,0,0,
2026-09-16T05:50:03.280Z,382088000000000,54212175,541088,-487872,-484905,,496204893,496682520,496682520,496204893,49668,2,496682520,496682520,0,0,0,0,,0,3,3,0,3,4,0,0,5181802,,0,0,0,
2026-09-16T05:50:03.386Z,382088109000000,54212276,541089,-487873,-485276,,496204893,497100444,497100444,496204893,49710,2,497100444,497100444,0,0,0,0,,0,3,3,0,3,4,0,0,4532951,,0,0,0,
2026-09-16T05:50:03.492Z,382088218000000,54212382,541090,-487880,-485601,,496204893,497466549,497466549,496204893,49747,2,497466549,497466549,0,0,0,0,,0,3,3,0,3,4,0,0,3966332,,0,0,0,
2026-09-16T05:50:03.598Z,382088328000000,54212488,541091,-487884,-485886,,496204893,497787596,497787596,496204893,49779,2,497787596,497787596,0,0,0,0,,0,3,3,0,3,4,0,0,3471808,,0,0,0,
2026-09-16T05:50:03.703Z,382088437000000,54212594,541092,-487882,-486136,,496204893,498069215,498069215,496204893,49807,2,498069215,498069215,0,0,0,0,,0,3,3,0,3,4,0,0,3039239,,0,0,0,
2026-09-16T05:50:03.809Z,382088531000000,54212700,541093,-487875,-486354,,496204893,498314788,498314788,496204893,49831,2,498314788,498314788,0,0,0,0,,0,3,3,0,3,4,0,0,2658490,,0,0,0,
2026-09-16T05:50:03.916Z,382088640000000,54212806,541094,-487875,-486544,,496204893,498528819,498528819,496204893,49853,2,498528819,498528819,0,0,0,0,,0,3,3,0,3,4,0,0,2323926,,0,0,0,
2026-09-16T05:50:04.022Z,382088750000000,54212912,541095,-487874,-486710,,496204893,498715814,498715814,496204893,49872,2,498715814,498715814,0,0,0,0,,0,3,3,0,3,4,0,0,2033294,,0,0,0,
2026-09-16T05:50:04.216Z,382088937000000,54213018,541096,-487877,-486856,,499151761,498880280,498880280,499024469,49888,2,498880280,498880280,0,0,0,0,,0,3,3,0,3,4,0,0,1779836,,0,0,0,
2026-09-16T05:50:04.321Z,382089046000000,54213169,541098,-487885,-487097,,499151761,499151761,499151761,499024469,49915,2,499151761,499151761,0,0,0,0,,0,3,3,0,3,4,0,0,1364165,,0,0,0,
2026-09-16T05:50:04.427Z,382089156000000,54213318,541099,-487890,-487196,,499151761,499263283,499263283,499024469,49926,2,499263283,499263283,0,0,0,0,,0,3,3,0,3,4,0,0,1194068,,0,0,0,
2026-09-16T05:50:04.534Z,382089265000000,54213423,541100,-487880,-487282,,499151761,499360160,499360160,499024469,49936,2,499360160,499360160,0,0,0,0,,0,3,3,0,3,4,0,0,1045372,,0,0,0,
2026-09-16T05:50:04.640Z,382089375000000,54213530,541101,-487893,-487358,,499151761,499445772,499445772,499024469,49945,2,499445772,499445772,0,0,0,0,,0,3,3,0,3,4,0,0,916953,,0,0,0,
2026-09-16T05:50:04.746Z,382089468000000,54213637,541102,-487869,-487423,,499151761,499518994,499518994,499024469,49952,2,499518994,499518994,0,0,0,0,,0,3,3,0,3,4,0,0,803180,,0,0,0,
2026-09-16T05:50:04.852Z,382089578000000,54213742,541103,-487863,-487479,,499151761,499582076,499582076,499024469,49958,2,499582076,499582076,0,0,0,0,,0,3,3,0,3,4,0,0,701796,,0,0,0,
2026-09-16T05:50:04.958Z,382089687000000,54213848,541104,-487886,-487528,,499151761,499637274,499637274,499024469,49964,2,499637274,499637274,0,0,0,0,,0,3,3,0,3,4,0,0,612805,,0,0,0,
2026-09-16T05:50:05.063Z,382089796000000,54213970,541106,-487874,-487612,,499151761,499731898,499731898,499024469,49973,2,499731898,499731898,0,0,0,0,,0,3,3,0,3,4,0,0,468615,,0,0,0,
2026-09-16T05:50:05.256Z,382089984000000,54214071,541107,-487883,-487646,,499803993,499770198,499770198,499803993,49977,2,499770198,499770198,0,0,0,0,,0,3,3,0,3,4,0,0,410038,,0,0,0,
2026-09-16T05:50:05.361Z,382090093000000,54214271,541109,-487893,-487703,,499803993,499834408,499834408,499803993,49983,2,499834408,499834408,0,0,0,0,,0,3,3,0,3,4,0,0,315414,,0,0,0,
2026-09-16T05:50:05.465Z,382090187000000,54214371,541110,-487889,-487727,,499803993,499861443,499861443,499803993,49986,2,499861443,499861443,0,0,0,0,,0,3,3,0,3,4,0,0,279367,,0,0,0,
2026-09-16T05:50:05.569Z,382090296000000,54214471,541111,-487882,-487747,,499803993,499883973,499883973,499803993,49988,2,499883973,499883973,0,0,0,0,,0,3,3,0,3,4,0,0,246699,,0,0,0,
2026-09-16T05:50:05.675Z,382090406000000,54214571,541112,-487879,-487764,,499803993,499903123,499903123,499803993,49990,2,499903123,499903123,0,0,0,0,,0,3,3,0,3,4,0,0,215158,,0,0,0,
2026-09-16T05:50:05.781Z,382090515000000,54214672,541113,-487895,-487779,,499803993,499920020,499920020,499803993,49992,2,499920020,499920020,0,0,0,0,,0,3,3,0,3,4,0,0,188122,,0,0,0,
2026-09-16T05:50:05.888Z,382090609000000,54214777,541114,-487880,-487792,,499803993,499934664,499934664,499803993,49993,2,499934664,499934664,0,0,0,0,,0,3,3,0,3,4,0,0,164466,,0,0,0,
2026-09-16T05:50:05.994Z,382090718000000,54214884,541115,-487881,-487803,,499803993,499947055,499947055,499803993,49995,2,499947055,499947055,0,0,0,0,,0,3,3,0,3,4,0,0,143062,,0,0,0,
2026-09-16T05:50:06.100Z,382090828000000,54214990,541116,-487883,-487813,,499803993,499958320,499958320,499803993,49996,2,499958320,499958320,0,0,0,0,,0,3,3,0,3,4,0,0,123912,,0,0,0,
2026-09-16T05:50:06.297Z,382091031000000,54215097,541117,-487876,-487822,,499976344,499968459,499968459,499976344,49997,2,499968459,499968459,0,0,0,0,,0,3,3,0,3,4,0,0,107016,,0,0,0,
2026-09-16T05:50:06.403Z,382091125000000,54215300,541119,-487874,-487835,,499976344,499983103,499983103,499976344,49998,2,499983103,499983103,0,0,0,0,,0,3,3,0,3,4,0,0,79980,,0,0,0,
2026-09-16T05:50:06.508Z,382091234000000,54215399,541120,-487876,-487840,,499976344,499988735,499988735,499976344,49999,2,499988735,499988735,0,0,0,0,,0,3,3,0,3,4,0,0,68715,,0,0,0,
2026-09-16T05:50:06.615Z,382091343000000,54215505,541121,-487889,-487845,,499976344,499994368,499994368,499976344,49999,2,499994368,499994368,0,0,0,0,,0,3,3,0,3,4,0,0,59704,,0,0,0,
2026-09-16T05:50:06.720Z,382091453000000,54215611,541122,-487892,-487851,,499976344,500001126,500001126,499976344,50000,2,500001126,500001126,0,0,0,0,,0,3,3,0,3,4,0,0,54071,,0,0,0,
2026-09-16T05:50:06.826Z,382091546000000,54215717,541123,-487894,-487856,,499976344,500006759,500006759,499976344,50001,2,500006759,500006759,0,0,0,0,,0,3,3,0,3,4,0,0,48439,,0,0,0,
2026-09-16T05:50:06.933Z,382091656000000,54215822,541124,-487905,-487861,,499976344,500012391,500012391,499976344,50001,2,500012391,500012391,0,0,0,0,,0,3,3,0,3,4,0,0,43932,,0,0,0,
2026-09-16T05:50:07.038Z,382091765000000,54215929,541125,-487890,-487865,,499976344,500016897,500016897,499976344,50002,2,500016897,500016897,0,0,0,0,,0,3,3,0,3,4,0,0,40553,,0,0,0,
2026-09-16T05:50:07.144Z,382091875000000,54216035,541126,-487892,-487868,,499976344,500020277,500020277,499976344,50002,2,500020277,500020277,0,0,0,0,,0,3,3,0,3,4,0,0,37174,,0,0,0,
2026-09-16T05:50:07.340Z,382092062000000,54216141,541127,-487902,-487871,,500030415,500023656,500023656,500027035,50002,2,500023656,500023656,0,0,0,0,,0,3,3,0,3,4,0,0,34921,,0,0,0,
2026-09-16T05:50:07.445Z,382092171000000,54216292,541129,-487887,-487877,,500030415,500030415,500030415,500027035,50003,2,500030415,500030415,0,0,0,0,,0,3,3,0,3,4,0,0,29289,,0,0,0,
2026-09-16T05:50:07.552Z,382092281000000,54216442,541130,-487898,-487880,,500030415,500033794,500033794,500027035,50003,2,500033794,500033794,0,0,0,0,,0,3,3,0,3,4,0,0,27035,,0,0,0,
2026-09-16T05:50:07.658Z,382092390000000,54216548,541131,-487901,-487882,,500030415,500036047,500036047,500027035,50004,2,500036047,500036047,0,0,0,0,,0,3,3,0,3,4,0,0,23656,,0,0,0,
2026-09-16T05:50:07.764Z,382092500000000,54216655,541132,-487899,-487884,,500030415,500038300,500038300,500027035,50004,2,500038300,500038300,0,0,0,0,,0,3,3,0,3,4,0,0,21403,,0,0,0,
2026-09-16T05:50:07.868Z,382092593000000,54216776,541134,-487905,-487888,,500030415,500042806,500042806,500027035,50004,2,500042806,500042806,0,1,0,0,,0,3,3,0,3,4,0,0,19150,,0,0,0,
2026-09-16T05:50:07.973Z,382092703000000,54216876,541135,-487900,-487890,,500030415,500045059,500045059,500027035,50005,2,500045059,500045059,0,1,0,0,,0,3,3,0,3,4,0,0,18024,,0,0,0,
2026-09-16T05:50:08.080Z,382092812000000,54216976,541136,-487878,-487891,,500030415,500046186,500046186,500027035,50005,2,500046186,500046186,0,1,0,0,,0,3,3,0,3,4,0,0,15771,,0,0,0,
2026-09-16T05:50:08.186Z,382092906000000,54217077,541137,-487878,-487889,,500030415,500043933,500043933,500027035,50004,2,500043933,500043933,0,1,0,0,,0,3,3,0,3,4,0,0,12392,,0,0,0,
2026-09-16T05:50:08.378Z,382093109000000,54217182,541138,-487902,-487888,,500043933,500042806,500042806,500043933,50004,2,500042806,500042806,0,1,0,0,,0,3,3,0,3,4,0,0,10139,,0,1,0,
2026-09-16T05:50:08.485Z,382093218000000,54217382,541140,-487885,-487890,,500043933,500045059,500045059,500043933,50005,2,500045059,500045059,0,1,0,0,,0,3,3,0,3,4,0,0,5633,,0,1,0,
2026-09-16T05:50:08.591Z,382093312000000,54217482,541141,-487878,-487889,,500043933,500043933,500043933,500043933,50004,2,500043933,500043933,0,1,0,0,,0,3,3,0,3,4,0,0,3380,,0,1,0,
2026-09-16T05:50:08.697Z,382093421000000,54217588,541142,-487887,-487888,,500043933,500042806,500042806,500043933,50004,2,500042806,500042806,0,1,0,0,,0,3,3,0,3,4,0,0,3380,,0,1,0,
2026-09-16T05:50:08.802Z,382093531000000,54217694,541143,-487898,-487888,,500043933,500042806,500042806,500043933,50004,2,500042806,500042806,0,1,0,0,,0,3,3,0,3,4,0,0,3380,,0,1,0,
2026-09-16T05:50:08.908Z,382093640000000,54217799,541144,-487880,-487888,,500043933,500042806,500042806,500043933,50004,2,500042806,500042806,0,1,0,0,,0,3,3,0,3,4,0,0,2253,,0,1,0,
2026-09-16T05:50:09.014Z,382093734000000,54217904,541145,-487884,-487887,,500043933,500041680,500041680,500043933,50004,2,500041680,500041680,0,1,0,0,,0,3,3,0,3,4,0,0,3379,,0,1,0,
2026-09-16T05:50:09.120Z,382093843000000,54218010,541146,-487876,-487886,,500043933,500040553,500040553,500043933,50004,2,500040553,500040553,0,1,0,0,,0,3,3,0,3,4,0,0,4506,,0,1,0,
2026-09-16T05:50:09.226Z,382093953000000,54218116,541147,-487892,-487886,,500043933,500040553,500040553,500043933,50004,2,500040553,500040553,0,1,0,0,,0,3,3,0,3,4,0,0,4506,,0,1,0,
2026-09-16T05:50:09.420Z,382094140000000,54218223,541148,-487893,-487887,,500043933,500041680,500041680,500043933,50004,2,500041680,500041680,0,1,0,0,,0,3,3,0,3,4,0,0,3380,,0,2,1,
2026-09-16T05:50:09.526Z,382094250000000,54218379,541150,-487904,-487889,,500043933,500043933,500043933,500043933,50004,2,500043933,500043933,0,1,0,0,,0,3,3,0,3,4,0,0,3380,,0,2,1,
2026-09-16T05:50:09.632Z,382094359000000,54218523,541151,-487918,-487891,,500043933,500046186,500046186,500043933,50004,2,500046186,500046186,0,1,0,0,,0,3,3,0,3,4,0,0,5633,,0,2,1,
2026-09-16T05:50:09.737Z,382094468000000,54218628,541152,-487892,-487893,,500043933,500048439,500048439,500043933,50004,2,500048439,500048439,0,1,0,0,,0,3,3,0,3,4,0,0,7886,,0,2,1,
2026-09-16T05:50:09.842Z,382094562000000,54218734,541153,-487902,-487894,,500043933,500049565,500049565,500043933,50004,2,500049565,500049565,0,1,0,0,,0,3,3,0,3,4,0,0,9012,,0,2,1,
2026-09-16T05:50:09.949Z,382094671000000,54218839,541154,-487911,-487895,,500043933,500050692,500050692,500043933,50004,2,500050692,500050692,0,1,0,0,,0,3,3,0,3,4,0,0,10139,,0,2,1,
2026-09-16T05:50:10.056Z,382094781000000,54218946,541155,-487904,-487896,,500043933,500051818,500051818,500043933,50004,2,500051818,500051818,0,1,0,0,,0,3,3,0,3,4,0,0,10138,,0,2,1,
2026-09-16T05:50:10.161Z,382094890000000,54219053,541156,-487892,-487897,,500043933,500052945,500052945,500043933,50004,2,500052945,500052945,0,1,0,0,,0,3,3,0,3,4,0,0,10139,,0,2,1,
2026-09-16T05:50:10.269Z,382095000000000,54219158,541157,-487888,-487896,,500043933,500051818,500051818,500043933,50004,2,500051818,500051818,0,1,0,0,,0,3,3,0,3,4,0,0,9012,,0,2,1,
2026-09-16T05:50:10.460Z,382095187000000,54219281,541159,-487865,-487894,,500046186,500049565,500049565,500043933,50004,2,500049565,500049565,0,1,0,0,,0,3,3,0,3,4,0,0,4506,,0,2,1,
2026-09-16T05:50:10.567Z,382095296000000,54219381,541160,-487872,-487891,,500046186,500046186,500046186,500043933,50004,2,500046186,500046186,0,1,0,0,,0,3,3,0,3,4,0,0,6759,,0,2,1,
2026-09-16T05:50:10.672Z,382095406000000,54219582,541162,-487881,-487888,,500046186,500042806,500042806,500043933,50004,2,500042806,500042806,0,1,0,0,,0,3,3,0,3,4,0,0,10139,,0,2,1,
2026-09-16T05:50:10.777Z,382095500000000,54219682,541163,-487901,-487887,,500046186,500041680,500041680,500043933,50004,2,500041680,500041680,0,1,0,0,,0,3,3,0,3,4,0,0,11265,,0,2,1,
2026-09-16T05:50:10.882Z,382095609000000,54219782,541164,-487911,-487889,,500046186,500043933,500043933,500043933,50004,2,500043933,500043933,0,1,0,0,,0,3,3,0,3,4,0,0,10138,,0,2,1,
2026-09-16T05:50:10.987Z,382095718000000,54219882,541165,-487888,-487891,,500046186,500046186,500046186,500043933,50004,2,500046186,500046186,0,1,0,0,,0,3,3,0,3,4,0,0,9012,,0,2,1,
2026-09-16T05:50:11.094Z,382095828000000,54219984,541166,-487891,-487891,,500046186,500046186,500046186,500043933,50004,2,500046186,500046186,0,1,0,0,,0,3,3,0,3,4,0,0,7885,,0,2,1,
2026-09-16T05:50:11.200Z,382095921000000,54220091,541167,-487889,-487891,,500046186,500046186,500046186,500043933,50004,2,500046186,500046186,0,1,0,0,,0,3,3,0,3,4,0,0,4506,,0,2,1,
2026-09-16T05:50:11.306Z,382096031000000,54220196,541168,-487893,-487891,,500046186,500046186,500046186,500043933,50004,2,500046186,500046186,0,1,0,0,,0,3,3,0,3,4,0,0,4506,,0,2,1,
2026-09-16T05:50:11.501Z,382096234000000,54220303,541169,-487891,-487891,,500046186,500046186,500046186,500043933,50004,2,500046186,500046186,0,1,0,0,,0,3,3,0,3,4,0,0,4506,,0,2,1,
2026-09-16T05:50:11.608Z,382096328000000,54220504,541171,-487902,-487892,,500046186,500047312,500047312,500043933,50004,2,500047312,500047312,0,1,0,0,,0,3,3,0,3,4,0,0,3379,,0,2,1,
2026-09-16T05:50:11.713Z,382096437000000,54220605,541172,-487906,-487893,,500046186,500048439,500048439,500043933,50004,2,500048439,500048439,0,1,0,0,,0,3,3,0,3,4,0,0,2253,,0,2,1,
2026-09-16T05:50:11.818Z,382096546000000,54220710,541173,-487905,-487895,,500046186,500050692,500050692,500043933,50004,2,500050692,500050692,0,1,0,0,,0,3,3,0,3,4,0,0,4506,,0,2,1,
2026-09-16T05:50:11.925Z,382096656000000,54220815,541174,-487901,-487896,,500046186,500051818,500051818,500043933,50004,2,500051818,500051818,0,1,0,0,,0,3,3,0,3,4,0,0,5632,,0,2,1,
2026-09-16T05:50:12.031Z,382096765000000,54220921,541175,-487887,-487897,,500046186,500052945,500052945,500043933,50004,2,500052945,500052945,0,1,0,0,,0,3,3,0,3,4,0,0,6759,,0,2,1,
2026-09-16T05:50:12.137Z,382096859000000,54221027,541176,-487879,-487896,,500046186,500051818,500051818,500043933,50004,2,500051818,500051818,0,1,0,0,,0,3,3,0,3,4,0,0,6759,,0,2,1,
2026-09-16T05:50:12.243Z,382096968000000,54221134,541177,-487903,-487895,,500046186,500050692,500050692,500043933,50004,2,500050692,500050692,0,1,0,0,,0,3,3,0,3,4,0,0,6759,,0,2,1,
2026-09-16T05:50:12.349Z,382097078000000,54221240,541178,-487903,-487896,,500046186,500051818,500051818,500043933,50004,2,500051818,500051818,0,1,0,0,,0,3,3,0,3,4,0,0,5633,,0,2,1,
2026-09-16T05:50:12.545Z,382097265000000,54221346,541179,-487910,-487897,,500055197,500052945,500052945,500043933,50004,2,500052945,500052945,0,1,0,0,,0,3,3,0,3,4,0,0,4506,,0,2,1,
2026-09-16T05:50:12.652Z,382097375000000,54221495,541181,-487908,-487899,,500055197,500055197,500055197,500043933,50004,2,500055197,500055197,0,1,0,0,,0,3,3,0,3,4,0,0,4505,,0,2,1,
2026-09-16T05:50:12.759Z,382097484000000,54221648,541182,-487892,-487900,,500055197,500056324,500056324,500043933,50004,2,500056324,500056324,0,1,0,0,,0,3,3,0,3,4,0,0,5632,,0,2,1,
2026-09-16T05:50:12.865Z,382097593000000,54221755,541183,-487882,-487899,,500055197,500055197,500055197,500043933,50004,2,500055197,500055197,0,1,0,0,,0,3,3,0,3,4,0,0,5632,,0,2,1,
2026-09-16T05:50:12.970Z,382097703000000,54221862,541184,-487887,-487897,,500055197,500052945,500052945,500043933,50004,2,500052945,500052945,0,1,0,0,,0,3,3,0,3,4,0,0,5632,,0,2,1,
2026-09-16T05:50:13.078Z,382097812000000,54221987,541186,-487911,-487895,,500055197,500050692,500050692,500043933,50004,2,500050692,500050692,0,1,0,0,,0,3,3,0,3,4,0,0,5632,,0,2,1,
2026-09-16T05:50:13.183Z,382097906000000,54222087,541187,-487916,-487897,,500055197,500052945,500052945,500043933,50004,2,500052945,500052945,0,1,0,0,,0,3,3,0,3,4,0,0,5632,,0,2,1,
2026-09-16T05:50:13.287Z,382098015000000,54222187,541188,-487910,-487899,,500055197,500055197,500055197,500043933,50004,2,500055197,500055197,0,1,0,0,,0,3,3,0,3,4,0,0,5632,,0,2,1,
2026-09-16T05:50:13.393Z,382098125000000,54222287,541189,-487904,-487900,,500055197,500056324,500056324,500043933,50004,2,500056324,500056324,0,1,0,0,,0,3,3,0,3,4,0,0,5632,,0,2,1,
2026-09-16T05:50:13.587Z,382098312000000,54222389,541190,-487897,-487901,,500057450,500057450,500057450,500043933,50004,2,500057450,500057450,0,1,0,0,,0,3,3,0,3,4,0,0,6758,,0,2,1,
2026-09-16T05:50:13.693Z,382098421000000,54222591,541192,-487910,-487901,,500057450,500057450,500057450,500043933,50004,2,500057450,500057450,0,1,0,0,,0,3,3,0,3,4,0,0,6758,,0,2,1,
2026-09-16T05:50:13.798Z,382098531000000,54222690,541193,-487895,-487901,,500057450,500057450,500057450,500043933,50004,2,500057450,500057450,0,1,0,0,,0,3,3,0,3,4,0,0,6758,,0,2,1,
2026-09-16T05:50:13.903Z,382098625000000,54222795,541194,-487891,-487900,,500057450,500056324,500056324,500043933,50004,2,500056324,500056324,0,1,0,0,,0,3,3,0,3,4,0,0,4505,,0,2,1,
2026-09-16T05:50:14.011Z,382098734000000,54222901,541195,-487897,-487899,,500057450,500055197,500055197,500043933,50004,2,500055197,500055197,0,1,0,0,,0,3,3,0,3,4,0,0,2253,,0,2,1,
2026-09-16T05:50:14.117Z,382098843000000,54223007,541196,-487889,-487898,,500057450,500054071,500054071,500043933,50004,2,500054071,500054071,0,1,0,0,,0,3,3,0,3,4,0,0,3379,,0,2,1,
2026-09-16T05:50:14.223Z,382098953000000,54223114,541197,-487916,-487898,,500057450,500054071,500054071,500043933,50004,2,500054071,500054071,0,1,0,0,,0,3,3,0,3,4,0,0,3379,,0,2,1,
2026-09-16T05:50:14.328Z,382099062000000,54223220,541198,-487905,-487899,,500057450,500055197,500055197,500043933,50004,2,500055197,500055197,0,1,0,0,,0,3,3,0,3,4,0,0,3379,,0,2,1,
2026-09-16T05:50:14.434Z,382099156000000,54223325,541199,-487895,-487900,,500057450,500056324,500056324,500043933,50004,2,500056324,500056324,0,1,0,0,,0,3,3,0,3,4,0,0,3379,,0,2,1,
2026-09-16T05:50:14.630Z,382099359000000,54223431,541200,-487897,-487900,,500054071,500056324,500056324,500043933,50004,2,500056324,500056324,0,1,0,0,,0,3,3,0,3,4,0,0,3379,,0,2,1,
2026-09-16T05:50:14.736Z,382099468000000,54223590,541202,-487892,-487898,,500054071,500054071,500054071,500043933,50004,2,500054071,500054071,0,1,0,0,,0,3,3,0,3,4,0,0,2253,,0,2,1,
2026-09-16T05:50:14.842Z,382099562000000,54223733,541203,-487890,-487897,,500054071,500052945,500052945,500043933,50004,2,500052945,500052945,0,1,0,0,,0,3,3,0,3,4,0,0,3379,,0,2,1,
2026-09-16T05:50:14.947Z,382099671000000,54223839,541204,-487895,-487896,,500054071,500051818,500051818,500043933,50004,2,500051818,500051818,0,1,0,0,,0,3,3,0,3,4,0,0,4506,,0,2,1,
2026-09-16T05:50:15.054Z,382099781000000,54223944,541205,-487889,-487895,,500054071,500050692,500050692,500043933,50004,2,500050692,500050692,0,1,0,0,,0,3,3,0,3,4,0,0,5632,,0,2,1,
2026-09-16T05:50:15.159Z,382099890000000,54224051,541206,-487894,-487895,,500054071,500050692,500050692,500043933,50004,2,500050692,500050692,0,1,0,0,,0,3,3,0,3,4,0,0,5632,,0,2,1,
2026-09-16T05:50:15.266Z,382100000000000,54224157,541207,-487897,-487895,,500054071,500050692,500050692,500043933,50004,2,500050692,500050692,0,1,0,0,,0,3,3,0,3,4,0,0,5632,,0,2,1,
2026-09-16T05:50:15.373Z,382100093000000,54224263,541208,-487899,-487895,,500054071,500050692,500050692,500043933,50004,2,500050692,500050692,0,1,0,0,,0,3,3,0,3,4,0,0,4505,,0,2,1,
2026-09-16T05:50:15.479Z,382100203000000,54224370,541209,-487886,-487895,,500054071,500050692,500050692,500043933,50004,2,500050692,500050692,0,1,0,0,,0,3,3,0,3,4,0,0,3379,,0,2,1,
2026-09-16T05:50:15.670Z,382100390000000,54224492,541211,-487897,-487893,,500049565,500048439,500048439,500043933,50004,2,500048439,500048439,0,1,0,0,,0,3,3,0,3,4,0,0,3379,,0,2,1,
2026-09-16T05:50:15.776Z,382100500000000,54224592,541212,-487898,-487894,,500049565,500049565,500049565,500043933,50004,2,500049565,500049565,0,1,0,0,,0,3,3,0,3,4,0,0,2253,,0,2,1,
2026-09-16T05:50:15.881Z,382100609000000,54224792,541214,-487913,-487896,,500049565,500051818,500051818,500043933,50004,2,500051818,500051818,0,1,0,0,,0,3,3,0,3,4,0,0,3379,,0,2,1,
2026-09-16T05:50:15.985Z,382100718000000,54224892,541215,-487916,-487898,,500049565,500054071,500054071,500043933,50004,2,500054071,500054071,0,1,0,0,,0,3,3,0,3,4,0,0,5632,,0,2,1,
2026-09-16T05:50:16.089Z,382100812000000,54224993,541216,-487903,-487900,,500049565,500056324,500056324,500043933,50004,2,500056324,500056324,0,1,0,0,,0,3,3,0,3,4,0,0,7885,,0,2,1,
2026-09-16T05:50:16.193Z,382100921000000,54225093,541217,-487914,-487902,,500049565,500058577,500058577,500043933,50004,2,500058577,500058577,0,1,0,0,,0,3,3,0,3,4,0,0,10138,,0,2,1,
2026-09-16T05:50:16.299Z,382101031000000,54225193,541218,-487906,-487903,,500049565,500059703,500059703,500043933,50004,2,500059703,500059703,0,1,0,0,,0,3,3,0,3,4,0,0,11264,,0,2,1,
2026-09-16T05:50:16.405Z,382101140000000,54225297,541219,-487908,-487904,,500049565,500060830,500060830,500043933,50004,2,500060830,500060830,0,1,0,0,,0,3,3,0,3,4,0,0,11265,,0,2,1,
2026-09-16T05:50:16.512Z,382101234000000,54225402,541220,-487902,-487904,,500049565,500060830,500060830,500043933,50004,2,500060830,500060830,0,1,0,0,,0,3,3,0,3,4,0,0,10138,,0,2,1,
2026-09-16T05:50:16.707Z,382101437000000,54225508,541221,-487905,-487904,,500060830,500060830,500060830,500043933,50004,2,500060830,500060830,0,1,0,0,,0,3,3,0,3,4,0,0,9012,,0,2,1,
2026-09-16T05:50:16.813Z,382101546000000,54225711,541223,-487896,-487903,,500060830,500059703,500059703,500043933,50004,2,500059703,500059703,0,1,0,0,,0,3,3,0,3,4,0,0,4506,,0,2,1,
2026-09-16T05:50:16.920Z,382101640000000,54225811,541224,-487882,-487901,,500060830,500057450,500057450,500043933,50004,2,500057450,500057450,0,1,0,0,,0,3,3,0,3,4,0,0,3380,,0,2,1,
2026-09-16T05:50:17.027Z,382101750000000,54225917,541225,-487893,-487900,,500060830,500056324,500056324,500043933,50004,2,500056324,500056324,0,1,0,0,,0,3,3,0,3,4,0,0,4506,,0,2,1,
2026-09-16T05:50:17.133Z,382101859000000,54226025,541226,-487892,-487899,,500060830,500055197,500055197,500043933,50004,2,500055197,500055197,0,1,0,0,,0,3,3,0,3,4,0,0,5633,,0,2,1,
2026-09-16T05:50:17.238Z,382101968000000,54226130,541227,-487876,-487898,,500060830,500054071,500054071,500043933,50004,2,500054071,500054071,0,1,0,0,,0,3,3,0,3,4,0,0,6759,,0,2,1,
2026-09-16T05:50:17.345Z,382102078000000,54226236,541228,-487885,-487896,,500060830,500051818,500051818,500043933,50004,2,500051818,500051818,0,1,0,0,,0,3,3,0,3,4,0,0,9012,,0,2,1,
2026-09-16T05:50:17.452Z,382102187000000,54226341,541229,-487880,-487894,,500060830,500049565,500049565,500043933,50004,2,500049565,500049565,0,1,0,0,,0,3,3,0,3,4,0,0,11265,,0,2,1,
2026-09-16T05:50:17.557Z,382102281000000,54226449,541230,-487892,-487893,,500060830,500048439,500048439,500043933,50004,2,500048439,500048439,0,1,0,0,,0,3,3,0,3,4,0,0,11264,,0,2,1,
2026-09-16T05:50:17.749Z,382102484000000,54226555,541231,-487889,-487892,,500046186,500047312,500047312,500043933,50004,2,500047312,500047312,0,1,0,0,,0,3,3,0,3,4,0,0,10138,,0,2,1,
2026-09-16T05:50:17.855Z,382102578000000,54226703,541233,-487883,-487891,,500046186,500046186,500046186,500043933,50004,2,500046186,500046186,0,1,0,0,,0,3,3,0,3,4,0,0,9011,,0,2,1,
2026-09-16T05:50:17.960Z,382102687000000,54226852,541234,-487876,-487890,,500046186,500045059,500045059,500043933,50004,2,500045059,500045059,0,1,0,0,,0,3,3,0,3,4,0,0,9012,,0,2,1,
2026-09-16T05:50:18.066Z,382102796000000,54226957,541235,-487883,-487889,,500046186,500043933,500043933,500043933,50004,2,500043933,500043933,0,1,0,0,,0,3,3,0,3,4,0,0,7885,,0,2,1,
2026-09-16T05:50:18.172Z,382102906000000,54227065,541236,-487886,-487888,,500046186,500042806,500042806,500043933,50004,2,500042806,500042806,0,1,0,0,,0,3,3,0,3,4,0,0,6759,,0,2,1,
2026-09-16T05:50:18.278Z,382103000000000,54227170,541237,-487884,-487887,,500046186,500041680,500041680,500043933,50004,2,500041680,500041680,0,1,0,0,,0,3,3,0,3,4,0,0,6759,,0,2,1,
2026-09-16T05:50:18.382Z,382103109000000,54227275,541238,-487880,-487887,,500046186,500041680,500041680,500043933,50004,2,500041680,500041680,0,1,0,0,,0,3,3,0,3,4,0,0,5632,,0,2,1,
2026-09-16T05:50:18.488Z,382103218000000,54227398,541240,-487886,-487887,,500046186,500041680,500041680,500043933,50004,2,500041680,500041680,0,1,0,0,,0,3,3,0,3,4,0,0,4506,,0,2,1,
2026-09-16T05:50:18.592Z,382103328000000,54227498,541241,-487888,-487887,,500046186,500041680,500041680,500043933,50004,2,500041680,500041680,0,1,0,0,,0,3,3,0,3,4,0,0,3379,,0,2,1,
2026-09-16T05:50:18.784Z,382103515000000,54227598,541242,-487890,-487887,,500041680,500041680,500041680,500043933,50004,2,500041680,500041680,0,1,0,0,,0,3,3,0,3,4,0,0,2253,,0,2,1,
2026-09-16T05:50:18.889Z,382103625000000,54227798,541244,-487883,-487886,,500041680,500040553,500040553,500043933,50004,2,500040553,500040553,0,1,0,0,,0,3,3,0,3,4,0,0,1127,,0,2,1,
2026-09-16T05:50:18.993Z,382103718000000,54227898,541245,-487871,-487885,,500041680,500039427,500039427,500043933,50004,2,500039427,500039427,0,1,0,0,,0,3,3,0,3,4,0,0,2253,,0,2,1,
2026-09-16T05:50:19.098Z,382103828000000,54227999,541246,-487870,-487883,,500041680,500037174,500037174,500043933,50004,2,500037174,500037174,0,1,0,0,,0,3,3,0,3,4,0,0,4506,,0,2,1,
2026-09-16T05:50:19.204Z,382103937000000,54228099,541247,-487881,-487881,,500041680,500034921,500034921,500043933,50004,2,500034921,500034921,0,1,0,0,,0,3,3,0,3,4,0,0,6759,,0,2,1,
2026-09-16T05:50:19.310Z,382104031000000,54228201,541248,-487886,-487881,,500041680,500034921,500034921,500043933,50004,2,500034921,500034921,0,1,0,0,,0,3,3,0,3,4,0,0,6759,,0,2,1,
2026-09-16T05:50:19.416Z,382104140000000,54228307,541249,-487858,-487881,,500041680,500034921,500034921,500043933,50004,2,500034921,500034921,0,1,0,0,,0,3,3,0,3,4,0,0,6759,,0,2,1,
2026-09-16T05:50:19.522Z,382104250000000,54228413,541250,-487865,-487879,,500041680,500032668,500032668,500043933,50004,2,500032668,500032668,0,1,0,0,,0,3,3,0,3,4,0,0,9012,,0,2,1,
2026-09-16T05:50:19.627Z,382104359000000,54228519,541251,-487878,-487877,,500041680,500030415,500030415,500043933,50004,2,500030415,500030415,0,1,0,0,,0,3,3,0,3,4,0,0,10138,,0,2,1,
2026-09-16T05:50:19.821Z,382104546000000,54228625,541252,-487881,-487877,,500031541,500030415,500030415,500043933,50004,2,500030415,500030415,0,1,0,0,,0,3,3,0,3,4,0,0,9012,,0,2,1,
2026-09-16T05:50:19.926Z,382104656000000,54228825,541254,-487884,-487879,,500031541,500032668,500032668,500043933,50004,2,500032668,500032668,0,1,0,0,,0,3,3,0,3,4,0,0,4506,,0,2,1,
2026-09-16T05:50:20.033Z,382104765000000,54228924,541255,-487883,-487880,,500031541,500033794,500033794,500043933,50004,2,500033794,500033794,0,1,0,0,,0,3,3,0,3,4,0,0,4506,,0,2,1,
2026-09-16T05:50:20.139Z,382104859000000,54229030,541256,-487883,-487880,,500031541,500033794,500033794,500043933,50004,2,500033794,500033794,0,1,0,0,,0,3,3,0,3,4,0,0,4506,,0,2,1,
2026-09-16T05:50:20.244Z,382104968000000,54229136,541257,-487885,-487880,,500031541,500033794,500033794,500043933,50004,2,500033794,500033794,0,1,0,0,,0,3,3,0,3,4,0,0,3379,,0,2,1,
2026-09-16T05:50:20.351Z,382105078000000,54229242,541258,-487876,-487880,,500031541,500033794,500033794,500043933,50004,2,500033794,500033794,0,1,0,0,,0,3,3,0,3,4,0,0,3379,,0,2,1,
2026-09-16T05:50:20.458Z,382105187000000,54229348,541259,-487875,-487879,,500031541,500032668,500032668,500043933,50004,2,500032668,500032668,0,1,0,0,,0,3,3,0,3,4,0,0,3379,,0,2,1,
2026-09-16T05:50:20.563Z,382105296000000,54229455,541260,-487894,-487879,,500031541,500032668,500032668,500043933,50004,2,500032668,500032668,0,1,0,0,,0,3,3,0,3,4,0,0,2253,,0,2,1,
2026-09-16T05:50:20.669Z,382105390000000,54229562,541261,-487893,-487881,,500031541,500034921,500034921,500043933,50004,2,500034921,500034921,0,1,0,0,,0,3,3,0,3,4,0,0,2253,,0,2,1,
2026-09-16T05:50:20.864Z,382105593000000,54229666,541262,-487881,-487883,,500037174,500037174,500037174,500043933,50004,2,500037174,500037174,0,1,0,0,,0,3,3,0,3,4,0,0,4506,,0,2,1,
2026-09-16T05:50:20.971Z,382105703000000,54229815,541264,-487882,-487883,,500037174,500037174,500037174,500043933,50004,2,500037174,500037174,0,1,0,0,,0,3,3,0,3,4,0,0,4506,,0,2,1,
2026-09-16T05:50:21.078Z,382105812000000,54229968,541265,-487889,-487883,,500037174,500037174,500037174,500043933,50004,2,500037174,500037174,0,1,0,0,,0,3,3,0,3,4,0,0,4506,,0,2,1,
2026-09-16T05:50:21.184Z,382105906000000,54230076,541266,-487905,-487884,,500037174,500038300,500038300,500043933,50004,2,500038300,500038300,0,1,0,0,,0,3,3,0,3,4,0,0,5632,,0,2,1,
2026-09-16T05:50:21.290Z,382106015000000,54230182,541267,-487910,-487887,,500037174,500041680,500041680,500043933,50004,2,500041680,500041680,0,1,0,0,,0,3,3,0,3,4,0,0,9012,,0,2,1,
2026-09-16T05:50:21.396Z,382106125000000,54230303,541269,-487889,-487889,,500037174,500043933,500043933,500043933,50004,2,500043933,500043933,0,1,0,0,,0,3,3,0,3,4,0,0,6759,,0,2,1,
2026-09-16T05:50:21.500Z,382106234000000,54230403,541270,-487877,-487889,,500037174,500043933,500043933,500043933,50004,2,500043933,500043933,0,1,0,0,,0,3,3,0,3,4,0,0,6759,,0,2,1,
2026-09-16T05:50:21.607Z,382106328000000,54230504,541271,-487887,-487889,,500037174,500043933,500043933,500043933,50004,2,500043933,500043933,0,1,0,0,,0,3,3,0,3,4,0,0,6759,,0,2,1,
2026-09-16T05:50:21.712Z,382106437000000,54230605,541272,-487895,-487889,,500037174,500043933,500043933,500043933,50004,2,500043933,500043933,0,1,0,0,,0,3,3,0,3,4,0,0,6759,,0,2,1,
2026-09-16T05:50:21.907Z,382106640000000,54230710,541273,-487891,-487889,,500043933,500043933,500043933,500043933,50004,2,500043933,500043933,0,1,0,0,,0,3,3,0,3,4,0,0,5633,,0,2,1,
2026-09-16T05:50:22.013Z,382106734000000,54230911,541275,-487890,-487889,,500043933,500043933,500043933,500043933,50004,2,500043933,500043933,0,1,0,0,,0,3,3,0,3,4,0,0,0,,0,2,1,
2026-09-16T05:50:22.119Z,382106843000000,54231011,541276,-487894,-487889,,500043933,500043933,500043933,500043933,50004,2,500043933,500043933,0,1,0,0,,0,3,3,0,3,4,0,0,0,,0,2,1,
2026-09-16T05:50:22.226Z,382106953000000,54231117,541277,-487882,-487889,,500043933,500043933,500043933,500043933,50004,2,500043933,500043933,0,1,0,0,,0,3,3,0,3,4,0,0,0,,0,2,1,
2026-09-16T05:50:22.332Z,382107062000000,54231223,541278,-487867,-487888,,500043933,500042806,500042806,500043933,50004,2,500042806,500042806,0,1,0,0,,0,3,3,0,3,4,0,0,1127,,0,2,1,
2026-09-16T05:50:22.437Z,382107171000000,54231329,541279,-487882,-487887,,500043933,500041680,500041680,500043933,50004,2,500041680,500041680,0,1,0,0,,0,3,3,0,3,4,0,0,2253,,0,2,1,
2026-09-16T05:50:22.544Z,382107265000000,54231435,541280,-487884,-487886,,500043933,500040553,500040553,500043933,50004,2,500040553,500040553,0,1,0,0,,0,3,3,0,3,4,0,0,3380,,0,2,1,
2026-09-16T05:50:22.651Z,382107375000000,54231542,541281,-487885,-487886,,500043933,500040553,500040553,500043933,50004,2,500040553,500040553,0,1,0,0,,0,3,3,0,3,4,0,0,3380,,0,2,1,
2026-09-16T05:50:22.756Z,382107484000000,54231647,541282,-487879,-487886,,500043933,500040553,500040553,500043933,50004,2,500040553,500040553,0,1,0,0,,0,3,3,0,3,4,0,0,3380,,0,2,1,
2026-09-16T05:50:22.948Z,382107671000000,54231754,541283,-487897,-487886,,500043933,500040553,500040553,500043933,50004,2,500040553,500040553,0,1,0,0,,0,3,3,0,3,4,0,0,3380,,0,2,1,
2026-09-16T05:50:23.055Z,382107781000000,54231906,541285,-487908,-487889,,500043933,500043933,500043933,500043933,50004,2,500043933,500043933,0,1,0,0,,0,3,3,0,3,4,0,0,3380,,0,2,1,
2026-09-16T05:50:23.160Z,382107890000000,54232052,541286,-487911,-487891,,500043933,500046186,500046186,500043933,50004,2,500046186,500046186,0,1,0,0,,0,3,3,0,3,4,0,0,5633,,0,2,1,
2026-09-16T05:50:23.267Z,382108000000000,54232158,541287,-487895,-487893,,500043933,500048439,500048439,500043933,50004,2,500048439,500048439,0,1,0,0,,0,3,3,0,3,4,0,0,7886,,0,2,1,
2026-09-16T05:50:23.373Z,382108093000000,54232265,541288,-487909,-487895,,500043933,500050692,500050692,500043933,50004,2,500050692,500050692,0,1,0,0,,0,3,3,0,3,4,0,0,10139,,0,2,1,
2026-09-16T05:50:23.480Z,382108203000000,54232370,541289,-487907,-487897,,500043933,500052945,500052945,500043933,50004,2,500052945,500052945,0,1,0,0,,0,3,3,0,3,4,0,0,12392,,0,2,1,
2026-09-16T05:50:23.586Z,382108312000000,54232477,541290,-487908,-487898,,500043933,500054071,500054071,500043933,50004,2,500054071,500054071,0,1,0,0,,0,3,3,0,3,4,0,0,13518,,0,2,1,
2026-09-16T05:50:23.692Z,382108421000000,54232584,541291,-487900,-487899,,500043933,500055197,500055197,500043933,50004,2,500055197,500055197,0,1,0,0,,0,3,3,0,3,4,0,0,13517,,0,2,1,
2026-09-16T05:50:23.797Z,382108531000000,54232708,541293,-487912,-487902,,500043933,500058577,500058577,500043933,50004,2,500058577,500058577,0,1,0,0,,0,3,3,0,3,4,0,0,12391,,0,2,1,
2026-09-16T05:50:23.989Z,382108718000000,54232808,541294,-487934,-487904,,500063083,500060830,500060830,500043933,50004,2,500060830,500060830,0,1,0,0,,0,3,3,0,3,4,0,0,12391,,0,2,1,
2026-09-16T05:50:24.095Z,382108828000000,54232908,541295,-487917,-487906,,500063083,500063083,500063083,500043933,50004,2,500063083,500063083,0,1,0,0,,0,3,3,0,3,4,0,0,12391,,0,2,1,
2026-09-16T05:50:24.200Z,382108921000000,54233109,541297,-487894,-487906,,500063083,500063083,500063083,500043933,50004,2,500063083,500063083,0,1,0,0,,0,3,3,0,3,4,0,0,10138,,0,2,1,
2026-09-16T05:50:24.305Z,382109031000000,54233210,541298,-487908,-487905,,500063083,500061956,500061956,500043933,50004,2,500061956,500061956,0,1,0,0,,0,3,3,0,3,4,0,0,9012,,0,2,1,
2026-09-16T05:50:24.411Z,382109140000000,54233309,541299,-487888,-487904,,500063083,500060830,500060830,500043933,50004,2,500060830,500060830,0,1,0,0,,0,3,3,0,3,4,0,0,7885,,0,2,1,
2026-09-16T05:50:24.518Z,382109250000000,54233409,541300,-487877,-487902,,500063083,500058577,500058577,500043933,50004,2,500058577,500058577,0,1,0,0,,0,3,3,0,3,4,0,0,5632,,0,2,1,
2026-09-16T05:50:24.623Z,382109343000000,54233516,541301,-487886,-487900,,500063083,500056324,500056324,500043933,50004,2,500056324,500056324,0,1,0,0,,0,3,3,0,3,4,0,0,7885,,0,2,1,
2026-09-16T05:50:24.728Z,382109453000000,54233622,541302,-487902,-487898,,500063083,500054071,500054071,500043933,50004,2,500054071,500054071,0,1,0,0,,0,3,3,0,3,4,0,0,10138,,0,2,1,
2026-09-16T05:50:24.835Z,382109562000000,54233727,541303,-487906,-487899,,500063083,500055197,500055197,500043933,50004,2,500055197,500055197,0,1,0,0,,0,3,3,0,3,4,0,0,10138,,0,2,1,
2026-09-16T05:50:25.030Z,382109750000000,54233833,541304,-487895,-487899,,500055197,500055197,500055197,500043933,50004,2,500055197,500055197,0,1,0,0,,0,3,3,0,3,4,0,0,9012,,0,2,1,
2026-09-16T05:50:25.136Z,382109859000000,54234033,541306,-487898,-487899,,500055197,500055197,500055197,500043933,50004,2,500055197,500055197,0,1,0,0,,0,3,3,0,3,4,0,0,6759,,0,2,1,
2026-09-16T05:50:25.242Z,382109968000000,54234134,541307,-487900,-487899,,500055197,500055197,500055197,500043933,50004,2,500055197,500055197,0,1,0,0,,0,3,3,0,3,4,0,0,4506,,0,2,1,
2026-09-16T05:50:25.348Z,382110078000000,54234240,541308,-487901,-487899,,500055197,500055197,500055197,500043933,50004,2,500055197,500055197,0,1,0,0,,0,3,3,0,3,4,0,0,2253,,0,2,1,
2026-09-16T05:50:25.453Z,382110187000000,54234346,541309,-487902,-487899,,500055197,500055197,500055197,500043933,50004,2,500055197,500055197,0,1,0,0,,0,3,3,0,3,4,0,0,1126,,0,2,1,
2026-09-16T05:50:25.560Z,382110281000000,54234452,541310,-487876,-487899,,500055197,500055197,500055197,500043933,50004,2,500055197,500055197,0,1,0,0,,0,3,3,0,3,4,0,0,0,,0,2,1,
2026-09-16T05:50:25.666Z,382110390000000,54234558,541311,-487881,-487897,,500055197,500052945,500052945,500043933,50004,2,500052945,500052945,0,1,0,0,,0,3,3,0,3,4,0,0,2252,,0,2,1,
2026-09-16T05:50:25.773Z,382110500000000,54234664,541312,-487880,-487895,,500055197,500050692,500050692,500043933,50004,2,500050692,500050692,0,1,0,0,,0,3,3,0,3,4,0,0,4505,,0,2,1,
2026-09-16T05:50:25.878Z,382110609000000,54234771,541313,-487892,-487893,,500055197,500048439,500048439,500043933,50004,2,500048439,500048439,0,1,0,0,,0,3,3,0,3,4,0,0,6758,,0,2,1,
2026-09-16T05:50:26.074Z,382110796000000,54234877,541314,-487903,-487893,,500050692,500048439,500048439,500043933,50004,2,500048439,500048439,0,1,0,0,,0,3,3,0,3,4,0,0,6758,,0,2,1,
2026-09-16T05:50:26.180Z,382110906000000,54235025,541316,-487905,-487895,,500050692,500050692,500050692,500043933,50004,2,500050692,500050692,0,1,0,0,,0,3,3,0,3,4,0,0,6758,,0,2,1,
2026-09-16T05:50:26.287Z,382111015000000,54235178,541317,-487884,-487896,,500050692,500051818,500051818,500043933,50004,2,500051818,500051818,0,1,0,0,,0,3,3,0,3,4,0,0,6758,,0,2,1,
2026-09-16T05:50:26.392Z,382111125000000,54235285,541318,-487883,-487894,,500050692,500049565,500049565,500043933,50004,2,500049565,500049565,0,1,0,0,,0,3,3,0,3,4,0,0,4506,,0,2,1,
2026-09-16T05:50:26.498Z,382111218000000,54235390,541319,-487885,-487893,,500050692,500048439,500048439,500043933,50004,2,500048439,500048439,0,1,0,0,,0,3,3,0,3,4,0,0,3379,,0,2,1,
2026-09-16T05:50:26.603Z,382111328000000,54235514,541321,-487906,-487893,,500050692,500048439,500048439,500043933,50004,2,500048439,500048439,0,1,0,0,,0,3,3,0,3,4,0,0,4506,,0,2,1,
2026-09-16T05:50:26.707Z,382111437000000,54235614,541322,-487887,-487894,,500050692,500049565,500049565,500043933,50004,2,500049565,500049565,0,1,0,0,,0,3,3,0,3,4,0,0,4506,,0,2,1,
2026-09-16T05:50:26.811Z,382111546000000,54235714,541323,-487881,-487893,,500050692,500048439,500048439,500043933,50004,2,500048439,500048439,0,1,0,0,,0,3,3,0,3,4,0,0,4506,,0,2,1,
2026-09-16T05:50:26.918Z,382111640000000,54235814,541324,-487894,-487892,,500050692,500047312,500047312,500043933,50004,2,500047312,500047312,0,1,0,0,,0,3,3,0,3,4,0,0,4506,,0,2,1,
2026-09-16T05:50:27.113Z,382111843000000,54235915,541325,-487870,-487891,,500042806,500046186,500046186,500043933,50004,2,500046186,500046186,0,1,0,0,,0,3,3,0,3,4,0,0,3379,,0,2,1,
2026-09-16T05:50:27.219Z,382111953000000,54236117,541327,-487873,-487886,,500042806,500040553,500040553,500043933,50004,2,500040553,500040553,0,1,0,0,,0,3,3,0,3,4,0,0,9012,,0,2,1,
2026-09-16T05:50:27.324Z,382112046000000,54236216,541328,-487877,-487884,,500042806,500038300,500038300,500043933,50004,2,500038300,500038300,0,1,0,0,,0,3,3,0,3,4,0,0,11265,,0,2,1,
2026-09-16T05:50:27.431Z,382112156000000,54236322,541329,-487873,-487883,,500042806,500037174,500037174,500043933,50004,2,500037174,500037174,0,1,0,0,,0,3,3,0,3,4,0,0,12391,,0,2,1,
2026-09-16T05:50:27.537Z,382112265000000,54236428,541330,-487882,-487882,,500042806,500036047,500036047,500043933,50004,2,500036047,500036047,0,1,0,0,,0,3,3,0,3,4,0,0,12392,,0,2,1,
2026-09-16T05:50:27.643Z,382112375000000,54236536,541331,-487898,-487882,,500042806,500036047,500036047,500043933,50004,2,500036047,500036047,0,1,0,0,,0,3,3,0,3,4,0,0,11265,,0,2,1,
2026-09-16T05:50:27.749Z,382112484000000,54236642,541332,-487880,-487882,,500042806,500036047,500036047,500043933,50004,2,500036047,500036047,0,1,0,0,,0,3,3,0,3,4,0,0,10139,,0,2,1,
2026-09-16T05:50:27.854Z,382112578000000,54236747,541333,-487870,-487882,,500042806,500036047,500036047,500043933,50004,2,500036047,500036047,0,1,0,0,,0,3,3,0,3,4,0,0,6759,,0,2,1,
2026-09-16T05:50:27.960Z,382112687000000,54236853,541334,-487870,-487880,,500042806,500033794,500033794,500043933,50004,2,500033794,500033794,0,1,0,0,,0,3,3,0,3,4,0,0,6759,,0,2,1,
2026-09-16T05:50:28.156Z,382112890000000,54236958,541335,-487889,-487879,,500032668,500032668,500032668,500043933,50004,2,500032668,500032668,0,1,0,0,,0,3,3,0,3,4,0,0,5632,,0,2,1,
2026-09-16T05:50:28.261Z,382112984000000,54237116,541337,-487869,-487879,,500032668,500032668,500032668,500043933,50004,2,500032668,500032668,0,1,0,0,,0,3,3,0,3,4,0,0,3379,,0,2,1,
2026-09-16T05:50:28.366Z,382113093000000,54237259,541338,-487869,-487878,,500032668,500031541,500031541,500043933,50004,2,500031541,500031541,0,1,0,0,,0,3,3,0,3,4,0,0,4506,,0,2,1,
2026-09-16T05:50:28.473Z,382113203000000,54237365,541339,-487867,-487877,,500032668,500030415,500030415,500043933,50004,2,500030415,500030415,0,1,0,0,,0,3,3,0,3,4,0,0,5632,,0,2,1,
2026-09-16T05:50:28.580Z,382113312000000,54237471,541340,-487863,-487876,,500032668,500029288,500029288,500043933,50004,2,500029288,500029288,0,1,0,0,,0,3,3,0,3,4,0,0,6759,,0,2,1,
2026-09-16T05:50:28.685Z,382113406000000,54237578,541341,-487876,-487875,,500032668,500028162,500028162,500043933,50004,2,500028162,500028162,0,1,0,0,,0,3,3,0,3,4,0,0,5632,,0,2,1,
2026-09-16T05:50:28.791Z,382113515000000,54237683,541342,-487886,-487875,,500032668,500028162,500028162,500043933,50004,2,500028162,500028162,0,1,0,0,,0,3,3,0,3,4,0,0,4506,,0,2,1,
2026-09-16T05:50:28.897Z,382113625000000,54237789,541343,-487894,-487876,,500032668,500029288,500029288,500043933,50004,2,500029288,500029288,0,1,0,0,,0,3,3,0,3,4,0,0,4506,,0,2,1,
2026-09-16T05:50:29.003Z,382113734000000,54237896,541344,-487904,-487878,,500032668,500031541,500031541,500043933,50004,2,500031541,500031541,0,1,0,0,,0,3,3,0,3,4,0,0,4506,,0,2,1,
2026-09-16T05:50:29.194Z,382113921000000,54238018,541346,-487883,-487884,,500040553,500038300,500038300,500043933,50004,2,500038300,500038300,0,1,0,0,,0,3,3,0,3,4,0,0,10138,,0,2,1,
2026-09-16T05:50:29.300Z,382114031000000,54238118,541347,-487906,-487886,,500040553,500040553,500040553,500043933,50004,2,500040553,500040553,0,1,0,0,,0,3,3,0,3,4,0,0,12391,,0,2,1,
2026-09-16T05:50:29.406Z,382114140000000,54238298,541348,-487897,-487887,,500040553,500041680,500041680,500043933,50004,2,500041680,500041680,0,1,0,0,,0,3,3,0,3,4,0,0,13518,,0,2,1,
2026-09-16T05:50:29.511Z,382114234000000,54238419,541350,-487914,-487889,,500040553,500043933,500043933,500043933,50004,2,500043933,500043933,0,1,0,0,,0,3,3,0,3,4,0,0,14645,,0,2,1,
2026-09-16T05:50:29.615Z,382114343000000,54238519,541351,-487888,-487890,,500040553,500045059,500045059,500043933,50004,2,500045059,500045059,0,1,0,0,,0,3,3,0,3,4,0,0,13518,,0,2,1,
2026-09-16T05:50:29.722Z,382114453000000,54238619,541352,-487882,-487890,,500040553,500045059,500045059,500043933,50004,2,500045059,500045059,0,1,0,0,,0,3,3,0,3,4,0,0,10138,,0,2,1,
2026-09-16T05:50:29.827Z,382114562000000,54238720,541353,-487895,-487890,,500040553,500045059,500045059,500043933,50004,2,500045059,500045059,0,1,0,0,,0,3,3,0,3,4,0,0,6759,,0,2,1,
2026-09-16T05:50:29.934Z,382114656000000,54238825,541354,-487899,-487891,,500040553,500046186,500046186,500043933,50004,2,500046186,500046186,0,1,0,0,,0,3,3,0,3,4,0,0,5633,,0,2,1,
2026-09-16T05:50:30.040Z,382114765000000,54238932,541355,-487893,-487892,,500040553,500047312,500047312,500043933,50004,2,500047312,500047312,0,1,0,0,,0,3,3,0,3,4,0,0,5632,,0,2,1,
2026-09-16T05:50:30.237Z,382114968000000,54239038,541356,-487892,-487892,,500047312,500047312,500047312,500043933,50004,2,500047312,500047312,0,1,0,0,,0,3,3,0,3,4,0,0,4506,,0,2,1,
2026-09-16T05:50:30.342Z,382115062000000,54239241,541358,-487896,-487892,,500047312,500047312,500047312,500043933,50004,2,500047312,500047312,0,1,0,0,,0,3,3,0,3,4,0,0,2253,,0,2,1,
2026-09-16T05:50:30.448Z,382115171000000,54239341,541359,-487911,-487893,,500047312,500048439,500048439,500043933,50004,2,500048439,500048439,0,1,0,0,,0,3,3,0,3,4,0,0,3380,,0,2,1,
2026-09-16T05:50:30.554Z,382115281000000,54239446,541360,-487905,-487895,,500047312,500050692,500050692,500043933,50004,2,500050692,500050692,0,1,0,0,,0,3,3,0,3,4,0,0,5633,,0,2,1,
2026-09-16T05:50:30.660Z,382115390000000,54239553,541361,-487909,-487897,,500047312,500052945,500052945,500043933,50004,2,500052945,500052945,0,1,0,0,,0,3,3,0,3,4,0,0,6759,,0,2,1,
2026-09-16T05:50:30.766Z,382115500000000,54239658,541362,-487895,-487898,,500047312,500054071,500054071,500043933,50004,2,500054071,500054071,0,1,0,0,,0,3,3,0,3,4,0,0,6759,,0,2,1,
2026-09-16T05:50:30.872Z,382115593000000,54239765,541363,-487893,-487898,,500047312,500054071,500054071,500043933,50004,2,500054071,500054071,0,1,0,0,,0,3,3,0,3,4,0,0,6759,,0,2,1,
2026-09-16T05:50:30.977Z,382115703000000,54239871,541364,-487889,-487897,,500047312,500052945,500052945,500043933,50004,2,500052945,500052945,0,1,0,0,,0,3,3,0,3,4,0,0,6759,,0,2,1,
2026-09-16T05:50:31.084Z,382115812000000,54239976,541365,-487895,-487896,,500047312,500051818,500051818,500043933,50004,2,500051818,500051818,0,1,0,0,,0,3,3,0,3,4,0,0,6759,,0,2,1,
2026-09-16T05:50:31.279Z,382116000000000,54240082,541366,-487895,-487896,,500051818,500051818,500051818,500043933,50004,2,500051818,500051818,0,1,0,0,,0,3,3,0,3,4,0,0,5632,,0,2,1,
2026-09-16T05:50:31.385Z,382116109000000,54240232,541368,-487902,-487896,,500051818,500051818,500051818,500043933,50004,2,500051818,500051818,0,1,0,0,,0,3,3,0,3,4,0,0,2253,,0,2,1,
2026-09-16T05:50:31.491Z,382116218000000,54240383,541369,-487868,-487895,,500051818,500050692,500050692,500043933,50004,2,500050692,500050692,0,1,0,0,,0,3,3,0,3,4,0,0,3379,,0,2,1,
2026-09-16T05:50:31.598Z,382116328000000,54240489,541370,-468391,-487892,,500051818,500047312,500047312,500043933,50004,2,500047312,500047312,0,1,0,0,,0,3,3,0,3,4,0,0,6759,,0,2,1,
2026-09-16T05:50:31.704Z,382116437000000,54240596,541371,-256309,-485454,,500051818,497300957,497300957,500043933,49730,2,497300957,497300957,0,0,0,0,,0,3,3,0,3,4,0,0,2751988,,0,2,1,
2026-09-16T05:50:31.810Z,382116531000000,54240702,541372,-57350,-456811,,500051818,465035225,465035225,500043933,46504,2,465035225,465035225,0,0,0,0,,0,3,3,0,3,4,0,0,35016593,,0,2,1,
2026-09-16T05:50:31.917Z,382116640000000,54240824,541374,-44007,-361519,,500051818,357690809,357690809,500043933,35769,2,357690809,357690809,0,0,0,0,,0,3,3,0,3,4,0,0,142361009,,0,2,1,
2026-09-16T05:50:32.022Z,382116750000000,54240924,541375,-44024,-321830,,500051818,312981992,312981992,500043933,31298,2,312981992,312981992,0,0,0,0,,0,3,3,0,3,4,0,0,187069826,,0,2,1,
2026-09-16T05:50:32.129Z,382116859000000,54241024,541376,-44000,-287102,,500051818,273861637,273861637,500043933,27386,2,273861637,273861637,0,0,0,0,,0,3,3,0,3,4,0,0,226189055,,0,2,1,
2026-09-16T05:50:32.324Z,382117046000000,54241127,541377,-43992,-256714,,209678255,239630200,239630200,209678255,23963,2,239630200,239630200,0,0,0,0,,0,3,3,0,3,4,0,0,260417112,,0,0,0,
2026-09-16T05:50:32.431Z,382117156000000,54241328,541379,-44018,-206859,,209678255,183469600,183469600,209678255,18347,2,183469600,183469600,0,0,0,0,,0,3,3,0,3,4,0,0,281565625,,0,0,0,
2026-09-16T05:50:32.538Z,382117265000000,54241429,541380,-44009,-186503,,209678255,160538998,160538998,209678255,16054,2,160538998,160538998,0,0,0,0,,0,3,3,0,3,4,0,0,248247762,,0,0,0,
2026-09-16T05:50:32.644Z,382117375000000,54241537,541381,-44011,-168691,,209678255,140474157,140474157,209678255,14047,2,140474157,140474157,0,0,0,0,,0,3,3,0,3,4,0,0,217216652,,0,0,0,
2026-09-16T05:50:32.750Z,382117484000000,54241643,541382,-43995,-153106,,209678255,122917986,122917986,209678255,12292,2,122917986,122917986,0,0,0,0,,0,3,3,0,3,4,0,0,190064006,,0,0,0,
2026-09-16T05:50:32.857Z,382117578000000,54241748,541383,-43983,-139467,,209678255,107553941,107553941,209678255,10755,2,107553941,107553941,0,0,0,0,,0,3,3,0,3,4,0,0,166307696,,0,0,0,
2026-09-16T05:50:32.964Z,382117687000000,54241856,541384,-44001,-127533,,209678255,94110544,94110544,209678255,9411,2,94110544,94110544,0,0,0,0,,0,3,3,0,3,4,0,0,145519656,,0,0,0,
2026-09-16T05:50:33.070Z,382117796000000,54241962,541385,-43993,-117090,,209678255,82346726,82346726,209678255,8235,2,82346726,82346726,0,0,0,0,,0,3,3,0,3,4,0,0,127331529,,0,0,0,
2026-09-16T05:50:33.177Z,382117906000000,54242068,541386,-43992,-107953,,209678255,72054089,72054089,209678255,7205,2,72054089,72054089,0,0,0,0,,0,3,3,0,3,4,0,0,111415511,,0,0,0,
2026-09-16T05:50:33.371Z,382118093000000,54242176,541387,-43997,-99958,,48274122,63047891,63047891,55168172,6305,2,63047891,63047891,0,0,0,0,,0,3,3,0,3,4,0,0,97491107,,0,0,0,
2026-09-16T05:50:33.477Z,382118203000000,54242326,541389,-44007,-86843,,48274122,48274122,48274122,55168172,4827,2,48274122,48274122,0,0,1,0,,0,3,3,0,3,4,0,0,74643864,,0,0,0,
2026-09-16T05:50:33.583Z,382118312000000,54242476,541390,-44001,-81488,,48274122,42241828,42241828,55168172,4224,2,42241828,42241828,0,0,1,0,,0,3,3,0,3,4,0,0,65312113,,0,0,0,
2026-09-16T05:50:33.690Z,382118421000000,54242582,541391,-43997,-76802,,48274122,36963148,36963148,55168172,3696,2,36963148,36963148,0,0,1,0,,0,3,3,0,3,4,0,0,57147396,,0,0,0,
2026-09-16T05:50:33.797Z,382118531000000,54242688,541392,-44001,-72702,,48274122,32344585,32344585,55168172,3234,2,32344585,32344585,0,0,1,0,,0,3,3,0,3,4,0,0,50002141,,0,0,0,
2026-09-16T05:50:33.903Z,382118625000000,54242795,541393,-44003,-69114,,48274122,28302779,28302779,55168172,2830,2,28302779,28302779,0,0,1,0,,0,3,3,0,3,4,0,0,43751310,,0,0,0,
2026-09-16T05:50:34.010Z,382118734000000,54242902,541394,-44002,-65975,,48274122,24766763,24766763,55168172,2477,2,24766763,24766763,0,0,1,0,,0,3,3,0,3,4,0,0,38281128,,0,0,0,
2026-09-16T05:50:34.117Z,382118843000000,54243028,541396,-43999,-60825,,48274122,18965397,18965397,55168172,1897,2,18965397,18965397,0,0,1,0,,0,3,3,0,3,4,0,0,29308725,,0,0,0,
2026-09-16T05:50:34.222Z,382118953000000,54243128,541397,-43993,-58722,,48274122,16596412,16596412,55168172,1660,2,16596412,16596412,0,0,1,0,,0,3,3,0,3,4,0,0,25645416,,0,0,0,
2026-09-16T05:50:34.415Z,382119140000000,54243228,541398,-43986,-56881,,12706681,14522564,14522564,12706681,1452,2,14522564,14522564,0,0,1,0,,0,3,3,0,3,4,0,0,22440584,,0,0,0,
2026-09-16T05:50:34.521Z,382119250000000,54243429,541400,-44003,-53859,,12706681,11118346,11118346,12706681,1112,2,11118346,11118346,0,0,1,0,,0,3,3,0,3,4,0,0,17184433,,0,0,0,
2026-09-16T05:50:34.625Z,382119359000000,54243529,541401,-43997,-52626,,12706681,9729397,9729397,12706681,973,2,9729397,9729397,0,0,1,0,,0,3,3,0,3,4,0,0,15037366,,0,0,0,
2026-09-16T05:50:34.728Z,382119453000000,54243630,541402,-43991,-51547,,12706681,8513927,8513927,12706681,851,2,8513927,8513927,0,0,1,0,,0,3,3,0,3,4,0,0,13158398,,0,0,0,
2026-09-16T05:50:34.834Z,382119562000000,54243730,541403,-43977,-50602,,12706681,7449404,7449404,12706681,745,2,7449404,7449404,0,0,1,0,,0,3,3,0,3,4,0,0,11515993,,0,0,0,
2026-09-16T05:50:34.939Z,382119671000000,54243832,541404,-43986,-49775,,12706681,6517806,6517806,12706681,652,2,6517806,6517806,0,0,1,0,,0,3,3,0,3,4,0,0,10078606,,0,0,0,
2026-09-16T05:50:35.047Z,382119781000000,54243938,541405,-43976,-49050,,12706681,5701109,5701109,12706681,570,2,5701109,5701109,0,0,1,0,,0,3,3,0,3,4,0,0,8821455,,0,0,0,
2026-09-16T05:50:35.152Z,382119875000000,54244046,541406,-43989,-48417,,12706681,4988048,4988048,12706681,499,2,4988048,4988048,0,0,1,0,,0,3,3,0,3,4,0,0,7718633,,0,0,0,
2026-09-16T05:50:35.259Z,382119984000000,54244151,541407,-43986,-47863,,12706681,4363979,4363979,12706681,436,2,4363979,4363979,0,0,1,0,,0,3,3,0,3,4,0,0,6754367,,0,0,0,
2026-09-16T05:50:35.457Z,382120187000000,54244257,541408,-43985,-47378,,3340010,3817637,3817637,3340010,382,2,3817637,3817637,0,0,1,0,,0,3,3,0,3,4,0,0,5911760,,0,0,0,
2026-09-16T05:50:35.562Z,382120296000000,54244461,541410,-43991,-46584,,3340010,2923212,2923212,3340010,292,2,2923212,2923212,0,0,1,0,,0,3,3,0,3,4,0,0,4526192,,0,0,0,
2026-09-16T05:50:35.668Z,382120390000000,54244561,541411,-43992,-46260,,3340010,2558233,2558233,3340010,256,2,2558233,2558233,0,0,1,0,,0,3,3,0,3,4,0,0,3959573,,0,0,0,
2026-09-16T05:50:35.773Z,382120500000000,54244667,541412,-43990,-45976,,3340010,2238313,2238313,3340010,224,2,2238313,2238313,0,0,1,0,,0,3,3,0,3,4,0,0,3462796,,0,0,0,
2026-09-16T05:50:35.879Z,382120609000000,54244772,541413,-43993,-45728,,3340010,1958947,1958947,3340010,196,2,1958947,1958947,0,0,1,0,,0,3,3,0,3,4,0,0,3029101,,0,0,0,
2026-09-16T05:50:35.984Z,382120718000000,54244877,541414,-43979,-45511,,3340010,1714501,1714501,3340010,171,2,1714501,1714501,0,0,1,0,,0,3,3,0,3,4,0,0,2649478,,0,0,0,
2026-09-16T05:50:36.091Z,382120812000000,54244983,541415,-43972,-45319,,3340010,1498217,1498217,3340010,150,2,1498217,1498217,0,0,1,0,,0,3,3,0,3,4,0,0,2319420,,0,0,0,
2026-09-16T05:50:36.197Z,382120921000000,54245089,541416,-43994,-45151,,3340010,1308968,1308968,3340010,131,2,1308968,1308968,0,0,1,0,,0,3,3,0,3,4,0,0,2031042,,0,0,0,
2026-09-16T05:50:36.302Z,382121031000000,54245195,541417,-43996,-45006,,3340010,1145629,1145629,3340010,115,2,1145629,1145629,0,0,1,0,,0,3,3,0,3,4,0,0,1777583,,0,0,0,
2026-09-16T05:50:36.497Z,382121218000000,54245301,541418,-43990,-44879,,768259,1002566,1002566,877527,100,2,1002566,1002566,0,0,1,0,,0,3,3,0,3,4,0,0,1555667,,0,0,0,
2026-09-16T05:50:36.602Z,382121328000000,54245451,541420,-43989,-44671,,768259,768259,768259,877527,77,2,768259,768259,0,0,1,0,,0,3,3,0,3,4,0,0,1190688,,0,0,0,
2026-09-16T05:50:36.707Z,382121437000000,54245600,541421,-44002,-44586,,768259,672508,672508,877527,67,2,672508,672508,0,0,1,0,,0,3,3,0,3,4,0,0,1041993,,0,0,0,
2026-09-16T05:50:36.813Z,382121546000000,54245706,541422,-43979,-44511,,768259,588022,588022,877527,59,2,588022,588022,0,0,1,0,,0,3,3,0,3,4,0,0,910195,,0,0,0,
2026-09-16T05:50:36.918Z,382121640000000,54245811,541423,-43987,-44445,,768259,513674,513674,877527,51,2,513674,513674,0,0,1,0,,0,3,3,0,3,4,0,0,795294,,0,0,0,
2026-09-16T05:50:37.023Z,382121750000000,54245933,541425,-43997,-44339,,768259,394268,394268,877527,39,2,394268,394268,0,0,1,0,,0,3,3,0,3,4,0,0,608298,,0,0,0,
2026-09-16T05:50:37.126Z,382121859000000,54246034,541426,-44000,-44297,,768259,346955,346955,877527,35,2,346955,346955,0,0,1,0,,0,3,3,0,3,4,0,0,530572,,0,0,0,
2026-09-16T05:50:37.230Z,382121953000000,54246134,541427,-43986,-44259,,768259,304149,304149,877527,30,2,304149,304149,0,0,1,0,,0,3,3,0,3,4,0,0,464110,,0,0,0,
2026-09-16T05:50:37.336Z,382122062000000,54246234,541428,-43985,-44225,,768259,265849,265849,877527,27,2,265849,265849,0,0,1,0,,0,3,3,0,3,4,0,0,406659,,0,0,0,
2026-09-16T05:50:37.530Z,382122265000000,54246336,541429,-44008,-44195,,203893,232055,232055,203893,23,2,232055,232055,0,0,1,0,,0,3,3,0,3,4,0,0,355967,,0,0,0,
2026-09-16T05:50:37.638Z,382122359000000,54246535,541431,-43983,-44148,,203893,179110,179110,203893,18,2,179110,179110,0,0,1,0,,0,3,3,0,3,4,0,0,270355,,0,0,0,
2026-09-16T05:50:37.742Z,382122468000000,54246636,541432,-43966,-44127,,203893,155454,155454,203893,16,2,155454,155454,0,0,1,0,,0,3,3,0,3,4,0,0,238814,,0,0,0,
2026-09-16T05:50:37.848Z,382122578000000,54246742,541433,-43973,-44108,,203893,134051,134051,203893,13,2,134051,134051,0,0,1,0,,0,3,3,0,3,4,0,0,212904,,0,0,0,
2026-09-16T05:50:37.953Z,382122687000000,54246847,541434,-43981,-44091,,203893,114901,114901,203893,11,2,114901,114901,0,0,1,0,,0,3,3,0,3,4,0,0,189248,,0,0,0,
2026-09-16T05:50:38.059Z,382122781000000,54246952,541435,-43975,-44076,,203893,98004,98004,203893,10,2,98004,98004,0,0,1,0,,0,3,3,0,3,4,0,0,167845,,0,0,0,
2026-09-16T05:50:38.163Z,382122890000000,54247058,541436,-43976,-44063,,203893,83359,83359,203893,8,2,83359,83359,0,0,1,0,,0,3,3,0,3,4,0,0,148696,,0,0,0,
2026-09-16T05:50:38.270Z,382123000000000,54247163,541437,-43978,-44052,,203893,70968,70968,203893,7,2,70968,70968,0,0,1,0,,0,3,3,0,3,4,0,0,132925,,0,0,0,
2026-09-16T05:50:38.376Z,382123109000000,54247267,541438,-43993,-44043,,203893,60830,60830,203893,6,2,60830,60830,0,0,1,0,,0,3,3,0,3,4,0,0,118280,,0,0,0,
2026-09-16T05:50:38.569Z,382123296000000,54247375,541439,-43988,-44036,,46186,52945,52945,46186,5,2,52945,52945,0,0,1,0,,0,3,3,0,3,4,0,0,102509,,0,0,0,
2026-09-16T05:50:38.676Z,382123406000000,54247574,541441,-43993,-44025,,46186,40553,40553,46186,4,2,40553,40553,0,0,1,0,,0,3,3,0,3,4,0,0,74348,,0,0,0,
2026-09-16T05:50:38.781Z,382123515000000,54247675,541442,-43977,-44019,,46186,33794,33794,46186,3,2,33794,33794,0,0,1,0,,0,3,3,0,3,4,0,0,64210,,0,0,0,
2026-09-16T05:50:38.885Z,382123609000000,54247779,541443,-43986,-44015,,46186,29288,29288,46186,3,2,29288,29288,0,0,1,0,,0,3,3,0,3,4,0,0,54071,,0,0,0,
2026-09-16T05:50:38.991Z,382123718000000,54247885,541444,-43984,-44011,,46186,24783,24783,46186,2,2,24783,24783,0,0,1,0,,0,3,3,0,3,4,0,0,46185,,0,0,0,
2026-09-16T05:50:39.097Z,382123828000000,54247990,541445,-43985,-44008,,46186,21403,21403,46186,2,2,21403,21403,0,0,1,0,,0,3,3,0,3,4,0,0,39427,,0,0,0,
2026-09-16T05:50:39.202Z,382123937000000,54248096,541446,-43995,-44005,,46186,18024,18024,46186,2,2,18024,18024,0,0,1,0,,0,3,3,0,3,4,0,0,34921,,0,0,0,
2026-09-16T05:50:39.306Z,382124031000000,54248201,541447,-43988,-44003,,46186,15771,15771,46186,2,2,15771,15771,0,0,1,0,,0,3,3,0,3,4,0,0,30415,,0,0,0,
2026-09-16T05:50:39.411Z,382124140000000,54248305,541448,-43966,-44001,,46186,13518,13518,46186,1,2,13518,13518,0,0,1,0,,0,3,3,0,3,4,0,0,27035,,0,0,0,
2026-09-16T05:50:39.605Z,382124328000000,54248410,541449,-43969,-43997,,4506,9012,9012,4506,1,2,9012,9012,0,0,1,0,,0,3,3,0,3,4,0,0,24782,,0,0,0,
2026-09-16T05:50:39.709Z,382124437000000,54248559,541451,-43991,-43993,,4506,4506,4506,4506,0,2,4506,4506,0,0,1,0,,0,3,3,0,3,4,0,0,20277,,0,0,0,
2026-09-16T05:50:39.816Z,382124546000000,54248708,541452,-43974,-43993,,4506,4506,4506,4506,0,2,4506,4506,0,0,1,0,,0,3,3,0,3,4,0,0,16897,,0,0,0,
2026-09-16T05:50:39.920Z,382124640000000,54248814,541453,-43988,-43992,,4506,3379,3379,4506,0,2,3379,3379,0,0,1,0,,0,3,3,0,3,4,0,0,14645,,0,0,0,
2026-09-16T05:50:40.026Z,382124750000000,54248939,541455,-43997,-43992,,4506,3379,3379,4506,0,2,3379,3379,0,1,1,0,,0,3,3,0,3,4,0,0,11265,,0,0,0,
2026-09-16T05:50:40.127Z,382124859000000,54249039,541456,-43979,-43993,,4506,4506,4506,4506,0,2,4506,4506,0,1,1,0,,0,3,3,0,3,4,0,0,6759,,0,0,0,
2026-09-16T05:50:40.231Z,382124953000000,54249140,541457,-43981,-43991,,4506,2253,2253,4506,0,2,2253,2253,0,1,1,0,,0,3,3,0,3,4,0,0,2253,,0,0,0,
2026-09-16T05:50:40.334Z,382125062000000,54249240,541458,-43985,-43990,,4506,1126,1126,4506,0,2,1126,1126,0,1,1,0,,0,3,3,0,3,4,0,0,3380,,0,0,0,
2026-09-16T05:50:40.438Z,382125171000000,54249340,541459,-43972,-43989,,4506,0,0,4506,0,2,0,0,0,1,1,0,,0,3,3,0,3,4,0,0,4506,,0,0,0,
2026-09-16T05:50:40.630Z,382125359000000,54249440,541460,-43989,-43988,,-1126,-1126,-1126,-1126,0,2,-1126,-1126,0,1,1,0,,0,3,3,0,3,4,0,0,5632,,0,1,0,
2026-09-16T05:50:40.734Z,382125468000000,54249640,541462,-43985,-43988,,-1126,-1126,-1126,-1126,0,2,-1126,-1126,0,1,1,0,,0,3,3,0,3,4,0,0,5632,,0,1,0,
2026-09-16T05:50:40.837Z,382125562000000,54249740,541463,-43975,-43988,,-1126,-1126,-1126,-1126,0,2,-1126,-1126,0,1,1,0,,0,3,3,0,3,4,0,0,5632,,0,1,0,
2026-09-16T05:50:40.939Z,382125671000000,54249841,541464,-43991,-43988,,-1126,-1126,-1126,-1126,0,2,-1126,-1126,0,1,1,0,,0,3,3,0,3,4,0,0,3379,,0,1,0,
2026-09-16T05:50:41.045Z,382125765000000,54249941,541465,-43992,-43988,,-1126,-1126,-1126,-1126,0,2,-1126,-1126,0,1,1,0,,0,3,3,0,3,4,0,0,2252,,0,1,0,
2026-09-16T05:50:41.149Z,382125875000000,54250044,541466,-43987,-43988,,-1126,-1126,-1126,-1126,0,2,-1126,-1126,0,1,1,0,,0,3,3,0,3,4,0,0,1126,,0,1,0,
2026-09-16T05:50:41.255Z,382125984000000,54250148,541467,-43979,-43988,,-1126,-1126,-1126,-1126,0,2,-1126,-1126,0,1,1,0,,0,3,3,0,3,4,0,0,0,,0,1,0,
2026-09-16T05:50:41.360Z,382126093000000,54250254,541468,-43991,-43988,,-1126,-1126,-1126,-1126,0,2,-1126,-1126,0,1,1,0,,0,3,3,0,3,4,0,0,0,,0,1,0,
2026-09-16T05:50:41.464Z,382126187000000,54250358,541469,-43990,-43988,,-1126,-1126,-1126,-1126,0,2,-1126,-1126,0,1,1,0,,0,3,3,0,3,4,0,0,0,,0,1,0,
2026-09-16T05:50:41.656Z,382126390000000,54250463,541470,-43993,-43988,,0,-1126,-1126,-1126,0,2,-1126,-1126,0,1,1,0,,0,3,3,0,3,4,0,0,0,,0,2,1,
2026-09-16T05:50:41.760Z,382126484000000,54250661,541472,-43988,-43990,,0,1126,1126,-1126,0,2,1126,1126,0,1,1,0,,0,3,3,0,3,4,0,0,2252,,0,2,1,
2026-09-16T05:50:41.865Z,382126593000000,54250760,541473,-43975,-43990,,0,1126,1126,-1126,0,2,1126,1126,0,1,1,0,,0,3,3,0,3,4,0,0,2252,,0,2,1,
2026-09-16T05:50:41.969Z,382126703000000,54250865,541474,-43992,-43990,,0,1126,1126,-1126,0,2,1126,1126,0,1,1,0,,0,3,3,0,3,4,0,0,2252,,0,2,1,
2026-09-16T05:50:42.075Z,382126796000000,54250968,541475,-44002,-43990,,0,1126,1126,-1126,0,2,1126,1126,0,1,1,0,,0,3,3,0,3,4,0,0,2252,,0,2,1,
2026-09-16T05:50:42.180Z,382126906000000,54251075,541476,-43977,-43990,,0,1126,1126,-1126,0,2,1126,1126,0,1,1,0,,0,3,3,0,3,4,0,0,2252,,0,2,1,
2026-09-16T05:50:42.285Z,382127015000000,54251179,541477,-43968,-43988,,0,-1126,-1126,-1126,0,2,-1126,-1126,0,1,1,0,,0,3,3,0,3,4,0,0,2252,,0,2,1,
2026-09-16T05:50:42.390Z,382127125000000,54251285,541478,-43997,-43987,,0,-2253,-2253,-1126,0,2,-2253,-2253,0,1,1,0,,0,3,3,0,3,4,0,0,3379,,0,2,1,
2026-09-16T05:50:42.494Z,382127218000000,54251388,541479,-43979,-43986,,0,-3379,-3379,-1126,0,2,-3379,-3379,0,1,1,0,,0,3,3,0,3,4,0,0,4505,,0,2,1,
2026-09-16T05:50:42.685Z,382127406000000,54251494,541480,-43983,-43986,,-4506,-3379,-3379,-1126,0,2,-3379,-3379,0,1,1,0,,0,3,3,0,3,4,0,0,4505,,0,2,1,
2026-09-16T05:50:42.789Z,382127515000000,54251644,541482,-43987,-43985,,-4506,-4506,-4506,-1126,0,2,-4506,-4506,0,1,1,0,,0,3,3,0,3,4,0,0,5632,,0,2,1,
2026-09-16T05:50:42.895Z,382127625000000,54251788,541483,-43989,-43985,,-4506,-4506,-4506,-1126,0,2,-4506,-4506,0,1,1,0,,0,3,3,0,3,4,0,0,5632,,0,2,1,
2026-09-16T05:50:43.000Z,382127734000000,54251894,541484,-43983,-43985,,-4506,-4506,-4506,-1126,0,2,-4506,-4506,0,1,1,0,,0,3,3,0,3,4,0,0,3380,,0,2,1,
2026-09-16T05:50:43.104Z,382127828000000,54251998,541485,-43980,-43985,,-4506,-4506,-4506,-1126,0,2,-4506,-4506,0,1,1,0,,0,3,3,0,3,4,0,0,2253,,0,2,1,
2026-09-16T05:50:43.209Z,382127937000000,54252104,541486,-43981,-43984,,-4506,-5632,-5632,-1126,0,2,-5632,-5632,0,1,1,0,,0,3,3,0,3,4,0,0,2253,,0,2,1,
2026-09-16T05:50:43.313Z,382128046000000,54252208,541487,-43982,-43984,,-4506,-5632,-5632,-1126,0,2,-5632,-5632,0,1,1,0,,0,3,3,0,3,4,0,0,2253,,0,2,1,
2026-09-16T05:50:43.417Z,382128140000000,54252312,541488,-43979,-43984,,-4506,-5632,-5632,-1126,0,2,-5632,-5632,0,1,1,0,,0,3,3,0,3,4,0,0,1126,,0,2,1,
2026-09-16T05:50:43.522Z,382128250000000,54252417,541489,-43987,-43984,,-4506,-5632,-5632,-1126,0,2,-5632,-5632,0,1,1,0,,0,3,3,0,3,4,0,0,1126,,0,2,1,
2026-09-16T05:50:43.714Z,382128437000000,54252522,541490,-43991,-43984,,-3379,-5632,-5632,-1126,0,2,-5632,-5632,0,1,1,0,,0,3,3,0,3,4,0,0,1126,,0,2,1,
2026-09-16T05:50:43.819Z,382128546000000,54252669,541492,-44000,-43986,,-3379,-3379,-3379,-1126,0,2,-3379,-3379,0,1,1,0,,0,3,3,0,3,4,0,0,2253,,0,2,1,
2026-09-16T05:50:43.924Z,382128656000000,54252818,541493,-43990,-43987,,-3379,-2253,-2253,-1126,0,2,-2253,-2253,0,1,1,0,,0,3,3,0,3,4,0,0,3379,,0,2,1,
2026-09-16T05:50:44.029Z,382128750000000,54252923,541494,-43980,-43987,,-3379,-2253,-2253,-1126,0,2,-2253,-2253,0,1,1,0,,0,3,3,0,3,4,0,0,3379,,0,2,1,
2026-09-16T05:50:44.134Z,382128859000000,54253047,541496,-43976,-43986,,-3379,-3379,-3379,-1126,0,2,-3379,-3379,0,1,1,0,,0,3,3,0,3,4,0,0,3379,,0,2,1,
2026-09-16T05:50:44.237Z,382128968000000,54253147,541497,-43992,-43986,,-3379,-3379,-3379,-1126,0,2,-3379,-3379,0,1,1,0,,0,3,3,0,3,4,0,0,3379,,0,2,1,
2026-09-16T05:50:44.340Z,382129062000000,54253247,541498,-43996,-43987,,-3379,-2253,-2253,-1126,0,2,-2253,-2253,0,1,1,0,,0,3,3,0,3,4,0,0,2253,,0,2,1,
2026-09-16T05:50:44.443Z,382129171000000,54253347,541499,-43990,-43988,,-3379,-1126,-1126,-1126,0,2,-1126,-1126,0,1,1,0,,0,3,3,0,3,4,0,0,2253,,0,2,1,
2026-09-16T05:50:44.546Z,382129281000000,54253448,541500,-43998,-43989,,-3379,0,0,-1126,0,2,0,0,0,1,1,0,,0,3,3,0,3,4,0,0,3379,,0,2,1,
2026-09-16T05:50:44.736Z,382129468000000,54253548,541501,-43989,-43989,,0,0,0,-1126,0,2,0,0,0,1,1,0,,0,3,3,0,3,4,0,0,3379,,0,2,1,
2026-09-16T05:50:44.839Z,382129562000000,54253748,541503,-43998,-43989,,0,0,0,-1126,0,2,0,0,0,1,1,0,,0,3,3,0,3,4,0,0,3379,,0,2,1,
2026-09-16T05:50:44.941Z,382129671000000,54253848,541504,-43980,-43988,,0,-1126,-1126,-1126,0,2,-1126,-1126,0,1,1,0,,0,3,3,0,3,4,0,0,3379,,0,2,1,
2026-09-16T05:50:45.045Z,382129765000000,54253948,541505,-43977,-43987,,0,-2253,-2253,-1126,0,2,-2253,-2253,0,1,1,0,,0,3,3,0,3,4,0,0,2253,,0,2,1,
2026-09-16T05:50:45.147Z,382129875000000,54254049,541506,-43990,-43986,,0,-3379,-3379,-1126,0,2,-3379,-3379,0,1,1,0,,0,3,3,0,3,4,0,0,3379,,0,2,1,
2026-09-16T05:50:45.250Z,382129984000000,54254149,541507,-43984,-43986,,0,-3379,-3379,-1126,0,2,-3379,-3379,0,1,1,0,,0,3,3,0,3,4,0,0,3379,,0,2,1,
2026-09-16T05:50:45.356Z,382130078000000,54254250,541508,-43998,-43987,,0,-2253,-2253,-1126,0,2,-2253,-2253,0,1,1,0,,0,3,3,0,3,4,0,0,3379,,0,2,1,
2026-09-16T05:50:45.461Z,382130187000000,54254356,541509,-43986,-43987,,0,-2253,-2253,-1126,0,2,-2253,-2253,0,1,1,0,,0,3,3,0,3,4,0,0,3379,,0,2,1,
2026-09-16T05:50:45.565Z,382130296000000,54254460,541510,-43972,-43987,,0,-2253,-2253,-1126,0,2,-2253,-2253,0,1,1,0,,0,3,3,0,3,4,0,0,3379,,0,2,1,
2026-09-16T05:50:45.759Z,382130484000000,54254565,541511,-43975,-43985,,-5632,-4506,-4506,-1126,0,2,-4506,-4506,0,1,1,0,,0,3,3,0,3,4,0,0,3380,,0,2,1,
2026-09-16T05:50:45.863Z,382130593000000,54254764,541513,-43986,-43984,,-5632,-5632,-5632,-1126,0,2,-5632,-5632,0,1,1,0,,0,3,3,0,3,4,0,0,3379,,0,2,1,
2026-09-16T05:50:45.967Z,382130687000000,54254863,541514,-43996,-43984,,-5632,-5632,-5632,-1126,0,2,-5632,-5632,0,1,1,0,,0,3,3,0,3,4,0,0,3379,,0,2,1,
2026-09-16T05:50:46.071Z,382130796000000,54254966,541515,-43989,-43985,,-5632,-4506,-4506,-1126,0,2,-4506,-4506,0,1,1,0,,0,3,3,0,3,4,0,0,3379,,0,2,1,
2026-09-16T05:50:46.175Z,382130906000000,54255071,541516,-43976,-43986,,-5632,-3379,-3379,-1126,0,2,-3379,-3379,0,1,1,0,,0,3,3,0,3,4,0,0,3379,,0,2,1,
2026-09-16T05:50:46.280Z,382131000000000,54255175,541517,-43980,-43985,,-5632,-4506,-4506,-1126,0,2,-4506,-4506,0,1,1,0,,0,3,3,0,3,4,0,0,3379,,0,2,1,
2026-09-16T05:50:46.384Z,382131109000000,54255279,541518,-43989,-43984,,-5632,-5632,-5632,-1126,0,2,-5632,-5632,0,1,1,0,,0,3,3,0,3,4,0,0,2253,,0,2,1,
2026-09-16T05:50:46.491Z,382131218000000,54255384,541519,-43974,-43983,,-5632,-6759,-6759,-1126,0,2,-6759,-6759,0,1,1,0,,0,3,3,0,3,4,0,0,3380,,0,2,1,
2026-09-16T05:50:46.596Z,382131328000000,54255489,541520,-43978,-43982,,-5632,-7885,-7885,-1126,0,2,-7885,-7885,0,1,1,0,,0,3,3,0,3,4,0,0,4506,,0,2,1,
2026-09-16T05:50:46.787Z,382131515000000,54255595,541521,-43976,-43981,,-9012,-9012,-9012,-1126,0,2,-9012,-9012,0,1,1,0,,0,3,3,0,3,4,0,0,5633,,0,2,1,
2026-09-16T05:50:46.891Z,382131625000000,54255752,541523,-43980,-43981,,-9012,-9012,-9012,-1126,0,2,-9012,-9012,0,1,1,0,,0,3,3,0,3,4,0,0,5633,,0,2,1,
2026-09-16T05:50:46.996Z,382131718000000,54255891,541524,-43986,-43982,,-9012,-7885,-7885,-1126,0,2,-7885,-7885,0,1,1,0,,0,3,3,0,3,4,0,0,4506,,0,2,1,
2026-09-16T05:50:47.101Z,382131828000000,54255996,541525,-43988,-43983,,-9012,-6759,-6759,-1126,0,2,-6759,-6759,0,1,1,0,,0,3,3,0,3,4,0,0,3380,,0,2,1,
2026-09-16T05:50:47.205Z,382131937000000,54256100,541526,-43981,-43983,,-9012,-6759,-6759,-1126,0,2,-6759,-6759,0,1,1,0,,0,3,3,0,3,4,0,0,2253,,0,2,1,
2026-09-16T05:50:47.310Z,382132031000000,54256205,541527,-43979,-43983,,-9012,-6759,-6759,-1126,0,2,-6759,-6759,0,1,1,0,,0,3,3,0,3,4,0,0,2253,,0,2,1,
2026-09-16T05:50:47.414Z,382132140000000,54256309,541528,-43979,-43982,,-9012,-7885,-7885,-1126,0,2,-7885,-7885,0,1,1,0,,0,3,3,0,3,4,0,0,2253,,0,2,1,
2026-09-16T05:50:47.519Z,382132250000000,54256414,541529,-43990,-43982,,-9012,-7885,-7885,-1126,0,2,-7885,-7885,0,1,1,0,,0,3,3,0,3,4,0,0,2253,,0,2,1,
2026-09-16T05:50:47.624Z,382132359000000,54256518,541530,-44000,-43983,,-9012,-6759,-6759,-1126,0,2,-6759,-6759,0,1,1,0,,0,3,3,0,3,4,0,0,2253,,0,2,1,
2026-09-16T05:50:47.815Z,382132546000000,54256624,541531,-43986,-43984,,-6759,-5632,-5632,-1126,0,2,-5632,-5632,0,1,1,0,,0,3,3,0,3,4,0,0,2253,,0,2,1,
2026-09-16T05:50:47.920Z,382132640000000,54256771,541533,-43965,-43983,,-6759,-6759,-6759,-1126,0,2,-6759,-6759,0,1,1,0,,0,3,3,0,3,4,0,0,2253,,0,2,1,
2026-09-16T05:50:48.025Z,382132750000000,54256920,541534,-43955,-43981,,-6759,-9012,-9012,-1126,0,2,-9012,-9012,0,1,1,0,,0,3,3,0,3,4,0,0,3380,,0,2,1,
2026-09-16T05:50:48.130Z,382132859000000,54257025,541535,-43964,-43979,,-6759,-11265,-11265,-1126,0,2,-11265,-11265,0,1,1,0,,0,3,3,0,3,4,0,0,5633,,0,2,1,
2026-09-16T05:50:48.236Z,382132968000000,54257130,541536,-43971,-43977,,-6759,-13518,-13518,-1126,0,2,-13518,-13518,0,1,1,0,,0,3,3,0,3,4,0,0,7886,,0,2,1,
2026-09-16T05:50:48.341Z,382133062000000,54257255,541538,-43994,-43977,,-6759,-13518,-13518,-1126,0,2,-13518,-13518,0,1,1,0,,0,3,3,0,3,4,0,0,9012,,0,2,1,
2026-09-16T05:50:48.444Z,382133171000000,54257355,541539,-43977,-43978,,-6759,-12391,-12391,-1126,0,2,-12391,-12391,0,1,1,0,,0,3,3,0,3,4,0,0,9012,,0,2,1,
2026-09-16T05:50:48.548Z,382133281000000,54257455,541540,-43973,-43978,,-6759,-12391,-12391,-1126,0,2,-12391,-12391,0,1,1,0,,0,3,3,0,3,4,0,0,7885,,0,2,1,
2026-09-16T05:50:48.651Z,382133375000000,54257555,541541,-43970,-43977,,-6759,-13518,-13518,-1126,0,2,-13518,-13518,0,1,1,0,,0,3,3,0,3,4,0,0,5632,,0,2,1,
2026-09-16T05:50:48.841Z,382133562000000,54257656,541542,-43971,-43976,,-15771,-14644,-14644,-1126,0,2,-14644,-14644,0,1,1,0,,0,3,3,0,3,4,0,0,3379,,0,2,1,
2026-09-16T05:50:48.944Z,382133671000000,54257856,541544,-43999,-43977,,-15771,-13518,-13518,-1126,0,2,-13518,-13518,0,1,1,0,,0,3,3,0,3,4,0,0,3380,,0,2,1,
2026-09-16T05:50:49.047Z,382133781000000,54257956,541545,-44000,-43980,,-15771,-10138,-10138,-1126,0,2,-10138,-10138,0,1,1,0,,0,3,3,0,3,4,0,0,5633,,0,2,1,
2026-09-16T05:50:49.151Z,382133875000000,54258056,541546,-43986,-43982,,-15771,-7885,-7885,-1126,0,2,-7885,-7885,0,1,1,0,,0,3,3,0,3,4,0,0,7886,,0,2,1,
2026-09-16T05:50:49.254Z,382133984000000,54258156,541547,-43986,-43983,,-15771,-6759,-6759,-1126,0,2,-6759,-6759,0,1,1,0,,0,3,3,0,3,4,0,0,9012,,0,2,1,
2026-09-16T05:50:49.358Z,382134093000000,54258257,541548,-43980,-43983,,-15771,-6759,-6759,-1126,0,2,-6759,-6759,0,1,1,0,,0,3,3,0,3,4,0,0,9012,,0,2,1,
2026-09-16T05:50:49.463Z,382134187000000,54258358,541549,-43978,-43983,,-15771,-6759,-6759,-1126,0,2,-6759,-6759,0,1,1,0,,0,3,3,0,3,4,0,0,9012,,0,2,1,
2026-09-16T05:50:49.567Z,382134296000000,54258463,541550,-43989,-43983,,-15771,-6759,-6759,-1126,0,2,-6759,-6759,0,1,1,0,,0,3,3,0,3,4,0,0,9012,,0,2,1,
2026-09-16T05:50:49.672Z,382134406000000,54258567,541551,-43979,-43982,,-15771,-7885,-7885,-1126,0,2,-7885,-7885,0,1,1,0,,0,3,3,0,3,4,0,0,6759,,0,2,1,
2026-09-16T05:50:49.866Z,382134593000000,54258672,541552,-43969,-43982,,-10138,-7885,-7885,-1126,0,2,-7885,-7885,0,1,1,0,,0,3,3,0,3,4,0,0,3379,,0,2,1,
2026-09-16T05:50:49.971Z,382134703000000,54258872,541554,-43979,-43979,,-10138,-11265,-11265,-1126,0,2,-11265,-11265,0,1,1,0,,0,3,3,0,3,4,0,0,4506,,0,2,1,
2026-09-16T05:50:50.075Z,382134796000000,54258970,541555,-43980,-43979,,-10138,-11265,-11265,-1126,0,2,-11265,-11265,0,1,1,0,,0,3,3,0,3,4,0,0,4506,,0,2,1,
2026-09-16T05:50:50.181Z,382134906000000,54259076,541556,-43991,-43979,,-10138,-11265,-11265,-1126,0,2,-11265,-11265,0,1,1,0,,0,3,3,0,3,4,0,0,4506,,0,2,1,
2026-09-16T05:50:50.285Z,382135015000000,54259181,541557,-43990,-43980,,-10138,-10138,-10138,-1126,0,2,-10138,-10138,0,1,1,0,,0,3,3,0,3,4,0,0,4506,,0,2,1,
2026-09-16T05:50:50.391Z,382135125000000,54259285,541558,-43990,-43981,,-10138,-9012,-9012,-1126,0,2,-9012,-9012,0,1,1,0,,0,3,3,0,3,4,0,0,3380,,0,2,1,
2026-09-16T05:50:50.496Z,382135218000000,54259391,541559,-43997,-43982,,-10138,-7885,-7885,-1126,0,2,-7885,-7885,0,1,1,0,,0,3,3,0,3,4,0,0,3380,,0,2,1,
2026-09-16T05:50:50.601Z,382135328000000,54259496,541560,-43991,-43983,,-10138,-6759,-6759,-1126,0,2,-6759,-6759,0,1,1,0,,0,3,3,0,3,4,0,0,4506,,0,2,1,
2026-09-16T05:50:50.705Z,382135437000000,54259600,541561,-43976,-43984,,-10138,-5632,-5632,-1126,0,2,-5632,-5632,0,1,1,0,,0,3,3,0,3,4,0,0,5633,,0,2,1,
2026-09-16T05:50:50.897Z,382135625000000,54259705,541562,-44000,-43985,,-3379,-4506,-4506,-1126,0,2,-4506,-4506,0,1,1,0,,0,3,3,0,3,4,0,0,6759,,0,2,1,
2026-09-16T05:50:51.000Z,382135734000000,54259859,541564,-43989,-43986,,-3379,-3379,-3379,-1126,0,2,-3379,-3379,0,1,1,0,,0,3,3,0,3,4,0,0,6759,,0,2,1,
2026-09-16T05:50:51.105Z,382135828000000,54260000,541565,-43991,-43986,,-3379,-3379,-3379,-1126,0,2,-3379,-3379,0,1,1,0,,0,3,3,0,3,4,0,0,5633,,0,2,1,
2026-09-16T05:50:51.209Z,382135937000000,54260105,541566,-43997,-43987,,-3379,-2253,-2253,-1126,0,2,-2253,-2253,0,1,1,0,,0,3,3,0,3,4,0,0,5632,,0,2,1,
2026-09-16T05:50:51.315Z,382136046000000,54260209,541567,-44011,-43988,,-3379,-1126,-1126,-1126,0,2,-1126,-1126,0,1,1,0,,0,3,3,0,3,4,0,0,5633,,0,2,1,
2026-09-16T05:50:51.420Z,382136140000000,54260315,541568,-43987,-43989,,-3379,0,0,-1126,0,2,0,0,0,1,1,0,,0,3,3,0,3,4,0,0,5632,,0,2,1,
2026-09-16T05:50:51.525Z,382136250000000,54260419,541569,-43985,-43989,,-3379,0,0,-1126,0,2,0,0,0,1,1,0,,0,3,3,0,3,4,0,0,4506,,0,2,1,
2026-09-16T05:50:51.630Z,382136359000000,54260525,541570,-43980,-43988,,-3379,-1126,-1126,-1126,0,2,-1126,-1126,0,1,1,0,,0,3,3,0,3,4,0,0,4506,,0,2,1,
2026-09-16T05:50:51.735Z,382136468000000,54260629,541571,-43990,-43988,,-3379,-1126,-1126,-1126,0,2,-1126,-1126,0,1,1,0,,0,3,3,0,3,4,0,0,3379,,0,2,1,
2026-09-16T05:50:51.927Z,382136656000000,54260735,541572,-44003,-43988,,1126,-1126,-1126,-1126,0,2,-1126,-1126,0,1,1,0,,0,3,3,0,3,4,0,0,3379,,0,2,1,
2026-09-16T05:50:52.033Z,382136765000000,54260883,541574,-43976,-43990,,1126,1126,1126,-1126,0,2,1126,1126,0,1,1,0,,0,3,3,0,3,4,0,0,2252,,0,2,1,
2026-09-16T05:50:52.137Z,382136859000000,54261033,541575,-43979,-43989,,1126,0,0,-1126,0,2,0,0,0,1,1,0,,0,3,3,0,3,4,0,0,2252,,0,2,1,
2026-09-16T05:50:52.242Z,382136968000000,54261137,541576,-43968,-43987,,1126,-2253,-2253,-1126,0,2,-2253,-2253,0,1,1,0,,0,3,3,0,3,4,0,0,3379,,0,2,1,
2026-09-16T05:50:52.346Z,382137078000000,54261242,541577,-43976,-43986,,1126,-3379,-3379,-1126,0,2,-3379,-3379,0,1,1,0,,0,3,3,0,3,4,0,0,4505,,0,2,1,
2026-09-16T05:50:52.449Z,382137171000000,54261363,541579,-43987,-43985,,1126,-4506,-4506,-1126,0,2,-4506,-4506,0,1,1,0,,0,3,3,0,3,4,0,0,5632,,0,2,1,
2026-09-16T05:50:52.552Z,382137281000000,54261463,541580,-43987,-43985,,1126,-4506,-4506,-1126,0,2,-4506,-4506,0,1,1,0,,0,3,3,0,3,4,0,0,5632,,0,2,1,
2026-09-16T05:50:52.654Z,382137375000000,54261563,541581,-43981,-43985,,1126,-4506,-4506,-1126,0,2,-4506,-4506,0,1,1,0,,0,3,3,0,3,4,0,0,5632,,0,2,1,
2026-09-16T05:50:52.757Z,382137484000000,54261663,541582,-43980,-43984,,1126,-5632,-5632,-1126,0,2,-5632,-5632,0,1,1,0,,0,3,3,0,3,4,0,0,5632,,0,2,1,
2026-09-16T05:50:52.947Z,382137671000000,54261763,541583,-43981,-43984,,-6759,-5632,-5632,-1126,0,2,-5632,-5632,0,1,1,0,,0,3,3,0,3,4,0,0,3379,,0,2,1,
2026-09-16T05:50:53.051Z,382137781000000,54261964,541585,-43980,-43983,,-6759,-6759,-6759,-1126,0,2,-6759,-6759,0,1,1,0,,0,3,3,0,3,4,0,0,2253,,0,2,1,
2026-09-16T05:50:53.154Z,382137875000000,54262064,541586,-43979,-43982,,-6759,-7885,-7885,-1126,0,2,-7885,-7885,0,1,1,0,,0,3,3,0,3,4,0,0,3379,,0,2,1,
2026-09-16T05:50:53.257Z,382137984000000,54262164,541587,-43981,-43982,,-6759,-7885,-7885,-1126,0,2,-7885,-7885,0,1,1,0,,0,3,3,0,3,4,0,0,3379,,0,2,1,
2026-09-16T05:50:53.360Z,382138093000000,54262264,541588,-43986,-43982,,-6759,-7885,-7885,-1126,0,2,-7885,-7885,0,1,1,0,,0,3,3,0,3,4,0,0,3379,,0,2,1,
2026-09-16T05:50:53.464Z,382138187000000,54262364,541589,-43976,-43982,,-6759,-7885,-7885,-1126,0,2,-7885,-7885,0,1,1,0,,0,3,3,0,3,4,0,0,2253,,0,2,1,
2026-09-16T05:50:53.570Z,382138296000000,54262464,541590,-43960,-43981,,-6759,-9012,-9012,-1126,0,2,-9012,-9012,0,1,1,0,,0,3,3,0,3,4,0,0,3380,,0,2,1,
2026-09-16T05:50:53.676Z,382138406000000,54262569,541591,-43980,-43980,,-6759,-10138,-10138,-1126,0,2,-10138,-10138,0,1,1,0,,0,3,3,0,3,4,0,0,3379,,0,2,1,
2026-09-16T05:50:53.781Z,382138515000000,54262676,541592,-43990,-43980,,-6759,-10138,-10138,-1126,0,2,-10138,-10138,0,1,1,0,,0,3,3,0,3,4,0,0,3379,,0,2,1,
2026-09-16T05:50:53.971Z,382138703000000,54262781,541593,-43997,-43981,,-7885,-9012,-9012,-1126,0,2,-9012,-9012,0,1,1,0,,0,3,3,0,3,4,0,0,2253,,0,2,1,
2026-09-16T05:50:54.077Z,382138812000000,54262978,541595,-43978,-43982,,-7885,-7885,-7885,-1126,0,2,-7885,-7885,0,1,1,0,,0,3,3,0,3,4,0,0,2253,,0,2,1,
2026-09-16T05:50:54.181Z,382138906000000,54263077,541596,-43998,-43982,,-7885,-7885,-7885,-1126,0,2,-7885,-7885,0,1,1,0,,0,3,3,0,3,4,0,0,2253,,0,2,1,
2026-09-16T05:50:54.286Z,382139015000000,54263181,541597,-43982,-43982,,-7885,-7885,-7885,-1126,0,2,-7885,-7885,0,1,1,0,,0,3,3,0,3,4,0,0,2253,,0,2,1,
2026-09-16T05:50:54.390Z,382139125000000,54263286,541598,-43983,-43982,,-7885,-7885,-7885,-1126,0,2,-7885,-7885,0,1,1,0,,0,3,3,0,3,4,0,0,2253,,0,2,1,
2026-09-16T05:50:54.496Z,382139218000000,54263391,541599,-43985,-43982,,-7885,-7885,-7885,-1126,0,2,-7885,-7885,0,1,1,0,,0,3,3,0,3,4,0,0,2253,,0,2,1,
2026-09-16T05:50:54.600Z,382139328000000,54263496,541600,-43998,-43982,,-7885,-7885,-7885,-1126,0,2,-7885,-7885,0,1,1,0,,0,3,3,0,3,4,0,0,1127,,0,2,1,
2026-09-16T05:50:54.704Z,382139437000000,54263601,541601,-43992,-43983,,-7885,-6759,-6759,-1126,0,2,-6759,-6759,0,1,1,0,,0,3,3,0,3,4,0,0,1126,,0,2,1,
2026-09-16T05:50:54.809Z,382139531000000,54263705,541602,-43978,-43984,,-7885,-5632,-5632,-1126,0,2,-5632,-5632,0,1,1,0,,0,3,3,0,3,4,0,0,2253,,0,2,1,
2026-09-16T05:50:55.003Z,382139734000000,54263809,541603,-43977,-43983,,-7885,-6759,-6759,-1126,0,2,-6759,-6759,0,1,1,0,,0,3,3,0,3,4,0,0,2253,,0,2,1,
2026-09-16T05:50:55.109Z,382139843000000,54263967,541605,-43991,-43982,,-7885,-7885,-7885,-1126,0,2,-7885,-7885,0,1,1,0,,0,3,3,0,3,4,0,0,2253,,0,2,1,
2026-09-16T05:50:55.213Z,382139937000000,54264108,541606,-43996,-43983,,-7885,-6759,-6759,-1126,0,2,-6759,-6759,0,1,1,0,,0,3,3,0,3,4,0,0,2253,,0,2,1,
2026-09-16T05:50:55.319Z,382140046000000,54264214,541607,-44009,-43985,,-7885,-4506,-4506,-1126,0,2,-4506,-4506,0,1,1,0,,0,3,3,0,3,4,0,0,3379,,0,2,1,
2026-09-16T05:50:55.424Z,382140156000000,54264319,541608,-43987,-43986,,-7885,-3379,-3379,-1126,0,2,-3379,-3379,0,1,1,0,,0,3,3,0,3,4,0,0,4506,,0,2,1,
2026-09-16T05:50:55.529Z,382140250000000,54264425,541609,-43982,-43986,,-7885,-3379,-3379,-1126,0,2,-3379,-3379,0,1,1,0,,0,3,3,0,3,4,0,0,4506,,0,2,1,
2026-09-16T05:50:55.635Z,382140359000000,54264529,541610,-43989,-43986,,-7885,-3379,-3379,-1126,0,2,-3379,-3379,0,1,1,0,,0,3,3,0,3,4,0,0,4506,,0,2,1,
2026-09-16T05:50:55.740Z,382140468000000,54264635,541611,-43990,-43986,,-7885,-3379,-3379,-1126,0,2,-3379,-3379,0,1,1,0,,0,3,3,0,3,4,0,0,4506,,0,2,1,
2026-09-16T05:50:55.845Z,382140578000000,54264740,541612,-43992,-43987,,-7885,-2253,-2253,-1126,0,2,-2253,-2253,0,1,1,0,,0,3,3,0,3,4,0,0,5632,,0,2,1,
2026-09-16T05:50:56.037Z,382140765000000,54264845,541613,-43974,-43987,,-5632,-2253,-2253,-1126,0,2,-2253,-2253,0,1,1,0,,0,3,3,0,3,4,0,0,4506,,0,2,1,
2026-09-16T05:50:56.142Z,382140875000000,54264969,541615,-43974,-43984,,-5632,-5632,-5632,-1126,0,2,-5632,-5632,0,1,1,0,,0,3,3,0,3,4,0,0,3379,,0,2,1,
2026-09-16T05:50:56.246Z,382140968000000,54265142,541616,-43989,-43983,,-5632,-6759,-6759,-1126,0,2,-6759,-6759,0,1,1,0,,0,3,3,0,3,4,0,0,4506,,0,2,1,
2026-09-16T05:50:56.351Z,382141078000000,54265246,541617,-43983,-43983,,-5632,-6759,-6759,-1126,0,2,-6759,-6759,0,1,1,0,,0,3,3,0,3,4,0,0,4506,,0,2,1,
2026-09-16T05:50:56.455Z,382141187000000,54265370,541619,-43984,-43983,,-5632,-6759,-6759,-1126,0,2,-6759,-6759,0,1,1,0,,0,3,3,0,3,4,0,0,4506,,0,2,1,
2026-09-16T05:50:56.560Z,382141281000000,54265470,541620,-43967,-43982,,-5632,-7885,-7885,-1126,0,2,-7885,-7885,0,1,1,0,,0,3,3,0,3,4,0,0,5632,,0,2,1,
2026-09-16T05:50:56.664Z,382141390000000,54265570,541621,-43985,-43982,,-5632,-7885,-7885,-1126,0,2,-7885,-7885,0,1,1,0,,0,3,3,0,3,4,0,0,3379,,0,2,1,
2026-09-16T05:50:56.767Z,382141500000000,54265670,541622,-43993,-43982,,-5632,-7885,-7885,-1126,0,2,-7885,-7885,0,1,1,0,,0,3,3,0,3,4,0,0,2253,,0,2,1,
2026-09-16T05:50:56.872Z,382141593000000,54265771,541623,-44022,-43983,,-5632,-6759,-6759,-1126,0,2,-6759,-6759,0,1,1,0,,0,3,3,0,3,4,0,0,1126,,0,2,1,
2026-09-16T05:50:57.065Z,382141796000000,54265872,541624,-44006,-43986,,0,-3379,-3379,-1126,0,2,-3379,-3379,0,1,1,0,,0,3,3,0,3,4,0,0,4506,,0,2,1,
2026-09-16T05:50:57.169Z,382141890000000,54266072,541626,-44009,-43992,,0,3379,3379,-1126,0,2,3379,3379,0,1,1,0,,0,3,3,0,3,4,0,0,11264,,0,2,1,
2026-09-16T05:50:57.274Z,382142000000000,54266171,541627,-43985,-43994,,0,5632,5632,-1126,0,2,5632,5632,0,1,1,0,,0,3,3,0,3,4,0,0,13517,,0,2,1,
2026-09-16T05:50:57.379Z,382142109000000,54266275,541628,-43973,-43993,,0,4506,4506,-1126,0,2,4506,4506,0,1,1,0,,0,3,3,0,3,4,0,0,13517,,0,2,1,
2026-09-16T05:50:57.485Z,382142218000000,54266380,541629,-43995,-43992,,0,3379,3379,-1126,0,2,3379,3379,0,1,1,0,,0,3,3,0,3,4,0,0,13517,,0,2,1,
2026-09-16T05:50:57.589Z,382142312000000,54266485,541630,-43991,-43992,,0,3379,3379,-1126,0,2,3379,3379,0,1,1,0,,0,3,3,0,3,4,0,0,12391,,0,2,1,
2026-09-16T05:50:57.694Z,382142421000000,54266589,541631,-43986,-43992,,0,3379,3379,-1126,0,2,3379,3379,0,1,1,0,,0,3,3,0,3,4,0,0,9011,,0,2,1,
2026-09-16T05:50:57.799Z,382142531000000,54266695,541632,-43978,-43991,,0,2253,2253,-1126,0,2,2253,2253,0,1,1,0,,0,3,3,0,3,4,0,0,5632,,0,2,1,
2026-09-16T05:50:57.903Z,382142625000000,54266799,541633,-43980,-43990,,0,1126,1126,-1126,0,2,1126,1126,0,1,1,0,,0,3,3,0,3,4,0,0,4506,,0,2,1,
2026-09-16T05:50:58.093Z,382142828000000,54266904,541634,-43985,-43989,,-1126,0,0,-1126,0,2,0,0,0,1,1,0,,0,3,3,0,3,4,0,0,5632,,0,2,1,
2026-09-16T05:50:58.199Z,382142921000000,54267101,541636,-44004,-43989,,-1126,0,0,-1126,0,2,0,0,0,1,1,0,,0,3,3,0,3,4,0,0,4505,,0,2,1,
2026-09-16T05:50:58.304Z,382143031000000,54267199,541637,-44004,-43991,,-1126,2253,2253,-1126,0,2,2253,2253,0,1,1,0,,0,3,3,0,3,4,0,0,4505,,0,2,1,
2026-09-16T05:50:58.409Z,382143140000000,54267305,541638,-43987,-43993,,-1126,4506,4506,-1126,0,2,4506,4506,0,1,1,0,,0,3,3,0,3,4,0,0,5632,,0,2,1,
2026-09-16T05:50:58.514Z,382143234000000,54267410,541639,-44004,-43994,,-1126,5632,5632,-1126,0,2,5632,5632,0,1,1,0,,0,3,3,0,3,4,0,0,6758,,0,2,1,
2026-09-16T05:50:58.618Z,382143343000000,54267515,541640,-44004,-43995,,-1126,6759,6759,-1126,0,2,6759,6759,0,1,1,0,,0,3,3,0,3,4,0,0,7885,,0,2,1,
2026-09-16T05:50:58.722Z,382143453000000,54267618,541641,-43990,-43996,,-1126,7885,7885,-1126,0,2,7885,7885,0,1,1,0,,0,3,3,0,3,4,0,0,9011,,0,2,1,
2026-09-16T05:50:58.826Z,382143546000000,54267723,541642,-43993,-43996,,-1126,7885,7885,-1126,0,2,7885,7885,0,1,1,0,,0,3,3,0,3,4,0,0,9011,,0,2,1,
2026-09-16T05:50:58.931Z,382143656000000,54267827,541643,-43994,-43996,,-1126,7885,7885,-1126,0,2,7885,7885,0,1,1,0,,0,3,3,0,3,4,0,0,7885,,0,2,1,
2026-09-16T05:50:59.124Z,382143859000000,54267932,541644,-43992,-43996,,4506,7885,7885,-1126,0,2,7885,7885,0,1,1,0,,0,3,3,0,3,4,0,0,5632,,0,2,1,
2026-09-16T05:50:59.229Z,382143953000000,54268081,541646,-43981,-43993,,4506,4506,4506,-1126,0,2,4506,4506,0,1,1,0,,0,3,3,0,3,4,0,0,3379,,0,2,1,
2026-09-16T05:50:59.332Z,382144062000000,54268228,541647,-43994,-43991,,4506,2253,2253,-1126,0,2,2253,2253,0,1,1,0,,0,3,3,0,3,4,0,0,5632,,0,2,1,
2026-09-16T05:50:59.437Z,382144171000000,54268333,541648,-44007,-43991,,4506,2253,2253,-1126,0,2,2253,2253,0,1,1,0,,0,3,3,0,3,4,0,0,5632,,0,2,1,
2026-09-16T05:50:59.542Z,382144265000000,54268437,541649,-44005,-43993,,4506,4506,4506,-1126,0,2,4506,4506,0,1,1,0,,0,3,3,0,3,4,0,0,5632,,0,2,1,
2026-09-16T05:50:59.645Z,382144375000000,54268542,541650,-44001,-43995,,4506,6759,6759,-1126,0,2,6759,6759,0,1,1,0,,0,3,3,0,3,4,0,0,5632,,0,2,1,
2026-09-16T05:50:59.750Z,382144484000000,54268646,541651,-43976,-43996,,4506,7885,7885,-1126,0,2,7885,7885,0,1,1,0,,0,3,3,0,3,4,0,0,5632,,0,2,1,
2026-09-16T05:50:59.856Z,382144578000000,54268751,541652,-43986,-43995,,4506,6759,6759,-1126,0,2,6759,6759,0,1,1,0,,0,3,3,0,3,4,0,0,5632,,0,2,1,
2026-09-16T05:50:59.960Z,382144687000000,54268856,541653,-43998,-43994,,4506,5632,5632,-1126,0,2,5632,5632,0,1,1,0,,0,3,3,0,3,4,0,0,5632,,0,2,1,
2026-09-16T05:51:00.150Z,382144875000000,54268977,541655,-43991,-43993,,3379,4506,4506,-1126,0,2,4506,4506,0,1,1,0,,0,3,3,0,3,4,0,0,5632,,0,2,1,
2026-09-16T05:51:00.255Z,382144984000000,54269077,541656,-43985,-43992,,3379,3379,3379,-1126,0,2,3379,3379,0,1,1,0,,0,3,3,0,3,4,0,0,4506,,0,2,1,
2026-09-16T05:51:00.359Z,382145093000000,54269256,541657,-43988,-43991,,3379,2253,2253,-1126,0,2,2253,2253,0,1,1,0,,0,3,3,0,3,4,0,0,5632,,0,2,1,
2026-09-16T05:51:00.463Z,382145187000000,54269377,541659,-43973,-43991,,3379,2253,2253,-1126,0,2,2253,2253,0,1,1,0,,0,3,3,0,3,4,0,0,4506,,0,2,1,
2026-09-16T05:51:00.565Z,382145296000000,54269478,541660,-43960,-43989,,3379,0,0,-1126,0,2,0,0,0,1,1,0,,0,3,3,0,3,4,0,0,5632,,0,2,1,
2026-09-16T05:51:00.670Z,382145390000000,54269578,541661,-43981,-43987,,3379,-2253,-2253,-1126,0,2,-2253,-2253,0,1,1,0,,0,3,3,0,3,4,0,0,6759,,0,2,1,
2026-09-16T05:51:00.774Z,382145500000000,54269678,541662,-44003,-43986,,3379,-3379,-3379,-1126,0,2,-3379,-3379,0,1,1,0,,0,3,3,0,3,4,0,0,7885,,0,2,1,
2026-09-16T05:51:00.879Z,382145609000000,54269778,541663,-43999,-43988,,3379,-1126,-1126,-1126,0,2,-1126,-1126,0,1,1,0,,0,3,3,0,3,4,0,0,6758,,0,2,1,
2026-09-16T05:51:00.983Z,382145718000000,54269879,541664,-43981,-43989,,3379,0,0,-1126,0,2,0,0,0,1,1,0,,0,3,3,0,3,4,0,0,5632,,0,2,1,
2026-09-16T05:51:01.176Z,382145906000000,54269984,541665,-43987,-43989,,0,0,0,-1126,0,2,0,0,0,1,1,0,,0,3,3,0,3,4,0,0,5632,,0,2,1,
2026-09-16T05:51:01.281Z,382146015000000,54270183,541667,-43992,-43989,,0,0,0,-1126,0,2,0,0,0,1,1,0,,0,3,3,0,3,4,0,0,3379,,0,2,1,
2026-09-16T05:51:01.385Z,382146109000000,54270282,541668,-43982,-43989,,0,0,0,-1126,0,2,0,0,0,1,1,0,,0,3,3,0,3,4,0,0,3379,,0,2,1,
2026-09-16T05:51:01.488Z,382146218000000,54270385,541669,-43987,-43989,,0,0,0,-1126,0,2,0,0,0,1,1,0,,0,3,3,0,3,4,0,0,3379,,0,2,1,
2026-09-16T05:51:01.592Z,382146312000000,54270489,541670,-43974,-43988,,0,-1126,-1126,-1126,0,2,-1126,-1126,0,1,1,0,,0,3,3,0,3,4,0,0,1126,,0,2,1,
2026-09-16T05:51:01.695Z,382146421000000,54270593,541671,-43967,-43986,,0,-3379,-3379,-1126,0,2,-3379,-3379,0,1,1,0,,0,3,3,0,3,4,0,0,3379,,0,2,1,
2026-09-16T05:51:01.799Z,382146531000000,54270697,541672,-43977,-43984,,0,-5632,-5632,-1126,0,2,-5632,-5632,0,1,1,0,,0,3,3,0,3,4,0,0,5632,,0,2,1,
2026-09-16T05:51:01.904Z,382146625000000,54270801,541673,-43945,-43982,,0,-7885,-7885,-1126,0,2,-7885,-7885,0,1,1,0,,0,3,3,0,3,4,0,0,7885,,0,2,1,
2026-09-16T05:51:02.010Z,382146734000000,54270905,541674,-43968,-43980,,0,-10138,-10138,-1126,0,2,-10138,-10138,0,1,1,0,,0,3,3,0,3,4,0,0,10138,,0,2,1,
2026-09-16T05:51:02.203Z,382146937000000,54271010,541675,-43978,-43978,,-13518,-12391,-12391,-1126,0,2,-12391,-12391,0,1,1,0,,0,3,3,0,3,4,0,0,12391,,0,2,1,
2026-09-16T05:51:02.307Z,382147031000000,54271209,541677,-43977,-43977,,-13518,-13518,-13518,-1126,0,2,-13518,-13518,0,1,1,0,,0,3,3,0,3,4,0,0,12392,,0,2,1,
2026-09-16T05:51:02.411Z,382147140000000,54271308,541678,-43964,-43975,,-13518,-15771,-15771,-1126,0,2,-15771,-15771,0,1,1,0,,0,3,3,0,3,4,0,0,12392,,0,2,1,
2026-09-16T05:51:02.515Z,382147250000000,54271413,541679,-43958,-43974,,-13518,-16897,-16897,-1126,0,2,-16897,-16897,0,1,1,0,,0,3,3,0,3,4,0,0,11265,,0,2,1,
2026-09-16T05:51:02.621Z,382147343000000,54271517,541680,-43968,-43973,,-13518,-18024,-18024,-1126,0,2,-18024,-18024,0,1,1,0,,0,3,3,0,3,4,0,0,10139,,0,2,1,
2026-09-16T05:51:02.725Z,382147453000000,54271622,541681,-43970,-43972,,-13518,-19150,-19150,-1126,0,2,-19150,-19150,0,1,1,0,,0,3,3,0,3,4,0,0,9012,,0,2,1,
2026-09-16T05:51:02.829Z,382147562000000,54271726,541682,-43982,-43972,,-13518,-19150,-19150,-1126,0,2,-19150,-19150,0,1,1,0,,0,3,3,0,3,4,0,0,6759,,0,2,1,
2026-09-16T05:51:02.935Z,382147656000000,54271830,541683,-43991,-43973,,-13518,-18024,-18024,-1126,0,2,-18024,-18024,0,1,1,0,,0,3,3,0,3,4,0,0,5632,,0,2,1,
2026-09-16T05:51:03.041Z,382147765000000,54271936,541684,-43989,-43975,,-13518,-15771,-15771,-1126,0,2,-15771,-15771,0,1,1,0,,0,3,3,0,3,4,0,0,5632,,0,2,1,
2026-09-16T05:51:03.233Z,382147968000000,54272042,541685,-43971,-43977,,-15771,-13518,-13518,-1126,0,2,-13518,-13518,0,1,1,0,,0,3,3,0,3,4,0,0,5632,,0,2,1,
2026-09-16T05:51:03.337Z,382148062000000,54272188,541687,-43975,-43975,,-15771,-15771,-15771,-1126,0,2,-15771,-15771,0,1,1,0,,0,3,3,0,3,4,0,0,5632,,0,2,1,
2026-09-16T05:51:03.442Z,382148171000000,54272338,541688,-43974,-43975,,-15771,-15771,-15771,-1126,0,2,-15771,-15771,0,1,1,0,,0,3,3,0,3,4,0,0,5632,,0,2,1,
2026-09-16T05:51:03.547Z,382148281000000,54272442,541689,-43965,-43975,,-15771,-15771,-15771,-1126,0,2,-15771,-15771,0,1,1,0,,0,3,3,0,3,4,0,0,5632,,0,2,1,
2026-09-16T05:51:03.652Z,382148375000000,54272547,541690,-43986,-43975,,-15771,-15771,-15771,-1126,0,2,-15771,-15771,0,1,1,0,,0,3,3,0,3,4,0,0,4506,,0,2,1,
2026-09-16T05:51:03.756Z,382148484000000,54272653,541691,-43975,-43975,,-15771,-15771,-15771,-1126,0,2,-15771,-15771,0,1,1,0,,0,3,3,0,3,4,0,0,2253,,0,2,1,
2026-09-16T05:51:03.860Z,382148593000000,54272757,541692,-43992,-43976,,-15771,-14644,-14644,-1126,0,2,-14644,-14644,0,1,1,0,,0,3,3,0,3,4,0,0,2253,,0,2,1,
2026-09-16T05:51:03.965Z,382148687000000,54272861,541693,-44000,-43978,,-15771,-12391,-12391,-1126,0,2,-12391,-12391,0,1,1,0,,0,3,3,0,3,4,0,0,3380,,0,2,1,
2026-09-16T05:51:04.069Z,382148796000000,54272984,541695,-53580,-43983,,-15771,-6759,-6759,-1126,0,2,-6759,-6759,0,1,1,0,,0,3,3,0,3,4,0,0,9012,,0,2,1,
2026-09-16T05:51:04.262Z,382148984000000,54273084,541696,-144779,-45183,,15369677,1345016,1345016,15369677,135,2,1345016,1345016,0,0,1,0,,0,3,3,0,3,4,0,0,1360787,,0,0,0,
2026-09-16T05:51:04.369Z,382149093000000,54273285,541698,-437974,-89874,,15369677,51688479,51688479,15369677,5169,2,51688479,51688479,0,0,1,0,,0,3,3,0,3,4,0,0,51704250,,0,0,0,
2026-09-16T05:51:04.476Z,382149203000000,54273385,541699,-483573,-133387,,15369677,100704950,100704950,15369677,10070,2,100704950,100704950,0,0,0,0,,0,3,3,0,3,4,0,0,100719594,,0,0,0,
2026-09-16T05:51:04.581Z,382149312000000,54273485,541700,-487866,-177160,,15369677,150014306,150014306,15369677,15001,2,150014306,150014306,0,0,0,0,,0,3,3,0,3,4,0,0,150026697,,0,0,0,
2026-09-16T05:51:04.688Z,382149421000000,54273585,541701,-487852,-215997,,15369677,193763363,193763363,15369677,19376,2,193763363,193763363,0,0,0,0,,0,3,3,0,3,4,0,0,193773501,,0,0,0,
2026-09-16T05:51:04.794Z,382149515000000,54273688,541702,-487856,-249979,,15369677,232043365,232043365,15369677,23204,2,232043365,232043365,0,0,0,0,,0,3,3,0,3,4,0,0,232050124,,0,0,0,
2026-09-16T05:51:04.902Z,382149625000000,54273796,541703,-487859,-279714,,15369677,265539212,265539212,15369677,26554,2,265539212,265539212,0,0,0,0,,0,3,3,0,3,4,0,0,264194196,,0,0,0,
2026-09-16T05:51:05.009Z,382149734000000,54273903,541704,-487867,-305732,,15369677,294847937,294847937,15369677,29485,2,294847937,294847937,0,0,0,0,,0,3,3,0,3,4,0,0,279478260,,0,0,0,
2026-09-16T05:51:05.117Z,382149843000000,54274010,541705,-487869,-328499,,15369677,320494479,320494479,15369677,32049,2,320494479,320494479,0,0,0,0,,0,3,3,0,3,4,0,0,268806000,,0,0,0,
2026-09-16T05:51:05.312Z,382150046000000,54274118,541706,-487874,-348420,,362571841,342935063,342935063,362571841,34294,2,342935063,342935063,0,0,0,0,,0,3,3,0,3,4,0,0,242230113,,0,0,0,
2026-09-16T05:51:05.419Z,382150140000000,54274319,541708,-487870,-381105,,362571841,379754022,379754022,362571841,37975,2,379754022,379754022,0,0,0,0,,0,3,3,0,3,4,0,0,185990659,,0,0,0,
2026-09-16T05:51:05.527Z,382150250000000,54274420,541709,-487861,-394451,,362571841,394788008,394788008,362571841,39479,2,394788008,394788008,0,0,0,0,,0,3,3,0,3,4,0,0,162744643,,0,0,0,
2026-09-16T05:51:05.634Z,382150359000000,54274528,541710,-487869,-406128,,362571841,407941901,407941901,362571841,40794,2,407941901,407941901,0,0,0,0,,0,3,3,0,3,4,0,0,142402689,,0,0,0,
2026-09-16T05:51:05.740Z,382150468000000,54274635,541711,-487870,-416346,,362571841,419452261,419452261,362571841,41945,2,419452261,419452261,0,0,0,0,,0,3,3,0,3,4,0,0,124604324,,0,0,0,
2026-09-16T05:51:05.848Z,382150578000000,54274741,541712,-487868,-425286,,362571841,429522981,429522981,362571841,42952,2,429522981,429522981,0,0,0,0,,0,3,3,0,3,4,0,0,109028502,,0,0,0,
2026-09-16T05:51:05.955Z,382150687000000,54274848,541713,-487866,-433109,,362571841,438335425,438335425,362571841,43834,2,438335425,438335425,0,0,0,0,,0,3,3,0,3,4,0,0,95400362,,0,0,0,
2026-09-16T05:51:06.062Z,382150796000000,54274956,541714,-487869,-439954,,362571841,446046172,446046172,362571841,44605,2,446046172,446046172,0,0,0,0,,0,3,3,0,3,4,0,0,83474331,,0,0,0,
2026-09-16T05:51:06.169Z,382150890000000,54275063,541715,-487848,-445943,,362571841,452792654,452792654,362571841,45279,2,452792654,452792654,0,0,0,0,,0,3,3,0,3,4,0,0,73038632,,0,0,0,
2026-09-16T05:51:06.364Z,382151093000000,54275188,541717,-487873,-455770,,468383120,463862561,463862561,468383120,46386,2,463862561,463862561,0,0,0,0,,0,3,3,0,3,4,0,0,55920660,,0,0,0,
2026-09-16T05:51:06.471Z,382151203000000,54275289,541718,-487876,-459783,,468383120,468383120,468383120,468383120,46838,2,468383120,468383120,0,0,0,0,,0,3,3,0,3,4,0,0,48930859,,0,0,0,
2026-09-16T05:51:06.577Z,382151312000000,54275489,541720,-487877,-466367,,468383120,475799856,475799856,468383120,47580,2,475799856,475799856,0,0,0,0,,0,3,3,0,3,4,0,0,37464431,,0,0,0,
2026-09-16T05:51:06.681Z,382151406000000,54275590,541721,-487872,-469055,,468383120,478827831,478827831,468383120,47883,2,478827831,478827831,0,0,0,0,,0,3,3,0,3,4,0,0,32781659,,0,0,0,
2026-09-16T05:51:06.785Z,382151515000000,54275690,541722,-487853,-471407,,468383120,481477309,481477309,468383120,48148,2,481477309,481477309,0,0,0,0,,0,3,3,0,3,4,0,0,28684655,,0,0,0,
2026-09-16T05:51:06.892Z,382151625000000,54275790,541723,-487856,-473463,,468383120,483793350,483793350,468383120,48379,2,483793350,483793350,0,0,0,0,,0,3,3,0,3,4,0,0,25096821,,0,0,0,
2026-09-16T05:51:06.998Z,382151718000000,54275893,541724,-487858,-475262,,468383120,485819885,485819885,468383120,48582,2,485819885,485819885,0,0,0,0,,0,3,3,0,3,4,0,0,21957324,,0,0,0,
2026-09-16T05:51:07.105Z,382151828000000,54275999,541725,-487884,-476837,,468383120,487594089,487594089,468383120,48759,2,487594089,487594089,0,0,0,0,,0,3,3,0,3,4,0,0,19210969,,0,0,0,
2026-09-16T05:51:07.212Z,382151937000000,54276106,541726,-487859,-478215,,468383120,489146377,489146377,468383120,48915,2,489146377,489146377,0,0,0,0,,0,3,3,0,3,4,0,0,16808190,,0,0,0,
2026-09-16T05:51:07.407Z,382152140000000,54276213,541727,-487871,-479422,,491694472,490506037,490506037,491694472,49051,2,490506037,490506037,0,0,0,0,,0,3,3,0,3,4,0,0,14706181,,0,0,0,
2026-09-16T05:51:07.512Z,382152234000000,54276415,541729,-487861,-481400,,491694472,492734212,492734212,491694472,49273,2,492734212,492734212,0,0,0,0,,0,3,3,0,3,4,0,0,11256903,,0,0,0,
2026-09-16T05:51:07.618Z,382152343000000,54276514,541730,-487848,-482208,,491694472,493644407,493644407,491694472,49364,2,493644407,493644407,0,0,0,0,,0,3,3,0,3,4,0,0,9851057,,0,0,0,
2026-09-16T05:51:07.725Z,382152453000000,54276619,541731,-487857,-482914,,491694472,494439701,494439701,491694472,49444,2,494439701,494439701,0,0,0,0,,0,3,3,0,3,4,0,0,8619816,,0,0,0,
2026-09-16T05:51:07.832Z,382152562000000,54276725,541732,-487872,-483532,,491694472,495135865,495135865,491694472,49514,2,495135865,495135865,0,0,0,0,,0,3,3,0,3,4,0,0,7541776,,0,0,0,
2026-09-16T05:51:07.938Z,382152671000000,54276833,541733,-487877,-484075,,491694472,495747543,495747543,491694472,49575,2,495747543,495747543,0,0,0,0,,0,3,3,0,3,4,0,0,6601166,,0,0,0,
2026-09-16T05:51:08.045Z,382152765000000,54276939,541734,-487879,-484550,,491694472,496282620,496282620,491694472,49628,2,496282620,496282620,0,0,0,0,,0,3,3,0,3,4,0,0,5776583,,0,0,0,
2026-09-16T05:51:08.150Z,382152875000000,54277046,541735,-487856,-484966,,491694472,496751235,496751235,491694472,49675,2,496751235,496751235,0,0,0,0,,0,3,3,0,3,4,0,0,5056763,,0,0,0,
2026-09-16T05:51:08.256Z,382152984000000,54277152,541736,-487852,-485327,,491694472,497157894,497157894,491694472,49716,2,497157894,497157894,0,0,0,0,,0,3,3,0,3,4,0,0,4423682,,0,0,0,
2026-09-16T05:51:08.454Z,382153187000000,54277258,541737,-487868,-485643,,498103010,497513861,497513861,497827022,49751,2,497513861,497513861,0,0,0,0,,0,3,3,0,3,4,0,0,3869454,,0,0,0,
2026-09-16T05:51:08.560Z,382153281000000,54277408,541739,-487887,-486166,,498103010,498103010,498103010,497827022,49810,2,498103010,498103010,0,0,0,0,,0,3,3,0,3,4,0,0,2967145,,0,0,0,
2026-09-16T05:51:08.667Z,382153390000000,54277562,541740,-487875,-486380,,498103010,498344076,498344076,497827022,49834,2,498344076,498344076,0,0,0,0,,0,3,3,0,3,4,0,0,2596533,,0,0,0,
2026-09-16T05:51:08.773Z,382153500000000,54277668,541741,-487883,-486568,,498103010,498555854,498555854,497827022,49856,2,498555854,498555854,0,0,0,0,,0,3,3,0,3,4,0,0,2273234,,0,0,0,
2026-09-16T05:51:08.879Z,382153609000000,54277794,541743,-487860,-486876,,498103010,498902810,498902810,497827022,49890,2,498902810,498902810,0,0,0,0,,0,3,3,0,3,4,0,0,1744916,,0,0,0,
2026-09-16T05:51:08.982Z,382153703000000,54277894,541744,-487873,-487001,,498103010,499043620,499043620,497827022,49904,2,499043620,499043620,0,0,0,0,,0,3,3,0,3,4,0,0,1529759,,0,0,0,
2026-09-16T05:51:09.088Z,382153812000000,54277994,541745,-487872,-487110,,498103010,499166406,499166406,497827022,49917,2,499166406,499166406,0,0,0,0,,0,3,3,0,3,4,0,0,1339384,,0,0,0,
2026-09-16T05:51:09.195Z,382153921000000,54278094,541746,-487877,-487205,,498103010,499273421,499273421,497827022,49927,2,499273421,499273421,0,0,0,0,,0,3,3,0,3,4,0,0,1170411,,0,0,0,
2026-09-16T05:51:09.301Z,382154031000000,54278197,541747,-487871,-487288,,498103010,499366919,499366919,497827022,49937,2,499366919,499366919,0,0,0,0,,0,3,3,0,3,4,0,0,1022843,,0,0,0,
2026-09-16T05:51:09.497Z,382154218000000,54278303,541748,-487851,-487361,,499521247,499449152,499449152,499521247,49945,2,499449152,499449152,0,0,0,0,,0,3,3,0,3,4,0,0,893298,,0,0,0,
2026-09-16T05:51:09.604Z,382154328000000,54278504,541750,-487883,-487481,,499521247,499584329,499584329,499521247,49958,2,499584329,499584329,0,0,0,0,,0,3,3,0,3,4,0,0,681519,,0,0,0,
2026-09-16T05:51:09.710Z,382154437000000,54278605,541751,-487863,-487530,,499521247,499639527,499639527,499521247,49964,2,499639527,499639527,0,0,0,0,,0,3,3,0,3,4,0,0,595907,,0,0,0,
2026-09-16T05:51:09.816Z,382154546000000,54278711,541752,-487877,-487573,,499521247,499687965,499687965,499521247,49969,2,499687965,499687965,0,0,0,0,,0,3,3,0,3,4,0,0,521559,,0,0,0,
2026-09-16T05:51:09.923Z,382154656000000,54278818,541753,-487871,-487610,,499521247,499729645,499729645,499521247,49973,2,499729645,499729645,0,0,0,0,,0,3,3,0,3,4,0,0,456224,,0,0,0,
2026-09-16T05:51:10.030Z,382154765000000,54278924,541754,-487875,-487643,,499521247,499766819,499766819,499521247,49977,2,499766819,499766819,0,0,0,0,,0,3,3,0,3,4,0,0,399900,,0,0,0,
2026-09-16T05:51:10.136Z,382154859000000,54279031,541755,-487866,-487672,,499521247,499799487,499799487,499521247,49980,2,499799487,499799487,0,0,0,0,,0,3,3,0,3,4,0,0,350335,,0,0,0,
2026-09-16T05:51:10.245Z,382154968000000,54279138,541756,-487874,-487697,,499521247,499827649,499827649,499521247,49983,2,499827649,499827649,0,0,0,0,,0,3,3,0,3,4,0,0,306402,,0,0,0,
2026-09-16T05:51:10.351Z,382155078000000,54279246,541757,-487877,-487719,,499521247,499852431,499852431,499521247,49985,2,499852431,499852431,0,0,0,0,,0,3,3,0,3,4,0,0,268102,,0,0,0,
2026-09-16T05:51:10.548Z,382155281000000,54279353,541758,-487878,-487739,,499912135,499874961,499874961,499894111,49987,2,499874961,499874961,0,0,0,0,,0,3,3,0,3,4,0,0,235434,,0,0,0,
2026-09-16T05:51:10.655Z,382155375000000,54279504,541760,-487897,-487772,,499912135,499912135,499912135,499894111,49991,2,499912135,499912135,0,0,0,0,,0,3,3,0,3,4,0,0,182490,,0,0,0,
2026-09-16T05:51:10.760Z,382155484000000,54279656,541761,-487885,-487786,,499912135,499927905,499927905,499894111,49993,2,499927905,499927905,0,0,0,0,,0,3,3,0,3,4,0,0,161086,,0,0,0,
2026-09-16T05:51:10.866Z,382155593000000,54279762,541762,-487878,-487798,,499912135,499941423,499941423,499894111,49994,2,499941423,499941423,0,0,0,0,,0,3,3,0,3,4,0,0,141936,,0,0,0,
2026-09-16T05:51:10.972Z,382155703000000,54279867,541763,-487884,-487809,,499912135,499953814,499953814,499894111,49995,2,499953814,499953814,0,0,0,0,,0,3,3,0,3,4,0,0,126165,,0,0,0,
2026-09-16T05:51:11.079Z,382155812000000,54279974,541764,-487881,-487818,,499912135,499963953,499963953,499894111,49996,2,499963953,499963953,0,0,0,0,,0,3,3,0,3,4,0,0,111522,,0,0,0,
2026-09-16T05:51:11.185Z,382155906000000,54280098,541766,-487873,-487832,,499912135,499979723,499979723,499894111,49998,2,499979723,499979723,0,0,0,0,,0,3,3,0,3,4,0,0,85612,,0,0,0,
2026-09-16T05:51:11.291Z,382156015000000,54280199,541767,-487888,-487837,,499912135,499985356,499985356,499894111,49999,2,499985356,499985356,0,0,0,0,,0,3,3,0,3,4,0,0,73221,,0,0,0,
2026-09-16T05:51:11.395Z,382156125000000,54280299,541768,-487874,-487842,,499912135,499990988,499990988,499894111,49999,2,499990988,499990988,0,0,0,0,,0,3,3,0,3,4,0,0,63083,,0,0,0,
2026-09-16T05:51:11.587Z,382156312000000,54280399,541769,-487873,-487846,,499998874,499995494,499995494,499998874,50000,2,499995494,499995494,0,0,0,0,,0,3,3,0,3,4,0,0,54071,,0,0,0,
2026-09-16T05:51:11.690Z,382156421000000,54280599,541771,-487876,-487852,,499998874,500002253,500002253,499998874,50000,2,500002253,500002253,0,0,0,0,,0,3,3,0,3,4,0,0,38300,,0,0,0,
2026-09-16T05:51:11.795Z,382156515000000,54280699,541772,-487882,-487855,,499998874,500005632,500005632,499998874,50001,2,500005632,500005632,0,0,0,0,,0,3,3,0,3,4,0,0,32667,,0,0,0,
2026-09-16T05:51:11.900Z,382156625000000,54280800,541773,-487898,-487858,,499998874,500009012,500009012,499998874,50001,2,500009012,500009012,0,0,0,0,,0,3,3,0,3,4,0,0,29289,,0,0,0,
2026-09-16T05:51:12.007Z,382156734000000,54280902,541774,-487893,-487862,,499998874,500013518,500013518,499998874,50001,2,500013518,500013518,0,0,0,0,,0,3,3,0,3,4,0,0,28162,,0,0,0,
2026-09-16T05:51:12.113Z,382156843000000,54281008,541775,-487891,-487866,,499998874,500018024,500018024,499998874,50002,2,500018024,500018024,0,0,0,0,,0,3,3,0,3,4,0,0,27036,,0,0,0,
2026-09-16T05:51:12.219Z,382156953000000,54281115,541776,-487882,-487869,,499998874,500021403,500021403,499998874,50002,2,500021403,500021403,0,0,0,0,,0,3,3,0,3,4,0,0,25909,,0,0,0,
2026-09-16T05:51:12.325Z,382157046000000,54281220,541777,-487885,-487871,,499998874,500023656,500023656,499998874,50002,2,500023656,500023656,0,0,0,0,,0,3,3,0,3,4,0,0,24782,,0,0,0,
2026-09-16T05:51:12.431Z,382157156000000,54281327,541778,-487879,-487872,,499998874,500024783,500024783,499998874,50002,2,500024783,500024783,0,0,0,0,,0,3,3,0,3,4,0,0,22530,,0,0,0,
2026-09-16T05:51:12.628Z,382157359000000,54281433,541779,-487857,-487873,,500025909,500025909,500025909,500025909,50003,2,500025909,500025909,0,0,0,0,,0,3,3,0,3,4,0,0,20277,,0,1,0,
2026-09-16T05:51:12.734Z,382157468000000,54281636,541781,-487881,-487873,,500025909,500025909,500025909,500025909,50003,2,500025909,500025909,0,1,0,0,,0,3,3,0,3,4,0,0,12391,,0,1,0,
2026-09-16T05:51:12.839Z,382157562000000,54281735,541782,-487886,-487874,,500025909,500027035,500027035,500025909,50003,2,500027035,500027035,0,1,0,0,,0,3,3,0,3,4,0,0,9011,,0,1,0,
2026-09-16T05:51:12.947Z,382157671000000,54281841,541783,-487884,-487875,,500025909,500028162,500028162,500025909,50003,2,500028162,500028162,0,1,0,0,,0,3,3,0,3,4,0,0,6759,,0,1,0,
2026-09-16T05:51:13.052Z,382157781000000,54281948,541784,-487872,-487876,,500025909,500029288,500029288,500025909,50003,2,500029288,500029288,0,1,0,0,,0,3,3,0,3,4,0,0,5632,,0,1,0,
2026-09-16T05:51:13.158Z,382157890000000,54282054,541785,-487859,-487875,,500025909,500028162,500028162,500025909,50003,2,500028162,500028162,0,1,0,0,,0,3,3,0,3,4,0,0,4505,,0,1,0,
2026-09-16T05:51:13.264Z,382157984000000,54282160,541786,-487886,-487875,,500025909,500028162,500028162,500025909,50003,2,500028162,500028162,0,1,0,0,,0,3,3,0,3,4,0,0,3379,,0,1,0,
2026-09-16T05:51:13.369Z,382158093000000,54282265,541787,-487932,-487876,,500025909,500029288,500029288,500025909,50003,2,500029288,500029288,0,1,0,0,,0,3,3,0,3,4,0,0,3379,,0,1,0,
2026-09-16T05:51:13.475Z,382158203000000,54282371,541788,-487900,-487879,,500025909,500032668,500032668,500025909,50003,2,500032668,500032668,0,1,0,0,,0,3,3,0,3,4,0,0,6759,,0,1,0,
2026-09-16T05:51:13.673Z,382158406000000,54282476,541789,-487892,-487882,,500034921,500036047,500036047,500029288,50004,2,500036047,500036047,0,1,0,0,,0,3,3,0,3,4,0,0,9012,,0,2,1,
2026-09-16T05:51:13.779Z,382158500000000,54282603,541791,-487866,-487881,,500034921,500034921,500034921,500029288,50003,2,500034921,500034921,0,1,0,0,,0,3,3,0,3,4,0,0,9012,,0,2,1,
2026-09-16T05:51:13.885Z,382158609000000,54282781,541792,-487885,-487879,,500034921,500032668,500032668,500029288,50003,2,500032668,500032668,0,1,0,0,,0,3,3,0,3,4,0,0,9012,,0,2,1,
2026-09-16T05:51:13.990Z,382158718000000,54282904,541794,-487872,-487877,,500034921,500030415,500030415,500029288,50003,2,500030415,500030415,0,1,0,0,,0,3,3,0,3,4,0,0,7886,,0,2,1,
2026-09-16T05:51:14.094Z,382158828000000,54283004,541795,-487876,-487876,,500034921,500029288,500029288,500029288,50003,2,500029288,500029288,0,1,0,0,,0,3,3,0,3,4,0,0,7886,,0,2,1,
2026-09-16T05:51:14.199Z,382158921000000,54283104,541796,-487881,-487876,,500034921,500029288,500029288,500029288,50003,2,500029288,500029288,0,1,0,0,,0,3,3,0,3,4,0,0,7886,,0,2,1,
2026-09-16T05:51:14.305Z,382159031000000,54283204,541797,-487876,-487876,,500034921,500029288,500029288,500029288,50003,2,500029288,500029288,0,1,0,0,,0,3,3,0,3,4,0,0,7886,,0,2,1,
2026-09-16T05:51:14.410Z,382159140000000,54283307,541798,-487874,-487876,,500034921,500029288,500029288,500029288,50003,2,500029288,500029288,0,1,0,0,,0,3,3,0,3,4,0,0,5633,,0,2,1,
2026-09-16T05:51:14.517Z,382159250000000,54283412,541799,-487866,-487876,,500034921,500029288,500029288,500029288,50003,2,500029288,500029288,0,1,0,0,,0,3,3,0,3,4,0,0,3380,,0,2,1,
2026-09-16T05:51:14.711Z,382159437000000,54283519,541800,-487876,-487876,,500029288,500029288,500029288,500029288,50003,2,500029288,500029288,0,1,0,0,,0,3,3,0,3,4,0,0,2253,,0,2,1,
2026-09-16T05:51:14.817Z,382159546000000,54283718,541802,-487875,-487876,,500029288,500029288,500029288,500029288,50003,2,500029288,500029288,0,1,0,0,,0,3,3,0,3,4,0,0,0,,0,2,1,
2026-09-16T05:51:14.923Z,382159656000000,54283818,541803,-487873,-487876,,500029288,500029288,500029288,500029288,50003,2,500029288,500029288,0,1,0,0,,0,3,3,0,3,4,0,0,0,,0,2,1,
2026-09-16T05:51:15.030Z,382159765000000,54283925,541804,-487870,-487876,,500029288,500029288,500029288,500029288,50003,2,500029288,500029288,0,1,0,0,,0,3,3,0,3,4,0,0,0,,0,2,1,
2026-09-16T05:51:15.136Z,382159859000000,54284031,541805,-487869,-487875,,500029288,500028162,500028162,500029288,50003,2,500028162,500028162,0,1,0,0,,0,3,3,0,3,4,0,0,1126,,0,2,1,
2026-09-16T05:51:15.242Z,382159968000000,54284138,541806,-487876,-487874,,500029288,500027035,500027035,500029288,50003,2,500027035,500027035,0,1,0,0,,0,3,3,0,3,4,0,0,2253,,0,2,1,
2026-09-16T05:51:15.347Z,382160078000000,54284243,541807,-487871,-487874,,500029288,500027035,500027035,500029288,50003,2,500027035,500027035,0,1,0,0,,0,3,3,0,3,4,0,0,2253,,0,2,1,
2026-09-16T05:51:15.454Z,382160187000000,54284349,541808,-487888,-487874,,500029288,500027035,500027035,500029288,50003,2,500027035,500027035,0,1,0,0,,0,3,3,0,3,4,0,0,2253,,0,2,1,
2026-09-16T05:51:15.560Z,382160281000000,54284456,541809,-487890,-487876,,500029288,500029288,500029288,500029288,50003,2,500029288,500029288,0,1,0,0,,0,3,3,0,3,4,0,0,2253,,0,2,1,
2026-09-16T05:51:15.754Z,382160484000000,54284563,541810,-487898,-487878,,500036047,500031541,500031541,500029288,50003,2,500031541,500031541,0,1,0,0,,0,3,3,0,3,4,0,0,4506,,0,2,1,
2026-09-16T05:51:15.860Z,382160593000000,54284712,541812,-487877,-487882,,500036047,500036047,500036047,500029288,50003,2,500036047,500036047,0,1,0,0,,0,3,3,0,3,4,0,0,9012,,0,2,1,
2026-09-16T05:51:15.967Z,382160687000000,54284862,541813,-487873,-487881,,500036047,500034921,500034921,500029288,50003,2,500034921,500034921,0,1,0,0,,0,3,3,0,3,4,0,0,9012,,0,2,1,
2026-09-16T05:51:16.074Z,382160796000000,54284968,541814,-487872,-487880,,500036047,500033794,500033794,500029288,50003,2,500033794,500033794,0,1,0,0,,0,3,3,0,3,4,0,0,9012,,0,2,1,
2026-09-16T05:51:16.179Z,382160906000000,54285076,541815,-487891,-487879,,500036047,500032668,500032668,500029288,50003,2,500032668,500032668,0,1,0,0,,0,3,3,0,3,4,0,0,9012,,0,2,1,
2026-09-16T05:51:16.288Z,382161015000000,54285181,541816,-487881,-487879,,500036047,500032668,500032668,500029288,50003,2,500032668,500032668,0,1,0,0,,0,3,3,0,3,4,0,0,6759,,0,2,1,
2026-09-16T05:51:16.393Z,382161125000000,54285309,541818,-487890,-487881,,500036047,500034921,500034921,500029288,50003,2,500034921,500034921,0,1,0,0,,0,3,3,0,3,4,0,0,3379,,0,2,1,
2026-09-16T05:51:16.497Z,382161218000000,54285410,541819,-487898,-487882,,500036047,500036047,500036047,500029288,50003,2,500036047,500036047,0,1,0,0,,0,3,3,0,3,4,0,0,3379,,0,2,1,
2026-09-16T05:51:16.601Z,382161328000000,54285510,541820,-487896,-487884,,500036047,500038300,500038300,500029288,50003,2,500038300,500038300,0,1,0,0,,0,3,3,0,3,4,0,0,5632,,0,2,1,
2026-09-16T05:51:16.795Z,382161515000000,54285609,541821,-487883,-487886,,500040553,500040553,500040553,500029288,50003,2,500040553,500040553,0,1,0,0,,0,3,3,0,3,4,0,0,7885,,0,2,1,
2026-09-16T05:51:16.900Z,382161625000000,54285810,541823,-487864,-487886,,500040553,500040553,500040553,500029288,50003,2,500040553,500040553,0,1,0,0,,0,3,3,0,3,4,0,0,7885,,0,2,1,
2026-09-16T05:51:17.004Z,382161734000000,54285910,541824,-487868,-487884,,500040553,500038300,500038300,500029288,50003,2,500038300,500038300,0,1,0,0,,0,3,3,0,3,4,0,0,6759,,0,2,1,
2026-09-16T05:51:17.110Z,382161843000000,54286010,541825,-487882,-487882,,500040553,500036047,500036047,500029288,50003,2,500036047,500036047,0,1,0,0,,0,3,3,0,3,4,0,0,5632,,0,2,1,
2026-09-16T05:51:17.217Z,382161937000000,54286112,541826,-487890,-487882,,500040553,500036047,500036047,500029288,50003,2,500036047,500036047,0,1,0,0,,0,3,3,0,3,4,0,0,4506,,0,2,1,
2026-09-16T05:51:17.323Z,382162046000000,54286218,541827,-487890,-487883,,500040553,500037174,500037174,500029288,50003,2,500037174,500037174,0,1,0,0,,0,3,3,0,3,4,0,0,4506,,0,2,1,
2026-09-16T05:51:17.429Z,382162156000000,54286325,541828,-487900,-487884,,500040553,500038300,500038300,500029288,50003,2,500038300,500038300,0,1,0,0,,0,3,3,0,3,4,0,0,4506,,0,2,1,
2026-09-16T05:51:17.536Z,382162265000000,54286431,541829,-487884,-487885,,500040553,500039427,500039427,500029288,50003,2,500039427,500039427,0,1,0,0,,0,3,3,0,3,4,0,0,4506,,0,2,1,
2026-09-16T05:51:17.643Z,382162375000000,54286538,541830,-487876,-487885,,500040553,500039427,500039427,500029288,50003,2,500039427,500039427,0,1,0,0,,0,3,3,0,3,4,0,0,4506,,0,2,1,
2026-09-16T05:51:17.835Z,382162562000000,54286644,541831,-487895,-487885,,500040553,500039427,500039427,500029288,50003,2,500039427,500039427,0,1,0,0,,0,3,3,0,3,4,0,0,3380,,0,2,1,
2026-09-16T05:51:17.941Z,382162671000000,54286844,541833,-487886,-487887,,500040553,500041680,500041680,500029288,50003,2,500041680,500041680,0,1,0,0,,0,3,3,0,3,4,0,0,5633,,0,2,1,
2026-09-16T05:51:18.048Z,382162781000000,54286943,541834,-487900,-487889,,500040553,500043933,500043933,500029288,50003,2,500043933,500043933,0,1,0,0,,0,3,3,0,3,4,0,0,6759,,0,2,1,
2026-09-16T05:51:18.155Z,382162890000000,54287049,541835,-487891,-487889,,500040553,500043933,500043933,500029288,50003,2,500043933,500043933,0,1,0,0,,0,3,3,0,3,4,0,0,5633,,0,2,1,
2026-09-16T05:51:18.260Z,382162984000000,54287156,541836,-487889,-487889,,500040553,500043933,500043933,500029288,50003,2,500043933,500043933,0,1,0,0,,0,3,3,0,3,4,0,0,4506,,0,2,1,
2026-09-16T05:51:18.366Z,382163093000000,54287262,541837,-487880,-487889,,500040553,500043933,500043933,500029288,50003,2,500043933,500043933,0,1,0,0,,0,3,3,0,3,4,0,0,4506,,0,2,1,
2026-09-16T05:51:18.472Z,382163203000000,54287368,541838,-487876,-487888,,500040553,500042806,500042806,500029288,50003,2,500042806,500042806,0,1,0,0,,0,3,3,0,3,4,0,0,4506,,0,2,1,
2026-09-16T05:51:18.578Z,382163312000000,54287474,541839,-487873,-487886,,500040553,500040553,500040553,500029288,50003,2,500040553,500040553,0,1,0,0,,0,3,3,0,3,4,0,0,3380,,0,2,1,
2026-09-16T05:51:18.684Z,382163406000000,54287580,541840,-487876,-487885,,500040553,500039427,500039427,500029288,50003,2,500039427,500039427,0,1,0,0,,0,3,3,0,3,4,0,0,4506,,0,2,1,
2026-09-16T05:51:18.880Z,382163609000000,54287687,541841,-487879,-487884,,500037174,500038300,500038300,500029288,50003,2,500038300,500038300,0,1,0,0,,0,3,3,0,3,4,0,0,5633,,0,2,1,
2026-09-16T05:51:18.986Z,382163718000000,54287836,541843,-487893,-487883,,500037174,500037174,500037174,500029288,50003,2,500037174,500037174,0,1,0,0,,0,3,3,0,3,4,0,0,6759,,0,2,1,
2026-09-16T05:51:19.093Z,382163828000000,54287987,541844,-487892,-487884,,500037174,500038300,500038300,500029288,50003,2,500038300,500038300,0,1,0,0,,0,3,3,0,3,4,0,0,6759,,0,2,1,
2026-09-16T05:51:19.198Z,382163921000000,54288114,541846,-487888,-487886,,500037174,500040553,500040553,500029288,50003,2,500040553,500040553,0,1,0,0,,0,3,3,0,3,4,0,0,3379,,0,2,1,
2026-09-16T05:51:19.302Z,382164031000000,54288215,541847,-487890,-487887,,500037174,500041680,500041680,500029288,50003,2,500041680,500041680,0,1,0,0,,0,3,3,0,3,4,0,0,4506,,0,2,1,
2026-09-16T05:51:19.406Z,382164140000000,54288315,541848,-487872,-487887,,500037174,500041680,500041680,500029288,50003,2,500041680,500041680,0,1,0,0,,0,3,3,0,3,4,0,0,4506,,0,2,1,
2026-09-16T05:51:19.510Z,382164234000000,54288415,541849,-487863,-487885,,500037174,500039427,500039427,500029288,50003,2,500039427,500039427,0,1,0,0,,0,3,3,0,3,4,0,0,4506,,0,2,1,
2026-09-16T05:51:19.616Z,382164343000000,54288515,541850,-487871,-487883,,500037174,500037174,500037174,500029288,50003,2,500037174,500037174,0,1,0,0,,0,3,3,0,3,4,0,0,4506,,0,2,1,
2026-09-16T05:51:19.722Z,382164453000000,54288617,541851,-487869,-487881,,500037174,500034921,500034921,500029288,50003,2,500034921,500034921,0,1,0,0,,0,3,3,0,3,4,0,0,6759,,0,2,1,
2026-09-16T05:51:19.916Z,382164640000000,54288724,541852,-487860,-487879,,500031541,500032668,500032668,500029288,50003,2,500032668,500032668,0,1,0,0,,0,3,3,0,3,4,0,0,9012,,0,2,1,
2026-09-16T05:51:20.022Z,382164750000000,54288924,541854,-487884,-487877,,500031541,500030415,500030415,500029288,50003,2,500030415,500030415,0,1,0,0,,0,3,3,0,3,4,0,0,11265,,0,2,1,
2026-09-16T05:51:20.127Z,382164859000000,54289024,541855,-487880,-487877,,500031541,500030415,500030415,500029288,50003,2,500030415,500030415,0,1,0,0,,0,3,3,0,3,4,0,0,11265,,0,2,1,
2026-09-16T05:51:20.233Z,382164953000000,54289130,541856,-487881,-487878,,500031541,500031541,500031541,500029288,50003,2,500031541,500031541,0,1,0,0,,0,3,3,0,3,4,0,0,9012,,0,2,1,
2026-09-16T05:51:20.339Z,382165062000000,54289236,541857,-487877,-487878,,500031541,500031541,500031541,500029288,50003,2,500031541,500031541,0,1,0,0,,0,3,3,0,3,4,0,0,6759,,0,2,1,
2026-09-16T05:51:20.446Z,382165171000000,54289341,541858,-487880,-487878,,500031541,500031541,500031541,500029288,50003,2,500031541,500031541,0,1,0,0,,0,3,3,0,3,4,0,0,4506,,0,2,1,
2026-09-16T05:51:20.552Z,382165281000000,54289448,541859,-487869,-487878,,500031541,500031541,500031541,500029288,50003,2,500031541,500031541,0,1,0,0,,0,3,3,0,3,4,0,0,2253,,0,2,1,
2026-09-16T05:51:20.658Z,382165390000000,54289555,541860,-487872,-487877,,500031541,500030415,500030415,500029288,50003,2,500030415,500030415,0,1,0,0,,0,3,3,0,3,4,0,0,1126,,0,2,1,
2026-09-16T05:51:20.765Z,382165500000000,54289660,541861,-487872,-487876,,500031541,500029288,500029288,500029288,50003,2,500029288,500029288,0,1,0,0,,0,3,3,0,3,4,0,0,2253,,0,2,1,
2026-09-16T05:51:20.957Z,382165687000000,54289767,541862,-487877,-487875,,500029288,500028162,500028162,500029288,50003,2,500028162,500028162,0,1,0,0,,0,3,3,0,3,4,0,0,3379,,0,2,1,
2026-09-16T05:51:21.064Z,382165796000000,54289918,541864,-487891,-487876,,500029288,500029288,500029288,500029288,50003,2,500029288,500029288,0,1,0,0,,0,3,3,0,3,4,0,0,3379,,0,2,1,
2026-09-16T05:51:21.169Z,382165890000000,54290066,541865,-487894,-487878,,500029288,500031541,500031541,500029288,50003,2,500031541,500031541,0,1,0,0,,0,3,3,0,3,4,0,0,3379,,0,2,1,
2026-09-16T05:51:21.277Z,382166000000000,54290172,541866,-487871,-487880,,500029288,500033794,500033794,500029288,50003,2,500033794,500033794,0,1,0,0,,0,3,3,0,3,4,0,0,5632,,0,2,1,
2026-09-16T05:51:21.382Z,382166109000000,54290279,541867,-487871,-487879,,500029288,500032668,500032668,500029288,50003,2,500032668,500032668,0,1,0,0,,0,3,3,0,3,4,0,0,5632,,0,2,1,
2026-09-16T05:51:21.488Z,382166218000000,54290385,541868,-487879,-487878,,500029288,500031541,500031541,500029288,50003,2,500031541,500031541,0,1,0,0,,0,3,3,0,3,4,0,0,5632,,0,2,1,
2026-09-16T05:51:21.594Z,382166328000000,54290490,541869,-487885,-487878,,500029288,500031541,500031541,500029288,50003,2,500031541,500031541,0,1,0,0,,0,3,3,0,3,4,0,0,5632,,0,2,1,
2026-09-16T05:51:21.699Z,382166421000000,54290597,541870,-487887,-487879,,500029288,500032668,500032668,500029288,50003,2,500032668,500032668,0,1,0,0,,0,3,3,0,3,4,0,0,5632,,0,2,1,
2026-09-16T05:51:21.806Z,382166531000000,54290720,541872,-487876,-487881,,500029288,500034921,500034921,500029288,50003,2,500034921,500034921,0,1,0,0,,0,3,3,0,3,4,0,0,3380,,0,2,1,
2026-09-16T05:51:21.996Z,382166718000000,54290820,541873,-487875,-487880,,500032668,500033794,500033794,500029288,50003,2,500033794,500033794,0,1,0,0,,0,3,3,0,3,4,0,0,3380,,0,2,1,
2026-09-16T05:51:22.102Z,382166828000000,54290920,541874,-487865,-487879,,500032668,500032668,500032668,500029288,50003,2,500032668,500032668,0,1,0,0,,0,3,3,0,3,4,0,0,3380,,0,2,1,
2026-09-16T05:51:22.206Z,382166937000000,54291120,541876,-487872,-487875,,500032668,500028162,500028162,500029288,50003,2,500028162,500028162,0,1,0,0,,0,3,3,0,3,4,0,0,6759,,0,2,1,
2026-09-16T05:51:22.311Z,382167046000000,54291221,541877,-487879,-487875,,500032668,500028162,500028162,500029288,50003,2,500028162,500028162,0,1,0,0,,0,3,3,0,3,4,0,0,6759,,0,2,1,
2026-09-16T05:51:22.416Z,382167140000000,54291321,541878,-487868,-487875,,500032668,500028162,500028162,500029288,50003,2,500028162,500028162,0,1,0,0,,0,3,3,0,3,4,0,0,6759,,0,2,1,
2026-09-16T05:51:22.521Z,382167250000000,54291421,541879,-487869,-487874,,500032668,500027035,500027035,500029288,50003,2,500027035,500027035,0,1,0,0,,0,3,3,0,3,4,0,0,7886,,0,2,1,
2026-09-16T05:51:22.627Z,382167359000000,54291524,541880,-487876,-487873,,500032668,500025909,500025909,500029288,50003,2,500025909,500025909,0,1,0,0,,0,3,3,0,3,4,0,0,7885,,0,2,1,
2026-09-16T05:51:22.733Z,382167468000000,54291629,541881,-487872,-487873,,500032668,500025909,500025909,500029288,50003,2,500025909,500025909,0,1,0,0,,0,3,3,0,3,4,0,0,6759,,0,2,1,
2026-09-16T05:51:22.839Z,382167562000000,54291735,541882,-487884,-487873,,500032668,500025909,500025909,500029288,50003,2,500025909,500025909,0,1,0,0,,0,3,3,0,3,4,0,0,4506,,0,2,1,
2026-09-16T05:51:23.036Z,382167765000000,54291842,541883,-487882,-487874,,500028162,500027035,500027035,500029288,50003,2,500027035,500027035,0,1,0,0,,0,3,3,0,3,4,0,0,2253,,0,2,1,
2026-09-16T05:51:23.141Z,382167875000000,54292044,541885,-487903,-487877,,500028162,500030415,500030415,500029288,50003,2,500030415,500030415,0,1,0,0,,0,3,3,0,3,4,0,0,4506,,0,2,1,
2026-09-16T05:51:23.247Z,382167968000000,54292144,541886,-487891,-487879,,500028162,500032668,500032668,500029288,50003,2,500032668,500032668,0,1,0,0,,0,3,3,0,3,4,0,0,6759,,0,2,1,
2026-09-16T05:51:23.354Z,382168078000000,54292250,541887,-487880,-487881,,500028162,500034921,500034921,500029288,50003,2,500034921,500034921,0,1,0,0,,0,3,3,0,3,4,0,0,9012,,0,2,1,
2026-09-16T05:51:23.459Z,382168187000000,54292356,541888,-487865,-487881,,500028162,500034921,500034921,500029288,50003,2,500034921,500034921,0,1,0,0,,0,3,3,0,3,4,0,0,9012,,0,2,1,
2026-09-16T05:51:23.568Z,382168296000000,54292462,541889,-487888,-487881,,500028162,500034921,500034921,500029288,50003,2,500034921,500034921,0,1,0,0,,0,3,3,0,3,4,0,0,9012,,0,2,1,
2026-09-16T05:51:23.674Z,382168406000000,54292569,541890,-487871,-487880,,500028162,500033794,500033794,500029288,50003,2,500033794,500033794,0,1,0,0,,0,3,3,0,3,4,0,0,7886,,0,2,1,
2026-09-16T05:51:23.779Z,382168500000000,54292677,541891,-487872,-487879,,500028162,500032668,500032668,500029288,50003,2,500032668,500032668,0,1,0,0,,0,3,3,0,3,4,0,0,6759,,0,2,1,
2026-09-16T05:51:23.886Z,382168609000000,54292782,541892,-487855,-487878,,500028162,500031541,500031541,500029288,50003,2,500031541,500031541,0,1,0,0,,0,3,3,0,3,4,0,0,4506,,0,2,1,
2026-09-16T05:51:24.081Z,382168812000000,54292888,541893,-487862,-487876,,500028162,500029288,500029288,500029288,50003,2,500029288,500029288,0,1,0,0,,0,3,3,0,3,4,0,0,5633,,0,2,1,
2026-09-16T05:51:24.186Z,382168921000000,54293038,541895,-487882,-487875,,500028162,500028162,500028162,500029288,50003,2,500028162,500028162,0,1,0,0,,0,3,3,0,3,4,0,0,7886,,0,2,1,
2026-09-16T05:51:24.294Z,382169015000000,54293189,541896,-487887,-487876,,500028162,500029288,500029288,500029288,50003,2,500029288,500029288,0,1,0,0,,0,3,3,0,3,4,0,0,7886,,0,2,1,
2026-09-16T05:51:24.399Z,382169125000000,54293296,541897,-487875,-487877,,500028162,500030415,500030415,500029288,50003,2,500030415,500030415,0,1,0,0,,0,3,3,0,3,4,0,0,6759,,0,2,1,
2026-09-16T05:51:24.508Z,382169234000000,54293402,541898,-487879,-487877,,500028162,500030415,500030415,500029288,50003,2,500030415,500030415,0,1,0,0,,0,3,3,0,3,4,0,0,5633,,0,2,1,
2026-09-16T05:51:24.612Z,382169343000000,54293525,541900,-487883,-487877,,500028162,500030415,500030415,500029288,50003,2,500030415,500030415,0,1,0,0,,0,3,3,0,3,4,0,0,3380,,0,2,1,
2026-09-16T05:51:24.717Z,382169437000000,54293626,541901,-487879,-487877,,500028162,500030415,500030415,500029288,50003,2,500030415,500030415,0,1,0,0,,0,3,3,0,3,4,0,0,3380,,0,2,1,
2026-09-16T05:51:24.824Z,382169546000000,54293726,541902,-487872,-487877,,500028162,500030415,500030415,500029288,50003,2,500030415,500030415,0,1,0,0,,0,3,3,0,3,4,0,0,2253,,0,2,1,
2026-09-16T05:51:24.929Z,382169656000000,54293826,541903,-487875,-487877,,500028162,500030415,500030415,500029288,50003,2,500030415,500030415,0,1,0,0,,0,3,3,0,3,4,0,0,1127,,0,2,1,
2026-09-16T05:51:25.125Z,382169859000000,54293932,541904,-487883,-487877,,500031541,500030415,500030415,500029288,50003,2,500030415,500030415,0,1,0,0,,0,3,3,0,3,4,0,0,0,,0,2,1,
2026-09-16T05:51:25.230Z,382169953000000,54294133,541906,-487880,-487879,,500031541,500032668,500032668,500029288,50003,2,500032668,500032668,0,1,0,0,,0,3,3,0,3,4,0,0,2253,,0,2,1,
2026-09-16T05:51:25.336Z,382170062000000,54294233,541907,-487863,-487879,,500031541,500032668,500032668,500029288,50003,2,500032668,500032668,0,1,0,0,,0,3,3,0,3,4,0,0,2253,,0,2,1,
2026-09-16T05:51:25.443Z,382170171000000,54294338,541908,-487868,-487878,,500031541,500031541,500031541,500029288,50003,2,500031541,500031541,0,1,0,0,,0,3,3,0,3,4,0,0,2253,,0,2,1,
2026-09-16T05:51:25.549Z,382170281000000,54294445,541909,-487856,-487876,,500031541,500029288,500029288,500029288,50003,2,500029288,500029288,0,1,0,0,,0,3,3,0,3,4,0,0,3380,,0,2,1,
2026-09-16T05:51:25.655Z,382170375000000,54294551,541910,-487872,-487875,,500031541,500028162,500028162,500029288,50003,2,500028162,500028162,0,1,0,0,,0,3,3,0,3,4,0,0,4506,,0,2,1,
2026-09-16T05:51:25.762Z,382170484000000,54294658,541911,-487870,-487874,,500031541,500027035,500027035,500029288,50003,2,500027035,500027035,0,1,0,0,,0,3,3,0,3,4,0,0,5633,,0,2,1,
2026-09-16T05:51:25.866Z,382170593000000,54294764,541912,-487882,-487874,,500031541,500027035,500027035,500029288,50003,2,500027035,500027035,0,1,0,0,,0,3,3,0,3,4,0,0,5633,,0,2,1,
2026-09-16T05:51:25.973Z,382170703000000,54294870,541913,-487873,-487874,,500031541,500027035,500027035,500029288,50003,2,500027035,500027035,0,1,0,0,,0,3,3,0,3,4,0,0,5633,,0,2,1,
2026-09-16T05:51:26.167Z,382170890000000,54294975,541914,-487867,-487874,,500027035,500027035,500027035,500029288,50003,2,500027035,500027035,0,1,0,0,,0,3,3,0,3,4,0,0,5633,,0,2,1,
2026-09-16T05:51:26.275Z,382171000000000,54295129,541916,-487885,-487874,,500027035,500027035,500027035,500029288,50003,2,500027035,500027035,0,1,0,0,,0,3,3,0,3,4,0,0,2253,,0,2,1,
2026-09-16T05:51:26.380Z,382171109000000,54295277,541917,-487869,-487874,,500027035,500027035,500027035,500029288,50003,2,500027035,500027035,0,1,0,0,,0,3,3,0,3,4,0,0,1127,,0,2,1,
2026-09-16T05:51:26.487Z,382171218000000,54295383,541918,-487879,-487875,,500027035,500028162,500028162,500029288,50003,2,500028162,500028162,0,1,0,0,,0,3,3,0,3,4,0,0,1127,,0,2,1,
2026-09-16T05:51:26.593Z,382171328000000,54295490,541919,-487876,-487875,,500027035,500028162,500028162,500029288,50003,2,500028162,500028162,0,1,0,0,,0,3,3,0,3,4,0,0,1127,,0,2,1,
2026-09-16T05:51:26.698Z,382171421000000,54295596,541920,-487884,-487876,,500027035,500029288,500029288,500029288,50003,2,500029288,500029288,0,1,0,0,,0,3,3,0,3,4,0,0,2253,,0,2,1,
2026-09-16T05:51:26.806Z,382171531000000,54295701,541921,-487884,-487877,,500027035,500030415,500030415,500029288,50003,2,500030415,500030415,0,1,0,0,,0,3,3,0,3,4,0,0,3380,,0,2,1,
2026-09-16T05:51:26.911Z,382171640000000,54295807,541922,-487883,-487878,,500027035,500031541,500031541,500029288,50003,2,500031541,500031541,0,1,0,0,,0,3,3,0,3,4,0,0,4506,,0,2,1,
2026-09-16T05:51:27.016Z,382171750000000,54295930,541924,-487866,-487877,,500027035,500030415,500030415,500029288,50003,2,500030415,500030415,0,1,0,0,,0,3,3,0,3,4,0,0,5633,,0,2,1,
2026-09-16T05:51:27.208Z,382171937000000,54296031,541925,-487878,-487876,,500029288,500029288,500029288,500029288,50003,2,500029288,500029288,0,1,0,0,,0,3,3,0,3,4,0,0,4506,,0,2,1,
2026-09-16T05:51:27.313Z,382172046000000,54296131,541926,-487883,-487876,,500029288,500029288,500029288,500029288,50003,2,500029288,500029288,0,1,0,0,,0,3,3,0,3,4,0,0,4506,,0,2,1,
2026-09-16T05:51:27.418Z,382172140000000,54296331,541928,-487893,-487879,,500029288,500032668,500032668,500029288,50003,2,500032668,500032668,0,1,0,0,,0,3,3,0,3,4,0,0,3380,,0,2,1,
2026-09-16T05:51:27.524Z,382172250000000,54296431,541929,-487903,-487881,,500029288,500034921,500034921,500029288,50003,2,500034921,500034921,0,1,0,0,,0,3,3,0,3,4,0,0,5633,,0,2,1,
2026-09-16T05:51:27.630Z,382172359000000,54296531,541930,-487894,-487883,,500029288,500037174,500037174,500029288,50003,2,500037174,500037174,0,1,0,0,,0,3,3,0,3,4,0,0,7886,,0,2,1,
2026-09-16T05:51:27.736Z,382172468000000,54296632,541931,-487869,-487884,,500029288,500038300,500038300,500029288,50003,2,500038300,500038300,0,1,0,0,,0,3,3,0,3,4,0,0,9012,,0,2,1,
2026-09-16T05:51:27.842Z,382172562000000,54296739,541932,-487882,-487884,,500029288,500038300,500038300,500029288,50003,2,500038300,500038300,0,1,0,0,,0,3,3,0,3,4,0,0,9012,,0,2,1,
2026-09-16T05:51:27.948Z,382172671000000,54296845,541933,-487884,-487884,,500029288,500038300,500038300,500029288,50003,2,500038300,500038300,0,1,0,0,,0,3,3,0,3,4,0,0,9012,,0,2,1,
2026-09-16T05:51:28.055Z,382172781000000,54296951,541934,-487880,-487884,,500029288,500038300,500038300,500029288,50003,2,500038300,500038300,0,1,0,0,,0,3,3,0,3,4,0,0,7885,,0,2,1,
2026-09-16T05:51:28.249Z,382172984000000,54297058,541935,-487881,-487884,,500037174,500038300,500038300,500029288,50003,2,500038300,500038300,0,1,0,0,,0,3,3,0,3,4,0,0,5632,,0,2,1,
2026-09-16T05:51:28.356Z,382173078000000,54297257,541937,-487868,-487882,,500037174,500036047,500036047,500029288,50003,2,500036047,500036047,0,1,0,0,,0,3,3,0,3,4,0,0,2253,,0,2,1,
2026-09-16T05:51:28.462Z,382173187000000,54297358,541938,-487871,-487881,,500037174,500034921,500034921,500029288,50003,2,500034921,500034921,0,1,0,0,,0,3,3,0,3,4,0,0,3379,,0,2,1,
2026-09-16T05:51:28.569Z,382173296000000,54297464,541939,-487892,-487880,,500037174,500033794,500033794,500029288,50003,2,500033794,500033794,0,1,0,0,,0,3,3,0,3,4,0,0,4506,,0,2,1,
2026-09-16T05:51:28.675Z,382173406000000,54297571,541940,-487877,-487880,,500037174,500033794,500033794,500029288,50003,2,500033794,500033794,0,1,0,0,,0,3,3,0,3,4,0,0,4506,,0,2,1,
2026-09-16T05:51:28.781Z,382173515000000,54297678,541941,-487894,-487882,,500037174,500036047,500036047,500029288,50003,2,500036047,500036047,0,1,0,0,,0,3,3,0,3,4,0,0,4506,,0,2,1,
2026-09-16T05:51:28.886Z,382173609000000,54297783,541942,-487905,-487884,,500037174,500038300,500038300,500029288,50003,2,500038300,500038300,0,1,0,0,,0,3,3,0,3,4,0,0,4506,,0,2,1,
2026-09-16T05:51:28.992Z,382173718000000,54297889,541943,-487901,-487886,,500037174,500040553,500040553,500029288,50003,2,500040553,500040553,0,1,0,0,,0,3,3,0,3,4,0,0,6759,,0,2,1,
2026-09-16T05:51:29.097Z,382173828000000,54297995,541944,-487904,-487888,,500037174,500042806,500042806,500029288,50003,2,500042806,500042806,0,1,0,0,,0,3,3,0,3,4,0,0,9012,,0,2,1,
2026-09-16T05:51:29.292Z,382174015000000,54298100,541945,-487899,-487890,,500046186,500045059,500045059,500029288,50003,2,500045059,500045059,0,1,0,0,,0,3,3,0,3,4,0,0,11265,,0,2,1,
2026-09-16T05:51:29.398Z,382174125000000,54298250,541947,-487891,-487891,,500046186,500046186,500046186,500029288,50003,2,500046186,500046186,0,1,0,0,,0,3,3,0,3,4,0,0,12392,,0,2,1,
2026-09-16T05:51:29.504Z,382174234000000,54298401,541948,-487891,-487891,,500046186,500046186,500046186,500029288,50003,2,500046186,500046186,0,1,0,0,,0,3,3,0,3,4,0,0,10139,,0,2,1,
2026-09-16T05:51:29.609Z,382174343000000,54298507,541949,-487886,-487891,,500046186,500046186,500046186,500029288,50003,2,500046186,500046186,0,1,0,0,,0,3,3,0,3,4,0,0,7886,,0,2,1,
2026-09-16T05:51:29.716Z,382174437000000,54298612,541950,-487888,-487891,,500046186,500046186,500046186,500029288,50003,2,500046186,500046186,0,1,0,0,,0,3,3,0,3,4,0,0,5633,,0,2,1,
2026-09-16T05:51:29.821Z,382174546000000,54298736,541952,-487885,-487891,,500046186,500046186,500046186,500029288,50003,2,500046186,500046186,0,1,0,0,,0,3,3,0,3,4,0,0,1127,,0,2,1,
2026-09-16T05:51:29.925Z,382174656000000,54298836,541953,-487877,-487890,,500046186,500045059,500045059,500029288,50003,2,500045059,500045059,0,1,0,0,,0,3,3,0,3,4,0,0,1127,,0,2,1,
2026-09-16T05:51:30.030Z,382174750000000,54298937,541954,-487890,-487889,,500046186,500043933,500043933,500029288,50003,2,500043933,500043933,0,1,0,0,,0,3,3,0,3,4,0,0,2253,,0,2,1,
2026-09-16T05:51:30.137Z,382174859000000,54299037,541955,-487897,-487889,,500046186,500043933,500043933,500029288,50003,2,500043933,500043933,0,1,0,0,,0,3,3,0,3,4,0,0,2253,,0,2,1,
2026-09-16T05:51:30.331Z,382175062000000,54299139,541956,-487884,-487889,,500042806,500043933,500043933,500029288,50003,2,500043933,500043933,0,1,0,0,,0,3,3,0,3,4,0,0,2253,,0,2,1,
2026-09-16T05:51:30.437Z,382175171000000,54299340,541958,-487883,-487887,,500042806,500041680,500041680,500029288,50003,2,500041680,500041680,0,1,0,0,,0,3,3,0,3,4,0,0,4506,,0,2,1,
2026-09-16T05:51:30.543Z,382175265000000,54299439,541959,-487883,-487886,,500042806,500040553,500040553,500029288,50003,2,500040553,500040553,0,1,0,0,,0,3,3,0,3,4,0,0,5633,,0,2,1,
2026-09-16T05:51:30.648Z,382175375000000,54299546,541960,-487878,-487886,,500042806,500040553,500040553,500029288,50003,2,500040553,500040553,0,1,0,0,,0,3,3,0,3,4,0,0,4506,,0,2,1,
2026-09-16T05:51:30.754Z,382175484000000,54299651,541961,-487876,-487885,,500042806,500039427,500039427,500029288,50003,2,500039427,500039427,0,1,0,0,,0,3,3,0,3,4,0,0,4506,,0,2,1,
2026-09-16T05:51:30.861Z,382175593000000,54299757,541962,-487874,-487884,,500042806,500038300,500038300,500029288,50003,2,500038300,500038300,0,1,0,0,,0,3,3,0,3,4,0,0,5633,,0,2,1,
2026-09-16T05:51:30.966Z,382175687000000,54299864,541963,-487862,-487883,,500042806,500037174,500037174,500029288,50003,2,500037174,500037174,0,1,0,0,,0,3,3,0,3,4,0,0,6759,,0,2,1,
2026-09-16T05:51:31.071Z,382175796000000,54299969,541964,-487879,-487882,,500042806,500036047,500036047,500029288,50003,2,500036047,500036047,0,1,0,0,,0,3,3,0,3,4,0,0,6759,,0,2,1,
2026-09-16T05:51:31.176Z,382175906000000,54300075,541965,-487897,-487882,,500042806,500036047,500036047,500029288,50003,2,500036047,500036047,0,1,0,0,,0,3,3,0,3,4,0,0,5633,,0,2,1,
2026-09-16T05:51:31.370Z,382176093000000,54300180,541966,-487887,-487883,,500038300,500037174,500037174,500029288,50003,2,500037174,500037174,0,1,0,0,,0,3,3,0,3,4,0,0,4506,,0,2,1,
2026-09-16T05:51:31.475Z,382176203000000,54300379,541968,-487889,-487884,,500038300,500038300,500038300,500029288,50003,2,500038300,500038300,0,1,0,0,,0,3,3,0,3,4,0,0,3380,,0,2,1,
2026-09-16T05:51:31.581Z,382176312000000,54300479,541969,-487886,-487884,,500038300,500038300,500038300,500029288,50003,2,500038300,500038300,0,1,0,0,,0,3,3,0,3,4,0,0,2253,,0,2,1,
2026-09-16T05:51:31.686Z,382176421000000,54300585,541970,-487894,-487885,,500038300,500039427,500039427,500029288,50003,2,500039427,500039427,0,1,0,0,,0,3,3,0,3,4,0,0,3380,,0,2,1,
2026-09-16T05:51:31.793Z,382176515000000,54300691,541971,-487887,-487885,,500038300,500039427,500039427,500029288,50003,2,500039427,500039427,0,1,0,0,,0,3,3,0,3,4,0,0,3380,,0,2,1,
2026-09-16T05:51:31.899Z,382176625000000,54300796,541972,-487867,-487885,,500038300,500039427,500039427,500029288,50003,2,500039427,500039427,0,1,0,0,,0,3,3,0,3,4,0,0,3380,,0,2,1,
2026-09-16T05:51:32.006Z,382176734000000,54300902,541973,-487871,-487883,,500038300,500037174,500037174,500029288,50003,2,500037174,500037174,0,1,0,0,,0,3,3,0,3,4,0,0,2253,,0,2,1,
2026-09-16T05:51:32.113Z,382176843000000,54301009,541974,-487871,-487881,,500038300,500034921,500034921,500029288,50003,2,500034921,500034921,0,1,0,0,,0,3,3,0,3,4,0,0,4506,,0,2,1,
2026-09-16T05:51:32.218Z,382176953000000,54301116,541975,-487883,-487880,,500038300,500033794,500033794,500029288,50003,2,500033794,500033794,0,1,0,0,,0,3,3,0,3,4,0,0,5633,,0,2,1,
2026-09-16T05:51:32.412Z,382177140000000,54301241,541977,-487888,-487881,,500036047,500034921,500034921,500029288,50003,2,500034921,500034921,0,1,0,0,,0,3,3,0,3,4,0,0,5633,,0,2,1,
2026-09-16T05:51:32.518Z,382177250000000,54301342,541978,-487880,-487882,,500036047,500036047,500036047,500029288,50003,2,500036047,500036047,0,1,0,0,,0,3,3,0,3,4,0,0,5633,,0,2,1,
2026-09-16T05:51:32.625Z,382177359000000,54301522,541979,-487882,-487882,,500036047,500036047,500036047,500029288,50003,2,500036047,500036047,0,1,0,0,,0,3,3,0,3,4,0,0,5633,,0,2,1,
2026-09-16T05:51:32.730Z,382177453000000,54301642,541981,-487883,-487882,,500036047,500036047,500036047,500029288,50003,2,500036047,500036047,0,1,0,0,,0,3,3,0,3,4,0,0,2253,,0,2,1,
2026-09-16T05:51:32.835Z,382177562000000,54301742,541982,-487885,-487882,,500036047,500036047,500036047,500029288,50003,2,500036047,500036047,0,1,0,0,,0,3,3,0,3,4,0,0,2253,,0,2,1,
2026-09-16T05:51:32.940Z,382177671000000,54301843,541983,-487868,-487882,,500036047,500036047,500036047,500029288,50003,2,500036047,500036047,0,1,0,0,,0,3,3,0,3,4,0,0,2253,,0,2,1,
2026-09-16T05:51:33.046Z,382177781000000,54301943,541984,-487865,-487880,,500036047,500033794,500033794,500029288,50003,2,500033794,500033794,0,1,0,0,,0,3,3,0,3,4,0,0,2253,,0,2,1,
2026-09-16T05:51:33.153Z,382177875000000,54302049,541985,-487884,-487878,,500036047,500031541,500031541,500029288,50003,2,500031541,500031541,0,1,0,0,,0,3,3,0,3,4,0,0,4506,,0,2,1,
2026-09-16T05:51:33.258Z,382177984000000,54302156,541986,-478813,-487876,,500036047,500029288,500029288,500029288,50003,2,500029288,500029288,0,1,0,0,,0,3,3,0,3,4,0,0,6759,,0,2,1,
2026-09-16T05:51:33.455Z,382178187000000,54302261,541987,-278004,-486743,,469360904,498752988,498752988,469360904,49875,2,498752988,498752988,0,0,0,0,,0,3,3,0,3,4,0,0,1283059,,0,0,0,
2026-09-16T05:51:33.563Z,382178296000000,54302465,541989,-43986,-410428,,469360904,412785760,412785760,469360904,41279,2,412785760,412785760,0,0,0,0,,0,3,3,0,3,4,0,0,87250287,,0,0,0,
2026-09-16T05:51:33.670Z,382178390000000,54302567,541990,-43995,-364624,,469360904,361188525,361188525,469360904,36119,2,361188525,361188525,0,0,0,0,,0,3,3,0,3,4,0,0,138847522,,0,0,0,
2026-09-16T05:51:33.776Z,382178500000000,54302673,541991,-43999,-324545,,469360904,316040382,316040382,469360904,31604,2,316040382,316040382,0,0,0,0,,0,3,3,0,3,4,0,0,183993412,,0,0,0,
2026-09-16T05:51:33.882Z,382178609000000,54302780,541992,-44007,-289477,,469360904,276537024,276537024,469360904,27654,2,276537024,276537024,0,0,0,0,,0,3,3,0,3,4,0,0,223494517,,0,0,0,
2026-09-16T05:51:33.988Z,382178718000000,54302886,541993,-43999,-258792,,469360904,241971022,241971022,469360904,24197,2,241971022,241971022,0,0,0,0,,0,3,3,0,3,4,0,0,258058266,,0,0,0,
2026-09-16T05:51:34.095Z,382178828000000,54302991,541994,-43999,-231943,,469360904,211726194,211726194,469360904,21173,2,211726194,211726194,0,0,0,0,,0,3,3,0,3,4,0,0,287026794,,0,0,0,
2026-09-16T05:51:34.202Z,382178937000000,54303098,541995,-43998,-208450,,469360904,185261827,185261827,469360904,18526,2,185261827,185261827,0,0,0,0,,0,3,3,0,3,4,0,0,284099077,,0,0,0,
2026-09-16T05:51:34.308Z,382179031000000,54303206,541996,-44002,-187894,,469360904,162105930,162105930,469360904,16211,2,162105930,162105930,0,0,0,0,,0,3,3,0,3,4,0,0,250679830,,0,0,0,
2026-09-16T05:51:34.506Z,382179234000000,54303312,541997,-43998,-169907,,108601567,141843956,141843956,124114306,14184,2,141843956,141843956,0,0,0,0,,0,3,3,0,3,4,0,0,219344569,,0,0,0,
2026-09-16T05:51:34.612Z,382179343000000,54303462,541999,-44000,-140397,,108601567,108601567,108601567,124114306,10860,2,108601567,108601567,0,0,0,0,,0,3,3,0,3,4,0,0,167935457,,0,0,0,
2026-09-16T05:51:34.718Z,382179453000000,54303615,542000,-43984,-128346,,108601567,95026371,95026371,124114306,9503,2,95026371,95026371,0,0,0,0,,0,3,3,0,3,4,0,0,146944651,,0,0,0,
2026-09-16T05:51:34.824Z,382179546000000,54303721,542001,-43984,-117801,,108601567,83147652,83147652,124114306,8315,2,83147652,83147652,0,0,0,0,,0,3,3,0,3,4,0,0,128578542,,0,0,0,
2026-09-16T05:51:34.930Z,382179656000000,54303847,542003,-44001,-100502,,108601567,63660696,63660696,124114306,6366,2,63660696,63660696,0,0,0,0,,0,3,3,0,3,4,0,0,98445234,,0,0,0,
2026-09-16T05:51:35.035Z,382179765000000,54303947,542004,-43998,-93439,,108601567,55704376,55704376,124114306,5570,2,55704376,55704376,0,0,1,0,,0,3,3,0,3,4,0,0,86139580,,0,0,0,
2026-09-16T05:51:35.139Z,382179875000000,54304047,542005,-43991,-87259,,108601567,48742737,48742737,124114306,4874,2,48742737,48742737,0,0,1,0,,0,3,3,0,3,4,0,0,75371569,,0,0,0,
2026-09-16T05:51:35.247Z,382179968000000,54304147,542006,-43978,-81850,,108601567,42649613,42649613,124114306,4265,2,42649613,42649613,0,0,1,0,,0,3,3,0,3,4,0,0,65951954,,0,0,0,
2026-09-16T05:51:35.353Z,382180078000000,54304249,542007,-43981,-77116,,108601567,37316863,37316863,124114306,3732,2,37316863,37316863,0,0,1,0,,0,3,3,0,3,4,0,0,57709508,,0,0,0,
2026-09-16T05:51:35.548Z,382180281000000,54304357,542008,-43991,-72974,,28569755,32650988,32650988,28569755,3265,2,32650988,32650988,0,0,1,0,,0,3,3,0,3,4,0,0,50496664,,0,0,0,
2026-09-16T05:51:35.655Z,382180390000000,54304557,542010,-43994,-66181,,28569755,24998817,24998817,28569755,2500,2,24998817,24998817,0,0,1,0,,0,3,3,0,3,4,0,0,38661879,,0,0,0,
2026-09-16T05:51:35.761Z,382180484000000,54304658,542011,-43991,-63407,,28569755,21873965,21873965,28569755,2187,2,21873965,21873965,0,0,1,0,,0,3,3,0,3,4,0,0,33830411,,0,0,0,
2026-09-16T05:51:35.867Z,382180593000000,54304764,542012,-43995,-60980,,28569755,19140001,19140001,28569755,1914,2,19140001,19140001,0,0,1,0,,0,3,3,0,3,4,0,0,29602736,,0,0,0,
2026-09-16T05:51:35.973Z,382180703000000,54304870,542013,-44000,-58857,,28569755,16748487,16748487,28569755,1675,2,16748487,16748487,0,0,1,0,,0,3,3,0,3,4,0,0,25901126,,0,0,0,
2026-09-16T05:51:36.079Z,382180812000000,54304977,542014,-44009,-57000,,28569755,14656615,14656615,28569755,1466,2,14656615,14656615,0,0,1,0,,0,3,3,0,3,4,0,0,22660248,,0,0,0,
2026-09-16T05:51:36.186Z,382180921000000,54305083,542015,-43993,-55375,,28569755,12826087,12826087,28569755,1283,2,12826087,12826087,0,0,1,0,,0,3,3,0,3,4,0,0,19824901,,0,0,0,
2026-09-16T05:51:36.293Z,382181015000000,54305189,542016,-43965,-53952,,28569755,11223108,11223108,28569755,1122,2,11223108,11223108,0,0,1,0,,0,3,3,0,3,4,0,0,17346647,,0,0,0,
2026-09-16T05:51:36.399Z,382181125000000,54305296,542017,-43994,-52707,,28569755,9820642,9820642,28569755,982,2,9820642,9820642,0,0,1,0,,0,3,3,0,3,4,0,0,15178175,,0,0,0,
2026-09-16T05:51:36.596Z,382181328000000,54305403,542018,-43994,-51618,,6580889,8593907,8593907,7520372,859,2,8593907,8593907,0,0,1,0,,0,3,3,0,3,4,0,0,13280058,,0,0,0,
2026-09-16T05:51:36.702Z,382181437000000,54305555,542020,-43980,-49831,,6580889,6580889,6580889,7520372,658,2,6580889,6580889,0,0,1,0,,0,3,3,0,3,4,0,0,10167598,,0,0,0,
2026-09-16T05:51:36.807Z,382181531000000,54305705,542021,-43982,-49100,,6580889,5757433,5757433,7520372,576,2,5757433,5757433,0,0,1,0,,0,3,3,0,3,4,0,0,8899182,,0,0,0,
2026-09-16T05:51:36.913Z,382181640000000,54305811,542022,-43976,-48460,,6580889,5036487,5036487,7520372,504,2,5036487,5036487,0,0,1,0,,0,3,3,0,3,4,0,0,7789600,,0,0,0,
2026-09-16T05:51:37.020Z,382181750000000,54305917,542023,-43976,-47899,,6580889,4404532,4404532,7520372,440,2,4404532,4404532,0,0,1,0,,0,3,3,0,3,4,0,0,6818576,,0,0,0,
2026-09-16T05:51:37.126Z,382181859000000,54306024,542024,-44005,-47409,,6580889,3852557,3852557,7520372,385,2,3852557,3852557,0,0,1,0,,0,3,3,0,3,4,0,0,5968085,,0,0,0,
2026-09-16T05:51:37.232Z,382181953000000,54306129,542025,-43991,-46982,,6580889,3371551,3371551,7520372,337,2,3371551,3371551,0,0,1,0,,0,3,3,0,3,4,0,0,5222356,,0,0,0,
2026-09-16T05:51:37.336Z,382182062000000,54306252,542027,-43970,-46278,,6580889,2578510,2578510,7520372,258,2,2578510,2578510,0,0,1,0,,0,3,3,0,3,4,0,0,4002379,,0,0,0,
2026-09-16T05:51:37.440Z,382182171000000,54306352,542028,-43980,-45989,,6580889,2252958,2252958,7520372,225,2,2252958,2252958,0,0,1,0,,0,3,3,0,3,4,0,0,3504475,,0,0,0,
2026-09-16T05:51:37.634Z,382182359000000,54306452,542029,-43976,-45737,,1721260,1969085,1969085,1721260,197,2,1969085,1969085,0,0,1,0,,0,3,3,0,3,4,0,0,3067402,,0,0,0,
2026-09-16T05:51:37.737Z,382182468000000,54306652,542031,-43990,-45326,,1721260,1506102,1506102,1721260,151,2,1506102,1506102,0,0,1,0,,0,3,3,0,3,4,0,0,2346455,,0,0,0,
2026-09-16T05:51:37.841Z,382182562000000,54306753,542032,-43984,-45159,,1721260,1317980,1317980,1721260,132,2,1317980,1317980,0,0,1,0,,0,3,3,0,3,4,0,0,2053571,,0,0,0,
2026-09-16T05:51:37.944Z,382182671000000,54306853,542033,-43973,-45012,,1721260,1152388,1152388,1721260,115,2,1152388,1152388,0,0,1,0,,0,3,3,0,3,4,0,0,1797860,,0,0,0,
2026-09-16T05:51:38.051Z,382182781000000,54306953,542034,-43957,-44882,,1721260,1005946,1005946,1721260,101,2,1005946,1005946,0,0,1,0,,0,3,3,0,3,4,0,0,1572564,,0,0,0,
2026-09-16T05:51:38.157Z,382182890000000,54307055,542035,-43965,-44767,,1721260,876400,876400,1721260,88,2,876400,876400,0,0,1,0,,0,3,3,0,3,4,0,0,1376558,,0,0,0,
2026-09-16T05:51:38.262Z,382182984000000,54307160,542036,-43981,-44667,,1721260,763753,763753,1721260,76,2,763753,763753,0,0,1,0,,0,3,3,0,3,4,0,0,1205332,,0,0,0,
2026-09-16T05:51:38.366Z,382183093000000,54307266,542037,-43971,-44580,,1721260,665749,665749,1721260,67,2,665749,665749,0,0,1,0,,0,3,3,0,3,4,0,0,1055511,,0,0,0,
2026-09-16T05:51:38.473Z,382183203000000,54307370,542038,-43972,-44504,,1721260,580137,580137,1721260,58,2,580137,580137,0,0,1,0,,0,3,3,0,3,4,0,0,925965,,0,0,0,
2026-09-16T05:51:38.667Z,382183390000000,54307476,542039,-43976,-44437,,439327,504662,504662,439327,50,2,504662,504662,0,0,1,0,,0,3,3,0,3,4,0,0,813318,,0,0,0,
2026-09-16T05:51:38.772Z,382183500000000,54307677,542041,-43994,-44330,,439327,384129,384129,439327,38,2,384129,384129,0,0,1,0,,0,3,3,0,3,4,0,0,621817,,0,0,0,
2026-09-16T05:51:38.879Z,382183609000000,54307777,542042,-43972,-44287,,439327,335691,335691,439327,34,2,335691,335691,0,0,1,0,,0,3,3,0,3,4,0,0,540709,,0,0,0,
2026-09-16T05:51:38.986Z,382183718000000,54307882,542043,-43978,-44248,,439327,291758,291758,439327,29,2,291758,291758,0,0,1,0,,0,3,3,0,3,4,0,0,471995,,0,0,0,
2026-09-16T05:51:39.092Z,382183812000000,54307988,542044,-43987,-44214,,439327,253458,253458,439327,25,2,253458,253458,0,0,1,0,,0,3,3,0,3,4,0,0,412291,,0,0,0,
2026-09-16T05:51:39.197Z,382183921000000,54308096,542045,-43988,-44186,,439327,221916,221916,439327,22,2,221916,221916,0,0,1,0,,0,3,3,0,3,4,0,0,358221,,0,0,0,
2026-09-16T05:51:39.303Z,382184031000000,54308201,542046,-43974,-44161,,439327,193754,193754,439327,19,2,193754,193754,0,0,1,0,,0,3,3,0,3,4,0,0,310908,,0,0,0,
2026-09-16T05:51:39.407Z,382184140000000,54308307,542047,-43967,-44138,,439327,167845,167845,439327,17,2,167845,167845,0,0,1,0,,0,3,3,0,3,4,0,0,271482,,0,0,0,
2026-09-16T05:51:39.515Z,382184250000000,54308412,542048,-43980,-44117,,439327,144189,144189,439327,14,2,144189,144189,0,0,1,0,,0,3,3,0,3,4,0,0,239940,,0,0,0,
2026-09-16T05:51:39.711Z,382184437000000,54308519,542049,-43964,-44098,,91245,122786,122786,105889,12,2,122786,122786,0,0,1,0,,0,3,3,0,3,4,0,0,212905,,0,0,0,
2026-09-16T05:51:39.815Z,382184546000000,54308667,542051,-43994,-44070,,91245,91245,91245,105889,9,2,91245,91245,0,0,1,0,,0,3,3,0,3,4,0,0,162213,,0,0,0,
2026-09-16T05:51:39.920Z,382184640000000,54308818,542052,-43978,-44059,,91245,78854,78854,105889,8,2,78854,78854,0,0,1,0,,0,3,3,0,3,4,0,0,143062,,0,0,0,
2026-09-16T05:51:40.026Z,382184750000000,54308924,542053,-43979,-44049,,91245,67589,67589,105889,7,2,67589,67589,0,0,1,0,,0,3,3,0,3,4,0,0,126165,,0,0,0,
2026-09-16T05:51:40.131Z,382184859000000,54309029,542054,-43992,-44040,,91245,57450,57450,105889,6,2,57450,57450,0,0,1,0,,0,3,3,0,3,4,0,0,110395,,0,0,0,
2026-09-16T05:51:40.236Z,382184968000000,54309135,542055,-43974,-44032,,91245,48439,48439,105889,5,2,48439,48439,0,0,1,0,,0,3,3,0,3,4,0,0,95750,,0,0,0,
2026-09-16T05:51:40.340Z,382185062000000,54309258,542057,-43984,-44019,,91245,33794,33794,105889,3,2,33794,33794,0,0,1,0,,0,3,3,0,3,4,0,0,72095,,0,0,0,
2026-09-16T05:51:40.444Z,382185171000000,54309358,542058,-43971,-44013,,91245,27035,27035,105889,3,2,27035,27035,0,0,1,0,,0,3,3,0,3,4,0,0,64210,,0,0,0,
2026-09-16T05:51:40.548Z,382185281000000,54309458,542059,-43975,-44008,,91245,21403,21403,105889,2,2,21403,21403,0,0,1,0,,0,3,3,0,3,4,0,0,57451,,0,0,0,
2026-09-16T05:51:40.736Z,382185468000000,54309558,542060,-43988,-44004,,14644,16897,16897,14644,2,2,16897,16897,0,0,1,0,,0,3,3,0,3,4,0,0,50692,,0,0,0,
2026-09-16T05:51:40.840Z,382185562000000,54309759,542062,-43984,-44000,,14644,12391,12391,14644,1,2,12391,12391,0,0,1,0,,0,3,3,0,3,4,0,0,36048,,0,0,0,
2026-09-16T05:51:40.943Z,382185671000000,54309859,542063,-43990,-43998,,14644,10138,10138,14644,1,2,10138,10138,0,0,1,0,,0,3,3,0,3,4,0,0,30415,,0,0,0,
2026-09-16T05:51:41.046Z,382185781000000,54309959,542064,-43996,-43997,,14644,9012,9012,14644,1,2,9012,9012,0,0,1,0,,0,3,3,0,3,4,0,0,24782,,0,0,0,
2026-09-16T05:51:41.149Z,382185875000000,54310059,542065,-44002,-43997,,14644,9012,9012,14644,1,2,9012,9012,0,0,1,0,,0,3,3,0,3,4,0,0,18023,,0,0,0,
2026-09-16T05:51:41.252Z,382185984000000,54310159,542066,-44004,-43998,,14644,10138,10138,14644,1,2,10138,10138,0,0,1,0,,0,3,3,0,3,4,0,0,12391,,0,0,0,
2026-09-16T05:51:41.358Z,382186078000000,54310260,542067,-44010,-43999,,14644,11265,11265,14644,1,2,11265,11265,0,0,1,0,,0,3,3,0,3,4,0,0,7885,,0,0,0,
2026-09-16T05:51:41.461Z,382186187000000,54310361,542068,-43994,-44000,,14644,12391,12391,14644,1,2,12391,12391,0,0,1,0,,0,3,3,0,3,4,0,0,5632,,0,0,0,
2026-09-16T05:51:41.566Z,382186296000000,54310466,542069,-43981,-43999,,14644,11265,11265,14644,1,2,11265,11265,0,0,1,0,,0,3,3,0,3,4,0,0,3379,,0,0,0,
2026-09-16T05:51:41.759Z,382186484000000,54310570,542070,-43977,-43997,,5632,9012,9012,5632,1,2,9012,9012,0,0,1,0,,0,3,3,0,3,4,0,0,3379,,0,1,0,
2026-09-16T05:51:41.864Z,382186593000000,54310768,542072,-43975,-43992,,5632,3379,3379,5632,0,2,3379,3379,0,1,1,0,,0,3,3,0,3,4,0,0,9012,,0,1,0,
2026-09-16T05:51:41.970Z,382186703000000,54310868,542073,-43971,-43990,,5632,1126,1126,5632,0,2,1126,1126,0,1,1,0,,0,3,3,0,3,4,0,0,11265,,0,1,0,
2026-09-16T05:51:42.075Z,382186796000000,54310974,542074,-43990,-43988,,5632,-1126,-1126,5632,0,2,-1126,-1126,0,1,1,0,,0,3,3,0,3,4,0,0,13517,,0,1,0,
2026-09-16T05:51:42.180Z,382186906000000,54311079,542075,-43983,-43987,,5632,-2253,-2253,5632,0,2,-2253,-2253,0,1,1,0,,0,3,3,0,3,4,0,0,14644,,0,1,0,
2026-09-16T05:51:42.285Z,382187015000000,54311183,542076,-43984,-43987,,5632,-2253,-2253,5632,0,2,-2253,-2253,0,1,1,0,,0,3,3,0,3,4,0,0,13518,,0,1,0,
2026-09-16T05:51:42.389Z,382187109000000,54311288,542077,-43995,-43987,,5632,-2253,-2253,5632,0,2,-2253,-2253,0,1,1,0,,0,3,3,0,3,4,0,0,11265,,0,1,0,
2026-09-16T05:51:42.494Z,382187218000000,54311393,542078,-43988,-43987,,5632,-2253,-2253,5632,0,2,-2253,-2253,0,1,1,0,,0,3,3,0,3,4,0,0,7885,,0,1,0,
2026-09-16T05:51:42.598Z,382187328000000,54311498,542079,-43977,-43987,,5632,-2253,-2253,5632,0,2,-2253,-2253,0,1,1,0,,0,3,3,0,3,4,0,0,5632,,0,1,0,
2026-09-16T05:51:42.793Z,382187515000000,54311602,542080,-43975,-43986,,-4506,-3379,-3379,-2253,0,2,-3379,-3379,0,1,1,0,,0,3,3,0,3,4,0,0,4505,,0,2,1,
2026-09-16T05:51:42.897Z,382187625000000,54311803,542082,-43985,-43984,,-4506,-5632,-5632,-2253,0,2,-5632,-5632,0,1,1,0,,0,3,3,0,3,4,0,0,3379,,0,2,1,
2026-09-16T05:51:43.005Z,382187734000000,54311901,542083,-43990,-43984,,-4506,-5632,-5632,-2253,0,2,-5632,-5632,0,1,1,0,,0,3,3,0,3,4,0,0,3379,,0,2,1,
2026-09-16T05:51:43.110Z,382187843000000,54312008,542084,-43988,-43985,,-4506,-4506,-4506,-2253,0,2,-4506,-4506,0,1,1,0,,0,3,3,0,3,4,0,0,3379,,0,2,1,
2026-09-16T05:51:43.215Z,382187937000000,54312114,542085,-43972,-43985,,-4506,-4506,-4506,-2253,0,2,-4506,-4506,0,1,1,0,,0,3,3,0,3,4,0,0,3379,,0,2,1,
2026-09-16T05:51:43.320Z,382188046000000,54312218,542086,-43979,-43984,,-4506,-5632,-5632,-2253,0,2,-5632,-5632,0,1,1,0,,0,3,3,0,3,4,0,0,3379,,0,2,1,
2026-09-16T05:51:43.425Z,382188156000000,54312324,542087,-43998,-43983,,-4506,-6759,-6759,-2253,0,2,-6759,-6759,0,1,1,0,,0,3,3,0,3,4,0,0,3380,,0,2,1,
2026-09-16T05:51:43.530Z,382188265000000,54312428,542088,-43965,-43982,,-4506,-7885,-7885,-2253,0,2,-7885,-7885,0,1,1,0,,0,3,3,0,3,4,0,0,3379,,0,2,1,
2026-09-16T05:51:43.635Z,382188359000000,54312534,542089,-43979,-43982,,-4506,-7885,-7885,-2253,0,2,-7885,-7885,0,1,1,0,,0,3,3,0,3,4,0,0,3379,,0,2,1,
2026-09-16T05:51:43.829Z,382188562000000,54312639,542090,-43983,-43982,,-9012,-7885,-7885,-2253,0,2,-7885,-7885,0,1,1,0,,0,3,3,0,3,4,0,0,3379,,0,2,1,
2026-09-16T05:51:43.933Z,382188656000000,54312787,542092,-43971,-43981,,-9012,-9012,-9012,-2253,0,2,-9012,-9012,0,1,1,0,,0,3,3,0,3,4,0,0,4506,,0,2,1,
2026-09-16T05:51:44.039Z,382188765000000,54312937,542093,-43982,-43980,,-9012,-10138,-10138,-2253,0,2,-10138,-10138,0,1,1,0,,0,3,3,0,3,4,0,0,4506,,0,2,1,
2026-09-16T05:51:44.144Z,382188875000000,54313043,542094,-43975,-43979,,-9012,-11265,-11265,-2253,0,2,-11265,-11265,0,1,1,0,,0,3,3,0,3,4,0,0,4506,,0,2,1,
2026-09-16T05:51:44.248Z,382188968000000,54313166,542096,-43999,-43979,,-9012,-11265,-11265,-2253,0,2,-11265,-11265,0,1,1,0,,0,3,3,0,3,4,0,0,3380,,0,2,1,
2026-09-16T05:51:44.352Z,382189078000000,54313266,542097,-43987,-43980,,-9012,-10138,-10138,-2253,0,2,-10138,-10138,0,1,1,0,,0,3,3,0,3,4,0,0,3380,,0,2,1,
2026-09-16T05:51:44.455Z,382189187000000,54313366,542098,-43972,-43981,,-9012,-9012,-9012,-2253,0,2,-9012,-9012,0,1,1,0,,0,3,3,0,3,4,0,0,3380,,0,2,1,
2026-09-16T05:51:44.559Z,382189281000000,54313466,542099,-43974,-43980,,-9012,-10138,-10138,-2253,0,2,-10138,-10138,0,1,1,0,,0,3,3,0,3,4,0,0,2253,,0,2,1,
2026-09-16T05:51:44.665Z,382189390000000,54313567,542100,-43977,-43979,,-9012,-11265,-11265,-2253,0,2,-11265,-11265,0,1,1,0,,0,3,3,0,3,4,0,0,2253,,0,2,1,
2026-09-16T05:51:44.856Z,382189578000000,54313668,542101,-43963,-43978,,-12391,-12391,-12391,-2253,0,2,-12391,-12391,0,1,1,0,,0,3,3,0,3,4,0,0,3379,,0,2,1,
2026-09-16T05:51:44.959Z,382189687000000,54313867,542103,-43983,-43979,,-12391,-11265,-11265,-2253,0,2,-11265,-11265,0,1,1,0,,0,3,3,0,3,4,0,0,3379,,0,2,1,
2026-09-16T05:51:45.064Z,382189796000000,54313967,542104,-43991,-43980,,-12391,-10138,-10138,-2253,0,2,-10138,-10138,0,1,1,0,,0,3,3,0,3,4,0,0,3379,,0,2,1,
2026-09-16T05:51:45.170Z,382189890000000,54314068,542105,-43990,-43981,,-12391,-9012,-9012,-2253,0,2,-9012,-9012,0,1,1,0,,0,3,3,0,3,4,0,0,3379,,0,2,1,
2026-09-16T05:51:45.275Z,382190000000000,54314174,542106,-43960,-43982,,-12391,-7885,-7885,-2253,0,2,-7885,-7885,0,1,1,0,,0,3,3,0,3,4,0,0,4506,,0,2,1,
2026-09-16T05:51:45.380Z,382190109000000,54314280,542107,-43971,-43981,,-12391,-9012,-9012,-2253,0,2,-9012,-9012,0,1,1,0,,0,3,3,0,3,4,0,0,4506,,0,2,1,
2026-09-16T05:51:45.485Z,382190218000000,54314384,542108,-43976,-43980,,-12391,-10138,-10138,-2253,0,2,-10138,-10138,0,1,1,0,,0,3,3,0,3,4,0,0,4506,,0,2,1,
2026-09-16T05:51:45.590Z,382190312000000,54314489,542109,-43964,-43979,,-12391,-11265,-11265,-2253,0,2,-11265,-11265,0,1,1,0,,0,3,3,0,3,4,0,0,4506,,0,2,1,
2026-09-16T05:51:45.695Z,382190421000000,54314594,542110,-43981,-43979,,-12391,-11265,-11265,-2253,0,2,-11265,-11265,0,1,1,0,,0,3,3,0,3,4,0,0,3380,,0,2,1,
2026-09-16T05:51:45.887Z,382190609000000,54314699,542111,-43987,-43979,,-11265,-11265,-11265,-2253,0,2,-11265,-11265,0,1,1,0,,0,3,3,0,3,4,0,0,3380,,0,2,1,
2026-09-16T05:51:45.992Z,382190718000000,54314897,542113,-43971,-43978,,-11265,-12391,-12391,-2253,0,2,-12391,-12391,0,1,1,0,,0,3,3,0,3,4,0,0,4506,,0,2,1,
2026-09-16T05:51:46.095Z,382190828000000,54314996,542114,-43980,-43977,,-11265,-13518,-13518,-2253,0,2,-13518,-13518,0,1,1,0,,0,3,3,0,3,4,0,0,4506,,0,2,1,
2026-09-16T05:51:46.201Z,382190921000000,54315100,542115,-43970,-43976,,-11265,-14644,-14644,-2253,0,2,-14644,-14644,0,1,1,0,,0,3,3,0,3,4,0,0,4506,,0,2,1,
2026-09-16T05:51:46.306Z,382191031000000,54315205,542116,-43974,-43976,,-11265,-14644,-14644,-2253,0,2,-14644,-14644,0,1,1,0,,0,3,3,0,3,4,0,0,3379,,0,2,1,
2026-09-16T05:51:46.411Z,382191140000000,54315309,542117,-43958,-43975,,-11265,-15771,-15771,-2253,0,2,-15771,-15771,0,1,1,0,,0,3,3,0,3,4,0,0,4506,,0,2,1,
2026-09-16T05:51:46.515Z,382191250000000,54315415,542118,-43964,-43974,,-11265,-16897,-16897,-2253,0,2,-16897,-16897,0,1,1,0,,0,3,3,0,3,4,0,0,5632,,0,2,1,
2026-09-16T05:51:46.619Z,382191343000000,54315519,542119,-43978,-43973,,-11265,-18024,-18024,-2253,0,2,-18024,-18024,0,1,1,0,,0,3,3,0,3,4,0,0,6759,,0,2,1,
2026-09-16T05:51:46.725Z,382191453000000,54315624,542120,-43967,-43972,,-11265,-19150,-19150,-2253,0,2,-19150,-19150,0,1,1,0,,0,3,3,0,3,4,0,0,6759,,0,2,1,
2026-09-16T05:51:46.918Z,382191640000000,54315728,542121,-43975,-43972,,-19150,-19150,-19150,-2253,0,2,-19150,-19150,0,1,1,0,,0,3,3,0,3,4,0,0,5632,,0,2,1,
2026-09-16T05:51:47.025Z,382191750000000,54315877,542123,-43960,-43972,,-19150,-19150,-19150,-2253,0,2,-19150,-19150,0,1,1,0,,0,3,3,0,3,4,0,0,4506,,0,2,1,
2026-09-16T05:51:47.129Z,382191859000000,54316028,542124,-43957,-43970,,-19150,-21403,-21403,-2253,0,2,-21403,-21403,0,1,1,0,,0,3,3,0,3,4,0,0,5632,,0,2,1,
2026-09-16T05:51:47.235Z,382191968000000,54316134,542125,-43963,-43969,,-19150,-22530,-22530,-2253,0,2,-22530,-22530,0,1,1,0,,0,3,3,0,3,4,0,0,5633,,0,2,1,
2026-09-16T05:51:47.339Z,382192062000000,54316239,542126,-43975,-43968,,-19150,-23656,-23656,-2253,0,2,-23656,-23656,0,1,1,0,,0,3,3,0,3,4,0,0,5632,,0,2,1,
2026-09-16T05:51:47.445Z,382192171000000,54316344,542127,-43982,-43969,,-19150,-22530,-22530,-2253,0,2,-22530,-22530,0,1,1,0,,0,3,3,0,3,4,0,0,4506,,0,2,1,
2026-09-16T05:51:47.551Z,382192281000000,54316449,542128,-43980,-43970,,-19150,-21403,-21403,-2253,0,2,-21403,-21403,0,1,1,0,,0,3,3,0,3,4,0,0,4506,,0,2,1,
2026-09-16T05:51:47.654Z,382192375000000,54316573,542130,-43972,-43972,,-19150,-19150,-19150,-2253,0,2,-19150,-19150,0,1,1,0,,0,3,3,0,3,4,0,0,4506,,0,2,1,
2026-09-16T05:51:47.757Z,382192484000000,54316673,542131,-43978,-43973,,-19150,-18024,-18024,-2253,0,2,-18024,-18024,0,1,1,0,,0,3,3,0,3,4,0,0,5632,,0,2,1,
2026-09-16T05:51:47.945Z,382192671000000,54316773,542132,-43972,-43973,,-16897,-18024,-18024,-2253,0,2,-18024,-18024,0,1,1,0,,0,3,3,0,3,4,0,0,5632,,0,2,1,
2026-09-16T05:51:48.050Z,382192781000000,54316873,542133,-43980,-43974,,-16897,-16897,-16897,-2253,0,2,-16897,-16897,0,1,1,0,,0,3,3,0,3,4,0,0,6759,,0,2,1,
2026-09-16T05:51:48.154Z,382192875000000,54317074,542135,-43979,-43975,,-16897,-15771,-15771,-2253,0,2,-15771,-15771,0,1,1,0,,0,3,3,0,3,4,0,0,5632,,0,2,1,
2026-09-16T05:51:48.258Z,382192984000000,54317174,542136,-43967,-43975,,-16897,-15771,-15771,-2253,0,2,-15771,-15771,0,1,1,0,,0,3,3,0,3,4,0,0,4506,,0,2,1,
2026-09-16T05:51:48.362Z,382193093000000,54317274,542137,-43970,-43974,,-16897,-16897,-16897,-2253,0,2,-16897,-16897,0,1,1,0,,0,3,3,0,3,4,0,0,3379,,0,2,1,
2026-09-16T05:51:48.465Z,382193187000000,54317374,542138,-43968,-43973,,-16897,-18024,-18024,-2253,0,2,-18024,-18024,0,1,1,0,,0,3,3,0,3,4,0,0,2253,,0,2,1,
2026-09-16T05:51:48.570Z,382193296000000,54317474,542139,-43963,-43972,,-16897,-19150,-19150,-2253,0,2,-19150,-19150,0,1,1,0,,0,3,3,0,3,4,0,0,3379,,0,2,1,
2026-09-16T05:51:48.674Z,382193406000000,54317575,542140,-43973,-43971,,-16897,-20277,-20277,-2253,0,2,-20277,-20277,0,1,1,0,,0,3,3,0,3,4,0,0,4506,,0,2,1,
2026-09-16T05:51:48.779Z,382193500000000,54317678,542141,-43978,-43971,,-16897,-20277,-20277,-2253,0,2,-20277,-20277,0,1,1,0,,0,3,3,0,3,4,0,0,4506,,0,2,1,
2026-09-16T05:51:48.974Z,382193703000000,54317784,542142,-43977,-43972,,-18024,-19150,-19150,-2253,0,2,-19150,-19150,0,1,1,0,,0,3,3,0,3,4,0,0,4506,,0,2,1,
2026-09-16T05:51:49.078Z,382193812000000,54317985,542144,-44008,-43977,,-18024,-13518,-13518,-2253,0,2,-13518,-13518,0,1,1,0,,0,3,3,0,3,4,0,0,6759,,0,2,1,
2026-09-16T05:51:49.184Z,382193906000000,54318083,542145,-44004,-43980,,-18024,-10138,-10138,-2253,0,2,-10138,-10138,0,1,1,0,,0,3,3,0,3,4,0,0,10139,,0,2,1,
2026-09-16T05:51:49.288Z,382194015000000,54318188,542146,-43984,-43983,,-18024,-6759,-6759,-2253,0,2,-6759,-6759,0,1,1,0,,0,3,3,0,3,4,0,0,13518,,0,2,1,
2026-09-16T05:51:49.394Z,382194125000000,54318293,542147,-43968,-43983,,-18024,-6759,-6759,-2253,0,2,-6759,-6759,0,1,1,0,,0,3,3,0,3,4,0,0,13518,,0,2,1,
2026-09-16T05:51:49.499Z,382194234000000,54318398,542148,-43977,-43982,,-18024,-7885,-7885,-2253,0,2,-7885,-7885,0,1,1,0,,0,3,3,0,3,4,0,0,13518,,0,2,1,
2026-09-16T05:51:49.604Z,382194328000000,54318503,542149,-43985,-43981,,-18024,-9012,-9012,-2253,0,2,-9012,-9012,0,1,1,0,,0,3,3,0,3,4,0,0,12391,,0,2,1,
2026-09-16T05:51:49.708Z,382194437000000,54318608,542150,-43983,-43981,,-18024,-9012,-9012,-2253,0,2,-9012,-9012,0,1,1,0,,0,3,3,0,3,4,0,0,11265,,0,2,1,
2026-09-16T05:51:49.813Z,382194546000000,54318712,542151,-43962,-43981,,-18024,-9012,-9012,-2253,0,2,-9012,-9012,0,1,1,0,,0,3,3,0,3,4,0,0,6759,,0,2,1,
2026-09-16T05:51:50.005Z,382194734000000,54318817,542152,-43973,-43980,,-12391,-10138,-10138,-2253,0,2,-10138,-10138,0,1,1,0,,0,3,3,0,3,4,0,0,3379,,0,2,1,
2026-09-16T05:51:50.111Z,382194843000000,54319016,542154,-43961,-43976,,-12391,-14644,-14644,-2253,0,2,-14644,-14644,0,1,1,0,,0,3,3,0,3,4,0,0,7885,,0,2,1,
2026-09-16T05:51:50.215Z,382194937000000,54319115,542155,-43965,-43975,,-12391,-15771,-15771,-2253,0,2,-15771,-15771,0,1,1,0,,0,3,3,0,3,4,0,0,7886,,0,2,1,
2026-09-16T05:51:50.319Z,382195046000000,54319219,542156,-43975,-43974,,-12391,-16897,-16897,-2253,0,2,-16897,-16897,0,1,1,0,,0,3,3,0,3,4,0,0,7885,,0,2,1,
2026-09-16T05:51:50.425Z,382195156000000,54319324,542157,-43984,-43974,,-12391,-16897,-16897,-2253,0,2,-16897,-16897,0,1,1,0,,0,3,3,0,3,4,0,0,7885,,0,2,1,
2026-09-16T05:51:50.530Z,382195265000000,54319428,542158,-43977,-43974,,-12391,-16897,-16897,-2253,0,2,-16897,-16897,0,1,1,0,,0,3,3,0,3,4,0,0,7885,,0,2,1,
2026-09-16T05:51:50.634Z,382195359000000,54319535,542159,-43973,-43974,,-12391,-16897,-16897,-2253,0,2,-16897,-16897,0,1,1,0,,0,3,3,0,3,4,0,0,6759,,0,2,1,
2026-09-16T05:51:50.738Z,382195468000000,54319639,542160,-43969,-43974,,-12391,-16897,-16897,-2253,0,2,-16897,-16897,0,1,1,0,,0,3,3,0,3,4,0,0,4506,,0,2,1,
2026-09-16T05:51:50.844Z,382195578000000,54319742,542161,-43980,-43974,,-12391,-16897,-16897,-2253,0,2,-16897,-16897,0,1,1,0,,0,3,3,0,3,4,0,0,2253,,0,2,1,
2026-09-16T05:51:51.037Z,382195765000000,54319847,542162,-43969,-43973,,-19150,-18024,-18024,-2253,0,2,-18024,-18024,0,1,1,0,,0,3,3,0,3,4,0,0,2253,,0,2,1,
2026-09-16T05:51:51.142Z,382195875000000,54319996,542164,-43979,-43972,,-19150,-19150,-19150,-2253,0,2,-19150,-19150,0,1,1,0,,0,3,3,0,3,4,0,0,2253,,0,2,1,
2026-09-16T05:51:51.245Z,382195968000000,54320146,542165,-43985,-43973,,-19150,-18024,-18024,-2253,0,2,-18024,-18024,0,1,1,0,,0,3,3,0,3,4,0,0,2253,,0,2,1,
2026-09-16T05:51:51.349Z,382196078000000,54320250,542166,-43987,-43975,,-19150,-15771,-15771,-2253,0,2,-15771,-15771,0,1,1,0,,0,3,3,0,3,4,0,0,3379,,0,2,1,
2026-09-16T05:51:51.453Z,382196187000000,54320354,542167,-43969,-43976,,-19150,-14644,-14644,-2253,0,2,-14644,-14644,0,1,1,0,,0,3,3,0,3,4,0,0,4506,,0,2,1,
2026-09-16T05:51:51.558Z,382196281000000,54320458,542168,-43971,-43975,,-19150,-15771,-15771,-2253,0,2,-15771,-15771,0,1,1,0,,0,3,3,0,3,4,0,0,4506,,0,2,1,
2026-09-16T05:51:51.661Z,382196390000000,54320581,542170,-43964,-43974,,-19150,-16897,-16897,-2253,0,2,-16897,-16897,0,1,1,0,,0,3,3,0,3,4,0,0,4506,,0,2,1,
2026-09-16T05:51:51.764Z,382196500000000,54320681,542171,-43978,-43974,,-19150,-16897,-16897,-2253,0,2,-16897,-16897,0,1,1,0,,0,3,3,0,3,4,0,0,4506,,0,2,1,
2026-09-16T05:51:51.866Z,382196593000000,54320781,542172,-43980,-43975,,-19150,-15771,-15771,-2253,0,2,-15771,-15771,0,1,1,0,,0,3,3,0,3,4,0,0,3380,,0,2,1,
2026-09-16T05:51:52.055Z,382196781000000,54320882,542173,-43995,-43976,,-12391,-14644,-14644,-2253,0,2,-14644,-14644,0,1,1,0,,0,3,3,0,3,4,0,0,2253,,0,2,1,
2026-09-16T05:51:52.159Z,382196890000000,54320982,542174,-44008,-43978,,-12391,-12391,-12391,-2253,0,2,-12391,-12391,0,1,1,0,,0,3,3,0,3,4,0,0,4506,,0,2,1,
2026-09-16T05:51:52.264Z,382196984000000,54321182,542176,-43978,-43981,,-12391,-9012,-9012,-2253,0,2,-9012,-9012,0,1,1,0,,0,3,3,0,3,4,0,0,7885,,0,2,1,
2026-09-16T05:51:52.366Z,382197093000000,54321282,542177,-43958,-43981,,-12391,-9012,-9012,-2253,0,2,-9012,-9012,0,1,1,0,,0,3,3,0,3,4,0,0,7885,,0,2,1,
2026-09-16T05:51:52.470Z,382197203000000,54321382,542178,-43957,-43978,,-12391,-12391,-12391,-2253,0,2,-12391,-12391,0,1,1,0,,0,3,3,0,3,4,0,0,7885,,0,2,1,
2026-09-16T05:51:52.573Z,382197296000000,54321483,542179,-43984,-43975,,-12391,-15771,-15771,-2253,0,2,-15771,-15771,0,1,1,0,,0,3,3,0,3,4,0,0,6759,,0,2,1,
2026-09-16T05:51:52.678Z,382197406000000,54321583,542180,-43977,-43975,,-12391,-15771,-15771,-2253,0,2,-15771,-15771,0,1,1,0,,0,3,3,0,3,4,0,0,6759,,0,2,1,
2026-09-16T05:51:52.784Z,382197515000000,54321683,542181,-43976,-43975,,-12391,-15771,-15771,-2253,0,2,-15771,-15771,0,1,1,0,,0,3,3,0,3,4,0,0,6759,,0,2,1,
2026-09-16T05:51:52.888Z,382197609000000,54321788,542182,-43976,-43975,,-12391,-15771,-15771,-2253,0,2,-15771,-15771,0,1,1,0,,0,3,3,0,3,4,0,0,6759,,0,2,1,
2026-09-16T05:51:53.081Z,382197812000000,54321893,542183,-43990,-43975,,-13518,-15771,-15771,-2253,0,2,-15771,-15771,0,1,1,0,,0,3,3,0,3,4,0,0,6759,,0,2,1,
2026-09-16T05:51:53.184Z,382197906000000,54322092,542185,-43998,-43980,,-13518,-10138,-10138,-2253,0,2,-10138,-10138,0,1,1,0,,0,3,3,0,3,4,0,0,5633,,0,2,1,
2026-09-16T05:51:53.289Z,382198015000000,54322189,542186,-43985,-43982,,-13518,-7885,-7885,-2253,0,2,-7885,-7885,0,1,1,0,,0,3,3,0,3,4,0,0,7886,,0,2,1,
2026-09-16T05:51:53.393Z,382198125000000,54322294,542187,-43978,-43982,,-13518,-7885,-7885,-2253,0,2,-7885,-7885,0,1,1,0,,0,3,3,0,3,4,0,0,7886,,0,2,1,
2026-09-16T05:51:53.497Z,382198218000000,54322398,542188,-43979,-43982,,-13518,-7885,-7885,-2253,0,2,-7885,-7885,0,1,1,0,,0,3,3,0,3,4,0,0,7886,,0,2,1,
2026-09-16T05:51:53.601Z,382198328000000,54322502,542189,-43986,-43982,,-13518,-7885,-7885,-2253,0,2,-7885,-7885,0,1,1,0,,0,3,3,0,3,4,0,0,7886,,0,2,1,
2026-09-16T05:51:53.705Z,382198437000000,54322606,542190,-43980,-43982,,-13518,-7885,-7885,-2253,0,2,-7885,-7885,0,1,1,0,,0,3,3,0,3,4,0,0,7886,,0,2,1,
2026-09-16T05:51:53.810Z,382198531000000,54322710,542191,-43974,-43982,,-13518,-7885,-7885,-2253,0,2,-7885,-7885,0,1,1,0,,0,3,3,0,3,4,0,0,5633,,0,2,1,
2026-09-16T05:51:53.914Z,382198640000000,54322814,542192,-43968,-43981,,-13518,-9012,-9012,-2253,0,2,-9012,-9012,0,1,1,0,,0,3,3,0,3,4,0,0,2253,,0,2,1,
2026-09-16T05:51:54.107Z,382198828000000,54322918,542193,-43977,-43980,,-10138,-10138,-10138,-2253,0,2,-10138,-10138,0,1,1,0,,0,3,3,0,3,4,0,0,2253,,0,2,1,
2026-09-16T05:51:54.211Z,382198937000000,54323118,542195,-43988,-43981,,-10138,-9012,-9012,-2253,0,2,-9012,-9012,0,1,1,0,,0,3,3,0,3,4,0,0,2253,,0,2,1,
2026-09-16T05:51:54.314Z,382199046000000,54323216,542196,-43994,-43982,,-10138,-7885,-7885,-2253,0,2,-7885,-7885,0,1,1,0,,0,3,3,0,3,4,0,0,2253,,0,2,1,
2026-09-16T05:51:54.419Z,382199140000000,54323319,542197,-43979,-43983,,-10138,-6759,-6759,-2253,0,2,-6759,-6759,0,1,1,0,,0,3,3,0,3,4,0,0,3379,,0,2,1,
2026-09-16T05:51:54.525Z,382199250000000,54323424,542198,-43979,-43982,,-10138,-7885,-7885,-2253,0,2,-7885,-7885,0,1,1,0,,0,3,3,0,3,4,0,0,3379,,0,2,1,
2026-09-16T05:51:54.629Z,382199359000000,54323529,542199,-43976,-43982,,-10138,-7885,-7885,-2253,0,2,-7885,-7885,0,1,1,0,,0,3,3,0,3,4,0,0,3379,,0,2,1,
2026-09-16T05:51:54.734Z,382199468000000,54323634,542200,-43974,-43981,,-10138,-9012,-9012,-2253,0,2,-9012,-9012,0,1,1,0,,0,3,3,0,3,4,0,0,3379,,0,2,1,
2026-09-16T05:51:54.838Z,382199562000000,54323739,542201,-43970,-43980,,-10138,-10138,-10138,-2253,0,2,-10138,-10138,0,1,1,0,,0,3,3,0,3,4,0,0,3379,,0,2,1,
2026-09-16T05:51:54.944Z,382199671000000,54323843,542202,-43974,-43979,,-10138,-11265,-11265,-2253,0,2,-11265,-11265,0,1,1,0,,0,3,3,0,3,4,0,0,4506,,0,2,1,
2026-09-16T05:51:55.138Z,382199859000000,54323949,542203,-43973,-43978,,-13518,-12391,-12391,-2253,0,2,-12391,-12391,0,1,1,0,,0,3,3,0,3,4,0,0,5632,,0,2,1,
2026-09-16T05:51:55.241Z,382199968000000,54324097,542205,-43975,-43977,,-13518,-13518,-13518,-2253,0,2,-13518,-13518,0,1,1,0,,0,3,3,0,3,4,0,0,5633,,0,2,1,
2026-09-16T05:51:55.345Z,382200078000000,54324247,542206,-43991,-43979,,-13518,-11265,-11265,-2253,0,2,-11265,-11265,0,1,1,0,,0,3,3,0,3,4,0,0,5633,,0,2,1,
2026-09-16T05:51:55.449Z,382200171000000,54324350,542207,-43996,-43981,,-13518,-9012,-9012,-2253,0,2,-9012,-9012,0,1,1,0,,0,3,3,0,3,4,0,0,4506,,0,2,1,
2026-09-16T05:51:55.555Z,382200281000000,54324454,542208,-43982,-43982,,-13518,-7885,-7885,-2253,0,2,-7885,-7885,0,1,1,0,,0,3,3,0,3,4,0,0,5633,,0,2,1,
2026-09-16T05:51:55.659Z,382200390000000,54324559,542209,-43966,-43982,,-13518,-7885,-7885,-2253,0,2,-7885,-7885,0,1,1,0,,0,3,3,0,3,4,0,0,5633,,0,2,1,
2026-09-16T05:51:55.765Z,382200500000000,54324664,542210,-43977,-43981,,-13518,-9012,-9012,-2253,0,2,-9012,-9012,0,1,1,0,,0,3,3,0,3,4,0,0,5633,,0,2,1,
2026-09-16T05:51:55.869Z,382200593000000,54324789,542212,-43986,-43980,,-13518,-10138,-10138,-2253,0,2,-10138,-10138,0,1,1,0,,0,3,3,0,3,4,0,0,5633,,0,2,1,
2026-09-16T05:51:55.973Z,382200703000000,54324890,542213,-43976,-43980,,-13518,-10138,-10138,-2253,0,2,-10138,-10138,0,1,1,0,,0,3,3,0,3,4,0,0,3380,,0,2,1,
2026-09-16T05:51:56.162Z,382200890000000,54324990,542214,-43974,-43979,,-11265,-11265,-11265,-2253,0,2,-11265,-11265,0,1,1,0,,0,3,3,0,3,4,0,0,3380,,0,2,1,
2026-09-16T05:51:56.266Z,382201000000000,54325090,542215,-43977,-43979,,-11265,-11265,-11265,-2253,0,2,-11265,-11265,0,1,1,0,,0,3,3,0,3,4,0,0,3380,,0,2,1,
2026-09-16T05:51:56.370Z,382201093000000,54325290,542217,-44009,-43980,,-11265,-10138,-10138,-2253,0,2,-10138,-10138,0,1,1,0,,0,3,3,0,3,4,0,0,2253,,0,2,1,
2026-09-16T05:51:56.473Z,382201203000000,54325391,542218,-44002,-43983,,-11265,-6759,-6759,-2253,0,2,-6759,-6759,0,1,1,0,,0,3,3,0,3,4,0,0,4506,,0,2,1,
2026-09-16T05:51:56.576Z,382201296000000,54325491,542219,-44000,-43985,,-11265,-4506,-4506,-2253,0,2,-4506,-4506,0,1,1,0,,0,3,3,0,3,4,0,0,6759,,0,2,1,
2026-09-16T05:51:56.679Z,382201406000000,54325591,542220,-43990,-43987,,-11265,-2253,-2253,-2253,0,2,-2253,-2253,0,1,1,0,,0,3,3,0,3,4,0,0,9012,,0,2,1,
2026-09-16T05:51:56.783Z,382201515000000,54325691,542221,-44001,-43989,,-11265,0,0,-2253,0,2,0,0,0,1,1,0,,0,3,3,0,3,4,0,0,11265,,0,2,1,
2026-09-16T05:51:56.887Z,382201609000000,54325791,542222,-43989,-43989,,-11265,0,0,-2253,0,2,0,0,0,1,1,0,,0,3,3,0,3,4,0,0,11265,,0,2,1,
2026-09-16T05:51:56.991Z,382201718000000,54325892,542223,-43976,-43989,,-11265,0,0,-2253,0,2,0,0,0,1,1,0,,0,3,3,0,3,4,0,0,11265,,0,2,1,
2026-09-16T05:51:57.184Z,382201906000000,54325996,542224,-43980,-43988,,-2253,-1126,-1126,-2253,0,2,-1126,-1126,0,1,1,0,,0,3,3,0,3,4,0,0,10138,,0,2,1,
2026-09-16T05:51:57.289Z,382202015000000,54326195,542226,-43983,-43986,,-2253,-3379,-3379,-2253,0,2,-3379,-3379,0,1,1,0,,0,3,3,0,3,4,0,0,4506,,0,2,1,
2026-09-16T05:51:57.393Z,382202125000000,54326294,542227,-43969,-43986,,-2253,-3379,-3379,-2253,0,2,-3379,-3379,0,1,1,0,,0,3,3,0,3,4,0,0,3379,,0,2,1,
2026-09-16T05:51:57.496Z,382202218000000,54326397,542228,-43982,-43985,,-2253,-4506,-4506,-2253,0,2,-4506,-4506,0,1,1,0,,0,3,3,0,3,4,0,0,4506,,0,2,1,
2026-09-16T05:51:57.601Z,382202328000000,54326502,542229,-43968,-43983,,-2253,-6759,-6759,-2253,0,2,-6759,-6759,0,1,1,0,,0,3,3,0,3,4,0,0,6759,,0,2,1,
2026-09-16T05:51:57.704Z,382202437000000,54326605,542230,-43980,-43983,,-2253,-6759,-6759,-2253,0,2,-6759,-6759,0,1,1,0,,0,3,3,0,3,4,0,0,6759,,0,2,1,
2026-09-16T05:51:57.809Z,382202531000000,54326710,542231,-43980,-43983,,-2253,-6759,-6759,-2253,0,2,-6759,-6759,0,1,1,0,,0,3,3,0,3,4,0,0,5633,,0,2,1,
2026-09-16T05:51:57.914Z,382202640000000,54326814,542232,-43973,-43983,,-2253,-6759,-6759,-2253,0,2,-6759,-6759,0,1,1,0,,0,3,3,0,3,4,0,0,4506,,0,2,1,
2026-09-16T05:51:58.019Z,382202750000000,54326919,542233,-43981,-43983,,-2253,-6759,-6759,-2253,0,2,-6759,-6759,0,1,1,0,,0,3,3,0,3,4,0,0,3380,,0,2,1,
2026-09-16T05:51:58.211Z,382202937000000,54327024,542234,-43998,-43983,,-6759,-6759,-6759,-2253,0,2,-6759,-6759,0,1,1,0,,0,3,3,0,3,4,0,0,3380,,0,2,1,
2026-09-16T05:51:58.315Z,382203046000000,54327222,542236,-43968,-43983,,-6759,-6759,-6759,-2253,0,2,-6759,-6759,0,1,1,0,,0,3,3,0,3,4,0,0,0,,0,2,1,
2026-09-16T05:51:58.419Z,382203140000000,54327320,542237,-43978,-43982,,-6759,-7885,-7885,-2253,0,2,-7885,-7885,0,1,1,0,,0,3,3,0,3,4,0,0,1126,,0,2,1,
2026-09-16T05:51:58.524Z,382203250000000,54327424,542238,-43973,-43981,,-6759,-9012,-9012,-2253,0,2,-9012,-9012,0,1,1,0,,0,3,3,0,3,4,0,0,2253,,0,2,1,
2026-09-16T05:51:58.628Z,382203359000000,54327529,542239,-43957,-43980,,-6759,-10138,-10138,-2253,0,2,-10138,-10138,0,1,1,0,,0,3,3,0,3,4,0,0,3379,,0,2,1,
2026-09-16T05:51:58.733Z,382203468000000,54327634,542240,-43963,-43978,,-6759,-12391,-12391,-2253,0,2,-12391,-12391,0,1,1,0,,0,3,3,0,3,4,0,0,5632,,0,2,1,
2026-09-16T05:51:58.837Z,382203562000000,54327739,542241,-43976,-43976,,-6759,-14644,-14644,-2253,0,2,-14644,-14644,0,1,1,0,,0,3,3,0,3,4,0,0,7885,,0,2,1,
2026-09-16T05:51:58.943Z,382203671000000,54327842,542242,-43982,-43976,,-6759,-14644,-14644,-2253,0,2,-14644,-14644,0,1,1,0,,0,3,3,0,3,4,0,0,7885,,0,2,1,
2026-09-16T05:51:59.047Z,382203781000000,54327948,542243,-43977,-43976,,-6759,-14644,-14644,-2253,0,2,-14644,-14644,0,1,1,0,,0,3,3,0,3,4,0,0,7885,,0,2,1,
2026-09-16T05:51:59.239Z,382203968000000,54328052,542244,-43999,-43977,,-7885,-13518,-13518,-2253,0,2,-13518,-13518,0,1,1,0,,0,3,3,0,3,4,0,0,6759,,0,2,1,
2026-09-16T05:51:59.344Z,382204078000000,54328199,542246,-43988,-43982,,-7885,-7885,-7885,-2253,0,2,-7885,-7885,0,1,1,0,,0,3,3,0,3,4,0,0,6759,,0,2,1,
2026-09-16T05:51:59.449Z,382204171000000,54328348,542247,-43977,-43983,,-7885,-6759,-6759,-2253,0,2,-6759,-6759,0,1,1,0,,0,3,3,0,3,4,0,0,7885,,0,2,1,
2026-09-16T05:51:59.554Z,382204281000000,54328454,542248,-43978,-43982,,-7885,-7885,-7885,-2253,0,2,-7885,-7885,0,1,1,0,,0,3,3,0,3,4,0,0,7885,,0,2,1,
2026-09-16T05:51:59.659Z,382204390000000,54328559,542249,-43993,-43981,,-7885,-9012,-9012,-2253,0,2,-9012,-9012,0,1,1,0,,0,3,3,0,3,4,0,0,7885,,0,2,1,
2026-09-16T05:51:59.764Z,382204484000000,54328664,542250,-43980,-43981,,-7885,-9012,-9012,-2253,0,2,-9012,-9012,0,1,1,0,,0,3,3,0,3,4,0,0,7885,,0,2,1,
2026-09-16T05:51:59.869Z,382204593000000,54328769,542251,-43979,-43981,,-7885,-9012,-9012,-2253,0,2,-9012,-9012,0,1,1,0,,0,3,3,0,3,4,0,0,6759,,0,2,1,
2026-09-16T05:51:59.973Z,382204703000000,54328874,542252,-43979,-43981,,-7885,-9012,-9012,-2253,0,2,-9012,-9012,0,1,1,0,,0,3,3,0,3,4,0,0,3379,,0,2,1,
2026-09-16T05:52:00.078Z,382204812000000,54328998,542254,-43974,-43981,,-7885,-9012,-9012,-2253,0,2,-9012,-9012,0,1,1,0,,0,3,3,0,3,4,0,0,2253,,0,2,1,
2026-09-16T05:52:00.269Z,382205000000000,54329098,542255,-43972,-43980,,-11265,-10138,-10138,-2253,0,2,-10138,-10138,0,1,1,0,,0,3,3,0,3,4,0,0,2253,,0,2,1,
2026-09-16T05:52:00.375Z,382205109000000,54329198,542256,-43985,-43979,,-11265,-11265,-11265,-2253,0,2,-11265,-11265,0,1,1,0,,0,3,3,0,3,4,0,0,2253,,0,2,1,
2026-09-16T05:52:00.478Z,382205203000000,54329399,542258,-43987,-43979,,-11265,-11265,-11265,-2253,0,2,-11265,-11265,0,1,1,0,,0,3,3,0,3,4,0,0,3379,,0,2,1,
2026-09-16T05:52:00.583Z,382205312000000,54329499,542259,-43984,-43980,,-11265,-10138,-10138,-2253,0,2,-10138,-10138,0,1,1,0,,0,3,3,0,3,4,0,0,3379,,0,2,1,
2026-09-16T05:52:00.685Z,382205406000000,54329599,542260,-43978,-43981,,-11265,-9012,-9012,-2253,0,2,-9012,-9012,0,1,1,0,,0,3,3,0,3,4,0,0,3379,,0,2,1,
2026-09-16T05:52:00.789Z,382205515000000,54329699,542261,-43964,-43981,,-11265,-9012,-9012,-2253,0,2,-9012,-9012,0,1,1,0,,0,3,3,0,3,4,0,0,3379,,0,2,1,
2026-09-16T05:52:00.892Z,382205625000000,54329799,542262,-43989,-43981,,-11265,-9012,-9012,-2253,0,2,-9012,-9012,0,1,1,0,,0,3,3,0,3,4,0,0,3379,,0,2,1,
2026-09-16T05:52:00.997Z,382205718000000,54329900,542263,-43989,-43982,,-11265,-7885,-7885,-2253,0,2,-7885,-7885,0,1,1,0,,0,3,3,0,3,4,0,0,4506,,0,2,1,
2026-09-16T05:52:01.101Z,382205828000000,54330002,542264,-43958,-43983,,-11265,-6759,-6759,-2253,0,2,-6759,-6759,0,1,1,0,,0,3,3,0,3,4,0,0,5632,,0,2,1,
2026-09-16T05:52:01.293Z,382206015000000,54330106,542265,-43970,-43981,,-10138,-9012,-9012,-2253,0,2,-9012,-9012,0,1,1,0,,0,3,3,0,3,4,0,0,4506,,0,2,1,
2026-09-16T05:52:01.397Z,382206125000000,54330305,542267,-43978,-43979,,-10138,-11265,-11265,-2253,0,2,-11265,-11265,0,1,1,0,,0,3,3,0,3,4,0,0,4506,,0,2,1,
2026-09-16T05:52:01.501Z,382206234000000,54330403,542268,-43987,-43979,,-10138,-11265,-11265,-2253,0,2,-11265,-11265,0,1,1,0,,0,3,3,0,3,4,0,0,4506,,0,2,1,
2026-09-16T05:52:01.604Z,382206328000000,54330506,542269,-43979,-43979,,-10138,-11265,-11265,-2253,0,2,-11265,-11265,0,1,1,0,,0,3,3,0,3,4,0,0,4506,,0,2,1,
2026-09-16T05:52:01.709Z,382206437000000,54330610,542270,-43966,-43979,,-10138,-11265,-11265,-2253,0,2,-11265,-11265,0,1,1,0,,0,3,3,0,3,4,0,0,4506,,0,2,1,
2026-09-16T05:52:01.813Z,382206546000000,54330715,542271,-43976,-43979,,-10138,-11265,-11265,-2253,0,2,-11265,-11265,0,1,1,0,,0,3,3,0,3,4,0,0,4506,,0,2,1,
2026-09-16T05:52:01.917Z,382206640000000,54330819,542272,-43992,-43979,,-10138,-11265,-11265,-2253,0,2,-11265,-11265,0,1,1,0,,0,3,3,0,3,4,0,0,2253,,0,2,1,
2026-09-16T05:52:02.024Z,382206750000000,54330922,542273,-43998,-43981,,-10138,-9012,-9012,-2253,0,2,-9012,-9012,0,1,1,0,,0,3,3,0,3,4,0,0,2253,,0,2,1,
2026-09-16T05:52:02.128Z,382206859000000,54331028,542274,-43998,-43983,,-10138,-6759,-6759,-2253,0,2,-6759,-6759,0,1,1,0,,0,3,3,0,3,4,0,0,4506,,0,2,1,
2026-09-16T05:52:02.321Z,382207046000000,54331133,542275,-43983,-43985,,-4506,-4506,-4506,-2253,0,2,-4506,-4506,0,1,1,0,,0,3,3,0,3,4,0,0,6759,,0,2,1,
2026-09-16T05:52:02.425Z,382207156000000,54331332,542277,-43985,-43985,,-4506,-4506,-4506,-2253,0,2,-4506,-4506,0,1,1,0,,0,3,3,0,3,4,0,0,6759,,0,2,1,
2026-09-16T05:52:02.530Z,382207250000000,54331430,542278,-43984,-43985,,-4506,-4506,-4506,-2253,0,2,-4506,-4506,0,1,1,0,,0,3,3,0,3,4,0,0,6759,,0,2,1,
2026-09-16T05:52:02.634Z,382207359000000,54331535,542279,-43994,-43985,,-4506,-4506,-4506,-2253,0,2,-4506,-4506,0,1,1,0,,0,3,3,0,3,4,0,0,6759,,0,2,1,
2026-09-16T05:52:02.737Z,382207468000000,54331640,542280,-44005,-43986,,-4506,-3379,-3379,-2253,0,2,-3379,-3379,0,1,1,0,,0,3,3,0,3,4,0,0,5633,,0,2,1,
2026-09-16T05:52:02.844Z,382207578000000,54331744,542281,-43980,-43987,,-4506,-2253,-2253,-2253,0,2,-2253,-2253,0,1,1,0,,0,3,3,0,3,4,0,0,4506,,0,2,1,
2026-09-16T05:52:02.949Z,382207671000000,54331849,542282,-43974,-43986,,-4506,-3379,-3379,-2253,0,2,-3379,-3379,0,1,1,0,,0,3,3,0,3,4,0,0,2253,,0,2,1,
2026-09-16T05:52:03.054Z,382207781000000,54331955,542283,-43993,-43985,,-4506,-4506,-4506,-2253,0,2,-4506,-4506,0,1,1,0,,0,3,3,0,3,4,0,0,2253,,0,2,1,
2026-09-16T05:52:03.157Z,382207890000000,54332059,542284,-43998,-43986,,-4506,-3379,-3379,-2253,0,2,-3379,-3379,0,1,1,0,,0,3,3,0,3,4,0,0,2253,,0,2,1,
2026-09-16T05:52:03.349Z,382208078000000,54332163,542285,-43966,-43987,,-4506,-2253,-2253,-2253,0,2,-2253,-2253,0,1,1,0,,0,3,3,0,3,4,0,0,2253,,0,2,1,
2026-09-16T05:52:03.454Z,382208187000000,54332311,542287,-44006,-43985,,-4506,-4506,-4506,-2253,0,2,-4506,-4506,0,1,1,0,,0,3,3,0,3,4,0,0,2253,,0,2,1,
2026-09-16T05:52:03.560Z,382208281000000,54332459,542288,-44005,-43988,,-4506,-1126,-1126,-2253,0,2,-1126,-1126,0,1,1,0,,0,3,3,0,3,4,0,0,3380,,0,2,1,
2026-09-16T05:52:03.664Z,382208390000000,54332565,542289,-44000,-43990,,-4506,1126,1126,-2253,0,2,1126,1126,0,1,1,0,,0,3,3,0,3,4,0,0,5632,,0,2,1,
2026-09-16T05:52:03.770Z,382208500000000,54332669,542290,-43993,-43991,,-4506,2253,2253,-2253,0,2,2253,2253,0,1,1,0,,0,3,3,0,3,4,0,0,6759,,0,2,1,
2026-09-16T05:52:03.875Z,382208609000000,54332775,542291,-44004,-43992,,-4506,3379,3379,-2253,0,2,3379,3379,0,1,1,0,,0,3,3,0,3,4,0,0,7885,,0,2,1,
2026-09-16T05:52:03.979Z,382208703000000,54332880,542292,-43982,-43992,,-4506,3379,3379,-2253,0,2,3379,3379,0,1,1,0,,0,3,3,0,3,4,0,0,7885,,0,2,1,
2026-09-16T05:52:04.084Z,382208812000000,54332985,542293,-43975,-43991,,-4506,2253,2253,-2253,0,2,2253,2253,0,1,1,0,,0,3,3,0,3,4,0,0,7885,,0,2,1,
2026-09-16T05:52:04.188Z,382208921000000,54333106,542295,-43964,-43988,,-4506,-1126,-1126,-2253,0,2,-1126,-1126,0,1,1,0,,0,3,3,0,3,4,0,0,4505,,0,2,1,
2026-09-16T05:52:04.377Z,382209109000000,54333206,542296,-43971,-43986,,-5632,-3379,-3379,-2253,0,2,-3379,-3379,0,1,1,0,,0,3,3,0,3,4,0,0,6758,,0,2,1,
2026-09-16T05:52:04.481Z,382209203000000,54333307,542297,-43981,-43984,,-5632,-5632,-5632,-2253,0,2,-5632,-5632,0,1,1,0,,0,3,3,0,3,4,0,0,9011,,0,2,1,
2026-09-16T05:52:04.585Z,382209312000000,54333487,542298,-43982,-43984,,-5632,-5632,-5632,-2253,0,2,-5632,-5632,0,1,1,0,,0,3,3,0,3,4,0,0,9011,,0,2,1,
2026-09-16T05:52:04.689Z,382209421000000,54333607,542300,-43987,-43984,,-5632,-5632,-5632,-2253,0,2,-5632,-5632,0,1,1,0,,0,3,3,0,3,4,0,0,7885,,0,2,1,
2026-09-16T05:52:04.791Z,382209515000000,54333707,542301,-43973,-43984,,-5632,-5632,-5632,-2253,0,2,-5632,-5632,0,1,1,0,,0,3,3,0,3,4,0,0,6758,,0,2,1,
2026-09-16T05:52:04.894Z,382209625000000,54333808,542302,-43990,-43984,,-5632,-5632,-5632,-2253,0,2,-5632,-5632,0,1,1,0,,0,3,3,0,3,4,0,0,4506,,0,2,1,
2026-09-16T05:52:04.998Z,382209718000000,54333908,542303,-43982,-43984,,-5632,-5632,-5632,-2253,0,2,-5632,-5632,0,1,1,0,,0,3,3,0,3,4,0,0,2253,,0,2,1,
2026-09-16T05:52:05.103Z,382209828000000,54334008,542304,-43984,-43984,,-5632,-5632,-5632,-2253,0,2,-5632,-5632,0,1,1,0,,0,3,3,0,3,4,0,0,0,,0,2,1,
2026-09-16T05:52:05.209Z,382209937000000,54334108,542305,-43990,-43984,,-5632,-5632,-5632,-2253,0,2,-5632,-5632,0,1,1,0,,0,3,3,0,3,4,0,0,0,,0,2,1,
2026-09-16T05:52:05.401Z,382210125000000,54334215,542306,-43981,-43984,,-4506,-5632,-5632,-2253,0,2,-5632,-5632,0,1,1,0,,0,3,3,0,3,4,0,0,0,,0,2,1,
2026-09-16T05:52:05.506Z,382210234000000,54334413,542308,-43982,-43985,,-4506,-4506,-4506,-2253,0,2,-4506,-4506,0,1,1,0,,0,3,3,0,3,4,0,0,1126,,0,2,1,
2026-09-16T05:52:05.610Z,382210343000000,54334511,542309,-43983,-43985,,-4506,-4506,-4506,-2253,0,2,-4506,-4506,0,1,1,0,,0,3,3,0,3,4,0,0,1126,,0,2,1,
2026-09-16T05:52:05.714Z,382210437000000,54334616,542310,-43985,-43985,,-4506,-4506,-4506,-2253,0,2,-4506,-4506,0,1,1,0,,0,3,3,0,3,4,0,0,1126,,0,2,1,
2026-09-16T05:52:05.818Z,382210546000000,54334720,542311,-43988,-43985,,-4506,-4506,-4506,-2253,0,2,-4506,-4506,0,1,1,0,,0,3,3,0,3,4,0,0,1126,,0,2,1,
2026-09-16T05:52:05.923Z,382210656000000,54334824,542312,-43990,-43985,,-4506,-4506,-4506,-2253,0,2,-4506,-4506,0,1,1,0,,0,3,3,0,3,4,0,0,1126,,0,2,1,
2026-09-16T05:52:06.027Z,382210750000000,54334928,542313,-44003,-43986,,-4506,-3379,-3379,-2253,0,2,-3379,-3379,0,1,1,0,,0,3,3,0,3,4,0,0,2253,,0,2,1,
2026-09-16T05:52:06.132Z,382210859000000,54335033,542314,-43995,-43987,,-4506,-2253,-2253,-2253,0,2,-2253,-2253,0,1,1,0,,0,3,3,0,3,4,0,0,2253,,0,2,1,
2026-09-16T05:52:06.236Z,382210968000000,54335137,542315,-43983,-43988,,-4506,-1126,-1126,-2253,0,2,-1126,-1126,0,1,1,0,,0,3,3,0,3,4,0,0,3380,,0,2,1,
2026-09-16T05:52:06.428Z,382211156000000,54335242,542316,-43995,-43989,,1126,0,0,-2253,0,2,0,0,0,1,1,0,,0,3,3,0,3,4,0,0,4506,,0,2,1,
2026-09-16T05:52:06.532Z,382211265000000,54335440,542318,-43983,-43991,,1126,2253,2253,-2253,0,2,2253,2253,0,1,1,0,,0,3,3,0,3,4,0,0,6759,,0,2,1,
2026-09-16T05:52:06.636Z,382211359000000,54335539,542319,-43981,-43990,,1126,1126,1126,-2253,0,2,1126,1126,0,1,1,0,,0,3,3,0,3,4,0,0,6759,,0,2,1,
2026-09-16T05:52:06.741Z,382211468000000,54335642,542320,-43983,-43989,,1126,0,0,-2253,0,2,0,0,0,1,1,0,,0,3,3,0,3,4,0,0,5632,,0,2,1,
2026-09-16T05:52:06.844Z,382211578000000,54335747,542321,-43991,-43988,,1126,-1126,-1126,-2253,0,2,-1126,-1126,0,1,1,0,,0,3,3,0,3,4,0,0,4506,,0,2,1,
2026-09-16T05:52:06.950Z,382211671000000,54335851,542322,-43975,-43987,,1126,-2253,-2253,-2253,0,2,-2253,-2253,0,1,1,0,,0,3,3,0,3,4,0,0,4506,,0,2,1,
2026-09-16T05:52:07.054Z,382211781000000,54335956,542323,-43970,-43985,,1126,-4506,-4506,-2253,0,2,-4506,-4506,0,1,1,0,,0,3,3,0,3,4,0,0,6759,,0,2,1,
2026-09-16T05:52:07.160Z,382211890000000,54336061,542324,-43972,-43983,,1126,-6759,-6759,-2253,0,2,-6759,-6759,0,1,1,0,,0,3,3,0,3,4,0,0,9012,,0,2,1,
2026-09-16T05:52:07.264Z,382212000000000,54336166,542325,-43979,-43982,,1126,-7885,-7885,-2253,0,2,-7885,-7885,0,1,1,0,,0,3,3,0,3,4,0,0,10138,,0,2,1,
2026-09-16T05:52:07.457Z,382212187000000,54336270,542326,-43975,-43981,,-11265,-9012,-9012,-2253,0,2,-9012,-9012,0,1,1,0,,0,3,3,0,3,4,0,0,10138,,0,2,1,
2026-09-16T05:52:07.562Z,382212296000000,54336417,542328,-43979,-43979,,-11265,-11265,-11265,-2253,0,2,-11265,-11265,0,1,1,0,,0,3,3,0,3,4,0,0,10139,,0,2,1,
2026-09-16T05:52:07.666Z,382212390000000,54336567,542329,-43986,-43979,,-11265,-11265,-11265,-2253,0,2,-11265,-11265,0,1,1,0,,0,3,3,0,3,4,0,0,9012,,0,2,1,
2026-09-16T05:52:07.770Z,382212500000000,54336672,542330,-44008,-43980,,-11265,-10138,-10138,-2253,0,2,-10138,-10138,0,1,1,0,,0,3,3,0,3,4,0,0,6759,,0,2,1,
2026-09-16T05:52:07.874Z,382212609000000,54336776,542331,-43999,-43982,,-11265,-7885,-7885,-2253,0,2,-7885,-7885,0,1,1,0,,0,3,3,0,3,4,0,0,4506,,0,2,1,
2026-09-16T05:52:07.978Z,382212703000000,54336880,542332,-43992,-43984,,-11265,-5632,-5632,-2253,0,2,-5632,-5632,0,1,1,0,,0,3,3,0,3,4,0,0,5633,,0,2,1,
2026-09-16T05:52:08.083Z,382212812000000,54336984,542333,-43980,-43985,,-11265,-4506,-4506,-2253,0,2,-4506,-4506,0,1,1,0,,0,3,3,0,3,4,0,0,6759,,0,2,1,
2026-09-16T05:52:08.187Z,382212921000000,54337089,542334,-43993,-43986,,-11265,-3379,-3379,-2253,0,2,-3379,-3379,0,1,1,0,,0,3,3,0,3,4,0,0,7886,,0,2,1,
2026-09-16T05:52:08.291Z,382213015000000,54337193,542335,-44007,-43987,,-11265,-2253,-2253,-2253,0,2,-2253,-2253,0,1,1,0,,0,3,3,0,3,4,0,0,9012,,0,2,1,
2026-09-16T05:52:08.481Z,382213203000000,54337315,542337,-44000,-43992,,4506,3379,3379,-2253,0,2,3379,3379,0,1,1,0,,0,3,3,0,3,4,0,0,13517,,0,2,1,
2026-09-16T05:52:08.586Z,382213312000000,54337415,542338,-43993,-43993,,4506,4506,4506,-2253,0,2,4506,4506,0,1,1,0,,0,3,3,0,3,4,0,0,12391,,0,2,1,
2026-09-16T05:52:08.690Z,382213421000000,54337592,542339,-43997,-43994,,4506,5632,5632,-2253,0,2,5632,5632,0,1,1,0,,0,3,3,0,3,4,0,0,11264,,0,2,1,
2026-09-16T05:52:08.794Z,382213515000000,54337716,542341,-44010,-43995,,4506,6759,6759,-2253,0,2,6759,6759,0,1,1,0,,0,3,3,0,3,4,0,0,10138,,0,2,1,
2026-09-16T05:52:08.898Z,382213625000000,54337816,542342,-43995,-43996,,4506,7885,7885,-2253,0,2,7885,7885,0,1,1,0,,0,3,3,0,3,4,0,0,10138,,0,2,1,
2026-09-16T05:52:09.003Z,382213734000000,54337916,542343,-43979,-43996,,4506,7885,7885,-2253,0,2,7885,7885,0,1,1,0,,0,3,3,0,3,4,0,0,6759,,0,2,1,
2026-09-16T05:52:09.105Z,382213828000000,54338016,542344,-43978,-43994,,4506,5632,5632,-2253,0,2,5632,5632,0,1,1,0,,0,3,3,0,3,4,0,0,4506,,0,2,1,
2026-09-16T05:52:09.208Z,382213937000000,54338116,542345,-43997,-43992,,4506,3379,3379,-2253,0,2,3379,3379,0,1,1,0,,0,3,3,0,3,4,0,0,4506,,0,2,1,
2026-09-16T05:52:09.313Z,382214046000000,54338217,542346,-43998,-43993,,4506,4506,4506,-2253,0,2,4506,4506,0,1,1,0,,0,3,3,0,3,4,0,0,4506,,0,2,1,
2026-09-16T05:52:09.502Z,382214234000000,54338319,542347,-44003,-43994,,6759,5632,5632,-2253,0,2,5632,5632,0,1,1,0,,0,3,3,0,3,4,0,0,4506,,0,2,1,
2026-09-16T05:52:09.605Z,382214328000000,54338517,542349,-44001,-43996,,6759,7885,7885,-2253,0,2,7885,7885,0,1,1,0,,0,3,3,0,3,4,0,0,4506,,0,2,1,
2026-09-16T05:52:09.709Z,382214437000000,54338617,542350,-43996,-43997,,6759,9012,9012,-2253,0,2,9012,9012,0,1,1,0,,0,3,3,0,3,4,0,0,5633,,0,2,1,
2026-09-16T05:52:09.814Z,382214546000000,54338717,542351,-43990,-43997,,6759,9012,9012,-2253,0,2,9012,9012,0,1,1,0,,0,3,3,0,3,4,0,0,5633,,0,2,1,
2026-09-16T05:52:09.919Z,382214640000000,54338820,542352,-44006,-43997,,6759,9012,9012,-2253,0,2,9012,9012,0,1,1,0,,0,3,3,0,3,4,0,0,5633,,0,2,1,
2026-09-16T05:52:10.024Z,382214750000000,54338925,542353,-44016,-43998,,6759,10138,10138,-2253,0,2,10138,10138,0,1,1,0,,0,3,3,0,3,4,0,0,5632,,0,2,1,
2026-09-16T05:52:10.128Z,382214859000000,54339030,542354,-43997,-43999,,6759,11265,11265,-2253,0,2,11265,11265,0,1,1,0,,0,3,3,0,3,4,0,0,5633,,0,2,1,
2026-09-16T05:52:10.233Z,382214968000000,54339134,542355,-43987,-43999,,6759,11265,11265,-2253,0,2,11265,11265,0,1,1,0,,0,3,3,0,3,4,0,0,4506,,0,2,1,
2026-09-16T05:52:10.337Z,382215062000000,54339239,542356,-43982,-43997,,6759,9012,9012,-2253,0,2,9012,9012,0,1,1,0,,0,3,3,0,3,4,0,0,3380,,0,2,1,
2026-09-16T05:52:10.531Z,382215265000000,54339343,542357,-43992,-43996,,6759,7885,7885,-2253,0,2,7885,7885,0,1,1,0,,0,3,3,0,3,4,0,0,3380,,0,2,1,
2026-09-16T05:52:10.636Z,382215359000000,54339543,542359,-43999,-43996,,6759,7885,7885,-2253,0,2,7885,7885,0,1,1,0,,0,3,3,0,3,4,0,0,4506,,0,2,1,
2026-09-16T05:52:10.740Z,382215468000000,54339641,542360,-43995,-43996,,6759,7885,7885,-2253,0,2,7885,7885,0,1,1,0,,0,3,3,0,3,4,0,0,4506,,0,2,1,
2026-09-16T05:52:10.844Z,382215578000000,54339746,542361,-43996,-43996,,6759,7885,7885,-2253,0,2,7885,7885,0,1,1,0,,0,3,3,0,3,4,0,0,4506,,0,2,1,
2026-09-16T05:52:10.950Z,382215671000000,54339850,542362,-43999,-43996,,6759,7885,7885,-2253,0,2,7885,7885,0,1,1,0,,0,3,3,0,3,4,0,0,4506,,0,2,1,
2026-09-16T05:52:11.055Z,382215781000000,54339956,542363,-44002,-43996,,6759,7885,7885,-2253,0,2,7885,7885,0,1,1,0,,0,3,3,0,3,4,0,0,2253,,0,2,1,
2026-09-16T05:52:11.159Z,382215890000000,54340060,542364,-44003,-43997,,6759,9012,9012,-2253,0,2,9012,9012,0,1,1,0,,0,3,3,0,3,4,0,0,2253,,0,2,1,
2026-09-16T05:52:11.264Z,382216000000000,54340165,542365,-43998,-43998,,6759,10138,10138,-2253,0,2,10138,10138,0,1,1,0,,0,3,3,0,3,4,0,0,3379,,0,2,1,
2026-09-16T05:52:11.369Z,382216093000000,54340270,542366,-44001,-43998,,6759,10138,10138,-2253,0,2,10138,10138,0,1,1,0,,0,3,3,0,3,4,0,0,2253,,0,2,1,
2026-09-16T05:52:11.562Z,382216296000000,54340375,542367,-44003,-43998,,10138,10138,10138,-2253,0,2,10138,10138,0,1,1,0,,0,3,3,0,3,4,0,0,2253,,0,2,1,
2026-09-16T05:52:11.667Z,382216390000000,54340523,542369,-43998,-43998,,10138,10138,10138,-2253,0,2,10138,10138,0,1,1,0,,0,3,3,0,3,4,0,0,2253,,0,2,1,
2026-09-16T05:52:11.771Z,382216500000000,54340673,542370,-44011,-43998,,10138,10138,10138,-2253,0,2,10138,10138,0,1,1,0,,0,3,3,0,3,4,0,0,2253,,0,2,1,
2026-09-16T05:52:11.875Z,382216609000000,54340777,542371,-44011,-44000,,10138,12391,12391,-2253,0,2,12391,12391,0,1,1,0,,0,3,3,0,3,4,0,0,3379,,0,2,1,
2026-09-16T05:52:11.980Z,382216703000000,54340881,542372,-44009,-44001,,10138,13518,13518,-2253,0,2,13518,13518,0,1,1,0,,0,3,3,0,3,4,0,0,3380,,0,2,1,
2026-09-16T05:52:12.085Z,382216812000000,54340986,542373,-44013,-44002,,10138,14644,14644,-2253,0,2,14644,14644,0,1,1,0,,0,3,3,0,3,4,0,0,4506,,0,2,1,
2026-09-16T05:52:12.189Z,382216921000000,54341091,542374,-44005,-44003,,10138,15771,15771,-2253,0,2,15771,15771,0,1,1,0,,0,3,3,0,3,4,0,0,5633,,0,2,1,
2026-09-16T05:52:12.293Z,382217015000000,54341195,542375,-43988,-44003,,10138,15771,15771,-2253,0,2,15771,15771,0,1,1,0,,0,3,3,0,3,4,0,0,5633,,0,2,1,
2026-09-16T05:52:12.398Z,382217125000000,54341299,542376,-43996,-44002,,10138,14644,14644,-2253,0,2,14644,14644,0,1,1,0,,0,3,3,0,3,4,0,0,5633,,0,2,1,
2026-09-16T05:52:12.589Z,382217312000000,54341423,542378,-43998,-44001,,13518,13518,13518,-2253,0,2,13518,13518,0,1,1,0,,0,3,3,0,3,4,0,0,3380,,0,2,1,
2026-09-16T05:52:12.693Z,382217421000000,54341523,542379,-43989,-44001,,13518,13518,13518,-2253,0,2,13518,13518,0,1,1,0,,0,3,3,0,3,4,0,0,2253,,0,2,1,
2026-09-16T05:52:12.797Z,382217531000000,54341699,542380,-43999,-44001,,13518,13518,13518,-2253,0,2,13518,13518,0,1,1,0,,0,3,3,0,3,4,0,0,2253,,0,2,1,
2026-09-16T05:52:12.903Z,382217625000000,54341804,542381,-44002,-44001,,13518,13518,13518,-2253,0,2,13518,13518,0,1,1,0,,0,3,3,0,3,4,0,0,2253,,0,2,1,
2026-09-16T05:52:13.005Z,382217734000000,54341924,542383,-44001,-44001,,13518,13518,13518,-2253,0,2,13518,13518,0,1,1,0,,0,3,3,0,3,4,0,0,1126,,0,2,1,
2026-09-16T05:52:13.109Z,382217843000000,54342025,542384,-43977,-44000,,13518,12391,12391,-2253,0,2,12391,12391,0,1,1,0,,0,3,3,0,3,4,0,0,1127,,0,2,1,
2026-09-16T05:52:13.212Z,382217937000000,54342125,542385,-43980,-43997,,13518,9012,9012,-2253,0,2,9012,9012,0,1,1,0,,0,3,3,0,3,4,0,0,4506,,0,2,1,
2026-09-16T05:52:13.314Z,382218046000000,54342225,542386,-43992,-43995,,13518,6759,6759,-2253,0,2,6759,6759,0,1,1,0,,0,3,3,0,3,4,0,0,6759,,0,2,1,
2026-09-16T05:52:13.419Z,382218140000000,54342325,542387,-43974,-43993,,13518,4506,4506,-2253,0,2,4506,4506,0,1,1,0,,0,3,3,0,3,4,0,0,9012,,0,2,1,
2026-09-16T05:52:13.610Z,382218343000000,54342425,542388,-43979,-43991,,0,2253,2253,-2253,0,2,2253,2253,0,1,1,0,,0,3,3,0,3,4,0,0,11265,,0,2,1,
2026-09-16T05:52:13.712Z,382218437000000,54342626,542390,-43985,-43988,,0,-1126,-1126,-2253,0,2,-1126,-1126,0,1,1,0,,0,3,3,0,3,4,0,0,14644,,0,2,1,
2026-09-16T05:52:13.815Z,382218546000000,54342726,542391,-43988,-43988,,0,-1126,-1126,-2253,0,2,-1126,-1126,0,1,1,0,,0,3,3,0,3,4,0,0,13517,,0,2,1,
2026-09-16T05:52:13.919Z,382218640000000,54342826,542392,-43981,-43988,,0,-1126,-1126,-2253,0,2,-1126,-1126,0,1,1,0,,0,3,3,0,3,4,0,0,10138,,0,2,1,
2026-09-16T05:52:14.025Z,382218750000000,54342926,542393,-43959,-43987,,0,-2253,-2253,-2253,0,2,-2253,-2253,0,1,1,0,,0,3,3,0,3,4,0,0,9012,,0,2,1,
2026-09-16T05:52:14.128Z,382218859000000,54343031,542394,-43947,-43983,,0,-6759,-6759,-2253,0,2,-6759,-6759,0,1,1,0,,0,3,3,0,3,4,0,0,11265,,0,2,1,
2026-09-16T05:52:14.233Z,382218953000000,54343135,542395,-43970,-43980,,0,-10138,-10138,-2253,0,2,-10138,-10138,0,1,1,0,,0,3,3,0,3,4,0,0,12391,,0,2,1,
2026-09-16T05:52:14.336Z,382219062000000,54343239,542396,-43983,-43979,,0,-11265,-11265,-2253,0,2,-11265,-11265,0,1,1,0,,0,3,3,0,3,4,0,0,11265,,0,2,1,
2026-09-16T05:52:14.441Z,382219171000000,54343343,542397,-44003,-43980,,0,-10138,-10138,-2253,0,2,-10138,-10138,0,1,1,0,,0,3,3,0,3,4,0,0,10139,,0,2,1,
2026-09-16T05:52:14.632Z,382219359000000,54343447,542398,-43978,-43980,,-10138,-10138,-10138,-2253,0,2,-10138,-10138,0,1,1,0,,0,3,3,0,3,4,0,0,10139,,0,2,1,
2026-09-16T05:52:14.736Z,382219468000000,54343645,542400,-43967,-43978,,-10138,-12391,-12391,-2253,0,2,-12391,-12391,0,1,1,0,,0,3,3,0,3,4,0,0,10138,,0,2,1,
2026-09-16T05:52:14.842Z,382219562000000,54343743,542401,-43980,-43977,,-10138,-13518,-13518,-2253,0,2,-13518,-13518,0,1,1,0,,0,3,3,0,3,4,0,0,6759,,0,2,1,
2026-09-16T05:52:14.947Z,382219671000000,54343848,542402,-43988,-43977,,-10138,-13518,-13518,-2253,0,2,-13518,-13518,0,1,1,0,,0,3,3,0,3,4,0,0,3380,,0,2,1,
2026-09-16T05:52:15.052Z,382219781000000,54343953,542403,-43988,-43978,,-10138,-12391,-12391,-2253,0,2,-12391,-12391,0,1,1,0,,0,3,3,0,3,4,0,0,3380,,0,2,1,
2026-09-16T05:52:15.157Z,382219890000000,54344058,542404,-43992,-43979,,-10138,-11265,-11265,-2253,0,2,-11265,-11265,0,1,1,0,,0,3,3,0,3,4,0,0,3380,,0,2,1,
2026-09-16T05:52:15.262Z,382219984000000,54344164,542405,-43995,-43981,,-10138,-9012,-9012,-2253,0,2,-9012,-9012,0,1,1,0,,0,3,3,0,3,4,0,0,4506,,0,2,1,
2026-09-16T05:52:15.365Z,382220093000000,54344268,542406,-44001,-43983,,-10138,-6759,-6759,-2253,0,2,-6759,-6759,0,1,1,0,,0,3,3,0,3,4,0,0,6759,,0,2,1,
2026-09-16T05:52:15.470Z,382220203000000,54344373,542407,-43996,-43985,,-10138,-4506,-4506,-2253,0,2,-4506,-4506,0,1,1,0,,0,3,3,0,3,4,0,0,9012,,0,2,1,
2026-09-16T05:52:15.662Z,382220390000000,54344477,542408,-43981,-43986,,-6759,-3379,-3379,-2253,0,2,-3379,-3379,0,1,1,0,,0,3,3,0,3,4,0,0,10139,,0,2,1,
2026-09-16T05:52:15.765Z,382220500000000,54344630,542410,-43968,-43983,,-6759,-6759,-6759,-2253,0,2,-6759,-6759,0,1,1,0,,0,3,3,0,3,4,0,0,9012,,0,2,1,
2026-09-16T05:52:15.870Z,382220593000000,54344772,542411,-43972,-43981,,-6759,-9012,-9012,-2253,0,2,-9012,-9012,0,1,1,0,,0,3,3,0,3,4,0,0,7886,,0,2,1,
2026-09-16T05:52:15.974Z,382220703000000,54344876,542412,-43986,-43980,,-6759,-10138,-10138,-2253,0,2,-10138,-10138,0,1,1,0,,0,3,3,0,3,4,0,0,6759,,0,2,1,
2026-09-16T05:52:16.080Z,382220812000000,54344980,542413,-43978,-43980,,-6759,-10138,-10138,-2253,0,2,-10138,-10138,0,1,1,0,,0,3,3,0,3,4,0,0,6759,,0,2,1,
2026-09-16T05:52:16.184Z,382220906000000,54345086,542414,-43994,-43981,,-6759,-9012,-9012,-2253,0,2,-9012,-9012,0,1,1,0,,0,3,3,0,3,4,0,0,6759,,0,2,1,
2026-09-16T05:52:16.289Z,382221015000000,54345191,542415,-43978,-43981,,-6759,-9012,-9012,-2253,0,2,-9012,-9012,0,1,1,0,,0,3,3,0,3,4,0,0,6759,,0,2,1,
2026-09-16T05:52:16.393Z,382221125000000,54345296,542416,-43974,-43981,,-6759,-9012,-9012,-2253,0,2,-9012,-9012,0,1,1,0,,0,3,3,0,3,4,0,0,5632,,0,2,1,
2026-09-16T05:52:16.498Z,382221218000000,54345400,542417,-43985,-43981,,-6759,-9012,-9012,-2253,0,2,-9012,-9012,0,1,1,0,,0,3,3,0,3,4,0,0,3379,,0,2,1,
2026-09-16T05:52:16.691Z,382221421000000,54345504,542418,-43992,-43982,,-7885,-7885,-7885,-2253,0,2,-7885,-7885,0,1,1,0,,0,3,3,0,3,4,0,0,2253,,0,2,1,
2026-09-16T05:52:16.795Z,382221515000000,54345653,542420,-43972,-43982,,-7885,-7885,-7885,-2253,0,2,-7885,-7885,0,1,1,0,,0,3,3,0,3,4,0,0,2253,,0,2,1,
2026-09-16T05:52:16.900Z,382221625000000,54345802,542421,-43972,-43981,,-7885,-9012,-9012,-2253,0,2,-9012,-9012,0,1,1,0,,0,3,3,0,3,4,0,0,1127,,0,2,1,
2026-09-16T05:52:17.004Z,382221734000000,54345906,542422,-43970,-43980,,-7885,-10138,-10138,-2253,0,2,-10138,-10138,0,1,1,0,,0,3,3,0,3,4,0,0,2253,,0,2,1,
2026-09-16T05:52:17.109Z,382221843000000,54346011,542423,-43980,-43979,,-7885,-11265,-11265,-2253,0,2,-11265,-11265,0,1,1,0,,0,3,3,0,3,4,0,0,3380,,0,2,1,
2026-09-16T05:52:17.212Z,382221937000000,54346133,542425,-43969,-43979,,-7885,-11265,-11265,-2253,0,2,-11265,-11265,0,1,1,0,,0,3,3,0,3,4,0,0,3380,,0,2,1,
2026-09-16T05:52:17.315Z,382222046000000,54346234,542426,-43956,-43978,,-7885,-12391,-12391,-2253,0,2,-12391,-12391,0,1,1,0,,0,3,3,0,3,4,0,0,4506,,0,2,1,
2026-09-16T05:52:17.418Z,382222140000000,54346334,542427,-43965,-43976,,-7885,-14644,-14644,-2253,0,2,-14644,-14644,0,1,1,0,,0,3,3,0,3,4,0,0,6759,,0,2,1,
2026-09-16T05:52:17.522Z,382222250000000,54346434,542428,-43981,-43975,,-7885,-15771,-15771,-2253,0,2,-15771,-15771,0,1,1,0,,0,3,3,0,3,4,0,0,6759,,0,2,1,
2026-09-16T05:52:17.711Z,382222437000000,54346534,542429,-43977,-43975,,-15771,-15771,-15771,-2253,0,2,-15771,-15771,0,1,1,0,,0,3,3,0,3,4,0,0,5633,,0,2,1,
2026-09-16T05:52:17.814Z,382222546000000,54346735,542431,-43952,-43973,,-15771,-18024,-18024,-2253,0,2,-18024,-18024,0,1,1,0,,0,3,3,0,3,4,0,0,6759,,0,2,1,
2026-09-16T05:52:17.917Z,382222640000000,54346835,542432,-43974,-43971,,-15771,-20277,-20277,-2253,0,2,-20277,-20277,0,1,1,0,,0,3,3,0,3,4,0,0,9012,,0,2,1,
2026-09-16T05:52:18.022Z,382222750000000,54346935,542433,-43976,-43971,,-15771,-20277,-20277,-2253,0,2,-20277,-20277,0,1,1,0,,0,3,3,0,3,4,0,0,7886,,0,2,1,
2026-09-16T05:52:18.125Z,382222859000000,54347035,542434,-43983,-43972,,-15771,-19150,-19150,-2253,0,2,-19150,-19150,0,1,1,0,,0,3,3,0,3,4,0,0,5633,,0,2,1,
2026-09-16T05:52:18.230Z,382222953000000,54347135,542435,-43967,-43973,,-15771,-18024,-18024,-2253,0,2,-18024,-18024,0,1,1,0,,0,3,3,0,3,4,0,0,4506,,0,2,1,
2026-09-16T05:52:18.334Z,382223062000000,54347236,542436,-43970,-43973,,-15771,-18024,-18024,-2253,0,2,-18024,-18024,0,1,1,0,,0,3,3,0,3,4,0,0,4506,,0,2,1,
2026-09-16T05:52:18.438Z,382223171000000,54347341,542437,-43982,-43973,,-15771,-18024,-18024,-2253,0,2,-18024,-18024,0,1,1,0,,0,3,3,0,3,4,0,0,4506,,0,2,1,
2026-09-16T05:52:18.543Z,382223265000000,54347446,542438,-43983,-43974,,-15771,-16897,-16897,-2253,0,2,-16897,-16897,0,1,1,0,,0,3,3,0,3,4,0,0,3380,,0,2,1,
2026-09-16T05:52:18.737Z,382223468000000,54347550,542439,-43980,-43975,,-14644,-15771,-15771,-2253,0,2,-15771,-15771,0,1,1,0,,0,3,3,0,3,4,0,0,4506,,0,2,1,
2026-09-16T05:52:18.842Z,382223562000000,54347749,542441,-43969,-43976,,-14644,-14644,-14644,-2253,0,2,-14644,-14644,0,1,1,0,,0,3,3,0,3,4,0,0,4506,,0,2,1,
2026-09-16T05:52:18.946Z,382223671000000,54347849,542442,-43968,-43975,,-14644,-15771,-15771,-2253,0,2,-15771,-15771,0,1,1,0,,0,3,3,0,3,4,0,0,3380,,0,2,1,
2026-09-16T05:52:19.051Z,382223781000000,54347953,542443,-43981,-43974,,-14644,-16897,-16897,-2253,0,2,-16897,-16897,0,1,1,0,,0,3,3,0,3,4,0,0,3380,,0,2,1,
2026-09-16T05:52:19.155Z,382223890000000,54348058,542444,-43969,-43973,,-14644,-18024,-18024,-2253,0,2,-18024,-18024,0,1,1,0,,0,3,3,0,3,4,0,0,3380,,0,2,1,
2026-09-16T05:52:19.260Z,382223984000000,54348162,542445,-43992,-43974,,-14644,-16897,-16897,-2253,0,2,-16897,-16897,0,1,1,0,,0,3,3,0,3,4,0,0,3380,,0,2,1,
2026-09-16T05:52:19.364Z,382224093000000,54348267,542446,-43997,-43976,,-14644,-14644,-14644,-2253,0,2,-14644,-14644,0,1,1,0,,0,3,3,0,3,4,0,0,3380,,0,2,1,
2026-09-16T05:52:19.469Z,382224203000000,54348370,542447,-43972,-43978,,-14644,-12391,-12391,-2253,0,2,-12391,-12391,0,1,1,0,,0,3,3,0,3,4,0,0,5633,,0,2,1,
2026-09-16T05:52:19.574Z,382224296000000,54348476,542448,-43988,-43979,,-14644,-11265,-11265,-2253,0,2,-11265,-11265,0,1,1,0,,0,3,3,0,3,4,0,0,6759,,0,2,1,
2026-09-16T05:52:19.765Z,382224500000000,54348581,542449,-43988,-43980,,-9012,-10138,-10138,-2253,0,2,-10138,-10138,0,1,1,0,,0,3,3,0,3,4,0,0,7886,,0,2,1,
2026-09-16T05:52:19.870Z,382224593000000,54348778,542451,-43983,-43981,,-9012,-9012,-9012,-2253,0,2,-9012,-9012,0,1,1,0,,0,3,3,0,3,4,0,0,9012,,0,2,1,
2026-09-16T05:52:19.974Z,382224703000000,54348877,542452,-43988,-43981,,-9012,-9012,-9012,-2253,0,2,-9012,-9012,0,1,1,0,,0,3,3,0,3,4,0,0,7885,,0,2,1,
2026-09-16T05:52:20.079Z,382224812000000,54348980,542453,-43994,-43982,,-9012,-7885,-7885,-2253,0,2,-7885,-7885,0,1,1,0,,0,3,3,0,3,4,0,0,6759,,0,2,1,
2026-09-16T05:52:20.183Z,382224906000000,54349086,542454,-43969,-43983,,-9012,-6759,-6759,-2253,0,2,-6759,-6759,0,1,1,0,,0,3,3,0,3,4,0,0,5632,,0,2,1,
2026-09-16T05:52:20.287Z,382225015000000,54349190,542455,-43960,-43981,,-9012,-9012,-9012,-2253,0,2,-9012,-9012,0,1,1,0,,0,3,3,0,3,4,0,0,4506,,0,2,1,
