2026-07-24T17:49:00.328628+00:00 TX 01 03 00 00 00 20 44 12
2026-07-24T17:49:00.373635+00:00 RX 01 03 40 00 00 00 00 00 03 00 00 00 03 00 00 00 00 00 00 00 00 00 00 00 00 00 00 00 01 00 00 01 00 05 0A 00 00 00 00 00 00 00 00 00 00 00 00 00 00 00 00 00 00 00 00 00 00 00 00 FF FF 57 34 FF FF 57 34 75 67
2026-07-24T17:49:00.375636+00:00 TX 01 03 00 20 00 02 C5 C1
2026-07-24T17:49:00.383140+00:00 RX 01 03 04 00 00 06 4B B9 A4
2026-07-24T17:49:00.385141+00:00 TX 01 03 01 C4 00 01 C4 0B
2026-07-24T17:49:00.391142+00:00 RX 01 03 02 00 00 B8 44
2026-07-24T17:49:00.441153+00:00 TX 01 03 00 00 00 20 44 12
2026-07-24T17:49:00.486660+00:00 RX 01 03 40 00 00 00 00 00 03 00 00 00 03 00 00 00 00 00 00 00 00 00 00 00 00 00 00 00 01 00 00 01 00 05 0A 00 00 00 00 00 00 00 00 00 00 00 00 00 00 00 00 00 00 00 00 00 00 00 00 FF FF 57 30 FF FF 57 30 85 64
2026-07-24T17:49:00.489659+00:00 TX 01 03 00 20 00 02 C5 C1
2026-07-24T17:49:00.497661+00:00 RX 01 03 04 00 00 06 4C F8 66
2026-07-24T17:49:00.500662+00:00 TX 01 03 01 C4 00 01 C4 0B
2026-07-24T17:49:00.507712+00:00 RX 01 03 02 00 00 B8 44
2026-07-24T17:49:00.557828+00:00 TX 01 03 00 00 00 20 44 12
2026-07-24T17:49:00.602336+00:00 RX 01 03 40 00 00 00 00 00 03 00 00 00 03 00 00 00 00 00 00 00 00 00 00 00 00 00 00 00 01 00 00 01 00 05 0A 00 00 00 00 00 00 00 00 00 00 00 00 00 00 00 00 00 00 00 00 00 00 00 00 FF FF 59 0F FF FF 59 0F D4 3F
2026-07-24T17:49:00.604336+00:00 TX 01 03 00 20 00 02 C5 C1
2026-07-24T17:49:00.612338+00:00 RX 01 03 04 00 00 06 4D 39 A6
2026-07-24T17:49:00.615336+00:00 TX 01 03 01 C4 00 01 C4 0B
2026-07-24T17:49:00.622337+00:00 RX 01 03 02 00 00 B8 44
2026-07-24T17:49:00.672399+00:00 TX 01 03 00 00 00 20 44 12
2026-07-24T17:49:00.717528+00:00 RX 01 03 40 00 00 00 00 00 03 00 00 00 03 00 00 00 00 00 00 00 00 00 00 00 00 00 00 00 01 00 00 01 00 05 0A 00 00 00 00 00 00 00 00 00 00 00 00 00 00 00 00 00 00 00 00 00 00 00 00 FF FF 58 ED FF FF 58 ED AC 21
2026-07-24T17:49:00.720030+00:00 TX 01 03 00 20 00 02 C5 C1
2026-07-24T17:49:00.728032+00:00 RX 01 03 04 00 00 06 4E 79 A7
2026-07-24T17:49:00.730034+00:00 TX 01 03 01 C4 00 01 C4 0B
2026-07-24T17:49:00.736034+00:00 RX 01 03 02 00 00 B8 44
2026-07-24T17:49:00.786857+00:00 TX 01 03 00 00 00 20 44 12
2026-07-24T17:49:00.830867+00:00 RX 01 03 40 00 00 00 00 00 03 00 00 00 03 00 00 00 00 00 00 00 00 00 00 00 00 00 00 00 01 00 00 01 00 05 0A 00 00 00 00 00 00 00 00 00 00 00 00 00 00 00 00 00 00 00 00 00 00 00 00 FF FF 59 29 FF FF 59 29 5C 22
2026-07-24T17:49:00.833869+00:00 TX 01 03 00 20 00 02 C5 C1
2026-07-24T17:49:00.841870+00:00 RX 01 03 04 00 00 06 4F B8 67
2026-07-24T17:49:00.843870+00:00 TX 01 03 01 C4 00 01 C4 0B
2026-07-24T17:49:00.850873+00:00 RX 01 03 02 00 00 B8 44
2026-07-24T17:49:00.901484+00:00 TX 01 03 00 00 00 20 44 12
2026-07-24T17:49:00.946311+00:00 RX 01 03 40 00 00 00 00 00 03 00 00 00 03 00 00 00 00 00 00 00 00 00 00 00 00 00 00 00 01 00 00 01 00 05 0A 00 00 00 00 00 00 00 00 00 00 00 00 00 00 00 00 00 00 00 00 00 00 00 00 FF FF 56 9F FF FF 56 9F 11 41
2026-07-24T17:49:00.949309+00:00 TX 01 03 00 20 00 02 C5 C1
2026-07-24T17:49:00.956125+00:00 RX 01 03 04 00 00 06 51 38 6F
2026-07-24T17:49:00.960620+00:00 TX 01 03 01 C4 00 01 C4 0B
2026-07-24T17:49:00.967618+00:00 RX 01 03 02 00 00 B8 44
2026-07-24T17:49:01.018474+00:00 TX 01 03 00 00 00 20 44 12
2026-07-24T17:49:01.063482+00:00 RX 01 03 40 00 00 00 00 00 03 00 00 00 03 00 00 00 00 00 00 00 00 00 00 00 00 00 00 00 01 00 00 01 00 05 0A 00 00 00 00 00 00 00 00 00 00 00 00 00 00 00 00 00 00 00 00 00 00 00 00 FF FF 55 99 FF FF 55 99 19 80
2026-07-24T17:49:01.065482+00:00 TX 01 03 00 20 00 02 C5 C1
2026-07-24T17:49:01.073484+00:00 RX 01 03 04 00 00 06 52 78 6E
2026-07-24T17:49:01.075485+00:00 TX 01 03 01 C4 00 01 C4 0B
2026-07-24T17:49:01.082048+00:00 RX 01 03 02 00 00 B8 44
2026-07-24T17:49:01.133444+00:00 TX 01 03 00 00 00 20 44 12
2026-07-24T17:49:01.178511+00:00 RX 01 03 40 00 00 00 00 00 03 00 00 00 03 00 00 00 00 00 00 00 00 00 00 00 00 00 00 00 01 00 00 01 00 05 0A 00 00 00 00 00 00 00 00 00 00 00 00 00 00 00 00 00 00 00 00 00 00 00 00 FF FF 55 C9 FF FF 55 C9 D9 B0
2026-07-24T17:49:01.181659+00:00 TX 01 03 00 20 00 02 C5 C1
2026-07-24T17:49:01.189709+00:00 RX 01 03 04 00 00 06 53 B9 AE
2026-07-24T17:49:01.191710+00:00 TX 01 03 01 C4 00 01 C4 0B
2026-07-24T17:49:01.198213+00:00 RX 01 03 02 00 00 B8 44
2026-07-24T17:49:01.248222+00:00 TX 01 03 00 00 00 20 44 12
2026-07-24T17:49:01.292232+00:00 RX 01 03 40 00 00 00 00 00 03 00 00 00 03 00 00 00 00 00 00 00 00 00 00 00 00 00 00 00 01 00 00 01 00 05 0A 00 00 00 00 00 00 00 00 00 00 00 00 00 00 00 00 00 00 00 00 00 00 00 00 FF FF 56 3F FF FF 56 3F 91 20
2026-07-24T17:49:01.295233+00:00 TX 01 03 00 20 00 02 C5 C1
2026-07-24T17:49:01.303234+00:00 RX 01 03 04 00 00 06 54 F8 6C
2026-07-24T17:49:01.305235+00:00 TX 01 03 01 C4 00 01 C4 0B
2026-07-24T17:49:01.312479+00:00 RX 01 03 02 00 00 B8 44
2026-07-24T17:49:01.362845+00:00 TX 01 03 00 00 00 20 44 12
2026-07-24T17:49:01.407404+00:00 RX 01 03 40 00 00 00 00 00 03 00 00 00 03 00 00 00 00 00 00 00 00 00 00 00 00 00 00 00 01 00 00 01 00 05 0A 00 00 00 00 00 00 00 00 00 00 00 00 00 00 00 00 00 00 00 00 00 00 00 00 FF FF 56 EA FF FF 56 EA 5D 6D
2026-07-24T17:49:01.409404+00:00 TX 01 03 00 20 00 02 C5 C1
2026-07-24T17:49:01.417406+00:00 RX 01 03 04 00 00 06 55 39 AC
2026-07-24T17:49:01.419407+00:00 TX 01 03 01 C4 00 01 C4 0B
2026-07-24T17:49:01.425408+00:00 RX 01 03 02 00 00 B8 44
2026-07-24T17:49:01.476143+00:00 TX 01 03 00 00 00 20 44 12
2026-07-24T17:49:01.520952+00:00 RX 01 03 40 00 00 00 00 00 03 00 00 00 03 00 00 00 00 00 00 00 00 00 00 00 00 00 00 00 01 00 00 01 00 05 0A 00 00 00 00 00 00 00 00 00 00 00 00 00 00 00 00 00 00 00 00 00 00 00 00 FF FF 59 00 FF FF 59 00 C0 3A
2026-07-24T17:49:01.523505+00:00 TX 01 03 00 20 00 02 C5 C1
2026-07-24T17:49:01.532504+00:00 RX 01 03 04 00 00 06 56 79 AD
2026-07-24T17:49:01.534504+00:00 TX 01 03 01 C4 00 01 C4 0B
2026-07-24T17:49:01.541071+00:00 RX 01 03 02 00 00 B8 44
2026-07-24T17:49:01.591808+00:00 TX 01 03 00 00 00 20 44 12
2026-07-24T17:49:01.636640+00:00 RX 01 03 40 00 00 00 00 00 03 00 00 00 03 00 00 00 00 00 00 00 00 00 00 00 00 00 00 00 01 00 00 01 00 05 0A 00 00 00 00 00 00 00 00 00 00 00 00 00 00 00 00 00 00 00 00 00 00 00 00 FF FF 5A BD FF FF 5A BD 6C 93
2026-07-24T17:49:01.639156+00:00 TX 01 03 00 20 00 02 C5 C1
2026-07-24T17:49:01.646929+00:00 RX 01 03 04 00 00 06 58 F8 69
2026-07-24T17:49:01.649929+00:00 TX 01 03 01 C4 00 01 C4 0B
2026-07-24T17:49:01.655931+00:00 RX 01 03 02 00 00 B8 44
2026-07-24T17:49:01.706142+00:00 TX 01 03 00 00 00 20 44 12
2026-07-24T17:49:01.751242+00:00 RX 01 03 40 00 00 00 00 00 03 00 00 00 03 00 00 00 00 00 00 00 00 00 00 00 00 00 00 00 01 00 00 01 00 05 0A 00 00 00 00 00 00 00 00 00 00 00 00 00 00 00 00 00 00 00 00 00 00 00 00 FF FF 57 A6 FF FF 57 A6 4D 17
2026-07-24T17:49:01.753275+00:00 TX 01 03 00 20 00 02 C5 C1
2026-07-24T17:49:01.761274+00:00 RX 01 03 04 00 00 06 59 39 A9
2026-07-24T17:49:01.763275+00:00 TX 01 03 01 C4 00 01 C4 0B
2026-07-24T17:49:01.770274+00:00 RX 01 03 02 00 00 B8 44
2026-07-24T17:49:01.820353+00:00 TX 01 03 00 00 00 20 44 12
2026-07-24T17:49:01.865360+00:00 RX 01 03 40 00 00 00 00 00 03 00 00 00 03 00 00 00 00 00 00 00 00 00 00 00 00 00 00 00 01 00 00 01 00 05 0A 00 00 00 00 00 00 00 00 00 00 00 00 00 00 00 00 00 00 00 00 00 00 00 00 FF FF 57 25 FF FF 57 25 49 68
2026-07-24T17:49:01.868361+00:00 TX 01 03 00 20 00 02 C5 C1
2026-07-24T17:49:01.876363+00:00 RX 01 03 04 00 00 06 5A 79 A8
2026-07-24T17:49:01.878363+00:00 TX 01 03 01 C4 00 01 C4 0B
2026-07-24T17:49:01.884866+00:00 RX 01 03 02 00 00 B8 44
2026-07-24T17:49:01.935375+00:00 TX 01 03 00 00 00 20 44 12
2026-07-24T17:49:01.980391+00:00 RX 01 03 40 00 00 00 00 00 03 00 00 00 03 00 00 00 00 00 00 00 00 00 00 00 00 00 00 00 01 00 00 01 00 05 0A 00 00 00 00 00 00 00 00 00 00 00 00 00 00 00 00 00 00 00 00 00 00 00 00 FF FF 54 66 FF FF 54 66 4D 95
2026-07-24T17:49:01.983892+00:00 TX 01 03 00 20 00 02 C5 C1
2026-07-24T17:49:01.991894+00:00 RX 01 03 04 00 00 06 5B B8 68
2026-07-24T17:49:01.993895+00:00 TX 01 03 01 C4 00 01 C4 0B
2026-07-24T17:49:01.999896+00:00 RX 01 03 02 00 00 B8 44
2026-07-24T17:49:02.051701+00:00 TX 01 03 00 00 00 20 44 12
2026-07-24T17:49:02.095765+00:00 RX 01 03 40 00 00 00 00 00 03 00 00 00 03 00 00 00 00 00 00 00 00 00 00 00 00 00 00 00 01 00 00 01 00 05 0A 00 00 00 00 00 00 00 00 00 00 00 00 00 00 00 00 00 00 00 00 00 00 00 00 FF FF 54 0E FF FF 54 0E 2D B2
2026-07-24T17:49:02.097766+00:00 TX 01 03 00 20 00 02 C5 C1
2026-07-24T17:49:02.104768+00:00 RX 01 03 04 00 00 06 5C F9 AA
2026-07-24T17:49:02.108766+00:00 TX 01 03 01 C4 00 01 C4 0B
2026-07-24T17:49:02.114767+00:00 RX 01 03 02 00 00 B8 44
2026-07-24T17:49:02.166571+00:00 TX 01 03 00 00 00 20 44 12
2026-07-24T17:49:02.211090+00:00 RX 01 03 40 00 00 00 00 00 03 00 00 00 03 00 00 00 00 00 00 00 00 00 00 00 00 00 00 00 01 00 00 01 00 05 0A 00 00 00 00 00 00 00 00 00 00 00 00 00 00 00 00 00 00 00 00 00 00 00 00 FF FF 54 69 FF FF 54 69 59 90
2026-07-24T17:49:02.213091+00:00 TX 01 03 00 20 00 02 C5 C1
2026-07-24T17:49:02.221092+00:00 RX 01 03 04 00 00 06 5D 38 6A
2026-07-24T17:49:02.223092+00:00 TX 01 03 01 C4 00 01 C4 0B
2026-07-24T17:49:02.229094+00:00 RX 01 03 02 00 00 B8 44
2026-07-24T17:49:02.281272+00:00 TX 01 03 00 00 00 20 44 12
2026-07-24T17:49:02.325778+00:00 RX 01 03 40 00 00 00 00 00 03 00 00 00 03 00 00 00 00 00 00 00 00 00 00 00 00 00 00 00 01 00 00 01 00 05 0A 00 00 00 00 00 00 00 00 00 00 00 00 00 00 00 00 00 00 00 00 00 00 00 00 FF FF 52 9B FF FF 52 9B E2 06
2026-07-24T17:49:02.328779+00:00 TX 01 03 00 20 00 02 C5 C1
2026-07-24T17:49:02.335780+00:00 RX 01 03 04 00 00 06 5F B9 AB
2026-07-24T17:49:02.338781+00:00 TX 01 03 01 C4 00 01 C4 0B
2026-07-24T17:49:02.344782+00:00 RX 01 03 02 00 00 B8 44
2026-07-24T17:49:02.395797+00:00 TX 01 03 00 00 00 20 44 12
2026-07-24T17:49:02.440807+00:00 RX 01 03 40 00 00 00 00 00 03 00 00 00 03 00 00 00 00 00 00 00 00 00 00 00 00 00 00 00 01 00 00 01 00 05 0A 00 00 00 00 00 00 00 00 00 00 00 00 00 00 00 00 00 00 00 00 00 00 00 00 FF FF 53 B5 FF FF 53 B5 8A 5D
2026-07-24T17:49:02.442808+00:00 TX 01 03 00 20 00 02 C5 C1
2026-07-24T17:49:02.450810+00:00 RX 01 03 04 00 00 06 60 F9 BB
2026-07-24T17:49:02.453811+00:00 TX 01 03 01 C4 00 01 C4 0B
2026-07-24T17:49:02.459812+00:00 RX 01 03 02 00 00 B8 44
2026-07-24T17:49:02.511349+00:00 TX 01 03 00 00 00 20 44 12
2026-07-24T17:49:02.555903+00:00 RX 01 03 40 00 00 00 00 00 03 00 00 00 03 00 00 00 00 00 00 00 00 00 00 00 00 00 00 00 01 00 00 01 00 05 0A 00 00 00 00 00 00 00 00 00 00 00 00 00 00 00 00 00 00 00 00 00 00 00 00 FF FF 54 7A FF FF 54 7A 9D 9E
2026-07-24T17:49:02.559902+00:00 TX 01 03 00 20 00 02 C5 C1
2026-07-24T17:49:02.566904+00:00 RX 01 03 04 00 00 06 61 38 7B
2026-07-24T17:49:02.568904+00:00 TX 01 03 01 C4 00 01 C4 0B
2026-07-24T17:49:02.575476+00:00 RX 01 03 02 00 00 B8 44
2026-07-24T17:49:02.625506+00:00 TX 01 03 00 00 00 20 44 12
2026-07-24T17:49:02.670014+00:00 RX 01 03 40 00 00 00 00 00 03 00 00 00 03 00 00 00 00 00 00 00 00 00 00 00 00 00 00 00 01 00 00 01 00 05 0A 00 00 00 00 00 00 00 00 00 00 00 00 00 00 00 00 00 00 00 00 00 00 00 00 FF FF 53 1F FF FF 53 1F 12 3A
2026-07-24T17:49:02.672015+00:00 TX 01 03 00 20 00 02 C5 C1
2026-07-24T17:49:02.680017+00:00 RX 01 03 04 00 00 06 62 78 7A
2026-07-24T17:49:02.682018+00:00 TX 01 03 01 C4 00 01 C4 0B
2026-07-24T17:49:02.688520+00:00 RX 01 03 02 00 00 B8 44
2026-07-24T17:49:02.738547+00:00 TX 01 03 00 00 00 20 44 12
2026-07-24T17:49:02.783062+00:00 RX 01 03 40 00 00 00 00 00 03 00 00 00 03 00 00 00 00 00 00 00 00 00 00 00 00 00 00 00 01 00 00 01 00 05 0A 00 00 00 00 00 00 00 00 00 00 00 00 00 00 00 00 00 00 00 00 00 00 00 00 FF FF 53 68 FF FF 53 68 A6 17
2026-07-24T17:49:02.786060+00:00 TX 01 03 00 20 00 02 C5 C1
2026-07-24T17:49:02.794061+00:00 RX 01 03 04 00 00 06 63 B9 BA
2026-07-24T17:49:02.796062+00:00 TX 01 03 01 C4 00 01 C4 0B
2026-07-24T17:49:02.803064+00:00 RX 01 03 02 00 00 B8 44
2026-07-24T17:49:02.853075+00:00 TX 01 03 00 00 00 20 44 12
2026-07-24T17:49:02.898584+00:00 RX 01 03 40 00 00 00 00 00 03 00 00 00 03 00 00 00 00 00 00 00 00 00 00 00 00 00 00 00 01 00 00 01 00 05 0A 00 00 00 00 00 00 00 00 00 00 00 00 00 00 00 00 00 00 00 00 00 00 00 00 FF FF 53 E4 FF FF 53 E4 B6 6D
2026-07-24T17:49:02.900584+00:00 TX 01 03 00 20 00 02 C5 C1
2026-07-24T17:49:02.908583+00:00 RX 01 03 04 00 00 06 64 F8 78
2026-07-24T17:49:02.910584+00:00 TX 01 03 01 C4 00 01 C4 0B
2026-07-24T17:49:02.917585+00:00 RX 01 03 02 00 00 B8 44
2026-07-24T17:49:02.968094+00:00 TX 01 03 00 00 00 20 44 12
2026-07-24T17:49:03.013107+00:00 RX 01 03 40 00 00 00 00 00 03 00 00 00 03 00 00 00 00 00 00 00 00 00 00 00 00 00 00 00 01 00 00 01 00 05 0A 00 00 00 00 00 00 00 00 00 00 00 00 00 00 00 00 00 00 00 00 00 00 00 00 FF FF 53 49 FF FF 53 49 DA 08
2026-07-24T17:49:03.015108+00:00 TX 01 03 00 20 00 02 C5 C1
2026-07-24T17:49:03.023110+00:00 RX 01 03 04 00 00 06 66 79 B9
2026-07-24T17:49:03.025110+00:00 TX 01 03 01 C4 00 01 C4 0B
2026-07-24T17:49:03.032112+00:00 RX 01 03 02 00 00 B8 44
2026-07-24T17:49:03.082211+00:00 TX 01 03 00 00 00 20 44 12
2026-07-24T17:49:03.127222+00:00 RX 01 03 40 00 00 00 00 00 03 00 00 00 03 00 00 00 00 00 00 00 00 00 00 00 00 00 00 00 01 00 00 01 00 05 0A 00 00 00 00 00 00 00 00 00 00 00 00 00 00 00 00 00 00 00 00 00 00 00 00 FF FF 54 F3 FF FF 54 F3 81 E7
2026-07-24T17:49:03.129222+00:00 TX 01 03 00 20 00 02 C5 C1
2026-07-24T17:49:03.137224+00:00 RX 01 03 04 00 00 06 67 B8 79
2026-07-24T17:49:03.139224+00:00 TX 01 03 01 C4 00 01 C4 0B
2026-07-24T17:49:03.145746+00:00 RX 01 03 02 00 00 B8 44
2026-07-24T17:49:03.196271+00:00 TX 01 03 00 00 00 20 44 12
2026-07-24T17:49:03.241282+00:00 RX 01 03 40 00 00 00 00 00 03 00 00 00 03 00 00 00 00 00 00 00 00 00 00 00 00 00 00 00 01 00 00 01 00 05 0A 00 00 00 00 00 00 00 00 00 00 00 00 00 00 00 00 00 00 00 00 00 00 00 00 FF FF 54 C0 FF FF 54 C0 C5 F6
2026-07-24T17:49:03.243283+00:00 TX 01 03 00 20 00 02 C5 C1
2026-07-24T17:49:03.251285+00:00 RX 01 03 04 00 00 06 68 F8 7D
2026-07-24T17:49:03.253285+00:00 TX 01 03 01 C4 00 01 C4 0B
2026-07-24T17:49:03.260286+00:00 RX 01 03 02 00 00 B8 44
2026-07-24T17:49:03.310794+00:00 TX 01 03 00 00 00 20 44 12
2026-07-24T17:49:03.355305+00:00 RX 01 03 40 00 00 00 00 00 03 00 00 00 03 00 00 00 00 00 00 00 00 00 00 00 00 00 00 00 01 00 00 01 00 05 0A 00 00 00 00 00 00 00 00 00 00 00 00 00 00 00 00 00 00 00 00 00 00 00 00 FF FF 54 78 FF FF 54 78 65 9F
2026-07-24T17:49:03.358306+00:00 TX 01 03 00 20 00 02 C5 C1
2026-07-24T17:49:03.366305+00:00 RX 01 03 04 00 00 06 69 39 BD
2026-07-24T17:49:03.368305+00:00 TX 01 03 01 C4 00 01 C4 0B
2026-07-24T17:49:03.374307+00:00 RX 01 03 02 00 00 B8 44
2026-07-24T17:49:03.425320+00:00 TX 01 03 00 00 00 20 44 12
2026-07-24T17:49:03.470331+00:00 RX 01 03 40 00 00 00 00 00 03 00 00 00 03 00 00 00 00 00 00 00 00 00 00 00 00 00 00 00 01 00 00 01 00 05 0A 00 00 00 00 00 00 00 00 00 00 00 00 00 00 00 00 00 00 00 00 00 00 00 00 FF FF 54 B8 FF FF 54 B8 65 DE
2026-07-24T17:49:03.472853+00:00 TX 01 03 00 20 00 02 C5 C1
2026-07-24T17:49:03.480367+00:00 RX 01 03 04 00 00 06 6A 79 BC
2026-07-24T17:49:03.482367+00:00 TX 01 03 01 C4 00 01 C4 0B
2026-07-24T17:49:03.488867+00:00 RX 01 03 02 00 00 B8 44
2026-07-24T17:49:03.538967+00:00 TX 01 03 00 00 00 20 44 12
2026-07-24T17:49:03.583136+00:00 RX 01 03 40 00 00 00 00 00 03 00 00 00 03 00 00 00 00 00 00 00 00 00 00 00 00 00 00 00 01 00 00 01 00 05 0A 00 00 00 00 00 00 00 00 00 00 00 00 00 00 00 00 00 00 00 00 00 00 00 00 FF FF 56 46 FF FF 56 46 CD 08
2026-07-24T17:49:03.585140+00:00 TX 01 03 00 20 00 02 C5 C1
2026-07-24T17:49:03.592642+00:00 RX 01 03 04 00 00 06 6B B8 7C
2026-07-24T17:49:03.595643+00:00 TX 01 03 01 C4 00 01 C4 0B
2026-07-24T17:49:03.601644+00:00 RX 01 03 02 00 00 B8 44
2026-07-24T17:49:03.653226+00:00 TX 01 03 00 00 00 20 44 12
2026-07-24T17:49:03.698444+00:00 RX 01 03 40 00 00 00 00 00 03 00 00 00 03 00 00 00 00 00 00 00 00 00 00 00 00 00 00 00 01 00 00 01 00 05 0A 00 00 00 00 00 00 00 00 00 00 00 00 00 00 00 00 00 00 00 00 00 00 00 00 FF FF 57 4B FF FF 57 4B 21 4D
2026-07-24T17:49:03.700445+00:00 TX 01 03 00 20 00 02 C5 C1
2026-07-24T17:49:03.707966+00:00 RX 01 03 04 00 00 06 6D 38 7E
2026-07-24T17:49:03.710963+00:00 TX 01 03 01 C4 00 01 C4 0B
2026-07-24T17:49:03.716964+00:00 RX 01 03 02 00 00 B8 44
2026-07-24T17:49:03.766972+00:00 TX 01 03 00 00 00 20 44 12
2026-07-24T17:49:03.812432+00:00 RX 01 03 40 00 00 00 00 00 03 00 00 00 03 00 00 00 00 00 00 00 00 00 00 00 00 00 00 00 01 00 00 01 00 05 0A 00 00 00 00 00 00 00 00 00 00 00 00 00 00 00 00 00 00 00 00 00 00 00 00 FF FF 56 7F FF FF 56 7F 91 1F
2026-07-24T17:49:03.814433+00:00 TX 01 03 00 20 00 02 C5 C1
2026-07-24T17:49:03.822435+00:00 RX 01 03 04 00 00 06 6E 78 7F
2026-07-24T17:49:03.824436+00:00 TX 01 03 01 C4 00 01 C4 0B
2026-07-24T17:49:03.831437+00:00 RX 01 03 02 00 00 B8 44
2026-07-24T17:49:03.881465+00:00 TX 01 03 00 00 00 20 44 12
2026-07-24T17:49:03.926116+00:00 RX 01 03 40 00 00 00 00 00 03 00 00 00 03 00 00 00 00 00 00 00 00 00 00 00 00 00 00 00 01 00 00 01 00 05 0A 00 00 00 00 00 00 00 00 00 00 00 00 00 00 00 00 00 00 00 00 00 00 00 00 FF FF 55 A8 FF FF 55 A8 A5 90
2026-07-24T17:49:03.928117+00:00 TX 01 03 00 20 00 02 C5 C1
2026-07-24T17:49:03.936119+00:00 RX 01 03 04 00 00 06 6F B9 BF
2026-07-24T17:49:03.938120+00:00 TX 01 03 01 C4 00 01 C4 0B
2026-07-24T17:49:03.944452+00:00 RX 01 03 02 00 00 B8 44
2026-07-24T17:49:03.994465+00:00 TX 01 03 00 00 00 20 44 12
2026-07-24T17:49:04.039244+00:00 RX 01 03 40 00 00 00 00 00 03 00 00 00 03 00 00 00 00 00 00 00 00 00 00 00 00 00 00 00 01 00 00 01 00 05 0A 00 00 00 00 00 00 00 00 00 00 00 00 00 00 00 00 00 00 00 00 00 00 00 00 FF FF 57 1A FF FF 57 1A 1D 7D
2026-07-24T17:49:04.041244+00:00 TX 01 03 00 20 00 02 C5 C1
2026-07-24T17:49:04.049246+00:00 RX 01 03 04 00 00 06 70 F8 77
2026-07-24T17:49:04.051247+00:00 TX 01 03 01 C4 00 01 C4 0B
2026-07-24T17:49:04.057248+00:00 RX 01 03 02 00 00 B8 44
2026-07-24T17:49:04.107279+00:00 TX 01 03 00 00 00 20 44 12
2026-07-24T17:49:04.151918+00:00 RX 01 03 40 00 00 00 00 00 03 00 00 00 03 00 00 00 00 00 00 00 00 00 00 00 00 00 00 00 01 00 00 01 00 05 0A 00 00 00 00 00 00 00 00 00 00 00 00 00 00 00 00 00 00 00 00 00 00 00 00 FF FF 58 C7 FF FF 58 C7 34 38
2026-07-24T17:49:04.153919+00:00 TX 01 03 00 20 00 02 C5 C1
2026-07-24T17:49:04.161920+00:00 RX 01 03 04 00 00 06 71 39 B7
2026-07-24T17:49:04.164440+00:00 TX 01 03 01 C4 00 01 C4 0B
2026-07-24T17:49:04.171438+00:00 RX 01 03 02 00 00 B8 44
2026-07-24T17:49:04.221965+00:00 TX 01 03 00 00 00 20 44 12
2026-07-24T17:49:04.267004+00:00 RX 01 03 40 00 00 00 00 00 03 00 00 00 03 00 00 00 00 00 00 00 00 00 00 00 00 00 00 00 01 00 00 01 00 05 0A 00 00 00 00 00 00 00 00 00 00 00 00 00 00 00 00 00 00 00 00 00 00 00 00 FF FF 5A 33 FF FF 5A 33 84 E8
2026-07-24T17:49:04.269005+00:00 TX 01 03 00 20 00 02 C5 C1
2026-07-24T17:49:04.277004+00:00 RX 01 03 04 00 00 06 72 79 B6
2026-07-24T17:49:04.279004+00:00 TX 01 03 01 C4 00 01 C4 0B
2026-07-24T17:49:04.285006+00:00 RX 01 03 02 00 00 B8 44
2026-07-24T17:49:04.335673+00:00 TX 01 03 00 00 00 20 44 12
2026-07-24T17:49:04.379680+00:00 RX 01 03 40 00 00 00 00 00 03 00 00 00 03 00 00 00 00 00 00 00 00 00 00 00 00 00 00 00 01 00 00 01 00 05 0A 00 00 00 00 00 00 00 00 00 00 00 00 00 00 00 00 00 00 00 00 00 00 00 00 FF FF 5B 85 FF FF 5B 85 CC C5
2026-07-24T17:49:04.383228+00:00 TX 01 03 00 20 00 02 C5 C1
2026-07-24T17:49:04.391732+00:00 RX 01 03 04 00 00 06 74 F9 B4
2026-07-24T17:49:04.393732+00:00 TX 01 03 01 C4 00 01 C4 0B
2026-07-24T17:49:04.400734+00:00 RX 01 03 02 00 00 B8 44
2026-07-24T17:49:04.450746+00:00 TX 01 03 00 00 00 20 44 12
2026-07-24T17:49:04.494764+00:00 RX 01 03 40 00 00 00 00 00 03 00 00 00 03 00 00 00 00 00 00 00 00 00 00 00 00 00 00 00 01 00 00 01 00 05 0A 00 00 00 00 00 00 00 00 00 00 00 00 00 00 00 00 00 00 00 00 00 00 00 00 FF FF 5B 0B FF FF 5B 0B 24 BE
2026-07-24T17:49:04.497765+00:00 TX 01 03 00 20 00 02 C5 C1
2026-07-24T17:49:04.504836+00:00 RX 01 03 04 00 00 06 75 38 74
2026-07-24T17:49:04.507837+00:00 TX 01 03 01 C4 00 01 C4 0B
2026-07-24T17:49:04.513835+00:00 RX 01 03 02 00 00 B8 44
2026-07-24T17:49:04.564392+00:00 TX 01 03 00 00 00 20 44 12
2026-07-24T17:49:04.609404+00:00 RX 01 03 40 00 00 00 00 00 03 00 00 00 03 00 00 00 00 00 00 00 00 00 00 00 00 00 00 00 01 00 00 01 00 05 0A 00 00 00 00 00 00 00 00 00 00 00 00 00 00 00 00 00 00 00 00 00 00 00 00 FF FF 5B 62 FF FF 5B 62 B8 99
2026-07-24T17:49:04.610405+00:00 TX 01 03 00 20 00 02 C5 C1
2026-07-24T17:49:04.618404+00:00 RX 01 03 04 00 00 06 76 78 75
2026-07-24T17:49:04.620404+00:00 TX 01 03 01 C4 00 01 C4 0B
2026-07-24T17:49:04.627007+00:00 RX 01 03 02 00 00 B8 44
2026-07-24T17:49:04.677750+00:00 TX 01 03 00 00 00 20 44 12
2026-07-24T17:49:04.722780+00:00 RX 01 03 40 00 00 00 00 00 03 00 00 00 03 00 00 00 00 00 00 00 00 00 00 00 00 00 00 00 01 00 00 01 00 05 0A 00 00 00 00 00 00 00 00 00 00 00 00 00 00 00 00 00 00 00 00 00 00 00 00 FF FF 5B AC FF FF 5B AC 50 DD
2026-07-24T17:49:04.724780+00:00 TX 01 03 00 20 00 02 C5 C1
2026-07-24T17:49:04.731922+00:00 RX 01 03 04 00 00 06 77 B9 B5
2026-07-24T17:49:04.734923+00:00 TX 01 03 01 C4 00 01 C4 0B
2026-07-24T17:49:04.741921+00:00 RX 01 03 02 00 00 B8 44
2026-07-24T17:49:04.791991+00:00 TX 01 03 00 00 00 20 44 12
2026-07-24T17:49:04.836798+00:00 RX 01 03 40 00 00 00 00 00 03 00 00 00 03 00 00 00 00 00 00 00 00 00 00 00 00 00 00 00 01 00 00 01 00 05 0A 00 00 00 00 00 00 00 00 00 00 00 00 00 00 00 00 00 00 00 00 00 00 00 00 FF FF 5B 95 FF FF 5B 95 0C CA
2026-07-24T17:49:04.838798+00:00 TX 01 03 00 20 00 02 C5 C1
2026-07-24T17:49:04.845800+00:00 RX 01 03 04 00 00 06 78 F9 B1
2026-07-24T17:49:04.848801+00:00 TX 01 03 01 C4 00 01 C4 0B
2026-07-24T17:49:04.854802+00:00 RX 01 03 02 00 00 B8 44
2026-07-24T17:49:04.906200+00:00 TX 01 03 00 00 00 20 44 12
2026-07-24T17:49:04.950930+00:00 RX 01 03 40 00 00 00 00 00 03 00 00 00 03 00 00 00 00 00 00 00 00 00 00 00 00 00 00 00 01 00 00 01 00 05 0A 00 00 00 00 00 00 00 00 00 00 00 00 00 00 00 00 00 00 00 00 00 00 00 00 FF FF 5B 0C FF FF 5B 0C D0 BC
2026-07-24T17:49:04.952930+00:00 TX 01 03 00 20 00 02 C5 C1
2026-07-24T17:49:04.960932+00:00 RX 01 03 04 00 00 06 79 38 71
2026-07-24T17:49:04.962933+00:00 TX 01 03 01 C4 00 01 C4 0B
2026-07-24T17:49:04.969931+00:00 RX 01 03 02 00 00 B8 44
2026-07-24T17:49:05.019964+00:00 TX 01 03 00 00 00 20 44 12
2026-07-24T17:49:05.064975+00:00 RX 01 03 40 00 00 00 00 00 03 00 00 00 03 00 00 00 00 00 00 00 00 00 00 00 00 00 00 00 01 00 00 01 00 05 0A 00 00 00 00 00 00 00 00 00 00 00 00 00 00 00 00 00 00 00 00 00 00 00 00 FF FF 59 19 FF FF 59 19 1C 32
2026-07-24T17:49:05.066976+00:00 TX 01 03 00 20 00 02 C5 C1
2026-07-24T17:49:05.074977+00:00 RX 01 03 04 00 00 06 7B B9 B0
2026-07-24T17:49:05.077518+00:00 TX 01 03 01 C4 00 01 C4 0B
2026-07-24T17:49:05.084525+00:00 RX 01 03 02 00 00 B8 44
2026-07-24T17:49:05.134536+00:00 TX 01 03 00 00 00 20 44 12
2026-07-24T17:49:05.179113+00:00 RX 01 03 40 00 00 00 00 00 03 00 00 00 03 00 00 00 00 00 00 00 00 00 00 00 00 00 00 00 01 00 00 01 00 05 0A 00 00 00 00 00 00 00 00 00 00 00 00 00 00 00 00 00 00 00 00 00 00 00 00 FF FF 5A 7A FF FF 5A 7A 98 D0
2026-07-24T17:49:05.182113+00:00 TX 01 03 00 20 00 02 C5 C1
2026-07-24T17:49:05.191139+00:00 RX 01 03 04 00 00 06 7C F8 72
2026-07-24T17:49:05.194138+00:00 TX 01 03 01 C4 00 01 C4 0B
2026-07-24T17:49:05.200139+00:00 RX 01 03 02 00 00 B8 44
2026-07-24T17:49:05.251151+00:00 TX 01 03 00 00 00 20 44 12
2026-07-24T17:49:05.295685+00:00 RX 01 03 40 00 00 00 00 00 03 00 00 00 03 00 00 00 00 00 00 00 00 00 00 00 00 00 00 00 01 00 00 01 00 05 0A 00 00 00 00 00 00 00 00 00 00 00 00 00 00 00 00 00 00 00 00 00 00 00 00 FF FF 5D C6 FF FF 5D C6 CB 3D
2026-07-24T17:49:05.298686+00:00 TX 01 03 00 20 00 02 C5 C1
2026-07-24T17:49:05.306688+00:00 RX 01 03 04 00 00 06 7D 39 B2
2026-07-24T17:49:05.308688+00:00 TX 01 03 01 C4 00 01 C4 0B
2026-07-24T17:49:05.314686+00:00 RX 01 03 02 00 00 B8 44
2026-07-24T17:49:05.365859+00:00 TX 01 03 00 00 00 20 44 12
2026-07-24T17:49:05.410868+00:00 RX 01 03 40 00 00 00 00 00 03 00 00 00 03 00 00 00 00 00 00 00 00 00 00 00 00 00 00 00 01 00 00 01 00 05 0A 00 00 00 00 00 00 00 00 00 00 00 00 00 00 00 00 00 00 00 00 00 00 00 00 FF FF 5A 25 FF FF 5A 25 4C E5
2026-07-24T17:49:05.412869+00:00 TX 01 03 00 20 00 02 C5 C1
2026-07-24T17:49:05.420870+00:00 RX 01 03 04 00 00 06 7E 79 B3
2026-07-24T17:49:05.422871+00:00 TX 01 03 01 C4 00 01 C4 0B
2026-07-24T17:49:05.429872+00:00 RX 01 03 02 00 00 B8 44
2026-07-24T17:49:05.479880+00:00 TX 01 03 00 00 00 20 44 12
2026-07-24T17:49:05.524891+00:00 RX 01 03 40 00 00 00 00 00 03 00 00 00 03 00 00 00 00 00 00 00 00 00 00 00 00 00 00 00 01 00 00 01 00 05 0A 00 00 00 00 00 00 00 00 00 00 00 00 00 00 00 00 00 00 00 00 00 00 00 00 FF FF 5B 73 FF FF 5B 73 84 96
2026-07-24T17:49:05.528394+00:00 TX 01 03 00 20 00 02 C5 C1
2026-07-24T17:49:05.536395+00:00 RX 01 03 04 00 00 06 7F B8 73
2026-07-24T17:49:05.538396+00:00 TX 01 03 01 C4 00 01 C4 0B
2026-07-24T17:49:05.545398+00:00 RX 01 03 02 00 00 B8 44
2026-07-24T17:49:05.595910+00:00 TX 01 03 00 00 00 20 44 12
2026-07-24T17:49:05.640955+00:00 RX 01 03 40 00 00 00 00 00 03 00 00 00 03 00 00 00 00 00 00 00 00 00 00 00 00 00 00 00 01 00 00 01 00 05 0A 00 00 00 00 00 00 00 00 00 00 00 00 00 00 00 00 00 00 00 00 00 00 00 00 FF FF 58 86 FF FF 58 86 C8 07
2026-07-24T17:49:05.643955+00:00 TX 01 03 00 20 00 02 C5 C1
2026-07-24T17:49:05.651956+00:00 RX 01 03 04 00 00 06 80 F8 33
2026-07-24T17:49:05.653957+00:00 TX 01 03 01 C4 00 01 C4 0B
2026-07-24T17:49:05.660959+00:00 RX 01 03 02 00 00 B8 44
2026-07-24T17:49:05.711670+00:00 TX 01 03 00 00 00 20 44 12
2026-07-24T17:49:05.756207+00:00 RX 01 03 40 00 00 00 00 00 03 00 00 00 03 00 00 00 00 00 00 00 00 00 00 00 00 00 00 00 01 00 00 01 00 05 0A 00 00 00 00 00 00 00 00 00 00 00 00 00 00 00 00 00 00 00 00 00 00 00 00 FF FF 58 07 FF FF 58 07 34 79
2026-07-24T17:49:05.758208+00:00 TX 01 03 00 20 00 02 C5 C1
2026-07-24T17:49:05.766210+00:00 RX 01 03 04 00 00 06 82 79 F2
2026-07-24T17:49:05.768210+00:00 TX 01 03 01 C4 00 01 C4 0B
2026-07-24T17:49:05.774209+00:00 RX 01 03 02 00 00 B8 44
2026-07-24T17:49:05.825931+00:00 TX 01 03 00 00 00 20 44 12
2026-07-24T17:49:05.870942+00:00 RX 01 03 40 00 00 00 00 00 03 00 00 00 03 00 00 00 00 00 00 00 00 00 00 00 00 00 00 00 01 00 00 01 00 05 0A 00 00 00 00 00 00 00 00 00 00 00 00 00 00 00 00 00 00 00 00 00 00 00 00 FF FF 56 2D FF FF 56 2D A9 2E
2026-07-24T17:49:05.872942+00:00 TX 01 03 00 20 00 02 C5 C1
2026-07-24T17:49:05.880940+00:00 RX 01 03 04 00 00 06 83 B8 32
2026-07-24T17:49:05.882941+00:00 TX 01 03 01 C4 00 01 C4 0B
2026-07-24T17:49:05.889942+00:00 RX 01 03 02 00 00 B8 44
2026-07-24T17:49:05.939986+00:00 TX 01 03 00 00 00 20 44 12
2026-07-24T17:49:05.985512+00:00 RX 01 03 40 00 00 00 00 00 03 00 00 00 03 00 00 00 00 00 00 00 00 00 00 00 00 00 00 00 01 00 00 01 00 05 0A 00 00 00 00 00 00 00 00 00 00 00 00 00 00 00 00 00 00 00 00 00 00 00 00 FF FF 54 4A FF FF 54 4A DD 8E
2026-07-24T17:49:05.987512+00:00 TX 01 03 00 20 00 02 C5 C1
2026-07-24T17:49:05.995016+00:00 RX 01 03 04 00 00 06 84 F9 F0
2026-07-24T17:49:05.997016+00:00 TX 01 03 01 C4 00 01 C4 0B
2026-07-24T17:49:06.003017+00:00 RX 01 03 02 00 00 B8 44
2026-07-24T17:49:06.054529+00:00 TX 01 03 00 00 00 20 44 12
2026-07-24T17:49:06.098997+00:00 RX 01 03 40 00 00 00 00 00 03 00 00 00 03 00 00 00 00 00 00 00 00 00 00 00 00 00 00 00 01 00 00 01 00 05 0A 00 00 00 00 00 00 00 00 00 00 00 00 00 00 00 00 00 00 00 00 00 00 00 00 FF FF 56 43 FF FF 56 43 C1 0B
2026-07-24T17:49:06.100997+00:00 TX 01 03 00 20 00 02 C5 C1
2026-07-24T17:49:06.107999+00:00 RX 01 03 04 00 00 06 85 38 30
2026-07-24T17:49:06.110999+00:00 TX 01 03 01 C4 00 01 C4 0B
2026-07-24T17:49:06.116999+00:00 RX 01 03 02 00 00 B8 44
2026-07-24T17:49:06.167066+00:00 TX 01 03 00 00 00 20 44 12
2026-07-24T17:49:06.211077+00:00 RX 01 03 40 00 00 00 00 00 03 00 00 00 03 00 00 00 00 00 00 00 00 00 00 00 00 00 00 00 01 00 00 01 00 05 0A 00 00 00 00 00 00 00 00 00 00 00 00 00 00 00 00 00 00 00 00 00 00 00 00 FF FF 54 C3 FF FF 54 C3 C1 F7
2026-07-24T17:49:06.214077+00:00 TX 01 03 00 20 00 02 C5 C1
2026-07-24T17:49:06.222079+00:00 RX 01 03 04 00 00 06 86 78 31
2026-07-24T17:49:06.224080+00:00 TX 01 03 01 C4 00 01 C4 0B
2026-07-24T17:49:06.231081+00:00 RX 01 03 02 00 00 B8 44
2026-07-24T17:49:06.281090+00:00 TX 01 03 00 00 00 20 44 12
2026-07-24T17:49:06.325625+00:00 RX 01 03 40 00 00 00 00 00 03 00 00 00 03 00 00 00 00 00 00 00 00 00 00 00 00 00 00 00 01 00 00 01 00 05 0A 00 00 00 00 00 00 00 00 00 00 00 00 00 00 00 00 00 00 00 00 00 00 00 00 FF FF 53 B0 FF FF 53 B0 86 5E
2026-07-24T17:49:06.329131+00:00 TX 01 03 00 20 00 02 C5 C1
2026-07-24T17:49:06.337130+00:00 RX 01 03 04 00 00 06 87 B9 F1
2026-07-24T17:49:06.339131+00:00 TX 01 03 01 C4 00 01 C4 0B
2026-07-24T17:49:06.345132+00:00 RX 01 03 02 00 00 B8 44
2026-07-24T17:49:06.395724+00:00 TX 01 03 00 00 00 20 44 12
2026-07-24T17:49:06.440767+00:00 RX 01 03 40 00 00 00 00 00 03 00 00 00 03 00 00 00 00 00 00 00 00 00 00 00 00 00 00 00 01 00 00 01 00 05 0A 00 00 00 00 00 00 00 00 00 00 00 00 00 00 00 00 00 00 00 00 00 00 00 00 FF FF 52 E8 FF FF 52 E8 A6 28
2026-07-24T17:49:06.442767+00:00 TX 01 03 00 20 00 02 C5 C1
2026-07-24T17:49:06.450769+00:00 RX 01 03 04 00 00 06 89 38 35
2026-07-24T17:49:06.453770+00:00 TX 01 03 01 C4 00 01 C4 0B
2026-07-24T17:49:06.459771+00:00 RX 01 03 02 00 00 B8 44
2026-07-24T17:49:06.509783+00:00 TX 01 03 00 00 00 20 44 12
2026-07-24T17:49:06.555829+00:00 RX 01 03 40 00 00 00 00 00 03 00 00 00 03 00 00 00 00 00 00 00 00 00 00 00 00 00 00 00 01 00 00 01 00 05 0A 00 00 00 00 00 00 00 00 00 00 00 00 00 00 00 00 00 00 00 00 00 00 00 00 FF FF 50 C9 FF FF 50 C9 DA B5
2026-07-24T17:49:06.557830+00:00 TX 01 03 00 20 00 02 C5 C1
2026-07-24T17:49:06.564832+00:00 RX 01 03 04 00 00 06 8A 78 34
2026-07-24T17:49:06.566832+00:00 TX 01 03 01 C4 00 01 C4 0B
2026-07-24T17:49:06.572831+00:00 RX 01 03 02 00 00 B8 44
2026-07-24T17:49:06.622860+00:00 TX 01 03 00 00 00 20 44 12
2026-07-24T17:49:06.668056+00:00 RX 01 03 40 00 00 00 00 00 03 00 00 00 03 00 00 00 00 00 00 00 00 00 00 00 00 00 00 00 01 00 00 01 00 05 0A 00 00 00 00 00 00 00 00 00 00 00 00 00 00 00 00 00 00 00 00 00 00 00 00 FF FF 4F B8 FF FF 4F B8 6C C5
2026-07-24T17:49:06.670056+00:00 TX 01 03 00 20 00 02 C5 C1
2026-07-24T17:49:06.678058+00:00 RX 01 03 04 00 00 06 8B B9 F4
2026-07-24T17:49:06.680058+00:00 TX 01 03 01 C4 00 01 C4 0B
2026-07-24T17:49:06.686056+00:00 RX 01 03 02 00 00 B8 44
2026-07-24T17:49:06.737674+00:00 TX 01 03 00 00 00 20 44 12
2026-07-24T17:49:06.782178+00:00 RX 01 03 40 00 00 00 00 00 03 00 00 00 03 00 00 00 00 00 00 00 00 00 00 00 00 00 00 00 01 00 00 01 00 05 0A 00 00 00 00 00 00 00 00 00 00 00 00 00 00 00 00 00 00 00 00 00 00 00 00 FF FF 52 B2 FF FF 52 B2 7E 1E
2026-07-24T17:49:06.785683+00:00 TX 01 03 00 20 00 02 C5 C1
2026-07-24T17:49:06.794784+00:00 RX 01 03 04 00 00 06 8C F8 36
2026-07-24T17:49:06.796824+00:00 TX 01 03 01 C4 00 01 C4 0B
2026-07-24T17:49:06.802825+00:00 RX 01 03 02 00 00 B8 44
2026-07-24T17:49:06.854342+00:00 TX 01 03 00 00 00 20 44 12
2026-07-24T17:49:06.898984+00:00 RX 01 03 40 00 00 00 00 00 03 00 00 00 03 00 00 00 00 00 00 00 00 00 00 00 00 00 00 00 01 00 00 01 00 05 0A 00 00 00 00 00 00 00 00 00 00 00 00 00 00 00 00 00 00 00 00 00 00 00 00 FF FF 53 75 FF FF 53 75 8A 1C
2026-07-24T17:49:06.900984+00:00 TX 01 03 00 20 00 02 C5 C1
2026-07-24T17:49:06.907985+00:00 RX 01 03 04 00 00 06 8D 39 F6
2026-07-24T17:49:06.909986+00:00 TX 01 03 01 C4 00 01 C4 0B
2026-07-24T17:49:06.916985+00:00 RX 01 03 02 00 00 B8 44
2026-07-24T17:49:06.967525+00:00 TX 01 03 00 00 00 20 44 12
2026-07-24T17:49:07.012548+00:00 RX 01 03 40 00 00 00 00 00 03 00 00 00 03 00 00 00 00 00 00 00 00 00 00 00 00 00 00 00 01 00 00 01 00 05 0A 00 00 00 00 00 00 00 00 00 00 00 00 00 00 00 00 00 00 00 00 00 00 00 00 FF FF 55 3C FF FF 55 3C 95 E2
2026-07-24T17:49:07.014549+00:00 TX 01 03 00 20 00 02 C5 C1
2026-07-24T17:49:07.022550+00:00 RX 01 03 04 00 00 06 8E 79 F7
2026-07-24T17:49:07.025548+00:00 TX 01 03 01 C4 00 01 C4 0B
2026-07-24T17:49:07.031550+00:00 RX 01 03 02 00 00 B8 44
2026-07-24T17:49:07.081586+00:00 TX 01 03 00 00 00 20 44 12
2026-07-24T17:49:07.126178+00:00 RX 01 03 40 00 00 00 00 00 03 00 00 00 03 00 00 00 00 00 00 00 00 00 00 00 00 00 00 00 01 00 00 01 00 05 0A 00 00 00 00 00 00 00 00 00 00 00 00 00 00 00 00 00 00 00 00 00 00 00 00 FF FF 55 05 FF FF 55 05 C9 F5
2026-07-24T17:49:07.128702+00:00 TX 01 03 00 20 00 02 C5 C1
2026-07-24T17:49:07.136204+00:00 RX 01 03 04 00 00 06 90 F9 FF
2026-07-24T17:49:07.138205+00:00 TX 01 03 01 C4 00 01 C4 0B
2026-07-24T17:49:07.144762+00:00 RX 01 03 02 00 00 B8 44
2026-07-24T17:49:07.195451+00:00 TX 01 03 00 00 00 20 44 12
2026-07-24T17:49:07.240965+00:00 RX 01 03 40 00 00 00 00 00 03 00 00 00 03 00 00 00 00 00 00 00 00 00 00 00 00 00 00 00 01 00 00 01 00 05 0A 00 00 00 00 00 00 00 00 00 00 00 00 00 00 00 00 00 00 00 00 00 00 00 00 FF FF 53 D2 FF FF 53 D2 FE 7F
2026-07-24T17:49:07.242965+00:00 TX 01 03 00 20 00 02 C5 C1
2026-07-24T17:49:07.250846+00:00 RX 01 03 04 00 00 06 91 38 3F
2026-07-24T17:49:07.252847+00:00 TX 01 03 01 C4 00 01 C4 0B
2026-07-24T17:49:07.259848+00:00 RX 01 03 02 00 00 B8 44
2026-07-24T17:49:07.310359+00:00 TX 01 03 00 00 00 20 44 12
2026-07-24T17:49:07.354868+00:00 RX 01 03 40 00 00 00 00 00 03 00 00 00 03 00 00 00 00 00 00 00 00 00 00 00 00 00 00 00 01 00 00 01 00 05 0A 00 00 00 00 00 00 00 00 00 00 00 00 00 00 00 00 00 00 00 00 00 00 00 00 FF FF 55 E0 FF FF 55 E0 45 A8
2026-07-24T17:49:07.356868+00:00 TX 01 03 00 20 00 02 C5 C1
2026-07-24T17:49:07.363869+00:00 RX 01 03 04 00 00 06 92 78 3E
2026-07-24T17:49:07.365870+00:00 TX 01 03 01 C4 00 01 C4 0B
2026-07-24T17:49:07.372868+00:00 RX 01 03 02 00 00 B8 44
2026-07-24T17:49:07.423443+00:00 TX 01 03 00 00 00 20 44 12
2026-07-24T17:49:07.467769+00:00 RX 01 03 40 00 00 00 00 00 03 00 00 00 03 00 00 00 00 00 00 00 00 00 00 00 00 00 00 00 01 00 00 01 00 05 0A 00 00 00 00 00 00 00 00 00 00 00 00 00 00 00 00 00 00 00 00 00 00 00 00 FF FF 53 25 FF FF 53 25 4A 2C
2026-07-24T17:49:07.471770+00:00 TX 01 03 00 20 00 02 C5 C1
2026-07-24T17:49:07.479099+00:00 RX 01 03 04 00 00 06 93 B9 FE
2026-07-24T17:49:07.482099+00:00 TX 01 03 01 C4 00 01 C4 0B
2026-07-24T17:49:07.488099+00:00 RX 01 03 02 00 00 B8 44
2026-07-24T17:49:07.540084+00:00 TX 01 03 00 00 00 20 44 12
2026-07-24T17:49:07.585526+00:00 RX 01 03 40 00 00 00 00 00 03 00 00 00 03 00 00 00 00 00 00 00 00 00 00 00 00 00 00 00 01 00 00 01 00 05 0A 00 00 00 00 00 00 00 00 00 00 00 00 00 00 00 00 00 00 00 00 00 00 00 00 FF FF 53 F4 FF FF 53 F4 76 62
2026-07-24T17:49:07.587829+00:00 TX 01 03 00 20 00 02 C5 C1
2026-07-24T17:49:07.595827+00:00 RX 01 03 04 00 00 06 94 F8 3C
2026-07-24T17:49:07.597828+00:00 TX 01 03 01 C4 00 01 C4 0B
2026-07-24T17:49:07.604331+00:00 RX 01 03 02 00 00 B8 44
2026-07-24T17:49:07.654346+00:00 TX 01 03 00 00 00 20 44 12
2026-07-24T17:49:07.699854+00:00 RX 01 03 40 00 00 00 00 00 03 00 00 00 03 00 00 00 00 00 00 00 00 00 00 00 00 00 00 00 01 00 00 01 00 05 0A 00 00 00 00 00 00 00 00 00 00 00 00 00 00 00 00 00 00 00 00 00 00 00 00 FF FF 53 73 FF FF 53 73 82 1E
2026-07-24T17:49:07.701854+00:00 TX 01 03 00 20 00 02 C5 C1
2026-07-24T17:49:07.710381+00:00 RX 01 03 04 00 00 06 95 39 FC
2026-07-24T17:49:07.712381+00:00 TX 01 03 01 C4 00 01 C4 0B
2026-07-24T17:49:07.719380+00:00 RX 01 03 02 00 00 B8 44
2026-07-24T17:49:07.769892+00:00 TX 01 03 00 00 00 20 44 12
2026-07-24T17:49:07.814701+00:00 RX 01 03 40 00 00 00 00 00 03 00 00 00 03 00 00 00 00 00 00 00 00 00 00 00 00 00 00 00 01 00 00 01 00 05 0A 00 00 00 00 00 00 00 00 00 00 00 00 00 00 00 00 00 00 00 00 00 00 00 00 FF FF 53 52 FF FF 53 52 FE 01
2026-07-24T17:49:07.818702+00:00 TX 01 03 00 20 00 02 C5 C1
2026-07-24T17:49:07.826704+00:00 RX 01 03 04 00 00 06 97 B8 3D
2026-07-24T17:49:07.828705+00:00 TX 01 03 01 C4 00 01 C4 0B
2026-07-24T17:49:07.834707+00:00 RX 01 03 02 00 00 B8 44
2026-07-24T17:49:07.885715+00:00 TX 01 03 00 00 00 20 44 12
2026-07-24T17:49:07.931223+00:00 RX 01 03 40 00 00 00 00 00 03 00 00 00 03 00 00 00 00 00 00 00 00 00 00 00 00 00 00 00 01 00 00 01 00 05 0A 00 00 00 00 00 00 00 00 00 00 00 00 00 00 00 00 00 00 00 00 00 00 00 00 FF FF 52 E2 FF FF 52 E2 BE 2E
2026-07-24T17:49:07.934726+00:00 TX 01 03 00 20 00 02 C5 C1
2026-07-24T17:49:07.941728+00:00 RX 01 03 04 00 00 06 98 F8 39
2026-07-24T17:49:07.944729+00:00 TX 01 03 01 C4 00 01 C4 0B
2026-07-24T17:49:07.950730+00:00 RX 01 03 02 00 00 B8 44
2026-07-24T17:49:08.000751+00:00 TX 01 03 00 00 00 20 44 12
2026-07-24T17:49:08.044761+00:00 RX 01 03 40 00 00 00 00 00 03 00 00 00 03 00 00 00 00 00 00 00 00 00 00 00 00 00 00 00 01 00 00 01 00 05 0A 00 00 00 00 00 00 00 00 00 00 00 00 00 00 00 00 00 00 00 00 00 00 00 00 FF FF 54 57 FF FF 54 57 F1 85
2026-07-24T17:49:08.047762+00:00 TX 01 03 00 20 00 02 C5 C1
2026-07-24T17:49:08.054763+00:00 RX 01 03 04 00 00 06 99 39 F9
2026-07-24T17:49:08.057764+00:00 TX 01 03 01 C4 00 01 C4 0B
2026-07-24T17:49:08.063765+00:00 RX 01 03 02 00 00 B8 44
2026-07-24T17:49:08.113823+00:00 TX 01 03 00 00 00 20 44 12
2026-07-24T17:49:08.158389+00:00 RX 01 03 40 00 00 00 00 00 03 00 00 00 03 00 00 00 00 00 00 00 00 00 00 00 00 00 00 00 01 00 00 01 00 05 0A 00 00 00 00 00 00 00 00 00 00 00 00 00 00 00 00 00 00 00 00 00 00 00 00 FF FF 53 52 FF FF 53 52 FE 01
2026-07-24T17:49:08.160390+00:00 TX 01 03 00 20 00 02 C5 C1
2026-07-24T17:49:08.168391+00:00 RX 01 03 04 00 00 06 9A 79 F8
2026-07-24T17:49:08.170392+00:00 TX 01 03 01 C4 00 01 C4 0B
2026-07-24T17:49:08.176390+00:00 RX 01 03 02 00 00 B8 44
2026-07-24T17:49:08.226404+00:00 TX 01 03 00 00 00 20 44 12
2026-07-24T17:49:08.270921+00:00 RX 01 03 40 00 00 00 00 00 03 00 00 00 03 00 00 00 00 00 00 00 00 00 00 00 00 00 00 00 01 00 00 01 00 05 0A 00 00 00 00 00 00 00 00 00 00 00 00 00 00 00 00 00 00 00 00 00 00 00 00 FF FF 55 0A FF FF 55 0A DD F0
2026-07-24T17:49:08.272921+00:00 TX 01 03 00 20 00 02 C5 C1
2026-07-24T17:49:08.280923+00:00 RX 01 03 04 00 00 06 9B B8 38
2026-07-24T17:49:08.282923+00:00 TX 01 03 01 C4 00 01 C4 0B
2026-07-24T17:49:08.288921+00:00 RX 01 03 02 00 00 B8 44
2026-07-24T17:49:08.339933+00:00 TX 01 03 00 00 00 20 44 12
2026-07-24T17:49:08.384618+00:00 RX 01 03 40 00 00 00 00 00 03 00 00 00 03 00 00 00 00 00 00 00 00 00 00 00 00 00 00 00 01 00 00 01 00 05 0A 00 00 00 00 00 00 00 00 00 00 00 00 00 00 00 00 00 00 00 00 00 00 00 00 FF FF 55 8E FF FF 55 8E 2D 8D
2026-07-24T17:49:08.387619+00:00 TX 01 03 00 20 00 02 C5 C1
2026-07-24T17:49:08.395121+00:00 RX 01 03 04 00 00 06 9C F9 FA
2026-07-24T17:49:08.397122+00:00 TX 01 03 01 C4 00 01 C4 0B
2026-07-24T17:49:08.403625+00:00 RX 01 03 02 00 00 B8 44
2026-07-24T17:49:08.453637+00:00 TX 01 03 00 00 00 20 44 12
2026-07-24T17:49:08.497644+00:00 RX 01 03 40 00 00 00 00 00 03 00 00 00 03 00 00 00 00 00 00 00 00 00 00 00 00 00 00 00 01 00 00 01 00 05 0A 00 00 00 00 00 00 00 00 00 00 00 00 00 00 00 00 00 00 00 00 00 00 00 00 FF FF 54 84 FF FF 54 84 35 CA
2026-07-24T17:49:08.501150+00:00 TX 01 03 00 20 00 02 C5 C1
2026-07-24T17:49:08.509684+00:00 RX 01 03 04 00 00 06 9E 78 3B
2026-07-24T17:49:08.512685+00:00 TX 01 03 01 C4 00 01 C4 0B
2026-07-24T17:49:08.519683+00:00 RX 01 03 02 00 00 B8 44
2026-07-24T17:49:08.569846+00:00 TX 01 03 00 00 00 20 44 12
2026-07-24T17:49:08.615853+00:00 RX 01 03 40 00 00 00 00 00 03 00 00 00 03 00 00 00 00 00 00 00 00 00 00 00 00 00 00 00 01 00 00 01 00 05 0A 00 00 00 00 00 00 00 00 00 00 00 00 00 00 00 00 00 00 00 00 00 00 00 00 FF FF 53 83 FF FF 53 83 C2 4F
2026-07-24T17:49:08.618853+00:00 TX 01 03 00 20 00 02 C5 C1
2026-07-24T17:49:08.626855+00:00 RX 01 03 04 00 00 06 9F B9 FB
2026-07-24T17:49:08.628855+00:00 TX 01 03 01 C4 00 01 C4 0B
2026-07-24T17:49:08.635358+00:00 RX 01 03 02 00 00 B8 44
2026-07-24T17:49:08.685370+00:00 TX 01 03 00 00 00 20 44 12
2026-07-24T17:49:08.731433+00:00 RX 01 03 40 00 00 00 00 00 03 00 00 00 03 00 00 00 00 00 00 00 00 00 00 00 00 00 00 00 01 00 00 01 00 05 0A 00 00 00 00 00 00 00 00 00 00 00 00 00 00 00 00 00 00 00 00 00 00 00 00 FF FF 54 2F FF FF 54 2F 51 AD
2026-07-24T17:49:08.733934+00:00 TX 01 03 00 20 00 02 C5 C1
2026-07-24T17:49:08.741933+00:00 RX 01 03 04 00 00 06 A0 F9 EB
2026-07-24T17:49:08.743934+00:00 TX 01 03 01 C4 00 01 C4 0B
2026-07-24T17:49:08.750935+00:00 RX 01 03 02 00 00 B8 44
2026-07-24T17:49:08.801981+00:00 TX 01 03 00 00 00 20 44 12
2026-07-24T17:49:08.846988+00:00 RX 01 03 40 00 00 00 00 00 03 00 00 00 03 00 00 00 00 00 00 00 00 00 00 00 00 00 00 00 01 00 00 01 00 05 0A 00 00 00 00 00 00 00 00 00 00 00 00 00 00 00 00 00 00 00 00 00 00 00 00 FF FF 54 BD FF FF 54 BD 69 DD
2026-07-24T17:49:08.849989+00:00 TX 01 03 00 20 00 02 C5 C1
2026-07-24T17:49:08.857990+00:00 RX 01 03 04 00 00 06 A1 38 2B
2026-07-24T17:49:08.859991+00:00 TX 01 03 01 C4 00 01 C4 0B
2026-07-24T17:49:08.865992+00:00 RX 01 03 02 00 00 B8 44
2026-07-24T17:49:08.917502+00:00 TX 01 03 00 00 00 20 44 12
2026-07-24T17:49:08.962013+00:00 RX 01 03 40 00 00 00 00 00 03 00 00 00 03 00 00 00 00 00 00 00 00 00 00 00 00 00 00 00 01 00 00 01 00 05 0A 00 00 00 00 00 00 00 00 00 00 00 00 00 00 00 00 00 00 00 00 00 00 00 00 FF FF 54 85 FF FF 54 85 C9 CA
2026-07-24T17:49:08.964013+00:00 TX 01 03 00 20 00 02 C5 C1
2026-07-24T17:49:08.972340+00:00 RX 01 03 04 00 00 06 A2 78 2A
2026-07-24T17:49:08.974409+00:00 TX 01 03 01 C4 00 01 C4 0B
2026-07-24T17:49:08.981683+00:00 RX 01 03 02 00 00 B8 44
2026-07-24T17:49:09.031740+00:00 TX 01 03 00 00 00 20 44 12
2026-07-24T17:49:09.076630+00:00 RX 01 03 40 00 00 00 00 00 03 00 00 00 03 00 00 00 00 00 00 00 00 00 00 00 00 00 00 00 01 00 00 01 00 05 0A 00 00 00 00 00 00 00 00 00 00 00 00 00 00 00 00 00 00 00 00 00 00 00 00 FF FF 52 81 FF FF 52 81 3A 0F
2026-07-24T17:49:09.079230+00:00 TX 01 03 00 20 00 02 C5 C1
2026-07-24T17:49:09.086748+00:00 RX 01 03 04 00 00 06 A3 B9 EA
2026-07-24T17:49:09.090746+00:00 TX 01 03 01 C4 00 01 C4 0B
2026-07-24T17:49:09.096747+00:00 RX 01 03 02 00 00 B8 44
2026-07-24T17:49:09.148009+00:00 TX 01 03 00 00 00 20 44 12
2026-07-24T17:49:09.192552+00:00 RX 01 03 40 00 00 00 00 00 03 00 00 00 03 00 00 00 00 00 00 00 00 00 00 00 00 00 00 00 01 00 00 01 00 05 0A 00 00 00 00 00 00 00 00 00 00 00 00 00 00 00 00 00 00 00 00 00 00 00 00 FF FF 50 EB FF FF 50 EB A2 AB
2026-07-24T17:49:09.195552+00:00 TX 01 03 00 20 00 02 C5 C1
2026-07-24T17:49:09.203555+00:00 RX 01 03 04 00 00 06 A5 39 E8
2026-07-24T17:49:09.207058+00:00 TX 01 03 01 C4 00 01 C4 0B
2026-07-24T17:49:09.213059+00:00 RX 01 03 02 00 00 B8 44
2026-07-24T17:49:09.263071+00:00 TX 01 03 00 00 00 20 44 12
2026-07-24T17:49:09.307579+00:00 RX 01 03 40 00 00 00 00 00 03 00 00 00 03 00 00 00 00 00 00 00 00 00 00 00 00 00 00 00 01 00 00 01 00 05 0A 00 00 00 00 00 00 00 00 00 00 00 00 00 00 00 00 00 00 00 00 00 00 00 00 FF FF 50 33 FF FF 50 33 82 E2
2026-07-24T17:49:09.310580+00:00 TX 01 03 00 20 00 02 C5 C1
2026-07-24T17:49:09.317581+00:00 RX 01 03 04 00 00 06 A6 79 E9
2026-07-24T17:49:09.321579+00:00 TX 01 03 01 C4 00 01 C4 0B
2026-07-24T17:49:09.327580+00:00 RX 01 03 02 00 00 B8 44
2026-07-24T17:49:09.377593+00:00 TX 01 03 00 00 00 20 44 12
2026-07-24T17:49:09.422608+00:00 RX 01 03 40 00 00 00 00 00 03 00 00 00 03 00 00 00 00 00 00 00 00 00 00 00 00 00 00 00 01 00 00 01 00 05 0A 00 00 00 00 00 00 00 00 00 00 00 00 00 00 00 00 00 00 00 00 00 00 00 00 FF FF 50 E9 FF FF 50 E9 5A AA
2026-07-24T17:49:09.424608+00:00 TX 01 03 00 20 00 02 C5 C1
2026-07-24T17:49:09.431610+00:00 RX 01 03 04 00 00 06 A7 B8 29
2026-07-24T17:49:09.433610+00:00 TX 01 03 01 C4 00 01 C4 0B
2026-07-24T17:49:09.440612+00:00 RX 01 03 02 00 00 B8 44
2026-07-24T17:49:09.490621+00:00 TX 01 03 00 00 00 20 44 12
2026-07-24T17:49:09.535132+00:00 RX 01 03 40 00 00 00 00 00 03 00 00 00 03 00 00 00 00 00 00 00 00 00 00 00 00 00 00 00 01 00 00 01 00 05 0A 00 00 00 00 00 00 00 00 00 00 00 00 00 00 00 00 00 00 00 00 00 00 00 00 FF FF 54 00 FF FF 54 00 C5 B7
2026-07-24T17:49:09.537133+00:00 TX 01 03 00 20 00 02 C5 C1
2026-07-24T17:49:09.545134+00:00 RX 01 03 04 00 00 06 A8 F8 2D
2026-07-24T17:49:09.548636+00:00 TX 01 03 01 C4 00 01 C4 0B
2026-07-24T17:49:09.554638+00:00 RX 01 03 02 00 00 B8 44
2026-07-24T17:49:09.605651+00:00 TX 01 03 00 00 00 20 44 12
2026-07-24T17:49:09.650209+00:00 RX 01 03 40 00 00 00 00 00 03 00 00 00 03 00 00 00 00 00 00 00 00 00 00 00 00 00 00 00 01 00 00 01 00 05 0A 00 00 00 00 00 00 00 00 00 00 00 00 00 00 00 00 00 00 00 00 00 00 00 00 FF FF 52 F1 FF FF 52 F1 7A 20
2026-07-24T17:49:09.653210+00:00 TX 01 03 00 20 00 02 C5 C1
2026-07-24T17:49:09.661211+00:00 RX 01 03 04 00 00 06 A9 39 ED
2026-07-24T17:49:09.663212+00:00 TX 01 03 01 C4 00 01 C4 0B
2026-07-24T17:49:09.670213+00:00 RX 01 03 02 00 00 B8 44
2026-07-24T17:49:09.720965+00:00 TX 01 03 00 00 00 20 44 12
2026-07-24T17:49:09.765976+00:00 RX 01 03 40 00 00 00 00 00 03 00 00 00 03 00 00 00 00 00 00 00 00 00 00 00 00 00 00 00 01 00 00 01 00 05 0A 00 00 00 00 00 00 00 00 00 00 00 00 00 00 00 00 00 00 00 00 00 00 00 00 FF FF 52 35 FF FF 52 35 8A 62
2026-07-24T17:49:09.767976+00:00 TX 01 03 00 20 00 02 C5 C1
2026-07-24T17:49:09.775976+00:00 RX 01 03 04 00 00 06 AA 79 EC
2026-07-24T17:49:09.778976+00:00 TX 01 03 01 C4 00 01 C4 0B
2026-07-24T17:49:09.784978+00:00 RX 01 03 02 00 00 B8 44
2026-07-24T17:49:09.835992+00:00 TX 01 03 00 00 00 20 44 12
2026-07-24T17:49:09.880003+00:00 RX 01 03 40 00 00 00 00 00 03 00 00 00 03 00 00 00 00 00 00 00 00 00 00 00 00 00 00 00 01 00 00 01 00 05 0A 00 00 00 00 00 00 00 00 00 00 00 00 00 00 00 00 00 00 00 00 00 00 00 00 FF FF 53 37 FF FF 53 37 72 22
2026-07-24T17:49:09.883003+00:00 TX 01 03 00 20 00 02 C5 C1
2026-07-24T17:49:09.891005+00:00 RX 01 03 04 00 00 06 AC F9 EE
2026-07-24T17:49:09.898234+00:00 TX 01 03 01 C4 00 01 C4 0B
2026-07-24T17:49:09.905235+00:00 RX 01 03 02 00 00 B8 44
2026-07-24T17:49:09.955247+00:00 TX 01 03 00 00 00 20 44 12
2026-07-24T17:49:10.000754+00:00 RX 01 03 40 00 00 00 00 00 03 00 00 00 03 00 00 00 00 00 00 00 00 00 00 00 00 00 00 00 01 00 00 01 00 05 0A 00 00 00 00 00 00 00 00 00 00 00 00 00 00 00 00 00 00 00 00 00 00 00 00 FF FF 52 93 FF FF 52 93 02 01
2026-07-24T17:49:10.002755+00:00 TX 01 03 00 20 00 02 C5 C1
2026-07-24T17:49:10.011258+00:00 RX 01 03 04 00 00 06 AD 38 2E
2026-07-24T17:49:10.013258+00:00 TX 01 03 01 C4 00 01 C4 0B
2026-07-24T17:49:10.020260+00:00 RX 01 03 02 00 00 B8 44
2026-07-24T17:49:10.070271+00:00 TX 01 03 00 00 00 20 44 12
2026-07-24T17:49:10.114976+00:00 RX 01 03 40 00 00 00 00 00 03 00 00 00 03 00 00 00 00 00 00 00 00 00 00 00 00 00 00 00 01 00 00 01 00 05 0A 00 00 00 00 00 00 00 00 00 00 00 00 00 00 00 00 00 00 00 00 00 00 00 00 FF FF 52 7F FF FF 52 7F 92 5B
2026-07-24T17:49:10.117974+00:00 TX 01 03 00 20 00 02 C5 C1
2026-07-24T17:49:10.125974+00:00 RX 01 03 04 00 00 06 AE 78 2F
2026-07-24T17:49:10.127974+00:00 TX 01 03 01 C4 00 01 C4 0B
2026-07-24T17:49:10.133975+00:00 RX 01 03 02 00 00 B8 44
2026-07-24T17:49:10.185573+00:00 TX 01 03 00 00 00 20 44 12
2026-07-24T17:49:10.230585+00:00 RX 01 03 40 00 00 00 00 00 03 00 00 00 03 00 00 00 00 00 00 00 00 00 00 00 00 00 00 00 01 00 00 01 00 05 0A 00 00 00 00 00 00 00 00 00 00 00 00 00 00 00 00 00 00 00 00 00 00 00 00 FF FF 52 54 FF FF 52 54 F6 42
2026-07-24T17:49:10.232586+00:00 TX 01 03 00 20 00 02 C5 C1
2026-07-24T17:49:10.240588+00:00 RX 01 03 04 00 00 06 AF B9 EF
2026-07-24T17:49:10.243588+00:00 TX 01 03 01 C4 00 01 C4 0B
2026-07-24T17:49:10.250590+00:00 RX 01 03 02 00 00 B8 44
2026-07-24T17:49:10.300598+00:00 TX 01 03 00 00 00 20 44 12
2026-07-24T17:49:10.344608+00:00 RX 01 03 40 00 00 00 00 00 03 00 00 00 03 00 00 00 00 00 00 00 00 00 00 00 00 00 00 00 01 00 00 01 00 05 0A 00 00 00 00 00 00 00 00 00 00 00 00 00 00 00 00 00 00 00 00 00 00 00 00 FF FF 54 04 FF FF 54 04 35 B4
2026-07-24T17:49:10.347609+00:00 TX 01 03 00 20 00 02 C5 C1
2026-07-24T17:49:10.354610+00:00 RX 01 03 04 00 00 06 B0 F8 27
2026-07-24T17:49:10.356611+00:00 TX 01 03 01 C4 00 01 C4 0B
2026-07-24T17:49:10.362612+00:00 RX 01 03 02 00 00 B8 44
2026-07-24T17:49:10.412620+00:00 TX 01 03 00 00 00 20 44 12
2026-07-24T17:49:10.456630+00:00 RX 01 03 40 00 00 00 00 00 03 00 00 00 03 00 00 00 00 00 00 00 00 00 00 00 00 00 00 00 01 00 00 01 00 05 0A 00 00 00 00 00 00 00 00 00 00 00 00 00 00 00 00 00 00 00 00 00 00 00 00 FF FF 53 E4 FF FF 53 E4 B6 6D
2026-07-24T17:49:10.459631+00:00 TX 01 03 00 20 00 02 C5 C1
2026-07-24T17:49:10.466632+00:00 RX 01 03 04 00 00 06 B1 39 E7
2026-07-24T17:49:10.468633+00:00 TX 01 03 01 C4 00 01 C4 0B
2026-07-24T17:49:10.474634+00:00 RX 01 03 02 00 00 B8 44
2026-07-24T17:49:10.524856+00:00 TX 01 03 00 00 00 20 44 12
2026-07-24T17:49:10.569878+00:00 RX 01 03 40 00 00 00 00 00 03 00 00 00 03 00 00 00 00 00 00 00 00 00 00 00 00 00 00 00 01 00 00 01 00 05 0A 00 00 00 00 00 00 00 00 00 00 00 00 00 00 00 00 00 00 00 00 00 00 00 00 FF FF 53 58 FF FF 53 58 E6 07
2026-07-24T17:49:10.571879+00:00 TX 01 03 00 20 00 02 C5 C1
2026-07-24T17:49:10.579877+00:00 RX 01 03 04 00 00 06 B3 B8 26
2026-07-24T17:49:10.581878+00:00 TX 01 03 01 C4 00 01 C4 0B
2026-07-24T17:49:10.587879+00:00 RX 01 03 02 00 00 B8 44
2026-07-24T17:49:10.638932+00:00 TX 01 03 00 00 00 20 44 12
2026-07-24T17:49:10.684445+00:00 RX 01 03 40 00 00 00 00 00 03 00 00 00 03 00 00 00 00 00 00 00 00 00 00 00 00 00 00 00 01 00 00 01 00 05 0A 00 00 00 00 00 00 00 00 00 00 00 00 00 00 00 00 00 00 00 00 00 00 00 00 FF FF 55 E1 FF FF 55 E1 B9 A8
2026-07-24T17:49:10.687445+00:00 TX 01 03 00 20 00 02 C5 C1
2026-07-24T17:49:10.695443+00:00 RX 01 03 04 00 00 06 B4 F9 E4
2026-07-24T17:49:10.697444+00:00 TX 01 03 01 C4 00 01 C4 0B
2026-07-24T17:49:10.703977+00:00 RX 01 03 02 00 00 B8 44
2026-07-24T17:49:10.754046+00:00 TX 01 03 00 00 00 20 44 12
2026-07-24T17:49:10.799307+00:00 RX 01 03 40 00 00 00 00 00 03 00 00 00 03 00 00 00 00 00 00 00 00 00 00 00 00 00 00 00 01 00 00 01 00 05 0A 00 00 00 00 00 00 00 00 00 00 00 00 00 00 00 00 00 00 00 00 00 00 00 00 FF FF 58 8F FF FF 58 8F D4 00
2026-07-24T17:49:10.801307+00:00 TX 01 03 00 20 00 02 C5 C1
2026-07-24T17:49:10.810024+00:00 RX 01 03 04 00 00 06 B5 38 24
2026-07-24T17:49:10.813526+00:00 TX 01 03 01 C4 00 01 C4 0B
2026-07-24T17:49:10.820528+00:00 RX 01 03 02 00 00 B8 44
2026-07-24T17:49:10.870571+00:00 TX 01 03 00 00 00 20 44 12
2026-07-24T17:49:10.915080+00:00 RX 01 03 40 00 00 00 00 00 03 00 00 00 03 00 00 00 00 00 00 00 00 00 00 00 00 00 00 00 01 00 00 01 00 05 0A 00 00 00 00 00 00 00 00 00 00 00 00 00 00 00 00 00 00 00 00 00 00 00 00 FF FF 54 E4 FF FF 54 E4 B5 EA
2026-07-24T17:49:10.917081+00:00 TX 01 03 00 20 00 02 C5 C1
2026-07-24T17:49:10.925080+00:00 RX 01 03 04 00 00 06 B6 78 25
2026-07-24T17:49:10.928080+00:00 TX 01 03 01 C4 00 01 C4 0B
2026-07-24T17:49:10.935082+00:00 RX 01 03 02 00 00 B8 44
2026-07-24T17:49:10.985592+00:00 TX 01 03 00 00 00 20 44 12
2026-07-24T17:49:11.030603+00:00 RX 01 03 40 00 00 00 00 00 03 00 00 00 03 00 00 00 00 00 00 00 00 00 00 00 00 00 00 00 01 00 00 01 00 05 0A 00 00 00 00 00 00 00 00 00 00 00 00 00 00 00 00 00 00 00 00 00 00 00 00 FF FF 55 8A FF FF 55 8A DD 8E
2026-07-24T17:49:11.032604+00:00 TX 01 03 00 20 00 02 C5 C1
2026-07-24T17:49:11.040606+00:00 RX 01 03 04 00 00 06 B7 B9 E5
2026-07-24T17:49:11.043607+00:00 TX 01 03 01 C4 00 01 C4 0B
2026-07-24T17:49:11.050608+00:00 RX 01 03 02 00 00 B8 44
2026-07-24T17:49:11.101135+00:00 TX 01 03 00 00 00 20 44 12
2026-07-24T17:49:11.146182+00:00 RX 01 03 40 00 00 00 00 00 03 00 00 00 03 00 00 00 00 00 00 00 00 00 00 00 00 00 00 00 01 00 00 01 00 05 0A 00 00 00 00 00 00 00 00 00 00 00 00 00 00 00 00 00 00 00 00 00 00 00 00 FF FF 55 B7 FF FF 55 B7 71 9A
2026-07-24T17:49:11.149179+00:00 TX 01 03 00 20 00 02 C5 C1
2026-07-24T17:49:11.157181+00:00 RX 01 03 04 00 00 06 B8 F9 E1
2026-07-24T17:49:11.159181+00:00 TX 01 03 01 C4 00 01 C4 0B
2026-07-24T17:49:11.166183+00:00 RX 01 03 02 00 00 B8 44
2026-07-24T17:49:11.216191+00:00 TX 01 03 00 00 00 20 44 12
2026-07-24T17:49:11.261201+00:00 RX 01 03 40 00 00 00 00 00 03 00 00 00 03 00 00 00 00 00 00 00 00 00 00 00 00 00 00 00 01 00 00 01 00 05 0A 00 00 00 00 00 00 00 00 00 00 00 00 00 00 00 00 00 00 00 00 00 00 00 00 FF FF 58 63 FF FF 58 63 44 5A
2026-07-24T17:49:11.263202+00:00 TX 01 03 00 20 00 02 C5 C1
2026-07-24T17:49:11.272204+00:00 RX 01 03 04 00 00 06 BA 78 20
2026-07-24T17:49:11.274204+00:00 TX 01 03 01 C4 00 01 C4 0B
2026-07-24T17:49:11.280205+00:00 RX 01 03 02 00 00 B8 44
2026-07-24T17:49:11.330714+00:00 TX 01 03 00 00 00 20 44 12
2026-07-24T17:49:11.376226+00:00 RX 01 03 40 00 00 00 00 00 03 00 00 00 03 00 00 00 00 00 00 00 00 00 00 00 00 00 00 00 01 00 00 01 00 05 0A 00 00 00 00 00 00 00 00 00 00 00 00 00 00 00 00 00 00 00 00 00 00 00 00 FF FF 58 11 FF FF 58 11 FC 74
2026-07-24T17:49:11.379225+00:00 TX 01 03 00 20 00 02 C5 C1
2026-07-24T17:49:11.387227+00:00 RX 01 03 04 00 00 06 BB B9 E0
2026-07-24T17:49:11.390227+00:00 TX 01 03 01 C4 00 01 C4 0B
2026-07-24T17:49:11.396731+00:00 RX 01 03 02 00 00 B8 44
2026-07-24T17:49:11.447243+00:00 TX 01 03 00 00 00 20 44 12
2026-07-24T17:49:11.492250+00:00 RX 01 03 40 00 00 00 00 00 03 00 00 00 03 00 00 00 00 00 00 00 00 00 00 00 00 00 00 00 01 00 00 01 00 05 0A 00 00 00 00 00 00 00 00 00 00 00 00 00 00 00 00 00 00 00 00 00 00 00 00 FF FF 56 F2 FF FF 56 F2 7D 65
2026-07-24T17:49:11.494251+00:00 TX 01 03 00 20 00 02 C5 C1
2026-07-24T17:49:11.502253+00:00 RX 01 03 04 00 00 06 BC F8 22
2026-07-24T17:49:11.504777+00:00 TX 01 03 01 C4 00 01 C4 0B
2026-07-24T17:49:11.510778+00:00 RX 01 03 02 00 00 B8 44
2026-07-24T17:49:11.561473+00:00 TX 01 03 00 00 00 20 44 12
2026-07-24T17:49:11.605978+00:00 RX 01 03 40 00 00 00 00 00 03 00 00 00 03 00 00 00 00 00 00 00 00 00 00 00 00 00 00 00 01 00 00 01 00 05 0A 00 00 00 00 00 00 00 00 00 00 00 00 00 00 00 00 00 00 00 00 00 00 00 00 FF FF 56 0A FF FF 56 0A DD 33
2026-07-24T17:49:11.607979+00:00 TX 01 03 00 20 00 02 C5 C1
2026-07-24T17:49:11.615520+00:00 RX 01 03 04 00 00 06 BD 39 E2
2026-07-24T17:49:11.617520+00:00 TX 01 03 01 C4 00 01 C4 0B
2026-07-24T17:49:11.623521+00:00 RX 01 03 02 00 00 B8 44
2026-07-24T17:49:11.674273+00:00 TX 01 03 00 00 00 20 44 12
2026-07-24T17:49:11.719306+00:00 RX 01 03 40 00 00 00 00 00 03 00 00 00 03 00 00 00 00 00 00 00 00 00 00 00 00 00 00 00 01 00 00 01 00 05 0A 00 00 00 00 00 00 00 00 00 00 00 00 00 00 00 00 00 00 00 00 00 00 00 00 FF FF 53 6F FF FF 53 6F 52 15
2026-07-24T17:49:11.721306+00:00 TX 01 03 00 20 00 02 C5 C1
2026-07-24T17:49:11.730305+00:00 RX 01 03 04 00 00 06 BE 79 E3
2026-07-24T17:49:11.732306+00:00 TX 01 03 01 C4 00 01 C4 0B
2026-07-24T17:49:11.738813+00:00 RX 01 03 02 00 00 B8 44
2026-07-24T17:49:11.789585+00:00 TX 01 03 00 00 00 20 44 12
2026-07-24T17:49:11.834589+00:00 RX 01 03 40 00 00 00 00 00 03 00 00 00 03 00 00 00 00 00 00 00 00 00 00 00 00 00 00 00 01 00 00 01 00 05 0A 00 00 00 00 00 00 00 00 00 00 00 00 00 00 00 00 00 00 00 00 00 00 00 00 FF FF 54 68 FF FF 54 68 A5 90
2026-07-24T17:49:11.837591+00:00 TX 01 03 00 20 00 02 C5 C1
2026-07-24T17:49:11.844643+00:00 RX 01 03 04 00 00 06 BF B8 23
2026-07-24T17:49:11.846643+00:00 TX 01 03 01 C4 00 01 C4 0B
2026-07-24T17:49:11.852644+00:00 RX 01 03 02 00 00 B8 44
2026-07-24T17:49:11.902652+00:00 TX 01 03 00 00 00 20 44 12
2026-07-24T17:49:11.947661+00:00 RX 01 03 40 00 00 00 00 00 03 00 00 00 03 00 00 00 00 00 00 00 00 00 00 00 00 00 00 00 01 00 00 01 00 05 0A 00 00 00 00 00 00 00 00 00 00 00 00 00 00 00 00 00 00 00 00 00 00 00 00 FF FF 57 31 FF FF 57 31 79 64
2026-07-24T17:49:11.949662+00:00 TX 01 03 00 20 00 02 C5 C1
2026-07-24T17:49:11.957678+00:00 RX 01 03 04 00 00 06 C1 38 03
2026-07-24T17:49:11.959679+00:00 TX 01 03 01 C4 00 01 C4 0B
2026-07-24T17:49:11.966517+00:00 RX 01 03 02 00 00 B8 44
2026-07-24T17:49:12.017053+00:00 TX 01 03 00 00 00 20 44 12
2026-07-24T17:49:12.061783+00:00 RX 01 03 40 00 00 00 00 00 03 00 00 00 03 00 00 00 00 00 00 00 00 00 00 00 00 00 00 00 01 00 00 01 00 05 0A 00 00 00 00 00 00 00 00 00 00 00 00 00 00 00 00 00 00 00 00 00 00 00 00 FF FF 58 46 FF FF 58 46 C8 46
2026-07-24T17:49:12.064870+00:00 TX 01 03 00 20 00 02 C5 C1
2026-07-24T17:49:12.073470+00:00 RX 01 03 04 00 00 06 C2 78 02
2026-07-24T17:49:12.075471+00:00 TX 01 03 01 C4 00 01 C4 0B
2026-07-24T17:49:12.082105+00:00 RX 01 03 02 00 00 B8 44
2026-07-24T17:49:12.133458+00:00 TX 01 03 00 00 00 20 44 12
2026-07-24T17:49:12.178467+00:00 RX 01 03 40 00 00 00 00 00 03 00 00 00 03 00 00 00 00 00 00 00 00 00 00 00 00 00 00 00 01 00 00 01 00 05 0A 00 00 00 00 00 00 00 00 00 00 00 00 00 00 00 00 00 00 00 00 00 00 00 00 FF FF 55 79 FF FF 55 79 99 DE
2026-07-24T17:49:12.181468+00:00 TX 01 03 00 20 00 02 C5 C1
2026-07-24T17:49:12.190470+00:00 RX 01 03 04 00 00 06 C3 B9 C2
2026-07-24T17:49:12.192470+00:00 TX 01 03 01 C4 00 01 C4 0B
2026-07-24T17:49:12.198973+00:00 RX 01 03 02 00 00 B8 44
2026-07-24T17:49:12.249336+00:00 TX 01 03 00 00 00 20 44 12
2026-07-24T17:49:12.295377+00:00 RX 01 03 40 00 00 00 00 00 03 00 00 00 03 00 00 00 00 00 00 00 00 00 00 00 00 00 00 00 01 00 00 01 00 05 0A 00 00 00 00 00 00 00 00 00 00 00 00 00 00 00 00 00 00 00 00 00 00 00 00 FF FF 54 8A FF FF 54 8A DD CF
2026-07-24T17:49:12.297378+00:00 TX 01 03 00 20 00 02 C5 C1
2026-07-24T17:49:12.305377+00:00 RX 01 03 04 00 00 06 C4 F8 00
2026-07-24T17:49:12.307377+00:00 TX 01 03 01 C4 00 01 C4 0B
2026-07-24T17:49:12.314379+00:00 RX 01 03 02 00 00 B8 44
2026-07-24T17:49:12.364960+00:00 TX 01 03 00 00 00 20 44 12
2026-07-24T17:49:12.410939+00:00 RX 01 03 40 00 00 00 00 00 03 00 00 00 03 00 00 00 00 00 00 00 00 00 00 00 00 00 00 00 01 00 00 01 00 05 0A 00 00 00 00 00 00 00 00 00 00 00 00 00 00 00 00 00 00 00 00 00 00 00 00 FF FF 55 87 FF FF 55 87 31 8A
2026-07-24T17:49:12.412939+00:00 TX 01 03 00 20 00 02 C5 C1
2026-07-24T17:49:12.420442+00:00 RX 01 03 04 00 00 06 C5 39 C0
2026-07-24T17:49:12.423442+00:00 TX 01 03 01 C4 00 01 C4 0B
2026-07-24T17:49:12.430444+00:00 RX 01 03 02 00 00 B8 44
2026-07-24T17:49:12.480731+00:00 TX 01 03 00 00 00 20 44 12
2026-07-24T17:49:12.525406+00:00 RX 01 03 40 00 00 00 00 00 03 00 00 00 03 00 00 00 00 00 00 00 00 00 00 00 00 00 00 00 01 00 00 01 00 05 0A 00 00 00 00 00 00 00 00 00 00 00 00 00 00 00 00 00 00 00 00 00 00 00 00 FF FF 56 CE FF FF 56 CE 2D 71
2026-07-24T17:49:12.527406+00:00 TX 01 03 00 20 00 02 C5 C1
2026-07-24T17:49:12.535436+00:00 RX 01 03 04 00 00 06 C6 79 C1
2026-07-24T17:49:12.537437+00:00 TX 01 03 01 C4 00 01 C4 0B
2026-07-24T17:49:12.543940+00:00 RX 01 03 02 00 00 B8 44
2026-07-24T17:49:12.594401+00:00 TX 01 03 00 00 00 20 44 12
2026-07-24T17:49:12.638946+00:00 RX 01 03 40 00 00 00 00 00 03 00 00 00 03 00 00 00 00 00 00 00 00 00 00 00 00 00 00 00 01 00 00 01 00 05 0A 00 00 00 00 00 00 00 00 00 00 00 00 00 00 00 00 00 00 00 00 00 00 00 00 FF FF 58 C4 FF FF 58 C4 30 39
2026-07-24T17:49:12.640946+00:00 TX 01 03 00 20 00 02 C5 C1
2026-07-24T17:49:12.648948+00:00 RX 01 03 04 00 00 06 C8 F8 05
2026-07-24T17:49:12.650949+00:00 TX 01 03 01 C4 00 01 C4 0B
2026-07-24T17:49:12.657669+00:00 RX 01 03 02 00 00 B8 44
2026-07-24T17:49:12.708204+00:00 TX 01 03 00 00 00 20 44 12
2026-07-24T17:49:12.753247+00:00 RX 01 03 40 00 00 00 00 00 03 00 00 00 03 00 00 00 00 00 00 00 00 00 00 00 00 00 00 00 01 00 00 01 00 05 0A 00 00 00 00 00 00 00 00 00 00 00 00 00 00 00 00 00 00 00 00 00 00 00 00 FF FF 57 94 FF FF 57 94 F5 06
2026-07-24T17:49:12.756847+00:00 TX 01 03 00 20 00 02 C5 C1
2026-07-24T17:49:12.764849+00:00 RX 01 03 04 00 00 06 C9 39 C5
2026-07-24T17:49:12.766850+00:00 TX 01 03 01 C4 00 01 C4 0B
2026-07-24T17:49:12.772851+00:00 RX 01 03 02 00 00 B8 44
2026-07-24T17:49:12.823373+00:00 TX 01 03 00 00 00 20 44 12
2026-07-24T17:49:12.869384+00:00 RX 01 03 40 00 00 00 00 00 03 00 00 00 03 00 00 00 00 00 00 00 00 00 00 00 00 00 00 00 01 00 00 01 00 05 0A 00 00 00 00 00 00 00 00 00 00 00 00 00 00 00 00 00 00 00 00 00 00 00 00 FF FF 58 24 FF FF 58 24 B0 67
2026-07-24T17:49:12.871384+00:00 TX 01 03 00 20 00 02 C5 C1
2026-07-24T17:49:12.879386+00:00 RX 01 03 04 00 00 06 CA 79 C4
2026-07-24T17:49:12.881387+00:00 TX 01 03 01 C4 00 01 C4 0B
2026-07-24T17:49:12.887389+00:00 RX 01 03 02 00 00 B8 44
2026-07-24T17:49:12.938432+00:00 TX 01 03 00 00 00 20 44 12
2026-07-24T17:49:12.982457+00:00 RX 01 03 40 00 00 00 00 00 03 00 00 00 03 00 00 00 00 00 00 00 00 00 00 00 00 00 00 00 01 00 00 01 00 05 0A 00 00 00 00 00 00 00 00 00 00 00 00 00 00 00 00 00 00 00 00 00 00 00 00 FF FF 57 9C FF FF 57 9C 15 01
2026-07-24T17:49:12.985458+00:00 TX 01 03 00 20 00 02 C5 C1
2026-07-24T17:49:12.993461+00:00 RX 01 03 04 00 00 06 CB B8 04
2026-07-24T17:49:12.995964+00:00 TX 01 03 01 C4 00 01 C4 0B
2026-07-24T17:49:13.002962+00:00 RX 01 03 02 00 00 B8 44
2026-07-24T17:49:13.053475+00:00 TX 01 03 00 00 00 20 44 12
2026-07-24T17:49:13.098002+00:00 RX 01 03 40 00 00 00 00 00 03 00 00 00 03 00 00 00 00 00 00 00 00 00 00 00 00 00 00 00 01 00 00 01 00 05 0A 00 00 00 00 00 00 00 00 00 00 00 00 00 00 00 00 00 00 00 00 00 00 00 00 FF FF 59 52 FF FF 59 52 F8 0B
2026-07-24T17:49:13.101003+00:00 TX 01 03 00 20 00 02 C5 C1
2026-07-24T17:49:13.108714+00:00 RX 01 03 04 00 00 06 CC F9 C6
2026-07-24T17:49:13.112254+00:00 TX 01 03 01 C4 00 01 C4 0B
2026-07-24T17:49:13.119757+00:00 RX 01 03 02 00 00 B8 44
2026-07-24T17:49:13.169857+00:00 TX 01 03 00 00 00 20 44 12
2026-07-24T17:49:13.215363+00:00 RX 01 03 40 00 00 00 00 00 03 00 00 00 03 00 00 00 00 00 00 00 00 00 00 00 00 00 00 00 01 00 00 01 00 05 0A 00 00 00 00 00 00 00 00 00 00 00 00 00 00 00 00 00 00 00 00 00 00 00 00 FF FF 5A 77 FF FF 5A 77 74 D4
2026-07-24T17:49:13.217868+00:00 TX 01 03 00 20 00 02 C5 C1
2026-07-24T17:49:13.225867+00:00 RX 01 03 04 00 00 06 CE 78 07
2026-07-24T17:49:13.227867+00:00 TX 01 03 01 C4 00 01 C4 0B
2026-07-24T17:49:13.234869+00:00 RX 01 03 02 00 00 B8 44
2026-07-24T17:49:13.284880+00:00 TX 01 03 00 00 00 20 44 12
2026-07-24T17:49:13.330386+00:00 RX 01 03 40 00 00 00 00 00 03 00 00 00 03 00 00 00 00 00 00 00 00 00 00 00 00 00 00 00 01 00 00 01 00 05 0A 00 00 00 00 00 00 00 00 00 00 00 00 00 00 00 00 00 00 00 00 00 00 00 00 FF FF 5B 21 FF FF 5B 21 BC A7
2026-07-24T17:49:13.332387+00:00 TX 01 03 00 20 00 02 C5 C1
2026-07-24T17:49:13.340389+00:00 RX 01 03 04 00 00 06 CF B9 C7
2026-07-24T17:49:13.342890+00:00 TX 01 03 01 C4 00 01 C4 0B
2026-07-24T17:49:13.349892+00:00 RX 01 03 02 00 00 B8 44
2026-07-24T17:49:13.400401+00:00 TX 01 03 00 00 00 20 44 12
2026-07-24T17:49:13.444917+00:00 RX 01 03 40 00 00 00 00 00 03 00 00 00 03 00 00 00 00 00 00 00 00 00 00 00 00 00 00 00 01 00 00 01 00 05 0A 00 00 00 00 00 00 00 00 00 00 00 00 00 00 00 00 00 00 00 00 00 00 00 00 FF FF 59 CD FF FF 59 CD 2C 7F
2026-07-24T17:49:13.447917+00:00 TX 01 03 00 20 00 02 C5 C1
2026-07-24T17:49:13.455919+00:00 RX 01 03 04 00 00 06 D0 F8 0F
2026-07-24T17:49:13.457920+00:00 TX 01 03 01 C4 00 01 C4 0B
2026-07-24T17:49:13.463921+00:00 RX 01 03 02 00 00 B8 44
2026-07-24T17:49:13.515013+00:00 TX 01 03 00 00 00 20 44 12
2026-07-24T17:49:13.559803+00:00 RX 01 03 40 00 00 00 00 00 03 00 00 00 03 00 00 00 00 00 00 00 00 00 00 00 00 00 00 00 01 00 00 01 00 05 0A 00 00 00 00 00 00 00 00 00 00 00 00 00 00 00 00 00 00 00 00 00 00 00 00 FF FF 59 B8 FF FF 59 B8 60 53
2026-07-24T17:49:13.561804+00:00 TX 01 03 00 20 00 02 C5 C1
2026-07-24T17:49:13.569806+00:00 RX 01 03 04 00 00 06 D1 39 CF
2026-07-24T17:49:13.571807+00:00 TX 01 03 01 C4 00 01 C4 0B
2026-07-24T17:49:13.577808+00:00 RX 01 03 02 00 00 B8 44
2026-07-24T17:49:13.627816+00:00 TX 01 03 00 00 00 20 44 12
2026-07-24T17:49:13.672825+00:00 RX 01 03 40 00 00 00 00 00 03 00 00 00 03 00 00 00 00 00 00 00 00 00 00 00 00 00 00 00 01 00 00 01 00 05 0A 00 00 00 00 00 00 00 00 00 00 00 00 00 00 00 00 00 00 00 00 00 00 00 00 FF FF 59 B7 FF FF 59 B7 74 56
2026-07-24T17:49:13.674827+00:00 TX 01 03 00 20 00 02 C5 C1
2026-07-24T17:49:13.682827+00:00 RX 01 03 04 00 00 06 D2 79 CE
2026-07-24T17:49:13.684828+00:00 TX 01 03 01 C4 00 01 C4 0B
2026-07-24T17:49:13.691830+00:00 RX 01 03 02 00 00 B8 44
2026-07-24T17:49:13.742367+00:00 TX 01 03 00 00 00 20 44 12
2026-07-24T17:49:13.786592+00:00 RX 01 03 40 00 00 00 00 00 03 00 00 00 03 00 00 00 00 00 00 00 00 00 00 00 00 00 00 00 01 00 00 01 00 05 0A 00 00 00 00 00 00 00 00 00 00 00 00 00 00 00 00 00 00 00 00 00 00 00 00 FF FF 59 C2 FF FF 59 C2 38 7A
2026-07-24T17:49:13.789592+00:00 TX 01 03 00 20 00 02 C5 C1
2026-07-24T17:49:13.797095+00:00 RX 01 03 04 00 00 06 D3 B8 0E
2026-07-24T17:49:13.799096+00:00 TX 01 03 01 C4 00 01 C4 0B
2026-07-24T17:49:13.805094+00:00 RX 01 03 02 00 00 B8 44
2026-07-24T17:49:13.855607+00:00 TX 01 03 00 00 00 20 44 12
2026-07-24T17:49:13.900618+00:00 RX 01 03 40 00 00 00 00 00 03 00 00 00 03 00 00 00 00 00 00 00 00 00 00 00 00 00 00 00 01 00 00 01 00 05 0A 00 00 00 00 00 00 00 00 00 00 00 00 00 00 00 00 00 00 00 00 00 00 00 00 FF FF 5B 18 FF FF 5B 18 E0 B0
2026-07-24T17:49:13.902618+00:00 TX 01 03 00 20 00 02 C5 C1
2026-07-24T17:49:13.910617+00:00 RX 01 03 04 00 00 06 D4 F9 CC
2026-07-24T17:49:13.912617+00:00 TX 01 03 01 C4 00 01 C4 0B
2026-07-24T17:49:13.918619+00:00 RX 01 03 02 00 00 B8 44
2026-07-24T17:49:13.968631+00:00 TX 01 03 00 00 00 20 44 12
2026-07-24T17:49:14.013399+00:00 RX 01 03 40 00 00 00 00 00 03 00 00 00 03 00 00 00 00 00 00 00 00 00 00 00 00 00 00 00 01 00 00 01 00 05 0A 00 00 00 00 00 00 00 00 00 00 00 00 00 00 00 00 00 00 00 00 00 00 00 00 FF FF 5D 13 FF FF 5D 13 07 70
2026-07-24T17:49:14.016400+00:00 TX 01 03 00 20 00 02 C5 C1
2026-07-24T17:49:14.023902+00:00 RX 01 03 04 00 00 06 D6 78 0D
2026-07-24T17:49:14.025903+00:00 TX 01 03 01 C4 00 01 C4 0B
2026-07-24T17:49:14.031905+00:00 RX 01 03 02 00 00 B8 44
2026-07-24T17:49:14.081916+00:00 TX 01 03 00 00 00 20 44 12
2026-07-24T17:49:14.127461+00:00 RX 01 03 40 00 00 00 00 00 03 00 00 00 03 00 00 00 00 00 00 00 00 00 00 00 00 00 00 00 01 00 00 01 00 05 0A 00 00 00 00 00 00 00 00 00 00 00 00 00 00 00 00 00 00 00 00 00 00 00 00 FF FF 59 F8 FF FF 59 F8 60 6C
2026-07-24T17:49:14.130458+00:00 TX 01 03 00 20 00 02 C5 C1
2026-07-24T17:49:14.137461+00:00 RX 01 03 04 00 00 06 D7 B9 CD
2026-07-24T17:49:14.140461+00:00 TX 01 03 01 C4 00 01 C4 0B
2026-07-24T17:49:14.147016+00:00 RX 01 03 02 00 00 B8 44
2026-07-24T17:49:14.197074+00:00 TX 01 03 00 00 00 20 44 12
2026-07-24T17:49:14.241921+00:00 RX 01 03 40 00 00 00 00 00 03 00 00 00 03 00 00 00 00 00 00 00 00 00 00 00 00 00 00 00 01 00 00 01 00 05 0A 00 00 00 00 00 00 00 00 00 00 00 00 00 00 00 00 00 00 00 00 00 00 00 00 FF FF 5A 36 FF FF 5A 36 88 EB
2026-07-24T17:49:14.243922+00:00 TX 01 03 00 20 00 02 C5 C1
2026-07-24T17:49:14.251924+00:00 RX 01 03 04 00 00 06 D8 F9 C9
2026-07-24T17:49:14.254924+00:00 TX 01 03 01 C4 00 01 C4 0B
2026-07-24T17:49:14.260925+00:00 RX 01 03 02 00 00 B8 44
2026-07-24T17:49:14.311935+00:00 TX 01 03 00 00 00 20 44 12
2026-07-24T17:49:14.356946+00:00 RX 01 03 40 00 00 00 00 00 03 00 00 00 03 00 00 00 00 00 00 00 00 00 00 00 00 00 00 00 01 00 00 01 00 05 0A 00 00 00 00 00 00 00 00 00 00 00 00 00 00 00 00 00 00 00 00 00 00 00 00 FF FF 59 2E FF FF 59 2E A8 20
2026-07-24T17:49:14.358946+00:00 TX 01 03 00 20 00 02 C5 C1
2026-07-24T17:49:14.366948+00:00 RX 01 03 04 00 00 06 D9 38 09
2026-07-24T17:49:14.368949+00:00 TX 01 03 01 C4 00 01 C4 0B
2026-07-24T17:49:14.374950+00:00 RX 01 03 02 00 00 B8 44
2026-07-24T17:49:14.425957+00:00 TX 01 03 00 00 00 20 44 12
2026-07-24T17:49:14.469968+00:00 RX 01 03 40 00 00 00 00 00 03 00 00 00 03 00 00 00 00 00 00 00 00 00 00 00 00 00 00 00 01 00 00 01 00 05 0A 00 00 00 00 00 00 00 00 00 00 00 00 00 00 00 00 00 00 00 00 00 00 00 00 FF FF 5B 4F FF FF 5B 4F D4 82
2026-07-24T17:49:14.472968+00:00 TX 01 03 00 20 00 02 C5 C1
2026-07-24T17:49:14.480970+00:00 RX 01 03 04 00 00 06 DA 78 08
2026-07-24T17:49:14.482970+00:00 TX 01 03 01 C4 00 01 C4 0B
2026-07-24T17:49:14.489969+00:00 RX 01 03 02 00 00 B8 44
2026-07-24T17:49:14.540573+00:00 TX 01 03 00 00 00 20 44 12
2026-07-24T17:49:14.585081+00:00 RX 01 03 40 00 00 00 00 00 03 00 00 00 03 00 00 00 00 00 00 00 00 00 00 00 00 00 00 00 01 00 00 01 00 05 0A 00 00 00 00 00 00 00 00 00 00 00 00 00 00 00 00 00 00 00 00 00 00 00 00 FF FF 5C AC FF FF 5C AC 53 5A
2026-07-24T17:49:14.587082+00:00 TX 01 03 00 20 00 02 C5 C1
2026-07-24T17:49:14.595083+00:00 RX 01 03 04 00 00 06 DB B9 C8
2026-07-24T17:49:14.597588+00:00 TX 01 03 01 C4 00 01 C4 0B
2026-07-24T17:49:14.603586+00:00 RX 01 03 02 00 00 B8 44
2026-07-24T17:49:14.654207+00:00 TX 01 03 00 00 00 20 44 12
2026-07-24T17:49:14.699218+00:00 RX 01 03 40 00 00 00 00 00 03 00 00 00 03 00 00 00 00 00 00 00 00 00 00 00 00 00 00 00 01 00 00 01 00 05 0A 00 00 00 00 00 00 00 00 00 00 00 00 00 00 00 00 00 00 00 00 00 00 00 00 FF FF 5D 68 FF FF 5D 68 A3 59
2026-07-24T17:49:14.702218+00:00 TX 01 03 00 20 00 02 C5 C1
2026-07-24T17:49:14.710743+00:00 RX 01 03 04 00 00 06 DD 39 CA
2026-07-24T17:49:14.712743+00:00 TX 01 03 01 C4 00 01 C4 0B
2026-07-24T17:49:14.719745+00:00 RX 01 03 02 00 00 B8 44
2026-07-24T17:49:14.769789+00:00 TX 01 03 00 00 00 20 44 12
2026-07-24T17:49:14.815295+00:00 RX 01 03 40 00 00 00 00 00 03 00 00 00 03 00 00 00 00 00 00 00 00 00 00 00 00 00 00 00 01 00 00 01 00 05 0A 00 00 00 00 00 00 00 00 00 00 00 00 00 00 00 00 00 00 00 00 00 00 00 00 FF FF 5E 87 FF FF 5E 87 37 C1
2026-07-24T17:49:14.817296+00:00 TX 01 03 00 20 00 02 C5 C1
2026-07-24T17:49:14.824799+00:00 RX 01 03 04 00 00 06 DE 79 CB
2026-07-24T17:49:14.826799+00:00 TX 01 03 01 C4 00 01 C4 0B
2026-07-24T17:49:14.832800+00:00 RX 01 03 02 00 00 B8 44
2026-07-24T17:49:14.882812+00:00 TX 01 03 00 00 00 20 44 12
2026-07-24T17:49:14.927321+00:00 RX 01 03 40 00 00 00 00 00 03 00 00 00 03 00 00 00 00 00 00 00 00 00 00 00 00 00 00 00 01 00 00 01 00 05 0A 00 00 00 00 00 00 00 00 00 00 00 00 00 00 00 00 00 00 00 00 00 00 00 00 FF FF 5E C1 FF FF 5E C1 3F FC
2026-07-24T17:49:14.931319+00:00 TX 01 03 00 20 00 02 C5 C1
2026-07-24T17:49:14.939321+00:00 RX 01 03 04 00 00 06 DF B8 0B
2026-07-24T17:49:14.941321+00:00 TX 01 03 01 C4 00 01 C4 0B
2026-07-24T17:49:14.947825+00:00 RX 01 03 02 00 00 B8 44
2026-07-24T17:49:14.998339+00:00 TX 01 03 00 00 00 20 44 12
2026-07-24T17:49:15.042844+00:00 RX 01 03 40 00 00 00 00 00 03 00 00 00 03 00 00 00 00 00 00 00 00 00 00 00 00 00 00 00 01 00 00 01 00 05 0A 00 00 00 00 00 00 00 00 00 00 00 00 00 00 00 00 00 00 00 00 00 00 00 00 FF FF 61 18 FF FF 61 18 F7 4A
2026-07-24T17:49:15.044845+00:00 TX 01 03 00 20 00 02 C5 C1
2026-07-24T17:49:15.052847+00:00 RX 01 03 04 00 00 06 E0 F8 1B
2026-07-24T17:49:15.055847+00:00 TX 01 03 01 C4 00 01 C4 0B
2026-07-24T17:49:15.061848+00:00 RX 01 03 02 00 00 B8 44
2026-07-24T17:49:15.113822+00:00 TX 01 03 00 00 00 20 44 12
2026-07-24T17:49:15.157923+00:00 RX 01 03 40 00 00 00 00 00 03 00 00 00 03 00 00 00 00 00 00 00 00 00 00 00 00 00 00 00 01 00 00 01 00 05 0A 00 00 00 00 00 00 00 00 00 00 00 00 00 00 00 00 00 00 00 00 00 00 00 00 FF FF 5E EB FF FF 5E EB A7 E5
2026-07-24T17:49:15.160924+00:00 TX 01 03 00 20 00 02 C5 C1
2026-07-24T17:49:15.168926+00:00 RX 01 03 04 00 00 06 E1 39 DB
2026-07-24T17:49:15.170926+00:00 TX 01 03 01 C4 00 01 C4 0B
2026-07-24T17:49:15.176927+00:00 RX 01 03 02 00 00 B8 44
2026-07-24T17:49:15.227936+00:00 TX 01 03 00 00 00 20 44 12
2026-07-24T17:49:15.271946+00:00 RX 01 03 40 00 00 00 00 00 03 00 00 00 03 00 00 00 00 00 00 00 00 00 00 00 00 00 00 00 01 00 00 01 00 05 0A 00 00 00 00 00 00 00 00 00 00 00 00 00 00 00 00 00 00 00 00 00 00 00 00 FF FF 5E A4 FF FF 5E A4 B3 DF
2026-07-24T17:49:15.274947+00:00 TX 01 03 00 20 00 02 C5 C1
2026-07-24T17:49:15.282948+00:00 RX 01 03 04 00 00 06 E2 79 DA
2026-07-24T17:49:15.284949+00:00 TX 01 03 01 C4 00 01 C4 0B
2026-07-24T17:49:15.290950+00:00 RX 01 03 02 00 00 B8 44
2026-07-24T17:49:15.342458+00:00 TX 01 03 00 00 00 20 44 12
2026-07-24T17:49:15.388350+00:00 RX 01 03 40 00 00 00 00 00 03 00 00 00 03 00 00 00 00 00 00 00 00 00 00 00 00 00 00 00 01 00 00 01 00 05 0A 00 00 00 00 00 00 00 00 00 00 00 00 00 00 00 00 00 00 00 00 00 00 00 00 FF FF 5E 00 FF FF 5E 00 C3 BD
2026-07-24T17:49:15.390351+00:00 TX 01 03 00 20 00 02 C5 C1
2026-07-24T17:49:15.397352+00:00 RX 01 03 04 00 00 06 E4 F9 D8
2026-07-24T17:49:15.399855+00:00 TX 01 03 01 C4 00 01 C4 0B
2026-07-24T17:49:15.405856+00:00 RX 01 03 02 00 00 B8 44
2026-07-24T17:49:15.457365+00:00 TX 01 03 00 00 00 20 44 12
2026-07-24T17:49:15.502372+00:00 RX 01 03 40 00 00 00 00 00 03 00 00 00 03 00 00 00 00 00 00 00 00 00 00 00 00 00 00 00 01 00 00 01 00 05 0A 00 00 00 00 00 00 00 00 00 00 00 00 00 00 00 00 00 00 00 00 00 00 00 00 FF FF 5C AF FF FF 5C AF 57 5B
2026-07-24T17:49:15.504874+00:00 TX 01 03 00 20 00 02 C5 C1
2026-07-24T17:49:15.512874+00:00 RX 01 03 04 00 00 06 E5 38 18
2026-07-24T17:49:15.514875+00:00 TX 01 03 01 C4 00 01 C4 0B
2026-07-24T17:49:15.521876+00:00 RX 01 03 02 00 00 B8 44
2026-07-24T17:49:15.571884+00:00 TX 01 03 00 00 00 20 44 12
2026-07-24T17:49:15.616427+00:00 RX 01 03 40 00 00 00 00 00 03 00 00 00 03 00 00 00 00 00 00 00 00 00 00 00 00 00 00 00 01 00 00 01 00 05 0A 00 00 00 00 00 00 00 00 00 00 00 00 00 00 00 00 00 00 00 00 00 00 00 00 FF FF 5C 1D FF FF 5C 1D EF 34
2026-07-24T17:49:15.619428+00:00 TX 01 03 00 20 00 02 C5 C1
2026-07-24T17:49:15.626975+00:00 RX 01 03 04 00 00 06 E6 78 19
2026-07-24T17:49:15.629015+00:00 TX 01 03 01 C4 00 01 C4 0B
2026-07-24T17:49:15.635013+00:00 RX 01 03 02 00 00 B8 44
2026-07-24T17:49:15.686025+00:00 TX 01 03 00 00 00 20 44 12
2026-07-24T17:49:15.731079+00:00 RX 01 03 40 00 00 00 00 00 03 00 00 00 03 00 00 00 00 00 00 00 00 00 00 00 00 00 00 00 01 00 00 01 00 05 0A 00 00 00 00 00 00 00 00 00 00 00 00 00 00 00 00 00 00 00 00 00 00 00 00 FF FF 59 D8 FF FF 59 D8 E0 73
2026-07-24T17:49:15.734077+00:00 TX 01 03 00 20 00 02 C5 C1
2026-07-24T17:49:15.742078+00:00 RX 01 03 04 00 00 06 E7 B9 D9
2026-07-24T17:49:15.744079+00:00 TX 01 03 01 C4 00 01 C4 0B
2026-07-24T17:49:15.750583+00:00 RX 01 03 02 00 00 B8 44
2026-07-24T17:49:15.801132+00:00 TX 01 03 00 00 00 20 44 12
2026-07-24T17:49:15.845640+00:00 RX 01 03 40 00 00 00 00 00 03 00 00 00 03 00 00 00 00 00 00 00 00 00 00 00 00 00 00 00 01 00 00 01 00 05 0A 00 00 00 00 00 00 00 00 00 00 00 00 00 00 00 00 00 00 00 00 00 00 00 00 FF FF 5B 4E FF FF 5B 4E 28 82
2026-07-24T17:49:15.849641+00:00 TX 01 03 00 20 00 02 C5 C1
2026-07-24T17:49:15.857643+00:00 RX 01 03 04 00 00 06 E8 F9 DD
2026-07-24T17:49:15.859643+00:00 TX 01 03 01 C4 00 01 C4 0B
2026-07-24T17:49:15.865645+00:00 RX 01 03 02 00 00 B8 44
2026-07-24T17:49:15.916554+00:00 TX 01 03 00 00 00 20 44 12
2026-07-24T17:49:15.961260+00:00 RX 01 03 40 00 00 00 00 00 03 00 00 00 03 00 00 00 00 00 00 00 00 00 00 00 00 00 00 00 01 00 00 01 00 05 0A 00 00 00 00 00 00 00 00 00 00 00 00 00 00 00 00 00 00 00 00 00 00 00 00 FF FF 5C 85 FF FF 5C 85 CF 42
2026-07-24T17:49:15.963261+00:00 TX 01 03 00 20 00 02 C5 C1
2026-07-24T17:49:15.971263+00:00 RX 01 03 04 00 00 06 E9 38 1D
2026-07-24T17:49:15.973263+00:00 TX 01 03 01 C4 00 01 C4 0B
2026-07-24T17:49:15.980265+00:00 RX 01 03 02 00 00 B8 44
2026-07-24T17:49:16.030272+00:00 TX 01 03 00 00 00 20 44 12
2026-07-24T17:49:16.075283+00:00 RX 01 03 40 00 00 00 00 00 03 00 00 00 03 00 00 00 00 00 00 00 00 00 00 00 00 00 00 00 01 00 00 01 00 05 0A 00 00 00 00 00 00 00 00 00 00 00 00 00 00 00 00 00 00 00 00 00 00 00 00 FF FF 5B 70 FF FF 5B 70 80 97
2026-07-24T17:49:16.077283+00:00 TX 01 03 00 20 00 02 C5 C1
2026-07-24T17:49:16.084806+00:00 RX 01 03 04 00 00 06 EB B9 DC
2026-07-24T17:49:16.086806+00:00 TX 01 03 01 C4 00 01 C4 0B
2026-07-24T17:49:16.092807+00:00 RX 01 03 02 00 00 B8 44
2026-07-24T17:49:16.144341+00:00 TX 01 03 00 00 00 20 44 12
2026-07-24T17:49:16.188921+00:00 RX 01 03 40 00 00 00 00 00 03 00 00 00 03 00 00 00 00 00 00 00 00 00 00 00 00 00 00 00 01 00 00 01 00 05 0A 00 00 00 00 00 00 00 00 00 00 00 00 00 00 00 00 00 00 00 00 00 00 00 00 FF FF 5A CA FF FF 5A CA D8 BE
2026-07-24T17:49:16.191922+00:00 TX 01 03 00 20 00 02 C5 C1
2026-07-24T17:49:16.199428+00:00 RX 01 03 04 00 00 06 EC F8 1E
2026-07-24T17:49:16.202425+00:00 TX 01 03 01 C4 00 01 C4 0B
2026-07-24T17:49:16.209427+00:00 RX 01 03 02 00 00 B8 44
2026-07-24T17:49:16.260040+00:00 TX 01 03 00 00 00 20 44 12
2026-07-24T17:49:16.305050+00:00 RX 01 03 40 00 00 00 00 00 03 00 00 00 03 00 00 00 00 00 00 00 00 00 00 00 00 00 00 00 01 00 00 01 00 05 0A 00 00 00 00 00 00 00 00 00 00 00 00 00 00 00 00 00 00 00 00 00 00 00 00 FF FF 59 81 FF FF 59 81 3C 44
2026-07-24T17:49:16.309052+00:00 TX 01 03 00 20 00 02 C5 C1
2026-07-24T17:49:16.317051+00:00 RX 01 03 04 00 00 06 ED 39 DE
2026-07-24T17:49:16.319051+00:00 TX 01 03 01 C4 00 01 C4 0B
2026-07-24T17:49:16.325053+00:00 RX 01 03 02 00 00 B8 44
2026-07-24T17:49:16.375064+00:00 TX 01 03 00 00 00 20 44 12
2026-07-24T17:49:16.419570+00:00 RX 01 03 40 00 00 00 00 00 03 00 00 00 03 00 00 00 00 00 00 00 00 00 00 00 00 00 00 00 01 00 00 01 00 05 0A 00 00 00 00 00 00 00 00 00 00 00 00 00 00 00 00 00 00 00 00 00 00 00 00 FF FF 59 FB FF FF 59 FB 64 6D
2026-07-24T17:49:16.421571+00:00 TX 01 03 00 20 00 02 C5 C1
2026-07-24T17:49:16.430073+00:00 RX 01 03 04 00 00 06 EE 79 DF
2026-07-24T17:49:16.432074+00:00 TX 01 03 01 C4 00 01 C4 0B
2026-07-24T17:49:16.439075+00:00 RX 01 03 02 00 00 B8 44
2026-07-24T17:49:16.489084+00:00 TX 01 03 00 00 00 20 44 12
2026-07-24T17:49:16.534862+00:00 RX 01 03 40 00 00 00 00 00 03 00 00 00 03 00 00 00 00 00 00 00 00 00 00 00 00 00 00 00 01 00 00 01 00 05 0A 00 00 00 00 00 00 00 00 00 00 00 00 00 00 00 00 00 00 00 00 00 00 00 00 FF FF 5A 4D FF FF 5A 4D 2C C2
2026-07-24T17:49:16.536862+00:00 TX 01 03 00 20 00 02 C5 C1
2026-07-24T17:49:16.544864+00:00 RX 01 03 04 00 00 06 EF B8 1F
2026-07-24T17:49:16.546865+00:00 TX 01 03 01 C4 00 01 C4 0B
2026-07-24T17:49:16.553368+00:00 RX 01 03 02 00 00 B8 44
2026-07-24T17:49:16.603877+00:00 TX 01 03 00 00 00 20 44 12
2026-07-24T17:49:16.648213+00:00 RX 01 03 40 00 00 00 00 00 03 00 00 00 03 00 00 00 00 00 00 00 00 00 00 00 00 00 00 00 01 00 00 01 00 05 0A 00 00 00 00 00 00 00 00 00 00 00 00 00 00 00 00 00 00 00 00 00 00 00 00 FF FF 59 48 FF FF 59 48 20 02
2026-07-24T17:49:16.650213+00:00 TX 01 03 00 20 00 02 C5 C1
2026-07-24T17:49:16.658215+00:00 RX 01 03 04 00 00 06 F0 F9 D7
2026-07-24T17:49:16.660216+00:00 TX 01 03 01 C4 00 01 C4 0B
2026-07-24T17:49:16.667217+00:00 RX 01 03 02 00 00 B8 44
2026-07-24T17:49:16.717771+00:00 TX 01 03 00 00 00 20 44 12
2026-07-24T17:49:16.761826+00:00 RX 01 03 40 00 00 00 00 00 03 00 00 00 03 00 00 00 00 00 00 00 00 00 00 00 00 00 00 00 01 00 00 01 00 05 0A 00 00 00 00 00 00 00 00 00 00 00 00 00 00 00 00 00 00 00 00 00 00 00 00 FF FF 57 D9 FF FF 57 D9 19 3D
2026-07-24T17:49:16.764827+00:00 TX 01 03 00 20 00 02 C5 C1
2026-07-24T17:49:16.772829+00:00 RX 01 03 04 00 00 06 F2 78 16
2026-07-24T17:49:16.774830+00:00 TX 01 03 01 C4 00 01 C4 0B
2026-07-24T17:49:16.780831+00:00 RX 01 03 02 00 00 B8 44
2026-07-24T17:49:16.831839+00:00 TX 01 03 00 00 00 20 44 12
2026-07-24T17:49:16.876849+00:00 RX 01 03 40 00 00 00 00 00 03 00 00 00 03 00 00 00 00 00 00 00 00 00 00 00 00 00 00 00 01 00 00 01 00 05 0A 00 00 00 00 00 00 00 00 00 00 00 00 00 00 00 00 00 00 00 00 00 00 00 00 FF FF 59 5B FF FF 59 5B E4 0C
2026-07-24T17:49:16.878850+00:00 TX 01 03 00 20 00 02 C5 C1
2026-07-24T17:49:16.886851+00:00 RX 01 03 04 00 00 06 F3 B9 D6
2026-07-24T17:49:16.888852+00:00 TX 01 03 01 C4 00 01 C4 0B
2026-07-24T17:49:16.894853+00:00 RX 01 03 02 00 00 B8 44
2026-07-24T17:49:16.944869+00:00 TX 01 03 00 00 00 20 44 12
2026-07-24T17:49:16.990378+00:00 RX 01 03 40 00 00 00 00 00 03 00 00 00 03 00 00 00 00 00 00 00 00 00 00 00 00 00 00 00 01 00 00 01 00 05 0A 00 00 00 00 00 00 00 00 00 00 00 00 00 00 00 00 00 00 00 00 00 00 00 00 FF FF 5A 81 FF FF 5A 81 3C 87
2026-07-24T17:49:16.992378+00:00 TX 01 03 00 20 00 02 C5 C1
2026-07-24T17:49:17.000380+00:00 RX 01 03 04 00 00 06 F4 F8 14
2026-07-24T17:49:17.002882+00:00 TX 01 03 01 C4 00 01 C4 0B
2026-07-24T17:49:17.009883+00:00 RX 01 03 02 00 00 B8 44
2026-07-24T17:49:17.059890+00:00 TX 01 03 00 00 00 20 44 12
2026-07-24T17:49:17.104432+00:00 RX 01 03 40 00 00 00 00 00 03 00 00 00 03 00 00 00 00 00 00 00 00 00 00 00 00 00 00 00 01 00 00 01 00 05 0A 00 00 00 00 00 00 00 00 00 00 00 00 00 00 00 00 00 00 00 00 00 00 00 00 FF FF 56 A6 FF FF 56 A6 4D 56
2026-07-24T17:49:17.107432+00:00 TX 01 03 00 20 00 02 C5 C1
2026-07-24T17:49:17.115431+00:00 RX 01 03 04 00 00 06 F5 39 D4
2026-07-24T17:49:17.117431+00:00 TX 01 03 01 C4 00 01 C4 0B
2026-07-24T17:49:17.123973+00:00 RX 01 03 02 00 00 B8 44
2026-07-24T17:49:17.174232+00:00 TX 01 03 00 00 00 20 44 12
2026-07-24T17:49:17.218737+00:00 RX 01 03 40 00 00 00 00 00 03 00 00 00 03 00 00 00 00 00 00 00 00 00 00 00 00 00 00 00 01 00 00 01 00 05 0A 00 00 00 00 00 00 00 00 00 00 00 00 00 00 00 00 00 00 00 00 00 00 00 00 FF FF 55 A3 FF FF 55 A3 41 96
2026-07-24T17:49:17.220737+00:00 TX 01 03 00 20 00 02 C5 C1
2026-07-24T17:49:17.228739+00:00 RX 01 03 04 00 00 06 F6 79 D5
2026-07-24T17:49:17.231241+00:00 TX 01 03 01 C4 00 01 C4 0B
2026-07-24T17:49:17.237242+00:00 RX 01 03 02 00 00 B8 44
2026-07-24T17:49:17.287924+00:00 TX 01 03 00 00 00 20 44 12
2026-07-24T17:49:17.332433+00:00 RX 01 03 40 00 00 00 00 00 03 00 00 00 03 00 00 00 00 00 00 00 00 00 00 00 00 00 00 00 01 00 00 01 00 05 0A 00 00 00 00 00 00 00 00 00 00 00 00 00 00 00 00 00 00 00 00 00 00 00 00 FF FF 57 F4 FF FF 57 F4 75 26
2026-07-24T17:49:17.336431+00:00 TX 01 03 00 20 00 02 C5 C1
2026-07-24T17:49:17.343433+00:00 RX 01 03 04 00 00 06 F7 B8 15
2026-07-24T17:49:17.346434+00:00 TX 01 03 01 C4 00 01 C4 0B
2026-07-24T17:49:17.352937+00:00 RX 01 03 02 00 00 B8 44
2026-07-24T17:49:17.403445+00:00 TX 01 03 00 00 00 20 44 12
2026-07-24T17:49:17.447955+00:00 RX 01 03 40 00 00 00 00 00 03 00 00 00 03 00 00 00 00 00 00 00 00 00 00 00 00 00 00 00 01 00 00 01 00 05 0A 00 00 00 00 00 00 00 00 00 00 00 00 00 00 00 00 00 00 00 00 00 00 00 00 FF FF 59 13 FF FF 59 13 04 34
2026-07-24T17:49:17.449956+00:00 TX 01 03 00 20 00 02 C5 C1
2026-07-24T17:49:17.457957+00:00 RX 01 03 04 00 00 06 F9 39 D1
2026-07-24T17:49:17.459958+00:00 TX 01 03 01 C4 00 01 C4 0B
2026-07-24T17:49:17.465959+00:00 RX 01 03 02 00 00 B8 44
2026-07-24T17:49:17.516006+00:00 TX 01 03 00 00 00 20 44 12
2026-07-24T17:49:17.561018+00:00 RX 01 03 40 00 00 00 00 00 03 00 00 00 03 00 00 00 00 00 00 00 00 00 00 00 00 00 00 00 01 00 00 01 00 05 0A 00 00 00 00 00 00 00 00 00 00 00 00 00 00 00 00 00 00 00 00 00 00 00 00 FF FF 59 21 FF FF 59 21 BC 25
2026-07-24T17:49:17.563021+00:00 TX 01 03 00 20 00 02 C5 C1
2026-07-24T17:49:17.571022+00:00 RX 01 03 04 00 00 06 FA 79 D0
2026-07-24T17:49:17.573023+00:00 TX 01 03 01 C4 00 01 C4 0B
2026-07-24T17:49:17.579527+00:00 RX 01 03 02 00 00 B8 44
2026-07-24T17:49:17.630073+00:00 TX 01 03 00 00 00 20 44 12
2026-07-24T17:49:17.675586+00:00 RX 01 03 40 00 00 00 00 00 03 00 00 00 03 00 00 00 00 00 00 00 00 00 00 00 00 00 00 00 01 00 00 01 00 05 0A 00 00 00 00 00 00 00 00 00 00 00 00 00 00 00 00 00 00 00 00 00 00 00 00 FF FF 57 45 FF FF 57 45 C9 48
2026-07-24T17:49:17.677587+00:00 TX 01 03 00 20 00 02 C5 C1
2026-07-24T17:49:17.685588+00:00 RX 01 03 04 00 00 06 FB B8 10
2026-07-24T17:49:17.687589+00:00 TX 01 03 01 C4 00 01 C4 0B
2026-07-24T17:49:17.693590+00:00 RX 01 03 02 00 00 B8 44
2026-07-24T17:49:17.743641+00:00 TX 01 03 00 00 00 20 44 12
2026-07-24T17:49:17.788182+00:00 RX 01 03 40 00 00 00 00 00 03 00 00 00 03 00 00 00 00 00 00 00 00 00 00 00 00 00 00 00 01 00 00 01 00 05 0A 00 00 00 00 00 00 00 00 00 00 00 00 00 00 00 00 00 00 00 00 00 00 00 00 FF FF 57 C4 FF FF 57 C4 35 36
2026-07-24T17:49:17.790183+00:00 TX 01 03 00 20 00 02 C5 C1
2026-07-24T17:49:17.798184+00:00 RX 01 03 04 00 00 06 FC F9 D2
2026-07-24T17:49:17.800185+00:00 TX 01 03 01 C4 00 01 C4 0B
2026-07-24T17:49:17.806687+00:00 RX 01 03 02 00 00 B8 44
2026-07-24T17:49:17.857197+00:00 TX 01 03 00 00 00 20 44 12
2026-07-24T17:49:17.901890+00:00 RX 01 03 40 00 00 00 00 00 03 00 00 00 03 00 00 00 00 00 00 00 00 00 00 00 00 00 00 00 01 00 00 01 00 05 0A 00 00 00 00 00 00 00 00 00 00 00 00 00 00 00 00 00 00 00 00 00 00 00 00 FF FF 57 26 FF FF 57 26 4D 69
2026-07-24T17:49:17.903891+00:00 TX 01 03 00 20 00 02 C5 C1
2026-07-24T17:49:17.911893+00:00 RX 01 03 04 00 00 06 FD 38 12
2026-07-24T17:49:17.914893+00:00 TX 01 03 01 C4 00 01 C4 0B
2026-07-24T17:49:17.920891+00:00 RX 01 03 02 00 00 B8 44
2026-07-24T17:49:17.970904+00:00 TX 01 03 00 00 00 20 44 12
2026-07-24T17:49:18.015412+00:00 RX 01 03 40 00 00 00 00 00 03 00 00 00 03 00 00 00 00 00 00 00 00 00 00 00 00 00 00 00 01 00 00 01 00 05 0A 00 00 00 00 00 00 00 00 00 00 00 00 00 00 00 00 00 00 00 00 00 00 00 00 FF FF 58 4B FF FF 58 4B 24 42
2026-07-24T17:49:18.017412+00:00 TX 01 03 00 20 00 02 C5 C1
2026-07-24T17:49:18.024410+00:00 RX 01 03 04 00 00 06 FE 78 13
2026-07-24T17:49:18.026411+00:00 TX 01 03 01 C4 00 01 C4 0B
2026-07-24T17:49:18.032917+00:00 RX 01 03 02 00 00 B8 44
2026-07-24T17:49:18.083152+00:00 TX 01 03 00 00 00 20 44 12
2026-07-24T17:49:18.128152+00:00 RX 01 03 40 00 00 00 00 00 03 00 00 00 03 00 00 00 00 00 00 00 00 00 00 00 00 00 00 00 01 00 00 01 00 05 0A 00 00 00 00 00 00 00 00 00 00 00 00 00 00 00 00 00 00 00 00 00 00 00 00 FF FF 5A 4E FF FF 5A 4E 28 C3
2026-07-24T17:49:18.130152+00:00 TX 01 03 00 20 00 02 C5 C1
2026-07-24T17:49:18.137652+00:00 RX 01 03 04 00 00 07 00 F8 03
2026-07-24T17:49:18.139652+00:00 TX 01 03 01 C4 00 01 C4 0B
2026-07-24T17:49:18.145283+00:00 RX 01 03 02 00 00 B8 44
2026-07-24T17:49:18.196797+00:00 TX 01 03 00 00 00 20 44 12
2026-07-24T17:49:18.241808+00:00 RX 01 03 40 00 00 00 00 00 03 00 00 00 03 00 00 00 00 00 00 00 00 00 00 00 00 00 00 00 01 00 00 01 00 05 0A 00 00 00 00 00 00 00 00 00 00 00 00 00 00 00 00 00 00 00 00 00 00 00 00 FF FF 59 73 FF FF 59 73 84 14
2026-07-24T17:49:18.243808+00:00 TX 01 03 00 20 00 02 C5 C1
2026-07-24T17:49:18.251810+00:00 RX 01 03 04 00 00 07 01 39 C3
2026-07-24T17:49:18.253810+00:00 TX 01 03 01 C4 00 01 C4 0B
2026-07-24T17:49:18.259812+00:00 RX 01 03 02 00 00 B8 44
2026-07-24T17:49:18.310331+00:00 TX 01 03 00 00 00 20 44 12
2026-07-24T17:49:18.354338+00:00 RX 01 03 40 00 00 00 00 00 03 00 00 00 03 00 00 00 00 00 00 00 00 00 00 00 00 00 00 00 01 00 00 01 00 05 0A 00 00 00 00 00 00 00 00 00 00 00 00 00 00 00 00 00 00 00 00 00 00 00 00 FF FF 59 97 FF FF 59 97 F4 49
2026-07-24T17:49:18.357339+00:00 TX 01 03 00 20 00 02 C5 C1
2026-07-24T17:49:18.364340+00:00 RX 01 03 04 00 00 07 02 79 C2
2026-07-24T17:49:18.367341+00:00 TX 01 03 01 C4 00 01 C4 0B
2026-07-24T17:49:18.373342+00:00 RX 01 03 02 00 00 B8 44
2026-07-24T17:49:18.424849+00:00 TX 01 03 00 00 00 20 44 12
2026-07-24T17:49:18.469360+00:00 RX 01 03 40 00 00 00 00 00 03 00 00 00 03 00 00 00 00 00 00 00 00 00 00 00 00 00 00 00 01 00 00 01 00 05 0A 00 00 00 00 00 00 00 00 00 00 00 00 00 00 00 00 00 00 00 00 00 00 00 00 FF FF 5A FF FF FF 5A FF 94 AD
2026-07-24T17:49:18.471361+00:00 TX 01 03 00 20 00 02 C5 C1
2026-07-24T17:49:18.479362+00:00 RX 01 03 04 00 00 07 03 B8 02
2026-07-24T17:49:18.481363+00:00 TX 01 03 01 C4 00 01 C4 0B
2026-07-24T17:49:18.487364+00:00 RX 01 03 02 00 00 B8 44
2026-07-24T17:49:18.537898+00:00 TX 01 03 00 00 00 20 44 12
2026-07-24T17:49:18.583102+00:00 RX 01 03 40 00 00 00 00 00 03 00 00 00 03 00 00 00 00 00 00 00 00 00 00 00 00 00 00 00 01 00 00 01 00 05 0A 00 00 00 00 00 00 00 00 00 00 00 00 00 00 00 00 00 00 00 00 00 00 00 00 FF FF 5A D3 FF FF 5A D3 04 B6
2026-07-24T17:49:18.585102+00:00 TX 01 03 00 20 00 02 C5 C1
2026-07-24T17:49:18.593102+00:00 RX 01 03 04 00 00 07 04 F9 C0
2026-07-24T17:49:18.596102+00:00 TX 01 03 01 C4 00 01 C4 0B
2026-07-24T17:49:18.602608+00:00 RX 01 03 02 00 00 B8 44
2026-07-24T17:49:18.652629+00:00 TX 01 03 00 00 00 20 44 12
2026-07-24T17:49:18.697639+00:00 RX 01 03 40 00 00 00 00 00 03 00 00 00 03 00 00 00 00 00 00 00 00 00 00 00 00 00 00 00 01 00 00 01 00 05 0A 00 00 00 00 00 00 00 00 00 00 00 00 00 00 00 00 00 00 00 00 00 00 00 00 FF FF 5B 29 FF FF 5B 29 5C A0
2026-07-24T17:49:18.699640+00:00 TX 01 03 00 20 00 02 C5 C1
2026-07-24T17:49:18.707164+00:00 RX 01 03 04 00 00 07 05 38 00
2026-07-24T17:49:18.709168+00:00 TX 01 03 01 C4 00 01 C4 0B
2026-07-24T17:49:18.716169+00:00 RX 01 03 02 00 00 B8 44
2026-07-24T17:49:18.766304+00:00 TX 01 03 00 00 00 20 44 12
2026-07-24T17:49:18.810814+00:00 RX 01 03 40 00 00 00 00 00 03 00 00 00 03 00 00 00 00 00 00 00 00 00 00 00 00 00 00 00 01 00 00 01 00 05 0A 00 00 00 00 00 00 00 00 00 00 00 00 00 00 00 00 00 00 00 00 00 00 00 00 FF FF 59 B6 FF FF 59 B6 88 56
2026-07-24T17:49:18.812814+00:00 TX 01 03 00 20 00 02 C5 C1
2026-07-24T17:49:18.820812+00:00 RX 01 03 04 00 00 07 06 78 01
2026-07-24T17:49:18.822813+00:00 TX 01 03 01 C4 00 01 C4 0B
2026-07-24T17:49:18.829814+00:00 RX 01 03 02 00 00 B8 44
2026-07-24T17:49:18.880328+00:00 TX 01 03 00 00 00 20 44 12
2026-07-24T17:49:18.925346+00:00 RX 01 03 40 00 00 00 00 00 03 00 00 00 03 00 00 00 00 00 00 00 00 00 00 00 00 00 00 00 01 00 00 01 00 05 0A 00 00 00 00 00 00 00 00 00 00 00 00 00 00 00 00 00 00 00 00 00 00 00 00 FF FF 58 9C FF FF 58 9C 10 0E
2026-07-24T17:49:18.927346+00:00 TX 01 03 00 20 00 02 C5 C1
2026-07-24T17:49:18.934348+00:00 RX 01 03 04 00 00 07 08 F9 C5
2026-07-24T17:49:18.936850+00:00 TX 01 03 01 C4 00 01 C4 0B
2026-07-24T17:49:18.942848+00:00 RX 01 03 02 00 00 B8 44
2026-07-24T17:49:18.994358+00:00 TX 01 03 00 00 00 20 44 12
2026-07-24T17:49:19.039370+00:00 RX 01 03 40 00 00 00 00 00 03 00 00 00 03 00 00 00 00 00 00 00 00 00 00 00 00 00 00 00 01 00 00 01 00 05 0A 00 00 00 00 00 00 00 00 00 00 00 00 00 00 00 00 00 00 00 00 00 00 00 00 FF FF 5A 6E FF FF 5A 6E A8 DC
2026-07-24T17:49:19.041371+00:00 TX 01 03 00 20 00 02 C5 C1
2026-07-24T17:49:19.049373+00:00 RX 01 03 04 00 00 07 09 38 05
2026-07-24T17:49:19.052373+00:00 TX 01 03 01 C4 00 01 C4 0B
2026-07-24T17:49:19.059374+00:00 RX 01 03 02 00 00 B8 44
2026-07-24T17:49:19.109917+00:00 TX 01 03 00 00 00 20 44 12
2026-07-24T17:49:19.153988+00:00 RX 01 03 40 00 00 00 00 00 03 00 00 00 03 00 00 00 00 00 00 00 00 00 00 00 00 00 00 00 01 00 00 01 00 05 0A 00 00 00 00 00 00 00 00 00 00 00 00 00 00 00 00 00 00 00 00 00 00 00 00 FF FF 5E 3A FF FF 5E 3A 9B AB
2026-07-24T17:49:19.155989+00:00 TX 01 03 00 20 00 02 C5 C1
2026-07-24T17:49:19.163991+00:00 RX 01 03 04 00 00 07 0A 78 04
2026-07-24T17:49:19.166528+00:00 TX 01 03 01 C4 00 01 C4 0B
2026-07-24T17:49:19.172529+00:00 RX 01 03 02 00 00 B8 44
2026-07-24T17:49:19.223037+00:00 TX 01 03 00 00 00 20 44 12
2026-07-24T17:49:19.268244+00:00 RX 01 03 40 00 00 00 00 00 03 00 00 00 03 00 00 00 00 00 00 00 00 00 00 00 00 00 00 00 01 00 00 01 00 05 0A 00 00 00 00 00 00 00 00 00 00 00 00 00 00 00 00 00 00 00 00 00 00 00 00 FF FF 5E 64 FF FF 5E 64 B3 9E
2026-07-24T17:49:19.271245+00:00 TX 01 03 00 20 00 02 C5 C1
2026-07-24T17:49:19.279246+00:00 RX 01 03 04 00 00 07 0B B9 C4
2026-07-24T17:49:19.281246+00:00 TX 01 03 01 C4 00 01 C4 0B
2026-07-24T17:49:19.287248+00:00 RX 01 03 02 00 00 B8 44
2026-07-24T17:49:19.337761+00:00 TX 01 03 00 00 00 20 44 12
2026-07-24T17:49:19.382306+00:00 RX 01 03 40 00 00 00 00 00 03 00 00 00 03 00 00 00 00 00 00 00 00 00 00 00 00 00 00 00 01 00 00 01 00 05 0A 00 00 00 00 00 00 00 00 00 00 00 00 00 00 00 00 00 00 00 00 00 00 00 00 FF FF 5F 54 FF FF 5F 54 F3 CF
2026-07-24T17:49:19.384306+00:00 TX 01 03 00 20 00 02 C5 C1
2026-07-24T17:49:19.393306+00:00 RX 01 03 04 00 00 07 0C F8 06
2026-07-24T17:49:19.395306+00:00 TX 01 03 01 C4 00 01 C4 0B
2026-07-24T17:49:19.401307+00:00 RX 01 03 02 00 00 B8 44
2026-07-24T17:49:19.451343+00:00 TX 01 03 00 00 00 20 44 12
2026-07-24T17:49:19.495351+00:00 RX 01 03 40 00 00 00 00 00 03 00 00 00 03 00 00 00 00 00 00 00 00 00 00 00 00 00 00 00 01 00 00 01 00 05 0A 00 00 00 00 00 00 00 00 00 00 00 00 00 00 00 00 00 00 00 00 00 00 00 00 FF FF 5E 9E FF FF 5E 9E EB C9
2026-07-24T17:49:19.499352+00:00 TX 01 03 00 20 00 02 C5 C1
2026-07-24T17:49:19.506855+00:00 RX 01 03 04 00 00 07 0D 39 C6
2026-07-24T17:49:19.508856+00:00 TX 01 03 01 C4 00 01 C4 0B
2026-07-24T17:49:19.514856+00:00 RX 01 03 02 00 00 B8 44
2026-07-24T17:49:19.564907+00:00 TX 01 03 00 00 00 20 44 12
2026-07-24T17:49:19.610415+00:00 RX 01 03 40 00 00 00 00 00 03 00 00 00 03 00 00 00 00 00 00 00 00 00 00 00 00 00 00 00 01 00 00 01 00 05 0A 00 00 00 00 00 00 00 00 00 00 00 00 00 00 00 00 00 00 00 00 00 00 00 00 FF FF 5E 3A FF FF 5E 3A 9B AB
2026-07-24T17:49:19.612416+00:00 TX 01 03 00 20 00 02 C5 C1
2026-07-24T17:49:19.620414+00:00 RX 01 03 04 00 00 07 0F B8 07
2026-07-24T17:49:19.622415+00:00 TX 01 03 01 C4 00 01 C4 0B
2026-07-24T17:49:19.628980+00:00 RX 01 03 02 00 00 B8 44
2026-07-24T17:49:19.679543+00:00 TX 01 03 00 00 00 20 44 12
2026-07-24T17:49:19.725066+00:00 RX 01 03 40 00 00 00 00 00 03 00 00 00 03 00 00 00 00 00 00 00 00 00 00 00 00 00 00 00 01 00 00 01 00 05 0A 00 00 00 00 00 00 00 00 00 00 00 00 00 00 00 00 00 00 00 00 00 00 00 00 FF FF 5D 8C FF FF 5D 8C D3 04
2026-07-24T17:49:19.727066+00:00 TX 01 03 00 20 00 02 C5 C1
2026-07-24T17:49:19.735068+00:00 RX 01 03 04 00 00 07 10 F9 CF
2026-07-24T17:49:19.737069+00:00 TX 01 03 01 C4 00 01 C4 0B
2026-07-24T17:49:19.743598+00:00 RX 01 03 02 00 00 B8 44
2026-07-24T17:49:19.793609+00:00 TX 01 03 00 00 00 20 44 12
2026-07-24T17:49:19.838623+00:00 RX 01 03 40 00 00 00 00 00 03 00 00 00 03 00 00 00 00 00 00 00 00 00 00 00 00 00 00 00 01 00 00 01 00 05 0A 00 00 00 00 00 00 00 00 00 00 00 00 00 00 00 00 00 00 00 00 00 00 00 00 FF FF 5E 33 FF FF 5E 33 87 AC
2026-07-24T17:49:19.841620+00:00 TX 01 03 00 20 00 02 C5 C1
2026-07-24T17:49:19.849621+00:00 RX 01 03 04 00 00 07 11 38 0F
2026-07-24T17:49:19.851622+00:00 TX 01 03 01 C4 00 01 C4 0B
2026-07-24T17:49:19.857623+00:00 RX 01 03 02 00 00 B8 44
2026-07-24T17:49:19.907635+00:00 TX 01 03 00 00 00 20 44 12
2026-07-24T17:49:19.952173+00:00 RX 01 03 40 00 00 00 00 00 03 00 00 00 03 00 00 00 00 00 00 00 00 00 00 00 00 00 00 00 01 00 00 01 00 05 0A 00 00 00 00 00 00 00 00 00 00 00 00 00 00 00 00 00 00 00 00 00 00 00 00 FF FF 5F 4B FF FF 5F 4B 27 C5
2026-07-24T17:49:19.954678+00:00 TX 01 03 00 20 00 02 C5 C1
2026-07-24T17:49:19.962677+00:00 RX 01 03 04 00 00 07 12 78 0E
2026-07-24T17:49:19.964677+00:00 TX 01 03 01 C4 00 01 C4 0B
2026-07-24T17:49:19.971679+00:00 RX 01 03 02 00 00 B8 44
2026-07-24T17:49:20.022191+00:00 TX 01 03 00 00 00 20 44 12
2026-07-24T17:49:20.066699+00:00 RX 01 03 40 00 00 00 00 00 03 00 00 00 03 00 00 00 00 00 00 00 00 00 00 00 00 00 00 00 01 00 00 01 00 05 0A 00 00 00 00 00 00 00 00 00 00 00 00 00 00 00 00 00 00 00 00 00 00 00 00 FF FF 60 0F FF FF 60 0F C3 06
2026-07-24T17:49:20.068699+00:00 TX 01 03 00 20 00 02 C5 C1
2026-07-24T17:49:20.076701+00:00 RX 01 03 04 00 00 07 13 B9 CE
2026-07-24T17:49:20.078701+00:00 TX 01 03 01 C4 00 01 C4 0B
2026-07-24T17:49:20.084703+00:00 RX 01 03 02 00 00 B8 44
2026-07-24T17:49:20.135232+00:00 TX 01 03 00 00 00 20 44 12
2026-07-24T17:49:20.179840+00:00 RX 01 03 40 00 00 00 00 00 03 00 00 00 03 00 00 00 00 00 00 00 00 00 00 00 00 00 00 00 01 00 00 01 00 05 0A 00 00 00 00 00 00 00 00 00 00 00 00 00 00 00 00 00 00 00 00 00 00 00 00 FF FF 60 57 FF FF 60 57 E3 31
2026-07-24T17:49:20.182841+00:00 TX 01 03 00 20 00 02 C5 C1
2026-07-24T17:49:20.190840+00:00 RX 01 03 04 00 00 07 14 F8 0C
2026-07-24T17:49:20.192840+00:00 TX 01 03 01 C4 00 01 C4 0B
2026-07-24T17:49:20.199842+00:00 RX 01 03 02 00 00 B8 44
2026-07-24T17:49:20.249854+00:00 TX 01 03 00 00 00 20 44 12
2026-07-24T17:49:20.293864+00:00 RX 01 03 40 00 00 00 00 00 03 00 00 00 03 00 00 00 00 00 00 00 00 00 00 00 00 00 00 00 01 00 00 01 00 05 0A 00 00 00 00 00 00 00 00 00 00 00 00 00 00 00 00 00 00 00 00 00 00 00 00 FF FF 5F 91 FF FF 5F 91 FF 8D
2026-07-24T17:49:20.296865+00:00 TX 01 03 00 20 00 02 C5 C1
2026-07-24T17:49:20.303866+00:00 RX 01 03 04 00 00 07 16 79 CD
2026-07-24T17:49:20.305866+00:00 TX 01 03 01 C4 00 01 C4 0B
2026-07-24T17:49:20.311868+00:00 RX 01 03 02 00 00 B8 44
2026-07-24T17:49:20.361923+00:00 TX 01 03 00 00 00 20 44 12
2026-07-24T17:49:20.406430+00:00 RX 01 03 40 00 00 00 00 00 03 00 00 00 03 00 00 00 00 00 00 00 00 00 00 00 00 00 00 00 01 00 00 01 00 05 0A 00 00 00 00 00 00 00 00 00 00 00 00 00 00 00 00 00 00 00 00 00 00 00 00 FF FF 5D C1 FF FF 5D C1 3F 3F
2026-07-24T17:49:20.408431+00:00 TX 01 03 00 20 00 02 C5 C1
2026-07-24T17:49:20.415432+00:00 RX 01 03 04 00 00 07 17 B8 0D
2026-07-24T17:49:20.417433+00:00 TX 01 03 01 C4 00 01 C4 0B
2026-07-24T17:49:20.423434+00:00 RX 01 03 02 00 00 B8 44
2026-07-24T17:49:20.473944+00:00 TX 01 03 00 00 00 20 44 12
2026-07-24T17:49:20.518990+00:00 RX 01 03 40 00 00 00 00 00 03 00 00 00 03 00 00 00 00 00 00 00 00 00 00 00 00 00 00 00 01 00 00 01 00 05 0A 00 00 00 00 00 00 00 00 00 00 00 00 00 00 00 00 00 00 00 00 00 00 00 00 FF FF 5D B7 FF FF 5D B7 77 12
2026-07-24T17:49:20.520990+00:00 TX 01 03 00 20 00 02 C5 C1
2026-07-24T17:49:20.529992+00:00 RX 01 03 04 00 00 07 18 F8 09
2026-07-24T17:49:20.532501+00:00 TX 01 03 01 C4 00 01 C4 0B
2026-07-24T17:49:20.538503+00:00 RX 01 03 02 00 00 B8 44
2026-07-24T17:49:20.588551+00:00 TX 01 03 00 00 00 20 44 12
2026-07-24T17:49:20.633110+00:00 RX 01 03 40 00 00 00 00 00 03 00 00 00 03 00 00 00 00 00 00 00 00 00 00 00 00 00 00 00 01 00 00 01 00 05 0A 00 00 00 00 00 00 00 00 00 00 00 00 00 00 00 00 00 00 00 00 00 00 00 00 FF FF 5B 9A FF FF 5B 9A 18 CF
2026-07-24T17:49:20.635111+00:00 TX 01 03 00 20 00 02 C5 C1
2026-07-24T17:49:20.642614+00:00 RX 01 03 04 00 00 07 19 39 C9
2026-07-24T17:49:20.645615+00:00 TX 01 03 01 C4 00 01 C4 0B
2026-07-24T17:49:20.651616+00:00 RX 01 03 02 00 00 B8 44
2026-07-24T17:49:20.701628+00:00 TX 01 03 00 00 00 20 44 12
2026-07-24T17:49:20.746663+00:00 RX 01 03 40 00 00 00 00 00 03 00 00 00 03 00 00 00 00 00 00 00 00 00 00 00 00 00 00 00 01 00 00 01 00 05 0A 00 00 00 00 00 00 00 00 00 00 00 00 00 00 00 00 00 00 00 00 00 00 00 00 FF FF 5E 38 FF FF 5E 38 63 AA
2026-07-24T17:49:20.748663+00:00 TX 01 03 00 20 00 02 C5 C1
2026-07-24T17:49:20.756175+00:00 RX 01 03 04 00 00 07 1A 79 C8
2026-07-24T17:49:20.759677+00:00 TX 01 03 01 C4 00 01 C4 0B
2026-07-24T17:49:20.765678+00:00 RX 01 03 02 00 00 B8 44
2026-07-24T17:49:20.816918+00:00 TX 01 03 00 00 00 20 44 12
2026-07-24T17:49:20.861428+00:00 RX 01 03 40 00 00 00 00 00 03 00 00 00 03 00 00 00 00 00 00 00 00 00 00 00 00 00 00 00 01 00 00 01 00 05 0A 00 00 00 00 00 00 00 00 00 00 00 00 00 00 00 00 00 00 00 00 00 00 00 00 FF FF 5E 27 FF FF 5E 27 B7 A0
2026-07-24T17:49:20.864429+00:00 TX 01 03 00 20 00 02 C5 C1
2026-07-24T17:49:20.872430+00:00 RX 01 03 04 00 00 07 1B B8 08
2026-07-24T17:49:20.874432+00:00 TX 01 03 01 C4 00 01 C4 0B
2026-07-24T17:49:20.880433+00:00 RX 01 03 02 00 00 B8 44
2026-07-24T17:49:20.930441+00:00 TX 01 03 00 00 00 20 44 12
2026-07-24T17:49:20.975484+00:00 RX 01 03 40 00 00 00 00 00 03 00 00 00 03 00 00 00 00 00 00 00 00 00 00 00 00 00 00 00 01 00 00 01 00 05 0A 00 00 00 00 00 00 00 00 00 00 00 00 00 00 00 00 00 00 00 00 00 00 00 00 FF FF 5E C1 FF FF 5E C1 3F FC
2026-07-24T17:49:20.977485+00:00 TX 01 03 00 20 00 02 C5 C1
2026-07-24T17:49:20.984486+00:00 RX 01 03 04 00 00 07 1D 38 0A
2026-07-24T17:49:20.986486+00:00 TX 01 03 01 C4 00 01 C4 0B
2026-07-24T17:49:20.992484+00:00 RX 01 03 02 00 00 B8 44
2026-07-24T17:49:21.042594+00:00 TX 01 03 00 00 00 20 44 12
2026-07-24T17:49:21.087149+00:00 RX 01 03 40 00 00 00 00 00 03 00 00 00 03 00 00 00 00 00 00 00 00 00 00 00 00 00 00 00 01 00 00 01 00 05 0A 00 00 00 00 00 00 00 00 00 00 00 00 00 00 00 00 00 00 00 00 00 00 00 00 FF FF 60 3F FF FF 60 3F 83 16
2026-07-24T17:49:21.090147+00:00 TX 01 03 00 20 00 02 C5 C1
2026-07-24T17:49:21.098148+00:00 RX 01 03 04 00 00 07 1E 78 0B
2026-07-24T17:49:21.100149+00:00 TX 01 03 01 C4 00 01 C4 0B
2026-07-24T17:49:21.107150+00:00 RX 01 03 02 00 00 B8 44
2026-07-24T17:49:21.157317+00:00 TX 01 03 00 00 00 20 44 12
2026-07-24T17:49:21.202321+00:00 RX 01 03 40 00 00 00 00 00 03 00 00 00 03 00 00 00 00 00 00 00 00 00 00 00 00 00 00 00 01 00 00 01 00 05 0A 00 00 00 00 00 00 00 00 00 00 00 00 00 00 00 00 00 00 00 00 00 00 00 00 FF FF 5D 21 FF FF 5D 21 BF 61
2026-07-24T17:49:21.204321+00:00 TX 01 03 00 20 00 02 C5 C1
2026-07-24T17:49:21.211825+00:00 RX 01 03 04 00 00 07 1F B9 CB
2026-07-24T17:49:21.213825+00:00 TX 01 03 01 C4 00 01 C4 0B
2026-07-24T17:49:21.219826+00:00 RX 01 03 02 00 00 B8 44
2026-07-24T17:49:21.270335+00:00 TX 01 03 00 00 00 20 44 12
2026-07-24T17:49:21.314346+00:00 RX 01 03 40 00 00 00 00 00 03 00 00 00 03 00 00 00 00 00 00 00 00 00 00 00 00 00 00 00 01 00 00 01 00 05 0A 00 00 00 00 00 00 00 00 00 00 00 00 00 00 00 00 00 00 00 00 00 00 00 00 FF FF 5B 4A FF FF 5B 4A D8 81
2026-07-24T17:49:21.317346+00:00 TX 01 03 00 20 00 02 C5 C1
2026-07-24T17:49:21.324349+00:00 RX 01 03 04 00 00 07 20 F9 DB
2026-07-24T17:49:21.327349+00:00 TX 01 03 01 C4 00 01 C4 0B
2026-07-24T17:49:21.333347+00:00 RX 01 03 02 00 00 B8 44
2026-07-24T17:49:21.384402+00:00 TX 01 03 00 00 00 20 44 12
2026-07-24T17:49:21.428907+00:00 RX 01 03 40 00 00 00 00 00 03 00 00 00 03 00 00 00 00 00 00 00 00 00 00 00 00 00 00 00 01 00 00 01 00 05 0A 00 00 00 00 00 00 00 00 00 00 00 00 00 00 00 00 00 00 00 00 00 00 00 00 FF FF 60 BD FF FF 60 BD 7B 69
2026-07-24T17:49:21.430908+00:00 TX 01 03 00 20 00 02 C5 C1
2026-07-24T17:49:21.438909+00:00 RX 01 03 04 00 00 07 21 38 1B
2026-07-24T17:49:21.440910+00:00 TX 01 03 01 C4 00 01 C4 0B
2026-07-24T17:49:21.447413+00:00 RX 01 03 02 00 00 B8 44
2026-07-24T17:49:21.497422+00:00 TX 01 03 00 00 00 20 44 12
2026-07-24T17:49:21.541930+00:00 RX 01 03 40 00 00 00 00 00 03 00 00 00 03 00 00 00 00 00 00 00 00 00 00 00 00 00 00 00 01 00 00 01 00 05 0A 00 00 00 00 00 00 00 00 00 00 00 00 00 00 00 00 00 00 00 00 00 00 00 00 FF FF 5E 8A FF FF 5E 8A DB C5
2026-07-24T17:49:21.543931+00:00 TX 01 03 00 20 00 02 C5 C1
2026-07-24T17:49:21.551434+00:00 RX 01 03 04 00 00 07 22 78 1A
2026-07-24T17:49:21.553435+00:00 TX 01 03 01 C4 00 01 C4 0B
2026-07-24T17:49:21.559937+00:00 RX 01 03 02 00 00 B8 44
2026-07-24T17:49:21.610446+00:00 TX 01 03 00 00 00 20 44 12
2026-07-24T17:49:21.655168+00:00 RX 01 03 40 00 00 00 00 00 03 00 00 00 03 00 00 00 00 00 00 00 00 00 00 00 00 00 00 00 01 00 00 01 00 05 0A 00 00 00 00 00 00 00 00 00 00 00 00 00 00 00 00 00 00 00 00 00 00 00 00 FF FF 5E 51 FF FF 5E 51 FF 8D
2026-07-24T17:49:21.657168+00:00 TX 01 03 00 20 00 02 C5 C1
2026-07-24T17:49:21.665170+00:00 RX 01 03 04 00 00 07 23 B9 DA
2026-07-24T17:49:21.667171+00:00 TX 01 03 01 C4 00 01 C4 0B
2026-07-24T17:49:21.674172+00:00 RX 01 03 02 00 00 B8 44
2026-07-24T17:49:21.724705+00:00 TX 01 03 00 00 00 20 44 12
2026-07-24T17:49:21.769769+00:00 RX 01 03 40 00 00 00 00 00 03 00 00 00 03 00 00 00 00 00 00 00 00 00 00 00 00 00 00 00 01 00 00 01 00 05 0A 00 00 00 00 00 00 00 00 00 00 00 00 00 00 00 00 00 00 00 00 00 00 00 00 FF FF 5D A3 FF FF 5D A3 47 1E
2026-07-24T17:49:21.771770+00:00 TX 01 03 00 20 00 02 C5 C1
2026-07-24T17:49:21.779771+00:00 RX 01 03 04 00 00 07 25 39 D8
2026-07-24T17:49:21.781772+00:00 TX 01 03 01 C4 00 01 C4 0B
2026-07-24T17:49:21.788773+00:00 RX 01 03 02 00 00 B8 44
2026-07-24T17:49:21.839279+00:00 TX 01 03 00 00 00 20 44 12
2026-07-24T17:49:21.883735+00:00 RX 01 03 40 00 00 00 00 00 03 00 00 00 03 00 00 00 00 00 00 00 00 00 00 00 00 00 00 00 01 00 00 01 00 05 0A 00 00 00 00 00 00 00 00 00 00 00 00 00 00 00 00 00 00 00 00 00 00 00 00 FF FF 5F 68 FF FF 5F 68 A3 DB
2026-07-24T17:49:21.886736+00:00 TX 01 03 00 20 00 02 C5 C1
2026-07-24T17:49:21.894737+00:00 RX 01 03 04 00 00 07 26 79 D9
2026-07-24T17:49:21.896737+00:00 TX 01 03 01 C4 00 01 C4 0B
2026-07-24T17:49:21.902739+00:00 RX 01 03 02 00 00 B8 44
2026-07-24T17:49:21.953304+00:00 TX 01 03 00 00 00 20 44 12
2026-07-24T17:49:21.997813+00:00 RX 01 03 40 00 00 00 00 00 03 00 00 00 03 00 00 00 00 00 00 00 00 00 00 00 00 00 00 00 01 00 00 01 00 05 0A 00 00 00 00 00 00 00 00 00 00 00 00 00 00 00 00 00 00 00 00 00 00 00 00 FF FF 60 BA FF FF 60 BA 8F 6B
2026-07-24T17:49:21.999814+00:00 TX 01 03 00 20 00 02 C5 C1
2026-07-24T17:49:22.007316+00:00 RX 01 03 04 00 00 07 27 B8 19
2026-07-24T17:49:22.009316+00:00 TX 01 03 01 C4 00 01 C4 0B
2026-07-24T17:49:22.015317+00:00 RX 01 03 02 00 00 B8 44
2026-07-24T17:49:22.065826+00:00 TX 01 03 00 00 00 20 44 12
2026-07-24T17:49:22.110403+00:00 RX 01 03 40 00 00 00 00 00 03 00 00 00 03 00 00 00 00 00 00 00 00 00 00 00 00 00 00 00 01 00 00 01 00 05 0A 00 00 00 00 00 00 00 00 00 00 00 00 00 00 00 00 00 00 00 00 00 00 00 00 FF FF 62 C4 FF FF 62 C4 27 C3
2026-07-24T17:49:22.113400+00:00 TX 01 03 00 20 00 02 C5 C1
2026-07-24T17:49:22.120402+00:00 RX 01 03 04 00 00 07 28 F8 1D
2026-07-24T17:49:22.123924+00:00 TX 01 03 01 C4 00 01 C4 0B
2026-07-24T17:49:22.130475+00:00 RX 01 03 02 00 00 B8 44
2026-07-24T17:49:22.181139+00:00 TX 01 03 00 00 00 20 44 12
2026-07-24T17:49:22.225648+00:00 RX 01 03 40 00 00 00 00 00 03 00 00 00 03 00 00 00 00 00 00 00 00 00 00 00 00 00 00 00 01 00 00 01 00 05 0A 00 00 00 00 00 00 00 00 00 00 00 00 00 00 00 00 00 00 00 00 00 00 00 00 FF FF 64 49 FF FF 64 49 C8 7F
2026-07-24T17:49:22.227649+00:00 TX 01 03 00 20 00 02 C5 C1
2026-07-24T17:49:22.234648+00:00 RX 01 03 04 00 00 07 29 39 DD
2026-07-24T17:49:22.237649+00:00 TX 01 03 01 C4 00 01 C4 0B
2026-07-24T17:49:22.243650+00:00 RX 01 03 02 00 00 B8 44
2026-07-24T17:49:22.294163+00:00 TX 01 03 00 00 00 20 44 12
2026-07-24T17:49:22.339170+00:00 RX 01 03 40 00 00 00 00 00 03 00 00 00 03 00 00 00 00 00 00 00 00 00 00 00 00 00 00 00 01 00 00 01 00 05 0A 00 00 00 00 00 00 00 00 00 00 00 00 00 00 00 00 00 00 00 00 00 00 00 00 FF FF 63 83 FF FF 63 83 D3 BF
2026-07-24T17:49:22.341171+00:00 TX 01 03 00 20 00 02 C5 C1
2026-07-24T17:49:22.349675+00:00 RX 01 03 04 00 00 07 2A 79 DC
2026-07-24T17:49:22.351676+00:00 TX 01 03 01 C4 00 01 C4 0B
2026-07-24T17:49:22.357677+00:00 RX 01 03 02 00 00 B8 44
2026-07-24T17:49:22.408190+00:00 TX 01 03 00 00 00 20 44 12
2026-07-24T17:49:22.452699+00:00 RX 01 03 40 00 00 00 00 00 03 00 00 00 03 00 00 00 00 00 00 00 00 00 00 00 00 00 00 00 01 00 00 01 00 05 0A 00 00 00 00 00 00 00 00 00 00 00 00 00 00 00 00 00 00 00 00 00 00 00 00 FF FF 63 87 FF FF 63 87 23 BC
2026-07-24T17:49:22.455700+00:00 TX 01 03 00 20 00 02 C5 C1
2026-07-24T17:49:22.463701+00:00 RX 01 03 04 00 00 07 2C F9 DE
2026-07-24T17:49:22.465702+00:00 TX 01 03 01 C4 00 01 C4 0B
2026-07-24T17:49:22.471703+00:00 RX 01 03 02 00 00 B8 44
2026-07-24T17:49:22.522208+00:00 TX 01 03 00 00 00 20 44 12
2026-07-24T17:49:22.566765+00:00 RX 01 03 40 00 00 00 00 00 03 00 00 00 03 00 00 00 00 00 00 00 00 00 00 00 00 00 00 00 01 00 00 01 00 05 0A 00 00 00 00 00 00 00 00 00 00 00 00 00 00 00 00 00 00 00 00 00 00 00 00 FF FF 62 B5 FF FF 62 B5 9B EC
2026-07-24T17:49:22.568766+00:00 TX 01 03 00 20 00 02 C5 C1
2026-07-24T17:49:22.576272+00:00 RX 01 03 04 00 00 07 2D 38 1E
2026-07-24T17:49:22.579273+00:00 TX 01 03 01 C4 00 01 C4 0B
2026-07-24T17:49:22.585274+00:00 RX 01 03 02 00 00 B8 44
2026-07-24T17:49:22.636279+00:00 TX 01 03 00 00 00 20 44 12
2026-07-24T17:49:22.681317+00:00 RX 01 03 40 00 00 00 00 00 03 00 00 00 03 00 00 00 00 00 00 00 00 00 00 00 00 00 00 00 01 00 00 01 00 05 0A 00 00 00 00 00 00 00 00 00 00 00 00 00 00 00 00 00 00 00 00 00 00 00 00 FF FF 60 FE FF FF 60 FE 7F 57
2026-07-24T17:49:22.684318+00:00 TX 01 03 00 20 00 02 C5 C1
2026-07-24T17:49:22.692320+00:00 RX 01 03 04 00 00 07 2E 78 1F
2026-07-24T17:49:22.694321+00:00 TX 01 03 01 C4 00 01 C4 0B
2026-07-24T17:49:22.700969+00:00 RX 01 03 02 00 00 B8 44
2026-07-24T17:49:22.751026+00:00 TX 01 03 00 00 00 20 44 12
2026-07-24T17:49:22.795591+00:00 RX 01 03 40 00 00 00 00 00 03 00 00 00 03 00 00 00 00 00 00 00 00 00 00 00 00 00 00 00 01 00 00 01 00 05 0A 00 00 00 00 00 00 00 00 00 00 00 00 00 00 00 00 00 00 00 00 00 00 00 00 FF FF 5E 9C FF FF 5E 9C 13 C8
2026-07-24T17:49:22.799592+00:00 TX 01 03 00 20 00 02 C5 C1
2026-07-24T17:49:22.807096+00:00 RX 01 03 04 00 00 07 2F B9 DF
2026-07-24T17:49:22.809097+00:00 TX 01 03 01 C4 00 01 C4 0B
2026-07-24T17:49:22.815098+00:00 RX 01 03 02 00 00 B8 44
2026-07-24T17:49:22.865609+00:00 TX 01 03 00 00 00 20 44 12
2026-07-24T17:49:22.909619+00:00 RX 01 03 40 00 00 00 00 00 03 00 00 00 03 00 00 00 00 00 00 00 00 00 00 00 00 00 00 00 01 00 00 01 00 05 0A 00 00 00 00 00 00 00 00 00 00 00 00 00 00 00 00 00 00 00 00 00 00 00 00 FF FF 5E 20 FF FF 5E 20 43 A2
2026-07-24T17:49:22.912620+00:00 TX 01 03 00 20 00 02 C5 C1
2026-07-24T17:49:22.919622+00:00 RX 01 03 04 00 00 07 30 F8 17
2026-07-24T17:49:22.922622+00:00 TX 01 03 01 C4 00 01 C4 0B
2026-07-24T17:49:22.929624+00:00 RX 01 03 02 00 00 B8 44
2026-07-24T17:49:22.980171+00:00 TX 01 03 00 00 00 20 44 12
2026-07-24T17:49:23.024680+00:00 RX 01 03 40 00 00 00 00 00 03 00 00 00 03 00 00 00 00 00 00 00 00 00 00 00 00 00 00 00 01 00 00 01 00 05 0A 00 00 00 00 00 00 00 00 00 00 00 00 00 00 00 00 00 00 00 00 00 00 00 00 FF FF 5C DF FF FF 5C DF 17 74
2026-07-24T17:49:23.026681+00:00 TX 01 03 00 20 00 02 C5 C1
2026-07-24T17:49:23.033680+00:00 RX 01 03 04 00 00 07 31 39 D7
2026-07-24T17:49:23.036681+00:00 TX 01 03 01 C4 00 01 C4 0B
2026-07-24T17:49:23.042682+00:00 RX 01 03 02 00 00 B8 44
2026-07-24T17:49:23.093719+00:00 TX 01 03 00 00 00 20 44 12
2026-07-24T17:49:23.137726+00:00 RX 01 03 40 00 00 00 00 00 03 00 00 00 03 00 00 00 00 00 00 00 00 00 00 00 00 00 00 00 01 00 00 01 00 05 0A 00 00 00 00 00 00 00 00 00 00 00 00 00 00 00 00 00 00 00 00 00 00 00 00 FF FF 5E 38 FF FF 5E 38 63 AA
2026-07-24T17:49:23.140727+00:00 TX 01 03 00 20 00 02 C5 C1
2026-07-24T17:49:23.148781+00:00 RX 01 03 04 00 00 07 33 B8 16
2026-07-24T17:49:23.150812+00:00 TX 01 03 01 C4 00 01 C4 0B
2026-07-24T17:49:23.156813+00:00 RX 01 03 02 00 00 B8 44
2026-07-24T17:49:23.206824+00:00 TX 01 03 00 00 00 20 44 12
2026-07-24T17:49:23.251332+00:00 RX 01 03 40 00 00 00 00 00 03 00 00 00 03 00 00 00 00 00 00 00 00 00 00 00 00 00 00 00 01 00 00 01 00 05 0A 00 00 00 00 00 00 00 00 00 00 00 00 00 00 00 00 00 00 00 00 00 00 00 00 FF FF 5E 7E FF FF 5E 7E 6B 97
2026-07-24T17:49:23.255333+00:00 TX 01 03 00 20 00 02 C5 C1
2026-07-24T17:49:23.262334+00:00 RX 01 03 04 00 00 07 34 F9 D4
2026-07-24T17:49:23.264335+00:00 TX 01 03 01 C4 00 01 C4 0B
2026-07-24T17:49:23.271337+00:00 RX 01 03 02 00 00 B8 44
2026-07-24T17:49:23.321348+00:00 TX 01 03 00 00 00 20 44 12
2026-07-24T17:49:23.366358+00:00 RX 01 03 40 00 00 00 00 00 03 00 00 00 03 00 00 00 00 00 00 00 00 00 00 00 00 00 00 00 01 00 00 01 00 05 0A 00 00 00 00 00 00 00 00 00 00 00 00 00 00 00 00 00 00 00 00 00 00 00 00 FF FF 5F A0 FF FF 5F A0 43 9D
2026-07-24T17:49:23.368359+00:00 TX 01 03 00 20 00 02 C5 C1
2026-07-24T17:49:23.375360+00:00 RX 01 03 04 00 00 07 35 38 14
2026-07-24T17:49:23.377361+00:00 TX 01 03 01 C4 00 01 C4 0B
2026-07-24T17:49:23.383362+00:00 RX 01 03 02 00 00 B8 44
2026-07-24T17:49:23.433872+00:00 TX 01 03 00 00 00 20 44 12
2026-07-24T17:49:23.478381+00:00 RX 01 03 40 00 00 00 00 00 03 00 00 00 03 00 00 00 00 00 00 00 00 00 00 00 00 00 00 00 01 00 00 01 00 05 0A 00 00 00 00 00 00 00 00 00 00 00 00 00 00 00 00 00 00 00 00 00 00 00 00 FF FF 5F C6 FF FF 5F C6 CB BF
2026-07-24T17:49:23.481381+00:00 TX 01 03 00 20 00 02 C5 C1
2026-07-24T17:49:23.489379+00:00 RX 01 03 04 00 00 07 36 78 15
2026-07-24T17:49:23.492380+00:00 TX 01 03 01 C4 00 01 C4 0B
2026-07-24T17:49:23.498381+00:00 RX 01 03 02 00 00 B8 44
2026-07-24T17:49:23.548679+00:00 TX 01 03 00 00 00 20 44 12
2026-07-24T17:49:23.594719+00:00 RX 01 03 40 00 00 00 00 00 03 00 00 00 03 00 00 00 00 00 00 00 00 00 00 00 00 00 00 00 01 00 00 01 00 05 0A 00 00 00 00 00 00 00 00 00 00 00 00 00 00 00 00 00 00 00 00 00 00 00 00 FF FF 60 07 FF FF 60 07 23 01
2026-07-24T17:49:23.596720+00:00 TX 01 03 00 20 00 02 C5 C1
2026-07-24T17:49:23.604722+00:00 RX 01 03 04 00 00 07 37 B9 D5
2026-07-24T17:49:23.606722+00:00 TX 01 03 01 C4 00 01 C4 0B
2026-07-24T17:49:23.613224+00:00 RX 01 03 02 00 00 B8 44
2026-07-24T17:49:23.663758+00:00 TX 01 03 00 00 00 20 44 12
2026-07-24T17:49:23.707768+00:00 RX 01 03 40 00 00 00 00 00 03 00 00 00 03 00 00 00 00 00 00 00 00 00 00 00 00 00 00 00 01 00 00 01 00 05 0A 00 00 00 00 00 00 00 00 00 00 00 00 00 00 00 00 00 00 00 00 00 00 00 00 FF FF 60 E0 FF FF 60 E0 57 5D
2026-07-24T17:49:23.711284+00:00 TX 01 03 00 20 00 02 C5 C1
2026-07-24T17:49:23.719286+00:00 RX 01 03 04 00 00 07 38 F9 D1
2026-07-24T17:49:23.721286+00:00 TX 01 03 01 C4 00 01 C4 0B
2026-07-24T17:49:23.727288+00:00 RX 01 03 02 00 00 B8 44
2026-07-24T17:49:23.777406+00:00 TX 01 03 00 00 00 20 44 12
2026-07-24T17:49:23.821700+00:00 RX 01 03 40 00 00 00 00 00 03 00 00 00 03 00 00 00 00 00 00 00 00 00 00 00 00 00 00 00 01 00 00 01 00 05 0A 00 00 00 00 00 00 00 00 00 00 00 00 00 00 00 00 00 00 00 00 00 00 00 00 FF FF 62 44 FF FF 62 44 27 BD
2026-07-24T17:49:23.824700+00:00 TX 01 03 00 20 00 02 C5 C1
2026-07-24T17:49:23.832702+00:00 RX 01 03 04 00 00 07 3A 78 10
2026-07-24T17:49:23.834703+00:00 TX 01 03 01 C4 00 01 C4 0B
2026-07-24T17:49:23.840701+00:00 RX 01 03 02 00 00 B8 44
2026-07-24T17:49:23.891214+00:00 TX 01 03 00 00 00 20 44 12
2026-07-24T17:49:23.935224+00:00 RX 01 03 40 00 00 00 00 00 03 00 00 00 03 00 00 00 00 00 00 00 00 00 00 00 00 00 00 00 01 00 00 01 00 05 0A 00 00 00 00 00 00 00 00 00 00 00 00 00 00 00 00 00 00 00 00 00 00 00 00 FF FF 61 3B FF FF 61 3B 73 54
2026-07-24T17:49:23.939222+00:00 TX 01 03 00 20 00 02 C5 C1
2026-07-24T17:49:23.946224+00:00 RX 01 03 04 00 00 07 3B B9 D0
2026-07-24T17:49:23.949224+00:00 TX 01 03 01 C4 00 01 C4 0B
2026-07-24T17:49:23.955794+00:00 RX 01 03 02 00 00 B8 44
2026-07-24T17:49:24.006304+00:00 TX 01 03 00 00 00 20 44 12
2026-07-24T17:49:24.050315+00:00 RX 01 03 40 00 00 00 00 00 03 00 00 00 03 00 00 00 00 00 00 00 00 00 00 00 00 00 00 00 01 00 00 01 00 05 0A 00 00 00 00 00 00 00 00 00 00 00 00 00 00 00 00 00 00 00 00 00 00 00 00 FF FF 5E 4D FF FF 5E 4D 2F 86
2026-07-24T17:49:24.052316+00:00 TX 01 03 00 20 00 02 C5 C1
2026-07-24T17:49:24.059820+00:00 RX 01 03 04 00 00 07 3C F8 12
2026-07-24T17:49:24.061821+00:00 TX 01 03 01 C4 00 01 C4 0B
2026-07-24T17:49:24.068822+00:00 RX 01 03 02 00 00 B8 44
2026-07-24T17:49:24.119378+00:00 TX 01 03 00 00 00 20 44 12
2026-07-24T17:49:24.163898+00:00 RX 01 03 40 00 00 00 00 00 03 00 00 00 03 00 00 00 00 00 00 00 00 00 00 00 00 00 00 00 01 00 00 01 00 05 0A 00 00 00 00 00 00 00 00 00 00 00 00 00 00 00 00 00 00 00 00 00 00 00 00 FF FF 5D DB FF FF 5D DB E7 36
2026-07-24T17:49:24.165899+00:00 TX 01 03 00 20 00 02 C5 C1
2026-07-24T17:49:24.173900+00:00 RX 01 03 04 00 00 07 3D 39 D2
2026-07-24T17:49:24.175901+00:00 TX 01 03 01 C4 00 01 C4 0B
2026-07-24T17:49:24.181902+00:00 RX 01 03 02 00 00 B8 44
2026-07-24T17:49:24.232412+00:00 TX 01 03 00 00 00 20 44 12
2026-07-24T17:49:24.276920+00:00 RX 01 03 40 00 00 00 00 00 03 00 00 00 03 00 00 00 00 00 00 00 00 00 00 00 00 00 00 00 01 00 00 01 00 05 0A 00 00 00 00 00 00 00 00 00 00 00 00 00 00 00 00 00 00 00 00 00 00 00 00 FF FF 5E 14 FF FF 5E 14 F3 B1
2026-07-24T17:49:24.278921+00:00 TX 01 03 00 20 00 02 C5 C1
2026-07-24T17:49:24.285922+00:00 RX 01 03 04 00 00 07 3E 79 D3
2026-07-24T17:49:24.287923+00:00 TX 01 03 01 C4 00 01 C4 0B
2026-07-24T17:49:24.293924+00:00 RX 01 03 02 00 00 B8 44
2026-07-24T17:49:24.343933+00:00 TX 01 03 00 00 00 20 44 12
2026-07-24T17:49:24.388956+00:00 RX 01 03 40 00 00 00 00 00 03 00 00 00 03 00 00 00 00 00 00 00 00 00 00 00 00 00 00 00 01 00 00 01 00 05 0A 00 00 00 00 00 00 00 00 00 00 00 00 00 00 00 00 00 00 00 00 00 00 00 00 FF FF 5E 5A FF FF 5E 5A 1B 8B
2026-07-24T17:49:24.390957+00:00 TX 01 03 00 20 00 02 C5 C1
2026-07-24T17:49:24.398955+00:00 RX 01 03 04 00 00 07 3F B8 13
2026-07-24T17:49:24.400956+00:00 TX 01 03 01 C4 00 01 C4 0B
2026-07-24T17:49:24.407462+00:00 RX 01 03 02 00 00 B8 44
2026-07-24T17:49:24.458637+00:00 TX 01 03 00 00 00 20 44 12
2026-07-24T17:49:24.502642+00:00 RX 01 03 40 00 00 00 00 00 03 00 00 00 03 00 00 00 00 00 00 00 00 00 00 00 00 00 00 00 01 00 00 01 00 05 0A 00 00 00 00 00 00 00 00 00 00 00 00 00 00 00 00 00 00 00 00 00 00 00 00 FF FF 5F 24 FF FF 5F 24 B3 E0
2026-07-24T17:49:24.506144+00:00 TX 01 03 00 20 00 02 C5 C1
2026-07-24T17:49:24.513146+00:00 RX 01 03 04 00 00 07 40 F9 F3
2026-07-24T17:49:24.516146+00:00 TX 01 03 01 C4 00 01 C4 0B
2026-07-24T17:49:24.522145+00:00 RX 01 03 02 00 00 B8 44
2026-07-24T17:49:24.573233+00:00 TX 01 03 00 00 00 20 44 12
2026-07-24T17:49:24.617738+00:00 RX 01 03 40 00 00 00 00 00 03 00 00 00 03 00 00 00 00 00 00 00 00 00 00 00 00 00 00 00 01 00 00 01 00 05 0A 00 00 00 00 00 00 00 00 00 00 00 00 00 00 00 00 00 00 00 00 00 00 00 00 FF FF 5E 62 FF FF 5E 62 BB 9C
2026-07-24T17:49:24.620739+00:00 TX 01 03 00 20 00 02 C5 C1
2026-07-24T17:49:24.629307+00:00 RX 01 03 04 00 00 07 42 78 32
2026-07-24T17:49:24.633304+00:00 TX 01 03 01 C4 00 01 C4 0B
2026-07-24T17:49:24.639305+00:00 RX 01 03 02 00 00 B8 44
2026-07-24T17:49:24.690821+00:00 TX 01 03 00 00 00 20 44 12
2026-07-24T17:49:24.735355+00:00 RX 01 03 40 00 00 00 00 00 03 00 00 00 03 00 00 00 00 00 00 00 00 00 00 00 00 00 00 00 01 00 00 01 00 05 0A 00 00 00 00 00 00 00 00 00 00 00 00 00 00 00 00 00 00 00 00 00 00 00 00 FF FF 5E F8 FF FF 5E F8 63 EB
2026-07-24T17:49:24.739353+00:00 TX 01 03 00 20 00 02 C5 C1
2026-07-24T17:49:24.747355+00:00 RX 01 03 04 00 00 07 43 B9 F2
2026-07-24T17:49:24.749355+00:00 TX 01 03 01 C4 00 01 C4 0B
2026-07-24T17:49:24.755399+00:00 RX 01 03 02 00 00 B8 44
2026-07-24T17:49:24.805906+00:00 TX 01 03 00 00 00 20 44 12
2026-07-24T17:49:24.850414+00:00 RX 01 03 40 00 00 00 00 00 03 00 00 00 03 00 00 00 00 00 00 00 00 00 00 00 00 00 00 00 01 00 00 01 00 05 0A 00 00 00 00 00 00 00 00 00 00 00 00 00 00 00 00 00 00 00 00 00 00 00 00 FF FF 60 4E FF FF 60 4E 3F 39
2026-07-24T17:49:24.852415+00:00 TX 01 03 00 20 00 02 C5 C1
2026-07-24T17:49:24.859920+00:00 RX 01 03 04 00 00 07 44 F8 30
2026-07-24T17:49:24.861921+00:00 TX 01 03 01 C4 00 01 C4 0B
2026-07-24T17:49:24.868922+00:00 RX 01 03 02 00 00 B8 44
2026-07-24T17:49:24.919681+00:00 TX 01 03 00 00 00 20 44 12
2026-07-24T17:49:24.963694+00:00 RX 01 03 40 00 00 00 00 00 03 00 00 00 03 00 00 00 00 00 00 00 00 00 00 00 00 00 00 00 01 00 00 01 00 05 0A 00 00 00 00 00 00 00 00 00 00 00 00 00 00 00 00 00 00 00 00 00 00 00 00 FF FF 60 F4 FF FF 60 F4 67 51
2026-07-24T17:49:24.966692+00:00 TX 01 03 00 20 00 02 C5 C1
2026-07-24T17:49:24.974694+00:00 RX 01 03 04 00 00 07 45 39 F0
2026-07-24T17:49:24.976694+00:00 TX 01 03 01 C4 00 01 C4 0B
2026-07-24T17:49:24.982695+00:00 RX 01 03 02 00 00 B8 44
2026-07-24T17:49:25.034205+00:00 TX 01 03 00 00 00 20 44 12
2026-07-24T17:49:25.078713+00:00 RX 01 03 40 00 00 00 00 00 03 00 00 00 03 00 00 00 00 00 00 00 00 00 00 00 00 00 00 00 01 00 00 01 00 05 0A 00 00 00 00 00 00 00 00 00 00 00 00 00 00 00 00 00 00 00 00 00 00 00 00 FF FF 62 7F FF FF 62 7F 83 AB
2026-07-24T17:49:25.080714+00:00 TX 01 03 00 20 00 02 C5 C1
2026-07-24T17:49:25.089235+00:00 RX 01 03 04 00 00 07 46 79 F1
2026-07-24T17:49:25.092232+00:00 TX 01 03 01 C4 00 01 C4 0B
2026-07-24T17:49:25.099243+00:00 RX 01 03 02 00 00 B8 44
2026-07-24T17:49:25.149340+00:00 TX 01 03 00 00 00 20 44 12
2026-07-24T17:49:25.194896+00:00 RX 01 03 40 00 00 00 00 00 03 00 00 00 03 00 00 00 00 00 00 00 00 00 00 00 00 00 00 00 01 00 00 01 00 05 0A 00 00 00 00 00 00 00 00 00 00 00 00 00 00 00 00 00 00 00 00 00 00 00 00 FF FF 63 40 FF FF 63 40 D7 FF
2026-07-24T17:49:25.196897+00:00 TX 01 03 00 20 00 02 C5 C1
2026-07-24T17:49:25.204898+00:00 RX 01 03 04 00 00 07 47 B8 31
2026-07-24T17:49:25.206899+00:00 TX 01 03 01 C4 00 01 C4 0B
2026-07-24T17:49:25.213403+00:00 RX 01 03 02 00 00 B8 44
2026-07-24T17:49:25.263913+00:00 TX 01 03 00 00 00 20 44 12
2026-07-24T17:49:25.308923+00:00 RX 01 03 40 00 00 00 00 00 03 00 00 00 03 00 00 00 00 00 00 00 00 00 00 00 00 00 00 00 01 00 00 01 00 05 0A 00 00 00 00 00 00 00 00 00 00 00 00 00 00 00 00 00 00 00 00 00 00 00 00 FF FF 61 E9 FF FF 61 E9 4B 1B
2026-07-24T17:49:25.310924+00:00 TX 01 03 00 20 00 02 C5 C1
2026-07-24T17:49:25.318926+00:00 RX 01 03 04 00 00 07 49 39 F5
2026-07-24T17:49:25.320927+00:00 TX 01 03 01 C4 00 01 C4 0B
2026-07-24T17:49:25.326927+00:00 RX 01 03 02 00 00 B8 44
2026-07-24T17:49:25.376938+00:00 TX 01 03 00 00 00 20 44 12
2026-07-24T17:49:25.422447+00:00 RX 01 03 40 00 00 00 00 00 03 00 00 00 03 00 00 00 00 00 00 00 00 00 00 00 00 00 00 00 01 00 00 01 00 05 0A 00 00 00 00 00 00 00 00 00 00 00 00 00 00 00 00 00 00 00 00 00 00 00 00 FF FF 61 B4 FF FF 61 B4 67 2F
2026-07-24T17:49:25.424447+00:00 TX 01 03 00 20 00 02 C5 C1
2026-07-24T17:49:25.432446+00:00 RX 01 03 04 00 00 07 4A 79 F4
2026-07-24T17:49:25.434447+00:00 TX 01 03 01 C4 00 01 C4 0B
2026-07-24T17:49:25.440449+00:00 RX 01 03 02 00 00 B8 44
2026-07-24T17:49:25.490673+00:00 TX 01 03 00 00 00 20 44 12
2026-07-24T17:49:25.535899+00:00 RX 01 03 40 00 00 00 00 00 03 00 00 00 03 00 00 00 00 00 00 00 00 00 00 00 00 00 00 00 01 00 00 01 00 05 0A 00 00 00 00 00 00 00 00 00 00 00 00 00 00 00 00 00 00 00 00 00 00 00 00 FF FF 61 A3 FF FF 61 A3 53 22
2026-07-24T17:49:25.537900+00:00 TX 01 03 00 20 00 02 C5 C1
2026-07-24T17:49:25.545902+00:00 RX 01 03 04 00 00 07 4B B8 34
2026-07-24T17:49:25.547902+00:00 TX 01 03 01 C4 00 01 C4 0B
2026-07-24T17:49:25.554413+00:00 RX 01 03 02 00 00 B8 44
2026-07-24T17:49:25.604437+00:00 TX 01 03 00 00 00 20 44 12
2026-07-24T17:49:25.649493+00:00 RX 01 03 40 00 00 00 00 00 03 00 00 00 03 00 00 00 00 00 00 00 00 00 00 00 00 00 00 00 01 00 00 01 00 05 0A 00 00 00 00 00 00 00 00 00 00 00 00 00 00 00 00 00 00 00 00 00 00 00 00 FF FF 5F 8A FF FF 5F 8A DB 84
2026-07-24T17:49:25.651493+00:00 TX 01 03 00 20 00 02 C5 C1
2026-07-24T17:49:25.658997+00:00 RX 01 03 04 00 00 07 4C F9 F6
2026-07-24T17:49:25.660997+00:00 TX 01 03 01 C4 00 01 C4 0B
2026-07-24T17:49:25.668000+00:00 RX 01 03 02 00 00 B8 44
2026-07-24T17:49:25.718310+00:00 TX 01 03 00 00 00 20 44 12
2026-07-24T17:49:25.762917+00:00 RX 01 03 40 00 00 00 00 00 03 00 00 00 03 00 00 00 00 00 00 00 00 00 00 00 00 00 00 00 01 00 00 01 00 05 0A 00 00 00 00 00 00 00 00 00 00 00 00 00 00 00 00 00 00 00 00 00 00 00 00 FF FF 5C 13 FF FF 5C 13 07 31
2026-07-24T17:49:25.764917+00:00 TX 01 03 00 20 00 02 C5 C1
2026-07-24T17:49:25.772421+00:00 RX 01 03 04 00 00 07 4D 38 36
2026-07-24T17:49:25.774422+00:00 TX 01 03 01 C4 00 01 C4 0B
2026-07-24T17:49:25.780424+00:00 RX 01 03 02 00 00 B8 44
2026-07-24T17:49:25.831934+00:00 TX 01 03 00 00 00 20 44 12
2026-07-24T17:49:25.876441+00:00 RX 01 03 40 00 00 00 00 00 03 00 00 00 03 00 00 00 00 00 00 00 00 00 00 00 00 00 00 00 01 00 00 01 00 05 0A 00 00 00 00 00 00 00 00 00 00 00 00 00 00 00 00 00 00 00 00 00 00 00 00 FF FF 5C 8A FF FF 5C 8A DB 47
2026-07-24T17:49:25.878442+00:00 TX 01 03 00 20 00 02 C5 C1
2026-07-24T17:49:25.885443+00:00 RX 01 03 04 00 00 07 4E 78 37
2026-07-24T17:49:25.888444+00:00 TX 01 03 01 C4 00 01 C4 0B
2026-07-24T17:49:25.894446+00:00 RX 01 03 02 00 00 B8 44
2026-07-24T17:49:25.944454+00:00 TX 01 03 00 00 00 20 44 12
2026-07-24T17:49:25.989468+00:00 RX 01 03 40 00 00 00 00 00 03 00 00 00 03 00 00 00 00 00 00 00 00 00 00 00 00 00 00 00 01 00 00 01 00 05 0A 00 00 00 00 00 00 00 00 00 00 00 00 00 00 00 00 00 00 00 00 00 00 00 00 FF FF 5C E2 FF FF 5C E2 BB 60
2026-07-24T17:49:25.991469+00:00 TX 01 03 00 20 00 02 C5 C1
2026-07-24T17:49:25.999468+00:00 RX 01 03 04 00 00 07 50 F8 3F
2026-07-24T17:49:26.001468+00:00 TX 01 03 01 C4 00 01 C4 0B
2026-07-24T17:49:26.007469+00:00 RX 01 03 02 00 00 B8 44
2026-07-24T17:49:26.057980+00:00 TX 01 03 00 00 00 20 44 12
2026-07-24T17:49:26.103005+00:00 RX 01 03 40 00 00 00 00 00 03 00 00 00 03 00 00 00 00 00 00 00 00 00 00 00 00 00 00 00 01 00 00 01 00 05 0A 00 00 00 00 00 00 00 00 00 00 00 00 00 00 00 00 00 00 00 00 00 00 00 00 FF FF 5C 3E FF FF 5C 3E 6B 2A
2026-07-24T17:49:26.105005+00:00 TX 01 03 00 20 00 02 C5 C1
2026-07-24T17:49:26.113007+00:00 RX 01 03 04 00 00 07 51 39 FF
2026-07-24T17:49:26.115008+00:00 TX 01 03 01 C4 00 01 C4 0B
2026-07-24T17:49:26.122010+00:00 RX 01 03 02 00 00 B8 44
2026-07-24T17:49:26.172092+00:00 TX 01 03 00 00 00 20 44 12
2026-07-24T17:49:26.216600+00:00 RX 01 03 40 00 00 00 00 00 03 00 00 00 03 00 00 00 00 00 00 00 00 00 00 00 00 00 00 00 01 00 00 01 00 05 0A 00 00 00 00 00 00 00 00 00 00 00 00 00 00 00 00 00 00 00 00 00 00 00 00 FF FF 5F 08 FF FF 5F 08 23 FB
2026-07-24T17:49:26.218601+00:00 TX 01 03 00 20 00 02 C5 C1
2026-07-24T17:49:26.226602+00:00 RX 01 03 04 00 00 07 52 79 FE
2026-07-24T17:49:26.228603+00:00 TX 01 03 01 C4 00 01 C4 0B
2026-07-24T17:49:26.234604+00:00 RX 01 03 02 00 00 B8 44
2026-07-24T17:49:26.285056+00:00 TX 01 03 00 00 00 20 44 12
2026-07-24T17:49:26.330066+00:00 RX 01 03 40 00 00 00 00 00 03 00 00 00 03 00 00 00 00 00 00 00 00 00 00 00 00 00 00 00 01 00 00 01 00 05 0A 00 00 00 00 00 00 00 00 00 00 00 00 00 00 00 00 00 00 00 00 00 00 00 00 FF FF 5D 38 FF FF 5D 38 63 69
2026-07-24T17:49:26.332066+00:00 TX 01 03 00 20 00 02 C5 C1
2026-07-24T17:49:26.340068+00:00 RX 01 03 04 00 00 07 53 B8 3E
2026-07-24T17:49:26.342069+00:00 TX 01 03 01 C4 00 01 C4 0B
2026-07-24T17:49:26.349068+00:00 RX 01 03 02 00 00 B8 44
2026-07-24T17:49:26.399078+00:00 TX 01 03 00 00 00 20 44 12
2026-07-24T17:49:26.443589+00:00 RX 01 03 40 00 00 00 00 00 03 00 00 00 03 00 00 00 00 00 00 00 00 00 00 00 00 00 00 00 01 00 00 01 00 05 0A 00 00 00 00 00 00 00 00 00 00 00 00 00 00 00 00 00 00 00 00 00 00 00 00 FF FF 5D 50 FF FF 5D 50 03 4E
2026-07-24T17:49:26.446586+00:00 TX 01 03 00 20 00 02 C5 C1
2026-07-24T17:49:26.454596+00:00 RX 01 03 04 00 00 07 54 F9 FC
2026-07-24T17:49:26.456601+00:00 TX 01 03 01 C4 00 01 C4 0B
2026-07-24T17:49:26.462747+00:00 RX 01 03 02 00 00 B8 44
2026-07-24T17:49:26.512783+00:00 TX 01 03 00 00 00 20 44 12
2026-07-24T17:49:26.557287+00:00 RX 01 03 40 00 00 00 00 00 03 00 00 00 03 00 00 00 00 00 00 00 00 00 00 00 00 00 00 00 01 00 00 01 00 05 0A 00 00 00 00 00 00 00 00 00 00 00 00 00 00 00 00 00 00 00 00 00 00 00 00 FF FF 5F 3E FF FF 5F 3E 6B E9
2026-07-24T17:49:26.560793+00:00 TX 01 03 00 20 00 02 C5 C1
2026-07-24T17:49:26.569321+00:00 RX 01 03 04 00 00 07 55 38 3C
2026-07-24T17:49:26.571321+00:00 TX 01 03 01 C4 00 01 C4 0B
2026-07-24T17:49:26.577323+00:00 RX 01 03 02 00 00 B8 44
2026-07-24T17:49:26.627829+00:00 TX 01 03 00 00 00 20 44 12
2026-07-24T17:49:26.673020+00:00 RX 01 03 40 00 00 00 00 00 03 00 00 00 03 00 00 00 00 00 00 00 00 00 00 00 00 00 00 00 01 00 00 01 00 05 0A 00 00 00 00 00 00 00 00 00 00 00 00 00 00 00 00 00 00 00 00 00 00 00 00 FF FF 60 2E FF FF 60 2E BF 19
2026-07-24T17:49:26.675021+00:00 TX 01 03 00 20 00 02 C5 C1
2026-07-24T17:49:26.683023+00:00 RX 01 03 04 00 00 07 57 B9 FD
2026-07-24T17:49:26.686020+00:00 TX 01 03 01 C4 00 01 C4 0B
2026-07-24T17:49:26.693021+00:00 RX 01 03 02 00 00 B8 44
2026-07-24T17:49:26.743295+00:00 TX 01 03 00 00 00 20 44 12
2026-07-24T17:49:26.788865+00:00 RX 01 03 40 00 00 00 00 00 03 00 00 00 03 00 00 00 00 00 00 00 00 00 00 00 00 00 00 00 01 00 00 01 00 05 0A 00 00 00 00 00 00 00 00 00 00 00 00 00 00 00 00 00 00 00 00 00 00 00 00 FF FF 5E EE FF FF 5E EE AB E6
2026-07-24T17:49:26.790865+00:00 TX 01 03 00 20 00 02 C5 C1
2026-07-24T17:49:26.798864+00:00 RX 01 03 04 00 00 07 58 F9 F9
2026-07-24T17:49:26.800864+00:00 TX 01 03 01 C4 00 01 C4 0B
2026-07-24T17:49:26.806865+00:00 RX 01 03 02 00 00 B8 44
2026-07-24T17:49:26.857376+00:00 TX 01 03 00 00 00 20 44 12
2026-07-24T17:49:26.901887+00:00 RX 01 03 40 00 00 00 00 00 03 00 00 00 03 00 00 00 00 00 00 00 00 00 00 00 00 00 00 00 01 00 00 01 00 05 0A 00 00 00 00 00 00 00 00 00 00 00 00 00 00 00 00 00 00 00 00 00 00 00 00 FF FF 5E 67 FF FF 5E 67 B7 9F
2026-07-24T17:49:26.903888+00:00 TX 01 03 00 20 00 02 C5 C1
2026-07-24T17:49:26.910889+00:00 RX 01 03 04 00 00 07 59 38 39
2026-07-24T17:49:26.912890+00:00 TX 01 03 01 C4 00 01 C4 0B
2026-07-24T17:49:26.918891+00:00 RX 01 03 02 00 00 B8 44
2026-07-24T17:49:26.969933+00:00 TX 01 03 00 00 00 20 44 12
2026-07-24T17:49:27.014442+00:00 RX 01 03 40 00 00 00 00 00 03 00 00 00 03 00 00 00 00 00 00 00 00 00 00 00 00 00 00 00 01 00 00 01 00 05 0A 00 00 00 00 00 00 00 00 00 00 00 00 00 00 00 00 00 00 00 00 00 00 00 00 FF FF 5E 65 FF FF 5E 65 4F 9E
2026-07-24T17:49:27.017442+00:00 TX 01 03 00 20 00 02 C5 C1
2026-07-24T17:49:27.025444+00:00 RX 01 03 04 00 00 07 5A 78 38
2026-07-24T17:49:27.027444+00:00 TX 01 03 01 C4 00 01 C4 0B
2026-07-24T17:49:27.033446+00:00 RX 01 03 02 00 00 B8 44
2026-07-24T17:49:27.083957+00:00 TX 01 03 00 00 00 20 44 12
2026-07-24T17:49:27.128056+00:00 RX 01 03 40 00 00 00 00 00 03 00 00 00 03 00 00 00 00 00 00 00 00 00 00 00 00 00 00 00 01 00 00 01 00 05 0A 00 00 00 00 00 00 00 00 00 00 00 00 00 00 00 00 00 00 00 00 00 00 00 00 FF FF 60 E1 FF FF 60 E1 AB 5D
2026-07-24T17:49:27.131056+00:00 TX 01 03 00 20 00 02 C5 C1
2026-07-24T17:49:27.139058+00:00 RX 01 03 04 00 00 07 5B B9 F8
2026-07-24T17:49:27.141697+00:00 TX 01 03 01 C4 00 01 C4 0B
2026-07-24T17:49:27.149034+00:00 RX 01 03 02 00 00 B8 44
2026-07-24T17:49:27.199182+00:00 TX 01 03 00 00 00 20 44 12
2026-07-24T17:49:27.243693+00:00 RX 01 03 40 00 00 00 00 00 03 00 00 00 03 00 00 00 00 00 00 00 00 00 00 00 00 00 00 00 01 00 00 01 00 05 0A 00 00 00 00 00 00 00 00 00 00 00 00 00 00 00 00 00 00 00 00 00 00 00 00 FF FF 61 9D FF FF 61 9D FB 37
2026-07-24T17:49:27.245693+00:00 TX 01 03 00 20 00 02 C5 C1
2026-07-24T17:49:27.253692+00:00 RX 01 03 04 00 00 07 5C F8 3A
2026-07-24T17:49:27.255692+00:00 TX 01 03 01 C4 00 01 C4 0B
2026-07-24T17:49:27.261693+00:00 RX 01 03 02 00 00 B8 44
2026-07-24T17:49:27.312207+00:00 TX 01 03 00 00 00 20 44 12
2026-07-24T17:49:27.356214+00:00 RX 01 03 40 00 00 00 00 00 03 00 00 00 03 00 00 00 00 00 00 00 00 00 00 00 00 00 00 00 01 00 00 01 00 05 0A 00 00 00 00 00 00 00 00 00 00 00 00 00 00 00 00 00 00 00 00 00 00 00 00 FF FF 5F B2 FF FF 5F B2 7B 93
2026-07-24T17:49:27.359214+00:00 TX 01 03 00 20 00 02 C5 C1
2026-07-24T17:49:27.366717+00:00 RX 01 03 04 00 00 07 5D 39 FA
2026-07-24T17:49:27.369219+00:00 TX 01 03 01 C4 00 01 C4 0B
2026-07-24T17:49:27.375220+00:00 RX 01 03 02 00 00 B8 44
2026-07-24T17:49:27.425730+00:00 TX 01 03 00 00 00 20 44 12
2026-07-24T17:49:27.470239+00:00 RX 01 03 40 00 00 00 00 00 03 00 00 00 03 00 00 00 00 00 00 00 00 00 00 00 00 00 00 00 01 00 00 01 00 05 0A 00 00 00 00 00 00 00 00 00 00 00 00 00 00 00 00 00 00 00 00 00 00 00 00 FF FF 5D 6D FF FF 5D 6D AF 5A
2026-07-24T17:49:27.473240+00:00 TX 01 03 00 20 00 02 C5 C1
2026-07-24T17:49:27.480241+00:00 RX 01 03 04 00 00 07 5F B8 3B
2026-07-24T17:49:27.482242+00:00 TX 01 03 01 C4 00 01 C4 0B
2026-07-24T17:49:27.489240+00:00 RX 01 03 02 00 00 B8 44
2026-07-24T17:49:27.539753+00:00 TX 01 03 00 00 00 20 44 12
2026-07-24T17:49:27.584335+00:00 RX 01 03 40 00 00 00 00 00 03 00 00 00 03 00 00 00 00 00 00 00 00 00 00 00 00 00 00 00 01 00 00 01 00 05 0A 00 00 00 00 00 00 00 00 00 00 00 00 00 00 00 00 00 00 00 00 00 00 00 00 FF FF 5F 55 FF FF 5F 55 0F CF
2026-07-24T17:49:27.586336+00:00 TX 01 03 00 20 00 02 C5 C1
2026-07-24T17:49:27.593337+00:00 RX 01 03 04 00 00 07 60 F8 2B
2026-07-24T17:49:27.595337+00:00 TX 01 03 01 C4 00 01 C4 0B
2026-07-24T17:49:27.601335+00:00 RX 01 03 02 00 00 B8 44
2026-07-24T17:49:27.653065+00:00 TX 01 03 00 00 00 20 44 12
2026-07-24T17:49:27.698075+00:00 RX 01 03 40 00 00 00 00 00 03 00 00 00 03 00 00 00 00 00 00 00 00 00 00 00 00 00 00 00 01 00 00 01 00 05 0A 00 00 00 00 00 00 00 00 00 00 00 00 00 00 00 00 00 00 00 00 00 00 00 00 FF FF 60 99 FF FF 60 99 0B 75
2026-07-24T17:49:27.700076+00:00 TX 01 03 00 20 00 02 C5 C1
2026-07-24T17:49:27.707077+00:00 RX 01 03 04 00 00 07 61 39 EB
2026-07-24T17:49:27.710078+00:00 TX 01 03 01 C4 00 01 C4 0B
2026-07-24T17:49:27.716597+00:00 RX 01 03 02 00 00 B8 44
2026-07-24T17:49:27.766615+00:00 TX 01 03 00 00 00 20 44 12
2026-07-24T17:49:27.811120+00:00 RX 01 03 40 00 00 00 00 00 03 00 00 00 03 00 00 00 00 00 00 00 00 00 00 00 00 00 00 00 01 00 00 01 00 05 0A 00 00 00 00 00 00 00 00 00 00 00 00 00 00 00 00 00 00 00 00 00 00 00 00 FF FF 5C 87 FF FF 5C 87 37 43
2026-07-24T17:49:27.814623+00:00 TX 01 03 00 20 00 02 C5 C1
2026-07-24T17:49:27.822129+00:00 RX 01 03 04 00 00 07 62 79 EA
2026-07-24T17:49:27.825126+00:00 TX 01 03 01 C4 00 01 C4 0B
2026-07-24T17:49:27.831128+00:00 RX 01 03 02 00 00 B8 44
2026-07-24T17:49:27.881637+00:00 TX 01 03 00 00 00 20 44 12
2026-07-24T17:49:27.925647+00:00 RX 01 03 40 00 00 00 00 00 03 00 00 00 03 00 00 00 00 00 00 00 00 00 00 00 00 00 00 00 01 00 00 01 00 05 0A 00 00 00 00 00 00 00 00 00 00 00 00 00 00 00 00 00 00 00 00 00 00 00 00 FF FF 5B CF FF FF 5B CF D4 FC
2026-07-24T17:49:27.928648+00:00 TX 01 03 00 20 00 02 C5 C1
2026-07-24T17:49:27.936650+00:00 RX 01 03 04 00 00 07 63 B8 2A
2026-07-24T17:49:27.938650+00:00 TX 01 03 01 C4 00 01 C4 0B
2026-07-24T17:49:27.944652+00:00 RX 01 03 02 00 00 B8 44
2026-07-24T17:49:27.995698+00:00 TX 01 03 00 00 00 20 44 12
2026-07-24T17:49:28.040205+00:00 RX 01 03 40 00 00 00 00 00 03 00 00 00 03 00 00 00 00 00 00 00 00 00 00 00 00 00 00 00 01 00 00 01 00 05 0A 00 00 00 00 00 00 00 00 00 00 00 00 00 00 00 00 00 00 00 00 00 00 00 00 FF FF 5C 7D FF FF 5C 7D 6F 14
2026-07-24T17:49:28.043206+00:00 TX 01 03 00 20 00 02 C5 C1
2026-07-24T17:49:28.051207+00:00 RX 01 03 04 00 00 07 64 F9 E8
2026-07-24T17:49:28.054205+00:00 TX 01 03 01 C4 00 01 C4 0B
2026-07-24T17:49:28.060206+00:00 RX 01 03 02 00 00 B8 44
2026-07-24T17:49:28.110291+00:00 TX 01 03 00 00 00 20 44 12
2026-07-24T17:49:28.154328+00:00 RX 01 03 40 00 00 00 00 00 03 00 00 00 03 00 00 00 00 00 00 00 00 00 00 00 00 00 00 00 01 00 00 01 00 05 0A 00 00 00 00 00 00 00 00 00 00 00 00 00 00 00 00 00 00 00 00 00 00 00 00 FF FF 5F 75 FF FF 5F 75 8F D0
2026-07-24T17:49:28.158330+00:00 TX 01 03 00 20 00 02 C5 C1
2026-07-24T17:49:28.165331+00:00 RX 01 03 04 00 00 07 66 78 29
2026-07-24T17:49:28.167850+00:00 TX 01 03 01 C4 00 01 C4 0B
2026-07-24T17:49:28.174355+00:00 RX 01 03 02 00 00 B8 44
2026-07-24T17:49:28.224603+00:00 TX 01 03 00 00 00 20 44 12
2026-07-24T17:49:28.269112+00:00 RX 01 03 40 00 00 00 00 00 03 00 00 00 03 00 00 00 00 00 00 00 00 00 00 00 00 00 00 00 01 00 00 01 00 05 0A 00 00 00 00 00 00 00 00 00 00 00 00 00 00 00 00 00 00 00 00 00 00 00 00 FF FF 61 C0 FF FF 61 C0 D7 03
2026-07-24T17:49:28.272113+00:00 TX 01 03 00 20 00 02 C5 C1
2026-07-24T17:49:28.280116+00:00 RX 01 03 04 00 00 07 67 B9 E9
2026-07-24T17:49:28.283116+00:00 TX 01 03 01 C4 00 01 C4 0B
2026-07-24T17:49:28.289117+00:00 RX 01 03 02 00 00 B8 44
2026-07-24T17:49:28.340129+00:00 TX 01 03 00 00 00 20 44 12
2026-07-24T17:49:28.384138+00:00 RX 01 03 40 00 00 00 00 00 03 00 00 00 03 00 00 00 00 00 00 00 00 00 00 00 00 00 00 00 01 00 00 01 00 05 0A 00 00 00 00 00 00 00 00 00 00 00 00 00 00 00 00 00 00 00 00 00 00 00 00 FF FF 60 1F FF FF 60 1F 03 09
2026-07-24T17:49:28.387139+00:00 TX 01 03 00 20 00 02 C5 C1
2026-07-24T17:49:28.394140+00:00 RX 01 03 04 00 00 07 68 F9 ED
2026-07-24T17:49:28.397141+00:00 TX 01 03 01 C4 00 01 C4 0B
2026-07-24T17:49:28.403139+00:00 RX 01 03 02 00 00 B8 44
2026-07-24T17:49:28.454154+00:00 TX 01 03 00 00 00 20 44 12
2026-07-24T17:49:28.498662+00:00 RX 01 03 40 00 00 00 00 00 03 00 00 00 03 00 00 00 00 00 00 00 00 00 00 00 00 00 00 00 01 00 00 01 00 05 0A 00 00 00 00 00 00 00 00 00 00 00 00 00 00 00 00 00 00 00 00 00 00 00 00 FF FF 61 69 FF FF 61 69 4B 65
2026-07-24T17:49:28.500663+00:00 TX 01 03 00 20 00 02 C5 C1
2026-07-24T17:49:28.509165+00:00 RX 01 03 04 00 00 07 69 38 2D
2026-07-24T17:49:28.511166+00:00 TX 01 03 01 C4 00 01 C4 0B
2026-07-24T17:49:28.517167+00:00 RX 01 03 02 00 00 B8 44
2026-07-24T17:49:28.567388+00:00 TX 01 03 00 00 00 20 44 12
2026-07-24T17:49:28.612439+00:00 RX 01 03 40 00 00 00 00 00 03 00 00 00 03 00 00 00 00 00 00 00 00 00 00 00 00 00 00 00 01 00 00 01 00 05 0A 00 00 00 00 00 00 00 00 00 00 00 00 00 00 00 00 00 00 00 00 00 00 00 00 FF FF 5E B8 FF FF 5E B8 63 D4
2026-07-24T17:49:28.615434+00:00 TX 01 03 00 20 00 02 C5 C1
2026-07-24T17:49:28.623435+00:00 RX 01 03 04 00 00 07 6A 78 2C
2026-07-24T17:49:28.625436+00:00 TX 01 03 01 C4 00 01 C4 0B
2026-07-24T17:49:28.630938+00:00 RX 01 03 02 00 00 B8 44
2026-07-24T17:49:28.681945+00:00 TX 01 03 00 00 00 20 44 12
2026-07-24T17:49:28.726482+00:00 RX 01 03 40 00 00 00 00 00 03 00 00 00 03 00 00 00 00 00 00 00 00 00 00 00 00 00 00 00 01 00 00 01 00 05 0A 00 00 00 00 00 00 00 00 00 00 00 00 00 00 00 00 00 00 00 00 00 00 00 00 FF FF 5E AF FF FF 5E AF 57 D9
2026-07-24T17:49:28.728483+00:00 TX 01 03 00 20 00 02 C5 C1
2026-07-24T17:49:28.735986+00:00 RX 01 03 04 00 00 07 6B B9 EC
2026-07-24T17:49:28.738983+00:00 TX 01 03 01 C4 00 01 C4 0B
2026-07-24T17:49:28.745985+00:00 RX 01 03 02 00 00 B8 44
2026-07-24T17:49:28.796545+00:00 TX 01 03 00 00 00 20 44 12
2026-07-24T17:49:28.841054+00:00 RX 01 03 40 00 00 00 00 00 03 00 00 00 03 00 00 00 00 00 00 00 00 00 00 00 00 00 00 00 01 00 00 01 00 05 0A 00 00 00 00 00 00 00 00 00 00 00 00 00 00 00 00 00 00 00 00 00 00 00 00 FF FF 5F EB FF FF 5F EB A7 A4
2026-07-24T17:49:28.843054+00:00 TX 01 03 00 20 00 02 C5 C1
2026-07-24T17:49:28.851056+00:00 RX 01 03 04 00 00 07 6D 39 EE
2026-07-24T17:49:28.853057+00:00 TX 01 03 01 C4 00 01 C4 0B
2026-07-24T17:49:28.859055+00:00 RX 01 03 02 00 00 B8 44
2026-07-24T17:49:28.910079+00:00 TX 01 03 00 00 00 20 44 12
2026-07-24T17:49:28.955090+00:00 RX 01 03 40 00 00 00 00 00 03 00 00 00 03 00 00 00 00 00 00 00 00 00 00 00 00 00 00 00 01 00 00 01 00 05 0A 00 00 00 00 00 00 00 00 00 00 00 00 00 00 00 00 00 00 00 00 00 00 00 00 FF FF 5E DD FF FF 5E DD EF F7
2026-07-24T17:49:28.958087+00:00 TX 01 03 00 20 00 02 C5 C1
2026-07-24T17:49:28.965089+00:00 RX 01 03 04 00 00 07 6E 79 EF
2026-07-24T17:49:28.968089+00:00 TX 01 03 01 C4 00 01 C4 0B
2026-07-24T17:49:28.974145+00:00 RX 01 03 02 00 00 B8 44
2026-07-24T17:49:29.025183+00:00 TX 01 03 00 00 00 20 44 12
2026-07-24T17:49:29.070190+00:00 RX 01 03 40 00 00 00 00 00 03 00 00 00 03 00 00 00 00 00 00 00 00 00 00 00 00 00 00 00 01 00 00 01 00 05 0A 00 00 00 00 00 00 00 00 00 00 00 00 00 00 00 00 00 00 00 00 00 00 00 00 FF FF 5E 48 FF FF 5E 48 23 85
2026-07-24T17:49:29.072692+00:00 TX 01 03 00 20 00 02 C5 C1
2026-07-24T17:49:29.080694+00:00 RX 01 03 04 00 00 07 6F B8 2F
2026-07-24T17:49:29.082695+00:00 TX 01 03 01 C4 00 01 C4 0B
2026-07-24T17:49:29.089696+00:00 RX 01 03 02 00 00 B8 44
2026-07-24T17:49:29.140226+00:00 TX 01 03 00 00 00 20 44 12
2026-07-24T17:49:29.185272+00:00 RX 01 03 40 00 00 00 00 00 03 00 00 00 03 00 00 00 00 00 00 00 00 00 00 00 00 00 00 00 01 00 00 01 00 05 0A 00 00 00 00 00 00 00 00 00 00 00 00 00 00 00 00 00 00 00 00 00 00 00 00 FF FF 5F 6F FF FF 5F 6F 57 D9
2026-07-24T17:49:29.187273+00:00 TX 01 03 00 20 00 02 C5 C1
2026-07-24T17:49:29.194274+00:00 RX 01 03 04 00 00 07 70 F9 E7
2026-07-24T17:49:29.196275+00:00 TX 01 03 01 C4 00 01 C4 0B
2026-07-24T17:49:29.202273+00:00 RX 01 03 02 00 00 B8 44
2026-07-24T17:49:29.252788+00:00 TX 01 03 00 00 00 20 44 12
2026-07-24T17:49:29.297296+00:00 RX 01 03 40 00 00 00 00 00 03 00 00 00 03 00 00 00 00 00 00 00 00 00 00 00 00 00 00 00 01 00 00 01 00 05 0A 00 00 00 00 00 00 00 00 00 00 00 00 00 00 00 00 00 00 00 00 00 00 00 00 FF FF 61 03 FF FF 61 03 D3 43
2026-07-24T17:49:29.299297+00:00 TX 01 03 00 20 00 02 C5 C1
2026-07-24T17:49:29.306299+00:00 RX 01 03 04 00 00 07 71 38 27
2026-07-24T17:49:29.308300+00:00 TX 01 03 01 C4 00 01 C4 0B
2026-07-24T17:49:29.314301+00:00 RX 01 03 02 00 00 B8 44
2026-07-24T17:49:29.364309+00:00 TX 01 03 00 00 00 20 44 12
2026-07-24T17:49:29.409356+00:00 RX 01 03 40 00 00 00 00 00 03 00 00 00 03 00 00 00 00 00 00 00 00 00 00 00 00 00 00 00 01 00 00 01 00 05 0A 00 00 00 00 00 00 00 00 00 00 00 00 00 00 00 00 00 00 00 00 00 00 00 00 FF FF 60 51 FF FF 60 51 EB 33
2026-07-24T17:49:29.411357+00:00 TX 01 03 00 20 00 02 C5 C1
2026-07-24T17:49:29.418860+00:00 RX 01 03 04 00 00 07 72 78 26
2026-07-24T17:49:29.420861+00:00 TX 01 03 01 C4 00 01 C4 0B
2026-07-24T17:49:29.427863+00:00 RX 01 03 02 00 00 B8 44
2026-07-24T17:49:29.478371+00:00 TX 01 03 00 00 00 20 44 12
2026-07-24T17:49:29.523880+00:00 RX 01 03 40 00 00 00 00 00 03 00 00 00 03 00 00 00 00 00 00 00 00 00 00 00 00 00 00 00 01 00 00 01 00 05 0A 00 00 00 00 00 00 00 00 00 00 00 00 00 00 00 00 00 00 00 00 00 00 00 00 FF FF 61 A4 FF FF 61 A4 A7 20
2026-07-24T17:49:29.526881+00:00 TX 01 03 00 20 00 02 C5 C1
2026-07-24T17:49:29.534882+00:00 RX 01 03 04 00 00 07 74 F8 24
2026-07-24T17:49:29.536883+00:00 TX 01 03 01 C4 00 01 C4 0B
2026-07-24T17:49:29.543884+00:00 RX 01 03 02 00 00 B8 44
2026-07-24T17:49:29.593897+00:00 TX 01 03 00 00 00 20 44 12
2026-07-24T17:49:29.638558+00:00 RX 01 03 40 00 00 00 00 00 03 00 00 00 03 00 00 00 00 00 00 00 00 00 00 00 00 00 00 00 01 00 00 01 00 05 0A 00 00 00 00 00 00 00 00 00 00 00 00 00 00 00 00 00 00 00 00 00 00 00 00 FF FF 63 A5 FF FF 63 A5 5B A2
2026-07-24T17:49:29.640559+00:00 TX 01 03 00 20 00 02 C5 C1
2026-07-24T17:49:29.648560+00:00 RX 01 03 04 00 00 07 75 39 E4
2026-07-24T17:49:29.651562+00:00 TX 01 03 01 C4 00 01 C4 0B
2026-07-24T17:49:29.658563+00:00 RX 01 03 02 00 00 B8 44
2026-07-24T17:49:29.708739+00:00 TX 01 03 00 00 00 20 44 12
2026-07-24T17:49:29.753842+00:00 RX 01 03 40 00 00 00 00 00 03 00 00 00 03 00 00 00 00 00 00 00 00 00 00 00 00 00 00 00 01 00 00 01 00 05 0A 00 00 00 00 00 00 00 00 00 00 00 00 00 00 00 00 00 00 00 00 00 00 00 00 FF FF 63 DB FF FF 63 DB F3 88
2026-07-24T17:49:29.755843+00:00 TX 01 03 00 20 00 02 C5 C1
2026-07-24T17:49:29.763841+00:00 RX 01 03 04 00 00 07 76 79 E5
2026-07-24T17:49:29.765842+00:00 TX 01 03 01 C4 00 01 C4 0B
2026-07-24T17:49:29.772843+00:00 RX 01 03 02 00 00 B8 44
2026-07-24T17:49:29.823400+00:00 TX 01 03 00 00 00 20 44 12
2026-07-24T17:49:29.868407+00:00 RX 01 03 40 00 00 00 00 00 03 00 00 00 03 00 00 00 00 00 00 00 00 00 00 00 00 00 00 00 01 00 00 01 00 05 0A 00 00 00 00 00 00 00 00 00 00 00 00 00 00 00 00 00 00 00 00 00 00 00 00 FF FF 63 93 FF FF 63 93 13 B0
2026-07-24T17:49:29.870408+00:00 TX 01 03 00 20 00 02 C5 C1
2026-07-24T17:49:29.878913+00:00 RX 01 03 04 00 00 07 77 B8 25
2026-07-24T17:49:29.880914+00:00 TX 01 03 01 C4 00 01 C4 0B
2026-07-24T17:49:29.887915+00:00 RX 01 03 02 00 00 B8 44
2026-07-24T17:49:29.938612+00:00 TX 01 03 00 00 00 20 44 12
2026-07-24T17:49:29.983704+00:00 RX 01 03 40 00 00 00 00 00 03 00 00 00 03 00 00 00 00 00 00 00 00 00 00 00 00 00 00 00 01 00 00 01 00 05 0A 00 00 00 00 00 00 00 00 00 00 00 00 00 00 00 00 00 00 00 00 00 00 00 00 FF FF 62 1E FF FF 62 1E FF 8B
2026-07-24T17:49:29.986705+00:00 TX 01 03 00 20 00 02 C5 C1
2026-07-24T17:49:29.994706+00:00 RX 01 03 04 00 00 07 78 F8 21
2026-07-24T17:49:29.996707+00:00 TX 01 03 01 C4 00 01 C4 0B
2026-07-24T17:49:30.002706+00:00 RX 01 03 02 00 00 B8 44
2026-07-24T17:49:30.053237+00:00 TX 01 03 00 00 00 20 44 12
2026-07-24T17:49:30.098261+00:00 RX 01 03 40 00 00 00 00 00 03 00 00 00 03 00 00 00 00 00 00 00 00 00 00 00 00 00 00 00 01 00 00 01 00 05 0A 00 00 00 00 00 00 00 00 00 00 00 00 00 00 00 00 00 00 00 00 00 00 00 00 FF FF 62 0F FF FF 62 0F C3 84
2026-07-24T17:49:30.101262+00:00 TX 01 03 00 20 00 02 C5 C1
2026-07-24T17:49:30.109264+00:00 RX 01 03 04 00 00 07 79 39 E1
2026-07-24T17:49:30.111265+00:00 TX 01 03 01 C4 00 01 C4 0B
2026-07-24T17:49:30.118266+00:00 RX 01 03 02 00 00 B8 44
2026-07-24T17:49:30.169086+00:00 TX 01 03 00 00 00 20 44 12
2026-07-24T17:49:30.214159+00:00 RX 01 03 40 00 00 00 00 00 03 00 00 00 03 00 00 00 00 00 00 00 00 00 00 00 00 00 00 00 01 00 00 01 00 05 0A 00 00 00 00 00 00 00 00 00 00 00 00 00 00 00 00 00 00 00 00 00 00 00 00 FF FF 62 09 FF FF 62 09 CB 86
2026-07-24T17:49:30.217662+00:00 TX 01 03 00 20 00 02 C5 C1
2026-07-24T17:49:30.225663+00:00 RX 01 03 04 00 00 07 7B B8 20
2026-07-24T17:49:30.227664+00:00 TX 01 03 01 C4 00 01 C4 0B
2026-07-24T17:49:30.233665+00:00 RX 01 03 02 00 00 B8 44
2026-07-24T17:49:30.284175+00:00 TX 01 03 00 00 00 20 44 12
2026-07-24T17:49:30.328696+00:00 RX 01 03 40 00 00 00 00 00 03 00 00 00 03 00 00 00 00 00 00 00 00 00 00 00 00 00 00 00 01 00 00 01 00 05 0A 00 00 00 00 00 00 00 00 00 00 00 00 00 00 00 00 00 00 00 00 00 00 00 00 FF FF 61 19 FF FF 61 19 0B 4A
2026-07-24T17:49:30.330700+00:00 TX 01 03 00 20 00 02 C5 C1
2026-07-24T17:49:30.338698+00:00 RX 01 03 04 00 00 07 7C F9 E2
2026-07-24T17:49:30.340698+00:00 TX 01 03 01 C4 00 01 C4 0B
2026-07-24T17:49:30.346427+00:00 RX 01 03 02 00 00 B8 44
2026-07-24T17:49:30.397439+00:00 TX 01 03 00 00 00 20 44 12
2026-07-24T17:49:30.442948+00:00 RX 01 03 40 00 00 00 00 00 03 00 00 00 03 00 00 00 00 00 00 00 00 00 00 00 00 00 00 00 01 00 00 01 00 05 0A 00 00 00 00 00 00 00 00 00 00 00 00 00 00 00 00 00 00 00 00 00 00 00 00 FF FF 5E 9E FF FF 5E 9E EB C9
2026-07-24T17:49:30.444948+00:00 TX 01 03 00 20 00 02 C5 C1
2026-07-24T17:49:30.452950+00:00 RX 01 03 04 00 00 07 7D 38 22
2026-07-24T17:49:30.454951+00:00 TX 01 03 01 C4 00 01 C4 0B
2026-07-24T17:49:30.461949+00:00 RX 01 03 02 00 00 B8 44
2026-07-24T17:49:30.511959+00:00 TX 01 03 00 00 00 20 44 12
2026-07-24T17:49:30.556503+00:00 RX 01 03 40 00 00 00 00 00 03 00 00 00 03 00 00 00 00 00 00 00 00 00 00 00 00 00 00 00 01 00 00 01 00 05 0A 00 00 00 00 00 00 00 00 00 00 00 00 00 00 00 00 00 00 00 00 00 00 00 00 FF FF 61 7D FF FF 61 7D 7B 69
2026-07-24T17:49:30.558503+00:00 TX 01 03 00 20 00 02 C5 C1
2026-07-24T17:49:30.566502+00:00 RX 01 03 04 00 00 07 7E 78 23
2026-07-24T17:49:30.568503+00:00 TX 01 03 01 C4 00 01 C4 0B
2026-07-24T17:49:30.575009+00:00 RX 01 03 02 00 00 B8 44
2026-07-24T17:49:30.625020+00:00 TX 01 03 00 00 00 20 44 12
2026-07-24T17:49:30.669073+00:00 RX 01 03 40 00 00 00 00 00 03 00 00 00 03 00 00 00 00 00 00 00 00 00 00 00 00 00 00 00 01 00 00 01 00 05 0A 00 00 00 00 00 00 00 00 00 00 00 00 00 00 00 00 00 00 00 00 00 00 00 00 FF FF 62 12 FF FF 62 12 EF 8F
2026-07-24T17:49:30.672074+00:00 TX 01 03 00 20 00 02 C5 C1
2026-07-24T17:49:30.679576+00:00 RX 01 03 04 00 00 07 7F B9 E3
2026-07-24T17:49:30.681577+00:00 TX 01 03 01 C4 00 01 C4 0B
2026-07-24T17:49:30.688579+00:00 RX 01 03 02 00 00 B8 44
2026-07-24T17:49:30.739123+00:00 TX 01 03 00 00 00 20 44 12
2026-07-24T17:49:30.784193+00:00 RX 01 03 40 00 00 00 00 00 03 00 00 00 03 00 00 00 00 00 00 00 00 00 00 00 00 00 00 00 01 00 00 01 00 05 0A 00 00 00 00 00 00 00 00 00 00 00 00 00 00 00 00 00 00 00 00 00 00 00 00 FF FF 63 89 FF FF 63 89 CB B9
2026-07-24T17:49:30.786194+00:00 TX 01 03 00 20 00 02 C5 C1
2026-07-24T17:49:30.793195+00:00 RX 01 03 04 00 00 07 80 F9 A3
2026-07-24T17:49:30.795195+00:00 TX 01 03 01 C4 00 01 C4 0B
2026-07-24T17:49:30.801193+00:00 RX 01 03 02 00 00 B8 44
2026-07-24T17:49:30.852707+00:00 TX 01 03 00 00 00 20 44 12
2026-07-24T17:49:30.897216+00:00 RX 01 03 40 00 00 00 00 00 03 00 00 00 03 00 00 00 00 00 00 00 00 00 00 00 00 00 00 00 01 00 00 01 00 05 0A 00 00 00 00 00 00 00 00 00 00 00 00 00 00 00 00 00 00 00 00 00 00 00 00 FF FF 63 8D FF FF 63 8D 3B BA
2026-07-24T17:49:30.899217+00:00 TX 01 03 00 20 00 02 C5 C1
2026-07-24T17:49:30.906218+00:00 RX 01 03 04 00 00 07 82 78 62
2026-07-24T17:49:30.908219+00:00 TX 01 03 01 C4 00 01 C4 0B
2026-07-24T17:49:30.914221+00:00 RX 01 03 02 00 00 B8 44
2026-07-24T17:49:30.964766+00:00 TX 01 03 00 00 00 20 44 12
2026-07-24T17:49:31.009794+00:00 RX 01 03 40 00 00 00 00 00 03 00 00 00 03 00 00 00 00 00 00 00 00 00 00 00 00 00 00 00 01 00 00 01 00 05 0A 00 00 00 00 00 00 00 00 00 00 00 00 00 00 00 00 00 00 00 00 00 00 00 00 FF FF 62 07 FF FF 62 07 23 83
2026-07-24T17:49:31.011795+00:00 TX 01 03 00 20 00 02 C5 C1
2026-07-24T17:49:31.020298+00:00 RX 01 03 04 00 00 07 83 B9 A2
2026-07-24T17:49:31.022298+00:00 TX 01 03 01 C4 00 01 C4 0B
2026-07-24T17:49:31.029300+00:00 RX 01 03 02 00 00 B8 44
2026-07-24T17:49:31.079810+00:00 TX 01 03 00 00 00 20 44 12
2026-07-24T17:49:31.124364+00:00 RX 01 03 40 00 00 00 00 00 03 00 00 00 03 00 00 00 00 00 00 00 00 00 00 00 00 00 00 00 01 00 00 01 00 05 0A 00 00 00 00 00 00 00 00 00 00 00 00 00 00 00 00 00 00 00 00 00 00 00 00 FF FF 62 6D FF FF 62 6D BB A5
2026-07-24T17:49:31.126364+00:00 TX 01 03 00 20 00 02 C5 C1
2026-07-24T17:49:31.133366+00:00 RX 01 03 04 00 00 07 84 F8 60
2026-07-24T17:49:31.135367+00:00 TX 01 03 01 C4 00 01 C4 0B
2026-07-24T17:49:31.141368+00:00 RX 01 03 02 00 00 B8 44
2026-07-24T17:49:31.191429+00:00 TX 01 03 00 00 00 20 44 12
2026-07-24T17:49:31.236468+00:00 RX 01 03 40 00 00 00 00 00 03 00 00 00 03 00 00 00 00 00 00 00 00 00 00 00 00 00 00 00 01 00 00 01 00 05 0A 00 00 00 00 00 00 00 00 00 00 00 00 00 00 00 00 00 00 00 00 00 00 00 00 FF FF 62 11 FF FF 62 11 EB 8E
2026-07-24T17:49:31.238468+00:00 TX 01 03 00 20 00 02 C5 C1
2026-07-24T17:49:31.246470+00:00 RX 01 03 04 00 00 07 85 39 A0
2026-07-24T17:49:31.249471+00:00 TX 01 03 01 C4 00 01 C4 0B
2026-07-24T17:49:31.255472+00:00 RX 01 03 02 00 00 B8 44
2026-07-24T17:49:31.305982+00:00 TX 01 03 00 00 00 20 44 12
2026-07-24T17:49:31.349992+00:00 RX 01 03 40 00 00 00 00 00 03 00 00 00 03 00 00 00 00 00 00 00 00 00 00 00 00 00 00 00 01 00 00 01 00 05 0A 00 00 00 00 00 00 00 00 00 00 00 00 00 00 00 00 00 00 00 00 00 00 00 00 FF FF 60 BD FF FF 60 BD 7B 69
2026-07-24T17:49:31.352993+00:00 TX 01 03 00 20 00 02 C5 C1
2026-07-24T17:49:31.359994+00:00 RX 01 03 04 00 00 07 86 79 A1
2026-07-24T17:49:31.362992+00:00 TX 01 03 01 C4 00 01 C4 0B
2026-07-24T17:49:31.368993+00:00 RX 01 03 02 00 00 B8 44
2026-07-24T17:49:31.420505+00:00 TX 01 03 00 00 00 20 44 12
2026-07-24T17:49:31.465511+00:00 RX 01 03 40 00 00 00 00 00 03 00 00 00 03 00 00 00 00 00 00 00 00 00 00 00 00 00 00 00 01 00 00 01 00 05 0A 00 00 00 00 00 00 00 00 00 00 00 00 00 00 00 00 00 00 00 00 00 00 00 00 FF FF 60 EE FF FF 60 EE BF 58
2026-07-24T17:49:31.467512+00:00 TX 01 03 00 20 00 02 C5 C1
2026-07-24T17:49:31.475513+00:00 RX 01 03 04 00 00 07 87 B8 61
2026-07-24T17:49:31.477514+00:00 TX 01 03 01 C4 00 01 C4 0B
2026-07-24T17:49:31.484017+00:00 RX 01 03 02 00 00 B8 44
2026-07-24T17:49:31.534069+00:00 TX 01 03 00 00 00 20 44 12
2026-07-24T17:49:31.577596+00:00 RX 01 03 40 00 00 00 00 00 03 00 00 00 03 00 00 00 00 00 00 00 00 00 00 00 00 00 00 00 01 00 00 01 00 05 0A 00 00 00 00 00 00 00 00 00 00 00 00 00 00 00 00 00 00 00 00 00 00 00 00 FF FF 64 E7 FF FF 64 E7 A0 1B
2026-07-24T17:49:31.582099+00:00 TX 01 03 00 20 00 02 C5 C1
2026-07-24T17:49:31.590101+00:00 RX 01 03 04 00 00 07 88 F8 65
2026-07-24T17:49:31.593102+00:00 TX 01 03 01 C4 00 01 C4 0B
2026-07-24T17:49:31.599103+00:00 RX 01 03 02 00 00 B8 44
2026-07-24T17:49:31.649306+00:00 TX 01 03 00 00 00 20 44 12
2026-07-24T17:49:31.694816+00:00 RX 01 03 40 00 00 00 00 00 03 00 00 00 03 00 00 00 00 00 00 00 00 00 00 00 00 00 00 00 01 00 00 01 00 05 0A 00 00 00 00 00 00 00 00 00 00 00 00 00 00 00 00 00 00 00 00 00 00 00 00 FF FF 63 8C FF FF 63 8C C7 BA
2026-07-24T17:49:31.697465+00:00 TX 01 03 00 20 00 02 C5 C1
2026-07-24T17:49:31.705468+00:00 RX 01 03 04 00 00 07 8A 79 A4
2026-07-24T17:49:31.708468+00:00 TX 01 03 01 C4 00 01 C4 0B
2026-07-24T17:49:31.714470+00:00 RX 01 03 02 00 00 B8 44
2026-07-24T17:49:31.765019+00:00 TX 01 03 00 00 00 20 44 12
2026-07-24T17:49:31.809030+00:00 RX 01 03 40 00 00 00 00 00 03 00 00 00 03 00 00 00 00 00 00 00 00 00 00 00 00 00 00 00 01 00 00 01 00 05 0A 00 00 00 00 00 00 00 00 00 00 00 00 00 00 00 00 00 00 00 00 00 00 00 00 FF FF 61 A8 FF FF 61 A8 B7 24
2026-07-24T17:49:31.812031+00:00 TX 01 03 00 20 00 02 C5 C1
2026-07-24T17:49:31.819533+00:00 RX 01 03 04 00 00 07 8B B8 64
2026-07-24T17:49:31.823534+00:00 TX 01 03 01 C4 00 01 C4 0B
2026-07-24T17:49:31.830536+00:00 RX 01 03 02 00 00 B8 44
2026-07-24T17:49:31.881049+00:00 TX 01 03 00 00 00 20 44 12
2026-07-24T17:49:31.925560+00:00 RX 01 03 40 00 00 00 00 00 03 00 00 00 03 00 00 00 00 00 00 00 00 00 00 00 00 00 00 00 01 00 00 01 00 05 0A 00 00 00 00 00 00 00 00 00 00 00 00 00 00 00 00 00 00 00 00 00 00 00 00 FF FF 60 24 FF FF 60 24 A7 1F
2026-07-24T17:49:31.927560+00:00 TX 01 03 00 20 00 02 C5 C1
2026-07-24T17:49:31.935522+00:00 RX 01 03 04 00 00 07 8C F9 A6
2026-07-24T17:49:31.938519+00:00 TX 01 03 01 C4 00 01 C4 0B
2026-07-24T17:49:31.944520+00:00 RX 01 03 02 00 00 B8 44
2026-07-24T17:49:31.995755+00:00 TX 01 03 00 00 00 20 44 12
2026-07-24T17:49:32.040590+00:00 RX 01 03 40 00 00 00 00 00 03 00 00 00 03 00 00 00 00 00 00 00 00 00 00 00 00 00 00 00 01 00 00 01 00 05 0A 00 00 00 00 00 00 00 00 00 00 00 00 00 00 00 00 00 00 00 00 00 00 00 00 FF FF 60 F6 FF FF 60 F6 9F 50
2026-07-24T17:49:32.043587+00:00 TX 01 03 00 20 00 02 C5 C1
2026-07-24T17:49:32.051589+00:00 RX 01 03 04 00 00 07 8D 38 66
2026-07-24T17:49:32.053589+00:00 TX 01 03 01 C4 00 01 C4 0B
2026-07-24T17:49:32.059591+00:00 RX 01 03 02 00 00 B8 44
2026-07-24T17:49:32.109881+00:00 TX 01 03 00 00 00 20 44 12
2026-07-24T17:49:32.154084+00:00 RX 01 03 40 00 00 00 00 00 03 00 00 00 03 00 00 00 00 00 00 00 00 00 00 00 00 00 00 00 01 00 00 01 00 05 0A 00 00 00 00 00 00 00 00 00 00 00 00 00 00 00 00 00 00 00 00 00 00 00 00 FF FF 61 37 FF FF 61 37 63 50
2026-07-24T17:49:32.157085+00:00 TX 01 03 00 20 00 02 C5 C1
2026-07-24T17:49:32.164778+00:00 RX 01 03 04 00 00 07 8E 78 67
2026-07-24T17:49:32.166864+00:00 TX 01 03 01 C4 00 01 C4 0B
2026-07-24T17:49:32.173595+00:00 RX 01 03 02 00 00 B8 44
2026-07-24T17:49:32.224487+00:00 TX 01 03 00 00 00 20 44 12
2026-07-24T17:49:32.269024+00:00 RX 01 03 40 00 00 00 00 00 03 00 00 00 03 00 00 00 00 00 00 00 00 00 00 00 00 00 00 00 01 00 00 01 00 05 0A 00 00 00 00 00 00 00 00 00 00 00 00 00 00 00 00 00 00 00 00 00 00 00 00 FF FF 60 86 FF FF 60 86 DF 7F
2026-07-24T17:49:32.272025+00:00 TX 01 03 00 20 00 02 C5 C1
2026-07-24T17:49:32.280027+00:00 RX 01 03 04 00 00 07 8F B9 A7
2026-07-24T17:49:32.282530+00:00 TX 01 03 01 C4 00 01 C4 0B
2026-07-24T17:49:32.289531+00:00 RX 01 03 02 00 00 B8 44
2026-07-24T17:49:32.340287+00:00 TX 01 03 00 00 00 20 44 12
2026-07-24T17:49:32.385295+00:00 RX 01 03 40 00 00 00 00 00 03 00 00 00 03 00 00 00 00 00 00 00 00 00 00 00 00 00 00 00 01 00 00 01 00 05 0A 00 00 00 00 00 00 00 00 00 00 00 00 00 00 00 00 00 00 00 00 00 00 00 00 FF FF 5F 48 FF FF 5F 48 23 C4
2026-07-24T17:49:32.387295+00:00 TX 01 03 00 20 00 02 C5 C1
2026-07-24T17:49:32.395297+00:00 RX 01 03 04 00 00 07 91 39 AF
2026-07-24T17:49:32.397297+00:00 TX 01 03 01 C4 00 01 C4 0B
2026-07-24T17:49:32.403295+00:00 RX 01 03 02 00 00 B8 44
2026-07-24T17:49:32.453766+00:00 TX 01 03 00 00 00 20 44 12
2026-07-24T17:49:32.498271+00:00 RX 01 03 40 00 00 00 00 00 03 00 00 00 03 00 00 00 00 00 00 00 00 00 00 00 00 00 00 00 01 00 00 01 00 05 0A 00 00 00 00 00 00 00 00 00 00 00 00 00 00 00 00 00 00 00 00 00 00 00 00 FF FF 5E 77 FF FF 5E 77 77 90
2026-07-24T17:49:32.500271+00:00 TX 01 03 00 20 00 02 C5 C1
2026-07-24T17:49:32.508774+00:00 RX 01 03 04 00 00 07 92 79 AE
2026-07-24T17:49:32.510774+00:00 TX 01 03 01 C4 00 01 C4 0B
2026-07-24T17:49:32.517278+00:00 RX 01 03 02 00 00 B8 44
2026-07-24T17:49:32.567346+00:00 TX 01 03 00 00 00 20 44 12
2026-07-24T17:49:32.612858+00:00 RX 01 03 40 00 00 00 00 00 03 00 00 00 03 00 00 00 00 00 00 00 00 00 00 00 00 00 00 00 01 00 00 01 00 05 0A 00 00 00 00 00 00 00 00 00 00 00 00 00 00 00 00 00 00 00 00 00 00 00 00 FF FF 5F 2A FF FF 5F 2A 5B E5
2026-07-24T17:49:32.614858+00:00 TX 01 03 00 20 00 02 C5 C1
2026-07-24T17:49:32.622388+00:00 RX 01 03 04 00 00 07 93 B8 6E
2026-07-24T17:49:32.624389+00:00 TX 01 03 01 C4 00 01 C4 0B
2026-07-24T17:49:32.631556+00:00 RX 01 03 02 00 00 B8 44
2026-07-24T17:49:32.681823+00:00 TX 01 03 00 00 00 20 44 12
2026-07-24T17:49:32.726373+00:00 RX 01 03 40 00 00 00 00 00 03 00 00 00 03 00 00 00 00 00 00 00 00 00 00 00 00 00 00 00 01 00 00 01 00 05 0A 00 00 00 00 00 00 00 00 00 00 00 00 00 00 00 00 00 00 00 00 00 00 00 00 FF FF 60 01 FF FF 60 01 2B 03
2026-07-24T17:49:32.728374+00:00 TX 01 03 00 20 00 02 C5 C1
2026-07-24T17:49:32.735877+00:00 RX 01 03 04 00 00 07 94 F9 AC
2026-07-24T17:49:32.738875+00:00 TX 01 03 01 C4 00 01 C4 0B
2026-07-24T17:49:32.745877+00:00 RX 01 03 02 00 00 B8 44
2026-07-24T17:49:32.795916+00:00 TX 01 03 00 00 00 20 44 12
2026-07-24T17:49:32.840425+00:00 RX 01 03 40 00 00 00 00 00 03 00 00 00 03 00 00 00 00 00 00 00 00 00 00 00 00 00 00 00 01 00 00 01 00 05 0A 00 00 00 00 00 00 00 00 00 00 00 00 00 00 00 00 00 00 00 00 00 00 00 00 FF FF 5F 92 FF FF 5F 92 FB 8C
2026-07-24T17:49:32.842426+00:00 TX 01 03 00 20 00 02 C5 C1
2026-07-24T17:49:32.850427+00:00 RX 01 03 04 00 00 07 95 38 6C
2026-07-24T17:49:32.852428+00:00 TX 01 03 01 C4 00 01 C4 0B
2026-07-24T17:49:32.858429+00:00 RX 01 03 02 00 00 B8 44
2026-07-24T17:49:32.910199+00:00 TX 01 03 00 00 00 20 44 12
2026-07-24T17:49:32.955220+00:00 RX 01 03 40 00 00 00 00 00 03 00 00 00 03 00 00 00 00 00 00 00 00 00 00 00 00 00 00 00 01 00 00 01 00 05 0A 00 00 00 00 00 00 00 00 00 00 00 00 00 00 00 00 00 00 00 00 00 00 00 00 FF FF 5D 68 FF FF 5D 68 A3 59
2026-07-24T17:49:32.957894+00:00 TX 01 03 00 20 00 02 C5 C1
2026-07-24T17:49:32.964895+00:00 RX 01 03 04 00 00 07 96 78 6D
2026-07-24T17:49:32.966925+00:00 TX 01 03 01 C4 00 01 C4 0B
2026-07-24T17:49:32.972929+00:00 RX 01 03 02 00 00 B8 44
2026-07-24T17:49:33.024443+00:00 TX 01 03 00 00 00 20 44 12
2026-07-24T17:49:33.069099+00:00 RX 01 03 40 00 00 00 00 00 03 00 00 00 03 00 00 00 00 00 00 00 00 00 00 00 00 00 00 00 01 00 00 01 00 05 0A 00 00 00 00 00 00 00 00 00 00 00 00 00 00 00 00 00 00 00 00 00 00 00 00 FF FF 5F 4F FF FF 5F 4F D7 C6
2026-07-24T17:49:33.072097+00:00 TX 01 03 00 20 00 02 C5 C1
2026-07-24T17:49:33.080098+00:00 RX 01 03 04 00 00 07 98 F9 A9
2026-07-24T17:49:33.082099+00:00 TX 01 03 01 C4 00 01 C4 0B
2026-07-24T17:49:33.088601+00:00 RX 01 03 02 00 00 B8 44
2026-07-24T17:49:33.139133+00:00 TX 01 03 00 00 00 20 44 12
2026-07-24T17:49:33.184204+00:00 RX 01 03 40 00 00 00 00 00 03 00 00 00 03 00 00 00 00 00 00 00 00 00 00 00 00 00 00 00 01 00 00 01 00 05 0A 00 00 00 00 00 00 00 00 00 00 00 00 00 00 00 00 00 00 00 00 00 00 00 00 FF FF 61 28 FF FF 61 28 B7 5A
2026-07-24T17:49:33.187201+00:00 TX 01 03 00 20 00 02 C5 C1
2026-07-24T17:49:33.195203+00:00 RX 01 03 04 00 00 07 99 38 69
2026-07-24T17:49:33.197203+00:00 TX 01 03 01 C4 00 01 C4 0B
2026-07-24T17:49:33.203205+00:00 RX 01 03 02 00 00 B8 44
2026-07-24T17:49:33.253716+00:00 TX 01 03 00 00 00 20 44 12
2026-07-24T17:49:33.298553+00:00 RX 01 03 40 00 00 00 00 00 03 00 00 00 03 00 00 00 00 00 00 00 00 00 00 00 00 00 00 00 01 00 00 01 00 05 0A 00 00 00 00 00 00 00 00 00 00 00 00 00 00 00 00 00 00 00 00 00 00 00 00 FF FF 60 B3 FF FF 60 B3 93 6C
2026-07-24T17:49:33.301554+00:00 TX 01 03 00 20 00 02 C5 C1
2026-07-24T17:49:33.310118+00:00 RX 01 03 04 00 00 07 9A 78 68
2026-07-24T17:49:33.312507+00:00 TX 01 03 01 C4 00 01 C4 0B
2026-07-24T17:49:33.319515+00:00 RX 01 03 02 00 00 B8 44
2026-07-24T17:49:33.369957+00:00 TX 01 03 00 00 00 20 44 12
2026-07-24T17:49:33.414044+00:00 RX 01 03 40 00 00 00 00 00 03 00 00 00 03 00 00 00 00 00 00 00 00 00 00 00 00 00 00 00 01 00 00 01 00 05 0A 00 00 00 00 00 00 00 00 00 00 00 00 00 00 00 00 00 00 00 00 00 00 00 00 FF FF 61 D8 FF FF 61 D8 F7 0B
2026-07-24T17:49:33.417044+00:00 TX 01 03 00 20 00 02 C5 C1
2026-07-24T17:49:33.424548+00:00 RX 01 03 04 00 00 07 9B B9 A8
2026-07-24T17:49:33.426548+00:00 TX 01 03 01 C4 00 01 C4 0B
2026-07-24T17:49:33.432549+00:00 RX 01 03 02 00 00 B8 44
2026-07-24T17:49:33.482558+00:00 TX 01 03 00 00 00 20 44 12
2026-07-24T17:49:33.527088+00:00 RX 01 03 40 00 00 00 00 00 03 00 00 00 03 00 00 00 00 00 00 00 00 00 00 00 00 00 00 00 01 00 00 01 00 05 0A 00 00 00 00 00 00 00 00 00 00 00 00 00 00 00 00 00 00 00 00 00 00 00 00 FF FF 5E FB FF FF 5E FB 67 EA
2026-07-24T17:49:33.529123+00:00 TX 01 03 00 20 00 02 C5 C1
2026-07-24T17:49:33.536121+00:00 RX 01 03 04 00 00 07 9C F8 6A
2026-07-24T17:49:33.538121+00:00 TX 01 03 01 C4 00 01 C4 0B
2026-07-24T17:49:33.544122+00:00 RX 01 03 02 00 00 B8 44
2026-07-24T17:49:33.594203+00:00 TX 01 03 00 00 00 20 44 12
2026-07-24T17:49:33.639222+00:00 RX 01 03 40 00 00 00 00 00 03 00 00 00 03 00 00 00 00 00 00 00 00 00 00 00 00 00 00 00 01 00 00 01 00 05 0A 00 00 00 00 00 00 00 00 00 00 00 00 00 00 00 00 00 00 00 00 00 00 00 00 FF FF 5D 88 FF FF 5D 88 23 07
2026-07-24T17:49:33.641222+00:00 TX 01 03 00 20 00 02 C5 C1
2026-07-24T17:49:33.649224+00:00 RX 01 03 04 00 00 07 9D 39 AA
2026-07-24T17:49:33.651224+00:00 TX 01 03 01 C4 00 01 C4 0B
2026-07-24T17:49:33.657226+00:00 RX 01 03 02 00 00 B8 44
2026-07-24T17:49:33.707736+00:00 TX 01 03 00 00 00 20 44 12
2026-07-24T17:49:33.752772+00:00 RX 01 03 40 00 00 00 00 00 03 00 00 00 03 00 00 00 00 00 00 00 00 00 00 00 00 00 00 00 01 00 00 01 00 05 0A 00 00 00 00 00 00 00 00 00 00 00 00 00 00 00 00 00 00 00 00 00 00 00 00 FF FF 60 61 FF FF 60 61 AB 23
2026-07-24T17:49:33.755770+00:00 TX 01 03 00 20 00 02 C5 C1
2026-07-24T17:49:33.763771+00:00 RX 01 03 04 00 00 07 9F B8 6B
2026-07-24T17:49:33.765772+00:00 TX 01 03 01 C4 00 01 C4 0B
2026-07-24T17:49:33.772770+00:00 RX 01 03 02 00 00 B8 44
2026-07-24T17:49:33.822816+00:00 TX 01 03 00 00 00 20 44 12
2026-07-24T17:49:33.867827+00:00 RX 01 03 40 00 00 00 00 00 03 00 00 00 03 00 00 00 00 00 00 00 00 00 00 00 00 00 00 00 01 00 00 01 00 05 0A 00 00 00 00 00 00 00 00 00 00 00 00 00 00 00 00 00 00 00 00 00 00 00 00 FF FF 62 3C FF FF 62 3C 87 95
2026-07-24T17:49:33.869827+00:00 TX 01 03 00 20 00 02 C5 C1
2026-07-24T17:49:33.877826+00:00 RX 01 03 04 00 00 07 A0 F8 7B
2026-07-24T17:49:33.879827+00:00 TX 01 03 01 C4 00 01 C4 0B
2026-07-24T17:49:33.886828+00:00 RX 01 03 02 00 00 B8 44
2026-07-24T17:49:33.937346+00:00 TX 01 03 00 00 00 20 44 12
2026-07-24T17:49:33.982876+00:00 RX 01 03 40 00 00 00 00 00 03 00 00 00 03 00 00 00 00 00 00 00 00 00 00 00 00 00 00 00 01 00 00 01 00 05 0A 00 00 00 00 00 00 00 00 00 00 00 00 00 00 00 00 00 00 00 00 00 00 00 00 FF FF 63 DB FF FF 63 DB F3 88
2026-07-24T17:49:33.985876+00:00 TX 01 03 00 20 00 02 C5 C1
2026-07-24T17:49:33.993379+00:00 RX 01 03 04 00 00 07 A1 39 BB
2026-07-24T17:49:33.995380+00:00 TX 01 03 01 C4 00 01 C4 0B
2026-07-24T17:49:34.002381+00:00 RX 01 03 02 00 00 B8 44
2026-07-24T17:49:34.052890+00:00 TX 01 03 00 00 00 20 44 12
2026-07-24T17:49:34.096954+00:00 RX 01 03 40 00 00 00 00 00 03 00 00 00 03 00 00 00 00 00 00 00 00 00 00 00 00 00 00 00 01 00 00 01 00 05 0A 00 00 00 00 00 00 00 00 00 00 00 00 00 00 00 00 00 00 00 00 00 00 00 00 FF FF 63 05 FF FF 63 05 DB C3
2026-07-24T17:49:34.099955+00:00 TX 01 03 00 20 00 02 C5 C1
2026-07-24T17:49:34.108957+00:00 RX 01 03 04 00 00 07 A2 79 BA
2026-07-24T17:49:34.111459+00:00 TX 01 03 01 C4 00 01 C4 0B
2026-07-24T17:49:34.118460+00:00 RX 01 03 02 00 00 B8 44
2026-07-24T17:49:34.168528+00:00 TX 01 03 00 00 00 20 44 12
2026-07-24T17:49:34.214248+00:00 RX 01 03 40 00 00 00 00 00 03 00 00 00 03 00 00 00 00 00 00 00 00 00 00 00 00 00 00 00 01 00 00 01 00 05 0A 00 00 00 00 00 00 00 00 00 00 00 00 00 00 00 00 00 00 00 00 00 00 00 00 FF FF 62 97 FF FF 62 97 E3 F2
2026-07-24T17:49:34.217249+00:00 TX 01 03 00 20 00 02 C5 C1
2026-07-24T17:49:34.225752+00:00 RX 01 03 04 00 00 07 A3 B8 7A
2026-07-24T17:49:34.227753+00:00 TX 01 03 01 C4 00 01 C4 0B
2026-07-24T17:49:34.234754+00:00 RX 01 03 02 00 00 B8 44
2026-07-24T17:49:34.284839+00:00 TX 01 03 00 00 00 20 44 12
2026-07-24T17:49:34.329350+00:00 RX 01 03 40 00 00 00 00 00 03 00 00 00 03 00 00 00 00 00 00 00 00 00 00 00 00 00 00 00 01 00 00 01 00 05 0A 00 00 00 00 00 00 00 00 00 00 00 00 00 00 00 00 00 00 00 00 00 00 00 00 FF FF 62 3B FF FF 62 3B 73 97
2026-07-24T17:49:34.331351+00:00 TX 01 03 00 20 00 02 C5 C1
2026-07-24T17:49:34.339353+00:00 RX 01 03 04 00 00 07 A4 F9 B8
2026-07-24T17:49:34.341353+00:00 TX 01 03 01 C4 00 01 C4 0B
2026-07-24T17:49:34.348355+00:00 RX 01 03 02 00 00 B8 44
2026-07-24T17:49:34.398371+00:00 TX 01 03 00 00 00 20 44 12
2026-07-24T17:49:34.443599+00:00 RX 01 03 40 00 00 00 00 00 03 00 00 00 03 00 00 00 00 00 00 00 00 00 00 00 00 00 00 00 01 00 00 01 00 05 0A 00 00 00 00 00 00 00 00 00 00 00 00 00 00 00 00 00 00 00 00 00 00 00 00 FF FF 62 CB FF FF 62 CB 33 C6
2026-07-24T17:49:34.445600+00:00 TX 01 03 00 20 00 02 C5 C1
2026-07-24T17:49:34.453601+00:00 RX 01 03 04 00 00 07 A6 78 79
2026-07-24T17:49:34.455602+00:00 TX 01 03 01 C4 00 01 C4 0B
2026-07-24T17:49:34.461604+00:00 RX 01 03 02 00 00 B8 44
2026-07-24T17:49:34.512141+00:00 TX 01 03 00 00 00 20 44 12
2026-07-24T17:49:34.556651+00:00 RX 01 03 40 00 00 00 00 00 03 00 00 00 03 00 00 00 00 00 00 00 00 00 00 00 00 00 00 00 01 00 00 01 00 05 0A 00 00 00 00 00 00 00 00 00 00 00 00 00 00 00 00 00 00 00 00 00 00 00 00 FF FF 60 99 FF FF 60 99 0B 75
2026-07-24T17:49:34.558651+00:00 TX 01 03 00 20 00 02 C5 C1
2026-07-24T17:49:34.566653+00:00 RX 01 03 04 00 00 07 A7 B9 B9
2026-07-24T17:49:34.569651+00:00 TX 01 03 01 C4 00 01 C4 0B
2026-07-24T17:49:34.575653+00:00 RX 01 03 02 00 00 B8 44
2026-07-24T17:49:34.625726+00:00 TX 01 03 00 00 00 20 44 12
2026-07-24T17:49:34.670751+00:00 RX 01 03 40 00 00 00 00 00 03 00 00 00 03 00 00 00 00 00 00 00 00 00 00 00 00 00 00 00 01 00 00 01 00 05 0A 00 00 00 00 00 00 00 00 00 00 00 00 00 00 00 00 00 00 00 00 00 00 00 00 FF FF 60 29 FF FF 60 29 4B 1B
2026-07-24T17:49:34.673751+00:00 TX 01 03 00 20 00 02 C5 C1
2026-07-24T17:49:34.681749+00:00 RX 01 03 04 00 00 07 A8 F9 BD
2026-07-24T17:49:34.683750+00:00 TX 01 03 01 C4 00 01 C4 0B
2026-07-24T17:49:34.690253+00:00 RX 01 03 02 00 00 B8 44
2026-07-24T17:49:34.740294+00:00 TX 01 03 00 00 00 20 44 12
2026-07-24T17:49:34.785344+00:00 RX 01 03 40 00 00 00 00 00 03 00 00 00 03 00 00 00 00 00 00 00 00 00 00 00 00 00 00 00 01 00 00 01 00 05 0A 00 00 00 00 00 00 00 00 00 00 00 00 00 00 00 00 00 00 00 00 00 00 00 00 FF FF 62 A0 FF FF 62 A0 57 E0
2026-07-24T17:49:34.787345+00:00 TX 01 03 00 20 00 02 C5 C1
2026-07-24T17:49:34.795848+00:00 RX 01 03 04 00 00 07 A9 38 7D
2026-07-24T17:49:34.797848+00:00 TX 01 03 01 C4 00 01 C4 0B
2026-07-24T17:49:34.804850+00:00 RX 01 03 02 00 00 B8 44
2026-07-24T17:49:34.855360+00:00 TX 01 03 00 00 00 20 44 12
2026-07-24T17:49:34.899869+00:00 RX 01 03 40 00 00 00 00 00 03 00 00 00 03 00 00 00 00 00 00 00 00 00 00 00 00 00 00 00 01 00 00 01 00 05 0A 00 00 00 00 00 00 00 00 00 00 00 00 00 00 00 00 00 00 00 00 00 00 00 00 FF FF 62 F3 FF FF 62 F3 93 D1
2026-07-24T17:49:34.902870+00:00 TX 01 03 00 20 00 02 C5 C1
2026-07-24T17:49:34.910872+00:00 RX 01 03 04 00 00 07 AA 78 7C
2026-07-24T17:49:34.913872+00:00 TX 01 03 01 C4 00 01 C4 0B
2026-07-24T17:49:34.920874+00:00 RX 01 03 02 00 00 B8 44
2026-07-24T17:49:34.970882+00:00 TX 01 03 00 00 00 20 44 12
2026-07-24T17:49:35.014892+00:00 RX 01 03 40 00 00 00 00 00 03 00 00 00 03 00 00 00 00 00 00 00 00 00 00 00 00 00 00 00 01 00 00 01 00 05 0A 00 00 00 00 00 00 00 00 00 00 00 00 00 00 00 00 00 00 00 00 00 00 00 00 FF FF 60 63 FF FF 60 63 53 22
2026-07-24T17:49:35.017893+00:00 TX 01 03 00 20 00 02 C5 C1
2026-07-24T17:49:35.025396+00:00 RX 01 03 04 00 00 07 AB B9 BC
2026-07-24T17:49:35.027397+00:00 TX 01 03 01 C4 00 01 C4 0B
2026-07-24T17:49:35.033399+00:00 RX 01 03 02 00 00 B8 44
2026-07-24T17:49:35.083407+00:00 TX 01 03 00 00 00 20 44 12
2026-07-24T17:49:35.128542+00:00 RX 01 03 40 00 00 00 00 00 03 00 00 00 03 00 00 00 00 00 00 00 00 00 00 00 00 00 00 00 01 00 00 01 00 05 0A 00 00 00 00 00 00 00 00 00 00 00 00 00 00 00 00 00 00 00 00 00 00 00 00 FF FF 5E 39 FF FF 5E 39 9F AA
2026-07-24T17:49:35.130543+00:00 TX 01 03 00 20 00 02 C5 C1
2026-07-24T17:49:35.138545+00:00 RX 01 03 04 00 00 07 AD 39 BE
2026-07-24T17:49:35.140545+00:00 TX 01 03 01 C4 00 01 C4 0B
2026-07-24T17:49:35.147115+00:00 RX 01 03 02 00 00 B8 44
2026-07-24T17:49:35.197126+00:00 TX 01 03 00 00 00 20 44 12
2026-07-24T17:49:35.241635+00:00 RX 01 03 40 00 00 00 00 00 03 00 00 00 03 00 00 00 00 00 00 00 00 00 00 00 00 00 00 00 01 00 00 01 00 05 0A 00 00 00 00 00 00 00 00 00 00 00 00 00 00 00 00 00 00 00 00 00 00 00 00 FF FF 5E C7 FF FF 5E C7 37 FE
2026-07-24T17:49:35.243636+00:00 TX 01 03 00 20 00 02 C5 C1
2026-07-24T17:49:35.251638+00:00 RX 01 03 04 00 00 07 AE 79 BF
2026-07-24T17:49:35.253638+00:00 TX 01 03 01 C4 00 01 C4 0B
2026-07-24T17:49:35.259639+00:00 RX 01 03 02 00 00 B8 44
2026-07-24T17:49:35.310149+00:00 TX 01 03 00 00 00 20 44 12
2026-07-24T17:49:35.355159+00:00 RX 01 03 40 00 00 00 00 00 03 00 00 00 03 00 00 00 00 00 00 00 00 00 00 00 00 00 00 00 01 00 00 01 00 05 0A 00 00 00 00 00 00 00 00 00 00 00 00 00 00 00 00 00 00 00 00 00 00 00 00 FF FF 5D 7D FF FF 5D 7D 6F 55
2026-07-24T17:49:35.357160+00:00 TX 01 03 00 20 00 02 C5 C1
2026-07-24T17:49:35.364162+00:00 RX 01 03 04 00 00 07 AF B8 7F
2026-07-24T17:49:35.366162+00:00 TX 01 03 01 C4 00 01 C4 0B
2026-07-24T17:49:35.372160+00:00 RX 01 03 02 00 00 B8 44
2026-07-24T17:49:35.422688+00:00 TX 01 03 00 00 00 20 44 12
2026-07-24T17:49:35.467699+00:00 RX 01 03 40 00 00 00 00 00 03 00 00 00 03 00 00 00 00 00 00 00 00 00 00 00 00 00 00 00 01 00 00 01 00 05 0A 00 00 00 00 00 00 00 00 00 00 00 00 00 00 00 00 00 00 00 00 00 00 00 00 FF FF 5E 2A FF FF 5E 2A 5B A4
2026-07-24T17:49:35.469699+00:00 TX 01 03 00 20 00 02 C5 C1
2026-07-24T17:49:35.476701+00:00 RX 01 03 04 00 00 07 B0 F9 B7
2026-07-24T17:49:35.479699+00:00 TX 01 03 01 C4 00 01 C4 0B
2026-07-24T17:49:35.486700+00:00 RX 01 03 02 00 00 B8 44
2026-07-24T17:49:35.536757+00:00 TX 01 03 00 00 00 20 44 12
2026-07-24T17:49:35.581489+00:00 RX 01 03 40 00 00 00 00 00 03 00 00 00 03 00 00 00 00 00 00 00 00 00 00 00 00 00 00 00 01 00 00 01 00 05 0A 00 00 00 00 00 00 00 00 00 00 00 00 00 00 00 00 00 00 00 00 00 00 00 00 FF FF 60 77 FF FF 60 77 63 2E
2026-07-24T17:49:35.583490+00:00 TX 01 03 00 20 00 02 C5 C1
2026-07-24T17:49:35.591004+00:00 RX 01 03 04 00 00 07 B1 38 77
2026-07-24T17:49:35.593505+00:00 TX 01 03 01 C4 00 01 C4 0B
2026-07-24T17:49:35.599506+00:00 RX 01 03 02 00 00 B8 44
2026-07-24T17:49:35.650061+00:00 TX 01 03 00 00 00 20 44 12
2026-07-24T17:49:35.694570+00:00 RX 01 03 40 00 00 00 00 00 03 00 00 00 03 00 00 00 00 00 00 00 00 00 00 00 00 00 00 00 01 00 00 01 00 05 0A 00 00 00 00 00 00 00 00 00 00 00 00 00 00 00 00 00 00 00 00 00 00 00 00 FF FF 5F 3E FF FF 5F 3E 6B E9
2026-07-24T17:49:35.697571+00:00 TX 01 03 00 20 00 02 C5 C1
2026-07-24T17:49:35.705573+00:00 RX 01 03 04 00 00 07 B2 78 76
2026-07-24T17:49:35.707573+00:00 TX 01 03 01 C4 00 01 C4 0B
2026-07-24T17:49:35.714021+00:00 RX 01 03 02 00 00 B8 44
2026-07-24T17:49:35.764258+00:00 TX 01 03 00 00 00 20 44 12
2026-07-24T17:49:35.809388+00:00 RX 01 03 40 00 00 00 00 00 03 00 00 00 03 00 00 00 00 00 00 00 00 00 00 00 00 00 00 00 01 00 00 01 00 05 0A 00 00 00 00 00 00 00 00 00 00 00 00 00 00 00 00 00 00 00 00 00 00 00 00 FF FF 5F 7B FF FF 5F 7B 67 D5
2026-07-24T17:49:35.811388+00:00 TX 01 03 00 20 00 02 C5 C1
2026-07-24T17:49:35.819417+00:00 RX 01 03 04 00 00 07 B4 F8 74
2026-07-24T17:49:35.821417+00:00 TX 01 03 01 C4 00 01 C4 0B
2026-07-24T17:49:35.827920+00:00 RX 01 03 02 00 00 B8 44
2026-07-24T17:49:35.879005+00:00 TX 01 03 00 00 00 20 44 12
2026-07-24T17:49:35.923519+00:00 RX 01 03 40 00 00 00 00 00 03 00 00 00 03 00 00 00 00 00 00 00 00 00 00 00 00 00 00 00 01 00 00 01 00 05 0A 00 00 00 00 00 00 00 00 00 00 00 00 00 00 00 00 00 00 00 00 00 00 00 00 FF FF 61 FC FF FF 61 FC 87 17
2026-07-24T17:49:35.926520+00:00 TX 01 03 00 20 00 02 C5 C1
2026-07-24T17:49:35.934521+00:00 RX 01 03 04 00 00 07 B5 39 B4
2026-07-24T17:49:35.936522+00:00 TX 01 03 01 C4 00 01 C4 0B
2026-07-24T17:49:35.942523+00:00 RX 01 03 02 00 00 B8 44
2026-07-24T17:49:35.993033+00:00 TX 01 03 00 00 00 20 44 12
2026-07-24T17:49:36.038042+00:00 RX 01 03 40 00 00 00 00 00 03 00 00 00 03 00 00 00 00 00 00 00 00 00 00 00 00 00 00 00 01 00 00 01 00 05 0A 00 00 00 00 00 00 00 00 00 00 00 00 00 00 00 00 00 00 00 00 00 00 00 00 FF FF 60 57 FF FF 60 57 E3 31
2026-07-24T17:49:36.041040+00:00 TX 01 03 00 20 00 02 C5 C1
2026-07-24T17:49:36.049042+00:00 RX 01 03 04 00 00 07 B6 79 B5
2026-07-24T17:49:36.051043+00:00 TX 01 03 01 C4 00 01 C4 0B
2026-07-24T17:49:36.057123+00:00 RX 01 03 02 00 00 B8 44
2026-07-24T17:49:36.107703+00:00 TX 01 03 00 00 00 20 44 12
2026-07-24T17:49:36.152286+00:00 RX 01 03 40 00 00 00 00 00 03 00 00 00 03 00 00 00 00 00 00 00 00 00 00 00 00 00 00 00 01 00 00 01 00 05 0A 00 00 00 00 00 00 00 00 00 00 00 00 00 00 00 00 00 00 00 00 00 00 00 00 FF FF 5D 64 FF FF 5D 64 B3 5D
2026-07-24T17:49:36.154286+00:00 TX 01 03 00 20 00 02 C5 C1
2026-07-24T17:49:36.162296+00:00 RX 01 03 04 00 00 07 B7 B8 75
2026-07-24T17:49:36.165293+00:00 TX 01 03 01 C4 00 01 C4 0B
2026-07-24T17:49:36.171292+00:00 RX 01 03 02 00 00 B8 44
2026-07-24T17:49:36.221824+00:00 TX 01 03 00 00 00 20 44 12
2026-07-24T17:49:36.266336+00:00 RX 01 03 40 00 00 00 00 00 03 00 00 00 03 00 00 00 00 00 00 00 00 00 00 00 00 00 00 00 01 00 00 01 00 05 0A 00 00 00 00 00 00 00 00 00 00 00 00 00 00 00 00 00 00 00 00 00 00 00 00 FF FF 5F 03 FF FF 5F 03 C7 FD
2026-07-24T17:49:36.268337+00:00 TX 01 03 00 20 00 02 C5 C1
2026-07-24T17:49:36.276339+00:00 RX 01 03 04 00 00 07 B8 F8 71
2026-07-24T17:49:36.278339+00:00 TX 01 03 01 C4 00 01 C4 0B
2026-07-24T17:49:36.284337+00:00 RX 01 03 02 00 00 B8 44
2026-07-24T17:49:36.334849+00:00 TX 01 03 00 00 00 20 44 12
2026-07-24T17:49:36.379857+00:00 RX 01 03 40 00 00 00 00 00 03 00 00 00 03 00 00 00 00 00 00 00 00 00 00 00 00 00 00 00 01 00 00 01 00 05 0A 00 00 00 00 00 00 00 00 00 00 00 00 00 00 00 00 00 00 00 00 00 00 00 00 FF FF 5B AC FF FF 5B AC 50 DD
2026-07-24T17:49:36.381857+00:00 TX 01 03 00 20 00 02 C5 C1
2026-07-24T17:49:36.390362+00:00 RX 01 03 04 00 00 07 B9 39 B1
2026-07-24T17:49:36.392363+00:00 TX 01 03 01 C4 00 01 C4 0B
2026-07-24T17:49:36.398910+00:00 RX 01 03 02 00 00 B8 44
2026-07-24T17:49:36.448917+00:00 TX 01 03 00 00 00 20 44 12
2026-07-24T17:49:36.492924+00:00 RX 01 03 40 00 00 00 00 00 03 00 00 00 03 00 00 00 00 00 00 00 00 00 00 00 00 00 00 00 01 00 00 01 00 05 0A 00 00 00 00 00 00 00 00 00 00 00 00 00 00 00 00 00 00 00 00 00 00 00 00 FF FF 5B AC FF FF 5B AC 50 DD
2026-07-24T17:49:36.496492+00:00 TX 01 03 00 20 00 02 C5 C1
2026-07-24T17:49:36.503998+00:00 RX 01 03 04 00 00 07 BA 79 B0
2026-07-24T17:49:36.506995+00:00 TX 01 03 01 C4 00 01 C4 0B
2026-07-24T17:49:36.512996+00:00 RX 01 03 02 00 00 B8 44
2026-07-24T17:49:36.564003+00:00 TX 01 03 00 00 00 20 44 12
2026-07-24T17:49:36.609007+00:00 RX 01 03 40 00 00 00 00 00 03 00 00 00 03 00 00 00 00 00 00 00 00 00 00 00 00 00 00 00 01 00 00 01 00 05 0A 00 00 00 00 00 00 00 00 00 00 00 00 00 00 00 00 00 00 00 00 00 00 00 00 FF FF 5C B5 FF FF 5C B5 8F 52
2026-07-24T17:49:36.612008+00:00 TX 01 03 00 20 00 02 C5 C1
2026-07-24T17:49:36.620010+00:00 RX 01 03 04 00 00 07 BC F9 B2
2026-07-24T17:49:36.622011+00:00 TX 01 03 01 C4 00 01 C4 0B
2026-07-24T17:49:36.629018+00:00 RX 01 03 02 00 00 B8 44
2026-07-24T17:49:36.679200+00:00 TX 01 03 00 00 00 20 44 12
2026-07-24T17:49:36.724227+00:00 RX 01 03 40 00 00 00 00 00 03 00 00 00 03 00 00 00 00 00 00 00 00 00 00 00 00 00 00 00 01 00 00 01 00 05 0A 00 00 00 00 00 00 00 00 00 00 00 00 00 00 00 00 00 00 00 00 00 00 00 00 FF FF 5D 70 FF FF 5D 70 83 51
2026-07-24T17:49:36.726228+00:00 TX 01 03 00 20 00 02 C5 C1
2026-07-24T17:49:36.734230+00:00 RX 01 03 04 00 00 07 BD 38 72
2026-07-24T17:49:36.736230+00:00 TX 01 03 01 C4 00 01 C4 0B
2026-07-24T17:49:36.742228+00:00 RX 01 03 02 00 00 B8 44
2026-07-24T17:49:36.792282+00:00 TX 01 03 00 00 00 20 44 12
2026-07-24T17:49:36.836963+00:00 RX 01 03 40 00 00 00 00 00 03 00 00 00 03 00 00 00 00 00 00 00 00 00 00 00 00 00 00 00 01 00 00 01 00 05 0A 00 00 00 00 00 00 00 00 00 00 00 00 00 00 00 00 00 00 00 00 00 00 00 00 FF FF 5F 5D FF FF 5F 5D EF C8
2026-07-24T17:49:36.839963+00:00 TX 01 03 00 20 00 02 C5 C1
2026-07-24T17:49:36.847965+00:00 RX 01 03 04 00 00 07 BE 78 73
2026-07-24T17:49:36.849966+00:00 TX 01 03 01 C4 00 01 C4 0B
2026-07-24T17:49:36.855967+00:00 RX 01 03 02 00 00 B8 44
2026-07-24T17:49:36.906477+00:00 TX 01 03 00 00 00 20 44 12
2026-07-24T17:49:36.950985+00:00 RX 01 03 40 00 00 00 00 00 03 00 00 00 03 00 00 00 00 00 00 00 00 00 00 00 00 00 00 00 01 00 00 01 00 05 0A 00 00 00 00 00 00 00 00 00 00 00 00 00 00 00 00 00 00 00 00 00 00 00 00 FF FF 60 77 FF FF 60 77 63 2E
2026-07-24T17:49:36.952986+00:00 TX 01 03 00 20 00 02 C5 C1
2026-07-24T17:49:36.959987+00:00 RX 01 03 04 00 00 07 BF B9 B3
2026-07-24T17:49:36.962988+00:00 TX 01 03 01 C4 00 01 C4 0B
2026-07-24T17:49:36.968989+00:00 RX 01 03 02 00 00 B8 44
2026-07-24T17:49:37.020059+00:00 TX 01 03 00 00 00 20 44 12
2026-07-24T17:49:37.065075+00:00 RX 01 03 40 00 00 00 00 00 03 00 00 00 03 00 00 00 00 00 00 00 00 00 00 00 00 00 00 00 01 00 00 01 00 05 0A 00 00 00 00 00 00 00 00 00 00 00 00 00 00 00 00 00 00 00 00 00 00 00 00 FF FF 61 27 FF FF 61 27 A3 5F
2026-07-24T17:49:37.068076+00:00 TX 01 03 00 20 00 02 C5 C1
2026-07-24T17:49:37.075077+00:00 RX 01 03 04 00 00 07 C0 F8 53
2026-07-24T17:49:37.077078+00:00 TX 01 03 01 C4 00 01 C4 0B
2026-07-24T17:49:37.083076+00:00 RX 01 03 02 00 00 B8 44
2026-07-24T17:49:37.133390+00:00 TX 01 03 00 00 00 20 44 12
2026-07-24T17:49:37.178724+00:00 RX 01 03 40 00 00 00 00 00 03 00 00 00 03 00 00 00 00 00 00 00 00 00 00 00 00 00 00 00 01 00 00 01 00 05 0A 00 00 00 00 00 00 00 00 00 00 00 00 00 00 00 00 00 00 00 00 00 00 00 00 FF FF 61 3F FF FF 61 3F 83 57
2026-07-24T17:49:37.180725+00:00 TX 01 03 00 20 00 02 C5 C1
2026-07-24T17:49:37.189229+00:00 RX 01 03 04 00 00 07 C1 39 93
2026-07-24T17:49:37.191229+00:00 TX 01 03 01 C4 00 01 C4 0B
2026-07-24T17:49:37.197735+00:00 RX 01 03 02 00 00 B8 44
2026-07-24T17:49:37.248244+00:00 TX 01 03 00 00 00 20 44 12
2026-07-24T17:49:37.293251+00:00 RX 01 03 40 00 00 00 00 00 03 00 00 00 03 00 00 00 00 00 00 00 00 00 00 00 00 00 00 00 01 00 00 01 00 05 0A 00 00 00 00 00 00 00 00 00 00 00 00 00 00 00 00 00 00 00 00 00 00 00 00 FF FF 5F 63 FF FF 5F 63 47 DD
2026-07-24T17:49:37.296252+00:00 TX 01 03 00 20 00 02 C5 C1
2026-07-24T17:49:37.303755+00:00 RX 01 03 04 00 00 07 C3 B8 52
2026-07-24T17:49:37.305756+00:00 TX 01 03 01 C4 00 01 C4 0B
2026-07-24T17:49:37.312757+00:00 RX 01 03 02 00 00 B8 44
2026-07-24T17:49:37.362769+00:00 TX 01 03 00 00 00 20 44 12
2026-07-24T17:49:37.407585+00:00 RX 01 03 40 00 00 00 00 00 03 00 00 00 03 00 00 00 00 00 00 00 00 00 00 00 00 00 00 00 01 00 00 01 00 05 0A 00 00 00 00 00 00 00 00 00 00 00 00 00 00 00 00 00 00 00 00 00 00 00 00 FF FF 5D B4 FF FF 5D B4 73 13
2026-07-24T17:49:37.410582+00:00 TX 01 03 00 20 00 02 C5 C1
2026-07-24T17:49:37.418584+00:00 RX 01 03 04 00 00 07 C4 F9 90
2026-07-24T17:49:37.421341+00:00 TX 01 03 01 C4 00 01 C4 0B
2026-07-24T17:49:37.427844+00:00 RX 01 03 02 00 00 B8 44
2026-07-24T17:49:37.479610+00:00 TX 01 03 00 00 00 20 44 12
2026-07-24T17:49:37.524162+00:00 RX 01 03 40 00 00 00 00 00 03 00 00 00 03 00 00 00 00 00 00 00 00 00 00 00 00 00 00 00 01 00 00 01 00 05 0A 00 00 00 00 00 00 00 00 00 00 00 00 00 00 00 00 00 00 00 00 00 00 00 00 FF FF 5E 3E FF FF 5E 3E 6B A8
2026-07-24T17:49:37.526162+00:00 TX 01 03 00 20 00 02 C5 C1
2026-07-24T17:49:37.533521+00:00 RX 01 03 04 00 00 07 C5 38 50
2026-07-24T17:49:37.535521+00:00 TX 01 03 01 C4 00 01 C4 0B
2026-07-24T17:49:37.541523+00:00 RX 01 03 02 00 00 B8 44
2026-07-24T17:49:37.591618+00:00 TX 01 03 00 00 00 20 44 12
2026-07-24T17:49:37.636154+00:00 RX 01 03 40 00 00 00 00 00 03 00 00 00 03 00 00 00 00 00 00 00 00 00 00 00 00 00 00 00 01 00 00 01 00 05 0A 00 00 00 00 00 00 00 00 00 00 00 00 00 00 00 00 00 00 00 00 00 00 00 00 FF FF 5C 3E FF FF 5C 3E 6B 2A
2026-07-24T17:49:37.638154+00:00 TX 01 03 00 20 00 02 C5 C1
2026-07-24T17:49:37.646156+00:00 RX 01 03 04 00 00 07 C6 78 51
2026-07-24T17:49:37.648661+00:00 TX 01 03 01 C4 00 01 C4 0B
2026-07-24T17:49:37.654659+00:00 RX 01 03 02 00 00 B8 44
2026-07-24T17:49:37.706169+00:00 TX 01 03 00 00 00 20 44 12
2026-07-24T17:49:37.750696+00:00 RX 01 03 40 00 00 00 00 00 03 00 00 00 03 00 00 00 00 00 00 00 00 00 00 00 00 00 00 00 01 00 00 01 00 05 0A 00 00 00 00 00 00 00 00 00 00 00 00 00 00 00 00 00 00 00 00 00 00 00 00 FF FF 5C 9C FF FF 5C 9C 13 4A
2026-07-24T17:49:37.752696+00:00 TX 01 03 00 20 00 02 C5 C1
2026-07-24T17:49:37.760199+00:00 RX 01 03 04 00 00 07 C7 B9 91
2026-07-24T17:49:37.763886+00:00 TX 01 03 01 C4 00 01 C4 0B
2026-07-24T17:49:37.770887+00:00 RX 01 03 02 00 00 B8 44
2026-07-24T17:49:37.820895+00:00 TX 01 03 00 00 00 20 44 12
2026-07-24T17:49:37.865408+00:00 RX 01 03 40 00 00 00 00 00 03 00 00 00 03 00 00 00 00 00 00 00 00 00 00 00 00 00 00 00 01 00 00 01 00 05 0A 00 00 00 00 00 00 00 00 00 00 00 00 00 00 00 00 00 00 00 00 00 00 00 00 FF FF 5F 06 FF FF 5F 06 CB FE
2026-07-24T17:49:37.867409+00:00 TX 01 03 00 20 00 02 C5 C1
2026-07-24T17:49:37.875410+00:00 RX 01 03 04 00 00 07 C8 F9 95
2026-07-24T17:49:37.877411+00:00 TX 01 03 01 C4 00 01 C4 0B
2026-07-24T17:49:37.883412+00:00 RX 01 03 02 00 00 B8 44
2026-07-24T17:49:37.933922+00:00 TX 01 03 00 00 00 20 44 12
2026-07-24T17:49:37.978456+00:00 RX 01 03 40 00 00 00 00 00 03 00 00 00 03 00 00 00 00 00 00 00 00 00 00 00 00 00 00 00 01 00 00 01 00 05 0A 00 00 00 00 00 00 00 00 00 00 00 00 00 00 00 00 00 00 00 00 00 00 00 00 FF FF 5F 89 FF FF 5F 89 DF 85
2026-07-24T17:49:37.981457+00:00 TX 01 03 00 20 00 02 C5 C1
2026-07-24T17:49:37.989961+00:00 RX 01 03 04 00 00 07 CA 78 54
2026-07-24T17:49:37.991961+00:00 TX 01 03 01 C4 00 01 C4 0B
2026-07-24T17:49:37.997962+00:00 RX 01 03 02 00 00 B8 44
2026-07-24T17:49:38.048541+00:00 TX 01 03 00 00 00 20 44 12
2026-07-24T17:49:38.093548+00:00 RX 01 03 40 00 00 00 00 00 03 00 00 00 03 00 00 00 00 00 00 00 00 00 00 00 00 00 00 00 01 00 00 01 00 05 0A 00 00 00 00 00 00 00 00 00 00 00 00 00 00 00 00 00 00 00 00 00 00 00 00 FF FF 5F 46 FF FF 5F 46 CB C1
2026-07-24T17:49:38.095549+00:00 TX 01 03 00 20 00 02 C5 C1
2026-07-24T17:49:38.103596+00:00 RX 01 03 04 00 00 07 CB B9 94
2026-07-24T17:49:38.105597+00:00 TX 01 03 01 C4 00 01 C4 0B
2026-07-24T17:49:38.111599+00:00 RX 01 03 02 00 00 B8 44
2026-07-24T17:49:38.162155+00:00 TX 01 03 00 00 00 20 44 12
2026-07-24T17:49:38.208215+00:00 RX 01 03 40 00 00 00 00 00 03 00 00 00 03 00 00 00 00 00 00 00 00 00 00 00 00 00 00 00 01 00 00 01 00 05 0A 00 00 00 00 00 00 00 00 00 00 00 00 00 00 00 00 00 00 00 00 00 00 00 00 FF FF 5D 78 FF FF 5D 78 63 56
2026-07-24T17:49:38.211213+00:00 TX 01 03 00 20 00 02 C5 C1
2026-07-24T17:49:38.219214+00:00 RX 01 03 04 00 00 07 CC F8 56
2026-07-24T17:49:38.221215+00:00 TX 01 03 01 C4 00 01 C4 0B
2026-07-24T17:49:38.228718+00:00 RX 01 03 02 00 00 B8 44
2026-07-24T17:49:38.278730+00:00 TX 01 03 00 00 00 20 44 12
2026-07-24T17:49:38.323240+00:00 RX 01 03 40 00 00 00 00 00 03 00 00 00 03 00 00 00 00 00 00 00 00 00 00 00 00 00 00 00 01 00 00 01 00 05 0A 00 00 00 00 00 00 00 00 00 00 00 00 00 00 00 00 00 00 00 00 00 00 00 00 FF FF 5D D0 FF FF 5D D0 03 30
2026-07-24T17:49:38.326240+00:00 TX 01 03 00 20 00 02 C5 C1
2026-07-24T17:49:38.334242+00:00 RX 01 03 04 00 00 07 CD 39 96
2026-07-24T17:49:38.336242+00:00 TX 01 03 01 C4 00 01 C4 0B
2026-07-24T17:49:38.343244+00:00 RX 01 03 02 00 00 B8 44
2026-07-24T17:49:38.393754+00:00 TX 01 03 00 00 00 20 44 12
2026-07-24T17:49:38.438765+00:00 RX 01 03 40 00 00 00 00 00 03 00 00 00 03 00 00 00 00 00 00 00 00 00 00 00 00 00 00 00 01 00 00 01 00 05 0A 00 00 00 00 00 00 00 00 00 00 00 00 00 00 00 00 00 00 00 00 00 00 00 00 FF FF 5F 12 FF FF 5F 12 FB F2
2026-07-24T17:49:38.441765+00:00 TX 01 03 00 20 00 02 C5 C1
2026-07-24T17:49:38.449767+00:00 RX 01 03 04 00 00 07 CE 79 97
2026-07-24T17:49:38.452768+00:00 TX 01 03 01 C4 00 01 C4 0B
2026-07-24T17:49:38.459770+00:00 RX 01 03 02 00 00 B8 44
2026-07-24T17:49:38.509780+00:00 TX 01 03 00 00 00 20 44 12
2026-07-24T17:49:38.554014+00:00 RX 01 03 40 00 00 00 00 00 03 00 00 00 03 00 00 00 00 00 00 00 00 00 00 00 00 00 00 00 01 00 00 01 00 05 0A 00 00 00 00 00 00 00 00 00 00 00 00 00 00 00 00 00 00 00 00 00 00 00 00 FF FF 5F 87 FF FF 5F 87 37 80
2026-07-24T17:49:38.557014+00:00 TX 01 03 00 20 00 02 C5 C1
2026-07-24T17:49:38.564016+00:00 RX 01 03 04 00 00 07 CF B8 57
2026-07-24T17:49:38.566017+00:00 TX 01 03 01 C4 00 01 C4 0B
2026-07-24T17:49:38.572018+00:00 RX 01 03 02 00 00 B8 44
2026-07-24T17:49:38.622065+00:00 TX 01 03 00 00 00 20 44 12
2026-07-24T17:49:38.667078+00:00 RX 01 03 40 00 00 00 00 00 03 00 00 00 03 00 00 00 00 00 00 00 00 00 00 00 00 00 00 00 01 00 00 01 00 05 0A 00 00 00 00 00 00 00 00 00 00 00 00 00 00 00 00 00 00 00 00 00 00 00 00 FF FF 5D 8C FF FF 5D 8C D3 04
2026-07-24T17:49:38.670079+00:00 TX 01 03 00 20 00 02 C5 C1
2026-07-24T17:49:38.678080+00:00 RX 01 03 04 00 00 07 D1 38 5F
2026-07-24T17:49:38.680081+00:00 TX 01 03 01 C4 00 01 C4 0B
2026-07-24T17:49:38.686082+00:00 RX 01 03 02 00 00 B8 44
2026-07-24T17:49:38.736121+00:00 TX 01 03 00 00 00 20 44 12
2026-07-24T17:49:38.781160+00:00 RX 01 03 40 00 00 00 00 00 03 00 00 00 03 00 00 00 00 00 00 00 00 00 00 00 00 00 00 00 01 00 00 01 00 05 0A 00 00 00 00 00 00 00 00 00 00 00 00 00 00 00 00 00 00 00 00 00 00 00 00 FF FF 5C 24 FF FF 5C 24 B3 23
2026-07-24T17:49:38.783160+00:00 TX 01 03 00 20 00 02 C5 C1
2026-07-24T17:49:38.790680+00:00 RX 01 03 04 00 00 07 D2 78 5E
2026-07-24T17:49:38.792680+00:00 TX 01 03 01 C4 00 01 C4 0B
2026-07-24T17:49:38.798681+00:00 RX 01 03 02 00 00 B8 44
2026-07-24T17:49:38.849692+00:00 TX 01 03 00 00 00 20 44 12
2026-07-24T17:49:38.894700+00:00 RX 01 03 40 00 00 00 00 00 03 00 00 00 03 00 00 00 00 00 00 00 00 00 00 00 00 00 00 00 01 00 00 01 00 05 0A 00 00 00 00 00 00 00 00 00 00 00 00 00 00 00 00 00 00 00 00 00 00 00 00 FF FF 5B 70 FF FF 5B 70 80 97
2026-07-24T17:49:38.896700+00:00 TX 01 03 00 20 00 02 C5 C1
2026-07-24T17:49:38.904206+00:00 RX 01 03 04 00 00 07 D3 B9 9E
2026-07-24T17:49:38.907204+00:00 TX 01 03 01 C4 00 01 C4 0B
2026-07-24T17:49:38.913205+00:00 RX 01 03 02 00 00 B8 44
2026-07-24T17:49:38.963217+00:00 TX 01 03 00 00 00 20 44 12
2026-07-24T17:49:39.008226+00:00 RX 01 03 40 00 00 00 00 00 03 00 00 00 03 00 00 00 00 00 00 00 00 00 00 00 00 00 00 00 01 00 00 01 00 05 0A 00 00 00 00 00 00 00 00 00 00 00 00 00 00 00 00 00 00 00 00 00 00 00 00 FF FF 5B 5F FF FF 5B 5F 14 8D
2026-07-24T17:49:39.011223+00:00 TX 01 03 00 20 00 02 C5 C1
2026-07-24T17:49:39.019225+00:00 RX 01 03 04 00 00 07 D4 F8 5C
2026-07-24T17:49:39.021226+00:00 TX 01 03 01 C4 00 01 C4 0B
2026-07-24T17:49:39.027728+00:00 RX 01 03 02 00 00 B8 44
2026-07-24T17:49:39.078740+00:00 TX 01 03 00 00 00 20 44 12
2026-07-24T17:49:39.123774+00:00 RX 01 03 40 00 00 00 00 00 03 00 00 00 03 00 00 00 00 00 00 00 00 00 00 00 00 00 00 00 01 00 00 01 00 05 0A 00 00 00 00 00 00 00 00 00 00 00 00 00 00 00 00 00 00 00 00 00 00 00 00 FF FF 5C BF FF FF 5C BF 97 54
2026-07-24T17:49:39.125774+00:00 TX 01 03 00 20 00 02 C5 C1
2026-07-24T17:49:39.132776+00:00 RX 01 03 04 00 00 07 D5 39 9C
2026-07-24T17:49:39.135777+00:00 TX 01 03 01 C4 00 01 C4 0B
2026-07-24T17:49:39.141778+00:00 RX 01 03 02 00 00 B8 44
2026-07-24T17:49:39.193212+00:00 TX 01 03 00 00 00 20 44 12
2026-07-24T17:49:39.237976+00:00 RX 01 03 40 00 00 00 00 00 03 00 00 00 03 00 00 00 00 00 00 00 00 00 00 00 00 00 00 00 01 00 00 01 00 05 0A 00 00 00 00 00 00 00 00 00 00 00 00 00 00 00 00 00 00 00 00 00 00 00 00 FF FF 5B 1C FF FF 5B 1C 10 B3
2026-07-24T17:49:39.239976+00:00 TX 01 03 00 20 00 02 C5 C1
2026-07-24T17:49:39.247978+00:00 RX 01 03 04 00 00 07 D6 79 9D
2026-07-24T17:49:39.249978+00:00 TX 01 03 01 C4 00 01 C4 0B
2026-07-24T17:49:39.255980+00:00 RX 01 03 02 00 00 B8 44
2026-07-24T17:49:39.306489+00:00 TX 01 03 00 00 00 20 44 12
2026-07-24T17:49:39.351500+00:00 RX 01 03 40 00 00 00 00 00 03 00 00 00 03 00 00 00 00 00 00 00 00 00 00 00 00 00 00 00 01 00 00 01 00 05 0A 00 00 00 00 00 00 00 00 00 00 00 00 00 00 00 00 00 00 00 00 00 00 00 00 FF FF 5B CD FF FF 5B CD 2C FD
2026-07-24T17:49:39.353500+00:00 TX 01 03 00 20 00 02 C5 C1
2026-07-24T17:49:39.360502+00:00 RX 01 03 04 00 00 07 D8 F8 59
2026-07-24T17:49:39.362502+00:00 TX 01 03 01 C4 00 01 C4 0B
2026-07-24T17:49:39.369504+00:00 RX 01 03 02 00 00 B8 44
2026-07-24T17:49:39.419565+00:00 TX 01 03 00 00 00 20 44 12
2026-07-24T17:49:39.463763+00:00 RX 01 03 40 00 00 00 00 00 03 00 00 00 03 00 00 00 00 00 00 00 00 00 00 00 00 00 00 00 01 00 00 01 00 05 0A 00 00 00 00 00 00 00 00 00 00 00 00 00 00 00 00 00 00 00 00 00 00 00 00 FF FF 5B 59 FF FF 5B 59 1C 8F
2026-07-24T17:49:39.466764+00:00 TX 01 03 00 20 00 02 C5 C1
2026-07-24T17:49:39.473765+00:00 RX 01 03 04 00 00 07 D9 39 99
2026-07-24T17:49:39.476766+00:00 TX 01 03 01 C4 00 01 C4 0B
2026-07-24T17:49:39.483768+00:00 RX 01 03 02 00 00 B8 44
2026-07-24T17:49:39.534316+00:00 TX 01 03 00 00 00 20 44 12
2026-07-24T17:49:39.579324+00:00 RX 01 03 40 00 00 00 00 00 03 00 00 00 03 00 00 00 00 00 00 00 00 00 00 00 00 00 00 00 01 00 00 01 00 05 0A 00 00 00 00 00 00 00 00 00 00 00 00 00 00 00 00 00 00 00 00 00 00 00 00 FF FF 59 B1 FF FF 59 B1 7C 54
2026-07-24T17:49:39.582325+00:00 TX 01 03 00 20 00 02 C5 C1
2026-07-24T17:49:39.590326+00:00 RX 01 03 04 00 00 07 DA 79 98
2026-07-24T17:49:39.592828+00:00 TX 01 03 01 C4 00 01 C4 0B
2026-07-24T17:49:39.598830+00:00 RX 01 03 02 00 00 B8 44
2026-07-24T17:49:39.649389+00:00 TX 01 03 00 00 00 20 44 12
2026-07-24T17:49:39.694898+00:00 RX 01 03 40 00 00 00 00 00 03 00 00 00 03 00 00 00 00 00 00 00 00 00 00 00 00 00 00 00 01 00 00 01 00 05 0A 00 00 00 00 00 00 00 00 00 00 00 00 00 00 00 00 00 00 00 00 00 00 00 00 FF FF 59 53 FF FF 59 53 04 0B
2026-07-24T17:49:39.696899+00:00 TX 01 03 00 20 00 02 C5 C1
2026-07-24T17:49:39.703900+00:00 RX 01 03 04 00 00 07 DB B8 58
2026-07-24T17:49:39.706901+00:00 TX 01 03 01 C4 00 01 C4 0B
2026-07-24T17:49:39.713404+00:00 RX 01 03 02 00 00 B8 44
2026-07-24T17:49:39.763953+00:00 TX 01 03 00 00 00 20 44 12
2026-07-24T17:49:39.808975+00:00 RX 01 03 40 00 00 00 00 00 03 00 00 00 03 00 00 00 00 00 00 00 00 00 00 00 00 00 00 00 01 00 00 01 00 05 0A 00 00 00 00 00 00 00 00 00 00 00 00 00 00 00 00 00 00 00 00 00 00 00 00 FF FF 57 90 FF FF 57 90 05 05
2026-07-24T17:49:39.811973+00:00 TX 01 03 00 20 00 02 C5 C1
2026-07-24T17:49:39.819975+00:00 RX 01 03 04 00 00 07 DC F9 9A
2026-07-24T17:49:39.822975+00:00 TX 01 03 01 C4 00 01 C4 0B
2026-07-24T17:49:39.829478+00:00 RX 01 03 02 00 00 B8 44
2026-07-24T17:49:39.879490+00:00 TX 01 03 00 00 00 20 44 12
2026-07-24T17:49:39.924700+00:00 RX 01 03 40 00 00 00 00 00 03 00 00 00 03 00 00 00 00 00 00 00 00 00 00 00 00 00 00 00 01 00 00 01 00 05 0A 00 00 00 00 00 00 00 00 00 00 00 00 00 00 00 00 00 00 00 00 00 00 00 00 FF FF 58 16 FF FF 58 16 08 76
2026-07-24T17:49:39.926700+00:00 TX 01 03 00 20 00 02 C5 C1
2026-07-24T17:49:39.934702+00:00 RX 01 03 04 00 00 07 DD 38 5A
2026-07-24T17:49:39.936702+00:00 TX 01 03 01 C4 00 01 C4 0B
2026-07-24T17:49:39.942704+00:00 RX 01 03 02 00 00 B8 44
2026-07-24T17:49:39.993214+00:00 TX 01 03 00 00 00 20 44 12
2026-07-24T17:49:40.037224+00:00 RX 01 03 40 00 00 00 00 00 03 00 00 00 03 00 00 00 00 00 00 00 00 00 00 00 00 00 00 00 01 00 00 01 00 05 0A 00 00 00 00 00 00 00 00 00 00 00 00 00 00 00 00 00 00 00 00 00 00 00 00 FF FF 5A B7 FF FF 5A B7 74 95
2026-07-24T17:49:40.040225+00:00 TX 01 03 00 20 00 02 C5 C1
2026-07-24T17:49:40.048228+00:00 RX 01 03 04 00 00 07 DF B9 9B
2026-07-24T17:49:40.051229+00:00 TX 01 03 01 C4 00 01 C4 0B
2026-07-24T17:49:40.058229+00:00 RX 01 03 02 00 00 B8 44
2026-07-24T17:49:40.108847+00:00 TX 01 03 00 00 00 20 44 12
2026-07-24T17:49:40.152905+00:00 RX 01 03 40 00 00 00 00 00 03 00 00 00 03 00 00 00 00 00 00 00 00 00 00 00 00 00 00 00 01 00 00 01 00 05 0A 00 00 00 00 00 00 00 00 00 00 00 00 00 00 00 00 00 00 00 00 00 00 00 00 FF FF 5B 36 FF FF 5B 36 88 AA
2026-07-24T17:49:40.155906+00:00 TX 01 03 00 20 00 02 C5 C1
2026-07-24T17:49:40.162907+00:00 RX 01 03 04 00 00 07 E0 F9 8B
2026-07-24T17:49:40.166909+00:00 TX 01 03 01 C4 00 01 C4 0B
2026-07-24T17:49:40.173425+00:00 RX 01 03 02 00 00 B8 44
2026-07-24T17:49:40.223432+00:00 TX 01 03 00 00 00 20 44 12
2026-07-24T17:49:40.268943+00:00 RX 01 03 40 00 00 00 00 00 03 00 00 00 03 00 00 00 00 00 00 00 00 00 00 00 00 00 00 00 01 00 00 01 00 05 0A 00 00 00 00 00 00 00 00 00 00 00 00 00 00 00 00 00 00 00 00 00 00 00 00 FF FF 5D 66 FF FF 5D 66 4B 5C
2026-07-24T17:49:40.270944+00:00 TX 01 03 00 20 00 02 C5 C1
2026-07-24T17:49:40.278945+00:00 RX 01 03 04 00 00 07 E1 38 4B
2026-07-24T17:49:40.280946+00:00 TX 01 03 01 C4 00 01 C4 0B
2026-07-24T17:49:40.287947+00:00 RX 01 03 02 00 00 B8 44
2026-07-24T17:49:40.338457+00:00 TX 01 03 00 00 00 20 44 12
2026-07-24T17:49:40.383465+00:00 RX 01 03 40 00 00 00 00 00 03 00 00 00 03 00 00 00 00 00 00 00 00 00 00 00 00 00 00 00 01 00 00 01 00 05 0A 00 00 00 00 00 00 00 00 00 00 00 00 00 00 00 00 00 00 00 00 00 00 00 00 FF FF 5B DA FF FF 5B DA 18 F0
2026-07-24T17:49:40.385465+00:00 TX 01 03 00 20 00 02 C5 C1
2026-07-24T17:49:40.392972+00:00 RX 01 03 04 00 00 07 E2 78 4A
2026-07-24T17:49:40.395969+00:00 TX 01 03 01 C4 00 01 C4 0B
2026-07-24T17:49:40.401971+00:00 RX 01 03 02 00 00 B8 44
2026-07-24T17:49:40.451982+00:00 TX 01 03 00 00 00 20 44 12
2026-07-24T17:49:40.496682+00:00 RX 01 03 40 00 00 00 00 00 03 00 00 00 03 00 00 00 00 00 00 00 00 00 00 00 00 00 00 00 01 00 00 01 00 05 0A 00 00 00 00 00 00 00 00 00 00 00 00 00 00 00 00 00 00 00 00 00 00 00 00 FF FF 5A 4D FF FF 5A 4D 2C C2
2026-07-24T17:49:40.498683+00:00 TX 01 03 00 20 00 02 C5 C1
2026-07-24T17:49:40.506729+00:00 RX 01 03 04 00 00 07 E3 B9 8A
2026-07-24T17:49:40.509236+00:00 TX 01 03 01 C4 00 01 C4 0B
2026-07-24T17:49:40.515234+00:00 RX 01 03 02 00 00 B8 44
2026-07-24T17:49:40.565267+00:00 TX 01 03 00 00 00 20 44 12
2026-07-24T17:49:40.609772+00:00 RX 01 03 40 00 00 00 00 00 03 00 00 00 03 00 00 00 00 00 00 00 00 00 00 00 00 00 00 00 01 00 00 01 00 05 0A 00 00 00 00 00 00 00 00 00 00 00 00 00 00 00 00 00 00 00 00 00 00 00 00 FF FF 58 FC FF FF 58 FC 90 2E
2026-07-24T17:49:40.613274+00:00 TX 01 03 00 20 00 02 C5 C1
2026-07-24T17:49:40.621276+00:00 RX 01 03 04 00 00 07 E4 F8 48
2026-07-24T17:49:40.623277+00:00 TX 01 03 01 C4 00 01 C4 0B
2026-07-24T17:49:40.630297+00:00 RX 01 03 02 00 00 B8 44
2026-07-24T17:49:40.680807+00:00 TX 01 03 00 00 00 20 44 12
2026-07-24T17:49:40.724872+00:00 RX 01 03 40 00 00 00 00 00 03 00 00 00 03 00 00 00 00 00 00 00 00 00 00 00 00 00 00 00 01 00 00 01 00 05 0A 00 00 00 00 00 00 00 00 00 00 00 00 00 00 00 00 00 00 00 00 00 00 00 00 FF FF 5A 6E FF FF 5A 6E A8 DC
2026-07-24T17:49:40.727873+00:00 TX 01 03 00 20 00 02 C5 C1
2026-07-24T17:49:40.734874+00:00 RX 01 03 04 00 00 07 E6 79 89
2026-07-24T17:49:40.738872+00:00 TX 01 03 01 C4 00 01 C4 0B
2026-07-24T17:49:40.744874+00:00 RX 01 03 02 00 00 B8 44
2026-07-24T17:49:40.795943+00:00 TX 01 03 00 00 00 20 44 12
2026-07-24T17:49:40.840995+00:00 RX 01 03 40 00 00 00 00 00 03 00 00 00 03 00 00 00 00 00 00 00 00 00 00 00 00 00 00 00 01 00 00 01 00 05 0A 00 00 00 00 00 00 00 00 00 00 00 00 00 00 00 00 00 00 00 00 00 00 00 00 FF FF 5B 5C FF FF 5B 5C 10 8C
2026-07-24T17:49:40.842996+00:00 TX 01 03 00 20 00 02 C5 C1
2026-07-24T17:49:40.849997+00:00 RX 01 03 04 00 00 07 E7 B8 49
2026-07-24T17:49:40.851998+00:00 TX 01 03 01 C4 00 01 C4 0B
2026-07-24T17:49:40.857999+00:00 RX 01 03 02 00 00 B8 44
2026-07-24T17:49:40.908008+00:00 TX 01 03 00 00 00 20 44 12
2026-07-24T17:49:40.953520+00:00 RX 01 03 40 00 00 00 00 00 03 00 00 00 03 00 00 00 00 00 00 00 00 00 00 00 00 00 00 00 01 00 00 01 00 05 0A 00 00 00 00 00 00 00 00 00 00 00 00 00 00 00 00 00 00 00 00 00 00 00 00 FF FF 59 6A FF FF 59 6A 58 1C
2026-07-24T17:49:40.955521+00:00 TX 01 03 00 20 00 02 C5 C1
2026-07-24T17:49:40.963522+00:00 RX 01 03 04 00 00 07 E8 F8 4D
2026-07-24T17:49:40.965523+00:00 TX 01 03 01 C4 00 01 C4 0B
2026-07-24T17:49:40.971525+00:00 RX 01 03 02 00 00 B8 44
2026-07-24T17:49:41.021569+00:00 TX 01 03 00 00 00 20 44 12
2026-07-24T17:49:41.066081+00:00 RX 01 03 40 00 00 00 00 00 03 00 00 00 03 00 00 00 00 00 00 00 00 00 00 00 00 00 00 00 01 00 00 01 00 05 0A 00 00 00 00 00 00 00 00 00 00 00 00 00 00 00 00 00 00 00 00 00 00 00 00 FF FF 5A DF FF FF 5A DF 14 B2
2026-07-24T17:49:41.068081+00:00 TX 01 03 00 20 00 02 C5 C1
2026-07-24T17:49:41.076083+00:00 RX 01 03 04 00 00 07 E9 39 8D
2026-07-24T17:49:41.078084+00:00 TX 01 03 01 C4 00 01 C4 0B
2026-07-24T17:49:41.084085+00:00 RX 01 03 02 00 00 B8 44
2026-07-24T17:49:41.134164+00:00 TX 01 03 00 00 00 20 44 12
2026-07-24T17:49:41.179201+00:00 RX 01 03 40 00 00 00 00 00 03 00 00 00 03 00 00 00 00 00 00 00 00 00 00 00 00 00 00 00 01 00 00 01 00 05 0A 00 00 00 00 00 00 00 00 00 00 00 00 00 00 00 00 00 00 00 00 00 00 00 00 FF FF 59 B8 FF FF 59 B8 60 53
2026-07-24T17:49:41.182201+00:00 TX 01 03 00 20 00 02 C5 C1
2026-07-24T17:49:41.190203+00:00 RX 01 03 04 00 00 07 EA 79 8C
2026-07-24T17:49:41.192203+00:00 TX 01 03 01 C4 00 01 C4 0B
2026-07-24T17:49:41.198702+00:00 RX 01 03 02 00 00 B8 44
2026-07-24T17:49:41.250495+00:00 TX 01 03 00 00 00 20 44 12
2026-07-24T17:49:41.295505+00:00 RX 01 03 40 00 00 00 00 00 03 00 00 00 03 00 00 00 00 00 00 00 00 00 00 00 00 00 00 00 01 00 00 01 00 05 0A 00 00 00 00 00 00 00 00 00 00 00 00 00 00 00 00 00 00 00 00 00 00 00 00 FF FF 59 4E FF FF 59 4E 28 00
2026-07-24T17:49:41.297506+00:00 TX 01 03 00 20 00 02 C5 C1
2026-07-24T17:49:41.304505+00:00 RX 01 03 04 00 00 07 EB B8 4C
2026-07-24T17:49:41.307505+00:00 TX 01 03 01 C4 00 01 C4 0B
2026-07-24T17:49:41.314008+00:00 RX 01 03 02 00 00 B8 44
2026-07-24T17:49:41.364020+00:00 TX 01 03 00 00 00 20 44 12
2026-07-24T17:49:41.408523+00:00 RX 01 03 40 00 00 00 00 00 03 00 00 00 03 00 00 00 00 00 00 00 00 00 00 00 00 00 00 00 01 00 00 01 00 05 0A 00 00 00 00 00 00 00 00 00 00 00 00 00 00 00 00 00 00 00 00 00 00 00 00 FF FF 5B E1 FF FF 5B E1 BC E6
2026-07-24T17:49:41.410524+00:00 TX 01 03 00 20 00 02 C5 C1
2026-07-24T17:49:41.419063+00:00 RX 01 03 04 00 00 07 ED 38 4E
2026-07-24T17:49:41.421064+00:00 TX 01 03 01 C4 00 01 C4 0B
2026-07-24T17:49:41.428567+00:00 RX 01 03 02 00 00 B8 44
2026-07-24T17:49:41.478584+00:00 TX 01 03 00 00 00 20 44 12
2026-07-24T17:49:41.523622+00:00 RX 01 03 40 00 00 00 00 00 03 00 00 00 03 00 00 00 00 00 00 00 00 00 00 00 00 00 00 00 01 00 00 01 00 05 0A 00 00 00 00 00 00 00 00 00 00 00 00 00 00 00 00 00 00 00 00 00 00 00 00 FF FF 5E 0A FF FF 5E 0A DB BB
2026-07-24T17:49:41.525622+00:00 TX 01 03 00 20 00 02 C5 C1
2026-07-24T17:49:41.533624+00:00 RX 01 03 04 00 00 07 EE 78 4F
2026-07-24T17:49:41.535625+00:00 TX 01 03 01 C4 00 01 C4 0B
2026-07-24T17:49:41.542626+00:00 RX 01 03 02 00 00 B8 44
2026-07-24T17:49:41.592634+00:00 TX 01 03 00 00 00 20 44 12
2026-07-24T17:49:41.637249+00:00 RX 01 03 40 00 00 00 00 00 03 00 00 00 03 00 00 00 00 00 00 00 00 00 00 00 00 00 00 00 01 00 00 01 00 05 0A 00 00 00 00 00 00 00 00 00 00 00 00 00 00 00 00 00 00 00 00 00 00 00 00 FF FF 5E C2 FF FF 5E C2 3B FD
2026-07-24T17:49:41.639250+00:00 TX 01 03 00 20 00 02 C5 C1
2026-07-24T17:49:41.646921+00:00 RX 01 03 04 00 00 07 EF B9 8F
2026-07-24T17:49:41.648922+00:00 TX 01 03 01 C4 00 01 C4 0B
2026-07-24T17:49:41.654923+00:00 RX 01 03 02 00 00 B8 44
2026-07-24T17:49:41.705625+00:00 TX 01 03 00 00 00 20 44 12
2026-07-24T17:49:41.750659+00:00 RX 01 03 40 00 00 00 00 00 03 00 00 00 03 00 00 00 00 00 00 00 00 00 00 00 00 00 00 00 01 00 00 01 00 05 0A 00 00 00 00 00 00 00 00 00 00 00 00 00 00 00 00 00 00 00 00 00 00 00 00 FF FF 5B 5A FF FF 5B 5A 18 8E
2026-07-24T17:49:41.752659+00:00 TX 01 03 00 20 00 02 C5 C1
2026-07-24T17:49:41.760163+00:00 RX 01 03 04 00 00 07 F0 F8 47
2026-07-24T17:49:41.763164+00:00 TX 01 03 01 C4 00 01 C4 0B
2026-07-24T17:49:41.770166+00:00 RX 01 03 02 00 00 B8 44
2026-07-24T17:49:41.820173+00:00 TX 01 03 00 00 00 20 44 12
2026-07-24T17:49:41.864687+00:00 RX 01 03 40 00 00 00 00 00 03 00 00 00 03 00 00 00 00 00 00 00 00 00 00 00 00 00 00 00 01 00 00 01 00 05 0A 00 00 00 00 00 00 00 00 00 00 00 00 00 00 00 00 00 00 00 00 00 00 00 00 FF FF 59 F1 FF FF 59 F1 7C 6B
2026-07-24T17:49:41.866687+00:00 TX 01 03 00 20 00 02 C5 C1
2026-07-24T17:49:41.873689+00:00 RX 01 03 04 00 00 07 F1 39 87
2026-07-24T17:49:41.876689+00:00 TX 01 03 01 C4 00 01 C4 0B
2026-07-24T17:49:41.882690+00:00 RX 01 03 02 00 00 B8 44
2026-07-24T17:49:41.934202+00:00 TX 01 03 00 00 00 20 44 12
2026-07-24T17:49:41.979213+00:00 RX 01 03 40 00 00 00 00 00 03 00 00 00 03 00 00 00 00 00 00 00 00 00 00 00 00 00 00 00 01 00 00 01 00 05 0A 00 00 00 00 00 00 00 00 00 00 00 00 00 00 00 00 00 00 00 00 00 00 00 00 FF FF 5A FC FF FF 5A FC 90 AC
2026-07-24T17:49:41.982210+00:00 TX 01 03 00 20 00 02 C5 C1
2026-07-24T17:49:41.990212+00:00 RX 01 03 04 00 00 07 F2 79 86
2026-07-24T17:49:41.992212+00:00 TX 01 03 01 C4 00 01 C4 0B
2026-07-24T17:49:41.998352+00:00 RX 01 03 02 00 00 B8 44
2026-07-24T17:49:42.048361+00:00 TX 01 03 00 00 00 20 44 12
2026-07-24T17:49:42.092747+00:00 RX 01 03 40 00 00 00 00 00 03 00 00 00 03 00 00 00 00 00 00 00 00 00 00 00 00 00 00 00 01 00 00 01 00 05 0A 00 00 00 00 00 00 00 00 00 00 00 00 00 00 00 00 00 00 00 00 00 00 00 00 FF FF 5B 52 FF FF 5B 52 F8 89
2026-07-24T17:49:42.095748+00:00 TX 01 03 00 20 00 02 C5 C1
2026-07-24T17:49:42.103313+00:00 RX 01 03 04 00 00 07 F3 B8 46
2026-07-24T17:49:42.105816+00:00 TX 01 03 01 C4 00 01 C4 0B
2026-07-24T17:49:42.111818+00:00 RX 01 03 02 00 00 B8 44
2026-07-24T17:49:42.162020+00:00 TX 01 03 00 00 00 20 44 12
2026-07-24T17:49:42.207750+00:00 RX 01 03 40 00 00 00 00 00 03 00 00 00 03 00 00 00 00 00 00 00 00 00 00 00 00 00 00 00 01 00 00 01 00 05 0A 00 00 00 00 00 00 00 00 00 00 00 00 00 00 00 00 00 00 00 00 00 00 00 00 FF FF 5B 48 FF FF 5B 48 20 80
2026-07-24T17:49:42.210362+00:00 TX 01 03 00 20 00 02 C5 C1
2026-07-24T17:49:42.218504+00:00 RX 01 03 04 00 00 07 F5 38 44
2026-07-24T17:49:42.220505+00:00 TX 01 03 01 C4 00 01 C4 0B
2026-07-24T17:49:42.226506+00:00 RX 01 03 02 00 00 B8 44
2026-07-24T17:49:42.277019+00:00 TX 01 03 00 00 00 20 44 12
2026-07-24T17:49:42.322527+00:00 RX 01 03 40 00 00 00 00 00 03 00 00 00 03 00 00 00 00 00 00 00 00 00 00 00 00 00 00 00 01 00 00 01 00 05 0A 00 00 00 00 00 00 00 00 00 00 00 00 00 00 00 00 00 00 00 00 00 00 00 00 FF FF 5B 29 FF FF 5B 29 5C A0
2026-07-24T17:49:42.324528+00:00 TX 01 03 00 20 00 02 C5 C1
2026-07-24T17:49:42.332530+00:00 RX 01 03 04 00 00 07 F6 78 45
2026-07-24T17:49:42.334530+00:00 TX 01 03 01 C4 00 01 C4 0B
2026-07-24T17:49:42.341532+00:00 RX 01 03 02 00 00 B8 44
2026-07-24T17:49:42.391540+00:00 TX 01 03 00 00 00 20 44 12
2026-07-24T17:49:42.437053+00:00 RX 01 03 40 00 00 00 00 00 03 00 00 00 03 00 00 00 00 00 00 00 00 00 00 00 00 00 00 00 01 00 00 01 00 05 0A 00 00 00 00 00 00 00 00 00 00 00 00 00 00 00 00 00 00 00 00 00 00 00 00 FF FF 59 5C FF FF 59 5C 10 0E
2026-07-24T17:49:42.439054+00:00 TX 01 03 00 20 00 02 C5 C1
2026-07-24T17:49:42.447055+00:00 RX 01 03 04 00 00 07 F7 B9 85
2026-07-24T17:49:42.449056+00:00 TX 01 03 01 C4 00 01 C4 0B
2026-07-24T17:49:42.456058+00:00 RX 01 03 02 00 00 B8 44
2026-07-24T17:49:42.506106+00:00 TX 01 03 00 00 00 20 44 12
2026-07-24T17:49:42.550646+00:00 RX 01 03 40 00 00 00 00 00 03 00 00 00 03 00 00 00 00 00 00 00 00 00 00 00 00 00 00 00 01 00 00 01 00 05 0A 00 00 00 00 00 00 00 00 00 00 00 00 00 00 00 00 00 00 00 00 00 00 00 00 FF FF 58 E5 FF FF 58 E5 4C 26
2026-07-24T17:49:42.552647+00:00 TX 01 03 00 20 00 02 C5 C1
2026-07-24T17:49:42.560649+00:00 RX 01 03 04 00 00 07 F8 F9 81
2026-07-24T17:49:42.563648+00:00 TX 01 03 01 C4 00 01 C4 0B
2026-07-24T17:49:42.570649+00:00 RX 01 03 02 00 00 B8 44
2026-07-24T17:49:42.620929+00:00 TX 01 03 00 00 00 20 44 12
2026-07-24T17:49:42.664971+00:00 RX 01 03 40 00 00 00 00 00 03 00 00 00 03 00 00 00 00 00 00 00 00 00 00 00 00 00 00 00 01 00 00 01 00 05 0A 00 00 00 00 00 00 00 00 00 00 00 00 00 00 00 00 00 00 00 00 00 00 00 00 FF FF 57 6D FF FF 57 6D A9 50
2026-07-24T17:49:42.666972+00:00 TX 01 03 00 20 00 02 C5 C1
2026-07-24T17:49:42.673973+00:00 RX 01 03 04 00 00 07 F9 38 41
2026-07-24T17:49:42.675974+00:00 TX 01 03 01 C4 00 01 C4 0B
2026-07-24T17:49:42.681975+00:00 RX 01 03 02 00 00 B8 44
2026-07-24T17:49:42.732048+00:00 TX 01 03 00 00 00 20 44 12
2026-07-24T17:49:42.777084+00:00 RX 01 03 40 00 00 00 00 00 03 00 00 00 03 00 00 00 00 00 00 00 00 00 00 00 00 00 00 00 01 00 00 01 00 05 0A 00 00 00 00 00 00 00 00 00 00 00 00 00 00 00 00 00 00 00 00 00 00 00 00 FF FF 55 64 FF FF 55 64 B5 D5
2026-07-24T17:49:42.779085+00:00 TX 01 03 00 20 00 02 C5 C1
2026-07-24T17:49:42.787082+00:00 RX 01 03 04 00 00 07 FA 78 40
2026-07-24T17:49:42.789083+00:00 TX 01 03 01 C4 00 01 C4 0B
2026-07-24T17:49:42.795084+00:00 RX 01 03 02 00 00 B8 44
2026-07-24T17:49:42.846639+00:00 TX 01 03 00 00 00 20 44 12
2026-07-24T17:49:42.891832+00:00 RX 01 03 40 00 00 00 00 00 03 00 00 00 03 00 00 00 00 00 00 00 00 00 00 00 00 00 00 00 01 00 00 01 00 05 0A 00 00 00 00 00 00 00 00 00 00 00 00 00 00 00 00 00 00 00 00 00 00 00 00 FF FF 55 64 FF FF 55 64 B5 D5
2026-07-24T17:49:42.894553+00:00 TX 01 03 00 20 00 02 C5 C1
2026-07-24T17:49:42.902095+00:00 RX 01 03 04 00 00 07 FC F8 42
2026-07-24T17:49:42.905090+00:00 TX 01 03 01 C4 00 01 C4 0B
2026-07-24T17:49:42.911091+00:00 RX 01 03 02 00 00 B8 44
2026-07-24T17:49:42.961632+00:00 TX 01 03 00 00 00 20 44 12
2026-07-24T17:49:43.006884+00:00 RX 01 03 40 00 00 00 00 00 03 00 00 00 03 00 00 00 00 00 00 00 00 00 00 00 00 00 00 00 01 00 00 01 00 05 0A 00 00 00 00 00 00 00 00 00 00 00 00 00 00 00 00 00 00 00 00 00 00 00 00 FF FF 57 C4 FF FF 57 C4 35 36
2026-07-24T17:49:43.008885+00:00 TX 01 03 00 20 00 02 C5 C1
2026-07-24T17:49:43.015887+00:00 RX 01 03 04 00 00 07 FD 39 82
2026-07-24T17:49:43.019392+00:00 TX 01 03 01 C4 00 01 C4 0B
2026-07-24T17:49:43.025389+00:00 RX 01 03 02 00 00 B8 44
2026-07-24T17:49:43.075903+00:00 TX 01 03 00 00 00 20 44 12
2026-07-24T17:49:43.120852+00:00 RX 01 03 40 00 00 00 00 00 03 00 00 00 03 00 00 00 00 00 00 00 00 00 00 00 00 00 00 00 01 00 00 01 00 05 0A 00 00 00 00 00 00 00 00 00 00 00 00 00 00 00 00 00 00 00 00 00 00 00 00 FF FF 57 DF FF FF 57 DF 11 3F
2026-07-24T17:49:43.123853+00:00 TX 01 03 00 20 00 02 C5 C1
2026-07-24T17:49:43.131854+00:00 RX 01 03 04 00 00 07 FE 79 83
2026-07-24T17:49:43.133855+00:00 TX 01 03 01 C4 00 01 C4 0B
2026-07-24T17:49:43.139857+00:00 RX 01 03 02 00 00 B8 44
2026-07-24T17:49:43.189924+00:00 TX 01 03 00 00 00 20 44 12
2026-07-24T17:49:43.234267+00:00 RX 01 03 40 00 00 00 00 00 03 00 00 00 03 00 00 00 00 00 00 00 00 00 00 00 00 00 00 00 01 00 00 01 00 05 0A 00 00 00 00 00 00 00 00 00 00 00 00 00 00 00 00 00 00 00 00 00 00 00 00 FF FF 58 9C FF FF 58 9C 10 0E
2026-07-24T17:49:43.236268+00:00 TX 01 03 00 20 00 02 C5 C1
2026-07-24T17:49:43.244270+00:00 RX 01 03 04 00 00 07 FF B8 43
2026-07-24T17:49:43.246270+00:00 TX 01 03 01 C4 00 01 C4 0B
2026-07-24T17:49:43.252272+00:00 RX 01 03 02 00 00 B8 44
2026-07-24T17:49:43.302283+00:00 TX 01 03 00 00 00 20 44 12
2026-07-24T17:49:43.346792+00:00 RX 01 03 40 00 00 00 00 00 03 00 00 00 03 00 00 00 00 00 00 00 00 00 00 00 00 00 00 00 01 00 00 01 00 05 0A 00 00 00 00 00 00 00 00 00 00 00 00 00 00 00 00 00 00 00 00 00 00 00 00 FF FF 5A D9 FF FF 5A D9 1C B0
2026-07-24T17:49:43.349793+00:00 TX 01 03 00 20 00 02 C5 C1
2026-07-24T17:49:43.357354+00:00 RX 01 03 04 00 00 08 00 FD F3
2026-07-24T17:49:43.360354+00:00 TX 01 03 01 C4 00 01 C4 0B
2026-07-24T17:49:43.366355+00:00 RX 01 03 02 00 00 B8 44
2026-07-24T17:49:43.416861+00:00 TX 01 03 00 00 00 20 44 12
2026-07-24T17:49:43.460906+00:00 RX 01 03 40 00 00 00 00 00 03 00 00 00 03 00 00 00 00 00 00 00 00 00 00 00 00 00 00 00 01 00 00 01 00 05 0A 00 00 00 00 00 00 00 00 00 00 00 00 00 00 00 00 00 00 00 00 00 00 00 00 FF FF 5A 94 FF FF 5A 94 F0 8B
2026-07-24T17:49:43.462906+00:00 TX 01 03 00 20 00 02 C5 C1
2026-07-24T17:49:43.470410+00:00 RX 01 03 04 00 00 08 01 3C 33
2026-07-24T17:49:43.472411+00:00 TX 01 03 01 C4 00 01 C4 0B
2026-07-24T17:49:43.478412+00:00 RX 01 03 02 00 00 B8 44
2026-07-24T17:49:43.529105+00:00 TX 01 03 00 00 00 20 44 12
2026-07-24T17:49:43.573815+00:00 RX 01 03 40 00 00 00 00 00 03 00 00 00 03 00 00 00 00 00 00 00 00 00 00 00 00 00 00 00 01 00 00 01 00 05 0A 00 00 00 00 00 00 00 00 00 00 00 00 00 00 00 00 00 00 00 00 00 00 00 00 FF FF 5B 22 FF FF 5B 22 B8 A6
2026-07-24T17:49:43.575816+00:00 TX 01 03 00 20 00 02 C5 C1
2026-07-24T17:49:43.583818+00:00 RX 01 03 04 00 00 08 03 BD F2
2026-07-24T17:49:43.586815+00:00 TX 01 03 01 C4 00 01 C4 0B
2026-07-24T17:49:43.592816+00:00 RX 01 03 02 00 00 B8 44
2026-07-24T17:49:43.643406+00:00 TX 01 03 00 00 00 20 44 12
2026-07-24T17:49:43.688917+00:00 RX 01 03 40 00 00 00 00 00 03 00 00 00 03 00 00 00 00 00 00 00 00 00 00 00 00 00 00 00 01 00 00 01 00 05 0A 00 00 00 00 00 00 00 00 00 00 00 00 00 00 00 00 00 00 00 00 00 00 00 00 FF FF 5C 52 FF FF 5C 52 FB 0E
2026-07-24T17:49:43.690918+00:00 TX 01 03 00 20 00 02 C5 C1
2026-07-24T17:49:43.698920+00:00 RX 01 03 04 00 00 08 04 FC 30
2026-07-24T17:49:43.700921+00:00 TX 01 03 01 C4 00 01 C4 0B
2026-07-24T17:49:43.707919+00:00 RX 01 03 02 00 00 B8 44
2026-07-24T17:49:43.757973+00:00 TX 01 03 00 00 00 20 44 12
2026-07-24T17:49:43.803483+00:00 RX 01 03 40 00 00 00 00 00 03 00 00 00 03 00 00 00 00 00 00 00 00 00 00 00 00 00 00 00 01 00 00 01 00 05 0A 00 00 00 00 00 00 00 00 00 00 00 00 00 00 00 00 00 00 00 00 00 00 00 00 FF FF 5D AC FF FF 5D AC 53 1B
2026-07-24T17:49:43.805483+00:00 TX 01 03 00 20 00 02 C5 C1
2026-07-24T17:49:43.813482+00:00 RX 01 03 04 00 00 08 05 3D F0
2026-07-24T17:49:43.815482+00:00 TX 01 03 01 C4 00 01 C4 0B
2026-07-24T17:49:43.822018+00:00 RX 01 03 02 00 00 B8 44
2026-07-24T17:49:43.872531+00:00 TX 01 03 00 00 00 20 44 12
2026-07-24T17:49:43.917576+00:00 RX 01 03 40 00 00 00 00 00 03 00 00 00 03 00 00 00 00 00 00 00 00 00 00 00 00 00 00 00 01 00 00 01 00 05 0A 00 00 00 00 00 00 00 00 00 00 00 00 00 00 00 00 00 00 00 00 00 00 00 00 FF FF 5B 61 FF FF 5B 61 BC 98
2026-07-24T17:49:43.919577+00:00 TX 01 03 00 20 00 02 C5 C1
2026-07-24T17:49:43.928080+00:00 RX 01 03 04 00 00 08 06 7D F1
2026-07-24T17:49:43.930080+00:00 TX 01 03 01 C4 00 01 C4 0B
2026-07-24T17:49:43.936082+00:00 RX 01 03 02 00 00 B8 44
2026-07-24T17:49:43.986830+00:00 TX 01 03 00 00 00 20 44 12
2026-07-24T17:49:44.031339+00:00 RX 01 03 40 00 00 00 00 00 03 00 00 00 03 00 00 00 00 00 00 00 00 00 00 00 00 00 00 00 01 00 00 01 00 05 0A 00 00 00 00 00 00 00 00 00 00 00 00 00 00 00 00 00 00 00 00 00 00 00 00 FF FF 5A 97 FF FF 5A 97 F4 8A
2026-07-24T17:49:44.033340+00:00 TX 01 03 00 20 00 02 C5 C1
2026-07-24T17:49:44.041342+00:00 RX 01 03 04 00 00 08 07 BC 31
2026-07-24T17:49:44.043342+00:00 TX 01 03 01 C4 00 01 C4 0B
2026-07-24T17:49:44.049344+00:00 RX 01 03 02 00 00 B8 44
2026-07-24T17:49:44.099890+00:00 TX 01 03 00 00 00 20 44 12
2026-07-24T17:49:44.144569+00:00 RX 01 03 40 00 00 00 00 00 03 00 00 00 03 00 00 00 00 00 00 00 00 00 00 00 00 00 00 00 01 00 00 01 00 05 0A 00 00 00 00 00 00 00 00 00 00 00 00 00 00 00 00 00 00 00 00 00 00 00 00 FF FF 59 DB FF FF 59 DB E4 72
2026-07-24T17:49:44.145570+00:00 TX 01 03 00 20 00 02 C5 C1
2026-07-24T17:49:44.153086+00:00 RX 01 03 04 00 00 08 08 FC 35
2026-07-24T17:49:44.155087+00:00 TX 01 03 01 C4 00 01 C4 0B
2026-07-24T17:49:44.161088+00:00 RX 01 03 02 00 00 B8 44
2026-07-24T17:49:44.211442+00:00 TX 01 03 00 00 00 20 44 12
2026-07-24T17:49:44.256192+00:00 RX 01 03 40 00 00 00 00 00 03 00 00 00 03 00 00 00 00 00 00 00 00 00 00 00 00 00 00 00 01 00 00 01 00 05 0A 00 00 00 00 00 00 00 00 00 00 00 00 00 00 00 00 00 00 00 00 00 00 00 00 FF FF 5B 61 FF FF 5B 61 BC 98
2026-07-24T17:49:44.260193+00:00 TX 01 03 00 20 00 02 C5 C1
2026-07-24T17:49:44.268194+00:00 RX 01 03 04 00 00 08 0A 7D F4
2026-07-24T17:49:44.271195+00:00 TX 01 03 01 C4 00 01 C4 0B
2026-07-24T17:49:44.278197+00:00 RX 01 03 02 00 00 B8 44
2026-07-24T17:49:44.328839+00:00 TX 01 03 00 00 00 20 44 12
2026-07-24T17:49:44.373845+00:00 RX 01 03 40 00 00 00 00 00 03 00 00 00 03 00 00 00 00 00 00 00 00 00 00 00 00 00 00 00 01 00 00 01 00 05 0A 00 00 00 00 00 00 00 00 00 00 00 00 00 00 00 00 00 00 00 00 00 00 00 00 FF FF 5A 6E FF FF 5A 6E A8 DC
2026-07-24T17:49:44.376846+00:00 TX 01 03 00 20 00 02 C5 C1
2026-07-24T17:49:44.383847+00:00 RX 01 03 04 00 00 08 0B BC 34
2026-07-24T17:49:44.386845+00:00 TX 01 03 01 C4 00 01 C4 0B
2026-07-24T17:49:44.392847+00:00 RX 01 03 02 00 00 B8 44
2026-07-24T17:49:44.443361+00:00 TX 01 03 00 00 00 20 44 12
2026-07-24T17:49:44.489369+00:00 RX 01 03 40 00 00 00 00 00 03 00 00 00 03 00 00 00 00 00 00 00 00 00 00 00 00 00 00 00 01 00 00 01 00 05 0A 00 00 00 00 00 00 00 00 00 00 00 00 00 00 00 00 00 00 00 00 00 00 00 00 FF FF 59 9A FF FF 59 9A 18 4D
2026-07-24T17:49:44.491369+00:00 TX 01 03 00 20 00 02 C5 C1
2026-07-24T17:49:44.499371+00:00 RX 01 03 04 00 00 08 0C FD F6
2026-07-24T17:49:44.501371+00:00 TX 01 03 01 C4 00 01 C4 0B
2026-07-24T17:49:44.508871+00:00 RX 01 03 02 00 00 B8 44
2026-07-24T17:49:44.558885+00:00 TX 01 03 00 00 00 20 44 12
2026-07-24T17:49:44.603394+00:00 RX 01 03 40 00 00 00 00 00 03 00 00 00 03 00 00 00 00 00 00 00 00 00 00 00 00 00 00 00 01 00 00 01 00 05 0A 00 00 00 00 00 00 00 00 00 00 00 00 00 00 00 00 00 00 00 00 00 00 00 00 FF FF 5B AF FF FF 5B AF 54 DC
2026-07-24T17:49:44.606395+00:00 TX 01 03 00 20 00 02 C5 C1
2026-07-24T17:49:44.614393+00:00 RX 01 03 04 00 00 08 0D 3C 36
2026-07-24T17:49:44.616394+00:00 TX 01 03 01 C4 00 01 C4 0B
2026-07-24T17:49:44.623463+00:00 RX 01 03 02 00 00 B8 44
2026-07-24T17:49:44.673508+00:00 TX 01 03 00 00 00 20 44 12
2026-07-24T17:49:44.718515+00:00 RX 01 03 40 00 00 00 00 00 03 00 00 00 03 00 00 00 00 00 00 00 00 00 00 00 00 00 00 00 01 00 00 01 00 05 0A 00 00 00 00 00 00 00 00 00 00 00 00 00 00 00 00 00 00 00 00 00 00 00 00 FF FF 5C 2C FF FF 5C 2C 53 24
2026-07-24T17:49:44.720515+00:00 TX 01 03 00 20 00 02 C5 C1
2026-07-24T17:49:44.729537+00:00 RX 01 03 04 00 00 08 0E 7C 37
2026-07-24T17:49:44.731537+00:00 TX 01 03 01 C4 00 01 C4 0B
2026-07-24T17:49:44.738536+00:00 RX 01 03 02 00 00 B8 44
2026-07-24T17:49:44.789046+00:00 TX 01 03 00 00 00 20 44 12
2026-07-24T17:49:44.833594+00:00 RX 01 03 40 00 00 00 00 00 03 00 00 00 03 00 00 00 00 00 00 00 00 00 00 00 00 00 00 00 01 00 00 01 00 05 0A 00 00 00 00 00 00 00 00 00 00 00 00 00 00 00 00 00 00 00 00 00 00 00 00 FF FF 5A 3D FF FF 5A 3D 6C ED
2026-07-24T17:49:44.835595+00:00 TX 01 03 00 20 00 02 C5 C1
2026-07-24T17:49:44.843597+00:00 RX 01 03 04 00 00 08 0F BD F7
2026-07-24T17:49:44.845597+00:00 TX 01 03 01 C4 00 01 C4 0B
2026-07-24T17:49:44.852598+00:00 RX 01 03 02 00 00 B8 44
2026-07-24T17:49:44.902610+00:00 TX 01 03 00 00 00 20 44 12
2026-07-24T17:49:44.947118+00:00 RX 01 03 40 00 00 00 00 00 03 00 00 00 03 00 00 00 00 00 00 00 00 00 00 00 00 00 00 00 01 00 00 01 00 05 0A 00 00 00 00 00 00 00 00 00 00 00 00 00 00 00 00 00 00 00 00 00 00 00 00 FF FF 5A D3 FF FF 5A D3 04 B6
2026-07-24T17:49:44.949119+00:00 TX 01 03 00 20 00 02 C5 C1
2026-07-24T17:49:44.957122+00:00 RX 01 03 04 00 00 08 11 3D FF
2026-07-24T17:49:44.960122+00:00 TX 01 03 01 C4 00 01 C4 0B
2026-07-24T17:49:44.966123+00:00 RX 01 03 02 00 00 B8 44
2026-07-24T17:49:45.017630+00:00 TX 01 03 00 00 00 20 44 12
2026-07-24T17:49:45.062642+00:00 RX 01 03 40 00 00 00 00 00 03 00 00 00 03 00 00 00 00 00 00 00 00 00 00 00 00 00 00 00 01 00 00 01 00 05 0A 00 00 00 00 00 00 00 00 00 00 00 00 00 00 00 00 00 00 00 00 00 00 00 00 FF FF 5B 10 FF FF 5B 10 00 B7
2026-07-24T17:49:45.064643+00:00 TX 01 03 00 20 00 02 C5 C1
2026-07-24T17:49:45.071644+00:00 RX 01 03 04 00 00 08 12 7D FE
2026-07-24T17:49:45.074645+00:00 TX 01 03 01 C4 00 01 C4 0B
2026-07-24T17:49:45.080646+00:00 RX 01 03 02 00 00 B8 44
2026-07-24T17:49:45.131672+00:00 TX 01 03 00 00 00 20 44 12
2026-07-24T17:49:45.177283+00:00 RX 01 03 40 00 00 00 00 00 03 00 00 00 03 00 00 00 00 00 00 00 00 00 00 00 00 00 00 00 01 00 00 01 00 05 0A 00 00 00 00 00 00 00 00 00 00 00 00 00 00 00 00 00 00 00 00 00 00 00 00 FF FF 59 F1 FF FF 59 F1 7C 6B
2026-07-24T17:49:45.179284+00:00 TX 01 03 00 20 00 02 C5 C1
2026-07-24T17:49:45.187285+00:00 RX 01 03 04 00 00 08 13 BC 3E
2026-07-24T17:49:45.190282+00:00 TX 01 03 01 C4 00 01 C4 0B
2026-07-24T17:49:45.196284+00:00 RX 01 03 02 00 00 B8 44
2026-07-24T17:49:45.246697+00:00 TX 01 03 00 00 00 20 44 12
2026-07-24T17:49:45.291708+00:00 RX 01 03 40 00 00 00 00 00 03 00 00 00 03 00 00 00 00 00 00 00 00 00 00 00 00 00 00 00 01 00 00 01 00 05 0A 00 00 00 00 00 00 00 00 00 00 00 00 00 00 00 00 00 00 00 00 00 00 00 00 FF FF 5A FB FF FF 5A FB 64 AE
2026-07-24T17:49:45.293708+00:00 TX 01 03 00 20 00 02 C5 C1
2026-07-24T17:49:45.300709+00:00 RX 01 03 04 00 00 08 14 FD FC
2026-07-24T17:49:45.303710+00:00 TX 01 03 01 C4 00 01 C4 0B
2026-07-24T17:49:45.310712+00:00 RX 01 03 02 00 00 B8 44
2026-07-24T17:49:45.360906+00:00 TX 01 03 00 00 00 20 44 12
2026-07-24T17:49:45.405414+00:00 RX 01 03 40 00 00 00 00 00 03 00 00 00 03 00 00 00 00 00 00 00 00 00 00 00 00 00 00 00 01 00 00 01 00 05 0A 00 00 00 00 00 00 00 00 00 00 00 00 00 00 00 00 00 00 00 00 00 00 00 00 FF FF 5A AC FF FF 5A AC 50 9C
2026-07-24T17:49:45.407416+00:00 TX 01 03 00 20 00 02 C5 C1
2026-07-24T17:49:45.415414+00:00 RX 01 03 04 00 00 08 15 3C 3C
2026-07-24T17:49:45.417415+00:00 TX 01 03 01 C4 00 01 C4 0B
2026-07-24T17:49:45.423416+00:00 RX 01 03 02 00 00 B8 44
2026-07-24T17:49:45.473470+00:00 TX 01 03 00 00 00 20 44 12
2026-07-24T17:49:45.517977+00:00 RX 01 03 40 00 00 00 00 00 03 00 00 00 03 00 00 00 00 00 00 00 00 00 00 00 00 00 00 00 01 00 00 01 00 05 0A 00 00 00 00 00 00 00 00 00 00 00 00 00 00 00 00 00 00 00 00 00 00 00 00 FF FF 5A 8B FF FF 5A 8B 24 81
2026-07-24T17:49:45.519977+00:00 TX 01 03 00 20 00 02 C5 C1
2026-07-24T17:49:45.528480+00:00 RX 01 03 04 00 00 08 16 7C 3D
2026-07-24T17:49:45.530481+00:00 TX 01 03 01 C4 00 01 C4 0B
2026-07-24T17:49:45.537482+00:00 RX 01 03 02 00 00 B8 44
2026-07-24T17:49:45.587998+00:00 TX 01 03 00 00 00 20 44 12
2026-07-24T17:49:45.633589+00:00 RX 01 03 40 00 00 00 00 00 03 00 00 00 03 00 00 00 00 00 00 00 00 00 00 00 00 00 00 00 01 00 00 01 00 05 0A 00 00 00 00 00 00 00 00 00 00 00 00 00 00 00 00 00 00 00 00 00 00 00 00 FF FF 5B 33 FF FF 5B 33 84 A9
2026-07-24T17:49:45.635590+00:00 TX 01 03 00 20 00 02 C5 C1
2026-07-24T17:49:45.643591+00:00 RX 01 03 04 00 00 08 18 FD F9
2026-07-24T17:49:45.645592+00:00 TX 01 03 01 C4 00 01 C4 0B
2026-07-24T17:49:45.651593+00:00 RX 01 03 02 00 00 B8 44
2026-07-24T17:49:45.702605+00:00 TX 01 03 00 00 00 20 44 12
2026-07-24T17:49:45.746924+00:00 RX 01 03 40 00 00 00 00 00 03 00 00 00 03 00 00 00 00 00 00 00 00 00 00 00 00 00 00 00 01 00 00 01 00 05 0A 00 00 00 00 00 00 00 00 00 00 00 00 00 00 00 00 00 00 00 00 00 00 00 00 FF FF 5B 07 FF FF 5B 07 34 BA
2026-07-24T17:49:45.750926+00:00 TX 01 03 00 20 00 02 C5 C1
2026-07-24T17:49:45.758957+00:00 RX 01 03 04 00 00 08 19 3C 39
2026-07-24T17:49:45.760957+00:00 TX 01 03 01 C4 00 01 C4 0B
2026-07-24T17:49:45.767959+00:00 RX 01 03 02 00 00 B8 44
2026-07-24T17:49:45.818465+00:00 TX 01 03 00 00 00 20 44 12
2026-07-24T17:49:45.862978+00:00 RX 01 03 40 00 00 00 00 00 03 00 00 00 03 00 00 00 00 00 00 00 00 00 00 00 00 00 00 00 01 00 00 01 00 05 0A 00 00 00 00 00 00 00 00 00 00 00 00 00 00 00 00 00 00 00 00 00 00 00 00 FF FF 5A 83 FF FF 5A 83 C4 86
2026-07-24T17:49:45.864979+00:00 TX 01 03 00 20 00 02 C5 C1
2026-07-24T17:49:45.872981+00:00 RX 01 03 04 00 00 08 1A 7C 38
2026-07-24T17:49:45.875982+00:00 TX 01 03 01 C4 00 01 C4 0B
2026-07-24T17:49:45.881983+00:00 RX 01 03 02 00 00 B8 44
2026-07-24T17:49:45.932492+00:00 TX 01 03 00 00 00 20 44 12
2026-07-24T17:49:45.977225+00:00 RX 01 03 40 00 00 00 00 00 03 00 00 00 03 00 00 00 00 00 00 00 00 00 00 00 00 00 00 00 01 00 00 01 00 05 0A 00 00 00 00 00 00 00 00 00 00 00 00 00 00 00 00 00 00 00 00 00 00 00 00 FF FF 59 3D FF FF 59 3D 6C 2E
2026-07-24T17:49:45.980222+00:00 TX 01 03 00 20 00 02 C5 C1
2026-07-24T17:49:45.988224+00:00 RX 01 03 04 00 00 08 1B BD F8
2026-07-24T17:49:45.991222+00:00 TX 01 03 01 C4 00 01 C4 0B
2026-07-24T17:49:45.998223+00:00 RX 01 03 02 00 00 B8 44
2026-07-24T17:49:46.048764+00:00 TX 01 03 00 00 00 20 44 12
2026-07-24T17:49:46.092775+00:00 RX 01 03 40 00 00 00 00 00 03 00 00 00 03 00 00 00 00 00 00 00 00 00 00 00 00 00 00 00 01 00 00 01 00 05 0A 00 00 00 00 00 00 00 00 00 00 00 00 00 00 00 00 00 00 00 00 00 00 00 00 FF FF 59 58 FF FF 59 58 E0 0D
2026-07-24T17:49:46.096773+00:00 TX 01 03 00 20 00 02 C5 C1
2026-07-24T17:49:46.103789+00:00 RX 01 03 04 00 00 08 1C FC 3A
2026-07-24T17:49:46.105790+00:00 TX 01 03 01 C4 00 01 C4 0B
2026-07-24T17:49:46.112317+00:00 RX 01 03 02 00 00 B8 44
2026-07-24T17:49:46.162338+00:00 TX 01 03 00 00 00 20 44 12
2026-07-24T17:49:46.207863+00:00 RX 01 03 40 00 00 00 00 00 03 00 00 00 03 00 00 00 00 00 00 00 00 00 00 00 00 00 00 00 01 00 00 01 00 05 0A 00 00 00 00 00 00 00 00 00 00 00 00 00 00 00 00 00 00 00 00 00 00 00 00 FF FF 58 4C FF FF 58 4C D0 40
2026-07-24T17:49:46.209863+00:00 TX 01 03 00 20 00 02 C5 C1
2026-07-24T17:49:46.217862+00:00 RX 01 03 04 00 00 08 1D 3D FA
2026-07-24T17:49:46.219862+00:00 TX 01 03 01 C4 00 01 C4 0B
2026-07-24T17:49:46.225864+00:00 RX 01 03 02 00 00 B8 44
2026-07-24T17:49:46.275985+00:00 TX 01 03 00 00 00 20 44 12
2026-07-24T17:49:46.319991+00:00 RX 01 03 40 00 00 00 00 00 03 00 00 00 03 00 00 00 00 00 00 00 00 00 00 00 00 00 00 00 01 00 00 01 00 05 0A 00 00 00 00 00 00 00 00 00 00 00 00 00 00 00 00 00 00 00 00 00 00 00 00 FF FF 57 24 FF FF 57 24 B5 68
2026-07-24T17:49:46.322993+00:00 TX 01 03 00 20 00 02 C5 C1
2026-07-24T17:49:46.331496+00:00 RX 01 03 04 00 00 08 1F BC 3B
2026-07-24T17:49:46.333497+00:00 TX 01 03 01 C4 00 01 C4 0B
2026-07-24T17:49:46.340498+00:00 RX 01 03 02 00 00 B8 44
2026-07-24T17:49:46.390507+00:00 TX 01 03 00 00 00 20 44 12
2026-07-24T17:49:46.435018+00:00 RX 01 03 40 00 00 00 00 00 03 00 00 00 03 00 00 00 00 00 00 00 00 00 00 00 00 00 00 00 01 00 00 01 00 05 0A 00 00 00 00 00 00 00 00 00 00 00 00 00 00 00 00 00 00 00 00 00 00 00 00 FF FF 57 96 FF FF 57 96 0D 07
2026-07-24T17:49:46.437019+00:00 TX 01 03 00 20 00 02 C5 C1
2026-07-24T17:49:46.444021+00:00 RX 01 03 04 00 00 08 20 FC 2B
2026-07-24T17:49:46.447021+00:00 TX 01 03 01 C4 00 01 C4 0B
2026-07-24T17:49:46.453023+00:00 RX 01 03 02 00 00 B8 44
2026-07-24T17:49:46.503535+00:00 TX 01 03 00 00 00 20 44 12
2026-07-24T17:49:46.548166+00:00 RX 01 03 40 00 00 00 00 00 03 00 00 00 03 00 00 00 00 00 00 00 00 00 00 00 00 00 00 00 01 00 00 01 00 05 0A 00 00 00 00 00 00 00 00 00 00 00 00 00 00 00 00 00 00 00 00 00 00 00 00 FF FF 58 8F FF FF 58 8F D4 00
2026-07-24T17:49:46.551166+00:00 TX 01 03 00 20 00 02 C5 C1
2026-07-24T17:49:46.559168+00:00 RX 01 03 04 00 00 08 21 3D EB
2026-07-24T17:49:46.561169+00:00 TX 01 03 01 C4 00 01 C4 0B
2026-07-24T17:49:46.568170+00:00 RX 01 03 02 00 00 B8 44
2026-07-24T17:49:46.618677+00:00 TX 01 03 00 00 00 20 44 12
2026-07-24T17:49:46.663447+00:00 RX 01 03 40 00 00 00 00 00 03 00 00 00 03 00 00 00 00 00 00 00 00 00 00 00 00 00 00 00 01 00 00 01 00 05 0A 00 00 00 00 00 00 00 00 00 00 00 00 00 00 00 00 00 00 00 00 00 00 00 00 FF FF 58 31 FF FF 58 31 7C 6B
2026-07-24T17:49:46.666448+00:00 TX 01 03 00 20 00 02 C5 C1
2026-07-24T17:49:46.674449+00:00 RX 01 03 04 00 00 08 22 7D EA
2026-07-24T17:49:46.676450+00:00 TX 01 03 01 C4 00 01 C4 0B
2026-07-24T17:49:46.683452+00:00 RX 01 03 02 00 00 B8 44
2026-07-24T17:49:46.734250+00:00 TX 01 03 00 00 00 20 44 12
2026-07-24T17:49:46.779285+00:00 RX 01 03 40 00 00 00 00 00 03 00 00 00 03 00 00 00 00 00 00 00 00 00 00 00 00 00 00 00 01 00 00 01 00 05 0A 00 00 00 00 00 00 00 00 00 00 00 00 00 00 00 00 00 00 00 00 00 00 00 00 FF FF 56 7F FF FF 56 7F 91 1F
2026-07-24T17:49:46.781285+00:00 TX 01 03 00 20 00 02 C5 C1
2026-07-24T17:49:46.789287+00:00 RX 01 03 04 00 00 08 23 BC 2A
2026-07-24T17:49:46.792285+00:00 TX 01 03 01 C4 00 01 C4 0B
2026-07-24T17:49:46.798286+00:00 RX 01 03 02 00 00 B8 44
2026-07-24T17:49:46.848799+00:00 TX 01 03 00 00 00 20 44 12
2026-07-24T17:49:46.892809+00:00 RX 01 03 40 00 00 00 00 00 03 00 00 00 03 00 00 00 00 00 00 00 00 00 00 00 00 00 00 00 01 00 00 01 00 05 0A 00 00 00 00 00 00 00 00 00 00 00 00 00 00 00 00 00 00 00 00 00 00 00 00 FF FF 57 11 FF FF 57 11 F9 7B
2026-07-24T17:49:46.894809+00:00 TX 01 03 00 20 00 02 C5 C1
2026-07-24T17:49:46.902811+00:00 RX 01 03 04 00 00 08 24 FD E8
2026-07-24T17:49:46.904812+00:00 TX 01 03 01 C4 00 01 C4 0B
2026-07-24T17:49:46.911314+00:00 RX 01 03 02 00 00 B8 44
2026-07-24T17:49:46.961823+00:00 TX 01 03 00 00 00 20 44 12
2026-07-24T17:49:47.006334+00:00 RX 01 03 40 00 00 00 00 00 03 00 00 00 03 00 00 00 00 00 00 00 00 00 00 00 00 00 00 00 01 00 00 01 00 05 0A 00 00 00 00 00 00 00 00 00 00 00 00 00 00 00 00 00 00 00 00 00 00 00 00 FF FF 5A 72 FF FF 5A 72 78 D7
2026-07-24T17:49:47.009332+00:00 TX 01 03 00 20 00 02 C5 C1
2026-07-24T17:49:47.017330+00:00 RX 01 03 04 00 00 08 26 7C 29
2026-07-24T17:49:47.019330+00:00 TX 01 03 01 C4 00 01 C4 0B
2026-07-24T17:49:47.026332+00:00 RX 01 03 02 00 00 B8 44
2026-07-24T17:49:47.076406+00:00 TX 01 03 00 00 00 20 44 12
2026-07-24T17:49:47.120937+00:00 RX 01 03 40 00 00 00 00 00 03 00 00 00 03 00 00 00 00 00 00 00 00 00 00 00 00 00 00 00 01 00 00 01 00 05 0A 00 00 00 00 00 00 00 00 00 00 00 00 00 00 00 00 00 00 00 00 00 00 00 00 FF FF 5A 47 FF FF 5A 47 34 C4
2026-07-24T17:49:47.122937+00:00 TX 01 03 00 20 00 02 C5 C1
2026-07-24T17:49:47.131612+00:00 RX 01 03 04 00 00 08 27 BD E9
2026-07-24T17:49:47.134610+00:00 TX 01 03 01 C4 00 01 C4 0B
2026-07-24T17:49:47.140611+00:00 RX 01 03 02 00 00 B8 44
2026-07-24T17:49:47.191717+00:00 TX 01 03 00 00 00 20 44 12
2026-07-24T17:49:47.236930+00:00 RX 01 03 40 00 00 00 00 00 03 00 00 00 03 00 00 00 00 00 00 00 00 00 00 00 00 00 00 00 01 00 00 01 00 05 0A 00 00 00 00 00 00 00 00 00 00 00 00 00 00 00 00 00 00 00 00 00 00 00 00 FF FF 58 0C FF FF 58 0C D0 7F
2026-07-24T17:49:47.238931+00:00 TX 01 03 00 20 00 02 C5 C1
2026-07-24T17:49:47.246933+00:00 RX 01 03 04 00 00 08 28 FD ED
2026-07-24T17:49:47.248933+00:00 TX 01 03 01 C4 00 01 C4 0B
2026-07-24T17:49:47.254934+00:00 RX 01 03 02 00 00 B8 44
2026-07-24T17:49:47.304946+00:00 TX 01 03 00 00 00 20 44 12
2026-07-24T17:49:47.349456+00:00 RX 01 03 40 00 00 00 00 00 03 00 00 00 03 00 00 00 00 00 00 00 00 00 00 00 00 00 00 00 01 00 00 01 00 05 0A 00 00 00 00 00 00 00 00 00 00 00 00 00 00 00 00 00 00 00 00 00 00 00 00 FF FF 56 3C FF FF 56 3C 95 21
2026-07-24T17:49:47.351456+00:00 TX 01 03 00 20 00 02 C5 C1
2026-07-24T17:49:47.359458+00:00 RX 01 03 04 00 00 08 29 3C 2D
2026-07-24T17:49:47.361459+00:00 TX 01 03 01 C4 00 01 C4 0B
2026-07-24T17:49:47.368460+00:00 RX 01 03 02 00 00 B8 44
2026-07-24T17:49:47.418969+00:00 TX 01 03 00 00 00 20 44 12
2026-07-24T17:49:47.464017+00:00 RX 01 03 40 00 00 00 00 00 03 00 00 00 03 00 00 00 00 00 00 00 00 00 00 00 00 00 00 00 01 00 00 01 00 05 0A 00 00 00 00 00 00 00 00 00 00 00 00 00 00 00 00 00 00 00 00 00 00 00 00 FF FF 56 AE FF FF 56 AE AD 51
2026-07-24T17:49:47.466017+00:00 TX 01 03 00 20 00 02 C5 C1
2026-07-24T17:49:47.474019+00:00 RX 01 03 04 00 00 08 2A 7C 2C
2026-07-24T17:49:47.476020+00:00 TX 01 03 01 C4 00 01 C4 0B
2026-07-24T17:49:47.482022+00:00 RX 01 03 02 00 00 B8 44
2026-07-24T17:49:47.532563+00:00 TX 01 03 00 00 00 20 44 12
2026-07-24T17:49:47.577075+00:00 RX 01 03 40 00 00 00 00 00 03 00 00 00 03 00 00 00 00 00 00 00 00 00 00 00 00 00 00 00 01 00 00 01 00 05 0A 00 00 00 00 00 00 00 00 00 00 00 00 00 00 00 00 00 00 00 00 00 00 00 00 FF FF 57 1F FF FF 57 1F 11 7E
2026-07-24T17:49:47.579076+00:00 TX 01 03 00 20 00 02 C5 C1
2026-07-24T17:49:47.587078+00:00 RX 01 03 04 00 00 08 2B BD EC
2026-07-24T17:49:47.590078+00:00 TX 01 03 01 C4 00 01 C4 0B
2026-07-24T17:49:47.597077+00:00 RX 01 03 02 00 00 B8 44
2026-07-24T17:49:47.647111+00:00 TX 01 03 00 00 00 20 44 12
2026-07-24T17:49:47.692122+00:00 RX 01 03 40 00 00 00 00 00 03 00 00 00 03 00 00 00 00 00 00 00 00 00 00 00 00 00 00 00 01 00 00 01 00 05 0A 00 00 00 00 00 00 00 00 00 00 00 00 00 00 00 00 00 00 00 00 00 00 00 00 FF FF 57 18 FF FF 57 18 E5 7C
2026-07-24T17:49:47.695122+00:00 TX 01 03 00 20 00 02 C5 C1
2026-07-24T17:49:47.703124+00:00 RX 01 03 04 00 00 08 2C FC 2E
2026-07-24T17:49:47.705125+00:00 TX 01 03 01 C4 00 01 C4 0B
2026-07-24T17:49:47.711126+00:00 RX 01 03 02 00 00 B8 44
2026-07-24T17:49:47.761201+00:00 TX 01 03 00 00 00 20 44 12
2026-07-24T17:49:47.806208+00:00 RX 01 03 40 00 00 00 00 00 03 00 00 00 03 00 00 00 00 00 00 00 00 00 00 00 00 00 00 00 01 00 00 01 00 05 0A 00 00 00 00 00 00 00 00 00 00 00 00 00 00 00 00 00 00 00 00 00 00 00 00 FF FF 56 73 FF FF 56 73 81 1B
2026-07-24T17:49:47.808710+00:00 TX 01 03 00 20 00 02 C5 C1
2026-07-24T17:49:47.815711+00:00 RX 01 03 04 00 00 08 2E 7D EF
2026-07-24T17:49:47.819709+00:00 TX 01 03 01 C4 00 01 C4 0B
2026-07-24T17:49:47.825711+00:00 RX 01 03 02 00 00 B8 44
2026-07-24T17:49:47.876262+00:00 TX 01 03 00 00 00 20 44 12
2026-07-24T17:49:47.921269+00:00 RX 01 03 40 00 00 00 00 00 03 00 00 00 03 00 00 00 00 00 00 00 00 00 00 00 00 00 00 00 01 00 00 01 00 05 0A 00 00 00 00 00 00 00 00 00 00 00 00 00 00 00 00 00 00 00 00 00 00 00 00 FF FF 59 9E FF FF 59 9E E8 4E
2026-07-24T17:49:47.923269+00:00 TX 01 03 00 20 00 02 C5 C1
2026-07-24T17:49:47.931271+00:00 RX 01 03 04 00 00 08 2F BC 2F
2026-07-24T17:49:47.933777+00:00 TX 01 03 01 C4 00 01 C4 0B
2026-07-24T17:49:47.939775+00:00 RX 01 03 02 00 00 B8 44
2026-07-24T17:49:47.989836+00:00 TX 01 03 00 00 00 20 44 12
2026-07-24T17:49:48.035380+00:00 RX 01 03 40 00 00 00 00 00 03 00 00 00 03 00 00 00 00 00 00 00 00 00 00 00 00 00 00 00 01 00 00 01 00 05 0A 00 00 00 00 00 00 00 00 00 00 00 00 00 00 00 00 00 00 00 00 00 00 00 00 FF FF 5B 16 FF FF 5B 16 08 B5
2026-07-24T17:49:48.037381+00:00 TX 01 03 00 20 00 02 C5 C1
2026-07-24T17:49:48.045383+00:00 RX 01 03 04 00 00 08 30 FD E7
2026-07-24T17:49:48.047383+00:00 TX 01 03 01 C4 00 01 C4 0B
2026-07-24T17:49:48.054385+00:00 RX 01 03 02 00 00 B8 44
2026-07-24T17:49:48.104719+00:00 TX 01 03 00 00 00 20 44 12
2026-07-24T17:49:48.149253+00:00 RX 01 03 40 00 00 00 00 00 03 00 00 00 03 00 00 00 00 00 00 00 00 00 00 00 00 00 00 00 01 00 00 01 00 05 0A 00 00 00 00 00 00 00 00 00 00 00 00 00 00 00 00 00 00 00 00 00 00 00 00 FF FF 59 F1 FF FF 59 F1 7C 6B
2026-07-24T17:49:48.151253+00:00 TX 01 03 00 20 00 02 C5 C1
2026-07-24T17:49:48.159255+00:00 RX 01 03 04 00 00 08 31 3C 27
2026-07-24T17:49:48.161256+00:00 TX 01 03 01 C4 00 01 C4 0B
2026-07-24T17:49:48.168257+00:00 RX 01 03 02 00 00 B8 44
2026-07-24T17:49:48.218766+00:00 TX 01 03 00 00 00 20 44 12
2026-07-24T17:49:48.262716+00:00 RX 01 03 40 00 00 00 00 00 03 00 00 00 03 00 00 00 00 00 00 00 00 00 00 00 00 00 00 00 01 00 00 01 00 05 0A 00 00 00 00 00 00 00 00 00 00 00 00 00 00 00 00 00 00 00 00 00 00 00 00 FF FF 59 14 FF FF 59 14 F0 36
2026-07-24T17:49:48.266717+00:00 TX 01 03 00 20 00 02 C5 C1
2026-07-24T17:49:48.273724+00:00 RX 01 03 04 00 00 08 32 7C 26
2026-07-24T17:49:48.275725+00:00 TX 01 03 01 C4 00 01 C4 0B
2026-07-24T17:49:48.281726+00:00 RX 01 03 02 00 00 B8 44
2026-07-24T17:49:48.332734+00:00 TX 01 03 00 00 00 20 44 12
2026-07-24T17:49:48.377247+00:00 RX 01 03 40 00 00 00 00 00 03 00 00 00 03 00 00 00 00 00 00 00 00 00 00 00 00 00 00 00 01 00 00 01 00 05 0A 00 00 00 00 00 00 00 00 00 00 00 00 00 00 00 00 00 00 00 00 00 00 00 00 FF FF 59 F8 FF FF 59 F8 60 6C
2026-07-24T17:49:48.379247+00:00 TX 01 03 00 20 00 02 C5 C1
2026-07-24T17:49:48.387249+00:00 RX 01 03 04 00 00 08 33 BD E6
2026-07-24T17:49:48.389250+00:00 TX 01 03 01 C4 00 01 C4 0B
2026-07-24T17:49:48.395247+00:00 RX 01 03 02 00 00 B8 44
2026-07-24T17:49:48.445258+00:00 TX 01 03 00 00 00 20 44 12
2026-07-24T17:49:48.490266+00:00 RX 01 03 40 00 00 00 00 00 03 00 00 00 03 00 00 00 00 00 00 00 00 00 00 00 00 00 00 00 01 00 00 01 00 05 0A 00 00 00 00 00 00 00 00 00 00 00 00 00 00 00 00 00 00 00 00 00 00 00 00 FF FF 5C 9C FF FF 5C 9C 13 4A
2026-07-24T17:49:48.492267+00:00 TX 01 03 00 20 00 02 C5 C1
2026-07-24T17:49:48.500269+00:00 RX 01 03 04 00 00 08 35 3D E4
2026-07-24T17:49:48.502269+00:00 TX 01 03 01 C4 00 01 C4 0B
2026-07-24T17:49:48.508772+00:00 RX 01 03 02 00 00 B8 44
2026-07-24T17:49:48.559282+00:00 TX 01 03 00 00 00 20 44 12
2026-07-24T17:49:48.604289+00:00 RX 01 03 40 00 00 00 00 00 03 00 00 00 03 00 00 00 00 00 00 00 00 00 00 00 00 00 00 00 01 00 00 01 00 05 0A 00 00 00 00 00 00 00 00 00 00 00 00 00 00 00 00 00 00 00 00 00 00 00 00 FF FF 5B 6F FF FF 5B 6F 54 9D
2026-07-24T17:49:48.606290+00:00 TX 01 03 00 20 00 02 C5 C1
2026-07-24T17:49:48.613788+00:00 RX 01 03 04 00 00 08 36 7D E5
2026-07-24T17:49:48.615789+00:00 TX 01 03 01 C4 00 01 C4 0B
2026-07-24T17:49:48.621790+00:00 RX 01 03 02 00 00 B8 44
2026-07-24T17:49:48.672140+00:00 TX 01 03 00 00 00 20 44 12
2026-07-24T17:49:48.717151+00:00 RX 01 03 40 00 00 00 00 00 03 00 00 00 03 00 00 00 00 00 00 00 00 00 00 00 00 00 00 00 01 00 00 01 00 05 0A 00 00 00 00 00 00 00 00 00 00 00 00 00 00 00 00 00 00 00 00 00 00 00 00 FF FF 5D 0E FF FF 5D 0E 2B 7B
2026-07-24T17:49:48.719151+00:00 TX 01 03 00 20 00 02 C5 C1
2026-07-24T17:49:48.727694+00:00 RX 01 03 04 00 00 08 37 BC 25
2026-07-24T17:49:48.729697+00:00 TX 01 03 01 C4 00 01 C4 0B
2026-07-24T17:49:48.736203+00:00 RX 01 03 02 00 00 B8 44
2026-07-24T17:49:48.786235+00:00 TX 01 03 00 00 00 20 44 12
2026-07-24T17:49:48.830621+00:00 RX 01 03 40 00 00 00 00 00 03 00 00 00 03 00 00 00 00 00 00 00 00 00 00 00 00 00 00 00 01 00 00 01 00 05 0A 00 00 00 00 00 00 00 00 00 00 00 00 00 00 00 00 00 00 00 00 00 00 00 00 FF FF 5B DF FF FF 5B DF 14 F3
2026-07-24T17:49:48.832622+00:00 TX 01 03 00 20 00 02 C5 C1
2026-07-24T17:49:48.840627+00:00 RX 01 03 04 00 00 08 38 FC 21
2026-07-24T17:49:48.842628+00:00 TX 01 03 01 C4 00 01 C4 0B
2026-07-24T17:49:48.849629+00:00 RX 01 03 02 00 00 B8 44
2026-07-24T17:49:48.899641+00:00 TX 01 03 00 00 00 20 44 12
2026-07-24T17:49:48.943659+00:00 RX 01 03 40 00 00 00 00 00 03 00 00 00 03 00 00 00 00 00 00 00 00 00 00 00 00 00 00 00 01 00 00 01 00 05 0A 00 00 00 00 00 00 00 00 00 00 00 00 00 00 00 00 00 00 00 00 00 00 00 00 FF FF 5C 10 FF FF 5C 10 03 30
2026-07-24T17:49:48.946659+00:00 TX 01 03 00 20 00 02 C5 C1
2026-07-24T17:49:48.953662+00:00 RX 01 03 04 00 00 08 39 3D E1
2026-07-24T17:49:48.955662+00:00 TX 01 03 01 C4 00 01 C4 0B
2026-07-24T17:49:48.961663+00:00 RX 01 03 02 00 00 B8 44
2026-07-24T17:49:49.012173+00:00 TX 01 03 00 00 00 20 44 12
2026-07-24T17:49:49.057187+00:00 RX 01 03 40 00 00 00 00 00 03 00 00 00 03 00 00 00 00 00 00 00 00 00 00 00 00 00 00 00 01 00 00 01 00 05 0A 00 00 00 00 00 00 00 00 00 00 00 00 00 00 00 00 00 00 00 00 00 00 00 00 FF FF 5C AB FF FF 5C AB A7 58
2026-07-24T17:49:49.059187+00:00 TX 01 03 00 20 00 02 C5 C1
2026-07-24T17:49:49.067189+00:00 RX 01 03 04 00 00 08 3A 7D E0
2026-07-24T17:49:49.069189+00:00 TX 01 03 01 C4 00 01 C4 0B
2026-07-24T17:49:49.076191+00:00 RX 01 03 02 00 00 B8 44
2026-07-24T17:49:49.126217+00:00 TX 01 03 00 00 00 20 44 12
2026-07-24T17:49:49.171330+00:00 RX 01 03 40 00 00 00 00 00 03 00 00 00 03 00 00 00 00 00 00 00 00 00 00 00 00 00 00 00 01 00 00 01 00 05 0A 00 00 00 00 00 00 00 00 00 00 00 00 00 00 00 00 00 00 00 00 00 00 00 00 FF FF 5C BA FF FF 5C BA 9B 57
2026-07-24T17:49:49.173846+00:00 TX 01 03 00 20 00 02 C5 C1
2026-07-24T17:49:49.180848+00:00 RX 01 03 04 00 00 08 3C FD E2
2026-07-24T17:49:49.182849+00:00 TX 01 03 01 C4 00 01 C4 0B
2026-07-24T17:49:49.189850+00:00 RX 01 03 02 00 00 B8 44
2026-07-24T17:49:49.240360+00:00 TX 01 03 00 00 00 20 44 12
2026-07-24T17:49:49.285371+00:00 RX 01 03 40 00 00 00 00 00 03 00 00 00 03 00 00 00 00 00 00 00 00 00 00 00 00 00 00 00 01 00 00 01 00 05 0A 00 00 00 00 00 00 00 00 00 00 00 00 00 00 00 00 00 00 00 00 00 00 00 00 FF FF 5F 56 FF FF 5F 56 0B CE
2026-07-24T17:49:49.287371+00:00 TX 01 03 00 20 00 02 C5 C1
2026-07-24T17:49:49.295373+00:00 RX 01 03 04 00 00 08 3D 3C 22
2026-07-24T17:49:49.297373+00:00 TX 01 03 01 C4 00 01 C4 0B
2026-07-24T17:49:49.304375+00:00 RX 01 03 02 00 00 B8 44
2026-07-24T17:49:49.354885+00:00 TX 01 03 00 00 00 20 44 12
2026-07-24T17:49:49.399892+00:00 RX 01 03 40 00 00 00 00 00 03 00 00 00 03 00 00 00 00 00 00 00 00 00 00 00 00 00 00 00 01 00 00 01 00 05 0A 00 00 00 00 00 00 00 00 00 00 00 00 00 00 00 00 00 00 00 00 00 00 00 00 FF FF 5F 58 FF FF 5F 58 E3 CB
2026-07-24T17:49:49.402893+00:00 TX 01 03 00 20 00 02 C5 C1
2026-07-24T17:49:49.411399+00:00 RX 01 03 04 00 00 08 3E 7C 23
2026-07-24T17:49:49.414397+00:00 TX 01 03 01 C4 00 01 C4 0B
2026-07-24T17:49:49.421395+00:00 RX 01 03 02 00 00 B8 44
2026-07-24T17:49:49.472181+00:00 TX 01 03 00 00 00 20 44 12
2026-07-24T17:49:49.517242+00:00 RX 01 03 40 00 00 00 00 00 03 00 00 00 03 00 00 00 00 00 00 00 00 00 00 00 00 00 00 00 01 00 00 01 00 05 0A 00 00 00 00 00 00 00 00 00 00 00 00 00 00 00 00 00 00 00 00 00 00 00 00 FF FF 5D 40 FF FF 5D 40 C3 41
2026-07-24T17:49:49.519242+00:00 TX 01 03 00 20 00 02 C5 C1
2026-07-24T17:49:49.528241+00:00 RX 01 03 04 00 00 08 3F BD E3
2026-07-24T17:49:49.530241+00:00 TX 01 03 01 C4 00 01 C4 0B
2026-07-24T17:49:49.537243+00:00 RX 01 03 02 00 00 B8 44
2026-07-24T17:49:49.587756+00:00 TX 01 03 00 00 00 20 44 12
2026-07-24T17:49:49.632323+00:00 RX 01 03 40 00 00 00 00 00 03 00 00 00 03 00 00 00 00 00 00 00 00 00 00 00 00 00 00 00 01 00 00 01 00 05 0A 00 00 00 00 00 00 00 00 00 00 00 00 00 00 00 00 00 00 00 00 00 00 00 00 FF FF 5E 70 FF FF 5E 70 83 92
2026-07-24T17:49:49.634856+00:00 TX 01 03 00 20 00 02 C5 C1
2026-07-24T17:49:49.642780+00:00 RX 01 03 04 00 00 08 40 FC 03
2026-07-24T17:49:49.645146+00:00 TX 01 03 01 C4 00 01 C4 0B
2026-07-24T17:49:49.651445+00:00 RX 01 03 02 00 00 B8 44
2026-07-24T17:49:49.701456+00:00 TX 01 03 00 00 00 20 44 12
2026-07-24T17:49:49.746491+00:00 RX 01 03 40 00 00 00 00 00 03 00 00 00 03 00 00 00 00 00 00 00 00 00 00 00 00 00 00 00 01 00 00 01 00 05 0A 00 00 00 00 00 00 00 00 00 00 00 00 00 00 00 00 00 00 00 00 00 00 00 00 FF FF 60 84 FF FF 60 84 27 7E
2026-07-24T17:49:49.748492+00:00 TX 01 03 00 20 00 02 C5 C1
2026-07-24T17:49:49.755995+00:00 RX 01 03 04 00 00 08 41 3D C3
2026-07-24T17:49:49.757996+00:00 TX 01 03 01 C4 00 01 C4 0B
2026-07-24T17:49:49.763997+00:00 RX 01 03 02 00 00 B8 44
2026-07-24T17:49:49.815508+00:00 TX 01 03 00 00 00 20 44 12
2026-07-24T17:49:49.860525+00:00 RX 01 03 40 00 00 00 00 00 03 00 00 00 03 00 00 00 00 00 00 00 00 00 00 00 00 00 00 00 01 00 00 01 00 05 0A 00 00 00 00 00 00 00 00 00 00 00 00 00 00 00 00 00 00 00 00 00 00 00 00 FF FF 61 D7 FF FF 61 D7 E3 0E
2026-07-24T17:49:49.862526+00:00 TX 01 03 00 20 00 02 C5 C1
2026-07-24T17:49:49.870528+00:00 RX 01 03 04 00 00 08 43 BC 02
2026-07-24T17:49:49.872529+00:00 TX 01 03 01 C4 00 01 C4 0B
2026-07-24T17:49:49.878529+00:00 RX 01 03 02 00 00 B8 44
2026-07-24T17:49:49.929539+00:00 TX 01 03 00 00 00 20 44 12
2026-07-24T17:49:49.974050+00:00 RX 01 03 40 00 00 00 00 00 03 00 00 00 03 00 00 00 00 00 00 00 00 00 00 00 00 00 00 00 01 00 00 01 00 05 0A 00 00 00 00 00 00 00 00 00 00 00 00 00 00 00 00 00 00 00 00 00 00 00 00 FF FF 5F D8 FF FF 5F D8 E3 B5
2026-07-24T17:49:49.976051+00:00 TX 01 03 00 20 00 02 C5 C1
2026-07-24T17:49:49.984053+00:00 RX 01 03 04 00 00 08 44 FD C0
2026-07-24T17:49:49.986053+00:00 TX 01 03 01 C4 00 01 C4 0B
2026-07-24T17:49:49.992055+00:00 RX 01 03 02 00 00 B8 44
2026-07-24T17:49:50.042577+00:00 TX 01 03 00 00 00 20 44 12
2026-07-24T17:49:50.087576+00:00 RX 01 03 40 00 00 00 00 00 03 00 00 00 03 00 00 00 00 00 00 00 00 00 00 00 00 00 00 00 01 00 00 01 00 05 0A 00 00 00 00 00 00 00 00 00 00 00 00 00 00 00 00 00 00 00 00 00 00 00 00 FF FF 5E B4 FF FF 5E B4 73 D0
2026-07-24T17:49:50.090577+00:00 TX 01 03 00 20 00 02 C5 C1
2026-07-24T17:49:50.098579+00:00 RX 01 03 04 00 00 08 45 3C 00
2026-07-24T17:49:50.100580+00:00 TX 01 03 01 C4 00 01 C4 0B
2026-07-24T17:49:50.107132+00:00 RX 01 03 02 00 00 B8 44
2026-07-24T17:49:50.157747+00:00 TX 01 03 00 00 00 20 44 12
2026-07-24T17:49:50.203410+00:00 RX 01 03 40 00 00 00 00 00 03 00 00 00 03 00 00 00 00 00 00 00 00 00 00 00 00 00 00 00 01 00 00 01 00 05 0A 00 00 00 00 00 00 00 00 00 00 00 00 00 00 00 00 00 00 00 00 00 00 00 00 FF FF 5A 03 FF FF 5A 03 C4 F8
2026-07-24T17:49:50.205410+00:00 TX 01 03 00 20 00 02 C5 C1
2026-07-24T17:49:50.212916+00:00 RX 01 03 04 00 00 08 46 7C 01
2026-07-24T17:49:50.215914+00:00 TX 01 03 01 C4 00 01 C4 0B
2026-07-24T17:49:50.221912+00:00 RX 01 03 02 00 00 B8 44
2026-07-24T17:49:50.273142+00:00 TX 01 03 00 00 00 20 44 12
2026-07-24T17:49:50.318153+00:00 RX 01 03 40 00 00 00 00 00 03 00 00 00 03 00 00 00 00 00 00 00 00 00 00 00 00 00 00 00 01 00 00 01 00 05 0A 00 00 00 00 00 00 00 00 00 00 00 00 00 00 00 00 00 00 00 00 00 00 00 00 FF FF 59 3C FF FF 59 3C 90 2E
2026-07-24T17:49:50.320153+00:00 TX 01 03 00 20 00 02 C5 C1
2026-07-24T17:49:50.328151+00:00 RX 01 03 04 00 00 08 47 BD C1
2026-07-24T17:49:50.330152+00:00 TX 01 03 01 C4 00 01 C4 0B
2026-07-24T17:49:50.337153+00:00 RX 01 03 02 00 00 B8 44
2026-07-24T17:49:50.387668+00:00 TX 01 03 00 00 00 20 44 12
2026-07-24T17:49:50.432174+00:00 RX 01 03 40 00 00 00 00 00 03 00 00 00 03 00 00 00 00 00 00 00 00 00 00 00 00 00 00 00 01 00 00 01 00 05 0A 00 00 00 00 00 00 00 00 00 00 00 00 00 00 00 00 00 00 00 00 00 00 00 00 FF FF 5B AD FF FF 5B AD AC DD
2026-07-24T17:49:50.434175+00:00 TX 01 03 00 20 00 02 C5 C1
2026-07-24T17:49:50.441687+00:00 RX 01 03 04 00 00 08 48 FD C5
2026-07-24T17:49:50.444189+00:00 TX 01 03 01 C4 00 01 C4 0B
2026-07-24T17:49:50.451191+00:00 RX 01 03 02 00 00 B8 44
2026-07-24T17:49:50.502053+00:00 TX 01 03 00 00 00 20 44 12
2026-07-24T17:49:50.546122+00:00 RX 01 03 40 00 00 00 00 00 03 00 00 00 03 00 00 00 00 00 00 00 00 00 00 00 00 00 00 00 01 00 00 01 00 05 0A 00 00 00 00 00 00 00 00 00 00 00 00 00 00 00 00 00 00 00 00 00 00 00 00 FF FF 5C A7 FF FF 5C A7 B7 5C
2026-07-24T17:49:50.548123+00:00 TX 01 03 00 20 00 02 C5 C1
2026-07-24T17:49:50.556124+00:00 RX 01 03 04 00 00 08 4A 7C 04
2026-07-24T17:49:50.558125+00:00 TX 01 03 01 C4 00 01 C4 0B
2026-07-24T17:49:50.564126+00:00 RX 01 03 02 00 00 B8 44
2026-07-24T17:49:50.614637+00:00 TX 01 03 00 00 00 20 44 12
2026-07-24T17:49:50.659160+00:00 RX 01 03 40 00 00 00 00 00 03 00 00 00 03 00 00 00 00 00 00 00 00 00 00 00 00 00 00 00 01 00 00 01 00 05 0A 00 00 00 00 00 00 00 00 00 00 00 00 00 00 00 00 00 00 00 00 00 00 00 00 FF FF 5D B0 FF FF 5D B0 83 10
2026-07-24T17:49:50.662161+00:00 TX 01 03 00 20 00 02 C5 C1
2026-07-24T17:49:50.670163+00:00 RX 01 03 04 00 00 08 4B BD C4
2026-07-24T17:49:50.672163+00:00 TX 01 03 01 C4 00 01 C4 0B
2026-07-24T17:49:50.678165+00:00 RX 01 03 02 00 00 B8 44
2026-07-24T17:49:50.728212+00:00 TX 01 03 00 00 00 20 44 12
2026-07-24T17:49:50.773262+00:00 RX 01 03 40 00 00 00 00 00 03 00 00 00 03 00 00 00 00 00 00 00 00 00 00 00 00 00 00 00 01 00 00 01 00 05 0A 00 00 00 00 00 00 00 00 00 00 00 00 00 00 00 00 00 00 00 00 00 00 00 00 FF FF 5C 49 FF FF 5C 49 DF 07
2026-07-24T17:49:50.775262+00:00 TX 01 03 00 20 00 02 C5 C1
2026-07-24T17:49:50.783264+00:00 RX 01 03 04 00 00 08 4C FC 06
2026-07-24T17:49:50.785265+00:00 TX 01 03 01 C4 00 01 C4 0B
2026-07-24T17:49:50.792947+00:00 RX 01 03 02 00 00 B8 44
2026-07-24T17:49:50.842957+00:00 TX 01 03 00 00 00 20 44 12
2026-07-24T17:49:50.888470+00:00 RX 01 03 40 00 00 00 00 00 03 00 00 00 03 00 00 00 00 00 00 00 00 00 00 00 00 00 00 00 01 00 00 01 00 05 0A 00 00 00 00 00 00 00 00 00 00 00 00 00 00 00 00 00 00 00 00 00 00 00 00 FF FF 5D 46 FF FF 5D 46 CB 43
2026-07-24T17:49:50.890470+00:00 TX 01 03 00 20 00 02 C5 C1
2026-07-24T17:49:50.898472+00:00 RX 01 03 04 00 00 08 4D 3D C6
2026-07-24T17:49:50.900473+00:00 TX 01 03 01 C4 00 01 C4 0B
2026-07-24T17:49:50.907474+00:00 RX 01 03 02 00 00 B8 44
2026-07-24T17:49:50.957984+00:00 TX 01 03 00 00 00 20 44 12
2026-07-24T17:49:51.001997+00:00 RX 01 03 40 00 00 00 00 00 03 00 00 00 03 00 00 00 00 00 00 00 00 00 00 00 00 00 00 00 01 00 00 01 00 05 0A 00 00 00 00 00 00 00 00 00 00 00 00 00 00 00 00 00 00 00 00 00 00 00 00 FF FF 5B 74 FF FF 5B 74 70 94
2026-07-24T17:49:51.004997+00:00 TX 01 03 00 20 00 02 C5 C1
2026-07-24T17:49:51.013000+00:00 RX 01 03 04 00 00 08 4E 7D C7
2026-07-24T17:49:51.015501+00:00 TX 01 03 01 C4 00 01 C4 0B
2026-07-24T17:49:51.022504+00:00 RX 01 03 02 00 00 B8 44
2026-07-24T17:49:51.072516+00:00 TX 01 03 00 00 00 20 44 12
2026-07-24T17:49:51.117047+00:00 RX 01 03 40 00 00 00 00 00 03 00 00 00 03 00 00 00 00 00 00 00 00 00 00 00 00 00 00 00 01 00 00 01 00 05 0A 00 00 00 00 00 00 00 00 00 00 00 00 00 00 00 00 00 00 00 00 00 00 00 00 FF FF 5B 0E FF FF 5B 0E 28 BD
2026-07-24T17:49:51.119048+00:00 TX 01 03 00 20 00 02 C5 C1
2026-07-24T17:49:51.127050+00:00 RX 01 03 04 00 00 08 4F BC 07
2026-07-24T17:49:51.129050+00:00 TX 01 03 01 C4 00 01 C4 0B
2026-07-24T17:49:51.135048+00:00 RX 01 03 02 00 00 B8 44
2026-07-24T17:49:51.185613+00:00 TX 01 03 00 00 00 20 44 12
2026-07-24T17:49:51.230117+00:00 RX 01 03 40 00 00 00 00 00 03 00 00 00 03 00 00 00 00 00 00 00 00 00 00 00 00 00 00 00 01 00 00 01 00 05 0A 00 00 00 00 00 00 00 00 00 00 00 00 00 00 00 00 00 00 00 00 00 00 00 00 FF FF 5A 83 FF FF 5A 83 C4 86
2026-07-24T17:49:51.232120+00:00 TX 01 03 00 20 00 02 C5 C1
2026-07-24T17:49:51.240137+00:00 RX 01 03 04 00 00 08 51 3C 0F
2026-07-24T17:49:51.242144+00:00 TX 01 03 01 C4 00 01 C4 0B
2026-07-24T17:49:51.248687+00:00 RX 01 03 02 00 00 B8 44
2026-07-24T17:49:51.299213+00:00 TX 01 03 00 00 00 20 44 12
2026-07-24T17:49:51.344220+00:00 RX 01 03 40 00 00 00 00 00 03 00 00 00 03 00 00 00 00 00 00 00 00 00 00 00 00 00 00 00 01 00 00 01 00 05 0A 00 00 00 00 00 00 00 00 00 00 00 00 00 00 00 00 00 00 00 00 00 00 00 00 FF FF 5D 0D FF FF 5D 0D 2F 7A
2026-07-24T17:49:51.346220+00:00 TX 01 03 00 20 00 02 C5 C1
2026-07-24T17:49:51.353724+00:00 RX 01 03 04 00 00 08 52 7C 0E
2026-07-24T17:49:51.356724+00:00 TX 01 03 01 C4 00 01 C4 0B
2026-07-24T17:49:51.362725+00:00 RX 01 03 02 00 00 B8 44
2026-07-24T17:49:51.412733+00:00 TX 01 03 00 00 00 20 44 12
2026-07-24T17:49:51.458288+00:00 RX 01 03 40 00 00 00 00 00 03 00 00 00 03 00 00 00 00 00 00 00 00 00 00 00 00 00 00 00 01 00 00 01 00 05 0A 00 00 00 00 00 00 00 00 00 00 00 00 00 00 00 00 00 00 00 00 00 00 00 00 FF FF 5D 60 FF FF 5D 60 43 5E
2026-07-24T17:49:51.460289+00:00 TX 01 03 00 20 00 02 C5 C1
2026-07-24T17:49:51.469291+00:00 RX 01 03 04 00 00 08 53 BD CE
2026-07-24T17:49:51.472291+00:00 TX 01 03 01 C4 00 01 C4 0B
2026-07-24T17:49:51.479293+00:00 RX 01 03 02 00 00 B8 44
2026-07-24T17:49:51.529803+00:00 TX 01 03 00 00 00 20 44 12
2026-07-24T17:49:51.574313+00:00 RX 01 03 40 00 00 00 00 00 03 00 00 00 03 00 00 00 00 00 00 00 00 00 00 00 00 00 00 00 01 00 00 01 00 05 0A 00 00 00 00 00 00 00 00 00 00 00 00 00 00 00 00 00 00 00 00 00 00 00 00 FF FF 5B B3 FF FF 5B B3 84 D7
2026-07-24T17:49:51.576313+00:00 TX 01 03 00 20 00 02 C5 C1
2026-07-24T17:49:51.584315+00:00 RX 01 03 04 00 00 08 54 FC 0C
2026-07-24T17:49:51.586315+00:00 TX 01 03 01 C4 00 01 C4 0B
2026-07-24T17:49:51.593317+00:00 RX 01 03 02 00 00 B8 44
2026-07-24T17:49:51.643901+00:00 TX 01 03 00 00 00 20 44 12
2026-07-24T17:49:51.689413+00:00 RX 01 03 40 00 00 00 00 00 03 00 00 00 03 00 00 00 00 00 00 00 00 00 00 00 00 00 00 00 01 00 00 01 00 05 0A 00 00 00 00 00 00 00 00 00 00 00 00 00 00 00 00 00 00 00 00 00 00 00 00 FF FF 5B 2C FF FF 5B 2C 50 A3
2026-07-24T17:49:51.691413+00:00 TX 01 03 00 20 00 02 C5 C1
2026-07-24T17:49:51.699415+00:00 RX 01 03 04 00 00 08 55 3D CC
2026-07-24T17:49:51.701416+00:00 TX 01 03 01 C4 00 01 C4 0B
2026-07-24T17:49:51.708418+00:00 RX 01 03 02 00 00 B8 44
2026-07-24T17:49:51.758978+00:00 TX 01 03 00 00 00 20 44 12
2026-07-24T17:49:51.803985+00:00 RX 01 03 40 00 00 00 00 00 03 00 00 00 03 00 00 00 00 00 00 00 00 00 00 00 00 00 00 00 01 00 00 01 00 05 0A 00 00 00 00 00 00 00 00 00 00 00 00 00 00 00 00 00 00 00 00 00 00 00 00 FF FF 59 7A FF FF 59 7A 98 13
2026-07-24T17:49:51.805985+00:00 TX 01 03 00 20 00 02 C5 C1
2026-07-24T17:49:51.813987+00:00 RX 01 03 04 00 00 08 56 7D CD
2026-07-24T17:49:51.816489+00:00 TX 01 03 01 C4 00 01 C4 0B
2026-07-24T17:49:51.822490+00:00 RX 01 03 02 00 00 B8 44
2026-07-24T17:49:51.872504+00:00 TX 01 03 00 00 00 20 44 12
2026-07-24T17:49:51.917488+00:00 RX 01 03 40 00 00 00 00 00 03 00 00 00 03 00 00 00 00 00 00 00 00 00 00 00 00 00 00 00 01 00 00 01 00 05 0A 00 00 00 00 00 00 00 00 00 00 00 00 00 00 00 00 00 00 00 00 00 00 00 00 FF FF 57 A5 FF FF 57 A5 49 16
2026-07-24T17:49:51.919489+00:00 TX 01 03 00 20 00 02 C5 C1
2026-07-24T17:49:51.928491+00:00 RX 01 03 04 00 00 08 58 FC 09
2026-07-24T17:49:51.930492+00:00 TX 01 03 01 C4 00 01 C4 0B
2026-07-24T17:49:51.937490+00:00 RX 01 03 02 00 00 B8 44
2026-07-24T17:49:51.988004+00:00 TX 01 03 00 00 00 20 44 12
2026-07-24T17:49:52.032509+00:00 RX 01 03 40 00 00 00 00 00 03 00 00 00 03 00 00 00 00 00 00 00 00 00 00 00 00 00 00 00 01 00 00 01 00 05 0A 00 00 00 00 00 00 00 00 00 00 00 00 00 00 00 00 00 00 00 00 00 00 00 00 FF FF 58 D4 FF FF 58 D4 F0 36
2026-07-24T17:49:52.035510+00:00 TX 01 03 00 20 00 02 C5 C1
2026-07-24T17:49:52.043024+00:00 RX 01 03 04 00 00 08 59 3D C9
2026-07-24T17:49:52.045025+00:00 TX 01 03 01 C4 00 01 C4 0B
2026-07-24T17:49:52.051528+00:00 RX 01 03 02 00 00 B8 44
2026-07-24T17:49:52.101536+00:00 TX 01 03 00 00 00 20 44 12
2026-07-24T17:49:52.146371+00:00 RX 01 03 40 00 00 00 00 00 03 00 00 00 03 00 00 00 00 00 00 00 00 00 00 00 00 00 00 00 01 00 00 01 00 05 0A 00 00 00 00 00 00 00 00 00 00 00 00 00 00 00 00 00 00 00 00 00 00 00 00 FF FF 59 3D FF FF 59 3D 6C 2E
2026-07-24T17:49:52.148877+00:00 TX 01 03 00 20 00 02 C5 C1
2026-07-24T17:49:52.156602+00:00 RX 01 03 04 00 00 08 5A 7D C8
2026-07-24T17:49:52.159602+00:00 TX 01 03 01 C4 00 01 C4 0B
2026-07-24T17:49:52.166155+00:00 RX 01 03 02 00 00 B8 44
2026-07-24T17:49:52.216203+00:00 TX 01 03 00 00 00 20 44 12
2026-07-24T17:49:52.261209+00:00 RX 01 03 40 00 00 00 00 00 03 00 00 00 03 00 00 00 00 00 00 00 00 00 00 00 00 00 00 00 01 00 00 01 00 05 0A 00 00 00 00 00 00 00 00 00 00 00 00 00 00 00 00 00 00 00 00 00 00 00 00 FF FF 5B 7C FF FF 5B 7C 90 93
2026-07-24T17:49:52.263210+00:00 TX 01 03 00 20 00 02 C5 C1
2026-07-24T17:49:52.271211+00:00 RX 01 03 04 00 00 08 5B BC 08
2026-07-24T17:49:52.273212+00:00 TX 01 03 01 C4 00 01 C4 0B
2026-07-24T17:49:52.280214+00:00 RX 01 03 02 00 00 B8 44
2026-07-24T17:49:52.330226+00:00 TX 01 03 00 00 00 20 44 12
2026-07-24T17:49:52.375235+00:00 RX 01 03 40 00 00 00 00 00 03 00 00 00 03 00 00 00 00 00 00 00 00 00 00 00 00 00 00 00 01 00 00 01 00 05 0A 00 00 00 00 00 00 00 00 00 00 00 00 00 00 00 00 00 00 00 00 00 00 00 00 FF FF 5C 47 FF FF 5C 47 37 02
2026-07-24T17:49:52.377235+00:00 TX 01 03 00 20 00 02 C5 C1
2026-07-24T17:49:52.385237+00:00 RX 01 03 04 00 00 08 5C FD CA
2026-07-24T17:49:52.387237+00:00 TX 01 03 01 C4 00 01 C4 0B
2026-07-24T17:49:52.393239+00:00 RX 01 03 02 00 00 B8 44
2026-07-24T17:49:52.443253+00:00 TX 01 03 00 00 00 20 44 12
2026-07-24T17:49:52.488323+00:00 RX 01 03 40 00 00 00 00 00 03 00 00 00 03 00 00 00 00 00 00 00 00 00 00 00 00 00 00 00 01 00 00 01 00 05 0A 00 00 00 00 00 00 00 00 00 00 00 00 00 00 00 00 00 00 00 00 00 00 00 00 FF FF 5C 25 FF FF 5C 25 4F 23
2026-07-24T17:49:52.491320+00:00 TX 01 03 00 20 00 02 C5 C1
2026-07-24T17:49:52.499322+00:00 RX 01 03 04 00 00 08 5D 3C 0A
2026-07-24T17:49:52.501323+00:00 TX 01 03 01 C4 00 01 C4 0B
2026-07-24T17:49:52.507826+00:00 RX 01 03 02 00 00 B8 44
2026-07-24T17:49:52.559596+00:00 TX 01 03 00 00 00 20 44 12
2026-07-24T17:49:52.605101+00:00 RX 01 03 40 00 00 00 00 00 03 00 00 00 03 00 00 00 00 00 00 00 00 00 00 00 00 00 00 00 01 00 00 01 00 05 0A 00 00 00 00 00 00 00 00 00 00 00 00 00 00 00 00 00 00 00 00 00 00 00 00 FF FF 5A 1C FF FF 5A 1C 10 F2
2026-07-24T17:49:52.607101+00:00 TX 01 03 00 20 00 02 C5 C1
2026-07-24T17:49:52.615103+00:00 RX 01 03 04 00 00 08 5F BD CB
2026-07-24T17:49:52.617700+00:00 TX 01 03 01 C4 00 01 C4 0B
2026-07-24T17:49:52.623702+00:00 RX 01 03 02 00 00 B8 44
2026-07-24T17:49:52.673860+00:00 TX 01 03 00 00 00 20 44 12
2026-07-24T17:49:52.719381+00:00 RX 01 03 40 00 00 00 00 00 03 00 00 00 03 00 00 00 00 00 00 00 00 00 00 00 00 00 00 00 01 00 00 01 00 05 0A 00 00 00 00 00 00 00 00 00 00 00 00 00 00 00 00 00 00 00 00 00 00 00 00 FF FF 58 74 FF FF 58 74 70 57
2026-07-24T17:49:52.722380+00:00 TX 01 03 00 20 00 02 C5 C1
2026-07-24T17:49:52.730154+00:00 RX 01 03 04 00 00 08 60 FD DB
2026-07-24T17:49:52.733152+00:00 TX 01 03 01 C4 00 01 C4 0B
2026-07-24T17:49:52.740150+00:00 RX 01 03 02 00 00 B8 44
2026-07-24T17:49:52.790861+00:00 TX 01 03 00 00 00 20 44 12
2026-07-24T17:49:52.835888+00:00 RX 01 03 40 00 00 00 00 00 03 00 00 00 03 00 00 00 00 00 00 00 00 00 00 00 00 00 00 00 01 00 00 01 00 05 0A 00 00 00 00 00 00 00 00 00 00 00 00 00 00 00 00 00 00 00 00 00 00 00 00 FF FF 56 D6 FF FF 56 D6 0D 79
2026-07-24T17:49:52.837889+00:00 TX 01 03 00 20 00 02 C5 C1
2026-07-24T17:49:52.846463+00:00 RX 01 03 04 00 00 08 61 3C 1B
2026-07-24T17:49:52.848468+00:00 TX 01 03 01 C4 00 01 C4 0B
2026-07-24T17:49:52.854972+00:00 RX 01 03 02 00 00 B8 44
2026-07-24T17:49:52.905566+00:00 TX 01 03 00 00 00 20 44 12
2026-07-24T17:49:52.950352+00:00 RX 01 03 40 00 00 00 00 00 03 00 00 00 03 00 00 00 00 00 00 00 00 00 00 00 00 00 00 00 01 00 00 01 00 05 0A 00 00 00 00 00 00 00 00 00 00 00 00 00 00 00 00 00 00 00 00 00 00 00 00 FF FF 5A C0 FF FF 5A C0 C0 B8
2026-07-24T17:49:52.952884+00:00 TX 01 03 00 20 00 02 C5 C1
2026-07-24T17:49:52.960992+00:00 RX 01 03 04 00 00 08 62 7C 1A
2026-07-24T17:49:52.962993+00:00 TX 01 03 01 C4 00 01 C4 0B
2026-07-24T17:49:52.970072+00:00 RX 01 03 02 00 00 B8 44
2026-07-24T17:49:53.020185+00:00 TX 01 03 00 00 00 20 44 12
2026-07-24T17:49:53.065139+00:00 RX 01 03 40 00 00 00 00 00 03 00 00 00 03 00 00 00 00 00 00 00 00 00 00 00 00 00 00 00 01 00 00 01 00 05 0A 00 00 00 00 00 00 00 00 00 00 00 00 00 00 00 00 00 00 00 00 00 00 00 00 FF FF 5A 6E FF FF 5A 6E A8 DC
2026-07-24T17:49:53.067139+00:00 TX 01 03 00 20 00 02 C5 C1
2026-07-24T17:49:53.075141+00:00 RX 01 03 04 00 00 08 63 BD DA
2026-07-24T17:49:53.077142+00:00 TX 01 03 01 C4 00 01 C4 0B
2026-07-24T17:49:53.083013+00:00 RX 01 03 02 00 00 B8 44
2026-07-24T17:49:53.133655+00:00 TX 01 03 00 00 00 20 44 12
2026-07-24T17:49:53.178861+00:00 RX 01 03 40 00 00 00 00 00 03 00 00 00 03 00 00 00 00 00 00 00 00 00 00 00 00 00 00 00 01 00 00 01 00 05 0A 00 00 00 00 00 00 00 00 00 00 00 00 00 00 00 00 00 00 00 00 00 00 00 00 FF FF 59 2D FF FF 59 2D AC 21
2026-07-24T17:49:53.179861+00:00 TX 01 03 00 20 00 02 C5 C1
2026-07-24T17:49:53.188864+00:00 RX 01 03 04 00 00 08 64 FC 18
2026-07-24T17:49:53.190869+00:00 TX 01 03 01 C4 00 01 C4 0B
2026-07-24T17:49:53.197871+00:00 RX 01 03 02 00 00 B8 44
2026-07-24T17:49:53.248581+00:00 TX 01 03 00 00 00 20 44 12
2026-07-24T17:49:53.293092+00:00 RX 01 03 40 00 00 00 00 00 03 00 00 00 03 00 00 00 00 00 00 00 00 00 00 00 00 00 00 00 01 00 00 01 00 05 0A 00 00 00 00 00 00 00 00 00 00 00 00 00 00 00 00 00 00 00 00 00 00 00 00 FF FF 58 8D FF FF 58 8D 2C 01
2026-07-24T17:49:53.295092+00:00 TX 01 03 00 20 00 02 C5 C1
2026-07-24T17:49:53.303094+00:00 RX 01 03 04 00 00 08 66 7D D9
2026-07-24T17:49:53.305094+00:00 TX 01 03 01 C4 00 01 C4 0B
2026-07-24T17:49:53.311096+00:00 RX 01 03 02 00 00 B8 44
2026-07-24T17:49:53.361607+00:00 TX 01 03 00 00 00 20 44 12
2026-07-24T17:49:53.406614+00:00 RX 01 03 40 00 00 00 00 00 03 00 00 00 03 00 00 00 00 00 00 00 00 00 00 00 00 00 00 00 01 00 00 01 00 05 0A 00 00 00 00 00 00 00 00 00 00 00 00 00 00 00 00 00 00 00 00 00 00 00 00 FF FF 59 7F FF FF 59 7F 94 10
2026-07-24T17:49:53.408614+00:00 TX 01 03 00 20 00 02 C5 C1
2026-07-24T17:49:53.415616+00:00 RX 01 03 04 00 00 08 67 BC 19
2026-07-24T17:49:53.417616+00:00 TX 01 03 01 C4 00 01 C4 0B
2026-07-24T17:49:53.424120+00:00 RX 01 03 02 00 00 B8 44
2026-07-24T17:49:53.474131+00:00 TX 01 03 00 00 00 20 44 12
2026-07-24T17:49:53.519266+00:00 RX 01 03 40 00 00 00 00 00 03 00 00 00 03 00 00 00 00 00 00 00 00 00 00 00 00 00 00 00 01 00 00 01 00 05 0A 00 00 00 00 00 00 00 00 00 00 00 00 00 00 00 00 00 00 00 00 00 00 00 00 FF FF 5A 9A FF FF 5A 9A 18 8E
2026-07-24T17:49:53.521267+00:00 TX 01 03 00 20 00 02 C5 C1
2026-07-24T17:49:53.529773+00:00 RX 01 03 04 00 00 08 68 FC 1D
2026-07-24T17:49:53.532771+00:00 TX 01 03 01 C4 00 01 C4 0B
2026-07-24T17:49:53.538772+00:00 RX 01 03 02 00 00 B8 44
2026-07-24T17:49:53.589088+00:00 TX 01 03 00 00 00 20 44 12
2026-07-24T17:49:53.634474+00:00 RX 01 03 40 00 00 00 00 00 03 00 00 00 03 00 00 00 00 00 00 00 00 00 00 00 00 00 00 00 01 00 00 01 00 05 0A 00 00 00 00 00 00 00 00 00 00 00 00 00 00 00 00 00 00 00 00 00 00 00 00 FF FF 5A 87 FF FF 5A 87 34 85
2026-07-24T17:49:53.636474+00:00 TX 01 03 00 20 00 02 C5 C1
2026-07-24T17:49:53.643977+00:00 RX 01 03 04 00 00 08 69 3D DD
2026-07-24T17:49:53.646757+00:00 TX 01 03 01 C4 00 01 C4 0B
2026-07-24T17:49:53.652759+00:00 RX 01 03 02 00 00 B8 44
2026-07-24T17:49:53.703271+00:00 TX 01 03 00 00 00 20 44 12
2026-07-24T17:49:53.747797+00:00 RX 01 03 40 00 00 00 00 00 03 00 00 00 03 00 00 00 00 00 00 00 00 00 00 00 00 00 00 00 01 00 00 01 00 05 0A 00 00 00 00 00 00 00 00 00 00 00 00 00 00 00 00 00 00 00 00 00 00 00 00 FF FF 5C 25 FF FF 5C 25 4F 23
2026-07-24T17:49:53.749797+00:00 TX 01 03 00 20 00 02 C5 C1
2026-07-24T17:49:53.757871+00:00 RX 01 03 04 00 00 08 6A 7D DC
2026-07-24T17:49:53.759872+00:00 TX 01 03 01 C4 00 01 C4 0B
2026-07-24T17:49:53.766873+00:00 RX 01 03 02 00 00 B8 44
2026-07-24T17:49:53.816881+00:00 TX 01 03 00 00 00 20 44 12
2026-07-24T17:49:53.861436+00:00 RX 01 03 40 00 00 00 00 00 03 00 00 00 03 00 00 00 00 00 00 00 00 00 00 00 00 00 00 00 01 00 00 01 00 05 0A 00 00 00 00 00 00 00 00 00 00 00 00 00 00 00 00 00 00 00 00 00 00 00 00 FF FF 5A 84 FF FF 5A 84 30 84
2026-07-24T17:49:53.863436+00:00 TX 01 03 00 20 00 02 C5 C1
2026-07-24T17:49:53.870438+00:00 RX 01 03 04 00 00 08 6B BC 1C
2026-07-24T17:49:53.873438+00:00 TX 01 03 01 C4 00 01 C4 0B
2026-07-24T17:49:53.879440+00:00 RX 01 03 02 00 00 B8 44
2026-07-24T17:49:53.930451+00:00 TX 01 03 00 00 00 20 44 12
2026-07-24T17:49:53.974959+00:00 RX 01 03 40 00 00 00 00 00 03 00 00 00 03 00 00 00 00 00 00 00 00 00 00 00 00 00 00 00 01 00 00 01 00 05 0A 00 00 00 00 00 00 00 00 00 00 00 00 00 00 00 00 00 00 00 00 00 00 00 00 FF FF 5B E5 FF FF 5B E5 4C E5
2026-07-24T17:49:53.976959+00:00 TX 01 03 00 20 00 02 C5 C1
2026-07-24T17:49:53.984961+00:00 RX 01 03 04 00 00 08 6C FD DE
2026-07-24T17:49:53.986962+00:00 TX 01 03 01 C4 00 01 C4 0B
2026-07-24T17:49:53.992963+00:00 RX 01 03 02 00 00 B8 44
2026-07-24T17:49:54.043971+00:00 TX 01 03 00 00 00 20 44 12
2026-07-24T17:49:54.088484+00:00 RX 01 03 40 00 00 00 00 00 03 00 00 00 03 00 00 00 00 00 00 00 00 00 00 00 00 00 00 00 01 00 00 01 00 05 0A 00 00 00 00 00 00 00 00 00 00 00 00 00 00 00 00 00 00 00 00 00 00 00 00 FF FF 5A EA FF FF 5A EA 58 A1
2026-07-24T17:49:54.091484+00:00 TX 01 03 00 20 00 02 C5 C1
2026-07-24T17:49:54.098486+00:00 RX 01 03 04 00 00 08 6E 7C 1F
2026-07-24T17:49:54.101487+00:00 TX 01 03 01 C4 00 01 C4 0B
2026-07-24T17:49:54.107525+00:00 RX 01 03 02 00 00 B8 44
2026-07-24T17:49:54.157783+00:00 TX 01 03 00 00 00 20 44 12
2026-07-24T17:49:54.202793+00:00 RX 01 03 40 00 00 00 00 00 03 00 00 00 03 00 00 00 00 00 00 00 00 00 00 00 00 00 00 00 01 00 00 01 00 05 0A 00 00 00 00 00 00 00 00 00 00 00 00 00 00 00 00 00 00 00 00 00 00 00 00 FF FF 5C 35 FF FF 5C 35 8F 2C
2026-07-24T17:49:54.204794+00:00 TX 01 03 00 20 00 02 C5 C1
2026-07-24T17:49:54.212792+00:00 RX 01 03 04 00 00 08 6F BD DF
2026-07-24T17:49:54.214793+00:00 TX 01 03 01 C4 00 01 C4 0B
2026-07-24T17:49:54.221295+00:00 RX 01 03 02 00 00 B8 44
2026-07-24T17:49:54.271428+00:00 TX 01 03 00 00 00 20 44 12
2026-07-24T17:49:54.315439+00:00 RX 01 03 40 00 00 00 00 00 03 00 00 00 03 00 00 00 00 00 00 00 00 00 00 00 00 00 00 00 01 00 00 01 00 05 0A 00 00 00 00 00 00 00 00 00 00 00 00 00 00 00 00 00 00 00 00 00 00 00 00 FF FF 5D 4B FF FF 5D 4B 27 47
2026-07-24T17:49:54.318439+00:00 TX 01 03 00 20 00 02 C5 C1
2026-07-24T17:49:54.325441+00:00 RX 01 03 04 00 00 08 70 FC 17
2026-07-24T17:49:54.328442+00:00 TX 01 03 01 C4 00 01 C4 0B
2026-07-24T17:49:54.334443+00:00 RX 01 03 02 00 00 B8 44
2026-07-24T17:49:54.384543+00:00 TX 01 03 00 00 00 20 44 12
2026-07-24T17:49:54.428895+00:00 RX 01 03 40 00 00 00 00 00 03 00 00 00 03 00 00 00 00 00 00 00 00 00 00 00 00 00 00 00 01 00 00 01 00 05 0A 00 00 00 00 00 00 00 00 00 00 00 00 00 00 00 00 00 00 00 00 00 00 00 00 FF FF 5D 5D FF FF 5D 5D EF 4A
2026-07-24T17:49:54.431896+00:00 TX 01 03 00 20 00 02 C5 C1
2026-07-24T17:49:54.439897+00:00 RX 01 03 04 00 00 08 71 3D D7
2026-07-24T17:49:54.441898+00:00 TX 01 03 01 C4 00 01 C4 0B
2026-07-24T17:49:54.448402+00:00 RX 01 03 02 00 00 B8 44
2026-07-24T17:49:54.498913+00:00 TX 01 03 00 00 00 20 44 12
2026-07-24T17:49:54.543460+00:00 RX 01 03 40 00 00 00 00 00 03 00 00 00 03 00 00 00 00 00 00 00 00 00 00 00 00 00 00 00 01 00 00 01 00 05 0A 00 00 00 00 00 00 00 00 00 00 00 00 00 00 00 00 00 00 00 00 00 00 00 00 FF FF 5E 55 FF FF 5E 55 0F 8E
2026-07-24T17:49:54.545460+00:00 TX 01 03 00 20 00 02 C5 C1
2026-07-24T17:49:54.552462+00:00 RX 01 03 04 00 00 08 72 7D D6
2026-07-24T17:49:54.556464+00:00 TX 01 03 01 C4 00 01 C4 0B
2026-07-24T17:49:54.562968+00:00 RX 01 03 02 00 00 B8 44
2026-07-24T17:49:54.612976+00:00 TX 01 03 00 00 00 20 44 12
2026-07-24T17:49:54.658146+00:00 RX 01 03 40 00 00 00 00 00 03 00 00 00 03 00 00 00 00 00 00 00 00 00 00 00 00 00 00 00 01 00 00 01 00 05 0A 00 00 00 00 00 00 00 00 00 00 00 00 00 00 00 00 00 00 00 00 00 00 00 00 FF FF 5E 6F FF FF 5E 6F 57 98
2026-07-24T17:49:54.661145+00:00 TX 01 03 00 20 00 02 C5 C1
2026-07-24T17:49:54.670146+00:00 RX 01 03 04 00 00 08 73 BC 16
2026-07-24T17:49:54.672148+00:00 TX 01 03 01 C4 00 01 C4 0B
2026-07-24T17:49:54.679149+00:00 RX 01 03 02 00 00 B8 44
2026-07-24T17:49:54.729816+00:00 TX 01 03 00 00 00 20 44 12
2026-07-24T17:49:54.774356+00:00 RX 01 03 40 00 00 00 00 00 03 00 00 00 03 00 00 00 00 00 00 00 00 00 00 00 00 00 00 00 01 00 00 01 00 05 0A 00 00 00 00 00 00 00 00 00 00 00 00 00 00 00 00 00 00 00 00 00 00 00 00 FF FF 5E C7 FF FF 5E C7 37 FE
2026-07-24T17:49:54.776356+00:00 TX 01 03 00 20 00 02 C5 C1
2026-07-24T17:49:54.783358+00:00 RX 01 03 04 00 00 08 75 3C 14
2026-07-24T17:49:54.786358+00:00 TX 01 03 01 C4 00 01 C4 0B
2026-07-24T17:49:54.792360+00:00 RX 01 03 02 00 00 B8 44
2026-07-24T17:49:54.843367+00:00 TX 01 03 00 00 00 20 44 12
2026-07-24T17:49:54.887875+00:00 RX 01 03 40 00 00 00 00 00 03 00 00 00 03 00 00 00 00 00 00 00 00 00 00 00 00 00 00 00 01 00 00 01 00 05 0A 00 00 00 00 00 00 00 00 00 00 00 00 00 00 00 00 00 00 00 00 00 00 00 00 FF FF 5C BF FF FF 5C BF 97 54
2026-07-24T17:49:54.890876+00:00 TX 01 03 00 20 00 02 C5 C1
2026-07-24T17:49:54.898877+00:00 RX 01 03 04 00 00 08 76 7C 15
2026-07-24T17:49:54.900878+00:00 TX 01 03 01 C4 00 01 C4 0B
2026-07-24T17:49:54.907879+00:00 RX 01 03 02 00 00 B8 44
2026-07-24T17:49:54.957888+00:00 TX 01 03 00 00 00 20 44 12
2026-07-24T17:49:55.003400+00:00 RX 01 03 40 00 00 00 00 00 03 00 00 00 03 00 00 00 00 00 00 00 00 00 00 00 00 00 00 00 01 00 00 01 00 05 0A 00 00 00 00 00 00 00 00 00 00 00 00 00 00 00 00 00 00 00 00 00 00 00 00 FF FF 5B D3 FF FF 5B D3 04 F7
2026-07-24T17:49:55.005400+00:00 TX 01 03 00 20 00 02 C5 C1
2026-07-24T17:49:55.013398+00:00 RX 01 03 04 00 00 08 77 BD D5
2026-07-24T17:49:55.015399+00:00 TX 01 03 01 C4 00 01 C4 0B
2026-07-24T17:49:55.021905+00:00 RX 01 03 02 00 00 B8 44
2026-07-24T17:49:55.071912+00:00 TX 01 03 00 00 00 20 44 12
2026-07-24T17:49:55.116459+00:00 RX 01 03 40 00 00 00 00 00 03 00 00 00 03 00 00 00 00 00 00 00 00 00 00 00 00 00 00 00 01 00 00 01 00 05 0A 00 00 00 00 00 00 00 00 00 00 00 00 00 00 00 00 00 00 00 00 00 00 00 00 FF FF 5C BE FF FF 5C BE 6B 54
2026-07-24T17:49:55.119460+00:00 TX 01 03 00 20 00 02 C5 C1
2026-07-24T17:49:55.128463+00:00 RX 01 03 04 00 00 08 78 FD D1
2026-07-24T17:49:55.131463+00:00 TX 01 03 01 C4 00 01 C4 0B
2026-07-24T17:49:55.138464+00:00 RX 01 03 02 00 00 B8 44
2026-07-24T17:49:55.189067+00:00 TX 01 03 00 00 00 20 44 12
2026-07-24T17:49:55.233573+00:00 RX 01 03 40 00 00 00 00 00 03 00 00 00 03 00 00 00 00 00 00 00 00 00 00 00 00 00 00 00 01 00 00 01 00 05 0A 00 00 00 00 00 00 00 00 00 00 00 00 00 00 00 00 00 00 00 00 00 00 00 00 FF FF 5B 45 FF FF 5B 45 CC 84
2026-07-24T17:49:55.237574+00:00 TX 01 03 00 20 00 02 C5 C1
2026-07-24T17:49:55.246074+00:00 RX 01 03 04 00 00 08 79 3C 11
2026-07-24T17:49:55.248075+00:00 TX 01 03 01 C4 00 01 C4 0B
2026-07-24T17:49:55.254076+00:00 RX 01 03 02 00 00 B8 44
2026-07-24T17:49:55.304589+00:00 TX 01 03 00 00 00 20 44 12
2026-07-24T17:49:55.349331+00:00 RX 01 03 40 00 00 00 00 00 03 00 00 00 03 00 00 00 00 00 00 00 00 00 00 00 00 00 00 00 01 00 00 01 00 05 0A 00 00 00 00 00 00 00 00 00 00 00 00 00 00 00 00 00 00 00 00 00 00 00 00 FF FF 5B 6E FF FF 5B 6E A8 9D
2026-07-24T17:49:55.351332+00:00 TX 01 03 00 20 00 02 C5 C1
2026-07-24T17:49:55.358333+00:00 RX 01 03 04 00 00 08 7A 7C 10
2026-07-24T17:49:55.361334+00:00 TX 01 03 01 C4 00 01 C4 0B
2026-07-24T17:49:55.367837+00:00 RX 01 03 02 00 00 B8 44
2026-07-24T17:49:55.417846+00:00 TX 01 03 00 00 00 20 44 12
2026-07-24T17:49:55.462538+00:00 RX 01 03 40 00 00 00 00 00 03 00 00 00 03 00 00 00 00 00 00 00 00 00 00 00 00 00 00 00 01 00 00 01 00 05 0A 00 00 00 00 00 00 00 00 00 00 00 00 00 00 00 00 00 00 00 00 00 00 00 00 FF FF 5B F1 FF FF 5B F1 7C E9
2026-07-24T17:49:55.465044+00:00 TX 01 03 00 20 00 02 C5 C1
2026-07-24T17:49:55.473082+00:00 RX 01 03 04 00 00 08 7C FC 12
2026-07-24T17:49:55.475104+00:00 TX 01 03 01 C4 00 01 C4 0B
2026-07-24T17:49:55.482103+00:00 RX 01 03 02 00 00 B8 44
2026-07-24T17:49:55.532135+00:00 TX 01 03 00 00 00 20 44 12
2026-07-24T17:49:55.576643+00:00 RX 01 03 40 00 00 00 00 00 03 00 00 00 03 00 00 00 00 00 00 00 00 00 00 00 00 00 00 00 01 00 00 01 00 05 0A 00 00 00 00 00 00 00 00 00 00 00 00 00 00 00 00 00 00 00 00 00 00 00 00 FF FF 59 7D FF FF 59 7D 6C 11
2026-07-24T17:49:55.578644+00:00 TX 01 03 00 20 00 02 C5 C1
2026-07-24T17:49:55.586642+00:00 RX 01 03 04 00 00 08 7D 3D D2
2026-07-24T17:49:55.588643+00:00 TX 01 03 01 C4 00 01 C4 0B
2026-07-24T17:49:55.595155+00:00 RX 01 03 02 00 00 B8 44
2026-07-24T17:49:55.645754+00:00 TX 01 03 00 00 00 20 44 12
2026-07-24T17:49:55.690766+00:00 RX 01 03 40 00 00 00 00 00 03 00 00 00 03 00 00 00 00 00 00 00 00 00 00 00 00 00 00 00 01 00 00 01 00 05 0A 00 00 00 00 00 00 00 00 00 00 00 00 00 00 00 00 00 00 00 00 00 00 00 00 FF FF 58 8F FF FF 58 8F D4 00
2026-07-24T17:49:55.692767+00:00 TX 01 03 00 20 00 02 C5 C1
2026-07-24T17:49:55.699768+00:00 RX 01 03 04 00 00 08 7E 7D D3
2026-07-24T17:49:55.702769+00:00 TX 01 03 01 C4 00 01 C4 0B
2026-07-24T17:49:55.708770+00:00 RX 01 03 02 00 00 B8 44
2026-07-24T17:49:55.758833+00:00 TX 01 03 00 00 00 20 44 12
2026-07-24T17:49:55.803346+00:00 RX 01 03 40 00 00 00 00 00 03 00 00 00 03 00 00 00 00 00 00 00 00 00 00 00 00 00 00 00 01 00 00 01 00 05 0A 00 00 00 00 00 00 00 00 00 00 00 00 00 00 00 00 00 00 00 00 00 00 00 00 FF FF 5C 27 FF FF 5C 27 B7 22
2026-07-24T17:49:55.806345+00:00 TX 01 03 00 20 00 02 C5 C1
2026-07-24T17:49:55.813344+00:00 RX 01 03 04 00 00 08 7F BC 13
2026-07-24T17:49:55.816345+00:00 TX 01 03 01 C4 00 01 C4 0B
2026-07-24T17:49:55.822851+00:00 RX 01 03 02 00 00 B8 44
2026-07-24T17:49:55.872857+00:00 TX 01 03 00 00 00 20 44 12
2026-07-24T17:49:55.917768+00:00 RX 01 03 40 00 00 00 00 00 03 00 00 00 03 00 00 00 00 00 00 00 00 00 00 00 00 00 00 00 01 00 00 01 00 05 0A 00 00 00 00 00 00 00 00 00 00 00 00 00 00 00 00 00 00 00 00 00 00 00 00 FF FF 5C 72 FF FF 5C 72 7B 11
2026-07-24T17:49:55.919769+00:00 TX 01 03 00 20 00 02 C5 C1
2026-07-24T17:49:55.927771+00:00 RX 01 03 04 00 00 08 80 FC 53
2026-07-24T17:49:55.929771+00:00 TX 01 03 01 C4 00 01 C4 0B
2026-07-24T17:49:55.935772+00:00 RX 01 03 02 00 00 B8 44
2026-07-24T17:49:55.986283+00:00 TX 01 03 00 00 00 20 44 12
2026-07-24T17:49:56.030787+00:00 RX 01 03 40 00 00 00 00 00 03 00 00 00 03 00 00 00 00 00 00 00 00 00 00 00 00 00 00 00 01 00 00 01 00 05 0A 00 00 00 00 00 00 00 00 00 00 00 00 00 00 00 00 00 00 00 00 00 00 00 00 FF FF 5A F3 FF FF 5A F3 84 A9
2026-07-24T17:49:56.032787+00:00 TX 01 03 00 20 00 02 C5 C1
2026-07-24T17:49:56.040790+00:00 RX 01 03 04 00 00 08 81 3D 93
2026-07-24T17:49:56.042790+00:00 TX 01 03 01 C4 00 01 C4 0B
2026-07-24T17:49:56.049290+00:00 RX 01 03 02 00 00 B8 44
2026-07-24T17:49:56.099804+00:00 TX 01 03 00 00 00 20 44 12
2026-07-24T17:49:56.143852+00:00 RX 01 03 40 00 00 00 00 00 03 00 00 00 03 00 00 00 00 00 00 00 00 00 00 00 00 00 00 00 01 00 00 01 00 05 0A 00 00 00 00 00 00 00 00 00 00 00 00 00 00 00 00 00 00 00 00 00 00 00 00 FF FF 5A D5 FF FF 5A D5 0C B4
2026-07-24T17:49:56.147367+00:00 TX 01 03 00 20 00 02 C5 C1
2026-07-24T17:49:56.154365+00:00 RX 01 03 04 00 00 08 83 BC 52
2026-07-24T17:49:56.157365+00:00 TX 01 03 01 C4 00 01 C4 0B
2026-07-24T17:49:56.163871+00:00 RX 01 03 02 00 00 B8 44
2026-07-24T17:49:56.214527+00:00 TX 01 03 00 00 00 20 44 12
2026-07-24T17:49:56.259534+00:00 RX 01 03 40 00 00 00 00 00 03 00 00 00 03 00 00 00 00 00 00 00 00 00 00 00 00 00 00 00 01 00 00 01 00 05 0A 00 00 00 00 00 00 00 00 00 00 00 00 00 00 00 00 00 00 00 00 00 00 00 00 FF FF 5B DD FF FF 5B DD EC F2
2026-07-24T17:49:56.261534+00:00 TX 01 03 00 20 00 02 C5 C1
2026-07-24T17:49:56.269038+00:00 RX 01 03 04 00 00 08 84 FD 90
2026-07-24T17:49:56.272038+00:00 TX 01 03 01 C4 00 01 C4 0B
2026-07-24T17:49:56.279039+00:00 RX 01 03 02 00 00 B8 44
2026-07-24T17:49:56.329051+00:00 TX 01 03 00 00 00 20 44 12
2026-07-24T17:49:56.373559+00:00 RX 01 03 40 00 00 00 00 00 03 00 00 00 03 00 00 00 00 00 00 00 00 00 00 00 00 00 00 00 01 00 00 01 00 05 0A 00 00 00 00 00 00 00 00 00 00 00 00 00 00 00 00 00 00 00 00 00 00 00 00 FF FF 5C 45 FF FF 5C 45 CF 03
2026-07-24T17:49:56.375559+00:00 TX 01 03 00 20 00 02 C5 C1
2026-07-24T17:49:56.382561+00:00 RX 01 03 04 00 00 08 85 3C 50
2026-07-24T17:49:56.384562+00:00 TX 01 03 01 C4 00 01 C4 0B
2026-07-24T17:49:56.390563+00:00 RX 01 03 02 00 00 B8 44
2026-07-24T17:49:56.441070+00:00 TX 01 03 00 00 00 20 44 12
2026-07-24T17:49:56.486583+00:00 RX 01 03 40 00 00 00 00 00 03 00 00 00 03 00 00 00 00 00 00 00 00 00 00 00 00 00 00 00 01 00 00 01 00 05 0A 00 00 00 00 00 00 00 00 00 00 00 00 00 00 00 00 00 00 00 00 00 00 00 00 FF FF 58 10 FF FF 58 10 00 74
2026-07-24T17:49:56.488583+00:00 TX 01 03 00 20 00 02 C5 C1
2026-07-24T17:49:56.495582+00:00 RX 01 03 04 00 00 08 86 7C 51
2026-07-24T17:49:56.497582+00:00 TX 01 03 01 C4 00 01 C4 0B
2026-07-24T17:49:56.504088+00:00 RX 01 03 02 00 00 B8 44
2026-07-24T17:49:56.554591+00:00 TX 01 03 00 00 00 20 44 12
2026-07-24T17:49:56.599103+00:00 RX 01 03 40 00 00 00 00 00 03 00 00 00 03 00 00 00 00 00 00 00 00 00 00 00 00 00 00 00 01 00 00 01 00 05 0A 00 00 00 00 00 00 00 00 00 00 00 00 00 00 00 00 00 00 00 00 00 00 00 00 FF FF 58 49 FF FF 58 49 DC 43
2026-07-24T17:49:56.601103+00:00 TX 01 03 00 20 00 02 C5 C1
2026-07-24T17:49:56.609105+00:00 RX 01 03 04 00 00 08 87 BD 91
2026-07-24T17:49:56.612102+00:00 TX 01 03 01 C4 00 01 C4 0B
2026-07-24T17:49:56.618103+00:00 RX 01 03 02 00 00 B8 44
2026-07-24T17:49:56.668830+00:00 TX 01 03 00 00 00 20 44 12
2026-07-24T17:49:56.713921+00:00 RX 01 03 40 00 00 00 00 00 03 00 00 00 03 00 00 00 00 00 00 00 00 00 00 00 00 00 00 00 01 00 00 01 00 05 0A 00 00 00 00 00 00 00 00 00 00 00 00 00 00 00 00 00 00 00 00 00 00 00 00 FF FF 57 E9 FF FF 57 E9 59 2D
2026-07-24T17:49:56.716501+00:00 TX 01 03 00 20 00 02 C5 C1
2026-07-24T17:49:56.724007+00:00 RX 01 03 04 00 00 08 88 FD 95
2026-07-24T17:49:56.726538+00:00 TX 01 03 01 C4 00 01 C4 0B
2026-07-24T17:49:56.733045+00:00 RX 01 03 02 00 00 B8 44
2026-07-24T17:49:56.783590+00:00 TX 01 03 00 00 00 20 44 12
2026-07-24T17:49:56.828099+00:00 RX 01 03 40 00 00 00 00 00 03 00 00 00 03 00 00 00 00 00 00 00 00 00 00 00 00 00 00 00 01 00 00 01 00 05 0A 00 00 00 00 00 00 00 00 00 00 00 00 00 00 00 00 00 00 00 00 00 00 00 00 FF FF 58 B4 FF FF 58 B4 70 16
2026-07-24T17:49:56.831097+00:00 TX 01 03 00 20 00 02 C5 C1
2026-07-24T17:49:56.839099+00:00 RX 01 03 04 00 00 08 8A 7C 54
2026-07-24T17:49:56.841100+00:00 TX 01 03 01 C4 00 01 C4 0B
2026-07-24T17:49:56.848271+00:00 RX 01 03 02 00 00 B8 44
2026-07-24T17:49:56.898781+00:00 TX 01 03 00 00 00 20 44 12
2026-07-24T17:49:56.943546+00:00 RX 01 03 40 00 00 00 00 00 03 00 00 00 03 00 00 00 00 00 00 00 00 00 00 00 00 00 00 00 01 00 00 01 00 05 0A 00 00 00 00 00 00 00 00 00 00 00 00 00 00 00 00 00 00 00 00 00 00 00 00 FF FF 59 33 FF FF 59 33 84 2B
2026-07-24T17:49:56.945546+00:00 TX 01 03 00 20 00 02 C5 C1
2026-07-24T17:49:56.952544+00:00 RX 01 03 04 00 00 08 8B BD 94
2026-07-24T17:49:56.955545+00:00 TX 01 03 01 C4 00 01 C4 0B
2026-07-24T17:49:56.961546+00:00 RX 01 03 02 00 00 B8 44
2026-07-24T17:49:57.012056+00:00 TX 01 03 00 00 00 20 44 12
2026-07-24T17:49:57.056690+00:00 RX 01 03 40 00 00 00 00 00 03 00 00 00 03 00 00 00 00 00 00 00 00 00 00 00 00 00 00 00 01 00 00 01 00 05 0A 00 00 00 00 00 00 00 00 00 00 00 00 00 00 00 00 00 00 00 00 00 00 00 00 FF FF 58 58 FF FF 58 58 E0 4C
2026-07-24T17:49:57.058690+00:00 TX 01 03 00 20 00 02 C5 C1
2026-07-24T17:49:57.066692+00:00 RX 01 03 04 00 00 08 8C FC 56
2026-07-24T17:49:57.069194+00:00 TX 01 03 01 C4 00 01 C4 0B
2026-07-24T17:49:57.076196+00:00 RX 01 03 02 00 00 B8 44
2026-07-24T17:49:57.126302+00:00 TX 01 03 00 00 00 20 44 12
2026-07-24T17:49:57.170396+00:00 RX 01 03 40 00 00 00 00 00 03 00 00 00 03 00 00 00 00 00 00 00 00 00 00 00 00 00 00 00 01 00 00 01 00 05 0A 00 00 00 00 00 00 00 00 00 00 00 00 00 00 00 00 00 00 00 00 00 00 00 00 FF FF 5C 5E FF FF 5C 5E EB 0A
2026-07-24T17:49:57.173397+00:00 TX 01 03 00 20 00 02 C5 C1
2026-07-24T17:49:57.180399+00:00 RX 01 03 04 00 00 08 8D 3D 96
2026-07-24T17:49:57.183399+00:00 TX 01 03 01 C4 00 01 C4 0B
2026-07-24T17:49:57.189401+00:00 RX 01 03 02 00 00 B8 44
2026-07-24T17:49:57.240907+00:00 TX 01 03 00 00 00 20 44 12
2026-07-24T17:49:57.286458+00:00 RX 01 03 40 00 00 00 00 00 03 00 00 00 03 00 00 00 00 00 00 00 00 00 00 00 00 00 00 00 01 00 00 01 00 05 0A 00 00 00 00 00 00 00 00 00 00 00 00 00 00 00 00 00 00 00 00 00 00 00 00 FF FF 5B CA FF FF 5B CA D8 FF
2026-07-24T17:49:57.288458+00:00 TX 01 03 00 20 00 02 C5 C1
2026-07-24T17:49:57.295460+00:00 RX 01 03 04 00 00 08 8E 7D 97
2026-07-24T17:49:57.297460+00:00 TX 01 03 01 C4 00 01 C4 0B
2026-07-24T17:49:57.303462+00:00 RX 01 03 02 00 00 B8 44
2026-07-24T17:49:57.353470+00:00 TX 01 03 00 00 00 20 44 12
2026-07-24T17:49:57.397982+00:00 RX 01 03 40 00 00 00 00 00 03 00 00 00 03 00 00 00 00 00 00 00 00 00 00 00 00 00 00 00 01 00 00 01 00 05 0A 00 00 00 00 00 00 00 00 00 00 00 00 00 00 00 00 00 00 00 00 00 00 00 00 FF FF 5A FD FF FF 5A FD 6C AC
2026-07-24T17:49:57.400982+00:00 TX 01 03 00 20 00 02 C5 C1
2026-07-24T17:49:57.408984+00:00 RX 01 03 04 00 00 08 8F BC 57
2026-07-24T17:49:57.410985+00:00 TX 01 03 01 C4 00 01 C4 0B
2026-07-24T17:49:57.417983+00:00 RX 01 03 02 00 00 B8 44
2026-07-24T17:49:57.468244+00:00 TX 01 03 00 00 00 20 44 12
2026-07-24T17:49:57.512751+00:00 RX 01 03 40 00 00 00 00 00 03 00 00 00 03 00 00 00 00 00 00 00 00 00 00 00 00 00 00 00 01 00 00 01 00 05 0A 00 00 00 00 00 00 00 00 00 00 00 00 00 00 00 00 00 00 00 00 00 00 00 00 FF FF 5B 6E FF FF 5B 6E A8 9D
2026-07-24T17:49:57.515752+00:00 TX 01 03 00 20 00 02 C5 C1
2026-07-24T17:49:57.522753+00:00 RX 01 03 04 00 00 08 90 FD 9F
2026-07-24T17:49:57.525754+00:00 TX 01 03 01 C4 00 01 C4 0B
2026-07-24T17:49:57.531755+00:00 RX 01 03 02 00 00 B8 44
2026-07-24T17:49:57.581797+00:00 TX 01 03 00 00 00 20 44 12
2026-07-24T17:49:57.626527+00:00 RX 01 03 40 00 00 00 00 00 03 00 00 00 03 00 00 00 00 00 00 00 00 00 00 00 00 00 00 00 01 00 00 01 00 05 0A 00 00 00 00 00 00 00 00 00 00 00 00 00 00 00 00 00 00 00 00 00 00 00 00 FF FF 5E 20 FF FF 5E 20 43 A2
2026-07-24T17:49:57.628536+00:00 TX 01 03 00 20 00 02 C5 C1
2026-07-24T17:49:57.637063+00:00 RX 01 03 04 00 00 08 92 7C 5E
2026-07-24T17:49:57.639064+00:00 TX 01 03 01 C4 00 01 C4 0B
2026-07-24T17:49:57.645571+00:00 RX 01 03 02 00 00 B8 44
2026-07-24T17:49:57.695577+00:00 TX 01 03 00 00 00 20 44 12
2026-07-24T17:49:57.740107+00:00 RX 01 03 40 00 00 00 00 00 03 00 00 00 03 00 00 00 00 00 00 00 00 00 00 00 00 00 00 00 01 00 00 01 00 05 0A 00 00 00 00 00 00 00 00 00 00 00 00 00 00 00 00 00 00 00 00 00 00 00 00 FF FF 5F B1 FF FF 5F B1 7F 92
2026-07-24T17:49:57.742108+00:00 TX 01 03 00 20 00 02 C5 C1
2026-07-24T17:49:57.750110+00:00 RX 01 03 04 00 00 08 93 BD 9E
2026-07-24T17:49:57.752615+00:00 TX 01 03 01 C4 00 01 C4 0B
2026-07-24T17:49:57.759147+00:00 RX 01 03 02 00 00 B8 44
2026-07-24T17:49:57.809659+00:00 TX 01 03 00 00 00 20 44 12
2026-07-24T17:49:57.854662+00:00 RX 01 03 40 00 00 00 00 00 03 00 00 00 03 00 00 00 00 00 00 00 00 00 00 00 00 00 00 00 01 00 00 01 00 05 0A 00 00 00 00 00 00 00 00 00 00 00 00 00 00 00 00 00 00 00 00 00 00 00 00 FF FF 5C E3 FF FF 5C E3 47 60
2026-07-24T17:49:57.856662+00:00 TX 01 03 00 20 00 02 C5 C1
2026-07-24T17:49:57.864664+00:00 RX 01 03 04 00 00 08 94 FC 5C
2026-07-24T17:49:57.866665+00:00 TX 01 03 01 C4 00 01 C4 0B
2026-07-24T17:49:57.873168+00:00 RX 01 03 02 00 00 B8 44
2026-07-24T17:49:57.923681+00:00 TX 01 03 00 00 00 20 44 12
2026-07-24T17:49:57.968688+00:00 RX 01 03 40 00 00 00 00 00 03 00 00 00 03 00 00 00 00 00 00 00 00 00 00 00 00 00 00 00 01 00 00 01 00 05 0A 00 00 00 00 00 00 00 00 00 00 00 00 00 00 00 00 00 00 00 00 00 00 00 00 FF FF 5A 68 FF FF 5A 68 A0 DE
2026-07-24T17:49:57.971190+00:00 TX 01 03 00 20 00 02 C5 C1
2026-07-24T17:49:57.979192+00:00 RX 01 03 04 00 00 08 95 3D 9C
2026-07-24T17:49:57.981192+00:00 TX 01 03 01 C4 00 01 C4 0B
2026-07-24T17:49:57.988194+00:00 RX 01 03 02 00 00 B8 44
2026-07-24T17:49:58.038700+00:00 TX 01 03 00 00 00 20 44 12
2026-07-24T17:49:58.082708+00:00 RX 01 03 40 00 00 00 00 00 03 00 00 00 03 00 00 00 00 00 00 00 00 00 00 00 00 00 00 00 01 00 00 01 00 05 0A 00 00 00 00 00 00 00 00 00 00 00 00 00 00 00 00 00 00 00 00 00 00 00 00 FF FF 5A D1 FF FF 5A D1 FC B7
2026-07-24T17:49:58.085708+00:00 TX 01 03 00 20 00 02 C5 C1
2026-07-24T17:49:58.092710+00:00 RX 01 03 04 00 00 08 96 7D 9D
2026-07-24T17:49:58.096708+00:00 TX 01 03 01 C4 00 01 C4 0B
2026-07-24T17:49:58.102709+00:00 RX 01 03 02 00 00 B8 44
2026-07-24T17:49:58.153952+00:00 TX 01 03 00 00 00 20 44 12
2026-07-24T17:49:58.198976+00:00 RX 01 03 40 00 00 00 00 00 03 00 00 00 03 00 00 00 00 00 00 00 00 00 00 00 00 00 00 00 01 00 00 01 00 05 0A 00 00 00 00 00 00 00 00 00 00 00 00 00 00 00 00 00 00 00 00 00 00 00 00 FF FF 5D 14 FF FF 5D 14 F3 72
2026-07-24T17:49:58.200976+00:00 TX 01 03 00 20 00 02 C5 C1
2026-07-24T17:49:58.209687+00:00 RX 01 03 04 00 00 08 97 BC 5D
2026-07-24T17:49:58.212685+00:00 TX 01 03 01 C4 00 01 C4 0B
2026-07-24T17:49:58.218683+00:00 RX 01 03 02 00 00 B8 44
2026-07-24T17:49:58.268692+00:00 TX 01 03 00 00 00 20 44 12
2026-07-24T17:49:58.313203+00:00 RX 01 03 40 00 00 00 00 00 03 00 00 00 03 00 00 00 00 00 00 00 00 00 00 00 00 00 00 00 01 00 00 01 00 05 0A 00 00 00 00 00 00 00 00 00 00 00 00 00 00 00 00 00 00 00 00 00 00 00 00 FF FF 5C 99 FF FF 5C 99 1F 49
2026-07-24T17:49:58.315203+00:00 TX 01 03 00 20 00 02 C5 C1
2026-07-24T17:49:58.323206+00:00 RX 01 03 04 00 00 08 99 3D 99
2026-07-24T17:49:58.325206+00:00 TX 01 03 01 C4 00 01 C4 0B
2026-07-24T17:49:58.332208+00:00 RX 01 03 02 00 00 B8 44
2026-07-24T17:49:58.382717+00:00 TX 01 03 00 00 00 20 44 12
2026-07-24T17:49:58.428230+00:00 RX 01 03 40 00 00 00 00 00 03 00 00 00 03 00 00 00 00 00 00 00 00 00 00 00 00 00 00 00 01 00 00 01 00 05 0A 00 00 00 00 00 00 00 00 00 00 00 00 00 00 00 00 00 00 00 00 00 00 00 00 FF FF 5F 59 FF FF 5F 59 1F CB
2026-07-24T17:49:58.431228+00:00 TX 01 03 00 20 00 02 C5 C1
2026-07-24T17:49:58.439227+00:00 RX 01 03 04 00 00 08 9A 7D 98
2026-07-24T17:49:58.442227+00:00 TX 01 03 01 C4 00 01 C4 0B
2026-07-24T17:49:58.448731+00:00 RX 01 03 02 00 00 B8 44
2026-07-24T17:49:58.498740+00:00 TX 01 03 00 00 00 20 44 12
2026-07-24T17:49:58.543832+00:00 RX 01 03 40 00 00 00 00 00 03 00 00 00 03 00 00 00 00 00 00 00 00 00 00 00 00 00 00 00 01 00 00 01 00 05 0A 00 00 00 00 00 00 00 00 00 00 00 00 00 00 00 00 00 00 00 00 00 00 00 00 FF FF 5E E3 FF FF 5E E3 47 E2
2026-07-24T17:49:58.545832+00:00 TX 01 03 00 20 00 02 C5 C1
2026-07-24T17:49:58.553834+00:00 RX 01 03 04 00 00 08 9B BC 58
2026-07-24T17:49:58.555835+00:00 TX 01 03 01 C4 00 01 C4 0B
2026-07-24T17:49:58.561833+00:00 RX 01 03 02 00 00 B8 44
2026-07-24T17:49:58.613346+00:00 TX 01 03 00 00 00 20 44 12
2026-07-24T17:49:58.657379+00:00 RX 01 03 40 00 00 00 00 00 03 00 00 00 03 00 00 00 00 00 00 00 00 00 00 00 00 00 00 00 01 00 00 01 00 05 0A 00 00 00 00 00 00 00 00 00 00 00 00 00 00 00 00 00 00 00 00 00 00 00 00 FF FF 5B E2 FF FF 5B E2 B8 E7
2026-07-24T17:49:58.660377+00:00 TX 01 03 00 20 00 02 C5 C1
2026-07-24T17:49:58.669379+00:00 RX 01 03 04 00 00 08 9C FD 9A
2026-07-24T17:49:58.671379+00:00 TX 01 03 01 C4 00 01 C4 0B
2026-07-24T17:49:58.677882+00:00 RX 01 03 02 00 00 B8 44
2026-07-24T17:49:58.727894+00:00 TX 01 03 00 00 00 20 44 12
2026-07-24T17:49:58.771924+00:00 RX 01 03 40 00 00 00 00 00 03 00 00 00 03 00 00 00 00 00 00 00 00 00 00 00 00 00 00 00 01 00 00 01 00 05 0A 00 00 00 00 00 00 00 00 00 00 00 00 00 00 00 00 00 00 00 00 00 00 00 00 FF FF 5A DA FF FF 5A DA 18 B1
2026-07-24T17:49:58.776427+00:00 TX 01 03 00 20 00 02 C5 C1
2026-07-24T17:49:58.783429+00:00 RX 01 03 04 00 00 08 9D 3C 5A
2026-07-24T17:49:58.786430+00:00 TX 01 03 01 C4 00 01 C4 0B
2026-07-24T17:49:58.793431+00:00 RX 01 03 02 00 00 B8 44
2026-07-24T17:49:58.843940+00:00 TX 01 03 00 00 00 20 44 12
2026-07-24T17:49:58.888951+00:00 RX 01 03 40 00 00 00 00 00 03 00 00 00 03 00 00 00 00 00 00 00 00 00 00 00 00 00 00 00 01 00 00 01 00 05 0A 00 00 00 00 00 00 00 00 00 00 00 00 00 00 00 00 00 00 00 00 00 00 00 00 FF FF 58 A3 FF FF 58 A3 44 1B
2026-07-24T17:49:58.890951+00:00 TX 01 03 00 20 00 02 C5 C1
2026-07-24T17:49:58.898953+00:00 RX 01 03 04 00 00 08 9E 7C 5B
2026-07-24T17:49:58.900954+00:00 TX 01 03 01 C4 00 01 C4 0B
2026-07-24T17:49:58.907955+00:00 RX 01 03 02 00 00 B8 44
2026-07-24T17:49:58.957967+00:00 TX 01 03 00 00 00 20 44 12
2026-07-24T17:49:59.003220+00:00 RX 01 03 40 00 00 00 00 00 03 00 00 00 03 00 00 00 00 00 00 00 00 00 00 00 00 00 00 00 01 00 00 01 00 05 0A 00 00 00 00 00 00 00 00 00 00 00 00 00 00 00 00 00 00 00 00 00 00 00 00 FF FF 5A 1B FF FF 5A 1B E4 F0
2026-07-24T17:49:59.006220+00:00 TX 01 03 00 20 00 02 C5 C1
2026-07-24T17:49:59.014222+00:00 RX 01 03 04 00 00 08 A0 FD 8B
2026-07-24T17:49:59.017219+00:00 TX 01 03 01 C4 00 01 C4 0B
2026-07-24T17:49:59.024221+00:00 RX 01 03 02 00 00 B8 44
2026-07-24T17:49:59.074735+00:00 TX 01 03 00 00 00 20 44 12
2026-07-24T17:49:59.120282+00:00 RX 01 03 40 00 00 00 00 00 03 00 00 00 03 00 00 00 00 00 00 00 00 00 00 00 00 00 00 00 01 00 00 01 00 05 0A 00 00 00 00 00 00 00 00 00 00 00 00 00 00 00 00 00 00 00 00 00 00 00 00 FF FF 5B 55 FF FF 5B 55 0C 8B
2026-07-24T17:49:59.122282+00:00 TX 01 03 00 20 00 02 C5 C1
2026-07-24T17:49:59.130284+00:00 RX 01 03 04 00 00 08 A1 3C 4B
2026-07-24T17:49:59.132285+00:00 TX 01 03 01 C4 00 01 C4 0B
2026-07-24T17:49:59.138286+00:00 RX 01 03 02 00 00 B8 44
2026-07-24T17:49:59.189845+00:00 TX 01 03 00 00 00 20 44 12
2026-07-24T17:49:59.234351+00:00 RX 01 03 40 00 00 00 00 00 03 00 00 00 03 00 00 00 00 00 00 00 00 00 00 00 00 00 00 00 01 00 00 01 00 05 0A 00 00 00 00 00 00 00 00 00 00 00 00 00 00 00 00 00 00 00 00 00 00 00 00 FF FF 5E 37 FF FF 5E 37 77 AF
2026-07-24T17:49:59.238352+00:00 TX 01 03 00 20 00 02 C5 C1
2026-07-24T17:49:59.245353+00:00 RX 01 03 04 00 00 08 A2 7C 4A
2026-07-24T17:49:59.247855+00:00 TX 01 03 01 C4 00 01 C4 0B
2026-07-24T17:49:59.253857+00:00 RX 01 03 02 00 00 B8 44
2026-07-24T17:49:59.305367+00:00 TX 01 03 00 00 00 20 44 12
2026-07-24T17:49:59.349898+00:00 RX 01 03 40 00 00 00 00 00 03 00 00 00 03 00 00 00 00 00 00 00 00 00 00 00 00 00 00 00 01 00 00 01 00 05 0A 00 00 00 00 00 00 00 00 00 00 00 00 00 00 00 00 00 00 00 00 00 00 00 00 FF FF 61 58 FF FF 61 58 F7 75
2026-07-24T17:49:59.352898+00:00 TX 01 03 00 20 00 02 C5 C1
2026-07-24T17:49:59.360897+00:00 RX 01 03 04 00 00 08 A3 BD 8A
2026-07-24T17:49:59.362898+00:00 TX 01 03 01 C4 00 01 C4 0B
2026-07-24T17:49:59.369899+00:00 RX 01 03 02 00 00 B8 44
2026-07-24T17:49:59.420410+00:00 TX 01 03 00 00 00 20 44 12
2026-07-24T17:49:59.464416+00:00 RX 01 03 40 00 00 00 00 00 03 00 00 00 03 00 00 00 00 00 00 00 00 00 00 00 00 00 00 00 01 00 00 01 00 05 0A 00 00 00 00 00 00 00 00 00 00 00 00 00 00 00 00 00 00 00 00 00 00 00 00 FF FF 60 2B FF FF 60 2B B3 1A
2026-07-24T17:49:59.467417+00:00 TX 01 03 00 20 00 02 C5 C1
2026-07-24T17:49:59.474418+00:00 RX 01 03 04 00 00 08 A4 FC 48
2026-07-24T17:49:59.476419+00:00 TX 01 03 01 C4 00 01 C4 0B
2026-07-24T17:49:59.482921+00:00 RX 01 03 02 00 00 B8 44
2026-07-24T17:49:59.533491+00:00 TX 01 03 00 00 00 20 44 12
2026-07-24T17:49:59.577719+00:00 RX 01 03 40 00 00 00 00 00 03 00 00 00 03 00 00 00 00 00 00 00 00 00 00 00 00 00 00 00 01 00 00 01 00 05 0A 00 00 00 00 00 00 00 00 00 00 00 00 00 00 00 00 00 00 00 00 00 00 00 00 FF FF 60 65 FF FF 60 65 5B 20
2026-07-24T17:49:59.579719+00:00 TX 01 03 00 20 00 02 C5 C1
2026-07-24T17:49:59.587721+00:00 RX 01 03 04 00 00 08 A5 3D 88
2026-07-24T17:49:59.589722+00:00 TX 01 03 01 C4 00 01 C4 0B
2026-07-24T17:49:59.595723+00:00 RX 01 03 02 00 00 B8 44
2026-07-24T17:49:59.646812+00:00 TX 01 03 00 00 00 20 44 12
2026-07-24T17:49:59.692376+00:00 RX 01 03 40 00 00 00 00 00 03 00 00 00 03 00 00 00 00 00 00 00 00 00 00 00 00 00 00 00 01 00 00 01 00 05 0A 00 00 00 00 00 00 00 00 00 00 00 00 00 00 00 00 00 00 00 00 00 00 00 00 FF FF 5F 6C FF FF 5F 6C 53 D8
2026-07-24T17:49:59.695376+00:00 TX 01 03 00 20 00 02 C5 C1
2026-07-24T17:49:59.702378+00:00 RX 01 03 04 00 00 08 A7 BC 49
2026-07-24T17:49:59.706379+00:00 TX 01 03 01 C4 00 01 C4 0B
2026-07-24T17:49:59.712381+00:00 RX 01 03 02 00 00 B8 44
2026-07-24T17:49:59.762938+00:00 TX 01 03 00 00 00 20 44 12
2026-07-24T17:49:59.807450+00:00 RX 01 03 40 00 00 00 00 00 03 00 00 00 03 00 00 00 00 00 00 00 00 00 00 00 00 00 00 00 01 00 00 01 00 05 0A 00 00 00 00 00 00 00 00 00 00 00 00 00 00 00 00 00 00 00 00 00 00 00 00 FF FF 5F AC FF FF 5F AC 53 99
2026-07-24T17:49:59.810451+00:00 TX 01 03 00 20 00 02 C5 C1
2026-07-24T17:49:59.818448+00:00 RX 01 03 04 00 00 08 A8 FC 4D
2026-07-24T17:49:59.820449+00:00 TX 01 03 01 C4 00 01 C4 0B
2026-07-24T17:49:59.827450+00:00 RX 01 03 02 00 00 B8 44
2026-07-24T17:49:59.877465+00:00 TX 01 03 00 00 00 20 44 12
2026-07-24T17:49:59.922469+00:00 RX 01 03 40 00 00 00 00 00 03 00 00 00 03 00 00 00 00 00 00 00 00 00 00 00 00 00 00 00 01 00 00 01 00 05 0A 00 00 00 00 00 00 00 00 00 00 00 00 00 00 00 00 00 00 00 00 00 00 00 00 FF FF 62 2D FF FF 62 2D BB 9A
2026-07-24T17:49:59.924469+00:00 TX 01 03 00 20 00 02 C5 C1
2026-07-24T17:49:59.931471+00:00 RX 01 03 04 00 00 08 A9 3D 8D
2026-07-24T17:49:59.933471+00:00 TX 01 03 01 C4 00 01 C4 0B
2026-07-24T17:49:59.939501+00:00 RX 01 03 02 00 00 B8 44
2026-07-24T17:49:59.989510+00:00 TX 01 03 00 00 00 20 44 12
2026-07-24T17:50:00.035017+00:00 RX 01 03 40 00 00 00 00 00 03 00 00 00 03 00 00 00 00 00 00 00 00 00 00 00 00 00 00 00 01 00 00 01 00 05 0A 00 00 00 00 00 00 00 00 00 00 00 00 00 00 00 00 00 00 00 00 00 00 00 00 FF FF 60 2E FF FF 60 2E BF 19
2026-07-24T17:50:00.037017+00:00 TX 01 03 00 20 00 02 C5 C1
2026-07-24T17:50:00.045019+00:00 RX 01 03 04 00 00 08 AA 7D 8C
2026-07-24T17:50:00.047020+00:00 TX 01 03 01 C4 00 01 C4 0B
2026-07-24T17:50:00.053522+00:00 RX 01 03 02 00 00 B8 44
2026-07-24T17:50:00.104034+00:00 TX 01 03 00 00 00 20 44 12
2026-07-24T17:50:00.149166+00:00 RX 01 03 40 00 00 00 00 00 03 00 00 00 03 00 00 00 00 00 00 00 00 00 00 00 00 00 00 00 01 00 00 01 00 05 0A 00 00 00 00 00 00 00 00 00 00 00 00 00 00 00 00 00 00 00 00 00 00 00 00 FF FF 62 1E FF FF 62 1E FF 8B
2026-07-24T17:50:00.151167+00:00 TX 01 03 00 20 00 02 C5 C1
2026-07-24T17:50:00.158168+00:00 RX 01 03 04 00 00 08 AB BC 4C
2026-07-24T17:50:00.161169+00:00 TX 01 03 01 C4 00 01 C4 0B
2026-07-24T17:50:00.168168+00:00 RX 01 03 02 00 00 B8 44
2026-07-24T17:50:00.218175+00:00 TX 01 03 00 00 00 20 44 12
2026-07-24T17:50:00.262185+00:00 RX 01 03 40 00 00 00 00 00 03 00 00 00 03 00 00 00 00 00 00 00 00 00 00 00 00 00 00 00 01 00 00 01 00 05 0A 00 00 00 00 00 00 00 00 00 00 00 00 00 00 00 00 00 00 00 00 00 00 00 00 FF FF 61 27 FF FF 61 27 A3 5F
2026-07-24T17:50:00.266183+00:00 TX 01 03 00 20 00 02 C5 C1
2026-07-24T17:50:00.273702+00:00 RX 01 03 04 00 00 08 AC FD 8E
2026-07-24T17:50:00.276277+00:00 TX 01 03 01 C4 00 01 C4 0B
2026-07-24T17:50:00.282330+00:00 RX 01 03 02 00 00 B8 44
2026-07-24T17:50:00.334734+00:00 TX 01 03 00 00 00 20 44 12
2026-07-24T17:50:00.381242+00:00 RX 01 03 40 00 00 00 00 00 03 00 00 00 03 00 00 00 00 00 00 00 00 00 00 00 00 00 00 00 01 00 00 01 00 05 0A 00 00 00 00 00 00 00 00 00 00 00 00 00 00 00 00 00 00 00 00 00 00 00 00 FF FF 5E 4A FF FF 5E 4A DB 84
2026-07-24T17:50:00.384243+00:00 TX 01 03 00 20 00 02 C5 C1
2026-07-24T17:50:00.391244+00:00 RX 01 03 04 00 00 08 AE 7C 4F
2026-07-24T17:50:00.394245+00:00 TX 01 03 01 C4 00 01 C4 0B
2026-07-24T17:50:00.400247+00:00 RX 01 03 02 00 00 B8 44
2026-07-24T17:50:00.451258+00:00 TX 01 03 00 00 00 20 44 12
2026-07-24T17:50:00.495764+00:00 RX 01 03 40 00 00 00 00 00 03 00 00 00 03 00 00 00 00 00 00 00 00 00 00 00 00 00 00 00 01 00 00 01 00 05 0A 00 00 00 00 00 00 00 00 00 00 00 00 00 00 00 00 00 00 00 00 00 00 00 00 FF FF 5F FD FF FF 5F FD 6F A9
2026-07-24T17:50:00.497765+00:00 TX 01 03 00 20 00 02 C5 C1
2026-07-24T17:50:00.506269+00:00 RX 01 03 04 00 00 08 AF BD 8F
2026-07-24T17:50:00.509269+00:00 TX 01 03 01 C4 00 01 C4 0B
2026-07-24T17:50:00.515270+00:00 RX 01 03 02 00 00 B8 44
2026-07-24T17:50:00.566301+00:00 TX 01 03 00 00 00 20 44 12
2026-07-24T17:50:00.610849+00:00 RX 01 03 40 00 00 00 00 00 03 00 00 00 03 00 00 00 00 00 00 00 00 00 00 00 00 00 00 00 01 00 00 01 00 05 0A 00 00 00 00 00 00 00 00 00 00 00 00 00 00 00 00 00 00 00 00 00 00 00 00 FF FF 5E C4 FF FF 5E C4 33 FF
2026-07-24T17:50:00.612850+00:00 TX 01 03 00 20 00 02 C5 C1
2026-07-24T17:50:00.620848+00:00 RX 01 03 04 00 00 08 B0 FC 47
2026-07-24T17:50:00.622849+00:00 TX 01 03 01 C4 00 01 C4 0B
2026-07-24T17:50:00.629897+00:00 RX 01 03 02 00 00 B8 44
2026-07-24T17:50:00.680410+00:00 TX 01 03 00 00 00 20 44 12
2026-07-24T17:50:00.724924+00:00 RX 01 03 40 00 00 00 00 00 03 00 00 00 03 00 00 00 00 00 00 00 00 00 00 00 00 00 00 00 01 00 00 01 00 05 0A 00 00 00 00 00 00 00 00 00 00 00 00 00 00 00 00 00 00 00 00 00 00 00 00 FF FF 5F 8B FF FF 5F 8B 27 84
2026-07-24T17:50:00.727924+00:00 TX 01 03 00 20 00 02 C5 C1
2026-07-24T17:50:00.735926+00:00 RX 01 03 04 00 00 08 B1 3D 87
2026-07-24T17:50:00.737976+00:00 TX 01 03 01 C4 00 01 C4 0B
2026-07-24T17:50:00.743978+00:00 RX 01 03 02 00 00 B8 44
2026-07-24T17:50:00.794489+00:00 TX 01 03 00 00 00 20 44 12
2026-07-24T17:50:00.839008+00:00 RX 01 03 40 00 00 00 00 00 03 00 00 00 03 00 00 00 00 00 00 00 00 00 00 00 00 00 00 00 01 00 00 01 00 05 0A 00 00 00 00 00 00 00 00 00 00 00 00 00 00 00 00 00 00 00 00 00 00 00 00 FF FF 60 70 FF FF 60 70 97 2C
2026-07-24T17:50:00.841009+00:00 TX 01 03 00 20 00 02 C5 C1
2026-07-24T17:50:00.849514+00:00 RX 01 03 04 00 00 08 B2 7D 86
2026-07-24T17:50:00.851514+00:00 TX 01 03 01 C4 00 01 C4 0B
2026-07-24T17:50:00.857515+00:00 RX 01 03 02 00 00 B8 44
2026-07-24T17:50:00.908025+00:00 TX 01 03 00 00 00 20 44 12
2026-07-24T17:50:00.953036+00:00 RX 01 03 40 00 00 00 00 00 03 00 00 00 03 00 00 00 00 00 00 00 00 00 00 00 00 00 00 00 01 00 00 01 00 05 0A 00 00 00 00 00 00 00 00 00 00 00 00 00 00 00 00 00 00 00 00 00 00 00 00 FF FF 63 90 FF FF 63 90 17 B1
2026-07-24T17:50:00.955036+00:00 TX 01 03 00 20 00 02 C5 C1
2026-07-24T17:50:00.963038+00:00 RX 01 03 04 00 00 08 B3 BC 46
2026-07-24T17:50:00.965038+00:00 TX 01 03 01 C4 00 01 C4 0B
2026-07-24T17:50:00.971037+00:00 RX 01 03 02 00 00 B8 44
2026-07-24T17:50:01.021546+00:00 TX 01 03 00 00 00 20 44 12
2026-07-24T17:50:01.066558+00:00 RX 01 03 40 00 00 00 00 00 03 00 00 00 03 00 00 00 00 00 00 00 00 00 00 00 00 00 00 00 01 00 00 01 00 05 0A 00 00 00 00 00 00 00 00 00 00 00 00 00 00 00 00 00 00 00 00 00 00 00 00 FF FF 64 72 FF FF 64 72 6C 69
2026-07-24T17:50:01.069556+00:00 TX 01 03 00 20 00 02 C5 C1
2026-07-24T17:50:01.077558+00:00 RX 01 03 04 00 00 08 B5 3C 44
2026-07-24T17:50:01.079558+00:00 TX 01 03 01 C4 00 01 C4 0B
2026-07-24T17:50:01.086060+00:00 RX 01 03 02 00 00 B8 44
2026-07-24T17:50:01.136077+00:00 TX 01 03 00 00 00 20 44 12
2026-07-24T17:50:01.181600+00:00 RX 01 03 40 00 00 00 00 00 03 00 00 00 03 00 00 00 00 00 00 00 00 00 00 00 00 00 00 00 01 00 00 01 00 05 0A 00 00 00 00 00 00 00 00 00 00 00 00 00 00 00 00 00 00 00 00 00 00 00 00 FF FF 64 27 FF FF 64 27 A0 5A
2026-07-24T17:50:01.184107+00:00 TX 01 03 00 20 00 02 C5 C1
2026-07-24T17:50:01.192106+00:00 RX 01 03 04 00 00 08 B6 7C 45
2026-07-24T17:50:01.194106+00:00 TX 01 03 01 C4 00 01 C4 0B
2026-07-24T17:50:01.201109+00:00 RX 01 03 02 00 00 B8 44
2026-07-24T17:50:01.251118+00:00 TX 01 03 00 00 00 20 44 12
2026-07-24T17:50:01.295626+00:00 RX 01 03 40 00 00 00 00 00 03 00 00 00 03 00 00 00 00 00 00 00 00 00 00 00 00 00 00 00 01 00 00 01 00 05 0A 00 00 00 00 00 00 00 00 00 00 00 00 00 00 00 00 00 00 00 00 00 00 00 00 FF FF 62 E4 FF FF 62 E4 A7 DC
2026-07-24T17:50:01.297627+00:00 TX 01 03 00 20 00 02 C5 C1
2026-07-24T17:50:01.304628+00:00 RX 01 03 04 00 00 08 B7 BD 85
2026-07-24T17:50:01.307629+00:00 TX 01 03 01 C4 00 01 C4 0B
2026-07-24T17:50:01.313630+00:00 RX 01 03 02 00 00 B8 44
2026-07-24T17:50:01.363642+00:00 TX 01 03 00 00 00 20 44 12
2026-07-24T17:50:01.408150+00:00 RX 01 03 40 00 00 00 00 00 03 00 00 00 03 00 00 00 00 00 00 00 00 00 00 00 00 00 00 00 01 00 00 01 00 05 0A 00 00 00 00 00 00 00 00 00 00 00 00 00 00 00 00 00 00 00 00 00 00 00 00 FF FF 64 0E FF FF 64 0E 3C 42
2026-07-24T17:50:01.410151+00:00 TX 01 03 00 20 00 02 C5 C1
2026-07-24T17:50:01.418153+00:00 RX 01 03 04 00 00 08 B8 FD 81
2026-07-24T17:50:01.421151+00:00 TX 01 03 01 C4 00 01 C4 0B
2026-07-24T17:50:01.428153+00:00 RX 01 03 02 00 00 B8 44
2026-07-24T17:50:01.478171+00:00 TX 01 03 00 00 00 20 44 12
2026-07-24T17:50:01.522716+00:00 RX 01 03 40 00 00 00 00 00 03 00 00 00 03 00 00 00 00 00 00 00 00 00 00 00 00 00 00 00 01 00 00 01 00 05 0A 00 00 00 00 00 00 00 00 00 00 00 00 00 00 00 00 00 00 00 00 00 00 00 00 FF FF 65 A6 FF FF 65 A6 5C 65
2026-07-24T17:50:01.525716+00:00 TX 01 03 00 20 00 02 C5 C1
2026-07-24T17:50:01.533718+00:00 RX 01 03 04 00 00 08 B9 3C 41
2026-07-24T17:50:01.535718+00:00 TX 01 03 01 C4 00 01 C4 0B
2026-07-24T17:50:01.541720+00:00 RX 01 03 02 00 00 B8 44
2026-07-24T17:50:01.592230+00:00 TX 01 03 00 00 00 20 44 12
2026-07-24T17:50:01.636788+00:00 RX 01 03 40 00 00 00 00 00 03 00 00 00 03 00 00 00 00 00 00 00 00 00 00 00 00 00 00 00 01 00 00 01 00 05 0A 00 00 00 00 00 00 00 00 00 00 00 00 00 00 00 00 00 00 00 00 00 00 00 00 FF FF 64 24 FF FF 64 24 A4 5B
2026-07-24T17:50:01.639689+00:00 TX 01 03 00 20 00 02 C5 C1
2026-07-24T17:50:01.647202+00:00 RX 01 03 04 00 00 08 BA 7C 40
2026-07-24T17:50:01.651367+00:00 TX 01 03 01 C4 00 01 C4 0B
2026-07-24T17:50:01.657869+00:00 RX 01 03 02 00 00 B8 44
2026-07-24T17:50:01.708799+00:00 TX 01 03 00 00 00 20 44 12
2026-07-24T17:50:01.754194+00:00 RX 01 03 40 00 00 00 00 00 03 00 00 00 03 00 00 00 00 00 00 00 00 00 00 00 00 00 00 00 01 00 00 01 00 05 0A 00 00 00 00 00 00 00 00 00 00 00 00 00 00 00 00 00 00 00 00 00 00 00 00 FF FF 62 4C FF FF 62 4C C7 BA
2026-07-24T17:50:01.756195+00:00 TX 01 03 00 20 00 02 C5 C1
2026-07-24T17:50:01.764196+00:00 RX 01 03 04 00 00 08 BC FC 42
2026-07-24T17:50:01.766197+00:00 TX 01 03 01 C4 00 01 C4 0B
2026-07-24T17:50:01.773195+00:00 RX 01 03 02 00 00 B8 44
2026-07-24T17:50:01.823706+00:00 TX 01 03 00 00 00 20 44 12
2026-07-24T17:50:01.868729+00:00 RX 01 03 40 00 00 00 00 00 03 00 00 00 03 00 00 00 00 00 00 00 00 00 00 00 00 00 00 00 01 00 00 01 00 05 0A 00 00 00 00 00 00 00 00 00 00 00 00 00 00 00 00 00 00 00 00 00 00 00 00 FF FF 62 F0 FF FF 62 F0 97 D0
2026-07-24T17:50:01.871726+00:00 TX 01 03 00 20 00 02 C5 C1
2026-07-24T17:50:01.879727+00:00 RX 01 03 04 00 00 08 BD 3D 82
2026-07-24T17:50:01.881728+00:00 TX 01 03 01 C4 00 01 C4 0B
2026-07-24T17:50:01.888230+00:00 RX 01 03 02 00 00 B8 44
2026-07-24T17:50:01.939252+00:00 TX 01 03 00 00 00 20 44 12
2026-07-24T17:50:01.984260+00:00 RX 01 03 40 00 00 00 00 00 03 00 00 00 03 00 00 00 00 00 00 00 00 00 00 00 00 00 00 00 01 00 00 01 00 05 0A 00 00 00 00 00 00 00 00 00 00 00 00 00 00 00 00 00 00 00 00 00 00 00 00 FF FF 63 5F FF FF 63 5F 03 F5
2026-07-24T17:50:01.986765+00:00 TX 01 03 00 20 00 02 C5 C1
2026-07-24T17:50:01.994763+00:00 RX 01 03 04 00 00 08 BE 7D 83
2026-07-24T17:50:01.996764+00:00 TX 01 03 01 C4 00 01 C4 0B
2026-07-24T17:50:02.002765+00:00 RX 01 03 02 00 00 B8 44
2026-07-24T17:50:02.053777+00:00 TX 01 03 00 00 00 20 44 12
2026-07-24T17:50:02.098057+00:00 RX 01 03 40 00 00 00 00 00 03 00 00 00 03 00 00 00 00 00 00 00 00 00 00 00 00 00 00 00 01 00 00 01 00 05 0A 00 00 00 00 00 00 00 00 00 00 00 00 00 00 00 00 00 00 00 00 00 00 00 00 FF FF 62 F4 FF FF 62 F4 67 D3
2026-07-24T17:50:02.100057+00:00 TX 01 03 00 20 00 02 C5 C1
2026-07-24T17:50:02.108578+00:00 RX 01 03 04 00 00 08 BF BC 43
2026-07-24T17:50:02.111575+00:00 TX 01 03 01 C4 00 01 C4 0B
2026-07-24T17:50:02.117577+00:00 RX 01 03 02 00 00 B8 44
2026-07-24T17:50:02.167608+00:00 TX 01 03 00 00 00 20 44 12
2026-07-24T17:50:02.211832+00:00 RX 01 03 40 00 00 00 00 00 03 00 00 00 03 00 00 00 00 00 00 00 00 00 00 00 00 00 00 00 01 00 00 01 00 05 0A 00 00 00 00 00 00 00 00 00 00 00 00 00 00 00 00 00 00 00 00 00 00 00 00 FF FF 64 60 FF FF 64 60 54 67
2026-07-24T17:50:02.214832+00:00 TX 01 03 00 20 00 02 C5 C1
2026-07-24T17:50:02.222831+00:00 RX 01 03 04 00 00 08 C0 FD A3
2026-07-24T17:50:02.224832+00:00 TX 01 03 01 C4 00 01 C4 0B
2026-07-24T17:50:02.230832+00:00 RX 01 03 02 00 00 B8 44
2026-07-24T17:50:02.281354+00:00 TX 01 03 00 00 00 20 44 12
2026-07-24T17:50:02.325549+00:00 RX 01 03 40 00 00 00 00 00 03 00 00 00 03 00 00 00 00 00 00 00 00 00 00 00 00 00 00 00 01 00 00 01 00 05 0A 00 00 00 00 00 00 00 00 00 00 00 00 00 00 00 00 00 00 00 00 00 00 00 00 FF FF 69 37 FF FF 69 37 65 D8
2026-07-24T17:50:02.327549+00:00 TX 01 03 00 20 00 02 C5 C1
2026-07-24T17:50:02.335551+00:00 RX 01 03 04 00 00 08 C1 3C 63
2026-07-24T17:50:02.337552+00:00 TX 01 03 01 C4 00 01 C4 0B
2026-07-24T17:50:02.343553+00:00 RX 01 03 02 00 00 B8 44
2026-07-24T17:50:02.394063+00:00 TX 01 03 00 00 00 20 44 12
2026-07-24T17:50:02.438578+00:00 RX 01 03 40 00 00 00 00 00 03 00 00 00 03 00 00 00 00 00 00 00 00 00 00 00 00 00 00 00 01 00 00 01 00 05 0A 00 00 00 00 00 00 00 00 00 00 00 00 00 00 00 00 00 00 00 00 00 00 00 00 FF FF 68 2C FF FF 68 2C 41 90
2026-07-24T17:50:02.440579+00:00 TX 01 03 00 20 00 02 C5 C1
2026-07-24T17:50:02.448581+00:00 RX 01 03 04 00 00 08 C3 BD A2
2026-07-24T17:50:02.451083+00:00 TX 01 03 01 C4 00 01 C4 0B
2026-07-24T17:50:02.458084+00:00 RX 01 03 02 00 00 B8 44
2026-07-24T17:50:02.508121+00:00 TX 01 03 00 00 00 20 44 12
2026-07-24T17:50:02.552630+00:00 RX 01 03 40 00 00 00 00 00 03 00 00 00 03 00 00 00 00 00 00 00 00 00 00 00 00 00 00 00 01 00 00 01 00 05 0A 00 00 00 00 00 00 00 00 00 00 00 00 00 00 00 00 00 00 00 00 00 00 00 00 FF FF 65 13 FF FF 65 13 10 08
2026-07-24T17:50:02.554630+00:00 TX 01 03 00 20 00 02 C5 C1
2026-07-24T17:50:02.562629+00:00 RX 01 03 04 00 00 08 C4 FC 60
2026-07-24T17:50:02.564630+00:00 TX 01 03 01 C4 00 01 C4 0B
2026-07-24T17:50:02.570631+00:00 RX 01 03 02 00 00 B8 44
2026-07-24T17:50:02.620709+00:00 TX 01 03 00 00 00 20 44 12
2026-07-24T17:50:02.665775+00:00 RX 01 03 40 00 00 00 00 00 03 00 00 00 03 00 00 00 00 00 00 00 00 00 00 00 00 00 00 00 01 00 00 01 00 05 0A 00 00 00 00 00 00 00 00 00 00 00 00 00 00 00 00 00 00 00 00 00 00 00 00 FF FF 64 0D FF FF 64 0D 38 43
2026-07-24T17:50:02.667775+00:00 TX 01 03 00 20 00 02 C5 C1
2026-07-24T17:50:02.675773+00:00 RX 01 03 04 00 00 08 C5 3D A0
2026-07-24T17:50:02.677774+00:00 TX 01 03 01 C4 00 01 C4 0B
2026-07-24T17:50:02.684776+00:00 RX 01 03 02 00 00 B8 44
2026-07-24T17:50:02.735289+00:00 TX 01 03 00 00 00 20 44 12
2026-07-24T17:50:02.779860+00:00 RX 01 03 40 00 00 00 00 00 03 00 00 00 03 00 00 00 00 00 00 00 00 00 00 00 00 00 00 00 01 00 00 01 00 05 0A 00 00 00 00 00 00 00 00 00 00 00 00 00 00 00 00 00 00 00 00 00 00 00 00 FF FF 65 9F FF FF 65 9F 00 72
2026-07-24T17:50:02.781860+00:00 TX 01 03 00 20 00 02 C5 C1
2026-07-24T17:50:02.789366+00:00 RX 01 03 04 00 00 08 C6 7D A1
2026-07-24T17:50:02.792364+00:00 TX 01 03 01 C4 00 01 C4 0B
2026-07-24T17:50:02.798365+00:00 RX 01 03 02 00 00 B8 44
2026-07-24T17:50:02.848876+00:00 TX 01 03 00 00 00 20 44 12
2026-07-24T17:50:02.893892+00:00 RX 01 03 40 00 00 00 00 00 03 00 00 00 03 00 00 00 00 00 00 00 00 00 00 00 00 00 00 00 01 00 00 01 00 05 0A 00 00 00 00 00 00 00 00 00 00 00 00 00 00 00 00 00 00 00 00 00 00 00 00 FF FF 63 46 FF FF 63 46 DF FD
2026-07-24T17:50:02.895893+00:00 TX 01 03 00 20 00 02 C5 C1
2026-07-24T17:50:02.903895+00:00 RX 01 03 04 00 00 08 C7 BC 61
2026-07-24T17:50:02.905895+00:00 TX 01 03 01 C4 00 01 C4 0B
2026-07-24T17:50:02.912897+00:00 RX 01 03 02 00 00 B8 44
2026-07-24T17:50:02.962909+00:00 TX 01 03 00 00 00 20 44 12
2026-07-24T17:50:03.007417+00:00 RX 01 03 40 00 00 00 00 00 03 00 00 00 03 00 00 00 00 00 00 00 00 00 00 00 00 00 00 00 01 00 00 01 00 05 0A 00 00 00 00 00 00 00 00 00 00 00 00 00 00 00 00 00 00 00 00 00 00 00 00 FF FF 61 5D FF FF 61 5D FB 76
2026-07-24T17:50:03.009418+00:00 TX 01 03 00 20 00 02 C5 C1
2026-07-24T17:50:03.017419+00:00 RX 01 03 04 00 00 08 C8 FC 65
2026-07-24T17:50:03.019420+00:00 TX 01 03 01 C4 00 01 C4 0B
2026-07-24T17:50:03.026419+00:00 RX 01 03 02 00 00 B8 44
2026-07-24T17:50:03.077195+00:00 TX 01 03 00 00 00 20 44 12
2026-07-24T17:50:03.122228+00:00 RX 01 03 40 00 00 00 00 00 03 00 00 00 03 00 00 00 00 00 00 00 00 00 00 00 00 00 00 00 01 00 00 01 00 05 0A 00 00 00 00 00 00 00 00 00 00 00 00 00 00 00 00 00 00 00 00 00 00 00 00 FF FF 5F 48 FF FF 5F 48 23 C4
2026-07-24T17:50:03.124229+00:00 TX 01 03 00 20 00 02 C5 C1
2026-07-24T17:50:03.131231+00:00 RX 01 03 04 00 00 08 CA 7D A4
2026-07-24T17:50:03.134232+00:00 TX 01 03 01 C4 00 01 C4 0B
2026-07-24T17:50:03.140232+00:00 RX 01 03 02 00 00 B8 44
2026-07-24T17:50:03.191774+00:00 TX 01 03 00 00 00 20 44 12
2026-07-24T17:50:03.236781+00:00 RX 01 03 40 00 00 00 00 00 03 00 00 00 03 00 00 00 00 00 00 00 00 00 00 00 00 00 00 00 01 00 00 01 00 05 0A 00 00 00 00 00 00 00 00 00 00 00 00 00 00 00 00 00 00 00 00 00 00 00 00 FF FF 5D F9 FF FF 5D F9 9F 28
2026-07-24T17:50:03.239295+00:00 TX 01 03 00 20 00 02 C5 C1
2026-07-24T17:50:03.247297+00:00 RX 01 03 04 00 00 08 CB BC 64
2026-07-24T17:50:03.250298+00:00 TX 01 03 01 C4 00 01 C4 0B
2026-07-24T17:50:03.256801+00:00 RX 01 03 02 00 00 B8 44
2026-07-24T17:50:03.307266+00:00 TX 01 03 00 00 00 20 44 12
2026-07-24T17:50:03.352276+00:00 RX 01 03 40 00 00 00 00 00 03 00 00 00 03 00 00 00 00 00 00 00 00 00 00 00 00 00 00 00 01 00 00 01 00 05 0A 00 00 00 00 00 00 00 00 00 00 00 00 00 00 00 00 00 00 00 00 00 00 00 00 FF FF 60 34 FF FF 60 34 67 10
2026-07-24T17:50:03.354277+00:00 TX 01 03 00 20 00 02 C5 C1
2026-07-24T17:50:03.362279+00:00 RX 01 03 04 00 00 08 CC FD A6
2026-07-24T17:50:03.364279+00:00 TX 01 03 01 C4 00 01 C4 0B
2026-07-24T17:50:03.370281+00:00 RX 01 03 02 00 00 B8 44
2026-07-24T17:50:03.421791+00:00 TX 01 03 00 00 00 20 44 12
2026-07-24T17:50:03.466800+00:00 RX 01 03 40 00 00 00 00 00 03 00 00 00 03 00 00 00 00 00 00 00 00 00 00 00 00 00 00 00 01 00 00 01 00 05 0A 00 00 00 00 00 00 00 00 00 00 00 00 00 00 00 00 00 00 00 00 00 00 00 00 FF FF 5E 28 FF FF 5E 28 A3 A5
2026-07-24T17:50:03.468800+00:00 TX 01 03 00 20 00 02 C5 C1
2026-07-24T17:50:03.476534+00:00 RX 01 03 04 00 00 08 CD 3C 66
2026-07-24T17:50:03.479532+00:00 TX 01 03 01 C4 00 01 C4 0B
2026-07-24T17:50:03.486533+00:00 RX 01 03 02 00 00 B8 44
2026-07-24T17:50:03.537114+00:00 TX 01 03 00 00 00 20 44 12
2026-07-24T17:50:03.582121+00:00 RX 01 03 40 00 00 00 00 00 03 00 00 00 03 00 00 00 00 00 00 00 00 00 00 00 00 00 00 00 01 00 00 01 00 05 0A 00 00 00 00 00 00 00 00 00 00 00 00 00 00 00 00 00 00 00 00 00 00 00 00 FF FF 5F 67 FF FF 5F 67 B7 DE
2026-07-24T17:50:03.584122+00:00 TX 01 03 00 20 00 02 C5 C1
2026-07-24T17:50:03.591627+00:00 RX 01 03 04 00 00 08 CE 7C 67
2026-07-24T17:50:03.594625+00:00 TX 01 03 01 C4 00 01 C4 0B
2026-07-24T17:50:03.600626+00:00 RX 01 03 02 00 00 B8 44
2026-07-24T17:50:03.651152+00:00 TX 01 03 00 00 00 20 44 12
2026-07-24T17:50:03.696657+00:00 RX 01 03 40 00 00 00 00 00 03 00 00 00 03 00 00 00 00 00 00 00 00 00 00 00 00 00 00 00 01 00 00 01 00 05 0A 00 00 00 00 00 00 00 00 00 00 00 00 00 00 00 00 00 00 00 00 00 00 00 00 FF FF 60 22 FF FF 60 22 AF 1D
2026-07-24T17:50:03.698657+00:00 TX 01 03 00 20 00 02 C5 C1
2026-07-24T17:50:03.706659+00:00 RX 01 03 04 00 00 08 CF BD A7
2026-07-24T17:50:03.709660+00:00 TX 01 03 01 C4 00 01 C4 0B
2026-07-24T17:50:03.716662+00:00 RX 01 03 02 00 00 B8 44
2026-07-24T17:50:03.767258+00:00 TX 01 03 00 00 00 20 44 12
2026-07-24T17:50:03.811764+00:00 RX 01 03 40 00 00 00 00 00 03 00 00 00 03 00 00 00 00 00 00 00 00 00 00 00 00 00 00 00 01 00 00 01 00 05 0A 00 00 00 00 00 00 00 00 00 00 00 00 00 00 00 00 00 00 00 00 00 00 00 00 FF FF 5D F8 FF FF 5D F8 63 28
2026-07-24T17:50:03.814650+00:00 TX 01 03 00 20 00 02 C5 C1
2026-07-24T17:50:03.822956+00:00 RX 01 03 04 00 00 08 D1 3D AF
2026-07-24T17:50:03.825953+00:00 TX 01 03 01 C4 00 01 C4 0B
2026-07-24T17:50:03.832955+00:00 RX 01 03 02 00 00 B8 44
2026-07-24T17:50:03.883648+00:00 TX 01 03 00 00 00 20 44 12
2026-07-24T17:50:03.928564+00:00 RX 01 03 40 00 00 00 00 00 03 00 00 00 03 00 00 00 00 00 00 00 00 00 00 00 00 00 00 00 01 00 00 01 00 05 0A 00 00 00 00 00 00 00 00 00 00 00 00 00 00 00 00 00 00 00 00 00 00 00 00 FF FF 60 67 FF FF 60 67 A3 21
2026-07-24T17:50:03.930564+00:00 TX 01 03 00 20 00 02 C5 C1
2026-07-24T17:50:03.937566+00:00 RX 01 03 04 00 00 08 D2 7D AE
2026-07-24T17:50:03.940567+00:00 TX 01 03 01 C4 00 01 C4 0B
2026-07-24T17:50:03.947568+00:00 RX 01 03 02 00 00 B8 44
2026-07-24T17:50:03.998360+00:00 TX 01 03 00 00 00 20 44 12
2026-07-24T17:50:04.042884+00:00 RX 01 03 40 00 00 00 00 00 03 00 00 00 03 00 00 00 00 00 00 00 00 00 00 00 00 00 00 00 01 00 00 01 00 05 0A 00 00 00 00 00 00 00 00 00 00 00 00 00 00 00 00 00 00 00 00 00 00 00 00 FF FF 62 50 FF FF 62 50 17 B1
2026-07-24T17:50:04.044884+00:00 TX 01 03 00 20 00 02 C5 C1
2026-07-24T17:50:04.052390+00:00 RX 01 03 04 00 00 08 D3 BC 6E
2026-07-24T17:50:04.055387+00:00 TX 01 03 01 C4 00 01 C4 0B
2026-07-24T17:50:04.061389+00:00 RX 01 03 02 00 00 B8 44
2026-07-24T17:50:04.111532+00:00 TX 01 03 00 00 00 20 44 12
2026-07-24T17:50:04.156146+00:00 RX 01 03 40 00 00 00 00 00 03 00 00 00 03 00 00 00 00 00 00 00 00 00 00 00 00 00 00 00 01 00 00 01 00 05 0A 00 00 00 00 00 00 00 00 00 00 00 00 00 00 00 00 00 00 00 00 00 00 00 00 FF FF 5D 6D FF FF 5D 6D AF 5A
2026-07-24T17:50:04.159147+00:00 TX 01 03 00 20 00 02 C5 C1
2026-07-24T17:50:04.167148+00:00 RX 01 03 04 00 00 08 D4 FD AC
2026-07-24T17:50:04.170149+00:00 TX 01 03 01 C4 00 01 C4 0B
2026-07-24T17:50:04.176671+00:00 RX 01 03 02 00 00 B8 44
2026-07-24T17:50:04.227026+00:00 TX 01 03 00 00 00 20 44 12
2026-07-24T17:50:04.272041+00:00 RX 01 03 40 00 00 00 00 00 03 00 00 00 03 00 00 00 00 00 00 00 00 00 00 00 00 00 00 00 01 00 00 01 00 05 0A 00 00 00 00 00 00 00 00 00 00 00 00 00 00 00 00 00 00 00 00 00 00 00 00 FF FF 5F 00 FF FF 5F 00 C3 FC
2026-07-24T17:50:04.274041+00:00 TX 01 03 00 20 00 02 C5 C1
2026-07-24T17:50:04.282040+00:00 RX 01 03 04 00 00 08 D5 3C 6C
2026-07-24T17:50:04.284041+00:00 TX 01 03 01 C4 00 01 C4 0B
2026-07-24T17:50:04.291042+00:00 RX 01 03 02 00 00 B8 44
2026-07-24T17:50:04.341555+00:00 TX 01 03 00 00 00 20 44 12
2026-07-24T17:50:04.386562+00:00 RX 01 03 40 00 00 00 00 00 03 00 00 00 03 00 00 00 00 00 00 00 00 00 00 00 00 00 00 00 01 00 00 01 00 05 0A 00 00 00 00 00 00 00 00 00 00 00 00 00 00 00 00 00 00 00 00 00 00 00 00 FF FF 5F 2B FF FF 5F 2B A7 E5
2026-07-24T17:50:04.388562+00:00 TX 01 03 00 20 00 02 C5 C1
2026-07-24T17:50:04.396065+00:00 RX 01 03 04 00 00 08 D6 7C 6D
2026-07-24T17:50:04.398066+00:00 TX 01 03 01 C4 00 01 C4 0B
2026-07-24T17:50:04.405067+00:00 RX 01 03 02 00 00 B8 44
2026-07-24T17:50:04.455814+00:00 TX 01 03 00 00 00 20 44 12
2026-07-24T17:50:04.500362+00:00 RX 01 03 40 00 00 00 00 00 03 00 00 00 03 00 00 00 00 00 00 00 00 00 00 00 00 00 00 00 01 00 00 01 00 05 0A 00 00 00 00 00 00 00 00 00 00 00 00 00 00 00 00 00 00 00 00 00 00 00 00 FF FF 60 8D FF FF 60 8D 3B 79
2026-07-24T17:50:04.502362+00:00 TX 01 03 00 20 00 02 C5 C1
2026-07-24T17:50:04.509865+00:00 RX 01 03 04 00 00 08 D8 FD A9
2026-07-24T17:50:04.511865+00:00 TX 01 03 01 C4 00 01 C4 0B
2026-07-24T17:50:04.517867+00:00 RX 01 03 02 00 00 B8 44
2026-07-24T17:50:04.567913+00:00 TX 01 03 00 00 00 20 44 12
2026-07-24T17:50:04.612422+00:00 RX 01 03 40 00 00 00 00 00 03 00 00 00 03 00 00 00 00 00 00 00 00 00 00 00 00 00 00 00 01 00 00 01 00 05 0A 00 00 00 00 00 00 00 00 00 00 00 00 00 00 00 00 00 00 00 00 00 00 00 00 FF FF 61 8C FF FF 61 8C C7 38
2026-07-24T17:50:04.615420+00:00 TX 01 03 00 20 00 02 C5 C1
2026-07-24T17:50:04.622955+00:00 RX 01 03 04 00 00 08 D9 3C 69
2026-07-24T17:50:04.624958+00:00 TX 01 03 01 C4 00 01 C4 0B
2026-07-24T17:50:04.632055+00:00 RX 01 03 02 00 00 B8 44
2026-07-24T17:50:04.682621+00:00 TX 01 03 00 00 00 20 44 12
2026-07-24T17:50:04.728133+00:00 RX 01 03 40 00 00 00 00 00 03 00 00 00 03 00 00 00 00 00 00 00 00 00 00 00 00 00 00 00 01 00 00 01 00 05 0A 00 00 00 00 00 00 00 00 00 00 00 00 00 00 00 00 00 00 00 00 00 00 00 00 FF FF 60 E1 FF FF 60 E1 AB 5D
2026-07-24T17:50:04.730134+00:00 TX 01 03 00 20 00 02 C5 C1
2026-07-24T17:50:04.737674+00:00 RX 01 03 04 00 00 08 DA 7C 68
2026-07-24T17:50:04.740679+00:00 TX 01 03 01 C4 00 01 C4 0B
2026-07-24T17:50:04.747681+00:00 RX 01 03 02 00 00 B8 44
2026-07-24T17:50:04.797693+00:00 TX 01 03 00 00 00 20 44 12
2026-07-24T17:50:04.841872+00:00 RX 01 03 40 00 00 00 00 00 03 00 00 00 03 00 00 00 00 00 00 00 00 00 00 00 00 00 00 00 01 00 00 01 00 05 0A 00 00 00 00 00 00 00 00 00 00 00 00 00 00 00 00 00 00 00 00 00 00 00 00 FF FF 62 F1 FF FF 62 F1 6B D0
2026-07-24T17:50:04.843872+00:00 TX 01 03 00 20 00 02 C5 C1
2026-07-24T17:50:04.851874+00:00 RX 01 03 04 00 00 08 DB BD A8
2026-07-24T17:50:04.854377+00:00 TX 01 03 01 C4 00 01 C4 0B
2026-07-24T17:50:04.860379+00:00 RX 01 03 02 00 00 B8 44
2026-07-24T17:50:04.910888+00:00 TX 01 03 00 00 00 20 44 12
2026-07-24T17:50:04.955924+00:00 RX 01 03 40 00 00 00 00 00 03 00 00 00 03 00 00 00 00 00 00 00 00 00 00 00 00 00 00 00 01 00 00 01 00 05 0A 00 00 00 00 00 00 00 00 00 00 00 00 00 00 00 00 00 00 00 00 00 00 00 00 FF FF 61 31 FF FF 61 31 6B 52
2026-07-24T17:50:04.957924+00:00 TX 01 03 00 20 00 02 C5 C1
2026-07-24T17:50:04.965926+00:00 RX 01 03 04 00 00 08 DC FC 6A
2026-07-24T17:50:04.967926+00:00 TX 01 03 01 C4 00 01 C4 0B
2026-07-24T17:50:04.973928+00:00 RX 01 03 02 00 00 B8 44
2026-07-24T17:50:05.023938+00:00 TX 01 03 00 00 00 20 44 12
2026-07-24T17:50:05.068678+00:00 RX 01 03 40 00 00 00 00 00 03 00 00 00 03 00 00 00 00 00 00 00 00 00 00 00 00 00 00 00 01 00 00 01 00 05 0A 00 00 00 00 00 00 00 00 00 00 00 00 00 00 00 00 00 00 00 00 00 00 00 00 FF FF 62 C6 FF FF 62 C6 DF C2
2026-07-24T17:50:05.070678+00:00 TX 01 03 00 20 00 02 C5 C1
2026-07-24T17:50:05.078680+00:00 RX 01 03 04 00 00 08 DD 3D AA
2026-07-24T17:50:05.080681+00:00 TX 01 03 01 C4 00 01 C4 0B
2026-07-24T17:50:05.087678+00:00 RX 01 03 02 00 00 B8 44
2026-07-24T17:50:05.137719+00:00 TX 01 03 00 00 00 20 44 12
2026-07-24T17:50:05.182276+00:00 RX 01 03 40 00 00 00 00 00 03 00 00 00 03 00 00 00 00 00 00 00 00 00 00 00 00 00 00 00 01 00 00 01 00 05 0A 00 00 00 00 00 00 00 00 00 00 00 00 00 00 00 00 00 00 00 00 00 00 00 00 FF FF 60 FD FF FF 60 FD 7B 56
2026-07-24T17:50:05.184277+00:00 TX 01 03 00 20 00 02 C5 C1
2026-07-24T17:50:05.191278+00:00 RX 01 03 04 00 00 08 DF BC 6B
2026-07-24T17:50:05.194279+00:00 TX 01 03 01 C4 00 01 C4 0B
2026-07-24T17:50:05.200782+00:00 RX 01 03 02 00 00 B8 44
2026-07-24T17:50:05.250796+00:00 TX 01 03 00 00 00 20 44 12
2026-07-24T17:50:05.295304+00:00 RX 01 03 40 00 00 00 00 00 03 00 00 00 03 00 00 00 00 00 00 00 00 00 00 00 00 00 00 00 01 00 00 01 00 05 0A 00 00 00 00 00 00 00 00 00 00 00 00 00 00 00 00 00 00 00 00 00 00 00 00 FF FF 60 83 FF FF 60 83 D3 7C
2026-07-24T17:50:05.297806+00:00 TX 01 03 00 20 00 02 C5 C1
2026-07-24T17:50:05.305809+00:00 RX 01 03 04 00 00 08 E0 FC 7B
2026-07-24T17:50:05.308808+00:00 TX 01 03 01 C4 00 01 C4 0B
2026-07-24T17:50:05.315810+00:00 RX 01 03 02 00 00 B8 44
2026-07-24T17:50:05.365822+00:00 TX 01 03 00 00 00 20 44 12
2026-07-24T17:50:05.410330+00:00 RX 01 03 40 00 00 00 00 00 03 00 00 00 03 00 00 00 00 00 00 00 00 00 00 00 00 00 00 00 01 00 00 01 00 05 0A 00 00 00 00 00 00 00 00 00 00 00 00 00 00 00 00 00 00 00 00 00 00 00 00 FF FF 60 76 FF FF 60 76 9F 2E
2026-07-24T17:50:05.412331+00:00 TX 01 03 00 20 00 02 C5 C1
2026-07-24T17:50:05.420092+00:00 RX 01 03 04 00 00 08 E1 3D BB
2026-07-24T17:50:05.422093+00:00 TX 01 03 01 C4 00 01 C4 0B
2026-07-24T17:50:05.428090+00:00 RX 01 03 02 00 00 B8 44
2026-07-24T17:50:05.479114+00:00 TX 01 03 00 00 00 20 44 12
2026-07-24T17:50:05.523699+00:00 RX 01 03 40 00 00 00 00 00 03 00 00 00 03 00 00 00 00 00 00 00 00 00 00 00 00 00 00 00 01 00 00 01 00 05 0A 00 00 00 00 00 00 00 00 00 00 00 00 00 00 00 00 00 00 00 00 00 00 00 00 FF FF 60 28 FF FF 60 28 B7 1B
2026-07-24T17:50:05.525699+00:00 TX 01 03 00 20 00 02 C5 C1
2026-07-24T17:50:05.533701+00:00 RX 01 03 04 00 00 08 E2 7D BA
2026-07-24T17:50:05.535701+00:00 TX 01 03 01 C4 00 01 C4 0B
2026-07-24T17:50:05.541703+00:00 RX 01 03 02 00 00 B8 44
2026-07-24T17:50:05.591711+00:00 TX 01 03 00 00 00 20 44 12
2026-07-24T17:50:05.635785+00:00 RX 01 03 40 00 00 00 00 00 03 00 00 00 03 00 00 00 00 00 00 00 00 00 00 00 00 00 00 00 01 00 00 01 00 05 0A 00 00 00 00 00 00 00 00 00 00 00 00 00 00 00 00 00 00 00 00 00 00 00 00 FF FF 60 DB FF FF 60 DB F3 4B
2026-07-24T17:50:05.637786+00:00 TX 01 03 00 20 00 02 C5 C1
2026-07-24T17:50:05.645289+00:00 RX 01 03 04 00 00 08 E3 BC 7A
2026-07-24T17:50:05.647289+00:00 TX 01 03 01 C4 00 01 C4 0B
2026-07-24T17:50:05.653823+00:00 RX 01 03 02 00 00 B8 44
2026-07-24T17:50:05.704330+00:00 TX 01 03 00 00 00 20 44 12
2026-07-24T17:50:05.748923+00:00 RX 01 03 40 00 00 00 00 00 03 00 00 00 03 00 00 00 00 00 00 00 00 00 00 00 00 00 00 00 01 00 00 01 00 05 0A 00 00 00 00 00 00 00 00 00 00 00 00 00 00 00 00 00 00 00 00 00 00 00 00 FF FF 60 F5 FF FF 60 F5 9B 51
2026-07-24T17:50:05.750923+00:00 TX 01 03 00 20 00 02 C5 C1
2026-07-24T17:50:05.758704+00:00 RX 01 03 04 00 00 08 E4 FD B8
2026-07-24T17:50:05.760704+00:00 TX 01 03 01 C4 00 01 C4 0B
2026-07-24T17:50:05.767706+00:00 RX 01 03 02 00 00 B8 44
2026-07-24T17:50:05.818217+00:00 TX 01 03 00 00 00 20 44 12
2026-07-24T17:50:05.862228+00:00 RX 01 03 40 00 00 00 00 00 03 00 00 00 03 00 00 00 00 00 00 00 00 00 00 00 00 00 00 00 01 00 00 01 00 05 0A 00 00 00 00 00 00 00 00 00 00 00 00 00 00 00 00 00 00 00 00 00 00 00 00 FF FF 60 25 FF FF 60 25 5B 1F
2026-07-24T17:50:05.865229+00:00 TX 01 03 00 20 00 02 C5 C1
2026-07-24T17:50:05.872230+00:00 RX 01 03 04 00 00 08 E5 3C 78
2026-07-24T17:50:05.875231+00:00 TX 01 03 01 C4 00 01 C4 0B
2026-07-24T17:50:05.881232+00:00 RX 01 03 02 00 00 B8 44
2026-07-24T17:50:05.931742+00:00 TX 01 03 00 00 00 20 44 12
2026-07-24T17:50:05.977003+00:00 RX 01 03 40 00 00 00 00 00 03 00 00 00 03 00 00 00 00 00 00 00 00 00 00 00 00 00 00 00 01 00 00 01 00 05 0A 00 00 00 00 00 00 00 00 00 00 00 00 00 00 00 00 00 00 00 00 00 00 00 00 FF FF 5C 9A FF FF 5C 9A 1B 48
2026-07-24T17:50:05.979004+00:00 TX 01 03 00 20 00 02 C5 C1
2026-07-24T17:50:05.988013+00:00 RX 01 03 04 00 00 08 E7 BD B9
2026-07-24T17:50:05.990013+00:00 TX 01 03 01 C4 00 01 C4 0B
2026-07-24T17:50:05.997015+00:00 RX 01 03 02 00 00 B8 44
2026-07-24T17:50:06.047026+00:00 TX 01 03 00 00 00 20 44 12
2026-07-24T17:50:06.091534+00:00 RX 01 03 40 00 00 00 00 00 03 00 00 00 03 00 00 00 00 00 00 00 00 00 00 00 00 00 00 00 01 00 00 01 00 05 0A 00 00 00 00 00 00 00 00 00 00 00 00 00 00 00 00 00 00 00 00 00 00 00 00 FF FF 5C 5C FF FF 5C 5C 13 0B
2026-07-24T17:50:06.093535+00:00 TX 01 03 00 20 00 02 C5 C1
2026-07-24T17:50:06.102039+00:00 RX 01 03 04 00 00 08 E8 FD BD
2026-07-24T17:50:06.104039+00:00 TX 01 03 01 C4 00 01 C4 0B
2026-07-24T17:50:06.110560+00:00 RX 01 03 02 00 00 B8 44
2026-07-24T17:50:06.161119+00:00 TX 01 03 00 00 00 20 44 12
2026-07-24T17:50:06.205628+00:00 RX 01 03 40 00 00 00 00 00 03 00 00 00 03 00 00 00 00 00 00 00 00 00 00 00 00 00 00 00 01 00 00 01 00 05 0A 00 00 00 00 00 00 00 00 00 00 00 00 00 00 00 00 00 00 00 00 00 00 00 00 FF FF 5C 3C FF FF 5C 3C 93 2B
2026-07-24T17:50:06.208629+00:00 TX 01 03 00 20 00 02 C5 C1
2026-07-24T17:50:06.216631+00:00 RX 01 03 04 00 00 08 E9 3C 7D
2026-07-24T17:50:06.218631+00:00 TX 01 03 01 C4 00 01 C4 0B
2026-07-24T17:50:06.224633+00:00 RX 01 03 02 00 00 B8 44
2026-07-24T17:50:06.275448+00:00 TX 01 03 00 00 00 20 44 12
2026-07-24T17:50:06.320434+00:00 RX 01 03 40 00 00 00 00 00 03 00 00 00 03 00 00 00 00 00 00 00 00 00 00 00 00 00 00 00 01 00 00 01 00 05 0A 00 00 00 00 00 00 00 00 00 00 00 00 00 00 00 00 00 00 00 00 00 00 00 00 FF FF 5D DE FF FF 5D DE EB 35
2026-07-24T17:50:06.322435+00:00 TX 01 03 00 20 00 02 C5 C1
2026-07-24T17:50:06.330437+00:00 RX 01 03 04 00 00 08 EA 7C 7C
2026-07-24T17:50:06.332437+00:00 TX 01 03 01 C4 00 01 C4 0B
2026-07-24T17:50:06.339439+00:00 RX 01 03 02 00 00 B8 44
2026-07-24T17:50:06.390219+00:00 TX 01 03 00 00 00 20 44 12
2026-07-24T17:50:06.434727+00:00 RX 01 03 40 00 00 00 00 00 03 00 00 00 03 00 00 00 00 00 00 00 00 00 00 00 00 00 00 00 01 00 00 01 00 05 0A 00 00 00 00 00 00 00 00 00 00 00 00 00 00 00 00 00 00 00 00 00 00 00 00 FF FF 60 2D FF FF 60 2D BB 18
2026-07-24T17:50:06.436727+00:00 TX 01 03 00 20 00 02 C5 C1
2026-07-24T17:50:06.444234+00:00 RX 01 03 04 00 00 08 EB BD BC
2026-07-24T17:50:06.447231+00:00 TX 01 03 01 C4 00 01 C4 0B
2026-07-24T17:50:06.453233+00:00 RX 01 03 02 00 00 B8 44
2026-07-24T17:50:06.503672+00:00 TX 01 03 00 00 00 20 44 12
2026-07-24T17:50:06.548263+00:00 RX 01 03 40 00 00 00 00 00 03 00 00 00 03 00 00 00 00 00 00 00 00 00 00 00 00 00 00 00 01 00 00 01 00 05 0A 00 00 00 00 00 00 00 00 00 00 00 00 00 00 00 00 00 00 00 00 00 00 00 00 FF FF 5E 79 FF FF 5E 79 9F 95
2026-07-24T17:50:06.550264+00:00 TX 01 03 00 20 00 02 C5 C1
2026-07-24T17:50:06.558266+00:00 RX 01 03 04 00 00 08 EC FC 7E
2026-07-24T17:50:06.560266+00:00 TX 01 03 01 C4 00 01 C4 0B
2026-07-24T17:50:06.567268+00:00 RX 01 03 02 00 00 B8 44
2026-07-24T17:50:06.617294+00:00 TX 01 03 00 00 00 20 44 12
2026-07-24T17:50:06.662009+00:00 RX 01 03 40 00 00 00 00 00 03 00 00 00 03 00 00 00 00 00 00 00 00 00 00 00 00 00 00 00 01 00 00 01 00 05 0A 00 00 00 00 00 00 00 00 00 00 00 00 00 00 00 00 00 00 00 00 00 00 00 00 FF FF 5F 18 FF FF 5F 18 E3 F4
2026-07-24T17:50:06.664009+00:00 TX 01 03 00 20 00 02 C5 C1
2026-07-24T17:50:06.672011+00:00 RX 01 03 04 00 00 08 EE 7D BF
2026-07-24T17:50:06.674012+00:00 TX 01 03 01 C4 00 01 C4 0B
2026-07-24T17:50:06.681013+00:00 RX 01 03 02 00 00 B8 44
2026-07-24T17:50:06.731117+00:00 TX 01 03 00 00 00 20 44 12
2026-07-24T17:50:06.775149+00:00 RX 01 03 40 00 00 00 00 00 03 00 00 00 03 00 00 00 00 00 00 00 00 00 00 00 00 00 00 00 01 00 00 01 00 05 0A 00 00 00 00 00 00 00 00 00 00 00 00 00 00 00 00 00 00 00 00 00 00 00 00 FF FF 5E AB FF FF 5E AB A7 DA
2026-07-24T17:50:06.778150+00:00 TX 01 03 00 20 00 02 C5 C1
2026-07-24T17:50:06.786152+00:00 RX 01 03 04 00 00 08 EF BC 7F
2026-07-24T17:50:06.789149+00:00 TX 01 03 01 C4 00 01 C4 0B
2026-07-24T17:50:06.795151+00:00 RX 01 03 02 00 00 B8 44
2026-07-24T17:50:06.846162+00:00 TX 01 03 00 00 00 20 44 12
2026-07-24T17:50:06.891671+00:00 RX 01 03 40 00 00 00 00 00 03 00 00 00 03 00 00 00 00 00 00 00 00 00 00 00 00 00 00 00 01 00 00 01 00 05 0A 00 00 00 00 00 00 00 00 00 00 00 00 00 00 00 00 00 00 00 00 00 00 00 00 FF FF 5D 98 FF FF 5D 98 E3 08
2026-07-24T17:50:06.893672+00:00 TX 01 03 00 20 00 02 C5 C1
2026-07-24T17:50:06.900673+00:00 RX 01 03 04 00 00 08 F0 FD B7
2026-07-24T17:50:06.903175+00:00 TX 01 03 01 C4 00 01 C4 0B
2026-07-24T17:50:06.909176+00:00 RX 01 03 02 00 00 B8 44
2026-07-24T17:50:06.959185+00:00 TX 01 03 00 00 00 20 44 12
2026-07-24T17:50:07.003723+00:00 RX 01 03 40 00 00 00 00 00 03 00 00 00 03 00 00 00 00 00 00 00 00 00 00 00 00 00 00 00 01 00 00 01 00 05 0A 00 00 00 00 00 00 00 00 00 00 00 00 00 00 00 00 00 00 00 00 00 00 00 00 FF FF 60 70 FF FF 60 70 97 2C
2026-07-24T17:50:07.005724+00:00 TX 01 03 00 20 00 02 C5 C1
2026-07-24T17:50:07.013725+00:00 RX 01 03 04 00 00 08 F1 3C 77
2026-07-24T17:50:07.015726+00:00 TX 01 03 01 C4 00 01 C4 0B
2026-07-24T17:50:07.021728+00:00 RX 01 03 02 00 00 B8 44
2026-07-24T17:50:07.071748+00:00 TX 01 03 00 00 00 20 44 12
2026-07-24T17:50:07.116743+00:00 RX 01 03 40 00 00 00 00 00 03 00 00 00 03 00 00 00 00 00 00 00 00 00 00 00 00 00 00 00 01 00 00 01 00 05 0A 00 00 00 00 00 00 00 00 00 00 00 00 00 00 00 00 00 00 00 00 00 00 00 00 FF FF 5F AB FF FF 5F AB A7 9B
2026-07-24T17:50:07.119336+00:00 TX 01 03 00 20 00 02 C5 C1
2026-07-24T17:50:07.127655+00:00 RX 01 03 04 00 00 08 F2 7C 76
2026-07-24T17:50:07.130653+00:00 TX 01 03 01 C4 00 01 C4 0B
2026-07-24T17:50:07.136654+00:00 RX 01 03 02 00 00 B8 44
2026-07-24T17:50:07.187263+00:00 TX 01 03 00 00 00 20 44 12
2026-07-24T17:50:07.231769+00:00 RX 01 03 40 00 00 00 00 00 03 00 00 00 03 00 00 00 00 00 00 00 00 00 00 00 00 00 00 00 01 00 00 01 00 05 0A 00 00 00 00 00 00 00 00 00 00 00 00 00 00 00 00 00 00 00 00 00 00 00 00 FF FF 5D BA FF FF 5D BA 9B 16
2026-07-24T17:50:07.233770+00:00 TX 01 03 00 20 00 02 C5 C1
2026-07-24T17:50:07.241771+00:00 RX 01 03 04 00 00 08 F3 BD B6
2026-07-24T17:50:07.243772+00:00 TX 01 03 01 C4 00 01 C4 0B
2026-07-24T17:50:07.250275+00:00 RX 01 03 02 00 00 B8 44
2026-07-24T17:50:07.300784+00:00 TX 01 03 00 00 00 20 44 12
2026-07-24T17:50:07.345297+00:00 RX 01 03 40 00 00 00 00 00 03 00 00 00 03 00 00 00 00 00 00 00 00 00 00 00 00 00 00 00 01 00 00 01 00 05 0A 00 00 00 00 00 00 00 00 00 00 00 00 00 00 00 00 00 00 00 00 00 00 00 00 FF FF 5D 67 FF FF 5D 67 B7 5C
2026-07-24T17:50:07.349297+00:00 TX 01 03 00 20 00 02 C5 C1
2026-07-24T17:50:07.357300+00:00 RX 01 03 04 00 00 08 F5 3D B4
2026-07-24T17:50:07.359300+00:00 TX 01 03 01 C4 00 01 C4 0B
2026-07-24T17:50:07.366302+00:00 RX 01 03 02 00 00 B8 44
2026-07-24T17:50:07.416810+00:00 TX 01 03 00 00 00 20 44 12
2026-07-24T17:50:07.461300+00:00 RX 01 03 40 00 00 00 00 00 03 00 00 00 03 00 00 00 00 00 00 00 00 00 00 00 00 00 00 00 01 00 00 01 00 05 0A 00 00 00 00 00 00 00 00 00 00 00 00 00 00 00 00 00 00 00 00 00 00 00 00 FF FF 5D D0 FF FF 5D D0 03 30
2026-07-24T17:50:07.464301+00:00 TX 01 03 00 20 00 02 C5 C1
2026-07-24T17:50:07.471537+00:00 RX 01 03 04 00 00 08 F6 7D B5
2026-07-24T17:50:07.474537+00:00 TX 01 03 01 C4 00 01 C4 0B
2026-07-24T17:50:07.481539+00:00 RX 01 03 02 00 00 B8 44
2026-07-24T17:50:07.531574+00:00 TX 01 03 00 00 00 20 44 12
2026-07-24T17:50:07.576609+00:00 RX 01 03 40 00 00 00 00 00 03 00 00 00 03 00 00 00 00 00 00 00 00 00 00 00 00 00 00 00 01 00 00 01 00 05 0A 00 00 00 00 00 00 00 00 00 00 00 00 00 00 00 00 00 00 00 00 00 00 00 00 FF FF 5D 4F FF FF 5D 4F D7 44
2026-07-24T17:50:07.579112+00:00 TX 01 03 00 20 00 02 C5 C1
2026-07-24T17:50:07.588114+00:00 RX 01 03 04 00 00 08 F7 BC 75
2026-07-24T17:50:07.591112+00:00 TX 01 03 01 C4 00 01 C4 0B
2026-07-24T17:50:07.598113+00:00 RX 01 03 02 00 00 B8 44
2026-07-24T17:50:07.648357+00:00 TX 01 03 00 00 00 20 44 12
2026-07-24T17:50:07.693456+00:00 RX 01 03 40 00 00 00 00 00 03 00 00 00 03 00 00 00 00 00 00 00 00 00 00 00 00 00 00 00 01 00 00 01 00 05 0A 00 00 00 00 00 00 00 00 00 00 00 00 00 00 00 00 00 00 00 00 00 00 00 00 FF FF 5E 58 FF FF 5E 58 E3 8A
2026-07-24T17:50:07.695456+00:00 TX 01 03 00 20 00 02 C5 C1
2026-07-24T17:50:07.703458+00:00 RX 01 03 04 00 00 08 F8 FC 71
2026-07-24T17:50:07.705667+00:00 TX 01 03 01 C4 00 01 C4 0B
2026-07-24T17:50:07.711665+00:00 RX 01 03 02 00 00 B8 44
2026-07-24T17:50:07.763233+00:00 TX 01 03 00 00 00 20 44 12
2026-07-24T17:50:07.807743+00:00 RX 01 03 40 00 00 00 00 00 03 00 00 00 03 00 00 00 00 00 00 00 00 00 00 00 00 00 00 00 01 00 00 01 00 05 0A 00 00 00 00 00 00 00 00 00 00 00 00 00 00 00 00 00 00 00 00 00 00 00 00 FF FF 5F AD FF FF 5F AD AF 99
2026-07-24T17:50:07.809743+00:00 TX 01 03 00 20 00 02 C5 C1
2026-07-24T17:50:07.817745+00:00 RX 01 03 04 00 00 08 F9 3D B1
2026-07-24T17:50:07.819746+00:00 TX 01 03 01 C4 00 01 C4 0B
2026-07-24T17:50:07.826747+00:00 RX 01 03 02 00 00 B8 44
2026-07-24T17:50:07.877279+00:00 TX 01 03 00 00 00 20 44 12
2026-07-24T17:50:07.921790+00:00 RX 01 03 40 00 00 00 00 00 03 00 00 00 03 00 00 00 00 00 00 00 00 00 00 00 00 00 00 00 01 00 00 01 00 05 0A 00 00 00 00 00 00 00 00 00 00 00 00 00 00 00 00 00 00 00 00 00 00 00 00 FF FF 60 AF FF FF 60 AF 43 67
2026-07-24T17:50:07.923790+00:00 TX 01 03 00 20 00 02 C5 C1
2026-07-24T17:50:07.931792+00:00 RX 01 03 04 00 00 08 FA 7D B0
2026-07-24T17:50:07.933793+00:00 TX 01 03 01 C4 00 01 C4 0B
2026-07-24T17:50:07.940794+00:00 RX 01 03 02 00 00 B8 44
2026-07-24T17:50:07.991313+00:00 TX 01 03 00 00 00 20 44 12
2026-07-24T17:50:08.035816+00:00 RX 01 03 40 00 00 00 00 00 03 00 00 00 03 00 00 00 00 00 00 00 00 00 00 00 00 00 00 00 01 00 00 01 00 05 0A 00 00 00 00 00 00 00 00 00 00 00 00 00 00 00 00 00 00 00 00 00 00 00 00 FF FF 5F A1 FF FF 5F A1 BF 9D
2026-07-24T17:50:08.037817+00:00 TX 01 03 00 20 00 02 C5 C1
2026-07-24T17:50:08.046819+00:00 RX 01 03 04 00 00 08 FC FD B2
2026-07-24T17:50:08.049321+00:00 TX 01 03 01 C4 00 01 C4 0B
2026-07-24T17:50:08.055322+00:00 RX 01 03 02 00 00 B8 44
2026-07-24T17:50:08.105832+00:00 TX 01 03 00 00 00 20 44 12
2026-07-24T17:50:08.151892+00:00 RX 01 03 40 00 00 00 00 00 03 00 00 00 03 00 00 00 00 00 00 00 00 00 00 00 00 00 00 00 01 00 00 01 00 05 0A 00 00 00 00 00 00 00 00 00 00 00 00 00 00 00 00 00 00 00 00 00 00 00 00 FF FF 61 D7 FF FF 61 D7 E3 0E
2026-07-24T17:50:08.153892+00:00 TX 01 03 00 20 00 02 C5 C1
2026-07-24T17:50:08.161894+00:00 RX 01 03 04 00 00 08 FD 3C 72
2026-07-24T17:50:08.164895+00:00 TX 01 03 01 C4 00 01 C4 0B
2026-07-24T17:50:08.171897+00:00 RX 01 03 02 00 00 B8 44
2026-07-24T17:50:08.222405+00:00 TX 01 03 00 00 00 20 44 12
2026-07-24T17:50:08.267428+00:00 RX 01 03 40 00 00 00 00 00 03 00 00 00 03 00 00 00 00 00 00 00 00 00 00 00 00 00 00 00 01 00 00 01 00 05 0A 00 00 00 00 00 00 00 00 00 00 00 00 00 00 00 00 00 00 00 00 00 00 00 00 FF FF 60 2B FF FF 60 2B B3 1A
2026-07-24T17:50:08.270428+00:00 TX 01 03 00 20 00 02 C5 C1
2026-07-24T17:50:08.278430+00:00 RX 01 03 04 00 00 08 FE 7C 73
2026-07-24T17:50:08.280430+00:00 TX 01 03 01 C4 00 01 C4 0B
2026-07-24T17:50:08.287432+00:00 RX 01 03 02 00 00 B8 44
2026-07-24T17:50:08.337943+00:00 TX 01 03 00 00 00 20 44 12
2026-07-24T17:50:08.382953+00:00 RX 01 03 40 00 00 00 00 00 03 00 00 00 03 00 00 00 00 00 00 00 00 00 00 00 00 00 00 00 01 00 00 01 00 05 0A 00 00 00 00 00 00 00 00 00 00 00 00 00 00 00 00 00 00 00 00 00 00 00 00 FF FF 5F 2F FF FF 5F 2F 57 E6
2026-07-24T17:50:08.384954+00:00 TX 01 03 00 20 00 02 C5 C1
2026-07-24T17:50:08.392955+00:00 RX 01 03 04 00 00 08 FF BD B3
2026-07-24T17:50:08.395953+00:00 TX 01 03 01 C4 00 01 C4 0B
2026-07-24T17:50:08.402955+00:00 RX 01 03 02 00 00 B8 44
2026-07-24T17:50:08.452966+00:00 TX 01 03 00 00 00 20 44 12
2026-07-24T17:50:08.497474+00:00 RX 01 03 40 00 00 00 00 00 03 00 00 00 03 00 00 00 00 00 00 00 00 00 00 00 00 00 00 00 01 00 00 01 00 05 0A 00 00 00 00 00 00 00 00 00 00 00 00 00 00 00 00 00 00 00 00 00 00 00 00 FF FF 60 E6 FF FF 60 E6 5F 5F
2026-07-24T17:50:08.499475+00:00 TX 01 03 00 20 00 02 C5 C1
2026-07-24T17:50:08.507986+00:00 RX 01 03 04 00 00 09 00 FC 63
2026-07-24T17:50:08.514208+00:00 TX 01 03 01 C4 00 01 C4 0B
2026-07-24T17:50:08.520209+00:00 RX 01 03 02 00 00 B8 44
2026-07-24T17:50:08.570719+00:00 TX 01 03 00 00 00 20 44 12
2026-07-24T17:50:08.615224+00:00 RX 01 03 40 00 00 00 00 00 03 00 00 00 03 00 00 00 00 00 00 00 00 00 00 00 00 00 00 00 01 00 00 01 00 05 0A 00 00 00 00 00 00 00 00 00 00 00 00 00 00 00 00 00 00 00 00 00 00 00 00 FF FF 60 9F FF FF 60 9F 03 77
2026-07-24T17:50:08.618225+00:00 TX 01 03 00 20 00 02 C5 C1
2026-07-24T17:50:08.626227+00:00 RX 01 03 04 00 00 09 01 3D A3
2026-07-24T17:50:08.628731+00:00 TX 01 03 01 C4 00 01 C4 0B
2026-07-24T17:50:08.635252+00:00 RX 01 03 02 00 00 B8 44
2026-07-24T17:50:08.685785+00:00 TX 01 03 00 00 00 20 44 12
2026-07-24T17:50:08.731293+00:00 RX 01 03 40 00 00 00 00 00 03 00 00 00 03 00 00 00 00 00 00 00 00 00 00 00 00 00 00 00 01 00 00 01 00 05 0A 00 00 00 00 00 00 00 00 00 00 00 00 00 00 00 00 00 00 00 00 00 00 00 00 FF FF 60 F4 FF FF 60 F4 67 51
2026-07-24T17:50:08.733293+00:00 TX 01 03 00 20 00 02 C5 C1
2026-07-24T17:50:08.740827+00:00 RX 01 03 04 00 00 09 03 BC 62
2026-07-24T17:50:08.742834+00:00 TX 01 03 01 C4 00 01 C4 0B
2026-07-24T17:50:08.749836+00:00 RX 01 03 02 00 00 B8 44
2026-07-24T17:50:08.800397+00:00 TX 01 03 00 00 00 20 44 12
2026-07-24T17:50:08.845905+00:00 RX 01 03 40 00 00 00 00 00 03 00 00 00 03 00 00 00 00 00 00 00 00 00 00 00 00 00 00 00 01 00 00 01 00 05 0A 00 00 00 00 00 00 00 00 00 00 00 00 00 00 00 00 00 00 00 00 00 00 00 00 FF FF 5F 72 FF FF 5F 72 7B D2
2026-07-24T17:50:08.847905+00:00 TX 01 03 00 20 00 02 C5 C1
2026-07-24T17:50:08.856408+00:00 RX 01 03 04 00 00 09 04 FD A0
2026-07-24T17:50:08.858913+00:00 TX 01 03 01 C4 00 01 C4 0B
2026-07-24T17:50:08.865913+00:00 RX 01 03 02 00 00 B8 44
2026-07-24T17:50:08.916778+00:00 TX 01 03 00 00 00 20 44 12
2026-07-24T17:50:08.961789+00:00 RX 01 03 40 00 00 00 00 00 03 00 00 00 03 00 00 00 00 00 00 00 00 00 00 00 00 00 00 00 01 00 00 01 00 05 0A 00 00 00 00 00 00 00 00 00 00 00 00 00 00 00 00 00 00 00 00 00 00 00 00 FF FF 5D EE FF FF 5D EE AB 25
2026-07-24T17:50:08.963789+00:00 TX 01 03 00 20 00 02 C5 C1
2026-07-24T17:50:08.971791+00:00 RX 01 03 04 00 00 09 05 3C 60
2026-07-24T17:50:08.973791+00:00 TX 01 03 01 C4 00 01 C4 0B
2026-07-24T17:50:08.979793+00:00 RX 01 03 02 00 00 B8 44
2026-07-24T17:50:09.030302+00:00 TX 01 03 00 00 00 20 44 12
2026-07-24T17:50:09.075313+00:00 RX 01 03 40 00 00 00 00 00 03 00 00 00 03 00 00 00 00 00 00 00 00 00 00 00 00 00 00 00 01 00 00 01 00 05 0A 00 00 00 00 00 00 00 00 00 00 00 00 00 00 00 00 00 00 00 00 00 00 00 00 FF FF 5D 6E FF FF 5D 6E AB 5B
2026-07-24T17:50:09.077313+00:00 TX 01 03 00 20 00 02 C5 C1
2026-07-24T17:50:09.085315+00:00 RX 01 03 04 00 00 09 06 7C 61
2026-07-24T17:50:09.087317+00:00 TX 01 03 01 C4 00 01 C4 0B
2026-07-24T17:50:09.093046+00:00 RX 01 03 02 00 00 B8 44
2026-07-24T17:50:09.144268+00:00 TX 01 03 00 00 00 20 44 12
2026-07-24T17:50:09.189306+00:00 RX 01 03 40 00 00 00 00 00 03 00 00 00 03 00 00 00 00 00 00 00 00 00 00 00 00 00 00 00 01 00 00 01 00 05 0A 00 00 00 00 00 00 00 00 00 00 00 00 00 00 00 00 00 00 00 00 00 00 00 00 FF FF 5D 2B FF FF 5D 2B A7 67
2026-07-24T17:50:09.191307+00:00 TX 01 03 00 20 00 02 C5 C1
2026-07-24T17:50:09.198305+00:00 RX 01 03 04 00 00 09 07 BD A1
2026-07-24T17:50:09.200306+00:00 TX 01 03 01 C4 00 01 C4 0B
2026-07-24T17:50:09.207307+00:00 RX 01 03 02 00 00 B8 44
2026-07-24T17:50:09.257319+00:00 TX 01 03 00 00 00 20 44 12
2026-07-24T17:50:09.301828+00:00 RX 01 03 40 00 00 00 00 00 03 00 00 00 03 00 00 00 00 00 00 00 00 00 00 00 00 00 00 00 01 00 00 01 00 05 0A 00 00 00 00 00 00 00 00 00 00 00 00 00 00 00 00 00 00 00 00 00 00 00 00 FF FF 5F 1E FF FF 5F 1E EB F6
2026-07-24T17:50:09.304829+00:00 TX 01 03 00 20 00 02 C5 C1
2026-07-24T17:50:09.312987+00:00 RX 01 03 04 00 00 09 08 FD A5
2026-07-24T17:50:09.315640+00:00 TX 01 03 01 C4 00 01 C4 0B
2026-07-24T17:50:09.322274+00:00 RX 01 03 02 00 00 B8 44
2026-07-24T17:50:09.372319+00:00 TX 01 03 00 00 00 20 44 12
2026-07-24T17:50:09.417832+00:00 RX 01 03 40 00 00 00 00 00 03 00 00 00 03 00 00 00 00 00 00 00 00 00 00 00 00 00 00 00 01 00 00 01 00 05 0A 00 00 00 00 00 00 00 00 00 00 00 00 00 00 00 00 00 00 00 00 00 00 00 00 FF FF 60 05 FF FF 60 05 DB 00
2026-07-24T17:50:09.419832+00:00 TX 01 03 00 20 00 02 C5 C1
2026-07-24T17:50:09.428835+00:00 RX 01 03 04 00 00 09 0A 7C 64
2026-07-24T17:50:09.430835+00:00 TX 01 03 01 C4 00 01 C4 0B
2026-07-24T17:50:09.437833+00:00 RX 01 03 02 00 00 B8 44
2026-07-24T17:50:09.487861+00:00 TX 01 03 00 00 00 20 44 12
2026-07-24T17:50:09.532399+00:00 RX 01 03 40 00 00 00 00 00 03 00 00 00 03 00 00 00 00 00 00 00 00 00 00 00 00 00 00 00 01 00 00 01 00 05 0A 00 00 00 00 00 00 00 00 00 00 00 00 00 00 00 00 00 00 00 00 00 00 00 00 FF FF 60 CD FF FF 60 CD 3B 46
2026-07-24T17:50:09.534400+00:00 TX 01 03 00 20 00 02 C5 C1
2026-07-24T17:50:09.541401+00:00 RX 01 03 04 00 00 09 0B BD A4
2026-07-24T17:50:09.544402+00:00 TX 01 03 01 C4 00 01 C4 0B
2026-07-24T17:50:09.550403+00:00 RX 01 03 02 00 00 B8 44
2026-07-24T17:50:09.600411+00:00 TX 01 03 00 00 00 20 44 12
2026-07-24T17:50:09.646023+00:00 RX 01 03 40 00 00 00 00 00 03 00 00 00 03 00 00 00 00 00 00 00 00 00 00 00 00 00 00 00 01 00 00 01 00 05 0A 00 00 00 00 00 00 00 00 00 00 00 00 00 00 00 00 00 00 00 00 00 00 00 00 FF FF 64 18 FF FF 64 18 F4 4F
2026-07-24T17:50:09.648023+00:00 TX 01 03 00 20 00 02 C5 C1
2026-07-24T17:50:09.655535+00:00 RX 01 03 04 00 00 09 0C FC 66
2026-07-24T17:50:09.658534+00:00 TX 01 03 01 C4 00 01 C4 0B
2026-07-24T17:50:09.665038+00:00 RX 01 03 02 00 00 B8 44
2026-07-24T17:50:09.715547+00:00 TX 01 03 00 00 00 20 44 12
2026-07-24T17:50:09.760123+00:00 RX 01 03 40 00 00 00 00 00 03 00 00 00 03 00 00 00 00 00 00 00 00 00 00 00 00 00 00 00 01 00 00 01 00 05 0A 00 00 00 00 00 00 00 00 00 00 00 00 00 00 00 00 00 00 00 00 00 00 00 00 FF FF 63 31 FF FF 63 31 6B D0
2026-07-24T17:50:09.762124+00:00 TX 01 03 00 20 00 02 C5 C1
2026-07-24T17:50:09.770125+00:00 RX 01 03 04 00 00 09 0D 3D A6
2026-07-24T17:50:09.773125+00:00 TX 01 03 01 C4 00 01 C4 0B
2026-07-24T17:50:09.779127+00:00 RX 01 03 02 00 00 B8 44
2026-07-24T17:50:09.830637+00:00 TX 01 03 00 00 00 20 44 12
2026-07-24T17:50:09.877377+00:00 RX 01 03 40 00 00 00 00 00 03 00 00 00 03 00 00 00 00 00 00 00 00 00 00 00 00 00 00 00 01 00 00 01 00 05 0A 00 00 00 00 00 00 00 00 00 00 00 00 00 00 00 00 00 00 00 00 00 00 00 00 FF FF 63 A2 FF FF 63 A2 AF A0
2026-07-24T17:50:09.877377+00:00 TX 01 03 00 20 00 02 C5 C1
2026-07-24T17:50:09.886380+00:00 RX 01 03 04 00 00 09 0E 7D A7
2026-07-24T17:50:09.888380+00:00 TX 01 03 01 C4 00 01 C4 0B
2026-07-24T17:50:09.894381+00:00 RX 01 03 02 00 00 B8 44
2026-07-24T17:50:09.944891+00:00 TX 01 03 00 00 00 20 44 12
2026-07-24T17:50:09.989902+00:00 RX 01 03 40 00 00 00 00 00 03 00 00 00 03 00 00 00 00 00 00 00 00 00 00 00 00 00 00 00 01 00 00 01 00 05 0A 00 00 00 00 00 00 00 00 00 00 00 00 00 00 00 00 00 00 00 00 00 00 00 00 FF FF 62 7E FF FF 62 7E 7F AB
2026-07-24T17:50:09.991902+00:00 TX 01 03 00 20 00 02 C5 C1
2026-07-24T17:50:09.999901+00:00 RX 01 03 04 00 00 09 0F BC 67
2026-07-24T17:50:10.001901+00:00 TX 01 03 01 C4 00 01 C4 0B
2026-07-24T17:50:10.008903+00:00 RX 01 03 02 00 00 B8 44
2026-07-24T17:50:10.058928+00:00 TX 01 03 00 00 00 20 44 12
2026-07-24T17:50:10.103614+00:00 RX 01 03 40 00 00 00 00 00 03 00 00 00 03 00 00 00 00 00 00 00 00 00 00 00 00 00 00 00 01 00 00 01 00 05 0A 00 00 00 00 00 00 00 00 00 00 00 00 00 00 00 00 00 00 00 00 00 00 00 00 FF FF 61 F9 FF FF 61 F9 8B 14
2026-07-24T17:50:10.105615+00:00 TX 01 03 00 20 00 02 C5 C1
2026-07-24T17:50:10.112663+00:00 RX 01 03 04 00 00 09 11 3C 6F
2026-07-24T17:50:10.115170+00:00 TX 01 03 01 C4 00 01 C4 0B
2026-07-24T17:50:10.121171+00:00 RX 01 03 02 00 00 B8 44
2026-07-24T17:50:10.171981+00:00 TX 01 03 00 00 00 20 44 12
2026-07-24T17:50:10.217044+00:00 RX 01 03 40 00 00 00 00 00 03 00 00 00 03 00 00 00 00 00 00 00 00 00 00 00 00 00 00 00 01 00 00 01 00 05 0A 00 00 00 00 00 00 00 00 00 00 00 00 00 00 00 00 00 00 00 00 00 00 00 00 FF FF 63 B3 FF FF 63 B3 93 AF
2026-07-24T17:50:10.219045+00:00 TX 01 03 00 20 00 02 C5 C1
2026-07-24T17:50:10.227047+00:00 RX 01 03 04 00 00 09 12 7C 6E
2026-07-24T17:50:10.230047+00:00 TX 01 03 01 C4 00 01 C4 0B
2026-07-24T17:50:10.236049+00:00 RX 01 03 02 00 00 B8 44
2026-07-24T17:50:10.287060+00:00 TX 01 03 00 00 00 20 44 12
2026-07-24T17:50:10.331541+00:00 RX 01 03 40 00 00 00 00 00 03 00 00 00 03 00 00 00 00 00 00 00 00 00 00 00 00 00 00 00 01 00 00 01 00 05 0A 00 00 00 00 00 00 00 00 00 00 00 00 00 00 00 00 00 00 00 00 00 00 00 00 FF FF 64 2D FF FF 64 2D B8 5C
2026-07-24T17:50:10.334542+00:00 TX 01 03 00 20 00 02 C5 C1
2026-07-24T17:50:10.342402+00:00 RX 01 03 04 00 00 09 13 BD AE
2026-07-24T17:50:10.345400+00:00 TX 01 03 01 C4 00 01 C4 0B
2026-07-24T17:50:10.351401+00:00 RX 01 03 02 00 00 B8 44
2026-07-24T17:50:10.401410+00:00 TX 01 03 00 00 00 20 44 12
2026-07-24T17:50:10.446919+00:00 RX 01 03 40 00 00 00 00 00 03 00 00 00 03 00 00 00 00 00 00 00 00 00 00 00 00 00 00 00 01 00 00 01 00 05 0A 00 00 00 00 00 00 00 00 00 00 00 00 00 00 00 00 00 00 00 00 00 00 00 00 FF FF 61 41 FF FF 61 41 2B 7D
2026-07-24T17:50:10.448920+00:00 TX 01 03 00 20 00 02 C5 C1
2026-07-24T17:50:10.456433+00:00 RX 01 03 04 00 00 09 14 FC 6C
2026-07-24T17:50:10.459433+00:00 TX 01 03 01 C4 00 01 C4 0B
2026-07-24T17:50:10.465936+00:00 RX 01 03 02 00 00 B8 44
2026-07-24T17:50:10.517477+00:00 TX 01 03 00 00 00 20 44 12
2026-07-24T17:50:10.561986+00:00 RX 01 03 40 00 00 00 00 00 03 00 00 00 03 00 00 00 00 00 00 00 00 00 00 00 00 00 00 00 01 00 00 01 00 05 0A 00 00 00 00 00 00 00 00 00 00 00 00 00 00 00 00 00 00 00 00 00 00 00 00 FF FF 61 D8 FF FF 61 D8 F7 0B
2026-07-24T17:50:10.563986+00:00 TX 01 03 00 20 00 02 C5 C1
2026-07-24T17:50:10.570987+00:00 RX 01 03 04 00 00 09 15 3D AC
2026-07-24T17:50:10.573988+00:00 TX 01 03 01 C4 00 01 C4 0B
2026-07-24T17:50:10.579989+00:00 RX 01 03 02 00 00 B8 44
2026-07-24T17:50:10.631035+00:00 TX 01 03 00 00 00 20 44 12
2026-07-24T17:50:10.675569+00:00 RX 01 03 40 00 00 00 00 00 03 00 00 00 03 00 00 00 00 00 00 00 00 00 00 00 00 00 00 00 01 00 00 01 00 05 0A 00 00 00 00 00 00 00 00 00 00 00 00 00 00 00 00 00 00 00 00 00 00 00 00 FF FF 62 48 FF FF 62 48 37 B9
2026-07-24T17:50:10.678570+00:00 TX 01 03 00 20 00 02 C5 C1
2026-07-24T17:50:10.687086+00:00 RX 01 03 04 00 00 09 16 7D AD
2026-07-24T17:50:10.689086+00:00 TX 01 03 01 C4 00 01 C4 0B
2026-07-24T17:50:10.695088+00:00 RX 01 03 02 00 00 B8 44
2026-07-24T17:50:10.745805+00:00 TX 01 03 00 00 00 20 44 12
2026-07-24T17:50:10.791849+00:00 RX 01 03 40 00 00 00 00 00 03 00 00 00 03 00 00 00 00 00 00 00 00 00 00 00 00 00 00 00 01 00 00 01 00 05 0A 00 00 00 00 00 00 00 00 00 00 00 00 00 00 00 00 00 00 00 00 00 00 00 00 FF FF 62 66 FF FF 62 66 5F A3
2026-07-24T17:50:10.793850+00:00 TX 01 03 00 20 00 02 C5 C1
2026-07-24T17:50:10.801852+00:00 RX 01 03 04 00 00 09 18 FC 69
2026-07-24T17:50:10.804849+00:00 TX 01 03 01 C4 00 01 C4 0B
2026-07-24T17:50:10.811851+00:00 RX 01 03 02 00 00 B8 44
2026-07-24T17:50:10.862373+00:00 TX 01 03 00 00 00 20 44 12
2026-07-24T17:50:10.907379+00:00 RX 01 03 40 00 00 00 00 00 03 00 00 00 03 00 00 00 00 00 00 00 00 00 00 00 00 00 00 00 01 00 00 01 00 05 0A 00 00 00 00 00 00 00 00 00 00 00 00 00 00 00 00 00 00 00 00 00 00 00 00 FF FF 61 91 FF FF 61 91 EB 33
2026-07-24T17:50:10.909390+00:00 TX 01 03 00 20 00 02 C5 C1
2026-07-24T17:50:10.916417+00:00 RX 01 03 04 00 00 09 19 3D A9
2026-07-24T17:50:10.919918+00:00 TX 01 03 01 C4 00 01 C4 0B
2026-07-24T17:50:10.926920+00:00 RX 01 03 02 00 00 B8 44
2026-07-24T17:50:10.976932+00:00 TX 01 03 00 00 00 20 44 12
2026-07-24T17:50:11.021442+00:00 RX 01 03 40 00 00 00 00 00 03 00 00 00 03 00 00 00 00 00 00 00 00 00 00 00 00 00 00 00 01 00 00 01 00 05 0A 00 00 00 00 00 00 00 00 00 00 00 00 00 00 00 00 00 00 00 00 00 00 00 00 FF FF 61 01 FF FF 61 01 2B 42
2026-07-24T17:50:11.024442+00:00 TX 01 03 00 20 00 02 C5 C1
2026-07-24T17:50:11.032138+00:00 RX 01 03 04 00 00 09 1A 7D A8
2026-07-24T17:50:11.034138+00:00 TX 01 03 01 C4 00 01 C4 0B
2026-07-24T17:50:11.040137+00:00 RX 01 03 02 00 00 B8 44
2026-07-24T17:50:11.092152+00:00 TX 01 03 00 00 00 20 44 12
2026-07-24T17:50:11.136191+00:00 RX 01 03 40 00 00 00 00 00 03 00 00 00 03 00 00 00 00 00 00 00 00 00 00 00 00 00 00 00 01 00 00 01 00 05 0A 00 00 00 00 00 00 00 00 00 00 00 00 00 00 00 00 00 00 00 00 00 00 00 00 FF FF 61 2E FF FF 61 2E BF 58
2026-07-24T17:50:11.139191+00:00 TX 01 03 00 20 00 02 C5 C1
2026-07-24T17:50:11.147246+00:00 RX 01 03 04 00 00 09 1B BC 68
2026-07-24T17:50:11.149247+00:00 TX 01 03 01 C4 00 01 C4 0B
2026-07-24T17:50:11.155248+00:00 RX 01 03 02 00 00 B8 44
2026-07-24T17:50:11.205257+00:00 TX 01 03 00 00 00 20 44 12
2026-07-24T17:50:11.249766+00:00 RX 01 03 40 00 00 00 00 00 03 00 00 00 03 00 00 00 00 00 00 00 00 00 00 00 00 00 00 00 01 00 00 01 00 05 0A 00 00 00 00 00 00 00 00 00 00 00 00 00 00 00 00 00 00 00 00 00 00 00 00 FF FF 60 A2 FF FF 60 A2 AF 63
2026-07-24T17:50:11.252272+00:00 TX 01 03 00 20 00 02 C5 C1
2026-07-24T17:50:11.260793+00:00 RX 01 03 04 00 00 09 1C FD AA
2026-07-24T17:50:11.263790+00:00 TX 01 03 01 C4 00 01 C4 0B
2026-07-24T17:50:11.270791+00:00 RX 01 03 02 00 00 B8 44
2026-07-24T17:50:11.321302+00:00 TX 01 03 00 00 00 20 44 12
2026-07-24T17:50:11.366312+00:00 RX 01 03 40 00 00 00 00 00 03 00 00 00 03 00 00 00 00 00 00 00 00 00 00 00 00 00 00 00 01 00 00 01 00 05 0A 00 00 00 00 00 00 00 00 00 00 00 00 00 00 00 00 00 00 00 00 00 00 00 00 FF FF 62 2F FF FF 62 2F 43 9B
2026-07-24T17:50:11.368314+00:00 TX 01 03 00 20 00 02 C5 C1
2026-07-24T17:50:11.376314+00:00 RX 01 03 04 00 00 09 1D 3C 6A
2026-07-24T17:50:11.378315+00:00 TX 01 03 01 C4 00 01 C4 0B
2026-07-24T17:50:11.384317+00:00 RX 01 03 02 00 00 B8 44
2026-07-24T17:50:11.434827+00:00 TX 01 03 00 00 00 20 44 12
2026-07-24T17:50:11.479860+00:00 RX 01 03 40 00 00 00 00 00 03 00 00 00 03 00 00 00 00 00 00 00 00 00 00 00 00 00 00 00 01 00 00 01 00 05 0A 00 00 00 00 00 00 00 00 00 00 00 00 00 00 00 00 00 00 00 00 00 00 00 00 FF FF 64 05 FF FF 64 05 D8 44
2026-07-24T17:50:11.481860+00:00 TX 01 03 00 20 00 02 C5 C1
2026-07-24T17:50:11.490859+00:00 RX 01 03 04 00 00 09 1F BD AB
2026-07-24T17:50:11.492859+00:00 TX 01 03 01 C4 00 01 C4 0B
2026-07-24T17:50:11.499861+00:00 RX 01 03 02 00 00 B8 44
2026-07-24T17:50:11.550435+00:00 TX 01 03 00 00 00 20 44 12
2026-07-24T17:50:11.595446+00:00 RX 01 03 40 00 00 00 00 00 03 00 00 00 03 00 00 00 00 00 00 00 00 00 00 00 00 00 00 00 01 00 00 01 00 05 0A 00 00 00 00 00 00 00 00 00 00 00 00 00 00 00 00 00 00 00 00 00 00 00 00 FF FF 62 4E FF FF 62 4E 3F BB
2026-07-24T17:50:11.597446+00:00 TX 01 03 00 20 00 02 C5 C1
2026-07-24T17:50:11.605445+00:00 RX 01 03 04 00 00 09 20 FD BB
2026-07-24T17:50:11.608445+00:00 TX 01 03 01 C4 00 01 C4 0B
2026-07-24T17:50:11.614447+00:00 RX 01 03 02 00 00 B8 44
2026-07-24T17:50:11.665717+00:00 TX 01 03 00 00 00 20 44 12
2026-07-24T17:50:11.710724+00:00 RX 01 03 40 00 00 00 00 00 03 00 00 00 03 00 00 00 00 00 00 00 00 00 00 00 00 00 00 00 01 00 00 01 00 05 0A 00 00 00 00 00 00 00 00 00 00 00 00 00 00 00 00 00 00 00 00 00 00 00 00 FF FF 5F B6 FF FF 5F B6 8B 90
2026-07-24T17:50:11.712724+00:00 TX 01 03 00 20 00 02 C5 C1
2026-07-24T17:50:11.720231+00:00 RX 01 03 04 00 00 09 21 3C 7B
2026-07-24T17:50:11.724229+00:00 TX 01 03 01 C4 00 01 C4 0B
2026-07-24T17:50:11.731232+00:00 RX 01 03 02 00 00 B8 44
2026-07-24T17:50:11.781814+00:00 TX 01 03 00 00 00 20 44 12
2026-07-24T17:50:11.827323+00:00 RX 01 03 40 00 00 00 00 00 03 00 00 00 03 00 00 00 00 00 00 00 00 00 00 00 00 00 00 00 01 00 00 01 00 05 0A 00 00 00 00 00 00 00 00 00 00 00 00 00 00 00 00 00 00 00 00 00 00 00 00 FF FF 60 88 FF FF 60 88 37 7A
2026-07-24T17:50:11.829324+00:00 TX 01 03 00 20 00 02 C5 C1
2026-07-24T17:50:11.837326+00:00 RX 01 03 04 00 00 09 22 7C 7A
2026-07-24T17:50:11.840323+00:00 TX 01 03 01 C4 00 01 C4 0B
2026-07-24T17:50:11.847325+00:00 RX 01 03 02 00 00 B8 44
2026-07-24T17:50:11.897339+00:00 TX 01 03 00 00 00 20 44 12
2026-07-24T17:50:11.941846+00:00 RX 01 03 40 00 00 00 00 00 03 00 00 00 03 00 00 00 00 00 00 00 00 00 00 00 00 00 00 00 01 00 00 01 00 05 0A 00 00 00 00 00 00 00 00 00 00 00 00 00 00 00 00 00 00 00 00 00 00 00 00 FF FF 61 10 FF FF 61 10 17 4D
2026-07-24T17:50:11.943847+00:00 TX 01 03 00 20 00 02 C5 C1
2026-07-24T17:50:11.951849+00:00 RX 01 03 04 00 00 09 23 BD BA
2026-07-24T17:50:11.953849+00:00 TX 01 03 01 C4 00 01 C4 0B
2026-07-24T17:50:11.960851+00:00 RX 01 03 02 00 00 B8 44
2026-07-24T17:50:12.011426+00:00 TX 01 03 00 00 00 20 44 12
2026-07-24T17:50:12.056435+00:00 RX 01 03 40 00 00 00 00 00 03 00 00 00 03 00 00 00 00 00 00 00 00 00 00 00 00 00 00 00 01 00 00 01 00 05 0A 00 00 00 00 00 00 00 00 00 00 00 00 00 00 00 00 00 00 00 00 00 00 00 00 FF FF 61 00 FF FF 61 00 D7 42
2026-07-24T17:50:12.058436+00:00 TX 01 03 00 20 00 02 C5 C1
2026-07-24T17:50:12.066939+00:00 RX 01 03 04 00 00 09 25 3D B8
2026-07-24T17:50:12.068940+00:00 TX 01 03 01 C4 00 01 C4 0B
2026-07-24T17:50:12.074941+00:00 RX 01 03 02 00 00 B8 44
2026-07-24T17:50:12.126167+00:00 TX 01 03 00 00 00 20 44 12
2026-07-24T17:50:12.172170+00:00 RX 01 03 40 00 00 00 00 00 03 00 00 00 03 00 00 00 00 00 00 00 00 00 00 00 00 00 00 00 01 00 00 01 00 05 0A 00 00 00 00 00 00 00 00 00 00 00 00 00 00 00 00 00 00 00 00 00 00 00 00 FF FF 63 4C FF FF 63 4C C7 FB
2026-07-24T17:50:12.174222+00:00 TX 01 03 00 20 00 02 C5 C1
2026-07-24T17:50:12.181779+00:00 RX 01 03 04 00 00 09 26 7D B9
2026-07-24T17:50:12.183779+00:00 TX 01 03 01 C4 00 01 C4 0B
2026-07-24T17:50:12.189781+00:00 RX 01 03 02 00 00 B8 44
2026-07-24T17:50:12.241287+00:00 TX 01 03 00 00 00 20 44 12
2026-07-24T17:50:12.286300+00:00 RX 01 03 40 00 00 00 00 00 03 00 00 00 03 00 00 00 00 00 00 00 00 00 00 00 00 00 00 00 01 00 00 01 00 05 0A 00 00 00 00 00 00 00 00 00 00 00 00 00 00 00 00 00 00 00 00 00 00 00 00 FF FF 62 82 FF FF 62 82 2F FE
2026-07-24T17:50:12.288300+00:00 TX 01 03 00 20 00 02 C5 C1
2026-07-24T17:50:12.296302+00:00 RX 01 03 04 00 00 09 27 BC 79
2026-07-24T17:50:12.298805+00:00 TX 01 03 01 C4 00 01 C4 0B
2026-07-24T17:50:12.305807+00:00 RX 01 03 02 00 00 B8 44
2026-07-24T17:50:12.356718+00:00 TX 01 03 00 00 00 20 44 12
2026-07-24T17:50:12.401728+00:00 RX 01 03 40 00 00 00 00 00 03 00 00 00 03 00 00 00 00 00 00 00 00 00 00 00 00 00 00 00 01 00 00 01 00 05 0A 00 00 00 00 00 00 00 00 00 00 00 00 00 00 00 00 00 00 00 00 00 00 00 00 FF FF 64 6C FF FF 64 6C 44 63
2026-07-24T17:50:12.403728+00:00 TX 01 03 00 20 00 02 C5 C1
2026-07-24T17:50:12.411727+00:00 RX 01 03 04 00 00 09 28 FC 7D
2026-07-24T17:50:12.413728+00:00 TX 01 03 01 C4 00 01 C4 0B
2026-07-24T17:50:12.419729+00:00 RX 01 03 02 00 00 B8 44
2026-07-24T17:50:12.470288+00:00 TX 01 03 00 00 00 20 44 12
2026-07-24T17:50:12.514792+00:00 RX 01 03 40 00 00 00 00 00 03 00 00 00 03 00 00 00 00 00 00 00 00 00 00 00 00 00 00 00 01 00 00 01 00 05 0A 00 00 00 00 00 00 00 00 00 00 00 00 00 00 00 00 00 00 00 00 00 00 00 00 FF FF 63 46 FF FF 63 46 DF FD
2026-07-24T17:50:12.516793+00:00 TX 01 03 00 20 00 02 C5 C1
2026-07-24T17:50:12.524292+00:00 RX 01 03 04 00 00 09 29 3D BD
2026-07-24T17:50:12.527293+00:00 TX 01 03 01 C4 00 01 C4 0B
2026-07-24T17:50:12.534294+00:00 RX 01 03 02 00 00 B8 44
2026-07-24T17:50:12.584844+00:00 TX 01 03 00 00 00 20 44 12
2026-07-24T17:50:12.629138+00:00 RX 01 03 40 00 00 00 00 00 03 00 00 00 03 00 00 00 00 00 00 00 00 00 00 00 00 00 00 00 01 00 00 01 00 05 0A 00 00 00 00 00 00 00 00 00 00 00 00 00 00 00 00 00 00 00 00 00 00 00 00 FF FF 62 67 FF FF 62 67 A3 A3
2026-07-24T17:50:12.632135+00:00 TX 01 03 00 20 00 02 C5 C1
2026-07-24T17:50:12.640137+00:00 RX 01 03 04 00 00 09 2A 7D BC
2026-07-24T17:50:12.643135+00:00 TX 01 03 01 C4 00 01 C4 0B
2026-07-24T17:50:12.649136+00:00 RX 01 03 02 00 00 B8 44
2026-07-24T17:50:12.699150+00:00 TX 01 03 00 00 00 20 44 12
2026-07-24T17:50:12.744196+00:00 RX 01 03 40 00 00 00 00 00 03 00 00 00 03 00 00 00 00 00 00 00 00 00 00 00 00 00 00 00 01 00 00 01 00 05 0A 00 00 00 00 00 00 00 00 00 00 00 00 00 00 00 00 00 00 00 00 00 00 00 00 FF FF 61 70 FF FF 61 70 97 6D
2026-07-24T17:50:12.746198+00:00 TX 01 03 00 20 00 02 C5 C1
2026-07-24T17:50:12.754228+00:00 RX 01 03 04 00 00 09 2C FD BE
2026-07-24T17:50:12.756229+00:00 TX 01 03 01 C4 00 01 C4 0B
2026-07-24T17:50:12.762230+00:00 RX 01 03 02 00 00 B8 44
2026-07-24T17:50:12.812739+00:00 TX 01 03 00 00 00 20 44 12
2026-07-24T17:50:12.857749+00:00 RX 01 03 40 00 00 00 00 00 03 00 00 00 03 00 00 00 00 00 00 00 00 00 00 00 00 00 00 00 01 00 00 01 00 05 0A 00 00 00 00 00 00 00 00 00 00 00 00 00 00 00 00 00 00 00 00 00 00 00 00 FF FF 62 E4 FF FF 62 E4 A7 DC
2026-07-24T17:50:12.859749+00:00 TX 01 03 00 20 00 02 C5 C1
2026-07-24T17:50:12.868291+00:00 RX 01 03 04 00 00 09 2D 3C 7E
2026-07-24T17:50:12.870292+00:00 TX 01 03 01 C4 00 01 C4 0B
2026-07-24T17:50:12.877294+00:00 RX 01 03 02 00 00 B8 44
2026-07-24T17:50:12.927804+00:00 TX 01 03 00 00 00 20 44 12
2026-07-24T17:50:12.972844+00:00 RX 01 03 40 00 00 00 00 00 03 00 00 00 03 00 00 00 00 00 00 00 00 00 00 00 00 00 00 00 01 00 00 01 00 05 0A 00 00 00 00 00 00 00 00 00 00 00 00 00 00 00 00 00 00 00 00 00 00 00 00 FF FF 62 A0 FF FF 62 A0 57 E0
2026-07-24T17:50:12.974844+00:00 TX 01 03 00 20 00 02 C5 C1
2026-07-24T17:50:12.982846+00:00 RX 01 03 04 00 00 09 2E 7C 7F
2026-07-24T17:50:12.984846+00:00 TX 01 03 01 C4 00 01 C4 0B
2026-07-24T17:50:12.991848+00:00 RX 01 03 02 00 00 B8 44
2026-07-24T17:50:13.042354+00:00 TX 01 03 00 00 00 20 44 12
2026-07-24T17:50:13.087405+00:00 RX 01 03 40 00 00 00 00 00 03 00 00 00 03 00 00 00 00 00 00 00 00 00 00 00 00 00 00 00 01 00 00 01 00 05 0A 00 00 00 00 00 00 00 00 00 00 00 00 00 00 00 00 00 00 00 00 00 00 00 00 FF FF 62 8D FF FF 62 8D 3B FB
2026-07-24T17:50:13.089405+00:00 TX 01 03 00 20 00 02 C5 C1
2026-07-24T17:50:13.097404+00:00 RX 01 03 04 00 00 09 2F BD BF
2026-07-24T17:50:13.099404+00:00 TX 01 03 01 C4 00 01 C4 0B
2026-07-24T17:50:13.106406+00:00 RX 01 03 02 00 00 B8 44
2026-07-24T17:50:13.156820+00:00 TX 01 03 00 00 00 20 44 12
2026-07-24T17:50:13.202351+00:00 RX 01 03 40 00 00 00 00 00 03 00 00 00 03 00 00 00 00 00 00 00 00 00 00 00 00 00 00 00 01 00 00 01 00 05 0A 00 00 00 00 00 00 00 00 00 00 00 00 00 00 00 00 00 00 00 00 00 00 00 00 FF FF 64 5C FF FF 64 5C 04 73
2026-07-24T17:50:13.205352+00:00 TX 01 03 00 20 00 02 C5 C1
2026-07-24T17:50:13.213349+00:00 RX 01 03 04 00 00 09 30 FC 77
2026-07-24T17:50:13.215350+00:00 TX 01 03 01 C4 00 01 C4 0B
2026-07-24T17:50:13.221352+00:00 RX 01 03 02 00 00 B8 44
2026-07-24T17:50:13.272872+00:00 TX 01 03 00 00 00 20 44 12
2026-07-24T17:50:13.317880+00:00 RX 01 03 40 00 00 00 00 00 03 00 00 00 03 00 00 00 00 00 00 00 00 00 00 00 00 00 00 00 01 00 00 01 00 05 0A 00 00 00 00 00 00 00 00 00 00 00 00 00 00 00 00 00 00 00 00 00 00 00 00 FF FF 61 5B FF FF 61 5B F3 74
2026-07-24T17:50:13.320880+00:00 TX 01 03 00 20 00 02 C5 C1
2026-07-24T17:50:13.328384+00:00 RX 01 03 04 00 00 09 31 3D B7
2026-07-24T17:50:13.330385+00:00 TX 01 03 01 C4 00 01 C4 0B
2026-07-24T17:50:13.336385+00:00 RX 01 03 02 00 00 B8 44
2026-07-24T17:50:13.387397+00:00 TX 01 03 00 00 00 20 44 12
2026-07-24T17:50:13.431413+00:00 RX 01 03 40 00 00 00 00 00 03 00 00 00 03 00 00 00 00 00 00 00 00 00 00 00 00 00 00 00 01 00 00 01 00 05 0A 00 00 00 00 00 00 00 00 00 00 00 00 00 00 00 00 00 00 00 00 00 00 00 00 FF FF 60 06 FF FF 60 06 DF 01
2026-07-24T17:50:13.434414+00:00 TX 01 03 00 20 00 02 C5 C1
2026-07-24T17:50:13.442412+00:00 RX 01 03 04 00 00 09 33 BC 76
2026-07-24T17:50:13.444413+00:00 TX 01 03 01 C4 00 01 C4 0B
2026-07-24T17:50:13.450414+00:00 RX 01 03 02 00 00 B8 44
2026-07-24T17:50:13.501440+00:00 TX 01 03 00 00 00 20 44 12
2026-07-24T17:50:13.546509+00:00 RX 01 03 40 00 00 00 00 00 03 00 00 00 03 00 00 00 00 00 00 00 00 00 00 00 00 00 00 00 01 00 00 01 00 05 0A 00 00 00 00 00 00 00 00 00 00 00 00 00 00 00 00 00 00 00 00 00 00 00 00 FF FF 5D 98 FF FF 5D 98 E3 08
2026-07-24T17:50:13.548510+00:00 TX 01 03 00 20 00 02 C5 C1
2026-07-24T17:50:13.556511+00:00 RX 01 03 04 00 00 09 34 FD B4
2026-07-24T17:50:13.558512+00:00 TX 01 03 01 C4 00 01 C4 0B
2026-07-24T17:50:13.564513+00:00 RX 01 03 02 00 00 B8 44
2026-07-24T17:50:13.614955+00:00 TX 01 03 00 00 00 20 44 12
2026-07-24T17:50:13.660039+00:00 RX 01 03 40 00 00 00 00 00 03 00 00 00 03 00 00 00 00 00 00 00 00 00 00 00 00 00 00 00 01 00 00 01 00 05 0A 00 00 00 00 00 00 00 00 00 00 00 00 00 00 00 00 00 00 00 00 00 00 00 00 FF FF 5E 6E FF FF 5E 6E AB 98
2026-07-24T17:50:13.662040+00:00 TX 01 03 00 20 00 02 C5 C1
2026-07-24T17:50:13.670539+00:00 RX 01 03 04 00 00 09 35 3C 74
2026-07-24T17:50:13.672540+00:00 TX 01 03 01 C4 00 01 C4 0B
2026-07-24T17:50:13.678542+00:00 RX 01 03 02 00 00 B8 44
2026-07-24T17:50:13.728555+00:00 TX 01 03 00 00 00 20 44 12
2026-07-24T17:50:13.773143+00:00 RX 01 03 40 00 00 00 00 00 03 00 00 00 03 00 00 00 00 00 00 00 00 00 00 00 00 00 00 00 01 00 00 01 00 05 0A 00 00 00 00 00 00 00 00 00 00 00 00 00 00 00 00 00 00 00 00 00 00 00 00 FF FF 5E E2 FF FF 5E E2 BB E2
2026-07-24T17:50:13.777143+00:00 TX 01 03 00 20 00 02 C5 C1
2026-07-24T17:50:13.785145+00:00 RX 01 03 04 00 00 09 36 7C 75
2026-07-24T17:50:13.787146+00:00 TX 01 03 01 C4 00 01 C4 0B
2026-07-24T17:50:13.793147+00:00 RX 01 03 02 00 00 B8 44
2026-07-24T17:50:13.843711+00:00 TX 01 03 00 00 00 20 44 12
2026-07-24T17:50:13.888760+00:00 RX 01 03 40 00 00 00 00 00 03 00 00 00 03 00 00 00 00 00 00 00 00 00 00 00 00 00 00 00 01 00 00 01 00 05 0A 00 00 00 00 00 00 00 00 00 00 00 00 00 00 00 00 00 00 00 00 00 00 00 00 FF FF 61 31 FF FF 61 31 6B 52
2026-07-24T17:50:13.890760+00:00 TX 01 03 00 20 00 02 C5 C1
2026-07-24T17:50:13.898762+00:00 RX 01 03 04 00 00 09 37 BD B5
2026-07-24T17:50:13.900762+00:00 TX 01 03 01 C4 00 01 C4 0B
2026-07-24T17:50:13.907764+00:00 RX 01 03 02 00 00 B8 44
2026-07-24T17:50:13.958273+00:00 TX 01 03 00 00 00 20 44 12
2026-07-24T17:50:14.003005+00:00 RX 01 03 40 00 00 00 00 00 03 00 00 00 03 00 00 00 00 00 00 00 00 00 00 00 00 00 00 00 01 00 00 01 00 05 0A 00 00 00 00 00 00 00 00 00 00 00 00 00 00 00 00 00 00 00 00 00 00 00 00 FF FF 60 E2 FF FF 60 E2 AF 5C
2026-07-24T17:50:14.006006+00:00 TX 01 03 00 20 00 02 C5 C1
2026-07-24T17:50:14.013004+00:00 RX 01 03 04 00 00 09 38 FD B1
2026-07-24T17:50:14.016005+00:00 TX 01 03 01 C4 00 01 C4 0B
2026-07-24T17:50:14.022006+00:00 RX 01 03 02 00 00 B8 44
2026-07-24T17:50:14.072519+00:00 TX 01 03 00 00 00 20 44 12
2026-07-24T17:50:14.118062+00:00 RX 01 03 40 00 00 00 00 00 03 00 00 00 03 00 00 00 00 00 00 00 00 00 00 00 00 00 00 00 01 00 00 01 00 05 0A 00 00 00 00 00 00 00 00 00 00 00 00 00 00 00 00 00 00 00 00 00 00 00 00 FF FF 5F 5A FF FF 5F 5A 1B CA
2026-07-24T17:50:14.120062+00:00 TX 01 03 00 20 00 02 C5 C1
2026-07-24T17:50:14.128565+00:00 RX 01 03 04 00 00 09 3A 7C 70
2026-07-24T17:50:14.130567+00:00 TX 01 03 01 C4 00 01 C4 0B
2026-07-24T17:50:14.137568+00:00 RX 01 03 02 00 00 B8 44
2026-07-24T17:50:14.188133+00:00 TX 01 03 00 00 00 20 44 12
2026-07-24T17:50:14.233641+00:00 RX 01 03 40 00 00 00 00 00 03 00 00 00 03 00 00 00 00 00 00 00 00 00 00 00 00 00 00 00 01 00 00 01 00 05 0A 00 00 00 00 00 00 00 00 00 00 00 00 00 00 00 00 00 00 00 00 00 00 00 00 FF FF 5C D0 FF FF 5C D0 03 71
2026-07-24T17:50:14.235642+00:00 TX 01 03 00 20 00 02 C5 C1
2026-07-24T17:50:14.243642+00:00 RX 01 03 04 00 00 09 3B BD B0
2026-07-24T17:50:14.245642+00:00 TX 01 03 01 C4 00 01 C4 0B
2026-07-24T17:50:14.252644+00:00 RX 01 03 02 00 00 B8 44
2026-07-24T17:50:14.303479+00:00 TX 01 03 00 00 00 20 44 12
2026-07-24T17:50:14.348990+00:00 RX 01 03 40 00 00 00 00 00 03 00 00 00 03 00 00 00 00 00 00 00 00 00 00 00 00 00 00 00 01 00 00 01 00 05 0A 00 00 00 00 00 00 00 00 00 00 00 00 00 00 00 00 00 00 00 00 00 00 00 00 FF FF 5C A8 FF FF 5C A8 A3 59
2026-07-24T17:50:14.351989+00:00 TX 01 03 00 20 00 02 C5 C1
2026-07-24T17:50:14.358991+00:00 RX 01 03 04 00 00 09 3C FC 72
2026-07-24T17:50:14.361992+00:00 TX 01 03 01 C4 00 01 C4 0B
2026-07-24T17:50:14.368994+00:00 RX 01 03 02 00 00 B8 44
2026-07-24T17:50:14.419003+00:00 TX 01 03 00 00 00 20 44 12
2026-07-24T17:50:14.463028+00:00 RX 01 03 40 00 00 00 00 00 03 00 00 00 03 00 00 00 00 00 00 00 00 00 00 00 00 00 00 00 01 00 00 01 00 05 0A 00 00 00 00 00 00 00 00 00 00 00 00 00 00 00 00 00 00 00 00 00 00 00 00 FF FF 5C 92 FF FF 5C 92 FB 4F
2026-07-24T17:50:14.466530+00:00 TX 01 03 00 20 00 02 C5 C1
2026-07-24T17:50:14.474532+00:00 RX 01 03 04 00 00 09 3D 3D B2
2026-07-24T17:50:14.476532+00:00 TX 01 03 01 C4 00 01 C4 0B
2026-07-24T17:50:14.482533+00:00 RX 01 03 02 00 00 B8 44
2026-07-24T17:50:14.534062+00:00 TX 01 03 00 00 00 20 44 12
2026-07-24T17:50:14.578574+00:00 RX 01 03 40 00 00 00 00 00 03 00 00 00 03 00 00 00 00 00 00 00 00 00 00 00 00 00 00 00 01 00 00 01 00 05 0A 00 00 00 00 00 00 00 00 00 00 00 00 00 00 00 00 00 00 00 00 00 00 00 00 FF FF 5B D8 FF FF 5B D8 E0 F1
2026-07-24T17:50:14.581575+00:00 TX 01 03 00 20 00 02 C5 C1
2026-07-24T17:50:14.589577+00:00 RX 01 03 04 00 00 09 3E 7D B3
2026-07-24T17:50:14.592577+00:00 TX 01 03 01 C4 00 01 C4 0B
2026-07-24T17:50:14.599578+00:00 RX 01 03 02 00 00 B8 44
2026-07-24T17:50:14.650154+00:00 TX 01 03 00 00 00 20 44 12
2026-07-24T17:50:14.696168+00:00 RX 01 03 40 00 00 00 00 00 03 00 00 00 03 00 00 00 00 00 00 00 00 00 00 00 00 00 00 00 01 00 00 01 00 05 0A 00 00 00 00 00 00 00 00 00 00 00 00 00 00 00 00 00 00 00 00 00 00 00 00 FF FF 58 8B FF FF 58 8B 24 03
2026-07-24T17:50:14.698168+00:00 TX 01 03 00 20 00 02 C5 C1
2026-07-24T17:50:14.706170+00:00 RX 01 03 04 00 00 09 3F BC 73
2026-07-24T17:50:14.709170+00:00 TX 01 03 01 C4 00 01 C4 0B
2026-07-24T17:50:14.716169+00:00 RX 01 03 02 00 00 B8 44
2026-07-24T17:50:14.766225+00:00 TX 01 03 00 00 00 20 44 12
2026-07-24T17:50:14.811236+00:00 RX 01 03 40 00 00 00 00 00 03 00 00 00 03 00 00 00 00 00 00 00 00 00 00 00 00 00 00 00 01 00 00 01 00 05 0A 00 00 00 00 00 00 00 00 00 00 00 00 00 00 00 00 00 00 00 00 00 00 00 00 FF FF 58 1C FF FF 58 1C 10 70
2026-07-24T17:50:14.813236+00:00 TX 01 03 00 20 00 02 C5 C1
2026-07-24T17:50:14.821235+00:00 RX 01 03 04 00 00 09 41 3C 53
2026-07-24T17:50:14.823235+00:00 TX 01 03 01 C4 00 01 C4 0B
2026-07-24T17:50:14.829740+00:00 RX 01 03 02 00 00 B8 44
2026-07-24T17:50:14.879753+00:00 TX 01 03 00 00 00 20 44 12
2026-07-24T17:50:14.925760+00:00 RX 01 03 40 00 00 00 00 00 03 00 00 00 03 00 00 00 00 00 00 00 00 00 00 00 00 00 00 00 01 00 00 01 00 05 0A 00 00 00 00 00 00 00 00 00 00 00 00 00 00 00 00 00 00 00 00 00 00 00 00 FF FF 58 C0 FF FF 58 C0 C0 3A
2026-07-24T17:50:14.927761+00:00 TX 01 03 00 20 00 02 C5 C1
2026-07-24T17:50:14.936264+00:00 RX 01 03 04 00 00 09 42 7C 52
2026-07-24T17:50:14.938265+00:00 TX 01 03 01 C4 00 01 C4 0B
2026-07-24T17:50:14.945267+00:00 RX 01 03 02 00 00 B8 44
2026-07-24T17:50:14.995278+00:00 TX 01 03 00 00 00 20 44 12
2026-07-24T17:50:15.040786+00:00 RX 01 03 40 00 00 00 00 00 03 00 00 00 03 00 00 00 00 00 00 00 00 00 00 00 00 00 00 00 01 00 00 01 00 05 0A 00 00 00 00 00 00 00 00 00 00 00 00 00 00 00 00 00 00 00 00 00 00 00 00 FF FF 58 6E FF FF 58 6E A8 5E
2026-07-24T17:50:15.042787+00:00 TX 01 03 00 20 00 02 C5 C1
2026-07-24T17:50:15.050786+00:00 RX 01 03 04 00 00 09 43 BD 92
2026-07-24T17:50:15.052786+00:00 TX 01 03 01 C4 00 01 C4 0B
2026-07-24T17:50:15.059292+00:00 RX 01 03 02 00 00 B8 44
2026-07-24T17:50:15.109813+00:00 TX 01 03 00 00 00 20 44 12
2026-07-24T17:50:15.154885+00:00 RX 01 03 40 00 00 00 00 00 03 00 00 00 03 00 00 00 00 00 00 00 00 00 00 00 00 00 00 00 01 00 00 01 00 05 0A 00 00 00 00 00 00 00 00 00 00 00 00 00 00 00 00 00 00 00 00 00 00 00 00 FF FF 5A 09 FF FF 5A 09 DC FE
2026-07-24T17:50:15.156886+00:00 TX 01 03 00 20 00 02 C5 C1
2026-07-24T17:50:15.164888+00:00 RX 01 03 04 00 00 09 44 FC 50
2026-07-24T17:50:15.167888+00:00 TX 01 03 01 C4 00 01 C4 0B
2026-07-24T17:50:15.174398+00:00 RX 01 03 02 00 00 B8 44
2026-07-24T17:50:15.224406+00:00 TX 01 03 00 00 00 20 44 12
2026-07-24T17:50:15.268926+00:00 RX 01 03 40 00 00 00 00 00 03 00 00 00 03 00 00 00 00 00 00 00 00 00 00 00 00 00 00 00 01 00 00 01 00 05 0A 00 00 00 00 00 00 00 00 00 00 00 00 00 00 00 00 00 00 00 00 00 00 00 00 FF FF 58 FD FF FF 58 FD 6C 2E
2026-07-24T17:50:15.270927+00:00 TX 01 03 00 20 00 02 C5 C1
2026-07-24T17:50:15.277928+00:00 RX 01 03 04 00 00 09 45 3D 90
2026-07-24T17:50:15.280929+00:00 TX 01 03 01 C4 00 01 C4 0B
2026-07-24T17:50:15.286930+00:00 RX 01 03 02 00 00 B8 44
2026-07-24T17:50:15.337939+00:00 TX 01 03 00 00 00 20 44 12
2026-07-24T17:50:15.382111+00:00 RX 01 03 40 00 00 00 00 00 03 00 00 00 03 00 00 00 00 00 00 00 00 00 00 00 00 00 00 00 01 00 00 01 00 05 0A 00 00 00 00 00 00 00 00 00 00 00 00 00 00 00 00 00 00 00 00 00 00 00 00 FF FF 58 C1 FF FF 58 C1 3C 3A
2026-07-24T17:50:15.384112+00:00 TX 01 03 00 20 00 02 C5 C1
2026-07-24T17:50:15.391113+00:00 RX 01 03 04 00 00 09 46 7D 91
2026-07-24T17:50:15.393113+00:00 TX 01 03 01 C4 00 01 C4 0B
2026-07-24T17:50:15.399115+00:00 RX 01 03 02 00 00 B8 44
2026-07-24T17:50:15.450621+00:00 TX 01 03 00 00 00 20 44 12
2026-07-24T17:50:15.495631+00:00 RX 01 03 40 00 00 00 00 00 03 00 00 00 03 00 00 00 00 00 00 00 00 00 00 00 00 00 00 00 01 00 00 01 00 05 0A 00 00 00 00 00 00 00 00 00 00 00 00 00 00 00 00 00 00 00 00 00 00 00 00 FF FF 59 B6 FF FF 59 B6 88 56
2026-07-24T17:50:15.497631+00:00 TX 01 03 00 20 00 02 C5 C1
2026-07-24T17:50:15.506134+00:00 RX 01 03 04 00 00 09 48 FC 55
2026-07-24T17:50:15.508134+00:00 TX 01 03 01 C4 00 01 C4 0B
2026-07-24T17:50:15.514136+00:00 RX 01 03 02 00 00 B8 44
2026-07-24T17:50:15.565646+00:00 TX 01 03 00 00 00 20 44 12
2026-07-24T17:50:15.611155+00:00 RX 01 03 40 00 00 00 00 00 03 00 00 00 03 00 00 00 00 00 00 00 00 00 00 00 00 00 00 00 01 00 00 01 00 05 0A 00 00 00 00 00 00 00 00 00 00 00 00 00 00 00 00 00 00 00 00 00 00 00 00 FF FF 58 87 FF FF 58 87 34 07
2026-07-24T17:50:15.615153+00:00 TX 01 03 00 20 00 02 C5 C1
2026-07-24T17:50:15.623154+00:00 RX 01 03 04 00 00 09 49 3D 95
2026-07-24T17:50:15.625155+00:00 TX 01 03 01 C4 00 01 C4 0B
2026-07-24T17:50:15.631763+00:00 RX 01 03 02 00 00 B8 44
2026-07-24T17:50:15.681770+00:00 TX 01 03 00 00 00 20 44 12
2026-07-24T17:50:15.727321+00:00 RX 01 03 40 00 00 00 00 00 03 00 00 00 03 00 00 00 00 00 00 00 00 00 00 00 00 00 00 00 01 00 00 01 00 05 0A 00 00 00 00 00 00 00 00 00 00 00 00 00 00 00 00 00 00 00 00 00 00 00 00 FF FF 57 44 FF FF 57 44 35 48
2026-07-24T17:50:15.729327+00:00 TX 01 03 00 20 00 02 C5 C1
2026-07-24T17:50:15.737828+00:00 RX 01 03 04 00 00 09 4A 7D 94
2026-07-24T17:50:15.739828+00:00 TX 01 03 01 C4 00 01 C4 0B
2026-07-24T17:50:15.746843+00:00 RX 01 03 02 00 00 B8 44
2026-07-24T17:50:15.796866+00:00 TX 01 03 00 00 00 20 44 12
2026-07-24T17:50:15.840876+00:00 RX 01 03 40 00 00 00 00 00 03 00 00 00 03 00 00 00 00 00 00 00 00 00 00 00 00 00 00 00 01 00 00 01 00 05 0A 00 00 00 00 00 00 00 00 00 00 00 00 00 00 00 00 00 00 00 00 00 00 00 00 FF FF 57 96 FF FF 57 96 0D 07
2026-07-24T17:50:15.843877+00:00 TX 01 03 00 20 00 02 C5 C1
2026-07-24T17:50:15.850875+00:00 RX 01 03 04 00 00 09 4B BC 54
2026-07-24T17:50:15.853876+00:00 TX 01 03 01 C4 00 01 C4 0B
2026-07-24T17:50:15.860382+00:00 RX 01 03 02 00 00 B8 44
2026-07-24T17:50:15.910891+00:00 TX 01 03 00 00 00 20 44 12
2026-07-24T17:50:15.956163+00:00 RX 01 03 40 00 00 00 00 00 03 00 00 00 03 00 00 00 00 00 00 00 00 00 00 00 00 00 00 00 01 00 00 01 00 05 0A 00 00 00 00 00 00 00 00 00 00 00 00 00 00 00 00 00 00 00 00 00 00 00 00 FF FF 56 36 FF FF 56 36 8D 27
2026-07-24T17:50:15.958164+00:00 TX 01 03 00 20 00 02 C5 C1
2026-07-24T17:50:15.967163+00:00 RX 01 03 04 00 00 09 4C FD 96
2026-07-24T17:50:15.969163+00:00 TX 01 03 01 C4 00 01 C4 0B
2026-07-24T17:50:15.976165+00:00 RX 01 03 02 00 00 B8 44
2026-07-24T17:50:16.026677+00:00 TX 01 03 00 00 00 20 44 12
2026-07-24T17:50:16.071187+00:00 RX 01 03 40 00 00 00 00 00 03 00 00 00 03 00 00 00 00 00 00 00 00 00 00 00 00 00 00 00 01 00 00 01 00 05 0A 00 00 00 00 00 00 00 00 00 00 00 00 00 00 00 00 00 00 00 00 00 00 00 00 FF FF 57 2E FF FF 57 2E AD 6E
2026-07-24T17:50:16.073187+00:00 TX 01 03 00 20 00 02 C5 C1
2026-07-24T17:50:16.080189+00:00 RX 01 03 04 00 00 09 4D 3C 56
2026-07-24T17:50:16.083190+00:00 TX 01 03 01 C4 00 01 C4 0B
2026-07-24T17:50:16.090191+00:00 RX 01 03 02 00 00 B8 44
2026-07-24T17:50:16.140244+00:00 TX 01 03 00 00 00 20 44 12
2026-07-24T17:50:16.184864+00:00 RX 01 03 40 00 00 00 00 00 03 00 00 00 03 00 00 00 00 00 00 00 00 00 00 00 00 00 00 00 01 00 00 01 00 05 0A 00 00 00 00 00 00 00 00 00 00 00 00 00 00 00 00 00 00 00 00 00 00 00 00 FF FF 58 AB FF FF 58 AB A4 1C
2026-07-24T17:50:16.188366+00:00 TX 01 03 00 20 00 02 C5 C1
2026-07-24T17:50:16.196368+00:00 RX 01 03 04 00 00 09 4F BD 97
2026-07-24T17:50:16.198368+00:00 TX 01 03 01 C4 00 01 C4 0B
2026-07-24T17:50:16.205370+00:00 RX 01 03 02 00 00 B8 44
2026-07-24T17:50:16.255877+00:00 TX 01 03 00 00 00 20 44 12
2026-07-24T17:50:16.300921+00:00 RX 01 03 40 00 00 00 00 00 03 00 00 00 03 00 00 00 00 00 00 00 00 00 00 00 00 00 00 00 01 00 00 01 00 05 0A 00 00 00 00 00 00 00 00 00 00 00 00 00 00 00 00 00 00 00 00 00 00 00 00 FF FF 57 18 FF FF 57 18 E5 7C
2026-07-24T17:50:16.302922+00:00 TX 01 03 00 20 00 02 C5 C1
2026-07-24T17:50:16.309924+00:00 RX 01 03 04 00 00 09 50 FC 5F
2026-07-24T17:50:16.312924+00:00 TX 01 03 01 C4 00 01 C4 0B
2026-07-24T17:50:16.318926+00:00 RX 01 03 02 00 00 B8 44
2026-07-24T17:50:16.369448+00:00 TX 01 03 00 00 00 20 44 12
2026-07-24T17:50:16.414459+00:00 RX 01 03 40 00 00 00 00 00 03 00 00 00 03 00 00 00 00 00 00 00 00 00 00 00 00 00 00 00 01 00 00 01 00 05 0A 00 00 00 00 00 00 00 00 00 00 00 00 00 00 00 00 00 00 00 00 00 00 00 00 FF FF 58 A3 FF FF 58 A3 44 1B
2026-07-24T17:50:16.416459+00:00 TX 01 03 00 20 00 02 C5 C1
2026-07-24T17:50:16.424457+00:00 RX 01 03 04 00 00 09 51 3D 9F
2026-07-24T17:50:16.426457+00:00 TX 01 03 01 C4 00 01 C4 0B
2026-07-24T17:50:16.432459+00:00 RX 01 03 02 00 00 B8 44
2026-07-24T17:50:16.482640+00:00 TX 01 03 00 00 00 20 44 12
2026-07-24T17:50:16.527145+00:00 RX 01 03 40 00 00 00 00 00 03 00 00 00 03 00 00 00 00 00 00 00 00 00 00 00 00 00 00 00 01 00 00 01 00 05 0A 00 00 00 00 00 00 00 00 00 00 00 00 00 00 00 00 00 00 00 00 00 00 00 00 FF FF 5A 21 FF FF 5A 21 BC E6
2026-07-24T17:50:16.530146+00:00 TX 01 03 00 20 00 02 C5 C1
2026-07-24T17:50:16.537648+00:00 RX 01 03 04 00 00 09 52 7D 9E
2026-07-24T17:50:16.539706+00:00 TX 01 03 01 C4 00 01 C4 0B
2026-07-24T17:50:16.546704+00:00 RX 01 03 02 00 00 B8 44
2026-07-24T17:50:16.596716+00:00 TX 01 03 00 00 00 20 44 12
2026-07-24T17:50:16.641728+00:00 RX 01 03 40 00 00 00 00 00 03 00 00 00 03 00 00 00 00 00 00 00 00 00 00 00 00 00 00 00 01 00 00 01 00 05 0A 00 00 00 00 00 00 00 00 00 00 00 00 00 00 00 00 00 00 00 00 00 00 00 00 FF FF 5C 79 FF FF 5C 79 9F 17
2026-07-24T17:50:16.643729+00:00 TX 01 03 00 20 00 02 C5 C1
2026-07-24T17:50:16.651411+00:00 RX 01 03 04 00 00 09 53 BC 5E
2026-07-24T17:50:16.653963+00:00 TX 01 03 01 C4 00 01 C4 0B
2026-07-24T17:50:16.659964+00:00 RX 01 03 02 00 00 B8 44
2026-07-24T17:50:16.710000+00:00 TX 01 03 00 00 00 20 44 12
2026-07-24T17:50:16.754099+00:00 RX 01 03 40 00 00 00 00 00 03 00 00 00 03 00 00 00 00 00 00 00 00 00 00 00 00 00 00 00 01 00 00 01 00 05 0A 00 00 00 00 00 00 00 00 00 00 00 00 00 00 00 00 00 00 00 00 00 00 00 00 FF FF 59 7F FF FF 59 7F 94 10
2026-07-24T17:50:16.758099+00:00 TX 01 03 00 20 00 02 C5 C1
2026-07-24T17:50:16.767102+00:00 RX 01 03 04 00 00 09 54 FD 9C
2026-07-24T17:50:16.769102+00:00 TX 01 03 01 C4 00 01 C4 0B
2026-07-24T17:50:16.775104+00:00 RX 01 03 02 00 00 B8 44
2026-07-24T17:50:16.825112+00:00 TX 01 03 00 00 00 20 44 12
2026-07-24T17:50:16.869623+00:00 RX 01 03 40 00 00 00 00 00 03 00 00 00 03 00 00 00 00 00 00 00 00 00 00 00 00 00 00 00 01 00 00 01 00 05 0A 00 00 00 00 00 00 00 00 00 00 00 00 00 00 00 00 00 00 00 00 00 00 00 00 FF FF 57 71 FF FF 57 71 79 5B
2026-07-24T17:50:16.871623+00:00 TX 01 03 00 20 00 02 C5 C1
2026-07-24T17:50:16.879625+00:00 RX 01 03 04 00 00 09 56 7C 5D
2026-07-24T17:50:16.881625+00:00 TX 01 03 01 C4 00 01 C4 0B
2026-07-24T17:50:16.887627+00:00 RX 01 03 02 00 00 B8 44
2026-07-24T17:50:16.938149+00:00 TX 01 03 00 00 00 20 44 12
2026-07-24T17:50:16.983160+00:00 RX 01 03 40 00 00 00 00 00 03 00 00 00 03 00 00 00 00 00 00 00 00 00 00 00 00 00 00 00 01 00 00 01 00 05 0A 00 00 00 00 00 00 00 00 00 00 00 00 00 00 00 00 00 00 00 00 00 00 00 00 FF FF 58 04 FF FF 58 04 30 78
2026-07-24T17:50:16.985160+00:00 TX 01 03 00 20 00 02 C5 C1
2026-07-24T17:50:16.993162+00:00 RX 01 03 04 00 00 09 57 BD 9D
2026-07-24T17:50:16.995162+00:00 TX 01 03 01 C4 00 01 C4 0B
2026-07-24T17:50:17.001164+00:00 RX 01 03 02 00 00 B8 44
2026-07-24T17:50:17.051671+00:00 TX 01 03 00 00 00 20 44 12
2026-07-24T17:50:17.096370+00:00 RX 01 03 40 00 00 00 00 00 03 00 00 00 03 00 00 00 00 00 00 00 00 00 00 00 00 00 00 00 01 00 00 01 00 05 0A 00 00 00 00 00 00 00 00 00 00 00 00 00 00 00 00 00 00 00 00 00 00 00 00 FF FF 59 ED FF FF 59 ED AC 60
2026-07-24T17:50:17.099368+00:00 TX 01 03 00 20 00 02 C5 C1
2026-07-24T17:50:17.107370+00:00 RX 01 03 04 00 00 09 58 FD 99
2026-07-24T17:50:17.110370+00:00 TX 01 03 01 C4 00 01 C4 0B
2026-07-24T17:50:17.116931+00:00 RX 01 03 02 00 00 B8 44
2026-07-24T17:50:17.167682+00:00 TX 01 03 00 00 00 20 44 12
2026-07-24T17:50:17.212692+00:00 RX 01 03 40 00 00 00 00 00 03 00 00 00 03 00 00 00 00 00 00 00 00 00 00 00 00 00 00 00 01 00 00 01 00 05 0A 00 00 00 00 00 00 00 00 00 00 00 00 00 00 00 00 00 00 00 00 00 00 00 00 FF FF 59 D9 FF FF 59 D9 1C 73
2026-07-24T17:50:17.214693+00:00 TX 01 03 00 20 00 02 C5 C1
2026-07-24T17:50:17.222691+00:00 RX 01 03 04 00 00 09 59 3C 59
2026-07-24T17:50:17.224692+00:00 TX 01 03 01 C4 00 01 C4 0B
2026-07-24T17:50:17.231693+00:00 RX 01 03 02 00 00 B8 44
2026-07-24T17:50:17.282216+00:00 TX 01 03 00 00 00 20 44 12
2026-07-24T17:50:17.327224+00:00 RX 01 03 40 00 00 00 00 00 03 00 00 00 03 00 00 00 00 00 00 00 00 00 00 00 00 00 00 00 01 00 00 01 00 05 0A 00 00 00 00 00 00 00 00 00 00 00 00 00 00 00 00 00 00 00 00 00 00 00 00 FF FF 56 CF FF FF 56 CF D1 71
2026-07-24T17:50:17.329224+00:00 TX 01 03 00 20 00 02 C5 C1
2026-07-24T17:50:17.337730+00:00 RX 01 03 04 00 00 09 5A 7C 58
2026-07-24T17:50:17.340728+00:00 TX 01 03 01 C4 00 01 C4 0B
2026-07-24T17:50:17.347729+00:00 RX 01 03 02 00 00 B8 44
2026-07-24T17:50:17.397741+00:00 TX 01 03 00 00 00 20 44 12
2026-07-24T17:50:17.442250+00:00 RX 01 03 40 00 00 00 00 00 03 00 00 00 03 00 00 00 00 00 00 00 00 00 00 00 00 00 00 00 01 00 00 01 00 05 0A 00 00 00 00 00 00 00 00 00 00 00 00 00 00 00 00 00 00 00 00 00 00 00 00 FF FF 56 DE FF FF 56 DE ED 7E
2026-07-24T17:50:17.444251+00:00 TX 01 03 00 20 00 02 C5 C1
2026-07-24T17:50:17.451249+00:00 RX 01 03 04 00 00 09 5B BD 98
2026-07-24T17:50:17.454250+00:00 TX 01 03 01 C4 00 01 C4 0B
2026-07-24T17:50:17.460251+00:00 RX 01 03 02 00 00 B8 44
2026-07-24T17:50:17.510775+00:00 TX 01 03 00 00 00 20 44 12
2026-07-24T17:50:17.555283+00:00 RX 01 03 40 00 00 00 00 00 03 00 00 00 03 00 00 00 00 00 00 00 00 00 00 00 00 00 00 00 01 00 00 01 00 05 0A 00 00 00 00 00 00 00 00 00 00 00 00 00 00 00 00 00 00 00 00 00 00 00 00 FF FF 57 63 FF FF 57 63 41 55
2026-07-24T17:50:17.557283+00:00 TX 01 03 00 20 00 02 C5 C1
2026-07-24T17:50:17.565281+00:00 RX 01 03 04 00 00 09 5D 3D 9A
2026-07-24T17:50:17.568282+00:00 TX 01 03 01 C4 00 01 C4 0B
2026-07-24T17:50:17.574283+00:00 RX 01 03 02 00 00 B8 44
2026-07-24T17:50:17.624793+00:00 TX 01 03 00 00 00 20 44 12
2026-07-24T17:50:17.668815+00:00 RX 01 03 40 00 00 00 00 00 03 00 00 00 03 00 00 00 00 00 00 00 00 00 00 00 00 00 00 00 01 00 00 01 00 05 0A 00 00 00 00 00 00 00 00 00 00 00 00 00 00 00 00 00 00 00 00 00 00 00 00 FF FF 55 F2 FF FF 55 F2 7D A6
2026-07-24T17:50:17.671815+00:00 TX 01 03 00 20 00 02 C5 C1
2026-07-24T17:50:17.678817+00:00 RX 01 03 04 00 00 09 5E 7D 9B
2026-07-24T17:50:17.681817+00:00 TX 01 03 01 C4 00 01 C4 0B
2026-07-24T17:50:17.687819+00:00 RX 01 03 02 00 00 B8 44
2026-07-24T17:50:17.738828+00:00 TX 01 03 00 00 00 20 44 12
2026-07-24T17:50:17.782900+00:00 RX 01 03 40 00 00 00 00 00 03 00 00 00 03 00 00 00 00 00 00 00 00 00 00 00 00 00 00 00 01 00 00 01 00 05 0A 00 00 00 00 00 00 00 00 00 00 00 00 00 00 00 00 00 00 00 00 00 00 00 00 FF FF 56 57 FF FF 56 57 F1 07
2026-07-24T17:50:17.785900+00:00 TX 01 03 00 20 00 02 C5 C1
2026-07-24T17:50:17.792902+00:00 RX 01 03 04 00 00 09 5F BC 5B
2026-07-24T17:50:17.794903+00:00 TX 01 03 01 C4 00 01 C4 0B
2026-07-24T17:50:17.800904+00:00 RX 01 03 02 00 00 B8 44
2026-07-24T17:50:17.851410+00:00 TX 01 03 00 00 00 20 44 12
2026-07-24T17:50:17.896453+00:00 RX 01 03 40 00 00 00 00 00 03 00 00 00 03 00 00 00 00 00 00 00 00 00 00 00 00 00 00 00 01 00 00 01 00 05 0A 00 00 00 00 00 00 00 00 00 00 00 00 00 00 00 00 00 00 00 00 00 00 00 00 FF FF 55 58 FF FF 55 58 E5 C1
2026-07-24T17:50:17.898454+00:00 TX 01 03 00 20 00 02 C5 C1
2026-07-24T17:50:17.906455+00:00 RX 01 03 04 00 00 09 60 FC 4B
2026-07-24T17:50:17.908457+00:00 TX 01 03 01 C4 00 01 C4 0B
2026-07-24T17:50:17.915458+00:00 RX 01 03 02 00 00 B8 44
2026-07-24T17:50:17.965969+00:00 TX 01 03 00 00 00 20 44 12
2026-07-24T17:50:18.010979+00:00 RX 01 03 40 00 00 00 00 00 03 00 00 00 03 00 00 00 00 00 00 00 00 00 00 00 00 00 00 00 01 00 00 01 00 05 0A 00 00 00 00 00 00 00 00 00 00 00 00 00 00 00 00 00 00 00 00 00 00 00 00 FF FF 58 2C FF FF 58 2C 50 60
2026-07-24T17:50:18.013980+00:00 TX 01 03 00 20 00 02 C5 C1
2026-07-24T17:50:18.020983+00:00 RX 01 03 04 00 00 09 61 3D 8B
2026-07-24T17:50:18.023982+00:00 TX 01 03 01 C4 00 01 C4 0B
2026-07-24T17:50:18.029981+00:00 RX 01 03 02 00 00 B8 44
2026-07-24T17:50:18.080188+00:00 TX 01 03 00 00 00 20 44 12
2026-07-24T17:50:18.124722+00:00 RX 01 03 40 00 00 00 00 00 03 00 00 00 03 00 00 00 00 00 00 00 00 00 00 00 00 00 00 00 01 00 00 01 00 05 0A 00 00 00 00 00 00 00 00 00 00 00 00 00 00 00 00 00 00 00 00 00 00 00 00 FF FF 53 91 FF FF 53 91 FA 41
2026-07-24T17:50:18.126723+00:00 TX 01 03 00 20 00 02 C5 C1
2026-07-24T17:50:18.133721+00:00 RX 01 03 04 00 00 09 62 7D 8A
2026-07-24T17:50:18.136722+00:00 TX 01 03 01 C4 00 01 C4 0B
2026-07-24T17:50:18.143225+00:00 RX 01 03 02 00 00 B8 44
2026-07-24T17:50:18.194325+00:00 TX 01 03 00 00 00 20 44 12
2026-07-24T17:50:18.239332+00:00 RX 01 03 40 00 00 00 00 00 03 00 00 00 03 00 00 00 00 00 00 00 00 00 00 00 00 00 00 00 01 00 00 01 00 05 0A 00 00 00 00 00 00 00 00 00 00 00 00 00 00 00 00 00 00 00 00 00 00 00 00 FF FF 53 94 FF FF 53 94 F6 42
2026-07-24T17:50:18.241837+00:00 TX 01 03 00 20 00 02 C5 C1
2026-07-24T17:50:18.249833+00:00 RX 01 03 04 00 00 09 63 BC 4A
2026-07-24T17:50:18.251834+00:00 TX 01 03 01 C4 00 01 C4 0B
2026-07-24T17:50:18.258835+00:00 RX 01 03 02 00 00 B8 44
2026-07-24T17:50:18.309352+00:00 TX 01 03 00 00 00 20 44 12
2026-07-24T17:50:18.354670+00:00 RX 01 03 40 00 00 00 00 00 03 00 00 00 03 00 00 00 00 00 00 00 00 00 00 00 00 00 00 00 01 00 00 01 00 05 0A 00 00 00 00 00 00 00 00 00 00 00 00 00 00 00 00 00 00 00 00 00 00 00 00 FF FF 55 B6 FF FF 55 B6 8D 9A
2026-07-24T17:50:18.356746+00:00 TX 01 03 00 20 00 02 C5 C1
2026-07-24T17:50:18.364287+00:00 RX 01 03 04 00 00 09 65 3C 48
2026-07-24T17:50:18.366287+00:00 TX 01 03 01 C4 00 01 C4 0B
2026-07-24T17:50:18.372288+00:00 RX 01 03 02 00 00 B8 44
2026-07-24T17:50:18.422300+00:00 TX 01 03 00 00 00 20 44 12
2026-07-24T17:50:18.467308+00:00 RX 01 03 40 00 00 00 00 00 03 00 00 00 03 00 00 00 00 00 00 00 00 00 00 00 00 00 00 00 01 00 00 01 00 05 0A 00 00 00 00 00 00 00 00 00 00 00 00 00 00 00 00 00 00 00 00 00 00 00 00 FF FF 58 0B FF FF 58 0B 24 7D
2026-07-24T17:50:18.469810+00:00 TX 01 03 00 20 00 02 C5 C1
2026-07-24T17:50:18.477473+00:00 RX 01 03 04 00 00 09 66 7C 49
2026-07-24T17:50:18.479475+00:00 TX 01 03 01 C4 00 01 C4 0B
2026-07-24T17:50:18.486476+00:00 RX 01 03 02 00 00 B8 44
2026-07-24T17:50:18.536982+00:00 TX 01 03 00 00 00 20 44 12
2026-07-24T17:50:18.581527+00:00 RX 01 03 40 00 00 00 00 00 03 00 00 00 03 00 00 00 00 00 00 00 00 00 00 00 00 00 00 00 01 00 00 01 00 05 0A 00 00 00 00 00 00 00 00 00 00 00 00 00 00 00 00 00 00 00 00 00 00 00 00 FF FF 5A 96 FF FF 5A 96 08 8A
2026-07-24T17:50:18.583528+00:00 TX 01 03 00 20 00 02 C5 C1
2026-07-24T17:50:18.591529+00:00 RX 01 03 04 00 00 09 67 BD 89
2026-07-24T17:50:18.593530+00:00 TX 01 03 01 C4 00 01 C4 0B
2026-07-24T17:50:18.599532+00:00 RX 01 03 02 00 00 B8 44
2026-07-24T17:50:18.649587+00:00 TX 01 03 00 00 00 20 44 12
2026-07-24T17:50:18.694603+00:00 RX 01 03 40 00 00 00 00 00 03 00 00 00 03 00 00 00 00 00 00 00 00 00 00 00 00 00 00 00 01 00 00 01 00 05 0A 00 00 00 00 00 00 00 00 00 00 00 00 00 00 00 00 00 00 00 00 00 00 00 00 FF FF 58 35 FF FF 58 35 8C 68
2026-07-24T17:50:18.696604+00:00 TX 01 03 00 20 00 02 C5 C1
2026-07-24T17:50:18.704606+00:00 RX 01 03 04 00 00 09 68 FD 8D
2026-07-24T17:50:18.706606+00:00 TX 01 03 01 C4 00 01 C4 0B
2026-07-24T17:50:18.712608+00:00 RX 01 03 02 00 00 B8 44
2026-07-24T17:50:18.763144+00:00 TX 01 03 00 00 00 20 44 12
2026-07-24T17:50:18.808154+00:00 RX 01 03 40 00 00 00 00 00 03 00 00 00 03 00 00 00 00 00 00 00 00 00 00 00 00 00 00 00 01 00 00 01 00 05 0A 00 00 00 00 00 00 00 00 00 00 00 00 00 00 00 00 00 00 00 00 00 00 00 00 FF FF 59 25 FF FF 59 25 4C 26
2026-07-24T17:50:18.810155+00:00 TX 01 03 00 20 00 02 C5 C1
2026-07-24T17:50:18.818157+00:00 RX 01 03 04 00 00 09 69 3C 4D
2026-07-24T17:50:18.820157+00:00 TX 01 03 01 C4 00 01 C4 0B
2026-07-24T17:50:18.827158+00:00 RX 01 03 02 00 00 B8 44
2026-07-24T17:50:18.877679+00:00 TX 01 03 00 00 00 20 44 12
2026-07-24T17:50:18.922689+00:00 RX 01 03 40 00 00 00 00 00 03 00 00 00 03 00 00 00 00 00 00 00 00 00 00 00 00 00 00 00 01 00 00 01 00 05 0A 00 00 00 00 00 00 00 00 00 00 00 00 00 00 00 00 00 00 00 00 00 00 00 00 FF FF 58 C0 FF FF 58 C0 C0 3A
2026-07-24T17:50:18.924690+00:00 TX 01 03 00 20 00 02 C5 C1
2026-07-24T17:50:18.932688+00:00 RX 01 03 04 00 00 09 6A 7C 4C
2026-07-24T17:50:18.934689+00:00 TX 01 03 01 C4 00 01 C4 0B
2026-07-24T17:50:18.941690+00:00 RX 01 03 02 00 00 B8 44
2026-07-24T17:50:18.992204+00:00 TX 01 03 00 00 00 20 44 12
2026-07-24T17:50:19.036211+00:00 RX 01 03 40 00 00 00 00 00 03 00 00 00 03 00 00 00 00 00 00 00 00 00 00 00 00 00 00 00 01 00 00 01 00 05 0A 00 00 00 00 00 00 00 00 00 00 00 00 00 00 00 00 00 00 00 00 00 00 00 00 FF FF 58 22 FF FF 58 22 B8 65
2026-07-24T17:50:19.039211+00:00 TX 01 03 00 20 00 02 C5 C1
2026-07-24T17:50:19.048716+00:00 RX 01 03 04 00 00 09 6C FC 4E
2026-07-24T17:50:19.051712+00:00 TX 01 03 01 C4 00 01 C4 0B
2026-07-24T17:50:19.058714+00:00 RX 01 03 02 00 00 B8 44
2026-07-24T17:50:19.108732+00:00 TX 01 03 00 00 00 20 44 12
2026-07-24T17:50:19.153264+00:00 RX 01 03 40 00 00 00 00 00 03 00 00 00 03 00 00 00 00 00 00 00 00 00 00 00 00 00 00 00 01 00 00 01 00 05 0A 00 00 00 00 00 00 00 00 00 00 00 00 00 00 00 00 00 00 00 00 00 00 00 00 FF FF 57 92 FF FF 57 92 FD 04
2026-07-24T17:50:19.155265+00:00 TX 01 03 00 20 00 02 C5 C1
2026-07-24T17:50:19.163267+00:00 RX 01 03 04 00 00 09 6D 3D 8E
2026-07-24T17:50:19.165267+00:00 TX 01 03 01 C4 00 01 C4 0B
2026-07-24T17:50:19.171269+00:00 RX 01 03 02 00 00 B8 44
2026-07-24T17:50:19.221812+00:00 TX 01 03 00 00 00 20 44 12
2026-07-24T17:50:19.266820+00:00 RX 01 03 40 00 00 00 00 00 03 00 00 00 03 00 00 00 00 00 00 00 00 00 00 00 00 00 00 00 01 00 00 01 00 05 0A 00 00 00 00 00 00 00 00 00 00 00 00 00 00 00 00 00 00 00 00 00 00 00 00 FF FF 5B A3 FF FF 5B A3 44 D8
2026-07-24T17:50:19.269324+00:00 TX 01 03 00 20 00 02 C5 C1
2026-07-24T17:50:19.277323+00:00 RX 01 03 04 00 00 09 6E 7D 8F
2026-07-24T17:50:19.279323+00:00 TX 01 03 01 C4 00 01 C4 0B
2026-07-24T17:50:19.286325+00:00 RX 01 03 02 00 00 B8 44
2026-07-24T17:50:19.336333+00:00 TX 01 03 00 00 00 20 44 12
2026-07-24T17:50:19.381348+00:00 RX 01 03 40 00 00 00 00 00 03 00 00 00 03 00 00 00 00 00 00 00 00 00 00 00 00 00 00 00 01 00 00 01 00 05 0A 00 00 00 00 00 00 00 00 00 00 00 00 00 00 00 00 00 00 00 00 00 00 00 00 FF FF 57 CE FF FF 57 CE 2D 30
2026-07-24T17:50:19.383349+00:00 TX 01 03 00 20 00 02 C5 C1
2026-07-24T17:50:19.391350+00:00 RX 01 03 04 00 00 09 6F BC 4F
2026-07-24T17:50:19.393351+00:00 TX 01 03 01 C4 00 01 C4 0B
2026-07-24T17:50:19.399353+00:00 RX 01 03 02 00 00 B8 44
2026-07-24T17:50:19.449585+00:00 TX 01 03 00 00 00 20 44 12
2026-07-24T17:50:19.493591+00:00 RX 01 03 40 00 00 00 00 00 03 00 00 00 03 00 00 00 00 00 00 00 00 00 00 00 00 00 00 00 01 00 00 01 00 05 0A 00 00 00 00 00 00 00 00 00 00 00 00 00 00 00 00 00 00 00 00 00 00 00 00 FF FF 58 0F FF FF 58 0F D4 7E
2026-07-24T17:50:19.496591+00:00 TX 01 03 00 20 00 02 C5 C1
2026-07-24T17:50:19.504098+00:00 RX 01 03 04 00 00 09 70 FD 87
2026-07-24T17:50:19.507095+00:00 TX 01 03 01 C4 00 01 C4 0B
2026-07-24T17:50:19.513096+00:00 RX 01 03 02 00 00 B8 44
2026-07-24T17:50:19.563606+00:00 TX 01 03 00 00 00 20 44 12
2026-07-24T17:50:19.608616+00:00 RX 01 03 40 00 00 00 00 00 03 00 00 00 03 00 00 00 00 00 00 00 00 00 00 00 00 00 00 00 01 00 00 01 00 05 0A 00 00 00 00 00 00 00 00 00 00 00 00 00 00 00 00 00 00 00 00 00 00 00 00 FF FF 57 46 FF FF 57 46 CD 49
2026-07-24T17:50:19.610617+00:00 TX 01 03 00 20 00 02 C5 C1
2026-07-24T17:50:19.618615+00:00 RX 01 03 04 00 00 09 71 3C 47
2026-07-24T17:50:19.620616+00:00 TX 01 03 01 C4 00 01 C4 0B
2026-07-24T17:50:19.627157+00:00 RX 01 03 02 00 00 B8 44
2026-07-24T17:50:19.677283+00:00 TX 01 03 00 00 00 20 44 12
2026-07-24T17:50:19.721294+00:00 RX 01 03 40 00 00 00 00 00 03 00 00 00 03 00 00 00 00 00 00 00 00 00 00 00 00 00 00 00 01 00 00 01 00 05 0A 00 00 00 00 00 00 00 00 00 00 00 00 00 00 00 00 00 00 00 00 00 00 00 00 FF FF 59 4C FF FF 59 4C D0 01
2026-07-24T17:50:19.724294+00:00 TX 01 03 00 20 00 02 C5 C1
2026-07-24T17:50:19.732292+00:00 RX 01 03 04 00 00 09 73 BD 86
2026-07-24T17:50:19.734293+00:00 TX 01 03 01 C4 00 01 C4 0B
2026-07-24T17:50:19.740295+00:00 RX 01 03 02 00 00 B8 44
2026-07-24T17:50:19.790879+00:00 TX 01 03 00 00 00 20 44 12
2026-07-24T17:50:19.835886+00:00 RX 01 03 40 00 00 00 00 00 03 00 00 00 03 00 00 00 00 00 00 00 00 00 00 00 00 00 00 00 01 00 00 01 00 05 0A 00 00 00 00 00 00 00 00 00 00 00 00 00 00 00 00 00 00 00 00 00 00 00 00 FF FF 58 9D FF FF 58 9D EC 0E
2026-07-24T17:50:19.837887+00:00 TX 01 03 00 20 00 02 C5 C1
2026-07-24T17:50:19.845889+00:00 RX 01 03 04 00 00 09 74 FC 44
2026-07-24T17:50:19.848390+00:00 TX 01 03 01 C4 00 01 C4 0B
2026-07-24T17:50:19.855388+00:00 RX 01 03 02 00 00 B8 44
2026-07-24T17:50:19.905438+00:00 TX 01 03 00 00 00 20 44 12
2026-07-24T17:50:19.950946+00:00 RX 01 03 40 00 00 00 00 00 03 00 00 00 03 00 00 00 00 00 00 00 00 00 00 00 00 00 00 00 01 00 00 01 00 05 0A 00 00 00 00 00 00 00 00 00 00 00 00 00 00 00 00 00 00 00 00 00 00 00 00 FF FF 57 3B FF FF 57 3B 61 62
2026-07-24T17:50:19.954947+00:00 TX 01 03 00 20 00 02 C5 C1
2026-07-24T17:50:19.961949+00:00 RX 01 03 04 00 00 09 75 3D 84
2026-07-24T17:50:19.963949+00:00 TX 01 03 01 C4 00 01 C4 0B
2026-07-24T17:50:19.969950+00:00 RX 01 03 02 00 00 B8 44
2026-07-24T17:50:20.021663+00:00 TX 01 03 00 00 00 20 44 12
2026-07-24T17:50:20.067169+00:00 RX 01 03 40 00 00 00 00 00 03 00 00 00 03 00 00 00 00 00 00 00 00 00 00 00 00 00 00 00 01 00 00 01 00 05 0A 00 00 00 00 00 00 00 00 00 00 00 00 00 00 00 00 00 00 00 00 00 00 00 00 FF FF 57 8B FF FF 57 8B 21 0C
2026-07-24T17:50:20.070177+00:00 TX 01 03 00 20 00 02 C5 C1
2026-07-24T17:50:20.078175+00:00 RX 01 03 04 00 00 09 76 7D 85
2026-07-24T17:50:20.080176+00:00 TX 01 03 01 C4 00 01 C4 0B
2026-07-24T17:50:20.087177+00:00 RX 01 03 02 00 00 B8 44
2026-07-24T17:50:20.137701+00:00 TX 01 03 00 00 00 20 44 12
2026-07-24T17:50:20.183331+00:00 RX 01 03 40 00 00 00 00 00 03 00 00 00 03 00 00 00 00 00 00 00 00 00 00 00 00 00 00 00 01 00 00 01 00 05 0A 00 00 00 00 00 00 00 00 00 00 00 00 00 00 00 00 00 00 00 00 00 00 00 00 FF FF 58 5D FF FF 58 5D EC 4F
2026-07-24T17:50:20.186331+00:00 TX 01 03 00 20 00 02 C5 C1
2026-07-24T17:50:20.194332+00:00 RX 01 03 04 00 00 09 77 BC 45
2026-07-24T17:50:20.196333+00:00 TX 01 03 01 C4 00 01 C4 0B
2026-07-24T17:50:20.202334+00:00 RX 01 03 02 00 00 B8 44
2026-07-24T17:50:20.253343+00:00 TX 01 03 00 00 00 20 44 12
2026-07-24T17:50:20.298357+00:00 RX 01 03 40 00 00 00 00 00 03 00 00 00 03 00 00 00 00 00 00 00 00 00 00 00 00 00 00 00 01 00 00 01 00 05 0A 00 00 00 00 00 00 00 00 00 00 00 00 00 00 00 00 00 00 00 00 00 00 00 00 FF FF 55 83 FF FF 55 83 C1 89
2026-07-24T17:50:20.300358+00:00 TX 01 03 00 20 00 02 C5 C1
2026-07-24T17:50:20.308360+00:00 RX 01 03 04 00 00 09 78 FC 41
2026-07-24T17:50:20.310360+00:00 TX 01 03 01 C4 00 01 C4 0B
2026-07-24T17:50:20.316361+00:00 RX 01 03 02 00 00 B8 44
2026-07-24T17:50:20.367872+00:00 TX 01 03 00 00 00 20 44 12
2026-07-24T17:50:20.411882+00:00 RX 01 03 40 00 00 00 00 00 03 00 00 00 03 00 00 00 00 00 00 00 00 00 00 00 00 00 00 00 01 00 00 01 00 05 0A 00 00 00 00 00 00 00 00 00 00 00 00 00 00 00 00 00 00 00 00 00 00 00 00 FF FF 54 A4 FF FF 54 A4 B5 D5
2026-07-24T17:50:20.414883+00:00 TX 01 03 00 20 00 02 C5 C1
2026-07-24T17:50:20.421885+00:00 RX 01 03 04 00 00 09 7A 7D 80
2026-07-24T17:50:20.423886+00:00 TX 01 03 01 C4 00 01 C4 0B
2026-07-24T17:50:20.429887+00:00 RX 01 03 02 00 00 B8 44
2026-07-24T17:50:20.480405+00:00 TX 01 03 00 00 00 20 44 12
2026-07-24T17:50:20.525910+00:00 RX 01 03 40 00 00 00 00 00 03 00 00 00 03 00 00 00 00 00 00 00 00 00 00 00 00 00 00 00 01 00 00 01 00 05 0A 00 00 00 00 00 00 00 00 00 00 00 00 00 00 00 00 00 00 00 00 00 00 00 00 FF FF 55 27 FF FF 55 27 B1 EB
2026-07-24T17:50:20.527910+00:00 TX 01 03 00 20 00 02 C5 C1
2026-07-24T17:50:20.535912+00:00 RX 01 03 04 00 00 09 7B BC 40
2026-07-24T17:50:20.537913+00:00 TX 01 03 01 C4 00 01 C4 0B
2026-07-24T17:50:20.544421+00:00 RX 01 03 02 00 00 B8 44
2026-07-24T17:50:20.594935+00:00 TX 01 03 00 00 00 20 44 12
2026-07-24T17:50:20.639995+00:00 RX 01 03 40 00 00 00 00 00 03 00 00 00 03 00 00 00 00 00 00 00 00 00 00 00 00 00 00 00 01 00 00 01 00 05 0A 00 00 00 00 00 00 00 00 00 00 00 00 00 00 00 00 00 00 00 00 00 00 00 00 FF FF 54 64 FF FF 54 64 B5 94
2026-07-24T17:50:20.642996+00:00 TX 01 03 00 20 00 02 C5 C1
2026-07-24T17:50:20.651499+00:00 RX 01 03 04 00 00 09 7C FD 82
2026-07-24T17:50:20.654497+00:00 TX 01 03 01 C4 00 01 C4 0B
2026-07-24T17:50:20.660499+00:00 RX 01 03 02 00 00 B8 44
2026-07-24T17:50:20.711184+00:00 TX 01 03 00 00 00 20 44 12
2026-07-24T17:50:20.756253+00:00 RX 01 03 40 00 00 00 00 00 03 00 00 00 03 00 00 00 00 00 00 00 00 00 00 00 00 00 00 00 01 00 00 01 00 05 0A 00 00 00 00 00 00 00 00 00 00 00 00 00 00 00 00 00 00 00 00 00 00 00 00 FF FF 56 39 FF FF 56 39 99 22
2026-07-24T17:50:20.758254+00:00 TX 01 03 00 20 00 02 C5 C1
2026-07-24T17:50:20.766255+00:00 RX 01 03 04 00 00 09 7D 3C 42
2026-07-24T17:50:20.768256+00:00 TX 01 03 01 C4 00 01 C4 0B
2026-07-24T17:50:20.775257+00:00 RX 01 03 02 00 00 B8 44
2026-07-24T17:50:20.825269+00:00 TX 01 03 00 00 00 20 44 12
2026-07-24T17:50:20.869278+00:00 RX 01 03 40 00 00 00 00 00 03 00 00 00 03 00 00 00 00 00 00 00 00 00 00 00 00 00 00 00 01 00 00 01 00 05 0A 00 00 00 00 00 00 00 00 00 00 00 00 00 00 00 00 00 00 00 00 00 00 00 00 FF FF 57 D1 FF FF 57 D1 F9 3A
2026-07-24T17:50:20.872777+00:00 TX 01 03 00 20 00 02 C5 C1
2026-07-24T17:50:20.879778+00:00 RX 01 03 04 00 00 09 7E 7C 43
2026-07-24T17:50:20.882779+00:00 TX 01 03 01 C4 00 01 C4 0B
2026-07-24T17:50:20.888780+00:00 RX 01 03 02 00 00 B8 44
2026-07-24T17:50:20.939789+00:00 TX 01 03 00 00 00 20 44 12
2026-07-24T17:50:20.984802+00:00 RX 01 03 40 00 00 00 00 00 03 00 00 00 03 00 00 00 00 00 00 00 00 00 00 00 00 00 00 00 01 00 00 01 00 05 0A 00 00 00 00 00 00 00 00 00 00 00 00 00 00 00 00 00 00 00 00 00 00 00 00 FF FF 5B 3F FF FF 5B 3F 94 AD
2026-07-24T17:50:20.986802+00:00 TX 01 03 00 20 00 02 C5 C1
2026-07-24T17:50:20.993804+00:00 RX 01 03 04 00 00 09 7F BD 83
2026-07-24T17:50:20.995806+00:00 TX 01 03 01 C4 00 01 C4 0B
2026-07-24T17:50:21.001806+00:00 RX 01 03 02 00 00 B8 44
2026-07-24T17:50:21.052315+00:00 TX 01 03 00 00 00 20 44 12
2026-07-24T17:50:21.096327+00:00 RX 01 03 40 00 00 00 00 00 03 00 00 00 03 00 00 00 00 00 00 00 00 00 00 00 00 00 00 00 01 00 00 01 00 05 0A 00 00 00 00 00 00 00 00 00 00 00 00 00 00 00 00 00 00 00 00 00 00 00 00 FF FF 5A F3 FF FF 5A F3 84 A9
2026-07-24T17:50:21.098327+00:00 TX 01 03 00 20 00 02 C5 C1
2026-07-24T17:50:21.106329+00:00 RX 01 03 04 00 00 09 81 3C 03
2026-07-24T17:50:21.108330+00:00 TX 01 03 01 C4 00 01 C4 0B
2026-07-24T17:50:21.115332+00:00 RX 01 03 02 00 00 B8 44
2026-07-24T17:50:21.165403+00:00 TX 01 03 00 00 00 20 44 12
2026-07-24T17:50:21.210414+00:00 RX 01 03 40 00 00 00 00 00 03 00 00 00 03 00 00 00 00 00 00 00 00 00 00 00 00 00 00 00 01 00 00 01 00 05 0A 00 00 00 00 00 00 00 00 00 00 00 00 00 00 00 00 00 00 00 00 00 00 00 00 FF FF 55 E3 FF FF 55 E3 41 A9
2026-07-24T17:50:21.213414+00:00 TX 01 03 00 20 00 02 C5 C1
2026-07-24T17:50:21.221416+00:00 RX 01 03 04 00 00 09 82 7C 02
2026-07-24T17:50:21.223417+00:00 TX 01 03 01 C4 00 01 C4 0B
2026-07-24T17:50:21.230418+00:00 RX 01 03 02 00 00 B8 44
2026-07-24T17:50:21.280939+00:00 TX 01 03 00 00 00 20 44 12
2026-07-24T17:50:21.325949+00:00 RX 01 03 40 00 00 00 00 00 03 00 00 00 03 00 00 00 00 00 00 00 00 00 00 00 00 00 00 00 01 00 00 01 00 05 0A 00 00 00 00 00 00 00 00 00 00 00 00 00 00 00 00 00 00 00 00 00 00 00 00 FF FF 56 F6 FF FF 56 F6 8D 66
2026-07-24T17:50:21.327950+00:00 TX 01 03 00 20 00 02 C5 C1
2026-07-24T17:50:21.335951+00:00 RX 01 03 04 00 00 09 83 BD C2
2026-07-24T17:50:21.338949+00:00 TX 01 03 01 C4 00 01 C4 0B
2026-07-24T17:50:21.345951+00:00 RX 01 03 02 00 00 B8 44
2026-07-24T17:50:21.396497+00:00 TX 01 03 00 00 00 20 44 12
2026-07-24T17:50:21.441504+00:00 RX 01 03 40 00 00 00 00 00 03 00 00 00 03 00 00 00 00 00 00 00 00 00 00 00 00 00 00 00 01 00 00 01 00 05 0A 00 00 00 00 00 00 00 00 00 00 00 00 00 00 00 00 00 00 00 00 00 00 00 00 FF FF 56 56 FF FF 56 56 0D 07
2026-07-24T17:50:21.443505+00:00 TX 01 03 00 20 00 02 C5 C1
2026-07-24T17:50:21.451507+00:00 RX 01 03 04 00 00 09 84 FC 00
2026-07-24T17:50:21.454009+00:00 TX 01 03 01 C4 00 01 C4 0B
2026-07-24T17:50:21.460007+00:00 RX 01 03 02 00 00 B8 44
2026-07-24T17:50:21.510018+00:00 TX 01 03 00 00 00 20 44 12
2026-07-24T17:50:21.554527+00:00 RX 01 03 40 00 00 00 00 00 03 00 00 00 03 00 00 00 00 00 00 00 00 00 00 00 00 00 00 00 01 00 00 01 00 05 0A 00 00 00 00 00 00 00 00 00 00 00 00 00 00 00 00 00 00 00 00 00 00 00 00 FF FF 57 5A FF FF 57 5A 1D 42
2026-07-24T17:50:21.556528+00:00 TX 01 03 00 20 00 02 C5 C1
2026-07-24T17:50:21.564530+00:00 RX 01 03 04 00 00 09 85 3D C0
2026-07-24T17:50:21.566530+00:00 TX 01 03 01 C4 00 01 C4 0B
2026-07-24T17:50:21.572531+00:00 RX 01 03 02 00 00 B8 44
2026-07-24T17:50:21.622540+00:00 TX 01 03 00 00 00 20 44 12
2026-07-24T17:50:21.667250+00:00 RX 01 03 40 00 00 00 00 00 03 00 00 00 03 00 00 00 00 00 00 00 00 00 00 00 00 00 00 00 01 00 00 01 00 05 0A 00 00 00 00 00 00 00 00 00 00 00 00 00 00 00 00 00 00 00 00 00 00 00 00 FF FF 55 3E FF FF 55 3E 6D E3
2026-07-24T17:50:21.669250+00:00 TX 01 03 00 20 00 02 C5 C1
2026-07-24T17:50:21.676755+00:00 RX 01 03 04 00 00 09 86 7D C1
2026-07-24T17:50:21.679756+00:00 TX 01 03 01 C4 00 01 C4 0B
2026-07-24T17:50:21.686757+00:00 RX 01 03 02 00 00 B8 44
2026-07-24T17:50:21.737083+00:00 TX 01 03 00 00 00 20 44 12
2026-07-24T17:50:21.781612+00:00 RX 01 03 40 00 00 00 00 00 03 00 00 00 03 00 00 00 00 00 00 00 00 00 00 00 00 00 00 00 01 00 00 01 00 05 0A 00 00 00 00 00 00 00 00 00 00 00 00 00 00 00 00 00 00 00 00 00 00 00 00 FF FF 54 F0 FF FF 54 F0 85 E6
2026-07-24T17:50:21.783612+00:00 TX 01 03 00 20 00 02 C5 C1
2026-07-24T17:50:21.791614+00:00 RX 01 03 04 00 00 09 88 FC 05
2026-07-24T17:50:21.793615+00:00 TX 01 03 01 C4 00 01 C4 0B
2026-07-24T17:50:21.800616+00:00 RX 01 03 02 00 00 B8 44
2026-07-24T17:50:21.850625+00:00 TX 01 03 00 00 00 20 44 12
2026-07-24T17:50:21.895174+00:00 RX 01 03 40 00 00 00 00 00 03 00 00 00 03 00 00 00 00 00 00 00 00 00 00 00 00 00 00 00 01 00 00 01 00 05 0A 00 00 00 00 00 00 00 00 00 00 00 00 00 00 00 00 00 00 00 00 00 00 00 00 FF FF 55 6B FF FF 55 6B A1 D0
2026-07-24T17:50:21.897174+00:00 TX 01 03 00 20 00 02 C5 C1
2026-07-24T17:50:21.906122+00:00 RX 01 03 04 00 00 09 89 3D C5
2026-07-24T17:50:21.908315+00:00 TX 01 03 01 C4 00 01 C4 0B
2026-07-24T17:50:21.915197+00:00 RX 01 03 02 00 00 B8 44
2026-07-24T17:50:21.965777+00:00 TX 01 03 00 00 00 20 44 12
2026-07-24T17:50:22.011788+00:00 RX 01 03 40 00 00 00 00 00 03 00 00 00 03 00 00 00 00 00 00 00 00 00 00 00 00 00 00 00 01 00 00 01 00 05 0A 00 00 00 00 00 00 00 00 00 00 00 00 00 00 00 00 00 00 00 00 00 00 00 00 FF FF 56 A0 FF FF 56 A0 45 54
2026-07-24T17:50:22.013789+00:00 TX 01 03 00 20 00 02 C5 C1
2026-07-24T17:50:22.021791+00:00 RX 01 03 04 00 00 09 8A 7D C4
2026-07-24T17:50:22.023791+00:00 TX 01 03 01 C4 00 01 C4 0B
2026-07-24T17:50:22.029793+00:00 RX 01 03 02 00 00 B8 44
2026-07-24T17:50:22.080390+00:00 TX 01 03 00 00 00 20 44 12
2026-07-24T17:50:22.125992+00:00 RX 01 03 40 00 00 00 00 00 03 00 00 00 03 00 00 00 00 00 00 00 00 00 00 00 00 00 00 00 01 00 00 01 00 05 0A 00 00 00 00 00 00 00 00 00 00 00 00 00 00 00 00 00 00 00 00 00 00 00 00 FF FF 56 D8 FF FF 56 D8 E5 7C
2026-07-24T17:50:22.128571+00:00 TX 01 03 00 20 00 02 C5 C1
2026-07-24T17:50:22.136572+00:00 RX 01 03 04 00 00 09 8B BC 04
2026-07-24T17:50:22.138573+00:00 TX 01 03 01 C4 00 01 C4 0B
2026-07-24T17:50:22.145150+00:00 RX 01 03 02 00 00 B8 44
2026-07-24T17:50:22.196351+00:00 TX 01 03 00 00 00 20 44 12
2026-07-24T17:50:22.240893+00:00 RX 01 03 40 00 00 00 00 00 03 00 00 00 03 00 00 00 00 00 00 00 00 00 00 00 00 00 00 00 01 00 00 01 00 05 0A 00 00 00 00 00 00 00 00 00 00 00 00 00 00 00 00 00 00 00 00 00 00 00 00 FF FF 59 EB FF FF 59 EB A4 62
2026-07-24T17:50:22.243890+00:00 TX 01 03 00 20 00 02 C5 C1
2026-07-24T17:50:22.250892+00:00 RX 01 03 04 00 00 09 8C FD C6
2026-07-24T17:50:22.253893+00:00 TX 01 03 01 C4 00 01 C4 0B
2026-07-24T17:50:22.260396+00:00 RX 01 03 02 00 00 B8 44
2026-07-24T17:50:22.310910+00:00 TX 01 03 00 00 00 20 44 12
2026-07-24T17:50:22.356423+00:00 RX 01 03 40 00 00 00 00 00 03 00 00 00 03 00 00 00 00 00 00 00 00 00 00 00 00 00 00 00 01 00 00 01 00 05 0A 00 00 00 00 00 00 00 00 00 00 00 00 00 00 00 00 00 00 00 00 00 00 00 00 FF FF 58 5A FF FF 58 5A 18 4D
2026-07-24T17:50:22.359421+00:00 TX 01 03 00 20 00 02 C5 C1
2026-07-24T17:50:22.367423+00:00 RX 01 03 04 00 00 09 8D 3C 06
2026-07-24T17:50:22.369423+00:00 TX 01 03 01 C4 00 01 C4 0B
2026-07-24T17:50:22.376424+00:00 RX 01 03 02 00 00 B8 44
2026-07-24T17:50:22.426551+00:00 TX 01 03 00 00 00 20 44 12
2026-07-24T17:50:22.471616+00:00 RX 01 03 40 00 00 00 00 00 03 00 00 00 03 00 00 00 00 00 00 00 00 00 00 00 00 00 00 00 01 00 00 01 00 05 0A 00 00 00 00 00 00 00 00 00 00 00 00 00 00 00 00 00 00 00 00 00 00 00 00 FF FF 58 3E FF FF 58 3E 68 6E
2026-07-24T17:50:22.474118+00:00 TX 01 03 00 20 00 02 C5 C1
2026-07-24T17:50:22.481120+00:00 RX 01 03 04 00 00 09 8F BD C7
2026-07-24T17:50:22.484121+00:00 TX 01 03 01 C4 00 01 C4 0B
2026-07-24T17:50:22.490119+00:00 RX 01 03 02 00 00 B8 44
2026-07-24T17:50:22.541670+00:00 TX 01 03 00 00 00 20 44 12
2026-07-24T17:50:22.586677+00:00 RX 01 03 40 00 00 00 00 00 03 00 00 00 03 00 00 00 00 00 00 00 00 00 00 00 00 00 00 00 01 00 00 01 00 05 0A 00 00 00 00 00 00 00 00 00 00 00 00 00 00 00 00 00 00 00 00 00 00 00 00 FF FF 58 85 FF FF 58 85 CC 06
2026-07-24T17:50:22.588677+00:00 TX 01 03 00 20 00 02 C5 C1
2026-07-24T17:50:22.596679+00:00 RX 01 03 04 00 00 09 90 FC 0F
2026-07-24T17:50:22.598680+00:00 TX 01 03 01 C4 00 01 C4 0B
2026-07-24T17:50:22.605682+00:00 RX 01 03 02 00 00 B8 44
2026-07-24T17:50:22.656820+00:00 TX 01 03 00 00 00 20 44 12
2026-07-24T17:50:22.702374+00:00 RX 01 03 40 00 00 00 00 00 03 00 00 00 03 00 00 00 00 00 00 00 00 00 00 00 00 00 00 00 01 00 00 01 00 05 0A 00 00 00 00 00 00 00 00 00 00 00 00 00 00 00 00 00 00 00 00 00 00 00 00 FF FF 59 44 FF FF 59 44 30 06
2026-07-24T17:50:22.704374+00:00 TX 01 03 00 20 00 02 C5 C1
2026-07-24T17:50:22.712376+00:00 RX 01 03 04 00 00 09 91 3D CF
2026-07-24T17:50:22.714377+00:00 TX 01 03 01 C4 00 01 C4 0B
2026-07-24T17:50:22.720378+00:00 RX 01 03 02 00 00 B8 44
2026-07-24T17:50:22.770709+00:00 TX 01 03 00 00 00 20 44 12
2026-07-24T17:50:22.814929+00:00 RX 01 03 40 00 00 00 00 00 03 00 00 00 03 00 00 00 00 00 00 00 00 00 00 00 00 00 00 00 01 00 00 01 00 05 0A 00 00 00 00 00 00 00 00 00 00 00 00 00 00 00 00 00 00 00 00 00 00 00 00 FF FF 58 74 FF FF 58 74 70 57
2026-07-24T17:50:22.816929+00:00 TX 01 03 00 20 00 02 C5 C1
2026-07-24T17:50:22.823931+00:00 RX 01 03 04 00 00 09 92 7D CE
2026-07-24T17:50:22.825931+00:00 TX 01 03 01 C4 00 01 C4 0B
2026-07-24T17:50:22.831932+00:00 RX 01 03 02 00 00 B8 44
2026-07-24T17:50:22.882514+00:00 TX 01 03 00 00 00 20 44 12
2026-07-24T17:50:22.927525+00:00 RX 01 03 40 00 00 00 00 00 03 00 00 00 03 00 00 00 00 00 00 00 00 00 00 00 00 00 00 00 01 00 00 01 00 05 0A 00 00 00 00 00 00 00 00 00 00 00 00 00 00 00 00 00 00 00 00 00 00 00 00 FF FF 55 EA FF FF 55 EA 5D AE
2026-07-24T17:50:22.929525+00:00 TX 01 03 00 20 00 02 C5 C1
2026-07-24T17:50:22.937527+00:00 RX 01 03 04 00 00 09 93 BC 0E
2026-07-24T17:50:22.939527+00:00 TX 01 03 01 C4 00 01 C4 0B
2026-07-24T17:50:22.946527+00:00 RX 01 03 02 00 00 B8 44
2026-07-24T17:50:22.997041+00:00 TX 01 03 00 00 00 20 44 12
2026-07-24T17:50:23.041900+00:00 RX 01 03 40 00 00 00 00 00 03 00 00 00 03 00 00 00 00 00 00 00 00 00 00 00 00 00 00 00 01 00 00 01 00 05 0A 00 00 00 00 00 00 00 00 00 00 00 00 00 00 00 00 00 00 00 00 00 00 00 00 FF FF 57 08 FF FF 57 08 25 73
2026-07-24T17:50:23.044898+00:00 TX 01 03 00 20 00 02 C5 C1
2026-07-24T17:50:23.051899+00:00 RX 01 03 04 00 00 09 94 FD CC
2026-07-24T17:50:23.053900+00:00 TX 01 03 01 C4 00 01 C4 0B
2026-07-24T17:50:23.060404+00:00 RX 01 03 02 00 00 B8 44
2026-07-24T17:50:23.110420+00:00 TX 01 03 00 00 00 20 44 12
2026-07-24T17:50:23.155023+00:00 RX 01 03 40 00 00 00 00 00 03 00 00 00 03 00 00 00 00 00 00 00 00 00 00 00 00 00 00 00 01 00 00 01 00 05 0A 00 00 00 00 00 00 00 00 00 00 00 00 00 00 00 00 00 00 00 00 00 00 00 00 FF FF 5B 36 FF FF 5B 36 88 AA
2026-07-24T17:50:23.157023+00:00 TX 01 03 00 20 00 02 C5 C1
2026-07-24T17:50:23.164527+00:00 RX 01 03 04 00 00 09 96 7C 0D
2026-07-24T17:50:23.166528+00:00 TX 01 03 01 C4 00 01 C4 0B
2026-07-24T17:50:23.173530+00:00 RX 01 03 02 00 00 B8 44
2026-07-24T17:50:23.224042+00:00 TX 01 03 00 00 00 20 44 12
2026-07-24T17:50:23.725756+00:00 RX
