utc,host_monotonic_ns,firmware,map,display_count,display_decimals,status_flags,net_ug,gross_ug,tare_ug,raw_adc,filtered_raw,sample_sequence,mcu_uptime_ms,official_stable,official_overload,profile,sample_rate,gain,cs1237_state,buffered_samples,overrun_count,dirty,revision,saved_revision,fault_mask,calibration_valid,display_condition_state,display_locked,conditioned_display_ug,display_anchor_ug,shadow_static_class,shadow_static_reason,shadow_dynamic_class,shadow_dynamic_reason,shadow_valid,low_limit_ug,high_limit_ug,guarded_mode,guarded_generation,guarded_reason,formal_state,guarded_armed,green,yellow,red,internal_buzzer,external_buzzer,r5_application,r5_mode,r5_state,r5_offset_ug,r5_reference_ug,r5_rebase
2026-09-23T08:52:34.850Z,324740343000000,0x0517,0x0104,-10,2,63,-105875,-105875,0,-43957,-43953,2753,276562,1,0,0,0,3,4,0,0,0,8,8,0,1,2,1,-100000,-100000,2,0,2,0,1,0,0,0,0,0,0,0,0,0,0,0,0,0,0,0,0,0,0
2026-09-23T08:52:35.192Z,324740687000000,0x0517,0x0104,-10,2,63,-102496,-102496,0,-43960,-43956,2756,276855,1,0,0,0,3,4,0,0,0,8,8,0,1,2,1,-100000,-100000,2,0,2,0,1,0,0,0,0,0,0,0,0,0,0,0,0,0,0,0,0,0,0
2026-09-23T08:52:35.534Z,324741031000000,0x0517,0x0104,-10,2,63,-99117,-99117,0,-43947,-43959,2759,277197,1,0,0,0,3,4,0,0,0,8,8,0,1,2,1,-100000,-100000,2,0,2,0,1,0,0,0,0,0,0,0,0,0,0,0,0,0,0,0,0,0,0
2026-09-23T08:52:35.873Z,324741375000000,0x0517,0x0104,-10,2,63,-101370,-101370,0,-43967,-43957,2763,277554,1,0,0,0,3,4,0,0,0,8,8,0,1,2,1,-100000,-100000,2,0,2,0,1,0,0,0,0,0,0,0,0,0,0,0,0,0,0,0,0,0,0
2026-09-23T08:52:36.215Z,324741718000000,0x0517,0x0104,-10,2,63,-99117,-99117,0,-43950,-43959,2766,277878,1,0,0,0,3,4,0,0,0,8,8,0,1,2,1,-100000,-100000,2,0,2,0,1,0,0,0,0,0,0,0,0,0,0,0,0,0,0,0,0,0,0
2026-09-23T08:52:36.551Z,324742046000000,0x0517,0x0104,-10,2,63,-95738,-95738,0,-43956,-43962,2770,278261,1,0,0,0,3,4,0,0,0,8,8,0,1,2,1,-100000,-100000,2,0,2,0,1,0,0,0,0,0,0,0,0,0,0,0,0,0,0,0,0,0,0
2026-09-23T08:52:36.891Z,324742390000000,0x0517,0x0104,-10,2,63,-92359,-92359,0,-43961,-43965,2773,278557,1,0,0,0,3,4,0,0,0,8,8,0,1,2,1,-100000,-100000,2,0,2,0,1,0,0,0,0,0,0,0,0,0,0,0,0,0,0,0,0,0,0
2026-09-23T08:52:37.233Z,324742734000000,0x0517,0x0104,-10,2,63,-91233,-91233,0,-43949,-43966,2776,278896,1,0,0,0,3,4,0,0,0,8,8,0,1,2,1,-100000,-100000,2,0,2,0,1,0,0,0,0,0,0,0,0,0,0,0,0,0,0,0,0,0,0
2026-09-23T08:52:37.572Z,324743078000000,0x0517,0x0104,-10,2,63,-92359,-92359,0,-43973,-43965,2780,279278,1,0,0,0,3,4,0,0,0,8,8,0,1,2,1,-100000,-100000,2,0,2,0,1,0,0,0,0,0,0,0,0,0,0,0,0,0,0,0,0,0,0
2026-09-23T08:52:37.915Z,324743421000000,0x0517,0x0104,-10,2,63,-91233,-91233,0,-43964,-43966,2783,279578,1,0,0,0,3,4,0,0,0,8,8,0,1,2,1,-100000,-100000,2,0,2,0,1,0,0,0,0,0,0,0,0,0,0,0,0,0,0,0,0,0,0
2026-09-23T08:52:38.254Z,324743750000000,0x0517,0x0104,-10,2,63,-90107,-90107,0,-43988,-43967,2787,279961,1,0,0,0,3,4,0,0,0,8,8,0,1,2,1,-100000,-100000,2,0,2,0,1,0,0,0,0,0,0,0,0,0,0,0,0,0,0,0,0,0,0
2026-09-23T08:52:38.594Z,324744093000000,0x0517,0x0104,-10,2,63,-86728,-86728,0,-43945,-43970,2790,280259,1,0,0,0,3,4,0,0,0,8,8,0,1,2,1,-100000,-100000,2,0,2,0,1,0,0,0,0,0,0,0,0,0,0,0,0,0,0,0,0,0,0
2026-09-23T08:52:38.935Z,324744437000000,0x0517,0x0104,-10,2,63,-92359,-92359,0,-43962,-43965,2793,280599,1,0,0,0,3,4,0,0,0,8,8,0,1,2,1,-100000,-100000,2,0,2,0,1,0,0,0,0,0,0,0,0,0,0,0,0,0,0,0,0,0,0
2026-09-23T08:52:39.277Z,324744781000000,0x0517,0x0104,-10,2,63,-93486,-93486,0,-43950,-43964,2797,280981,1,0,0,0,3,4,0,0,0,8,8,0,1,2,1,-100000,-100000,2,0,2,0,1,0,0,0,0,0,0,0,0,0,0,0,0,0,0,0,0,0,0
2026-09-23T08:52:39.620Z,324745125000000,0x0517,0x0104,-10,2,63,-91233,-91233,0,-43960,-43966,2800,281282,1,0,0,0,3,4,0,0,0,8,8,0,1,2,1,-100000,-100000,2,0,2,0,1,0,0,0,0,0,0,0,0,0,0,0,0,0,0,0,0,0,0
2026-09-23T08:52:39.958Z,324745453000000,0x0517,0x0104,-10,2,63,-95738,-95738,0,-43955,-43962,2804,281667,1,0,0,0,3,4,0,0,0,8,8,0,1,2,1,-100000,-100000,2,0,2,0,1,0,0,0,0,0,0,0,0,0,0,0,0,0,0,0,0,0,0
2026-09-23T08:52:40.298Z,324745796000000,0x0517,0x0104,-10,2,63,-96865,-96865,0,-43961,-43961,2807,281963,1,0,0,0,3,4,0,0,0,8,8,0,1,2,1,-100000,-100000,2,0,2,0,1,0,0,0,0,0,0,0,0,0,0,0,0,0,0,0,0,0,0
2026-09-23T08:52:40.636Z,324746140000000,0x0517,0x0104,-10,2,63,-99117,-99117,0,-43961,-43959,2810,282304,1,0,0,0,3,4,0,0,0,8,8,0,1,2,1,-100000,-100000,2,0,2,0,1,0,0,0,0,0,0,0,0,0,0,0,0,0,0,0,0,0,0
2026-09-23T08:52:40.974Z,324746468000000,0x0517,0x0104,-10,2,63,-94612,-94612,0,-43969,-43963,2814,282682,1,0,0,0,3,4,0,0,0,8,8,0,1,2,1,-100000,-100000,2,0,2,0,1,0,0,0,0,0,0,0,0,0,0,0,0,0,0,0,0,0,0
2026-09-23T08:52:41.313Z,324746812000000,0x0517,0x0104,-10,2,63,-95738,-95738,0,-43959,-43962,2817,282979,1,0,0,0,3,4,0,0,0,8,8,0,1,2,1,-100000,-100000,2,0,2,0,1,0,0,0,0,0,0,0,0,0,0,0,0,0,0,0,0,0,0
2026-09-23T08:52:41.650Z,324747156000000,0x0517,0x0104,-10,2,63,-95738,-95738,0,-43964,-43962,2821,283364,1,0,0,0,3,4,0,0,0,8,8,0,1,2,1,-100000,-100000,2,0,2,0,1,0,0,0,0,0,0,0,0,0,0,0,0,0,0,0,0,0,0
2026-09-23T08:52:41.990Z,324747484000000,0x0517,0x0104,-10,2,63,-92359,-92359,0,-43982,-43965,2824,283665,1,0,0,0,3,4,0,0,0,8,8,0,1,2,1,-100000,-100000,2,0,2,0,1,0,0,0,0,0,0,0,0,0,0,0,0,0,0,0,0,0,0
2026-09-23T08:52:42.326Z,324747828000000,0x0517,0x0104,-10,2,63,-90107,-90107,0,-43950,-43967,2827,283996,1,0,0,0,3,4,0,0,0,8,8,0,1,2,1,-100000,-100000,2,0,2,0,1,0,0,0,0,0,0,0,0,0,0,0,0,0,0,0,0,0,0
2026-09-23T08:52:42.662Z,324748156000000,0x0517,0x0104,-10,2,63,-93486,-93486,0,-43954,-43964,2831,284374,1,0,0,0,3,4,0,0,0,8,8,0,1,2,1,-100000,-100000,2,0,2,0,1,0,0,0,0,0,0,0,0,0,0,0,0,0,0,0,0,0,0
2026-09-23T08:52:43.000Z,324748500000000,0x0517,0x0104,-10,2,63,-96865,-96865,0,-43955,-43961,2834,284667,1,0,0,0,3,4,0,0,0,8,8,0,1,2,1,-100000,-100000,2,0,2,0,1,0,0,0,0,0,0,0,0,0,0,0,0,0,0,0,0,0,0
2026-09-23T08:52:43.341Z,324748843000000,0x0517,0x0104,-10,2,63,-96865,-96865,0,-43957,-43961,2837,285005,1,0,0,0,3,4,0,0,0,8,8,0,1,2,1,-100000,-100000,2,0,2,0,1,0,0,0,0,0,0,0,0,0,0,0,0,0,0,0,0,0,0
2026-09-23T08:52:43.679Z,324749187000000,0x0517,0x0104,-10,2,63,-100244,-100244,0,-43955,-43958,2841,285387,1,0,0,0,3,4,0,0,0,8,8,0,1,2,1,-100000,-100000,2,0,2,0,1,0,0,0,0,0,0,0,0,0,0,0,0,0,0,0,0,0,0
2026-09-23T08:52:44.024Z,324749531000000,0x0517,0x0104,-10,2,63,-103623,-103623,0,-43948,-43955,2844,285685,1,0,0,0,3,4,0,0,0,8,8,0,1,2,1,-100000,-100000,2,0,2,0,1,0,0,0,0,0,0,0,0,0,0,0,0,0,0,0,0,0,0
2026-09-23T08:52:44.360Z,324749859000000,0x0517,0x0104,-10,2,63,-108128,-108128,0,-43940,-43951,2848,286070,1,0,0,0,3,4,0,0,0,8,8,0,1,2,1,-100000,-100000,2,0,2,0,1,0,0,0,0,0,0,0,0,0,0,0,0,0,0,0,0,0,0
2026-09-23T08:52:44.699Z,324750203000000,0x0517,0x0104,-10,2,63,-110381,-110381,0,-43953,-43949,2851,286370,1,0,0,0,3,4,0,0,0,8,8,0,1,2,1,-100000,-100000,2,0,2,0,1,0,0,0,0,0,0,0,0,0,0,0,0,0,0,0,0,0,0
2026-09-23T08:52:45.043Z,324750546000000,0x0517,0x0104,-10,2,63,-107002,-107002,0,-43978,-43952,2854,286706,1,0,0,0,3,4,0,0,0,8,8,0,1,2,1,-100000,-100000,2,0,2,0,1,0,0,0,0,0,0,0,0,0,0,0,0,0,0,0,0,0,0
2026-09-23T08:52:45.381Z,324750875000000,0x0517,0x0104,-10,2,63,-99117,-99117,0,-43947,-43959,2858,287090,1,0,0,0,3,4,0,0,0,8,8,0,1,2,1,-100000,-100000,2,0,2,0,1,0,0,0,0,0,0,0,0,0,0,0,0,0,0,0,0,0,0
2026-09-23T08:52:45.719Z,324751218000000,0x0517,0x0104,-10,2,63,-102496,-102496,0,-43963,-43956,2861,287387,1,0,0,0,3,4,0,0,0,8,8,0,1,2,1,-100000,-100000,2,0,2,0,1,0,0,0,0,0,0,0,0,0,0,0,0,0,0,0,0,0,0
2026-09-23T08:52:46.054Z,324751546000000,0x0517,0x0104,-10,2,63,-96865,-96865,0,-43966,-43961,2865,287773,1,0,0,0,3,4,0,0,0,8,8,0,1,2,1,-100000,-100000,2,0,2,0,1,0,0,0,0,0,0,0,0,0,0,0,0,0,0,0,0,0,0
2026-09-23T08:52:46.393Z,324751890000000,0x0517,0x0104,-10,2,63,-93486,-93486,0,-43957,-43964,2868,288073,1,0,0,0,3,4,0,0,0,8,8,0,1,2,1,-100000,-100000,2,0,2,0,1,0,0,0,0,0,0,0,0,0,0,0,0,0,0,0,0,0,0
2026-09-23T08:52:46.733Z,324752234000000,0x0517,0x0104,-10,2,63,-92359,-92359,0,-43948,-43965,2871,288400,1,0,0,0,3,4,0,0,0,8,8,0,1,2,1,-100000,-100000,2,0,2,0,1,0,0,0,0,0,0,0,0,0,0,0,0,0,0,0,0,0,0
2026-09-23T08:52:47.071Z,324752578000000,0x0517,0x0104,-10,2,63,-91233,-91233,0,-43953,-43966,2875,288779,1,0,0,0,3,4,0,0,0,8,8,0,1,2,1,-100000,-100000,2,0,2,0,1,0,0,0,0,0,0,0,0,0,0,0,0,0,0,0,0,0,0
2026-09-23T08:52:47.412Z,324752906000000,0x0517,0x0104,-10,2,63,-94612,-94612,0,-43962,-43963,2878,289077,1,0,0,0,3,4,0,0,0,8,8,0,1,2,1,-100000,-100000,2,0,2,0,1,0,0,0,0,0,0,0,0,0,0,0,0,0,0,0,0,0,0
2026-09-23T08:52:47.751Z,324753250000000,0x0517,0x0104,-10,2,63,-95738,-95738,0,-43965,-43962,2881,289418,1,0,0,0,3,4,0,0,0,8,8,0,1,2,1,-100000,-100000,2,0,2,0,1,0,0,0,0,0,0,0,0,0,0,0,0,0,0,0,0,0,0
2026-09-23T08:52:48.091Z,324753593000000,0x0517,0x0104,-10,2,63,-97991,-97991,0,-43974,-43960,2885,289798,1,0,0,0,3,4,0,0,0,8,8,0,1,2,1,-100000,-100000,2,0,2,0,1,0,0,0,0,0,0,0,0,0,0,0,0,0,0,0,0,0,0
2026-09-23T08:52:48.435Z,324753937000000,0x0517,0x0104,-10,2,63,-94612,-94612,0,-43956,-43963,2888,290095,1,0,0,0,3,4,0,0,0,8,8,0,1,2,1,-100000,-100000,2,0,2,0,1,0,0,0,0,0,0,0,0,0,0,0,0,0,0,0,0,0,0
2026-09-23T08:52:48.766Z,324754265000000,0x0517,0x0104,-10,2,63,-94612,-94612,0,-43979,-43963,2892,290481,1,0,0,0,3,4,0,0,0,8,8,0,1,2,1,-100000,-100000,2,0,2,0,1,0,0,0,0,0,0,0,0,0,0,0,0,0,0,0,0,0,0
2026-09-23T08:52:49.105Z,324754609000000,0x0517,0x0104,-10,2,63,-93486,-93486,0,-43957,-43964,2895,290777,1,0,0,0,3,4,0,0,0,8,8,0,1,2,1,-100000,-100000,2,0,2,0,1,0,0,0,0,0,0,0,0,0,0,0,0,0,0,0,0,0,0
2026-09-23T08:52:49.439Z,324754937000000,0x0517,0x0104,-10,2,63,-96865,-96865,0,-43961,-43961,2898,291110,1,0,0,0,3,4,0,0,0,8,8,0,1,2,1,-100000,-100000,2,0,2,0,1,0,0,0,0,0,0,0,0,0,0,0,0,0,0,0,0,0,0
2026-09-23T08:52:49.776Z,324755281000000,0x0517,0x0104,-10,2,63,-91233,-91233,0,-43966,-43966,2902,291487,1,0,0,0,3,4,0,0,0,8,8,0,1,2,1,-100000,-100000,2,0,2,0,1,0,0,0,0,0,0,0,0,0,0,0,0,0,0,0,0,0,0
2026-09-23T08:52:50.116Z,324755609000000,0x0517,0x0104,-10,2,63,-92359,-92359,0,-43961,-43965,2905,291782,1,0,0,0,3,4,0,0,0,8,8,0,1,2,1,-100000,-100000,2,0,2,0,1,0,0,0,0,0,0,0,0,0,0,0,0,0,0,0,0,0,0
2026-09-23T08:52:50.455Z,324755953000000,0x0517,0x0104,-10,2,63,-95738,-95738,0,-43965,-43962,2908,292123,1,0,0,0,3,4,0,0,0,8,8,0,1,2,1,-100000,-100000,2,0,2,0,1,0,0,0,0,0,0,0,0,0,0,0,0,0,0,0,0,0,0
2026-09-23T08:52:50.793Z,324756296000000,0x0517,0x0104,-10,2,63,-97991,-97991,0,-43952,-43960,2912,292503,1,0,0,0,3,4,0,0,0,8,8,0,1,2,1,-100000,-100000,2,0,2,0,1,0,0,0,0,0,0,0,0,0,0,0,0,0,0,0,0,0,0
2026-09-23T08:52:51.139Z,324756640000000,0x0517,0x0104,-10,2,63,-99117,-99117,0,-43944,-43959,2915,292799,1,0,0,0,3,4,0,0,0,8,8,0,1,2,1,-100000,-100000,2,0,2,0,1,0,0,0,0,0,0,0,0,0,0,0,0,0,0,0,0,0,0
2026-09-23T08:52:51.477Z,324756984000000,0x0517,0x0104,-10,2,63,-103623,-103623,0,-43950,-43955,2919,293187,1,0,0,0,3,4,0,0,0,8,8,0,1,2,1,-100000,-100000,2,0,2,0,1,0,0,0,0,0,0,0,0,0,0,0,0,0,0,0,0,0,0
2026-09-23T08:52:51.816Z,324757312000000,0x0517,0x0104,-10,2,63,-105875,-105875,0,-43946,-43953,2922,293484,1,0,0,0,3,4,0,0,0,8,8,0,1,2,1,-100000,-100000,2,0,2,0,1,0,0,0,0,0,0,0,0,0,0,0,0,0,0,0,0,0,0
2026-09-23T08:52:52.157Z,324757656000000,0x0517,0x0104,-10,2,63,-110381,-110381,0,-43942,-43949,2925,293822,1,0,0,0,3,4,0,0,0,8,8,0,1,2,1,-100000,-100000,2,0,2,0,1,0,0,0,0,0,0,0,0,0,0,0,0,0,0,0,0,0,0
2026-09-23T08:52:52.495Z,324758000000000,0x0517,0x0104,-10,2,63,-108128,-108128,0,-43964,-43951,2929,294204,1,0,0,0,3,4,0,0,0,8,8,0,1,2,1,-100000,-100000,2,0,2,0,1,0,0,0,0,0,0,0,0,0,0,0,0,0,0,0,0,0,0
2026-09-23T08:52:52.833Z,324758328000000,0x0517,0x0104,-10,2,63,-107002,-107002,0,-43940,-43952,2932,294502,1,0,0,0,3,4,0,0,0,8,8,0,1,2,1,-100000,-100000,2,0,2,0,1,0,0,0,0,0,0,0,0,0,0,0,0,0,0,0,0,0,0
2026-09-23T08:52:53.170Z,324758671000000,0x0517,0x0104,-10,2,63,-109254,-109254,0,-43962,-43950,2936,294885,1,0,0,0,3,4,0,0,0,8,8,0,1,2,1,-100000,-100000,2,0,2,0,1,0,0,0,0,0,0,0,0,0,0,0,0,0,0,0,0,0,0
2026-09-23T08:52:53.510Z,324759015000000,0x0517,0x0104,-10,2,63,-107002,-107002,0,-43940,-43952,2939,295186,1,0,0,0,3,4,0,0,0,8,8,0,1,2,1,-100000,-100000,2,0,2,0,1,0,0,0,0,0,0,0,0,0,0,0,0,0,0,0,0,0,0
2026-09-23T08:52:53.848Z,324759343000000,0x0517,0x0104,-10,2,63,-111507,-111507,0,-43941,-43948,2942,295516,1,0,0,0,3,4,0,0,0,8,8,0,1,2,1,-100000,-100000,2,0,2,0,1,0,0,0,0,0,0,0,0,0,0,0,0,0,0,0,0,0,0
2026-09-23T08:52:54.187Z,324759687000000,0x0517,0x0104,-10,2,63,-113760,-113760,0,-43946,-43946,2946,295895,1,0,0,0,3,4,0,0,0,8,8,0,1,2,1,-100000,-100000,2,0,2,0,1,0,0,0,0,0,0,0,0,0,0,0,0,0,0,0,0,0,0
2026-09-23T08:52:54.526Z,324760031000000,0x0517,0x0104,-10,2,63,-111507,-111507,0,-43962,-43948,2949,296192,1,0,0,0,3,4,0,0,0,8,8,0,1,2,1,-100000,-100000,2,0,2,0,1,0,0,0,0,0,0,0,0,0,0,0,0,0,0,0,0,0,0
2026-09-23T08:52:54.865Z,324760359000000,0x0517,0x0104,-10,2,63,-107002,-107002,0,-43939,-43952,2952,296532,1,0,0,0,3,4,0,0,0,8,8,0,1,2,1,-100000,-100000,2,0,2,0,1,0,0,0,0,0,0,0,0,0,0,0,0,0,0,0,0,0,0
2026-09-23T08:52:55.203Z,324760703000000,0x0517,0x0104,-10,2,63,-110381,-110381,0,-43950,-43949,2956,296912,1,0,0,0,3,4,0,0,0,8,8,0,1,2,1,-100000,-100000,2,0,2,0,1,0,0,0,0,0,0,0,0,0,0,0,0,0,0,0,0,0,0
2026-09-23T08:52:55.544Z,324761046000000,0x0517,0x0104,-10,2,63,-107002,-107002,0,-43948,-43952,2959,297210,1,0,0,0,3,4,0,0,0,8,8,0,1,2,1,-100000,-100000,2,0,2,0,1,0,0,0,0,0,0,0,0,0,0,0,0,0,0,0,0,0,0
2026-09-23T08:52:55.886Z,324761390000000,0x0517,0x0104,-10,2,63,-107002,-107002,0,-43947,-43952,2963,297591,1,0,0,0,3,4,0,0,0,8,8,0,1,2,1,-100000,-100000,2,0,2,0,1,0,0,0,0,0,0,0,0,0,0,0,0,0,0,0,0,0,0
2026-09-23T08:52:56.226Z,324761734000000,0x0517,0x0104,-10,2,63,-103623,-103623,0,-43970,-43955,2966,297893,1,0,0,0,3,4,0,0,0,8,8,0,1,2,1,-100000,-100000,2,0,2,0,1,0,0,0,0,0,0,0,0,0,0,0,0,0,0,0,0,0,0
2026-09-23T08:52:56.568Z,324762062000000,0x0517,0x0104,-10,2,63,-103623,-103623,0,-43946,-43955,2969,298234,1,0,0,0,3,4,0,0,0,8,8,0,1,2,1,-100000,-100000,2,0,2,0,1,0,0,0,0,0,0,0,0,0,0,0,0,0,0,0,0,0,0
2026-09-23T08:52:56.907Z,324762406000000,0x0517,0x0104,-10,2,63,-101370,-101370,0,-43942,-43957,2973,298616,1,0,0,0,3,4,0,0,0,8,8,0,1,2,1,-100000,-100000,2,0,2,0,1,0,0,0,0,0,0,0,0,0,0,0,0,0,0,0,0,0,0
2026-09-23T08:52:57.251Z,324762750000000,0x0517,0x0104,-10,2,63,-101370,-101370,0,-43958,-43957,2976,298914,1,0,0,0,3,4,0,0,0,8,8,0,1,2,1,-100000,-100000,2,0,2,0,1,0,0,0,0,0,0,0,0,0,0,0,0,0,0,0,0,0,0
2026-09-23T08:52:57.589Z,324763093000000,0x0517,0x0104,-10,2,63,-95738,-95738,0,-43961,-43962,2980,299299,1,0,0,0,3,4,0,0,0,8,8,0,1,2,1,-100000,-100000,2,0,2,0,1,0,0,0,0,0,0,0,0,0,0,0,0,0,0,0,0,0,0
2026-09-23T08:52:57.929Z,324763421000000,0x0517,0x0104,-10,2,63,-92359,-92359,0,-43960,-43965,2983,299596,1,0,0,0,3,4,0,0,0,8,8,0,1,2,1,-100000,-100000,2,0,2,0,1,0,0,0,0,0,0,0,0,0,0,0,0,0,0,0,0,0,0
2026-09-23T08:52:58.272Z,324763765000000,0x0517,0x0104,-10,2,63,-91233,-91233,0,-43970,-43966,2986,299936,1,0,0,0,3,4,0,0,0,8,8,0,1,2,1,-100000,-100000,2,0,2,0,1,0,0,0,0,0,0,0,0,0,0,0,0,0,0,0,0,0,0
2026-09-23T08:52:58.611Z,324764109000000,0x0517,0x0104,-10,2,63,-87854,-87854,0,-43984,-43969,2990,300319,1,0,0,0,3,4,0,0,0,8,8,0,1,2,1,-100000,-100000,2,0,2,0,1,0,0,0,0,0,0,0,0,0,0,0,0,0,0,0,0,0,0
2026-09-23T08:52:58.954Z,324764453000000,0x0517,0x0104,-10,2,63,-85601,-85601,0,-43961,-43971,2993,300618,1,0,0,0,3,4,0,0,0,8,8,0,1,2,1,-100000,-100000,2,0,2,0,1,0,0,0,0,0,0,0,0,0,0,0,0,0,0,0,0,0,0
2026-09-23T08:52:59.292Z,324764796000000,0x0517,0x0104,-10,2,63,-93486,-93486,0,-43947,-43964,2997,301002,1,0,0,0,3,4,0,0,0,8,8,0,1,2,1,-100000,-100000,2,0,2,0,1,0,0,0,0,0,0,0,0,0,0,0,0,0,0,0,0,0,0
2026-09-23T08:52:59.629Z,324765125000000,0x0517,0x0104,-10,2,63,-100244,-100244,0,-43956,-43958,3000,301299,1,0,0,0,3,4,0,0,0,8,8,0,1,2,1,-100000,-100000,2,0,2,0,1,0,0,0,0,0,0,0,0,0,0,0,0,0,0,0,0,0,0
2026-09-23T08:52:59.966Z,324765468000000,0x0517,0x0104,-10,2,63,-100244,-100244,0,-43940,-43958,3003,301637,1,0,0,0,3,4,0,0,0,8,8,0,1,2,1,-100000,-100000,2,0,2,0,1,0,0,0,0,0,0,0,0,0,0,0,0,0,0,0,0,0,0
2026-09-23T08:53:00.308Z,324765812000000,0x0517,0x0104,-10,2,63,-101370,-101370,0,-43971,-43957,3007,302015,1,0,0,0,3,4,0,0,0,8,8,0,1,2,1,-100000,-100000,2,0,2,0,1,0,0,0,0,0,0,0,0,0,0,0,0,0,0,0,0,0,0
2026-09-23T08:53:00.647Z,324766140000000,0x0517,0x0104,-10,2,63,-96865,-96865,0,-43953,-43961,3010,302314,1,0,0,0,3,4,0,0,0,8,8,0,1,2,1,-100000,-100000,2,0,2,0,1,0,0,0,0,0,0,0,0,0,0,0,0,0,0,0,0,0,0
2026-09-23T08:53:00.983Z,324766484000000,0x0517,0x0104,-10,2,63,-93486,-93486,0,-43971,-43964,3014,302700,1,0,0,0,3,4,0,0,0,8,8,0,1,2,1,-100000,-100000,2,0,2,0,1,0,0,0,0,0,0,0,0,0,0,0,0,0,0,0,0,0,0
2026-09-23T08:53:01.322Z,324766828000000,0x0517,0x0104,-10,2,63,-94612,-94612,0,-43942,-43963,3017,303000,1,0,0,0,3,4,0,0,0,8,8,0,1,2,1,-100000,-100000,2,0,2,0,1,0,0,0,0,0,0,0,0,0,0,0,0,0,0,0,0,0,0
2026-09-23T08:53:01.661Z,324767156000000,0x0517,0x0104,-10,2,63,-100244,-100244,0,-43948,-43958,3020,303328,1,0,0,0,3,4,0,0,0,8,8,0,1,2,1,-100000,-100000,2,0,2,0,1,0,0,0,0,0,0,0,0,0,0,0,0,0,0,0,0,0,0
2026-09-23T08:53:01.997Z,324767500000000,0x0517,0x0104,-10,2,63,-107002,-107002,0,-43956,-43952,3024,303709,1,0,0,0,3,4,0,0,0,8,8,0,1,2,1,-100000,-100000,2,0,2,0,1,0,0,0,0,0,0,0,0,0,0,0,0,0,0,0,0,0,0
2026-09-23T08:53:02.337Z,324767843000000,0x0517,0x0104,-10,2,63,-97991,-97991,0,-43965,-43960,3027,304005,1,0,0,0,3,4,0,0,0,8,8,0,1,2,1,-100000,-100000,2,0,2,0,1,0,0,0,0,0,0,0,0,0,0,0,0,0,0,0,0,0,0
2026-09-23T08:53:02.675Z,324768171000000,0x0517,0x0104,-10,2,63,-99117,-99117,0,-43977,-43959,3030,304344,1,0,0,0,3,4,0,0,0,8,8,0,1,2,1,-100000,-100000,2,0,2,0,1,0,0,0,0,0,0,0,0,0,0,0,0,0,0,0,0,0,0
2026-09-23T08:53:03.016Z,324768515000000,0x0517,0x0104,-10,2,63,-97991,-97991,0,-43946,-43960,3034,304724,1,0,0,0,3,4,0,0,0,8,8,0,1,2,1,-100000,-100000,2,0,2,0,1,0,0,0,0,0,0,0,0,0,0,0,0,0,0,0,0,0,0
2026-09-23T08:53:03.362Z,324768859000000,0x0517,0x0104,-10,2,63,-102496,-102496,0,-43962,-43956,3037,305023,1,0,0,0,3,4,0,0,0,8,8,0,1,2,1,-100000,-100000,2,0,2,0,1,0,0,0,0,0,0,0,0,0,0,0,0,0,0,0,0,0,0
2026-09-23T08:53:03.698Z,324769203000000,0x0517,0x0104,-10,2,63,-102496,-102496,0,-43949,-43956,3041,305409,1,0,0,0,3,4,0,0,0,8,8,0,1,2,1,-100000,-100000,2,0,2,0,1,0,0,0,0,0,0,0,0,0,0,0,0,0,0,0,0,0,0
2026-09-23T08:53:04.038Z,324769531000000,0x0517,0x0104,-10,2,63,-102496,-102496,0,-43966,-43956,3044,305706,1,0,0,0,3,4,0,0,0,8,8,0,1,2,1,-100000,-100000,2,0,2,0,1,0,0,0,0,0,0,0,0,0,0,0,0,0,0,0,0,0,0
2026-09-23T08:53:04.378Z,324769875000000,0x0517,0x0104,-10,2,63,-105875,-105875,0,-43972,-43953,3047,306046,1,0,0,0,3,4,0,0,0,8,8,0,1,2,1,-100000,-100000,2,0,2,0,1,0,0,0,0,0,0,0,0,0,0,0,0,0,0,0,0,0,0
2026-09-23T08:53:04.716Z,324770218000000,0x0517,0x0104,-10,2,63,-97991,-97991,0,-43966,-43960,3051,306426,1,0,0,0,3,4,0,0,0,8,8,0,1,2,1,-100000,-100000,2,0,2,0,1,0,0,0,0,0,0,0,0,0,0,0,0,0,0,0,0,0,0
2026-09-23T08:53:05.061Z,324770562000000,0x0517,0x0104,-10,2,63,-97991,-97991,0,-43970,-43960,3054,306724,1,0,0,0,3,4,0,0,0,8,8,0,1,2,1,-100000,-100000,2,0,2,0,1,0,0,0,0,0,0,0,0,0,0,0,0,0,0,0,0,0,0
2026-09-23T08:53:05.401Z,324770906000000,0x0517,0x0104,-10,2,63,-105875,-105875,0,-43936,-43953,3058,307108,1,0,0,0,3,4,0,0,0,8,8,0,1,2,1,-100000,-100000,2,0,2,0,1,0,0,0,0,0,0,0,0,0,0,0,0,0,0,0,0,0,0
2026-09-23T08:53:05.741Z,324771250000000,0x0517,0x0104,-10,2,63,-111507,-111507,0,-43947,-43948,3061,307409,1,0,0,0,3,4,0,0,0,8,8,0,1,2,1,-100000,-100000,2,0,2,0,1,0,0,0,0,0,0,0,0,0,0,0,0,0,0,0,0,0,0
2026-09-23T08:53:06.080Z,324771578000000,0x0517,0x0104,-10,2,63,-110381,-110381,0,-43964,-43949,3064,307750,1,0,0,0,3,4,0,0,0,8,8,0,1,2,1,-100000,-100000,2,0,2,0,1,0,0,0,0,0,0,0,0,0,0,0,0,0,0,0,0,0,0
2026-09-23T08:53:06.417Z,324771921000000,0x0517,0x0104,-10,2,63,-105875,-105875,0,-43964,-43953,3068,308129,1,0,0,0,3,4,0,0,0,8,8,0,1,2,1,-100000,-100000,2,0,2,0,1,0,0,0,0,0,0,0,0,0,0,0,0,0,0,0,0,0,0
2026-09-23T08:53:06.757Z,324772265000000,0x0517,0x0104,-10,2,63,-103623,-103623,0,-43967,-43955,3071,308426,1,0,0,0,3,4,0,0,0,8,8,0,1,2,1,-100000,-100000,2,0,2,0,1,0,0,0,0,0,0,0,0,0,0,0,0,0,0,0,0,0,0
2026-09-23T08:53:07.095Z,324772593000000,0x0517,0x0104,-10,2,63,-97991,-97991,0,-43963,-43960,3075,308811,1,0,0,0,3,4,0,0,0,8,8,0,1,2,1,-100000,-100000,2,0,2,0,1,0,0,0,0,0,0,0,0,0,0,0,0,0,0,0,0,0,0
2026-09-23T08:53:07.435Z,324772937000000,0x0517,0x0104,-10,2,63,-97991,-97991,0,-43953,-43960,3078,309113,1,0,0,0,3,4,0,0,0,8,8,0,1,2,1,-100000,-100000,2,0,2,0,1,0,0,0,0,0,0,0,0,0,0,0,0,0,0,0,0,0,0
2026-09-23T08:53:07.773Z,324773281000000,0x0517,0x0104,-10,2,63,-96865,-96865,0,-43957,-43961,3081,309444,1,0,0,0,3,4,0,0,0,8,8,0,1,2,1,-100000,-100000,2,0,2,0,1,0,0,0,0,0,0,0,0,0,0,0,0,0,0,0,0,0,0
2026-09-23T08:53:08.109Z,324773609000000,0x0517,0x0104,-10,2,63,-101370,-101370,0,-43962,-43957,3085,309821,1,0,0,0,3,4,0,0,0,8,8,0,1,2,1,-100000,-100000,2,0,2,0,1,0,0,0,0,0,0,0,0,0,0,0,0,0,0,0,0,0,0
2026-09-23T08:53:08.445Z,324773953000000,0x0517,0x0104,-10,2,63,-100244,-100244,0,-43957,-43958,3088,310116,1,0,0,0,3,4,0,0,0,8,8,0,1,2,1,-100000,-100000,2,0,2,0,1,0,0,0,0,0,0,0,0,0,0,0,0,0,0,0,0,0,0
2026-09-23T08:53:08.784Z,324774281000000,0x0517,0x0104,-10,2,63,-102496,-102496,0,-43945,-43956,3091,310454,1,0,0,0,3,4,0,0,0,8,8,0,1,2,1,-100000,-100000,2,0,2,0,1,0,0,0,0,0,0,0,0,0,0,0,0,0,0,0,0,0,0
2026-09-23T08:53:09.125Z,324774625000000,0x0517,0x0104,-10,2,63,-105875,-105875,0,-43958,-43953,3095,310833,1,0,0,0,3,4,0,0,0,8,8,0,1,2,1,-100000,-100000,2,0,2,0,1,0,0,0,0,0,0,0,0,0,0,0,0,0,0,0,0,0,0
2026-09-23T08:53:09.469Z,324774968000000,0x0517,0x0104,-10,2,63,-107002,-107002,0,-43962,-43952,3098,311132,1,0,0,0,3,4,0,0,0,8,8,0,1,2,1,-100000,-100000,2,0,2,0,1,0,0,0,0,0,0,0,0,0,0,0,0,0,0,0,0,0,0
2026-09-23T08:53:09.810Z,324775312000000,0x0517,0x0104,-10,2,63,-107002,-107002,0,-43967,-43952,3102,311518,1,0,0,0,3,4,0,0,0,8,8,0,1,2,1,-100000,-100000,2,0,2,0,1,0,0,0,0,0,0,0,0,0,0,0,0,0,0,0,0,0,0
2026-09-23T08:53:10.152Z,324775656000000,0x0517,0x0104,-10,2,63,-103623,-103623,0,-43969,-43955,3105,311817,1,0,0,0,3,4,0,0,0,8,8,0,1,2,1,-100000,-100000,2,0,2,0,1,0,0,0,0,0,0,0,0,0,0,0,0,0,0,0,0,0,0
2026-09-23T08:53:10.491Z,324775984000000,0x0517,0x0104,-10,2,63,-105875,-105875,0,-43943,-43953,3108,312159,1,0,0,0,3,4,0,0,0,8,8,0,1,2,1,-100000,-100000,2,0,2,0,1,0,0,0,0,0,0,0,0,0,0,0,0,0,0,0,0,0,0
2026-09-23T08:53:10.831Z,324776328000000,0x0517,0x0104,-10,2,63,-100244,-100244,0,-43959,-43958,3112,312540,1,0,0,0,3,4,0,0,0,8,8,0,1,2,1,-100000,-100000,2,0,2,0,1,0,0,0,0,0,0,0,0,0,0,0,0,0,0,0,0,0,0
2026-09-23T08:53:11.174Z,324776671000000,0x0517,0x0104,-10,2,63,-101370,-101370,0,-43953,-43957,3115,312839,1,0,0,0,3,4,0,0,0,8,8,0,1,2,1,-100000,-100000,2,0,2,0,1,0,0,0,0,0,0,0,0,0,0,0,0,0,0,0,0,0,0
2026-09-23T08:53:11.512Z,324777015000000,0x0517,0x0104,-10,2,63,-102496,-102496,0,-43968,-43956,3119,313223,1,0,0,0,3,4,0,0,0,8,8,0,1,2,1,-100000,-100000,2,0,2,0,1,0,0,0,0,0,0,0,0,0,0,0,0,0,0,0,0,0,0
2026-09-23T08:53:11.850Z,324777343000000,0x0517,0x0104,-10,2,63,-100244,-100244,0,-43955,-43958,3122,313520,1,0,0,0,3,4,0,0,0,8,8,0,1,2,1,-100000,-100000,2,0,2,0,1,0,0,0,0,0,0,0,0,0,0,0,0,0,0,0,0,0,0
2026-09-23T08:53:12.190Z,324777687000000,0x0517,0x0104,-10,2,63,-100244,-100244,0,-43948,-43958,3125,313858,1,0,0,0,3,4,0,0,0,8,8,0,1,2,1,-100000,-100000,2,0,2,0,1,0,0,0,0,0,0,0,0,0,0,0,0,0,0,0,0,0,0
2026-09-23T08:53:12.530Z,324778031000000,0x0517,0x0104,-10,2,63,-102496,-102496,0,-43952,-43956,3129,314240,1,0,0,0,3,4,0,0,0,8,8,0,1,2,1,-100000,-100000,2,0,2,0,1,0,0,0,0,0,0,0,0,0,0,0,0,0,0,0,0,0,0
2026-09-23T08:53:12.874Z,324778375000000,0x0517,0x0104,-10,2,63,-102496,-102496,0,-43954,-43956,3132,314538,1,0,0,0,3,4,0,0,0,8,8,0,1,0,0,1706396,0,2,0,2,0,1,0,0,0,0,0,0,0,0,0,0,0,0,0,0,0,0,0,0
2026-09-23T08:53:13.218Z,324778718000000,0x0517,0x0104,1145,2,47,11451439,11451439,0,-264506,-54214,3136,314924,0,0,0,0,3,4,0,0,0,8,8,0,1,0,0,140405435,0,1,7,4,0,1,0,0,0,0,0,0,0,0,0,0,0,0,0,0,0,0,0,0
2026-09-23T08:53:13.565Z,324779062000000,0x0517,0x0104,14041,2,15,140405435,140405435,0,-487853,-168704,3139,315225,0,0,0,0,3,4,0,0,0,8,8,0,1,0,0,259057979,0,1,7,4,0,1,0,0,0,0,0,0,0,0,0,0,0,0,0,0,0,0,0,0
2026-09-23T08:53:13.908Z,324779406000000,0x0517,0x0104,28916,2,15,289160385,289160385,0,-487853,-300774,3143,315624,0,0,0,0,3,4,0,0,0,8,8,0,1,0,0,358712645,0,1,7,4,0,1,0,0,0,0,0,0,0,0,0,0,0,0,0,0,0,0,0,0
2026-09-23T08:53:14.254Z,324779750000000,0x0517,0x0104,35871,2,15,358712645,358712645,0,-487863,-362525,3146,315924,0,0,0,0,3,4,0,0,0,8,8,0,1,0,0,405312468,0,1,7,4,0,1,0,0,0,0,0,0,0,0,0,0,0,0,0,0,0,0,0,0
2026-09-23T08:53:14.600Z,324780093000000,0x0517,0x0104,40531,2,15,405312468,405312468,0,-487872,-403898,3149,316262,0,0,0,0,3,4,0,0,0,8,8,0,1,0,0,436531071,0,1,7,4,0,1,0,0,0,0,0,0,0,0,0,0,0,0,0,0,0,0,0,0
2026-09-23T08:53:14.946Z,324780453000000,0x0517,0x0104,44445,2,15,444451453,444451453,0,-487870,-438647,3153,316649,0,0,0,0,3,4,0,0,0,8,8,0,1,0,0,462753256,0,1,7,4,0,1,0,0,0,0,0,0,0,0,0,0,0,0,0,0,0,0,0,0
2026-09-23T08:53:15.287Z,324780781000000,0x0517,0x0104,46275,2,15,462753256,462753256,0,-487881,-454896,3156,316953,0,0,0,0,3,4,0,0,0,8,8,0,1,0,0,475015656,0,1,7,4,0,1,0,0,0,0,0,0,0,0,0,0,0,0,0,0,0,0,0,0
2026-09-23T08:53:15.634Z,324781140000000,0x0517,0x0104,47812,2,15,478123212,478123212,0,-487847,-468542,3160,317337,0,0,0,0,3,4,0,0,0,8,8,0,1,0,0,485308097,0,1,7,4,0,1,0,0,0,0,0,0,0,0,0,0,0,0,0,0,0,0,0,0
2026-09-23T08:53:15.982Z,324781484000000,0x0517,0x0104,48531,2,15,485308097,485308097,0,-487881,-474921,3163,317641,0,0,0,0,3,4,0,0,0,8,8,0,1,0,0,490124302,0,1,7,4,0,1,0,0,0,0,0,0,0,0,0,0,0,0,0,0,0,0,0,0
2026-09-23T08:53:16.326Z,324781828000000,0x0517,0x0104,49135,2,15,491345248,491345248,0,-487864,-480281,3167,318031,0,0,0,0,3,4,0,0,0,8,8,0,1,0,0,494163336,0,1,7,4,0,1,0,0,0,0,0,0,0,0,0,0,0,0,0,0,0,0,0,0
2026-09-23T08:53:16.667Z,324782171000000,0x0517,0x0104,49416,2,15,494163336,494163336,0,-487868,-482783,3170,318332,0,0,0,0,3,4,0,0,0,8,8,0,1,0,0,496052199,0,1,7,4,0,1,0,0,0,0,0,0,0,0,0,0,0,0,0,0,0,0,0,0
2026-09-23T08:53:17.014Z,324782515000000,0x0517,0x0104,49653,2,15,496532017,496532017,0,-487859,-484886,3174,318729,0,0,0,0,3,4,0,0,0,8,8,0,1,0,0,497635825,0,1,7,4,0,1,0,0,0,0,0,0,0,0,0,0,0,0,0,0,0,0,0,0
2026-09-23T08:53:17.358Z,324782859000000,0x0517,0x0104,49764,2,15,497635825,497635825,0,-487857,-485866,3177,319029,0,0,0,0,3,4,0,0,0,8,8,0,1,0,0,498375826,0,1,7,4,0,1,0,0,0,0,0,0,0,0,0,0,0,0,0,0,0,0,0,0
2026-09-23T08:53:17.703Z,324783203000000,0x0517,0x0104,49838,2,15,498375826,498375826,0,-487855,-486523,3180,319365,0,0,0,0,3,4,0,0,0,8,8,0,1,0,0,498874792,0,1,7,4,0,1,0,0,0,0,0,0,0,0,0,0,0,0,0,0,0,0,0,0
2026-09-23T08:53:18.048Z,324783546000000,0x0517,0x0104,49900,2,15,499002068,499002068,0,-487867,-487079,3184,319751,0,0,0,0,3,4,0,0,0,8,8,0,1,0,0,499290409,0,1,7,4,0,1,0,0,0,0,0,0,0,0,0,0,0,0,0,0,0,0,0,0
2026-09-23T08:53:18.393Z,324783890000000,0x0517,0x0104,49929,2,15,499290409,499290409,0,-487849,-487335,3187,320055,0,0,0,0,3,4,0,0,0,8,8,0,1,0,0,499483013,0,1,7,4,0,1,0,0,0,0,0,0,0,0,0,0,0,0,0,0,0,0,0,0
2026-09-23T08:53:18.732Z,324784234000000,0x0517,0x0104,49953,2,15,499530319,499530319,0,-487834,-487548,3191,320442,0,0,0,0,3,4,0,0,0,8,8,0,1,0,0,499642952,0,1,7,4,0,1,0,0,0,0,0,0,0,0,0,0,0,0,0,0,0,0,0,0
2026-09-23T08:53:19.077Z,324784578000000,0x0517,0x0104,49964,2,15,499642952,499642952,0,-487854,-487648,3194,320740,0,0,0,0,3,4,0,0,0,8,8,0,1,0,0,499718416,0,1,7,4,0,1,0,0,0,0,0,0,0,0,0,0,0,0,0,0,0,0,0,0
2026-09-23T08:53:19.417Z,324784921000000,0x0517,0x0104,49974,2,15,499736438,499736438,0,-487845,-487731,3198,321133,0,0,0,0,3,4,0,0,0,8,8,0,1,0,0,499779239,0,1,7,4,0,1,0,0,0,0,0,0,0,0,0,0,0,0,0,0,0,0,0,0
2026-09-23T08:53:19.763Z,324785265000000,0x0517,0x0104,49978,2,15,499779239,499779239,0,-487849,-487769,3201,321433,0,0,0,0,3,4,0,0,0,8,8,0,1,0,0,499811902,0,1,7,4,0,1,0,0,0,0,0,0,0,0,0,0,0,0,0,0,0,0,0,0
2026-09-23T08:53:20.107Z,324785609000000,0x0517,0x0104,49981,2,15,499811902,499811902,0,-487849,-487798,3204,321769,0,0,0,0,3,4,0,0,0,8,8,0,1,0,0,499833303,0,1,7,4,0,1,0,0,0,0,0,0,0,0,0,0,0,0,0,0,0,0,0,0
2026-09-23T08:53:20.448Z,324785953000000,0x0517,0x0104,49984,2,15,499840061,499840061,0,-487858,-487823,3208,322157,0,0,0,0,3,4,0,0,0,8,8,0,1,0,0,499852450,0,1,7,4,0,1,0,0,0,0,0,0,0,0,0,0,0,0,0,0,0,0,0,0
2026-09-23T08:53:20.793Z,324786296000000,0x0517,0x0104,49985,2,15,499852450,499852450,0,-487837,-487834,3211,322457,0,0,0,0,3,4,0,0,0,8,8,0,1,0,0,499861461,0,1,7,4,0,1,0,0,0,0,0,0,0,0,0,0,0,0,0,0,0,0,0,0
2026-09-23T08:53:21.131Z,324786625000000,0x0517,0x0104,49986,2,15,499864840,499864840,0,-487869,-487845,3215,322842,0,0,0,0,3,4,0,0,0,8,8,0,1,0,0,499874977,0,1,7,4,0,1,0,0,0,0,0,0,0,0,0,0,0,0,0,0,0,0,0,0
2026-09-23T08:53:21.477Z,324786984000000,0x0517,0x0104,49987,2,15,499874977,499874977,0,-487889,-487854,3218,323140,0,0,0,0,3,4,0,0,0,8,8,0,1,1,0,499879482,0,1,7,4,0,1,0,0,0,0,0,0,0,0,0,0,0,0,0,0,0,0,0,0
2026-09-23T08:53:21.816Z,324787312000000,0x0517,0x0104,49988,2,31,499879482,499879482,0,-487874,-487858,3222,323537,1,0,0,0,3,4,0,0,0,8,8,0,1,1,0,499883988,0,4,0,4,0,1,0,0,0,0,0,0,0,0,0,0,0,0,0,0,0,0,0,0
2026-09-23T08:53:22.160Z,324787656000000,0x0517,0x0104,49988,2,31,499883988,499883988,0,-487862,-487862,3225,323837,1,0,0,0,3,4,0,0,0,8,8,0,1,1,0,499886240,0,4,0,4,0,1,0,0,0,0,0,0,0,0,0,0,0,0,0,0,0,0,0,0
2026-09-23T08:53:22.497Z,324788000000000,0x0517,0x0104,49989,2,31,499886240,499886240,0,-487870,-487864,3228,324168,1,0,0,0,3,4,0,0,0,8,8,0,1,2,1,499890000,499890000,4,0,4,0,1,0,0,0,0,0,0,0,0,0,0,0,0,0,0,0,0,0,0
2026-09-23T08:53:22.833Z,324788328000000,0x0517,0x0104,49989,2,31,499886240,499886240,0,-487861,-487864,3232,324547,1,0,0,0,3,4,0,0,0,8,8,0,1,2,1,499890000,499890000,4,0,4,0,1,0,0,0,0,0,0,0,0,0,0,0,0,0,0,0,0,0,0
2026-09-23T08:53:23.173Z,324788671000000,0x0517,0x0104,49989,2,31,499885114,499885114,0,-487848,-487863,3235,324842,1,0,0,0,3,4,0,0,0,8,8,0,1,2,1,499890000,499890000,4,0,4,0,1,0,0,0,0,0,0,0,0,0,0,0,0,0,0,0,0,0,0
2026-09-23T08:53:23.513Z,324789015000000,0x0517,0x0104,49989,2,31,499880609,499880609,0,-487865,-487859,3238,325181,1,0,0,0,3,4,0,0,0,8,8,0,1,2,1,499890000,499890000,4,0,4,0,1,0,0,0,0,0,0,0,0,0,0,0,0,0,0,0,0,0,0
2026-09-23T08:53:23.856Z,324789359000000,0x0517,0x0104,49989,2,31,499883988,499883988,0,-487856,-487862,3242,325563,1,0,0,0,3,4,0,0,0,8,8,0,1,2,1,499890000,499890000,4,0,4,0,1,0,0,0,0,0,0,0,0,0,0,0,0,0,0,0,0,0,0
2026-09-23T08:53:24.199Z,324789703000000,0x0517,0x0104,49989,2,31,499882861,499882861,0,-487867,-487861,3245,325864,1,0,0,0,3,4,0,0,0,8,8,0,1,2,1,499890000,499890000,4,0,4,0,1,0,0,0,0,0,0,0,0,0,0,0,0,0,0,0,0,0,0
2026-09-23T08:53:24.537Z,324790031000000,0x0517,0x0104,49989,2,31,499882861,499882861,0,-487854,-487861,3249,326248,1,0,0,0,3,4,0,0,0,8,8,0,1,2,1,499890000,499890000,4,0,4,0,1,0,0,0,0,0,0,0,0,0,0,0,0,0,0,0,0,0,0
2026-09-23T08:53:24.877Z,324790375000000,0x0517,0x0104,49989,2,31,499883988,499883988,0,-487859,-487862,3252,326545,1,0,0,0,3,4,0,0,0,8,8,0,1,2,1,499890000,499890000,4,0,4,0,1,0,0,0,0,0,0,0,0,0,0,0,0,0,0,0,0,0,0
2026-09-23T08:53:25.221Z,324790718000000,0x0517,0x0104,49989,2,31,499883988,499883988,0,-487863,-487862,3255,326886,1,0,0,0,3,4,0,0,0,8,8,0,1,2,1,499890000,499890000,4,0,4,0,1,0,0,0,0,0,0,0,0,0,0,0,0,0,0,0,0,0,0
2026-09-23T08:53:25.565Z,324791062000000,0x0517,0x0104,49989,2,31,499886240,499886240,0,-487862,-487864,3259,327243,1,0,0,0,3,4,0,0,0,8,8,0,1,2,1,499890000,499890000,4,0,4,0,1,0,0,0,0,0,0,0,0,0,0,0,0,0,0,0,0,0,0
2026-09-23T08:53:25.903Z,324791406000000,0x0517,0x0104,49989,2,31,499885114,499885114,0,-487863,-487863,3262,327573,1,0,0,0,3,4,0,0,0,8,8,0,1,2,1,499890000,499890000,4,0,4,0,1,0,0,0,0,0,0,0,0,0,0,0,0,0,0,0,0,0,0
2026-09-23T08:53:26.242Z,324791750000000,0x0517,0x0104,49989,2,31,499888493,499888493,0,-487876,-487866,3266,327953,1,0,0,0,3,4,0,0,0,8,8,0,1,2,1,499890000,499890000,4,0,4,0,1,0,0,0,0,0,0,0,0,0,0,0,0,0,0,0,0,0,0
2026-09-23T08:53:26.584Z,324792078000000,0x0517,0x0104,49989,2,31,499892998,499892998,0,-487881,-487870,3269,328249,1,0,0,0,3,4,0,0,0,8,8,0,1,2,1,499890000,499890000,4,0,4,0,1,0,0,0,0,0,0,0,0,0,0,0,0,0,0,0,0,0,0
2026-09-23T08:53:26.924Z,324792421000000,0x0517,0x0104,49989,2,31,499895251,499895251,0,-487881,-487872,3273,328646,1,0,0,0,3,4,0,0,0,8,8,0,1,2,1,499890000,499890000,4,0,4,0,1,0,0,0,0,0,0,0,0,0,0,0,0,0,0,0,0,0,0
2026-09-23T08:53:27.266Z,324792765000000,0x0517,0x0104,49989,2,31,499892998,499892998,0,-487848,-487870,3276,328946,1,0,0,0,3,4,0,0,0,8,8,0,1,2,1,499890000,499890000,4,0,4,0,1,0,0,0,0,0,0,0,0,0,0,0,0,0,0,0,0,0,0
2026-09-23T08:53:27.605Z,324793109000000,0x0517,0x0104,49989,2,31,499887367,499887367,0,-487859,-487865,3279,329275,1,0,0,0,3,4,0,0,0,8,8,0,1,2,1,499890000,499890000,4,0,4,0,1,0,0,0,0,0,0,0,0,0,0,0,0,0,0,0,0,0,0
2026-09-23T08:53:27.943Z,324793437000000,0x0517,0x0104,49989,2,31,499886240,499886240,0,-487867,-487864,3283,329655,1,0,0,0,3,4,0,0,0,8,8,0,1,2,1,499890000,499890000,4,0,4,0,1,0,0,0,0,0,0,0,0,0,0,0,0,0,0,0,0,0,0
2026-09-23T08:53:28.285Z,324793781000000,0x0517,0x0104,49989,2,31,499883988,499883988,0,-487852,-487862,3286,329952,1,0,0,0,3,4,0,0,0,8,8,0,1,2,1,499890000,499890000,4,0,4,0,1,0,0,0,0,0,0,0,0,0,0,0,0,0,0,0,0,0,0
2026-09-23T08:53:28.628Z,324794125000000,0x0517,0x0104,49989,2,31,499885114,499885114,0,-487869,-487863,3290,330348,1,0,0,0,3,4,0,0,0,8,8,0,1,2,1,499890000,499890000,4,0,4,0,1,0,0,0,0,0,0,0,0,0,0,0,0,0,0,0,0,0,0
2026-09-23T08:53:28.971Z,324794468000000,0x0517,0x0104,49989,2,31,499886240,499886240,0,-487851,-487864,3293,330649,1,0,0,0,3,4,0,0,0,8,8,0,1,2,1,499890000,499890000,4,0,4,0,1,0,0,0,0,0,0,0,0,0,0,0,0,0,0,0,0,0,0
2026-09-23T08:53:29.311Z,324794812000000,0x0517,0x0104,49989,2,31,499882861,499882861,0,-487871,-487861,3296,330980,1,0,0,0,3,4,0,0,0,8,8,0,1,2,1,499890000,499890000,4,0,4,0,1,0,0,0,0,0,0,0,0,0,0,0,0,0,0,0,0,0,0
2026-09-23T08:53:29.647Z,324795140000000,0x0517,0x0104,49989,2,31,499883988,499883988,0,-487857,-487862,3300,331361,1,0,0,0,3,4,0,0,0,8,8,0,1,2,1,499890000,499890000,4,0,4,0,1,0,0,0,0,0,0,0,0,0,0,0,0,0,0,0,0,0,0
2026-09-23T08:53:29.991Z,324795500000000,0x0517,0x0104,49989,2,31,499885114,499885114,0,-487874,-487863,3303,331658,1,0,0,0,3,4,0,0,0,8,8,0,1,2,1,499890000,499890000,4,0,4,0,1,0,0,0,0,0,0,0,0,0,0,0,0,0,0,0,0,0,0
2026-09-23T08:53:30.330Z,324795828000000,0x0517,0x0104,49989,2,31,499885114,499885114,0,-487854,-487863,3307,332051,1,0,0,0,3,4,0,0,0,8,8,0,1,2,1,499890000,499890000,4,0,4,0,1,0,0,0,0,0,0,0,0,0,0,0,0,0,0,0,0,0,0
2026-09-23T08:53:30.672Z,324796171000000,0x0517,0x0104,49989,2,31,499883988,499883988,0,-487843,-487862,3310,332352,1,0,0,0,3,4,0,0,0,8,8,0,1,2,1,499890000,499890000,4,0,4,0,1,0,0,0,0,0,0,0,0,0,0,0,0,0,0,0,0,0,0
2026-09-23T08:53:31.011Z,324796515000000,0x0517,0x0104,49989,2,31,499878356,499878356,0,-487869,-487857,3313,332682,1,0,0,0,3,4,0,0,0,8,8,0,1,2,1,499890000,499890000,4,0,4,0,1,0,0,0,0,0,0,0,0,0,0,0,0,0,0,0,0,0,0
2026-09-23T08:53:31.347Z,324796843000000,0x0517,0x0104,49989,2,31,499883988,499883988,0,-487872,-487862,3317,333061,1,0,0,0,3,4,0,0,0,8,8,0,1,2,1,499890000,499890000,4,0,4,0,1,0,0,0,0,0,0,0,0,0,0,0,0,0,0,0,0,0,0
2026-09-23T08:53:31.692Z,324797187000000,0x0517,0x0104,49989,2,31,499887367,499887367,0,-487867,-487865,3320,333357,1,0,0,0,3,4,0,0,0,8,8,0,1,2,1,499890000,499890000,4,0,4,0,1,0,0,0,0,0,0,0,0,0,0,0,0,0,0,0,0,0,0
2026-09-23T08:53:32.033Z,324797531000000,0x0517,0x0104,49989,2,31,499881735,499881735,0,-487868,-487860,3324,333754,1,0,0,0,3,4,0,0,0,8,8,0,1,2,1,499890000,499890000,4,0,4,0,1,0,0,0,0,0,0,0,0,0,0,0,0,0,0,0,0,0,0
2026-09-23T08:53:32.376Z,324797875000000,0x0517,0x0104,49989,2,31,499886240,499886240,0,-487871,-487864,3327,334054,1,0,0,0,3,4,0,0,0,8,8,0,1,2,1,499890000,499890000,4,0,4,0,1,0,0,0,0,0,0,0,0,0,0,0,0,0,0,0,0,0,0
2026-09-23T08:53:32.715Z,324798218000000,0x0517,0x0104,49989,2,31,499889619,499889619,0,-487870,-487867,3330,334384,1,0,0,0,3,4,0,0,0,8,8,0,1,2,1,499890000,499890000,4,0,4,0,1,0,0,0,0,0,0,0,0,0,0,0,0,0,0,0,0,0,0
2026-09-23T08:53:33.053Z,324798546000000,0x0517,0x0104,49989,2,31,499889619,499889619,0,-487863,-487867,3334,334765,1,0,0,0,3,4,0,0,0,8,8,0,1,2,1,499890000,499890000,4,0,4,0,1,0,0,0,0,0,0,0,0,0,0,0,0,0,0,0,0,0,0
2026-09-23T08:53:33.393Z,324798890000000,0x0517,0x0104,49989,2,31,499889619,499889619,0,-487868,-487867,3337,335063,1,0,0,0,3,4,0,0,0,8,8,0,1,2,1,499890000,499890000,4,0,4,0,1,0,0,0,0,0,0,0,0,0,0,0,0,0,0,0,0,0,0
2026-09-23T08:53:33.733Z,324799234000000,0x0517,0x0104,49989,2,31,499891872,499891872,0,-487878,-487869,3340,335403,1,0,0,0,3,4,0,0,0,8,8,0,1,2,1,499890000,499890000,4,0,4,0,1,0,0,0,0,0,0,0,0,0,0,0,0,0,0,0,0,0,0
2026-09-23T08:53:34.077Z,324799578000000,0x0517,0x0104,49989,2,31,499897504,499897504,0,-487871,-487874,3344,335757,1,0,0,0,3,4,0,0,0,8,8,0,1,2,1,499890000,499890000,4,0,4,0,1,0,0,0,0,0,0,0,0,0,0,0,0,0,0,0,0,0,0
2026-09-23T08:53:34.416Z,324799921000000,0x0517,0x0104,49989,2,31,499895251,499895251,0,-487865,-487872,3347,336086,1,0,0,0,3,4,0,0,0,8,8,0,1,2,1,499890000,499890000,4,0,4,0,1,0,0,0,0,0,0,0,0,0,0,0,0,0,0,0,0,0,0
2026-09-23T08:53:34.753Z,324800250000000,0x0517,0x0104,49989,2,31,499897504,499897504,0,-487876,-487874,3351,336467,1,0,0,0,3,4,0,0,0,8,8,0,1,2,1,499890000,499890000,4,0,4,0,1,0,0,0,0,0,0,0,0,0,0,0,0,0,0,0,0,0,0
2026-09-23T08:53:35.096Z,324800593000000,0x0517,0x0104,49989,2,31,499895251,499895251,0,-487883,-487872,3354,336763,1,0,0,0,3,4,0,0,0,8,8,0,1,2,1,499890000,499890000,4,0,4,0,1,0,0,0,0,0,0,0,0,0,0,0,0,0,0,0,0,0,0
2026-09-23T08:53:35.438Z,324800937000000,0x0517,0x0104,49989,2,31,499897504,499897504,0,-487853,-487874,3358,337160,1,0,0,0,3,4,0,0,0,8,8,0,1,2,1,499890000,499890000,4,0,4,0,1,0,0,0,0,0,0,0,0,0,0,0,0,0,0,0,0,0,0
2026-09-23T08:53:35.778Z,324801281000000,0x0517,0x0104,49989,2,31,499894125,499894125,0,-487871,-487871,3361,337460,1,0,0,0,3,4,0,0,0,8,8,0,1,2,1,499890000,499890000,4,0,4,0,1,0,0,0,0,0,0,0,0,0,0,0,0,0,0,0,0,0,0
2026-09-23T08:53:36.120Z,324801625000000,0x0517,0x0104,49989,2,31,499892998,499892998,0,-487857,-487870,3364,337787,1,0,0,0,3,4,0,0,0,8,8,0,1,2,1,499890000,499890000,4,0,4,0,1,0,0,0,0,0,0,0,0,0,0,0,0,0,0,0,0,0,0
2026-09-23T08:53:36.458Z,324801953000000,0x0517,0x0104,49989,2,31,499894125,499894125,0,-487847,-487871,3368,338170,1,0,0,0,3,4,0,0,0,8,8,0,1,2,1,499890000,499890000,4,0,4,0,1,0,0,0,0,0,0,0,0,0,0,0,0,0,0,0,0,0,0
2026-09-23T08:53:36.800Z,324802296000000,0x0517,0x0104,49989,2,31,499889619,499889619,0,-487867,-487867,3371,338467,1,0,0,0,3,4,0,0,0,8,8,0,1,2,1,499890000,499890000,4,0,4,0,1,0,0,0,0,0,0,0,0,0,0,0,0,0,0,0,0,0,0
2026-09-23T08:53:37.140Z,324802640000000,0x0517,0x0104,49989,2,31,499890746,499890746,0,-487871,-487868,3375,338862,1,0,0,0,3,4,0,0,0,8,8,0,1,2,1,499890000,499890000,4,0,4,0,1,0,0,0,0,0,0,0,0,0,0,0,0,0,0,0,0,0,0
2026-09-23T08:53:37.481Z,324802984000000,0x0517,0x0104,49989,2,31,499894125,499894125,0,-487875,-487871,3378,339163,1,0,0,0,3,4,0,0,0,8,8,0,1,2,1,499890000,499890000,4,0,4,0,1,0,0,0,0,0,0,0,0,0,0,0,0,0,0,0,0,0,0
2026-09-23T08:53:37.821Z,324803328000000,0x0517,0x0104,49989,2,31,499895251,499895251,0,-487877,-487872,3381,339490,1,0,0,0,3,4,0,0,0,8,8,0,1,2,1,499890000,499890000,4,0,4,0,1,0,0,0,0,0,0,0,0,0,0,0,0,0,0,0,0,0,0
2026-09-23T08:53:38.158Z,324803656000000,0x0517,0x0104,49989,2,31,499894125,499894125,0,-487857,-487871,3385,339871,1,0,0,0,3,4,0,0,0,8,8,0,1,2,1,499890000,499890000,4,0,4,0,1,0,0,0,0,0,0,0,0,0,0,0,0,0,0,0,0,0,0
2026-09-23T08:53:38.502Z,324804000000000,0x0517,0x0104,49989,2,31,499894125,499894125,0,-487853,-487871,3388,340168,1,0,0,0,3,4,0,0,0,8,8,0,1,2,1,499890000,499890000,4,0,4,0,1,0,0,0,0,0,0,0,0,0,0,0,0,0,0,0,0,0,0
2026-09-23T08:53:38.843Z,324804343000000,0x0517,0x0104,49989,2,31,499892998,499892998,0,-487872,-487870,3392,340565,1,0,0,0,3,4,0,0,0,8,8,0,1,2,1,499890000,499890000,4,0,4,0,1,0,0,0,0,0,0,0,0,0,0,0,0,0,0,0,0,0,0
2026-09-23T08:53:39.187Z,324804687000000,0x0517,0x0104,49989,2,31,499899756,499899756,0,-487889,-487876,3395,340866,1,0,0,0,3,4,0,0,0,8,8,0,1,2,1,499890000,499890000,4,0,4,0,1,0,0,0,0,0,0,0,0,0,0,0,0,0,0,0,0,0,0
2026-09-23T08:53:39.527Z,324805031000000,0x0517,0x0104,49989,2,31,499899756,499899756,0,-487900,-487876,3398,341196,1,0,0,0,3,4,0,0,0,8,8,0,1,2,1,499890000,499890000,4,0,4,0,1,0,0,0,0,0,0,0,0,0,0,0,0,0,0,0,0,0,0
2026-09-23T08:53:39.865Z,324805359000000,0x0517,0x0104,49989,2,31,499897504,499897504,0,-487866,-487874,3402,341578,1,0,0,0,3,4,0,0,0,8,8,0,1,2,1,499890000,499890000,4,0,4,0,1,0,0,0,0,0,0,0,0,0,0,0,0,0,0,0,0,0,0
2026-09-23T08:53:40.207Z,324805703000000,0x0517,0x0104,49989,2,31,499896377,499896377,0,-487868,-487873,3405,341877,1,0,0,0,3,4,0,0,0,8,8,0,1,2,1,499890000,499890000,4,0,4,0,1,0,0,0,0,0,0,0,0,0,0,0,0,0,0,0,0,0,0
2026-09-23T08:53:40.548Z,324806046000000,0x0517,0x0104,49989,2,31,499897504,499897504,0,-487888,-487874,3409,342268,1,0,0,0,3,4,0,0,0,8,8,0,1,2,1,499890000,499890000,4,0,4,0,1,0,0,0,0,0,0,0,0,0,0,0,0,0,0,0,0,0,0
2026-09-23T08:53:40.891Z,324806390000000,0x0517,0x0104,49989,2,31,499897504,499897504,0,-487870,-487874,3412,342569,1,0,0,0,3,4,0,0,0,8,8,0,1,2,1,499890000,499890000,4,0,4,0,1,0,0,0,0,0,0,0,0,0,0,0,0,0,0,0,0,0,0
2026-09-23T08:53:41.231Z,324806734000000,0x0517,0x0104,49989,2,31,499895251,499895251,0,-487875,-487872,3415,342900,1,0,0,0,3,4,0,0,0,8,8,0,1,2,1,499890000,499890000,4,0,4,0,1,0,0,0,0,0,0,0,0,0,0,0,0,0,0,0,0,0,0
2026-09-23T08:53:41.566Z,324807062000000,0x0517,0x0104,49989,2,31,499895251,499895251,0,-487873,-487872,3419,343282,1,0,0,0,3,4,0,0,0,8,8,0,1,2,1,499890000,499890000,4,0,4,0,1,0,0,0,0,0,0,0,0,0,0,0,0,0,0,0,0,0,0
2026-09-23T08:53:41.909Z,324807406000000,0x0517,0x0104,49989,2,31,499892998,499892998,0,-487855,-487870,3422,343577,1,0,0,0,3,4,0,0,0,8,8,0,1,2,1,499890000,499890000,4,0,4,0,1,0,0,0,0,0,0,0,0,0,0,0,0,0,0,0,0,0,0
2026-09-23T08:53:42.247Z,324807750000000,0x0517,0x0104,49989,2,31,499891872,499891872,0,-487868,-487869,3426,343971,1,0,0,0,3,4,0,0,0,8,8,0,1,2,1,499890000,499890000,4,0,4,0,1,0,0,0,0,0,0,0,0,0,0,0,0,0,0,0,0,0,0
2026-09-23T08:53:42.591Z,324808093000000,0x0517,0x0104,49989,2,31,499895251,499895251,0,-487874,-487872,3429,344271,1,0,0,0,3,4,0,0,0,8,8,0,1,2,1,499890000,499890000,4,0,4,0,1,0,0,0,0,0,0,0,0,0,0,0,0,0,0,0,0,0,0
2026-09-23T08:53:42.930Z,324808437000000,0x0517,0x0104,49989,2,31,499896377,499896377,0,-487898,-487873,3432,344601,1,0,0,0,3,4,0,0,0,8,8,0,1,2,1,499890000,499890000,4,0,4,0,1,0,0,0,0,0,0,0,0,0,0,0,0,0,0,0,0,0,0
2026-09-23T08:53:43.268Z,324808765000000,0x0517,0x0104,49989,2,31,499902009,499902009,0,-487884,-487878,3436,344981,1,0,0,0,3,4,0,0,0,8,8,0,1,2,1,499890000,499890000,4,0,4,0,1,0,0,0,0,0,0,0,0,0,0,0,0,0,0,0,0,0,0
2026-09-23T08:53:43.611Z,324809109000000,0x0517,0x0104,49989,2,31,499907641,499907641,0,-487872,-487883,3439,345278,1,0,0,0,3,4,0,0,0,8,8,0,1,2,1,499890000,499890000,4,0,4,0,1,0,0,0,0,0,0,0,0,0,0,0,0,0,0,0,0,0,0
2026-09-23T08:53:43.949Z,324809453000000,0x0517,0x0104,49989,2,31,499904262,499904262,0,-487899,-487880,3443,345674,1,0,0,0,3,4,0,0,0,8,8,0,1,2,1,499890000,499890000,4,0,4,0,1,0,0,0,0,0,0,0,0,0,0,0,0,0,0,0,0,0,0
2026-09-23T08:53:44.295Z,324809796000000,0x0517,0x0104,49989,2,31,499908767,499908767,0,-487875,-487884,3446,345974,1,0,0,0,3,4,0,0,0,8,8,0,1,2,1,499900000,499900000,4,0,4,0,1,0,0,0,0,0,0,0,0,0,0,0,0,0,0,0,0,0,0
2026-09-23T08:53:44.633Z,324810140000000,0x0517,0x0104,49990,2,31,499905388,499905388,0,-487887,-487881,3449,346305,1,0,0,0,3,4,0,0,0,8,8,0,1,2,1,499900000,499900000,4,0,4,0,1,0,0,0,0,0,0,0,0,0,0,0,0,0,0,0,0,0,0
2026-09-23T08:53:44.971Z,324810468000000,0x0517,0x0104,49990,2,31,499905388,499905388,0,-487882,-487881,3453,346685,1,0,0,0,3,4,0,0,0,8,8,0,1,2,1,499900000,499900000,4,0,4,0,1,0,0,0,0,0,0,0,0,0,0,0,0,0,0,0,0,0,0
2026-09-23T08:53:45.312Z,324810812000000,0x0517,0x0104,49990,2,31,499905388,499905388,0,-487878,-487881,3456,346981,1,0,0,0,3,4,0,0,0,8,8,0,1,2,1,499900000,499900000,4,0,4,0,1,0,0,0,0,0,0,0,0,0,0,0,0,0,0,0,0,0,0
2026-09-23T08:53:45.654Z,324811156000000,0x0517,0x0104,49990,2,31,499904262,499904262,0,-487900,-487880,3460,347377,1,0,0,0,3,4,0,0,0,8,8,0,1,2,1,499900000,499900000,4,0,4,0,1,0,0,0,0,0,0,0,0,0,0,0,0,0,0,0,0,0,0
2026-09-23T08:53:45.992Z,324811500000000,0x0517,0x0104,49990,2,31,499904262,499904262,0,-487864,-487880,3463,347677,1,0,0,0,3,4,0,0,0,8,8,0,1,2,1,499900000,499900000,4,0,4,0,1,0,0,0,0,0,0,0,0,0,0,0,0,0,0,0,0,0,0
2026-09-23T08:53:46.336Z,324811843000000,0x0517,0x0104,49990,2,31,499898630,499898630,0,-487874,-487875,3466,348004,1,0,0,0,3,4,0,0,0,8,8,0,1,2,1,499900000,499900000,4,0,4,0,1,0,0,0,0,0,0,0,0,0,0,0,0,0,0,0,0,0,0
2026-09-23T08:53:46.673Z,324812171000000,0x0517,0x0104,49990,2,31,499897504,499897504,0,-487880,-487874,3470,348388,1,0,0,0,3,4,0,0,0,8,8,0,1,2,1,499900000,499900000,4,0,4,0,1,0,0,0,0,0,0,0,0,0,0,0,0,0,0,0,0,0,0
2026-09-23T08:53:47.014Z,324812515000000,0x0517,0x0104,49990,2,31,499899756,499899756,0,-487888,-487876,3473,348684,1,0,0,0,3,4,0,0,0,8,8,0,1,2,1,499900000,499900000,4,0,4,0,1,0,0,0,0,0,0,0,0,0,0,0,0,0,0,0,0,0,0
2026-09-23T08:53:47.356Z,324812859000000,0x0517,0x0104,49990,2,31,499902009,499902009,0,-487878,-487878,3476,349025,1,0,0,0,3,4,0,0,0,8,8,0,1,2,1,499900000,499900000,4,0,4,0,1,0,0,0,0,0,0,0,0,0,0,0,0,0,0,0,0,0,0
2026-09-23T08:53:47.698Z,324813203000000,0x0517,0x0104,49990,2,31,499903135,499903135,0,-487883,-487879,3480,349380,1,0,0,0,3,4,0,0,0,8,8,0,1,2,1,499900000,499900000,4,0,4,0,1,0,0,0,0,0,0,0,0,0,0,0,0,0,0,0,0,0,0
2026-09-23T08:53:48.039Z,324813546000000,0x0517,0x0104,49990,2,31,499905388,499905388,0,-487884,-487881,3483,349708,1,0,0,0,3,4,0,0,0,8,8,0,1,2,1,499900000,499900000,4,0,4,0,1,0,0,0,0,0,0,0,0,0,0,0,0,0,0,0,0,0,0
2026-09-23T08:53:48.374Z,324813875000000,0x0517,0x0104,49990,2,31,499906514,499906514,0,-487885,-487882,3487,350090,1,0,0,0,3,4,0,0,0,8,8,0,1,2,1,499900000,499900000,4,0,4,0,1,0,0,0,0,0,0,0,0,0,0,0,0,0,0,0,0,0,0
2026-09-23T08:53:48.715Z,324814218000000,0x0517,0x0104,49990,2,31,499908767,499908767,0,-487875,-487884,3490,350385,1,0,0,0,3,4,0,0,0,8,8,0,1,2,1,499900000,499900000,4,0,4,0,1,0,0,0,0,0,0,0,0,0,0,0,0,0,0,0,0,0,0
2026-09-23T08:53:49.058Z,324814562000000,0x0517,0x0104,49990,2,31,499905388,499905388,0,-487876,-487881,3493,350727,1,0,0,0,3,4,0,0,0,8,8,0,1,2,1,499900000,499900000,4,0,4,0,1,0,0,0,0,0,0,0,0,0,0,0,0,0,0,0,0,0,0
2026-09-23T08:53:49.401Z,324814906000000,0x0517,0x0104,49990,2,31,499898630,499898630,0,-487858,-487875,3497,351109,1,0,0,0,3,4,0,0,0,8,8,0,1,2,1,499900000,499900000,4,0,4,0,1,0,0,0,0,0,0,0,0,0,0,0,0,0,0,0,0,0,0
2026-09-23T08:53:49.741Z,324815234000000,0x0517,0x0104,49990,2,31,499896377,499896377,0,-487866,-487873,3500,351412,1,0,0,0,3,4,0,0,0,8,8,0,1,2,1,499900000,499900000,4,0,4,0,1,0,0,0,0,0,0,0,0,0,0,0,0,0,0,0,0,0,0
2026-09-23T08:53:50.081Z,324815578000000,0x0517,0x0104,49990,2,31,499900883,499900883,0,-487870,-487877,3504,351794,1,0,0,0,3,4,0,0,0,8,8,0,1,2,1,499900000,499900000,4,0,4,0,1,0,0,0,0,0,0,0,0,0,0,0,0,0,0,0,0,0,0
2026-09-23T08:53:50.420Z,324815921000000,0x0517,0x0104,49990,2,31,499899756,499899756,0,-487871,-487876,3507,352092,1,0,0,0,3,4,0,0,0,8,8,0,1,2,1,499900000,499900000,4,0,4,0,1,0,0,0,0,0,0,0,0,0,0,0,0,0,0,0,0,0,0
2026-09-23T08:53:50.763Z,324816265000000,0x0517,0x0104,49990,2,31,499900883,499900883,0,-487864,-487877,3510,352431,1,0,0,0,3,4,0,0,0,8,8,0,1,2,1,499900000,499900000,4,0,4,0,1,0,0,0,0,0,0,0,0,0,0,0,0,0,0,0,0,0,0
2026-09-23T08:53:51.105Z,324816609000000,0x0517,0x0104,49990,2,31,499903135,499903135,0,-487890,-487879,3514,352786,1,0,0,0,3,4,0,0,0,8,8,0,1,2,1,499900000,499900000,4,0,4,0,1,0,0,0,0,0,0,0,0,0,0,0,0,0,0,0,0,0,0
2026-09-23T08:53:51.443Z,324816937000000,0x0517,0x0104,49990,2,31,499902009,499902009,0,-487870,-487878,3517,353115,1,0,0,0,3,4,0,0,0,8,8,0,1,2,1,499900000,499900000,4,0,4,0,1,0,0,0,0,0,0,0,0,0,0,0,0,0,0,0,0,0,0
2026-09-23T08:53:51.780Z,324817281000000,0x0517,0x0104,49990,2,31,499900883,499900883,0,-487887,-487877,3521,353495,1,0,0,0,3,4,0,0,0,8,8,0,1,2,1,499900000,499900000,4,0,4,0,1,0,0,0,0,0,0,0,0,0,0,0,0,0,0,0,0,0,0
2026-09-23T08:53:52.120Z,324817625000000,0x0517,0x0104,49990,2,31,499905388,499905388,0,-487901,-487881,3524,353790,1,0,0,0,3,4,0,0,0,8,8,0,1,2,1,499900000,499900000,4,0,4,0,1,0,0,0,0,0,0,0,0,0,0,0,0,0,0,0,0,0,0
2026-09-23T08:53:52.461Z,324817968000000,0x0517,0x0104,49990,2,31,499905388,499905388,0,-487873,-487881,3527,354131,1,0,0,0,3,4,0,0,0,8,8,0,1,2,1,499900000,499900000,4,0,4,0,1,0,0,0,0,0,0,0,0,0,0,0,0,0,0,0,0,0,0
2026-09-23T08:53:52.801Z,324818296000000,0x0517,0x0104,49990,2,31,499903135,499903135,0,-487890,-487879,3531,354513,1,0,0,0,3,4,0,0,0,8,8,0,1,2,1,499900000,499900000,4,0,4,0,1,0,0,0,0,0,0,0,0,0,0,0,0,0,0,0,0,0,0
2026-09-23T08:53:53.146Z,324818640000000,0x0517,0x0104,49990,2,31,499906514,499906514,0,-487875,-487882,3534,354813,1,0,0,0,3,4,0,0,0,8,8,0,1,2,1,499900000,499900000,4,0,4,0,1,0,0,0,0,0,0,0,0,0,0,0,0,0,0,0,0,0,0
2026-09-23T08:53:53.483Z,324818984000000,0x0517,0x0104,49990,2,31,499905388,499905388,0,-487884,-487881,3538,355198,1,0,0,0,3,4,0,0,0,8,8,0,1,2,1,499900000,499900000,4,0,4,0,1,0,0,0,0,0,0,0,0,0,0,0,0,0,0,0,0,0,0
2026-09-23T08:53:53.825Z,324819328000000,0x0517,0x0104,49990,2,31,499905388,499905388,0,-487881,-487881,3541,355495,1,0,0,0,3,4,0,0,0,8,8,0,1,2,1,499900000,499900000,4,0,4,0,1,0,0,0,0,0,0,0,0,0,0,0,0,0,0,0,0,0,0
2026-09-23T08:53:54.167Z,324819671000000,0x0517,0x0104,49990,2,31,499905388,499905388,0,-487895,-487881,3544,355835,1,0,0,0,3,4,0,0,0,8,8,0,1,2,1,499900000,499900000,4,0,4,0,1,0,0,0,0,0,0,0,0,0,0,0,0,0,0,0,0,0,0
2026-09-23T08:53:54.511Z,324820015000000,0x0517,0x0104,49990,2,31,499911020,499911020,0,-487893,-487886,3548,356193,1,0,0,0,3,4,0,0,0,8,8,0,1,2,1,499900000,499900000,4,0,4,0,1,0,0,0,0,0,0,0,0,0,0,0,0,0,0,0,0,0,0
2026-09-23T08:53:54.849Z,324820343000000,0x0517,0x0104,49990,2,31,499913272,499913272,0,-487889,-487888,3551,356523,1,0,0,0,3,4,0,0,0,8,8,0,1,2,1,499900000,499900000,4,0,4,0,1,0,0,0,0,0,0,0,0,0,0,0,0,0,0,0,0,0,0
2026-09-23T08:53:55.186Z,324820687000000,0x0517,0x0104,49990,2,31,499912146,499912146,0,-487876,-487887,3555,356902,1,0,0,0,3,4,0,0,0,8,8,0,1,2,1,499900000,499900000,4,0,4,0,1,0,0,0,0,0,0,0,0,0,0,0,0,0,0,0,0,0,0
2026-09-23T08:53:55.529Z,324821031000000,0x0517,0x0104,49990,2,31,499908767,499908767,0,-487865,-487884,3558,357197,1,0,0,0,3,4,0,0,0,8,8,0,1,2,1,499900000,499900000,4,0,4,0,1,0,0,0,0,0,0,0,0,0,0,0,0,0,0,0,0,0,0
2026-09-23T08:53:55.871Z,324821375000000,0x0517,0x0104,49990,2,31,499907641,499907641,0,-487894,-487883,3562,357595,1,0,0,0,3,4,0,0,0,8,8,0,1,2,1,499900000,499900000,4,0,4,0,1,0,0,0,0,0,0,0,0,0,0,0,0,0,0,0,0,0,0
2026-09-23T08:53:56.212Z,324821718000000,0x0517,0x0104,49990,2,31,499911020,499911020,0,-487892,-487886,3565,357895,1,0,0,0,3,4,0,0,0,8,8,0,1,2,1,499900000,499900000,4,0,4,0,1,0,0,0,0,0,0,0,0,0,0,0,0,0,0,0,0,0,0
2026-09-23T08:53:56.552Z,324822046000000,0x0517,0x0104,49990,2,31,499909893,499909893,0,-487872,-487885,3568,358224,1,0,0,0,3,4,0,0,0,8,8,0,1,2,1,499900000,499900000,4,0,4,0,1,0,0,0,0,0,0,0,0,0,0,0,0,0,0,0,0,0,0
2026-09-23T08:53:56.888Z,324822390000000,0x0517,0x0104,49990,2,31,499907641,499907641,0,-487877,-487883,3572,358605,1,0,0,0,3,4,0,0,0,8,8,0,1,2,1,499900000,499900000,4,0,4,0,1,0,0,0,0,0,0,0,0,0,0,0,0,0,0,0,0,0,0
2026-09-23T08:53:57.231Z,324822734000000,0x0517,0x0104,49990,2,31,499909893,499909893,0,-487888,-487885,3575,358899,1,0,0,0,3,4,0,0,0,8,8,0,1,2,1,499900000,499900000,4,0,4,0,1,0,0,0,0,0,0,0,0,0,0,0,0,0,0,0,0,0,0
2026-09-23T08:53:57.573Z,324823078000000,0x0517,0x0104,49990,2,31,499911020,499911020,0,-487902,-487886,3578,359242,1,0,0,0,3,4,0,0,0,8,8,0,1,2,1,499900000,499900000,4,0,4,0,1,0,0,0,0,0,0,0,0,0,0,0,0,0,0,0,0,0,0
2026-09-23T08:53:57.914Z,324823421000000,0x0517,0x0104,49990,2,31,499909893,499909893,0,-487861,-487885,3582,359598,1,0,0,0,3,4,0,0,0,8,8,0,1,2,1,499900000,499900000,4,0,4,0,1,0,0,0,0,0,0,0,0,0,0,0,0,0,0,0,0,0,0
2026-09-23T08:53:58.254Z,324823750000000,0x0517,0x0104,49990,2,31,499903135,499903135,0,-487879,-487879,3585,359924,1,0,0,0,3,4,0,0,0,8,8,0,1,2,1,499900000,499900000,4,0,4,0,1,0,0,0,0,0,0,0,0,0,0,0,0,0,0,0,0,0,0
2026-09-23T08:53:58.589Z,324824093000000,0x0517,0x0104,49990,2,31,499902009,499902009,0,-487881,-487878,3589,360307,1,0,0,0,3,4,0,0,0,8,8,0,1,2,1,499900000,499900000,4,0,4,0,1,0,0,0,0,0,0,0,0,0,0,0,0,0,0,0,0,0,0
2026-09-23T08:53:58.930Z,324824437000000,0x0517,0x0104,49990,2,31,499903135,499903135,0,-487905,-487879,3592,360603,1,0,0,0,3,4,0,0,0,8,8,0,1,2,1,499900000,499900000,4,0,4,0,1,0,0,0,0,0,0,0,0,0,0,0,0,0,0,0,0,0,0
2026-09-23T08:53:59.271Z,324824765000000,0x0517,0x0104,49990,2,31,499912146,499912146,0,-487898,-487887,3595,360941,1,0,0,0,3,4,0,0,0,8,8,0,1,2,1,499900000,499900000,4,0,4,0,1,0,0,0,0,0,0,0,0,0,0,0,0,0,0,0,0,0,0
2026-09-23T08:53:59.614Z,324825109000000,0x0517,0x0104,49990,2,31,499915525,499915525,0,-487879,-487890,3599,361323,1,0,0,0,3,4,0,0,0,8,8,0,1,2,1,499900000,499900000,4,0,4,0,1,0,0,0,0,0,0,0,0,0,0,0,0,0,0,0,0,0,0
2026-09-23T08:53:59.958Z,324825453000000,0x0517,0x0104,49990,2,31,499913272,499913272,0,-487886,-487888,3602,361626,1,0,0,0,3,4,0,0,0,8,8,0,1,2,1,499900000,499900000,4,0,4,0,1,0,0,0,0,0,0,0,0,0,0,0,0,0,0,0,0,0,0
2026-09-23T08:54:00.294Z,324825796000000,0x0517,0x0104,49990,2,31,499915525,499915525,0,-487899,-487890,3606,362010,1,0,0,0,3,4,0,0,0,8,8,0,1,2,1,499900000,499900000,4,0,4,0,1,0,0,0,0,0,0,0,0,0,0,0,0,0,0,0,0,0,0
2026-09-23T08:54:00.635Z,324826140000000,0x0517,0x0104,49990,2,31,499916651,499916651,0,-487889,-487891,3609,362305,1,0,0,0,3,4,0,0,0,8,8,0,1,2,1,499910000,499910000,4,0,4,0,1,0,0,0,0,0,0,0,0,0,0,0,0,0,0,0,0,0,0
2026-09-23T08:54:00.980Z,324826484000000,0x0517,0x0104,49991,2,31,499913272,499913272,0,-487902,-487888,3612,362647,1,0,0,0,3,4,0,0,0,8,8,0,1,2,1,499910000,499910000,4,0,4,0,1,0,0,0,0,0,0,0,0,0,0,0,0,0,0,0,0,0,0
2026-09-23T08:54:01.320Z,324826828000000,0x0517,0x0104,49991,2,31,499916651,499916651,0,-487870,-487891,3616,363004,1,0,0,0,3,4,0,0,0,8,8,0,1,2,1,499910000,499910000,4,0,4,0,1,0,0,0,0,0,0,0,0,0,0,0,0,0,0,0,0,0,0
2026-09-23T08:54:01.661Z,324827156000000,0x0517,0x0104,49991,2,31,499912146,499912146,0,-487884,-487887,3619,363332,1,0,0,0,3,4,0,0,0,8,8,0,1,2,1,499910000,499910000,4,0,4,0,1,0,0,0,0,0,0,0,0,0,0,0,0,0,0,0,0,0,0
2026-09-23T08:54:01.999Z,324827500000000,0x0517,0x0104,49991,2,31,499916651,499916651,0,-487886,-487891,3623,363714,1,0,0,0,3,4,0,0,0,8,8,0,1,2,1,499910000,499910000,4,0,4,0,1,0,0,0,0,0,0,0,0,0,0,0,0,0,0,0,0,0,0
2026-09-23T08:54:02.339Z,324827843000000,0x0517,0x0104,49991,2,31,499911020,499911020,0,-487886,-487886,3626,364011,1,0,0,0,3,4,0,0,0,8,8,0,1,2,1,499910000,499910000,4,0,4,0,1,0,0,0,0,0,0,0,0,0,0,0,0,0,0,0,0,0,0
2026-09-23T08:54:02.681Z,324828187000000,0x0517,0x0104,49991,2,31,499912146,499912146,0,-487896,-487887,3629,364351,1,0,0,0,3,4,0,0,0,8,8,0,1,2,1,499910000,499910000,4,0,4,0,1,0,0,0,0,0,0,0,0,0,0,0,0,0,0,0,0,0,0
2026-09-23T08:54:03.020Z,324828515000000,0x0517,0x0104,49991,2,31,499916651,499916651,0,-487898,-487891,3633,364707,1,0,0,0,3,4,0,0,0,8,8,0,1,2,1,499910000,499910000,4,0,4,0,1,0,0,0,0,0,0,0,0,0,0,0,0,0,0,0,0,0,0
2026-09-23T08:54:03.363Z,324828859000000,0x0517,0x0104,49991,2,31,499920030,499920030,0,-487900,-487894,3636,365033,1,0,0,0,3,4,0,0,0,8,8,0,1,2,1,499910000,499910000,4,0,4,0,1,0,0,0,0,0,0,0,0,0,0,0,0,0,0,0,0,0,0
2026-09-23T08:54:03.703Z,324829203000000,0x0517,0x0104,49991,2,31,499917778,499917778,0,-487886,-487892,3640,365417,1,0,0,0,3,4,0,0,0,8,8,0,1,2,1,499910000,499910000,4,0,4,0,1,0,0,0,0,0,0,0,0,0,0,0,0,0,0,0,0,0,0
2026-09-23T08:54:04.045Z,324829546000000,0x0517,0x0104,49991,2,31,499915525,499915525,0,-487898,-487890,3643,365715,1,0,0,0,3,4,0,0,0,8,8,0,1,2,1,499910000,499910000,4,0,4,0,1,0,0,0,0,0,0,0,0,0,0,0,0,0,0,0,0,0,0
2026-09-23T08:54:04.386Z,324829890000000,0x0517,0x0104,49991,2,31,499920030,499920030,0,-487906,-487894,3647,366109,1,0,0,0,3,4,0,0,0,8,8,0,1,2,1,499910000,499910000,4,0,4,0,1,0,0,0,0,0,0,0,0,0,0,0,0,0,0,0,0,0,0
2026-09-23T08:54:04.728Z,324830234000000,0x0517,0x0104,49991,2,31,499924536,499924536,0,-487903,-487898,3650,366410,1,0,0,0,3,4,0,0,0,8,8,0,1,2,1,499910000,499910000,4,0,4,0,1,0,0,0,0,0,0,0,0,0,0,0,0,0,0,0,0,0,0
2026-09-23T08:54:05.068Z,324830562000000,0x0517,0x0104,49991,2,31,499923409,499923409,0,-487886,-487897,3653,366741,1,0,0,0,3,4,0,0,0,8,8,0,1,2,1,499910000,499910000,4,0,4,0,1,0,0,0,0,0,0,0,0,0,0,0,0,0,0,0,0,0,0
2026-09-23T08:54:05.405Z,324830906000000,0x0517,0x0104,49991,2,31,499923409,499923409,0,-487895,-487897,3657,367121,1,0,0,0,3,4,0,0,0,8,8,0,1,2,1,499910000,499910000,4,0,4,0,1,0,0,0,0,0,0,0,0,0,0,0,0,0,0,0,0,0,0
2026-09-23T08:54:05.745Z,324831250000000,0x0517,0x0104,49991,2,31,499922283,499922283,0,-487888,-487896,3660,367417,1,0,0,0,3,4,0,0,0,8,8,0,1,2,1,499910000,499910000,4,0,4,0,1,0,0,0,0,0,0,0,0,0,0,0,0,0,0,0,0,0,0
2026-09-23T08:54:06.086Z,324831593000000,0x0517,0x0104,49991,2,31,499921157,499921157,0,-487893,-487895,3663,367758,1,0,0,0,3,4,0,0,0,8,8,0,1,2,1,499910000,499910000,4,0,4,0,1,0,0,0,0,0,0,0,0,0,0,0,0,0,0,0,0,0,0
2026-09-23T08:54:06.425Z,324831921000000,0x0517,0x0104,49991,2,31,499921157,499921157,0,-487895,-487895,3667,368113,1,0,0,0,3,4,0,0,0,8,8,0,1,2,1,499910000,499910000,4,0,4,0,1,0,0,0,0,0,0,0,0,0,0,0,0,0,0,0,0,0,0
2026-09-23T08:54:06.768Z,324832265000000,0x0517,0x0104,49991,2,31,499923409,499923409,0,-487919,-487897,3670,368438,1,0,0,0,3,4,0,0,0,8,8,0,1,2,1,499910000,499910000,4,0,4,0,1,0,0,0,0,0,0,0,0,0,0,0,0,0,0,0,0,0,0
2026-09-23T08:54:07.107Z,324832609000000,0x0517,0x0104,49991,2,31,499927915,499927915,0,-487891,-487901,3674,368822,1,0,0,0,3,4,0,0,0,8,8,0,1,2,1,499920000,499920000,4,0,4,0,1,0,0,0,0,0,0,0,0,0,0,0,0,0,0,0,0,0,0
2026-09-23T08:54:07.450Z,324832953000000,0x0517,0x0104,49992,2,31,499924536,499924536,0,-487902,-487898,3677,369120,1,0,0,0,3,4,0,0,0,8,8,0,1,2,1,499920000,499920000,4,0,4,0,1,0,0,0,0,0,0,0,0,0,0,0,0,0,0,0,0,0,0
2026-09-23T08:54:07.792Z,324833296000000,0x0517,0x0104,49992,2,31,499931294,499931294,0,-487905,-487904,3681,369515,1,0,0,0,3,4,0,0,0,8,8,0,1,2,1,499920000,499920000,4,0,4,0,1,0,0,0,0,0,0,0,0,0,0,0,0,0,0,0,0,0,0
2026-09-23T08:54:08.133Z,324833640000000,0x0517,0x0104,49992,2,31,499931294,499931294,0,-487886,-487904,3684,369816,1,0,0,0,3,4,0,0,0,8,8,0,1,2,1,499920000,499920000,4,0,4,0,1,0,0,0,0,0,0,0,0,0,0,0,0,0,0,0,0,0,0
2026-09-23T08:54:08.471Z,324833968000000,0x0517,0x0104,49992,2,31,499929041,499929041,0,-487900,-487902,3687,370146,1,0,0,0,3,4,0,0,0,8,8,0,1,2,1,499920000,499920000,4,0,4,0,1,0,0,0,0,0,0,0,0,0,0,0,0,0,0,0,0,0,0
2026-09-23T08:54:08.805Z,324834312000000,0x0517,0x0104,49992,2,31,499929041,499929041,0,-487902,-487902,3691,370525,1,0,0,0,3,4,0,0,0,8,8,0,1,2,1,499920000,499920000,4,0,4,0,1,0,0,0,0,0,0,0,0,0,0,0,0,0,0,0,0,0,0
2026-09-23T08:54:09.148Z,324834656000000,0x0517,0x0104,49992,2,31,499929041,499929041,0,-487908,-487902,3694,370819,1,0,0,0,3,4,0,0,0,8,8,0,1,2,1,499920000,499920000,4,0,4,0,1,0,0,0,0,0,0,0,0,0,0,0,0,0,0,0,0,0,0
2026-09-23T08:54:09.487Z,324834984000000,0x0517,0x0104,49992,2,31,499931294,499931294,0,-487909,-487904,3697,371160,1,0,0,0,3,4,0,0,0,8,8,0,1,2,1,499920000,499920000,4,0,4,0,1,0,0,0,0,0,0,0,0,0,0,0,0,0,0,0,0,0,0
2026-09-23T08:54:09.829Z,324835328000000,0x0517,0x0104,49992,2,31,499933546,499933546,0,-487891,-487906,3701,371541,1,0,0,0,3,4,0,0,0,8,8,0,1,2,1,499920000,499920000,4,0,4,0,1,0,0,0,0,0,0,0,0,0,0,0,0,0,0,0,0,0,0
2026-09-23T08:54:10.173Z,324835671000000,0x0517,0x0104,49992,2,31,499926788,499926788,0,-487885,-487900,3704,371841,1,0,0,0,3,4,0,0,0,8,8,0,1,2,1,499920000,499920000,4,0,4,0,1,0,0,0,0,0,0,0,0,0,0,0,0,0,0,0,0,0,0
2026-09-23T08:54:10.510Z,324836015000000,0x0517,0x0104,49992,2,31,499925662,499925662,0,-487915,-487899,3708,372227,1,0,0,0,3,4,0,0,0,8,8,0,1,2,1,499920000,499920000,4,0,4,0,1,0,0,0,0,0,0,0,0,0,0,0,0,0,0,0,0,0,0
2026-09-23T08:54:10.850Z,324836343000000,0x0517,0x0104,49992,2,31,499924536,499924536,0,-487886,-487898,3711,372523,1,0,0,0,3,4,0,0,0,8,8,0,1,2,1,499920000,499920000,4,0,4,0,1,0,0,0,0,0,0,0,0,0,0,0,0,0,0,0,0,0,0
2026-09-23T08:54:11.188Z,324836687000000,0x0517,0x0104,49992,2,31,499923409,499923409,0,-487917,-487897,3714,372863,1,0,0,0,3,4,0,0,0,8,8,0,1,2,1,499920000,499920000,4,0,4,0,1,0,0,0,0,0,0,0,0,0,0,0,0,0,0,0,0,0,0
2026-09-23T08:54:11.529Z,324837031000000,0x0517,0x0104,49992,2,31,499926788,499926788,0,-487899,-487900,3718,373242,1,0,0,0,3,4,0,0,0,8,8,0,1,2,1,499920000,499920000,4,0,4,0,1,0,0,0,0,0,0,0,0,0,0,0,0,0,0,0,0,0,0
2026-09-23T08:54:11.870Z,324837375000000,0x0517,0x0104,49992,2,31,499929041,499929041,0,-487912,-487902,3721,373541,1,0,0,0,3,4,0,0,0,8,8,0,1,2,1,499920000,499920000,4,0,4,0,1,0,0,0,0,0,0,0,0,0,0,0,0,0,0,0,0,0,0
2026-09-23T08:54:12.206Z,324837703000000,0x0517,0x0104,49992,2,31,499931294,499931294,0,-487912,-487904,3725,373925,1,0,0,0,3,4,0,0,0,8,8,0,1,2,1,499920000,499920000,4,0,4,0,1,0,0,0,0,0,0,0,0,0,0,0,0,0,0,0,0,0,0
2026-09-23T08:54:12.548Z,324838046000000,0x0517,0x0104,49992,2,31,499930167,499930167,0,-487897,-487903,3728,374223,1,0,0,0,3,4,0,0,0,8,8,0,1,2,1,499920000,499920000,4,0,4,0,1,0,0,0,0,0,0,0,0,0,0,0,0,0,0,0,0,0,0
2026-09-23T08:54:12.887Z,324838390000000,0x0517,0x0104,49992,2,31,499927915,499927915,0,-487916,-487901,3731,374561,1,0,0,0,3,4,0,0,0,8,8,0,1,2,1,499920000,499920000,4,0,4,0,1,0,0,0,0,0,0,0,0,0,0,0,0,0,0,0,0,0,0
2026-09-23T08:54:13.228Z,324838734000000,0x0517,0x0104,49992,2,31,499932420,499932420,0,-487910,-487905,3735,374941,1,0,0,0,3,4,0,0,0,8,8,0,1,2,1,499920000,499920000,4,0,4,0,1,0,0,0,0,0,0,0,0,0,0,0,0,0,0,0,0,0,0
2026-09-23T08:54:13.572Z,324839078000000,0x0517,0x0104,49992,2,31,499933546,499933546,0,-487911,-487906,3738,375240,1,0,0,0,3,4,0,0,0,8,8,0,1,2,1,499920000,499920000,4,0,4,0,1,0,0,0,0,0,0,0,0,0,0,0,0,0,0,0,0,0,0
2026-09-23T08:54:13.908Z,324839406000000,0x0517,0x0104,49992,2,31,499934673,499934673,0,-487907,-487907,3742,375626,1,0,0,0,3,4,0,0,0,8,8,0,1,2,1,499920000,499920000,4,0,4,0,1,0,0,0,0,0,0,0,0,0,0,0,0,0,0,0,0,0,0
2026-09-23T08:54:14.248Z,324839750000000,0x0517,0x0104,49992,2,31,499933546,499933546,0,-487907,-487906,3745,375927,1,0,0,0,3,4,0,0,0,8,8,0,1,2,1,499920000,499920000,4,0,4,0,1,0,0,0,0,0,0,0,0,0,0,0,0,0,0,0,0,0,0
2026-09-23T08:54:14.583Z,324840078000000,0x0517,0x0104,49992,2,31,499933546,499933546,0,-487918,-487906,3748,376261,1,0,0,0,3,4,0,0,0,8,8,0,1,2,1,499920000,499920000,4,0,4,0,1,0,0,0,0,0,0,0,0,0,0,0,0,0,0,0,0,0,0
2026-09-23T08:54:14.922Z,324840421000000,0x0517,0x0104,49992,2,31,499938052,499938052,0,-487903,-487910,3752,376637,1,0,0,0,3,4,0,0,0,8,8,0,1,2,1,499930000,499930000,4,0,4,0,1,0,0,0,0,0,0,0,0,0,0,0,0,0,0,0,0,0,0
2026-09-23T08:54:15.265Z,324840765000000,0x0517,0x0104,49993,2,31,499938052,499938052,0,-487909,-487910,3755,376936,1,0,0,0,3,4,0,0,0,8,8,0,1,2,1,499930000,499930000,4,0,4,0,1,0,0,0,0,0,0,0,0,0,0,0,0,0,0,0,0,0,0
2026-09-23T08:54:15.605Z,324841109000000,0x0517,0x0104,49993,2,31,499938052,499938052,0,-487906,-487910,3759,377329,1,0,0,0,3,4,0,0,0,8,8,0,1,2,1,499930000,499930000,4,0,4,0,1,0,0,0,0,0,0,0,0,0,0,0,0,0,0,0,0,0,0
2026-09-23T08:54:15.948Z,324841453000000,0x0517,0x0104,49993,2,31,499935799,499935799,0,-487896,-487908,3762,377630,1,0,0,0,3,4,0,0,0,8,8,0,1,2,1,499930000,499930000,4,0,4,0,1,0,0,0,0,0,0,0,0,0,0,0,0,0,0,0,0,0,0
2026-09-23T08:54:16.286Z,324841781000000,0x0517,0x0104,49993,2,31,499931294,499931294,0,-487897,-487904,3765,377960,1,0,0,0,3,4,0,0,0,8,8,0,1,2,1,499930000,499930000,4,0,4,0,1,0,0,0,0,0,0,0,0,0,0,0,0,0,0,0,0,0,0
2026-09-23T08:54:16.623Z,324842125000000,0x0517,0x0104,49993,2,31,499934673,499934673,0,-487910,-487907,3769,378341,1,0,0,0,3,4,0,0,0,8,8,0,1,2,1,499930000,499930000,4,0,4,0,1,0,0,0,0,0,0,0,0,0,0,0,0,0,0,0,0,0,0
2026-09-23T08:54:16.966Z,324842468000000,0x0517,0x0104,49993,2,31,499932420,499932420,0,-487899,-487905,3772,378637,1,0,0,0,3,4,0,0,0,8,8,0,1,2,1,499930000,499930000,4,0,4,0,1,0,0,0,0,0,0,0,0,0,0,0,0,0,0,0,0,0,0
2026-09-23T08:54:17.305Z,324842812000000,0x0517,0x0104,49993,2,31,499932420,499932420,0,-487909,-487905,3776,379032,1,0,0,0,3,4,0,0,0,8,8,0,1,2,1,499930000,499930000,4,0,4,0,1,0,0,0,0,0,0,0,0,0,0,0,0,0,0,0,0,0,0
2026-09-23T08:54:17.648Z,324843156000000,0x0517,0x0104,49993,2,31,499935799,499935799,0,-487906,-487908,3779,379333,1,0,0,0,3,4,0,0,0,8,8,0,1,2,1,499930000,499930000,4,0,4,0,1,0,0,0,0,0,0,0,0,0,0,0,0,0,0,0,0,0,0
2026-09-23T08:54:17.988Z,324843484000000,0x0517,0x0104,49993,2,31,499936925,499936925,0,-487921,-487909,3782,379660,1,0,0,0,3,4,0,0,0,8,8,0,1,2,1,499930000,499930000,4,0,4,0,1,0,0,0,0,0,0,0,0,0,0,0,0,0,0,0,0,0,0
2026-09-23T08:54:18.325Z,324843828000000,0x0517,0x0104,49993,2,31,499938052,499938052,0,-487925,-487910,3786,380042,1,0,0,0,3,4,0,0,0,8,8,0,1,2,1,499930000,499930000,4,0,4,0,1,0,0,0,0,0,0,0,0,0,0,0,0,0,0,0,0,0,0
2026-09-23T08:54:18.667Z,324844171000000,0x0517,0x0104,49993,2,31,499938052,499938052,0,-487884,-487910,3789,380338,1,0,0,0,3,4,0,0,0,8,8,0,1,2,1,499930000,499930000,4,0,4,0,1,0,0,0,0,0,0,0,0,0,0,0,0,0,0,0,0,0,0
2026-09-23T08:54:19.010Z,324844515000000,0x0517,0x0104,49993,2,31,499939178,499939178,0,-487904,-487911,3792,380681,1,0,0,0,3,4,0,0,0,8,8,0,1,2,1,499930000,499930000,4,0,4,0,1,0,0,0,0,0,0,0,0,0,0,0,0,0,0,0,0,0,0
2026-09-23T08:54:19.350Z,324844843000000,0x0517,0x0104,49993,2,31,499939178,499939178,0,-487892,-487911,3796,381035,1,0,0,0,3,4,0,0,0,8,8,0,1,2,1,499930000,499930000,4,0,4,0,1,0,0,0,0,0,0,0,0,0,0,0,0,0,0,0,0,0,0
2026-09-23T08:54:19.690Z,324845187000000,0x0517,0x0104,49993,2,31,499934673,499934673,0,-487912,-487907,3799,381365,1,0,0,0,3,4,0,0,0,8,8,0,1,2,1,499930000,499930000,4,0,4,0,1,0,0,0,0,0,0,0,0,0,0,0,0,0,0,0,0,0,0
2026-09-23T08:54:20.026Z,324845531000000,0x0517,0x0104,49993,2,31,499934673,499934673,0,-487904,-487907,3803,381745,1,0,0,0,3,4,0,0,0,8,8,0,1,2,1,499930000,499930000,4,0,4,0,1,0,0,0,0,0,0,0,0,0,0,0,0,0,0,0,0,0,0
2026-09-23T08:54:20.367Z,324845875000000,0x0517,0x0104,49993,2,31,499934673,499934673,0,-487903,-487907,3806,382040,1,0,0,0,3,4,0,0,0,8,8,0,1,2,1,499930000,499930000,4,0,4,0,1,0,0,0,0,0,0,0,0,0,0,0,0,0,0,0,0,0,0
2026-09-23T08:54:20.708Z,324846203000000,0x0517,0x0104,49993,2,31,499934673,499934673,0,-487919,-487907,3809,382381,1,0,0,0,3,4,0,0,0,8,8,0,1,2,1,499930000,499930000,4,0,4,0,1,0,0,0,0,0,0,0,0,0,0,0,0,0,0,0,0,0,0
2026-09-23T08:54:21.050Z,324846546000000,0x0517,0x0104,49993,2,31,499933546,499933546,0,-487899,-487906,3813,382763,1,0,0,0,3,4,0,0,0,8,8,0,1,2,1,499930000,499930000,4,0,4,0,1,0,0,0,0,0,0,0,0,0,0,0,0,0,0,0,0,0,0
2026-09-23T08:54:21.392Z,324846890000000,0x0517,0x0104,49993,2,31,499931294,499931294,0,-487916,-487904,3816,383063,1,0,0,0,3,4,0,0,0,8,8,0,1,2,1,499930000,499930000,4,0,4,0,1,0,0,0,0,0,0,0,0,0,0,0,0,0,0,0,0,0,0
2026-09-23T08:54:21.728Z,324847234000000,0x0517,0x0104,49993,2,31,499934673,499934673,0,-487900,-487907,3820,383447,1,0,0,0,3,4,0,0,0,8,8,0,1,2,1,499930000,499930000,4,0,4,0,1,0,0,0,0,0,0,0,0,0,0,0,0,0,0,0,0,0,0
2026-09-23T08:54:22.068Z,324847562000000,0x0517,0x0104,49993,2,31,499933546,499933546,0,-487910,-487906,3823,383742,1,0,0,0,3,4,0,0,0,8,8,0,1,2,1,499930000,499930000,4,0,4,0,1,0,0,0,0,0,0,0,0,0,0,0,0,0,0,0,0,0,0
2026-09-23T08:54:22.407Z,324847906000000,0x0517,0x0104,49993,2,31,499934673,499934673,0,-487905,-487907,3826,384082,1,0,0,0,3,4,0,0,0,8,8,0,1,2,1,499930000,499930000,4,0,4,0,1,0,0,0,0,0,0,0,0,0,0,0,0,0,0,0,0,0,0
2026-09-23T08:54:22.749Z,324848250000000,0x0517,0x0104,49993,2,31,499939178,499939178,0,-487908,-487911,3830,384462,1,0,0,0,3,4,0,0,0,8,8,0,1,2,1,499930000,499930000,4,0,4,0,1,0,0,0,0,0,0,0,0,0,0,0,0,0,0,0,0,0,0
2026-09-23T08:54:23.095Z,324848593000000,0x0517,0x0104,49993,2,31,499935799,499935799,0,-487897,-487908,3833,384761,1,0,0,0,3,4,0,0,0,8,8,0,1,2,1,499930000,499930000,4,0,4,0,1,0,0,0,0,0,0,0,0,0,0,0,0,0,0,0,0,0,0
2026-09-23T08:54:23.432Z,324848937000000,0x0517,0x0104,49993,2,31,499934673,499934673,0,-487907,-487907,3837,385149,1,0,0,0,3,4,0,0,0,8,8,0,1,2,1,499930000,499930000,4,0,4,0,1,0,0,0,0,0,0,0,0,0,0,0,0,0,0,0,0,0,0
2026-09-23T08:54:23.772Z,324849265000000,0x0517,0x0104,49993,2,31,499936925,499936925,0,-487914,-487909,3840,385447,1,0,0,0,3,4,0,0,0,8,8,0,1,2,1,499930000,499930000,4,0,4,0,1,0,0,0,0,0,0,0,0,0,0,0,0,0,0,0,0,0,0
2026-09-23T08:54:24.112Z,324849609000000,0x0517,0x0104,49993,2,31,499934673,499934673,0,-487910,-487907,3843,385786,1,0,0,0,3,4,0,0,0,8,8,0,1,2,1,499930000,499930000,4,0,4,0,1,0,0,0,0,0,0,0,0,0,0,0,0,0,0,0,0,0,0
2026-09-23T08:54:24.454Z,324849953000000,0x0517,0x0104,49993,2,31,499939178,499939178,0,-487892,-487911,3847,386167,1,0,0,0,3,4,0,0,0,8,8,0,1,2,1,499930000,499930000,4,0,4,0,1,0,0,0,0,0,0,0,0,0,0,0,0,0,0,0,0,0,0
2026-09-23T08:54:24.798Z,324850296000000,0x0517,0x0104,49993,2,31,499935799,499935799,0,-487905,-487908,3850,386467,1,0,0,0,3,4,0,0,0,8,8,0,1,2,1,499930000,499930000,4,0,4,0,1,0,0,0,0,0,0,0,0,0,0,0,0,0,0,0,0,0,0
2026-09-23T08:54:25.135Z,324850640000000,0x0517,0x0104,49993,2,31,499936925,499936925,0,-487927,-487909,3854,386852,1,0,0,0,3,4,0,0,0,8,8,0,1,2,1,499930000,499930000,4,0,4,0,1,0,0,0,0,0,0,0,0,0,0,0,0,0,0,0,0,0,0
2026-09-23T08:54:25.475Z,324850968000000,0x0517,0x0104,49993,2,31,499942557,499942557,0,-487923,-487914,3857,387148,1,0,0,0,3,4,0,0,0,8,8,0,1,2,1,499930000,499930000,4,0,4,0,1,0,0,0,0,0,0,0,0,0,0,0,0,0,0,0,0,0,0
2026-09-23T08:54:25.817Z,324851312000000,0x0517,0x0104,49993,2,31,499944810,499944810,0,-487895,-487916,3860,387489,1,0,0,0,3,4,0,0,0,8,8,0,1,2,1,499930000,499930000,4,0,4,0,1,0,0,0,0,0,0,0,0,0,0,0,0,0,0,0,0,0,0
2026-09-23T08:54:26.159Z,324851656000000,0x0517,0x0104,49993,2,31,499943683,499943683,0,-487912,-487915,3864,387871,1,0,0,0,3,4,0,0,0,8,8,0,1,2,1,499930000,499930000,4,0,4,0,1,0,0,0,0,0,0,0,0,0,0,0,0,0,0,0,0,0,0
2026-09-23T08:54:26.502Z,324852000000000,0x0517,0x0104,49993,2,31,499947062,499947062,0,-487910,-487918,3867,388171,1,0,0,0,3,4,0,0,0,8,8,0,1,2,1,499930000,499930000,4,0,4,0,1,0,0,0,0,0,0,0,0,0,0,0,0,0,0,0,0,0,0
2026-09-23T08:54:26.838Z,324852343000000,0x0517,0x0104,49993,2,31,499942557,499942557,0,-487911,-487914,3871,388557,1,0,0,0,3,4,0,0,0,8,8,0,1,2,1,499930000,499930000,4,0,4,0,1,0,0,0,0,0,0,0,0,0,0,0,0,0,0,0,0,0,0
2026-09-23T08:54:27.179Z,324852671000000,0x0517,0x0104,49993,2,31,499942557,499942557,0,-487916,-487914,3874,388852,1,0,0,0,3,4,0,0,0,8,8,0,1,2,1,499930000,499930000,4,0,4,0,1,0,0,0,0,0,0,0,0,0,0,0,0,0,0,0,0,0,0
2026-09-23T08:54:27.517Z,324853015000000,0x0517,0x0104,49993,2,31,499943683,499943683,0,-487935,-487915,3877,389192,1,0,0,0,3,4,0,0,0,8,8,0,1,2,1,499930000,499930000,4,0,4,0,1,0,0,0,0,0,0,0,0,0,0,0,0,0,0,0,0,0,0
2026-09-23T08:54:27.858Z,324853359000000,0x0517,0x0104,49993,2,31,499949315,499949315,0,-487914,-487920,3881,389571,1,0,0,0,3,4,0,0,0,8,8,0,1,2,1,499940000,499940000,4,0,4,0,1,0,0,0,0,0,0,0,0,0,0,0,0,0,0,0,0,0,0
2026-09-23T08:54:28.205Z,324853703000000,0x0517,0x0104,49994,2,31,499944810,499944810,0,-487906,-487916,3884,389872,1,0,0,0,3,4,0,0,0,8,8,0,1,2,1,499940000,499940000,4,0,4,0,1,0,0,0,0,0,0,0,0,0,0,0,0,0,0,0,0,0,0
2026-09-23T08:54:28.543Z,324854046000000,0x0517,0x0104,49994,2,31,499943683,499943683,0,-487917,-487915,3888,390260,1,0,0,0,3,4,0,0,0,8,8,0,1,2,1,499940000,499940000,4,0,4,0,1,0,0,0,0,0,0,0,0,0,0,0,0,0,0,0,0,0,0
2026-09-23T08:54:28.885Z,324854390000000,0x0517,0x0104,49994,2,31,499943683,499943683,0,-487901,-487915,3891,390557,1,0,0,0,3,4,0,0,0,8,8,0,1,2,1,499940000,499940000,4,0,4,0,1,0,0,0,0,0,0,0,0,0,0,0,0,0,0,0,0,0,0
2026-09-23T08:54:29.227Z,324854734000000,0x0517,0x0104,49994,2,31,499947062,499947062,0,-487924,-487918,3895,390953,1,0,0,0,3,4,0,0,0,8,8,0,1,2,1,499940000,499940000,4,0,4,0,1,0,0,0,0,0,0,0,0,0,0,0,0,0,0,0,0,0,0
2026-09-23T08:54:29.568Z,324855062000000,0x0517,0x0104,49994,2,31,499949315,499949315,0,-487921,-487920,3898,391253,1,0,0,0,3,4,0,0,0,8,8,0,1,2,1,499940000,499940000,4,0,4,0,1,0,0,0,0,0,0,0,0,0,0,0,0,0,0,0,0,0,0
2026-09-23T08:54:29.908Z,324855406000000,0x0517,0x0104,49994,2,31,499945936,499945936,0,-487901,-487917,3901,391582,1,0,0,0,3,4,0,0,0,8,8,0,1,2,1,499940000,499940000,4,0,4,0,1,0,0,0,0,0,0,0,0,0,0,0,0,0,0,0,0,0,0
2026-09-23T08:54:30.243Z,324855750000000,0x0517,0x0104,49994,2,31,499941431,499941431,0,-487915,-487913,3905,391963,1,0,0,0,3,4,0,0,0,8,8,0,1,2,1,499940000,499940000,4,0,4,0,1,0,0,0,0,0,0,0,0,0,0,0,0,0,0,0,0,0,0
2026-09-23T08:54:30.585Z,324856093000000,0x0517,0x0104,49994,2,31,499941431,499941431,0,-487910,-487913,3908,392258,1,0,0,0,3,4,0,0,0,8,8,0,1,2,1,499940000,499940000,4,0,4,0,1,0,0,0,0,0,0,0,0,0,0,0,0,0,0,0,0,0,0
2026-09-23T08:54:30.929Z,324856437000000,0x0517,0x0104,49994,2,31,499939178,499939178,0,-487902,-487911,3911,392599,1,0,0,0,3,4,0,0,0,8,8,0,1,2,1,499940000,499940000,4,0,4,0,1,0,0,0,0,0,0,0,0,0,0,0,0,0,0,0,0,0,0
2026-09-23T08:54:31.272Z,324856765000000,0x0517,0x0104,49994,2,31,499939178,499939178,0,-487907,-487911,3915,392956,1,0,0,0,3,4,0,0,0,8,8,0,1,2,1,499940000,499940000,4,0,4,0,1,0,0,0,0,0,0,0,0,0,0,0,0,0,0,0,0,0,0
2026-09-23T08:54:31.610Z,324857109000000,0x0517,0x0104,49994,2,31,499938052,499938052,0,-487914,-487910,3918,393286,1,0,0,0,3,4,0,0,0,8,8,0,1,2,1,499940000,499940000,4,0,4,0,1,0,0,0,0,0,0,0,0,0,0,0,0,0,0,0,0,0,0
2026-09-23T08:54:31.944Z,324857437000000,0x0517,0x0104,49994,2,31,499938052,499938052,0,-487908,-487910,3922,393666,1,0,0,0,3,4,0,0,0,8,8,0,1,2,1,499940000,499940000,4,0,4,0,1,0,0,0,0,0,0,0,0,0,0,0,0,0,0,0,0,0,0
2026-09-23T08:54:32.286Z,324857781000000,0x0517,0x0104,49994,2,31,499935799,499935799,0,-487913,-487908,3925,393960,1,0,0,0,3,4,0,0,0,8,8,0,1,2,1,499940000,499940000,4,0,4,0,1,0,0,0,0,0,0,0,0,0,0,0,0,0,0,0,0,0,0
2026-09-23T08:54:32.628Z,324858125000000,0x0517,0x0104,49994,2,31,499940304,499940304,0,-487915,-487912,3928,394301,1,0,0,0,3,4,0,0,0,8,8,0,1,2,1,499940000,499940000,4,0,4,0,1,0,0,0,0,0,0,0,0,0,0,0,0,0,0,0,0,0,0
2026-09-23T08:54:32.968Z,324858468000000,0x0517,0x0104,49994,2,31,499941431,499941431,0,-487918,-487913,3932,394684,1,0,0,0,3,4,0,0,0,8,8,0,1,2,1,499940000,499940000,4,0,4,0,1,0,0,0,0,0,0,0,0,0,0,0,0,0,0,0,0,0,0
2026-09-23T08:54:33.310Z,324858812000000,0x0517,0x0104,49994,2,31,499940304,499940304,0,-487922,-487912,3935,394982,1,0,0,0,3,4,0,0,0,8,8,0,1,2,1,499940000,499940000,4,0,4,0,1,0,0,0,0,0,0,0,0,0,0,0,0,0,0,0,0,0,0
2026-09-23T08:54:33.649Z,324859156000000,0x0517,0x0104,49994,2,31,499947062,499947062,0,-487945,-487918,3939,395366,1,0,0,0,3,4,0,0,0,8,8,0,1,2,1,499940000,499940000,4,0,4,0,1,0,0,0,0,0,0,0,0,0,0,0,0,0,0,0,0,0,0
2026-09-23T08:54:33.987Z,324859484000000,0x0517,0x0104,49994,2,31,499951568,499951568,0,-487930,-487922,3942,395663,1,0,0,0,3,4,0,0,0,8,8,0,1,2,1,499940000,499940000,4,0,4,0,1,0,0,0,0,0,0,0,0,0,0,0,0,0,0,0,0,0,0
2026-09-23T08:54:34.326Z,324859828000000,0x0517,0x0104,49994,2,31,499951568,499951568,0,-487929,-487922,3945,396002,1,0,0,0,3,4,0,0,0,8,8,0,1,2,1,499940000,499940000,4,0,4,0,1,0,0,0,0,0,0,0,0,0,0,0,0,0,0,0,0,0,0
2026-09-23T08:54:34.667Z,324860171000000,0x0517,0x0104,49994,2,31,499954947,499954947,0,-487904,-487925,3949,396382,1,0,0,0,3,4,0,0,0,8,8,0,1,2,1,499940000,499940000,4,0,4,0,1,0,0,0,0,0,0,0,0,0,0,0,0,0,0,0,0,0,0
2026-09-23T08:54:35.011Z,324860515000000,0x0517,0x0104,49994,2,31,499952694,499952694,0,-487931,-487923,3952,396681,1,0,0,0,3,4,0,0,0,8,8,0,1,2,1,499940000,499940000,4,0,4,0,1,0,0,0,0,0,0,0,0,0,0,0,0,0,0,0,0,0,0
2026-09-23T08:54:35.351Z,324860843000000,0x0517,0x0104,49994,2,31,499954947,499954947,0,-487936,-487925,3956,397067,1,0,0,0,3,4,0,0,0,8,8,0,1,2,1,499940000,499940000,4,0,4,0,1,0,0,0,0,0,0,0,0,0,0,0,0,0,0,0,0,0,0
2026-09-23T08:54:35.691Z,324861187000000,0x0517,0x0104,49994,2,31,499953820,499953820,0,-487912,-487924,3959,397365,1,0,0,0,3,4,0,0,0,8,8,0,1,2,1,499940000,499940000,4,0,4,0,1,0,0,0,0,0,0,0,0,0,0,0,0,0,0,0,0,0,0
2026-09-23T08:54:36.033Z,324861531000000,0x0517,0x0104,49994,2,31,499953820,499953820,0,-487936,-487924,3962,397705,1,0,0,0,3,4,0,0,0,8,8,0,1,2,1,499940000,499940000,4,0,4,0,1,0,0,0,0,0,0,0,0,0,0,0,0,0,0,0,0,0,0
2026-09-23T08:54:36.375Z,324861875000000,0x0517,0x0104,49994,2,31,499958326,499958326,0,-487931,-487928,3966,398088,1,0,0,0,3,4,0,0,0,8,8,0,1,2,1,499950000,499950000,4,0,4,0,1,0,0,0,0,0,0,0,0,0,0,0,0,0,0,0,0,0,0
2026-09-23T08:54:36.719Z,324862218000000,0x0517,0x0104,49995,2,31,499958326,499958326,0,-487923,-487928,3969,398389,1,0,0,0,3,4,0,0,0,8,8,0,1,2,1,499950000,499950000,4,0,4,0,1,0,0,0,0,0,0,0,0,0,0,0,0,0,0,0,0,0,0
2026-09-23T08:54:37.060Z,324862562000000,0x0517,0x0104,49995,2,31,499953820,499953820,0,-487938,-487924,3973,398774,1,0,0,0,3,4,0,0,0,8,8,0,1,2,1,499950000,499950000,4,0,4,0,1,0,0,0,0,0,0,0,0,0,0,0,0,0,0,0,0,0,0
2026-09-23T08:54:37.401Z,324862906000000,0x0517,0x0104,49995,2,31,499956073,499956073,0,-487930,-487926,3976,399072,1,0,0,0,3,4,0,0,0,8,8,0,1,2,1,499950000,499950000,4,0,4,0,1,0,0,0,0,0,0,0,0,0,0,0,0,0,0,0,0,0,0
2026-09-23T08:54:37.739Z,324863234000000,0x0517,0x0104,49995,2,31,499952694,499952694,0,-487908,-487923,3980,399467,1,0,0,0,3,4,0,0,0,8,8,0,1,2,1,499950000,499950000,4,0,4,0,1,0,0,0,0,0,0,0,0,0,0,0,0,0,0,0,0,0,0
2026-09-23T08:54:38.081Z,324863578000000,0x0517,0x0104,49995,2,31,499952694,499952694,0,-487933,-487923,3983,399768,1,0,0,0,3,4,0,0,0,8,8,0,1,2,1,499950000,499950000,4,0,4,0,1,0,0,0,0,0,0,0,0,0,0,0,0,0,0,0,0,0,0
2026-09-23T08:54:38.421Z,324863921000000,0x0517,0x0104,49995,2,31,499954947,499954947,0,-487910,-487925,3986,400096,1,0,0,0,3,4,0,0,0,8,8,0,1,2,1,499950000,499950000,4,0,4,0,1,0,0,0,0,0,0,0,0,0,0,0,0,0,0,0,0,0,0
2026-09-23T08:54:38.760Z,324864265000000,0x0517,0x0104,49995,2,31,499952694,499952694,0,-487925,-487923,3990,400477,1,0,0,0,3,4,0,0,0,8,8,0,1,2,1,499950000,499950000,4,0,4,0,1,0,0,0,0,0,0,0,0,0,0,0,0,0,0,0,0,0,0
2026-09-23T08:54:39.102Z,324864609000000,0x0517,0x0104,49995,2,31,499953820,499953820,0,-487928,-487924,3993,400775,1,0,0,0,3,4,0,0,0,8,8,0,1,2,1,499950000,499950000,4,0,4,0,1,0,0,0,0,0,0,0,0,0,0,0,0,0,0,0,0,0,0
2026-09-23T08:54:39.444Z,324864937000000,0x0517,0x0104,49995,2,31,499953820,499953820,0,-487929,-487924,3997,401170,1,0,0,0,3,4,0,0,0,8,8,0,1,2,1,499950000,499950000,4,0,4,0,1,0,0,0,0,0,0,0,0,0,0,0,0,0,0,0,0,0,0
2026-09-23T08:54:39.785Z,324865281000000,0x0517,0x0104,49995,2,31,499956073,499956073,0,-487929,-487926,4000,401471,1,0,0,0,3,4,0,0,0,8,8,0,1,2,1,499950000,499950000,4,0,4,0,1,0,0,0,0,0,0,0,0,0,0,0,0,0,0,0,0,0,0
2026-09-23T08:54:40.126Z,324865625000000,0x0517,0x0104,49995,2,31,499953820,499953820,0,-487915,-487924,4003,401800,1,0,0,0,3,4,0,0,0,8,8,0,1,2,1,499950000,499950000,4,0,4,0,1,0,0,0,0,0,0,0,0,0,0,0,0,0,0,0,0,0,0
2026-09-23T08:54:40.463Z,324865968000000,0x0517,0x0104,49995,2,31,499951568,499951568,0,-487934,-487922,4007,402182,1,0,0,0,3,4,0,0,0,8,8,0,1,2,1,499950000,499950000,4,0,4,0,1,0,0,0,0,0,0,0,0,0,0,0,0,0,0,0,0,0,0
2026-09-23T08:54:40.805Z,324866312000000,0x0517,0x0104,49995,2,31,499956073,499956073,0,-487913,-487926,4010,402477,1,0,0,0,3,4,0,0,0,8,8,0,1,2,1,499950000,499950000,4,0,4,0,1,0,0,0,0,0,0,0,0,0,0,0,0,0,0,0,0,0,0
2026-09-23T08:54:41.146Z,324866640000000,0x0517,0x0104,49995,2,31,499953820,499953820,0,-487907,-487924,4014,402873,1,0,0,0,3,4,0,0,0,8,8,0,1,2,1,499950000,499950000,4,0,4,0,1,0,0,0,0,0,0,0,0,0,0,0,0,0,0,0,0,0,0
2026-09-23T08:54:41.485Z,324866984000000,0x0517,0x0104,49995,2,31,499950441,499950441,0,-487911,-487921,4017,403173,1,0,0,0,3,4,0,0,0,8,8,0,1,2,1,499950000,499950000,4,0,4,0,1,0,0,0,0,0,0,0,0,0,0,0,0,0,0,0,0,0,0
2026-09-23T08:54:41.825Z,324867328000000,0x0517,0x0104,49995,2,31,499950441,499950441,0,-487927,-487921,4020,403500,1,0,0,0,3,4,0,0,0,8,8,0,1,2,1,499950000,499950000,4,0,4,0,1,0,0,0,0,0,0,0,0,0,0,0,0,0,0,0,0,0,0
2026-09-23T08:54:42.164Z,324867671000000,0x0517,0x0104,49995,2,31,499954947,499954947,0,-487933,-487925,4024,403882,1,0,0,0,3,4,0,0,0,8,8,0,1,2,1,499950000,499950000,4,0,4,0,1,0,0,0,0,0,0,0,0,0,0,0,0,0,0,0,0,0,0
2026-09-23T08:54:42.506Z,324868000000000,0x0517,0x0104,49995,2,31,499958326,499958326,0,-487925,-487928,4027,404178,1,0,0,0,3,4,0,0,0,8,8,0,1,2,1,499950000,499950000,4,0,4,0,1,0,0,0,0,0,0,0,0,0,0,0,0,0,0,0,0,0,0
2026-09-23T08:54:42.847Z,324868343000000,0x0517,0x0104,49995,2,31,499962831,499962831,0,-487913,-487932,4031,404576,1,0,0,0,3,4,0,0,0,8,8,0,1,2,1,499950000,499950000,4,0,4,0,1,0,0,0,0,0,0,0,0,0,0,0,0,0,0,0,0,0,0
2026-09-23T08:54:43.189Z,324868687000000,0x0517,0x0104,49995,2,31,499956073,499956073,0,-487907,-487926,4034,404876,1,0,0,0,3,4,0,0,0,8,8,0,1,2,1,499950000,499950000,4,0,4,0,1,0,0,0,0,0,0,0,0,0,0,0,0,0,0,0,0,0,0
2026-09-23T08:54:43.530Z,324869031000000,0x0517,0x0104,49995,2,31,499957199,499957199,0,-487934,-487927,4037,405204,1,0,0,0,3,4,0,0,0,8,8,0,1,2,1,499950000,499950000,4,0,4,0,1,0,0,0,0,0,0,0,0,0,0,0,0,0,0,0,0,0,0
2026-09-23T08:54:43.867Z,324869375000000,0x0517,0x0104,49995,2,31,499953820,499953820,0,-487907,-487924,4041,405587,1,0,0,0,3,4,0,0,0,8,8,0,1,2,1,499950000,499950000,4,0,4,0,1,0,0,0,0,0,0,0,0,0,0,0,0,0,0,0,0,0,0
2026-09-23T08:54:44.211Z,324869718000000,0x0517,0x0104,49995,2,31,499950441,499950441,0,-487924,-487921,4044,405882,1,0,0,0,3,4,0,0,0,8,8,0,1,2,1,499950000,499950000,4,0,4,0,1,0,0,0,0,0,0,0,0,0,0,0,0,0,0,0,0,0,0
2026-09-23T08:54:44.552Z,324870046000000,0x0517,0x0104,49995,2,31,499954947,499954947,0,-487928,-487925,4048,406279,1,0,0,0,3,4,0,0,0,8,8,0,1,2,1,499950000,499950000,4,0,4,0,1,0,0,0,0,0,0,0,0,0,0,0,0,0,0,0,0,0,0
2026-09-23T08:54:44.891Z,324870390000000,0x0517,0x0104,49995,2,31,499952694,499952694,0,-487918,-487923,4051,406579,1,0,0,0,3,4,0,0,0,8,8,0,1,2,1,499950000,499950000,4,0,4,0,1,0,0,0,0,0,0,0,0,0,0,0,0,0,0,0,0,0,0
2026-09-23T08:54:45.233Z,324870734000000,0x0517,0x0104,49995,2,31,499952694,499952694,0,-487934,-487923,4054,406907,1,0,0,0,3,4,0,0,0,8,8,0,1,2,1,499950000,499950000,4,0,4,0,1,0,0,0,0,0,0,0,0,0,0,0,0,0,0,0,0,0,0
2026-09-23T08:54:45.571Z,324871078000000,0x0517,0x0104,49995,2,31,499952694,499952694,0,-487922,-487923,4058,407288,1,0,0,0,3,4,0,0,0,8,8,0,1,2,1,499950000,499950000,4,0,4,0,1,0,0,0,0,0,0,0,0,0,0,0,0,0,0,0,0,0,0
2026-09-23T08:54:45.911Z,324871406000000,0x0517,0x0104,49995,2,31,499951568,499951568,0,-487914,-487922,4061,407586,1,0,0,0,3,4,0,0,0,8,8,0,1,2,1,499950000,499950000,4,0,4,0,1,0,0,0,0,0,0,0,0,0,0,0,0,0,0,0,0,0,0
2026-09-23T08:54:46.253Z,324871750000000,0x0517,0x0104,49995,2,31,499949315,499949315,0,-487921,-487920,4064,407926,1,0,0,0,3,4,0,0,0,8,8,0,1,2,1,499950000,499950000,4,0,4,0,1,0,0,0,0,0,0,0,0,0,0,0,0,0,0,0,0,0,0
2026-09-23T08:54:46.592Z,324872093000000,0x0517,0x0104,49995,2,31,499949315,499949315,0,-487903,-487920,4068,408282,1,0,0,0,3,4,0,0,0,8,8,0,1,2,1,499950000,499950000,4,0,4,0,1,0,0,0,0,0,0,0,0,0,0,0,0,0,0,0,0,0,0
2026-09-23T08:54:46.933Z,324872437000000,0x0517,0x0104,49995,2,31,499943683,499943683,0,-487917,-487915,4071,408608,1,0,0,0,3,4,0,0,0,8,8,0,1,2,1,499950000,499950000,4,0,4,0,1,0,0,0,0,0,0,0,0,0,0,0,0,0,0,0,0,0,0
2026-09-23T08:54:47.272Z,324872765000000,0x0517,0x0104,49995,2,31,499944810,499944810,0,-487922,-487916,4075,408989,1,0,0,0,3,4,0,0,0,8,8,0,1,2,1,499950000,499950000,4,0,4,0,1,0,0,0,0,0,0,0,0,0,0,0,0,0,0,0,0,0,0
2026-09-23T08:54:47.614Z,324873109000000,0x0517,0x0104,49995,2,31,499945936,499945936,0,-487934,-487917,4078,409287,1,0,0,0,3,4,0,0,0,8,8,0,1,2,1,499950000,499950000,4,0,4,0,1,0,0,0,0,0,0,0,0,0,0,0,0,0,0,0,0,0,0
2026-09-23T08:54:47.956Z,324873453000000,0x0517,0x0104,49995,2,31,499948189,499948189,0,-487936,-487919,4081,409628,1,0,0,0,3,4,0,0,0,8,8,0,1,2,1,499950000,499950000,4,0,4,0,1,0,0,0,0,0,0,0,0,0,0,0,0,0,0,0,0,0,0
2026-09-23T08:54:48.298Z,324873796000000,0x0517,0x0104,49995,2,31,499956073,499956073,0,-487926,-487926,4085,409985,1,0,0,0,3,4,0,0,0,8,8,0,1,2,1,499950000,499950000,4,0,4,0,1,0,0,0,0,0,0,0,0,0,0,0,0,0,0,0,0,0,0
2026-09-23T08:54:48.639Z,324874140000000,0x0517,0x0104,49995,2,31,499954947,499954947,0,-487910,-487925,4088,410313,1,0,0,0,3,4,0,0,0,8,8,0,1,2,1,499950000,499950000,4,0,4,0,1,0,0,0,0,0,0,0,0,0,0,0,0,0,0,0,0,0,0
2026-09-23T08:54:48.974Z,324874468000000,0x0517,0x0104,49995,2,31,499952694,499952694,0,-487922,-487923,4092,410695,1,0,0,0,3,4,0,0,0,8,8,0,1,2,1,499950000,499950000,4,0,4,0,1,0,0,0,0,0,0,0,0,0,0,0,0,0,0,0,0,0,0
2026-09-23T08:54:49.317Z,324874812000000,0x0517,0x0104,49995,2,31,499952694,499952694,0,-487921,-487923,4095,410989,1,0,0,0,3,4,0,0,0,8,8,0,1,2,1,499950000,499950000,4,0,4,0,1,0,0,0,0,0,0,0,0,0,0,0,0,0,0,0,0,0,0
2026-09-23T08:54:49.661Z,324875156000000,0x0517,0x0104,49995,2,31,499947062,499947062,0,-487930,-487918,4098,411332,1,0,0,0,3,4,0,0,0,8,8,0,1,2,1,499950000,499950000,4,0,4,0,1,0,0,0,0,0,0,0,0,0,0,0,0,0,0,0,0,0,0
2026-09-23T08:54:50.001Z,324875500000000,0x0517,0x0104,49995,2,31,499951568,499951568,0,-487914,-487922,4102,411688,1,0,0,0,3,4,0,0,0,8,8,0,1,2,1,499950000,499950000,4,0,4,0,1,0,0,0,0,0,0,0,0,0,0,0,0,0,0,0,0,0,0
2026-09-23T08:54:50.340Z,324875843000000,0x0517,0x0104,49995,2,31,499949315,499949315,0,-487921,-487920,4105,412017,1,0,0,0,3,4,0,0,0,8,8,0,1,2,1,499950000,499950000,4,0,4,0,1,0,0,0,0,0,0,0,0,0,0,0,0,0,0,0,0,0,0
2026-09-23T08:54:50.680Z,324876187000000,0x0517,0x0104,49995,2,31,499951568,499951568,0,-487941,-487922,4109,412397,1,0,0,0,3,4,0,0,0,8,8,0,1,2,1,499950000,499950000,4,0,4,0,1,0,0,0,0,0,0,0,0,0,0,0,0,0,0,0,0,0,0
2026-09-23T08:54:51.020Z,324876515000000,0x0517,0x0104,49995,2,31,499951568,499951568,0,-487914,-487922,4112,412695,1,0,0,0,3,4,0,0,0,8,8,0,1,2,1,499950000,499950000,4,0,4,0,1,0,0,0,0,0,0,0,0,0,0,0,0,0,0,0,0,0,0
2026-09-23T08:54:51.363Z,324876859000000,0x0517,0x0104,49995,2,31,499952694,499952694,0,-487933,-487923,4115,413036,1,0,0,0,3,4,0,0,0,8,8,0,1,2,1,499950000,499950000,4,0,4,0,1,0,0,0,0,0,0,0,0,0,0,0,0,0,0,0,0,0,0
2026-09-23T08:54:51.708Z,324877203000000,0x0517,0x0104,49995,2,31,499951568,499951568,0,-487933,-487922,4119,413391,1,0,0,0,3,4,0,0,0,8,8,0,1,2,1,499950000,499950000,4,0,4,0,1,0,0,0,0,0,0,0,0,0,0,0,0,0,0,0,0,0,0
2026-09-23T08:54:52.045Z,324877546000000,0x0517,0x0104,49995,2,31,499949315,499949315,0,-487915,-487920,4122,413724,1,0,0,0,3,4,0,0,0,8,8,0,1,2,1,499950000,499950000,4,0,4,0,1,0,0,0,0,0,0,0,0,0,0,0,0,0,0,0,0,0,0
2026-09-23T08:54:52.382Z,324877890000000,0x0517,0x0104,49995,2,31,499953820,499953820,0,-487916,-487924,4126,414102,1,0,0,0,3,4,0,0,0,8,8,0,1,2,1,499950000,499950000,4,0,4,0,1,0,0,0,0,0,0,0,0,0,0,0,0,0,0,0,0,0,0
2026-09-23T08:54:52.724Z,324878218000000,0x0517,0x0104,49995,2,31,499951568,499951568,0,-487920,-487922,4129,414398,1,0,0,0,3,4,0,0,0,8,8,0,1,2,1,499950000,499950000,4,0,4,0,1,0,0,0,0,0,0,0,0,0,0,0,0,0,0,0,0,0,0
2026-09-23T08:54:53.065Z,324878562000000,0x0517,0x0104,49995,2,31,499950441,499950441,0,-487924,-487921,4133,414794,1,0,0,0,3,4,0,0,0,8,8,0,1,2,1,499950000,499950000,4,0,4,0,1,0,0,0,0,0,0,0,0,0,0,0,0,0,0,0,0,0,0
2026-09-23T08:54:53.404Z,324878906000000,0x0517,0x0104,49995,2,31,499951568,499951568,0,-487910,-487922,4136,415094,1,0,0,0,3,4,0,0,0,8,8,0,1,2,1,499950000,499950000,4,0,4,0,1,0,0,0,0,0,0,0,0,0,0,0,0,0,0,0,0,0,0
2026-09-23T08:54:53.746Z,324879250000000,0x0517,0x0104,49995,2,31,499948189,499948189,0,-487914,-487919,4139,415420,1,0,0,0,3,4,0,0,0,8,8,0,1,2,1,499950000,499950000,4,0,4,0,1,0,0,0,0,0,0,0,0,0,0,0,0,0,0,0,0,0,0
2026-09-23T08:54:54.083Z,324879578000000,0x0517,0x0104,49995,2,31,499952694,499952694,0,-487929,-487923,4143,415803,1,0,0,0,3,4,0,0,0,8,8,0,1,2,1,499950000,499950000,4,0,4,0,1,0,0,0,0,0,0,0,0,0,0,0,0,0,0,0,0,0,0
2026-09-23T08:54:54.424Z,324879921000000,0x0517,0x0104,49995,2,31,499957199,499957199,0,-487915,-487927,4146,416099,1,0,0,0,3,4,0,0,0,8,8,0,1,2,1,499950000,499950000,4,0,4,0,1,0,0,0,0,0,0,0,0,0,0,0,0,0,0,0,0,0,0
2026-09-23T08:54:54.768Z,324880265000000,0x0517,0x0104,49995,2,31,499957199,499957199,0,-487943,-487927,4149,416440,1,0,0,0,3,4,0,0,0,8,8,0,1,2,1,499950000,499950000,4,0,4,0,1,0,0,0,0,0,0,0,0,0,0,0,0,0,0,0,0,0,0
2026-09-23T08:54:55.109Z,324880609000000,0x0517,0x0104,49995,2,31,499961705,499961705,0,-487924,-487931,4153,416797,1,0,0,0,3,4,0,0,0,8,8,0,1,2,1,499950000,499950000,4,0,4,0,1,0,0,0,0,0,0,0,0,0,0,0,0,0,0,0,0,0,0
2026-09-23T08:54:55.449Z,324880953000000,0x0517,0x0104,49995,2,31,499959452,499959452,0,-487923,-487929,4156,417125,1,0,0,0,3,4,0,0,0,8,8,0,1,2,1,499950000,499950000,4,0,4,0,1,0,0,0,0,0,0,0,0,0,0,0,0,0,0,0,0,0,0
2026-09-23T08:54:55.784Z,324881281000000,0x0517,0x0104,49995,2,31,499961705,499961705,0,-487928,-487931,4160,417506,1,0,0,0,3,4,0,0,0,8,8,0,1,2,1,499950000,499950000,4,0,4,0,1,0,0,0,0,0,0,0,0,0,0,0,0,0,0,0,0,0,0
2026-09-23T08:54:56.122Z,324881625000000,0x0517,0x0104,49995,2,31,499961705,499961705,0,-487935,-487931,4163,417801,1,0,0,0,3,4,0,0,0,8,8,0,1,2,1,499950000,499950000,4,0,4,0,1,0,0,0,0,0,0,0,0,0,0,0,0,0,0,0,0,0,0
2026-09-23T08:54:56.465Z,324881968000000,0x0517,0x0104,49995,2,31,499961705,499961705,0,-487932,-487931,4166,418139,1,0,0,0,3,4,0,0,0,8,8,0,1,2,1,499950000,499950000,4,0,4,0,1,0,0,0,0,0,0,0,0,0,0,0,0,0,0,0,0,0,0
2026-09-23T08:54:56.806Z,324882312000000,0x0517,0x0104,49995,2,31,499961705,499961705,0,-487926,-487931,4170,418523,1,0,0,0,3,4,0,0,0,8,8,0,1,2,1,499950000,499950000,4,0,4,0,1,0,0,0,0,0,0,0,0,0,0,0,0,0,0,0,0,0,0
2026-09-23T08:54:57.150Z,324882656000000,0x0517,0x0104,49995,2,31,499961705,499961705,0,-487930,-487931,4173,418821,1,0,0,0,3,4,0,0,0,8,8,0,1,2,1,499950000,499950000,4,0,4,0,1,0,0,0,0,0,0,0,0,0,0,0,0,0,0,0,0,0,0
2026-09-23T08:54:57.492Z,324883000000000,0x0517,0x0104,49995,2,31,499960578,499960578,0,-487927,-487930,4177,419208,1,0,0,0,3,4,0,0,0,8,8,0,1,2,1,499950000,499950000,4,0,4,0,1,0,0,0,0,0,0,0,0,0,0,0,0,0,0,0,0,0,0
2026-09-23T08:54:57.833Z,324883328000000,0x0517,0x0104,49995,2,31,499960578,499960578,0,-487930,-487930,4180,419507,1,0,0,0,3,4,0,0,0,8,8,0,1,2,1,499950000,499950000,4,0,4,0,1,0,0,0,0,0,0,0,0,0,0,0,0,0,0,0,0,0,0
2026-09-23T08:54:58.176Z,324883671000000,0x0517,0x0104,49995,2,31,499961705,499961705,0,-487937,-487931,4184,419903,1,0,0,0,3,4,0,0,0,8,8,0,1,2,1,499950000,499950000,4,0,4,0,1,0,0,0,0,0,0,0,0,0,0,0,0,0,0,0,0,0,0
2026-09-23T08:54:58.519Z,324884015000000,0x0517,0x0104,49995,2,31,499960578,499960578,0,-487921,-487930,4187,420204,1,0,0,0,3,4,0,0,0,8,8,0,1,2,1,499950000,499950000,4,0,4,0,1,0,0,0,0,0,0,0,0,0,0,0,0,0,0,0,0,0,0
2026-09-23T08:54:58.857Z,324884359000000,0x0517,0x0104,49995,2,31,499960578,499960578,0,-487958,-487930,4190,420534,1,0,0,0,3,4,0,0,0,8,8,0,1,2,1,499950000,499950000,4,0,4,0,1,0,0,0,0,0,0,0,0,0,0,0,0,0,0,0,0,0,0
2026-09-23T08:54:59.199Z,324884703000000,0x0517,0x0104,49995,2,31,499965084,499965084,0,-487920,-487934,4194,420914,1,0,0,0,3,4,0,0,0,8,8,0,1,2,1,499960000,499960000,4,0,4,0,1,0,0,0,0,0,0,0,0,0,0,0,0,0,0,0,0,0,0
2026-09-23T08:54:59.541Z,324885046000000,0x0517,0x0104,49996,2,31,499966210,499966210,0,-487940,-487935,4197,421212,1,0,0,0,3,4,0,0,0,8,8,0,1,2,1,499960000,499960000,4,0,4,0,1,0,0,0,0,0,0,0,0,0,0,0,0,0,0,0,0,0,0
2026-09-23T08:54:59.881Z,324885375000000,0x0517,0x0104,49996,2,31,499968463,499968463,0,-487943,-487937,4201,421606,1,0,0,0,3,4,0,0,0,8,8,0,1,2,1,499960000,499960000,4,0,4,0,1,0,0,0,0,0,0,0,0,0,0,0,0,0,0,0,0,0,0
2026-09-23T08:55:00.223Z,324885718000000,0x0517,0x0104,49996,2,31,499966210,499966210,0,-487929,-487935,4204,421906,1,0,0,0,3,4,0,0,0,8,8,0,1,2,1,499960000,499960000,4,0,4,0,1,0,0,0,0,0,0,0,0,0,0,0,0,0,0,0,0,0,0
2026-09-23T08:55:00.562Z,324886062000000,0x0517,0x0104,49996,2,31,499963957,499963957,0,-487945,-487933,4207,422240,1,0,0,0,3,4,0,0,0,8,8,0,1,2,1,499960000,499960000,4,0,4,0,1,0,0,0,0,0,0,0,0,0,0,0,0,0,0,0,0,0,0
2026-09-23T08:55:00.902Z,324886406000000,0x0517,0x0104,49996,2,31,499965084,499965084,0,-487912,-487934,4211,422620,1,0,0,0,3,4,0,0,0,8,8,0,1,2,1,499960000,499960000,4,0,4,0,1,0,0,0,0,0,0,0,0,0,0,0,0,0,0,0,0,0,0
2026-09-23T08:55:01.246Z,324886750000000,0x0517,0x0104,49996,2,31,499957199,499957199,0,-487930,-487927,4214,422918,1,0,0,0,3,4,0,0,0,8,8,0,1,2,1,499960000,499960000,4,0,4,0,1,0,0,0,0,0,0,0,0,0,0,0,0,0,0,0,0,0,0
2026-09-23T08:55:01.582Z,324887078000000,0x0517,0x0104,49996,2,31,499958326,499958326,0,-487934,-487928,4218,423309,1,0,0,0,3,4,0,0,0,8,8,0,1,2,1,499960000,499960000,4,0,4,0,1,0,0,0,0,0,0,0,0,0,0,0,0,0,0,0,0,0,0
2026-09-23T08:55:01.925Z,324887421000000,0x0517,0x0104,49996,2,31,499961705,499961705,0,-487931,-487931,4221,423610,1,0,0,0,3,4,0,0,0,8,8,0,1,2,1,499960000,499960000,4,0,4,0,1,0,0,0,0,0,0,0,0,0,0,0,0,0,0,0,0,0,0
2026-09-23T08:55:02.262Z,324887765000000,0x0517,0x0104,49996,2,31,499961705,499961705,0,-487930,-487931,4224,423941,1,0,0,0,3,4,0,0,0,8,8,0,1,2,1,499960000,499960000,4,0,4,0,1,0,0,0,0,0,0,0,0,0,0,0,0,0,0,0,0,0,0
2026-09-23T08:55:02.601Z,324888109000000,0x0517,0x0104,49996,2,31,499961705,499961705,0,-487916,-487931,4228,424320,1,0,0,0,3,4,0,0,0,8,8,0,1,2,1,499960000,499960000,4,0,4,0,1,0,0,0,0,0,0,0,0,0,0,0,0,0,0,0,0,0,0
2026-09-23T08:55:02.944Z,324888437000000,0x0517,0x0104,49996,2,31,499959452,499959452,0,-487934,-487929,4231,424617,1,0,0,0,3,4,0,0,0,8,8,0,1,2,1,499960000,499960000,4,0,4,0,1,0,0,0,0,0,0,0,0,0,0,0,0,0,0,0,0,0,0
2026-09-23T08:55:03.282Z,324888781000000,0x0517,0x0104,49996,2,31,499963957,499963957,0,-487931,-487933,4235,425013,1,0,0,0,3,4,0,0,0,8,8,0,1,2,1,499960000,499960000,4,0,4,0,1,0,0,0,0,0,0,0,0,0,0,0,0,0,0,0,0,0,0
2026-09-23T08:55:03.624Z,324889125000000,0x0517,0x0104,49996,2,31,499961705,499961705,0,-487925,-487931,4238,425313,1,0,0,0,3,4,0,0,0,8,8,0,1,2,1,499960000,499960000,4,0,4,0,1,0,0,0,0,0,0,0,0,0,0,0,0,0,0,0,0,0,0
2026-09-23T08:55:03.964Z,324889468000000,0x0517,0x0104,49996,2,31,499960578,499960578,0,-487930,-487930,4241,425641,1,0,0,0,3,4,0,0,0,8,8,0,1,2,1,499960000,499960000,4,0,4,0,1,0,0,0,0,0,0,0,0,0,0,0,0,0,0,0,0,0,0
2026-09-23T08:55:04.300Z,324889796000000,0x0517,0x0104,49996,2,31,499959452,499959452,0,-487925,-487929,4245,426022,1,0,0,0,3,4,0,0,0,8,8,0,1,2,1,499960000,499960000,4,0,4,0,1,0,0,0,0,0,0,0,0,0,0,0,0,0,0,0,0,0,0
2026-09-23T08:55:04.642Z,324890140000000,0x0517,0x0104,49996,2,31,499958326,499958326,0,-487925,-487928,4248,426317,1,0,0,0,3,4,0,0,0,8,8,0,1,2,1,499960000,499960000,4,0,4,0,1,0,0,0,0,0,0,0,0,0,0,0,0,0,0,0,0,0,0
2026-09-23T08:55:04.984Z,324890484000000,0x0517,0x0104,49996,2,31,499957199,499957199,0,-487931,-487927,4251,426659,1,0,0,0,3,4,0,0,0,8,8,0,1,2,1,499960000,499960000,4,0,4,0,1,0,0,0,0,0,0,0,0,0,0,0,0,0,0,0,0,0,0
2026-09-23T08:55:05.324Z,324890828000000,0x0517,0x0104,49996,2,31,499965084,499965084,0,-487941,-487934,4255,427015,1,0,0,0,3,4,0,0,0,8,8,0,1,2,1,499960000,499960000,4,0,4,0,1,0,0,0,0,0,0,0,0,0,0,0,0,0,0,0,0,0,0
2026-09-23T08:55:05.666Z,324891171000000,0x0517,0x0104,49996,2,31,499961705,499961705,0,-487908,-487931,4258,427342,1,0,0,0,3,4,0,0,0,8,8,0,1,2,1,499960000,499960000,4,0,4,0,1,0,0,0,0,0,0,0,0,0,0,0,0,0,0,0,0,0,0
2026-09-23T08:55:06.002Z,324891500000000,0x0517,0x0104,49996,2,31,499962831,499962831,0,-487921,-487932,4262,427724,1,0,0,0,3,4,0,0,0,8,8,0,1,2,1,499960000,499960000,4,0,4,0,1,0,0,0,0,0,0,0,0,0,0,0,0,0,0,0,0,0,0
2026-09-23T08:55:06.342Z,324891843000000,0x0517,0x0104,49996,2,31,499960578,499960578,0,-487932,-487930,4265,428020,1,0,0,0,3,4,0,0,0,8,8,0,1,2,1,499960000,499960000,4,0,4,0,1,0,0,0,0,0,0,0,0,0,0,0,0,0,0,0,0,0,0
2026-09-23T08:55:06.684Z,324892187000000,0x0517,0x0104,49996,2,31,499961705,499961705,0,-487939,-487931,4268,428361,1,0,0,0,3,4,0,0,0,8,8,0,1,2,1,499960000,499960000,4,0,4,0,1,0,0,0,0,0,0,0,0,0,0,0,0,0,0,0,0,0,0
2026-09-23T08:55:07.024Z,324892531000000,0x0517,0x0104,49996,2,31,499965084,499965084,0,-487924,-487934,4272,428741,1,0,0,0,3,4,0,0,0,8,8,0,1,2,1,499960000,499960000,4,0,4,0,1,0,0,0,0,0,0,0,0,0,0,0,0,0,0,0,0,0,0
2026-09-23T08:55:07.366Z,324892859000000,0x0517,0x0104,49996,2,31,499963957,499963957,0,-487934,-487933,4275,429042,1,0,0,0,3,4,0,0,0,8,8,0,1,2,1,499960000,499960000,4,0,4,0,1,0,0,0,0,0,0,0,0,0,0,0,0,0,0,0,0,0,0
2026-09-23T08:55:07.703Z,324893203000000,0x0517,0x0104,49996,2,31,499961705,499961705,0,-487923,-487931,4279,429425,1,0,0,0,3,4,0,0,0,8,8,0,1,2,1,499960000,499960000,4,0,4,0,1,0,0,0,0,0,0,0,0,0,0,0,0,0,0,0,0,0,0
2026-09-23T08:55:08.046Z,324893546000000,0x0517,0x0104,49996,2,31,499961705,499961705,0,-487937,-487931,4282,429721,1,0,0,0,3,4,0,0,0,8,8,0,1,2,1,499960000,499960000,4,0,4,0,1,0,0,0,0,0,0,0,0,0,0,0,0,0,0,0,0,0,0
2026-09-23T08:55:08.386Z,324893890000000,0x0517,0x0104,49996,2,31,499962831,499962831,0,-487939,-487932,4285,430062,1,0,0,0,3,4,0,0,0,8,8,0,1,2,1,499960000,499960000,4,0,4,0,1,0,0,0,0,0,0,0,0,0,0,0,0,0,0,0,0,0,0
2026-09-23T08:55:08.727Z,324894234000000,0x0517,0x0104,49996,2,31,499968463,499968463,0,-487939,-487937,4289,430445,1,0,0,0,3,4,0,0,0,8,8,0,1,2,1,499960000,499960000,4,0,4,0,1,0,0,0,0,0,0,0,0,0,0,0,0,0,0,0,0,0,0
2026-09-23T08:55:09.072Z,324894578000000,0x0517,0x0104,49996,2,31,499969589,499969589,0,-487934,-487938,4292,430744,1,0,0,0,3,4,0,0,0,8,8,0,1,2,1,499960000,499960000,4,0,4,0,1,0,0,0,0,0,0,0,0,0,0,0,0,0,0,0,0,0,0
2026-09-23T08:55:09.408Z,324894906000000,0x0517,0x0104,49996,2,31,499962831,499962831,0,-487923,-487932,4296,431129,1,0,0,0,3,4,0,0,0,8,8,0,1,2,1,499960000,499960000,4,0,4,0,1,0,0,0,0,0,0,0,0,0,0,0,0,0,0,0,0,0,0
2026-09-23T08:55:09.749Z,324895250000000,0x0517,0x0104,49996,2,31,499959452,499959452,0,-487923,-487929,4299,431426,1,0,0,0,3,4,0,0,0,8,8,0,1,2,1,499960000,499960000,4,0,4,0,1,0,0,0,0,0,0,0,0,0,0,0,0,0,0,0,0,0,0
2026-09-23T08:55:10.089Z,324895593000000,0x0517,0x0104,49996,2,31,499957199,499957199,0,-487936,-487927,4302,431766,1,0,0,0,3,4,0,0,0,8,8,0,1,2,1,499960000,499960000,4,0,4,0,1,0,0,0,0,0,0,0,0,0,0,0,0,0,0,0,0,0,0
2026-09-23T08:55:10.431Z,324895937000000,0x0517,0x0104,49996,2,31,499965084,499965084,0,-487923,-487934,4306,432148,1,0,0,0,3,4,0,0,0,8,8,0,1,2,1,499960000,499960000,4,0,4,0,1,0,0,0,0,0,0,0,0,0,0,0,0,0,0,0,0,0,0
2026-09-23T08:55:10.774Z,324896281000000,0x0517,0x0104,49996,2,31,499963957,499963957,0,-487940,-487933,4309,432448,1,0,0,0,3,4,0,0,0,8,8,0,1,2,1,499960000,499960000,4,0,4,0,1,0,0,0,0,0,0,0,0,0,0,0,0,0,0,0,0,0,0
2026-09-23T08:55:11.111Z,324896609000000,0x0517,0x0104,49996,2,31,499963957,499963957,0,-487928,-487933,4313,432831,1,0,0,0,3,4,0,0,0,8,8,0,1,2,1,499960000,499960000,4,0,4,0,1,0,0,0,0,0,0,0,0,0,0,0,0,0,0,0,0,0,0
2026-09-23T08:55:11.452Z,324896953000000,0x0517,0x0104,49996,2,31,499968463,499968463,0,-487925,-487937,4316,433128,1,0,0,0,3,4,0,0,0,8,8,0,1,2,1,499960000,499960000,4,0,4,0,1,0,0,0,0,0,0,0,0,0,0,0,0,0,0,0,0,0,0
2026-09-23T08:55:11.793Z,324897296000000,0x0517,0x0104,49996,2,31,499968463,499968463,0,-487945,-487937,4319,433469,1,0,0,0,3,4,0,0,0,8,8,0,1,2,1,499960000,499960000,4,0,4,0,1,0,0,0,0,0,0,0,0,0,0,0,0,0,0,0,0,0,0
2026-09-23T08:55:12.135Z,324897640000000,0x0517,0x0104,49996,2,31,499966210,499966210,0,-487939,-487935,4323,433850,1,0,0,0,3,4,0,0,0,8,8,0,1,2,1,499960000,499960000,4,0,4,0,1,0,0,0,0,0,0,0,0,0,0,0,0,0,0,0,0,0,0
2026-09-23T08:55:12.477Z,324897984000000,0x0517,0x0104,49996,2,31,499972968,499972968,0,-487941,-487941,4326,434152,1,0,0,0,3,4,0,0,0,8,8,0,1,2,1,499960000,499960000,4,0,4,0,1,0,0,0,0,0,0,0,0,0,0,0,0,0,0,0,0,0,0
2026-09-23T08:55:12.815Z,324898312000000,0x0517,0x0104,49996,2,31,499965084,499965084,0,-487907,-487934,4330,434536,1,0,0,0,3,4,0,0,0,8,8,0,1,2,1,499960000,499960000,4,0,4,0,1,0,0,0,0,0,0,0,0,0,0,0,0,0,0,0,0,0,0
2026-09-23T08:55:13.155Z,324898656000000,0x0517,0x0104,49996,2,31,499960578,499960578,0,-487946,-487930,4333,434831,1,0,0,0,3,4,0,0,0,8,8,0,1,2,1,499960000,499960000,4,0,4,0,1,0,0,0,0,0,0,0,0,0,0,0,0,0,0,0,0,0,0
2026-09-23T08:55:13.496Z,324899000000000,0x0517,0x0104,49996,2,31,499961705,499961705,0,-487929,-487931,4336,435173,1,0,0,0,3,4,0,0,0,8,8,0,1,2,1,499960000,499960000,4,0,4,0,1,0,0,0,0,0,0,0,0,0,0,0,0,0,0,0,0,0,0
2026-09-23T08:55:13.836Z,324899343000000,0x0517,0x0104,49996,2,31,499962831,499962831,0,-487938,-487932,4340,435554,1,0,0,0,3,4,0,0,0,8,8,0,1,2,1,499960000,499960000,4,0,4,0,1,0,0,0,0,0,0,0,0,0,0,0,0,0,0,0,0,0,0
2026-09-23T08:55:14.181Z,324899687000000,0x0517,0x0104,49996,2,31,499963957,499963957,0,-487928,-487933,4343,435854,1,0,0,0,3,4,0,0,0,8,8,0,1,2,1,499960000,499960000,4,0,4,0,1,0,0,0,0,0,0,0,0,0,0,0,0,0,0,0,0,0,0
2026-09-23T08:55:14.519Z,324900015000000,0x0517,0x0104,49996,2,31,499963957,499963957,0,-487936,-487933,4347,436240,1,0,0,0,3,4,0,0,0,8,8,0,1,2,1,499960000,499960000,4,0,4,0,1,0,0,0,0,0,0,0,0,0,0,0,0,0,0,0,0,0,0
2026-09-23T08:55:14.863Z,324900359000000,0x0517,0x0104,49996,2,31,499963957,499963957,0,-487940,-487933,4350,436538,1,0,0,0,3,4,0,0,0,8,8,0,1,2,1,499960000,499960000,4,0,4,0,1,0,0,0,0,0,0,0,0,0,0,0,0,0,0,0,0,0,0
2026-09-23T08:55:15.201Z,324900703000000,0x0517,0x0104,49996,2,31,499962831,499962831,0,-487929,-487932,4354,436933,1,0,0,0,3,4,0,0,0,8,8,0,1,2,1,499960000,499960000,4,0,4,0,1,0,0,0,0,0,0,0,0,0,0,0,0,0,0,0,0,0,0
2026-09-23T08:55:15.542Z,324901046000000,0x0517,0x0104,49996,2,31,499961705,499961705,0,-487920,-487931,4357,437233,1,0,0,0,3,4,0,0,0,8,8,0,1,2,1,499960000,499960000,4,0,4,0,1,0,0,0,0,0,0,0,0,0,0,0,0,0,0,0,0,0,0
2026-09-23T08:55:15.882Z,324901390000000,0x0517,0x0104,49996,2,31,499959452,499959452,0,-487904,-487929,4360,437560,1,0,0,0,3,4,0,0,0,8,8,0,1,2,1,499960000,499960000,4,0,4,0,1,0,0,0,0,0,0,0,0,0,0,0,0,0,0,0,0,0,0
2026-09-23T08:55:16.221Z,324901718000000,0x0517,0x0104,49996,2,31,499958326,499958326,0,-487935,-487928,4364,437942,1,0,0,0,3,4,0,0,0,8,8,0,1,2,1,499960000,499960000,4,0,4,0,1,0,0,0,0,0,0,0,0,0,0,0,0,0,0,0,0,0,0
2026-09-23T08:55:16.561Z,324902062000000,0x0517,0x0104,49996,2,31,499960578,499960578,0,-487933,-487930,4367,438238,1,0,0,0,3,4,0,0,0,8,8,0,1,2,1,499960000,499960000,4,0,4,0,1,0,0,0,0,0,0,0,0,0,0,0,0,0,0,0,0,0,0
2026-09-23T08:55:16.905Z,324902406000000,0x0517,0x0104,49996,2,31,499960578,499960578,0,-487940,-487930,4370,438579,1,0,0,0,3,4,0,0,0,8,8,0,1,2,1,499960000,499960000,4,0,4,0,1,0,0,0,0,0,0,0,0,0,0,0,0,0,0,0,0,0,0
2026-09-23T08:55:17.247Z,324902750000000,0x0517,0x0104,49996,2,31,499969589,499969589,0,-487949,-487938,4374,438936,1,0,0,0,3,4,0,0,0,8,8,0,1,2,1,499960000,499960000,4,0,4,0,1,0,0,0,0,0,0,0,0,0,0,0,0,0,0,0,0,0,0
2026-09-23T08:55:17.587Z,324903093000000,0x0517,0x0104,49996,2,31,499968463,499968463,0,-487944,-487937,4377,439265,1,0,0,0,3,4,0,0,0,8,8,0,1,2,1,499960000,499960000,4,0,4,0,1,0,0,0,0,0,0,0,0,0,0,0,0,0,0,0,0,0,0
2026-09-23T08:55:17.924Z,324903421000000,0x0517,0x0104,49996,2,31,499971842,499971842,0,-487938,-487940,4381,439646,1,0,0,0,3,4,0,0,0,8,8,0,1,2,1,499960000,499960000,4,0,4,0,1,0,0,0,0,0,0,0,0,0,0,0,0,0,0,0,0,0,0
2026-09-23T08:55:18.266Z,324903765000000,0x0517,0x0104,49996,2,31,499971842,499971842,0,-487943,-487940,4384,439943,1,0,0,0,3,4,0,0,0,8,8,0,1,2,1,499960000,499960000,4,0,4,0,1,0,0,0,0,0,0,0,0,0,0,0,0,0,0,0,0,0,0
2026-09-23T08:55:18.609Z,324904109000000,0x0517,0x0104,49996,2,31,499971842,499971842,0,-487935,-487940,4388,440338,1,0,0,0,3,4,0,0,0,8,8,0,1,2,1,499960000,499960000,4,0,4,0,1,0,0,0,0,0,0,0,0,0,0,0,0,0,0,0,0,0,0
2026-09-23T08:55:18.949Z,324904453000000,0x0517,0x0104,49996,2,31,499971842,499971842,0,-487936,-487940,4391,440639,1,0,0,0,3,4,0,0,0,8,8,0,1,2,1,499960000,499960000,4,0,4,0,1,0,0,0,0,0,0,0,0,0,0,0,0,0,0,0,0,0,0
2026-09-23T08:55:19.288Z,324904796000000,0x0517,0x0104,49996,2,31,499968463,499968463,0,-487947,-487937,4394,440966,1,0,0,0,3,4,0,0,0,8,8,0,1,2,1,499960000,499960000,4,0,4,0,1,0,0,0,0,0,0,0,0,0,0,0,0,0,0,0,0,0,0
2026-09-23T08:55:19.627Z,324905125000000,0x0517,0x0104,49996,2,31,499968463,499968463,0,-487955,-487937,4398,441347,1,0,0,0,3,4,0,0,0,8,8,0,1,2,1,499960000,499960000,4,0,4,0,1,0,0,0,0,0,0,0,0,0,0,0,0,0,0,0,0,0,0
2026-09-23T08:55:19.967Z,324905468000000,0x0517,0x0104,49996,2,31,499974094,499974094,0,-487951,-487942,4401,441645,1,0,0,0,3,4,0,0,0,8,8,0,1,2,1,499960000,499960000,4,0,4,0,1,0,0,0,0,0,0,0,0,0,0,0,0,0,0,0,0,0,0
2026-09-23T08:55:20.310Z,324905812000000,0x0517,0x0104,49996,2,31,499975221,499975221,0,-487937,-487943,4404,441985,1,0,0,0,3,4,0,0,0,8,8,0,1,2,1,499960000,499960000,4,0,4,0,1,0,0,0,0,0,0,0,0,0,0,0,0,0,0,0,0,0,0
2026-09-23T08:55:20.652Z,324906156000000,0x0517,0x0104,49996,2,31,499971842,499971842,0,-487940,-487940,4408,442342,1,0,0,0,3,4,0,0,0,8,8,0,1,2,1,499960000,499960000,4,0,4,0,1,0,0,0,0,0,0,0,0,0,0,0,0,0,0,0,0,0,0
2026-09-23T08:55:20.993Z,324906500000000,0x0517,0x0104,49996,2,31,499971842,499971842,0,-487937,-487940,4411,442670,1,0,0,0,3,4,0,0,0,8,8,0,1,2,1,499960000,499960000,4,0,4,0,1,0,0,0,0,0,0,0,0,0,0,0,0,0,0,0,0,0,0
2026-09-23T08:55:21.329Z,324906828000000,0x0517,0x0104,49996,2,31,499969589,499969589,0,-487945,-487938,4415,443051,1,0,0,0,3,4,0,0,0,8,8,0,1,2,1,499960000,499960000,4,0,4,0,1,0,0,0,0,0,0,0,0,0,0,0,0,0,0,0,0,0,0
2026-09-23T08:55:21.670Z,324907171000000,0x0517,0x0104,49996,2,31,499971842,499971842,0,-487937,-487940,4418,443347,1,0,0,0,3,4,0,0,0,8,8,0,1,2,1,499960000,499960000,4,0,4,0,1,0,0,0,0,0,0,0,0,0,0,0,0,0,0,0,0,0,0
2026-09-23T08:55:22.012Z,324907515000000,0x0517,0x0104,49996,2,31,499970715,499970715,0,-487935,-487939,4421,443688,1,0,0,0,3,4,0,0,0,8,8,0,1,2,1,499960000,499960000,4,0,4,0,1,0,0,0,0,0,0,0,0,0,0,0,0,0,0,0,0,0,0
2026-09-23T08:55:22.354Z,324907859000000,0x0517,0x0104,49996,2,31,499969589,499969589,0,-487929,-487938,4425,444045,1,0,0,0,3,4,0,0,0,8,8,0,1,2,1,499960000,499960000,4,0,4,0,1,0,0,0,0,0,0,0,0,0,0,0,0,0,0,0,0,0,0
2026-09-23T08:55:22.694Z,324908187000000,0x0517,0x0104,49996,2,31,499968463,499968463,0,-487958,-487937,4428,444370,1,0,0,0,3,4,0,0,0,8,8,0,1,2,1,499960000,499960000,4,0,4,0,1,0,0,0,0,0,0,0,0,0,0,0,0,0,0,0,0,0,0
2026-09-23T08:55:23.033Z,324908531000000,0x0517,0x0104,49996,2,31,499971842,499971842,0,-487934,-487940,4432,444754,1,0,0,0,3,4,0,0,0,8,8,0,1,2,1,499960000,499960000,4,0,4,0,1,0,0,0,0,0,0,0,0,0,0,0,0,0,0,0,0,0,0
2026-09-23T08:55:23.373Z,324908875000000,0x0517,0x0104,49996,2,31,499968463,499968463,0,-487937,-487937,4435,445050,1,0,0,0,3,4,0,0,0,8,8,0,1,2,1,499960000,499960000,4,0,4,0,1,0,0,0,0,0,0,0,0,0,0,0,0,0,0,0,0,0,0
2026-09-23T08:55:23.715Z,324909218000000,0x0517,0x0104,49996,2,31,499962831,499962831,0,-487917,-487932,4438,445391,1,0,0,0,3,4,0,0,0,8,8,0,1,2,1,499960000,499960000,4,0,4,0,1,0,0,0,0,0,0,0,0,0,0,0,0,0,0,0,0,0,0
2026-09-23T08:55:24.054Z,324909562000000,0x0517,0x0104,49996,2,31,499963957,499963957,0,-487937,-487933,4442,445748,1,0,0,0,3,4,0,0,0,8,8,0,1,2,1,499960000,499960000,4,0,4,0,1,0,0,0,0,0,0,0,0,0,0,0,0,0,0,0,0,0,0
2026-09-23T08:55:24.397Z,324909890000000,0x0517,0x0104,49996,2,31,499963957,499963957,0,-487938,-487933,4445,446073,1,0,0,0,3,4,0,0,0,8,8,0,1,2,1,499960000,499960000,4,0,4,0,1,0,0,0,0,0,0,0,0,0,0,0,0,0,0,0,0,0,0
2026-09-23T08:55:24.734Z,324910234000000,0x0517,0x0104,49996,2,31,499968463,499968463,0,-487935,-487937,4449,446457,1,0,0,0,3,4,0,0,0,8,8,0,1,2,1,499960000,499960000,4,0,4,0,1,0,0,0,0,0,0,0,0,0,0,0,0,0,0,0,0,0,0
2026-09-23T08:55:25.078Z,324910578000000,0x0517,0x0104,49996,2,31,499966210,499966210,0,-487932,-487935,4452,446753,1,0,0,0,3,4,0,0,0,8,8,0,1,2,1,499960000,499960000,4,0,4,0,1,0,0,0,0,0,0,0,0,0,0,0,0,0,0,0,0,0,0
2026-09-23T08:55:25.420Z,324910921000000,0x0517,0x0104,49996,2,31,499965084,499965084,0,-487945,-487934,4456,447150,1,0,0,0,3,4,0,0,0,8,8,0,1,2,1,499960000,499960000,4,0,4,0,1,0,0,0,0,0,0,0,0,0,0,0,0,0,0,0,0,0,0
2026-09-23T08:55:25.762Z,324911265000000,0x0517,0x0104,49996,2,31,499968463,499968463,0,-487956,-487937,4459,447451,1,0,0,0,3,4,0,0,0,8,8,0,1,2,1,499960000,499960000,4,0,4,0,1,0,0,0,0,0,0,0,0,0,0,0,0,0,0,0,0,0,0
2026-09-23T08:55:26.102Z,324911609000000,0x0517,0x0104,49996,2,31,499967336,499967336,0,-487926,-487936,4462,447781,1,0,0,0,3,4,0,0,0,8,8,0,1,2,1,499960000,499960000,4,0,4,0,1,0,0,0,0,0,0,0,0,0,0,0,0,0,0,0,0,0,0
2026-09-23T08:55:26.438Z,324911937000000,0x0517,0x0104,49996,2,31,499963957,499963957,0,-487943,-487933,4466,448162,1,0,0,0,3,4,0,0,0,8,8,0,1,2,1,499960000,499960000,4,0,4,0,1,0,0,0,0,0,0,0,0,0,0,0,0,0,0,0,0,0,0
2026-09-23T08:55:26.781Z,324912281000000,0x0517,0x0104,49996,2,31,499963957,499963957,0,-487936,-487933,4469,448457,1,0,0,0,3,4,0,0,0,8,8,0,1,2,1,499960000,499960000,4,0,4,0,1,0,0,0,0,0,0,0,0,0,0,0,0,0,0,0,0,0,0
2026-09-23T08:55:27.121Z,324912625000000,0x0517,0x0104,49996,2,31,499962831,499962831,0,-487939,-487932,4473,448853,1,0,0,0,3,4,0,0,0,8,8,0,1,2,1,499960000,499960000,4,0,4,0,1,0,0,0,0,0,0,0,0,0,0,0,0,0,0,0,0,0,0
2026-09-23T08:55:27.463Z,324912968000000,0x0517,0x0104,49996,2,31,499960578,499960578,0,-487925,-487930,4476,449154,1,0,0,0,3,4,0,0,0,8,8,0,1,2,1,499960000,499960000,4,0,4,0,1,0,0,0,0,0,0,0,0,0,0,0,0,0,0,0,0,0,0
2026-09-23T08:55:27.803Z,324913296000000,0x0517,0x0104,49996,2,31,499953820,499953820,0,-487922,-487924,4479,449482,1,0,0,0,3,4,0,0,0,8,8,0,1,2,1,499960000,499960000,4,0,4,0,1,0,0,0,0,0,0,0,0,0,0,0,0,0,0,0,0,0,0
2026-09-23T08:55:28.141Z,324913640000000,0x0517,0x0104,49996,2,31,499954947,499954947,0,-487933,-487925,4483,449862,1,0,0,0,3,4,0,0,0,8,8,0,1,2,1,499960000,499960000,4,0,4,0,1,0,0,0,0,0,0,0,0,0,0,0,0,0,0,0,0,0,0
2026-09-23T08:55:28.483Z,324913984000000,0x0517,0x0104,49996,2,31,499953820,499953820,0,-487935,-487924,4486,450159,1,0,0,0,3,4,0,0,0,8,8,0,1,2,1,499960000,499960000,4,0,4,0,1,0,0,0,0,0,0,0,0,0,0,0,0,0,0,0,0,0,0
2026-09-23T08:55:28.824Z,324914328000000,0x0517,0x0104,49996,2,31,499956073,499956073,0,-487934,-487926,4490,450556,1,0,0,0,3,4,0,0,0,8,8,0,1,2,1,499960000,499960000,4,0,4,0,1,0,0,0,0,0,0,0,0,0,0,0,0,0,0,0,0,0,0
2026-09-23T08:55:29.168Z,324914671000000,0x0517,0x0104,49996,2,31,499957199,499957199,0,-487931,-487927,4493,450857,1,0,0,0,3,4,0,0,0,8,8,0,1,2,1,499960000,499960000,4,0,4,0,1,0,0,0,0,0,0,0,0,0,0,0,0,0,0,0,0,0,0
2026-09-23T08:55:29.507Z,324915000000000,0x0517,0x0104,49996,2,31,499957199,499957199,0,-487934,-487927,4496,451186,1,0,0,0,3,4,0,0,0,8,8,0,1,2,1,499960000,499960000,4,0,4,0,1,0,0,0,0,0,0,0,0,0,0,0,0,0,0,0,0,0,0
2026-09-23T08:55:29.846Z,324915343000000,0x0517,0x0104,49996,2,31,499960578,499960578,0,-487925,-487930,4500,451567,1,0,0,0,3,4,0,0,0,8,8,0,1,2,1,499960000,499960000,4,0,4,0,1,0,0,0,0,0,0,0,0,0,0,0,0,0,0,0,0,0,0
2026-09-23T08:55:30.187Z,324915687000000,0x0517,0x0104,49996,2,31,499958326,499958326,0,-487923,-487928,4503,451863,1,0,0,0,3,4,0,0,0,8,8,0,1,2,1,499960000,499960000,4,0,4,0,1,0,0,0,0,0,0,0,0,0,0,0,0,0,0,0,0,0,0
2026-09-23T08:55:30.529Z,324916031000000,0x0517,0x0104,49996,2,31,499960578,499960578,0,-487933,-487930,4507,452259,1,0,0,0,3,4,0,0,0,8,8,0,1,2,1,499960000,499960000,4,0,4,0,1,0,0,0,0,0,0,0,0,0,0,0,0,0,0,0,0,0,0
2026-09-23T08:55:30.871Z,324916375000000,0x0517,0x0104,49996,2,31,499962831,499962831,0,-487932,-487932,4510,452560,1,0,0,0,3,4,0,0,0,8,8,0,1,2,1,499960000,499960000,4,0,4,0,1,0,0,0,0,0,0,0,0,0,0,0,0,0,0,0,0,0,0
2026-09-23T08:55:31.207Z,324916703000000,0x0517,0x0104,49996,2,31,499960578,499960578,0,-487938,-487930,4513,452888,1,0,0,0,3,4,0,0,0,8,8,0,1,2,1,499960000,499960000,4,0,4,0,1,0,0,0,0,0,0,0,0,0,0,0,0,0,0,0,0,0,0
2026-09-23T08:55:31.548Z,324917046000000,0x0517,0x0104,49996,2,31,499969589,499969589,0,-487944,-487938,4517,453268,1,0,0,0,3,4,0,0,0,8,8,0,1,2,1,499960000,499960000,4,0,4,0,1,0,0,0,0,0,0,0,0,0,0,0,0,0,0,0,0,0,0
2026-09-23T08:55:31.888Z,324917390000000,0x0517,0x0104,49996,2,31,499969589,499969589,0,-487911,-487938,4520,453566,1,0,0,0,3,4,0,0,0,8,8,0,1,2,1,499960000,499960000,4,0,4,0,1,0,0,0,0,0,0,0,0,0,0,0,0,0,0,0,0,0,0
2026-09-23T08:55:32.231Z,324917734000000,0x0517,0x0104,49996,2,31,499963957,499963957,0,-487935,-487933,4524,453962,1,0,0,0,3,4,0,0,0,8,8,0,1,2,1,499960000,499960000,4,0,4,0,1,0,0,0,0,0,0,0,0,0,0,0,0,0,0,0,0,0,0
2026-09-23T08:55:32.572Z,324918078000000,0x0517,0x0104,49996,2,31,499963957,499963957,0,-487959,-487933,4527,454263,1,0,0,0,3,4,0,0,0,8,8,0,1,2,1,499960000,499960000,4,0,4,0,1,0,0,0,0,0,0,0,0,0,0,0,0,0,0,0,0,0,0
2026-09-23T08:55:32.913Z,324918406000000,0x0517,0x0104,49996,2,31,499969589,499969589,0,-487921,-487938,4530,454589,1,0,0,0,3,4,0,0,0,8,8,0,1,2,1,499960000,499960000,4,0,4,0,1,0,0,0,0,0,0,0,0,0,0,0,0,0,0,0,0,0,0
2026-09-23T08:55:33.252Z,324918750000000,0x0517,0x0104,49996,2,31,499968463,499968463,0,-487945,-487937,4534,454972,1,0,0,0,3,4,0,0,0,8,8,0,1,2,1,499960000,499960000,4,0,4,0,1,0,0,0,0,0,0,0,0,0,0,0,0,0,0,0,0,0,0
2026-09-23T08:55:33.594Z,324919093000000,0x0517,0x0104,49996,2,31,499969589,499969589,0,-487941,-487938,4537,455270,1,0,0,0,3,4,0,0,0,8,8,0,1,2,1,499960000,499960000,4,0,4,0,1,0,0,0,0,0,0,0,0,0,0,0,0,0,0,0,0,0,0
2026-09-23T08:55:33.934Z,324919437000000,0x0517,0x0104,49996,2,31,499966210,499966210,0,-487928,-487935,4541,455665,1,0,0,0,3,4,0,0,0,8,8,0,1,2,1,499960000,499960000,4,0,4,0,1,0,0,0,0,0,0,0,0,0,0,0,0,0,0,0,0,0,0
2026-09-23T08:55:34.273Z,324919781000000,0x0517,0x0104,49996,2,31,499963957,499963957,0,-487920,-487933,4544,455966,1,0,0,0,3,4,0,0,0,8,8,0,1,2,1,499960000,499960000,4,0,4,0,1,0,0,0,0,0,0,0,0,0,0,0,0,0,0,0,0,0,0
2026-09-23T08:55:34.613Z,324920109000000,0x0517,0x0104,49996,2,31,499963957,499963957,0,-487929,-487933,4547,456293,1,0,0,0,3,4,0,0,0,8,8,0,1,2,1,499960000,499960000,4,0,4,0,1,0,0,0,0,0,0,0,0,0,0,0,0,0,0,0,0,0,0
2026-09-23T08:55:34.950Z,324920453000000,0x0517,0x0104,49996,2,31,499965084,499965084,0,-487920,-487934,4551,456674,1,0,0,0,3,4,0,0,0,8,8,0,1,2,1,499960000,499960000,4,0,4,0,1,0,0,0,0,0,0,0,0,0,0,0,0,0,0,0,0,0,0
2026-09-23T08:55:35.292Z,324920796000000,0x0517,0x0104,49996,2,31,499962831,499962831,0,-487929,-487932,4554,456968,1,0,0,0,3,4,0,0,0,8,8,0,1,2,1,499960000,499960000,4,0,4,0,1,0,0,0,0,0,0,0,0,0,0,0,0,0,0,0,0,0,0
2026-09-23T08:55:35.631Z,324921125000000,0x0517,0x0104,49996,2,31,499965084,499965084,0,-487931,-487934,4557,457310,1,0,0,0,3,4,0,0,0,8,8,0,1,2,1,499960000,499960000,4,0,4,0,1,0,0,0,0,0,0,0,0,0,0,0,0,0,0,0,0,0,0
2026-09-23T08:55:35.974Z,324921468000000,0x0517,0x0104,49996,2,31,499970715,499970715,0,-487923,-487939,4561,457690,1,0,0,0,3,4,0,0,0,8,8,0,1,2,1,499960000,499960000,4,0,4,0,1,0,0,0,0,0,0,0,0,0,0,0,0,0,0,0,0,0,0
2026-09-23T08:55:36.316Z,324921812000000,0x0517,0x0104,49996,2,31,499967336,499967336,0,-487921,-487936,4564,457992,1,0,0,0,3,4,0,0,0,8,8,0,1,2,1,499960000,499960000,4,0,4,0,1,0,0,0,0,0,0,0,0,0,0,0,0,0,0,0,0,0,0
2026-09-23T08:55:36.655Z,324922156000000,0x0517,0x0104,49996,2,31,499963957,499963957,0,-487928,-487933,4568,458377,1,0,0,0,3,4,0,0,0,8,8,0,1,2,1,499960000,499960000,4,0,4,0,1,0,0,0,0,0,0,0,0,0,0,0,0,0,0,0,0,0,0
2026-09-23T08:55:36.997Z,324922500000000,0x0517,0x0104,49996,2,31,499962831,499962831,0,-487938,-487932,4571,458675,1,0,0,0,3,4,0,0,0,8,8,0,1,2,1,499960000,499960000,4,0,4,0,1,0,0,0,0,0,0,0,0,0,0,0,0,0,0,0,0,0,0
2026-09-23T08:55:37.341Z,324922843000000,0x0517,0x0104,49996,2,31,499966210,499966210,0,-487934,-487935,4575,459071,1,0,0,0,3,4,0,0,0,8,8,0,1,2,1,499960000,499960000,4,0,4,0,1,0,0,0,0,0,0,0,0,0,0,0,0,0,0,0,0,0,0
2026-09-23T08:55:37.682Z,324923187000000,0x0517,0x0104,49996,2,31,499968463,499968463,0,-487931,-487937,4578,459372,1,0,0,0,3,4,0,0,0,8,8,0,1,2,1,499960000,499960000,4,0,4,0,1,0,0,0,0,0,0,0,0,0,0,0,0,0,0,0,0,0,0
2026-09-23T08:55:38.021Z,324923515000000,0x0517,0x0104,49996,2,31,499968463,499968463,0,-487956,-487937,4581,459700,1,0,0,0,3,4,0,0,0,8,8,0,1,2,1,499960000,499960000,4,0,4,0,1,0,0,0,0,0,0,0,0,0,0,0,0,0,0,0,0,0,0
2026-09-23T08:55:38.357Z,324923859000000,0x0517,0x0104,49996,2,31,499971842,499971842,0,-487944,-487940,4585,460082,1,0,0,0,3,4,0,0,0,8,8,0,1,2,1,499960000,499960000,4,0,4,0,1,0,0,0,0,0,0,0,0,0,0,0,0,0,0,0,0,0,0
2026-09-23T08:55:38.699Z,324924203000000,0x0517,0x0104,49996,2,31,499974094,499974094,0,-487935,-487942,4588,460377,1,0,0,0,3,4,0,0,0,8,8,0,1,2,1,499960000,499960000,4,0,4,0,1,0,0,0,0,0,0,0,0,0,0,0,0,0,0,0,0,0,0
2026-09-23T08:55:39.044Z,324924546000000,0x0517,0x0104,49996,2,31,499970715,499970715,0,-487941,-487939,4591,460718,1,0,0,0,3,4,0,0,0,8,8,0,1,2,1,499960000,499960000,4,0,4,0,1,0,0,0,0,0,0,0,0,0,0,0,0,0,0,0,0,0,0
2026-09-23T08:55:39.384Z,324924890000000,0x0517,0x0104,49996,2,31,499970715,499970715,0,-487933,-487939,4595,461074,1,0,0,0,3,4,0,0,0,8,8,0,1,2,1,499960000,499960000,4,0,4,0,1,0,0,0,0,0,0,0,0,0,0,0,0,0,0,0,0,0,0
2026-09-23T08:55:39.724Z,324925218000000,0x0517,0x0104,49996,2,31,499969589,499969589,0,-487923,-487938,4598,461404,1,0,0,0,3,4,0,0,0,8,8,0,1,2,1,499960000,499960000,4,0,4,0,1,0,0,0,0,0,0,0,0,0,0,0,0,0,0,0,0,0,0
2026-09-23T08:55:40.060Z,324925562000000,0x0517,0x0104,49996,2,31,499965084,499965084,0,-487945,-487934,4602,461784,1,0,0,0,3,4,0,0,0,8,8,0,1,2,1,499960000,499960000,4,0,4,0,1,0,0,0,0,0,0,0,0,0,0,0,0,0,0,0,0,0,0
2026-09-23T08:55:40.402Z,324925906000000,0x0517,0x0104,49996,2,31,499967336,499967336,0,-487926,-487936,4605,462078,1,0,0,0,3,4,0,0,0,8,8,0,1,2,1,499960000,499960000,4,0,4,0,1,0,0,0,0,0,0,0,0,0,0,0,0,0,0,0,0,0,0
2026-09-23T08:55:40.746Z,324926250000000,0x0517,0x0104,49996,2,31,499965084,499965084,0,-487945,-487934,4608,462421,1,0,0,0,3,4,0,0,0,8,8,0,1,2,1,499960000,499960000,4,0,4,0,1,0,0,0,0,0,0,0,0,0,0,0,0,0,0,0,0,0,0
2026-09-23T08:55:41.086Z,324926593000000,0x0517,0x0104,49996,2,31,499966210,499966210,0,-487926,-487935,4612,462777,1,0,0,0,3,4,0,0,0,8,8,0,1,2,1,499960000,499960000,4,0,4,0,1,0,0,0,0,0,0,0,0,0,0,0,0,0,0,0,0,0,0
2026-09-23T08:55:41.425Z,324926921000000,0x0517,0x0104,49996,2,31,499965084,499965084,0,-487922,-487934,4615,463107,1,0,0,0,3,4,0,0,0,8,8,0,1,2,1,499960000,499960000,4,0,4,0,1,0,0,0,0,0,0,0,0,0,0,0,0,0,0,0,0,0,0
2026-09-23T08:55:41.762Z,324927265000000,0x0517,0x0104,49996,2,31,499965084,499965084,0,-487946,-487934,4619,463486,1,0,0,0,3,4,0,0,0,8,8,0,1,2,1,499960000,499960000,4,0,4,0,1,0,0,0,0,0,0,0,0,0,0,0,0,0,0,0,0,0,0
2026-09-23T08:55:42.103Z,324927609000000,0x0517,0x0104,49996,2,31,499965084,499965084,0,-487933,-487934,4622,463782,1,0,0,0,3,4,0,0,0,8,8,0,1,2,1,499960000,499960000,4,0,4,0,1,0,0,0,0,0,0,0,0,0,0,0,0,0,0,0,0,0,0
2026-09-23T08:55:42.445Z,324927953000000,0x0517,0x0104,49996,2,31,499963957,499963957,0,-487933,-487933,4625,464124,1,0,0,0,3,4,0,0,0,8,8,0,1,2,1,499960000,499960000,4,0,4,0,1,0,0,0,0,0,0,0,0,0,0,0,0,0,0,0,0,0,0
2026-09-23T08:55:42.785Z,324928281000000,0x0517,0x0104,49996,2,31,499969589,499969589,0,-487949,-487938,4629,464507,1,0,0,0,3,4,0,0,0,8,8,0,1,2,1,499960000,499960000,4,0,4,0,1,0,0,0,0,0,0,0,0,0,0,0,0,0,0,0,0,0,0
2026-09-23T08:55:43.129Z,324928625000000,0x0517,0x0104,49996,2,31,499971842,499971842,0,-487926,-487940,4632,464805,1,0,0,0,3,4,0,0,0,8,8,0,1,2,1,499960000,499960000,4,0,4,0,1,0,0,0,0,0,0,0,0,0,0,0,0,0,0,0,0,0,0
2026-09-23T08:55:43.466Z,324928968000000,0x0517,0x0104,49996,2,31,499970715,499970715,0,-487936,-487939,4636,465189,1,0,0,0,3,4,0,0,0,8,8,0,1,2,1,499960000,499960000,4,0,4,0,1,0,0,0,0,0,0,0,0,0,0,0,0,0,0,0,0,0,0
2026-09-23T08:55:43.807Z,324929312000000,0x0517,0x0104,49996,2,31,499970715,499970715,0,-487941,-487939,4639,465486,1,0,0,0,3,4,0,0,0,8,8,0,1,2,1,499960000,499960000,4,0,4,0,1,0,0,0,0,0,0,0,0,0,0,0,0,0,0,0,0,0,0
2026-09-23T08:55:44.149Z,324929656000000,0x0517,0x0104,49996,2,31,499971842,499971842,0,-487957,-487940,4642,465826,1,0,0,0,3,4,0,0,0,8,8,0,1,2,1,499960000,499960000,4,0,4,0,1,0,0,0,0,0,0,0,0,0,0,0,0,0,0,0,0,0,0
2026-09-23T08:55:44.491Z,324929984000000,0x0517,0x0104,49996,2,31,499974094,499974094,0,-487933,-487942,4646,466210,1,0,0,0,3,4,0,0,0,8,8,0,1,2,1,499960000,499960000,4,0,4,0,1,0,0,0,0,0,0,0,0,0,0,0,0,0,0,0,0,0,0
2026-09-23T08:55:44.834Z,324930328000000,0x0517,0x0104,49996,2,31,499970715,499970715,0,-487936,-487939,4649,466510,1,0,0,0,3,4,0,0,0,8,8,0,1,2,1,499960000,499960000,4,0,4,0,1,0,0,0,0,0,0,0,0,0,0,0,0,0,0,0,0,0,0
2026-09-23T08:55:45.171Z,324930671000000,0x0517,0x0104,49996,2,31,499968463,499968463,0,-487931,-487937,4653,466895,1,0,0,0,3,4,0,0,0,8,8,0,1,2,1,499960000,499960000,4,0,4,0,1,0,0,0,0,0,0,0,0,0,0,0,0,0,0,0,0,0,0
2026-09-23T08:55:45.511Z,324931015000000,0x0517,0x0104,49996,2,31,499969589,499969589,0,-487947,-487938,4656,467191,1,0,0,0,3,4,0,0,0,8,8,0,1,2,1,499960000,499960000,4,0,4,0,1,0,0,0,0,0,0,0,0,0,0,0,0,0,0,0,0,0,0
2026-09-23T08:55:45.852Z,324931359000000,0x0517,0x0104,49996,2,31,499969589,499969589,0,-487936,-487938,4660,467586,1,0,0,0,3,4,0,0,0,8,8,0,1,2,1,499960000,499960000,4,0,4,0,1,0,0,0,0,0,0,0,0,0,0,0,0,0,0,0,0,0,0
2026-09-23T08:55:46.194Z,324931687000000,0x0517,0x0104,49996,2,31,499969589,499969589,0,-487934,-487938,4663,467887,1,0,0,0,3,4,0,0,0,8,8,0,1,2,1,499960000,499960000,4,0,4,0,1,0,0,0,0,0,0,0,0,0,0,0,0,0,0,0,0,0,0
2026-09-23T08:55:46.536Z,324932031000000,0x0517,0x0104,49996,2,31,499970715,499970715,0,-487950,-487939,4666,468215,1,0,0,0,3,4,0,0,0,8,8,0,1,2,1,499960000,499960000,4,0,4,0,1,0,0,0,0,0,0,0,0,0,0,0,0,0,0,0,0,0,0
2026-09-23T08:55:46.875Z,324932375000000,0x0517,0x0104,49996,2,31,499970715,499970715,0,-487937,-487939,4670,468597,1,0,0,0,3,4,0,0,0,8,8,0,1,2,1,499960000,499960000,4,0,4,0,1,0,0,0,0,0,0,0,0,0,0,0,0,0,0,0,0,0,0
2026-09-23T08:55:47.216Z,324932718000000,0x0517,0x0104,49996,2,31,499968463,499968463,0,-487943,-487937,4673,468897,1,0,0,0,3,4,0,0,0,8,8,0,1,2,1,499960000,499960000,4,0,4,0,1,0,0,0,0,0,0,0,0,0,0,0,0,0,0,0,0,0,0
2026-09-23T08:55:47.556Z,324933062000000,0x0517,0x0104,49996,2,31,499971842,499971842,0,-487939,-487940,4677,469289,1,0,0,0,3,4,0,0,0,8,8,0,1,2,1,499960000,499960000,4,0,4,0,1,0,0,0,0,0,0,0,0,0,0,0,0,0,0,0,0,0,0
2026-09-23T08:55:47.897Z,324933390000000,0x0517,0x0104,49996,2,31,499971842,499971842,0,-487943,-487940,4680,469589,1,0,0,0,3,4,0,0,0,8,8,0,1,2,1,499960000,499960000,4,0,4,0,1,0,0,0,0,0,0,0,0,0,0,0,0,0,0,0,0,0,0
2026-09-23T08:55:48.239Z,324933734000000,0x0517,0x0104,49996,2,31,499969589,499969589,0,-487939,-487938,4683,469917,1,0,0,0,3,4,0,0,0,8,8,0,1,2,1,499960000,499960000,4,0,4,0,1,0,0,0,0,0,0,0,0,0,0,0,0,0,0,0,0,0,0
2026-09-23T08:55:48.579Z,324934078000000,0x0517,0x0104,49996,2,31,499972968,499972968,0,-487958,-487941,4687,470301,1,0,0,0,3,4,0,0,0,8,8,0,1,2,1,499960000,499960000,4,0,4,0,1,0,0,0,0,0,0,0,0,0,0,0,0,0,0,0,0,0,0
2026-09-23T08:55:48.922Z,324934421000000,0x0517,0x0104,49996,2,31,499972968,499972968,0,-487948,-487941,4690,470599,1,0,0,0,3,4,0,0,0,8,8,0,1,2,1,499960000,499960000,4,0,4,0,1,0,0,0,0,0,0,0,0,0,0,0,0,0,0,0,0,0,0
2026-09-23T08:55:49.262Z,324934765000000,0x0517,0x0104,49996,2,31,499974094,499974094,0,-487957,-487942,4694,470993,1,0,0,0,3,4,0,0,0,8,8,0,1,2,1,499960000,499960000,4,0,4,0,1,0,0,0,0,0,0,0,0,0,0,0,0,0,0,0,0,0,0
2026-09-23T08:55:49.604Z,324935109000000,0x0517,0x0104,49996,2,31,499972968,499972968,0,-487933,-487941,4697,471293,1,0,0,0,3,4,0,0,0,8,8,0,1,2,1,499960000,499960000,4,0,4,0,1,0,0,0,0,0,0,0,0,0,0,0,0,0,0,0,0,0,0
2026-09-23T08:55:49.942Z,324935437000000,0x0517,0x0104,49996,2,31,499971842,499971842,0,-487946,-487940,4700,471624,1,0,0,0,3,4,0,0,0,8,8,0,1,2,1,499960000,499960000,4,0,4,0,1,0,0,0,0,0,0,0,0,0,0,0,0,0,0,0,0,0,0
2026-09-23T08:55:50.277Z,324935781000000,0x0517,0x0104,49996,2,31,499974094,499974094,0,-487925,-487942,4704,472003,1,0,0,0,3,4,0,0,0,8,8,0,1,2,1,499960000,499960000,4,0,4,0,1,0,0,0,0,0,0,0,0,0,0,0,0,0,0,0,0,0,0
2026-09-23T08:55:50.618Z,324936125000000,0x0517,0x0104,49996,2,31,499969589,499969589,0,-487921,-487938,4707,472298,1,0,0,0,3,4,0,0,0,8,8,0,1,2,1,499960000,499960000,4,0,4,0,1,0,0,0,0,0,0,0,0,0,0,0,0,0,0,0,0,0,0
2026-09-23T08:55:50.962Z,324936468000000,0x0517,0x0104,49996,2,31,499967336,499967336,0,-487942,-487936,4710,472639,1,0,0,0,3,4,0,0,0,8,8,0,1,2,1,499960000,499960000,4,0,4,0,1,0,0,0,0,0,0,0,0,0,0,0,0,0,0,0,0,0,0
2026-09-23T08:55:51.304Z,324936812000000,0x0517,0x0104,49996,2,31,499971842,499971842,0,-487928,-487940,4714,472995,1,0,0,0,3,4,0,0,0,8,8,0,1,2,1,499960000,499960000,4,0,4,0,1,0,0,0,0,0,0,0,0,0,0,0,0,0,0,0,0,0,0
2026-09-23T08:55:51.644Z,324937140000000,0x0517,0x0104,49996,2,31,499969589,499969589,0,-487938,-487938,4717,473325,1,0,0,0,3,4,0,0,0,8,8,0,1,2,1,499960000,499960000,4,0,4,0,1,0,0,0,0,0,0,0,0,0,0,0,0,0,0,0,0,0,0
2026-09-23T08:55:51.979Z,324937484000000,0x0517,0x0104,49996,2,31,499969589,499969589,0,-487941,-487938,4721,473706,1,0,0,0,3,4,0,0,0,8,8,0,1,2,1,499960000,499960000,4,0,4,0,1,0,0,0,0,0,0,0,0,0,0,0,0,0,0,0,0,0,0
2026-09-23T08:55:52.322Z,324937828000000,0x0517,0x0104,49996,2,31,499974094,499974094,0,-487954,-487942,4724,474000,1,0,0,0,3,4,0,0,0,8,8,0,1,2,1,499960000,499960000,4,0,4,0,1,0,0,0,0,0,0,0,0,0,0,0,0,0,0,0,0,0,0
2026-09-23T08:55:52.664Z,324938171000000,0x0517,0x0104,49996,2,31,499977473,499977473,0,-487955,-487945,4727,474342,1,0,0,0,3,4,0,0,0,8,8,0,1,2,1,499970000,499970000,4,0,4,0,1,0,0,0,0,0,0,0,0,0,0,0,0,0,0,0,0,0,0
2026-09-23T08:55:53.004Z,324938500000000,0x0517,0x0104,49997,2,31,499981979,499981979,0,-487958,-487949,4731,474698,1,0,0,0,3,4,0,0,0,8,8,0,1,2,1,499970000,499970000,4,0,4,0,1,0,0,0,0,0,0,0,0,0,0,0,0,0,0,0,0,0,0
2026-09-23T08:55:53.346Z,324938843000000,0x0517,0x0104,49997,2,31,499984231,499984231,0,-487952,-487951,4734,475025,1,0,0,0,3,4,0,0,0,8,8,0,1,2,1,499970000,499970000,4,0,4,0,1,0,0,0,0,0,0,0,0,0,0,0,0,0,0,0,0,0,0
2026-09-23T08:55:53.684Z,324939187000000,0x0517,0x0104,49997,2,31,499986484,499986484,0,-487955,-487953,4738,475408,1,0,0,0,3,4,0,0,0,8,8,0,1,2,1,499980000,499980000,4,0,4,0,1,0,0,0,0,0,0,0,0,0,0,0,0,0,0,0,0,0,0
2026-09-23T08:55:54.025Z,324939531000000,0x0517,0x0104,49998,2,31,499984231,499984231,0,-487950,-487951,4741,475705,1,0,0,0,3,4,0,0,0,8,8,0,1,2,1,499980000,499980000,4,0,4,0,1,0,0,0,0,0,0,0,0,0,0,0,0,0,0,0,0,0,0
2026-09-23T08:55:54.368Z,324939875000000,0x0517,0x0104,49998,2,31,499979726,499979726,0,-487937,-487947,4745,476101,1,0,0,0,3,4,0,0,0,8,8,0,1,2,1,499980000,499980000,4,0,4,0,1,0,0,0,0,0,0,0,0,0,0,0,0,0,0,0,0,0,0
2026-09-23T08:55:54.711Z,324940218000000,0x0517,0x0104,49998,2,31,499977473,499977473,0,-487943,-487945,4748,476401,1,0,0,0,3,4,0,0,0,8,8,0,1,2,1,499980000,499980000,4,0,4,0,1,0,0,0,0,0,0,0,0,0,0,0,0,0,0,0,0,0,0
2026-09-23T08:55:55.050Z,324940546000000,0x0517,0x0104,49998,2,31,499977473,499977473,0,-487938,-487945,4751,476732,1,0,0,0,3,4,0,0,0,8,8,0,1,2,1,499980000,499980000,4,0,4,0,1,0,0,0,0,0,0,0,0,0,0,0,0,0,0,0,0,0,0
2026-09-23T08:55:55.386Z,324940890000000,0x0517,0x0104,49998,2,31,499977473,499977473,0,-487959,-487945,4755,477111,1,0,0,0,3,4,0,0,0,8,8,0,1,2,1,499980000,499980000,4,0,4,0,1,0,0,0,0,0,0,0,0,0,0,0,0,0,0,0,0,0,0
2026-09-23T08:55:55.725Z,324941218000000,0x0517,0x0104,49998,2,31,499978600,499978600,0,-487934,-487946,4758,477406,1,0,0,0,3,4,0,0,0,8,8,0,1,2,1,499980000,499980000,4,0,4,0,1,0,0,0,0,0,0,0,0,0,0,0,0,0,0,0,0,0,0
2026-09-23T08:55:56.068Z,324941562000000,0x0517,0x0104,49998,2,31,499975221,499975221,0,-487946,-487943,4761,477747,1,0,0,0,3,4,0,0,0,8,8,0,1,2,1,499980000,499980000,4,0,4,0,1,0,0,0,0,0,0,0,0,0,0,0,0,0,0,0,0,0,0
2026-09-23T08:55:56.412Z,324941906000000,0x0517,0x0104,49998,2,31,499977473,499977473,0,-487957,-487945,4765,478129,1,0,0,0,3,4,0,0,0,8,8,0,1,2,1,499980000,499980000,4,0,4,0,1,0,0,0,0,0,0,0,0,0,0,0,0,0,0,0,0,0,0
2026-09-23T08:55:56.751Z,324942250000000,0x0517,0x0104,49998,2,31,499978600,499978600,0,-487952,-487946,4768,478432,1,0,0,0,3,4,0,0,0,8,8,0,1,2,1,499980000,499980000,4,0,4,0,1,0,0,0,0,0,0,0,0,0,0,0,0,0,0,0,0,0,0
2026-09-23T08:55:57.089Z,324942593000000,0x0517,0x0104,49998,2,31,499980852,499980852,0,-487938,-487948,4772,478813,1,0,0,0,3,4,0,0,0,8,8,0,1,2,1,499980000,499980000,4,0,4,0,1,0,0,0,0,0,0,0,0,0,0,0,0,0,0,0,0,0,0
2026-09-23T08:55:57.432Z,324942937000000,0x0517,0x0104,49998,2,31,499978600,499978600,0,-487944,-487946,4775,479109,1,0,0,0,3,4,0,0,0,8,8,0,1,2,1,499980000,499980000,4,0,4,0,1,0,0,0,0,0,0,0,0,0,0,0,0,0,0,0,0,0,0
2026-09-23T08:55:57.775Z,324943281000000,0x0517,0x0104,49998,2,31,499979726,499979726,0,-487956,-487947,4779,479506,1,0,0,0,3,4,0,0,0,8,8,0,1,2,1,499980000,499980000,4,0,4,0,1,0,0,0,0,0,0,0,0,0,0,0,0,0,0,0,0,0,0
2026-09-23T08:55:58.117Z,324943625000000,0x0517,0x0104,49998,2,31,499975221,499975221,0,-487937,-487943,4782,479807,1,0,0,0,3,4,0,0,0,8,8,0,1,2,1,499980000,499980000,4,0,4,0,1,0,0,0,0,0,0,0,0,0,0,0,0,0,0,0,0,0,0
2026-09-23T08:55:58.455Z,324943953000000,0x0517,0x0104,49998,2,31,499976347,499976347,0,-487939,-487944,4785,480137,1,0,0,0,3,4,0,0,0,8,8,0,1,2,1,499980000,499980000,4,0,4,0,1,0,0,0,0,0,0,0,0,0,0,0,0,0,0,0,0,0,0
2026-09-23T08:55:58.794Z,324944296000000,0x0517,0x0104,49998,2,31,499975221,499975221,0,-487957,-487943,4789,480518,1,0,0,0,3,4,0,0,0,8,8,0,1,2,1,499980000,499980000,4,0,4,0,1,0,0,0,0,0,0,0,0,0,0,0,0,0,0,0,0,0,0
2026-09-23T08:55:59.135Z,324944640000000,0x0517,0x0104,49998,2,31,499977473,499977473,0,-487927,-487945,4792,480815,1,0,0,0,3,4,0,0,0,8,8,0,1,2,1,499980000,499980000,4,0,4,0,1,0,0,0,0,0,0,0,0,0,0,0,0,0,0,0,0,0,0
2026-09-23T08:55:59.475Z,324944968000000,0x0517,0x0104,49998,2,31,499979726,499979726,0,-487942,-487947,4796,481209,1,0,0,0,3,4,0,0,0,8,8,0,1,2,1,499980000,499980000,4,0,4,0,1,0,0,0,0,0,0,0,0,0,0,0,0,0,0,0,0,0,0
2026-09-23T08:55:59.817Z,324945312000000,0x0517,0x0104,49998,2,31,499972968,499972968,0,-487950,-487941,4799,481509,1,0,0,0,3,4,0,0,0,8,8,0,1,2,1,499980000,499980000,4,0,4,0,1,0,0,0,0,0,0,0,0,0,0,0,0,0,0,0,0,0,0
2026-09-23T08:56:00.159Z,324945656000000,0x0517,0x0104,49998,2,31,499972968,499972968,0,-487949,-487941,4802,481837,1,0,0,0,3,4,0,0,0,8,8,0,1,2,1,499980000,499980000,4,0,4,0,1,0,0,0,0,0,0,0,0,0,0,0,0,0,0,0,0,0,0
2026-09-23T08:56:00.496Z,324946000000000,0x0517,0x0104,49998,2,31,499976347,499976347,0,-487965,-487944,4806,482221,1,0,0,0,3,4,0,0,0,8,8,0,1,2,1,499980000,499980000,4,0,4,0,1,0,0,0,0,0,0,0,0,0,0,0,0,0,0,0,0,0,0
2026-09-23T08:56:00.837Z,324946343000000,0x0517,0x0104,49998,2,31,499977473,499977473,0,-487960,-487945,4809,482518,1,0,0,0,3,4,0,0,0,8,8,0,1,2,1,499980000,499980000,4,0,4,0,1,0,0,0,0,0,0,0,0,0,0,0,0,0,0,0,0,0,0
2026-09-23T08:56:01.177Z,324946671000000,0x0517,0x0104,49998,2,31,499975221,499975221,0,-487945,-487943,4813,482912,1,0,0,0,3,4,0,0,0,8,8,0,1,2,1,499980000,499980000,4,0,4,0,1,0,0,0,0,0,0,0,0,0,0,0,0,0,0,0,0,0,0
2026-09-23T08:56:01.522Z,324947015000000,0x0517,0x0104,49998,2,31,499970715,499970715,0,-487948,-487939,4816,483213,1,0,0,0,3,4,0,0,0,8,8,0,1,2,1,499980000,499980000,4,0,4,0,1,0,0,0,0,0,0,0,0,0,0,0,0,0,0,0,0,0,0
2026-09-23T08:56:01.860Z,324947359000000,0x0517,0x0104,49998,2,31,499972968,499972968,0,-487933,-487941,4819,483542,1,0,0,0,3,4,0,0,0,8,8,0,1,2,1,499980000,499980000,4,0,4,0,1,0,0,0,0,0,0,0,0,0,0,0,0,0,0,0,0,0,0
2026-09-23T08:56:02.197Z,324947703000000,0x0517,0x0104,49998,2,31,499974094,499974094,0,-487942,-487942,4823,483923,1,0,0,0,3,4,0,0,0,8,8,0,1,2,1,499980000,499980000,4,0,4,0,1,0,0,0,0,0,0,0,0,0,0,0,0,0,0,0,0,0,0
2026-09-23T08:56:02.540Z,324948046000000,0x0517,0x0104,49998,2,31,499971842,499971842,0,-487931,-487940,4826,484218,1,0,0,0,3,4,0,0,0,8,8,0,1,2,1,499980000,499980000,4,0,4,0,1,0,0,0,0,0,0,0,0,0,0,0,0,0,0,0,0,0,0
2026-09-23T08:56:02.881Z,324948375000000,0x0517,0x0104,49998,2,31,499976347,499976347,0,-487954,-487944,4830,484614,1,0,0,0,3,4,0,0,0,8,8,0,1,2,1,499980000,499980000,4,0,4,0,1,0,0,0,0,0,0,0,0,0,0,0,0,0,0,0,0,0,0
2026-09-23T08:56:03.223Z,324948718000000,0x0517,0x0104,49998,2,31,499976347,499976347,0,-487941,-487944,4833,484915,1,0,0,0,3,4,0,0,0,8,8,0,1,2,1,499980000,499980000,4,0,4,0,1,0,0,0,0,0,0,0,0,0,0,0,0,0,0,0,0,0,0
2026-09-23T08:56:03.562Z,324949062000000,0x0517,0x0104,49998,2,31,499976347,499976347,0,-487960,-487944,4836,485244,1,0,0,0,3,4,0,0,0,8,8,0,1,2,1,499980000,499980000,4,0,4,0,1,0,0,0,0,0,0,0,0,0,0,0,0,0,0,0,0,0,0
2026-09-23T08:56:03.897Z,324949390000000,0x0517,0x0104,49998,2,31,499974094,499974094,0,-487946,-487942,4840,485625,1,0,0,0,3,4,0,0,0,8,8,0,1,2,1,499980000,499980000,4,0,4,0,1,0,0,0,0,0,0,0,0,0,0,0,0,0,0,0,0,0,0
2026-09-23T08:56:04.241Z,324949734000000,0x0517,0x0104,49998,2,31,499977473,499977473,0,-487945,-487945,4843,485919,1,0,0,0,3,4,0,0,0,8,8,0,1,2,1,499980000,499980000,4,0,4,0,1,0,0,0,0,0,0,0,0,0,0,0,0,0,0,0,0,0,0
2026-09-23T08:56:04.583Z,324950078000000,0x0517,0x0104,49998,2,31,499974094,499974094,0,-487940,-487942,4847,486317,1,0,0,0,3,4,0,0,0,8,8,0,1,2,1,499980000,499980000,4,0,4,0,1,0,0,0,0,0,0,0,0,0,0,0,0,0,0,0,0,0,0
2026-09-23T08:56:04.922Z,324950421000000,0x0517,0x0104,49998,2,31,499972968,499972968,0,-487948,-487941,4850,486617,1,0,0,0,3,4,0,0,0,8,8,0,1,2,1,499980000,499980000,4,0,4,0,1,0,0,0,0,0,0,0,0,0,0,0,0,0,0,0,0,0,0
2026-09-23T08:56:05.265Z,324950765000000,0x0517,0x0104,49998,2,31,499977473,499977473,0,-487959,-487945,4853,486945,1,0,0,0,3,4,0,0,0,8,8,0,1,2,1,499980000,499980000,4,0,4,0,1,0,0,0,0,0,0,0,0,0,0,0,0,0,0,0,0,0,0
2026-09-23T08:56:05.602Z,324951109000000,0x0517,0x0104,49998,2,31,499981979,499981979,0,-487957,-487949,4857,487327,1,0,0,0,3,4,0,0,0,8,8,0,1,2,1,499980000,499980000,4,0,4,0,1,0,0,0,0,0,0,0,0,0,0,0,0,0,0,0,0,0,0
2026-09-23T08:56:05.943Z,324951437000000,0x0517,0x0104,49998,2,31,499980852,499980852,0,-487943,-487948,4860,487624,1,0,0,0,3,4,0,0,0,8,8,0,1,2,1,499980000,499980000,4,0,4,0,1,0,0,0,0,0,0,0,0,0,0,0,0,0,0,0,0,0,0
2026-09-23T08:56:06.285Z,324951781000000,0x0517,0x0104,49998,2,31,499977473,499977473,0,-487934,-487945,4863,487964,1,0,0,0,3,4,0,0,0,8,8,0,1,2,1,499980000,499980000,4,0,4,0,1,0,0,0,0,0,0,0,0,0,0,0,0,0,0,0,0,0,0
2026-09-23T08:56:06.625Z,324952125000000,0x0517,0x0104,49998,2,31,499976347,499976347,0,-487952,-487944,4867,488320,1,0,0,0,3,4,0,0,0,8,8,0,1,2,1,499980000,499980000,4,0,4,0,1,0,0,0,0,0,0,0,0,0,0,0,0,0,0,0,0,0,0
2026-09-23T08:56:06.968Z,324952468000000,0x0517,0x0104,49998,2,31,499975221,499975221,0,-487939,-487943,4870,488647,1,0,0,0,3,4,0,0,0,8,8,0,1,2,1,499980000,499980000,4,0,4,0,1,0,0,0,0,0,0,0,0,0,0,0,0,0,0,0,0,0,0
2026-09-23T08:56:07.305Z,324952812000000,0x0517,0x0104,49998,2,31,499974094,499974094,0,-487934,-487942,4874,489030,1,0,0,0,3,4,0,0,0,8,8,0,1,2,1,499980000,499980000,4,0,4,0,1,0,0,0,0,0,0,0,0,0,0,0,0,0,0,0,0,0,0
2026-09-23T08:56:07.648Z,324953156000000,0x0517,0x0104,49998,2,31,499970715,499970715,0,-487939,-487939,4877,489325,1,0,0,0,3,4,0,0,0,8,8,0,1,2,1,499980000,499980000,4,0,4,0,1,0,0,0,0,0,0,0,0,0,0,0,0,0,0,0,0,0,0
2026-09-23T08:56:07.989Z,324953484000000,0x0517,0x0104,49998,2,31,499978600,499978600,0,-487941,-487946,4881,489723,1,0,0,0,3,4,0,0,0,8,8,0,1,2,1,499980000,499980000,4,0,4,0,1,0,0,0,0,0,0,0,0,0,0,0,0,0,0,0,0,0,0
2026-09-23T08:56:08.331Z,324953828000000,0x0517,0x0104,49998,2,31,499977473,499977473,0,-487960,-487945,4884,490023,1,0,0,0,3,4,0,0,0,8,8,0,1,2,1,499980000,499980000,4,0,4,0,1,0,0,0,0,0,0,0,0,0,0,0,0,0,0,0,0,0,0
2026-09-23T08:56:08.669Z,324954171000000,0x0517,0x0104,49998,2,31,499981979,499981979,0,-487941,-487949,4887,490353,1,0,0,0,3,4,0,0,0,8,8,0,1,2,1,499980000,499980000,4,0,4,0,1,0,0,0,0,0,0,0,0,0,0,0,0,0,0,0,0,0,0
2026-09-23T08:56:09.008Z,324954515000000,0x0517,0x0104,49998,2,31,499981979,499981979,0,-487938,-487949,4891,490732,1,0,0,0,3,4,0,0,0,8,8,0,1,2,1,499980000,499980000,4,0,4,0,1,0,0,0,0,0,0,0,0,0,0,0,0,0,0,0,0,0,0
2026-09-23T08:56:09.350Z,324954843000000,0x0517,0x0104,49998,2,31,499979726,499979726,0,-487940,-487947,4894,491030,1,0,0,0,3,4,0,0,0,8,8,0,1,2,1,499980000,499980000,4,0,4,0,1,0,0,0,0,0,0,0,0,0,0,0,0,0,0,0,0,0,0
2026-09-23T08:56:09.691Z,324955187000000,0x0517,0x0104,49998,2,31,499980852,499980852,0,-487964,-487948,4898,491425,1,0,0,0,3,4,0,0,0,8,8,0,1,2,1,499980000,499980000,4,0,4,0,1,0,0,0,0,0,0,0,0,0,0,0,0,0,0,0,0,0,0
2026-09-23T08:56:10.036Z,324955531000000,0x0517,0x0104,49998,2,31,499977473,499977473,0,-487929,-487945,4901,491726,1,0,0,0,3,4,0,0,0,8,8,0,1,2,1,499980000,499980000,4,0,4,0,1,0,0,0,0,0,0,0,0,0,0,0,0,0,0,0,0,0,0
2026-09-23T08:56:10.374Z,324955875000000,0x0517,0x0104,49998,2,31,499976347,499976347,0,-487947,-487944,4904,492057,1,0,0,0,3,4,0,0,0,8,8,0,1,2,1,499980000,499980000,4,0,4,0,1,0,0,0,0,0,0,0,0,0,0,0,0,0,0,0,0,0,0
2026-09-23T08:56:10.712Z,324956218000000,0x0517,0x0104,49998,2,31,499978600,499978600,0,-487937,-487946,4908,492437,1,0,0,0,3,4,0,0,0,8,8,0,1,2,1,499980000,499980000,4,0,4,0,1,0,0,0,0,0,0,0,0,0,0,0,0,0,0,0,0,0,0
2026-09-23T08:56:11.053Z,324956546000000,0x0517,0x0104,49998,2,31,499976347,499976347,0,-487946,-487944,4911,492735,1,0,0,0,3,4,0,0,0,8,8,0,1,2,1,499980000,499980000,4,0,4,0,1,0,0,0,0,0,0,0,0,0,0,0,0,0,0,0,0,0,0
2026-09-23T08:56:11.397Z,324956890000000,0x0517,0x0104,49998,2,31,499972968,499972968,0,-487948,-487941,4915,493128,1,0,0,0,3,4,0,0,0,8,8,0,1,2,1,499980000,499980000,4,0,4,0,1,0,0,0,0,0,0,0,0,0,0,0,0,0,0,0,0,0,0
2026-09-23T08:56:11.739Z,324957234000000,0x0517,0x0104,49998,2,31,499976347,499976347,0,-487934,-487944,4918,493428,1,0,0,0,3,4,0,0,0,8,8,0,1,2,1,499980000,499980000,4,0,4,0,1,0,0,0,0,0,0,0,0,0,0,0,0,0,0,0,0,0,0
2026-09-23T08:56:12.076Z,324957578000000,0x0517,0x0104,49998,2,31,499975221,499975221,0,-487939,-487943,4921,493761,1,0,0,0,3,4,0,0,0,8,8,0,1,2,1,499980000,499980000,4,0,4,0,1,0,0,0,0,0,0,0,0,0,0,0,0,0,0,0,0,0,0
2026-09-23T08:56:12.415Z,324957921000000,0x0517,0x0104,49998,2,31,499978600,499978600,0,-487942,-487946,4925,494140,1,0,0,0,3,4,0,0,0,8,8,0,1,2,1,499980000,499980000,4,0,4,0,1,0,0,0,0,0,0,0,0,0,0,0,0,0,0,0,0,0,0
2026-09-23T08:56:12.759Z,324958265000000,0x0517,0x0104,49998,2,31,499976347,499976347,0,-487935,-487944,4928,494437,1,0,0,0,3,4,0,0,0,8,8,0,1,2,1,499980000,499980000,4,0,4,0,1,0,0,0,0,0,0,0,0,0,0,0,0,0,0,0,0,0,0
2026-09-23T08:56:13.096Z,324958593000000,0x0517,0x0104,49998,2,31,499975221,499975221,0,-487960,-487943,4932,494831,1,0,0,0,3,4,0,0,0,8,8,0,1,2,1,499980000,499980000,4,0,4,0,1,0,0,0,0,0,0,0,0,0,0,0,0,0,0,0,0,0,0
2026-09-23T08:56:13.438Z,324958937000000,0x0517,0x0104,49998,2,31,499976347,499976347,0,-487947,-487944,4935,495131,1,0,0,0,3,4,0,0,0,8,8,0,1,2,1,499980000,499980000,4,0,4,0,1,0,0,0,0,0,0,0,0,0,0,0,0,0,0,0,0,0,0
2026-09-23T08:56:13.778Z,324959281000000,0x0517,0x0104,49998,2,31,499976347,499976347,0,-487952,-487944,4938,495459,1,0,0,0,3,4,0,0,0,8,8,0,1,2,1,499980000,499980000,4,0,4,0,1,0,0,0,0,0,0,0,0,0,0,0,0,0,0,0,0,0,0
2026-09-23T08:56:14.116Z,324959609000000,0x0517,0x0104,49998,2,31,499975221,499975221,0,-487945,-487943,4942,495842,1,0,0,0,3,4,0,0,0,8,8,0,1,2,1,499980000,499980000,4,0,4,0,1,0,0,0,0,0,0,0,0,0,0,0,0,0,0,0,0,0,0
2026-09-23T08:56:14.457Z,324959953000000,0x0517,0x0104,49998,2,31,499970715,499970715,0,-487926,-487939,4945,496138,1,0,0,0,3,4,0,0,0,8,8,0,1,2,1,499980000,499980000,4,0,4,0,1,0,0,0,0,0,0,0,0,0,0,0,0,0,0,0,0,0,0
2026-09-23T08:56:14.800Z,324960296000000,0x0517,0x0104,49998,2,31,499971842,499971842,0,-487954,-487940,4949,496534,1,0,0,0,3,4,0,0,0,8,8,0,1,2,1,499980000,499980000,4,0,4,0,1,0,0,0,0,0,0,0,0,0,0,0,0,0,0,0,0,0,0
2026-09-23T08:56:15.139Z,324960640000000,0x0517,0x0104,49998,2,31,499972968,499972968,0,-487934,-487941,4952,496834,1,0,0,0,3,4,0,0,0,8,8,0,1,2,1,499980000,499980000,4,0,4,0,1,0,0,0,0,0,0,0,0,0,0,0,0,0,0,0,0,0,0
2026-09-23T08:56:15.479Z,324960984000000,0x0517,0x0104,49998,2,31,499970715,499970715,0,-487935,-487939,4955,497162,1,0,0,0,3,4,0,0,0,8,8,0,1,2,1,499980000,499980000,4,0,4,0,1,0,0,0,0,0,0,0,0,0,0,0,0,0,0,0,0,0,0
2026-09-23T08:56:15.814Z,324961312000000,0x0517,0x0104,49998,2,31,499975221,499975221,0,-487936,-487943,4959,497543,1,0,0,0,3,4,0,0,0,8,8,0,1,2,1,499980000,499980000,4,0,4,0,1,0,0,0,0,0,0,0,0,0,0,0,0,0,0,0,0,0,0
2026-09-23T08:56:16.157Z,324961656000000,0x0517,0x0104,49998,2,31,499974094,499974094,0,-487949,-487942,4962,497838,1,0,0,0,3,4,0,0,0,8,8,0,1,2,1,499980000,499980000,4,0,4,0,1,0,0,0,0,0,0,0,0,0,0,0,0,0,0,0,0,0,0
2026-09-23T08:56:16.500Z,324962000000000,0x0517,0x0104,49998,2,31,499977473,499977473,0,-487961,-487945,4965,498179,1,0,0,0,3,4,0,0,0,8,8,0,1,2,1,499980000,499980000,4,0,4,0,1,0,0,0,0,0,0,0,0,0,0,0,0,0,0,0,0,0,0
2026-09-23T08:56:16.841Z,324962343000000,0x0517,0x0104,49998,2,31,499980852,499980852,0,-487944,-487948,4969,498537,1,0,0,0,3,4,0,0,0,8,8,0,1,2,1,499980000,499980000,4,0,4,0,1,0,0,0,0,0,0,0,0,0,0,0,0,0,0,0,0,0,0
2026-09-23T08:56:17.183Z,324962687000000,0x0517,0x0104,49998,2,31,499979726,499979726,0,-487944,-487947,4972,498865,1,0,0,0,3,4,0,0,0,8,8,0,1,2,1,499980000,499980000,4,0,4,0,1,0,0,0,0,0,0,0,0,0,0,0,0,0,0,0,0,0,0
2026-09-23T08:56:17.519Z,324963015000000,0x0517,0x0104,49998,2,31,499976347,499976347,0,-487942,-487944,4976,499247,1,0,0,0,3,4,0,0,0,8,8,0,1,2,1,499980000,499980000,4,0,4,0,1,0,0,0,0,0,0,0,0,0,0,0,0,0,0,0,0,0,0
2026-09-23T08:56:17.861Z,324963359000000,0x0517,0x0104,49998,2,31,499975221,499975221,0,-487934,-487943,4979,499543,1,0,0,0,3,4,0,0,0,8,8,0,1,2,1,499980000,499980000,4,0,4,0,1,0,0,0,0,0,0,0,0,0,0,0,0,0,0,0,0,0,0
2026-09-23T08:56:18.205Z,324963703000000,0x0517,0x0104,49998,2,31,499972968,499972968,0,-487942,-487941,4983,499939,1,0,0,0,3,4,0,0,0,8,8,0,1,2,1,499980000,499980000,4,0,4,0,1,0,0,0,0,0,0,0,0,0,0,0,0,0,0,0,0,0,0
2026-09-23T08:56:18.547Z,324964046000000,0x0517,0x0104,49998,2,31,499974094,499974094,0,-487966,-487942,4986,500240,1,0,0,0,3,4,0,0,0,8,8,0,1,2,1,499980000,499980000,4,0,4,0,1,0,0,0,0,0,0,0,0,0,0,0,0,0,0,0,0,0,0
2026-09-23T08:56:18.886Z,324964390000000,0x0517,0x0104,49998,2,31,499976347,499976347,0,-487945,-487944,4989,500569,1,0,0,0,3,4,0,0,0,8,8,0,1,2,1,499980000,499980000,4,0,4,0,1,0,0,0,0,0,0,0,0,0,0,0,0,0,0,0,0,0,0
2026-09-23T08:56:19.223Z,324964718000000,0x0517,0x0104,49998,2,31,499979726,499979726,0,-487960,-487947,4993,500949,1,0,0,0,3,4,0,0,0,8,8,0,1,2,1,499980000,499980000,4,0,4,0,1,0,0,0,0,0,0,0,0,0,0,0,0,0,0,0,0,0,0
2026-09-23T08:56:19.565Z,324965062000000,0x0517,0x0104,49998,2,31,499977473,499977473,0,-487951,-487945,4996,501246,1,0,0,0,3,4,0,0,0,8,8,0,1,2,1,499980000,499980000,4,0,4,0,1,0,0,0,0,0,0,0,0,0,0,0,0,0,0,0,0,0,0
2026-09-23T08:56:19.908Z,324965406000000,0x0517,0x0104,49998,2,31,499974094,499974094,0,-487944,-487942,5000,501643,1,0,0,0,3,4,0,0,0,8,8,0,1,2,1,499980000,499980000,4,0,4,0,1,0,0,0,0,0,0,0,0,0,0,0,0,0,0,0,0,0,0
2026-09-23T08:56:20.249Z,324965750000000,0x0517,0x0104,49998,2,31,499971842,499971842,0,-487936,-487940,5003,501943,1,0,0,0,3,4,0,0,0,8,8,0,1,2,1,499980000,499980000,4,0,4,0,1,0,0,0,0,0,0,0,0,0,0,0,0,0,0,0,0,0,0
2026-09-23T08:56:20.589Z,324966093000000,0x0517,0x0104,49998,2,31,499971842,499971842,0,-487956,-487940,5006,502272,1,0,0,0,3,4,0,0,0,8,8,0,1,2,1,499980000,499980000,4,0,4,0,1,0,0,0,0,0,0,0,0,0,0,0,0,0,0,0,0,0,0
2026-09-23T08:56:20.926Z,324966421000000,0x0517,0x0104,49998,2,31,499977473,499977473,0,-487941,-487945,5010,502653,1,0,0,0,3,4,0,0,0,8,8,0,1,2,1,499980000,499980000,4,0,4,0,1,0,0,0,0,0,0,0,0,0,0,0,0,0,0,0,0,0,0
2026-09-23T08:56:21.270Z,324966765000000,0x0517,0x0104,49998,2,31,499979726,499979726,0,-487950,-487947,5013,502949,1,0,0,0,3,4,0,0,0,8,8,0,1,2,1,499980000,499980000,4,0,4,0,1,0,0,0,0,0,0,0,0,0,0,0,0,0,0,0,0,0,0
2026-09-23T08:56:21.611Z,324967109000000,0x0517,0x0104,49998,2,31,499977473,499977473,0,-487961,-487945,5017,503345,1,0,0,0,3,4,0,0,0,8,8,0,1,2,1,499980000,499980000,4,0,4,0,1,0,0,0,0,0,0,0,0,0,0,0,0,0,0,0,0,0,0
2026-09-23T08:56:21.953Z,324967453000000,0x0517,0x0104,49998,2,31,499983105,499983105,0,-487958,-487950,5020,503646,1,0,0,0,3,4,0,0,0,8,8,0,1,2,1,499980000,499980000,4,0,4,0,1,0,0,0,0,0,0,0,0,0,0,0,0,0,0,0,0,0,0
2026-09-23T08:56:22.292Z,324967796000000,0x0517,0x0104,49998,2,31,499983105,499983105,0,-487947,-487950,5023,503975,1,0,0,0,3,4,0,0,0,8,8,0,1,2,1,499980000,499980000,4,0,4,0,1,0,0,0,0,0,0,0,0,0,0,0,0,0,0,0,0,0,0
2026-09-23T08:56:22.630Z,324968125000000,0x0517,0x0104,49998,2,31,499979726,499979726,0,-487948,-487947,5027,504356,1,0,0,0,3,4,0,0,0,8,8,0,1,2,1,499980000,499980000,4,0,4,0,1,0,0,0,0,0,0,0,0,0,0,0,0,0,0,0,0,0,0
2026-09-23T08:56:22.970Z,324968468000000,0x0517,0x0104,49998,2,31,499977473,499977473,0,-487959,-487945,5030,504652,1,0,0,0,3,4,0,0,0,8,8,0,1,2,1,499980000,499980000,4,0,4,0,1,0,0,0,0,0,0,0,0,0,0,0,0,0,0,0,0,0,0
2026-09-23T08:56:23.312Z,324968812000000,0x0517,0x0104,49998,2,31,499978600,499978600,0,-487937,-487946,5033,504993,1,0,0,0,3,4,0,0,0,8,8,0,1,2,1,499980000,499980000,4,0,4,0,1,0,0,0,0,0,0,0,0,0,0,0,0,0,0,0,0,0,0
2026-09-23T08:56:23.655Z,324969156000000,0x0517,0x0104,49998,2,31,499978600,499978600,0,-487950,-487946,5037,505349,1,0,0,0,3,4,0,0,0,8,8,0,1,2,1,499980000,499980000,4,0,4,0,1,0,0,0,0,0,0,0,0,0,0,0,0,0,0,0,0,0,0
2026-09-23T08:56:23.996Z,324969500000000,0x0517,0x0104,49998,2,31,499979726,499979726,0,-487946,-487947,5040,505679,1,0,0,0,3,4,0,0,0,8,8,0,1,2,1,499980000,499980000,4,0,4,0,1,0,0,0,0,0,0,0,0,0,0,0,0,0,0,0,0,0,0
2026-09-23T08:56:24.334Z,324969828000000,0x0517,0x0104,49998,2,31,499980852,499980852,0,-487954,-487948,5044,506060,1,0,0,0,3,4,0,0,0,8,8,0,1,2,1,499980000,499980000,4,0,4,0,1,0,0,0,0,0,0,0,0,0,0,0,0,0,0,0,0,0,0
2026-09-23T08:56:24.675Z,324970171000000,0x0517,0x0104,49998,2,31,499976347,499976347,0,-487936,-487944,5047,506357,1,0,0,0,3,4,0,0,0,8,8,0,1,2,1,499980000,499980000,4,0,4,0,1,0,0,0,0,0,0,0,0,0,0,0,0,0,0,0,0,0,0
2026-09-23T08:56:25.016Z,324970515000000,0x0517,0x0104,49998,2,31,499972968,499972968,0,-487935,-487941,5051,506751,1,0,0,0,3,4,0,0,0,8,8,0,1,2,1,499980000,499980000,4,0,4,0,1,0,0,0,0,0,0,0,0,0,0,0,0,0,0,0,0,0,0
2026-09-23T08:56:25.357Z,324970859000000,0x0517,0x0104,49998,2,31,499969589,499969589,0,-487942,-487938,5054,507053,1,0,0,0,3,4,0,0,0,8,8,0,1,2,1,499980000,499980000,4,0,4,0,1,0,0,0,0,0,0,0,0,0,0,0,0,0,0,0,0,0,0
2026-09-23T08:56:25.697Z,324971203000000,0x0517,0x0104,49998,2,31,499968463,499968463,0,-487934,-487937,5057,507380,1,0,0,0,3,4,0,0,0,8,8,0,1,2,1,499980000,499980000,4,0,4,0,1,0,0,0,0,0,0,0,0,0,0,0,0,0,0,0,0,0,0
2026-09-23T08:56:26.036Z,324971531000000,0x0517,0x0104,49998,2,31,499971842,499971842,0,-487945,-487940,5061,507762,1,0,0,0,3,4,0,0,0,8,8,0,1,2,1,499980000,499980000,4,0,4,0,1,0,0,0,0,0,0,0,0,0,0,0,0,0,0,0,0,0,0
2026-09-23T08:56:26.377Z,324971875000000,0x0517,0x0104,49998,2,31,499975221,499975221,0,-487950,-487943,5064,508058,1,0,0,0,3,4,0,0,0,8,8,0,1,2,1,499980000,499980000,4,0,4,0,1,0,0,0,0,0,0,0,0,0,0,0,0,0,0,0,0,0,0
2026-09-23T08:56:26.718Z,324972218000000,0x0517,0x0104,49998,2,31,499977473,499977473,0,-487950,-487945,5068,508455,1,0,0,0,3,4,0,0,0,8,8,0,1,2,1,499980000,499980000,4,0,4,0,1,0,0,0,0,0,0,0,0,0,0,0,0,0,0,0,0,0,0
2026-09-23T08:56:27.060Z,324972562000000,0x0517,0x0104,49998,2,31,499980852,499980852,0,-487953,-487948,5071,508755,1,0,0,0,3,4,0,0,0,8,8,0,1,2,1,499980000,499980000,4,0,4,0,1,0,0,0,0,0,0,0,0,0,0,0,0,0,0,0,0,0,0
2026-09-23T08:56:27.398Z,324972906000000,0x0517,0x0104,49998,2,31,499984231,499984231,0,-487946,-487951,5074,509083,1,0,0,0,3,4,0,0,0,8,8,0,1,2,1,499980000,499980000,4,0,4,0,1,0,0,0,0,0,0,0,0,0,0,0,0,0,0,0,0,0,0
2026-09-23T08:56:27.735Z,324973234000000,0x0517,0x0104,49998,2,31,499980852,499980852,0,-487938,-487948,5078,509463,1,0,0,0,3,4,0,0,0,8,8,0,1,2,1,499980000,499980000,4,0,4,0,1,0,0,0,0,0,0,0,0,0,0,0,0,0,0,0,0,0,0
2026-09-23T08:56:28.078Z,324973578000000,0x0517,0x0104,49998,2,31,499979726,499979726,0,-487956,-487947,5081,509759,1,0,0,0,3,4,0,0,0,8,8,0,1,2,1,499980000,499980000,4,0,4,0,1,0,0,0,0,0,0,0,0,0,0,0,0,0,0,0,0,0,0
2026-09-23T08:56:28.419Z,324973921000000,0x0517,0x0104,49998,2,31,499978600,499978600,0,-487960,-487946,5084,510101,1,0,0,0,3,4,0,0,0,8,8,0,1,2,1,499980000,499980000,4,0,4,0,1,0,0,0,0,0,0,0,0,0,0,0,0,0,0,0,0,0,0
2026-09-23T08:56:28.759Z,324974265000000,0x0517,0x0104,49998,2,31,499981979,499981979,0,-487946,-487949,5088,510483,1,0,0,0,3,4,0,0,0,8,8,0,1,2,1,499980000,499980000,4,0,4,0,1,0,0,0,0,0,0,0,0,0,0,0,0,0,0,0,0,0,0
2026-09-23T08:56:29.103Z,324974609000000,0x0517,0x0104,49998,2,31,499984231,499984231,0,-487952,-487951,5091,510783,1,0,0,0,3,4,0,0,0,8,8,0,1,2,1,499980000,499980000,4,0,4,0,1,0,0,0,0,0,0,0,0,0,0,0,0,0,0,0,0,0,0
2026-09-23T08:56:29.439Z,324974937000000,0x0517,0x0104,49998,2,31,499984231,499984231,0,-487954,-487951,5095,511168,1,0,0,0,3,4,0,0,0,8,8,0,1,2,1,499980000,499980000,4,0,4,0,1,0,0,0,0,0,0,0,0,0,0,0,0,0,0,0,0,0,0
2026-09-23T08:56:29.781Z,324975281000000,0x0517,0x0104,49998,2,31,499984231,499984231,0,-487956,-487951,5098,511462,1,0,0,0,3,4,0,0,0,8,8,0,1,2,1,499980000,499980000,4,0,4,0,1,0,0,0,0,0,0,0,0,0,0,0,0,0,0,0,0,0,0
2026-09-23T08:56:30.125Z,324975625000000,0x0517,0x0104,49998,2,31,499985358,499985358,0,-487946,-487952,5101,511805,1,0,0,0,3,4,0,0,0,8,8,0,1,2,1,499980000,499980000,4,0,4,0,1,0,0,0,0,0,0,0,0,0,0,0,0,0,0,0,0,0,0
2026-09-23T08:56:30.468Z,324975968000000,0x0517,0x0104,49998,2,31,499985358,499985358,0,-487960,-487952,5105,512161,1,0,0,0,3,4,0,0,0,8,8,0,1,2,1,499980000,499980000,4,0,4,0,1,0,0,0,0,0,0,0,0,0,0,0,0,0,0,0,0,0,0
2026-09-23T08:56:30.807Z,324976312000000,0x0517,0x0104,49998,2,31,499984231,499984231,0,-487964,-487951,5108,512490,1,0,0,0,3,4,0,0,0,8,8,0,1,2,1,499980000,499980000,4,0,4,0,1,0,0,0,0,0,0,0,0,0,0,0,0,0,0,0,0,0,0
2026-09-23T08:56:31.142Z,324976640000000,0x0517,0x0104,49998,2,31,499986484,499986484,0,-487958,-487953,5112,512871,1,0,0,0,3,4,0,0,0,8,8,0,1,2,1,499980000,499980000,4,0,4,0,1,0,0,0,0,0,0,0,0,0,0,0,0,0,0,0,0,0,0
2026-09-23T08:56:31.481Z,324976984000000,0x0517,0x0104,49998,2,31,499985358,499985358,0,-487946,-487952,5115,513167,1,0,0,0,3,4,0,0,0,8,8,0,1,2,1,499980000,499980000,4,0,4,0,1,0,0,0,0,0,0,0,0,0,0,0,0,0,0,0,0,0,0
2026-09-23T08:56:31.823Z,324977328000000,0x0517,0x0104,49998,2,31,499981979,499981979,0,-487942,-487949,5118,513505,1,0,0,0,3,4,0,0,0,8,8,0,1,2,1,499980000,499980000,4,0,4,0,1,0,0,0,0,0,0,0,0,0,0,0,0,0,0,0,0,0,0
2026-09-23T08:56:32.162Z,324977656000000,0x0517,0x0104,49998,2,31,499984231,499984231,0,-487957,-487951,5122,513888,1,0,0,0,3,4,0,0,0,8,8,0,1,2,1,499980000,499980000,4,0,4,0,1,0,0,0,0,0,0,0,0,0,0,0,0,0,0,0,0,0,0
2026-09-23T08:56:32.507Z,324978015000000,0x0517,0x0104,49998,2,31,499985358,499985358,0,-487949,-487952,5125,514186,1,0,0,0,3,4,0,0,0,8,8,0,1,2,1,499980000,499980000,4,0,4,0,1,0,0,0,0,0,0,0,0,0,0,0,0,0,0,0,0,0,0
2026-09-23T08:56:32.844Z,324978343000000,0x0517,0x0104,49998,2,31,499981979,499981979,0,-487949,-487949,5129,514572,1,0,0,0,3,4,0,0,0,8,8,0,1,2,1,499980000,499980000,4,0,4,0,1,0,0,0,0,0,0,0,0,0,0,0,0,0,0,0,0,0,0
2026-09-23T08:56:33.190Z,324978687000000,0x0517,0x0104,49998,2,31,499979726,499979726,0,-487956,-487947,5132,514868,1,0,0,0,3,4,0,0,0,8,8,0,1,2,1,499980000,499980000,4,0,4,0,1,0,0,0,0,0,0,0,0,0,0,0,0,0,0,0,0,0,0
2026-09-23T08:56:33.533Z,324979031000000,0x0517,0x0104,49998,2,31,499984231,499984231,0,-487957,-487951,5136,515267,1,0,0,0,3,4,0,0,0,8,8,0,1,2,1,499980000,499980000,4,0,4,0,1,0,0,0,0,0,0,0,0,0,0,0,0,0,0,0,0,0,0
2026-09-23T08:56:33.875Z,324979375000000,0x0517,0x0104,49998,2,31,499984231,499984231,0,-487930,-487951,5139,515567,1,0,0,0,3,4,0,0,0,8,8,0,1,2,1,499980000,499980000,4,0,4,0,1,0,0,0,0,0,0,0,0,0,0,0,0,0,0,0,0,0,0
2026-09-23T08:56:34.215Z,324979718000000,0x0517,0x0104,49998,2,31,499981979,499981979,0,-487968,-487949,5142,515900,1,0,0,0,3,4,0,0,0,8,8,0,1,2,1,499980000,499980000,4,0,4,0,1,0,0,0,0,0,0,0,0,0,0,0,0,0,0,0,0,0,0
2026-09-23T08:56:34.554Z,324980062000000,0x0517,0x0104,49998,2,31,499980852,499980852,0,-487952,-487948,5146,516280,1,0,0,0,3,4,0,0,0,8,8,0,1,2,1,499980000,499980000,4,0,4,0,1,0,0,0,0,0,0,0,0,0,0,0,0,0,0,0,0,0,0
2026-09-23T08:56:34.897Z,324980390000000,0x0517,0x0104,49998,2,31,499979726,499979726,0,-487932,-487947,5149,516577,1,0,0,0,3,4,0,0,0,8,8,0,1,2,1,499980000,499980000,4,0,4,0,1,0,0,0,0,0,0,0,0,0,0,0,0,0,0,0,0,0,0
2026-09-23T08:56:35.235Z,324980734000000,0x0517,0x0104,49998,2,31,499980852,499980852,0,-487958,-487948,5153,516970,1,0,0,0,3,4,0,0,0,8,8,0,1,2,1,499980000,499980000,4,0,4,0,1,0,0,0,0,0,0,0,0,0,0,0,0,0,0,0,0,0,0
2026-09-23T08:56:35.579Z,324981078000000,0x0517,0x0104,49998,2,31,499984231,499984231,0,-487960,-487951,5156,517270,1,0,0,0,3,4,0,0,0,8,8,0,1,2,1,499980000,499980000,4,0,4,0,1,0,0,0,0,0,0,0,0,0,0,0,0,0,0,0,0,0,0
2026-09-23T08:56:35.916Z,324981421000000,0x0517,0x0104,49998,2,31,499981979,499981979,0,-487933,-487949,5159,517602,1,0,0,0,3,4,0,0,0,8,8,0,1,2,1,499980000,499980000,4,0,4,0,1,0,0,0,0,0,0,0,0,0,0,0,0,0,0,0,0,0,0
2026-09-23T08:56:36.256Z,324981750000000,0x0517,0x0104,49998,2,31,499979726,499979726,0,-487962,-487947,5163,517981,1,0,0,0,3,4,0,0,0,8,8,0,1,2,1,499980000,499980000,4,0,4,0,1,0,0,0,0,0,0,0,0,0,0,0,0,0,0,0,0,0,0
2026-09-23T08:56:36.597Z,324982093000000,0x0517,0x0104,49998,2,31,499978600,499978600,0,-487942,-487946,5166,518280,1,0,0,0,3,4,0,0,0,8,8,0,1,2,1,499980000,499980000,4,0,4,0,1,0,0,0,0,0,0,0,0,0,0,0,0,0,0,0,0,0,0
2026-09-23T08:56:36.937Z,324982437000000,0x0517,0x0104,49998,2,31,499977473,499977473,0,-487934,-487945,5170,518673,1,0,0,0,3,4,0,0,0,8,8,0,1,2,1,499980000,499980000,4,0,4,0,1,0,0,0,0,0,0,0,0,0,0,0,0,0,0,0,0,0,0
2026-09-23T08:56:37.280Z,324982781000000,0x0517,0x0104,49998,2,31,499974094,499974094,0,-487949,-487942,5173,518973,1,0,0,0,3,4,0,0,0,8,8,0,1,2,1,499980000,499980000,4,0,4,0,1,0,0,0,0,0,0,0,0,0,0,0,0,0,0,0,0,0,0
2026-09-23T08:56:37.617Z,324983125000000,0x0517,0x0104,49998,2,31,499977473,499977473,0,-487960,-487945,5176,519303,1,0,0,0,3,4,0,0,0,8,8,0,1,2,1,499980000,499980000,4,0,4,0,1,0,0,0,0,0,0,0,0,0,0,0,0,0,0,0,0,0,0
2026-09-23T08:56:37.954Z,324983453000000,0x0517,0x0104,49998,2,31,499980852,499980852,0,-487933,-487948,5180,519683,1,0,0,0,3,4,0,0,0,8,8,0,1,2,1,499980000,499980000,4,0,4,0,1,0,0,0,0,0,0,0,0,0,0,0,0,0,0,0,0,0,0
2026-09-23T08:56:38.299Z,324983796000000,0x0517,0x0104,49998,2,31,499979726,499979726,0,-487949,-487947,5183,519977,1,0,0,0,3,4,0,0,0,8,8,0,1,2,1,499980000,499980000,4,0,4,0,1,0,0,0,0,0,0,0,0,0,0,0,0,0,0,0,0,0,0
2026-09-23T08:56:38.638Z,324984140000000,0x0517,0x0104,49998,2,31,499981979,499981979,0,-487945,-487949,5187,520376,1,0,0,0,3,4,0,0,0,8,8,0,1,2,1,499980000,499980000,4,0,4,0,1,0,0,0,0,0,0,0,0,0,0,0,0,0,0,0,0,0,0
2026-09-23T08:56:38.983Z,324984484000000,0x0517,0x0104,49998,2,31,499978600,499978600,0,-487936,-487946,5190,520676,1,0,0,0,3,4,0,0,0,8,8,0,1,2,1,499980000,499980000,4,0,4,0,1,0,0,0,0,0,0,0,0,0,0,0,0,0,0,0,0,0,0
2026-09-23T08:56:39.317Z,324984812000000,0x0517,0x0104,49998,2,31,499976347,499976347,0,-487955,-487944,5193,521005,1,0,0,0,3,4,0,0,0,8,8,0,1,2,1,499980000,499980000,4,0,4,0,1,0,0,0,0,0,0,0,0,0,0,0,0,0,0,0,0,0,0
2026-09-23T08:56:39.653Z,324985156000000,0x0517,0x0104,49998,2,31,499981979,499981979,0,-487948,-487949,5197,521384,1,0,0,0,3,4,0,0,0,8,8,0,1,2,1,499980000,499980000,4,0,4,0,1,0,0,0,0,0,0,0,0,0,0,0,0,0,0,0,0,0,0
2026-09-23T08:56:39.995Z,324985500000000,0x0517,0x0104,49998,2,31,499983105,499983105,0,-487959,-487950,5200,521678,1,0,0,0,3,4,0,0,0,8,8,0,1,2,1,499980000,499980000,4,0,4,0,1,0,0,0,0,0,0,0,0,0,0,0,0,0,0,0,0,0,0
2026-09-23T08:56:40.336Z,324985843000000,0x0517,0x0104,49998,2,31,499986484,499986484,0,-487963,-487953,5203,522020,1,0,0,0,3,4,0,0,0,8,8,0,1,2,1,499980000,499980000,4,0,4,0,1,0,0,0,0,0,0,0,0,0,0,0,0,0,0,0,0,0,0
2026-09-23T08:56:40.680Z,324986187000000,0x0517,0x0104,49998,2,31,499986484,499986484,0,-487934,-487953,5207,522402,1,0,0,0,3,4,0,0,0,8,8,0,1,2,1,499980000,499980000,4,0,4,0,1,0,0,0,0,0,0,0,0,0,0,0,0,0,0,0,0,0,0
2026-09-23T08:56:41.025Z,324986531000000,0x0517,0x0104,49998,2,31,499979726,499979726,0,-487924,-487947,5210,522703,1,0,0,0,3,4,0,0,0,8,8,0,1,2,1,499980000,499980000,4,0,4,0,1,0,0,0,0,0,0,0,0,0,0,0,0,0,0,0,0,0,0
2026-09-23T08:56:41.364Z,324986859000000,0x0517,0x0104,49998,2,31,499978600,499978600,0,-487948,-487946,5214,523090,1,0,0,0,3,4,0,0,0,8,8,0,1,2,1,499980000,499980000,4,0,4,0,1,0,0,0,0,0,0,0,0,0,0,0,0,0,0,0,0,0,0
2026-09-23T08:56:41.703Z,324987203000000,0x0517,0x0104,49998,2,31,499978600,499978600,0,-487945,-487946,5217,523387,1,0,0,0,3,4,0,0,0,8,8,0,1,2,1,499980000,499980000,4,0,4,0,1,0,0,0,0,0,0,0,0,0,0,0,0,0,0,0,0,0,0
2026-09-23T08:56:42.043Z,324987546000000,0x0517,0x0104,49998,2,31,499977473,499977473,0,-487940,-487945,5221,523782,1,0,0,0,3,4,0,0,0,8,8,0,1,2,1,499980000,499980000,4,0,4,0,1,0,0,0,0,0,0,0,0,0,0,0,0,0,0,0,0,0,0
2026-09-23T08:56:42.388Z,324987890000000,0x0517,0x0104,49998,2,31,499976347,499976347,0,-487941,-487944,5224,524082,1,0,0,0,3,4,0,0,0,8,8,0,1,2,1,499980000,499980000,4,0,4,0,1,0,0,0,0,0,0,0,0,0,0,0,0,0,0,0,0,0,0
2026-09-23T08:56:42.727Z,324988234000000,0x0517,0x0104,49998,2,31,499978600,499978600,0,-487952,-487946,5227,524411,1,0,0,0,3,4,0,0,0,8,8,0,1,2,1,499980000,499980000,4,0,4,0,1,0,0,0,0,0,0,0,0,0,0,0,0,0,0,0,0,0,0
2026-09-23T08:56:43.064Z,324988562000000,0x0517,0x0104,49998,2,31,499985358,499985358,0,-487968,-487952,5231,524792,1,0,0,0,3,4,0,0,0,8,8,0,1,2,1,499980000,499980000,4,0,4,0,1,0,0,0,0,0,0,0,0,0,0,0,0,0,0,0,0,0,0
2026-09-23T08:56:43.406Z,324988906000000,0x0517,0x0104,49998,2,31,499987610,499987610,0,-487954,-487954,5234,525089,1,0,0,0,3,4,0,0,0,8,8,0,1,2,1,499980000,499980000,4,0,4,0,1,0,0,0,0,0,0,0,0,0,0,0,0,0,0,0,0,0,0
2026-09-23T08:56:43.749Z,324989250000000,0x0517,0x0104,49998,2,31,499983105,499983105,0,-487943,-487950,5238,525485,1,0,0,0,3,4,0,0,0,8,8,0,1,2,1,499980000,499980000,4,0,4,0,1,0,0,0,0,0,0,0,0,0,0,0,0,0,0,0,0,0,0
2026-09-23T08:56:44.092Z,324989593000000,0x0517,0x0104,49998,2,31,499979726,499979726,0,-487956,-487947,5241,525785,1,0,0,0,3,4,0,0,0,8,8,0,1,2,1,499980000,499980000,4,0,4,0,1,0,0,0,0,0,0,0,0,0,0,0,0,0,0,0,0,0,0
2026-09-23T08:56:44.430Z,324989937000000,0x0517,0x0104,49998,2,31,499979726,499979726,0,-487952,-487947,5244,526115,1,0,0,0,3,4,0,0,0,8,8,0,1,2,1,499980000,499980000,4,0,4,0,1,0,0,0,0,0,0,0,0,0,0,0,0,0,0,0,0,0,0
2026-09-23T08:56:44.767Z,324990265000000,0x0517,0x0104,49998,2,31,499979726,499979726,0,-487951,-487947,5248,526497,1,0,0,0,3,4,0,0,0,8,8,0,1,2,1,499980000,499980000,4,0,4,0,1,0,0,0,0,0,0,0,0,0,0,0,0,0,0,0,0,0,0
2026-09-23T08:56:45.109Z,324990609000000,0x0517,0x0104,49998,2,31,499980852,499980852,0,-487945,-487948,5251,526792,1,0,0,0,3,4,0,0,0,8,8,0,1,2,1,499980000,499980000,4,0,4,0,1,0,0,0,0,0,0,0,0,0,0,0,0,0,0,0,0,0,0
2026-09-23T08:56:45.452Z,324990953000000,0x0517,0x0104,49998,2,31,499980852,499980852,0,-487973,-487948,5255,527188,1,0,0,0,3,4,0,0,0,8,8,0,1,2,1,499980000,499980000,4,0,4,0,1,0,0,0,0,0,0,0,0,0,0,0,0,0,0,0,0,0,0
2026-09-23T08:56:45.793Z,324991296000000,0x0517,0x0104,49998,2,31,499984231,499984231,0,-487942,-487951,5258,527488,1,0,0,0,3,4,0,0,0,8,8,0,1,2,1,499980000,499980000,4,0,4,0,1,0,0,0,0,0,0,0,0,0,0,0,0,0,0,0,0,0,0
2026-09-23T08:56:46.132Z,324991640000000,0x0517,0x0104,49998,2,31,499983105,499983105,0,-487950,-487950,5261,527817,1,0,0,0,3,4,0,0,0,8,8,0,1,2,1,499980000,499980000,4,0,4,0,1,0,0,0,0,0,0,0,0,0,0,0,0,0,0,0,0,0,0
2026-09-23T08:56:46.473Z,324991968000000,0x0517,0x0104,49998,2,31,499984231,499984231,0,-487955,-487951,5265,528198,1,0,0,0,3,4,0,0,0,8,8,0,1,2,1,499980000,499980000,4,0,4,0,1,0,0,0,0,0,0,0,0,0,0,0,0,0,0,0,0,0,0
2026-09-23T08:56:46.815Z,324992312000000,0x0517,0x0104,49998,2,31,499986484,499986484,0,-487956,-487953,5268,528496,1,0,0,0,3,4,0,0,0,8,8,0,1,2,1,499980000,499980000,4,0,4,0,1,0,0,0,0,0,0,0,0,0,0,0,0,0,0,0,0,0,0
2026-09-23T08:56:47.154Z,324992656000000,0x0517,0x0104,49998,2,31,499986484,499986484,0,-487923,-487953,5272,528891,1,0,0,0,3,4,0,0,0,8,8,0,1,2,1,499980000,499980000,4,0,4,0,1,0,0,0,0,0,0,0,0,0,0,0,0,0,0,0,0,0,0
2026-09-23T08:56:47.498Z,324993000000000,0x0517,0x0104,49998,2,31,499978600,499978600,0,-487936,-487946,5275,529191,1,0,0,0,3,4,0,0,0,8,8,0,1,2,1,499980000,499980000,4,0,4,0,1,0,0,0,0,0,0,0,0,0,0,0,0,0,0,0,0,0,0
2026-09-23T08:56:47.838Z,324993343000000,0x0517,0x0104,49998,2,31,499980852,499980852,0,-487962,-487948,5278,529523,1,0,0,0,3,4,0,0,0,8,8,0,1,2,1,499980000,499980000,4,0,4,0,1,0,0,0,0,0,0,0,0,0,0,0,0,0,0,0,0,0,0
2026-09-23T08:56:48.177Z,324993671000000,0x0517,0x0104,49998,2,31,499987610,499987610,0,-487970,-487954,5282,529904,1,0,0,0,3,4,0,0,0,8,8,0,1,2,1,499980000,499980000,4,0,4,0,1,0,0,0,0,0,0,0,0,0,0,0,0,0,0,0,0,0,0
2026-09-23T08:56:48.520Z,324994015000000,0x0517,0x0104,49998,2,31,499994368,499994368,0,-487955,-487960,5285,530202,1,0,0,0,3,4,0,0,0,8,8,0,1,2,1,499980000,499980000,4,0,4,0,1,0,0,0,0,0,0,0,0,0,0,0,0,0,0,0,0,0,0
2026-09-23T08:56:48.857Z,324994359000000,0x0517,0x0104,49998,2,31,499994368,499994368,0,-487965,-487960,5289,530594,1,0,0,0,3,4,0,0,0,8,8,0,1,2,1,499980000,499980000,4,0,4,0,1,0,0,0,0,0,0,0,0,0,0,0,0,0,0,0,0,0,0
2026-09-23T08:56:49.199Z,324994703000000,0x0517,0x0104,49998,2,31,499993242,499993242,0,-487951,-487959,5292,530894,1,0,0,0,3,4,0,0,0,8,8,0,1,2,1,499980000,499980000,4,0,4,0,1,0,0,0,0,0,0,0,0,0,0,0,0,0,0,0,0,0,0
2026-09-23T08:56:49.540Z,324995046000000,0x0517,0x0104,49998,2,31,499988737,499988737,0,-487946,-487955,5295,531225,1,0,0,0,3,4,0,0,0,8,8,0,1,2,1,499980000,499980000,4,0,4,0,1,0,0,0,0,0,0,0,0,0,0,0,0,0,0,0,0,0,0
2026-09-23T08:56:49.877Z,324995375000000,0x0517,0x0104,49998,2,31,499988737,499988737,0,-487942,-487955,5299,531606,1,0,0,0,3,4,0,0,0,8,8,0,1,2,1,499980000,499980000,4,0,4,0,1,0,0,0,0,0,0,0,0,0,0,0,0,0,0,0,0,0,0
2026-09-23T08:56:50.220Z,324995718000000,0x0517,0x0104,49998,2,31,499986484,499986484,0,-487961,-487953,5302,531902,1,0,0,0,3,4,0,0,0,8,8,0,1,2,1,499980000,499980000,4,0,4,0,1,0,0,0,0,0,0,0,0,0,0,0,0,0,0,0,0,0,0
2026-09-23T08:56:50.560Z,324996062000000,0x0517,0x0104,49998,2,31,499986484,499986484,0,-487957,-487953,5306,532297,1,0,0,0,3,4,0,0,0,8,8,0,1,2,1,499980000,499980000,4,0,4,0,1,0,0,0,0,0,0,0,0,0,0,0,0,0,0,0,0,0,0
2026-09-23T08:56:50.901Z,324996406000000,0x0517,0x0104,49998,2,31,499983105,499983105,0,-487947,-487950,5309,532597,1,0,0,0,3,4,0,0,0,8,8,0,1,2,1,499980000,499980000,4,0,4,0,1,0,0,0,0,0,0,0,0,0,0,0,0,0,0,0,0,0,0
2026-09-23T08:56:51.240Z,324996734000000,0x0517,0x0104,49998,2,31,499979726,499979726,0,-487958,-487947,5312,532926,1,0,0,0,3,4,0,0,0,8,8,0,1,2,1,499980000,499980000,4,0,4,0,1,0,0,0,0,0,0,0,0,0,0,0,0,0,0,0,0,0,0
2026-09-23T08:56:51.576Z,324997078000000,0x0517,0x0104,49998,2,31,499978600,499978600,0,-487938,-487946,5316,533307,1,0,0,0,3,4,0,0,0,8,8,0,1,2,1,499980000,499980000,4,0,4,0,1,0,0,0,0,0,0,0,0,0,0,0,0,0,0,0,0,0,0
2026-09-23T08:56:51.917Z,324997421000000,0x0517,0x0104,49998,2,31,499976347,499976347,0,-487942,-487944,5319,533603,1,0,0,0,3,4,0,0,0,8,8,0,1,2,1,499980000,499980000,4,0,4,0,1,0,0,0,0,0,0,0,0,0,0,0,0,0,0,0,0,0,0
2026-09-23T08:56:52.261Z,324997765000000,0x0517,0x0104,49998,2,31,499977473,499977473,0,-487958,-487945,5322,533942,1,0,0,0,3,4,0,0,0,8,8,0,1,2,1,499980000,499980000,4,0,4,0,1,0,0,0,0,0,0,0,0,0,0,0,0,0,0,0,0,0,0
2026-09-23T08:56:52.604Z,324998109000000,0x0517,0x0104,49998,2,31,499983105,499983105,0,-487956,-487950,5326,534327,1,0,0,0,3,4,0,0,0,8,8,0,1,2,1,499980000,499980000,4,0,4,0,1,0,0,0,0,0,0,0,0,0,0,0,0,0,0,0,0,0,0
2026-09-23T08:56:52.944Z,324998453000000,0x0517,0x0104,49998,2,31,499984231,499984231,0,-487955,-487951,5329,534628,1,0,0,0,3,4,0,0,0,8,8,0,1,2,1,499980000,499980000,4,0,4,0,1,0,0,0,0,0,0,0,0,0,0,0,0,0,0,0,0,0,0
2026-09-23T08:56:53.284Z,324998781000000,0x0517,0x0104,49998,2,31,499990989,499990989,0,-487962,-487957,5333,535010,1,0,0,0,3,4,0,0,0,8,8,0,1,2,1,499980000,499980000,4,0,4,0,1,0,0,0,0,0,0,0,0,0,0,0,0,0,0,0,0,0,0
2026-09-23T08:56:53.624Z,324999125000000,0x0517,0x0104,49998,2,31,499989863,499989863,0,-487964,-487956,5336,535309,1,0,0,0,3,4,0,0,0,8,8,0,1,2,1,499980000,499980000,4,0,4,0,1,0,0,0,0,0,0,0,0,0,0,0,0,0,0,0,0,0,0
2026-09-23T08:56:53.964Z,324999468000000,0x0517,0x0104,49998,2,31,499987610,499987610,0,-487965,-487954,5340,535703,1,0,0,0,3,4,0,0,0,8,8,0,1,2,1,499980000,499980000,4,0,4,0,1,0,0,0,0,0,0,0,0,0,0,0,0,0,0,0,0,0,0
2026-09-23T08:56:54.307Z,324999812000000,0x0517,0x0104,49998,2,31,499990989,499990989,0,-487953,-487957,5343,536003,1,0,0,0,3,4,0,0,0,8,8,0,1,2,1,499980000,499980000,4,0,4,0,1,0,0,0,0,0,0,0,0,0,0,0,0,0,0,0,0,0,0
2026-09-23T08:56:54.647Z,325000140000000,0x0517,0x0104,49998,2,31,499988737,499988737,0,-487949,-487955,5346,536332,1,0,0,0,3,4,0,0,0,8,8,0,1,2,1,499980000,499980000,4,0,4,0,1,0,0,0,0,0,0,0,0,0,0,0,0,0,0,0,0,0,0
2026-09-23T08:56:54.985Z,325000484000000,0x0517,0x0104,49998,2,31,499992116,499992116,0,-487982,-487958,5350,536714,1,0,0,0,3,4,0,0,0,8,8,0,1,2,1,499980000,499980000,4,0,4,0,1,0,0,0,0,0,0,0,0,0,0,0,0,0,0,0,0,0,0
2026-09-23T08:56:55.326Z,325000828000000,0x0517,0x0104,49998,2,31,499993242,499993242,0,-487948,-487959,5353,537009,1,0,0,0,3,4,0,0,0,8,8,0,1,2,1,499980000,499980000,4,0,4,0,1,0,0,0,0,0,0,0,0,0,0,0,0,0,0,0,0,0,0
2026-09-23T08:56:55.666Z,325001171000000,0x0517,0x0104,49998,2,31,499989863,499989863,0,-487957,-487956,5357,537406,1,0,0,0,3,4,0,0,0,8,8,0,1,2,1,499980000,499980000,4,0,4,0,1,0,0,0,0,0,0,0,0,0,0,0,0,0,0,0,0,0,0
2026-09-23T08:56:56.007Z,325001515000000,0x0517,0x0104,49998,2,31,499990989,499990989,0,-487964,-487957,5360,537706,1,0,0,0,3,4,0,0,0,8,8,0,1,2,1,499980000,499980000,4,0,4,0,1,0,0,0,0,0,0,0,0,0,0,0,0,0,0,0,0,0,0
2026-09-23T08:56:56.347Z,325001843000000,0x0517,0x0104,49998,2,31,499992116,499992116,0,-487952,-487958,5363,538032,1,0,0,0,3,4,0,0,0,8,8,0,1,2,1,499980000,499980000,4,0,4,0,1,0,0,0,0,0,0,0,0,0,0,0,0,0,0,0,0,0,0
2026-09-23T08:56:56.685Z,325002187000000,0x0517,0x0104,49998,2,31,499988737,499988737,0,-487958,-487955,5367,538413,1,0,0,0,3,4,0,0,0,8,8,0,1,2,1,499980000,499980000,4,0,4,0,1,0,0,0,0,0,0,0,0,0,0,0,0,0,0,0,0,0,0
2026-09-23T08:56:57.026Z,325002531000000,0x0517,0x0104,49998,2,31,499988737,499988737,0,-487959,-487955,5370,538710,1,0,0,0,3,4,0,0,0,8,8,0,1,2,1,499980000,499980000,4,0,4,0,1,0,0,0,0,0,0,0,0,0,0,0,0,0,0,0,0,0,0
2026-09-23T08:56:57.367Z,325002875000000,0x0517,0x0104,49998,2,31,499988737,499988737,0,-487970,-487955,5373,539051,1,0,0,0,3,4,0,0,0,8,8,0,1,2,1,499980000,499980000,4,0,4,0,1,0,0,0,0,0,0,0,0,0,0,0,0,0,0,0,0,0,0
2026-09-23T08:56:57.706Z,325003203000000,0x0517,0x0104,49998,2,31,499992116,499992116,0,-487949,-487958,5377,539433,1,0,0,0,3,4,0,0,0,8,8,0,1,2,1,499980000,499980000,4,0,4,0,1,0,0,0,0,0,0,0,0,0,0,0,0,0,0,0,0,0,0
2026-09-23T08:56:58.052Z,325003546000000,0x0517,0x0104,49998,2,31,499990989,499990989,0,-487972,-487957,5380,539731,1,0,0,0,3,4,0,0,0,8,8,0,1,2,1,499980000,499980000,4,0,4,0,1,0,0,0,0,0,0,0,0,0,0,0,0,0,0,0,0,0,0
2026-09-23T08:56:58.392Z,325003890000000,0x0517,0x0104,49998,2,31,499993242,499993242,0,-487969,-487959,5384,540118,1,0,0,0,3,4,0,0,0,8,8,0,1,2,1,499980000,499980000,4,0,4,0,1,0,0,0,0,0,0,0,0,0,0,0,0,0,0,0,0,0,0
2026-09-23T08:56:58.733Z,325004234000000,0x0517,0x0104,49998,2,31,499993242,499993242,0,-487957,-487959,5387,540417,1,0,0,0,3,4,0,0,0,8,8,0,1,2,1,499980000,499980000,4,0,4,0,1,0,0,0,0,0,0,0,0,0,0,0,0,0,0,0,0,0,0
2026-09-23T08:56:59.073Z,325004578000000,0x0517,0x0104,49998,2,31,499989863,499989863,0,-487947,-487956,5391,540811,1,0,0,0,3,4,0,0,0,8,8,0,1,2,1,499980000,499980000,4,0,4,0,1,0,0,0,0,0,0,0,0,0,0,0,0,0,0,0,0,0,0
2026-09-23T08:56:59.415Z,325004921000000,0x0517,0x0104,49998,2,31,499986484,499986484,0,-487948,-487953,5394,541112,1,0,0,0,3,4,0,0,0,8,8,0,1,2,1,499980000,499980000,4,0,4,0,1,0,0,0,0,0,0,0,0,0,0,0,0,0,0,0,0,0,0
2026-09-23T08:56:59.755Z,325005250000000,0x0517,0x0104,49998,2,31,499980852,499980852,0,-487959,-487948,5397,541440,1,0,0,0,3,4,0,0,0,8,8,0,1,2,1,499980000,499980000,4,0,4,0,1,0,0,0,0,0,0,0,0,0,0,0,0,0,0,0,0,0,0
2026-09-23T08:57:00.094Z,325005593000000,0x0517,0x0104,49998,2,31,499981979,499981979,0,-487961,-487949,5401,541821,1,0,0,0,3,4,0,0,0,8,8,0,1,2,1,499980000,499980000,4,0,4,0,1,0,0,0,0,0,0,0,0,0,0,0,0,0,0,0,0,0,0
2026-09-23T08:57:00.434Z,325005937000000,0x0517,0x0104,49998,2,31,499986484,499986484,0,-487944,-487953,5404,542118,1,0,0,0,3,4,0,0,0,8,8,0,1,2,1,499980000,499980000,4,0,4,0,1,0,0,0,0,0,0,0,0,0,0,0,0,0,0,0,0,0,0
2026-09-23T08:57:00.774Z,325006281000000,0x0517,0x0104,49998,2,31,499980852,499980852,0,-487966,-487948,5408,542514,1,0,0,0,3,4,0,0,0,8,8,0,1,2,1,499980000,499980000,4,0,4,0,1,0,0,0,0,0,0,0,0,0,0,0,0,0,0,0,0,0,0
2026-09-23T08:57:01.117Z,325006625000000,0x0517,0x0104,49998,2,31,499983105,499983105,0,-487942,-487950,5411,542814,1,0,0,0,3,4,0,0,0,8,8,0,1,2,1,499980000,499980000,4,0,4,0,1,0,0,0,0,0,0,0,0,0,0,0,0,0,0,0,0,0,0
2026-09-23T08:57:01.456Z,325006953000000,0x0517,0x0104,49998,2,31,499980852,499980852,0,-487950,-487948,5414,543142,1,0,0,0,3,4,0,0,0,8,8,0,1,2,1,499980000,499980000,4,0,4,0,1,0,0,0,0,0,0,0,0,0,0,0,0,0,0,0,0,0,0
2026-09-23T08:57:01.793Z,325007296000000,0x0517,0x0104,49998,2,31,499980852,499980852,0,-487965,-487948,5418,543523,1,0,0,0,3,4,0,0,0,8,8,0,1,2,1,499980000,499980000,4,0,4,0,1,0,0,0,0,0,0,0,0,0,0,0,0,0,0,0,0,0,0
2026-09-23T08:57:02.134Z,325007640000000,0x0517,0x0104,49998,2,31,499984231,499984231,0,-487980,-487951,5421,543819,1,0,0,0,3,4,0,0,0,8,8,0,1,2,1,499980000,499980000,4,0,4,0,1,0,0,0,0,0,0,0,0,0,0,0,0,0,0,0,0,0,0
2026-09-23T08:57:02.474Z,325007968000000,0x0517,0x0104,49998,2,31,499987610,499987610,0,-487954,-487954,5424,544161,1,0,0,0,3,4,0,0,0,8,8,0,1,2,1,499980000,499980000,4,0,4,0,1,0,0,0,0,0,0,0,0,0,0,0,0,0,0,0,0,0,0
2026-09-23T08:57:02.816Z,325008312000000,0x0517,0x0104,49998,2,31,499986484,499986484,0,-487942,-487953,5428,544541,1,0,0,0,3,4,0,0,0,8,8,0,1,2,1,499980000,499980000,4,0,4,0,1,0,0,0,0,0,0,0,0,0,0,0,0,0,0,0,0,0,0
2026-09-23T08:57:03.158Z,325008656000000,0x0517,0x0104,49998,2,31,499986484,499986484,0,-487963,-487953,5431,544842,1,0,0,0,3,4,0,0,0,8,8,0,1,2,1,499980000,499980000,4,0,4,0,1,0,0,0,0,0,0,0,0,0,0,0,0,0,0,0,0,0,0
2026-09-23T08:57:03.498Z,325009000000000,0x0517,0x0104,49998,2,31,499987610,499987610,0,-487951,-487954,5435,545227,1,0,0,0,3,4,0,0,0,8,8,0,1,2,1,499980000,499980000,4,0,4,0,1,0,0,0,0,0,0,0,0,0,0,0,0,0,0,0,0,0,0
2026-09-23T08:57:03.837Z,325009343000000,0x0517,0x0104,49998,2,31,499988737,499988737,0,-487972,-487955,5438,545525,1,0,0,0,3,4,0,0,0,8,8,0,1,2,1,499980000,499980000,4,0,4,0,1,0,0,0,0,0,0,0,0,0,0,0,0,0,0,0,0,0,0
2026-09-23T08:57:04.175Z,325009671000000,0x0517,0x0104,49998,2,31,499994368,499994368,0,-487963,-487960,5441,545864,1,0,0,0,3,4,0,0,0,8,8,0,1,2,1,499980000,499980000,4,0,4,0,1,0,0,0,0,0,0,0,0,0,0,0,0,0,0,0,0,0,0
2026-09-23T08:57:04.516Z,325010015000000,0x0517,0x0104,49998,2,31,499997747,499997747,0,-487960,-487963,5445,546243,1,0,0,0,3,4,0,0,0,8,8,0,1,2,1,499990000,499990000,4,0,4,0,1,0,0,0,0,0,0,0,0,0,0,0,0,0,0,0,0,0,0
2026-09-23T08:57:04.863Z,325010359000000,0x0517,0x0104,49999,2,31,499994368,499994368,0,-487950,-487960,5448,546543,1,0,0,0,3,4,0,0,0,8,8,0,1,2,1,499990000,499990000,4,0,4,0,1,0,0,0,0,0,0,0,0,0,0,0,0,0,0,0,0,0,0
2026-09-23T08:57:05.202Z,325010703000000,0x0517,0x0104,49999,2,31,499990989,499990989,0,-487956,-487957,5452,546929,1,0,0,0,3,4,0,0,0,8,8,0,1,2,1,499990000,499990000,4,0,4,0,1,0,0,0,0,0,0,0,0,0,0,0,0,0,0,0,0,0,0
2026-09-23T08:57:05.543Z,325011046000000,0x0517,0x0104,49999,2,31,499990989,499990989,0,-487954,-487957,5455,547227,1,0,0,0,3,4,0,0,0,8,8,0,1,2,1,499990000,499990000,4,0,4,0,1,0,0,0,0,0,0,0,0,0,0,0,0,0,0,0,0,0,0
2026-09-23T08:57:05.887Z,325011390000000,0x0517,0x0104,49999,2,31,499987610,499987610,0,-487973,-487954,5459,547622,1,0,0,0,3,4,0,0,0,8,8,0,1,2,1,499990000,499990000,4,0,4,0,1,0,0,0,0,0,0,0,0,0,0,0,0,0,0,0,0,0,0
2026-09-23T08:57:06.228Z,325011734000000,0x0517,0x0104,49999,2,31,499992116,499992116,0,-487952,-487958,5462,547923,1,0,0,0,3,4,0,0,0,8,8,0,1,2,1,499990000,499990000,4,0,4,0,1,0,0,0,0,0,0,0,0,0,0,0,0,0,0,0,0,0,0
2026-09-23T08:57:06.566Z,325012062000000,0x0517,0x0104,49999,2,31,499992116,499992116,0,-487972,-487958,5465,548255,1,0,0,0,3,4,0,0,0,8,8,0,1,2,1,499990000,499990000,4,0,4,0,1,0,0,0,0,0,0,0,0,0,0,0,0,0,0,0,0,0,0
2026-09-23T08:57:06.904Z,325012406000000,0x0517,0x0104,49999,2,31,499994368,499994368,0,-487959,-487960,5469,548634,1,0,0,0,3,4,0,0,0,8,8,0,1,2,1,499990000,499990000,4,0,4,0,1,0,0,0,0,0,0,0,0,0,0,0,0,0,0,0,0,0,0
2026-09-23T08:57:07.246Z,325012750000000,0x0517,0x0104,49999,2,31,499996621,499996621,0,-487974,-487962,5472,548930,1,0,0,0,3,4,0,0,0,8,8,0,1,2,1,499990000,499990000,4,0,4,0,1,0,0,0,0,0,0,0,0,0,0,0,0,0,0,0,0,0,0
2026-09-23T08:57:07.588Z,325013093000000,0x0517,0x0104,49999,2,31,500002253,500002253,0,-487979,-487967,5476,549325,1,0,0,0,3,4,0,0,0,8,8,0,1,2,1,499990000,499990000,4,0,4,0,1,0,0,0,0,0,0,0,0,0,0,0,0,0,0,0,0,0,0
2026-09-23T08:57:07.928Z,325013421000000,0x0517,0x0104,49999,2,31,500003379,500003379,0,-487957,-487968,5479,549626,1,0,0,0,3,4,0,0,0,8,8,0,1,2,1,499990000,499990000,4,0,4,0,1,0,0,0,0,0,0,0,0,0,0,0,0,0,0,0,0,0,0
2026-09-23T08:57:08.269Z,325013765000000,0x0517,0x0104,49999,2,31,499997747,499997747,0,-487951,-487963,5482,549955,1,0,0,0,3,4,0,0,0,8,8,0,1,2,1,499990000,499990000,4,0,4,0,1,0,0,0,0,0,0,0,0,0,0,0,0,0,0,0,0,0,0
2026-09-23T08:57:08.606Z,325014109000000,0x0517,0x0104,49999,2,31,499995495,499995495,0,-487953,-487961,5486,550336,1,0,0,0,3,4,0,0,0,8,8,0,1,2,1,499990000,499990000,4,0,4,0,1,0,0,0,0,0,0,0,0,0,0,0,0,0,0,0,0,0,0
2026-09-23T08:57:08.947Z,325014453000000,0x0517,0x0104,49999,2,31,499990989,499990989,0,-487943,-487957,5489,550633,1,0,0,0,3,4,0,0,0,8,8,0,1,2,1,499990000,499990000,4,0,4,0,1,0,0,0,0,0,0,0,0,0,0,0,0,0,0,0,0,0,0
2026-09-23T08:57:09.288Z,325014796000000,0x0517,0x0104,49999,2,31,499992116,499992116,0,-487961,-487958,5493,551028,1,0,0,0,3,4,0,0,0,8,8,0,1,2,1,499990000,499990000,4,0,4,0,1,0,0,0,0,0,0,0,0,0,0,0,0,0,0,0,0,0,0
2026-09-23T08:57:09.630Z,325015125000000,0x0517,0x0104,49999,2,31,499995495,499995495,0,-487964,-487961,5496,551328,1,0,0,0,3,4,0,0,0,8,8,0,1,2,1,499990000,499990000,4,0,4,0,1,0,0,0,0,0,0,0,0,0,0,0,0,0,0,0,0,0,0
2026-09-23T08:57:09.971Z,325015468000000,0x0517,0x0104,49999,2,31,499993242,499993242,0,-487956,-487959,5499,551657,1,0,0,0,3,4,0,0,0,8,8,0,1,2,1,499990000,499990000,4,0,4,0,1,0,0,0,0,0,0,0,0,0,0,0,0,0,0,0,0,0,0
2026-09-23T08:57:10.310Z,325015812000000,0x0517,0x0104,49999,2,31,499995495,499995495,0,-487960,-487961,5503,552038,1,0,0,0,3,4,0,0,0,8,8,0,1,2,1,499990000,499990000,4,0,4,0,1,0,0,0,0,0,0,0,0,0,0,0,0,0,0,0,0,0,0
2026-09-23T08:57:10.651Z,325016156000000,0x0517,0x0104,49999,2,31,499995495,499995495,0,-487962,-487961,5506,552337,1,0,0,0,3,4,0,0,0,8,8,0,1,2,1,499990000,499990000,4,0,4,0,1,0,0,0,0,0,0,0,0,0,0,0,0,0,0,0,0,0,0
2026-09-23T08:57:10.993Z,325016500000000,0x0517,0x0104,49999,2,31,499992116,499992116,0,-487947,-487958,5510,552731,1,0,0,0,3,4,0,0,0,8,8,0,1,2,1,499990000,499990000,4,0,4,0,1,0,0,0,0,0,0,0,0,0,0,0,0,0,0,0,0,0,0
2026-09-23T08:57:11.336Z,325016843000000,0x0517,0x0104,49999,2,31,499989863,499989863,0,-487957,-487956,5513,553031,1,0,0,0,3,4,0,0,0,8,8,0,1,2,1,499990000,499990000,4,0,4,0,1,0,0,0,0,0,0,0,0,0,0,0,0,0,0,0,0,0,0
2026-09-23T08:57:11.674Z,325017171000000,0x0517,0x0104,49999,2,31,499989863,499989863,0,-487954,-487956,5516,553363,1,0,0,0,3,4,0,0,0,8,8,0,1,2,1,499990000,499990000,4,0,4,0,1,0,0,0,0,0,0,0,0,0,0,0,0,0,0,0,0,0,0
2026-09-23T08:57:12.010Z,325017515000000,0x0517,0x0104,49999,2,31,499987610,499987610,0,-487943,-487954,5520,553742,1,0,0,0,3,4,0,0,0,8,8,0,1,2,1,499990000,499990000,4,0,4,0,1,0,0,0,0,0,0,0,0,0,0,0,0,0,0,0,0,0,0
2026-09-23T08:57:12.351Z,325017859000000,0x0517,0x0104,49999,2,31,499984231,499984231,0,-487963,-487951,5523,554038,1,0,0,0,3,4,0,0,0,8,8,0,1,2,1,499990000,499990000,4,0,4,0,1,0,0,0,0,0,0,0,0,0,0,0,0,0,0,0,0,0,0
2026-09-23T08:57:12.693Z,325018187000000,0x0517,0x0104,49999,2,31,499983105,499983105,0,-487943,-487950,5527,554434,1,0,0,0,3,4,0,0,0,8,8,0,1,2,1,499990000,499990000,4,0,4,0,1,0,0,0,0,0,0,0,0,0,0,0,0,0,0,0,0,0,0
2026-09-23T08:57:13.034Z,325018531000000,0x0517,0x0104,49999,2,31,499987610,499987610,0,-487964,-487954,5530,554734,1,0,0,0,3,4,0,0,0,8,8,0,1,2,1,499990000,499990000,4,0,4,0,1,0,0,0,0,0,0,0,0,0,0,0,0,0,0,0,0,0,0
2026-09-23T08:57:13.374Z,325018875000000,0x0517,0x0104,49999,2,31,499988737,499988737,0,-487957,-487955,5533,555062,1,0,0,0,3,4,0,0,0,8,8,0,1,2,1,499990000,499990000,4,0,4,0,1,0,0,0,0,0,0,0,0,0,0,0,0,0,0,0,0,0,0
2026-09-23T08:57:13.712Z,325019218000000,0x0517,0x0104,49999,2,31,499990989,499990989,0,-487945,-487957,5537,555443,1,0,0,0,3,4,0,0,0,8,8,0,1,2,1,499990000,499990000,4,0,4,0,1,0,0,0,0,0,0,0,0,0,0,0,0,0,0,0,0,0,0
2026-09-23T08:57:14.054Z,325019562000000,0x0517,0x0104,49999,2,31,499990989,499990989,0,-487937,-487957,5540,555738,1,0,0,0,3,4,0,0,0,8,8,0,1,2,1,499990000,499990000,4,0,4,0,1,0,0,0,0,0,0,0,0,0,0,0,0,0,0,0,0,0,0
2026-09-23T08:57:14.398Z,325019906000000,0x0517,0x0104,49999,2,31,499993242,499993242,0,-487954,-487959,5544,556136,1,0,0,0,3,4,0,0,0,8,8,0,1,2,1,499990000,499990000,4,0,4,0,1,0,0,0,0,0,0,0,0,0,0,0,0,0,0,0,0,0,0
2026-09-23T08:57:14.739Z,325020234000000,0x0517,0x0104,49999,2,31,499994368,499994368,0,-487955,-487960,5547,556437,1,0,0,0,3,4,0,0,0,8,8,0,1,2,1,499990000,499990000,4,0,4,0,1,0,0,0,0,0,0,0,0,0,0,0,0,0,0,0,0,0,0
2026-09-23T08:57:15.078Z,325020578000000,0x0517,0x0104,49999,2,31,499990989,499990989,0,-487947,-487957,5550,556766,1,0,0,0,3,4,0,0,0,8,8,0,1,2,1,499990000,499990000,4,0,4,0,1,0,0,0,0,0,0,0,0,0,0,0,0,0,0,0,0,0,0
2026-09-23T08:57:15.415Z,325020921000000,0x0517,0x0104,49999,2,31,499987610,499987610,0,-487952,-487954,5554,557147,1,0,0,0,3,4,0,0,0,8,8,0,1,2,1,499990000,499990000,4,0,4,0,1,0,0,0,0,0,0,0,0,0,0,0,0,0,0,0,0,0,0
2026-09-23T08:57:15.755Z,325021250000000,0x0517,0x0104,49999,2,31,499984231,499984231,0,-487952,-487951,5557,557442,1,0,0,0,3,4,0,0,0,8,8,0,1,2,1,499990000,499990000,4,0,4,0,1,0,0,0,0,0,0,0,0,0,0,0,0,0,0,0,0,0,0
2026-09-23T08:57:16.094Z,325021593000000,0x0517,0x0104,49999,2,31,499981979,499981979,0,-487932,-487949,5560,557782,1,0,0,0,3,4,0,0,0,8,8,0,1,2,1,499990000,499990000,4,0,4,0,1,0,0,0,0,0,0,0,0,0,0,0,0,0,0,0,0,0,0
2026-09-23T08:57:16.439Z,325021937000000,0x0517,0x0104,49999,2,31,499981979,499981979,0,-487963,-487949,5564,558162,1,0,0,0,3,4,0,0,0,8,8,0,1,2,1,499990000,499990000,4,0,4,0,1,0,0,0,0,0,0,0,0,0,0,0,0,0,0,0,0,0,0
2026-09-23T08:57:16.781Z,325022281000000,0x0517,0x0104,49999,2,31,499983105,499983105,0,-487927,-487950,5567,558466,1,0,0,0,3,4,0,0,0,8,8,0,1,2,1,499990000,499990000,4,0,4,0,1,0,0,0,0,0,0,0,0,0,0,0,0,0,0,0,0,0,0
2026-09-23T08:57:17.120Z,325022625000000,0x0517,0x0104,49999,2,31,499980852,499980852,0,-487963,-487948,5571,558849,1,0,0,0,3,4,0,0,0,8,8,0,1,2,1,499990000,499990000,4,0,4,0,1,0,0,0,0,0,0,0,0,0,0,0,0,0,0,0,0,0,0
2026-09-23T08:57:17.462Z,325022968000000,0x0517,0x0104,49999,2,31,499983105,499983105,0,-487955,-487950,5574,559147,1,0,0,0,3,4,0,0,0,8,8,0,1,2,1,499990000,499990000,4,0,4,0,1,0,0,0,0,0,0,0,0,0,0,0,0,0,0,0,0,0,0
2026-09-23T08:57:17.803Z,325023296000000,0x0517,0x0104,49999,2,31,499983105,499983105,0,-487959,-487950,5578,559542,1,0,0,0,3,4,0,0,0,8,8,0,1,2,1,499990000,499990000,4,0,4,0,1,0,0,0,0,0,0,0,0,0,0,0,0,0,0,0,0,0,0
2026-09-23T08:57:18.146Z,325023640000000,0x0517,0x0104,49999,2,31,499985358,499985358,0,-487953,-487952,5581,559843,1,0,0,0,3,4,0,0,0,8,8,0,1,2,1,499990000,499990000,4,0,4,0,1,0,0,0,0,0,0,0,0,0,0,0,0,0,0,0,0,0,0
2026-09-23T08:57:18.484Z,325023984000000,0x0517,0x0104,49999,2,31,499985358,499985358,0,-487960,-487952,5584,560172,1,0,0,0,3,4,0,0,0,8,8,0,1,2,1,499990000,499990000,4,0,4,0,1,0,0,0,0,0,0,0,0,0,0,0,0,0,0,0,0,0,0
2026-09-23T08:57:18.821Z,325024328000000,0x0517,0x0104,49999,2,31,499987610,499987610,0,-487955,-487954,5588,560552,1,0,0,0,3,4,0,0,0,8,8,0,1,2,1,499990000,499990000,4,0,4,0,1,0,0,0,0,0,0,0,0,0,0,0,0,0,0,0,0,0,0
2026-09-23T08:57:19.162Z,325024656000000,0x0517,0x0104,49999,2,31,499987610,499987610,0,-487952,-487954,5591,560847,1,0,0,0,3,4,0,0,0,8,8,0,1,2,1,499990000,499990000,4,0,4,0,1,0,0,0,0,0,0,0,0,0,0,0,0,0,0,0,0,0,0
2026-09-23T08:57:19.504Z,325025000000000,0x0517,0x0104,49999,2,31,499986484,499986484,0,-487928,-487953,5594,561190,1,0,0,0,3,4,0,0,0,8,8,0,1,2,1,499990000,499990000,4,0,4,0,1,0,0,0,0,0,0,0,0,0,0,0,0,0,0,0,0,0,0
2026-09-23T08:57:19.846Z,325025343000000,0x0517,0x0104,49999,2,31,499984231,499984231,0,-487941,-487951,5598,561546,1,0,0,0,3,4,0,0,0,8,8,0,1,2,1,499990000,499990000,4,0,4,0,1,0,0,0,0,0,0,0,0,0,0,0,0,0,0,0,0,0,0
2026-09-23T08:57:20.186Z,325025687000000,0x0517,0x0104,49999,2,31,499983105,499983105,0,-487951,-487950,5601,561872,1,0,0,0,3,4,0,0,0,8,8,0,1,2,1,499990000,499990000,4,0,4,0,1,0,0,0,0,0,0,0,0,0,0,0,0,0,0,0,0,0,0
2026-09-23T08:57:20.525Z,325026031000000,0x0517,0x0104,49999,2,31,499985358,499985358,0,-487954,-487952,5605,562254,1,0,0,0,3,4,0,0,0,8,8,0,1,2,1,499990000,499990000,4,0,4,0,1,0,0,0,0,0,0,0,0,0,0,0,0,0,0,0,0,0,0
2026-09-23T08:57:20.868Z,325026375000000,0x0517,0x0104,49999,2,31,499985358,499985358,0,-487961,-487952,5608,562552,1,0,0,0,3,4,0,0,0,8,8,0,1,2,1,499990000,499990000,4,0,4,0,1,0,0,0,0,0,0,0,0,0,0,0,0,0,0,0,0,0,0
2026-09-23T08:57:21.210Z,325026718000000,0x0517,0x0104,49999,2,31,499989863,499989863,0,-487961,-487956,5612,562948,1,0,0,0,3,4,0,0,0,8,8,0,1,2,1,499990000,499990000,4,0,4,0,1,0,0,0,0,0,0,0,0,0,0,0,0,0,0,0,0,0,0
2026-09-23T08:57:21.555Z,325027062000000,0x0517,0x0104,49999,2,31,499990989,499990989,0,-487967,-487957,5615,563248,1,0,0,0,3,4,0,0,0,8,8,0,1,2,1,499990000,499990000,4,0,4,0,1,0,0,0,0,0,0,0,0,0,0,0,0,0,0,0,0,0,0
2026-09-23T08:57:21.893Z,325027390000000,0x0517,0x0104,49999,2,31,499992116,499992116,0,-487946,-487958,5618,563581,1,0,0,0,3,4,0,0,0,8,8,0,1,2,1,499990000,499990000,4,0,4,0,1,0,0,0,0,0,0,0,0,0,0,0,0,0,0,0,0,0,0
2026-09-23T08:57:22.232Z,325027734000000,0x0517,0x0104,49999,2,31,499993242,499993242,0,-487949,-487959,5622,563962,1,0,0,0,3,4,0,0,0,8,8,0,1,2,1,499990000,499990000,4,0,4,0,1,0,0,0,0,0,0,0,0,0,0,0,0,0,0,0,0,0,0
2026-09-23T08:57:22.575Z,325028078000000,0x0517,0x0104,49999,2,31,499989863,499989863,0,-487946,-487956,5625,564260,1,0,0,0,3,4,0,0,0,8,8,0,1,2,1,499990000,499990000,4,0,4,0,1,0,0,0,0,0,0,0,0,0,0,0,0,0,0,0,0,0,0
2026-09-23T08:57:22.915Z,325028421000000,0x0517,0x0104,49999,2,31,499985358,499985358,0,-487963,-487952,5629,564651,1,0,0,0,3,4,0,0,0,8,8,0,1,2,1,499990000,499990000,4,0,4,0,1,0,0,0,0,0,0,0,0,0,0,0,0,0,0,0,0,0,0
2026-09-23T08:57:23.257Z,325028765000000,0x0517,0x0104,49999,2,31,499990989,499990989,0,-487966,-487957,5632,564951,1,0,0,0,3,4,0,0,0,8,8,0,1,2,1,499990000,499990000,4,0,4,0,1,0,0,0,0,0,0,0,0,0,0,0,0,0,0,0,0,0,0
2026-09-23T08:57:23.595Z,325029093000000,0x0517,0x0104,49999,2,31,499994368,499994368,0,-487963,-487960,5635,565285,1,0,0,0,3,4,0,0,0,8,8,0,1,2,1,499990000,499990000,4,0,4,0,1,0,0,0,0,0,0,0,0,0,0,0,0,0,0,0,0,0,0
2026-09-23T08:57:23.931Z,325029437000000,0x0517,0x0104,49999,2,31,499995495,499995495,0,-487949,-487961,5639,565663,1,0,0,0,3,4,0,0,0,8,8,0,1,2,1,499990000,499990000,4,0,4,0,1,0,0,0,0,0,0,0,0,0,0,0,0,0,0,0,0,0,0
2026-09-23T08:57:24.275Z,325029781000000,0x0517,0x0104,49999,2,31,499988737,499988737,0,-487957,-487955,5642,565959,1,0,0,0,3,4,0,0,0,8,8,0,1,2,1,499990000,499990000,4,0,4,0,1,0,0,0,0,0,0,0,0,0,0,0,0,0,0,0,0,0,0
2026-09-23T08:57:24.614Z,325030109000000,0x0517,0x0104,49999,2,31,499985358,499985358,0,-487947,-487952,5646,566354,1,0,0,0,3,4,0,0,0,8,8,0,1,2,1,499990000,499990000,4,0,4,0,1,0,0,0,0,0,0,0,0,0,0,0,0,0,0,0,0,0,0
2026-09-23T08:57:24.956Z,325030453000000,0x0517,0x0104,49999,2,31,499987610,499987610,0,-487955,-487954,5649,566654,1,0,0,0,3,4,0,0,0,8,8,0,1,2,1,499990000,499990000,4,0,4,0,1,0,0,0,0,0,0,0,0,0,0,0,0,0,0,0,0,0,0
2026-09-23T08:57:25.295Z,325030796000000,0x0517,0x0104,49999,2,31,499992116,499992116,0,-487947,-487958,5652,566983,1,0,0,0,3,4,0,0,0,8,8,0,1,2,1,499990000,499990000,4,0,4,0,1,0,0,0,0,0,0,0,0,0,0,0,0,0,0,0,0,0,0
2026-09-23T08:57:25.632Z,325031140000000,0x0517,0x0104,49999,2,31,499988737,499988737,0,-487959,-487955,5656,567365,1,0,0,0,3,4,0,0,0,8,8,0,1,2,1,499990000,499990000,4,0,4,0,1,0,0,0,0,0,0,0,0,0,0,0,0,0,0,0,0,0,0
2026-09-23T08:57:25.973Z,325031468000000,0x0517,0x0104,49999,2,31,499985358,499985358,0,-487937,-487952,5659,567660,1,0,0,0,3,4,0,0,0,8,8,0,1,2,1,499990000,499990000,4,0,4,0,1,0,0,0,0,0,0,0,0,0,0,0,0,0,0,0,0,0,0
2026-09-23T08:57:26.317Z,325031812000000,0x0517,0x0104,49999,2,31,499978600,499978600,0,-487945,-487946,5662,568001,1,0,0,0,3,4,0,0,0,8,8,0,1,2,1,499990000,499990000,4,0,4,0,1,0,0,0,0,0,0,0,0,0,0,0,0,0,0,0,0,0,0
2026-09-23T08:57:26.658Z,325032156000000,0x0517,0x0104,49999,2,31,499983105,499983105,0,-487943,-487950,5666,568357,1,0,0,0,3,4,0,0,0,8,8,0,1,2,1,499990000,499990000,4,0,4,0,1,0,0,0,0,0,0,0,0,0,0,0,0,0,0,0,0,0,0
2026-09-23T08:57:26.998Z,325032500000000,0x0517,0x0104,49999,2,31,499984231,499984231,0,-487950,-487951,5669,568686,1,0,0,0,3,4,0,0,0,8,8,0,1,2,1,499990000,499990000,4,0,4,0,1,0,0,0,0,0,0,0,0,0,0,0,0,0,0,0,0,0,0
2026-09-23T08:57:27.339Z,325032843000000,0x0517,0x0104,49999,2,31,499984231,499984231,0,-487953,-487951,5673,569068,1,0,0,0,3,4,0,0,0,8,8,0,1,2,1,499990000,499990000,4,0,4,0,1,0,0,0,0,0,0,0,0,0,0,0,0,0,0,0,0,0,0
2026-09-23T08:57:27.680Z,325033187000000,0x0517,0x0104,49999,2,31,499984231,499984231,0,-487951,-487951,5676,569365,1,0,0,0,3,4,0,0,0,8,8,0,1,2,1,499990000,499990000,4,0,4,0,1,0,0,0,0,0,0,0,0,0,0,0,0,0,0,0,0,0,0
2026-09-23T08:57:28.020Z,325033515000000,0x0517,0x0104,49999,2,31,499980852,499980852,0,-487946,-487948,5680,569760,1,0,0,0,3,4,0,0,0,8,8,0,1,2,1,499990000,499990000,4,0,4,0,1,0,0,0,0,0,0,0,0,0,0,0,0,0,0,0,0,0,0
2026-09-23T08:57:28.360Z,325033859000000,0x0517,0x0104,49999,2,31,499983105,499983105,0,-487965,-487950,5683,570060,1,0,0,0,3,4,0,0,0,8,8,0,1,2,1,499990000,499990000,4,0,4,0,1,0,0,0,0,0,0,0,0,0,0,0,0,0,0,0,0,0,0
2026-09-23T08:57:28.701Z,325034203000000,0x0517,0x0104,49999,2,31,499989863,499989863,0,-487958,-487956,5686,570387,1,0,0,0,3,4,0,0,0,8,8,0,1,2,1,499990000,499990000,4,0,4,0,1,0,0,0,0,0,0,0,0,0,0,0,0,0,0,0,0,0,0
2026-09-23T08:57:29.038Z,325034531000000,0x0517,0x0104,49999,2,31,499987610,499987610,0,-487950,-487954,5690,570769,1,0,0,0,3,4,0,0,0,8,8,0,1,2,1,499990000,499990000,4,0,4,0,1,0,0,0,0,0,0,0,0,0,0,0,0,0,0,0,0,0,0
2026-09-23T08:57:29.380Z,325034875000000,0x0517,0x0104,49999,2,31,499987610,499987610,0,-487960,-487954,5693,571066,1,0,0,0,3,4,0,0,0,8,8,0,1,2,1,499990000,499990000,4,0,4,0,1,0,0,0,0,0,0,0,0,0,0,0,0,0,0,0,0,0,0
2026-09-23T08:57:29.722Z,325035218000000,0x0517,0x0104,49999,2,31,499984231,499984231,0,-487952,-487951,5697,571463,1,0,0,0,3,4,0,0,0,8,8,0,1,2,1,499990000,499990000,4,0,4,0,1,0,0,0,0,0,0,0,0,0,0,0,0,0,0,0,0,0,0
2026-09-23T08:57:30.067Z,325035562000000,0x0517,0x0104,49999,2,31,499985358,499985358,0,-487974,-487952,5700,571763,1,0,0,0,3,4,0,0,0,8,8,0,1,2,1,499990000,499990000,4,0,4,0,1,0,0,0,0,0,0,0,0,0,0,0,0,0,0,0,0,0,0
2026-09-23T08:57:30.408Z,325035906000000,0x0517,0x0104,49999,2,31,499987610,499987610,0,-487969,-487954,5703,572093,1,0,0,0,3,4,0,0,0,8,8,0,1,2,1,499990000,499990000,4,0,4,0,1,0,0,0,0,0,0,0,0,0,0,0,0,0,0,0,0,0,0
2026-09-23T08:57:30.751Z,325036250000000,0x0517,0x0104,49999,2,31,499992116,499992116,0,-487938,-487958,5707,572477,1,0,0,0,3,4,0,0,0,8,8,0,1,2,1,499990000,499990000,4,0,4,0,1,0,0,0,0,0,0,0,0,0,0,0,0,0,0,0,0,0,0
2026-09-23T08:57:31.096Z,325036593000000,0x0517,0x0104,49999,2,31,499988737,499988737,0,-487952,-487955,5710,572780,1,0,0,0,3,4,0,0,0,8,8,0,1,2,1,499990000,499990000,4,0,4,0,1,0,0,0,0,0,0,0,0,0,0,0,0,0,0,0,0,0,0
2026-09-23T08:57:31.438Z,325036937000000,0x0517,0x0104,49999,2,31,499990989,499990989,0,-487964,-487957,5714,573166,1,0,0,0,3,4,0,0,0,8,8,0,1,2,1,499990000,499990000,4,0,4,0,1,0,0,0,0,0,0,0,0,0,0,0,0,0,0,0,0,0,0
2026-09-23T08:57:31.777Z,325037281000000,0x0517,0x0104,49999,2,31,499989863,499989863,0,-487959,-487956,5717,573466,1,0,0,0,3,4,0,0,0,8,8,0,1,2,1,499990000,499990000,4,0,4,0,1,0,0,0,0,0,0,0,0,0,0,0,0,0,0,0,0,0,0
2026-09-23T08:57:32.120Z,325037625000000,0x0517,0x0104,49999,2,31,499984231,499984231,0,-487960,-487951,5720,573806,1,0,0,0,3,4,0,0,0,8,8,0,1,2,1,499990000,499990000,4,0,4,0,1,0,0,0,0,0,0,0,0,0,0,0,0,0,0,0,0,0,0
2026-09-23T08:57:32.461Z,325037968000000,0x0517,0x0104,49999,2,31,499985358,499985358,0,-487968,-487952,5724,574189,1,0,0,0,3,4,0,0,0,8,8,0,1,2,1,499990000,499990000,4,0,4,0,1,0,0,0,0,0,0,0,0,0,0,0,0,0,0,0,0,0,0
2026-09-23T08:57:32.806Z,325038312000000,0x0517,0x0104,49999,2,31,499987610,499987610,0,-487957,-487954,5727,574489,1,0,0,0,3,4,0,0,0,8,8,0,1,2,1,499990000,499990000,4,0,4,0,1,0,0,0,0,0,0,0,0,0,0,0,0,0,0,0,0,0,0
2026-09-23T08:57:33.144Z,325038640000000,0x0517,0x0104,49999,2,31,499989863,499989863,0,-487966,-487956,5731,574877,1,0,0,0,3,4,0,0,0,8,8,0,1,2,1,499990000,499990000,4,0,4,0,1,0,0,0,0,0,0,0,0,0,0,0,0,0,0,0,0,0,0
2026-09-23T08:57:33.485Z,325038984000000,0x0517,0x0104,49999,2,31,499992116,499992116,0,-487958,-487958,5734,575172,1,0,0,0,3,4,0,0,0,8,8,0,1,2,1,499990000,499990000,4,0,4,0,1,0,0,0,0,0,0,0,0,0,0,0,0,0,0,0,0,0,0
2026-09-23T08:57:33.829Z,325039328000000,0x0517,0x0104,49999,2,31,499992116,499992116,0,-487946,-487958,5737,575512,1,0,0,0,3,4,0,0,0,8,8,0,1,2,1,499990000,499990000,4,0,4,0,1,0,0,0,0,0,0,0,0,0,0,0,0,0,0,0,0,0,0
2026-09-23T08:57:34.174Z,325039671000000,0x0517,0x0104,49999,2,31,499985358,499985358,0,-487955,-487952,5741,575870,1,0,0,0,3,4,0,0,0,8,8,0,1,2,1,499990000,499990000,4,0,4,0,1,0,0,0,0,0,0,0,0,0,0,0,0,0,0,0,0,0,0
2026-09-23T08:57:34.513Z,325040015000000,0x0517,0x0104,49999,2,31,499985358,499985358,0,-487956,-487952,5744,576202,1,0,0,0,3,4,0,0,0,8,8,0,1,2,1,499990000,499990000,4,0,4,0,1,0,0,0,0,0,0,0,0,0,0,0,0,0,0,0,0,0,0
