utc,firmware,map,display_count,display_decimals,status_flags,net_mass_ug,gross_mass_ug,tare_mass_ug,sample_sequence,uptime_ms,profile,sample_rate,gain,overrun_count,storage_state,power_safe,dirty,revision,saved_revision,fault_mask,persistent_format,active_slot,storage_sequence,word_order,signature,application,mode,state,limited,reason,offset_ug,uncompensated_gross_ug,corrected_gross_ug,reference_ug,current_window_ug,reference_error_ug,correction_rate_milli_ug_per_s,holdoff_remaining,reference_fill,observation_fill,automatic_rebase_count,evaluation_count,save_request_count_low
2026-09-20T09:42:35.872Z,0x0513,0x0104,-13,2,63,-128402,-128402,0,856,86567,0,0,3,0,0,1,0,8,8,0,3,2,8,high,0x55B5,1,2,3,0,1,0,-128402,-128402,0,0,0,0,0,19,0,0,0,0
2026-09-20T09:42:36.859Z,0x0513,0x0104,-13,2,63,-139665,-139665,0,866,87569,0,0,3,0,0,1,0,8,8,0,3,2,8,high,0x55B5,1,2,3,0,1,0,-138539,-138539,0,0,0,0,0,20,0,0,0,0
2026-09-20T09:42:37.861Z,0x0513,0x0104,-13,2,63,-127276,-127276,0,876,88571,0,0,3,0,0,1,0,8,8,0,3,2,8,high,0x55B5,1,2,3,0,1,0,-127276,-127276,0,0,0,0,0,21,0,0,0,0
2026-09-20T09:42:38.862Z,0x0513,0x0104,-13,2,63,-126149,-126149,0,886,89573,0,0,3,0,0,1,0,8,8,0,3,2,8,high,0x55B5,1,2,3,0,1,0,-126149,-126149,0,0,0,0,0,22,0,0,0,0
2026-09-20T09:42:39.861Z,0x0513,0x0104,-13,2,63,-123897,-123897,0,896,90575,0,0,3,0,0,1,0,8,8,0,3,2,8,high,0x55B5,1,2,3,0,1,0,-125023,-125023,0,0,0,0,0,23,0,0,0,0
2026-09-20T09:42:40.861Z,0x0513,0x0104,-13,2,63,-128402,-128402,0,906,91577,0,0,3,0,0,1,0,8,8,0,3,2,8,high,0x55B5,1,2,3,0,1,0,-128402,-128402,0,0,0,0,0,24,0,0,0,0
2026-09-20T09:42:41.860Z,0x0513,0x0104,-13,2,63,-121644,-121644,0,916,92579,0,0,3,0,0,1,0,8,8,0,3,2,8,high,0x55B5,1,2,3,0,1,0,-120518,-120518,0,0,0,0,0,25,0,0,0,0
2026-09-20T09:42:42.861Z,0x0513,0x0104,-13,2,63,-120518,-120518,0,926,93580,0,0,3,0,0,1,0,8,8,0,3,2,8,high,0x55B5,1,2,3,0,1,0,-119391,-119391,0,0,0,0,0,26,0,0,0,0
2026-09-20T09:42:43.861Z,0x0513,0x0104,-13,2,63,-123897,-123897,0,936,94582,0,0,3,0,0,1,0,8,8,0,3,2,8,high,0x55B5,1,2,3,0,1,0,-126149,-126149,0,0,0,0,0,27,0,0,0,0
2026-09-20T09:42:44.867Z,0x0513,0x0104,-13,2,63,-131781,-131781,0,946,95584,0,0,3,0,0,1,0,8,8,0,3,2,8,high,0x55B5,1,2,3,0,1,0,-132907,-132907,0,0,0,0,0,28,0,0,0,0
2026-09-20T09:42:45.867Z,0x0513,0x0104,-13,2,63,-134034,-134034,0,956,96586,0,0,3,0,0,1,0,8,8,0,3,2,8,high,0x55B5,1,2,3,0,1,0,-132907,-132907,0,0,0,0,0,29,0,0,0,0
2026-09-20T09:42:46.868Z,0x0513,0x0104,-13,2,63,-134034,-134034,0,966,97587,0,0,3,0,0,1,0,8,8,0,3,2,8,high,0x55B5,1,2,3,0,1,0,-134034,-134034,0,0,0,0,0,30,0,0,0,0
2026-09-20T09:42:47.870Z,0x0513,0x0104,-13,2,63,-139665,-139665,0,976,98589,0,0,3,0,0,1,0,8,8,0,3,2,8,high,0x55B5,1,2,3,0,1,0,-139665,-139665,0,0,0,0,0,31,0,0,0,0
2026-09-20T09:42:48.860Z,0x0513,0x0104,-13,2,63,-138539,-138539,0,986,99632,0,0,3,0,0,1,0,8,8,0,3,2,8,high,0x55B5,1,2,3,0,1,0,-136286,-136286,0,0,0,0,0,32,0,0,0,0
2026-09-20T09:42:49.862Z,0x0513,0x0104,-13,2,63,-130655,-130655,0,996,100637,0,0,3,0,0,1,0,8,8,0,3,2,8,high,0x55B5,1,2,3,0,1,0,-130655,-130655,0,0,0,0,0,33,0,0,0,0
2026-09-20T09:42:50.867Z,0x0513,0x0104,-13,2,63,-129528,-129528,0,1006,101640,0,0,3,0,0,1,0,8,8,0,3,2,8,high,0x55B5,1,2,3,0,1,0,-127276,-127276,0,0,0,0,0,34,0,0,0,0
2026-09-20T09:42:51.871Z,0x0513,0x0104,-13,2,63,-132907,-132907,0,1016,102644,0,0,3,0,0,1,0,8,8,0,3,2,8,high,0x55B5,1,2,3,0,1,0,-131781,-131781,0,0,0,0,0,35,0,0,0,0
2026-09-20T09:42:52.858Z,0x0513,0x0104,-13,2,63,-128402,-128402,0,1026,103634,0,0,3,0,0,1,0,8,8,0,3,2,8,high,0x55B5,1,2,3,0,1,0,-126149,-126149,0,0,0,0,0,36,0,0,0,0
2026-09-20T09:42:53.860Z,0x0513,0x0104,-13,2,63,-122770,-122770,0,1036,104636,0,0,3,0,0,1,0,8,8,0,3,2,8,high,0x55B5,1,2,3,0,1,0,-125023,-125023,0,0,0,0,0,37,0,0,0,0
2026-09-20T09:42:54.861Z,0x0513,0x0104,-13,2,63,-128402,-128402,0,1046,105638,0,0,3,0,0,1,0,8,8,0,3,2,8,high,0x55B5,1,2,3,0,1,0,-130655,-130655,0,0,0,0,0,38,0,0,0,0
2026-09-20T09:42:55.860Z,0x0513,0x0104,-13,2,63,-131781,-131781,0,1056,106639,0,0,3,0,0,1,0,8,8,0,3,2,8,high,0x55B5,1,2,3,0,1,0,-134034,-134034,0,0,0,0,0,39,0,0,0,0
2026-09-20T09:42:56.864Z,0x0513,0x0104,-13,2,63,-136286,-136286,0,1066,107639,0,0,3,0,0,1,0,8,8,0,3,2,8,high,0x55B5,1,2,3,0,1,0,-135160,-135160,0,0,0,0,0,40,0,0,0,0
2026-09-20T09:42:57.867Z,0x0513,0x0104,-13,2,63,-138539,-138539,0,1076,108644,0,0,3,0,0,1,0,8,8,0,3,2,8,high,0x55B5,1,2,3,0,1,0,-136286,-136286,0,0,0,0,0,41,0,0,0,0
2026-09-20T09:42:58.866Z,0x0513,0x0104,-13,2,63,-131781,-131781,0,1086,109645,0,0,3,0,0,1,0,8,8,0,3,2,8,high,0x55B5,1,2,3,0,1,0,-134034,-134034,0,0,0,0,0,42,0,0,0,0
2026-09-20T09:42:59.870Z,0x0513,0x0104,-13,2,63,-136286,-136286,0,1096,110645,0,0,3,0,0,1,0,8,8,0,3,2,8,high,0x55B5,1,2,3,0,1,0,-134034,-134034,0,0,0,0,0,43,0,0,0,0
2026-09-20T09:43:00.857Z,0x0513,0x0104,-13,2,63,-136286,-136286,0,1106,111633,0,0,3,0,0,1,0,8,8,0,3,2,8,high,0x55B5,1,2,3,0,1,0,-136286,-136286,0,0,0,0,0,44,0,0,0,0
2026-09-20T09:43:01.859Z,0x0513,0x0104,-13,2,63,-134034,-134034,0,1116,112637,0,0,3,0,0,1,0,8,8,0,3,2,8,high,0x55B5,1,2,3,0,1,0,-136286,-136286,0,0,0,0,0,45,0,0,0,0
2026-09-20T09:43:02.863Z,0x0513,0x0104,-13,2,63,-141918,-141918,0,1126,113639,0,0,3,0,0,1,0,8,8,0,3,2,8,high,0x55B5,1,2,3,0,1,0,-144171,-144171,0,0,0,0,0,46,0,0,0,0
2026-09-20T09:43:03.867Z,0x0513,0x0104,-13,2,63,-144171,-144171,0,1136,114643,0,0,3,0,0,1,0,8,8,0,3,2,8,high,0x55B5,1,2,3,0,1,0,-143044,-143044,0,0,0,0,0,47,0,0,0,0
2026-09-20T09:43:04.872Z,0x0513,0x0104,-13,2,63,-141918,-141918,0,1146,115646,0,0,3,0,0,1,0,8,8,0,3,2,8,high,0x55B5,1,2,3,0,1,0,-145297,-145297,0,0,0,0,0,48,0,0,0,0
2026-09-20T09:43:05.858Z,0x0513,0x0104,-13,2,63,-144171,-144171,0,1156,116636,0,0,3,0,0,1,0,8,8,0,3,2,8,high,0x55B5,1,2,3,0,1,0,-144171,-144171,0,0,0,0,0,49,0,0,0,0
2026-09-20T09:43:06.860Z,0x0513,0x0104,-13,2,63,-137413,-137413,0,1166,117637,0,0,3,0,0,1,0,8,8,0,3,2,8,high,0x55B5,1,2,3,0,1,0,-135160,-135160,0,0,0,0,0,50,0,0,0,0
2026-09-20T09:43:07.863Z,0x0513,0x0104,-13,2,63,-135160,-135160,0,1176,118639,0,0,3,0,0,1,0,8,8,0,3,2,8,high,0x55B5,1,2,3,0,1,0,-137413,-137413,0,0,0,0,0,51,0,0,0,0
2026-09-20T09:43:08.867Z,0x0513,0x0104,-13,2,63,-138539,-138539,0,1186,119644,0,0,3,0,0,1,0,8,8,0,3,2,8,high,0x55B5,1,2,3,0,1,0,-137413,-137413,0,0,0,0,0,52,0,0,0,0
2026-09-20T09:43:09.870Z,0x0513,0x0104,-13,2,63,-129528,-129528,0,1196,120646,0,0,3,0,0,1,0,8,8,0,3,2,8,high,0x55B5,1,2,3,0,1,0,-127276,-127276,0,0,0,0,0,53,0,0,0,0
2026-09-20T09:43:10.855Z,0x0513,0x0104,-13,2,63,-128402,-128402,0,1206,121634,0,0,3,0,0,1,0,8,8,0,3,2,8,high,0x55B5,1,2,3,0,1,0,-130655,-130655,0,0,0,0,0,54,0,0,0,0
2026-09-20T09:43:11.857Z,0x0513,0x0104,-13,2,63,-134034,-134034,0,1216,122636,0,0,3,0,0,1,0,8,8,0,3,2,8,high,0x55B5,1,2,3,0,1,0,-135160,-135160,0,0,0,0,0,55,0,0,0,0
2026-09-20T09:43:12.859Z,0x0513,0x0104,-13,2,63,-129528,-129528,0,1226,123638,0,0,3,0,0,1,0,8,8,0,3,2,8,high,0x55B5,1,2,3,0,1,0,-127276,-127276,0,0,0,0,0,56,0,0,0,0
2026-09-20T09:43:13.860Z,0x0513,0x0104,-13,2,63,-132907,-132907,0,1236,124640,0,0,3,0,0,1,0,8,8,0,3,2,8,high,0x55B5,1,2,3,0,1,0,-134034,-134034,0,0,0,0,0,57,0,0,0,0
2026-09-20T09:43:14.860Z,0x0513,0x0104,-13,2,63,-131781,-131781,0,1246,125639,0,0,3,0,0,1,0,8,8,0,3,2,8,high,0x55B5,1,2,3,0,1,0,-129528,-129528,0,0,0,0,0,58,0,0,0,0
2026-09-20T09:43:15.863Z,0x0513,0x0104,-13,2,63,-134034,-134034,0,1256,126640,0,0,3,0,0,1,0,8,8,0,3,2,8,high,0x55B5,1,2,3,0,1,0,-136286,-136286,0,0,0,0,0,59,0,0,0,0
2026-09-20T09:43:16.865Z,0x0513,0x0104,-13,2,63,-135160,-135160,0,1266,127644,0,0,3,0,0,1,0,8,8,0,3,2,8,high,0x55B5,1,2,3,0,1,0,-132907,-132907,0,0,0,0,0,60,0,0,0,0
2026-09-20T09:43:17.867Z,0x0513,0x0104,-13,2,63,-129528,-129528,0,1276,128646,0,0,3,0,0,1,0,8,8,0,3,2,8,high,0x55B5,1,2,3,0,1,0,-125023,-125023,0,0,0,0,0,61,0,0,0,0
2026-09-20T09:43:18.866Z,0x0513,0x0104,-13,2,63,-130655,-130655,0,1286,129647,0,0,3,0,0,1,0,8,8,0,3,2,8,high,0x55B5,1,2,3,0,1,0,-132907,-132907,0,0,0,0,0,62,0,0,0,0
2026-09-20T09:43:19.867Z,0x0513,0x0104,-13,2,63,-122770,-122770,0,1296,130646,0,0,3,0,0,1,0,8,8,0,3,2,8,high,0x55B5,1,2,3,0,1,0,-121644,-121644,0,0,0,0,0,63,0,0,0,0
2026-09-20T09:43:20.868Z,0x0513,0x0104,-13,2,63,-126149,-126149,0,1306,131647,0,0,3,0,0,1,0,8,8,0,3,2,8,high,0x55B5,1,2,3,0,1,0,-127276,-127276,0,0,0,0,0,64,0,0,0,0
2026-09-20T09:43:21.868Z,0x0513,0x0104,-13,2,63,-122770,-122770,0,1316,132648,0,0,3,0,0,1,0,8,8,0,3,2,8,high,0x55B5,1,2,3,0,1,0,-125023,-125023,0,0,0,0,0,65,0,0,0,0
2026-09-20T09:43:22.869Z,0x0513,0x0104,-13,2,63,-135160,-135160,0,1326,133648,0,0,3,0,0,1,0,8,8,0,3,2,8,high,0x55B5,1,2,3,0,1,0,-132907,-132907,0,0,0,0,0,66,0,0,0,0
2026-09-20T09:43:23.859Z,0x0513,0x0104,-13,2,63,-126149,-126149,0,1335,134549,0,0,3,0,0,1,0,8,8,0,3,2,8,high,0x55B5,1,2,3,0,1,0,-126149,-126149,0,0,0,0,0,67,0,0,0,0
2026-09-20T09:43:24.859Z,0x0513,0x0104,-13,2,63,-132907,-132907,0,1346,135651,0,0,3,0,0,1,0,8,8,0,3,2,8,high,0x55B5,1,2,3,0,1,0,-132907,-132907,0,0,0,0,0,68,0,0,0,0
2026-09-20T09:43:25.859Z,0x0513,0x0104,-13,2,63,-123897,-123897,0,1356,136653,0,0,3,0,0,1,0,8,8,0,3,2,8,high,0x55B5,1,2,3,0,1,0,-121644,-121644,0,0,0,0,0,69,0,0,0,0
2026-09-20T09:43:26.862Z,0x0513,0x0104,-13,2,63,-120518,-120518,0,1366,137654,0,0,3,0,0,1,0,8,8,0,3,2,8,high,0x55B5,1,2,3,0,1,0,-119391,-119391,0,0,0,0,0,70,0,0,0,0
2026-09-20T09:43:27.862Z,0x0513,0x0104,-13,2,63,-128402,-128402,0,1376,138656,0,0,3,0,0,1,0,8,8,0,3,2,8,high,0x55B5,1,2,3,0,1,0,-128402,-128402,0,0,0,0,0,71,0,0,0,0
2026-09-20T09:43:28.867Z,0x0513,0x0104,-13,2,63,-125023,-125023,0,1386,139658,0,0,3,0,0,1,0,8,8,0,3,2,8,high,0x55B5,1,2,3,0,1,0,-127276,-127276,0,0,0,0,0,72,0,0,0,0
2026-09-20T09:43:29.867Z,0x0513,0x0104,-13,2,63,-123897,-123897,0,1396,140659,0,0,3,0,0,1,0,8,8,0,3,2,8,high,0x55B5,1,2,3,0,1,0,-123897,-123897,0,0,0,0,0,73,0,0,0,0
2026-09-20T09:43:30.868Z,0x0513,0x0104,-13,2,63,-121644,-121644,0,1406,141661,0,0,3,0,0,1,0,8,8,0,3,2,8,high,0x55B5,1,2,3,0,1,0,-123897,-123897,0,0,0,0,0,74,0,0,0,0
2026-09-20T09:43:31.868Z,0x0513,0x0104,-13,2,63,-134034,-134034,0,1416,142662,0,0,3,0,0,1,0,8,8,0,3,2,8,high,0x55B5,1,2,3,0,1,0,-132907,-132907,0,0,0,0,0,75,0,0,0,0
2026-09-20T09:43:32.871Z,0x0513,0x0104,-13,2,63,-132907,-132907,0,1425,143564,0,0,3,0,0,1,0,8,8,0,3,2,8,high,0x55B5,1,2,3,0,1,0,-131781,-131781,0,0,0,0,0,76,0,0,0,0
2026-09-20T09:43:33.858Z,0x0513,0x0104,-13,2,63,-131781,-131781,0,1435,144566,0,0,3,0,0,1,0,8,8,0,3,2,8,high,0x55B5,1,2,3,0,1,0,-131781,-131781,0,0,0,0,0,77,0,0,0,0
2026-09-20T09:43:34.860Z,0x0513,0x0104,-13,2,63,-130655,-130655,0,1445,145567,0,0,3,0,0,1,0,8,8,0,3,2,8,high,0x55B5,1,2,3,0,1,0,-129528,-129528,0,0,0,0,0,78,0,0,0,0
2026-09-20T09:43:35.862Z,0x0513,0x0104,-13,2,63,-122770,-122770,0,1455,146569,0,0,3,0,0,1,0,8,8,0,3,2,8,high,0x55B5,1,2,3,0,1,0,-121644,-121644,0,0,0,0,0,79,0,0,0,0
2026-09-20T09:43:36.867Z,0x0513,0x0104,-13,2,63,-127276,-127276,0,1465,147570,0,0,3,0,0,1,0,8,8,0,3,2,8,high,0x55B5,1,2,3,0,1,0,-128402,-128402,0,0,0,0,0,80,0,0,0,0
2026-09-20T09:43:37.869Z,0x0513,0x0104,-13,2,63,-122770,-122770,0,1475,148573,0,0,3,0,0,1,0,8,8,0,3,2,8,high,0x55B5,1,2,3,0,1,0,-121644,-121644,0,0,0,0,0,81,0,0,0,0
2026-09-20T09:43:38.858Z,0x0513,0x0104,-13,2,63,-123897,-123897,0,1485,149574,0,0,3,0,0,1,0,8,8,0,3,2,8,high,0x55B5,1,2,3,0,1,0,-126149,-126149,0,0,0,0,0,82,0,0,0,0
2026-09-20T09:43:39.861Z,0x0513,0x0104,-13,2,63,-130655,-130655,0,1495,150576,0,0,3,0,0,1,0,8,8,0,3,2,8,high,0x55B5,1,2,3,0,1,0,-130655,-130655,0,0,0,0,0,83,0,0,0,0
2026-09-20T09:43:40.864Z,0x0513,0x0104,-13,2,63,-130655,-130655,0,1505,151578,0,0,3,0,0,1,0,8,8,0,3,2,8,high,0x55B5,1,2,3,0,1,0,-130655,-130655,0,0,0,0,0,84,0,0,0,0
2026-09-20T09:43:41.867Z,0x0513,0x0104,-13,2,63,-135160,-135160,0,1515,152579,0,0,3,0,0,1,0,8,8,0,3,2,8,high,0x55B5,1,2,3,0,1,0,-137413,-137413,0,0,0,0,0,85,0,0,0,0
2026-09-20T09:43:42.870Z,0x0513,0x0104,-13,2,63,-138539,-138539,0,1525,153581,0,0,3,0,0,1,0,8,8,0,3,2,8,high,0x55B5,1,2,3,0,1,0,-137413,-137413,0,0,0,0,0,86,0,0,0,0
2026-09-20T09:43:43.857Z,0x0513,0x0104,-13,2,63,-134034,-134034,0,1535,154582,0,0,3,0,0,1,0,8,8,0,3,2,8,high,0x55B5,1,2,3,0,1,0,-134034,-134034,0,0,0,0,0,87,0,0,0,0
2026-09-20T09:43:44.858Z,0x0513,0x0104,-13,2,63,-127276,-127276,0,1545,155584,0,0,3,0,0,1,0,8,8,0,3,2,8,high,0x55B5,1,2,3,0,1,0,-127276,-127276,0,0,0,0,0,88,0,0,0,0
2026-09-20T09:43:45.857Z,0x0513,0x0104,-13,2,63,-126149,-126149,0,1555,156586,0,0,3,0,0,1,0,8,8,0,3,2,8,high,0x55B5,1,2,3,0,1,0,-127276,-127276,0,0,0,0,0,89,0,0,0,0
2026-09-20T09:43:46.862Z,0x0513,0x0104,-13,2,63,-129528,-129528,0,1565,157587,0,0,3,0,0,1,0,8,8,0,3,2,8,high,0x55B5,1,2,3,0,1,0,-129528,-129528,0,0,0,0,0,90,0,0,0,0
2026-09-20T09:43:47.862Z,0x0513,0x0104,-13,2,63,-130655,-130655,0,1575,158589,0,0,3,0,0,1,0,8,8,0,3,2,8,high,0x55B5,1,2,3,0,1,0,-129528,-129528,0,0,0,0,0,91,0,0,0,0
2026-09-20T09:43:48.866Z,0x0513,0x0104,-13,2,63,-136286,-136286,0,1585,159590,0,0,3,0,0,1,0,8,8,0,3,2,8,high,0x55B5,1,2,3,0,1,0,-137413,-137413,0,0,0,0,0,92,0,0,0,0
2026-09-20T09:43:49.869Z,0x0513,0x0104,-13,2,63,-129528,-129528,0,1595,160593,0,0,3,0,0,1,0,8,8,0,3,2,8,high,0x55B5,1,2,3,0,1,0,-128402,-128402,0,0,0,0,0,93,0,0,0,0
2026-09-20T09:43:50.870Z,0x0513,0x0104,-13,2,63,-130655,-130655,0,1605,161594,0,0,3,0,0,1,0,8,8,0,3,2,8,high,0x55B5,1,2,3,0,1,0,-130655,-130655,0,0,0,0,0,94,0,0,0,0
2026-09-20T09:43:51.858Z,0x0513,0x0104,-13,2,63,-123897,-123897,0,1615,162637,0,0,3,0,0,1,0,8,8,0,3,2,8,high,0x55B5,1,2,3,0,1,0,-122770,-122770,0,0,0,0,0,95,0,0,0,0
2026-09-20T09:43:52.861Z,0x0513,0x0104,-13,2,63,-122770,-122770,0,1625,163641,0,0,3,0,0,1,0,8,8,0,3,2,8,high,0x55B5,1,2,3,0,1,0,-122770,-122770,0,0,0,0,0,96,0,0,0,0
2026-09-20T09:43:53.866Z,0x0513,0x0104,-13,2,63,-128402,-128402,0,1635,164645,0,0,3,0,0,1,0,8,8,0,3,2,8,high,0x55B5,1,2,3,0,1,0,-130655,-130655,0,0,0,0,0,97,0,0,0,0
2026-09-20T09:43:54.873Z,0x0513,0x0104,-13,2,63,-130655,-130655,0,1645,165600,0,0,3,0,0,1,0,8,8,0,3,2,8,high,0x55B5,1,2,3,0,1,0,-130655,-130655,0,0,0,0,0,98,0,0,0,0
2026-09-20T09:43:55.861Z,0x0513,0x0104,-13,2,63,-126149,-126149,0,1655,166643,0,0,3,0,0,1,0,8,8,0,3,2,8,high,0x55B5,1,2,3,0,1,0,-126149,-126149,0,0,0,0,0,99,0,0,0,0
2026-09-20T09:43:56.862Z,0x0513,0x0104,-13,2,63,-128402,-128402,0,1665,167644,0,0,3,0,0,1,0,8,8,0,3,2,8,high,0x55B5,1,2,3,0,1,0,-129528,-129528,0,0,0,0,0,100,0,0,0,0
2026-09-20T09:43:57.864Z,0x0513,0x0104,-13,2,63,-122770,-122770,0,1675,168645,0,0,3,0,0,1,0,8,8,0,3,2,8,high,0x55B5,1,2,3,0,1,0,-122770,-122770,0,0,0,0,0,101,0,0,0,0
2026-09-20T09:43:58.866Z,0x0513,0x0104,-13,2,63,-118265,-118265,0,1685,169646,0,0,3,0,0,1,0,8,8,0,3,2,8,high,0x55B5,1,2,3,0,1,0,-120518,-120518,0,0,0,0,0,102,0,0,0,0
2026-09-20T09:43:59.873Z,0x0513,0x0104,-13,2,63,-125023,-125023,0,1695,170649,0,0,3,0,0,1,0,8,8,0,3,2,8,high,0x55B5,1,2,3,0,1,0,-121644,-121644,0,0,0,0,0,103,0,0,0,0
2026-09-20T09:44:00.861Z,0x0513,0x0104,-13,2,63,-123897,-123897,0,1705,171642,0,0,3,0,0,1,0,8,8,0,3,2,8,high,0x55B5,1,2,3,0,1,0,-126149,-126149,0,0,0,0,0,104,0,0,0,0
2026-09-20T09:44:01.866Z,0x0513,0x0104,-13,2,63,-129528,-129528,0,1715,172644,0,0,3,0,0,1,0,8,8,0,3,2,8,high,0x55B5,1,2,3,0,1,0,-131781,-131781,0,0,0,0,0,105,0,0,0,0
2026-09-20T09:44:02.867Z,0x0513,0x0104,-13,2,63,-131781,-131781,0,1725,173650,0,0,3,0,0,1,0,8,8,0,3,2,8,high,0x55B5,1,2,3,0,1,0,-129528,-129528,0,0,0,0,0,106,0,0,0,0
2026-09-20T09:44:03.875Z,0x0513,0x0104,-13,2,63,-121644,-121644,0,1735,174653,0,0,3,0,0,1,0,8,8,0,3,2,8,high,0x55B5,1,2,3,0,1,0,-119391,-119391,0,0,0,0,0,107,0,0,0,0
2026-09-20T09:44:04.869Z,0x0513,0x0104,-13,2,63,-125023,-125023,0,1745,175644,0,0,3,0,0,1,0,8,8,0,3,2,8,high,0x55B5,1,2,3,0,1,0,-125023,-125023,0,0,0,0,0,108,0,0,0,0
2026-09-20T09:44:05.874Z,0x0513,0x0104,-13,2,63,-121644,-121644,0,1755,176653,0,0,3,0,0,1,0,8,8,0,3,2,8,high,0x55B5,1,2,3,0,1,0,-123897,-123897,0,0,0,0,0,109,0,0,0,0
2026-09-20T09:44:06.862Z,0x0513,0x0104,-13,2,63,-125023,-125023,0,1765,177644,0,0,3,0,0,1,0,8,8,0,3,2,8,high,0x55B5,1,2,3,0,1,0,-122770,-122770,0,0,0,0,0,110,0,0,0,0
2026-09-20T09:44:07.865Z,0x0513,0x0104,-13,2,63,-128402,-128402,0,1775,178647,0,0,3,0,0,1,0,8,8,0,3,2,8,high,0x55B5,1,2,3,0,1,0,-126149,-126149,0,0,0,0,0,111,0,0,0,0
2026-09-20T09:44:08.873Z,0x0513,0x0104,-13,2,63,-122770,-122770,0,1785,179650,0,0,3,0,0,1,0,8,8,0,3,2,8,high,0x55B5,1,2,3,0,1,0,-123897,-123897,0,0,0,0,0,112,0,0,0,0
2026-09-20T09:44:09.861Z,0x0513,0x0104,-13,2,63,-118265,-118265,0,1795,180642,0,0,3,0,0,1,0,8,8,0,3,2,8,high,0x55B5,1,2,3,0,1,0,-117139,-117139,0,0,0,0,0,113,0,0,0,0
2026-09-20T09:44:10.865Z,0x0513,0x0104,-13,2,63,-119391,-119391,0,1805,181647,0,0,3,0,0,1,0,8,8,0,3,2,8,high,0x55B5,1,2,3,0,1,0,-119391,-119391,0,0,0,0,0,114,0,0,0,0
2026-09-20T09:44:11.870Z,0x0513,0x0104,-13,2,63,-128402,-128402,0,1815,182649,0,0,3,0,0,1,0,8,8,0,3,2,8,high,0x55B5,1,2,3,0,1,0,-131781,-131781,0,0,0,0,0,115,0,0,0,0
2026-09-20T09:44:12.854Z,0x0513,0x0104,-13,2,63,-132907,-132907,0,1825,183639,0,0,3,0,0,1,0,8,8,0,3,2,8,high,0x55B5,1,2,3,0,1,0,-130655,-130655,0,0,0,0,0,116,0,0,0,0
2026-09-20T09:44:13.855Z,0x0513,0x0104,-13,2,63,-131781,-131781,0,1835,184639,0,0,3,0,0,1,0,8,8,0,3,2,8,high,0x55B5,1,2,3,0,1,0,-130655,-130655,0,0,0,0,0,117,0,0,0,0
2026-09-20T09:44:14.854Z,0x0513,0x0104,-13,2,63,-127276,-127276,0,1845,185640,0,0,3,0,0,1,0,8,8,0,3,2,8,high,0x55B5,1,2,3,0,1,0,-128402,-128402,0,0,0,0,0,118,0,0,0,0
2026-09-20T09:44:15.855Z,0x0513,0x0104,-13,2,63,-125023,-125023,0,1855,186639,0,0,3,0,0,1,0,8,8,0,3,2,8,high,0x55B5,1,2,3,0,1,0,-121644,-121644,0,0,0,0,0,119,0,0,0,0
2026-09-20T09:44:16.853Z,0x0513,0x0104,-13,2,63,-114886,-114886,0,1865,187639,0,0,3,0,0,1,0,8,8,0,3,2,8,high,0x55B5,1,2,3,0,1,0,-116012,-116012,0,0,0,0,0,120,0,0,0,0
2026-09-20T09:44:17.875Z,0x0513,0x0104,-13,2,63,-122770,-122770,0,1875,188655,0,0,3,0,0,1,0,8,8,0,3,2,8,high,0x55B5,1,2,3,0,1,0,-122770,-122770,0,0,0,0,0,121,0,0,0,0
2026-09-20T09:44:18.862Z,0x0513,0x0104,-13,2,63,-123897,-123897,0,1885,189644,0,0,3,0,0,1,0,8,8,0,3,2,8,high,0x55B5,1,2,3,0,1,0,-123897,-123897,0,0,0,0,0,122,0,0,0,0
2026-09-20T09:44:19.864Z,0x0513,0x0104,-13,2,63,-119391,-119391,0,1895,190647,0,0,3,0,0,1,0,8,8,0,3,2,8,high,0x55B5,1,2,3,0,1,0,-121644,-121644,0,0,0,0,0,123,0,0,0,0
2026-09-20T09:44:20.865Z,0x0513,0x0104,-13,2,63,-117139,-117139,0,1905,191649,0,0,3,0,0,1,0,8,8,0,3,2,8,high,0x55B5,1,2,3,0,1,0,-114886,-114886,0,0,0,0,0,124,0,0,0,0
2026-09-20T09:44:21.869Z,0x0513,0x0104,-13,2,63,-112633,-112633,0,1915,192649,0,0,3,0,0,1,0,8,8,0,3,2,8,high,0x55B5,1,2,3,0,1,0,-114886,-114886,0,0,0,0,0,125,0,0,0,0
2026-09-20T09:44:22.854Z,0x0513,0x0104,-13,2,63,-114886,-114886,0,1925,193650,0,0,3,0,0,1,0,8,8,0,3,2,8,high,0x55B5,1,2,3,0,1,0,-113760,-113760,0,0,0,0,0,126,0,0,0,0
2026-09-20T09:44:23.855Z,0x0513,0x0104,-13,2,63,-130655,-130655,0,1935,194653,0,0,3,0,0,1,0,8,8,0,3,2,8,high,0x55B5,1,2,3,0,1,0,-129528,-129528,0,0,0,0,0,127,0,0,0,0
2026-09-20T09:44:24.858Z,0x0513,0x0104,-13,2,63,-135160,-135160,0,1945,195654,0,0,3,0,0,1,0,8,8,0,3,2,8,high,0x55B5,1,2,3,0,1,0,-136286,-136286,0,0,0,0,0,128,0,0,0,0
2026-09-20T09:44:25.859Z,0x0513,0x0104,-13,2,63,-139665,-139665,0,1955,196656,0,0,3,0,0,1,0,8,8,0,3,2,8,high,0x55B5,1,2,3,0,1,0,-139665,-139665,0,0,0,0,0,129,0,0,0,0
2026-09-20T09:44:26.861Z,0x0513,0x0104,-13,2,63,-144171,-144171,0,1965,197657,0,0,3,0,0,1,0,8,8,0,3,2,8,high,0x55B5,1,2,3,0,1,0,-143044,-143044,0,0,0,0,0,130,0,0,0,0
2026-09-20T09:44:27.863Z,0x0513,0x0104,-13,2,63,-140792,-140792,0,1975,198659,0,0,3,0,0,1,0,8,8,0,3,2,8,high,0x55B5,1,2,3,0,1,0,-140792,-140792,0,0,0,0,0,131,0,0,0,0
2026-09-20T09:44:28.864Z,0x0513,0x0104,-13,2,63,-132907,-132907,0,1985,199661,0,0,3,0,0,1,0,8,8,0,3,2,8,high,0x55B5,1,2,3,0,1,0,-132907,-132907,0,0,0,0,0,132,0,0,0,0
2026-09-20T09:44:29.865Z,0x0513,0x0104,-13,2,63,-134034,-134034,0,1995,200663,0,0,3,0,0,1,0,8,8,0,3,2,8,high,0x55B5,1,2,3,0,1,0,-134034,-134034,0,0,0,0,0,133,0,0,0,0
2026-09-20T09:44:30.867Z,0x0513,0x0104,-13,2,63,-135160,-135160,0,2005,201665,0,0,3,0,0,1,0,8,8,0,3,2,8,high,0x55B5,1,2,3,0,1,0,-134034,-134034,0,0,0,0,0,134,0,0,0,0
2026-09-20T09:44:31.871Z,0x0513,0x0104,-13,2,63,-139665,-139665,0,2015,202667,0,0,3,0,0,1,0,8,8,0,3,2,8,high,0x55B5,1,2,3,0,1,0,-138539,-138539,0,0,0,0,0,135,0,0,0,0
2026-09-20T09:44:32.861Z,0x0513,0x0104,-13,2,63,-131781,-131781,0,2024,203569,0,0,3,0,0,1,0,8,8,0,3,2,8,high,0x55B5,1,2,3,0,1,0,-131781,-131781,0,0,0,0,0,136,0,0,0,0
2026-09-20T09:44:33.864Z,0x0513,0x0104,-13,2,63,-136286,-136286,0,2034,204571,0,0,3,0,0,1,0,8,8,0,3,2,8,high,0x55B5,1,2,3,0,1,0,-135160,-135160,0,0,0,0,0,137,0,0,0,0
2026-09-20T09:44:34.865Z,0x0513,0x0104,-13,2,63,-128402,-128402,0,2044,205573,0,0,3,0,0,1,0,8,8,0,3,2,8,high,0x55B5,1,2,3,0,1,0,-127276,-127276,0,0,0,0,0,138,0,0,0,0
2026-09-20T09:44:35.868Z,0x0513,0x0104,-13,2,63,-130655,-130655,0,2054,206574,0,0,3,0,0,1,0,8,8,0,3,2,8,high,0x55B5,1,2,3,0,1,0,-130655,-130655,0,0,0,0,0,139,0,0,0,0
2026-09-20T09:44:36.870Z,0x0513,0x0104,-13,2,63,-136286,-136286,0,2064,207576,0,0,3,0,0,1,0,8,8,0,3,2,8,high,0x55B5,1,2,3,0,1,0,-136286,-136286,0,0,0,0,0,140,0,0,0,0
2026-09-20T09:44:37.858Z,0x0513,0x0104,-13,2,63,-134034,-134034,0,2074,208578,0,0,3,0,0,1,0,8,8,0,3,2,8,high,0x55B5,1,2,3,0,1,0,-134034,-134034,0,0,0,0,0,141,0,0,0,0
2026-09-20T09:44:38.861Z,0x0513,0x0104,-13,2,63,-130655,-130655,0,2084,209580,0,0,3,0,0,1,0,8,8,0,3,2,8,high,0x55B5,1,2,3,0,1,0,-129528,-129528,0,0,0,0,0,142,0,0,0,0
2026-09-20T09:44:39.863Z,0x0513,0x0104,-13,2,63,-127276,-127276,0,2094,210582,0,0,3,0,0,1,0,8,8,0,3,2,8,high,0x55B5,1,2,3,0,1,0,-128402,-128402,0,0,0,0,0,143,0,0,0,0
2026-09-20T09:44:40.863Z,0x0513,0x0104,-13,2,63,-129528,-129528,0,2104,211583,0,0,3,0,0,1,0,8,8,0,3,2,8,high,0x55B5,1,2,3,0,1,0,-130655,-130655,0,0,0,0,0,144,0,0,0,0
2026-09-20T09:44:41.865Z,0x0513,0x0104,-13,2,63,-140792,-140792,0,2114,212585,0,0,3,0,0,1,0,8,8,0,3,2,8,high,0x55B5,1,2,3,0,1,0,-141918,-141918,0,0,0,0,0,145,0,0,0,0
2026-09-20T09:44:42.869Z,0x0513,0x0104,-13,2,63,-141918,-141918,0,2124,213587,0,0,3,0,0,1,0,8,8,0,3,2,8,high,0x55B5,1,2,3,0,1,0,-140792,-140792,0,0,0,0,0,146,0,0,0,0
2026-09-20T09:44:43.858Z,0x0513,0x0104,-13,2,63,-134034,-134034,0,2134,214589,0,0,3,0,0,1,0,8,8,0,3,2,8,high,0x55B5,1,2,3,0,1,0,-135160,-135160,0,0,0,0,0,147,0,0,0,0
2026-09-20T09:44:44.861Z,0x0513,0x0104,-13,2,63,-136286,-136286,0,2144,215590,0,0,3,0,0,1,0,8,8,0,3,2,8,high,0x55B5,1,2,3,0,1,0,-135160,-135160,0,0,0,0,0,148,0,0,0,0
2026-09-20T09:44:45.863Z,0x0513,0x0104,-13,2,63,-136286,-136286,0,2154,216593,0,0,3,0,0,1,0,8,8,0,3,2,8,high,0x55B5,1,2,3,0,1,0,-136286,-136286,0,0,0,0,0,149,0,0,0,0
2026-09-20T09:44:46.865Z,0x0513,0x0104,-13,2,63,-130655,-130655,0,2164,217594,0,0,3,0,0,1,0,8,8,0,3,2,8,high,0x55B5,1,2,3,0,1,0,-131781,-131781,0,0,0,0,0,150,0,0,0,0
2026-09-20T09:44:47.868Z,0x0513,0x0104,-13,2,63,-138539,-138539,0,2174,218596,0,0,3,0,0,1,0,8,8,0,3,2,8,high,0x55B5,1,2,3,0,1,0,-137413,-137413,0,0,0,0,0,151,0,0,0,0
2026-09-20T09:44:48.868Z,0x0513,0x0104,-13,2,63,-136286,-136286,0,2184,219597,0,0,3,0,0,1,0,8,8,0,3,2,8,high,0x55B5,1,2,3,0,1,0,-136286,-136286,0,0,0,0,0,152,0,0,0,0
2026-09-20T09:44:49.872Z,0x0513,0x0104,-13,2,63,-137413,-137413,0,2194,220599,0,0,3,0,0,1,0,8,8,0,3,2,8,high,0x55B5,1,2,3,0,1,0,-137413,-137413,0,0,0,0,0,153,0,0,0,0
2026-09-20T09:44:50.863Z,0x0513,0x0104,-13,2,63,-131781,-131781,0,2204,221645,0,0,3,0,0,1,0,8,8,0,3,2,8,high,0x55B5,1,2,3,0,1,0,-132907,-132907,0,0,0,0,0,154,0,0,0,0
2026-09-20T09:44:51.870Z,0x0513,0x0104,-13,2,63,-132907,-132907,0,2214,222651,0,0,3,0,0,1,0,8,8,0,3,2,8,high,0x55B5,1,2,3,0,1,0,-135160,-135160,0,0,0,0,0,155,0,0,0,0
2026-09-20T09:44:52.858Z,0x0513,0x0104,-13,2,63,-139665,-139665,0,2224,223645,0,0,3,0,0,1,0,8,8,0,3,2,8,high,0x55B5,1,2,3,0,1,0,-136286,-136286,0,0,0,0,0,156,0,0,0,0
2026-09-20T09:44:53.859Z,0x0513,0x0104,-13,2,63,-140792,-140792,0,2234,224646,0,0,3,0,0,1,0,8,8,0,3,2,8,high,0x55B5,1,2,3,0,1,0,-143044,-143044,0,0,0,0,0,157,0,0,0,0
2026-09-20T09:44:54.860Z,0x0513,0x0104,-13,2,63,-130655,-130655,0,2244,225647,0,0,3,0,0,1,0,8,8,0,3,2,8,high,0x55B5,1,2,3,0,1,0,-128402,-128402,0,0,0,0,0,158,0,0,0,0
2026-09-20T09:44:55.861Z,0x0513,0x0104,-13,2,63,-122770,-122770,0,2254,226648,0,0,3,0,0,1,0,8,8,0,3,2,8,high,0x55B5,1,2,3,0,1,0,-120518,-120518,0,0,0,0,0,159,0,0,0,0
2026-09-20T09:44:56.866Z,0x0513,0x0104,-13,2,63,-123897,-123897,0,2264,227650,0,0,3,0,0,1,0,8,8,0,3,2,8,high,0x55B5,1,2,3,0,1,0,-127276,-127276,0,0,0,0,0,160,0,0,0,0
2026-09-20T09:44:57.868Z,0x0513,0x0104,-13,2,63,-128402,-128402,0,2274,228654,0,0,3,0,0,1,0,8,8,0,3,2,8,high,0x55B5,1,2,3,0,1,0,-126149,-126149,0,0,0,0,0,161,0,0,0,0
2026-09-20T09:44:58.875Z,0x0513,0x0104,-13,2,63,-126149,-126149,0,2284,229656,0,0,3,0,0,1,0,8,8,0,3,2,8,high,0x55B5,1,2,3,0,1,0,-122770,-122770,0,0,0,0,0,162,0,0,0,0
2026-09-20T09:44:59.862Z,0x0513,0x0104,-13,2,63,-121644,-121644,0,2294,230648,0,0,3,0,0,1,0,8,8,0,3,2,8,high,0x55B5,1,2,3,0,1,0,-123897,-123897,0,0,0,0,0,163,0,0,0,0
2026-09-20T09:45:00.869Z,0x0513,0x0104,-13,2,63,-119391,-119391,0,2304,231651,0,0,3,0,0,1,0,8,8,0,3,2,8,high,0x55B5,1,2,3,0,1,0,-117139,-117139,0,0,0,0,0,164,0,0,0,0
2026-09-20T09:45:01.868Z,0x0513,0x0104,-13,2,63,-117139,-117139,0,2314,232658,0,0,3,0,0,1,0,8,8,0,3,2,8,high,0x55B5,1,2,3,0,1,0,-117139,-117139,0,0,0,0,0,165,0,0,0,0
2026-09-20T09:45:02.869Z,0x0513,0x0104,-13,2,63,-126149,-126149,0,2324,233657,0,0,3,0,0,1,0,8,8,0,3,2,8,high,0x55B5,1,2,3,0,1,0,-126149,-126149,0,0,0,0,0,166,0,0,0,0
2026-09-20T09:45:03.857Z,0x0513,0x0104,-13,2,63,-118265,-118265,0,2334,234644,0,0,3,0,0,1,0,8,8,0,3,2,8,high,0x55B5,1,2,3,0,1,0,-118265,-118265,0,0,0,0,0,167,0,0,0,0
2026-09-20T09:45:04.860Z,0x0513,0x0104,-13,2,63,-112633,-112633,0,2344,235646,0,0,3,0,0,1,0,8,8,0,3,2,8,high,0x55B5,1,2,3,0,1,0,-109254,-109254,0,0,0,0,0,168,0,0,0,0
2026-09-20T09:45:05.864Z,0x0513,0x0104,-13,2,63,-108128,-108128,0,2354,236649,0,0,3,0,0,1,0,8,8,0,3,2,8,high,0x55B5,1,2,3,0,1,0,-112633,-112633,0,0,0,0,0,169,0,0,0,0
2026-09-20T09:45:06.867Z,0x0513,0x0104,-13,2,63,-112633,-112633,0,2364,237653,0,0,3,0,0,1,0,8,8,0,3,2,8,high,0x55B5,1,2,3,0,1,0,-113760,-113760,0,0,0,0,0,170,0,0,0,0
2026-09-20T09:45:07.869Z,0x0513,0x0104,-13,2,63,-113760,-113760,0,2374,238656,0,0,3,0,0,1,0,8,8,0,3,2,8,high,0x55B5,1,2,3,0,1,0,-114886,-114886,0,0,0,0,0,171,0,0,0,0
2026-09-20T09:45:08.854Z,0x0513,0x0104,-13,2,63,-118265,-118265,0,2384,239645,0,0,3,0,0,1,0,8,8,0,3,2,8,high,0x55B5,1,2,3,0,1,0,-117139,-117139,0,0,0,0,0,172,0,0,0,0
2026-09-20T09:45:09.853Z,0x0513,0x0104,-13,2,63,-119391,-119391,0,2394,240644,0,0,3,0,0,1,0,8,8,0,3,2,8,high,0x55B5,1,2,3,0,1,0,-119391,-119391,0,0,0,0,0,173,0,0,0,0
2026-09-20T09:45:10.869Z,0x0513,0x0104,-13,2,63,-117139,-117139,0,2404,241659,0,0,3,0,0,1,0,8,8,0,3,2,8,high,0x55B5,1,2,3,0,1,0,-119391,-119391,0,0,0,0,0,174,0,0,0,0
2026-09-20T09:45:11.855Z,0x0513,0x0104,-13,2,63,-121644,-121644,0,2414,242645,0,0,3,0,0,1,0,8,8,0,3,2,8,high,0x55B5,1,2,3,0,1,0,-120518,-120518,0,0,0,0,0,175,0,0,0,0
2026-09-20T09:45:12.857Z,0x0513,0x0104,-13,2,63,-119391,-119391,0,2424,243644,0,0,3,0,0,1,0,8,8,0,3,2,8,high,0x55B5,1,2,3,0,1,0,-123897,-123897,0,0,0,0,0,176,0,0,0,0
2026-09-20T09:45:13.856Z,0x0513,0x0104,-13,2,63,-125023,-125023,0,2434,244646,0,0,3,0,0,1,0,8,8,0,3,2,8,high,0x55B5,1,2,3,0,1,0,-125023,-125023,0,0,0,0,0,177,0,0,0,0
2026-09-20T09:45:14.858Z,0x0513,0x0104,-13,2,63,-121644,-121644,0,2444,245646,0,0,3,0,0,1,0,8,8,0,3,2,8,high,0x55B5,1,2,3,0,1,0,-122770,-122770,0,0,0,0,0,178,0,0,0,0
2026-09-20T09:45:15.860Z,0x0513,0x0104,-13,2,63,-119391,-119391,0,2454,246648,0,0,3,0,0,1,0,8,8,0,3,2,8,high,0x55B5,1,2,3,0,1,0,-119391,-119391,0,0,0,0,0,179,0,0,0,0
2026-09-20T09:45:16.864Z,0x0513,0x0104,-13,2,63,-125023,-125023,0,2464,247649,0,0,3,0,0,1,0,8,8,0,3,2,8,high,0x55B5,1,2,3,0,1,0,-125023,-125023,0,0,0,0,0,180,0,0,0,0
2026-09-20T09:45:17.865Z,0x0513,0x0104,-13,2,63,-125023,-125023,0,2474,248654,0,0,3,0,0,1,0,8,8,0,3,2,8,high,0x55B5,1,2,3,0,1,0,-123897,-123897,0,0,0,0,0,181,0,0,0,0
2026-09-20T09:45:18.867Z,0x0513,0x0104,-13,2,63,-138539,-138539,0,2484,249655,0,0,3,0,0,1,0,8,8,0,3,2,8,high,0x55B5,1,2,3,0,1,0,-139665,-139665,0,0,0,0,0,182,0,0,0,0
2026-09-20T09:45:19.866Z,0x0513,0x0104,-13,2,63,-136286,-136286,0,2494,250657,0,0,3,0,0,1,0,8,8,0,3,2,8,high,0x55B5,1,2,3,0,1,0,-134034,-134034,0,0,0,0,0,183,0,0,0,0
2026-09-20T09:45:20.869Z,0x0513,0x0104,-13,2,63,-126149,-126149,0,2504,251657,0,0,3,0,0,1,0,8,8,0,3,2,8,high,0x55B5,1,2,3,0,1,0,-126149,-126149,0,0,0,0,0,184,0,0,0,0
2026-09-20T09:45:21.855Z,0x0513,0x0104,-13,2,63,-126149,-126149,0,2514,252657,0,0,3,0,0,1,0,8,8,0,3,2,8,high,0x55B5,1,2,3,0,1,0,-127276,-127276,0,0,0,0,0,185,0,0,0,0
2026-09-20T09:45:22.858Z,0x0513,0x0104,-13,2,63,-129528,-129528,0,2523,253559,0,0,3,0,0,1,0,8,8,0,3,2,8,high,0x55B5,1,2,3,0,1,0,-129528,-129528,0,0,0,0,0,186,0,0,0,0
2026-09-20T09:45:23.859Z,0x0513,0x0104,-13,2,63,-134034,-134034,0,2534,254661,0,0,3,0,0,1,0,8,8,0,3,2,8,high,0x55B5,1,2,3,0,1,0,-135160,-135160,0,0,0,0,0,187,0,0,0,0
2026-09-20T09:45:24.863Z,0x0513,0x0104,-13,2,63,-137413,-137413,0,2543,255563,0,0,3,0,0,1,0,8,8,0,3,2,8,high,0x55B5,1,2,3,0,1,0,-137413,-137413,0,0,0,0,0,188,0,0,0,0
2026-09-20T09:45:25.862Z,0x0513,0x0104,-13,2,63,-129528,-129528,0,2554,256665,0,0,3,0,0,1,0,8,8,0,3,2,8,high,0x55B5,1,2,3,0,1,0,-128402,-128402,0,0,0,0,0,189,0,0,0,0
2026-09-20T09:45:26.864Z,0x0513,0x0104,-13,2,63,-125023,-125023,0,2563,257567,0,0,3,0,0,1,0,8,8,0,3,2,8,high,0x55B5,1,2,3,0,1,0,-125023,-125023,0,0,0,0,0,190,0,0,0,0
2026-09-20T09:45:27.867Z,0x0513,0x0104,-13,2,63,-129528,-129528,0,2573,258569,0,0,3,0,0,1,0,8,8,0,3,2,8,high,0x55B5,1,2,3,0,1,0,-128402,-128402,0,0,0,0,0,191,0,0,0,0
2026-09-20T09:45:28.869Z,0x0513,0x0104,-13,2,63,-136286,-136286,0,2584,259671,0,0,3,0,0,1,0,8,8,0,3,2,8,high,0x55B5,1,2,3,0,1,0,-136286,-136286,0,0,0,0,0,192,0,0,0,0
2026-09-20T09:45:29.872Z,0x0513,0x0104,-13,2,63,-134034,-134034,0,2594,260673,0,0,3,0,0,1,0,8,8,0,3,2,8,high,0x55B5,1,2,3,0,1,0,-131781,-131781,0,0,0,0,0,193,0,0,0,0
2026-09-20T09:45:30.859Z,0x0513,0x0104,-13,2,63,-130655,-130655,0,2603,261575,0,0,3,0,0,1,0,8,8,0,3,2,8,high,0x55B5,1,2,3,0,1,0,-129528,-129528,0,0,0,0,0,194,0,0,0,0
2026-09-20T09:45:31.861Z,0x0513,0x0104,-13,2,63,-137413,-137413,0,2613,262577,0,0,3,0,0,1,0,8,8,0,3,2,8,high,0x55B5,1,2,3,0,1,0,-138539,-138539,0,0,0,0,0,195,0,0,0,0
2026-09-20T09:45:32.866Z,0x0513,0x0104,-13,2,63,-138539,-138539,0,2623,263578,0,0,3,0,0,1,0,8,8,0,3,2,8,high,0x55B5,1,2,3,0,1,0,-138539,-138539,0,0,0,0,0,196,0,0,0,0
2026-09-20T09:45:33.867Z,0x0513,0x0104,-13,2,63,-125023,-125023,0,2633,264580,0,0,3,0,0,1,0,8,8,0,3,2,8,high,0x55B5,1,2,3,0,1,0,-122770,-122770,0,0,0,0,0,197,0,0,0,0
2026-09-20T09:45:34.867Z,0x0513,0x0104,-13,2,63,-129528,-129528,0,2643,265582,0,0,3,0,0,1,0,8,8,0,3,2,8,high,0x55B5,1,2,3,0,1,0,-128402,-128402,0,0,0,0,0,198,0,0,0,0
2026-09-20T09:45:35.871Z,0x0513,0x0104,-13,2,63,-126149,-126149,0,2653,266584,0,0,3,0,0,1,0,8,8,0,3,2,8,high,0x55B5,1,2,3,0,1,0,-127276,-127276,0,0,0,0,0,199,0,0,0,0
2026-09-20T09:45:36.859Z,0x0513,0x0104,-13,2,63,-130655,-130655,0,2663,267586,0,0,3,0,0,1,0,8,8,0,3,2,8,high,0x55B5,1,2,3,0,1,0,-129528,-129528,0,0,0,0,0,200,0,0,0,0
2026-09-20T09:45:37.863Z,0x0513,0x0104,-13,2,63,-127276,-127276,0,2673,268588,0,0,3,0,0,1,0,8,8,0,3,2,8,high,0x55B5,1,2,3,0,1,0,-127276,-127276,0,0,0,0,0,201,0,0,0,0
2026-09-20T09:45:38.866Z,0x0513,0x0104,-13,2,63,-123897,-123897,0,2683,269590,0,0,3,0,0,1,0,8,8,0,3,2,8,high,0x55B5,1,2,3,0,1,0,-123897,-123897,0,0,0,0,0,202,0,0,0,0
2026-09-20T09:45:39.874Z,0x0513,0x0104,-13,2,63,-119391,-119391,0,2693,270591,0,0,3,0,0,1,0,8,8,0,3,2,8,high,0x55B5,1,2,3,0,1,0,-119391,-119391,0,0,0,0,0,203,0,0,0,0
2026-09-20T09:45:40.860Z,0x0513,0x0104,-13,2,63,-121644,-121644,0,2703,271593,0,0,3,0,0,1,0,8,8,0,3,2,8,high,0x55B5,1,2,3,0,1,0,-123897,-123897,0,0,0,0,0,204,0,0,0,0
2026-09-20T09:45:41.863Z,0x0513,0x0104,-13,2,63,-123897,-123897,0,2713,272595,0,0,3,0,0,1,0,8,8,0,3,2,8,high,0x55B5,1,2,3,0,1,0,-123897,-123897,0,0,0,0,0,205,0,0,0,0
2026-09-20T09:45:42.862Z,0x0513,0x0104,-13,2,63,-120518,-120518,0,2723,273597,0,0,3,0,0,1,0,8,8,0,3,2,8,high,0x55B5,1,2,3,0,1,0,-122770,-122770,0,0,0,0,0,206,0,0,0,0
2026-09-20T09:45:43.866Z,0x0513,0x0104,-13,2,63,-121644,-121644,0,2733,274599,0,0,3,0,0,1,0,8,8,0,3,2,8,high,0x55B5,1,2,3,0,1,0,-122770,-122770,0,0,0,0,0,207,0,0,0,0
2026-09-20T09:45:44.868Z,0x0513,0x0104,-13,2,63,-117139,-117139,0,2743,275601,0,0,3,0,0,1,0,8,8,0,3,2,8,high,0x55B5,1,2,3,0,1,0,-117139,-117139,0,0,0,0,0,208,0,0,0,0
2026-09-20T09:45:45.871Z,0x0513,0x0104,-13,2,63,-121644,-121644,0,2753,276602,0,0,3,0,0,1,0,8,8,0,3,2,8,high,0x55B5,1,2,3,0,1,0,-123897,-123897,0,0,0,0,0,209,0,0,0,0
2026-09-20T09:45:46.860Z,0x0513,0x0104,-13,2,63,-131781,-131781,0,2763,277648,0,0,3,0,0,1,0,8,8,0,3,2,8,high,0x55B5,1,2,3,0,1,0,-130655,-130655,0,0,0,0,0,210,0,0,0,0
2026-09-20T09:45:47.866Z,0x0513,0x0104,-13,2,63,-129528,-129528,0,2773,278652,0,0,3,0,0,1,0,8,8,0,3,2,8,high,0x55B5,1,2,3,0,1,0,-129528,-129528,0,0,0,0,0,211,0,0,0,0
2026-09-20T09:45:48.873Z,0x0513,0x0104,-13,2,63,-128402,-128402,0,2783,279608,0,0,3,0,0,1,0,8,8,0,3,2,8,high,0x55B5,1,2,3,0,1,0,-129528,-129528,0,0,0,0,0,212,0,0,0,0
2026-09-20T09:45:49.862Z,0x0513,0x0104,-13,2,63,-118265,-118265,0,2793,280650,0,0,3,0,0,1,0,8,8,0,3,2,8,high,0x55B5,1,2,3,0,1,0,-119391,-119391,0,0,0,0,0,212,0,0,0,0
2026-09-20T09:45:50.867Z,0x0513,0x0104,-13,2,63,-125023,-125023,0,2803,281654,0,0,3,0,0,1,0,8,8,0,3,2,8,high,0x55B5,1,2,3,0,1,0,-122770,-122770,0,0,0,0,0,213,0,0,0,0
2026-09-20T09:45:51.873Z,0x0513,0x0104,-13,2,63,-127276,-127276,0,2813,282659,0,0,3,0,0,1,0,8,8,0,3,2,8,high,0x55B5,1,2,3,0,1,0,-125023,-125023,0,0,0,0,0,214,0,0,0,0
2026-09-20T09:45:52.863Z,0x0513,0x0104,-13,2,63,-120518,-120518,0,2823,283651,0,0,3,0,0,1,0,8,8,0,3,2,8,high,0x55B5,1,2,3,0,1,0,-120518,-120518,0,0,0,0,0,215,0,0,0,0
2026-09-20T09:45:53.866Z,0x0513,0x0104,-13,2,63,-123897,-123897,0,2833,284657,0,0,3,0,0,1,0,8,8,0,3,2,8,high,0x55B5,1,2,3,0,1,0,-121644,-121644,0,0,0,0,0,216,0,0,0,0
2026-09-20T09:45:54.865Z,0x0513,0x0104,-13,2,63,-123897,-123897,0,2843,285659,0,0,3,0,0,1,0,8,8,0,3,2,8,high,0x55B5,1,2,3,0,1,0,-125023,-125023,0,0,0,0,0,217,0,0,0,0
2026-09-20T09:45:55.869Z,0x0513,0x0104,-13,2,63,-127276,-127276,0,2853,286659,0,0,3,0,0,1,0,8,8,0,3,2,8,high,0x55B5,1,2,3,0,1,0,-127276,-127276,0,0,0,0,0,218,0,0,0,0
2026-09-20T09:45:56.871Z,0x0513,0x0104,-13,2,63,-127276,-127276,0,2863,287663,0,0,3,0,0,1,0,8,8,0,3,2,8,high,0x55B5,1,2,3,0,1,0,-122770,-122770,0,0,0,0,0,219,0,0,0,0
2026-09-20T09:45:57.860Z,0x0513,0x0104,-13,2,63,-116012,-116012,0,2873,288649,0,0,3,0,0,1,0,8,8,0,3,2,8,high,0x55B5,1,2,3,0,1,0,-113760,-113760,0,0,0,0,0,220,0,0,0,0
2026-09-20T09:45:58.866Z,0x0513,0x0104,-13,2,63,-109254,-109254,0,2883,289653,0,0,3,0,0,1,0,8,8,0,3,2,8,high,0x55B5,1,2,3,0,1,0,-111507,-111507,0,0,0,0,0,221,0,0,0,0
2026-09-20T09:45:59.871Z,0x0513,0x0104,-13,2,63,-110381,-110381,0,2893,290660,0,0,3,0,0,1,0,8,8,0,3,2,8,high,0x55B5,1,2,3,0,1,0,-114886,-114886,0,0,0,0,0,222,0,0,0,0
2026-09-20T09:46:00.863Z,0x0513,0x0104,-13,2,63,-116012,-116012,0,2903,291650,0,0,3,0,0,1,0,8,8,0,3,2,8,high,0x55B5,1,2,3,0,1,0,-118265,-118265,0,0,0,0,0,223,0,0,0,0
2026-09-20T09:46:01.862Z,0x0513,0x0104,-13,2,63,-116012,-116012,0,2913,292655,0,0,3,0,0,1,0,8,8,0,3,2,8,high,0x55B5,1,2,3,0,1,0,-114886,-114886,0,0,0,0,0,224,0,0,0,0
2026-09-20T09:46:02.865Z,0x0513,0x0104,-13,2,63,-111507,-111507,0,2923,293655,0,0,3,0,0,1,0,8,8,0,3,2,8,high,0x55B5,1,2,3,0,1,0,-109254,-109254,0,0,0,0,0,225,0,0,0,0
2026-09-20T09:46:03.869Z,0x0513,0x0104,-13,2,63,-109254,-109254,0,2933,294659,0,0,3,0,0,1,0,8,8,0,3,2,8,high,0x55B5,1,2,3,0,1,0,-107002,-107002,0,0,0,0,0,226,0,0,0,0
2026-09-20T09:46:04.875Z,0x0513,0x0104,-13,2,63,-110381,-110381,0,2943,295662,0,0,3,0,0,1,0,8,8,0,3,2,8,high,0x55B5,1,2,3,0,1,0,-109254,-109254,0,0,0,0,0,227,0,0,0,0
2026-09-20T09:46:05.863Z,0x0513,0x0104,-13,2,63,-114886,-114886,0,2953,296654,0,0,3,0,0,1,0,8,8,0,3,2,8,high,0x55B5,1,2,3,0,1,0,-117139,-117139,0,0,0,0,0,228,0,0,0,0
2026-09-20T09:46:06.864Z,0x0513,0x0104,-13,2,63,-114886,-114886,0,2963,297656,0,0,3,0,0,1,0,8,8,0,3,2,8,high,0x55B5,1,2,3,0,1,0,-114886,-114886,0,0,0,0,0,229,0,0,0,0
2026-09-20T09:46:07.865Z,0x0513,0x0104,-13,2,63,-122770,-122770,0,2973,298657,0,0,3,0,0,1,0,8,8,0,3,2,8,high,0x55B5,1,2,3,0,1,0,-127276,-127276,0,0,0,0,0,230,0,0,0,0
2026-09-20T09:46:08.866Z,0x0513,0x0104,-13,2,63,-121644,-121644,0,2983,299658,0,0,3,0,0,1,0,8,8,0,3,2,8,high,0x55B5,1,2,3,0,1,0,-117139,-117139,0,0,0,0,0,231,0,0,0,0
2026-09-20T09:46:09.869Z,0x0513,0x0104,-13,2,63,-114886,-114886,0,2993,300659,0,0,3,0,0,1,0,8,8,0,3,2,8,high,0x55B5,1,2,3,0,1,0,-111507,-111507,0,0,0,0,0,232,0,0,0,0
2026-09-20T09:46:10.872Z,0x0513,0x0104,-13,2,63,-120518,-120518,0,3003,301664,0,0,3,0,0,1,0,8,8,0,3,2,8,high,0x55B5,1,2,3,0,1,0,-120518,-120518,0,0,0,0,0,233,0,0,0,0
2026-09-20T09:46:11.862Z,0x0513,0x0104,-13,2,63,-127276,-127276,0,3013,302652,0,0,3,0,0,1,0,8,8,0,3,2,8,high,0x55B5,1,2,3,0,1,0,-127276,-127276,0,0,0,0,0,234,0,0,0,0
2026-09-20T09:46:12.863Z,0x0513,0x0104,-13,2,63,-132907,-132907,0,3023,303656,0,0,3,0,0,1,0,8,8,0,3,2,8,high,0x55B5,1,2,3,0,1,0,-130655,-130655,0,0,0,0,0,235,0,0,0,0
2026-09-20T09:46:13.862Z,0x0513,0x0104,-13,2,63,-129528,-129528,0,3033,304658,0,0,3,0,0,1,0,8,8,0,3,2,8,high,0x55B5,1,2,3,0,1,0,-130655,-130655,0,0,0,0,0,236,0,0,0,0
2026-09-20T09:46:14.864Z,0x0513,0x0104,-13,2,63,-127276,-127276,0,3043,305656,0,0,3,0,0,1,0,8,8,0,3,2,8,high,0x55B5,1,2,3,0,1,0,-127276,-127276,0,0,0,0,0,237,0,0,0,0
2026-09-20T09:46:15.865Z,0x0513,0x0104,-13,2,63,-128402,-128402,0,3053,306660,0,0,3,0,0,1,0,8,8,0,3,2,8,high,0x55B5,1,2,3,0,1,0,-125023,-125023,0,0,0,0,0,238,0,0,0,0
2026-09-20T09:46:16.868Z,0x0513,0x0104,-13,2,63,-122770,-122770,0,3063,307659,0,0,3,0,0,1,0,8,8,0,3,2,8,high,0x55B5,1,2,3,0,1,0,-127276,-127276,0,0,0,0,0,239,0,0,0,0
2026-09-20T09:46:17.871Z,0x0513,0x0104,-13,2,63,-123897,-123897,0,3073,308664,0,0,3,0,0,1,0,8,8,0,3,2,8,high,0x55B5,1,2,3,0,1,0,-122770,-122770,0,0,0,0,0,240,0,0,0,0
2026-09-20T09:46:18.854Z,0x0513,0x0104,-13,2,63,-126149,-126149,0,3083,309661,0,0,3,0,0,1,0,8,8,0,3,2,8,high,0x55B5,1,2,3,0,1,0,-123897,-123897,0,0,0,0,0,241,0,0,0,0
2026-09-20T09:46:19.854Z,0x0513,0x0104,-13,2,63,-122770,-122770,0,3092,310563,0,0,3,0,0,1,0,8,8,0,3,2,8,high,0x55B5,1,2,3,0,1,0,-122770,-122770,0,0,0,0,0,242,0,0,0,0
2026-09-20T09:46:20.857Z,0x0513,0x0104,-13,2,63,-125023,-125023,0,3102,311565,0,0,3,0,0,1,0,8,8,0,3,2,8,high,0x55B5,1,2,3,0,1,0,-123897,-123897,0,0,0,0,0,243,0,0,0,0
2026-09-20T09:46:21.857Z,0x0513,0x0104,-13,2,63,-126149,-126149,0,3112,312567,0,0,3,0,0,1,0,8,8,0,3,2,8,high,0x55B5,1,2,3,0,1,0,-126149,-126149,0,0,0,0,0,244,0,0,0,0
2026-09-20T09:46:22.863Z,0x0513,0x0104,-13,2,63,-121644,-121644,0,3122,313569,0,0,3,0,0,1,0,8,8,0,3,2,8,high,0x55B5,1,2,3,0,1,0,-120518,-120518,0,0,0,0,0,245,0,0,0,0
2026-09-20T09:46:23.865Z,0x0513,0x0104,-13,2,63,-116012,-116012,0,3133,314671,0,0,3,0,0,1,0,8,8,0,3,2,8,high,0x55B5,1,2,3,0,1,0,-117139,-117139,0,0,0,0,0,246,0,0,0,0
2026-09-20T09:46:24.868Z,0x0513,0x0104,-13,2,63,-121644,-121644,0,3143,315673,0,0,3,0,0,1,0,8,8,0,3,2,8,high,0x55B5,1,2,3,0,1,0,-121644,-121644,0,0,0,0,0,247,0,0,0,0
2026-09-20T09:46:25.869Z,0x0513,0x0104,-13,2,63,-126149,-126149,0,3153,316674,0,0,3,0,0,1,0,8,8,0,3,2,8,high,0x55B5,1,2,3,0,1,0,-126149,-126149,0,0,0,0,0,248,0,0,0,0
2026-09-20T09:46:26.854Z,0x0513,0x0104,-13,2,63,-122770,-122770,0,3162,317576,0,0,3,0,0,1,0,8,8,0,3,2,8,high,0x55B5,1,2,3,0,1,0,-122770,-122770,0,0,0,0,0,249,0,0,0,0
2026-09-20T09:46:27.856Z,0x0513,0x0104,-13,2,63,-126149,-126149,0,3172,318578,0,0,3,0,0,1,0,8,8,0,3,2,8,high,0x55B5,1,2,3,0,1,0,-126149,-126149,0,0,0,0,0,250,0,0,0,0
2026-09-20T09:46:28.858Z,0x0513,0x0104,-13,2,63,-121644,-121644,0,3182,319580,0,0,3,0,0,1,0,8,8,0,3,2,8,high,0x55B5,1,2,3,0,1,0,-121644,-121644,0,0,0,0,0,251,0,0,0,0
2026-09-20T09:46:29.863Z,0x0513,0x0104,-13,2,63,-118265,-118265,0,3192,320581,0,0,3,0,0,1,0,8,8,0,3,2,8,high,0x55B5,1,2,3,0,1,0,-118265,-118265,0,0,0,0,0,252,0,0,0,0
2026-09-20T09:46:30.864Z,0x0513,0x0104,-13,2,63,-119391,-119391,0,3202,321583,0,0,3,0,0,1,0,8,8,0,3,2,8,high,0x55B5,1,2,3,0,1,0,-118265,-118265,0,0,0,0,0,253,0,0,0,0
2026-09-20T09:46:31.868Z,0x0513,0x0104,-13,2,63,-119391,-119391,0,3212,322585,0,0,3,0,0,1,0,8,8,0,3,2,8,high,0x55B5,1,2,3,0,1,0,-119391,-119391,0,0,0,0,0,254,0,0,0,0
2026-09-20T09:46:32.870Z,0x0513,0x0104,-13,2,63,-125023,-125023,0,3222,323587,0,0,3,0,0,1,0,8,8,0,3,2,8,high,0x55B5,1,2,3,0,1,0,-123897,-123897,0,0,0,0,0,255,0,0,0,0
2026-09-20T09:46:33.857Z,0x0513,0x0104,-13,2,63,-119391,-119391,0,3232,324589,0,0,3,0,0,1,0,8,8,0,3,2,8,high,0x55B5,1,2,3,0,1,0,-120518,-120518,0,0,0,0,0,256,0,0,0,0
2026-09-20T09:46:34.856Z,0x0513,0x0104,-13,2,63,-123897,-123897,0,3242,325590,0,0,3,0,0,1,0,8,8,0,3,2,8,high,0x55B5,1,2,3,0,1,0,-123897,-123897,0,0,0,0,0,257,0,0,0,0
2026-09-20T09:46:35.861Z,0x0513,0x0104,-13,2,63,-121644,-121644,0,3252,326593,0,0,3,0,0,1,0,8,8,0,3,2,8,high,0x55B5,1,2,3,0,1,0,-120518,-120518,0,0,0,0,0,258,0,0,0,0
2026-09-20T09:46:36.863Z,0x0513,0x0104,-13,2,63,-126149,-126149,0,3262,327594,0,0,3,0,0,1,0,8,8,0,3,2,8,high,0x55B5,1,2,3,0,1,0,-126149,-126149,0,0,0,0,0,259,0,0,0,0
2026-09-20T09:46:37.867Z,0x0513,0x0104,-13,2,63,-120518,-120518,0,3272,328596,0,0,3,0,0,1,0,8,8,0,3,2,8,high,0x55B5,1,2,3,0,1,0,-120518,-120518,0,0,0,0,0,260,0,0,0,0
2026-09-20T09:46:38.869Z,0x0513,0x0104,-13,2,63,-122770,-122770,0,3282,329598,0,0,3,0,0,1,0,8,8,0,3,2,8,high,0x55B5,1,2,3,0,1,0,-122770,-122770,0,0,0,0,0,261,0,0,0,0
2026-09-20T09:46:39.858Z,0x0513,0x0104,-13,2,63,-118265,-118265,0,3292,330600,0,0,3,0,0,1,0,8,8,0,3,2,8,high,0x55B5,1,2,3,0,1,0,-117139,-117139,0,0,0,0,0,262,0,0,0,0
2026-09-20T09:46:40.863Z,0x0513,0x0104,-13,2,63,-119391,-119391,0,3302,331602,0,0,3,0,0,1,0,8,8,0,3,2,8,high,0x55B5,1,2,3,0,1,0,-120518,-120518,0,0,0,0,0,263,0,0,0,0
2026-09-20T09:46:41.867Z,0x0513,0x0104,-13,2,63,-125023,-125023,0,3312,332604,0,0,3,0,0,1,0,8,8,0,3,2,8,high,0x55B5,1,2,3,0,1,0,-126149,-126149,0,0,0,0,0,264,0,0,0,0
2026-09-20T09:46:42.872Z,0x0513,0x0104,-13,2,63,-126149,-126149,0,3322,333605,0,0,3,0,0,1,0,8,8,0,3,2,8,high,0x55B5,1,2,3,0,1,0,-126149,-126149,0,0,0,0,0,265,0,0,0,0
2026-09-20T09:46:43.865Z,0x0513,0x0104,-13,2,63,-135160,-135160,0,3332,334654,0,0,3,0,0,1,0,8,8,0,3,2,8,high,0x55B5,1,2,3,0,1,0,-134034,-134034,0,0,0,0,0,266,0,0,0,0
2026-09-20T09:46:44.869Z,0x0513,0x0104,-13,2,63,-134034,-134034,0,3342,335609,0,0,3,0,0,1,0,8,8,0,3,2,8,high,0x55B5,1,2,3,0,1,0,-134034,-134034,0,0,0,0,0,267,0,0,0,0
2026-09-20T09:46:45.872Z,0x0513,0x0104,-13,2,63,-128402,-128402,0,3352,336611,0,0,3,0,0,1,0,8,8,0,3,2,8,high,0x55B5,1,2,3,0,1,0,-127276,-127276,0,0,0,0,0,268,0,0,0,0
2026-09-20T09:46:46.858Z,0x0513,0x0104,-13,2,63,-122770,-122770,0,3362,337653,0,0,3,0,0,1,0,8,8,0,3,2,8,high,0x55B5,1,2,3,0,1,0,-125023,-125023,0,0,0,0,0,269,0,0,0,0
2026-09-20T09:46:47.861Z,0x0513,0x0104,-13,2,63,-127276,-127276,0,3372,338655,0,0,3,0,0,1,0,8,8,0,3,2,8,high,0x55B5,1,2,3,0,1,0,-128402,-128402,0,0,0,0,0,270,0,0,0,0
2026-09-20T09:46:48.867Z,0x0513,0x0104,-13,2,63,-131781,-131781,0,3382,339658,0,0,3,0,0,1,0,8,8,0,3,2,8,high,0x55B5,1,2,3,0,1,0,-132907,-132907,0,0,0,0,0,271,0,0,0,0
2026-09-20T09:46:49.871Z,0x0513,0x0104,-13,2,63,-131781,-131781,0,3392,340664,0,0,3,0,0,1,0,8,8,0,3,2,8,high,0x55B5,1,2,3,0,1,0,-130655,-130655,0,0,0,0,0,272,0,0,0,0
2026-09-20T09:46:50.859Z,0x0513,0x0104,-13,2,63,-128402,-128402,0,3402,341653,0,0,3,0,0,1,0,8,8,0,3,2,8,high,0x55B5,1,2,3,0,1,0,-127276,-127276,0,0,0,0,0,273,0,0,0,0
2026-09-20T09:46:51.861Z,0x0513,0x0104,-13,2,63,-122770,-122770,0,3412,342656,0,0,3,0,0,1,0,8,8,0,3,2,8,high,0x55B5,1,2,3,0,1,0,-122770,-122770,0,0,0,0,0,274,0,0,0,0
2026-09-20T09:46:52.865Z,0x0513,0x0104,-13,2,63,-122770,-122770,0,3422,343659,0,0,3,0,0,1,0,8,8,0,3,2,8,high,0x55B5,1,2,3,0,1,0,-122770,-122770,0,0,0,0,0,275,0,0,0,0
2026-09-20T09:46:53.868Z,0x0513,0x0104,-13,2,63,-117139,-117139,0,3432,344663,0,0,3,0,0,1,0,8,8,0,3,2,8,high,0x55B5,1,2,3,0,1,0,-117139,-117139,0,0,0,0,0,276,0,0,0,0
2026-09-20T09:46:54.871Z,0x0513,0x0104,-13,2,63,-109254,-109254,0,3442,345665,0,0,3,0,0,1,0,8,8,0,3,2,8,high,0x55B5,1,2,3,0,1,0,-105875,-105875,0,0,0,0,0,277,0,0,0,0
2026-09-20T09:46:55.861Z,0x0513,0x0104,-13,2,63,-103623,-103623,0,3452,346654,0,0,3,0,0,1,0,8,8,0,3,2,8,high,0x55B5,1,2,3,0,1,0,-108128,-108128,0,0,0,0,0,278,0,0,0,0
2026-09-20T09:46:56.870Z,0x0513,0x0104,-13,2,63,-112633,-112633,0,3462,347659,0,0,3,0,0,1,0,8,8,0,3,2,8,high,0x55B5,1,2,3,0,1,0,-112633,-112633,0,0,0,0,0,279,0,0,0,0
2026-09-20T09:46:57.858Z,0x0513,0x0104,-13,2,63,-120518,-120518,0,3472,348653,0,0,3,0,0,1,0,8,8,0,3,2,8,high,0x55B5,1,2,3,0,1,0,-120518,-120518,0,0,0,0,0,280,0,0,0,0
2026-09-20T09:46:58.861Z,0x0513,0x0104,-13,2,63,-122770,-122770,0,3482,349655,0,0,3,0,0,1,0,8,8,0,3,2,8,high,0x55B5,1,2,3,0,1,0,-121644,-121644,0,0,0,0,0,281,0,0,0,0
2026-09-20T09:46:59.863Z,0x0513,0x0104,-13,2,63,-120518,-120518,0,3492,350658,0,0,3,0,0,1,0,8,8,0,3,2,8,high,0x55B5,1,2,3,0,1,0,-122770,-122770,0,0,0,0,0,282,0,0,0,0
2026-09-20T09:47:00.862Z,0x0513,0x0104,-13,2,63,-118265,-118265,0,3502,351661,0,0,3,0,0,1,0,8,8,0,3,2,8,high,0x55B5,1,2,3,0,1,0,-118265,-118265,0,0,0,0,0,283,0,0,0,0
2026-09-20T09:47:01.864Z,0x0513,0x0104,-13,2,63,-125023,-125023,0,3512,352660,0,0,3,0,0,1,0,8,8,0,3,2,8,high,0x55B5,1,2,3,0,1,0,-126149,-126149,0,0,0,0,0,284,0,0,0,0
2026-09-20T09:47:02.867Z,0x0513,0x0104,-13,2,63,-121644,-121644,0,3522,353664,0,0,3,0,0,1,0,8,8,0,3,2,8,high,0x55B5,1,2,3,0,1,0,-119391,-119391,0,0,0,0,0,285,0,0,0,0
2026-09-20T09:47:03.870Z,0x0513,0x0104,-13,2,63,-126149,-126149,0,3532,354666,0,0,3,0,0,1,0,8,8,0,3,2,8,high,0x55B5,1,2,3,0,1,0,-123897,-123897,0,0,0,0,0,286,0,0,0,0
2026-09-20T09:47:04.854Z,0x0513,0x0104,-13,2,63,-122770,-122770,0,3542,355653,0,0,3,0,0,1,0,8,8,0,3,2,8,high,0x55B5,1,2,3,0,1,0,-123897,-123897,0,0,0,0,0,287,0,0,0,0
2026-09-20T09:47:05.858Z,0x0513,0x0104,-13,2,63,-128402,-128402,0,3552,356653,0,0,3,0,0,1,0,8,8,0,3,2,8,high,0x55B5,1,2,3,0,1,0,-130655,-130655,0,0,0,0,0,288,0,0,0,0
2026-09-20T09:47:06.858Z,0x0513,0x0104,-13,2,63,-122770,-122770,0,3562,357657,0,0,3,0,0,1,0,8,8,0,3,2,8,high,0x55B5,1,2,3,0,1,0,-126149,-126149,0,0,0,0,0,289,0,0,0,0
2026-09-20T09:47:07.858Z,0x0513,0x0104,-13,2,63,-120518,-120518,0,3572,358656,0,0,3,0,0,1,0,8,8,0,3,2,8,high,0x55B5,1,2,3,0,1,0,-121644,-121644,0,0,0,0,0,290,0,0,0,0
2026-09-20T09:47:08.858Z,0x0513,0x0104,-13,2,63,-130655,-130655,0,3582,359656,0,0,3,0,0,1,0,8,8,0,3,2,8,high,0x55B5,1,2,3,0,1,0,-130655,-130655,0,0,0,0,0,291,0,0,0,0
2026-09-20T09:47:09.861Z,0x0513,0x0104,-13,2,63,-129528,-129528,0,3592,360656,0,0,3,0,0,1,0,8,8,0,3,2,8,high,0x55B5,1,2,3,0,1,0,-128402,-128402,0,0,0,0,0,292,0,0,0,0
2026-09-20T09:47:10.861Z,0x0513,0x0104,-13,2,63,-125023,-125023,0,3602,361659,0,0,3,0,0,1,0,8,8,0,3,2,8,high,0x55B5,1,2,3,0,1,0,-120518,-120518,0,0,0,0,0,293,0,0,0,0
2026-09-20T09:47:11.866Z,0x0513,0x0104,-13,2,63,-116012,-116012,0,3612,362660,0,0,3,0,0,1,0,8,8,0,3,2,8,high,0x55B5,1,2,3,0,1,0,-114886,-114886,0,0,0,0,0,294,0,0,0,0
2026-09-20T09:47:12.866Z,0x0513,0x0104,-13,2,63,-121644,-121644,0,3622,363665,0,0,3,0,0,1,0,8,8,0,3,2,8,high,0x55B5,1,2,3,0,1,0,-122770,-122770,0,0,0,0,0,295,0,0,0,0
2026-09-20T09:47:13.867Z,0x0513,0x0104,-13,2,63,-117139,-117139,0,3632,364664,0,0,3,0,0,1,0,8,8,0,3,2,8,high,0x55B5,1,2,3,0,1,0,-114886,-114886,0,0,0,0,0,296,0,0,0,0
2026-09-20T09:47:14.863Z,0x0513,0x0104,-13,2,63,-112633,-112633,0,3642,365665,0,0,3,0,0,1,0,8,8,0,3,2,8,high,0x55B5,1,2,3,0,1,0,-114886,-114886,0,0,0,0,0,297,0,0,0,0
2026-09-20T09:47:15.861Z,0x0513,0x0104,-13,2,63,-119391,-119391,0,3652,366665,0,0,3,0,0,1,0,8,8,0,3,2,8,high,0x55B5,1,2,3,0,1,0,-119391,-119391,0,0,0,0,0,298,0,0,0,0
2026-09-20T09:47:16.859Z,0x0513,0x0104,-13,2,63,-119391,-119391,0,3662,367667,0,0,3,0,0,1,0,8,8,0,3,2,8,high,0x55B5,1,2,3,0,1,0,-117139,-117139,0,0,0,0,0,299,0,0,0,0
2026-09-20T09:47:17.860Z,0x0513,0x0104,-13,2,63,-120518,-120518,0,3672,368669,0,0,3,0,0,1,0,8,8,0,3,2,8,high,0x55B5,1,2,4,0,1,0,-120518,-120518,-126008,0,0,0,0,300,0,0,0,0
2026-09-20T09:47:18.861Z,0x0513,0x0104,-13,2,63,-130655,-130655,0,3682,369671,0,0,3,0,0,1,0,8,8,0,3,2,8,high,0x55B5,1,2,4,0,1,0,-129528,-129528,-126008,0,0,0,0,300,1,0,0,0
2026-09-20T09:47:19.863Z,0x0513,0x0104,-13,2,63,-130655,-130655,0,3692,370673,0,0,3,0,0,1,0,8,8,0,3,2,8,high,0x55B5,1,2,4,0,1,0,-131781,-131781,-126008,0,0,0,0,300,2,0,0,0
2026-09-20T09:47:20.863Z,0x0513,0x0104,-13,2,63,-130655,-130655,0,3702,371674,0,0,3,0,0,1,0,8,8,0,3,2,8,high,0x55B5,1,2,4,0,1,0,-127276,-127276,-126008,0,0,0,0,300,3,0,0,0
2026-09-20T09:47:21.865Z,0x0513,0x0104,-13,2,63,-118265,-118265,0,3712,372676,0,0,3,0,0,1,0,8,8,0,3,2,8,high,0x55B5,1,2,4,0,1,0,-116012,-116012,-126008,0,0,0,0,300,4,0,0,0
2026-09-20T09:47:22.867Z,0x0513,0x0104,-13,2,63,-118265,-118265,0,3722,373678,0,0,3,0,0,1,0,8,8,0,3,2,8,high,0x55B5,1,2,4,0,1,0,-118265,-118265,-126008,0,0,0,0,300,5,0,0,0
2026-09-20T09:47:23.869Z,0x0513,0x0104,-13,2,63,-127276,-127276,0,3732,374680,0,0,3,0,0,1,0,8,8,0,3,2,8,high,0x55B5,1,2,4,0,1,0,-127276,-127276,-126008,0,0,0,0,300,6,0,0,0
2026-09-20T09:47:24.859Z,0x0513,0x0104,-13,2,63,-127276,-127276,0,3741,375581,0,0,3,0,0,1,0,8,8,0,3,2,8,high,0x55B5,1,2,4,0,1,0,-128402,-128402,-126008,0,0,0,0,300,7,0,0,0
2026-09-20T09:47:25.863Z,0x0513,0x0104,-13,2,63,-131781,-131781,0,3751,376583,0,0,3,0,0,1,0,8,8,0,3,2,8,high,0x55B5,1,2,4,0,1,0,-131781,-131781,-126008,0,0,0,0,300,8,0,0,0
2026-09-20T09:47:26.867Z,0x0513,0x0104,-13,2,63,-129528,-129528,0,3761,377585,0,0,3,0,0,1,0,8,8,0,3,2,8,high,0x55B5,1,2,4,0,1,0,-130655,-130655,-126008,0,0,0,0,300,9,0,0,0
2026-09-20T09:47:27.869Z,0x0513,0x0104,-13,2,63,-135160,-135160,0,3771,378587,0,0,3,0,0,1,0,8,8,0,3,2,8,high,0x55B5,1,2,4,0,1,0,-135160,-135160,-126008,0,0,0,0,300,10,0,0,0
2026-09-20T09:47:28.856Z,0x0513,0x0104,-13,2,63,-131781,-131781,0,3781,379589,0,0,3,0,0,1,0,8,8,0,3,2,8,high,0x55B5,1,2,4,0,1,0,-131781,-131781,-126008,0,0,0,0,300,11,0,0,0
2026-09-20T09:47:29.859Z,0x0513,0x0104,-13,2,63,-130655,-130655,0,3791,380591,0,0,3,0,0,1,0,8,8,0,3,2,8,high,0x55B5,1,2,4,0,1,0,-131781,-131781,-126008,0,0,0,0,300,12,0,0,0
2026-09-20T09:47:30.863Z,0x0513,0x0104,-13,2,63,-128402,-128402,0,3801,381593,0,0,3,0,0,1,0,8,8,0,3,2,8,high,0x55B5,1,2,4,0,1,0,-129528,-129528,-126008,0,0,0,0,300,13,0,0,0
2026-09-20T09:47:31.865Z,0x0513,0x0104,-13,2,63,-132907,-132907,0,3811,382595,0,0,3,0,0,1,0,8,8,0,3,2,8,high,0x55B5,1,2,4,0,1,0,-134034,-134034,-126008,0,0,0,0,300,14,0,0,0
2026-09-20T09:47:32.866Z,0x0513,0x0104,-13,2,63,-140792,-140792,0,3821,383596,0,0,3,0,0,1,0,8,8,0,3,2,8,high,0x55B5,1,2,4,0,1,0,-140792,-140792,-126008,0,0,0,0,300,15,0,0,0
2026-09-20T09:47:33.868Z,0x0513,0x0104,-13,2,63,-137413,-137413,0,3831,384598,0,0,3,0,0,1,0,8,8,0,3,2,8,high,0x55B5,1,2,4,0,1,0,-136286,-136286,-126008,0,0,0,0,300,16,0,0,0
2026-09-20T09:47:34.868Z,0x0513,0x0104,-13,2,63,-134034,-134034,0,3841,385600,0,0,3,0,0,1,0,8,8,0,3,2,8,high,0x55B5,1,2,4,0,1,0,-132907,-132907,-126008,0,0,0,0,300,17,0,0,0
2026-09-20T09:47:35.869Z,0x0513,0x0104,-13,2,63,-136286,-136286,0,3851,386602,0,0,3,0,0,1,0,8,8,0,3,2,8,high,0x55B5,1,2,4,0,1,0,-138539,-138539,-126008,0,0,0,0,300,18,0,0,0
2026-09-20T09:47:36.859Z,0x0513,0x0104,-13,2,63,-131781,-131781,0,3861,387604,0,0,3,0,0,1,0,8,8,0,3,2,8,high,0x55B5,1,2,4,0,1,0,-130655,-130655,-126008,0,0,0,0,300,19,0,0,0
2026-09-20T09:47:37.863Z,0x0513,0x0104,-13,2,63,-128402,-128402,0,3871,388606,0,0,3,0,0,1,0,8,8,0,3,2,8,high,0x55B5,1,2,4,0,1,0,-129528,-129528,-126008,0,0,0,0,300,20,0,0,0
2026-09-20T09:47:38.864Z,0x0513,0x0104,-13,2,63,-131781,-131781,0,3881,389608,0,0,3,0,0,1,0,8,8,0,3,2,8,high,0x55B5,1,2,4,0,1,0,-130655,-130655,-126008,0,0,0,0,300,21,0,0,0
2026-09-20T09:47:39.868Z,0x0513,0x0104,-13,2,63,-120518,-120518,0,3891,390610,0,0,3,0,0,1,0,8,8,0,3,2,8,high,0x55B5,1,2,4,0,1,0,-119391,-119391,-126008,0,0,0,0,300,22,0,0,0
2026-09-20T09:47:40.868Z,0x0513,0x0104,-13,2,63,-128402,-128402,0,3901,391612,0,0,3,0,0,1,0,8,8,0,3,2,8,high,0x55B5,1,2,4,0,1,0,-126149,-126149,-126008,0,0,0,0,300,23,0,0,0
2026-09-20T09:47:41.868Z,0x0513,0x0104,-13,2,63,-120518,-120518,0,3911,392613,0,0,3,0,0,1,0,8,8,0,3,2,8,high,0x55B5,1,2,4,0,1,0,-119391,-119391,-126008,0,0,0,0,300,24,0,0,0
2026-09-20T09:47:42.869Z,0x0513,0x0104,-13,2,63,-126149,-126149,0,3921,393615,0,0,3,0,0,1,0,8,8,0,3,2,8,high,0x55B5,1,2,4,0,1,0,-127276,-127276,-126008,0,0,0,0,300,25,0,0,0
2026-09-20T09:47:43.855Z,0x0513,0x0104,-13,2,63,-120518,-120518,0,3931,394656,0,0,3,0,0,1,0,8,8,0,3,2,8,high,0x55B5,1,2,4,0,1,0,-119391,-119391,-126008,0,0,0,0,300,26,0,0,0
2026-09-20T09:47:44.858Z,0x0513,0x0104,-13,2,63,-122770,-122770,0,3941,395657,0,0,3,0,0,1,0,8,8,0,3,2,8,high,0x55B5,1,2,4,0,1,0,-125023,-125023,-126008,0,0,0,0,300,27,0,0,0
2026-09-20T09:47:45.858Z,0x0513,0x0104,-13,2,63,-125023,-125023,0,3951,396659,0,0,3,0,0,1,0,8,8,0,3,2,8,high,0x55B5,1,2,4,0,1,0,-122770,-122770,-126008,0,0,0,0,300,28,0,0,0
2026-09-20T09:47:46.862Z,0x0513,0x0104,-13,2,63,-126149,-126149,0,3961,397660,0,0,3,0,0,1,0,8,8,0,3,2,8,high,0x55B5,1,2,4,0,1,0,-126149,-126149,-126008,0,0,0,0,300,29,0,0,0
2026-09-20T09:47:47.864Z,0x0513,0x0104,-13,2,63,-125023,-125023,0,3971,398664,0,0,3,0,0,1,0,8,8,0,3,2,8,high,0x55B5,1,2,4,0,1,0,-122770,-122770,-126008,0,0,0,0,300,30,0,0,0
2026-09-20T09:47:48.865Z,0x0513,0x0104,-13,2,63,-127276,-127276,0,3981,399665,0,0,3,0,0,1,0,8,8,0,3,2,8,high,0x55B5,1,2,4,0,1,0,-125023,-125023,-126008,0,0,0,0,300,31,0,0,0
2026-09-20T09:47:49.868Z,0x0513,0x0104,-13,2,63,-121644,-121644,0,3991,400668,0,0,3,0,0,1,0,8,8,0,3,2,8,high,0x55B5,1,2,4,0,1,0,-125023,-125023,-126008,0,0,0,0,300,32,0,0,0
2026-09-20T09:47:50.871Z,0x0513,0x0104,-13,2,63,-122770,-122770,0,4001,401670,0,0,3,0,0,1,0,8,8,0,3,2,8,high,0x55B5,1,2,4,0,1,0,-125023,-125023,-126008,0,0,0,0,300,33,0,0,0
2026-09-20T09:47:51.865Z,0x0513,0x0104,-13,2,63,-114886,-114886,0,4011,402663,0,0,3,0,0,1,0,8,8,0,3,2,8,high,0x55B5,1,2,4,0,1,0,-112633,-112633,-126008,0,0,0,0,300,34,0,0,0
2026-09-20T09:47:52.867Z,0x0513,0x0104,-13,2,63,-111507,-111507,0,4021,403667,0,0,3,0,0,1,0,8,8,0,3,2,8,high,0x55B5,1,2,4,0,1,0,-111507,-111507,-126008,0,0,0,0,300,35,0,0,0
2026-09-20T09:47:53.870Z,0x0513,0x0104,-13,2,63,-114886,-114886,0,4031,404668,0,0,3,0,0,1,0,8,8,0,3,2,8,high,0x55B5,1,2,4,0,1,0,-114886,-114886,-126008,0,0,0,0,300,36,0,0,0
2026-09-20T09:47:54.860Z,0x0513,0x0104,-13,2,63,-114886,-114886,0,4041,405657,0,0,3,0,0,1,0,8,8,0,3,2,8,high,0x55B5,1,2,4,0,1,0,-114886,-114886,-126008,0,0,0,0,300,37,0,0,0
2026-09-20T09:47:55.865Z,0x0513,0x0104,-13,2,63,-126149,-126149,0,4051,406663,0,0,3,0,0,1,0,8,8,0,3,2,8,high,0x55B5,1,2,4,0,1,0,-125023,-125023,-126008,0,0,0,0,300,38,0,0,0
2026-09-20T09:47:56.873Z,0x0513,0x0104,-13,2,63,-126149,-126149,0,4061,407667,0,0,3,0,0,1,0,8,8,0,3,2,8,high,0x55B5,1,2,4,0,1,0,-127276,-127276,-126008,0,0,0,0,300,39,0,0,0
2026-09-20T09:47:57.859Z,0x0513,0x0104,-13,2,63,-125023,-125023,0,4071,408660,0,0,3,0,0,1,0,8,8,0,3,2,8,high,0x55B5,1,2,4,0,1,0,-123897,-123897,-126008,0,0,0,0,300,40,0,0,0
2026-09-20T09:47:58.863Z,0x0513,0x0104,-13,2,63,-122770,-122770,0,4081,409663,0,0,3,0,0,1,0,8,8,0,3,2,8,high,0x55B5,1,2,4,0,1,0,-122770,-122770,-126008,0,0,0,0,300,41,0,0,0
2026-09-20T09:47:59.863Z,0x0513,0x0104,-13,2,63,-122770,-122770,0,4091,410665,0,0,3,0,0,1,0,8,8,0,3,2,8,high,0x55B5,1,2,4,0,1,0,-125023,-125023,-126008,0,0,0,0,300,42,0,0,0
2026-09-20T09:48:00.865Z,0x0513,0x0104,-13,2,63,-127276,-127276,0,4101,411666,0,0,3,0,0,1,0,8,8,0,3,2,8,high,0x55B5,1,2,4,0,1,0,-128402,-128402,-126008,0,0,0,0,300,43,0,0,0
2026-09-20T09:48:01.864Z,0x0513,0x0104,-13,2,63,-128402,-128402,0,4111,412667,0,0,3,0,0,1,0,8,8,0,3,2,8,high,0x55B5,1,2,4,0,1,0,-129528,-129528,-126008,0,0,0,0,300,44,0,0,0
2026-09-20T09:48:02.866Z,0x0513,0x0104,-13,2,63,-125023,-125023,0,4121,413668,0,0,3,0,0,1,0,8,8,0,3,2,8,high,0x55B5,1,2,4,0,1,0,-128402,-128402,-126008,0,0,0,0,300,45,0,0,0
2026-09-20T09:48:03.870Z,0x0513,0x0104,-13,2,63,-139665,-139665,0,4131,414668,0,0,3,0,0,1,0,8,8,0,3,2,8,high,0x55B5,1,2,4,0,1,0,-139665,-139665,-126008,0,0,0,0,300,46,0,0,0
2026-09-20T09:48:04.857Z,0x0513,0x0104,-13,2,63,-132907,-132907,0,4141,415657,0,0,3,0,0,1,0,8,8,0,3,2,8,high,0x55B5,1,2,4,0,1,0,-135160,-135160,-126008,0,0,0,0,300,47,0,0,0
2026-09-20T09:48:05.859Z,0x0513,0x0104,-13,2,63,-131781,-131781,0,4151,416660,0,0,3,0,0,1,0,8,8,0,3,2,8,high,0x55B5,1,2,4,0,1,0,-128402,-128402,-126008,0,0,0,0,300,48,0,0,0
2026-09-20T09:48:06.862Z,0x0513,0x0104,-13,2,63,-123897,-123897,0,4161,417663,0,0,3,0,0,1,0,8,8,0,3,2,8,high,0x55B5,1,2,4,0,1,0,-121644,-121644,-126008,0,0,0,0,300,49,0,0,0
2026-09-20T09:48:07.861Z,0x0513,0x0104,-13,2,63,-127276,-127276,0,4171,418665,0,0,3,0,0,1,0,8,8,0,3,2,8,high,0x55B5,1,2,4,0,1,0,-128402,-128402,-126008,0,0,0,0,300,50,0,0,0
2026-09-20T09:48:08.863Z,0x0513,0x0104,-13,2,63,-126149,-126149,0,4181,419666,0,0,3,0,0,1,0,8,8,0,3,2,8,high,0x55B5,1,2,4,0,1,0,-120518,-120518,-126008,0,0,0,0,300,51,0,0,0
2026-09-20T09:48:09.864Z,0x0513,0x0104,-13,2,63,-116012,-116012,0,4191,420666,0,0,3,0,0,1,0,8,8,0,3,2,8,high,0x55B5,1,2,4,0,1,0,-121644,-121644,-126008,0,0,0,0,300,52,0,0,0
2026-09-20T09:48:10.865Z,0x0513,0x0104,-13,2,63,-123897,-123897,0,4201,421667,0,0,3,0,0,1,0,8,8,0,3,2,8,high,0x55B5,1,2,4,0,1,0,-123897,-123897,-126008,0,0,0,0,300,53,0,0,0
2026-09-20T09:48:11.868Z,0x0513,0x0104,-13,2,63,-127276,-127276,0,4211,422668,0,0,3,0,0,1,0,8,8,0,3,2,8,high,0x55B5,1,2,4,0,1,0,-127276,-127276,-126008,0,0,0,0,300,54,0,0,0
2026-09-20T09:48:12.872Z,0x0513,0x0104,-13,2,63,-126149,-126149,0,4221,423672,0,0,3,0,0,1,0,8,8,0,3,2,8,high,0x55B5,1,2,4,0,1,0,-123897,-123897,-126008,0,0,0,0,300,55,0,0,0
2026-09-20T09:48:13.860Z,0x0513,0x0104,-13,2,63,-118265,-118265,0,4231,424671,0,0,3,0,0,1,0,8,8,0,3,2,8,high,0x55B5,1,2,4,0,1,0,-119391,-119391,-126008,0,0,0,0,300,56,0,0,0
2026-09-20T09:48:14.860Z,0x0513,0x0104,-13,2,63,-118265,-118265,0,4241,425673,0,0,3,0,0,1,0,8,8,0,3,2,8,high,0x55B5,1,2,4,0,1,0,-116012,-116012,-126008,0,0,0,0,300,57,0,0,0
2026-09-20T09:48:15.861Z,0x0513,0x0104,-13,2,63,-116012,-116012,0,4251,426675,0,0,3,0,0,1,0,8,8,0,3,2,8,high,0x55B5,1,2,4,0,1,0,-117139,-117139,-126008,0,0,0,0,300,58,0,0,0
2026-09-20T09:48:16.862Z,0x0513,0x0104,-13,2,63,-111507,-111507,0,4261,427677,0,0,3,0,0,1,0,8,8,0,3,2,8,high,0x55B5,1,2,4,0,1,0,-110381,-110381,-126008,0,0,0,0,300,59,0,0,0
2026-09-20T09:48:17.863Z,0x0513,0x0104,-13,2,63,-116012,-116012,0,4271,428678,0,0,3,0,0,1,0,8,8,0,3,2,8,high,0x55B5,1,2,4,0,1,0,-118265,-118265,-126008,0,0,0,0,300,60,0,0,0
2026-09-20T09:48:18.863Z,0x0513,0x0104,-13,2,63,-120518,-120518,0,4281,429680,0,0,3,0,0,1,0,8,8,0,3,2,8,high,0x55B5,1,2,4,0,1,0,-119391,-119391,-126008,0,0,0,0,300,61,0,0,0
2026-09-20T09:48:19.866Z,0x0513,0x0104,-13,2,63,-116012,-116012,0,4290,430582,0,0,3,0,0,1,0,8,8,0,3,2,8,high,0x55B5,1,2,4,0,1,0,-117139,-117139,-126008,0,0,0,0,300,62,0,0,0
2026-09-20T09:48:20.867Z,0x0513,0x0104,-13,2,63,-120518,-120518,0,4301,431684,0,0,3,0,0,1,0,8,8,0,3,2,8,high,0x55B5,1,2,4,0,1,0,-121644,-121644,-126008,0,0,0,0,300,63,0,0,0
2026-09-20T09:48:21.866Z,0x0513,0x0104,-13,2,63,-120518,-120518,0,4310,432586,0,0,3,0,0,1,0,8,8,0,3,2,8,high,0x55B5,1,2,4,0,1,0,-122770,-122770,-126008,0,0,0,0,300,64,0,0,0
2026-09-20T09:48:22.867Z,0x0513,0x0104,-13,2,63,-117139,-117139,0,4320,433587,0,0,3,0,0,1,0,8,8,0,3,2,8,high,0x55B5,1,2,4,0,1,0,-118265,-118265,-126008,0,0,0,0,300,65,0,0,0
2026-09-20T09:48:23.866Z,0x0513,0x0104,-13,2,63,-112633,-112633,0,4330,434589,0,0,3,0,0,1,0,8,8,0,3,2,8,high,0x55B5,1,2,4,0,1,0,-113760,-113760,-126008,0,0,0,0,300,66,0,0,0
2026-09-20T09:48:24.868Z,0x0513,0x0104,-13,2,63,-127276,-127276,0,4340,435591,0,0,3,0,0,1,0,8,8,0,3,2,8,high,0x55B5,1,2,4,0,1,0,-129528,-129528,-126008,0,0,0,0,300,67,0,0,0
2026-09-20T09:48:25.873Z,0x0513,0x0104,-13,2,63,-118265,-118265,0,4350,436593,0,0,3,0,0,1,0,8,8,0,3,2,8,high,0x55B5,1,2,4,0,1,0,-117139,-117139,-126008,0,0,0,0,300,68,0,0,0
2026-09-20T09:48:26.862Z,0x0513,0x0104,-13,2,63,-122770,-122770,0,4360,437595,0,0,3,0,0,1,0,8,8,0,3,2,8,high,0x55B5,1,2,4,0,1,0,-125023,-125023,-126008,0,0,0,0,300,69,0,0,0
2026-09-20T09:48:27.863Z,0x0513,0x0104,-13,2,63,-120518,-120518,0,4370,438597,0,0,3,0,0,1,0,8,8,0,3,2,8,high,0x55B5,1,2,4,0,1,0,-118265,-118265,-126008,0,0,0,0,300,70,0,0,0
2026-09-20T09:48:28.864Z,0x0513,0x0104,-13,2,63,-121644,-121644,0,4380,439599,0,0,3,0,0,1,0,8,8,0,3,2,8,high,0x55B5,1,2,4,0,1,0,-123897,-123897,-126008,0,0,0,0,300,71,0,0,0
2026-09-20T09:48:29.865Z,0x0513,0x0104,-13,2,63,-130655,-130655,0,4390,440601,0,0,3,0,0,1,0,8,8,0,3,2,8,high,0x55B5,1,2,4,0,1,0,-131781,-131781,-126008,0,0,0,0,300,72,0,0,0
2026-09-20T09:48:30.867Z,0x0513,0x0104,-13,2,63,-135160,-135160,0,4400,441602,0,0,3,0,0,1,0,8,8,0,3,2,8,high,0x55B5,1,2,4,0,1,0,-136286,-136286,-126008,0,0,0,0,300,73,0,0,0
2026-09-20T09:48:31.871Z,0x0513,0x0104,-13,2,63,-137413,-137413,0,4410,442604,0,0,3,0,0,1,0,8,8,0,3,2,8,high,0x55B5,1,2,4,0,1,0,-136286,-136286,-126008,0,0,0,0,300,74,0,0,0
2026-09-20T09:48:32.856Z,0x0513,0x0104,-13,2,63,-129528,-129528,0,4420,443606,0,0,3,0,0,1,0,8,8,0,3,2,8,high,0x55B5,1,2,4,0,1,0,-131781,-131781,-126008,0,0,0,0,300,75,0,0,0
2026-09-20T09:48:33.859Z,0x0513,0x0104,-13,2,63,-129528,-129528,0,4430,444608,0,0,3,0,0,1,0,8,8,0,3,2,8,high,0x55B5,1,2,4,0,1,0,-129528,-129528,-126008,0,0,0,0,300,76,0,0,0
2026-09-20T09:48:34.862Z,0x0513,0x0104,-13,2,63,-130655,-130655,0,4440,445610,0,0,3,0,0,1,0,8,8,0,3,2,8,high,0x55B5,1,2,4,0,1,0,-131781,-131781,-126008,0,0,0,0,300,77,0,0,0
2026-09-20T09:48:35.864Z,0x0513,0x0104,-13,2,63,-136286,-136286,0,4450,446612,0,0,3,0,0,1,0,8,8,0,3,2,8,high,0x55B5,1,2,4,0,1,0,-137413,-137413,-126008,0,0,0,0,300,78,0,0,0
2026-09-20T09:48:36.864Z,0x0513,0x0104,-13,2,63,-128402,-128402,0,4460,447613,0,0,3,0,0,1,0,8,8,0,3,2,8,high,0x55B5,1,2,4,0,1,0,-128402,-128402,-126008,0,0,0,0,300,79,0,0,0
2026-09-20T09:48:37.867Z,0x0513,0x0104,-13,2,63,-132907,-132907,0,4470,448615,0,0,3,0,0,1,0,8,8,0,3,2,8,high,0x55B5,1,2,4,0,1,0,-131781,-131781,-126008,0,0,0,0,300,80,0,0,0
2026-09-20T09:48:38.871Z,0x0513,0x0104,-13,2,63,-126149,-126149,0,4480,449617,0,0,3,0,0,1,0,8,8,0,3,2,8,high,0x55B5,1,2,4,0,1,0,-125023,-125023,-126008,0,0,0,0,300,81,0,0,0
2026-09-20T09:48:39.862Z,0x0513,0x0104,-13,2,63,-125023,-125023,0,4490,450663,0,0,3,0,0,1,0,8,8,0,3,2,8,high,0x55B5,1,2,4,0,1,0,-125023,-125023,-126008,0,0,0,0,300,82,0,0,0
2026-09-20T09:48:40.866Z,0x0513,0x0104,-13,2,63,-127276,-127276,0,4500,451668,0,0,3,0,0,1,0,8,8,0,3,2,8,high,0x55B5,1,2,4,0,1,0,-129528,-129528,-126008,0,0,0,0,300,83,0,0,0
2026-09-20T09:48:41.873Z,0x0513,0x0104,-13,2,63,-128402,-128402,0,4510,452672,0,0,3,0,0,1,0,8,8,0,3,2,8,high,0x55B5,1,2,4,0,1,0,-130655,-130655,-126008,0,0,0,0,300,84,0,0,0
2026-09-20T09:48:42.859Z,0x0513,0x0104,-13,2,63,-138539,-138539,0,4520,453664,0,0,3,0,0,1,0,8,8,0,3,2,8,high,0x55B5,1,2,4,0,1,0,-138539,-138539,-126008,0,0,0,0,300,85,0,0,0
2026-09-20T09:48:43.861Z,0x0513,0x0104,-13,2,63,-139665,-139665,0,4530,454665,0,0,3,0,0,1,0,8,8,0,3,2,8,high,0x55B5,1,2,4,0,1,0,-137413,-137413,-126008,0,0,0,0,300,86,0,0,0
2026-09-20T09:48:44.867Z,0x0513,0x0104,-13,2,63,-134034,-134034,0,4540,455668,0,0,3,0,0,1,0,8,8,0,3,2,8,high,0x55B5,1,2,4,0,1,0,-135160,-135160,-126008,0,0,0,0,300,87,0,0,0
2026-09-20T09:48:45.873Z,0x0513,0x0104,-13,2,63,-131781,-131781,0,4550,456674,0,0,3,0,0,1,0,8,8,0,3,2,8,high,0x55B5,1,2,4,0,1,0,-129528,-129528,-126008,0,0,0,0,300,88,0,0,0
2026-09-20T09:48:46.862Z,0x0513,0x0104,-13,2,63,-129528,-129528,0,4560,457664,0,0,3,0,0,1,0,8,8,0,3,2,8,high,0x55B5,1,2,4,0,1,0,-130655,-130655,-126008,0,0,0,0,300,89,0,0,0
2026-09-20T09:48:47.864Z,0x0513,0x0104,-13,2,63,-129528,-129528,0,4570,458669,0,0,3,0,0,1,0,8,8,0,3,2,8,high,0x55B5,1,2,4,0,1,0,-127276,-127276,-126008,0,0,0,0,300,90,0,0,0
2026-09-20T09:48:48.870Z,0x0513,0x0104,-13,2,63,-131781,-131781,0,4580,459672,0,0,3,0,0,1,0,8,8,0,3,2,8,high,0x55B5,1,2,4,0,1,0,-131781,-131781,-126008,0,0,0,0,300,91,0,0,0
2026-09-20T09:48:49.860Z,0x0513,0x0104,-13,2,63,-135160,-135160,0,4590,460663,0,0,3,0,0,1,0,8,8,0,3,2,8,high,0x55B5,1,2,4,0,1,0,-138539,-138539,-126008,0,0,0,0,300,92,0,0,0
2026-09-20T09:48:50.865Z,0x0513,0x0104,-13,2,63,-134034,-134034,0,4600,461666,0,0,3,0,0,1,0,8,8,0,3,2,8,high,0x55B5,1,2,4,0,1,0,-135160,-135160,-126008,0,0,0,0,300,93,0,0,0
2026-09-20T09:48:51.870Z,0x0513,0x0104,-13,2,63,-129528,-129528,0,4610,462671,0,0,3,0,0,1,0,8,8,0,3,2,8,high,0x55B5,1,2,4,0,1,0,-130655,-130655,-126008,0,0,0,0,300,94,0,0,0
2026-09-20T09:48:52.859Z,0x0513,0x0104,-13,2,63,-129528,-129528,0,4620,463663,0,0,3,0,0,1,0,8,8,0,3,2,8,high,0x55B5,1,2,4,0,1,0,-130655,-130655,-126008,0,0,0,0,300,95,0,0,0
2026-09-20T09:48:53.859Z,0x0513,0x0104,-13,2,63,-129528,-129528,0,4630,464666,0,0,3,0,0,1,0,8,8,0,3,2,8,high,0x55B5,1,2,4,0,1,0,-127276,-127276,-126008,0,0,0,0,300,96,0,0,0
2026-09-20T09:48:54.860Z,0x0513,0x0104,-13,2,63,-123897,-123897,0,4640,465667,0,0,3,0,0,1,0,8,8,0,3,2,8,high,0x55B5,1,2,4,0,1,0,-123897,-123897,-126008,0,0,0,0,300,97,0,0,0
2026-09-20T09:48:55.864Z,0x0513,0x0104,-13,2,63,-126149,-126149,0,4650,466667,0,0,3,0,0,1,0,8,8,0,3,2,8,high,0x55B5,1,2,4,0,1,0,-123897,-123897,-126008,0,0,0,0,300,98,0,0,0
2026-09-20T09:48:56.868Z,0x0513,0x0104,-13,2,63,-128402,-128402,0,4660,467671,0,0,3,0,0,1,0,8,8,0,3,2,8,high,0x55B5,1,2,4,0,1,0,-127276,-127276,-126008,0,0,0,0,300,99,0,0,0
2026-09-20T09:48:57.870Z,0x0513,0x0104,-13,2,63,-132907,-132907,0,4670,468675,0,0,3,0,0,1,0,8,8,0,3,2,8,high,0x55B5,1,2,4,0,1,0,-132907,-132907,-126008,0,0,0,0,300,100,0,0,0
2026-09-20T09:48:58.855Z,0x0513,0x0104,-13,2,63,-137413,-137413,0,4680,469664,0,0,3,0,0,1,0,8,8,0,3,2,8,high,0x55B5,1,2,4,0,1,0,-135160,-135160,-126008,0,0,0,0,300,101,0,0,0
2026-09-20T09:48:59.859Z,0x0513,0x0104,-13,2,63,-139665,-139665,0,4690,470664,0,0,3,0,0,1,0,8,8,0,3,2,8,high,0x55B5,1,2,4,0,1,0,-141918,-141918,-126008,0,0,0,0,300,102,0,0,0
2026-09-20T09:49:00.858Z,0x0513,0x0104,-13,2,63,-153181,-153181,0,4700,471666,0,0,3,0,0,1,0,8,8,0,3,2,8,high,0x55B5,1,2,4,0,1,0,-152055,-152055,-126008,0,0,0,0,300,103,0,0,0
2026-09-20T09:49:01.859Z,0x0513,0x0104,-13,2,63,-140792,-140792,0,4710,472666,0,0,3,0,0,1,0,8,8,0,3,2,8,high,0x55B5,1,2,4,0,1,0,-140792,-140792,-126008,0,0,0,0,300,104,0,0,0
2026-09-20T09:49:02.859Z,0x0513,0x0104,-13,2,63,-140792,-140792,0,4720,473666,0,0,3,0,0,1,0,8,8,0,3,2,8,high,0x55B5,1,2,4,0,1,0,-137413,-137413,-126008,0,0,0,0,300,105,0,0,0
2026-09-20T09:49:03.858Z,0x0513,0x0104,-13,2,63,-132907,-132907,0,4730,474666,0,0,3,0,0,1,0,8,8,0,3,2,8,high,0x55B5,1,2,4,0,1,0,-132907,-132907,-126008,0,0,0,0,300,106,0,0,0
2026-09-20T09:49:04.859Z,0x0513,0x0104,-13,2,63,-127276,-127276,0,4740,475666,0,0,3,0,0,1,0,8,8,0,3,2,8,high,0x55B5,1,2,4,0,1,0,-127276,-127276,-126008,0,0,0,0,300,107,0,0,0
2026-09-20T09:49:05.860Z,0x0513,0x0104,-13,2,63,-126149,-126149,0,4750,476666,0,0,3,0,0,1,0,8,8,0,3,2,8,high,0x55B5,1,2,4,0,1,0,-129528,-129528,-126008,0,0,0,0,300,108,0,0,0
2026-09-20T09:49:06.858Z,0x0513,0x0104,-13,2,63,-128402,-128402,0,4760,477667,0,0,3,0,0,1,0,8,8,0,3,2,8,high,0x55B5,1,2,4,0,1,0,-130655,-130655,-126008,0,0,0,0,300,109,0,0,0
2026-09-20T09:49:07.856Z,0x0513,0x0104,-13,2,63,-128402,-128402,0,4770,478668,0,0,3,0,0,1,0,8,8,0,3,2,8,high,0x55B5,1,2,4,0,1,0,-129528,-129528,-126008,0,0,0,0,300,110,0,0,0
2026-09-20T09:49:08.855Z,0x0513,0x0104,-13,2,63,-130655,-130655,0,4780,479670,0,0,3,0,0,1,0,8,8,0,3,2,8,high,0x55B5,1,2,4,0,1,0,-131781,-131781,-126008,0,0,0,0,300,111,0,0,0
2026-09-20T09:49:09.855Z,0x0513,0x0104,-13,2,63,-128402,-128402,0,4790,480673,0,0,3,0,0,1,0,8,8,0,3,2,8,high,0x55B5,1,2,4,0,1,0,-127276,-127276,-126008,0,0,0,0,300,112,0,0,0
2026-09-20T09:49:10.858Z,0x0513,0x0104,-13,2,63,-125023,-125023,0,4800,481674,0,0,3,0,0,1,0,8,8,0,3,2,8,high,0x55B5,1,2,4,0,1,0,-125023,-125023,-126008,0,0,0,0,300,113,0,0,0
2026-09-20T09:49:11.857Z,0x0513,0x0104,-13,2,63,-126149,-126149,0,4810,482676,0,0,3,0,0,1,0,8,8,0,3,2,8,high,0x55B5,1,2,4,0,1,0,-127276,-127276,-126008,0,0,0,0,300,114,0,0,0
2026-09-20T09:49:12.856Z,0x0513,0x0104,-13,2,63,-131781,-131781,0,4820,483678,0,0,3,0,0,1,0,8,8,0,3,2,8,high,0x55B5,1,2,4,0,1,0,-132907,-132907,-126008,0,0,0,0,300,115,0,0,0
2026-09-20T09:49:13.861Z,0x0513,0x0104,-13,2,63,-140792,-140792,0,4830,484679,0,0,3,0,0,1,0,8,8,0,3,2,8,high,0x55B5,1,2,4,0,1,0,-141918,-141918,-126008,0,0,0,0,300,116,0,0,0
2026-09-20T09:49:14.860Z,0x0513,0x0104,-13,2,63,-127276,-127276,0,4840,485681,0,0,3,0,0,1,0,8,8,0,3,2,8,high,0x55B5,1,2,4,0,1,0,-127276,-127276,-126008,0,0,0,0,300,117,0,0,0
2026-09-20T09:49:15.863Z,0x0513,0x0104,-13,2,63,-129528,-129528,0,4850,486683,0,0,3,0,0,1,0,8,8,0,3,2,8,high,0x55B5,1,2,4,0,1,0,-130655,-130655,-126008,0,0,0,0,300,118,0,0,0
2026-09-20T09:49:16.862Z,0x0513,0x0104,-13,2,63,-135160,-135160,0,4859,487585,0,0,3,0,0,1,0,8,8,0,3,2,8,high,0x55B5,1,2,4,0,1,0,-135160,-135160,-126008,0,0,0,0,300,119,0,0,0
2026-09-20T09:49:17.863Z,0x0513,0x0104,-13,2,63,-130655,-130655,0,4869,488587,0,0,3,0,0,1,0,8,8,0,3,2,8,high,0x55B5,1,2,4,0,1,0,-130655,-130655,-126008,0,0,0,0,300,120,0,0,0
2026-09-20T09:49:18.866Z,0x0513,0x0104,-13,2,63,-135160,-135160,0,4879,489588,0,0,3,0,0,1,0,8,8,0,3,2,8,high,0x55B5,1,2,4,0,1,0,-135160,-135160,-126008,0,0,0,0,300,121,0,0,0
2026-09-20T09:49:19.870Z,0x0513,0x0104,-13,2,63,-138539,-138539,0,4889,490590,0,0,3,0,0,1,0,8,8,0,3,2,8,high,0x55B5,1,2,4,0,1,0,-136286,-136286,-126008,0,0,0,0,300,122,0,0,0
2026-09-20T09:49:20.858Z,0x0513,0x0104,-13,2,63,-132907,-132907,0,4899,491593,0,0,3,0,0,1,0,8,8,0,3,2,8,high,0x55B5,1,2,4,0,1,0,-132907,-132907,-126008,0,0,0,0,300,123,0,0,0
2026-09-20T09:49:21.861Z,0x0513,0x0104,-13,2,63,-129528,-129528,0,4909,492594,0,0,3,0,0,1,0,8,8,0,3,2,8,high,0x55B5,1,2,4,0,1,0,-129528,-129528,-126008,0,0,0,0,300,124,0,0,0
2026-09-20T09:49:22.863Z,0x0513,0x0104,-13,2,63,-131781,-131781,0,4919,493596,0,0,3,0,0,1,0,8,8,0,3,2,8,high,0x55B5,1,2,4,0,1,0,-130655,-130655,-126008,0,0,0,0,300,125,0,0,0
2026-09-20T09:49:23.870Z,0x0513,0x0104,-13,2,63,-132907,-132907,0,4929,494598,0,0,3,0,0,1,0,8,8,0,3,2,8,high,0x55B5,1,2,4,0,1,0,-132907,-132907,-126008,0,0,0,0,300,126,0,0,0
2026-09-20T09:49:24.855Z,0x0513,0x0104,-13,2,63,-131781,-131781,0,4939,495600,0,0,3,0,0,1,0,8,8,0,3,2,8,high,0x55B5,1,2,4,0,1,0,-132907,-132907,-126008,0,0,0,0,300,127,0,0,0
2026-09-20T09:49:25.856Z,0x0513,0x0104,-13,2,63,-121644,-121644,0,4949,496602,0,0,3,0,0,1,0,8,8,0,3,2,8,high,0x55B5,1,2,4,0,1,0,-120518,-120518,-126008,0,0,0,0,300,128,0,0,0
2026-09-20T09:49:26.859Z,0x0513,0x0104,-13,2,63,-113760,-113760,0,4959,497604,0,0,3,0,0,1,0,8,8,0,3,2,8,high,0x55B5,1,2,4,0,1,0,-114886,-114886,-126008,0,0,0,0,300,129,0,0,0
2026-09-20T09:49:27.860Z,0x0513,0x0104,-13,2,63,-126149,-126149,0,4969,498606,0,0,3,0,0,1,0,8,8,0,3,2,8,high,0x55B5,1,2,4,0,1,0,-126149,-126149,-126008,0,0,0,0,300,130,0,0,0
2026-09-20T09:49:28.861Z,0x0513,0x0104,-13,2,63,-125023,-125023,0,4979,499607,0,0,3,0,0,1,0,8,8,0,3,2,8,high,0x55B5,1,2,4,0,1,0,-123897,-123897,-126008,0,0,0,0,300,131,0,0,0
2026-09-20T09:49:29.860Z,0x0513,0x0104,-13,2,63,-123897,-123897,0,4989,500609,0,0,3,0,0,1,0,8,8,0,3,2,8,high,0x55B5,1,2,4,0,1,0,-126149,-126149,-126008,0,0,0,0,300,132,0,0,0
2026-09-20T09:49:30.863Z,0x0513,0x0104,-13,2,63,-128402,-128402,0,4999,501611,0,0,3,0,0,1,0,8,8,0,3,2,8,high,0x55B5,1,2,4,0,1,0,-128402,-128402,-126008,0,0,0,0,300,133,0,0,0
2026-09-20T09:49:31.867Z,0x0513,0x0104,-13,2,63,-132907,-132907,0,5009,502613,0,0,3,0,0,1,0,8,8,0,3,2,8,high,0x55B5,1,2,4,0,1,0,-131781,-131781,-126008,0,0,0,0,300,134,0,0,0
2026-09-20T09:49:32.869Z,0x0513,0x0104,-13,2,63,-135160,-135160,0,5019,503615,0,0,3,0,0,1,0,8,8,0,3,2,8,high,0x55B5,1,2,4,0,1,0,-136286,-136286,-126008,0,0,0,0,300,135,0,0,0
2026-09-20T09:49:33.857Z,0x0513,0x0104,-13,2,63,-130655,-130655,0,5029,504664,0,0,3,0,0,1,0,8,8,0,3,2,8,high,0x55B5,1,2,4,0,1,0,-131781,-131781,-126008,0,0,0,0,300,136,0,0,0
2026-09-20T09:49:34.862Z,0x0513,0x0104,-13,2,63,-128402,-128402,0,5039,505618,0,0,3,0,0,1,0,8,8,0,3,2,8,high,0x55B5,1,2,4,0,1,0,-129528,-129528,-126008,0,0,0,0,300,137,0,0,0
2026-09-20T09:49:35.867Z,0x0513,0x0104,-13,2,63,-130655,-130655,0,5049,506620,0,0,3,0,0,1,0,8,8,0,3,2,8,high,0x55B5,1,2,4,0,1,0,-130655,-130655,-126008,0,0,0,0,300,138,0,0,0
2026-09-20T09:49:36.870Z,0x0513,0x0104,-13,2,63,-131781,-131781,0,5059,507622,0,0,3,0,0,1,0,8,8,0,3,2,8,high,0x55B5,1,2,4,0,1,0,-130655,-130655,-126008,0,0,0,0,300,139,0,0,0
2026-09-20T09:49:37.860Z,0x0513,0x0104,-13,2,63,-131781,-131781,0,5069,508665,0,0,3,0,0,1,0,8,8,0,3,2,8,high,0x55B5,1,2,4,0,1,0,-134034,-134034,-126008,0,0,0,0,300,140,0,0,0
2026-09-20T09:49:38.869Z,0x0513,0x0104,-13,2,63,-131781,-131781,0,5079,509672,0,0,3,0,0,1,0,8,8,0,3,2,8,high,0x55B5,1,2,4,0,1,0,-129528,-129528,-126008,0,0,0,0,300,141,0,0,0
2026-09-20T09:49:39.874Z,0x0513,0x0104,-13,2,63,-127276,-127276,0,5089,510627,0,0,3,0,0,1,0,8,8,0,3,2,8,high,0x55B5,1,2,4,0,1,0,-126149,-126149,-126008,0,0,0,0,300,142,0,0,0
2026-09-20T09:49:40.867Z,0x0513,0x0104,-13,2,63,-122770,-122770,0,5099,511670,0,0,3,0,0,1,0,8,8,0,3,2,8,high,0x55B5,1,2,4,0,1,0,-123897,-123897,-126008,0,0,0,0,300,143,0,0,0
2026-09-20T09:49:41.872Z,0x0513,0x0104,-13,2,63,-130655,-130655,0,5109,512678,0,0,3,0,0,1,0,8,8,0,3,2,8,high,0x55B5,1,2,4,0,1,0,-128402,-128402,-126008,0,0,0,0,300,144,0,0,0
2026-09-20T09:49:42.858Z,0x0513,0x0104,-13,2,63,-131781,-131781,0,5119,513668,0,0,3,0,0,1,0,8,8,0,3,2,8,high,0x55B5,1,2,4,0,1,0,-129528,-129528,-126008,0,0,0,0,300,145,0,0,0
2026-09-20T09:49:43.857Z,0x0513,0x0104,-13,2,63,-129528,-129528,0,5129,514668,0,0,3,0,0,1,0,8,8,0,3,2,8,high,0x55B5,1,2,4,0,1,0,-128402,-128402,-126008,0,0,0,0,300,146,0,0,0
2026-09-20T09:49:44.860Z,0x0513,0x0104,-13,2,63,-123897,-123897,0,5139,515668,0,0,3,0,0,1,0,8,8,0,3,2,8,high,0x55B5,1,2,4,0,1,0,-121644,-121644,-126008,0,0,0,0,300,147,0,0,0
2026-09-20T09:49:45.867Z,0x0513,0x0104,-13,2,63,-123897,-123897,0,5149,516672,0,0,3,0,0,1,0,8,8,0,3,2,8,high,0x55B5,1,2,4,0,1,0,-123897,-123897,-126008,0,0,0,0,300,148,0,0,0
2026-09-20T09:49:46.867Z,0x0513,0x0104,-13,2,63,-119391,-119391,0,5159,517677,0,0,3,0,0,1,0,8,8,0,3,2,8,high,0x55B5,1,2,4,0,1,0,-119391,-119391,-126008,0,0,0,0,300,149,0,0,0
2026-09-20T09:49:47.869Z,0x0513,0x0104,-13,2,63,-117139,-117139,0,5169,518678,0,0,3,0,0,1,0,8,8,0,3,2,8,high,0x55B5,1,2,4,0,1,0,-117139,-117139,-126008,0,0,0,0,300,150,0,0,0
2026-09-20T09:49:48.860Z,0x0513,0x0104,-13,2,63,-119391,-119391,0,5179,519665,0,0,3,0,0,1,0,8,8,0,3,2,8,high,0x55B5,1,2,4,0,1,0,-116012,-116012,-126008,0,0,0,0,300,151,0,0,0
2026-09-20T09:49:49.867Z,0x0513,0x0104,-13,2,63,-123897,-123897,0,5189,520670,0,0,3,0,0,1,0,8,8,0,3,2,8,high,0x55B5,1,2,4,0,1,0,-123897,-123897,-126008,0,0,0,0,300,152,0,0,0
2026-09-20T09:49:50.871Z,0x0513,0x0104,-13,2,63,-128402,-128402,0,5199,521679,0,0,3,0,0,1,0,8,8,0,3,2,8,high,0x55B5,1,2,4,0,1,0,-128402,-128402,-126008,0,0,0,0,300,153,0,0,0
2026-09-20T09:49:51.856Z,0x0513,0x0104,-13,2,63,-128402,-128402,0,5209,522667,0,0,3,0,0,1,0,8,8,0,3,2,8,high,0x55B5,1,2,4,0,1,0,-126149,-126149,-126008,0,0,0,0,300,154,0,0,0
2026-09-20T09:49:52.857Z,0x0513,0x0104,-13,2,63,-121644,-121644,0,5219,523667,0,0,3,0,0,1,0,8,8,0,3,2,8,high,0x55B5,1,2,4,0,1,0,-121644,-121644,-126008,0,0,0,0,300,155,0,0,0
2026-09-20T09:49:53.855Z,0x0513,0x0104,-13,2,63,-118265,-118265,0,5229,524668,0,0,3,0,0,1,0,8,8,0,3,2,8,high,0x55B5,1,2,4,0,1,0,-119391,-119391,-126008,0,0,0,0,300,156,0,0,0
2026-09-20T09:49:54.855Z,0x0513,0x0104,-13,2,63,-119391,-119391,0,5239,525668,0,0,3,0,0,1,0,8,8,0,3,2,8,high,0x55B5,1,2,4,0,1,0,-114886,-114886,-126008,0,0,0,0,300,157,0,0,0
2026-09-20T09:49:55.857Z,0x0513,0x0104,-13,2,63,-114886,-114886,0,5249,526668,0,0,3,0,0,1,0,8,8,0,3,2,8,high,0x55B5,1,2,4,0,1,0,-117139,-117139,-126008,0,0,0,0,300,158,0,0,0
2026-09-20T09:49:56.854Z,0x0513,0x0104,-13,2,63,-113760,-113760,0,5259,527668,0,0,3,0,0,1,0,8,8,0,3,2,8,high,0x55B5,1,2,4,0,1,0,-113760,-113760,-126008,0,0,0,0,300,159,0,0,0
2026-09-20T09:49:57.850Z,0x0513,0x0104,-13,2,63,-116012,-116012,0,5269,528665,0,0,3,0,0,1,0,8,8,0,3,2,8,high,0x55B5,1,2,4,0,1,0,-116012,-116012,-126008,0,0,0,0,300,160,0,0,0
2026-09-20T09:49:58.872Z,0x0513,0x0104,-13,2,63,-113760,-113760,0,5279,529679,0,0,3,0,0,1,0,8,8,0,3,2,8,high,0x55B5,1,2,4,0,1,0,-116012,-116012,-126008,0,0,0,0,300,161,0,0,0
2026-09-20T09:49:59.856Z,0x0513,0x0104,-13,2,63,-118265,-118265,0,5289,530669,0,0,3,0,0,1,0,8,8,0,3,2,8,high,0x55B5,1,2,4,0,1,0,-119391,-119391,-126008,0,0,0,0,300,162,0,0,0
2026-09-20T09:50:00.855Z,0x0513,0x0104,-13,2,63,-113760,-113760,0,5299,531668,0,0,3,0,0,1,0,8,8,0,3,2,8,high,0x55B5,1,2,4,0,1,0,-113760,-113760,-126008,0,0,0,0,300,163,0,0,0
2026-09-20T09:50:01.857Z,0x0513,0x0104,-13,2,63,-118265,-118265,0,5309,532667,0,0,3,0,0,1,0,8,8,0,3,2,8,high,0x55B5,1,2,4,0,1,0,-120518,-120518,-126008,0,0,0,0,300,164,0,0,0
2026-09-20T09:50:02.860Z,0x0513,0x0104,-13,2,63,-120518,-120518,0,5319,533669,0,0,3,0,0,1,0,8,8,0,3,2,8,high,0x55B5,1,2,4,0,1,0,-123897,-123897,-126008,0,0,0,0,300,165,0,0,0
2026-09-20T09:50:03.862Z,0x0513,0x0104,-13,2,63,-121644,-121644,0,5329,534672,0,0,3,0,0,1,0,8,8,0,3,2,8,high,0x55B5,1,2,4,0,1,0,-121644,-121644,-126008,0,0,0,0,300,166,0,0,0
2026-09-20T09:50:04.863Z,0x0513,0x0104,-13,2,63,-113760,-113760,0,5339,535674,0,0,3,0,0,1,0,8,8,0,3,2,8,high,0x55B5,1,2,4,0,1,0,-114886,-114886,-126008,0,0,0,0,300,167,0,0,0
2026-09-20T09:50:05.865Z,0x0513,0x0104,-13,2,63,-117139,-117139,0,5349,536677,0,0,3,0,0,1,0,8,8,0,3,2,8,high,0x55B5,1,2,4,0,1,0,-120518,-120518,-126008,0,0,0,0,300,168,0,0,0
2026-09-20T09:50:06.865Z,0x0513,0x0104,-13,2,63,-125023,-125023,0,5359,537678,0,0,3,0,0,1,0,8,8,0,3,2,8,high,0x55B5,1,2,4,0,1,0,-123897,-123897,-126008,0,0,0,0,300,169,0,0,0
2026-09-20T09:50:07.866Z,0x0513,0x0104,-13,2,63,-121644,-121644,0,5369,538677,0,0,3,0,0,1,0,8,8,0,3,2,8,high,0x55B5,1,2,4,0,1,0,-119391,-119391,-126008,0,0,0,0,300,170,0,0,0
2026-09-20T09:50:08.867Z,0x0513,0x0104,-13,2,63,-119391,-119391,0,5379,539678,0,0,3,0,0,1,0,8,8,0,3,2,8,high,0x55B5,1,2,4,0,1,0,-121644,-121644,-126008,0,0,0,0,300,171,0,0,0
2026-09-20T09:50:09.869Z,0x0513,0x0104,-13,2,63,-125023,-125023,0,5389,540679,0,0,3,0,0,1,0,8,8,0,3,2,8,high,0x55B5,1,2,4,0,1,0,-121644,-121644,-126008,0,0,0,0,300,172,0,0,0
2026-09-20T09:50:10.855Z,0x0513,0x0104,-13,2,63,-121644,-121644,0,5399,541679,0,0,3,0,0,1,0,8,8,0,3,2,8,high,0x55B5,1,2,4,0,1,0,-122770,-122770,-126008,0,0,0,0,300,173,0,0,0
2026-09-20T09:50:11.856Z,0x0513,0x0104,-13,2,63,-122770,-122770,0,5409,542681,0,0,3,0,0,1,0,8,8,0,3,2,8,high,0x55B5,1,2,4,0,1,0,-122770,-122770,-126008,0,0,0,0,300,174,0,0,0
2026-09-20T09:50:12.856Z,0x0513,0x0104,-13,2,63,-117139,-117139,0,5418,543582,0,0,3,0,0,1,0,8,8,0,3,2,8,high,0x55B5,1,2,4,0,1,0,-117139,-117139,-126008,0,0,0,0,300,175,0,0,0
2026-09-20T09:50:13.856Z,0x0513,0x0104,-13,2,63,-118265,-118265,0,5428,544584,0,0,3,0,0,1,0,8,8,0,3,2,8,high,0x55B5,1,2,4,0,1,0,-119391,-119391,-126008,0,0,0,0,300,176,0,0,0
2026-09-20T09:50:14.857Z,0x0513,0x0104,-13,2,63,-113760,-113760,0,5438,545586,0,0,3,0,0,1,0,8,8,0,3,2,8,high,0x55B5,1,2,4,0,1,0,-114886,-114886,-126008,0,0,0,0,300,177,0,0,0
2026-09-20T09:50:15.858Z,0x0513,0x0104,-13,2,63,-125023,-125023,0,5448,546587,0,0,3,0,0,1,0,8,8,0,3,2,8,high,0x55B5,1,2,4,0,1,0,-126149,-126149,-126008,0,0,0,0,300,178,0,0,0
2026-09-20T09:50:16.863Z,0x0513,0x0104,-13,2,63,-125023,-125023,0,5458,547589,0,0,3,0,0,1,0,8,8,0,3,2,8,high,0x55B5,1,2,4,0,1,0,-126149,-126149,-126008,0,0,0,0,300,179,0,0,0
2026-09-20T09:50:17.865Z,0x0513,0x0104,-13,2,63,-125023,-125023,0,5468,548591,0,0,3,0,0,1,0,8,8,0,3,2,8,high,0x55B5,1,2,4,0,1,0,-123897,-123897,-126008,0,0,0,0,300,180,0,0,0
2026-09-20T09:50:18.870Z,0x0513,0x0104,-13,2,63,-129528,-129528,0,5479,549693,0,0,3,0,0,1,0,8,8,0,3,2,8,high,0x55B5,1,2,4,0,1,0,-129528,-129528,-126008,0,0,0,0,300,181,0,0,0
2026-09-20T09:50:19.858Z,0x0513,0x0104,-13,2,63,-123897,-123897,0,5488,550594,0,0,3,0,0,1,0,8,8,0,3,2,8,high,0x55B5,1,2,4,0,1,0,-123897,-123897,-126008,0,0,0,0,300,182,0,0,0
2026-09-20T09:50:20.859Z,0x0513,0x0104,-13,2,63,-129528,-129528,0,5498,551596,0,0,3,0,0,1,0,8,8,0,3,2,8,high,0x55B5,1,2,4,0,1,0,-128402,-128402,-126008,0,0,0,0,300,183,0,0,0
2026-09-20T09:50:21.862Z,0x0513,0x0104,-13,2,63,-122770,-122770,0,5508,552598,0,0,3,0,0,1,0,8,8,0,3,2,8,high,0x55B5,1,2,4,0,1,0,-122770,-122770,-126008,0,0,0,0,300,184,0,0,0
2026-09-20T09:50:22.865Z,0x0513,0x0104,-13,2,63,-126149,-126149,0,5518,553600,0,0,3,0,0,1,0,8,8,0,3,2,8,high,0x55B5,1,2,4,0,1,0,-126149,-126149,-126008,0,0,0,0,300,185,0,0,0
2026-09-20T09:50:23.870Z,0x0513,0x0104,-13,2,63,-128402,-128402,0,5528,554601,0,0,3,0,0,1,0,8,8,0,3,2,8,high,0x55B5,1,2,4,0,1,0,-129528,-129528,-126008,0,0,0,0,300,186,0,0,0
2026-09-20T09:50:24.855Z,0x0513,0x0104,-13,2,63,-127276,-127276,0,5538,555603,0,0,3,0,0,1,0,8,8,0,3,2,8,high,0x55B5,1,2,4,0,1,0,-127276,-127276,-126008,0,0,0,0,300,187,0,0,0
2026-09-20T09:50:25.855Z,0x0513,0x0104,-13,2,63,-134034,-134034,0,5548,556605,0,0,3,0,0,1,0,8,8,0,3,2,8,high,0x55B5,1,2,4,0,1,0,-135160,-135160,-126008,0,0,0,0,300,188,0,0,0
2026-09-20T09:50:26.855Z,0x0513,0x0104,-13,2,63,-145297,-145297,0,5558,557607,0,0,3,0,0,1,0,8,8,0,3,2,8,high,0x55B5,1,2,4,0,1,0,-145297,-145297,-126008,0,0,0,0,300,189,0,0,0
2026-09-20T09:50:27.858Z,0x0513,0x0104,-13,2,63,-135160,-135160,0,5568,558609,0,0,3,0,0,1,0,8,8,0,3,2,8,high,0x55B5,1,2,4,0,1,0,-134034,-134034,-126008,0,0,0,0,300,190,0,0,0
2026-09-20T09:50:28.864Z,0x0513,0x0104,-13,2,63,-139665,-139665,0,5578,559610,0,0,3,0,0,1,0,8,8,0,3,2,8,high,0x55B5,1,2,4,0,1,0,-140792,-140792,-126008,0,0,0,0,300,191,0,0,0
2026-09-20T09:50:29.864Z,0x0513,0x0104,-13,2,63,-141918,-141918,0,5588,560613,0,0,3,0,0,1,0,8,8,0,3,2,8,high,0x55B5,1,2,4,0,1,0,-141918,-141918,-126008,0,0,0,0,300,192,0,0,0
2026-09-20T09:50:30.870Z,0x0513,0x0104,-13,2,63,-138539,-138539,0,5598,561614,0,0,3,0,0,1,0,8,8,0,3,2,8,high,0x55B5,1,2,4,0,1,0,-138539,-138539,-126008,0,0,0,0,300,193,0,0,0
2026-09-20T09:50:31.858Z,0x0513,0x0104,-13,2,63,-134034,-134034,0,5608,562616,0,0,3,0,0,1,0,8,8,0,3,2,8,high,0x55B5,1,2,4,0,1,0,-135160,-135160,-126008,0,0,0,0,300,194,0,0,0
2026-09-20T09:50:32.864Z,0x0513,0x0104,-13,2,63,-140792,-140792,0,5618,563618,0,0,3,0,0,1,0,8,8,0,3,2,8,high,0x55B5,1,2,4,0,1,0,-139665,-139665,-126008,0,0,0,0,300,195,0,0,0
2026-09-20T09:50:33.865Z,0x0513,0x0104,-13,2,63,-134034,-134034,0,5628,564620,0,0,3,0,0,1,0,8,8,0,3,2,8,high,0x55B5,1,2,4,0,1,0,-131781,-131781,-126008,0,0,0,0,300,196,0,0,0
2026-09-20T09:50:34.868Z,0x0513,0x0104,-13,2,63,-135160,-135160,0,5638,565621,0,0,3,0,0,1,0,8,8,0,3,2,8,high,0x55B5,1,2,4,0,1,0,-136286,-136286,-126008,0,0,0,0,300,197,0,0,0
2026-09-20T09:50:35.873Z,0x0513,0x0104,-13,2,63,-132907,-132907,0,5648,566623,0,0,3,0,0,1,0,8,8,0,3,2,8,high,0x55B5,1,2,4,0,1,0,-131781,-131781,-126008,0,0,0,0,300,198,0,0,0
2026-09-20T09:50:36.865Z,0x0513,0x0104,-13,2,63,-132907,-132907,0,5658,567672,0,0,3,0,0,1,0,8,8,0,3,2,8,high,0x55B5,1,2,4,0,1,0,-135160,-135160,-126008,0,0,0,0,300,199,0,0,0
2026-09-20T09:50:37.870Z,0x0513,0x0104,-13,2,63,-136286,-136286,0,5668,568627,0,0,3,0,0,1,0,8,8,0,3,2,8,high,0x55B5,1,2,4,0,1,0,-134034,-134034,-126008,0,0,0,0,300,200,0,0,0
2026-09-20T09:50:38.864Z,0x0513,0x0104,-13,2,63,-120518,-120518,0,5678,569670,0,0,3,0,0,1,0,8,8,0,3,2,8,high,0x55B5,1,2,4,0,1,0,-122770,-122770,-126008,0,0,0,0,300,201,0,0,0
2026-09-20T09:50:39.870Z,0x0513,0x0104,-13,2,63,-126149,-126149,0,5688,570678,0,0,3,0,0,1,0,8,8,0,3,2,8,high,0x55B5,1,2,4,0,1,0,-126149,-126149,-126008,0,0,0,0,300,202,0,0,0
2026-09-20T09:50:40.857Z,0x0513,0x0104,-13,2,63,-136286,-136286,0,5698,571670,0,0,3,0,0,1,0,8,8,0,3,2,8,high,0x55B5,1,2,4,0,1,0,-134034,-134034,-126008,0,0,0,0,300,203,0,0,0
2026-09-20T09:50:41.861Z,0x0513,0x0104,-13,2,63,-136286,-136286,0,5708,572674,0,0,3,0,0,1,0,8,8,0,3,2,8,high,0x55B5,1,2,4,0,1,0,-136286,-136286,-126008,0,0,0,0,300,204,0,0,0
2026-09-20T09:50:42.864Z,0x0513,0x0104,-13,2,63,-134034,-134034,0,5718,573676,0,0,3,0,0,1,0,8,8,0,3,2,8,high,0x55B5,1,2,4,0,1,0,-134034,-134034,-126008,0,0,0,0,300,205,0,0,0
2026-09-20T09:50:43.867Z,0x0513,0x0104,-13,2,63,-136286,-136286,0,5728,574679,0,0,3,0,0,1,0,8,8,0,3,2,8,high,0x55B5,1,2,4,0,1,0,-135160,-135160,-126008,0,0,0,0,300,206,0,0,0
2026-09-20T09:50:44.872Z,0x0513,0x0104,-13,2,63,-138539,-138539,0,5738,575683,0,0,3,0,0,1,0,8,8,0,3,2,8,high,0x55B5,1,2,4,0,1,0,-134034,-134034,-126008,0,0,0,0,300,207,0,0,0
2026-09-20T09:50:45.862Z,0x0513,0x0104,-13,2,63,-123897,-123897,0,5748,576673,0,0,3,0,0,1,0,8,8,0,3,2,8,high,0x55B5,1,2,4,0,1,0,-120518,-120518,-126008,0,0,0,0,300,208,0,0,0
2026-09-20T09:50:46.864Z,0x0513,0x0104,-13,2,63,-125023,-125023,0,5758,577677,0,0,3,0,0,1,0,8,8,0,3,2,8,high,0x55B5,1,2,4,0,1,0,-125023,-125023,-126008,0,0,0,0,300,209,0,0,0
2026-09-20T09:50:47.868Z,0x0513,0x0104,-13,2,63,-119391,-119391,0,5768,578680,0,0,3,0,0,1,0,8,8,0,3,2,8,high,0x55B5,1,2,4,0,1,0,-123897,-123897,-126008,0,0,0,0,300,210,0,0,0
2026-09-20T09:50:48.869Z,0x0513,0x0104,-13,2,63,-125023,-125023,0,5778,579685,0,0,3,0,0,1,0,8,8,0,3,2,8,high,0x55B5,1,2,4,0,1,0,-125023,-125023,-126008,0,0,0,0,300,211,0,0,0
2026-09-20T09:50:49.869Z,0x0513,0x0104,-13,2,63,-128402,-128402,0,5788,580685,0,0,3,0,0,1,0,8,8,0,3,2,8,high,0x55B5,1,2,4,0,1,0,-128402,-128402,-126008,0,0,0,0,300,212,0,0,0
2026-09-20T09:50:50.869Z,0x0513,0x0104,-13,2,63,-123897,-123897,0,5798,581684,0,0,3,0,0,1,0,8,8,0,3,2,8,high,0x55B5,1,2,4,0,1,0,-125023,-125023,-126008,0,0,0,0,300,213,0,0,0
2026-09-20T09:50:51.871Z,0x0513,0x0104,-13,2,63,-125023,-125023,0,5808,582685,0,0,3,0,0,1,0,8,8,0,3,2,8,high,0x55B5,1,2,4,0,1,0,-123897,-123897,-126008,0,0,0,0,300,214,0,0,0
2026-09-20T09:50:52.858Z,0x0513,0x0104,-13,2,63,-134034,-134034,0,5818,583672,0,0,3,0,0,1,0,8,8,0,3,2,8,high,0x55B5,1,2,4,0,1,0,-134034,-134034,-126008,0,0,0,0,300,215,0,0,0
2026-09-20T09:50:53.860Z,0x0513,0x0104,-13,2,63,-135160,-135160,0,5828,584675,0,0,3,0,0,1,0,8,8,0,3,2,8,high,0x55B5,1,2,4,0,1,0,-132907,-132907,-126008,0,0,0,0,300,216,0,0,0
2026-09-20T09:50:54.862Z,0x0513,0x0104,-13,2,63,-134034,-134034,0,5838,585677,0,0,3,0,0,1,0,8,8,0,3,2,8,high,0x55B5,1,2,4,0,1,0,-131781,-131781,-126008,0,0,0,0,300,217,0,0,0
2026-09-20T09:50:55.867Z,0x0513,0x0104,-13,2,63,-129528,-129528,0,5848,586677,0,0,3,0,0,1,0,8,8,0,3,2,8,high,0x55B5,1,2,4,0,1,0,-129528,-129528,-126008,0,0,0,0,300,218,0,0,0
2026-09-20T09:50:56.870Z,0x0513,0x0104,-13,2,63,-135160,-135160,0,5858,587683,0,0,3,0,0,1,0,8,8,0,3,2,8,high,0x55B5,1,2,4,0,1,0,-135160,-135160,-126008,0,0,0,0,300,219,0,0,0
2026-09-20T09:50:57.855Z,0x0513,0x0104,-13,2,63,-132907,-132907,0,5868,588671,0,0,3,0,0,1,0,8,8,0,3,2,8,high,0x55B5,1,2,4,0,1,0,-132907,-132907,-126008,0,0,0,0,300,220,0,0,0
2026-09-20T09:50:58.861Z,0x0513,0x0104,-13,2,63,-126149,-126149,0,5878,589672,0,0,3,0,0,1,0,8,8,0,3,2,8,high,0x55B5,1,2,4,0,1,0,-126149,-126149,-126008,0,0,0,0,300,221,0,0,0
2026-09-20T09:50:59.865Z,0x0513,0x0104,-13,2,63,-130655,-130655,0,5888,590678,0,0,3,0,0,1,0,8,8,0,3,2,8,high,0x55B5,1,2,4,0,1,0,-129528,-129528,-126008,0,0,0,0,300,222,0,0,0
2026-09-20T09:51:00.869Z,0x0513,0x0104,-13,2,63,-126149,-126149,0,5898,591682,0,0,3,0,0,1,0,8,8,0,3,2,8,high,0x55B5,1,2,4,0,1,0,-128402,-128402,-126008,0,0,0,0,300,223,0,0,0
2026-09-20T09:51:01.857Z,0x0513,0x0104,-13,2,63,-130655,-130655,0,5908,592672,0,0,3,0,0,1,0,8,8,0,3,2,8,high,0x55B5,1,2,4,0,1,0,-130655,-130655,-126008,0,0,0,0,300,224,0,0,0
2026-09-20T09:51:02.857Z,0x0513,0x0104,-13,2,63,-134034,-134034,0,5918,593674,0,0,3,0,0,1,0,8,8,0,3,2,8,high,0x55B5,1,2,4,0,1,0,-134034,-134034,-126008,0,0,0,0,300,225,0,0,0
2026-09-20T09:51:03.858Z,0x0513,0x0104,-13,2,63,-138539,-138539,0,5928,594675,0,0,3,0,0,1,0,8,8,0,3,2,8,high,0x55B5,1,2,4,0,1,0,-137413,-137413,-126008,0,0,0,0,300,226,0,0,0
2026-09-20T09:51:04.859Z,0x0513,0x0104,-13,2,63,-131781,-131781,0,5938,595676,0,0,3,0,0,1,0,8,8,0,3,2,8,high,0x55B5,1,2,4,0,1,0,-132907,-132907,-126008,0,0,0,0,300,227,0,0,0
2026-09-20T09:51:05.862Z,0x0513,0x0104,-13,2,63,-137413,-137413,0,5948,596676,0,0,3,0,0,1,0,8,8,0,3,2,8,high,0x55B5,1,2,4,0,1,0,-135160,-135160,-126008,0,0,0,0,300,228,0,0,0
2026-09-20T09:51:06.865Z,0x0513,0x0104,-13,2,63,-125023,-125023,0,5958,597679,0,0,3,0,0,1,0,8,8,0,3,2,8,high,0x55B5,1,2,4,0,1,0,-122770,-122770,-126008,0,0,0,0,300,229,0,0,0
2026-09-20T09:51:07.865Z,0x0513,0x0104,-13,2,63,-129528,-129528,0,5968,598683,0,0,3,0,0,1,0,8,8,0,3,2,8,high,0x55B5,1,2,4,0,1,0,-129528,-129528,-126008,0,0,0,0,300,230,0,0,0
2026-09-20T09:51:08.866Z,0x0513,0x0104,-13,2,63,-129528,-129528,0,5978,599683,0,0,3,0,0,1,0,8,8,0,3,2,8,high,0x55B5,1,2,4,0,1,0,-129528,-129528,-126008,0,0,0,0,300,231,0,0,0
2026-09-20T09:51:09.869Z,0x0513,0x0104,-13,2,63,-138539,-138539,0,5988,600684,0,0,3,0,0,1,0,8,8,0,3,2,8,high,0x55B5,1,2,4,0,1,0,-136286,-136286,-126008,0,0,0,0,300,232,0,0,0
2026-09-20T09:51:10.854Z,0x0513,0x0104,-13,2,63,-129528,-129528,0,5998,601682,0,0,3,0,0,1,0,8,8,0,3,2,8,high,0x55B5,1,2,4,0,1,0,-126149,-126149,-126008,0,0,0,0,300,233,0,0,0
2026-09-20T09:51:11.857Z,0x0513,0x0104,-13,2,63,-125023,-125023,0,6008,602684,0,0,3,0,0,1,0,8,8,0,3,2,8,high,0x55B5,1,2,4,0,1,0,-125023,-125023,-126008,0,0,0,0,300,234,0,0,0
2026-09-20T09:51:12.860Z,0x0513,0x0104,-13,2,63,-128402,-128402,0,6018,603686,0,0,3,0,0,1,0,8,8,0,3,2,8,high,0x55B5,1,2,4,0,1,0,-126149,-126149,-126008,0,0,0,0,300,235,0,0,0
2026-09-20T09:51:13.861Z,0x0513,0x0104,-13,2,63,-138539,-138539,0,6028,604688,0,0,3,0,0,1,0,8,8,0,3,2,8,high,0x55B5,1,2,4,0,1,0,-138539,-138539,-126008,0,0,0,0,300,236,0,0,0
2026-09-20T09:51:14.860Z,0x0513,0x0104,-13,2,63,-130655,-130655,0,6038,605690,0,0,3,0,0,1,0,8,8,0,3,2,8,high,0x55B5,1,2,4,0,1,0,-130655,-130655,-126008,0,0,0,0,300,237,0,0,0
2026-09-20T09:51:15.863Z,0x0513,0x0104,-13,2,63,-130655,-130655,0,6048,606691,0,0,3,0,0,1,0,8,8,0,3,2,8,high,0x55B5,1,2,4,0,1,0,-129528,-129528,-126008,0,0,0,0,300,238,0,0,0
2026-09-20T09:51:16.863Z,0x0513,0x0104,-13,2,63,-136286,-136286,0,6058,607693,0,0,3,0,0,1,0,8,8,0,3,2,8,high,0x55B5,1,2,4,0,1,0,-135160,-135160,-126008,0,0,0,0,300,239,0,0,0
2026-09-20T09:51:17.865Z,0x0513,0x0104,-13,2,63,-136286,-136286,0,6068,608695,0,0,3,0,0,1,0,8,8,0,3,2,8,high,0x55B5,1,2,4,0,1,0,-139665,-139665,-126008,0,0,0,0,300,240,0,0,0
2026-09-20T09:51:18.867Z,0x0513,0x0104,-13,2,63,-137413,-137413,0,6078,609697,0,0,3,0,0,1,0,8,8,0,3,2,8,high,0x55B5,1,2,4,0,1,0,-136286,-136286,-126008,0,0,0,0,300,241,0,0,0
2026-09-20T09:51:19.867Z,0x0513,0x0104,-13,2,63,-131781,-131781,0,6088,610698,0,0,3,0,0,1,0,8,8,0,3,2,8,high,0x55B5,1,2,4,0,1,0,-130655,-130655,-126008,0,0,0,0,300,242,0,0,0
2026-09-20T09:51:20.869Z,0x0513,0x0104,-13,2,63,-138539,-138539,0,6097,611600,0,0,3,0,0,1,0,8,8,0,3,2,8,high,0x55B5,1,2,4,0,1,0,-138539,-138539,-126008,0,0,0,0,300,243,0,0,0
2026-09-20T09:51:21.873Z,0x0513,0x0104,-13,2,63,-146423,-146423,0,6108,612702,0,0,3,0,0,1,0,8,8,0,3,2,8,high,0x55B5,1,2,4,0,1,0,-146423,-146423,-126008,0,0,0,0,300,244,0,0,0
2026-09-20T09:51:22.859Z,0x0513,0x0104,-13,2,63,-135160,-135160,0,6117,613604,0,0,3,0,0,1,0,8,8,0,3,2,8,high,0x55B5,1,2,4,0,1,0,-136286,-136286,-126008,0,0,0,0,300,245,0,0,0
2026-09-20T09:51:23.864Z,0x0513,0x0104,-13,2,63,-139665,-139665,0,6127,614605,0,0,3,0,0,1,0,8,8,0,3,2,8,high,0x55B5,1,2,4,0,1,0,-139665,-139665,-126008,0,0,0,0,300,246,0,0,0
2026-09-20T09:51:24.867Z,0x0513,0x0104,-13,2,63,-138539,-138539,0,6137,615607,0,0,3,0,0,1,0,8,8,0,3,2,8,high,0x55B5,1,2,4,0,1,0,-137413,-137413,-126008,0,0,0,0,300,247,0,0,0
2026-09-20T09:51:25.870Z,0x0513,0x0104,-13,2,63,-131781,-131781,0,6147,616609,0,0,3,0,0,1,0,8,8,0,3,2,8,high,0x55B5,1,2,4,0,1,0,-132907,-132907,-126008,0,0,0,0,300,248,0,0,0
2026-09-20T09:51:26.857Z,0x0513,0x0104,-13,2,63,-130655,-130655,0,6157,617611,0,0,3,0,0,1,0,8,8,0,3,2,8,high,0x55B5,1,2,4,0,1,0,-128402,-128402,-126008,0,0,0,0,300,249,0,0,0
2026-09-20T09:51:27.865Z,0x0513,0x0104,-13,2,63,-132907,-132907,0,6167,618613,0,0,3,0,0,1,0,8,8,0,3,2,8,high,0x55B5,1,2,4,0,1,0,-132907,-132907,-126008,0,0,0,0,300,250,0,0,0
2026-09-20T09:51:28.866Z,0x0513,0x0104,-13,2,63,-140792,-140792,0,6177,619614,0,0,3,0,0,1,0,8,8,0,3,2,8,high,0x55B5,1,2,4,0,1,0,-141918,-141918,-126008,0,0,0,0,300,251,0,0,0
2026-09-20T09:51:29.870Z,0x0513,0x0104,-13,2,63,-130655,-130655,0,6187,620616,0,0,3,0,0,1,0,8,8,0,3,2,8,high,0x55B5,1,2,4,0,1,0,-131781,-131781,-126008,0,0,0,0,300,252,0,0,0
2026-09-20T09:51:30.857Z,0x0513,0x0104,-13,2,63,-128402,-128402,0,6197,621618,0,0,3,0,0,1,0,8,8,0,3,2,8,high,0x55B5,1,2,4,0,1,0,-129528,-129528,-126008,0,0,0,0,300,253,0,0,0
2026-09-20T09:51:31.859Z,0x0513,0x0104,-13,2,63,-132907,-132907,0,6207,622620,0,0,3,0,0,1,0,8,8,0,3,2,8,high,0x55B5,1,2,4,0,1,0,-135160,-135160,-126008,0,0,0,0,300,254,0,0,0
2026-09-20T09:51:32.858Z,0x0513,0x0104,-13,2,63,-127276,-127276,0,6217,623622,0,0,3,0,0,1,0,8,8,0,3,2,8,high,0x55B5,1,2,4,0,1,0,-125023,-125023,-126008,0,0,0,0,300,255,0,0,0
2026-09-20T09:51:33.860Z,0x0513,0x0104,-13,2,63,-131781,-131781,0,6227,624623,0,0,3,0,0,1,0,8,8,0,3,2,8,high,0x55B5,1,2,4,0,1,0,-131781,-131781,-126008,0,0,0,0,300,256,0,0,0
2026-09-20T09:51:34.865Z,0x0513,0x0104,-13,2,63,-128402,-128402,0,6237,625625,0,0,3,0,0,1,0,8,8,0,3,2,8,high,0x55B5,1,2,4,0,1,0,-127276,-127276,-126008,0,0,0,0,300,257,0,0,0
2026-09-20T09:51:35.867Z,0x0513,0x0104,-13,2,63,-127276,-127276,0,6247,626627,0,0,3,0,0,1,0,8,8,0,3,2,8,high,0x55B5,1,2,4,0,1,0,-127276,-127276,-126008,0,0,0,0,300,258,0,0,0
2026-09-20T09:51:36.868Z,0x0513,0x0104,-13,2,63,-131781,-131781,0,6257,627629,0,0,3,0,0,1,0,8,8,0,3,2,8,high,0x55B5,1,2,4,0,1,0,-131781,-131781,-126008,0,0,0,0,300,259,0,0,0
2026-09-20T09:51:37.868Z,0x0513,0x0104,-13,2,63,-135160,-135160,0,6267,628630,0,0,3,0,0,1,0,8,8,0,3,2,8,high,0x55B5,1,2,4,0,1,0,-134034,-134034,-126008,0,0,0,0,300,260,0,0,0
2026-09-20T09:51:38.870Z,0x0513,0x0104,-13,2,63,-145297,-145297,0,6277,629633,0,0,3,0,0,1,0,8,8,0,3,2,8,high,0x55B5,1,2,4,0,1,0,-144171,-144171,-126008,0,0,0,0,300,261,0,0,0
2026-09-20T09:51:39.863Z,0x0513,0x0104,-13,2,63,-137413,-137413,0,6287,630675,0,0,3,0,0,1,0,8,8,0,3,2,8,high,0x55B5,1,2,4,0,1,0,-135160,-135160,-126008,0,0,0,0,300,262,0,0,0
2026-09-20T09:51:40.867Z,0x0513,0x0104,-13,2,63,-125023,-125023,0,6297,631683,0,0,3,0,0,1,0,8,8,0,3,2,8,high,0x55B5,1,2,4,0,1,0,-130655,-130655,-126008,0,0,0,0,300,263,0,0,0
2026-09-20T09:51:41.871Z,0x0513,0x0104,-13,2,63,-127276,-127276,0,6307,632686,0,0,3,0,0,1,0,8,8,0,3,2,8,high,0x55B5,1,2,4,0,1,0,-127276,-127276,-126008,0,0,0,0,300,264,0,0,0
2026-09-20T09:51:42.859Z,0x0513,0x0104,-13,2,63,-120518,-120518,0,6317,633676,0,0,3,0,0,1,0,8,8,0,3,2,8,high,0x55B5,1,2,4,0,1,0,-122770,-122770,-126008,0,0,0,0,300,265,0,0,0
2026-09-20T09:51:43.864Z,0x0513,0x0104,-13,2,63,-130655,-130655,0,6327,634679,0,0,3,0,0,1,0,8,8,0,3,2,8,high,0x55B5,1,2,4,0,1,0,-132907,-132907,-126008,0,0,0,0,300,266,0,0,0
2026-09-20T09:51:44.868Z,0x0513,0x0104,-13,2,63,-131781,-131781,0,6337,635685,0,0,3,0,0,1,0,8,8,0,3,2,8,high,0x55B5,1,2,4,0,1,0,-129528,-129528,-126008,0,0,0,0,300,267,0,0,0
2026-09-20T09:51:45.874Z,0x0513,0x0104,-13,2,63,-129528,-129528,0,6347,636689,0,0,3,0,0,1,0,8,8,0,3,2,8,high,0x55B5,1,2,4,0,1,0,-129528,-129528,-126008,0,0,0,0,300,268,0,0,0
2026-09-20T09:51:46.863Z,0x0513,0x0104,-13,2,63,-132907,-132907,0,6357,637680,0,0,3,0,0,1,0,8,8,0,3,2,8,high,0x55B5,1,2,4,0,1,0,-135160,-135160,-126008,0,0,0,0,300,269,0,0,0
2026-09-20T09:51:47.864Z,0x0513,0x0104,-13,2,63,-138539,-138539,0,6367,638684,0,0,3,0,0,1,0,8,8,0,3,2,8,high,0x55B5,1,2,4,0,1,0,-136286,-136286,-126008,0,0,0,0,300,270,0,0,0
2026-09-20T09:51:48.866Z,0x0513,0x0104,-13,2,63,-136286,-136286,0,6377,639685,0,0,3,0,0,1,0,8,8,0,3,2,8,high,0x55B5,1,2,4,0,1,0,-134034,-134034,-126008,0,0,0,0,300,271,0,0,0
2026-09-20T09:51:49.868Z,0x0513,0x0104,-13,2,63,-134034,-134034,0,6387,640688,0,0,3,0,0,1,0,8,8,0,3,2,8,high,0x55B5,1,2,4,0,1,0,-131781,-131781,-126008,0,0,0,0,300,272,0,0,0
2026-09-20T09:51:50.868Z,0x0513,0x0104,-13,2,63,-141918,-141918,0,6397,641688,0,0,3,0,0,1,0,8,8,0,3,2,8,high,0x55B5,1,2,4,0,1,0,-141918,-141918,-126008,0,0,0,0,300,273,0,0,0
2026-09-20T09:51:51.868Z,0x0513,0x0104,-13,2,63,-130655,-130655,0,6407,642688,0,0,3,0,0,1,0,8,8,0,3,2,8,high,0x55B5,1,2,4,0,1,0,-129528,-129528,-126008,0,0,0,0,300,274,0,0,0
2026-09-20T09:51:52.872Z,0x0513,0x0104,-13,2,63,-121644,-121644,0,6417,643689,0,0,3,0,0,1,0,8,8,0,3,2,8,high,0x55B5,1,2,4,0,1,0,-117139,-117139,-126008,0,0,0,0,300,275,0,0,0
2026-09-20T09:51:53.859Z,0x0513,0x0104,-13,2,63,-109254,-109254,0,6427,644677,0,0,3,0,0,1,0,8,8,0,3,2,8,high,0x55B5,1,2,4,0,1,0,-109254,-109254,-126008,0,0,0,0,300,276,0,0,0
2026-09-20T09:51:54.864Z,0x0513,0x0104,-13,2,63,-119391,-119391,0,6437,645682,0,0,3,0,0,1,0,8,8,0,3,2,8,high,0x55B5,1,2,4,0,1,0,-120518,-120518,-126008,0,0,0,0,300,277,0,0,0
2026-09-20T09:51:55.865Z,0x0513,0x0104,-13,2,63,-125023,-125023,0,6447,646686,0,0,3,0,0,1,0,8,8,0,3,2,8,high,0x55B5,1,2,4,0,1,0,-123897,-123897,-126008,0,0,0,0,300,278,0,0,0
2026-09-20T09:51:56.864Z,0x0513,0x0104,-13,2,63,-134034,-134034,0,6457,647686,0,0,3,0,0,1,0,8,8,0,3,2,8,high,0x55B5,1,2,4,0,1,0,-132907,-132907,-126008,0,0,0,0,300,279,0,0,0
2026-09-20T09:51:57.866Z,0x0513,0x0104,-13,2,63,-135160,-135160,0,6467,648685,0,0,3,0,0,1,0,8,8,0,3,2,8,high,0x55B5,1,2,4,0,1,0,-137413,-137413,-126008,0,0,0,0,300,280,0,0,0
2026-09-20T09:51:58.871Z,0x0513,0x0104,-13,2,63,-129528,-129528,0,6477,649689,0,0,3,0,0,1,0,8,8,0,3,2,8,high,0x55B5,1,2,4,0,1,0,-129528,-129528,-126008,0,0,0,0,300,281,0,0,0
2026-09-20T09:51:59.854Z,0x0513,0x0104,-13,2,63,-128402,-128402,0,6487,650678,0,0,3,0,0,1,0,8,8,0,3,2,8,high,0x55B5,1,2,4,0,1,0,-126149,-126149,-126008,0,0,0,0,300,282,0,0,0
2026-09-20T09:52:00.856Z,0x0513,0x0104,-13,2,63,-126149,-126149,0,6497,651677,0,0,3,0,0,1,0,8,8,0,3,2,8,high,0x55B5,1,2,4,0,1,0,-126149,-126149,-126008,0,0,0,0,300,283,0,0,0
2026-09-20T09:52:01.855Z,0x0513,0x0104,-13,2,63,-128402,-128402,0,6507,652678,0,0,3,0,0,1,0,8,8,0,3,2,8,high,0x55B5,1,2,4,0,1,0,-129528,-129528,-126008,0,0,0,0,300,284,0,0,0
2026-09-20T09:52:02.857Z,0x0513,0x0104,-13,2,63,-129528,-129528,0,6517,653677,0,0,3,0,0,1,0,8,8,0,3,2,8,high,0x55B5,1,2,4,0,1,0,-126149,-126149,-126008,0,0,0,0,300,285,0,0,0
2026-09-20T09:52:03.857Z,0x0513,0x0104,-13,2,63,-136286,-136286,0,6527,654679,0,0,3,0,0,1,0,8,8,0,3,2,8,high,0x55B5,1,2,4,0,1,0,-137413,-137413,-126008,0,0,0,0,300,286,0,0,0
2026-09-20T09:52:04.857Z,0x0513,0x0104,-13,2,63,-135160,-135160,0,6537,655680,0,0,3,0,0,1,0,8,8,0,3,2,8,high,0x55B5,1,2,4,0,1,0,-136286,-136286,-126008,0,0,0,0,300,287,0,0,0
2026-09-20T09:52:05.854Z,0x0513,0x0104,-13,2,63,-130655,-130655,0,6547,656679,0,0,3,0,0,1,0,8,8,0,3,2,8,high,0x55B5,1,2,4,0,1,0,-130655,-130655,-126008,0,0,0,0,300,288,0,0,0
2026-09-20T09:52:06.852Z,0x0513,0x0104,-13,2,63,-137413,-137413,0,6557,657680,0,0,3,0,0,1,0,8,8,0,3,2,8,high,0x55B5,1,2,4,0,1,0,-135160,-135160,-126008,0,0,0,0,300,289,0,0,0
2026-09-20T09:52:07.872Z,0x0513,0x0104,-13,2,63,-134034,-134034,0,6567,658692,0,0,3,0,0,1,0,8,8,0,3,2,8,high,0x55B5,1,2,4,0,1,0,-130655,-130655,-126008,0,0,0,0,300,290,0,0,0
2026-09-20T09:52:08.854Z,0x0513,0x0104,-13,2,63,-121644,-121644,0,6577,659683,0,0,3,0,0,1,0,8,8,0,3,2,8,high,0x55B5,1,2,4,0,1,0,-123897,-123897,-126008,0,0,0,0,300,291,0,0,0
2026-09-20T09:52:09.854Z,0x0513,0x0104,-13,2,63,-123897,-123897,0,6587,660685,0,0,3,0,0,1,0,8,8,0,3,2,8,high,0x55B5,1,2,4,0,1,0,-122770,-122770,-126008,0,0,0,0,300,292,0,0,0
2026-09-20T09:52:10.854Z,0x0513,0x0104,-13,2,63,-117139,-117139,0,6597,661686,0,0,3,0,0,1,0,8,8,0,3,2,8,high,0x55B5,1,2,4,0,1,0,-117139,-117139,-126008,0,0,0,0,300,293,0,0,0
2026-09-20T09:52:11.856Z,0x0513,0x0104,-13,2,63,-112633,-112633,0,6607,662688,0,0,3,0,0,1,0,8,8,0,3,2,8,high,0x55B5,1,2,4,0,1,0,-111507,-111507,-126008,0,0,0,0,300,294,0,0,0
2026-09-20T09:52:12.857Z,0x0513,0x0104,-13,2,63,-113760,-113760,0,6617,663690,0,0,3,0,0,1,0,8,8,0,3,2,8,high,0x55B5,1,2,4,0,1,0,-117139,-117139,-126008,0,0,0,0,300,295,0,0,0
2026-09-20T09:52:13.862Z,0x0513,0x0104,-13,2,63,-121644,-121644,0,6627,664691,0,0,3,0,0,1,0,8,8,0,3,2,8,high,0x55B5,1,2,4,0,1,0,-122770,-122770,-126008,0,0,0,0,300,296,0,0,0
2026-09-20T09:52:14.862Z,0x0513,0x0104,-13,2,63,-116012,-116012,0,6637,665693,0,0,3,0,0,1,0,8,8,0,3,2,8,high,0x55B5,1,2,4,0,1,0,-113760,-113760,-126008,0,0,0,0,300,297,0,0,0
2026-09-20T09:52:15.863Z,0x0513,0x0104,-13,2,63,-117139,-117139,0,6647,666695,0,0,3,0,0,1,0,8,8,0,3,2,8,high,0x55B5,1,2,4,0,1,0,-118265,-118265,-126008,0,0,0,0,300,298,0,0,0
2026-09-20T09:52:16.862Z,0x0513,0x0104,-13,2,63,-119391,-119391,0,6657,667697,0,0,3,0,0,1,0,8,8,0,3,2,8,high,0x55B5,1,2,4,0,1,0,-120518,-120518,-126008,0,0,0,0,300,299,0,0,0
2026-09-20T09:52:17.862Z,0x0513,0x0104,-13,2,63,-120518,-120518,0,6667,668698,0,0,3,0,0,1,0,8,8,0,3,2,8,high,0x55B5,1,2,4,0,1,0,-122770,-122770,-126008,0,0,0,0,300,300,0,0,0
2026-09-20T09:52:18.864Z,0x0513,0x0104,-13,2,63,-126149,-126149,0,6676,669600,0,0,3,0,0,1,0,8,8,0,3,2,8,high,0x55B5,1,2,4,0,1,0,-127276,-127276,-126008,0,0,0,0,300,301,0,0,0
2026-09-20T09:52:19.866Z,0x0513,0x0104,-13,2,63,-125023,-125023,0,6686,670602,0,0,3,0,0,1,0,8,8,0,3,2,8,high,0x55B5,1,2,4,0,1,0,-123897,-123897,-126008,0,0,0,0,300,302,0,0,0
2026-09-20T09:52:20.869Z,0x0513,0x0104,-13,2,63,-122770,-122770,0,6697,671704,0,0,3,0,0,1,0,8,8,0,3,2,8,high,0x55B5,1,2,4,0,1,0,-122770,-122770,-126008,0,0,0,0,300,303,0,0,0
2026-09-20T09:52:21.872Z,0x0513,0x0104,-13,2,63,-126149,-126149,0,6707,672705,0,0,3,0,0,1,0,8,8,0,3,2,8,high,0x55B5,1,2,4,0,1,0,-125023,-125023,-126008,0,0,0,0,300,304,0,0,0
2026-09-20T09:52:22.860Z,0x0513,0x0104,-13,2,63,-131781,-131781,0,6716,673607,0,0,3,0,0,1,0,8,8,0,3,2,8,high,0x55B5,1,2,4,0,1,0,-131781,-131781,-126008,0,0,0,0,300,305,0,0,0
2026-09-20T09:52:23.862Z,0x0513,0x0104,-13,2,63,-131781,-131781,0,6726,674609,0,0,3,0,0,1,0,8,8,0,3,2,8,high,0x55B5,1,2,4,0,1,0,-129528,-129528,-126008,0,0,0,0,300,306,0,0,0
2026-09-20T09:52:24.864Z,0x0513,0x0104,-13,2,63,-132907,-132907,0,6736,675611,0,0,3,0,0,1,0,8,8,0,3,2,8,high,0x55B5,1,2,4,0,1,0,-130655,-130655,-126008,0,0,0,0,300,307,0,0,0
2026-09-20T09:52:25.866Z,0x0513,0x0104,-13,2,63,-127276,-127276,0,6746,676613,0,0,3,0,0,1,0,8,8,0,3,2,8,high,0x55B5,1,2,4,0,1,0,-128402,-128402,-126008,0,0,0,0,300,308,0,0,0
2026-09-20T09:52:26.868Z,0x0513,0x0104,-13,2,63,-129528,-129528,0,6756,677614,0,0,3,0,0,1,0,8,8,0,3,2,8,high,0x55B5,1,2,4,0,1,0,-130655,-130655,-126008,0,0,0,0,300,309,0,0,0
2026-09-20T09:52:27.874Z,0x0513,0x0104,-13,2,63,-130655,-130655,0,6766,678616,0,0,3,0,0,1,0,8,8,0,3,2,8,high,0x55B5,1,2,4,0,1,0,-131781,-131781,-126008,0,0,0,0,300,310,0,0,0
2026-09-20T09:52:28.860Z,0x0513,0x0104,-13,2,63,-136286,-136286,0,6776,679618,0,0,3,0,0,1,0,8,8,0,3,2,8,high,0x55B5,1,2,4,0,1,0,-134034,-134034,-126008,0,0,0,0,300,311,0,0,0
2026-09-20T09:52:29.860Z,0x0513,0x0104,-13,2,63,-130655,-130655,0,6786,680620,0,0,3,0,0,1,0,8,8,0,3,2,8,high,0x55B5,1,2,4,0,1,0,-131781,-131781,-126008,0,0,0,0,300,312,0,0,0
2026-09-20T09:52:30.861Z,0x0513,0x0104,-13,2,63,-138539,-138539,0,6796,681622,0,0,3,0,0,1,0,8,8,0,3,2,8,high,0x55B5,1,2,4,0,1,0,-138539,-138539,-126008,0,0,0,0,300,313,0,0,0
2026-09-20T09:52:31.863Z,0x0513,0x0104,-13,2,63,-145297,-145297,0,6806,682624,0,0,3,0,0,1,0,8,8,0,3,2,8,high,0x55B5,1,2,4,0,1,0,-144171,-144171,-126008,0,0,0,0,300,314,0,0,0
2026-09-20T09:52:32.865Z,0x0513,0x0104,-13,2,63,-137413,-137413,0,6816,683625,0,0,3,0,0,1,0,8,8,0,3,2,8,high,0x55B5,1,2,4,0,1,0,-135160,-135160,-126008,0,0,0,0,300,315,0,0,0
2026-09-20T09:52:33.868Z,0x0513,0x0104,-13,2,63,-140792,-140792,0,6826,684627,0,0,3,0,0,1,0,8,8,0,3,2,8,high,0x55B5,1,2,4,0,1,0,-140792,-140792,-126008,0,0,0,0,300,316,0,0,0
2026-09-20T09:52:34.874Z,0x0513,0x0104,-13,2,63,-132907,-132907,0,6836,685629,0,0,3,0,0,1,0,8,8,0,3,2,8,high,0x55B5,1,2,4,0,1,0,-132907,-132907,-126008,0,0,0,0,300,317,0,0,0
2026-09-20T09:52:35.865Z,0x0513,0x0104,-13,2,63,-136286,-136286,0,6846,686631,0,0,3,0,0,1,0,8,8,0,3,2,8,high,0x55B5,1,2,4,0,1,0,-137413,-137413,-126008,0,0,0,0,300,318,0,0,0
2026-09-20T09:52:36.867Z,0x0513,0x0104,-13,2,63,-141918,-141918,0,6856,687633,0,0,3,0,0,1,0,8,8,0,3,2,8,high,0x55B5,1,2,4,0,1,0,-140792,-140792,-126008,0,0,0,0,300,319,0,0,0
2026-09-20T09:52:37.872Z,0x0513,0x0104,-13,2,63,-136286,-136286,0,6866,688634,0,0,3,0,0,1,0,8,8,0,3,2,8,high,0x55B5,1,2,4,0,1,0,-135160,-135160,-126008,0,0,0,0,300,320,0,0,0
2026-09-20T09:52:38.865Z,0x0513,0x0104,-13,2,63,-138539,-138539,0,6876,689682,0,0,3,0,0,1,0,8,8,0,3,2,8,high,0x55B5,1,2,4,0,1,0,-136286,-136286,-126008,0,0,0,0,300,321,0,0,0
2026-09-20T09:52:39.868Z,0x0513,0x0104,-13,2,63,-134034,-134034,0,6886,690638,0,0,3,0,0,1,0,8,8,0,3,2,8,high,0x55B5,1,2,4,0,1,0,-132907,-132907,-126008,0,0,0,0,300,322,0,0,0
2026-09-20T09:52:40.874Z,0x0513,0x0104,-13,2,63,-126149,-126149,0,6896,691640,0,0,3,0,0,1,0,8,8,0,3,2,8,high,0x55B5,1,2,4,0,1,0,-125023,-125023,-126008,0,0,0,0,300,323,0,0,0
2026-09-20T09:52:41.865Z,0x0513,0x0104,-13,2,63,-122770,-122770,0,6906,692684,0,0,3,0,0,1,0,8,8,0,3,2,8,high,0x55B5,1,2,4,0,1,0,-122770,-122770,-126008,0,0,0,0,300,323,0,0,0
2026-09-20T09:52:42.873Z,0x0513,0x0104,-13,2,63,-129528,-129528,0,6916,693691,0,0,3,0,0,1,0,8,8,0,3,2,8,high,0x55B5,1,2,4,0,1,0,-128402,-128402,-126008,0,0,0,0,300,324,0,0,0
2026-09-20T09:52:43.860Z,0x0513,0x0104,-13,2,63,-122770,-122770,0,6926,694683,0,0,3,0,0,1,0,8,8,0,3,2,8,high,0x55B5,1,2,4,0,1,0,-121644,-121644,-126008,0,0,0,0,300,325,0,0,0
2026-09-20T09:52:44.861Z,0x0513,0x0104,-13,2,63,-126149,-126149,0,6936,695685,0,0,3,0,0,1,0,8,8,0,3,2,8,high,0x55B5,1,2,4,0,1,0,-126149,-126149,-126008,0,0,0,0,300,326,0,0,0
2026-09-20T09:52:45.861Z,0x0513,0x0104,-13,2,63,-125023,-125023,0,6946,696685,0,0,3,0,0,1,0,8,8,0,3,2,8,high,0x55B5,1,2,4,0,1,0,-125023,-125023,-126008,0,0,0,0,300,327,0,0,0
2026-09-20T09:52:46.861Z,0x0513,0x0104,-13,2,63,-130655,-130655,0,6956,697686,0,0,3,0,0,1,0,8,8,0,3,2,8,high,0x55B5,1,2,4,0,1,0,-130655,-130655,-126008,0,0,0,0,300,328,0,0,0
2026-09-20T09:52:47.864Z,0x0513,0x0104,-13,2,63,-128402,-128402,0,6966,698684,0,0,3,0,0,1,0,8,8,0,3,2,8,high,0x55B5,1,2,4,0,1,0,-123897,-123897,-126008,0,0,0,0,300,329,0,0,0
2026-09-20T09:52:48.867Z,0x0513,0x0104,-13,2,63,-118265,-118265,0,6976,699690,0,0,3,0,0,1,0,8,8,0,3,2,8,high,0x55B5,1,2,4,0,1,0,-117139,-117139,-126008,0,0,0,0,300,330,0,0,0
2026-09-20T09:52:49.872Z,0x0513,0x0104,-13,2,63,-117139,-117139,0,6986,700693,0,0,3,0,0,1,0,8,8,0,3,2,8,high,0x55B5,1,2,4,0,1,0,-112633,-112633,-126008,0,0,0,0,300,331,0,0,0
2026-09-20T09:52:50.861Z,0x0513,0x0104,-13,2,63,-113760,-113760,0,6996,701683,0,0,3,0,0,1,0,8,8,0,3,2,8,high,0x55B5,1,2,4,0,1,0,-113760,-113760,-126008,0,0,0,0,300,332,0,0,0
2026-09-20T09:52:51.861Z,0x0513,0x0104,-13,2,63,-119391,-119391,0,7006,702686,0,0,3,0,0,1,0,8,8,0,3,2,8,high,0x55B5,1,2,4,0,1,0,-121644,-121644,-126008,0,0,0,0,300,333,0,0,0
2026-09-20T09:52:52.861Z,0x0513,0x0104,-13,2,63,-121644,-121644,0,7016,703687,0,0,3,0,0,1,0,8,8,0,3,2,8,high,0x55B5,1,2,4,0,1,0,-125023,-125023,-126008,0,0,0,0,300,334,0,0,0
2026-09-20T09:52:53.864Z,0x0513,0x0104,-13,2,63,-118265,-118265,0,7026,704687,0,0,3,0,0,1,0,8,8,0,3,2,8,high,0x55B5,1,2,4,0,1,0,-117139,-117139,-126008,0,0,0,0,300,335,0,0,0
2026-09-20T09:52:54.868Z,0x0513,0x0104,-13,2,63,-125023,-125023,0,7036,705689,0,0,3,0,0,1,0,8,8,0,3,2,8,high,0x55B5,1,2,4,0,1,0,-126149,-126149,-126008,0,0,0,0,300,336,0,0,0
2026-09-20T09:52:55.870Z,0x0513,0x0104,-13,2,63,-129528,-129528,0,7046,706693,0,0,3,0,0,1,0,8,8,0,3,2,8,high,0x55B5,1,2,4,0,1,0,-130655,-130655,-126008,0,0,0,0,300,337,0,0,0
2026-09-20T09:52:56.851Z,0x0513,0x0104,-13,2,63,-132907,-132907,0,7056,707680,0,0,3,0,0,1,0,8,8,0,3,2,8,high,0x55B5,1,2,4,0,1,0,-131781,-131781,-126008,0,0,0,0,300,338,0,0,0
2026-09-20T09:52:57.871Z,0x0513,0x0104,-13,2,63,-126149,-126149,0,7066,708695,0,0,3,0,0,1,0,8,8,0,3,2,8,high,0x55B5,1,2,4,0,1,0,-127276,-127276,-126008,0,0,0,0,300,339,0,0,0
2026-09-20T09:52:58.855Z,0x0513,0x0104,-13,2,63,-132907,-132907,0,7076,709682,0,0,3,0,0,1,0,8,8,0,3,2,8,high,0x55B5,1,2,4,0,1,0,-134034,-134034,-126008,0,0,0,0,300,340,0,0,0
2026-09-20T09:52:59.853Z,0x0513,0x0104,-13,2,63,-136286,-136286,0,7086,710682,0,0,3,0,0,1,0,8,8,0,3,2,8,high,0x55B5,1,2,4,0,1,0,-137413,-137413,-126008,0,0,0,0,300,341,0,0,0
2026-09-20T09:53:00.871Z,0x0513,0x0104,-13,2,63,-138539,-138539,0,7096,711696,0,0,3,0,0,1,0,8,8,0,3,2,8,high,0x55B5,1,2,4,0,1,0,-140792,-140792,-126008,0,0,0,0,300,342,0,0,0
2026-09-20T09:53:01.856Z,0x0513,0x0104,-13,2,63,-132907,-132907,0,7106,712683,0,0,3,0,0,1,0,8,8,0,3,2,8,high,0x55B5,1,2,4,0,1,0,-132907,-132907,-126008,0,0,0,0,300,343,0,0,0
2026-09-20T09:53:02.858Z,0x0513,0x0104,-13,2,63,-128402,-128402,0,7116,713682,0,0,3,0,0,1,0,8,8,0,3,2,8,high,0x55B5,1,2,4,0,1,0,-130655,-130655,-126008,0,0,0,0,300,344,0,0,0
2026-09-20T09:53:03.860Z,0x0513,0x0104,-13,2,63,-122770,-122770,0,7126,714684,0,0,3,0,0,1,0,8,8,0,3,2,8,high,0x55B5,1,2,4,0,1,0,-123897,-123897,-126008,0,0,0,0,300,345,0,0,0
2026-09-20T09:53:04.862Z,0x0513,0x0104,-13,2,63,-129528,-129528,0,7136,715687,0,0,3,0,0,1,0,8,8,0,3,2,8,high,0x55B5,1,2,4,0,1,0,-127276,-127276,-126008,0,0,0,0,300,346,0,0,0
2026-09-20T09:53:05.862Z,0x0513,0x0104,-13,2,63,-130655,-130655,0,7146,716689,0,0,3,0,0,1,0,8,8,0,3,2,8,high,0x55B5,1,2,4,0,1,0,-130655,-130655,-126008,0,0,0,0,300,347,0,0,0
2026-09-20T09:53:06.862Z,0x0513,0x0104,-13,2,63,-127276,-127276,0,7156,717688,0,0,3,0,0,1,0,8,8,0,3,2,8,high,0x55B5,1,2,4,0,1,0,-127276,-127276,-126008,0,0,0,0,300,348,0,0,0
2026-09-20T09:53:07.867Z,0x0513,0x0104,-13,2,63,-130655,-130655,0,7166,718689,0,0,3,0,0,1,0,8,8,0,3,2,8,high,0x55B5,1,2,4,0,1,0,-130655,-130655,-126008,0,0,0,0,300,349,0,0,0
2026-09-20T09:53:08.868Z,0x0513,0x0104,-13,2,63,-121644,-121644,0,7176,719693,0,0,3,0,0,1,0,8,8,0,3,2,8,high,0x55B5,1,2,4,0,1,0,-119391,-119391,-126008,0,0,0,0,300,350,0,0,0
2026-09-20T09:53:09.869Z,0x0513,0x0104,-13,2,63,-125023,-125023,0,7186,720695,0,0,3,0,0,1,0,8,8,0,3,2,8,high,0x55B5,1,2,4,0,1,0,-122770,-122770,-126008,0,0,0,0,300,351,0,0,0
2026-09-20T09:53:10.855Z,0x0513,0x0104,-13,2,63,-127276,-127276,0,7196,721694,0,0,3,0,0,1,0,8,8,0,3,2,8,high,0x55B5,1,2,4,0,1,0,-129528,-129528,-126008,0,0,0,0,300,352,0,0,0
2026-09-20T09:53:11.857Z,0x0513,0x0104,-13,2,63,-129528,-129528,0,7206,722695,0,0,3,0,0,1,0,8,8,0,3,2,8,high,0x55B5,1,2,4,0,1,0,-127276,-127276,-126008,0,0,0,0,300,353,0,0,0
2026-09-20T09:53:12.857Z,0x0513,0x0104,-13,2,63,-126149,-126149,0,7215,723597,0,0,3,0,0,1,0,8,8,0,3,2,8,high,0x55B5,1,2,4,0,1,0,-123897,-123897,-126008,0,0,0,0,300,354,0,0,0
2026-09-20T09:53:13.857Z,0x0513,0x0104,-13,2,63,-122770,-122770,0,7225,724599,0,0,3,0,0,1,0,8,8,0,3,2,8,high,0x55B5,1,2,4,0,1,0,-122770,-122770,-126008,0,0,0,0,300,355,0,0,0
2026-09-20T09:53:14.857Z,0x0513,0x0104,-13,2,63,-116012,-116012,0,7235,725600,0,0,3,0,0,1,0,8,8,0,3,2,8,high,0x55B5,1,2,4,0,1,0,-114886,-114886,-126008,0,0,0,0,300,356,0,0,0
2026-09-20T09:53:15.858Z,0x0513,0x0104,-13,2,63,-112633,-112633,0,7245,726602,0,0,3,0,0,1,0,8,8,0,3,2,8,high,0x55B5,1,2,4,0,1,0,-114886,-114886,-126008,0,0,0,0,300,357,0,0,0
2026-09-20T09:53:16.857Z,0x0513,0x0104,-13,2,63,-117139,-117139,0,7255,727604,0,0,3,0,0,1,0,8,8,0,3,2,8,high,0x55B5,1,2,4,0,1,0,-116012,-116012,-126008,0,0,0,0,300,358,0,0,0
2026-09-20T09:53:17.856Z,0x0513,0x0104,-13,2,63,-120518,-120518,0,7265,728606,0,0,3,0,0,1,0,8,8,0,3,2,8,high,0x55B5,1,2,4,0,1,0,-120518,-120518,-126008,0,0,0,0,300,359,0,0,0
2026-09-20T09:53:18.860Z,0x0513,0x0104,-13,2,63,-121644,-121644,0,7275,729607,0,0,3,0,0,1,0,8,8,0,3,2,8,high,0x55B5,1,2,4,0,1,0,-123897,-123897,-126008,0,0,0,0,300,360,0,0,0
2026-09-20T09:53:19.861Z,0x0513,0x0104,-13,2,63,-125023,-125023,0,7285,730609,0,0,3,0,0,1,0,8,8,0,3,2,8,high,0x55B5,1,2,4,0,1,0,-125023,-125023,-126008,0,0,0,0,300,361,0,0,0
2026-09-20T09:53:20.864Z,0x0513,0x0104,-13,2,63,-129528,-129528,0,7295,731611,0,0,3,0,0,1,0,8,8,0,3,2,8,high,0x55B5,1,2,4,0,1,0,-131781,-131781,-126008,0,0,0,0,300,362,0,0,0
2026-09-20T09:53:21.869Z,0x0513,0x0104,-13,2,63,-136286,-136286,0,7305,732613,0,0,3,0,0,1,0,8,8,0,3,2,8,high,0x55B5,1,2,4,0,1,0,-135160,-135160,-126008,0,0,0,0,300,363,0,0,0
2026-09-20T09:53:22.856Z,0x0513,0x0104,-13,2,63,-129528,-129528,0,7315,733614,0,0,3,0,0,1,0,8,8,0,3,2,8,high,0x55B5,1,2,4,0,1,0,-129528,-129528,-126008,0,0,0,0,300,364,0,0,0
2026-09-20T09:53:23.860Z,0x0513,0x0104,-13,2,63,-129528,-129528,0,7325,734616,0,0,3,0,0,1,0,8,8,0,3,2,8,high,0x55B5,1,2,4,0,1,0,-128402,-128402,-126008,0,0,0,0,300,365,0,0,0
2026-09-20T09:53:24.862Z,0x0513,0x0104,-13,2,63,-121644,-121644,0,7335,735618,0,0,3,0,0,1,0,8,8,0,3,2,8,high,0x55B5,1,2,4,0,1,0,-121644,-121644,-126008,0,0,0,0,300,366,0,0,0
2026-09-20T09:53:25.865Z,0x0513,0x0104,-13,2,63,-127276,-127276,0,7345,736620,0,0,3,0,0,1,0,8,8,0,3,2,8,high,0x55B5,1,2,4,0,1,0,-128402,-128402,-126008,0,0,0,0,300,367,0,0,0
2026-09-20T09:53:26.868Z,0x0513,0x0104,-13,2,63,-128402,-128402,0,7355,737621,0,0,3,0,0,1,0,8,8,0,3,2,8,high,0x55B5,1,2,4,0,1,0,-129528,-129528,-126008,0,0,0,0,300,368,0,0,0
2026-09-20T09:53:27.871Z,0x0513,0x0104,-13,2,63,-126149,-126149,0,7365,738623,0,0,3,0,0,1,0,8,8,0,3,2,8,high,0x55B5,1,2,4,0,1,0,-125023,-125023,-126008,0,0,0,0,300,369,0,0,0
2026-09-20T09:53:28.857Z,0x0513,0x0104,-13,2,63,-122770,-122770,0,7375,739625,0,0,3,0,0,1,0,8,8,0,3,2,8,high,0x55B5,1,2,4,0,1,0,-122770,-122770,-126008,0,0,0,0,300,370,0,0,0
2026-09-20T09:53:29.860Z,0x0513,0x0104,-13,2,63,-121644,-121644,0,7385,740627,0,0,3,0,0,1,0,8,8,0,3,2,8,high,0x55B5,1,2,4,0,1,0,-122770,-122770,-126008,0,0,0,0,300,371,0,0,0
2026-09-20T09:53:30.860Z,0x0513,0x0104,-13,2,63,-121644,-121644,0,7395,741629,0,0,3,0,0,1,0,8,8,0,3,2,8,high,0x55B5,1,2,4,0,1,0,-120518,-120518,-126008,0,0,0,0,300,372,0,0,0
2026-09-20T09:53:31.860Z,0x0513,0x0104,-13,2,63,-125023,-125023,0,7405,742630,0,0,3,0,0,1,0,8,8,0,3,2,8,high,0x55B5,1,2,4,0,1,0,-123897,-123897,-126008,0,0,0,0,300,373,0,0,0
2026-09-20T09:53:32.862Z,0x0513,0x0104,-13,2,63,-125023,-125023,0,7415,743633,0,0,3,0,0,1,0,8,8,0,3,2,8,high,0x55B5,1,2,4,0,1,0,-126149,-126149,-126008,0,0,0,0,300,374,0,0,0
2026-09-20T09:53:33.864Z,0x0513,0x0104,-13,2,63,-127276,-127276,0,7425,744633,0,0,3,0,0,1,0,8,8,0,3,2,8,high,0x55B5,1,2,4,0,1,0,-128402,-128402,-126008,0,0,0,0,300,375,0,0,0
2026-09-20T09:53:34.866Z,0x0513,0x0104,-13,2,63,-125023,-125023,0,7435,745635,0,0,3,0,0,1,0,8,8,0,3,2,8,high,0x55B5,1,2,4,0,1,0,-123897,-123897,-126008,0,0,0,0,300,376,0,0,0
2026-09-20T09:53:35.871Z,0x0513,0x0104,-13,2,63,-126149,-126149,0,7445,746637,0,0,3,0,0,1,0,8,8,0,3,2,8,high,0x55B5,1,2,4,0,1,0,-127276,-127276,-126008,0,0,0,0,300,377,0,0,0
2026-09-20T09:53:36.860Z,0x0513,0x0104,-13,2,63,-123897,-123897,0,7455,747684,0,0,3,0,0,1,0,8,8,0,3,2,8,high,0x55B5,1,2,4,0,1,0,-125023,-125023,-126008,0,0,0,0,300,378,0,0,0
2026-09-20T09:53:37.866Z,0x0513,0x0104,-13,2,63,-126149,-126149,0,7465,748640,0,0,3,0,0,1,0,8,8,0,3,2,8,high,0x55B5,1,2,4,0,1,0,-126149,-126149,-126008,0,0,0,0,300,379,0,0,0
2026-09-20T09:53:38.869Z,0x0513,0x0104,-13,2,63,-127276,-127276,0,7475,749642,0,0,3,0,0,1,0,8,8,0,3,2,8,high,0x55B5,1,2,4,0,1,0,-127276,-127276,-126008,0,0,0,0,300,380,0,0,0
2026-09-20T09:53:39.855Z,0x0513,0x0104,-13,2,63,-126149,-126149,0,7485,750684,0,0,3,0,0,1,0,8,8,0,3,2,8,high,0x55B5,1,2,4,0,1,0,-122770,-122770,-126008,0,0,0,0,300,381,0,0,0
2026-09-20T09:53:40.855Z,0x0513,0x0104,-13,2,63,-127276,-127276,0,7495,751684,0,0,3,0,0,1,0,8,8,0,3,2,8,high,0x55B5,1,2,4,0,1,0,-121644,-121644,-126008,0,0,0,0,300,382,0,0,0
2026-09-20T09:53:41.855Z,0x0513,0x0104,-13,2,63,-125023,-125023,0,7505,752684,0,0,3,0,0,1,0,8,8,0,3,2,8,high,0x55B5,1,2,4,0,1,0,-127276,-127276,-126008,0,0,0,0,300,383,0,0,0
2026-09-20T09:53:42.856Z,0x0513,0x0104,-13,2,63,-126149,-126149,0,7515,753685,0,0,3,0,0,1,0,8,8,0,3,2,8,high,0x55B5,1,2,4,0,1,0,-128402,-128402,-126008,0,0,0,0,300,384,0,0,0
2026-09-20T09:53:43.857Z,0x0513,0x0104,-13,2,63,-119391,-119391,0,7525,754685,0,0,3,0,0,1,0,8,8,0,3,2,8,high,0x55B5,1,2,4,0,1,0,-120518,-120518,-126008,0,0,0,0,300,385,0,0,0
2026-09-20T09:53:44.858Z,0x0513,0x0104,-13,2,63,-125023,-125023,0,7535,755687,0,0,3,0,0,1,0,8,8,0,3,2,8,high,0x55B5,1,2,4,0,1,0,-125023,-125023,-126008,0,0,0,0,300,386,0,0,0
2026-09-20T09:53:45.858Z,0x0513,0x0104,-13,2,63,-123897,-123897,0,7545,756688,0,0,3,0,0,1,0,8,8,0,3,2,8,high,0x55B5,1,2,4,0,1,0,-120518,-120518,-126008,0,0,0,0,300,387,0,0,0
2026-09-20T09:53:46.859Z,0x0513,0x0104,-13,2,63,-128402,-128402,0,7555,757688,0,0,3,0,0,1,0,8,8,0,3,2,8,high,0x55B5,1,2,4,0,1,0,-128402,-128402,-126008,0,0,0,0,300,388,0,0,0
2026-09-20T09:53:47.863Z,0x0513,0x0104,-13,2,63,-125023,-125023,0,7565,758691,0,0,3,0,0,1,0,8,8,0,3,2,8,high,0x55B5,1,2,4,0,1,0,-122770,-122770,-126008,0,0,0,0,300,389,0,0,0
2026-09-20T09:53:48.864Z,0x0513,0x0104,-13,2,63,-125023,-125023,0,7575,759693,0,0,3,0,0,1,0,8,8,0,3,2,8,high,0x55B5,1,2,4,0,1,0,-129528,-129528,-126008,0,0,0,0,300,390,0,0,0
2026-09-20T09:53:49.865Z,0x0513,0x0104,-13,2,63,-132907,-132907,0,7585,760693,0,0,3,0,0,1,0,8,8,0,3,2,8,high,0x55B5,1,2,4,0,1,0,-134034,-134034,-126008,0,0,0,0,300,391,0,0,0
2026-09-20T09:53:50.868Z,0x0513,0x0104,-13,2,63,-132907,-132907,0,7595,761696,0,0,3,0,0,1,0,8,8,0,3,2,8,high,0x55B5,1,2,4,0,1,0,-129528,-129528,-126008,0,0,0,0,300,392,0,0,0
2026-09-20T09:53:51.869Z,0x0513,0x0104,-13,2,63,-127276,-127276,0,7605,762698,0,0,3,0,0,1,0,8,8,0,3,2,8,high,0x55B5,1,2,4,0,1,0,-125023,-125023,-126008,0,0,0,0,300,393,0,0,0
2026-09-20T09:53:52.856Z,0x0513,0x0104,-13,2,63,-123897,-123897,0,7615,763685,0,0,3,0,0,1,0,8,8,0,3,2,8,high,0x55B5,1,2,4,0,1,0,-125023,-125023,-126008,0,0,0,0,300,394,0,0,0
2026-09-20T09:53:53.857Z,0x0513,0x0104,-13,2,63,-120518,-120518,0,7625,764686,0,0,3,0,0,1,0,8,8,0,3,2,8,high,0x55B5,1,2,4,0,1,0,-122770,-122770,-126008,0,0,0,0,300,395,0,0,0
2026-09-20T09:53:54.863Z,0x0513,0x0104,-13,2,63,-128402,-128402,0,7635,765688,0,0,3,0,0,1,0,8,8,0,3,2,8,high,0x55B5,1,2,4,0,1,0,-128402,-128402,-126008,0,0,0,0,300,396,0,0,0
2026-09-20T09:53:55.864Z,0x0513,0x0104,-13,2,63,-134034,-134034,0,7645,766693,0,0,3,0,0,1,0,8,8,0,3,2,8,high,0x55B5,1,2,4,0,1,0,-137413,-137413,-126008,0,0,0,0,300,397,0,0,0
2026-09-20T09:53:56.863Z,0x0513,0x0104,-13,2,63,-131781,-131781,0,7655,767695,0,0,3,0,0,1,0,8,8,0,3,2,8,high,0x55B5,1,2,4,0,1,0,-131781,-131781,-126008,0,0,0,0,300,398,0,0,0
2026-09-20T09:53:57.867Z,0x0513,0x0104,-13,2,63,-126149,-126149,0,7665,768695,0,0,3,0,0,1,0,8,8,0,3,2,8,high,0x55B5,1,2,4,0,1,0,-128402,-128402,-126008,0,0,0,0,300,399,0,0,0
2026-09-20T09:53:58.872Z,0x0513,0x0104,-13,2,63,-130655,-130655,0,7675,769697,0,0,3,0,0,1,0,8,8,0,3,2,8,high,0x55B5,1,2,4,0,1,0,-132907,-132907,-126008,0,0,0,0,300,400,0,0,0
2026-09-20T09:53:59.856Z,0x0513,0x0104,-13,2,63,-132907,-132907,0,7685,770688,0,0,3,0,0,1,0,8,8,0,3,2,8,high,0x55B5,1,2,4,0,1,0,-132907,-132907,-126008,0,0,0,0,300,401,0,0,0
2026-09-20T09:54:00.854Z,0x0513,0x0104,-13,2,63,-134034,-134034,0,7695,771686,0,0,3,0,0,1,0,8,8,0,3,2,8,high,0x55B5,1,2,4,0,1,0,-136286,-136286,-126008,0,0,0,0,300,402,0,0,0
2026-09-20T09:54:01.855Z,0x0513,0x0104,-13,2,63,-138539,-138539,0,7705,772685,0,0,3,0,0,1,0,8,8,0,3,2,8,high,0x55B5,1,2,4,0,1,0,-137413,-137413,-126008,0,0,0,0,300,403,0,0,0
2026-09-20T09:54:02.853Z,0x0513,0x0104,-13,2,63,-126149,-126149,0,7715,773685,0,0,3,0,0,1,0,8,8,0,3,2,8,high,0x55B5,1,2,4,0,1,0,-123897,-123897,-126008,0,0,0,0,300,404,0,0,0
2026-09-20T09:54:03.875Z,0x0513,0x0104,-13,2,63,-131781,-131781,0,7725,774702,0,0,3,0,0,1,0,8,8,0,3,2,8,high,0x55B5,1,2,4,0,1,0,-131781,-131781,-126008,0,0,0,0,300,405,0,0,0
2026-09-20T09:54:04.862Z,0x0513,0x0104,-13,2,63,-136286,-136286,0,7735,775692,0,0,3,0,0,1,0,8,8,0,3,2,8,high,0x55B5,1,2,4,0,1,0,-138539,-138539,-126008,0,0,0,0,300,406,0,0,0
2026-09-20T09:54:05.866Z,0x0513,0x0104,-13,2,63,-139665,-139665,0,7745,776693,0,0,3,0,0,1,0,8,8,0,3,2,8,high,0x55B5,1,2,4,0,1,0,-136286,-136286,-126008,0,0,0,0,300,407,0,0,0
2026-09-20T09:54:06.863Z,0x0513,0x0104,-13,2,63,-132907,-132907,0,7755,777697,0,0,3,0,0,1,0,8,8,0,3,2,8,high,0x55B5,1,2,4,0,1,0,-134034,-134034,-126008,0,0,0,0,300,408,0,0,0
2026-09-20T09:54:07.864Z,0x0513,0x0104,-13,2,63,-129528,-129528,0,7765,778695,0,0,3,0,0,1,0,8,8,0,3,2,8,high,0x55B5,1,2,4,0,1,0,-130655,-130655,-126008,0,0,0,0,300,409,0,0,0
2026-09-20T09:54:08.867Z,0x0513,0x0104,-13,2,63,-121644,-121644,0,7775,779695,0,0,3,0,0,1,0,8,8,0,3,2,8,high,0x55B5,1,2,4,0,1,0,-121644,-121644,-126008,0,0,0,0,300,410,0,0,0
2026-09-20T09:54:09.866Z,0x0513,0x0104,-13,2,63,-126149,-126149,0,7785,780698,0,0,3,0,0,1,0,8,8,0,3,2,8,high,0x55B5,1,2,4,0,1,0,-126149,-126149,-126008,0,0,0,0,300,411,0,0,0
2026-09-20T09:54:10.868Z,0x0513,0x0104,-13,2,63,-119391,-119391,0,7795,781698,0,0,3,0,0,1,0,8,8,0,3,2,8,high,0x55B5,1,2,4,0,1,0,-119391,-119391,-126008,0,0,0,0,300,412,0,0,0
2026-09-20T09:54:11.871Z,0x0513,0x0104,-13,2,63,-118265,-118265,0,7805,782700,0,0,3,0,0,1,0,8,8,0,3,2,8,high,0x55B5,1,2,4,0,1,0,-118265,-118265,-126008,0,0,0,0,300,413,0,0,0
2026-09-20T09:54:12.853Z,0x0513,0x0104,-13,2,63,-126149,-126149,0,7815,783698,0,0,3,0,0,1,0,8,8,0,3,2,8,high,0x55B5,1,2,4,0,1,0,-123897,-123897,-126008,0,0,0,0,300,414,0,0,0
2026-09-20T09:54:13.873Z,0x0513,0x0104,-13,2,63,-132907,-132907,0,7825,784702,0,0,3,0,0,1,0,8,8,0,3,2,8,high,0x55B5,1,2,4,0,1,0,-134034,-134034,-126008,0,0,0,0,300,415,0,0,0
2026-09-20T09:54:14.859Z,0x0513,0x0104,-13,2,63,-131781,-131781,0,7835,785702,0,0,3,0,0,1,0,8,8,0,3,2,8,high,0x55B5,1,2,4,0,1,0,-130655,-130655,-126008,0,0,0,0,300,416,0,0,0
2026-09-20T09:54:15.858Z,0x0513,0x0104,-13,2,63,-123897,-123897,0,7845,786703,0,0,3,0,0,1,0,8,8,0,3,2,8,high,0x55B5,1,2,4,0,1,0,-123897,-123897,-126008,0,0,0,0,300,417,0,0,0
2026-09-20T09:54:16.859Z,0x0513,0x0104,-13,2,63,-130655,-130655,0,7854,787605,0,0,3,0,0,1,0,8,8,0,3,2,8,high,0x55B5,1,2,4,0,1,0,-131781,-131781,-126008,0,0,0,0,300,418,0,0,0
2026-09-20T09:54:17.857Z,0x0513,0x0104,-13,2,63,-140792,-140792,0,7864,788607,0,0,3,0,0,1,0,8,8,0,3,2,8,high,0x55B5,1,2,4,0,1,0,-140792,-140792,-126008,0,0,0,0,300,419,0,0,0
2026-09-20T09:54:18.858Z,0x0513,0x0104,-13,2,63,-137413,-137413,0,7874,789608,0,0,3,0,0,1,0,8,8,0,3,2,8,high,0x55B5,1,2,4,0,1,0,-135160,-135160,-126008,0,0,0,0,300,420,0,0,0
2026-09-20T09:54:19.860Z,0x0513,0x0104,-13,2,63,-129528,-129528,0,7884,790610,0,0,3,0,0,1,0,8,8,0,3,2,8,high,0x55B5,1,2,4,0,1,0,-129528,-129528,-126008,0,0,0,0,300,421,0,0,0
2026-09-20T09:54:20.862Z,0x0513,0x0104,-13,2,63,-131781,-131781,0,7894,791613,0,0,3,0,0,1,0,8,8,0,3,2,8,high,0x55B5,1,2,4,0,1,0,-130655,-130655,-126008,0,0,0,0,300,422,0,0,0
2026-09-20T09:54:21.865Z,0x0513,0x0104,-13,2,63,-131781,-131781,0,7904,792614,0,0,3,0,0,1,0,8,8,0,3,2,8,high,0x55B5,1,2,4,0,1,0,-131781,-131781,-126008,0,0,0,0,300,423,0,0,0
2026-09-20T09:54:22.866Z,0x0513,0x0104,-13,2,63,-131781,-131781,0,7914,793616,0,0,3,0,0,1,0,8,8,0,3,2,8,high,0x55B5,1,2,4,0,1,0,-129528,-129528,-126008,0,0,0,0,300,424,0,0,0
2026-09-20T09:54:23.869Z,0x0513,0x0104,-13,2,63,-129528,-129528,0,7924,794617,0,0,3,0,0,1,0,8,8,0,3,2,8,high,0x55B5,1,2,4,0,1,0,-128402,-128402,-126008,0,0,0,0,300,425,0,0,0
2026-09-20T09:54:24.856Z,0x0513,0x0104,-13,2,63,-127276,-127276,0,7934,795619,0,0,3,0,0,1,0,8,8,0,3,2,8,high,0x55B5,1,2,4,0,1,0,-126149,-126149,-126008,0,0,0,0,300,426,0,0,0
2026-09-20T09:54:25.857Z,0x0513,0x0104,-13,2,63,-126149,-126149,0,7944,796621,0,0,3,0,0,1,0,8,8,0,3,2,8,high,0x55B5,1,2,4,0,1,0,-122770,-122770,-126008,0,0,0,0,300,427,0,0,0
2026-09-20T09:54:26.858Z,0x0513,0x0104,-13,2,63,-116012,-116012,0,7954,797623,0,0,3,0,0,1,0,8,8,0,3,2,8,high,0x55B5,1,2,4,0,1,0,-117139,-117139,-126008,0,0,0,0,300,428,0,0,0
2026-09-20T09:54:27.858Z,0x0513,0x0104,-13,2,63,-122770,-122770,0,7964,798624,0,0,3,0,0,1,0,8,8,0,3,2,8,high,0x55B5,1,2,4,0,1,0,-122770,-122770,-126008,0,0,0,0,300,429,0,0,0
2026-09-20T09:54:28.858Z,0x0513,0x0104,-13,2,63,-123897,-123897,0,7974,799626,0,0,3,0,0,1,0,8,8,0,3,2,8,high,0x55B5,1,2,4,0,1,0,-122770,-122770,-126008,0,0,0,0,300,430,0,0,0
2026-09-20T09:54:29.860Z,0x0513,0x0104,-13,2,63,-120518,-120518,0,7984,800628,0,0,3,0,0,1,0,8,8,0,3,2,8,high,0x55B5,1,2,4,0,1,0,-120518,-120518,-126008,0,0,0,0,300,431,0,0,0
2026-09-20T09:54:30.864Z,0x0513,0x0104,-13,2,63,-121644,-121644,0,7994,801630,0,0,3,0,0,1,0,8,8,0,3,2,8,high,0x55B5,1,2,4,0,1,0,-120518,-120518,-126008,0,0,0,0,300,432,0,0,0
2026-09-20T09:54:31.865Z,0x0513,0x0104,-13,2,63,-126149,-126149,0,8004,802631,0,0,3,0,0,1,0,8,8,0,3,2,8,high,0x55B5,1,2,4,0,1,0,-125023,-125023,-126008,0,0,0,0,300,433,0,0,0
2026-09-20T09:54:32.865Z,0x0513,0x0104,-13,2,63,-126149,-126149,0,8014,803633,0,0,3,0,0,1,0,8,8,0,3,2,8,high,0x55B5,1,2,4,0,1,0,-126149,-126149,-126008,0,0,0,0,300,434,0,0,0
2026-09-20T09:54:33.866Z,0x0513,0x0104,-13,2,63,-127276,-127276,0,8024,804635,0,0,3,0,0,1,0,8,8,0,3,2,8,high,0x55B5,1,2,4,0,1,0,-127276,-127276,-126008,0,0,0,0,300,435,0,0,0
2026-09-20T09:54:34.868Z,0x0513,0x0104,-13,2,63,-135160,-135160,0,8034,805636,0,0,3,0,0,1,0,8,8,0,3,2,8,high,0x55B5,1,2,4,0,1,0,-134034,-134034,-126008,0,0,0,0,300,436,0,0,0
2026-09-20T09:54:35.873Z,0x0513,0x0104,-13,2,63,-128402,-128402,0,8044,806638,0,0,3,0,0,1,0,8,8,0,3,2,8,high,0x55B5,1,2,4,0,1,0,-125023,-125023,-126008,0,0,0,0,300,437,0,0,0
2026-09-20T09:54:36.866Z,0x0513,0x0104,-13,2,63,-127276,-127276,0,8054,807640,0,0,3,0,0,1,0,8,8,0,3,2,8,high,0x55B5,1,2,4,0,1,0,-127276,-127276,-126008,0,0,0,0,300,438,0,0,0
2026-09-20T09:54:37.866Z,0x0513,0x0104,-13,2,63,-120518,-120518,0,8064,808642,0,0,3,0,0,1,0,8,8,0,3,2,8,high,0x55B5,1,2,4,0,1,0,-117139,-117139,-126008,0,0,0,0,300,439,0,0,0
2026-09-20T09:54:38.870Z,0x0513,0x0104,-13,2,63,-128402,-128402,0,8074,809643,0,0,3,0,0,1,0,8,8,0,3,2,8,high,0x55B5,1,2,4,0,1,0,-126149,-126149,-126008,0,0,0,0,300,440,0,0,0
2026-09-20T09:54:39.863Z,0x0513,0x0104,-13,2,63,-129528,-129528,0,8084,810690,0,0,3,0,0,1,0,8,8,0,3,2,8,high,0x55B5,1,2,4,0,1,0,-127276,-127276,-126008,0,0,0,0,300,441,0,0,0
2026-09-20T09:54:40.865Z,0x0513,0x0104,-13,2,63,-126149,-126149,0,8094,811647,0,0,3,0,0,1,0,8,8,0,3,2,8,high,0x55B5,1,2,4,0,1,0,-123897,-123897,-126008,0,0,0,0,300,442,0,0,0
2026-09-20T09:54:41.868Z,0x0513,0x0104,-13,2,63,-126149,-126149,0,8104,812648,0,0,3,0,0,1,0,8,8,0,3,2,8,high,0x55B5,1,2,4,0,1,0,-123897,-123897,-126008,0,0,0,0,300,443,0,0,0
2026-09-20T09:54:42.874Z,0x0513,0x0104,-13,2,63,-129528,-129528,0,8114,813650,0,0,3,0,0,1,0,8,8,0,3,2,8,high,0x55B5,1,2,4,0,1,0,-129528,-129528,-126008,0,0,0,0,300,444,0,0,0
2026-09-20T09:54:43.862Z,0x0513,0x0104,-13,2,63,-128402,-128402,0,8124,814693,0,0,3,0,0,1,0,8,8,0,3,2,8,high,0x55B5,1,2,4,0,1,0,-127276,-127276,-126008,0,0,0,0,300,445,0,0,0
2026-09-20T09:54:44.868Z,0x0513,0x0104,-13,2,63,-122770,-122770,0,8134,815697,0,0,3,0,0,1,0,8,8,0,3,2,8,high,0x55B5,1,2,4,0,1,0,-126149,-126149,-126008,0,0,0,0,300,446,0,0,0
2026-09-20T09:54:45.873Z,0x0513,0x0104,-13,2,63,-123897,-123897,0,8144,816702,0,0,3,0,0,1,0,8,8,0,3,2,8,high,0x55B5,1,2,4,0,1,0,-122770,-122770,-126008,0,0,0,0,300,447,0,0,0
2026-09-20T09:54:46.862Z,0x0513,0x0104,-13,2,63,-119391,-119391,0,8154,817694,0,0,3,0,0,1,0,8,8,0,3,2,8,high,0x55B5,1,2,4,0,1,0,-121644,-121644,-126008,0,0,0,0,300,448,0,0,0
2026-09-20T09:54:47.863Z,0x0513,0x0104,-13,2,63,-129528,-129528,0,8164,818698,0,0,3,0,0,1,0,8,8,0,3,2,8,high,0x55B5,1,2,4,0,1,0,-130655,-130655,-126008,0,0,0,0,300,449,0,0,0
2026-09-20T09:54:48.864Z,0x0513,0x0104,-13,2,63,-126149,-126149,0,8174,819698,0,0,3,0,0,1,0,8,8,0,3,2,8,high,0x55B5,1,2,4,0,1,0,-127276,-127276,-126008,0,0,0,0,300,450,0,0,0
2026-09-20T09:54:49.867Z,0x0513,0x0104,-13,2,63,-140792,-140792,0,8184,820699,0,0,3,0,0,1,0,8,8,0,3,2,8,high,0x55B5,1,2,4,0,1,0,-141918,-141918,-126008,0,0,0,0,300,451,0,0,0
2026-09-20T09:54:50.869Z,0x0513,0x0104,-13,2,63,-135160,-135160,0,8194,821702,0,0,3,0,0,1,0,8,8,0,3,2,8,high,0x55B5,1,2,4,0,1,0,-132907,-132907,-126008,0,0,0,0,300,452,0,0,0
2026-09-20T09:54:51.873Z,0x0513,0x0104,-13,2,63,-125023,-125023,0,8204,822704,0,0,3,0,0,1,0,8,8,0,3,2,8,high,0x55B5,1,2,4,0,1,0,-127276,-127276,-126008,0,0,0,0,300,453,0,0,0
2026-09-20T09:54:52.860Z,0x0513,0x0104,-13,2,63,-128402,-128402,0,8214,823692,0,0,3,0,0,1,0,8,8,0,3,2,8,high,0x55B5,1,2,4,0,1,0,-127276,-127276,-126008,0,0,0,0,300,454,0,0,0
2026-09-20T09:54:53.861Z,0x0513,0x0104,-13,2,63,-118265,-118265,0,8224,824695,0,0,3,0,0,1,0,8,8,0,3,2,8,high,0x55B5,1,2,4,0,1,0,-118265,-118265,-126008,0,0,0,0,300,455,0,0,0
2026-09-20T09:54:54.869Z,0x0513,0x0104,-13,2,63,-122770,-122770,0,8234,825697,0,0,3,0,0,1,0,8,8,0,3,2,8,high,0x55B5,1,2,4,0,1,0,-121644,-121644,-126008,0,0,0,0,300,456,0,0,0
2026-09-20T09:54:55.859Z,0x0513,0x0104,-13,2,63,-125023,-125023,0,8244,826690,0,0,3,0,0,1,0,8,8,0,3,2,8,high,0x55B5,1,2,4,0,1,0,-128402,-128402,-126008,0,0,0,0,300,457,0,0,0
2026-09-20T09:54:56.860Z,0x0513,0x0104,-13,2,63,-127276,-127276,0,8254,827695,0,0,3,0,0,1,0,8,8,0,3,2,8,high,0x55B5,1,2,4,0,1,0,-121644,-121644,-126008,0,0,0,0,300,458,0,0,0
2026-09-20T09:54:57.860Z,0x0513,0x0104,-13,2,63,-122770,-122770,0,8264,828695,0,0,3,0,0,1,0,8,8,0,3,2,8,high,0x55B5,1,2,4,0,1,0,-126149,-126149,-126008,0,0,0,0,300,459,0,0,0
2026-09-20T09:54:58.861Z,0x0513,0x0104,-13,2,63,-128402,-128402,0,8274,829697,0,0,3,0,0,1,0,8,8,0,3,2,8,high,0x55B5,1,2,4,0,1,0,-128402,-128402,-126008,0,0,0,0,300,460,0,0,0
2026-09-20T09:54:59.864Z,0x0513,0x0104,-13,2,63,-126149,-126149,0,8284,830696,0,0,3,0,0,1,0,8,8,0,3,2,8,high,0x55B5,1,2,4,0,1,0,-127276,-127276,-126008,0,0,0,0,300,461,0,0,0
2026-09-20T09:55:00.866Z,0x0513,0x0104,-13,2,63,-123897,-123897,0,8294,831700,0,0,3,0,0,1,0,8,8,0,3,2,8,high,0x55B5,1,2,4,0,1,0,-125023,-125023,-126008,0,0,0,0,300,462,0,0,0
2026-09-20T09:55:01.871Z,0x0513,0x0104,-13,2,63,-126149,-126149,0,8304,832704,0,0,3,0,0,1,0,8,8,0,3,2,8,high,0x55B5,1,2,4,0,1,0,-126149,-126149,-126008,0,0,0,0,300,463,0,0,0
2026-09-20T09:55:02.859Z,0x0513,0x0104,-13,2,63,-127276,-127276,0,8314,833692,0,0,3,0,0,1,0,8,8,0,3,2,8,high,0x55B5,1,2,4,0,1,0,-127276,-127276,-126008,0,0,0,0,300,464,0,0,0
2026-09-20T09:55:03.860Z,0x0513,0x0104,-13,2,63,-132907,-132907,0,8324,834695,0,0,3,0,0,1,0,8,8,0,3,2,8,high,0x55B5,1,2,4,0,1,0,-130655,-130655,-126008,0,0,0,0,300,465,0,0,0
2026-09-20T09:55:04.860Z,0x0513,0x0104,-13,2,63,-120518,-120518,0,8334,835697,0,0,3,0,0,1,0,8,8,0,3,2,8,high,0x55B5,1,2,4,0,1,0,-119391,-119391,-126008,0,0,0,0,300,466,0,0,0
2026-09-20T09:55:05.862Z,0x0513,0x0104,-13,2,63,-121644,-121644,0,8344,836697,0,0,3,0,0,1,0,8,8,0,3,2,8,high,0x55B5,1,2,4,0,1,0,-121644,-121644,-126008,0,0,0,0,300,467,0,0,0
2026-09-20T09:55:06.860Z,0x0513,0x0104,-13,2,63,-119391,-119391,0,8354,837699,0,0,3,0,0,1,0,8,8,0,3,2,8,high,0x55B5,1,2,4,0,1,0,-116012,-116012,-126008,0,0,0,0,300,468,0,0,0
2026-09-20T09:55:07.861Z,0x0513,0x0104,-13,2,63,-116012,-116012,0,8364,838696,0,0,3,0,0,1,0,8,8,0,3,2,8,high,0x55B5,1,2,4,0,1,0,-120518,-120518,-126008,0,0,0,0,300,469,0,0,0
2026-09-20T09:55:08.862Z,0x0513,0x0104,-13,2,63,-123897,-123897,0,8374,839697,0,0,3,0,0,1,0,8,8,0,3,2,8,high,0x55B5,1,2,4,0,1,0,-121644,-121644,-126008,0,0,0,0,300,470,0,0,0
2026-09-20T09:55:09.866Z,0x0513,0x0104,-13,2,63,-120518,-120518,0,8384,840698,0,0,3,0,0,1,0,8,8,0,3,2,8,high,0x55B5,1,2,4,0,1,0,-121644,-121644,-126008,0,0,0,0,300,471,0,0,0
2026-09-20T09:55:10.868Z,0x0513,0x0104,-13,2,63,-120518,-120518,0,8394,841703,0,0,3,0,0,1,0,8,8,0,3,2,8,high,0x55B5,1,2,4,0,1,0,-121644,-121644,-126008,0,0,0,0,300,472,0,0,0
2026-09-20T09:55:11.869Z,0x0513,0x0104,-13,2,63,-126149,-126149,0,8404,842705,0,0,3,0,0,1,0,8,8,0,3,2,8,high,0x55B5,1,2,4,0,1,0,-126149,-126149,-126008,0,0,0,0,300,473,0,0,0
2026-09-20T09:55:12.855Z,0x0513,0x0104,-13,2,63,-127276,-127276,0,8414,843702,0,0,3,0,0,1,0,8,8,0,3,2,8,high,0x55B5,1,2,4,0,1,0,-127276,-127276,-126008,0,0,0,0,300,474,0,0,0
2026-09-20T09:55:13.855Z,0x0513,0x0104,-13,2,63,-135160,-135160,0,8424,844704,0,0,3,0,0,1,0,8,8,0,3,2,8,high,0x55B5,1,2,4,0,1,0,-131781,-131781,-126008,0,0,0,0,300,475,0,0,0
2026-09-20T09:55:14.857Z,0x0513,0x0104,-13,2,63,-132907,-132907,0,8433,845606,0,0,3,0,0,1,0,8,8,0,3,2,8,high,0x55B5,1,2,4,0,1,0,-131781,-131781,-126008,0,0,0,0,300,476,0,0,0
2026-09-20T09:55:15.861Z,0x0513,0x0104,-13,2,63,-128402,-128402,0,8443,846607,0,0,3,0,0,1,0,8,8,0,3,2,8,high,0x55B5,1,2,4,0,1,0,-128402,-128402,-126008,0,0,0,0,300,477,0,0,0
2026-09-20T09:55:16.861Z,0x0513,0x0104,-13,2,63,-134034,-134034,0,8454,847710,0,0,3,0,0,1,0,8,8,0,3,2,8,high,0x55B5,1,2,4,0,1,0,-134034,-134034,-126008,0,0,0,0,300,478,0,0,0
2026-09-20T09:55:17.861Z,0x0513,0x0104,-13,2,63,-134034,-134034,0,8464,848711,0,0,3,0,0,1,0,8,8,0,3,2,8,high,0x55B5,1,2,4,0,1,0,-134034,-134034,-126008,0,0,0,0,300,479,0,0,0
2026-09-20T09:55:18.862Z,0x0513,0x0104,-13,2,63,-128402,-128402,0,8473,849613,0,0,3,0,0,1,0,8,8,0,3,2,8,high,0x55B5,1,2,4,0,1,0,-127276,-127276,-126008,0,0,0,0,300,480,0,0,0
2026-09-20T09:55:19.865Z,0x0513,0x0104,-13,2,63,-129528,-129528,0,8483,850615,0,0,3,0,0,1,0,8,8,0,3,2,8,high,0x55B5,1,2,4,0,1,0,-128402,-128402,-126008,0,0,0,0,300,481,0,0,0
2026-09-20T09:55:20.868Z,0x0513,0x0104,-13,2,63,-118265,-118265,0,8493,851617,0,0,3,0,0,1,0,8,8,0,3,2,8,high,0x55B5,1,2,4,0,1,0,-118265,-118265,-126008,0,0,0,0,300,482,0,0,0
2026-09-20T09:55:21.872Z,0x0513,0x0104,-13,2,63,-113760,-113760,0,8503,852619,0,0,3,0,0,1,0,8,8,0,3,2,8,high,0x55B5,1,2,4,0,1,0,-112633,-112633,-126008,0,0,0,0,300,483,0,0,0
2026-09-20T09:55:22.861Z,0x0513,0x0104,-13,2,63,-120518,-120518,0,8513,853620,0,0,3,0,0,1,0,8,8,0,3,2,8,high,0x55B5,1,2,4,0,1,0,-120518,-120518,-126008,0,0,0,0,300,484,0,0,0
2026-09-20T09:55:23.865Z,0x0513,0x0104,-13,2,63,-116012,-116012,0,8523,854622,0,0,3,0,0,1,0,8,8,0,3,2,8,high,0x55B5,1,2,4,0,1,0,-114886,-114886,-126008,0,0,0,0,300,485,0,0,0
2026-09-20T09:55:24.868Z,0x0513,0x0104,-13,2,63,-118265,-118265,0,8533,855624,0,0,3,0,0,1,0,8,8,0,3,2,8,high,0x55B5,1,2,4,0,1,0,-119391,-119391,-126008,0,0,0,0,300,486,0,0,0
2026-09-20T09:55:25.871Z,0x0513,0x0104,-13,2,63,-120518,-120518,0,8543,856626,0,0,3,0,0,1,0,8,8,0,3,2,8,high,0x55B5,1,2,4,0,1,0,-119391,-119391,-126008,0,0,0,0,300,487,0,0,0
2026-09-20T09:55:26.859Z,0x0513,0x0104,-13,2,63,-117139,-117139,0,8553,857628,0,0,3,0,0,1,0,8,8,0,3,2,8,high,0x55B5,1,2,4,0,1,0,-118265,-118265,-126008,0,0,0,0,300,488,0,0,0
2026-09-20T09:55:27.861Z,0x0513,0x0104,-13,2,63,-118265,-118265,0,8563,858629,0,0,3,0,0,1,0,8,8,0,3,2,8,high,0x55B5,1,2,4,0,1,0,-116012,-116012,-126008,0,0,0,0,300,489,0,0,0
2026-09-20T09:55:28.861Z,0x0513,0x0104,-13,2,63,-119391,-119391,0,8573,859631,0,0,3,0,0,1,0,8,8,0,3,2,8,high,0x55B5,1,2,4,0,1,0,-119391,-119391,-126008,0,0,0,0,300,490,0,0,0
2026-09-20T09:55:29.861Z,0x0513,0x0104,-13,2,63,-120518,-120518,0,8583,860633,0,0,3,0,0,1,0,8,8,0,3,2,8,high,0x55B5,1,2,4,0,1,0,-121644,-121644,-126008,0,0,0,0,300,491,0,0,0
2026-09-20T09:55:30.864Z,0x0513,0x0104,-13,2,63,-117139,-117139,0,8593,861635,0,0,3,0,0,1,0,8,8,0,3,2,8,high,0x55B5,1,2,4,0,1,0,-117139,-117139,-126008,0,0,0,0,300,492,0,0,0
2026-09-20T09:55:31.867Z,0x0513,0x0104,-13,2,63,-117139,-117139,0,8603,862637,0,0,3,0,0,1,0,8,8,0,3,2,8,high,0x55B5,1,2,4,0,1,0,-117139,-117139,-126008,0,0,0,0,300,493,0,0,0
2026-09-20T09:55:32.869Z,0x0513,0x0104,-13,2,63,-118265,-118265,0,8613,863638,0,0,3,0,0,1,0,8,8,0,3,2,8,high,0x55B5,1,2,4,0,1,0,-117139,-117139,-126008,0,0,0,0,300,494,0,0,0
2026-09-20T09:55:33.861Z,0x0513,0x0104,-13,2,63,-119391,-119391,0,8623,864640,0,0,3,0,0,1,0,8,8,0,3,2,8,high,0x55B5,1,2,4,0,1,0,-119391,-119391,-126008,0,0,0,0,300,495,0,0,0
2026-09-20T09:55:34.862Z,0x0513,0x0104,-13,2,63,-122770,-122770,0,8633,865642,0,0,3,0,0,1,0,8,8,0,3,2,8,high,0x55B5,1,2,4,0,1,0,-123897,-123897,-126008,0,0,0,0,300,496,0,0,0
2026-09-20T09:55:35.864Z,0x0513,0x0104,-13,2,63,-122770,-122770,0,8643,866644,0,0,3,0,0,1,0,8,8,0,3,2,8,high,0x55B5,1,2,4,0,1,0,-122770,-122770,-126008,0,0,0,0,300,497,0,0,0
2026-09-20T09:55:36.865Z,0x0513,0x0104,-13,2,63,-123897,-123897,0,8653,867645,0,0,3,0,0,1,0,8,8,0,3,2,8,high,0x55B5,1,2,4,0,1,0,-125023,-125023,-126008,0,0,0,0,300,498,0,0,0
2026-09-20T09:55:37.866Z,0x0513,0x0104,-13,2,63,-123897,-123897,0,8663,868647,0,0,3,0,0,1,0,8,8,0,3,2,8,high,0x55B5,1,2,4,0,1,0,-122770,-122770,-126008,0,0,0,0,300,499,0,0,0
2026-09-20T09:55:38.868Z,0x0513,0x0104,-13,2,63,-121644,-121644,0,8673,869649,0,0,3,0,0,1,0,8,8,0,3,2,8,high,0x55B5,1,2,4,0,1,0,-119391,-119391,-126008,0,0,0,0,300,500,0,0,0
2026-09-20T09:55:39.870Z,0x0513,0x0104,-13,2,63,-117139,-117139,0,8683,870650,0,0,3,0,0,1,0,8,8,0,3,2,8,high,0x55B5,1,2,4,0,1,0,-118265,-118265,-126008,0,0,0,0,300,501,0,0,0
2026-09-20T09:55:40.860Z,0x0513,0x0104,-13,2,63,-125023,-125023,0,8693,871694,0,0,3,0,0,1,0,8,8,0,3,2,8,high,0x55B5,1,2,4,0,1,0,-125023,-125023,-126008,0,0,0,0,300,502,0,0,0
2026-09-20T09:55:41.865Z,0x0513,0x0104,-13,2,63,-132907,-132907,0,8703,872699,0,0,3,0,0,1,0,8,8,0,3,2,8,high,0x55B5,1,2,4,0,1,0,-134034,-134034,-126008,0,0,0,0,300,503,0,0,0
2026-09-20T09:55:42.870Z,0x0513,0x0104,-13,2,63,-126149,-126149,0,8713,873704,0,0,3,0,0,1,0,8,8,0,3,2,8,high,0x55B5,1,2,4,0,1,0,-121644,-121644,-126008,0,0,0,0,300,504,0,0,0
2026-09-20T09:55:43.858Z,0x0513,0x0104,-13,2,63,-131781,-131781,0,8723,874695,0,0,3,0,0,1,0,8,8,0,3,2,8,high,0x55B5,1,2,4,0,1,0,-134034,-134034,-126008,0,0,0,0,300,505,0,0,0
2026-09-20T09:55:44.860Z,0x0513,0x0104,-13,2,63,-139665,-139665,0,8733,875697,0,0,3,0,0,1,0,8,8,0,3,2,8,high,0x55B5,1,2,4,0,1,0,-139665,-139665,-126008,0,0,0,0,300,506,0,0,0
2026-09-20T09:55:45.863Z,0x0513,0x0104,-13,2,63,-143044,-143044,0,8743,876699,0,0,3,0,0,1,0,8,8,0,3,2,8,high,0x55B5,1,2,4,0,1,0,-140792,-140792,-126008,0,0,0,0,300,507,0,0,0
2026-09-20T09:55:46.866Z,0x0513,0x0104,-13,2,63,-137413,-137413,0,8753,877702,0,0,3,0,0,1,0,8,8,0,3,2,8,high,0x55B5,1,2,4,0,1,0,-137413,-137413,-126008,0,0,0,0,300,508,0,0,0
2026-09-20T09:55:47.866Z,0x0513,0x0104,-13,2,63,-128402,-128402,0,8763,878705,0,0,3,0,0,1,0,8,8,0,3,2,8,high,0x55B5,1,2,4,0,1,0,-128402,-128402,-126008,0,0,0,0,300,509,0,0,0
2026-09-20T09:55:48.869Z,0x0513,0x0104,-13,2,63,-132907,-132907,0,8773,879705,0,0,3,0,0,1,0,8,8,0,3,2,8,high,0x55B5,1,2,4,0,1,0,-134034,-134034,-126008,0,0,0,0,300,510,0,0,0
2026-09-20T09:55:49.860Z,0x0513,0x0104,-13,2,63,-132907,-132907,0,8783,880694,0,0,3,0,0,1,0,8,8,0,3,2,8,high,0x55B5,1,2,4,0,1,0,-132907,-132907,-126008,0,0,0,0,300,511,0,0,0
2026-09-20T09:55:50.863Z,0x0513,0x0104,-13,2,63,-126149,-126149,0,8793,881700,0,0,3,0,0,1,0,8,8,0,3,2,8,high,0x55B5,1,2,4,0,1,0,-128402,-128402,-126008,0,0,0,0,300,512,0,0,0
2026-09-20T09:55:51.866Z,0x0513,0x0104,-13,2,63,-122770,-122770,0,8803,882704,0,0,3,0,0,1,0,8,8,0,3,2,8,high,0x55B5,1,2,4,0,1,0,-127276,-127276,-126008,0,0,0,0,300,513,0,0,0
2026-09-20T09:55:52.869Z,0x0513,0x0104,-13,2,63,-131781,-131781,0,8813,883707,0,0,3,0,0,1,0,8,8,0,3,2,8,high,0x55B5,1,2,4,0,1,0,-131781,-131781,-126008,0,0,0,0,300,514,0,0,0
2026-09-20T09:55:53.871Z,0x0513,0x0104,-13,2,63,-128402,-128402,0,8823,884709,0,0,3,0,0,1,0,8,8,0,3,2,8,high,0x55B5,1,2,4,0,1,0,-128402,-128402,-126008,0,0,0,0,300,515,0,0,0
2026-09-20T09:55:54.860Z,0x0513,0x0104,-13,2,63,-129528,-129528,0,8833,885696,0,0,3,0,0,1,0,8,8,0,3,2,8,high,0x55B5,1,2,4,0,1,0,-131781,-131781,-126008,0,0,0,0,300,516,0,0,0
2026-09-20T09:55:55.860Z,0x0513,0x0104,-13,2,63,-134034,-134034,0,8843,886700,0,0,3,0,0,1,0,8,8,0,3,2,8,high,0x55B5,1,2,4,0,1,0,-134034,-134034,-126008,0,0,0,0,300,517,0,0,0
2026-09-20T09:55:56.863Z,0x0513,0x0104,-13,2,63,-132907,-132907,0,8853,887701,0,0,3,0,0,1,0,8,8,0,3,2,8,high,0x55B5,1,2,4,0,1,0,-130655,-130655,-126008,0,0,0,0,300,518,0,0,0
2026-09-20T09:55:57.867Z,0x0513,0x0104,-13,2,63,-131781,-131781,0,8863,888704,0,0,3,0,0,1,0,8,8,0,3,2,8,high,0x55B5,1,2,4,0,1,0,-131781,-131781,-126008,0,0,0,0,300,519,0,0,0
2026-09-20T09:55:58.869Z,0x0513,0x0104,-13,2,63,-129528,-129528,0,8873,889708,0,0,3,0,0,1,0,8,8,0,3,2,8,high,0x55B5,1,2,4,0,1,0,-126149,-126149,-126008,0,0,0,0,300,520,0,0,0
2026-09-20T09:55:59.869Z,0x0513,0x0104,-13,2,63,-126149,-126149,0,8883,890709,0,0,3,0,0,1,0,8,8,0,3,2,8,high,0x55B5,1,2,4,0,1,0,-123897,-123897,-126008,0,0,0,0,300,521,0,0,0
2026-09-20T09:56:00.853Z,0x0513,0x0104,-13,2,63,-127276,-127276,0,8893,891695,0,0,3,0,0,1,0,8,8,0,3,2,8,high,0x55B5,1,2,4,0,1,0,-126149,-126149,-126008,0,0,0,0,300,522,0,0,0
2026-09-20T09:56:01.873Z,0x0513,0x0104,-13,2,63,-134034,-134034,0,8903,892711,0,0,3,0,0,1,0,8,8,0,3,2,8,high,0x55B5,1,2,4,0,1,0,-132907,-132907,-126008,0,0,0,0,300,523,0,0,0
2026-09-20T09:56:02.857Z,0x0513,0x0104,-13,2,63,-131781,-131781,0,8913,893698,0,0,3,0,0,1,0,8,8,0,3,2,8,high,0x55B5,1,2,4,0,1,0,-130655,-130655,-126008,0,0,0,0,300,524,0,0,0
2026-09-20T09:56:03.857Z,0x0513,0x0104,-13,2,63,-127276,-127276,0,8923,894698,0,0,3,0,0,1,0,8,8,0,3,2,8,high,0x55B5,1,2,4,0,1,0,-127276,-127276,-126008,0,0,0,0,300,525,0,0,0
2026-09-20T09:56:04.857Z,0x0513,0x0104,-13,2,63,-131781,-131781,0,8933,895699,0,0,3,0,0,1,0,8,8,0,3,2,8,high,0x55B5,1,2,4,0,1,0,-129528,-129528,-126008,0,0,0,0,300,526,0,0,0
2026-09-20T09:56:05.858Z,0x0513,0x0104,-13,2,63,-127276,-127276,0,8943,896698,0,0,3,0,0,1,0,8,8,0,3,2,8,high,0x55B5,1,2,4,0,1,0,-122770,-122770,-126008,0,0,0,0,300,527,0,0,0
2026-09-20T09:56:06.861Z,0x0513,0x0104,-13,2,63,-123897,-123897,0,8953,897699,0,0,3,0,0,1,0,8,8,0,3,2,8,high,0x55B5,1,2,4,0,1,0,-126149,-126149,-126008,0,0,0,0,300,528,0,0,0
2026-09-20T09:56:07.861Z,0x0513,0x0104,-13,2,63,-135160,-135160,0,8963,898703,0,0,3,0,0,1,0,8,8,0,3,2,8,high,0x55B5,1,2,4,0,1,0,-136286,-136286,-126008,0,0,0,0,300,529,0,0,0
2026-09-20T09:56:08.863Z,0x0513,0x0104,-13,2,63,-135160,-135160,0,8973,899702,0,0,3,0,0,1,0,8,8,0,3,2,8,high,0x55B5,1,2,4,0,1,0,-132907,-132907,-126008,0,0,0,0,300,530,0,0,0
2026-09-20T09:56:09.864Z,0x0513,0x0104,-13,2,63,-137413,-137413,0,8983,900704,0,0,3,0,0,1,0,8,8,0,3,2,8,high,0x55B5,1,2,4,0,1,0,-137413,-137413,-126008,0,0,0,0,300,531,0,0,0
2026-09-20T09:56:10.864Z,0x0513,0x0104,-13,2,63,-135160,-135160,0,8993,901706,0,0,3,0,0,1,0,8,8,0,3,2,8,high,0x55B5,1,2,4,0,1,0,-138539,-138539,-126008,0,0,0,0,300,532,0,0,0
2026-09-20T09:56:11.868Z,0x0513,0x0104,-13,2,63,-143044,-143044,0,9003,902705,0,0,3,0,0,1,0,8,8,0,3,2,8,high,0x55B5,1,2,4,0,1,0,-145297,-145297,-126008,0,0,0,0,300,533,0,0,0
2026-09-20T09:56:12.869Z,0x0513,0x0104,-13,2,63,-136286,-136286,0,9013,903709,0,0,3,0,0,1,0,8,8,0,3,2,8,high,0x55B5,1,2,4,0,1,0,-135160,-135160,-126008,0,0,0,0,300,534,0,0,0
2026-09-20T09:56:13.856Z,0x0513,0x0104,-13,2,63,-137413,-137413,0,9023,904708,0,0,3,0,0,1,0,8,8,0,3,2,8,high,0x55B5,1,2,4,0,1,0,-135160,-135160,-126008,0,0,0,0,300,535,0,0,0
2026-09-20T09:56:14.856Z,0x0513,0x0104,-13,2,63,-125023,-125023,0,9033,905710,0,0,3,0,0,1,0,8,8,0,3,2,8,high,0x55B5,1,2,4,0,1,0,-123897,-123897,-126008,0,0,0,0,300,536,0,0,0
2026-09-20T09:56:15.856Z,0x0513,0x0104,-13,2,63,-123897,-123897,0,9043,906712,0,0,3,0,0,1,0,8,8,0,3,2,8,high,0x55B5,1,2,4,0,1,0,-122770,-122770,-126008,0,0,0,0,300,537,0,0,0
2026-09-20T09:56:16.861Z,0x0513,0x0104,-13,2,63,-122770,-122770,0,9053,907713,0,0,3,0,0,1,0,8,8,0,3,2,8,high,0x55B5,1,2,4,0,1,0,-125023,-125023,-126008,0,0,0,0,300,538,0,0,0
2026-09-20T09:56:17.863Z,0x0513,0x0104,-13,2,63,-129528,-129528,0,9063,908715,0,0,3,0,0,1,0,8,8,0,3,2,8,high,0x55B5,1,2,4,0,1,0,-129528,-129528,-126008,0,0,0,0,300,539,0,0,0
2026-09-20T09:56:18.867Z,0x0513,0x0104,-13,2,63,-126149,-126149,0,9073,909717,0,0,3,0,0,1,0,8,8,0,3,2,8,high,0x55B5,1,2,4,0,1,0,-125023,-125023,-126008,0,0,0,0,300,540,0,0,0
2026-09-20T09:56:19.868Z,0x0513,0x0104,-13,2,63,-126149,-126149,0,9083,910719,0,0,3,0,0,1,0,8,8,0,3,2,8,high,0x55B5,1,2,4,0,1,0,-126149,-126149,-126008,0,0,0,0,300,541,0,0,0
2026-09-20T09:56:20.868Z,0x0513,0x0104,-13,2,63,-126149,-126149,0,9093,911721,0,0,3,0,0,1,0,8,8,0,3,2,8,high,0x55B5,1,2,4,0,1,0,-125023,-125023,-126008,0,0,0,0,300,542,0,0,0
2026-09-20T09:56:21.867Z,0x0513,0x0104,-13,2,63,-122770,-122770,0,9103,912722,0,0,3,0,0,1,0,8,8,0,3,2,8,high,0x55B5,1,2,4,0,1,0,-121644,-121644,-126008,0,0,0,0,300,543,0,0,0
2026-09-20T09:56:22.867Z,0x0513,0x0104,-13,2,63,-122770,-122770,0,9112,913624,0,0,3,0,0,1,0,8,8,0,3,2,8,high,0x55B5,1,2,4,0,1,0,-123897,-123897,-126008,0,0,0,0,300,544,0,0,0
2026-09-20T09:56:23.869Z,0x0513,0x0104,-13,2,63,-127276,-127276,0,9122,914626,0,0,3,0,0,1,0,8,8,0,3,2,8,high,0x55B5,1,2,4,0,1,0,-126149,-126149,-126008,0,0,0,0,300,545,0,0,0
2026-09-20T09:56:24.856Z,0x0513,0x0104,-13,2,63,-129528,-129528,0,9132,915627,0,0,3,0,0,1,0,8,8,0,3,2,8,high,0x55B5,1,2,4,0,1,0,-130655,-130655,-126008,0,0,0,0,300,546,0,0,0
2026-09-20T09:56:25.856Z,0x0513,0x0104,-13,2,63,-129528,-129528,0,9142,916629,0,0,3,0,0,1,0,8,8,0,3,2,8,high,0x55B5,1,2,4,0,1,0,-127276,-127276,-126008,0,0,0,0,300,547,0,0,0
2026-09-20T09:56:26.857Z,0x0513,0x0104,-13,2,63,-128402,-128402,0,9152,917631,0,0,3,0,0,1,0,8,8,0,3,2,8,high,0x55B5,1,2,4,0,1,0,-129528,-129528,-126008,0,0,0,0,300,548,0,0,0
2026-09-20T09:56:27.860Z,0x0513,0x0104,-13,2,63,-132907,-132907,0,9162,918633,0,0,3,0,0,1,0,8,8,0,3,2,8,high,0x55B5,1,2,4,0,1,0,-131781,-131781,-126008,0,0,0,0,300,549,0,0,0
2026-09-20T09:56:28.865Z,0x0513,0x0104,-13,2,63,-127276,-127276,0,9172,919635,0,0,3,0,0,1,0,8,8,0,3,2,8,high,0x55B5,1,2,4,0,1,0,-127276,-127276,-126008,0,0,0,0,300,550,0,0,0
2026-09-20T09:56:29.866Z,0x0513,0x0104,-13,2,63,-137413,-137413,0,9182,920636,0,0,3,0,0,1,0,8,8,0,3,2,8,high,0x55B5,1,2,4,0,1,0,-137413,-137413,-126008,0,0,0,0,300,551,0,0,0
2026-09-20T09:56:30.869Z,0x0513,0x0104,-13,2,63,-132907,-132907,0,9192,921638,0,0,3,0,0,1,0,8,8,0,3,2,8,high,0x55B5,1,2,4,0,1,0,-131781,-131781,-126008,0,0,0,0,300,552,0,0,0
2026-09-20T09:56:31.872Z,0x0513,0x0104,-13,2,63,-123897,-123897,0,9202,922640,0,0,3,0,0,1,0,8,8,0,3,2,8,high,0x55B5,1,2,4,0,1,0,-126149,-126149,-126008,0,0,0,0,300,553,0,0,0
2026-09-20T09:56:32.861Z,0x0513,0x0104,-13,2,63,-121644,-121644,0,9212,923642,0,0,3,0,0,1,0,8,8,0,3,2,8,high,0x55B5,1,2,4,0,1,0,-120518,-120518,-126008,0,0,0,0,300,554,0,0,0
2026-09-20T09:56:33.862Z,0x0513,0x0104,-13,2,63,-129528,-129528,0,9222,924643,0,0,3,0,0,1,0,8,8,0,3,2,8,high,0x55B5,1,2,4,0,1,0,-126149,-126149,-126008,0,0,0,0,300,555,0,0,0
2026-09-20T09:56:34.866Z,0x0513,0x0104,-13,2,63,-117139,-117139,0,9232,925645,0,0,3,0,0,1,0,8,8,0,3,2,8,high,0x55B5,1,2,4,0,1,0,-117139,-117139,-126008,0,0,0,0,300,556,0,0,0
2026-09-20T09:56:35.866Z,0x0513,0x0104,-13,2,63,-114886,-114886,0,9242,926647,0,0,3,0,0,1,0,8,8,0,3,2,8,high,0x55B5,1,2,4,0,1,0,-114886,-114886,-126008,0,0,0,0,300,557,0,0,0
2026-09-20T09:56:36.867Z,0x0513,0x0104,-13,2,63,-125023,-125023,0,9252,927648,0,0,3,0,0,1,0,8,8,0,3,2,8,high,0x55B5,1,2,4,0,1,0,-127276,-127276,-126008,0,0,0,0,300,558,0,0,0
2026-09-20T09:56:37.875Z,0x0513,0x0104,-13,2,63,-129528,-129528,0,9262,928650,0,0,3,0,0,1,0,8,8,0,3,2,8,high,0x55B5,1,2,4,0,1,0,-128402,-128402,-126008,0,0,0,0,300,559,0,0,0
2026-09-20T09:56:38.867Z,0x0513,0x0104,-13,2,63,-136286,-136286,0,9272,929652,0,0,3,0,0,1,0,8,8,0,3,2,8,high,0x55B5,1,2,4,0,1,0,-136286,-136286,-126008,0,0,0,0,300,560,0,0,0
2026-09-20T09:56:39.868Z,0x0513,0x0104,-13,2,63,-131781,-131781,0,9282,930653,0,0,3,0,0,1,0,8,8,0,3,2,8,high,0x55B5,1,2,4,0,1,0,-131781,-131781,-126008,0,0,0,0,300,561,0,0,0
2026-09-20T09:56:40.874Z,0x0513,0x0104,-13,2,63,-131781,-131781,0,9292,931655,0,0,3,0,0,1,0,8,8,0,3,2,8,high,0x55B5,1,2,4,0,1,0,-130655,-130655,-126008,0,0,0,0,300,562,0,0,0
2026-09-20T09:56:41.866Z,0x0513,0x0104,-13,2,63,-136286,-136286,0,9302,932703,0,0,3,0,0,1,0,8,8,0,3,2,8,high,0x55B5,1,2,4,0,1,0,-136286,-136286,-126008,0,0,0,0,300,563,0,0,0
2026-09-20T09:56:42.869Z,0x0513,0x0104,-13,2,63,-130655,-130655,0,9312,933658,0,0,3,0,0,1,0,8,8,0,3,2,8,high,0x55B5,1,2,4,0,1,0,-129528,-129528,-126008,0,0,0,0,300,564,0,0,0
2026-09-20T09:56:43.857Z,0x0513,0x0104,-13,2,63,-131781,-131781,0,9322,934699,0,0,3,0,0,1,0,8,8,0,3,2,8,high,0x55B5,1,2,4,0,1,0,-129528,-129528,-126008,0,0,0,0,300,565,0,0,0
2026-09-20T09:56:44.860Z,0x0513,0x0104,-13,2,63,-126149,-126149,0,9332,935701,0,0,3,0,0,1,0,8,8,0,3,2,8,high,0x55B5,1,2,4,0,1,0,-127276,-127276,-126008,0,0,0,0,300,566,0,0,0
2026-09-20T09:56:45.860Z,0x0513,0x0104,-13,2,63,-129528,-129528,0,9342,936704,0,0,3,0,0,1,0,8,8,0,3,2,8,high,0x55B5,1,2,4,0,1,0,-128402,-128402,-126008,0,0,0,0,300,567,0,0,0
2026-09-20T09:56:46.863Z,0x0513,0x0104,-13,2,63,-138539,-138539,0,9352,937706,0,0,3,0,0,1,0,8,8,0,3,2,8,high,0x55B5,1,2,4,0,1,0,-143044,-143044,-126008,0,0,0,0,300,568,0,0,0
2026-09-20T09:56:47.865Z,0x0513,0x0104,-13,2,63,-143044,-143044,0,9362,938708,0,0,3,0,0,1,0,8,8,0,3,2,8,high,0x55B5,1,2,4,0,1,0,-139665,-139665,-126008,0,0,0,0,300,569,0,0,0
2026-09-20T09:56:48.871Z,0x0513,0x0104,-13,2,63,-134034,-134034,0,9372,939709,0,0,3,0,0,1,0,8,8,0,3,2,8,high,0x55B5,1,2,4,0,1,0,-136286,-136286,-126008,0,0,0,0,300,570,0,0,0
2026-09-20T09:56:49.862Z,0x0513,0x0104,-13,2,63,-138539,-138539,0,9382,940702,0,0,3,0,0,1,0,8,8,0,3,2,8,high,0x55B5,1,2,4,0,1,0,-136286,-136286,-126008,0,0,0,0,300,571,0,0,0
2026-09-20T09:56:50.864Z,0x0513,0x0104,-13,2,63,-139665,-139665,0,9392,941707,0,0,3,0,0,1,0,8,8,0,3,2,8,high,0x55B5,1,2,4,0,1,0,-141918,-141918,-126008,0,0,0,0,300,572,0,0,0
2026-09-20T09:56:51.865Z,0x0513,0x0104,-13,2,63,-147550,-147550,0,9402,942708,0,0,3,0,0,1,0,8,8,0,3,2,8,high,0x55B5,1,2,4,0,1,0,-145297,-145297,-126008,0,0,0,0,300,573,0,0,0
2026-09-20T09:56:52.865Z,0x0513,0x0104,-13,2,63,-141918,-141918,0,9412,943709,0,0,3,0,0,1,0,8,8,0,3,2,8,high,0x55B5,1,2,4,0,1,0,-137413,-137413,-126008,0,0,0,0,300,574,0,0,0
2026-09-20T09:56:53.869Z,0x0513,0x0104,-13,2,63,-137413,-137413,0,9422,944710,0,0,3,0,0,1,0,8,8,0,3,2,8,high,0x55B5,1,2,4,0,1,0,-137413,-137413,-126008,0,0,0,0,300,575,0,0,0
2026-09-20T09:56:54.873Z,0x0513,0x0104,-13,2,63,-138539,-138539,0,9432,945713,0,0,3,0,0,1,0,8,8,0,3,2,8,high,0x55B5,1,2,4,0,1,0,-138539,-138539,-126008,0,0,0,0,300,576,0,0,0
2026-09-20T09:56:55.860Z,0x0513,0x0104,-13,2,63,-140792,-140792,0,9442,946704,0,0,3,0,0,1,0,8,8,0,3,2,8,high,0x55B5,1,2,4,0,1,0,-138539,-138539,-126008,0,0,0,0,300,577,0,0,0
2026-09-20T09:56:56.861Z,0x0513,0x0104,-13,2,63,-137413,-137413,0,9452,947705,0,0,3,0,0,1,0,8,8,0,3,2,8,high,0x55B5,1,2,4,0,1,0,-135160,-135160,-126008,0,0,0,0,300,578,0,0,0
2026-09-20T09:56:57.861Z,0x0513,0x0104,-13,2,63,-136286,-136286,0,9462,948707,0,0,3,0,0,1,0,8,8,0,3,2,8,high,0x55B5,1,2,4,0,1,0,-136286,-136286,-126008,0,0,0,0,300,579,0,0,0
2026-09-20T09:56:58.863Z,0x0513,0x0104,-13,2,63,-136286,-136286,0,9472,949707,0,0,3,0,0,1,0,8,8,0,3,2,8,high,0x55B5,1,2,4,0,1,0,-136286,-136286,-126008,0,0,0,0,300,580,0,0,0
2026-09-20T09:56:59.865Z,0x0513,0x0104,-13,2,63,-130655,-130655,0,9482,950708,0,0,3,0,0,1,0,8,8,0,3,2,8,high,0x55B5,1,2,4,0,1,0,-130655,-130655,-126008,0,0,0,0,300,581,0,0,0
2026-09-20T09:57:00.868Z,0x0513,0x0104,-13,2,63,-129528,-129528,0,9492,951712,0,0,3,0,0,1,0,8,8,0,3,2,8,high,0x55B5,1,2,4,0,1,0,-132907,-132907,-126008,0,0,0,0,300,582,0,0,0
2026-09-20T09:57:01.871Z,0x0513,0x0104,-13,2,63,-137413,-137413,0,9502,952713,0,0,3,0,0,1,0,8,8,0,3,2,8,high,0x55B5,1,2,4,0,1,0,-136286,-136286,-126008,0,0,0,0,300,583,0,0,0
2026-09-20T09:57:02.857Z,0x0513,0x0104,-13,2,63,-141918,-141918,0,9512,953701,0,0,3,0,0,1,0,8,8,0,3,2,8,high,0x55B5,1,2,4,0,1,0,-140792,-140792,-126008,0,0,0,0,300,584,0,0,0
2026-09-20T09:57:03.861Z,0x0513,0x0104,-13,2,63,-139665,-139665,0,9522,954703,0,0,3,0,0,1,0,8,8,0,3,2,8,high,0x55B5,1,2,4,0,1,0,-137413,-137413,-126008,0,0,0,0,300,585,0,0,0
2026-09-20T09:57:04.862Z,0x0513,0x0104,-13,2,63,-136286,-136286,0,9532,955707,0,0,3,0,0,1,0,8,8,0,3,2,8,high,0x55B5,1,2,4,0,1,0,-137413,-137413,-126008,0,0,0,0,300,586,0,0,0
2026-09-20T09:57:05.866Z,0x0513,0x0104,-13,2,63,-136286,-136286,0,9542,956709,0,0,3,0,0,1,0,8,8,0,3,2,8,high,0x55B5,1,2,4,0,1,0,-136286,-136286,-126008,0,0,0,0,300,587,0,0,0
2026-09-20T09:57:06.867Z,0x0513,0x0104,-13,2,63,-131781,-131781,0,9552,957712,0,0,3,0,0,1,0,8,8,0,3,2,8,high,0x55B5,1,2,4,0,1,0,-134034,-134034,-126008,0,0,0,0,300,588,0,0,0
2026-09-20T09:57:07.869Z,0x0513,0x0104,-13,2,63,-150929,-150929,0,9562,958713,0,0,3,0,0,1,0,8,8,0,3,2,8,high,0x55B5,1,2,4,0,1,0,-148676,-148676,-126008,0,0,0,0,300,589,0,0,0
2026-09-20T09:57:08.858Z,0x0513,0x0104,-13,2,63,-139665,-139665,0,9572,959701,0,0,3,0,0,1,0,8,8,0,3,2,8,high,0x55B5,1,2,4,0,1,0,-138539,-138539,-126008,0,0,0,0,300,590,0,0,0
2026-09-20T09:57:09.860Z,0x0513,0x0104,-13,2,63,-136286,-136286,0,9582,960704,0,0,3,0,0,1,0,8,8,0,3,2,8,high,0x55B5,1,2,4,0,1,0,-134034,-134034,-126008,0,0,0,0,300,591,0,0,0
2026-09-20T09:57:10.860Z,0x0513,0x0104,-13,2,63,-141918,-141918,0,9592,961706,0,0,3,0,0,1,0,8,8,0,3,2,8,high,0x55B5,1,2,4,0,1,0,-140792,-140792,-126008,0,0,0,0,300,592,0,0,0
2026-09-20T09:57:11.861Z,0x0513,0x0104,-13,2,63,-132907,-132907,0,9602,962706,0,0,3,0,0,1,0,8,8,0,3,2,8,high,0x55B5,1,2,4,0,1,0,-131781,-131781,-126008,0,0,0,0,300,593,0,0,0
2026-09-20T09:57:12.857Z,0x0513,0x0104,-13,2,63,-126149,-126149,0,9612,963706,0,0,3,0,0,1,0,8,8,0,3,2,8,high,0x55B5,1,2,4,0,1,0,-126149,-126149,-126008,0,0,0,0,300,594,0,0,0
2026-09-20T09:57:13.856Z,0x0513,0x0104,-13,2,63,-122770,-122770,0,9622,964707,0,0,3,0,0,1,0,8,8,0,3,2,8,high,0x55B5,1,2,4,0,1,0,-125023,-125023,-126008,0,0,0,0,300,595,0,0,0
2026-09-20T09:57:14.856Z,0x0513,0x0104,-13,2,63,-126149,-126149,0,9632,965709,0,0,3,0,0,1,0,8,8,0,3,2,8,high,0x55B5,1,2,4,0,1,0,-125023,-125023,-126008,0,0,0,0,300,596,0,0,0
2026-09-20T09:57:15.856Z,0x0513,0x0104,-13,2,63,-121644,-121644,0,9642,966711,0,0,3,0,0,1,0,8,8,0,3,2,8,high,0x55B5,1,2,4,0,1,0,-122770,-122770,-126008,0,0,0,0,300,597,0,0,0
2026-09-20T09:57:16.854Z,0x0513,0x0104,-13,2,63,-129528,-129528,0,9652,967713,0,0,3,0,0,1,0,8,8,0,3,2,8,high,0x55B5,1,2,4,0,1,0,-129528,-129528,-126008,0,0,0,0,300,598,0,0,0
2026-09-20T09:57:17.856Z,0x0513,0x0104,-13,2,63,-136286,-136286,0,9662,968714,0,0,3,0,0,1,0,8,8,0,3,2,8,high,0x55B5,1,2,4,0,1,0,-137413,-137413,-126008,0,0,0,0,300,599,0,0,0
2026-09-20T09:57:18.858Z,0x0513,0x0104,-13,2,63,-144171,-144171,0,9672,969716,0,0,3,0,0,1,0,8,8,0,3,2,8,high,0x55B5,1,2,5,0,1,0,-143044,-143044,-126008,-128542,-2534,0,0,300,600,0,1,0
2026-09-20T09:57:19.858Z,0x0513,0x0104,-13,2,63,-138539,-138539,0,9682,970717,0,0,3,0,0,1,0,8,8,0,3,2,8,high,0x55B5,1,2,5,0,1,0,-137413,-137413,-126008,-128542,-2534,0,0,300,600,0,1,0
2026-09-20T09:57:20.861Z,0x0513,0x0104,-13,2,63,-144171,-144171,0,9692,971719,0,0,3,0,0,1,0,8,8,0,3,2,8,high,0x55B5,1,2,5,0,1,0,-144171,-144171,-126008,-128542,-2534,0,0,300,600,0,1,0
2026-09-20T09:57:21.864Z,0x0513,0x0104,-13,2,63,-145297,-145297,0,9702,972721,0,0,3,0,0,1,0,8,8,0,3,2,8,high,0x55B5,1,2,5,0,1,0,-146423,-146423,-126008,-128542,-2534,0,0,300,600,0,1,0
2026-09-20T09:57:22.863Z,0x0513,0x0104,-13,2,63,-134034,-134034,0,9712,973722,0,0,3,0,0,1,0,8,8,0,3,2,8,high,0x55B5,1,2,5,0,1,0,-131781,-131781,-126008,-128542,-2534,0,0,300,600,0,1,0
2026-09-20T09:57:23.863Z,0x0513,0x0104,-13,2,63,-130655,-130655,0,9721,974624,0,0,3,0,0,1,0,8,8,0,3,2,8,high,0x55B5,1,2,5,0,1,0,-131781,-131781,-126008,-128542,-2534,0,0,300,600,0,1,0
2026-09-20T09:57:24.866Z,0x0513,0x0104,-13,2,63,-130655,-130655,0,9731,975625,0,0,3,0,0,1,0,8,8,0,3,2,8,high,0x55B5,1,2,5,0,1,0,-130655,-130655,-126008,-128542,-2534,0,0,300,600,0,1,0
2026-09-20T09:57:25.869Z,0x0513,0x0104,-13,2,63,-137413,-137413,0,9741,976627,0,0,3,0,0,1,0,8,8,0,3,2,8,high,0x55B5,1,2,5,0,1,0,-136286,-136286,-126008,-128542,-2534,0,0,300,600,0,1,0
2026-09-20T09:57:26.858Z,0x0513,0x0104,-13,2,63,-136286,-136286,0,9751,977629,0,0,3,0,0,1,0,8,8,0,3,2,8,high,0x55B5,1,2,5,0,1,0,-134034,-134034,-126008,-128542,-2534,0,0,300,600,0,1,0
2026-09-20T09:57:27.858Z,0x0513,0x0104,-13,2,63,-130655,-130655,0,9761,978630,0,0,3,0,0,1,0,8,8,0,3,2,8,high,0x55B5,1,2,5,0,1,0,-132907,-132907,-126008,-128542,-2534,0,0,300,600,0,1,0
2026-09-20T09:57:28.858Z,0x0513,0x0104,-13,2,63,-136286,-136286,0,9771,979633,0,0,3,0,0,1,0,8,8,0,3,2,8,high,0x55B5,1,2,5,0,1,0,-136286,-136286,-126008,-128542,-2534,0,0,300,600,0,1,0
2026-09-20T09:57:29.861Z,0x0513,0x0104,-13,2,63,-135160,-135160,0,9781,980634,0,0,3,0,0,1,0,8,8,0,3,2,8,high,0x55B5,1,2,5,0,1,0,-135160,-135160,-126008,-128542,-2534,0,0,300,600,0,1,0
2026-09-20T09:57:30.861Z,0x0513,0x0104,-13,2,63,-129528,-129528,0,9791,981635,0,0,3,0,0,1,0,8,8,0,3,2,8,high,0x55B5,1,2,5,0,1,0,-129528,-129528,-126008,-128542,-2534,0,0,300,600,0,1,0
2026-09-20T09:57:31.864Z,0x0513,0x0104,-13,2,63,-134034,-134034,0,9801,982637,0,0,3,0,0,1,0,8,8,0,3,2,8,high,0x55B5,1,2,5,0,1,0,-135160,-135160,-126008,-128542,-2534,0,0,300,600,0,1,0
2026-09-20T09:57:32.868Z,0x0513,0x0104,-13,2,63,-138539,-138539,0,9811,983638,0,0,3,0,0,1,0,8,8,0,3,2,8,high,0x55B5,1,2,5,0,1,0,-138539,-138539,-126008,-128542,-2534,0,0,300,600,0,1,0
2026-09-20T09:57:33.871Z,0x0513,0x0104,-13,2,63,-131781,-131781,0,9821,984640,0,0,3,0,0,1,0,8,8,0,3,2,8,high,0x55B5,1,2,5,0,1,0,-132907,-132907,-126008,-128542,-2534,0,0,300,600,0,1,0
2026-09-20T09:57:34.857Z,0x0513,0x0104,-13,2,63,-126149,-126149,0,9831,985642,0,0,3,0,0,1,0,8,8,0,3,2,8,high,0x55B5,1,2,5,0,1,0,-126149,-126149,-126008,-128542,-2534,0,0,300,600,0,1,0
2026-09-20T09:57:35.860Z,0x0513,0x0104,-13,2,63,-129528,-129528,0,9841,986643,0,0,3,0,0,1,0,8,8,0,3,2,8,high,0x55B5,1,2,5,0,1,0,-129528,-129528,-126008,-128542,-2534,0,0,300,600,0,1,0
2026-09-20T09:57:36.861Z,0x0513,0x0104,-13,2,63,-130655,-130655,0,9851,987645,0,0,3,0,0,1,0,8,8,0,3,2,8,high,0x55B5,1,2,5,0,1,0,-129528,-129528,-126008,-128542,-2534,0,0,300,600,0,1,0
2026-09-20T09:57:37.861Z,0x0513,0x0104,-13,2,63,-130655,-130655,0,9861,988646,0,0,3,0,0,1,0,8,8,0,3,2,8,high,0x55B5,1,2,5,0,1,0,-131781,-131781,-126008,-128542,-2534,0,0,300,600,0,1,0
2026-09-20T09:57:38.865Z,0x0513,0x0104,-13,2,63,-129528,-129528,0,9871,989648,0,0,3,0,0,1,0,8,8,0,3,2,8,high,0x55B5,1,2,5,0,1,0,-130655,-130655,-126008,-128542,-2534,0,0,300,600,0,1,0
2026-09-20T09:57:39.868Z,0x0513,0x0104,-13,2,63,-123897,-123897,0,9881,990650,0,0,3,0,0,1,0,8,8,0,3,2,8,high,0x55B5,1,2,5,0,1,0,-126149,-126149,-126008,-128542,-2534,0,0,300,600,0,1,0
2026-09-20T09:57:40.869Z,0x0513,0x0104,-13,2,63,-141918,-141918,0,9891,991651,0,0,3,0,0,1,0,8,8,0,3,2,8,high,0x55B5,1,2,5,0,1,0,-141918,-141918,-126008,-128542,-2534,0,0,300,600,0,1,0
2026-09-20T09:57:41.871Z,0x0513,0x0104,-13,2,63,-146423,-146423,0,9901,992653,0,0,3,0,0,1,0,8,8,0,3,2,8,high,0x55B5,1,2,5,0,1,0,-145297,-145297,-126008,-128542,-2534,0,0,300,600,0,1,0
2026-09-20T09:57:42.860Z,0x0513,0x0104,-13,2,63,-140792,-140792,0,9911,993655,0,0,3,0,0,1,0,8,8,0,3,2,8,high,0x55B5,1,2,5,0,1,0,-141918,-141918,-126008,-128542,-2534,0,0,300,600,0,1,0
2026-09-20T09:57:43.861Z,0x0513,0x0104,-13,2,63,-146423,-146423,0,9921,994656,0,0,3,0,0,1,0,8,8,0,3,2,8,high,0x55B5,1,2,5,0,1,0,-145297,-145297,-126008,-128542,-2534,0,0,300,600,0,1,0
2026-09-20T09:57:44.861Z,0x0513,0x0104,-13,2,63,-140792,-140792,0,9931,995658,0,0,3,0,0,1,0,8,8,0,3,2,8,high,0x55B5,1,2,5,0,1,0,-139665,-139665,-126008,-128542,-2534,0,0,300,600,0,1,0
2026-09-20T09:57:45.869Z,0x0513,0x0104,-13,2,63,-143044,-143044,0,9941,996660,0,0,3,0,0,1,0,8,8,0,3,2,8,high,0x55B5,1,2,5,0,1,0,-139665,-139665,-126008,-128542,-2534,0,0,300,600,0,1,0
2026-09-20T09:57:46.860Z,0x0513,0x0104,-13,2,63,-128402,-128402,0,9951,997703,0,0,3,0,0,1,0,8,8,0,3,2,8,high,0x55B5,1,2,5,0,1,0,-129528,-129528,-126008,-128542,-2534,0,0,300,600,0,1,0
2026-09-20T09:57:47.868Z,0x0513,0x0104,-13,2,63,-127276,-127276,0,9961,998709,0,0,3,0,0,1,0,8,8,0,3,2,8,high,0x55B5,1,2,5,0,1,0,-121644,-121644,-126008,-128542,-2534,0,0,300,600,0,1,0
2026-09-20T09:57:48.871Z,0x0513,0x0104,-13,2,63,-121644,-121644,0,9971,999665,0,0,3,0,0,1,0,8,8,0,3,2,8,high,0x55B5,1,2,5,0,1,0,-123897,-123897,-126008,-128542,-2534,0,0,300,600,0,1,0
2026-09-20T09:57:49.856Z,0x0513,0x0104,-13,2,63,-129528,-129528,0,9981,1000704,0,0,3,0,0,1,0,8,8,0,3,2,8,high,0x55B5,1,2,5,0,1,0,-131781,-131781,-126008,-128542,-2534,0,0,300,600,0,1,0
2026-09-20T09:57:50.858Z,0x0513,0x0104,-13,2,63,-122770,-122770,0,9991,1001705,0,0,3,0,0,1,0,8,8,0,3,2,8,high,0x55B5,1,2,5,0,1,0,-121644,-121644,-126008,-128542,-2534,0,0,300,600,0,1,0
2026-09-20T09:57:51.859Z,0x0513,0x0104,-13,2,63,-118265,-118265,0,10001,1002707,0,0,3,0,0,1,0,8,8,0,3,2,8,high,0x55B5,1,2,5,0,1,0,-118265,-118265,-126008,-128542,-2534,0,0,300,600,0,1,0
2026-09-20T09:57:52.859Z,0x0513,0x0104,-13,2,63,-130655,-130655,0,10011,1003708,0,0,3,0,0,1,0,8,8,0,3,2,8,high,0x55B5,1,2,5,0,1,0,-127276,-127276,-126008,-128542,-2534,0,0,300,600,0,1,0
2026-09-20T09:57:53.862Z,0x0513,0x0104,-13,2,63,-132907,-132907,0,10021,1004709,0,0,3,0,0,1,0,8,8,0,3,2,8,high,0x55B5,1,2,5,0,1,0,-130655,-130655,-126008,-128542,-2534,0,0,300,600,0,1,0
2026-09-20T09:57:54.863Z,0x0513,0x0104,-13,2,63,-131781,-131781,0,10031,1005711,0,0,3,0,0,1,0,8,8,0,3,2,8,high,0x55B5,1,2,5,0,1,0,-132907,-132907,-126008,-128542,-2534,0,0,300,600,0,1,0
2026-09-20T09:57:55.867Z,0x0513,0x0104,-13,2,63,-131781,-131781,0,10041,1006713,0,0,3,0,0,1,0,8,8,0,3,2,8,high,0x55B5,1,2,5,0,1,0,-131781,-131781,-126008,-128542,-2534,0,0,300,600,0,1,0
2026-09-20T09:57:56.868Z,0x0513,0x0104,-13,2,63,-123897,-123897,0,10051,1007717,0,0,3,0,0,1,0,8,8,0,3,2,8,high,0x55B5,1,2,5,0,1,0,-123897,-123897,-126008,-128542,-2534,0,0,300,600,0,1,0
2026-09-20T09:57:57.856Z,0x0513,0x0104,-13,2,63,-125023,-125023,0,10061,1008704,0,0,3,0,0,1,0,8,8,0,3,2,8,high,0x55B5,1,2,5,0,1,0,-122770,-122770,-126008,-128542,-2534,0,0,300,600,0,1,0
2026-09-20T09:57:58.857Z,0x0513,0x0104,-13,2,63,-134034,-134034,0,10071,1009706,0,0,3,0,0,1,0,8,8,0,3,2,8,high,0x55B5,1,2,5,0,1,0,-134034,-134034,-126008,-128542,-2534,0,0,300,600,0,1,0
2026-09-20T09:57:59.857Z,0x0513,0x0104,-13,2,63,-126149,-126149,0,10081,1010707,0,0,3,0,0,1,0,8,8,0,3,2,8,high,0x55B5,1,2,5,0,1,0,-126149,-126149,-126008,-128542,-2534,0,0,300,600,0,1,0
2026-09-20T09:58:00.857Z,0x0513,0x0104,-13,2,63,-127276,-127276,0,10091,1011708,0,0,3,0,0,1,0,8,8,0,3,2,8,high,0x55B5,1,2,5,0,1,0,-125023,-125023,-126008,-128542,-2534,0,0,300,600,0,1,0
2026-09-20T09:58:01.856Z,0x0513,0x0104,-13,2,63,-118265,-118265,0,10101,1012707,0,0,3,0,0,1,0,8,8,0,3,2,8,high,0x55B5,1,2,5,0,1,0,-118265,-118265,-126008,-128542,-2534,0,0,300,600,0,1,0
2026-09-20T09:58:02.858Z,0x0513,0x0104,-13,2,63,-129528,-129528,0,10111,1013708,0,0,3,0,0,1,0,8,8,0,3,2,8,high,0x55B5,1,2,5,0,1,0,-128402,-128402,-126008,-128542,-2534,0,0,300,600,0,1,0
2026-09-20T09:58:03.863Z,0x0513,0x0104,-13,2,63,-122770,-122770,0,10121,1014708,0,0,3,0,0,1,0,8,8,0,3,2,8,high,0x55B5,1,2,5,0,1,0,-125023,-125023,-126008,-128542,-2534,0,0,300,600,0,1,0
2026-09-20T09:58:04.867Z,0x0513,0x0104,-13,2,63,-130655,-130655,0,10131,1015714,0,0,3,0,0,1,0,8,8,0,3,2,8,high,0x55B5,1,2,5,0,1,0,-130655,-130655,-126008,-128542,-2534,0,0,300,600,0,1,0
2026-09-20T09:58:05.870Z,0x0513,0x0104,-13,2,63,-130655,-130655,0,10141,1016717,0,0,3,0,0,1,0,8,8,0,3,2,8,high,0x55B5,1,2,5,0,1,0,-130655,-130655,-126008,-128542,-2534,0,0,300,600,0,1,0
2026-09-20T09:58:06.856Z,0x0513,0x0104,-13,2,63,-131781,-131781,0,10151,1017706,0,0,3,0,0,1,0,8,8,0,3,2,8,high,0x55B5,1,2,5,0,1,0,-134034,-134034,-126008,-128542,-2534,0,0,300,600,0,1,0
2026-09-20T09:58:07.855Z,0x0513,0x0104,-13,2,63,-134034,-134034,0,10161,1018706,0,0,3,0,0,1,0,8,8,0,3,2,8,high,0x55B5,1,2,5,0,1,0,-134034,-134034,-126008,-128542,-2534,0,0,300,600,0,1,0
2026-09-20T09:58:08.856Z,0x0513,0x0104,-13,2,63,-138539,-138539,0,10171,1019707,0,0,3,0,0,1,0,8,8,0,3,2,8,high,0x55B5,1,2,5,0,1,0,-137413,-137413,-126008,-128542,-2534,0,0,300,600,0,1,0
2026-09-20T09:58:09.855Z,0x0513,0x0104,-13,2,63,-137413,-137413,0,10181,1020707,0,0,3,0,0,1,0,8,8,0,3,2,8,high,0x55B5,1,2,5,0,1,0,-136286,-136286,-126008,-128542,-2534,0,0,300,600,0,1,0
2026-09-20T09:58:10.855Z,0x0513,0x0104,-13,2,63,-137413,-137413,0,10191,1021706,0,0,3,0,0,1,0,8,8,0,3,2,8,high,0x55B5,1,2,5,0,1,0,-139665,-139665,-126008,-128542,-2534,0,0,300,600,0,1,0
2026-09-20T09:58:11.859Z,0x0513,0x0104,-13,2,63,-127276,-127276,0,10201,1022707,0,0,3,0,0,1,0,8,8,0,3,2,8,high,0x55B5,1,2,5,0,1,0,-125023,-125023,-126008,-128542,-2534,0,0,300,600,0,1,0
2026-09-20T09:58:12.859Z,0x0513,0x0104,-13,2,63,-131781,-131781,0,10211,1023710,0,0,3,0,0,1,0,8,8,0,3,2,8,high,0x55B5,1,2,5,0,1,0,-132907,-132907,-126008,-128542,-2534,0,0,300,600,0,1,0
2026-09-20T09:58:13.860Z,0x0513,0x0104,-13,2,63,-131781,-131781,0,10221,1024710,0,0,3,0,0,1,0,8,8,0,3,2,8,high,0x55B5,1,2,5,0,1,0,-128402,-128402,-126008,-128542,-2534,0,0,300,600,0,1,0
2026-09-20T09:58:14.863Z,0x0513,0x0104,-13,2,63,-121644,-121644,0,10231,1025712,0,0,3,0,0,1,0,8,8,0,3,2,8,high,0x55B5,1,2,5,0,1,0,-122770,-122770,-126008,-128542,-2534,0,0,300,600,0,1,0
2026-09-20T09:58:15.866Z,0x0513,0x0104,-13,2,63,-122770,-122770,0,10241,1026715,0,0,3,0,0,1,0,8,8,0,3,2,8,high,0x55B5,1,2,5,0,1,0,-121644,-121644,-126008,-128542,-2534,0,0,300,600,0,1,0
2026-09-20T09:58:16.866Z,0x0513,0x0104,-13,2,63,-119391,-119391,0,10251,1027716,0,0,3,0,0,1,0,8,8,0,3,2,8,high,0x55B5,1,2,5,0,1,0,-120518,-120518,-126008,-128542,-2534,0,0,300,600,0,1,0
2026-09-20T09:58:17.867Z,0x0513,0x0104,-13,2,63,-120518,-120518,0,10261,1028717,0,0,3,0,0,1,0,8,8,0,3,2,8,high,0x55B5,1,2,5,0,1,0,-120518,-120518,-126008,-128542,-2534,0,0,300,600,0,1,0
2026-09-20T09:58:18.870Z,0x0513,0x0104,-13,2,63,-132907,-132907,0,10271,1029719,0,0,3,0,0,1,0,8,8,0,3,2,8,high,0x55B5,1,2,5,0,1,0,-132907,-132907,-126008,-129246,-3238,0,0,300,600,0,2,0
2026-09-20T09:58:19.852Z,0x0513,0x0104,-13,2,63,-132907,-132907,0,10281,1030717,0,0,3,0,0,1,0,8,8,0,3,2,8,high,0x55B5,1,2,5,0,1,0,-132907,-132907,-126008,-129246,-3238,0,0,300,600,0,2,0
2026-09-20T09:58:20.871Z,0x0513,0x0104,-13,2,63,-134034,-134034,0,10291,1031720,0,0,3,0,0,1,0,8,8,0,3,2,8,high,0x55B5,1,2,5,0,1,0,-134034,-134034,-126008,-129246,-3238,0,0,300,600,0,2,0
2026-09-20T09:58:21.857Z,0x0513,0x0104,-13,2,63,-138539,-138539,0,10301,1032721,0,0,3,0,0,1,0,8,8,0,3,2,8,high,0x55B5,1,2,5,0,1,0,-139665,-139665,-126008,-129246,-3238,0,0,300,600,0,2,0
2026-09-20T09:58:22.859Z,0x0513,0x0104,-13,2,63,-137413,-137413,0,10311,1033722,0,0,3,0,0,1,0,8,8,0,3,2,8,high,0x55B5,1,2,5,0,1,0,-138539,-138539,-126008,-129246,-3238,0,0,300,600,0,2,0
2026-09-20T09:58:23.860Z,0x0513,0x0104,-13,2,63,-146423,-146423,0,10321,1034724,0,0,3,0,0,1,0,8,8,0,3,2,8,high,0x55B5,1,2,5,0,1,0,-148676,-148676,-126008,-129246,-3238,0,0,300,600,0,2,0
2026-09-20T09:58:24.863Z,0x0513,0x0104,-13,2,63,-137413,-137413,0,10330,1035626,0,0,3,0,0,1,0,8,8,0,3,2,8,high,0x55B5,1,2,5,0,1,0,-136286,-136286,-126008,-129246,-3238,0,0,300,600,0,2,0
2026-09-20T09:58:25.865Z,0x0513,0x0104,-13,2,63,-131781,-131781,0,10341,1036728,0,0,3,0,0,1,0,8,8,0,3,2,8,high,0x55B5,1,2,5,0,1,0,-132907,-132907,-126008,-129246,-3238,0,0,300,600,0,2,0
2026-09-20T09:58:26.865Z,0x0513,0x0104,-13,2,63,-132907,-132907,0,10351,1037729,0,0,3,0,0,1,0,8,8,0,3,2,8,high,0x55B5,1,2,5,0,1,0,-132907,-132907,-126008,-129246,-3238,0,0,300,600,0,2,0
2026-09-20T09:58:27.867Z,0x0513,0x0104,-13,2,63,-139665,-139665,0,10361,1038731,0,0,3,0,0,1,0,8,8,0,3,2,8,high,0x55B5,1,2,5,0,1,0,-140792,-140792,-126008,-129246,-3238,0,0,300,600,0,2,0
2026-09-20T09:58:28.867Z,0x0513,0x0104,-13,2,63,-132907,-132907,0,10371,1039733,0,0,3,0,0,1,0,8,8,0,3,2,8,high,0x55B5,1,2,5,0,1,0,-131781,-131781,-126008,-129246,-3238,0,0,300,600,0,2,0
2026-09-20T09:58:29.868Z,0x0513,0x0104,-13,2,63,-127276,-127276,0,10380,1040634,0,0,3,0,0,1,0,8,8,0,3,2,8,high,0x55B5,1,2,5,0,1,0,-127276,-127276,-126008,-129246,-3238,0,0,300,600,0,2,0
2026-09-20T09:58:30.872Z,0x0513,0x0104,-13,2,63,-125023,-125023,0,10390,1041636,0,0,3,0,0,1,0,8,8,0,3,2,8,high,0x55B5,1,2,5,0,1,0,-126149,-126149,-126008,-129246,-3238,0,0,300,600,0,2,0
2026-09-20T09:58:31.857Z,0x0513,0x0104,-13,2,63,-122770,-122770,0,10400,1042638,0,0,3,0,0,1,0,8,8,0,3,2,8,high,0x55B5,1,2,5,0,1,0,-121644,-121644,-126008,-129246,-3238,0,0,300,600,0,2,0
2026-09-20T09:58:32.858Z,0x0513,0x0104,-13,2,63,-127276,-127276,0,10410,1043640,0,0,3,0,0,1,0,8,8,0,3,2,8,high,0x55B5,1,2,5,0,1,0,-129528,-129528,-126008,-129246,-3238,0,0,300,600,0,2,0
2026-09-20T09:58:33.859Z,0x0513,0x0104,-13,2,63,-130655,-130655,0,10420,1044641,0,0,3,0,0,1,0,8,8,0,3,2,8,high,0x55B5,1,2,5,0,1,0,-128402,-128402,-126008,-129246,-3238,0,0,300,600,0,2,0
2026-09-20T09:58:34.861Z,0x0513,0x0104,-13,2,63,-132907,-132907,0,10430,1045643,0,0,3,0,0,1,0,8,8,0,3,2,8,high,0x55B5,1,2,5,0,1,0,-131781,-131781,-126008,-129246,-3238,0,0,300,600,0,2,0
