utc,host_monotonic_ns,mcu_uptime_ms,sample_sequence,raw_adc,filtered_raw,raw_calibrated_mass_ug,uncompensated_gross_ug,filtered_mass_ug,pre_display_mass_ug,conditioned_display_mass_ug,display_count,display_decimals,gross_ug,net_ug,tare_ug,stable,zero,overload,zero_offset_raw,runtime_drift_offset_ug,filter_mode,filter_strength,sample_rate,gain,cs1237_state,buffered_samples,overrun_count,stability_spread_ug,battery_voltage_mv,fault_mask,display_condition_state,display_locked,event_label
2026-09-13T09:22:34.309Z,135653375000000,1524822,15215,-43945,-43955,,-51818,-38300,-38300,-30415,-3,2,-38300,-38300,0,1,1,0,,0,1,2,0,3,4,0,0,22530,,0,2,1,
2026-09-13T09:22:34.428Z,135653500000000,1525009,15217,-43940,-43943,,-51818,-51818,-51818,-30415,-3,2,-51818,-51818,0,1,1,0,,0,1,2,0,3,4,0,0,24783,,0,2,1,
2026-09-13T09:22:34.547Z,135653625000000,1525169,15218,-43948,-43944,,-51818,-50692,-50692,-30415,-3,2,-50692,-50692,0,1,1,0,,0,1,2,0,3,4,0,0,24783,,0,2,1,
2026-09-13T09:22:34.668Z,135653734000000,1525311,15220,-43944,-43952,,-51818,-41680,-41680,-30415,-3,2,-41680,-41680,0,1,1,0,,0,1,2,0,3,4,0,0,24783,,0,2,1,
2026-09-13T09:22:34.785Z,135653859000000,1525411,15221,-43946,-43945,,-51818,-49565,-49565,-30415,-3,2,-49565,-49565,0,1,1,0,,0,1,2,0,3,4,0,0,24783,,0,2,1,
2026-09-13T09:22:34.902Z,135653968000000,1525528,15222,-43937,-43942,,-51818,-52945,-52945,-30415,-3,2,-52945,-52945,0,1,1,0,,0,1,2,0,3,4,0,0,14645,,0,2,1,
2026-09-13T09:22:35.017Z,135654093000000,1525644,15223,-43921,-43929,,-51818,-67589,-67589,-30415,-3,2,-67589,-67589,0,1,1,0,,0,1,2,0,3,4,0,0,28162,,0,2,1,
2026-09-13T09:22:35.134Z,135654203000000,1525761,15224,-43922,-43922,,-51818,-75474,-75474,-30415,-3,2,-75474,-75474,0,1,1,0,,0,1,2,0,3,4,0,0,36047,,0,2,1,
2026-09-13T09:22:35.348Z,135654421000000,1525877,15225,-43941,-43932,,-41680,-64209,-64209,-30415,-3,2,-64209,-64209,0,1,1,0,,0,1,2,0,3,4,0,0,36047,,0,2,1,
2026-09-13T09:22:35.466Z,135654546000000,1526111,15228,-43938,-43946,,-41680,-48439,-48439,-30415,-3,2,-48439,-48439,0,1,1,0,,0,1,2,0,3,4,0,0,33794,,0,2,1,
2026-09-13T09:22:35.585Z,135654656000000,1526212,15229,-43935,-43937,,-41680,-58577,-58577,-30415,-3,2,-58577,-58577,0,1,1,0,,0,1,2,0,3,4,0,0,33794,,0,2,1,
2026-09-13T09:22:35.702Z,135654781000000,1526327,15230,-43936,-43936,,-41680,-59703,-59703,-30415,-3,2,-59703,-59703,0,1,1,0,,0,1,2,0,3,4,0,0,33794,,0,2,1,
2026-09-13T09:22:35.819Z,135654890000000,1526445,15231,-43939,-43938,,-41680,-57450,-57450,-30415,-3,2,-57450,-57450,0,1,1,0,,0,1,2,0,3,4,0,0,33794,,0,2,1,
2026-09-13T09:22:35.936Z,135655015000000,1526562,15232,-43937,-43938,,-41680,-57450,-57450,-30415,-3,2,-57450,-57450,0,1,1,0,,0,1,2,0,3,4,0,0,22529,,0,2,1,
2026-09-13T09:22:36.052Z,135655125000000,1526678,15233,-43945,-43941,,-41680,-54071,-54071,-30415,-3,2,-54071,-54071,0,1,1,0,,0,1,2,0,3,4,0,0,18023,,0,2,1,
2026-09-13T09:22:36.171Z,135655250000000,1526813,15235,-43943,-43945,,-41680,-49565,-49565,-30415,-3,2,-49565,-49565,0,1,1,0,,0,1,2,0,3,4,0,0,11264,,0,2,1,
2026-09-13T09:22:36.385Z,135655453000000,1526913,15236,-43944,-43944,,-52945,-50692,-50692,-30415,-3,2,-50692,-50692,0,1,1,0,,0,1,2,0,3,4,0,0,11264,,0,2,1,
2026-09-13T09:22:36.501Z,135655578000000,1527134,15238,-43958,-43949,,-52945,-45059,-45059,-30415,-3,2,-45059,-45059,0,1,1,0,,0,1,2,0,3,4,0,0,12391,,0,2,1,
2026-09-13T09:22:36.620Z,135655687000000,1527245,15239,-43949,-43954,,-52945,-39427,-39427,-30415,-3,2,-39427,-39427,0,1,1,0,,0,1,2,0,3,4,0,0,18023,,0,2,1,
2026-09-13T09:22:36.738Z,135655812000000,1527363,15240,-43937,-43943,,-52945,-51818,-51818,-30415,-3,2,-51818,-51818,0,1,1,0,,0,1,2,0,3,4,0,0,14644,,0,2,1,
2026-09-13T09:22:36.855Z,135655921000000,1527480,15241,-43947,-43942,,-52945,-52945,-52945,-30415,-3,2,-52945,-52945,0,1,1,0,,0,1,2,0,3,4,0,0,13518,,0,2,1,
2026-09-13T09:22:36.971Z,135656046000000,1527614,15243,-43944,-43942,,-52945,-52945,-52945,-30415,-3,2,-52945,-52945,0,1,1,0,,0,1,2,0,3,4,0,0,13518,,0,2,1,
2026-09-13T09:22:37.089Z,135656156000000,1527715,15244,-43962,-43953,,-52945,-40553,-40553,-30415,-3,2,-40553,-40553,0,1,1,0,,0,1,2,0,3,4,0,0,13518,,0,2,1,
2026-09-13T09:22:37.206Z,135656281000000,1527832,15245,-43960,-43961,,-52945,-31541,-31541,-30415,-3,2,-31541,-31541,0,1,1,0,,0,1,2,0,3,4,0,0,21404,,0,2,1,
2026-09-13T09:22:37.423Z,135656500000000,1527948,15246,-43942,-43951,,-50692,-42806,-42806,-30415,-3,2,-42806,-42806,0,1,1,0,,0,1,2,0,3,4,0,0,21404,,0,2,1,
2026-09-13T09:22:37.540Z,135656609000000,1528116,15248,-43956,-43944,,-50692,-50692,-50692,-30415,-3,2,-50692,-50692,0,1,1,0,,0,1,2,0,3,4,0,0,27036,,0,2,1,
2026-09-13T09:22:37.657Z,135656734000000,1528283,15249,-43958,-43957,,-50692,-36047,-36047,-30415,-3,2,-36047,-36047,0,1,1,0,,0,1,2,0,3,4,0,0,27036,,0,2,1,
2026-09-13T09:22:37.775Z,135656843000000,1528416,15251,-43952,-43950,,-50692,-43933,-43933,-30415,-3,2,-43933,-43933,0,1,1,0,,0,1,2,0,3,4,0,0,27036,,0,2,1,
2026-09-13T09:22:37.892Z,135656968000000,1528518,15252,-43941,-43947,,-50692,-47312,-47312,-30415,-3,2,-47312,-47312,0,1,1,0,,0,1,2,0,3,4,0,0,27036,,0,2,1,
2026-09-13T09:22:38.009Z,135657078000000,1528635,15253,-43955,-43948,,-50692,-46186,-46186,-30415,-3,2,-46186,-46186,0,1,1,0,,0,1,2,0,3,4,0,0,22530,,0,2,1,
2026-09-13T09:22:38.126Z,135657203000000,1528752,15254,-43948,-43952,,-50692,-41680,-41680,-30415,-3,2,-41680,-41680,0,1,1,0,,0,1,2,0,3,4,0,0,22530,,0,2,1,
2026-09-13T09:22:38.242Z,135657312000000,1528868,15255,-43924,-43936,,-50692,-59703,-59703,-30415,-3,2,-59703,-59703,0,1,1,0,,0,1,2,0,3,4,0,0,23656,,0,2,1,
2026-09-13T09:22:38.456Z,135657531000000,1528985,15256,-43936,-43930,,-59703,-66462,-66462,-30415,-3,2,-66462,-66462,0,1,1,0,,0,1,2,0,3,4,0,0,30415,,0,2,1,
2026-09-13T09:22:38.574Z,135657640000000,1529217,15259,-43937,-43936,,-59703,-59703,-59703,-30415,-3,2,-59703,-59703,0,1,1,0,,0,1,2,0,3,4,0,0,24782,,0,2,1,
2026-09-13T09:22:38.690Z,135657765000000,1529317,15260,-43935,-43936,,-59703,-59703,-59703,-30415,-3,2,-59703,-59703,0,1,1,0,,0,1,2,0,3,4,0,0,24782,,0,2,1,
2026-09-13T09:22:38.808Z,135657875000000,1529434,15261,-43934,-43935,,-59703,-60830,-60830,-30415,-3,2,-60830,-60830,0,1,1,0,,0,1,2,0,3,4,0,0,24782,,0,2,1,
2026-09-13T09:22:38.924Z,135658000000000,1529550,15262,-43956,-43945,,-59703,-49565,-49565,-30415,-3,2,-49565,-49565,0,1,1,0,,0,1,2,0,3,4,0,0,16897,,0,2,1,
2026-09-13T09:22:39.041Z,135658109000000,1529668,15263,-43958,-43957,,-59703,-36047,-36047,-30415,-3,2,-36047,-36047,0,1,1,0,,0,1,2,0,3,4,0,0,30415,,0,2,1,
2026-09-13T09:22:39.158Z,135658234000000,1529784,15264,-43930,-43944,,-59703,-50692,-50692,-30415,-3,2,-50692,-50692,0,1,1,0,,0,1,2,0,3,4,0,0,24783,,0,2,1,
2026-09-13T09:22:39.276Z,135658343000000,1529918,15266,-43926,-43925,,-59703,-72095,-72095,-30415,-3,2,-72095,-72095,0,1,1,0,,0,1,2,0,3,4,0,0,36048,,0,2,1,
2026-09-13T09:22:39.491Z,135658562000000,1530020,15267,-43936,-43931,,-50692,-65336,-65336,-30415,-3,2,-65336,-65336,0,1,1,0,,0,1,2,0,3,4,0,0,36048,,0,2,1,
2026-09-13T09:22:39.607Z,135658687000000,1530240,15269,-43955,-43954,,-50692,-39427,-39427,-30415,-3,2,-39427,-39427,0,1,1,0,,0,1,2,0,3,4,0,0,36048,,0,2,1,
2026-09-13T09:22:39.726Z,135658796000000,1530351,15270,-43958,-43957,,-50692,-36047,-36047,-30415,-3,2,-36047,-36047,0,1,1,0,,0,1,2,0,3,4,0,0,36048,,0,2,1,
2026-09-13T09:22:39.845Z,135658921000000,1530469,15271,-43938,-43948,,-50692,-46186,-46186,-30415,-3,2,-46186,-46186,0,1,1,0,,0,1,2,0,3,4,0,0,36048,,0,2,1,
2026-09-13T09:22:39.961Z,135659031000000,1530588,15272,-43946,-43942,,-50692,-52945,-52945,-30415,-3,2,-52945,-52945,0,1,1,0,,0,1,2,0,3,4,0,0,36048,,0,2,1,
2026-09-13T09:22:40.077Z,135659156000000,1530720,15274,-43932,-43935,,-50692,-60830,-60830,-30415,-3,2,-60830,-60830,0,1,1,0,,0,1,2,0,3,4,0,0,29289,,0,2,1,
2026-09-13T09:22:40.196Z,135659265000000,1530821,15275,-43919,-43926,,-50692,-70968,-70968,-30415,-3,2,-70968,-70968,0,1,1,0,,0,1,2,0,3,4,0,0,34921,,0,2,1,
2026-09-13T09:22:40.312Z,135659390000000,1530938,15276,-43945,-43932,,-50692,-64209,-64209,-30415,-3,2,-64209,-64209,0,1,1,0,,0,1,2,0,3,4,0,0,34921,,0,2,1,
2026-09-13T09:22:40.527Z,135659593000000,1531056,15277,-43946,-43946,,-59703,-48439,-48439,-30415,-3,2,-48439,-48439,0,1,1,0,,0,1,2,0,3,4,0,0,34921,,0,2,1,
2026-09-13T09:22:40.646Z,135659718000000,1531221,15279,-43935,-43936,,-59703,-59703,-59703,-30415,-3,2,-59703,-59703,0,1,1,0,,0,1,2,0,3,4,0,0,22529,,0,2,1,
2026-09-13T09:22:40.763Z,135659828000000,1531388,15280,-43946,-43941,,-59703,-54071,-54071,-30415,-3,2,-54071,-54071,0,1,1,0,,0,1,2,0,3,4,0,0,22529,,0,2,1,
2026-09-13T09:22:40.878Z,135659953000000,1531521,15282,-43948,-43943,,-59703,-51818,-51818,-30415,-3,2,-51818,-51818,0,1,1,0,,0,1,2,0,3,4,0,0,22529,,0,2,1,
2026-09-13T09:22:40.994Z,135660062000000,1531622,15283,-43941,-43945,,-59703,-49565,-49565,-30415,-3,2,-49565,-49565,0,1,1,0,,0,1,2,0,3,4,0,0,15770,,0,2,1,
2026-09-13T09:22:41.112Z,135660187000000,1531738,15284,-43943,-43942,,-59703,-52945,-52945,-30415,-3,2,-52945,-52945,0,1,1,0,,0,1,2,0,3,4,0,0,11264,,0,2,1,
2026-09-13T09:22:41.228Z,135660296000000,1531855,15285,-43944,-43944,,-59703,-50692,-50692,-30415,-3,2,-50692,-50692,0,1,1,0,,0,1,2,0,3,4,0,0,10138,,0,2,1,
2026-09-13T09:22:41.347Z,135660421000000,1531972,15286,-43945,-43945,,-59703,-49565,-49565,-30415,-3,2,-49565,-49565,0,1,1,0,,0,1,2,0,3,4,0,0,10138,,0,2,1,
2026-09-13T09:22:41.561Z,135660640000000,1532089,15287,-43954,-43950,,-52945,-43933,-43933,-30415,-3,2,-43933,-43933,0,1,1,0,,0,1,2,0,3,4,0,0,10138,,0,2,1,
2026-09-13T09:22:41.678Z,135660750000000,1532323,15290,-43944,-43940,,-52945,-55197,-55197,-30415,-3,2,-55197,-55197,0,1,1,0,,0,1,2,0,3,4,0,0,12391,,0,2,1,
2026-09-13T09:22:41.796Z,135660875000000,1532423,15291,-43956,-43950,,-52945,-43933,-43933,-30415,-3,2,-43933,-43933,0,1,1,0,,0,1,2,0,3,4,0,0,12391,,0,2,1,
2026-09-13T09:22:41.913Z,135660984000000,1532539,15292,-43950,-43953,,-52945,-40553,-40553,-30415,-3,2,-40553,-40553,0,1,1,0,,0,1,2,0,3,4,0,0,14644,,0,2,1,
2026-09-13T09:22:42.030Z,135661109000000,1532657,15293,-43949,-43950,,-52945,-43933,-43933,-30415,-3,2,-43933,-43933,0,1,1,0,,0,1,2,0,3,4,0,0,14644,,0,2,1,
2026-09-13T09:22:42.147Z,135661218000000,1532773,15294,-43940,-43945,,-52945,-49565,-49565,-30415,-3,2,-49565,-49565,0,1,1,0,,0,1,2,0,3,4,0,0,14644,,0,2,1,
2026-09-13T09:22:42.266Z,135661343000000,1532890,15295,-43936,-43938,,-52945,-57450,-57450,-30415,-3,2,-57450,-57450,0,1,1,0,,0,1,2,0,3,4,0,0,16897,,0,2,1,
2026-09-13T09:22:42.384Z,135661453000000,1533024,15297,-43957,-43950,,-52945,-43933,-43933,-30415,-3,2,-43933,-43933,0,1,1,0,,0,1,2,0,3,4,0,0,16897,,0,2,1,
2026-09-13T09:22:42.600Z,135661671000000,1533127,15298,-43946,-43952,,-47312,-41680,-41680,-30415,-3,2,-41680,-41680,0,1,1,0,,0,1,2,0,3,4,0,0,16897,,0,2,1,
2026-09-13T09:22:42.716Z,135661796000000,1533348,15300,-43963,-43955,,-47312,-38300,-38300,-30415,-3,2,-38300,-38300,0,1,1,0,,0,1,2,0,3,4,0,0,19150,,0,2,1,
2026-09-13T09:22:42.834Z,135661906000000,1533459,15301,-43965,-43964,,-47312,-28162,-28162,-30415,-3,2,-28162,-28162,0,1,1,0,,0,1,2,0,3,4,0,0,29288,,0,2,1,
2026-09-13T09:22:42.950Z,135662015000000,1533577,15302,-43941,-43953,,-47312,-40553,-40553,-30415,-3,2,-40553,-40553,0,1,1,0,,0,1,2,0,3,4,0,0,29288,,0,2,1,
2026-09-13T09:22:43.067Z,135662140000000,1533693,15303,-43951,-43946,,-47312,-48439,-48439,-30415,-3,2,-48439,-48439,0,1,1,0,,0,1,2,0,3,4,0,0,27035,,0,2,1,
2026-09-13T09:22:43.186Z,135662265000000,1533826,15305,-43950,-43952,,-47312,-41680,-41680,-30415,-3,2,-41680,-41680,0,1,1,0,,0,1,2,0,3,4,0,0,20277,,0,2,1,
2026-09-13T09:22:43.304Z,135662375000000,1533928,15306,-43951,-43951,,-47312,-42806,-42806,-30415,-3,2,-42806,-42806,0,1,1,0,,0,1,2,0,3,4,0,0,20277,,0,2,1,
2026-09-13T09:22:43.420Z,135662500000000,1534047,15307,-43961,-43956,,-47312,-37174,-37174,-30415,-3,2,-37174,-37174,0,1,1,0,,0,1,2,0,3,4,0,0,20277,,0,2,1,
2026-09-13T09:22:43.635Z,135662703000000,1534163,15308,-43932,-43947,,-50692,-47312,-47312,-30415,-3,2,-47312,-47312,0,1,1,0,,0,1,2,0,3,4,0,0,20277,,0,2,1,
2026-09-13T09:22:43.752Z,135662828000000,1534327,15310,-43950,-43944,,-50692,-50692,-50692,-30415,-3,2,-50692,-50692,0,1,1,0,,0,1,2,0,3,4,0,0,23656,,0,2,1,
2026-09-13T09:22:43.869Z,135662937000000,1534495,15311,-43951,-43951,,-50692,-42806,-42806,-30415,-3,2,-42806,-42806,0,1,1,0,,0,1,2,0,3,4,0,0,23656,,0,2,1,
2026-09-13T09:22:43.987Z,135663062000000,1534627,15313,-43933,-43943,,-50692,-51818,-51818,-30415,-3,2,-51818,-51818,0,1,1,0,,0,1,2,0,3,4,0,0,23656,,0,2,1,
2026-09-13T09:22:44.104Z,135663171000000,1534729,15314,-43940,-43937,,-50692,-58577,-58577,-30415,-3,2,-58577,-58577,0,1,1,0,,0,1,2,0,3,4,0,0,23656,,0,2,1,
2026-09-13T09:22:44.221Z,135663296000000,1534847,15315,-43937,-43939,,-50692,-56324,-56324,-30415,-3,2,-56324,-56324,0,1,1,0,,0,1,2,0,3,4,0,0,19150,,0,2,1,
2026-09-13T09:22:44.338Z,135663406000000,1534964,15316,-43930,-43934,,-50692,-61956,-61956,-30415,-3,2,-61956,-61956,0,1,1,0,,0,1,2,0,3,4,0,0,20276,,0,2,1,
2026-09-13T09:22:44.456Z,135663531000000,1535082,15317,-43940,-43935,,-50692,-60830,-60830,-30415,-3,2,-60830,-60830,0,1,1,0,,0,1,2,0,3,4,0,0,20276,,0,2,1,
2026-09-13T09:22:44.669Z,135663734000000,1535199,15318,-43947,-43944,,-41680,-50692,-50692,-30415,-3,2,-50692,-50692,0,1,1,0,,0,1,2,0,3,4,0,0,20276,,0,2,1,
2026-09-13T09:22:44.788Z,135663859000000,1535429,15321,-43944,-43948,,-41680,-46186,-46186,-30415,-3,2,-46186,-46186,0,1,1,0,,0,1,2,0,3,4,0,0,20276,,0,2,1,
2026-09-13T09:22:44.906Z,135663984000000,1535530,15322,-43936,-43940,,-41680,-55197,-55197,-30415,-3,2,-55197,-55197,0,1,1,0,,0,1,2,0,3,4,0,0,20276,,0,2,1,
2026-09-13T09:22:45.023Z,135664093000000,1535648,15323,-43941,-43939,,-41680,-56324,-56324,-30415,-3,2,-56324,-56324,0,1,1,0,,0,1,2,0,3,4,0,0,20276,,0,2,1,
2026-09-13T09:22:45.140Z,135664218000000,1535766,15324,-43953,-43947,,-41680,-47312,-47312,-30415,-3,2,-47312,-47312,0,1,1,0,,0,1,2,0,3,4,0,0,19150,,0,2,1,
2026-09-13T09:22:45.258Z,135664328000000,1535883,15325,-43954,-43954,,-41680,-39427,-39427,-30415,-3,2,-39427,-39427,0,1,1,0,,0,1,2,0,3,4,0,0,16897,,0,2,1,
2026-09-13T09:22:45.374Z,135664453000000,1536000,15326,-43944,-43949,,-41680,-45059,-45059,-30415,-3,2,-45059,-45059,0,1,1,0,,0,1,2,0,3,4,0,0,16897,,0,2,1,
2026-09-13T09:22:45.491Z,135664562000000,1536131,15328,-43957,-43954,,-41680,-39427,-39427,-30415,-3,2,-39427,-39427,0,1,1,0,,0,1,2,0,3,4,0,0,16897,,0,2,1,
2026-09-13T09:22:45.706Z,135664781000000,1536234,15329,-43936,-43947,,-58577,-47312,-47312,-30415,-3,2,-47312,-47312,0,1,1,0,,0,1,2,0,3,4,0,0,16897,,0,2,1,
2026-09-13T09:22:45.825Z,135664890000000,1536456,15331,-43946,-43942,,-58577,-52945,-52945,-30415,-3,2,-52945,-52945,0,1,1,0,,0,1,2,0,3,4,0,0,19150,,0,2,1,
2026-09-13T09:22:45.942Z,135665015000000,1536568,15332,-43944,-43945,,-58577,-49565,-49565,-30415,-3,2,-49565,-49565,0,1,1,0,,0,1,2,0,3,4,0,0,19150,,0,2,1,
2026-09-13T09:22:46.058Z,135665125000000,1536685,15333,-43934,-43939,,-58577,-56324,-56324,-30415,-3,2,-56324,-56324,0,1,1,0,,0,1,2,0,3,4,0,0,19150,,0,2,1,
2026-09-13T09:22:46.175Z,135665250000000,1536802,15334,-43931,-43933,,-58577,-63083,-63083,-30415,-3,2,-63083,-63083,0,1,1,0,,0,1,2,0,3,4,0,0,23656,,0,2,1,
2026-09-13T09:22:46.292Z,135665359000000,1536931,15336,-43936,-43939,,-58577,-56324,-56324,-30415,-3,2,-56324,-56324,0,1,1,0,,0,1,2,0,3,4,0,0,15771,,0,2,1,
2026-09-13T09:22:46.408Z,135665484000000,1537036,15337,-43931,-43934,,-58577,-61956,-61956,-30415,-3,2,-61956,-61956,0,1,1,0,,0,1,2,0,3,4,0,0,13518,,0,2,1,
2026-09-13T09:22:46.526Z,135665593000000,1537152,15338,-43938,-43935,,-58577,-60830,-60830,-30415,-3,2,-60830,-60830,0,1,1,0,,0,1,2,0,3,4,0,0,13518,,0,2,1,
2026-09-13T09:22:46.740Z,135665812000000,1537269,15339,-43972,-43955,,-57450,-38300,-38300,-30415,-3,2,-38300,-38300,0,1,1,0,,0,1,2,0,3,4,0,0,24783,,0,2,1,
2026-09-13T09:22:46.857Z,135665937000000,1537434,15341,-43930,-43938,,-57450,-57450,-57450,-30415,-3,2,-57450,-57450,0,1,1,0,,0,1,2,0,3,4,0,0,29289,,0,2,1,
2026-09-13T09:22:46.974Z,135666046000000,1537600,15342,-43942,-43936,,-57450,-59703,-59703,-30415,-3,2,-59703,-59703,0,1,1,0,,0,1,2,0,3,4,0,0,28162,,0,2,1,
2026-09-13T09:22:47.091Z,135666156000000,1537733,15344,-43949,-43950,,-57450,-43933,-43933,-30415,-3,2,-43933,-43933,0,1,1,0,,0,1,2,0,3,4,0,0,28162,,0,2,1,
2026-09-13T09:22:47.207Z,135666281000000,1537835,15345,-43938,-43944,,-57450,-50692,-50692,-30415,-3,2,-50692,-50692,0,1,1,0,,0,1,2,0,3,4,0,0,27036,,0,2,1,
2026-09-13T09:22:47.326Z,135666406000000,1537951,15346,-43920,-43929,,-57450,-67589,-67589,-30415,-3,2,-67589,-67589,0,1,1,0,,0,1,2,0,3,4,0,0,33795,,0,2,1,
2026-09-13T09:22:47.444Z,135666515000000,1538069,15347,-43938,-43929,,-57450,-67589,-67589,-30415,-3,2,-67589,-67589,0,1,1,0,,0,1,2,0,3,4,0,0,33795,,0,2,1,
2026-09-13T09:22:47.561Z,135666640000000,1538188,15348,-43954,-43946,,-57450,-48439,-48439,-30415,-3,2,-48439,-48439,0,1,1,0,,0,1,2,0,3,4,0,0,23656,,0,2,1,
2026-09-13T09:22:47.773Z,135666843000000,1538305,15349,-43922,-43938,,-69842,-57450,-57450,-30415,-3,2,-57450,-57450,0,1,1,0,,0,1,2,0,3,4,0,0,23656,,0,2,1,
2026-09-13T09:22:47.891Z,135666968000000,1538534,15352,-43926,-43928,,-69842,-68715,-68715,-30415,-3,2,-68715,-68715,0,1,1,0,,0,1,2,0,3,4,0,0,25909,,0,2,1,
2026-09-13T09:22:48.007Z,135667078000000,1538635,15353,-43943,-43935,,-69842,-60830,-60830,-30415,-3,2,-60830,-60830,0,1,1,0,,0,1,2,0,3,4,0,0,25909,,0,2,1,
2026-09-13T09:22:48.126Z,135667203000000,1538751,15354,-43949,-43946,,-69842,-48439,-48439,-30415,-3,2,-48439,-48439,0,1,1,0,,0,1,2,0,3,4,0,0,25909,,0,2,1,
2026-09-13T09:22:48.243Z,135667312000000,1538868,15355,-43949,-43949,,-69842,-45059,-45059,-30415,-3,2,-45059,-45059,0,1,1,0,,0,1,2,0,3,4,0,0,29289,,0,2,1,
2026-09-13T09:22:48.361Z,135667437000000,1538987,15356,-43947,-43948,,-69842,-46186,-46186,-30415,-3,2,-46186,-46186,0,1,1,0,,0,1,2,0,3,4,0,0,29289,,0,2,1,
2026-09-13T09:22:48.477Z,135667546000000,1539104,15357,-43929,-43938,,-69842,-57450,-57450,-30415,-3,2,-57450,-57450,0,1,1,0,,0,1,2,0,3,4,0,0,29289,,0,2,1,
2026-09-13T09:22:48.594Z,135667671000000,1539236,15359,-43917,-43912,,-69842,-86739,-86739,-30415,-3,2,-86739,-86739,0,1,1,0,,0,1,2,0,3,4,0,0,41680,,0,2,1,
2026-09-13T09:22:48.809Z,135667875000000,1539338,15360,-43929,-43923,,-61956,-74348,-74348,-30415,-3,2,-74348,-74348,0,1,1,0,,0,1,2,0,3,4,0,0,41680,,0,2,1,
2026-09-13T09:22:48.927Z,135668000000000,1539558,15362,-43935,-43937,,-61956,-58577,-58577,-30415,-3,2,-58577,-58577,0,1,1,0,,0,1,2,0,3,4,0,0,41680,,0,2,1,
2026-09-13T09:22:49.044Z,135668125000000,1539670,15363,-43961,-43948,,-61956,-46186,-46186,-30415,-3,2,-46186,-46186,0,1,1,0,,0,1,2,0,3,4,0,0,40553,,0,2,1,
2026-09-13T09:22:49.162Z,135668234000000,1539788,15364,-43959,-43960,,-61956,-32668,-32668,-30415,-3,2,-32668,-32668,0,1,1,0,,0,1,2,0,3,4,0,0,54071,,0,2,1,
2026-09-13T09:22:49.278Z,135668343000000,1539905,15365,-43950,-43955,,-61956,-38300,-38300,-30415,-3,2,-38300,-38300,0,1,1,0,,0,1,2,0,3,4,0,0,54071,,0,2,1,
2026-09-13T09:22:49.395Z,135668468000000,1540037,15367,-43945,-43938,,-61956,-57450,-57450,-30415,-3,2,-57450,-57450,0,1,1,0,,0,1,2,0,3,4,0,0,41680,,0,2,1,
2026-09-13T09:22:49.512Z,135668578000000,1540139,15368,-43935,-43940,,-61956,-55197,-55197,-30415,-3,2,-55197,-55197,0,1,1,0,,0,1,2,0,3,4,0,0,29288,,0,2,1,
2026-09-13T09:22:49.629Z,135668703000000,1540256,15369,-43929,-43932,,-61956,-64209,-64209,-30415,-3,2,-64209,-64209,0,1,1,0,,0,1,2,0,3,4,0,0,31541,,0,2,1,
2026-09-13T09:22:49.842Z,135668921000000,1540373,15370,-43925,-43927,,-65336,-69842,-69842,-30415,-3,2,-69842,-69842,0,1,1,0,,0,1,2,0,3,4,0,0,37174,,0,2,1,
2026-09-13T09:22:49.959Z,135669031000000,1540538,15372,-43928,-43931,,-65336,-65336,-65336,-30415,-3,2,-65336,-65336,0,1,1,0,,0,1,2,0,3,4,0,0,31542,,0,2,1,
2026-09-13T09:22:50.076Z,135669156000000,1540702,15373,-43936,-43932,,-65336,-64209,-64209,-30415,-3,2,-64209,-64209,0,1,1,0,,0,1,2,0,3,4,0,0,15771,,0,2,1,
2026-09-13T09:22:50.193Z,135669265000000,1540839,15375,-43931,-43930,,-65336,-66462,-66462,-30415,-3,2,-66462,-66462,0,1,1,0,,0,1,2,0,3,4,0,0,14645,,0,2,1,
2026-09-13T09:22:50.310Z,135669390000000,1540939,15376,-43936,-43934,,-65336,-61956,-61956,-30415,-3,2,-61956,-61956,0,1,1,0,,0,1,2,0,3,4,0,0,7886,,0,2,1,
2026-09-13T09:22:50.427Z,135669500000000,1541054,15377,-43932,-43934,,-65336,-61956,-61956,-30415,-3,2,-61956,-61956,0,1,1,0,,0,1,2,0,3,4,0,0,7886,,0,2,1,
2026-09-13T09:22:50.546Z,135669625000000,1541171,15378,-43924,-43928,,-65336,-68715,-68715,-30415,-3,2,-68715,-68715,0,1,1,0,,0,1,2,0,3,4,0,0,6759,,0,2,1,
2026-09-13T09:22:50.664Z,135669734000000,1541289,15379,-43937,-43931,,-65336,-65336,-65336,-30415,-3,2,-65336,-65336,0,1,1,0,,0,1,2,0,3,4,0,0,6759,,0,2,1,
2026-09-13T09:22:50.876Z,135669953000000,1541408,15380,-43946,-43942,,-54071,-52945,-52945,-30415,-3,2,-52945,-52945,0,1,1,0,,0,1,2,0,3,4,0,0,15770,,0,2,1,
2026-09-13T09:22:50.993Z,135670062000000,1541640,15383,-43938,-43938,,-54071,-57450,-57450,-30415,-3,2,-57450,-57450,0,1,1,0,,0,1,2,0,3,4,0,0,19150,,0,2,1,
2026-09-13T09:22:51.108Z,135670187000000,1541740,15384,-43928,-43933,,-54071,-63083,-63083,-30415,-3,2,-63083,-63083,0,1,1,0,,0,1,2,0,3,4,0,0,19150,,0,2,1,
2026-09-13T09:22:51.227Z,135670296000000,1541853,15385,-43931,-43930,,-54071,-66462,-66462,-30415,-3,2,-66462,-66462,0,1,1,0,,0,1,2,0,3,4,0,0,19150,,0,2,1,
2026-09-13T09:22:51.345Z,135670421000000,1541970,15386,-43932,-43932,,-54071,-64209,-64209,-30415,-3,2,-64209,-64209,0,1,1,0,,0,1,2,0,3,4,0,0,16897,,0,2,1,
2026-09-13T09:22:51.462Z,135670531000000,1542088,15387,-43944,-43938,,-54071,-57450,-57450,-30415,-3,2,-57450,-57450,0,1,1,0,,0,1,2,0,3,4,0,0,16897,,0,2,1,
2026-09-13T09:22:51.580Z,135670656000000,1542207,15388,-43946,-43945,,-54071,-49565,-49565,-30415,-3,2,-49565,-49565,0,1,1,0,,0,1,2,0,3,4,0,0,16897,,0,2,1,
2026-09-13T09:22:51.697Z,135670765000000,1542341,15390,-43944,-43946,,-54071,-48439,-48439,-30415,-3,2,-48439,-48439,0,1,1,0,,0,1,2,0,3,4,0,0,19150,,0,2,1,
2026-09-13T09:22:51.911Z,135670984000000,1542442,15391,-43941,-43943,,-48439,-51818,-51818,-30415,-3,2,-51818,-51818,0,1,1,0,,0,1,2,0,3,4,0,0,19150,,0,2,1,
2026-09-13T09:22:52.027Z,135671093000000,1542661,15393,-43949,-43950,,-48439,-43933,-43933,-30415,-3,2,-43933,-43933,0,1,1,0,,0,1,2,0,3,4,0,0,20276,,0,2,1,
2026-09-13T09:22:52.146Z,135671218000000,1542771,15394,-43952,-43951,,-48439,-42806,-42806,-30415,-3,2,-42806,-42806,0,1,1,0,,0,1,2,0,3,4,0,0,14644,,0,2,1,
2026-09-13T09:22:52.263Z,135671343000000,1542889,15395,-43936,-43944,,-48439,-50692,-50692,-30415,-3,2,-50692,-50692,0,1,1,0,,0,1,2,0,3,4,0,0,9012,,0,2,1,
2026-09-13T09:22:52.380Z,135671453000000,1543007,15396,-43924,-43930,,-48439,-66462,-66462,-30415,-3,2,-66462,-66462,0,1,1,0,,0,1,2,0,3,4,0,0,23656,,0,2,1,
2026-09-13T09:22:52.497Z,135671562000000,1543143,15398,-43945,-43937,,-48439,-58577,-58577,-30415,-3,2,-58577,-58577,0,1,1,0,,0,1,2,0,3,4,0,0,27036,,0,2,1,
2026-09-13T09:22:52.614Z,135671687000000,1543243,15399,-43931,-43938,,-48439,-57450,-57450,-30415,-3,2,-57450,-57450,0,1,1,0,,0,1,2,0,3,4,0,0,27036,,0,2,1,
2026-09-13T09:22:52.732Z,135671812000000,1543359,15400,-43943,-43937,,-48439,-58577,-58577,-30415,-3,2,-58577,-58577,0,1,1,0,,0,1,2,0,3,4,0,0,27036,,0,2,1,
2026-09-13T09:22:52.943Z,135672015000000,1543476,15401,-43959,-43951,,-43933,-42806,-42806,-30415,-3,2,-42806,-42806,0,1,1,0,,0,1,2,0,3,4,0,0,27036,,0,2,1,
2026-09-13T09:22:53.060Z,135672140000000,1543644,15403,-43949,-43950,,-43933,-43933,-43933,-30415,-3,2,-43933,-43933,0,1,1,0,,0,1,2,0,3,4,0,0,31542,,0,2,1,
2026-09-13T09:22:53.176Z,135672250000000,1543804,15404,-43940,-43945,,-43933,-49565,-49565,-30415,-3,2,-49565,-49565,0,1,1,0,,0,1,2,0,3,4,0,0,31542,,0,2,1,
2026-09-13T09:22:53.294Z,135672359000000,1543920,15405,-43936,-43938,,-43933,-57450,-57450,-30415,-3,2,-57450,-57450,0,1,1,0,,0,1,2,0,3,4,0,0,20277,,0,2,1,
2026-09-13T09:22:53.411Z,135672484000000,1544044,15407,-43935,-43943,,-43933,-51818,-51818,-30415,-3,2,-51818,-51818,0,1,1,0,,0,1,2,0,3,4,0,0,20277,,0,2,1,
2026-09-13T09:22:53.528Z,135672593000000,1544155,15408,-43944,-43940,,-43933,-55197,-55197,-30415,-3,2,-55197,-55197,0,1,1,0,,0,1,2,0,3,4,0,0,19150,,0,2,1,
2026-09-13T09:22:53.646Z,135672718000000,1544273,15409,-43953,-43949,,-43933,-45059,-45059,-30415,-3,2,-45059,-45059,0,1,1,0,,0,1,2,0,3,4,0,0,19150,,0,2,1,
2026-09-13T09:22:53.763Z,135672843000000,1544389,15410,-43937,-43945,,-43933,-49565,-49565,-30415,-3,2,-49565,-49565,0,1,1,0,,0,1,2,0,3,4,0,0,13517,,0,2,1,
2026-09-13T09:22:53.977Z,135673046000000,1544508,15411,-43939,-43938,,-61956,-57450,-57450,-30415,-3,2,-57450,-57450,0,1,1,0,,0,1,2,0,3,4,0,0,12391,,0,2,1,
2026-09-13T09:22:54.095Z,135673171000000,1544671,15413,-43932,-43934,,-61956,-61956,-61956,-30415,-3,2,-61956,-61956,0,1,1,0,,0,1,2,0,3,4,0,0,16897,,0,2,1,
2026-09-13T09:22:54.212Z,135673281000000,1544846,15415,-43932,-43935,,-61956,-60830,-60830,-30415,-3,2,-60830,-60830,0,1,1,0,,0,1,2,0,3,4,0,0,16897,,0,2,1,
2026-09-13T09:22:54.329Z,135673406000000,1544956,15416,-43936,-43934,,-61956,-61956,-61956,-30415,-3,2,-61956,-61956,0,1,1,0,,0,1,2,0,3,4,0,0,16897,,0,2,1,
2026-09-13T09:22:54.446Z,135673515000000,1545073,15417,-43943,-43940,,-61956,-55197,-55197,-30415,-3,2,-55197,-55197,0,1,1,0,,0,1,2,0,3,4,0,0,12391,,0,2,1,
2026-09-13T09:22:54.564Z,135673640000000,1545190,15418,-43930,-43937,,-61956,-58577,-58577,-30415,-3,2,-58577,-58577,0,1,1,0,,0,1,2,0,3,4,0,0,6759,,0,2,1,
2026-09-13T09:22:54.681Z,135673750000000,1545309,15419,-43936,-43933,,-61956,-63083,-63083,-30415,-3,2,-63083,-63083,0,1,1,0,,0,1,2,0,3,4,0,0,7886,,0,2,1,
2026-09-13T09:22:54.799Z,135673875000000,1545426,15420,-43928,-43932,,-61956,-64209,-64209,-30415,-3,2,-64209,-64209,0,1,1,0,,0,1,2,0,3,4,0,0,9012,,0,2,1,
2026-09-13T09:22:55.014Z,135674093000000,1545547,15422,-43937,-43931,,-57450,-65336,-65336,-30415,-3,2,-65336,-65336,0,1,1,0,,0,1,2,0,3,4,0,0,14645,,0,2,1,
2026-09-13T09:22:55.131Z,135674203000000,1545764,15424,-43931,-43935,,-57450,-60830,-60830,-30415,-3,2,-60830,-60830,0,1,1,0,,0,1,2,0,3,4,0,0,14645,,0,2,1,
2026-09-13T09:22:55.247Z,135674328000000,1545875,15425,-43940,-43936,,-57450,-59703,-59703,-30415,-3,2,-59703,-59703,0,1,1,0,,0,1,2,0,3,4,0,0,12392,,0,2,1,
2026-09-13T09:22:55.366Z,135674437000000,1545992,15426,-43928,-43934,,-57450,-61956,-61956,-30415,-3,2,-61956,-61956,0,1,1,0,,0,1,2,0,3,4,0,0,12392,,0,2,1,
2026-09-13T09:22:55.483Z,135674562000000,1546109,15427,-43933,-43931,,-57450,-65336,-65336,-30415,-3,2,-65336,-65336,0,1,1,0,,0,1,2,0,3,4,0,0,12392,,0,2,1,
2026-09-13T09:22:55.600Z,135674671000000,1546228,15428,-43936,-43935,,-57450,-60830,-60830,-30415,-3,2,-60830,-60830,0,1,1,0,,0,1,2,0,3,4,0,0,12392,,0,2,1,
2026-09-13T09:22:55.716Z,135674796000000,1546349,15430,-43952,-43947,,-57450,-47312,-47312,-30415,-3,2,-47312,-47312,0,1,1,0,,0,1,2,0,3,4,0,0,18024,,0,2,1,
2026-09-13T09:22:55.834Z,135674906000000,1546461,15431,-43944,-43948,,-57450,-46186,-46186,-30415,-3,2,-46186,-46186,0,1,1,0,,0,1,2,0,3,4,0,0,19150,,0,2,1,
2026-09-13T09:22:56.047Z,135675125000000,1546578,15432,-43939,-43942,,-58577,-52945,-52945,-30415,-3,2,-52945,-52945,0,1,1,0,,0,1,2,0,3,4,0,0,19150,,0,2,1,
2026-09-13T09:22:56.166Z,135675234000000,1546750,15434,-43939,-43937,,-58577,-58577,-58577,-30415,-3,2,-58577,-58577,0,1,1,0,,0,1,2,0,3,4,0,0,19150,,0,2,1,
2026-09-13T09:22:56.285Z,135675359000000,1546909,15435,-43940,-43940,,-58577,-55197,-55197,-30415,-3,2,-55197,-55197,0,1,1,0,,0,1,2,0,3,4,0,0,14644,,0,2,1,
2026-09-13T09:22:56.403Z,135675468000000,1547051,15437,-43926,-43934,,-58577,-61956,-61956,-30415,-3,2,-61956,-61956,0,1,1,0,,0,1,2,0,3,4,0,0,15770,,0,2,1,
2026-09-13T09:22:56.521Z,135675593000000,1547151,15438,-43921,-43924,,-58577,-73221,-73221,-30415,-3,2,-73221,-73221,0,1,1,0,,0,1,2,0,3,4,0,0,27035,,0,2,1,
2026-09-13T09:22:56.637Z,135675703000000,1547265,15439,-43928,-43925,,-58577,-72095,-72095,-30415,-3,2,-72095,-72095,0,1,1,0,,0,1,2,0,3,4,0,0,20276,,0,2,1,
2026-09-13T09:22:56.754Z,135675828000000,1547382,15440,-43942,-43935,,-58577,-60830,-60830,-30415,-3,2,-60830,-60830,0,1,1,0,,0,1,2,0,3,4,0,0,19150,,0,2,1,
2026-09-13T09:22:56.872Z,135675937000000,1547498,15441,-43948,-43945,,-58577,-49565,-49565,-30415,-3,2,-49565,-49565,0,1,1,0,,0,1,2,0,3,4,0,0,23656,,0,2,1,
2026-09-13T09:22:57.086Z,135676156000000,1547616,15442,-43961,-43955,,-51818,-38300,-38300,-30415,-3,2,-38300,-38300,0,1,1,0,,0,1,2,0,3,4,0,0,34921,,0,2,1,
2026-09-13T09:22:57.205Z,135676281000000,1547851,15445,-43919,-43929,,-51818,-67589,-67589,-30415,-3,2,-67589,-67589,0,1,1,0,,0,1,2,0,3,4,0,0,34921,,0,2,1,
2026-09-13T09:22:57.323Z,135676390000000,1547952,15446,-43930,-43925,,-51818,-72095,-72095,-30415,-3,2,-72095,-72095,0,1,1,0,,0,1,2,0,3,4,0,0,33795,,0,2,1,
2026-09-13T09:22:57.439Z,135676515000000,1548067,15447,-43932,-43931,,-51818,-65336,-65336,-30415,-3,2,-65336,-65336,0,1,1,0,,0,1,2,0,3,4,0,0,33795,,0,2,1,
2026-09-13T09:22:57.555Z,135676625000000,1548183,15448,-43923,-43928,,-51818,-68715,-68715,-30415,-3,2,-68715,-68715,0,1,1,0,,0,1,2,0,3,4,0,0,33795,,0,2,1,
2026-09-13T09:22:57.672Z,135676750000000,1548300,15449,-43941,-43932,,-51818,-64209,-64209,-30415,-3,2,-64209,-64209,0,1,1,0,,0,1,2,0,3,4,0,0,33795,,0,2,1,
2026-09-13T09:22:57.788Z,135676859000000,1548416,15450,-43950,-43946,,-51818,-48439,-48439,-30415,-3,2,-48439,-48439,0,1,1,0,,0,1,2,0,3,4,0,0,33795,,0,2,1,
2026-09-13T09:22:57.905Z,135676984000000,1548533,15451,-43940,-43945,,-51818,-49565,-49565,-30415,-3,2,-49565,-49565,0,1,1,0,,0,1,2,0,3,4,0,0,23656,,0,2,1,
2026-09-13T09:22:58.120Z,135677187000000,1548653,15453,-43940,-43938,,-59703,-57450,-57450,-30415,-3,2,-57450,-57450,0,1,1,0,,0,1,2,0,3,4,0,0,23656,,0,2,1,
2026-09-13T09:22:58.235Z,135677312000000,1548869,15455,-43939,-43936,,-59703,-59703,-59703,-30415,-3,2,-59703,-59703,0,1,1,0,,0,1,2,0,3,4,0,0,20276,,0,2,1,
2026-09-13T09:22:58.354Z,135677421000000,1548981,15456,-43932,-43936,,-59703,-59703,-59703,-30415,-3,2,-59703,-59703,0,1,1,0,,0,1,2,0,3,4,0,0,15770,,0,2,1,
2026-09-13T09:22:58.473Z,135677546000000,1549099,15457,-43942,-43937,,-59703,-58577,-58577,-30415,-3,2,-58577,-58577,0,1,1,0,,0,1,2,0,3,4,0,0,11264,,0,2,1,
2026-09-13T09:22:58.590Z,135677656000000,1549217,15458,-43952,-43947,,-59703,-47312,-47312,-30415,-3,2,-47312,-47312,0,1,1,0,,0,1,2,0,3,4,0,0,12391,,0,2,1,
2026-09-13T09:22:58.706Z,135677781000000,1549354,15460,-43929,-43937,,-59703,-58577,-58577,-30415,-3,2,-58577,-58577,0,1,1,0,,0,1,2,0,3,4,0,0,13517,,0,2,1,
2026-09-13T09:22:58.825Z,135677890000000,1549455,15461,-43930,-43930,,-59703,-66462,-66462,-30415,-3,2,-66462,-66462,0,1,1,0,,0,1,2,0,3,4,0,0,20276,,0,2,1,
2026-09-13T09:22:58.942Z,135678015000000,1549569,15462,-43932,-43931,,-59703,-65336,-65336,-30415,-3,2,-65336,-65336,0,1,1,0,,0,1,2,0,3,4,0,0,20276,,0,2,1,
2026-09-13T09:22:59.155Z,135678234000000,1549686,15463,-43927,-43930,,-51818,-66462,-66462,-30415,-3,2,-66462,-66462,0,1,1,0,,0,1,2,0,3,4,0,0,20276,,0,2,1,
2026-09-13T09:22:59.273Z,135678343000000,1549855,15465,-43947,-43943,,-51818,-51818,-51818,-30415,-3,2,-51818,-51818,0,1,1,0,,0,1,2,0,3,4,0,0,20276,,0,2,1,
2026-09-13T09:22:59.390Z,135678468000000,1550018,15466,-43940,-43944,,-51818,-50692,-50692,-30415,-3,2,-50692,-50692,0,1,1,0,,0,1,2,0,3,4,0,0,20276,,0,2,1,
2026-09-13T09:22:59.507Z,135678578000000,1550134,15467,-43927,-43934,,-51818,-61956,-61956,-30415,-3,2,-61956,-61956,0,1,1,0,,0,1,2,0,3,4,0,0,15770,,0,2,1,
2026-09-13T09:22:59.625Z,135678703000000,1550256,15469,-43934,-43933,,-51818,-63083,-63083,-30415,-3,2,-63083,-63083,0,1,1,0,,0,1,2,0,3,4,0,0,15770,,0,2,1,
2026-09-13T09:22:59.742Z,135678812000000,1550369,15470,-43926,-43930,,-51818,-66462,-66462,-30415,-3,2,-66462,-66462,0,1,1,0,,0,1,2,0,3,4,0,0,15770,,0,2,1,
2026-09-13T09:22:59.859Z,135678937000000,1550487,15471,-43930,-43928,,-51818,-68715,-68715,-30415,-3,2,-68715,-68715,0,1,1,0,,0,1,2,0,3,4,0,0,18023,,0,2,1,
2026-09-13T09:22:59.976Z,135679046000000,1550603,15472,-43928,-43929,,-51818,-67589,-67589,-30415,-3,2,-67589,-67589,0,1,1,0,,0,1,2,0,3,4,0,0,18023,,0,2,1,
2026-09-13T09:23:00.192Z,135679265000000,1550720,15473,-43952,-43940,,-63083,-55197,-55197,-30415,-3,2,-55197,-55197,0,1,1,0,,0,1,2,0,3,4,0,0,18023,,0,2,1,
2026-09-13T09:23:00.309Z,135679375000000,1550857,15475,-43929,-43933,,-63083,-63083,-63083,-30415,-3,2,-63083,-63083,0,1,1,0,,0,1,2,0,3,4,0,0,18023,,0,2,1,
2026-09-13T09:23:00.426Z,135679500000000,1551058,15477,-43919,-43927,,-63083,-69842,-69842,-30415,-3,2,-69842,-69842,0,1,1,0,,0,1,2,0,3,4,0,0,19150,,0,2,1,
2026-09-13T09:23:00.545Z,135679625000000,1551170,15478,-43916,-43918,,-63083,-79980,-79980,-30415,-3,2,-79980,-79980,0,1,1,0,,0,1,2,0,3,4,0,0,29288,,0,2,1,
2026-09-13T09:23:00.663Z,135679734000000,1551289,15479,-43950,-43933,,-63083,-63083,-63083,-30415,-3,2,-63083,-63083,0,1,1,0,,0,1,2,0,3,4,0,0,29288,,0,2,1,
2026-09-13T09:23:00.780Z,135679859000000,1551408,15480,-43931,-43941,,-63083,-54071,-54071,-30415,-3,2,-54071,-54071,0,1,1,0,,0,1,2,0,3,4,0,0,29288,,0,2,1,
2026-09-13T09:23:00.897Z,135679968000000,1551525,15481,-43927,-43929,,-63083,-67589,-67589,-30415,-3,2,-67589,-67589,0,1,1,0,,0,1,2,0,3,4,0,0,29288,,0,2,1,
2026-09-13T09:23:01.014Z,135680093000000,1551659,15483,-43941,-43938,,-63083,-57450,-57450,-30415,-3,2,-57450,-57450,0,1,1,0,,0,1,2,0,3,4,0,0,25909,,0,2,1,
2026-09-13T09:23:01.229Z,135680296000000,1551759,15484,-43949,-43945,,-40553,-49565,-49565,-30415,-3,2,-49565,-49565,0,1,1,0,,0,1,2,0,3,4,0,0,30415,,0,2,1,
2026-09-13T09:23:01.347Z,135680421000000,1551980,15486,-43934,-43945,,-40553,-49565,-49565,-30415,-3,2,-49565,-49565,0,1,1,0,,0,1,2,0,3,4,0,0,27036,,0,2,1,
2026-09-13T09:23:01.466Z,135680531000000,1552091,15487,-43929,-43932,,-40553,-64209,-64209,-30415,-3,2,-64209,-64209,0,1,1,0,,0,1,2,0,3,4,0,0,27036,,0,2,1,
2026-09-13T09:23:01.585Z,135680656000000,1552209,15488,-43932,-43931,,-40553,-65336,-65336,-30415,-3,2,-65336,-65336,0,1,1,0,,0,1,2,0,3,4,0,0,27036,,0,2,1,
2026-09-13T09:23:01.702Z,135680781000000,1552329,15489,-43928,-43930,,-40553,-66462,-66462,-30415,-3,2,-66462,-66462,0,1,1,0,,0,1,2,0,3,4,0,0,25909,,0,2,1,
2026-09-13T09:23:01.819Z,135680890000000,1552461,15491,-43959,-43951,,-40553,-42806,-42806,-30415,-3,2,-42806,-42806,0,1,1,0,,0,1,2,0,3,4,0,0,25909,,0,2,1,
2026-09-13T09:23:01.936Z,135681015000000,1552564,15492,-43941,-43950,,-40553,-43933,-43933,-30415,-3,2,-43933,-43933,0,1,1,0,,0,1,2,0,3,4,0,0,25909,,0,2,1,
2026-09-13T09:23:02.053Z,135681125000000,1552680,15493,-43935,-43938,,-40553,-57450,-57450,-30415,-3,2,-57450,-57450,0,1,1,0,,0,1,2,0,3,4,0,0,23656,,0,2,1,
2026-09-13T09:23:02.269Z,135681343000000,1552798,15494,-43946,-43941,,-57450,-54071,-54071,-30415,-3,2,-54071,-54071,0,1,1,0,,0,1,2,0,3,4,0,0,23656,,0,2,1,
2026-09-13T09:23:02.386Z,135681453000000,1552962,15496,-43946,-43938,,-57450,-57450,-57450,-30415,-3,2,-57450,-57450,0,1,1,0,,0,1,2,0,3,4,0,0,23656,,0,2,1,
2026-09-13T09:23:02.505Z,135681578000000,1553130,15497,-43954,-43950,,-57450,-43933,-43933,-30415,-3,2,-43933,-43933,0,1,1,0,,0,1,2,0,3,4,0,0,18024,,0,2,1,
2026-09-13T09:23:02.624Z,135681703000000,1553262,15499,-43952,-43948,,-57450,-46186,-46186,-30415,-3,2,-46186,-46186,0,1,1,0,,0,1,2,0,3,4,0,0,13517,,0,2,1,
2026-09-13T09:23:02.741Z,135681812000000,1553368,15500,-43965,-43959,,-57450,-33794,-33794,-30415,-3,2,-33794,-33794,0,1,1,0,,0,1,2,0,3,4,0,0,23656,,0,2,1,
2026-09-13T09:23:02.858Z,135681937000000,1553486,15501,-43951,-43958,,-57450,-34921,-34921,-30415,-3,2,-34921,-34921,0,1,1,0,,0,1,2,0,3,4,0,0,23656,,0,2,1,
2026-09-13T09:23:02.974Z,135682046000000,1553603,15502,-43949,-43950,,-57450,-43933,-43933,-30415,-3,2,-43933,-43933,0,1,1,0,,0,1,2,0,3,4,0,0,23656,,0,2,1,
2026-09-13T09:23:03.091Z,135682156000000,1553719,15503,-43933,-43941,,-57450,-54071,-54071,-30415,-3,2,-54071,-54071,0,1,1,0,,0,1,2,0,3,4,0,0,23656,,0,2,1,
2026-09-13T09:23:03.305Z,135682375000000,1553836,15504,-43942,-43938,,-50692,-57450,-57450,-30415,-3,2,-57450,-57450,0,1,1,0,,0,1,2,0,3,4,0,0,23656,,0,2,1,
2026-09-13T09:23:03.422Z,135682500000000,1554064,15507,-43925,-43928,,-50692,-68715,-68715,-30415,-3,2,-68715,-68715,0,1,1,0,,0,1,2,0,3,4,0,0,34921,,0,2,1,
2026-09-13T09:23:03.540Z,135682609000000,1554168,15508,-43935,-43930,,-50692,-66462,-66462,-30415,-3,2,-66462,-66462,0,1,1,0,,0,1,2,0,3,4,0,0,33794,,0,2,1,
2026-09-13T09:23:03.657Z,135682734000000,1554285,15509,-43943,-43939,,-50692,-56324,-56324,-30415,-3,2,-56324,-56324,0,1,1,0,,0,1,2,0,3,4,0,0,24782,,0,2,1,
2026-09-13T09:23:03.774Z,135682843000000,1554402,15510,-43955,-43949,,-50692,-45059,-45059,-30415,-3,2,-45059,-45059,0,1,1,0,,0,1,2,0,3,4,0,0,24782,,0,2,1,
2026-09-13T09:23:03.892Z,135682968000000,1554519,15511,-43953,-43954,,-50692,-39427,-39427,-30415,-3,2,-39427,-39427,0,1,1,0,,0,1,2,0,3,4,0,0,29288,,0,2,1,
2026-09-13T09:23:04.010Z,135683078000000,1554637,15512,-43938,-43946,,-50692,-48439,-48439,-30415,-3,2,-48439,-48439,0,1,1,0,,0,1,2,0,3,4,0,0,29288,,0,2,1,
2026-09-13T09:23:04.129Z,135683203000000,1554765,15514,-43921,-43934,,-50692,-61956,-61956,-30415,-3,2,-61956,-61956,0,1,1,0,,0,1,2,0,3,4,0,0,29288,,0,2,1,
2026-09-13T09:23:04.344Z,135683421000000,1554872,15515,-43932,-43927,,-58577,-69842,-69842,-30415,-3,2,-69842,-69842,0,1,1,0,,0,1,2,0,3,4,0,0,30415,,0,2,1,
2026-09-13T09:23:04.462Z,135683531000000,1555095,15517,-43925,-43933,,-58577,-63083,-63083,-30415,-3,2,-63083,-63083,0,1,1,0,,0,1,2,0,3,4,0,0,30415,,0,2,1,
2026-09-13T09:23:04.579Z,135683656000000,1555206,15518,-43931,-43928,,-58577,-68715,-68715,-30415,-3,2,-68715,-68715,0,1,1,0,,0,1,2,0,3,4,0,0,30415,,0,2,1,
2026-09-13T09:23:04.696Z,135683765000000,1555323,15519,-43939,-43935,,-58577,-60830,-60830,-30415,-3,2,-60830,-60830,0,1,1,0,,0,1,2,0,3,4,0,0,21403,,0,2,1,
2026-09-13T09:23:04.814Z,135683890000000,1555440,15520,-43960,-43950,,-58577,-43933,-43933,-30415,-3,2,-43933,-43933,0,1,1,0,,0,1,2,0,3,4,0,0,25909,,0,2,1,
2026-09-13T09:23:04.931Z,135684000000000,1555566,15522,-43930,-43937,,-58577,-58577,-58577,-30415,-3,2,-58577,-58577,0,1,1,0,,0,1,2,0,3,4,0,0,28162,,0,2,1,
2026-09-13T09:23:05.047Z,135684125000000,1555676,15523,-43933,-43932,,-58577,-64209,-64209,-30415,-3,2,-64209,-64209,0,1,1,0,,0,1,2,0,3,4,0,0,27035,,0,2,1,
2026-09-13T09:23:05.165Z,135684234000000,1555792,15524,-43947,-43940,,-58577,-55197,-55197,-30415,-3,2,-55197,-55197,0,1,1,0,,0,1,2,0,3,4,0,0,27035,,0,2,1,
2026-09-13T09:23:05.382Z,135684453000000,1555909,15525,-43941,-43944,,-57450,-50692,-50692,-30415,-3,2,-50692,-50692,0,1,1,0,,0,1,2,0,3,4,0,0,27035,,0,2,1,
2026-09-13T09:23:05.498Z,135684578000000,1556076,15527,-43946,-43938,,-57450,-57450,-57450,-30415,-3,2,-57450,-57450,0,1,1,0,,0,1,2,0,3,4,0,0,22529,,0,2,1,
2026-09-13T09:23:05.615Z,135684687000000,1556244,15528,-43938,-43942,,-57450,-52945,-52945,-30415,-3,2,-52945,-52945,0,1,1,0,,0,1,2,0,3,4,0,0,22529,,0,2,1,
2026-09-13T09:23:05.732Z,135684812000000,1556368,15530,-43942,-43934,,-57450,-61956,-61956,-30415,-3,2,-61956,-61956,0,1,1,0,,0,1,2,0,3,4,0,0,13517,,0,2,1,
2026-09-13T09:23:05.848Z,135684921000000,1556477,15531,-43959,-43951,,-57450,-42806,-42806,-30415,-3,2,-42806,-42806,0,1,1,0,,0,1,2,0,3,4,0,0,21403,,0,2,1,
2026-09-13T09:23:05.965Z,135685031000000,1556593,15532,-43930,-43945,,-57450,-49565,-49565,-30415,-3,2,-49565,-49565,0,1,1,0,,0,1,2,0,3,4,0,0,21403,,0,2,1,
2026-09-13T09:23:06.082Z,135685156000000,1556710,15533,-43936,-43933,,-57450,-63083,-63083,-30415,-3,2,-63083,-63083,0,1,1,0,,0,1,2,0,3,4,0,0,21403,,0,2,1,
2026-09-13T09:23:06.200Z,135685265000000,1556827,15534,-43938,-43937,,-57450,-58577,-58577,-30415,-3,2,-58577,-58577,0,1,1,0,,0,1,2,0,3,4,0,0,21403,,0,2,1,
2026-09-13T09:23:06.413Z,135685484000000,1556945,15535,-43927,-43933,,-61956,-63083,-63083,-30415,-3,2,-63083,-63083,0,1,1,0,,0,1,2,0,3,4,0,0,21403,,0,2,1,
2026-09-13T09:23:06.530Z,135685609000000,1557169,15538,-43943,-43941,,-61956,-54071,-54071,-30415,-3,2,-54071,-54071,0,1,1,0,,0,1,2,0,3,4,0,0,25909,,0,2,1,
2026-09-13T09:23:06.648Z,135685718000000,1557275,15539,-43941,-43942,,-61956,-52945,-52945,-30415,-3,2,-52945,-52945,0,1,1,0,,0,1,2,0,3,4,0,0,19150,,0,2,1,
2026-09-13T09:23:06.766Z,135685843000000,1557393,15540,-43936,-43939,,-61956,-56324,-56324,-30415,-3,2,-56324,-56324,0,1,1,0,,0,1,2,0,3,4,0,0,15770,,0,2,1,
2026-09-13T09:23:06.884Z,135685953000000,1557509,15541,-43938,-43937,,-61956,-58577,-58577,-30415,-3,2,-58577,-58577,0,1,1,0,,0,1,2,0,3,4,0,0,15770,,0,2,1,
2026-09-13T09:23:07.001Z,135686078000000,1557629,15542,-43951,-43945,,-61956,-49565,-49565,-30415,-3,2,-49565,-49565,0,1,1,0,,0,1,2,0,3,4,0,0,19150,,0,2,1,
2026-09-13T09:23:07.117Z,135686187000000,1557746,15543,-43951,-43951,,-61956,-42806,-42806,-30415,-3,2,-42806,-42806,0,1,1,0,,0,1,2,0,3,4,0,0,25909,,0,2,1,
2026-09-13T09:23:07.235Z,135686312000000,1557871,15545,-43942,-43944,,-61956,-50692,-50692,-30415,-3,2,-50692,-50692,0,1,1,0,,0,1,2,0,3,4,0,0,15771,,0,2,1,
2026-09-13T09:23:07.448Z,135686515000000,1557981,15546,-43947,-43945,,-43933,-49565,-49565,-30415,-3,2,-49565,-49565,0,1,1,0,,0,1,2,0,3,4,0,0,15771,,0,2,1,
2026-09-13T09:23:07.565Z,135686640000000,1558199,15548,-43956,-43955,,-43933,-38300,-38300,-30415,-3,2,-38300,-38300,0,1,1,0,,0,1,2,0,3,4,0,0,20277,,0,2,1,
2026-09-13T09:23:07.684Z,135686750000000,1558310,15549,-43950,-43953,,-43933,-40553,-40553,-30415,-3,2,-40553,-40553,0,1,1,0,,0,1,2,0,3,4,0,0,12392,,0,2,1,
2026-09-13T09:23:07.802Z,135686875000000,1558429,15550,-43963,-43957,,-43933,-36047,-36047,-30415,-3,2,-36047,-36047,0,1,1,0,,0,1,2,0,3,4,0,0,14645,,0,2,1,
2026-09-13T09:23:07.918Z,135686984000000,1558546,15551,-43976,-43970,,-43933,-21403,-21403,-30415,-3,2,-21403,-21403,0,1,1,0,,0,1,2,0,3,4,0,0,29289,,0,2,1,
2026-09-13T09:23:08.034Z,135687109000000,1558672,15553,-43932,-43942,,-43933,-52945,-52945,-30415,-3,2,-52945,-52945,0,1,1,0,,0,1,2,0,3,4,0,0,31542,,0,2,1,
2026-09-13T09:23:08.151Z,135687218000000,1558779,15554,-43938,-43935,,-43933,-60830,-60830,-30415,-3,2,-60830,-60830,0,1,1,0,,0,1,2,0,3,4,0,0,39427,,0,2,1,
2026-09-13T09:23:08.269Z,135687343000000,1558896,15555,-43949,-43944,,-43933,-50692,-50692,-30415,-3,2,-50692,-50692,0,1,1,0,,0,1,2,0,3,4,0,0,39427,,0,2,1,
2026-09-13T09:23:08.487Z,135687562000000,1559014,15556,-43959,-43954,,-56324,-39427,-39427,-30415,-3,2,-39427,-39427,0,1,1,0,,0,1,2,0,3,4,0,0,39427,,0,2,1,
2026-09-13T09:23:08.605Z,135687671000000,1559179,15558,-43939,-43939,,-56324,-56324,-56324,-30415,-3,2,-56324,-56324,0,1,1,0,,0,1,2,0,3,4,0,0,39427,,0,2,1,
2026-09-13T09:23:08.722Z,135687796000000,1559349,15559,-43953,-43946,,-56324,-48439,-48439,-30415,-3,2,-48439,-48439,0,1,1,0,,0,1,2,0,3,4,0,0,32668,,0,2,1,
2026-09-13T09:23:08.840Z,135687906000000,1559474,15561,-43947,-43945,,-56324,-49565,-49565,-30415,-3,2,-49565,-49565,0,1,1,0,,0,1,2,0,3,4,0,0,21403,,0,2,1,
2026-09-13T09:23:08.957Z,135688031000000,1559585,15562,-43942,-43945,,-56324,-49565,-49565,-30415,-3,2,-49565,-49565,0,1,1,0,,0,1,2,0,3,4,0,0,16897,,0,2,1,
2026-09-13T09:23:09.075Z,135688140000000,1559702,15563,-43930,-43936,,-56324,-59703,-59703,-30415,-3,2,-59703,-59703,0,1,1,0,,0,1,2,0,3,4,0,0,20276,,0,2,1,
2026-09-13T09:23:09.191Z,135688265000000,1559820,15564,-43925,-43928,,-56324,-68715,-68715,-30415,-3,2,-68715,-68715,0,1,1,0,,0,1,2,0,3,4,0,0,23656,,0,2,1,
2026-09-13T09:23:09.308Z,135688375000000,1559937,15565,-43930,-43928,,-56324,-68715,-68715,-30415,-3,2,-68715,-68715,0,1,1,0,,0,1,2,0,3,4,0,0,22529,,0,2,1,
2026-09-13T09:23:09.520Z,135688593000000,1560054,15566,-43935,-43933,,-43933,-63083,-63083,-30415,-3,2,-63083,-63083,0,1,1,0,,0,1,2,0,3,4,0,0,22529,,0,2,1,
2026-09-13T09:23:09.637Z,135688703000000,1560275,15569,-43950,-43950,,-43933,-43933,-43933,-30415,-3,2,-43933,-43933,0,1,1,0,,0,1,2,0,3,4,0,0,24782,,0,2,1,
2026-09-13T09:23:09.754Z,135688828000000,1560382,15570,-43953,-43952,,-43933,-41680,-41680,-30415,-3,2,-41680,-41680,0,1,1,0,,0,1,2,0,3,4,0,0,27035,,0,2,1,
2026-09-13T09:23:09.870Z,135688937000000,1560499,15571,-43946,-43950,,-43933,-43933,-43933,-30415,-3,2,-43933,-43933,0,1,1,0,,0,1,2,0,3,4,0,0,27035,,0,2,1,
2026-09-13T09:23:09.987Z,135689062000000,1560616,15572,-43929,-43938,,-43933,-57450,-57450,-30415,-3,2,-57450,-57450,0,1,1,0,,0,1,2,0,3,4,0,0,27035,,0,2,1,
2026-09-13T09:23:10.105Z,135689171000000,1560732,15573,-43925,-43927,,-43933,-69842,-69842,-30415,-3,2,-69842,-69842,0,1,1,0,,0,1,2,0,3,4,0,0,28162,,0,2,1,
2026-09-13T09:23:10.222Z,135689296000000,1560850,15574,-43932,-43929,,-43933,-67589,-67589,-30415,-3,2,-67589,-67589,0,1,1,0,,0,1,2,0,3,4,0,0,28162,,0,2,1,
2026-09-13T09:23:10.340Z,135689406000000,1560977,15576,-43949,-43951,,-43933,-42806,-42806,-30415,-3,2,-42806,-42806,0,1,1,0,,0,1,2,0,3,4,0,0,28162,,0,2,1,
2026-09-13T09:23:10.554Z,135689625000000,1561085,15577,-43929,-43939,,-64209,-56324,-56324,-30415,-3,2,-56324,-56324,0,1,1,0,,0,1,2,0,3,4,0,0,28162,,0,2,1,
2026-09-13T09:23:10.671Z,135689750000000,1561305,15579,-43935,-43935,,-64209,-60830,-60830,-30415,-3,2,-60830,-60830,0,1,1,0,,0,1,2,0,3,4,0,0,27036,,0,2,1,
2026-09-13T09:23:10.788Z,135689859000000,1561416,15580,-43954,-43945,,-64209,-49565,-49565,-30415,-3,2,-49565,-49565,0,1,1,0,,0,1,2,0,3,4,0,0,27036,,0,2,1,
2026-09-13T09:23:10.905Z,135689984000000,1561534,15581,-43943,-43949,,-64209,-45059,-45059,-30415,-3,2,-45059,-45059,0,1,1,0,,0,1,2,0,3,4,0,0,24783,,0,2,1,
2026-09-13T09:23:11.023Z,135690093000000,1561651,15582,-43947,-43945,,-64209,-49565,-49565,-30415,-3,2,-49565,-49565,0,1,1,0,,0,1,2,0,3,4,0,0,21403,,0,2,1,
2026-09-13T09:23:11.140Z,135690218000000,1561778,15584,-43939,-43943,,-64209,-51818,-51818,-30415,-3,2,-51818,-51818,0,1,1,0,,0,1,2,0,3,4,0,0,19150,,0,2,1,
2026-09-13T09:23:11.257Z,135690328000000,1561885,15585,-43936,-43938,,-64209,-57450,-57450,-30415,-3,2,-57450,-57450,0,1,1,0,,0,1,2,0,3,4,0,0,19150,,0,2,1,
2026-09-13T09:23:11.374Z,135690453000000,1562002,15586,-43948,-43942,,-64209,-52945,-52945,-30415,-3,2,-52945,-52945,0,1,1,0,,0,1,2,0,3,4,0,0,15771,,0,2,1,
2026-09-13T09:23:11.588Z,135690656000000,1562120,15587,-43961,-43955,,-41680,-38300,-38300,-30415,-3,2,-38300,-38300,0,1,1,0,,0,1,2,0,3,4,0,0,19150,,0,2,1,
2026-09-13T09:23:11.705Z,135690781000000,1562283,15589,-43946,-43952,,-41680,-41680,-41680,-30415,-3,2,-41680,-41680,0,1,1,0,,0,1,2,0,3,4,0,0,24782,,0,2,1,
2026-09-13T09:23:11.825Z,135690890000000,1562450,15590,-43930,-43938,,-41680,-57450,-57450,-30415,-3,2,-57450,-57450,0,1,1,0,,0,1,2,0,3,4,0,0,24782,,0,2,1,
2026-09-13T09:23:11.942Z,135691015000000,1562580,15592,-43950,-43945,,-41680,-49565,-49565,-30415,-3,2,-49565,-49565,0,1,1,0,,0,1,2,0,3,4,0,0,28162,,0,2,1,
2026-09-13T09:23:12.060Z,135691125000000,1562687,15593,-43946,-43948,,-41680,-46186,-46186,-30415,-3,2,-46186,-46186,0,1,1,0,,0,1,2,0,3,4,0,0,28162,,0,2,1,
2026-09-13T09:23:12.176Z,135691250000000,1562805,15594,-43954,-43950,,-41680,-43933,-43933,-30415,-3,2,-43933,-43933,0,1,1,0,,0,1,2,0,3,4,0,0,28162,,0,2,1,
2026-09-13T09:23:12.293Z,135691359000000,1562921,15595,-43954,-43954,,-41680,-39427,-39427,-30415,-3,2,-39427,-39427,0,1,1,0,,0,1,2,0,3,4,0,0,28162,,0,2,1,
2026-09-13T09:23:12.411Z,135691484000000,1563040,15596,-43955,-43955,,-41680,-38300,-38300,-30415,-3,2,-38300,-38300,0,1,1,0,,0,1,2,0,3,4,0,0,22530,,0,2,1,
2026-09-13T09:23:12.625Z,135691703000000,1563157,15597,-43948,-43952,,-57450,-41680,-41680,-30415,-3,2,-41680,-41680,0,1,1,0,,0,1,2,0,3,4,0,0,22530,,0,2,1,
2026-09-13T09:23:12.745Z,135691812000000,1563382,15600,-43944,-43940,,-57450,-55197,-55197,-30415,-3,2,-55197,-55197,0,1,1,0,,0,1,2,0,3,4,0,0,19150,,0,2,1,
2026-09-13T09:23:12.863Z,135691937000000,1563489,15601,-43937,-43941,,-57450,-54071,-54071,-30415,-3,2,-54071,-54071,0,1,1,0,,0,1,2,0,3,4,0,0,19150,,0,2,1,
2026-09-13T09:23:12.980Z,135692046000000,1563608,15602,-43941,-43939,,-57450,-56324,-56324,-30415,-3,2,-56324,-56324,0,1,1,0,,0,1,2,0,3,4,0,0,19150,,0,2,1,
2026-09-13T09:23:13.097Z,135692171000000,1563726,15603,-43933,-43937,,-57450,-58577,-58577,-30415,-3,2,-58577,-58577,0,1,1,0,,0,1,2,0,3,4,0,0,20277,,0,2,1,
2026-09-13T09:23:13.214Z,135692281000000,1563843,15604,-43936,-43935,,-57450,-60830,-60830,-30415,-3,2,-60830,-60830,0,1,1,0,,0,1,2,0,3,4,0,0,19150,,0,2,1,
2026-09-13T09:23:13.332Z,135692406000000,1563960,15605,-43942,-43939,,-57450,-56324,-56324,-30415,-3,2,-56324,-56324,0,1,1,0,,0,1,2,0,3,4,0,0,10138,,0,2,1,
2026-09-13T09:23:13.450Z,135692515000000,1564083,15607,-43963,-43950,,-57450,-43933,-43933,-30415,-3,2,-43933,-43933,0,1,1,0,,0,1,2,0,3,4,0,0,16897,,0,2,1,
2026-09-13T09:23:13.664Z,135692734000000,1564195,15608,-43950,-43957,,-54071,-36047,-36047,-30415,-3,2,-36047,-36047,0,1,1,0,,0,1,2,0,3,4,0,0,24783,,0,2,1,
2026-09-13T09:23:13.782Z,135692859000000,1564416,15610,-43932,-43932,,-54071,-64209,-64209,-30415,-3,2,-64209,-64209,0,1,1,0,,0,1,2,0,3,4,0,0,28162,,0,2,1,
2026-09-13T09:23:13.898Z,135692968000000,1564528,15611,-43952,-43942,,-54071,-52945,-52945,-30415,-3,2,-52945,-52945,0,1,1,0,,0,1,2,0,3,4,0,0,28162,,0,2,1,
2026-09-13T09:23:14.015Z,135693093000000,1564644,15612,-43942,-43947,,-54071,-47312,-47312,-30415,-3,2,-47312,-47312,0,1,1,0,,0,1,2,0,3,4,0,0,28162,,0,2,1,
2026-09-13T09:23:14.131Z,135693203000000,1564760,15613,-43947,-43945,,-54071,-49565,-49565,-30415,-3,2,-49565,-49565,0,1,1,0,,0,1,2,0,3,4,0,0,28162,,0,2,1,
2026-09-13T09:23:14.249Z,135693328000000,1564885,15615,-43929,-43928,,-54071,-68715,-68715,-30415,-3,2,-68715,-68715,0,1,1,0,,0,1,2,0,3,4,0,0,32668,,0,2,1,
2026-09-13T09:23:14.366Z,135693437000000,1564994,15616,-43931,-43930,,-54071,-66462,-66462,-30415,-3,2,-66462,-66462,0,1,1,0,,0,1,2,0,3,4,0,0,21403,,0,2,1,
2026-09-13T09:23:14.484Z,135693562000000,1565111,15617,-43935,-43933,,-54071,-63083,-63083,-30415,-3,2,-63083,-63083,0,1,1,0,,0,1,2,0,3,4,0,0,21403,,0,2,1,
2026-09-13T09:23:14.698Z,135693765000000,1565229,15618,-43922,-43929,,-60830,-67589,-67589,-30415,-3,2,-67589,-67589,0,1,1,0,,0,1,2,0,3,4,0,0,21403,,0,2,1,
2026-09-13T09:23:14.816Z,135693890000000,1565394,15620,-43939,-43935,,-60830,-60830,-60830,-30415,-3,2,-60830,-60830,0,1,1,0,,0,1,2,0,3,4,0,0,20277,,0,2,1,
2026-09-13T09:23:14.933Z,135694000000000,1565561,15621,-43946,-43943,,-60830,-51818,-51818,-30415,-3,2,-51818,-51818,0,1,1,0,,0,1,2,0,3,4,0,0,18024,,0,2,1,
2026-09-13T09:23:15.051Z,135694125000000,1565686,15623,-43931,-43934,,-60830,-61956,-61956,-30415,-3,2,-61956,-61956,0,1,1,0,,0,1,2,0,3,4,0,0,18024,,0,2,1,
2026-09-13T09:23:15.167Z,135694234000000,1565797,15624,-43948,-43940,,-60830,-55197,-55197,-30415,-3,2,-55197,-55197,0,1,1,0,,0,1,2,0,3,4,0,0,18024,,0,2,1,
2026-09-13T09:23:15.285Z,135694359000000,1565913,15625,-43934,-43941,,-60830,-54071,-54071,-30415,-3,2,-54071,-54071,0,1,1,0,,0,1,2,0,3,4,0,0,18024,,0,2,1,
2026-09-13T09:23:15.405Z,135694484000000,1566030,15626,-43928,-43931,,-60830,-65336,-65336,-30415,-3,2,-65336,-65336,0,1,1,0,,0,1,2,0,3,4,0,0,18024,,0,2,1,
2026-09-13T09:23:15.524Z,135694593000000,1566149,15627,-43935,-43932,,-60830,-64209,-64209,-30415,-3,2,-64209,-64209,0,1,1,0,,0,1,2,0,3,4,0,0,13518,,0,2,1,
2026-09-13T09:23:15.739Z,135694812000000,1566288,15629,-43937,-43941,,-54071,-54071,-54071,-30415,-3,2,-54071,-54071,0,1,1,0,,0,1,2,0,3,4,0,0,12391,,0,2,1,
2026-09-13T09:23:15.856Z,135694921000000,1566491,15631,-43951,-43948,,-54071,-46186,-46186,-30415,-3,2,-46186,-46186,0,1,1,0,,0,1,2,0,3,4,0,0,19150,,0,2,1,
2026-09-13T09:23:15.973Z,135695046000000,1566602,15632,-43951,-43951,,-54071,-42806,-42806,-30415,-3,2,-42806,-42806,0,1,1,0,,0,1,2,0,3,4,0,0,22530,,0,2,1,
2026-09-13T09:23:16.090Z,135695156000000,1566719,15633,-43945,-43948,,-54071,-46186,-46186,-30415,-3,2,-46186,-46186,0,1,1,0,,0,1,2,0,3,4,0,0,22530,,0,2,1,
2026-09-13T09:23:16.208Z,135695281000000,1566836,15634,-43949,-43947,,-54071,-47312,-47312,-30415,-3,2,-47312,-47312,0,1,1,0,,0,1,2,0,3,4,0,0,21403,,0,2,1,
2026-09-13T09:23:16.325Z,135695406000000,1566953,15635,-43949,-43949,,-54071,-45059,-45059,-30415,-3,2,-45059,-45059,0,1,1,0,,0,1,2,0,3,4,0,0,12391,,0,2,1,
2026-09-13T09:23:16.444Z,135695515000000,1567089,15637,-43955,-43958,,-54071,-34921,-34921,-30415,-3,2,-34921,-34921,0,1,1,0,,0,1,2,0,3,4,0,0,19150,,0,2,1,
2026-09-13T09:23:16.561Z,135695640000000,1567190,15638,-43942,-43949,,-54071,-45059,-45059,-30415,-3,2,-45059,-45059,0,1,1,0,,0,1,2,0,3,4,0,0,12391,,0,2,1,
2026-09-13T09:23:16.779Z,135695859000000,1567308,15639,-43956,-43949,,-34921,-45059,-45059,-30415,-3,2,-45059,-45059,0,1,1,0,,0,1,2,0,3,4,0,0,12391,,0,2,1,
2026-09-13T09:23:16.895Z,135695968000000,1567530,15641,-43948,-43954,,-34921,-39427,-39427,-30415,-3,2,-39427,-39427,0,1,1,0,,0,1,2,0,3,4,0,0,12391,,0,2,1,
2026-09-13T09:23:17.013Z,135696078000000,1567642,15642,-43945,-43947,,-34921,-47312,-47312,-30415,-3,2,-47312,-47312,0,1,1,0,,0,1,2,0,3,4,0,0,12391,,0,2,1,
2026-09-13T09:23:17.129Z,135696203000000,1567759,15643,-43944,-43945,,-34921,-49565,-49565,-30415,-3,2,-49565,-49565,0,1,1,0,,0,1,2,0,3,4,0,0,14644,,0,2,1,
2026-09-13T09:23:17.245Z,135696312000000,1567891,15645,-43940,-43944,,-34921,-50692,-50692,-30415,-3,2,-50692,-50692,0,1,1,0,,0,1,2,0,3,4,0,0,15771,,0,2,1,
2026-09-13T09:23:17.365Z,135696437000000,1567992,15646,-43952,-43946,,-34921,-48439,-48439,-30415,-3,2,-48439,-48439,0,1,1,0,,0,1,2,0,3,4,0,0,15771,,0,2,1,
2026-09-13T09:23:17.483Z,135696562000000,1568110,15647,-43943,-43948,,-34921,-46186,-46186,-30415,-3,2,-46186,-46186,0,1,1,0,,0,1,2,0,3,4,0,0,15771,,0,2,1,
2026-09-13T09:23:17.603Z,135696671000000,1568229,15648,-43927,-43935,,-34921,-60830,-60830,-30415,-3,2,-60830,-60830,0,1,1,0,,0,1,2,0,3,4,0,0,21403,,0,2,1,
2026-09-13T09:23:17.817Z,135696890000000,1568348,15649,-43931,-43929,,-47312,-67589,-67589,-30415,-3,2,-67589,-67589,0,1,1,0,,0,1,2,0,3,4,0,0,21403,,0,2,1,
2026-09-13T09:23:17.935Z,135697000000000,1568513,15651,-43944,-43947,,-47312,-47312,-47312,-30415,-3,2,-47312,-47312,0,1,1,0,,0,1,2,0,3,4,0,0,21403,,0,2,1,
2026-09-13T09:23:18.052Z,135697125000000,1568692,15653,-43962,-43952,,-47312,-41680,-41680,-30415,-3,2,-41680,-41680,0,1,1,0,,0,1,2,0,3,4,0,0,25909,,0,2,1,
2026-09-13T09:23:18.168Z,135697234000000,1568798,15654,-43947,-43955,,-47312,-38300,-38300,-30415,-3,2,-38300,-38300,0,1,1,0,,0,1,2,0,3,4,0,0,29289,,0,2,1,
2026-09-13T09:23:18.285Z,135697359000000,1568914,15655,-43934,-43941,,-47312,-54071,-54071,-30415,-3,2,-54071,-54071,0,1,1,0,,0,1,2,0,3,4,0,0,29289,,0,2,1,
2026-09-13T09:23:18.403Z,135697468000000,1569031,15656,-43945,-43940,,-47312,-55197,-55197,-30415,-3,2,-55197,-55197,0,1,1,0,,0,1,2,0,3,4,0,0,29289,,0,2,1,
2026-09-13T09:23:18.521Z,135697593000000,1569149,15657,-43939,-43942,,-47312,-52945,-52945,-30415,-3,2,-52945,-52945,0,1,1,0,,0,1,2,0,3,4,0,0,16897,,0,2,1,
2026-09-13T09:23:18.636Z,135697703000000,1569267,15658,-43931,-43935,,-47312,-60830,-60830,-30415,-3,2,-60830,-60830,0,1,1,0,,0,1,2,0,3,4,0,0,22530,,0,2,1,
2026-09-13T09:23:18.851Z,135697921000000,1569394,15660,-43934,-43929,,-51818,-67589,-67589,-30415,-3,2,-67589,-67589,0,1,1,0,,0,1,2,0,3,4,0,0,30415,,0,2,1,
2026-09-13T09:23:18.968Z,135698046000000,1569603,15662,-43950,-43951,,-51818,-42806,-42806,-30415,-3,2,-42806,-42806,0,1,1,0,,0,1,2,0,3,4,0,0,25909,,0,2,1,
2026-09-13T09:23:19.085Z,135698156000000,1569713,15663,-43938,-43944,,-51818,-50692,-50692,-30415,-3,2,-50692,-50692,0,1,1,0,,0,1,2,0,3,4,0,0,25909,,0,2,1,
2026-09-13T09:23:19.203Z,135698281000000,1569830,15664,-43942,-43940,,-51818,-55197,-55197,-30415,-3,2,-55197,-55197,0,1,1,0,,0,1,2,0,3,4,0,0,25909,,0,2,1,
2026-09-13T09:23:19.321Z,135698390000000,1569948,15665,-43964,-43953,,-51818,-40553,-40553,-30415,-3,2,-40553,-40553,0,1,1,0,,0,1,2,0,3,4,0,0,28162,,0,2,1,
2026-09-13T09:23:19.437Z,135698515000000,1570067,15666,-43958,-43961,,-51818,-31541,-31541,-30415,-3,2,-31541,-31541,0,1,1,0,,0,1,2,0,3,4,0,0,37174,,0,2,1,
2026-09-13T09:23:19.555Z,135698625000000,1570195,15668,-43938,-43937,,-51818,-58577,-58577,-30415,-3,2,-58577,-58577,0,1,1,0,,0,1,2,0,3,4,0,0,27036,,0,2,1,
2026-09-13T09:23:19.673Z,135698750000000,1570301,15669,-43926,-43932,,-51818,-64209,-64209,-30415,-3,2,-64209,-64209,0,1,1,0,,0,1,2,0,3,4,0,0,32668,,0,2,1,
2026-09-13T09:23:19.888Z,135698953000000,1570419,15670,-43929,-43928,,-51818,-68715,-68715,-30415,-3,2,-68715,-68715,0,1,1,0,,0,1,2,0,3,4,0,0,37174,,0,2,1,
2026-09-13T09:23:20.005Z,135699078000000,1570639,15672,-43949,-43953,,-51818,-40553,-40553,-30415,-3,2,-40553,-40553,0,1,1,0,,0,1,2,0,3,4,0,0,37174,,0,2,1,
2026-09-13T09:23:20.123Z,135699203000000,1570750,15673,-43946,-43948,,-51818,-46186,-46186,-30415,-3,2,-46186,-46186,0,1,1,0,,0,1,2,0,3,4,0,0,37174,,0,2,1,
2026-09-13T09:23:20.240Z,135699312000000,1570868,15674,-43936,-43941,,-51818,-54071,-54071,-30415,-3,2,-54071,-54071,0,1,1,0,,0,1,2,0,3,4,0,0,28162,,0,2,1,
2026-09-13T09:23:20.357Z,135699437000000,1570997,15676,-43934,-43939,,-51818,-56324,-56324,-30415,-3,2,-56324,-56324,0,1,1,0,,0,1,2,0,3,4,0,0,28162,,0,2,1,
2026-09-13T09:23:20.475Z,135699546000000,1571103,15677,-43931,-43933,,-51818,-63083,-63083,-30415,-3,2,-63083,-63083,0,1,1,0,,0,1,2,0,3,4,0,0,28162,,0,2,1,
2026-09-13T09:23:20.591Z,135699671000000,1571221,15678,-43933,-43932,,-51818,-64209,-64209,-30415,-3,2,-64209,-64209,0,1,1,0,,0,1,2,0,3,4,0,0,23656,,0,2,1,
2026-09-13T09:23:20.708Z,135699781000000,1571337,15679,-43947,-43940,,-51818,-55197,-55197,-30415,-3,2,-55197,-55197,0,1,1,0,,0,1,2,0,3,4,0,0,23656,,0,2,1,
2026-09-13T09:23:20.922Z,135700000000000,1571455,15680,-43941,-43944,,-49565,-50692,-50692,-30415,-3,2,-50692,-50692,0,1,1,0,,0,1,2,0,3,4,0,0,18023,,0,2,1,
2026-09-13T09:23:21.038Z,135700109000000,1571618,15682,-43948,-43945,,-49565,-49565,-49565,-30415,-3,2,-49565,-49565,0,1,1,0,,0,1,2,0,3,4,0,0,14644,,0,2,1,
2026-09-13T09:23:21.154Z,135700234000000,1571798,15684,-43934,-43941,,-49565,-54071,-54071,-30415,-3,2,-54071,-54071,0,1,1,0,,0,1,2,0,3,4,0,0,18023,,0,2,1,
2026-09-13T09:23:21.271Z,135700343000000,1571900,15685,-43941,-43938,,-49565,-57450,-57450,-30415,-3,2,-57450,-57450,0,1,1,0,,0,1,2,0,3,4,0,0,18023,,0,2,1,
2026-09-13T09:23:21.388Z,135700453000000,1572018,15686,-43943,-43942,,-49565,-52945,-52945,-30415,-3,2,-52945,-52945,0,1,1,0,,0,1,2,0,3,4,0,0,11264,,0,2,1,
2026-09-13T09:23:21.504Z,135700578000000,1572134,15687,-43948,-43946,,-49565,-48439,-48439,-30415,-3,2,-48439,-48439,0,1,1,0,,0,1,2,0,3,4,0,0,11264,,0,2,1,
2026-09-13T09:23:21.621Z,135700687000000,1572251,15688,-43945,-43947,,-49565,-47312,-47312,-30415,-3,2,-47312,-47312,0,1,1,0,,0,1,2,0,3,4,0,0,11264,,0,2,1,
2026-09-13T09:23:21.738Z,135700812000000,1572367,15689,-43951,-43948,,-49565,-46186,-46186,-30415,-3,2,-46186,-46186,0,1,1,0,,0,1,2,0,3,4,0,0,11264,,0,2,1,
2026-09-13T09:23:21.951Z,135701031000000,1572500,15691,-43941,-43939,,-37174,-56324,-56324,-30415,-3,2,-56324,-56324,0,1,1,0,,0,1,2,0,3,4,0,0,11264,,0,2,1,
2026-09-13T09:23:22.067Z,135701140000000,1572703,15693,-43955,-43963,,-37174,-29288,-29288,-30415,-3,2,-29288,-29288,0,1,1,0,,0,1,2,0,3,4,0,0,27036,,0,2,1,
2026-09-13T09:23:22.184Z,135701250000000,1572814,15694,-43933,-43944,,-37174,-50692,-50692,-30415,-3,2,-50692,-50692,0,1,1,0,,0,1,2,0,3,4,0,0,27036,,0,2,1,
2026-09-13T09:23:22.303Z,135701375000000,1572931,15695,-43954,-43944,,-37174,-50692,-50692,-30415,-3,2,-50692,-50692,0,1,1,0,,0,1,2,0,3,4,0,0,27036,,0,2,1,
2026-09-13T09:23:22.421Z,135701500000000,1573049,15696,-43953,-43954,,-37174,-39427,-39427,-30415,-3,2,-39427,-39427,0,1,1,0,,0,1,2,0,3,4,0,0,27036,,0,2,1,
2026-09-13T09:23:22.538Z,135701609000000,1573167,15697,-43953,-43953,,-37174,-40553,-40553,-30415,-3,2,-40553,-40553,0,1,1,0,,0,1,2,0,3,4,0,0,27036,,0,2,1,
2026-09-13T09:23:22.655Z,135701734000000,1573301,15699,-43937,-43936,,-37174,-59703,-59703,-30415,-3,2,-59703,-59703,0,1,1,0,,0,1,2,0,3,4,0,0,30415,,0,2,1,
2026-09-13T09:23:22.774Z,135701843000000,1573402,15700,-43945,-43941,,-37174,-54071,-54071,-30415,-3,2,-54071,-54071,0,1,1,0,,0,1,2,0,3,4,0,0,30415,,0,2,1,
2026-09-13T09:23:22.987Z,135702062000000,1573520,15701,-43944,-43945,,-56324,-49565,-49565,-30415,-3,2,-49565,-49565,0,1,1,0,,0,1,2,0,3,4,0,0,20276,,0,2,1,
2026-09-13T09:23:23.105Z,135702171000000,1573740,15703,-43944,-43939,,-56324,-56324,-56324,-30415,-3,2,-56324,-56324,0,1,1,0,,0,1,2,0,3,4,0,0,20276,,0,2,1,
2026-09-13T09:23:23.221Z,135702296000000,1573851,15704,-43962,-43953,,-56324,-40553,-40553,-30415,-3,2,-40553,-40553,0,1,1,0,,0,1,2,0,3,4,0,0,19150,,0,2,1,
2026-09-13T09:23:23.339Z,135702406000000,1573967,15705,-43942,-43952,,-56324,-41680,-41680,-30415,-3,2,-41680,-41680,0,1,1,0,,0,1,2,0,3,4,0,0,19150,,0,2,1,
2026-09-13T09:23:23.456Z,135702531000000,1574103,15707,-43930,-43939,,-56324,-56324,-56324,-30415,-3,2,-56324,-56324,0,1,1,0,,0,1,2,0,3,4,0,0,15771,,0,2,1,
2026-09-13T09:23:23.573Z,135702640000000,1574203,15708,-43933,-43932,,-56324,-64209,-64209,-30415,-3,2,-64209,-64209,0,1,1,0,,0,1,2,0,3,4,0,0,23656,,0,2,1,
2026-09-13T09:23:23.690Z,135702765000000,1574320,15709,-43950,-43942,,-56324,-52945,-52945,-30415,-3,2,-52945,-52945,0,1,1,0,,0,1,2,0,3,4,0,0,23656,,0,2,1,
2026-09-13T09:23:23.808Z,135702875000000,1574437,15710,-43939,-43945,,-56324,-49565,-49565,-30415,-3,2,-49565,-49565,0,1,1,0,,0,1,2,0,3,4,0,0,23656,,0,2,1,
2026-09-13T09:23:24.021Z,135703093000000,1574554,15711,-43937,-43938,,-61956,-57450,-57450,-30415,-3,2,-57450,-57450,0,1,1,0,,0,1,2,0,3,4,0,0,23656,,0,2,1,
2026-09-13T09:23:24.137Z,135703203000000,1574717,15713,-43939,-43934,,-61956,-61956,-61956,-30415,-3,2,-61956,-61956,0,1,1,0,,0,1,2,0,3,4,0,0,14644,,0,2,1,
2026-09-13T09:23:24.254Z,135703328000000,1574884,15714,-43949,-43944,,-61956,-50692,-50692,-30415,-3,2,-50692,-50692,0,1,1,0,,0,1,2,0,3,4,0,0,14644,,0,2,1,
2026-09-13T09:23:24.372Z,135703437000000,1575005,15716,-43968,-43960,,-61956,-32668,-32668,-30415,-3,2,-32668,-32668,0,1,1,0,,0,1,2,0,3,4,0,0,30415,,0,2,1,
2026-09-13T09:23:24.489Z,135703562000000,1575118,15717,-43957,-43963,,-61956,-29288,-29288,-30415,-3,2,-29288,-29288,0,1,1,0,,0,1,2,0,3,4,0,0,33795,,0,2,1,
2026-09-13T09:23:24.605Z,135703671000000,1575236,15718,-43941,-43949,,-61956,-45059,-45059,-30415,-3,2,-45059,-45059,0,1,1,0,,0,1,2,0,3,4,0,0,33795,,0,2,1,
2026-09-13T09:23:24.723Z,135703796000000,1575352,15719,-43947,-43944,,-61956,-50692,-50692,-30415,-3,2,-50692,-50692,0,1,1,0,,0,1,2,0,3,4,0,0,33795,,0,2,1,
2026-09-13T09:23:24.841Z,135703921000000,1575469,15720,-43931,-43939,,-61956,-56324,-56324,-30415,-3,2,-56324,-56324,0,1,1,0,,0,1,2,0,3,4,0,0,32668,,0,2,1,
2026-09-13T09:23:25.058Z,135704125000000,1575606,15722,-43941,-43935,,-52945,-60830,-60830,-30415,-3,2,-60830,-60830,0,1,1,0,,0,1,2,0,3,4,0,0,37174,,0,2,1,
2026-09-13T09:23:25.175Z,135704250000000,1575810,15724,-43928,-43936,,-52945,-59703,-59703,-30415,-3,2,-59703,-59703,0,1,1,0,,0,1,2,0,3,4,0,0,37174,,0,2,1,
2026-09-13T09:23:25.292Z,135704359000000,1575921,15725,-43935,-43932,,-52945,-64209,-64209,-30415,-3,2,-64209,-64209,0,1,1,0,,0,1,2,0,3,4,0,0,21403,,0,2,1,
2026-09-13T09:23:25.409Z,135704484000000,1576039,15726,-43945,-43940,,-52945,-55197,-55197,-30415,-3,2,-55197,-55197,0,1,1,0,,0,1,2,0,3,4,0,0,15770,,0,2,1,
2026-09-13T09:23:25.526Z,135704593000000,1576156,15727,-43962,-43954,,-52945,-39427,-39427,-30415,-3,2,-39427,-39427,0,1,1,0,,0,1,2,0,3,4,0,0,27035,,0,2,1,
2026-09-13T09:23:25.643Z,135704718000000,1576272,15728,-43952,-43957,,-52945,-36047,-36047,-30415,-3,2,-36047,-36047,0,1,1,0,,0,1,2,0,3,4,0,0,30415,,0,2,1,
2026-09-13T09:23:25.763Z,135704828000000,1576407,15730,-43940,-43942,,-52945,-52945,-52945,-30415,-3,2,-52945,-52945,0,1,1,0,,0,1,2,0,3,4,0,0,28162,,0,2,1,
2026-09-13T09:23:25.879Z,135704953000000,1576509,15731,-43943,-43942,,-52945,-52945,-52945,-30415,-3,2,-52945,-52945,0,1,1,0,,0,1,2,0,3,4,0,0,28162,,0,2,1,
2026-09-13T09:23:26.095Z,135705171000000,1576626,15732,-43931,-43937,,-79980,-58577,-58577,-30415,-3,2,-58577,-58577,0,1,1,0,,0,1,2,0,3,4,0,0,28162,,0,2,1,
2026-09-13T09:23:26.212Z,135705281000000,1576847,15734,-43902,-43903,,-79980,-96877,-96877,-30415,-3,2,-96877,-96877,0,1,1,0,,0,1,2,0,3,4,0,0,60830,,0,2,1,
2026-09-13T09:23:26.330Z,135705406000000,1576958,15735,-43927,-43915,,-79980,-83359,-83359,-30415,-3,2,-83359,-83359,0,1,1,0,,0,1,2,0,3,4,0,0,60830,,0,2,1,
2026-09-13T09:23:26.447Z,135705515000000,1577076,15736,-43934,-43931,,-79980,-65336,-65336,-30415,-3,2,-65336,-65336,0,1,1,0,,0,1,2,0,3,4,0,0,50691,,0,2,1,
2026-09-13T09:23:26.564Z,135705640000000,1577209,15738,-43935,-43941,,-79980,-54071,-54071,-30415,-3,2,-54071,-54071,0,1,1,0,,0,1,2,0,3,4,0,0,43932,,0,2,1,
2026-09-13T09:23:26.681Z,135705750000000,1577310,15739,-43932,-43934,,-79980,-61956,-61956,-30415,-3,2,-61956,-61956,0,1,1,0,,0,1,2,0,3,4,0,0,42806,,0,2,1,
2026-09-13T09:23:26.798Z,135705875000000,1577428,15740,-43929,-43931,,-79980,-65336,-65336,-30415,-3,2,-65336,-65336,0,1,1,0,,0,1,2,0,3,4,0,0,42806,,0,2,1,
2026-09-13T09:23:26.915Z,135705984000000,1577545,15741,-43945,-43937,,-79980,-58577,-58577,-30415,-3,2,-58577,-58577,0,1,1,0,,0,1,2,0,3,4,0,0,42806,,0,2,1,
2026-09-13T09:23:27.128Z,135706203000000,1577662,15742,-43941,-43943,,-52945,-51818,-51818,-30415,-3,2,-51818,-51818,0,1,1,0,,0,1,2,0,3,4,0,0,31541,,0,2,1,
2026-09-13T09:23:27.244Z,135706312000000,1577825,15744,-43946,-43942,,-52945,-52945,-52945,-30415,-3,2,-52945,-52945,0,1,1,0,,0,1,2,0,3,4,0,0,13518,,0,2,1,
2026-09-13T09:23:27.365Z,135706437000000,1578011,15746,-43929,-43937,,-52945,-58577,-58577,-30415,-3,2,-58577,-58577,0,1,1,0,,0,1,2,0,3,4,0,0,15771,,0,2,1,
2026-09-13T09:23:27.483Z,135706562000000,1578111,15747,-43939,-43934,,-52945,-61956,-61956,-30415,-3,2,-61956,-61956,0,1,1,0,,0,1,2,0,3,4,0,0,15771,,0,2,1,
2026-09-13T09:23:27.599Z,135706671000000,1578229,15748,-43954,-43947,,-52945,-47312,-47312,-30415,-3,2,-47312,-47312,0,1,1,0,,0,1,2,0,3,4,0,0,14644,,0,2,1,
2026-09-13T09:23:27.716Z,135706796000000,1578346,15749,-43945,-43950,,-52945,-43933,-43933,-30415,-3,2,-43933,-43933,0,1,1,0,,0,1,2,0,3,4,0,0,18023,,0,2,1,
2026-09-13T09:23:27.833Z,135706906000000,1578462,15750,-43947,-43946,,-52945,-48439,-48439,-30415,-3,2,-48439,-48439,0,1,1,0,,0,1,2,0,3,4,0,0,18023,,0,2,1,
2026-09-13T09:23:27.952Z,135707031000000,1578581,15751,-43944,-43946,,-52945,-48439,-48439,-30415,-3,2,-48439,-48439,0,1,1,0,,0,1,2,0,3,4,0,0,18023,,0,2,1,
2026-09-13T09:23:28.165Z,135707234000000,1578712,15753,-43931,-43930,,-60830,-66462,-66462,-30415,-3,2,-66462,-66462,0,1,1,0,,0,1,2,0,3,4,0,0,22529,,0,2,1,
2026-09-13T09:23:28.284Z,135707359000000,1578918,15755,-43946,-43943,,-60830,-51818,-51818,-30415,-3,2,-51818,-51818,0,1,1,0,,0,1,2,0,3,4,0,0,22529,,0,2,1,
2026-09-13T09:23:28.401Z,135707468000000,1579030,15756,-43949,-43948,,-60830,-46186,-46186,-30415,-3,2,-46186,-46186,0,1,1,0,,0,1,2,0,3,4,0,0,22529,,0,2,1,
2026-09-13T09:23:28.518Z,135707593000000,1579147,15757,-43933,-43941,,-60830,-54071,-54071,-30415,-3,2,-54071,-54071,0,1,1,0,,0,1,2,0,3,4,0,0,20276,,0,2,1,
2026-09-13T09:23:28.634Z,135707703000000,1579265,15758,-43943,-43938,,-60830,-57450,-57450,-30415,-3,2,-57450,-57450,0,1,1,0,,0,1,2,0,3,4,0,0,20276,,0,2,1,
2026-09-13T09:23:28.751Z,135707828000000,1579381,15759,-43948,-43946,,-60830,-48439,-48439,-30415,-3,2,-48439,-48439,0,1,1,0,,0,1,2,0,3,4,0,0,20276,,0,2,1,
2026-09-13T09:23:28.868Z,135707937000000,1579514,15761,-43948,-43945,,-60830,-49565,-49565,-30415,-3,2,-49565,-49565,0,1,1,0,,0,1,2,0,3,4,0,0,14644,,0,2,1,
2026-09-13T09:23:28.984Z,135708062000000,1579615,15762,-43935,-43942,,-60830,-52945,-52945,-30415,-3,2,-52945,-52945,0,1,1,0,,0,1,2,0,3,4,0,0,11264,,0,2,1,
2026-09-13T09:23:29.199Z,135708265000000,1579731,15763,-43945,-43940,,-59703,-55197,-55197,-30415,-3,2,-55197,-55197,0,1,1,0,,0,1,2,0,3,4,0,0,11264,,0,2,1,
2026-09-13T09:23:29.315Z,135708390000000,1579951,15765,-43922,-43924,,-59703,-73221,-73221,-30415,-3,2,-73221,-73221,0,1,1,0,,0,1,2,0,3,4,0,0,24782,,0,2,1,
2026-09-13T09:23:29.434Z,135708500000000,1580063,15766,-43946,-43934,,-59703,-61956,-61956,-30415,-3,2,-61956,-61956,0,1,1,0,,0,1,2,0,3,4,0,0,24782,,0,2,1,
2026-09-13T09:23:29.550Z,135708625000000,1580180,15767,-43954,-43950,,-59703,-43933,-43933,-30415,-3,2,-43933,-43933,0,1,1,0,,0,1,2,0,3,4,0,0,29288,,0,2,1,
2026-09-13T09:23:29.666Z,135708734000000,1580315,15769,-43932,-43944,,-59703,-50692,-50692,-30415,-3,2,-50692,-50692,0,1,1,0,,0,1,2,0,3,4,0,0,34921,,0,2,1,
2026-09-13T09:23:29.784Z,135708859000000,1580415,15770,-43935,-43934,,-59703,-61956,-61956,-30415,-3,2,-61956,-61956,0,1,1,0,,0,1,2,0,3,4,0,0,34921,,0,2,1,
2026-09-13T09:23:29.903Z,135708968000000,1580531,15771,-43962,-43949,,-59703,-45059,-45059,-30415,-3,2,-45059,-45059,0,1,1,0,,0,1,2,0,3,4,0,0,34921,,0,2,1,
2026-09-13T09:23:30.021Z,135709093000000,1580649,15772,-43958,-43960,,-59703,-32668,-32668,-30415,-3,2,-32668,-32668,0,1,1,0,,0,1,2,0,3,4,0,0,40553,,0,2,1,
2026-09-13T09:23:30.235Z,135709312000000,1580767,15773,-43944,-43951,,-29288,-42806,-42806,-30415,-3,2,-42806,-42806,0,1,1,0,,0,1,2,0,3,4,0,0,29288,,0,2,1,
2026-09-13T09:23:30.352Z,135709421000000,1580931,15775,-43972,-43963,,-29288,-29288,-29288,-30415,-3,2,-29288,-29288,0,1,1,0,,0,1,2,0,3,4,0,0,32668,,0,2,1,
2026-09-13T09:23:30.470Z,135709546000000,1581117,15777,-43915,-43933,,-29288,-63083,-63083,-30415,-3,2,-63083,-63083,0,1,1,0,,0,1,2,0,3,4,0,0,33795,,0,2,1,
2026-09-13T09:23:30.588Z,135709656000000,1581217,15778,-43923,-43919,,-29288,-78854,-78854,-30415,-3,2,-78854,-78854,0,1,1,0,,0,1,2,0,3,4,0,0,49566,,0,2,1,
2026-09-13T09:23:30.705Z,135709781000000,1581335,15779,-43942,-43933,,-29288,-63083,-63083,-30415,-3,2,-63083,-63083,0,1,1,0,,0,1,2,0,3,4,0,0,49566,,0,2,1,
2026-09-13T09:23:30.822Z,135709890000000,1581452,15780,-43929,-43936,,-29288,-59703,-59703,-30415,-3,2,-59703,-59703,0,1,1,0,,0,1,2,0,3,4,0,0,49566,,0,2,1,
2026-09-13T09:23:30.941Z,135710015000000,1581569,15781,-43919,-43924,,-29288,-73221,-73221,-30415,-3,2,-73221,-73221,0,1,1,0,,0,1,2,0,3,4,0,0,49566,,0,2,1,
2026-09-13T09:23:31.057Z,135710125000000,1581688,15782,-43927,-43923,,-29288,-74348,-74348,-30415,-3,2,-74348,-74348,0,1,1,0,,0,1,2,0,3,4,0,0,49566,,0,2,1,
2026-09-13T09:23:31.270Z,135710343000000,1581818,15784,-43954,-43948,,-40553,-46186,-46186,-30415,-3,2,-46186,-46186,0,1,1,0,,0,1,2,0,3,4,0,0,32668,,0,2,1,
2026-09-13T09:23:31.387Z,135710453000000,1582024,15786,-43933,-43943,,-40553,-51818,-51818,-30415,-3,2,-51818,-51818,0,1,1,0,,0,1,2,0,3,4,0,0,33795,,0,2,1,
2026-09-13T09:23:31.503Z,135710578000000,1582135,15787,-43944,-43939,,-40553,-56324,-56324,-30415,-3,2,-56324,-56324,0,1,1,0,,0,1,2,0,3,4,0,0,33795,,0,2,1,
2026-09-13T09:23:31.620Z,135710687000000,1582251,15788,-43945,-43945,,-40553,-49565,-49565,-30415,-3,2,-49565,-49565,0,1,1,0,,0,1,2,0,3,4,0,0,33795,,0,2,1,
2026-09-13T09:23:31.737Z,135710812000000,1582367,15789,-43948,-43947,,-40553,-47312,-47312,-30415,-3,2,-47312,-47312,0,1,1,0,,0,1,2,0,3,4,0,0,33795,,0,2,1,
2026-09-13T09:23:31.853Z,135710921000000,1582484,15790,-43943,-43946,,-40553,-48439,-48439,-30415,-3,2,-48439,-48439,0,1,1,0,,0,1,2,0,3,4,0,0,21403,,0,2,1,
2026-09-13T09:23:31.973Z,135711046000000,1582620,15792,-136609,-95653,,-40553,58198400,58198400,-30415,5820,2,58198400,58198400,0,0,1,0,,0,1,2,0,3,4,0,0,58254724,,0,2,1,
2026-09-13T09:23:32.092Z,135711171000000,1582720,15793,-352677,-244643,,-40553,226032474,226032474,-30415,22603,2,226032474,226032474,0,0,0,0,,0,1,2,0,3,4,0,0,226088798,,0,2,1,
2026-09-13T09:23:32.309Z,135711375000000,1582839,15794,-497793,-425235,,504863009,429465531,429465531,504863009,42947,2,429465531,429465531,0,0,0,0,,0,1,2,0,3,4,0,0,429521855,,0,0,0,
2026-09-13T09:23:32.427Z,135711500000000,1583061,15796,-487785,-487163,,504863009,499226109,499226109,504863009,49923,2,499226109,499226109,0,0,0,0,,0,1,2,0,3,4,0,0,504911448,,0,0,0,
2026-09-13T09:23:32.545Z,135711625000000,1583174,15797,-487800,-487793,,504863009,499935791,499935791,504863009,49994,2,499935791,499935791,0,0,0,0,,0,1,2,0,3,4,0,0,504911448,,0,0,0,
2026-09-13T09:23:32.665Z,135711734000000,1583292,15798,-487815,-487808,,504863009,499952688,499952688,504863009,49995,2,499952688,499952688,0,0,0,0,,0,1,2,0,3,4,0,0,498857751,,0,0,0,
2026-09-13T09:23:32.785Z,135711859000000,1583421,15800,-487825,-487826,,504863009,499972965,499972965,504863009,49997,2,499972965,499972965,0,0,0,0,,0,1,2,0,3,4,0,0,278830535,,0,0,0,
2026-09-13T09:23:32.904Z,135711984000000,1583531,15801,-487803,-487814,,504863009,499959447,499959447,504863009,49996,2,499959447,499959447,0,0,0,0,,0,1,2,0,3,4,0,0,75397478,,0,0,0,
2026-09-13T09:23:33.023Z,135712093000000,1583651,15802,-487831,-487817,,504863009,499962826,499962826,504863009,49996,2,499962826,499962826,0,0,0,0,,0,1,2,0,3,4,0,0,5636900,,0,0,0,
2026-09-13T09:23:33.143Z,135712218000000,1583769,15803,-487841,-487836,,504863009,499984229,499984229,504863009,49998,2,499984229,499984229,0,0,0,0,,0,1,2,0,3,4,0,0,758120,,0,0,0,
2026-09-13T09:23:33.359Z,135712437000000,1583889,15804,-487827,-487834,,499977470,499981976,499981976,499977470,49998,2,499981976,499981976,0,0,0,0,,0,1,2,0,3,4,0,0,48438,,0,0,0,
2026-09-13T09:23:33.477Z,135712546000000,1584123,15807,-487812,-487816,,499977470,499961700,499961700,499977470,49996,2,499961700,499961700,0,0,0,0,,0,1,2,0,3,4,0,0,24782,,0,0,0,
2026-09-13T09:23:33.595Z,135712671000000,1584224,15808,-487796,-487804,,499977470,499948182,499948182,499977470,49995,2,499948182,499948182,0,0,0,0,,0,1,2,0,3,4,0,0,36047,,0,0,0,
2026-09-13T09:23:33.713Z,135712781000000,1584342,15809,-487824,-487810,,499977470,499954941,499954941,499977470,49995,2,499954941,499954941,0,0,0,0,,0,1,2,0,3,4,0,0,36047,,0,0,0,
2026-09-13T09:23:33.833Z,135712906000000,1584461,15810,-487831,-487828,,499977470,499975217,499975217,499977470,49998,2,499975217,499975217,0,0,0,0,,0,1,2,0,3,4,0,0,36047,,0,0,0,
2026-09-13T09:23:33.951Z,135713031000000,1584579,15811,-487817,-487824,,499977470,499970712,499970712,499977470,49997,2,499970712,499970712,0,0,0,0,,0,1,2,0,3,4,0,0,33794,,0,0,0,
2026-09-13T09:23:34.069Z,135713140000000,1584698,15812,-487832,-487825,,499977470,499971838,499971838,499977470,49997,2,499971838,499971838,0,0,0,0,,0,1,2,0,3,4,0,0,33794,,0,0,0,
2026-09-13T09:23:34.187Z,135713265000000,1584824,15814,-487829,-487827,,499977470,499974091,499974091,499977470,49997,2,499974091,499974091,0,0,0,0,,0,1,2,0,3,4,0,0,27035,,0,0,0,
2026-09-13T09:23:34.405Z,135713484000000,1584934,15815,-487810,-487820,,499961700,499966206,499966206,499961700,49997,2,499966206,499966206,0,1,0,0,,0,1,2,0,3,4,0,0,27035,,0,1,0,
2026-09-13T09:23:34.525Z,135713593000000,1585158,15817,-487839,-487831,,499961700,499978597,499978597,499961700,49998,2,499978597,499978597,0,1,0,0,,0,1,2,0,3,4,0,0,16897,,0,1,0,
2026-09-13T09:23:34.643Z,135713718000000,1585272,15818,-487830,-487835,,499961700,499983103,499983103,499961700,49998,2,499983103,499983103,0,1,0,0,,0,1,2,0,3,4,0,0,21403,,0,1,0,
2026-09-13T09:23:34.763Z,135713828000000,1585389,15819,-487823,-487827,,499961700,499974091,499974091,499961700,49997,2,499974091,499974091,0,1,0,0,,0,1,2,0,3,4,0,0,21403,,0,1,0,
2026-09-13T09:23:34.880Z,135713953000000,1585526,15821,-487835,-487829,,499961700,499976344,499976344,499961700,49998,2,499976344,499976344,0,1,0,0,,0,1,2,0,3,4,0,0,21403,,0,1,0,
2026-09-13T09:23:34.999Z,135714078000000,1585627,15822,-487830,-487833,,499961700,499980850,499980850,499961700,49998,2,499980850,499980850,0,1,0,0,,0,1,2,0,3,4,0,0,21403,,0,1,0,
2026-09-13T09:23:35.116Z,135714187000000,1585746,15823,-487839,-487835,,499961700,499983103,499983103,499961700,49998,2,499983103,499983103,0,1,0,0,,0,1,2,0,3,4,0,0,21403,,0,1,0,
2026-09-13T09:23:35.234Z,135714312000000,1585864,15824,-487816,-487828,,499961700,499975217,499975217,499961700,49998,2,499975217,499975217,0,1,0,0,,0,1,2,0,3,4,0,0,13518,,0,1,0,
2026-09-13T09:23:35.452Z,135714531000000,1585982,15825,-487805,-487811,,499970712,499956067,499956067,499976344,49998,2,499956067,499956067,0,1,0,0,,0,1,2,0,3,4,0,0,27036,,0,2,1,
2026-09-13T09:23:35.570Z,135714640000000,1586147,15827,-487826,-487824,,499970712,499970712,499970712,499976344,49998,2,499970712,499970712,0,1,0,0,,0,1,2,0,3,4,0,0,27036,,0,2,1,
2026-09-13T09:23:35.688Z,135714765000000,1586327,15829,-487824,-487825,,499970712,499971838,499971838,499976344,49998,2,499971838,499971838,0,1,0,0,,0,1,2,0,3,4,0,0,27036,,0,2,1,
2026-09-13T09:23:35.805Z,135714875000000,1586435,15830,-487848,-487836,,499970712,499984229,499984229,499976344,49998,2,499984229,499984229,0,1,0,0,,0,1,2,0,3,4,0,0,28162,,0,2,1,
2026-09-13T09:23:35.923Z,135715000000000,1586553,15831,-487822,-487835,,499970712,499983103,499983103,499976344,49998,2,499983103,499983103,0,1,0,0,,0,1,2,0,3,4,0,0,28162,,0,2,1,
2026-09-13T09:23:36.041Z,135715109000000,1586671,15832,-487824,-487823,,499970712,499969585,499969585,499976344,49998,2,499969585,499969585,0,1,0,0,,0,1,2,0,3,4,0,0,28162,,0,2,1,
2026-09-13T09:23:36.159Z,135715234000000,1586788,15833,-487850,-487837,,499970712,499985356,499985356,499976344,49998,2,499985356,499985356,0,1,0,0,,0,1,2,0,3,4,0,0,25909,,0,2,1,
2026-09-13T09:23:36.277Z,135715343000000,1586906,15834,-487843,-487847,,499970712,499996621,499996621,499976344,49998,2,499996621,499996621,0,1,0,0,,0,1,2,0,3,4,0,0,27036,,0,2,1,
2026-09-13T09:23:36.492Z,135715562000000,1587029,15836,-487822,-487824,,499971838,499970712,499970712,499976344,49998,2,499970712,499970712,0,1,0,0,,0,1,2,0,3,4,0,0,27036,,0,2,1,
2026-09-13T09:23:36.609Z,135715687000000,1587245,15838,-487813,-487821,,499971838,499967332,499967332,499976344,49998,2,499967332,499967332,0,1,0,0,,0,1,2,0,3,4,0,0,29289,,0,2,1,
2026-09-13T09:23:36.727Z,135715796000000,1587357,15839,-487807,-487810,,499971838,499954941,499954941,499976344,49998,2,499954941,499954941,0,1,0,0,,0,1,2,0,3,4,0,0,41680,,0,2,1,
2026-09-13T09:23:36.843Z,135715921000000,1587474,15840,-487820,-487814,,499971838,499959447,499959447,499976344,49998,2,499959447,499959447,0,1,0,0,,0,1,2,0,3,4,0,0,41680,,0,2,1,
2026-09-13T09:23:36.963Z,135716031000000,1587592,15841,-487831,-487826,,499971838,499972965,499972965,499976344,49998,2,499972965,499972965,0,1,0,0,,0,1,2,0,3,4,0,0,41680,,0,2,1,
2026-09-13T09:23:37.084Z,135716156000000,1587731,15843,-487832,-487840,,499971838,499988735,499988735,499976344,49998,2,499988735,499988735,0,1,0,0,,0,1,2,0,3,4,0,0,33794,,0,2,1,
2026-09-13T09:23:37.203Z,135716281000000,1587831,15844,-487831,-487832,,499971838,499979723,499979723,499976344,49998,2,499979723,499979723,0,1,0,0,,0,1,2,0,3,4,0,0,33794,,0,2,1,
2026-09-13T09:23:37.323Z,135716390000000,1587950,15845,-487824,-487828,,499971838,499975217,499975217,499976344,49998,2,499975217,499975217,0,1,0,0,,0,1,2,0,3,4,0,0,33794,,0,2,1,
2026-09-13T09:23:37.541Z,135716609000000,1588070,15846,-487794,-487809,,499953814,499953814,499953814,499976344,49998,2,499953814,499953814,0,1,0,0,,0,1,2,0,3,4,0,0,34921,,0,2,1,
2026-09-13T09:23:37.659Z,135716734000000,1588238,15848,-487811,-487809,,499953814,499953814,499953814,499976344,49998,2,499953814,499953814,0,1,0,0,,0,1,2,0,3,4,0,0,45059,,0,2,1,
2026-09-13T09:23:37.777Z,135716843000000,1588406,15849,-487819,-487815,,499953814,499960573,499960573,499976344,49998,2,499960573,499960573,0,1,0,0,,0,1,2,0,3,4,0,0,45059,,0,2,1,
2026-09-13T09:23:37.895Z,135716968000000,1588531,15851,-487824,-487820,,499953814,499966206,499966206,499976344,49998,2,499966206,499966206,0,1,0,0,,0,1,2,0,3,4,0,0,36047,,0,2,1,
2026-09-13T09:23:38.012Z,135717078000000,1588642,15852,-487799,-487812,,499953814,499957194,499957194,499976344,49998,2,499957194,499957194,0,1,0,0,,0,1,2,0,3,4,0,0,31541,,0,2,1,
2026-09-13T09:23:38.130Z,135717203000000,1588760,15853,-487807,-487803,,499953814,499947055,499947055,499976344,49998,2,499947055,499947055,0,1,0,0,,0,1,2,0,3,4,0,0,22530,,0,2,1,
2026-09-13T09:23:38.247Z,135717312000000,1588878,15854,-487819,-487813,,499953814,499958320,499958320,499976344,49998,2,499958320,499958320,0,1,0,0,,0,1,2,0,3,4,0,0,22530,,0,2,1,
2026-09-13T09:23:38.364Z,135717437000000,1588995,15855,-487814,-487817,,499953814,499962826,499962826,499976344,49998,2,499962826,499962826,0,1,0,0,,0,1,2,0,3,4,0,0,19151,,0,2,1,
2026-09-13T09:23:38.583Z,135717656000000,1589112,15856,-487825,-487820,,499967332,499966206,499966206,499976344,49998,2,499966206,499966206,0,1,0,0,,0,1,2,0,3,4,0,0,19151,,0,2,1,
2026-09-13T09:23:38.702Z,135717781000000,1589337,15859,-487837,-487829,,499967332,499976344,499976344,499976344,49998,2,499976344,499976344,0,1,0,0,,0,1,2,0,3,4,0,0,29289,,0,2,1,
2026-09-13T09:23:38.822Z,135717890000000,1589448,15860,-487823,-487830,,499967332,499977470,499977470,499976344,49998,2,499977470,499977470,0,1,0,0,,0,1,2,0,3,4,0,0,30415,,0,2,1,
2026-09-13T09:23:38.942Z,135718015000000,1589569,15861,-487826,-487825,,499967332,499971838,499971838,499976344,49998,2,499971838,499971838,0,1,0,0,,0,1,2,0,3,4,0,0,19150,,0,2,1,
2026-09-13T09:23:39.061Z,135718140000000,1589688,15862,-487825,-487826,,499967332,499972965,499972965,499976344,49998,2,499972965,499972965,0,1,0,0,,0,1,2,0,3,4,0,0,14644,,0,2,1,
2026-09-13T09:23:39.182Z,135718250000000,1589808,15863,-487830,-487828,,499967332,499975217,499975217,499976344,49998,2,499975217,499975217,0,1,0,0,,0,1,2,0,3,4,0,0,11264,,0,2,1,
2026-09-13T09:23:39.300Z,135718375000000,1589934,15865,-487825,-487834,,499967332,499981976,499981976,499976344,49998,2,499981976,499981976,0,1,0,0,,0,1,2,0,3,4,0,0,18024,,0,2,1,
2026-09-13T09:23:39.417Z,135718484000000,1590048,15866,-487837,-487831,,499967332,499978597,499978597,499976344,49998,2,499978597,499978597,0,1,0,0,,0,1,2,0,3,4,0,0,13518,,0,2,1,
2026-09-13T09:23:39.633Z,135718703000000,1590165,15867,-487837,-487837,,499992115,499985356,499985356,499976344,49998,2,499985356,499985356,0,1,0,0,,0,1,2,0,3,4,0,0,13518,,0,2,1,
2026-09-13T09:23:39.752Z,135718828000000,1590335,15869,-487842,-487843,,499992115,499992115,499992115,499976344,49998,2,499992115,499992115,0,1,0,0,,0,1,2,0,3,4,0,0,19150,,0,2,1,
2026-09-13T09:23:39.871Z,135718937000000,1590499,15870,-487838,-487840,,499992115,499988735,499988735,499976344,49998,2,499988735,499988735,0,1,0,0,,0,1,2,0,3,4,0,0,16898,,0,2,1,
2026-09-13T09:23:39.989Z,135719062000000,1590636,15872,-487812,-487815,,499992115,499960573,499960573,499976344,49998,2,499960573,499960573,0,1,0,0,,0,1,2,0,3,4,0,0,31542,,0,2,1,
2026-09-13T09:23:40.107Z,135719187000000,1590737,15873,-487821,-487817,,499992115,499962826,499962826,499976344,49998,2,499962826,499962826,0,1,0,0,,0,1,2,0,3,4,0,0,31542,,0,2,1,
2026-09-13T09:23:40.225Z,135719296000000,1590855,15874,-487828,-487825,,499992115,499971838,499971838,499976344,49998,2,499971838,499971838,0,1,0,0,,0,1,2,0,3,4,0,0,31542,,0,2,1,
2026-09-13T09:23:40.343Z,135719421000000,1590972,15875,-487824,-487826,,499992115,499972965,499972965,499976344,49998,2,499972965,499972965,0,1,0,0,,0,1,2,0,3,4,0,0,31542,,0,2,1,
2026-09-13T09:23:40.463Z,135719531000000,1591092,15876,-487827,-487826,,499992115,499972965,499972965,499976344,49998,2,499972965,499972965,0,1,0,0,,0,1,2,0,3,4,0,0,31542,,0,2,1,
2026-09-13T09:23:40.676Z,135719750000000,1591210,15877,-487828,-487828,,499967332,499975217,499975217,499976344,49998,2,499975217,499975217,0,1,0,0,,0,1,2,0,3,4,0,0,28162,,0,2,1,
2026-09-13T09:23:40.795Z,135719875000000,1591437,15880,-487844,-487837,,499967332,499985356,499985356,499976344,49998,2,499985356,499985356,0,1,0,0,,0,1,2,0,3,4,0,0,22530,,0,2,1,
2026-09-13T09:23:40.913Z,135719984000000,1591542,15881,-487843,-487844,,499967332,499993241,499993241,499976344,49998,2,499993241,499993241,0,1,0,0,,0,1,2,0,3,4,0,0,27035,,0,2,1,
2026-09-13T09:23:41.032Z,135720109000000,1591661,15882,-487838,-487841,,499967332,499989862,499989862,499976344,49998,2,499989862,499989862,0,1,0,0,,0,1,2,0,3,4,0,0,27035,,0,2,1,
2026-09-13T09:23:41.149Z,135720218000000,1591779,15883,-487846,-487842,,499967332,499990988,499990988,499976344,49998,2,499990988,499990988,0,1,0,0,,0,1,2,0,3,4,0,0,27035,,0,2,1,
2026-09-13T09:23:41.268Z,135720343000000,1591897,15884,-487835,-487841,,499967332,499989862,499989862,499976344,49998,2,499989862,499989862,0,1,0,0,,0,1,2,0,3,4,0,0,27035,,0,2,1,
2026-09-13T09:23:41.388Z,135720453000000,1592016,15885,-487811,-487823,,499967332,499969585,499969585,499976344,49998,2,499969585,499969585,0,1,0,0,,0,1,2,0,3,4,0,0,27035,,0,2,1,
2026-09-13T09:23:41.505Z,135720578000000,1592139,15887,-487844,-487836,,499967332,499984229,499984229,499976344,49998,2,499984229,499984229,0,1,0,0,,0,1,2,0,3,4,0,0,28162,,0,2,1,
2026-09-13T09:23:41.721Z,135720796000000,1592253,15888,-487840,-487842,,499977470,499990988,499990988,499976344,49998,2,499990988,499990988,0,1,0,0,,0,1,2,0,3,4,0,0,28162,,0,2,1,
2026-09-13T09:23:41.839Z,135720906000000,1592475,15890,-487817,-487819,,499977470,499965079,499965079,499976344,49998,2,499965079,499965079,0,1,0,0,,0,1,2,0,3,4,0,0,25909,,0,2,1,
2026-09-13T09:23:41.957Z,135721031000000,1592587,15891,-487827,-487822,,499977470,499968459,499968459,499976344,49998,2,499968459,499968459,0,1,0,0,,0,1,2,0,3,4,0,0,25909,,0,2,1,
2026-09-13T09:23:42.074Z,135721140000000,1592704,15892,-487841,-487834,,499977470,499981976,499981976,499976344,49998,2,499981976,499981976,0,1,0,0,,0,1,2,0,3,4,0,0,25909,,0,2,1,
2026-09-13T09:23:42.191Z,135721265000000,1592840,15894,-487829,-487830,,499977470,499977470,499977470,499976344,49998,2,499977470,499977470,0,1,0,0,,0,1,2,0,3,4,0,0,25909,,0,2,1,
2026-09-13T09:23:42.310Z,135721375000000,1592940,15895,-487843,-487836,,499977470,499984229,499984229,499976344,49998,2,499984229,499984229,0,1,0,0,,0,1,2,0,3,4,0,0,25909,,0,2,1,
2026-09-13T09:23:42.428Z,135721500000000,1593057,15896,-487830,-487837,,499977470,499985356,499985356,499976344,49998,2,499985356,499985356,0,1,0,0,,0,1,2,0,3,4,0,0,20277,,0,2,1,
2026-09-13T09:23:42.546Z,135721625000000,1593176,15897,-487833,-487832,,499977470,499979723,499979723,499976344,49998,2,499979723,499979723,0,1,0,0,,0,1,2,0,3,4,0,0,20277,,0,2,1,
2026-09-13T09:23:42.763Z,135721843000000,1593294,15898,-487814,-487824,,499961700,499970712,499970712,499976344,49998,2,499970712,499970712,0,1,0,0,,0,1,2,0,3,4,0,0,16897,,0,2,1,
2026-09-13T09:23:42.882Z,135721953000000,1593459,15900,-487825,-487816,,499961700,499961700,499961700,499976344,49998,2,499961700,499961700,0,1,0,0,,0,1,2,0,3,4,0,0,29289,,0,2,1,
2026-09-13T09:23:43.001Z,135722078000000,1593642,15902,-487830,-487832,,499961700,499979723,499979723,499976344,49998,2,499979723,499979723,0,1,0,0,,0,1,2,0,3,4,0,0,29289,,0,2,1,
2026-09-13T09:23:43.118Z,135722187000000,1593748,15903,-487810,-487820,,499961700,499966206,499966206,499976344,49998,2,499966206,499966206,0,1,0,0,,0,1,2,0,3,4,0,0,29289,,0,2,1,
2026-09-13T09:23:43.235Z,135722312000000,1593866,15904,-487816,-487813,,499961700,499958320,499958320,499976344,49998,2,499958320,499958320,0,1,0,0,,0,1,2,0,3,4,0,0,23656,,0,2,1,
2026-09-13T09:23:43.355Z,135722421000000,1593983,15905,-487831,-487824,,499961700,499970712,499970712,499976344,49998,2,499970712,499970712,0,1,0,0,,0,1,2,0,3,4,0,0,23656,,0,2,1,
2026-09-13T09:23:43.473Z,135722546000000,1594102,15906,-487835,-487833,,499961700,499980850,499980850,499976344,49998,2,499980850,499980850,0,1,0,0,,0,1,2,0,3,4,0,0,24783,,0,2,1,
2026-09-13T09:23:43.591Z,135722656000000,1594220,15907,-487827,-487831,,499961700,499978597,499978597,499976344,49998,2,499978597,499978597,0,1,0,0,,0,1,2,0,3,4,0,0,22530,,0,2,1,
2026-09-13T09:23:43.807Z,135722875000000,1594343,15909,-487801,-487807,,499966206,499951561,499951561,499976344,49998,2,499951561,499951561,0,1,0,0,,0,1,2,0,3,4,0,0,29289,,0,2,1,
2026-09-13T09:23:43.924Z,135723000000000,1594561,15911,-487825,-487832,,499966206,499979723,499979723,499976344,49998,2,499979723,499979723,0,1,0,0,,0,1,2,0,3,4,0,0,29289,,0,2,1,
2026-09-13T09:23:44.044Z,135723125000000,1594673,15912,-487821,-487823,,499966206,499969585,499969585,499976344,49998,2,499969585,499969585,0,1,0,0,,0,1,2,0,3,4,0,0,29289,,0,2,1,
2026-09-13T09:23:44.163Z,135723234000000,1594792,15913,-487812,-487817,,499966206,499962826,499962826,499976344,49998,2,499962826,499962826,0,1,0,0,,0,1,2,0,3,4,0,0,29289,,0,2,1,
2026-09-13T09:23:44.283Z,135723359000000,1594910,15914,-487817,-487815,,499966206,499960573,499960573,499976344,49998,2,499960573,499960573,0,1,0,0,,0,1,2,0,3,4,0,0,28162,,0,2,1,
2026-09-13T09:23:44.403Z,135723468000000,1595044,15916,-487827,-487829,,499966206,499976344,499976344,499976344,49998,2,499976344,499976344,0,1,0,0,,0,1,2,0,3,4,0,0,28162,,0,2,1,
2026-09-13T09:23:44.521Z,135723593000000,1595149,15917,-487823,-487825,,499966206,499971838,499971838,499976344,49998,2,499971838,499971838,0,1,0,0,,0,1,2,0,3,4,0,0,19150,,0,2,1,
2026-09-13T09:23:44.642Z,135723718000000,1595269,15918,-487812,-487818,,499966206,499963953,499963953,499976344,49998,2,499963953,499963953,0,1,0,0,,0,1,2,0,3,4,0,0,19150,,0,2,1,
2026-09-13T09:23:44.855Z,135723921000000,1595388,15919,-487814,-487813,,499977470,499958320,499958320,499976344,49998,2,499958320,499958320,0,1,0,0,,0,1,2,0,3,4,0,0,18024,,0,2,1,
2026-09-13T09:23:44.974Z,135724046000000,1595553,15921,-487837,-487830,,499977470,499977470,499977470,499976344,49998,2,499977470,499977470,0,1,0,0,,0,1,2,0,3,4,0,0,19150,,0,2,1,
2026-09-13T09:23:45.092Z,135724171000000,1595722,15922,-487835,-487836,,499977470,499984229,499984229,499976344,49998,2,499984229,499984229,0,1,0,0,,0,1,2,0,3,4,0,0,25909,,0,2,1,
2026-09-13T09:23:45.210Z,135724281000000,1595846,15924,-487812,-487819,,499977470,499965079,499965079,499976344,49998,2,499965079,499965079,0,1,0,0,,0,1,2,0,3,4,0,0,25909,,0,2,1,
2026-09-13T09:23:45.328Z,135724406000000,1595958,15925,-487814,-487813,,499977470,499958320,499958320,499976344,49998,2,499958320,499958320,0,1,0,0,,0,1,2,0,3,4,0,0,25909,,0,2,1,
2026-09-13T09:23:45.445Z,135724515000000,1596076,15926,-487808,-487811,,499977470,499956067,499956067,499976344,49998,2,499956067,499956067,0,1,0,0,,0,1,2,0,3,4,0,0,28162,,0,2,1,
2026-09-13T09:23:45.563Z,135724640000000,1596193,15927,-487829,-487819,,499977470,499965079,499965079,499976344,49998,2,499965079,499965079,0,1,0,0,,0,1,2,0,3,4,0,0,28162,,0,2,1,
2026-09-13T09:23:45.683Z,135724750000000,1596312,15928,-487826,-487828,,499977470,499975217,499975217,499976344,49998,2,499975217,499975217,0,1,0,0,,0,1,2,0,3,4,0,0,28162,,0,2,1,
2026-09-13T09:23:45.900Z,135724968000000,1596447,15930,-487829,-487827,,499980850,499974091,499974091,499976344,49998,2,499974091,499974091,0,1,0,0,,0,1,2,0,3,4,0,0,22530,,0,2,1,
2026-09-13T09:23:46.017Z,135725093000000,1596654,15932,-487831,-487834,,499980850,499981976,499981976,499976344,49998,2,499981976,499981976,0,1,0,0,,0,1,2,0,3,4,0,0,25909,,0,2,1,
2026-09-13T09:23:46.135Z,135725203000000,1596765,15933,-487834,-487833,,499980850,499980850,499980850,499976344,49998,2,499980850,499980850,0,1,0,0,,0,1,2,0,3,4,0,0,25909,,0,2,1,
2026-09-13T09:23:46.253Z,135725328000000,1596882,15934,-487826,-487830,,499980850,499977470,499977470,499976344,49998,2,499977470,499977470,0,1,0,0,,0,1,2,0,3,4,0,0,16897,,0,2,1,
2026-09-13T09:23:46.371Z,135725437000000,1597001,15935,-487845,-487836,,499980850,499984229,499984229,499976344,49998,2,499984229,499984229,0,1,0,0,,0,1,2,0,3,4,0,0,11264,,0,2,1,
2026-09-13T09:23:46.490Z,135725562000000,1597119,15936,-487831,-487838,,499980850,499986482,499986482,499976344,49998,2,499986482,499986482,0,1,0,0,,0,1,2,0,3,4,0,0,13517,,0,2,1,
2026-09-13T09:23:46.608Z,135725687000000,1597249,15938,-487844,-487841,,499980850,499989862,499989862,499976344,49998,2,499989862,499989862,0,1,0,0,,0,1,2,0,3,4,0,0,12392,,0,2,1,
2026-09-13T09:23:46.725Z,135725796000000,1597355,15939,-487847,-487846,,499980850,499995494,499995494,499976344,49998,2,499995494,499995494,0,1,0,0,,0,1,2,0,3,4,0,0,18024,,0,2,1,
2026-09-13T09:23:46.942Z,135726015000000,1597473,15940,-487854,-487851,,500003379,500001126,500001126,499976344,49998,2,500001126,500001126,0,1,0,0,,0,1,2,0,3,4,0,0,23656,,0,2,1,
2026-09-13T09:23:47.061Z,135726140000000,1597696,15942,-487830,-487841,,500003379,499989862,499989862,499976344,49998,2,499989862,499989862,0,1,0,0,,0,1,2,0,3,4,0,0,21403,,0,2,1,
2026-09-13T09:23:47.178Z,135726250000000,1597809,15943,-487840,-487835,,500003379,499983103,499983103,499976344,49998,2,499983103,499983103,0,1,0,0,,0,1,2,0,3,4,0,0,21403,,0,2,1,
2026-09-13T09:23:47.297Z,135726375000000,1597926,15944,-487840,-487840,,500003379,499988735,499988735,499976344,49998,2,499988735,499988735,0,1,0,0,,0,1,2,0,3,4,0,0,21403,,0,2,1,
2026-09-13T09:23:47.415Z,135726484000000,1598051,15946,-487846,-487842,,500003379,499990988,499990988,499976344,49998,2,499990988,499990988,0,1,0,0,,0,1,2,0,3,4,0,0,20276,,0,2,1,
2026-09-13T09:23:47.533Z,135726609000000,1598163,15947,-487848,-487847,,500003379,499996621,499996621,499976344,49998,2,499996621,499996621,0,1,0,0,,0,1,2,0,3,4,0,0,20276,,0,2,1,
2026-09-13T09:23:47.651Z,135726718000000,1598280,15948,-487842,-487845,,500003379,499994368,499994368,499976344,49998,2,499994368,499994368,0,1,0,0,,0,1,2,0,3,4,0,0,20276,,0,2,1,
2026-09-13T09:23:47.768Z,135726843000000,1598398,15949,-487834,-487838,,500003379,499986482,499986482,499976344,49998,2,499986482,499986482,0,1,0,0,,0,1,2,0,3,4,0,0,13518,,0,2,1,
2026-09-13T09:23:47.983Z,135727062000000,1598517,15950,-487858,-487846,,500007885,499995494,499995494,499976344,49998,2,499995494,499995494,0,1,0,0,,0,1,2,0,3,4,0,0,13518,,0,2,1,
2026-09-13T09:23:48.102Z,135727171000000,1598652,15952,-487848,-487857,,500007885,500007885,500007885,499976344,49998,2,500007885,500007885,0,1,0,0,,0,1,2,0,3,4,0,0,27036,,0,2,1,
2026-09-13T09:23:48.221Z,135727296000000,1598852,15954,-487843,-487834,,500007885,499981976,499981976,499976344,49998,2,499981976,499981976,0,1,0,0,,0,1,2,0,3,4,0,0,31542,,0,2,1,
2026-09-13T09:23:48.339Z,135727406000000,1598968,15955,-487847,-487845,,500007885,499994368,499994368,499976344,49998,2,499994368,499994368,0,1,0,0,,0,1,2,0,3,4,0,0,31542,,0,2,1,
2026-09-13T09:23:48.457Z,135727531000000,1599087,15956,-487838,-487843,,500007885,499992115,499992115,499976344,49998,2,499992115,499992115,0,1,0,0,,0,1,2,0,3,4,0,0,31542,,0,2,1,
2026-09-13T09:23:48.574Z,135727640000000,1599205,15957,-487829,-487834,,500007885,499981976,499981976,499976344,49998,2,499981976,499981976,0,1,0,0,,0,1,2,0,3,4,0,0,31542,,0,2,1,
2026-09-13T09:23:48.693Z,135727765000000,1599322,15958,-487840,-487835,,500007885,499983103,499983103,499976344,49998,2,499983103,499983103,0,1,0,0,,0,1,2,0,3,4,0,0,31542,,0,2,1,
2026-09-13T09:23:48.811Z,135727890000000,1599454,15960,-487836,-487844,,500007885,499993241,499993241,499976344,49998,2,499993241,499993241,0,1,0,0,,0,1,2,0,3,4,0,0,13518,,0,2,1,
2026-09-13T09:23:49.026Z,135728093000000,1599559,15961,-487832,-487834,,499983103,499981976,499981976,499976344,49998,2,499981976,499981976,0,1,0,0,,0,1,2,0,3,4,0,0,13518,,0,2,1,
2026-09-13T09:23:49.144Z,135728218000000,1599779,15963,-487844,-487841,,499983103,499989862,499989862,499976344,49998,2,499989862,499989862,0,1,0,0,,0,1,2,0,3,4,0,0,13518,,0,2,1,
2026-09-13T09:23:49.263Z,135728343000000,1599893,15964,-487841,-487843,,499983103,499992115,499992115,499976344,49998,2,499992115,499992115,0,1,0,0,,0,1,2,0,3,4,0,0,13518,,0,2,1,
2026-09-13T09:23:49.383Z,135728453000000,1600011,15965,-487840,-487841,,499983103,499989862,499989862,499976344,49998,2,499989862,499989862,0,1,0,0,,0,1,2,0,3,4,0,0,13518,,0,2,1,
2026-09-13T09:23:49.502Z,135728578000000,1600130,15966,-487831,-487836,,499983103,499984229,499984229,499976344,49998,2,499984229,499984229,0,1,0,0,,0,1,2,0,3,4,0,0,13518,,0,2,1,
2026-09-13T09:23:49.621Z,135728687000000,1600255,15968,-487832,-487831,,499983103,499978597,499978597,499976344,49998,2,499978597,499978597,0,1,0,0,,0,1,2,0,3,4,0,0,14645,,0,2,1,
2026-09-13T09:23:49.738Z,135728812000000,1600368,15969,-487829,-487831,,499983103,499978597,499978597,499976344,49998,2,499978597,499978597,0,1,0,0,,0,1,2,0,3,4,0,0,14645,,0,2,1,
2026-09-13T09:23:49.856Z,135728921000000,1600487,15970,-487838,-487834,,499983103,499981976,499981976,499976344,49998,2,499981976,499981976,0,1,0,0,,0,1,2,0,3,4,0,0,14645,,0,2,1,
2026-09-13T09:23:50.072Z,135729140000000,1600604,15971,-487840,-487839,,499980850,499987609,499987609,499976344,49998,2,499987609,499987609,0,1,0,0,,0,1,2,0,3,4,0,0,14645,,0,2,1,
2026-09-13T09:23:50.190Z,135729265000000,1600768,15973,-487841,-487833,,499980850,499980850,499980850,499976344,49998,2,499980850,499980850,0,1,0,0,,0,1,2,0,3,4,0,0,10139,,0,2,1,
2026-09-13T09:23:50.309Z,135729375000000,1600957,15975,-487826,-487837,,499980850,499985356,499985356,499976344,49998,2,499985356,499985356,0,1,0,0,,0,1,2,0,3,4,0,0,15771,,0,2,1,
2026-09-13T09:23:50.427Z,135729500000000,1601058,15976,-487840,-487833,,499980850,499980850,499980850,499976344,49998,2,499980850,499980850,0,1,0,0,,0,1,2,0,3,4,0,0,15771,,0,2,1,
2026-09-13T09:23:50.544Z,135729625000000,1601175,15977,-487840,-487840,,499980850,499988735,499988735,499976344,49998,2,499988735,499988735,0,1,0,0,,0,1,2,0,3,4,0,0,13518,,0,2,1,
2026-09-13T09:23:50.663Z,135729734000000,1601293,15978,-487831,-487836,,499980850,499984229,499984229,499976344,49998,2,499984229,499984229,0,1,0,0,,0,1,2,0,3,4,0,0,13518,,0,2,1,
2026-09-13T09:23:50.782Z,135729859000000,1601410,15979,-487841,-487836,,499980850,499984229,499984229,499976344,49998,2,499984229,499984229,0,1,0,0,,0,1,2,0,3,4,0,0,13518,,0,2,1,
2026-09-13T09:23:50.901Z,135729968000000,1601530,15980,-487823,-487832,,499980850,499979723,499979723,499976344,49998,2,499979723,499979723,0,1,0,0,,0,1,2,0,3,4,0,0,14645,,0,2,1,
2026-09-13T09:23:51.118Z,135730187000000,1601658,15982,-487840,-487832,,499978597,499979723,499979723,499976344,49998,2,499979723,499979723,0,1,0,0,,0,1,2,0,3,4,0,0,19150,,0,2,1,
2026-09-13T09:23:51.235Z,135730312000000,1601872,15984,-487821,-487821,,499978597,499967332,499967332,499976344,49998,2,499967332,499967332,0,1,0,0,,0,1,2,0,3,4,0,0,21403,,0,2,1,
2026-09-13T09:23:51.354Z,135730421000000,1601983,15985,-487829,-487825,,499978597,499971838,499971838,499976344,49998,2,499971838,499971838,0,1,0,0,,0,1,2,0,3,4,0,0,16897,,0,2,1,
2026-09-13T09:23:51.472Z,135730546000000,1602103,15986,-487834,-487832,,499978597,499979723,499979723,499976344,49998,2,499979723,499979723,0,1,0,0,,0,1,2,0,3,4,0,0,16897,,0,2,1,
2026-09-13T09:23:51.590Z,135730656000000,1602220,15987,-487828,-487831,,499978597,499978597,499978597,499976344,49998,2,499978597,499978597,0,1,0,0,,0,1,2,0,3,4,0,0,12391,,0,2,1,
2026-09-13T09:23:51.708Z,135730781000000,1602339,15988,-487847,-487838,,499978597,499986482,499986482,499976344,49998,2,499986482,499986482,0,1,0,0,,0,1,2,0,3,4,0,0,19150,,0,2,1,
2026-09-13T09:23:51.827Z,135730906000000,1602460,15990,-487834,-487842,,499978597,499990988,499990988,499976344,49998,2,499990988,499990988,0,1,0,0,,0,1,2,0,3,4,0,0,30415,,0,2,1,
2026-09-13T09:23:51.944Z,135731015000000,1602575,15991,-487834,-487834,,499978597,499981976,499981976,499976344,49998,2,499981976,499981976,0,1,0,0,,0,1,2,0,3,4,0,0,30415,,0,2,1,
2026-09-13T09:23:52.157Z,135731234000000,1602693,15992,-487839,-487837,,499994368,499985356,499985356,499976344,49998,2,499985356,499985356,0,1,0,0,,0,1,2,0,3,4,0,0,25909,,0,2,1,
2026-09-13T09:23:52.275Z,135731343000000,1602860,15994,-487841,-487845,,499994368,499994368,499994368,499976344,49998,2,499994368,499994368,0,1,0,0,,0,1,2,0,3,4,0,0,19150,,0,2,1,
2026-09-13T09:23:52.393Z,135731468000000,1603024,15995,-487834,-487838,,499994368,499986482,499986482,499976344,49998,2,499986482,499986482,0,1,0,0,,0,1,2,0,3,4,0,0,15771,,0,2,1,
2026-09-13T09:23:52.511Z,135731578000000,1603161,15997,-487830,-487837,,499994368,499985356,499985356,499976344,49998,2,499985356,499985356,0,1,0,0,,0,1,2,0,3,4,0,0,12392,,0,2,1,
2026-09-13T09:23:52.628Z,135731703000000,1603261,15998,-487836,-487833,,499994368,499980850,499980850,499976344,49998,2,499980850,499980850,0,1,0,0,,0,1,2,0,3,4,0,0,13518,,0,2,1,
2026-09-13T09:23:52.746Z,135731812000000,1603377,15999,-487824,-487830,,499994368,499977470,499977470,499976344,49998,2,499977470,499977470,0,1,0,0,,0,1,2,0,3,4,0,0,16898,,0,2,1,
2026-09-13T09:23:52.864Z,135731937000000,1603495,16000,-487816,-487820,,499994368,499966206,499966206,499976344,49998,2,499966206,499966206,0,1,0,0,,0,1,2,0,3,4,0,0,28162,,0,2,1,
2026-09-13T09:23:52.982Z,135732062000000,1603613,16001,-487840,-487828,,499994368,499975217,499975217,499976344,49998,2,499975217,499975217,0,1,0,0,,0,1,2,0,3,4,0,0,28162,,0,2,1,
2026-09-13T09:23:53.198Z,135732265000000,1603731,16002,-487840,-487840,,499983103,499988735,499988735,499976344,49998,2,499988735,499988735,0,1,0,0,,0,1,2,0,3,4,0,0,22529,,0,2,1,
2026-09-13T09:23:53.316Z,135732390000000,1603963,16005,-487840,-487836,,499983103,499984229,499984229,499976344,49998,2,499984229,499984229,0,1,0,0,,0,1,2,0,3,4,0,0,22529,,0,2,1,
2026-09-13T09:23:53.434Z,135732500000000,1604065,16006,-487827,-487834,,499983103,499981976,499981976,499976344,49998,2,499981976,499981976,0,1,0,0,,0,1,2,0,3,4,0,0,22529,,0,2,1,
2026-09-13T09:23:53.552Z,135732625000000,1604183,16007,-487830,-487829,,499983103,499976344,499976344,499976344,49998,2,499976344,499976344,0,1,0,0,,0,1,2,0,3,4,0,0,22529,,0,2,1,
2026-09-13T09:23:53.670Z,135732750000000,1604300,16008,-487822,-487826,,499983103,499972965,499972965,499976344,49998,2,499972965,499972965,0,1,0,0,,0,1,2,0,3,4,0,0,15770,,0,2,1,
2026-09-13T09:23:53.788Z,135732859000000,1604419,16009,-487830,-487826,,499983103,499972965,499972965,499976344,49998,2,499972965,499972965,0,1,0,0,,0,1,2,0,3,4,0,0,15770,,0,2,1,
2026-09-13T09:23:53.907Z,135732984000000,1604537,16010,-487835,-487833,,499983103,499980850,499980850,499976344,49998,2,499980850,499980850,0,1,0,0,,0,1,2,0,3,4,0,0,14644,,0,2,1,
2026-09-13T09:23:54.025Z,135733093000000,1604664,16012,-487843,-487842,,499983103,499990988,499990988,499976344,49998,2,499990988,499990988,0,1,0,0,,0,1,2,0,3,4,0,0,18023,,0,2,1,
2026-09-13T09:23:54.241Z,135733312000000,1604774,16013,-487853,-487848,,499993241,499997747,499997747,499976344,49998,2,499997747,499997747,0,1,0,0,,0,1,2,0,3,4,0,0,24782,,0,2,1,
2026-09-13T09:23:54.360Z,135733437000000,1604996,16015,-487839,-487837,,499993241,499985356,499985356,499976344,49998,2,499985356,499985356,0,1,0,0,,0,1,2,0,3,4,0,0,24782,,0,2,1,
2026-09-13T09:23:54.477Z,135733546000000,1605108,16016,-487847,-487843,,499993241,499992115,499992115,499976344,49998,2,499992115,499992115,0,1,0,0,,0,1,2,0,3,4,0,0,24782,,0,2,1,
2026-09-13T09:23:54.595Z,135733671000000,1605226,16017,-487852,-487850,,499993241,500000000,500000000,499976344,49998,2,500000000,500000000,0,1,0,0,,0,1,2,0,3,4,0,0,19150,,0,2,1,
2026-09-13T09:23:54.712Z,135733781000000,1605343,16018,-487846,-487849,,499993241,499998874,499998874,499976344,49998,2,499998874,499998874,0,1,0,0,,0,1,2,0,3,4,0,0,14644,,0,2,1,
2026-09-13T09:23:54.832Z,135733906000000,1605466,16020,-487844,-487845,,499993241,499994368,499994368,499976344,49998,2,499994368,499994368,0,1,0,0,,0,1,2,0,3,4,0,0,14644,,0,2,1,
2026-09-13T09:23:54.951Z,135734031000000,1605580,16021,-487832,-487838,,499993241,499986482,499986482,499976344,49998,2,499986482,499986482,0,1,0,0,,0,1,2,0,3,4,0,0,14644,,0,2,1,
2026-09-13T09:23:55.069Z,135734140000000,1605699,16022,-487836,-487834,,499993241,499981976,499981976,499976344,49998,2,499981976,499981976,0,1,0,0,,0,1,2,0,3,4,0,0,18024,,0,2,1,
2026-09-13T09:23:55.284Z,135734359000000,1605817,16023,-487829,-487833,,499975217,499980850,499980850,499976344,49998,2,499980850,499980850,0,1,0,0,,0,1,2,0,3,4,0,0,19150,,0,2,1,
2026-09-13T09:23:55.402Z,135734468000000,1605981,16025,-487825,-487828,,499975217,499975217,499975217,499976344,49998,2,499975217,499975217,0,1,0,0,,0,1,2,0,3,4,0,0,23657,,0,2,1,
2026-09-13T09:23:55.522Z,135734593000000,1606167,16027,-487849,-487840,,499975217,499988735,499988735,499976344,49998,2,499988735,499988735,0,1,0,0,,0,1,2,0,3,4,0,0,19151,,0,2,1,
2026-09-13T09:23:55.640Z,135734718000000,1606270,16028,-487861,-487855,,499975217,500005632,500005632,499976344,49998,2,500005632,500005632,0,1,0,0,,0,1,2,0,3,4,0,0,30415,,0,2,1,
2026-09-13T09:23:55.757Z,135734828000000,1606388,16029,-487860,-487861,,499975217,500012391,500012391,499976344,49998,2,500012391,500012391,0,1,0,0,,0,1,2,0,3,4,0,0,37174,,0,2,1,
2026-09-13T09:23:55.875Z,135734953000000,1606506,16030,-487849,-487855,,499975217,500005632,500005632,499976344,49998,2,500005632,500005632,0,1,0,0,,0,1,2,0,3,4,0,0,37174,,0,2,1,
2026-09-13T09:23:55.993Z,135735062000000,1606624,16031,-487837,-487843,,499975217,499992115,499992115,499976344,49998,2,499992115,499992115,0,1,0,0,,0,1,2,0,3,4,0,0,37174,,0,2,1,
2026-09-13T09:23:56.111Z,135735187000000,1606743,16032,-487836,-487837,,499975217,499985356,499985356,499976344,49998,2,499985356,499985356,0,1,0,0,,0,1,2,0,3,4,0,0,37174,,0,2,1,
2026-09-13T09:23:56.327Z,135735406000000,1606869,16034,-487844,-487840,,499986482,499988735,499988735,499976344,49998,2,499988735,499988735,0,1,0,0,,0,1,2,0,3,4,0,0,28162,,0,2,1,
2026-09-13T09:23:56.445Z,135735515000000,1607082,16036,-487840,-487836,,499986482,499984229,499984229,499976344,49998,2,499984229,499984229,0,1,0,0,,0,1,2,0,3,4,0,0,28162,,0,2,1,
2026-09-13T09:23:56.562Z,135735640000000,1607193,16037,-487839,-487840,,499986482,499988735,499988735,499976344,49998,2,499988735,499988735,0,1,0,0,,0,1,2,0,3,4,0,0,21403,,0,2,1,
2026-09-13T09:23:56.682Z,135735750000000,1607312,16038,-487848,-487844,,499986482,499993241,499993241,499976344,49998,2,499993241,499993241,0,1,0,0,,0,1,2,0,3,4,0,0,9012,,0,2,1,
2026-09-13T09:23:56.802Z,135735875000000,1607430,16039,-487841,-487845,,499986482,499994368,499994368,499976344,49998,2,499994368,499994368,0,1,0,0,,0,1,2,0,3,4,0,0,10139,,0,2,1,
2026-09-13T09:23:56.922Z,135736000000000,1607571,16041,-487839,-487838,,499986482,499986482,499986482,499976344,49998,2,499986482,499986482,0,1,0,0,,0,1,2,0,3,4,0,0,10139,,0,2,1,
2026-09-13T09:23:57.040Z,135736109000000,1607671,16042,-487831,-487835,,499986482,499983103,499983103,499976344,49998,2,499983103,499983103,0,1,0,0,,0,1,2,0,3,4,0,0,11265,,0,2,1,
2026-09-13T09:23:57.158Z,135736234000000,1607788,16043,-487835,-487833,,499986482,499980850,499980850,499976344,49998,2,499980850,499980850,0,1,0,0,,0,1,2,0,3,4,0,0,13518,,0,2,1,
2026-09-13T09:23:57.374Z,135736453000000,1607907,16044,-487829,-487832,,499984229,499979723,499979723,499976344,49998,2,499979723,499979723,0,1,0,0,,0,1,2,0,3,4,0,0,14645,,0,2,1,
2026-09-13T09:23:57.492Z,135736562000000,1608073,16046,-487838,-487836,,499984229,499984229,499984229,499976344,49998,2,499984229,499984229,0,1,0,0,,0,1,2,0,3,4,0,0,14645,,0,2,1,
2026-09-13T09:23:57.610Z,135736687000000,1608241,16047,-487839,-487839,,499984229,499987609,499987609,499976344,49998,2,499987609,499987609,0,1,0,0,,0,1,2,0,3,4,0,0,7886,,0,2,1,
2026-09-13T09:23:57.727Z,135736796000000,1608372,16049,-487823,-487826,,499984229,499972965,499972965,499976344,49998,2,499972965,499972965,0,1,0,0,,0,1,2,0,3,4,0,0,14644,,0,2,1,
2026-09-13T09:23:57.845Z,135736921000000,1608476,16050,-487823,-487823,,499984229,499969585,499969585,499976344,49998,2,499969585,499969585,0,1,0,0,,0,1,2,0,3,4,0,0,18024,,0,2,1,
2026-09-13T09:23:57.964Z,135737031000000,1608594,16051,-487829,-487826,,499984229,499972965,499972965,499976344,49998,2,499972965,499972965,0,1,0,0,,0,1,2,0,3,4,0,0,18024,,0,2,1,
2026-09-13T09:23:58.082Z,135737156000000,1608712,16052,-487834,-487832,,499984229,499979723,499979723,499976344,49998,2,499979723,499979723,0,1,0,0,,0,1,2,0,3,4,0,0,18024,,0,2,1,
2026-09-13T09:23:58.200Z,135737265000000,1608831,16053,-487845,-487840,,499984229,499988735,499988735,499976344,49998,2,499988735,499988735,0,1,0,0,,0,1,2,0,3,4,0,0,19150,,0,2,1,
2026-09-13T09:23:58.416Z,135737484000000,1608949,16054,-487858,-487852,,499996621,500002253,500002253,499976344,49998,2,500002253,500002253,0,1,0,0,,0,1,2,0,3,4,0,0,32668,,0,2,1,
2026-09-13T09:23:58.535Z,135737609000000,1609173,16057,-487849,-487849,,499996621,499998874,499998874,499976344,49998,2,499998874,499998874,0,1,0,0,,0,1,2,0,3,4,0,0,32668,,0,2,1,
2026-09-13T09:23:58.653Z,135737718000000,1609284,16058,-487838,-487844,,499996621,499993241,499993241,499976344,49998,2,499993241,499993241,0,1,0,0,,0,1,2,0,3,4,0,0,29288,,0,2,1,
2026-09-13T09:23:58.771Z,135737843000000,1609403,16059,-487830,-487834,,499996621,499981976,499981976,499976344,49998,2,499981976,499981976,0,1,0,0,,0,1,2,0,3,4,0,0,22530,,0,2,1,
2026-09-13T09:23:58.890Z,135737968000000,1609520,16060,-487842,-487836,,499996621,499984229,499984229,499976344,49998,2,499984229,499984229,0,1,0,0,,0,1,2,0,3,4,0,0,20277,,0,2,1,
2026-09-13T09:23:59.007Z,135738078000000,1609639,16061,-487834,-487838,,499996621,499986482,499986482,499976344,49998,2,499986482,499986482,0,1,0,0,,0,1,2,0,3,4,0,0,20277,,0,2,1,
2026-09-13T09:23:59.126Z,135738203000000,1609775,16063,-487851,-487845,,499996621,499994368,499994368,499976344,49998,2,499994368,499994368,0,1,0,0,,0,1,2,0,3,4,0,0,16898,,0,2,1,
2026-09-13T09:23:59.244Z,135738312000000,1609875,16064,-487846,-487849,,499996621,499998874,499998874,499976344,49998,2,499998874,499998874,0,1,0,0,,0,1,2,0,3,4,0,0,16898,,0,2,1,
2026-09-13T09:23:59.459Z,135738531000000,1609993,16065,-487847,-487847,,499988735,499996621,499996621,499976344,49998,2,499996621,499996621,0,1,0,0,,0,1,2,0,3,4,0,0,16898,,0,2,1,
2026-09-13T09:23:59.576Z,135738656000000,1610215,16067,-487831,-487832,,499988735,499979723,499979723,499976344,49998,2,499979723,499979723,0,1,0,0,,0,1,2,0,3,4,0,0,19151,,0,2,1,
2026-09-13T09:23:59.695Z,135738765000000,1610326,16068,-487823,-487827,,499988735,499974091,499974091,499976344,49998,2,499974091,499974091,0,1,0,0,,0,1,2,0,3,4,0,0,24783,,0,2,1,
2026-09-13T09:23:59.813Z,135738890000000,1610444,16069,-487834,-487829,,499988735,499976344,499976344,499976344,49998,2,499976344,499976344,0,1,0,0,,0,1,2,0,3,4,0,0,24783,,0,2,1,
2026-09-13T09:23:59.932Z,135739000000000,1610576,16071,-487835,-487830,,499988735,499977470,499977470,499976344,49998,2,499977470,499977470,0,1,0,0,,0,1,2,0,3,4,0,0,24783,,0,2,1,
2026-09-13T09:24:00.050Z,135739125000000,1610680,16072,-487845,-487840,,499988735,499988735,499988735,499976344,49998,2,499988735,499988735,0,1,0,0,,0,1,2,0,3,4,0,0,22530,,0,2,1,
2026-09-13T09:24:00.167Z,135739234000000,1610799,16073,-487821,-487833,,499988735,499980850,499980850,499976344,49998,2,499980850,499980850,0,1,0,0,,0,1,2,0,3,4,0,0,14644,,0,2,1,
2026-09-13T09:24:00.286Z,135739359000000,1610917,16074,-487843,-487832,,499988735,499979723,499979723,499976344,49998,2,499979723,499979723,0,1,0,0,,0,1,2,0,3,4,0,0,14644,,0,2,1,
2026-09-13T09:24:00.502Z,135739578000000,1611035,16075,-487847,-487845,,499980850,499994368,499994368,499976344,49998,2,499994368,499994368,0,1,0,0,,0,1,2,0,3,4,0,0,20277,,0,2,1,
2026-09-13T09:24:00.621Z,135739687000000,1611200,16077,-487831,-487833,,499980850,499980850,499980850,499976344,49998,2,499980850,499980850,0,1,0,0,,0,1,2,0,3,4,0,0,16898,,0,2,1,
2026-09-13T09:24:00.740Z,135739812000000,1611378,16079,-487840,-487846,,499980850,499995494,499995494,499976344,49998,2,499995494,499995494,0,1,0,0,,0,1,2,0,3,4,0,0,15771,,0,2,1,
2026-09-13T09:24:00.858Z,135739937000000,1611488,16080,-487866,-487853,,499980850,500003379,500003379,499976344,49998,2,500003379,500003379,0,1,0,0,,0,1,2,0,3,4,0,0,23656,,0,2,1,
2026-09-13T09:24:00.975Z,135740046000000,1611607,16081,-487851,-487859,,499980850,500010138,500010138,499976344,49998,2,500010138,500010138,0,1,0,0,,0,1,2,0,3,4,0,0,30415,,0,2,1,
2026-09-13T09:24:01.093Z,135740171000000,1611725,16082,-487854,-487853,,499980850,500003379,500003379,499976344,49998,2,500003379,500003379,0,1,0,0,,0,1,2,0,3,4,0,0,29288,,0,2,1,
2026-09-13T09:24:01.211Z,135740281000000,1611842,16083,-487865,-487860,,499980850,500011265,500011265,499976344,49998,2,500011265,500011265,0,1,0,0,,0,1,2,0,3,4,0,0,30415,,0,2,1,
2026-09-13T09:24:01.331Z,135740406000000,1611979,16085,-487844,-487848,,499980850,499997747,499997747,499976344,49998,2,499997747,499997747,0,1,0,0,,0,1,2,0,3,4,0,0,21403,,0,2,1,
2026-09-13T09:24:01.546Z,135740625000000,1612080,16086,-487851,-487848,,500011265,499997747,499997747,499976344,49998,2,499997747,499997747,0,1,0,0,,0,1,2,0,3,4,0,0,15771,,0,2,1,
2026-09-13T09:24:01.664Z,135740734000000,1612302,16088,-487853,-487861,,500011265,500012391,500012391,499976344,49998,2,500012391,500012391,0,1,0,0,,0,1,2,0,3,4,0,0,14644,,0,2,1,
2026-09-13T09:24:01.782Z,135740859000000,1612413,16089,-487841,-487847,,500011265,499996621,499996621,499976344,49998,2,499996621,499996621,0,1,0,0,,0,1,2,0,3,4,0,0,15770,,0,2,1,
2026-09-13T09:24:01.901Z,135740968000000,1612531,16090,-487837,-487839,,500011265,499987609,499987609,499976344,49998,2,499987609,499987609,0,1,0,0,,0,1,2,0,3,4,0,0,24782,,0,2,1,
2026-09-13T09:24:02.021Z,135741093000000,1612650,16091,-487823,-487830,,500011265,499977470,499977470,499976344,49998,2,499977470,499977470,0,1,0,0,,0,1,2,0,3,4,0,0,34921,,0,2,1,
2026-09-13T09:24:02.141Z,135741218000000,1612781,16093,-487835,-487834,,500011265,499981976,499981976,499976344,49998,2,499981976,499981976,0,1,0,0,,0,1,2,0,3,4,0,0,37174,,0,2,1,
2026-09-13T09:24:02.262Z,135741328000000,1612890,16094,-487840,-487838,,500011265,499986482,499986482,499976344,49998,2,499986482,499986482,0,1,0,0,,0,1,2,0,3,4,0,0,37174,,0,2,1,
2026-09-13T09:24:02.381Z,135741453000000,1613010,16095,-487847,-487844,,500011265,499993241,499993241,499976344,49998,2,499993241,499993241,0,1,0,0,,0,1,2,0,3,4,0,0,37174,,0,2,1,
2026-09-13T09:24:02.596Z,135741671000000,1613130,16096,-487844,-487846,,500004506,499995494,499995494,499976344,49998,2,499995494,499995494,0,1,0,0,,0,1,2,0,3,4,0,0,21404,,0,2,1,
2026-09-13T09:24:02.713Z,135741781000000,1613294,16098,-487851,-487854,,500004506,500004506,500004506,499976344,49998,2,500004506,500004506,0,1,0,0,,0,1,2,0,3,4,0,0,29289,,0,2,1,
2026-09-13T09:24:02.831Z,135741906000000,1613482,16100,-487811,-487823,,500004506,499969585,499969585,499976344,49998,2,499969585,499969585,0,1,0,0,,0,1,2,0,3,4,0,0,34921,,0,2,1,
2026-09-13T09:24:02.949Z,135742015000000,1613582,16101,-487844,-487828,,500004506,499975217,499975217,499976344,49998,2,499975217,499975217,0,1,0,0,,0,1,2,0,3,4,0,0,34921,,0,2,1,
2026-09-13T09:24:03.067Z,135742140000000,1613698,16102,-487839,-487842,,500004506,499990988,499990988,499976344,49998,2,499990988,499990988,0,1,0,0,,0,1,2,0,3,4,0,0,34921,,0,2,1,
2026-09-13T09:24:03.184Z,135742250000000,1613816,16103,-487844,-487842,,500004506,499990988,499990988,499976344,49998,2,499990988,499990988,0,1,0,0,,0,1,2,0,3,4,0,0,34921,,0,2,1,
2026-09-13T09:24:03.302Z,135742375000000,1613933,16104,-487836,-487840,,500004506,499988735,499988735,499976344,49998,2,499988735,499988735,0,1,0,0,,0,1,2,0,3,4,0,0,34921,,0,2,1,
2026-09-13T09:24:03.421Z,135742500000000,1614052,16105,-487838,-487837,,500004506,499985356,499985356,499976344,49998,2,499985356,499985356,0,1,0,0,,0,1,2,0,3,4,0,0,34921,,0,2,1,
2026-09-13T09:24:03.638Z,135742718000000,1614184,16107,-487843,-487842,,499986482,499990988,499990988,499976344,49998,2,499990988,499990988,0,1,0,0,,0,1,2,0,3,4,0,0,21403,,0,2,1,
2026-09-13T09:24:03.756Z,135742828000000,1614393,16109,-487844,-487839,,499986482,499987609,499987609,499976344,49998,2,499987609,499987609,0,1,0,0,,0,1,2,0,3,4,0,0,5632,,0,2,1,
2026-09-13T09:24:03.874Z,135742953000000,1614505,16110,-487837,-487841,,499986482,499989862,499989862,499976344,49998,2,499989862,499989862,0,1,0,0,,0,1,2,0,3,4,0,0,5632,,0,2,1,
2026-09-13T09:24:03.991Z,135743062000000,1614623,16111,-487832,-487835,,499986482,499983103,499983103,499976344,49998,2,499983103,499983103,0,1,0,0,,0,1,2,0,3,4,0,0,7885,,0,2,1,
2026-09-13T09:24:04.110Z,135743187000000,1614741,16112,-487844,-487838,,499986482,499986482,499986482,499976344,49998,2,499986482,499986482,0,1,0,0,,0,1,2,0,3,4,0,0,7885,,0,2,1,
2026-09-13T09:24:04.228Z,135743296000000,1614859,16113,-487846,-487845,,499986482,499994368,499994368,499976344,49998,2,499994368,499994368,0,1,0,0,,0,1,2,0,3,4,0,0,11265,,0,2,1,
2026-09-13T09:24:04.345Z,135743421000000,1614985,16115,-487856,-487851,,499986482,500001126,500001126,499976344,49998,2,500001126,500001126,0,1,0,0,,0,1,2,0,3,4,0,0,18023,,0,2,1,
2026-09-13T09:24:04.464Z,135743531000000,1615095,16116,-487865,-487861,,499986482,500012391,500012391,499976344,49998,2,500012391,500012391,0,1,0,0,,0,1,2,0,3,4,0,0,29288,,0,2,1,
2026-09-13T09:24:04.681Z,135743750000000,1615213,16117,-487848,-487857,,499994368,500007885,500007885,499976344,49998,2,500007885,500007885,0,1,0,0,,0,1,2,0,3,4,0,0,29288,,0,2,1,
2026-09-13T09:24:04.799Z,135743875000000,1615386,16119,-487843,-487845,,499994368,499994368,499994368,499976344,49998,2,499994368,499994368,0,1,0,0,,0,1,2,0,3,4,0,0,25909,,0,2,1,
2026-09-13T09:24:04.917Z,135743984000000,1615549,16120,-487864,-487854,,499994368,500004506,500004506,499976344,49998,2,500004506,500004506,0,1,0,0,,0,1,2,0,3,4,0,0,18023,,0,2,1,
2026-09-13T09:24:05.034Z,135744109000000,1615667,16121,-487852,-487858,,499994368,500009012,500009012,499976344,49998,2,500009012,500009012,0,1,0,0,,0,1,2,0,3,4,0,0,18023,,0,2,1,
2026-09-13T09:24:05.153Z,135744218000000,1615787,16123,-487864,-487860,,499994368,500011265,500011265,499976344,49998,2,500011265,500011265,0,1,0,0,,0,1,2,0,3,4,0,0,18023,,0,2,1,
2026-09-13T09:24:05.271Z,135744343000000,1615902,16124,-487862,-487863,,499994368,500014644,500014644,499976344,49998,2,500014644,500014644,0,1,0,0,,0,1,2,0,3,4,0,0,20276,,0,2,1,
2026-09-13T09:24:05.390Z,135744468000000,1616021,16125,-487843,-487853,,499994368,500003379,500003379,499976344,49998,2,500003379,500003379,0,1,0,0,,0,1,2,0,3,4,0,0,20276,,0,2,1,
2026-09-13T09:24:05.508Z,135744578000000,1616139,16126,-487846,-487845,,499994368,499994368,499994368,499976344,49998,2,499994368,499994368,0,1,0,0,,0,1,2,0,3,4,0,0,20276,,0,2,1,
2026-09-13T09:24:05.722Z,135744796000000,1616257,16127,-487859,-487853,,500014644,500003379,500003379,499976344,49998,2,500003379,500003379,0,1,0,0,,0,1,2,0,3,4,0,0,20276,,0,2,1,
2026-09-13T09:24:05.841Z,135744906000000,1616488,16130,-487851,-487854,,500014644,500004506,500004506,499976344,49998,2,500004506,500004506,0,1,0,0,,0,1,2,0,3,4,0,0,22529,,0,2,1,
2026-09-13T09:24:05.959Z,135745031000000,1616590,16131,-487847,-487849,,500014644,499998874,499998874,499976344,49998,2,499998874,499998874,0,1,0,0,,0,1,2,0,3,4,0,0,22529,,0,2,1,
2026-09-13T09:24:06.077Z,135745156000000,1616708,16132,-487852,-487850,,500014644,500000000,500000000,499976344,49998,2,500000000,500000000,0,1,0,0,,0,1,2,0,3,4,0,0,22529,,0,2,1,
2026-09-13T09:24:06.194Z,135745265000000,1616826,16133,-487845,-487849,,500014644,499998874,499998874,499976344,49998,2,499998874,499998874,0,1,0,0,,0,1,2,0,3,4,0,0,22529,,0,2,1,
2026-09-13T09:24:06.314Z,135745390000000,1616943,16134,-487849,-487847,,500014644,499996621,499996621,499976344,49998,2,499996621,499996621,0,1,0,0,,0,1,2,0,3,4,0,0,20276,,0,2,1,
2026-09-13T09:24:06.430Z,135745500000000,1617063,16135,-487869,-487859,,500014644,500010138,500010138,499976344,49998,2,500010138,500010138,0,1,0,0,,0,1,2,0,3,4,0,0,20276,,0,2,1,
2026-09-13T09:24:06.550Z,135745625000000,1617191,16137,-487862,-487862,,500014644,500013518,500013518,499976344,49998,2,500013518,500013518,0,1,0,0,,0,1,2,0,3,4,0,0,20276,,0,2,1,
2026-09-13T09:24:06.766Z,135745843000000,1617299,16138,-487843,-487853,,499992115,500003379,500003379,499976344,49998,2,500003379,500003379,0,1,0,0,,0,1,2,0,3,4,0,0,20276,,0,2,1,
2026-09-13T09:24:06.884Z,135745953000000,1617522,16140,-487843,-487843,,499992115,499992115,499992115,499976344,49998,2,499992115,499992115,0,1,0,0,,0,1,2,0,3,4,0,0,24782,,0,2,1,
2026-09-13T09:24:07.002Z,135746078000000,1617634,16141,-487850,-487847,,499992115,499996621,499996621,499976344,49998,2,499996621,499996621,0,1,0,0,,0,1,2,0,3,4,0,0,24782,,0,2,1,
2026-09-13T09:24:07.121Z,135746187000000,1617752,16142,-487854,-487852,,499992115,500002253,500002253,499976344,49998,2,500002253,500002253,0,1,0,0,,0,1,2,0,3,4,0,0,24782,,0,2,1,
2026-09-13T09:24:07.239Z,135746312000000,1617870,16143,-487861,-487858,,499992115,500009012,500009012,499976344,49998,2,500009012,500009012,0,1,0,0,,0,1,2,0,3,4,0,0,24782,,0,2,1,
2026-09-13T09:24:07.357Z,135746437000000,1617992,16145,-487835,-487838,,499992115,499986482,499986482,499976344,49998,2,499986482,499986482,0,1,0,0,,0,1,2,0,3,4,0,0,22530,,0,2,1,
2026-09-13T09:24:07.475Z,135746546000000,1618107,16146,-487847,-487841,,499992115,499989862,499989862,499976344,49998,2,499989862,499989862,0,1,0,0,,0,1,2,0,3,4,0,0,22530,,0,2,1,
2026-09-13T09:24:07.592Z,135746671000000,1618224,16147,-487841,-487844,,499992115,499993241,499993241,499976344,49998,2,499993241,499993241,0,1,0,0,,0,1,2,0,3,4,0,0,22530,,0,2,1,
2026-09-13T09:24:07.808Z,135746875000000,1618343,16148,-487838,-487840,,500007885,499988735,499988735,499976344,49998,2,499988735,499988735,0,1,0,0,,0,1,2,0,3,4,0,0,22530,,0,2,1,
2026-09-13T09:24:07.925Z,135747000000000,1618507,16150,-487849,-487857,,500007885,500007885,500007885,499976344,49998,2,500007885,500007885,0,1,0,0,,0,1,2,0,3,4,0,0,22530,,0,2,1,
2026-09-13T09:24:08.044Z,135747109000000,1618693,16152,-487842,-487846,,500007885,499995494,499995494,499976344,49998,2,499995494,499995494,0,1,0,0,,0,1,2,0,3,4,0,0,21403,,0,2,1,
2026-09-13T09:24:08.162Z,135747234000000,1618794,16153,-487852,-487847,,500007885,499996621,499996621,499976344,49998,2,499996621,499996621,0,1,0,0,,0,1,2,0,3,4,0,0,19150,,0,2,1,
2026-09-13T09:24:08.281Z,135747359000000,1618913,16154,-487848,-487850,,500007885,500000000,500000000,499976344,49998,2,500000000,500000000,0,1,0,0,,0,1,2,0,3,4,0,0,19150,,0,2,1,
2026-09-13T09:24:08.400Z,135747468000000,1619031,16155,-487842,-487845,,500007885,499994368,499994368,499976344,49998,2,499994368,499994368,0,1,0,0,,0,1,2,0,3,4,0,0,19150,,0,2,1,
2026-09-13T09:24:08.519Z,135747593000000,1619150,16156,-487845,-487844,,500007885,499993241,499993241,499976344,49998,2,499993241,499993241,0,1,0,0,,0,1,2,0,3,4,0,0,14644,,0,2,1,
2026-09-13T09:24:08.637Z,135747703000000,1619269,16157,-487843,-487844,,500007885,499993241,499993241,499976344,49998,2,499993241,499993241,0,1,0,0,,0,1,2,0,3,4,0,0,14644,,0,2,1,
2026-09-13T09:24:08.854Z,135747921000000,1619394,16159,-487848,-487843,,499998874,499992115,499992115,499976344,49998,2,499992115,499992115,0,1,0,0,,0,1,2,0,3,4,0,0,10138,,0,2,1,
2026-09-13T09:24:08.973Z,135748046000000,1619609,16161,-487836,-487843,,499998874,499992115,499992115,499976344,49998,2,499992115,499992115,0,1,0,0,,0,1,2,0,3,4,0,0,10138,,0,2,1,
2026-09-13T09:24:09.091Z,135748171000000,1619723,16162,-487857,-487847,,499998874,499996621,499996621,499976344,49998,2,499996621,499996621,0,1,0,0,,0,1,2,0,3,4,0,0,9012,,0,2,1,
2026-09-13T09:24:09.209Z,135748281000000,1619840,16163,-487851,-487854,,499998874,500004506,500004506,499976344,49998,2,500004506,500004506,0,1,0,0,,0,1,2,0,3,4,0,0,14644,,0,2,1,
2026-09-13T09:24:09.329Z,135748406000000,1619959,16164,-487838,-487845,,499998874,499994368,499994368,499976344,49998,2,499994368,499994368,0,1,0,0,,0,1,2,0,3,4,0,0,14644,,0,2,1,
2026-09-13T09:24:09.447Z,135748515000000,1620096,16166,-487838,-487834,,499998874,499981976,499981976,499976344,49998,2,499981976,499981976,0,1,0,0,,0,1,2,0,3,4,0,0,22530,,0,2,1,
2026-09-13T09:24:09.565Z,135748640000000,1620197,16167,-487839,-487839,,499998874,499987609,499987609,499976344,49998,2,499987609,499987609,0,1,0,0,,0,1,2,0,3,4,0,0,22530,,0,2,1,
2026-09-13T09:24:09.683Z,135748750000000,1620315,16168,-487823,-487831,,499998874,499978597,499978597,499976344,49998,2,499978597,499978597,0,1,0,0,,0,1,2,0,3,4,0,0,25909,,0,2,1,
2026-09-13T09:24:09.900Z,135748968000000,1620433,16169,-487840,-487832,,499990988,499979723,499979723,499976344,49998,2,499979723,499979723,0,1,0,0,,0,1,2,0,3,4,0,0,25909,,0,2,1,
2026-09-13T09:24:10.019Z,135749093000000,1620599,16171,-487840,-487842,,499990988,499990988,499990988,499976344,49998,2,499990988,499990988,0,1,0,0,,0,1,2,0,3,4,0,0,15771,,0,2,1,
2026-09-13T09:24:10.137Z,135749203000000,1620768,16172,-487838,-487839,,499990988,499987609,499987609,499976344,49998,2,499987609,499987609,0,1,0,0,,0,1,2,0,3,4,0,0,12391,,0,2,1,
2026-09-13T09:24:10.255Z,135749328000000,1620897,16174,-487865,-487851,,499990988,500001126,500001126,499976344,49998,2,500001126,500001126,0,1,0,0,,0,1,2,0,3,4,0,0,22529,,0,2,1,
2026-09-13T09:24:10.374Z,135749453000000,1621006,16175,-487845,-487855,,499990988,500005632,500005632,499976344,49998,2,500005632,500005632,0,1,0,0,,0,1,2,0,3,4,0,0,27035,,0,2,1,
2026-09-13T09:24:10.491Z,135749562000000,1621124,16176,-487856,-487851,,499990988,500001126,500001126,499976344,49998,2,500001126,500001126,0,1,0,0,,0,1,2,0,3,4,0,0,25909,,0,2,1,
2026-09-13T09:24:10.609Z,135749687000000,1621241,16177,-487842,-487849,,499990988,499998874,499998874,499976344,49998,2,499998874,499998874,0,1,0,0,,0,1,2,0,3,4,0,0,19150,,0,2,1,
2026-09-13T09:24:10.727Z,135749796000000,1621359,16178,-487832,-487837,,499990988,499985356,499985356,499976344,49998,2,499985356,499985356,0,1,0,0,,0,1,2,0,3,4,0,0,20276,,0,2,1,
2026-09-13T09:24:10.941Z,135750015000000,1621477,16179,-487845,-487839,,499994368,499987609,499987609,499976344,49998,2,499987609,499987609,0,1,0,0,,0,1,2,0,3,4,0,0,20276,,0,2,1,
2026-09-13T09:24:11.060Z,135750140000000,1621699,16182,-487839,-487846,,499994368,499995494,499995494,499976344,49998,2,499995494,499995494,0,1,0,0,,0,1,2,0,3,4,0,0,20276,,0,2,1,
2026-09-13T09:24:11.179Z,135750250000000,1621809,16183,-487848,-487844,,499994368,499993241,499993241,499976344,49998,2,499993241,499993241,0,1,0,0,,0,1,2,0,3,4,0,0,15770,,0,2,1,
2026-09-13T09:24:11.296Z,135750375000000,1621928,16184,-487849,-487849,,499994368,499998874,499998874,499976344,49998,2,499998874,499998874,0,1,0,0,,0,1,2,0,3,4,0,0,13518,,0,2,1,
2026-09-13T09:24:11.414Z,135750484000000,1622047,16185,-487837,-487843,,499994368,499992115,499992115,499976344,49998,2,499992115,499992115,0,1,0,0,,0,1,2,0,3,4,0,0,13518,,0,2,1,
2026-09-13T09:24:11.534Z,135750609000000,1622165,16186,-487838,-487838,,499994368,499986482,499986482,499976344,49998,2,499986482,499986482,0,1,0,0,,0,1,2,0,3,4,0,0,12392,,0,2,1,
2026-09-13T09:24:11.652Z,135750718000000,1622300,16188,-487864,-487853,,499994368,500003379,500003379,499976344,49998,2,500003379,500003379,0,1,0,0,,0,1,2,0,3,4,0,0,16897,,0,2,1,
2026-09-13T09:24:11.770Z,135750843000000,1622402,16189,-487854,-487859,,499994368,500010138,500010138,499976344,49998,2,500010138,500010138,0,1,0,0,,0,1,2,0,3,4,0,0,23656,,0,2,1,
2026-09-13T09:24:11.986Z,135751062000000,1622520,16190,-487871,-487863,,500011265,500014644,500014644,499976344,49998,2,500014644,500014644,0,1,0,0,,0,1,2,0,3,4,0,0,28162,,0,2,1,
2026-09-13T09:24:12.103Z,135751171000000,1622742,16192,-487856,-487853,,500011265,500003379,500003379,499976344,49998,2,500003379,500003379,0,1,0,0,,0,1,2,0,3,4,0,0,28162,,0,2,1,
2026-09-13T09:24:12.221Z,135751296000000,1622853,16193,-487843,-487850,,500011265,500000000,500000000,499976344,49998,2,500000000,500000000,0,1,0,0,,0,1,2,0,3,4,0,0,28162,,0,2,1,
2026-09-13T09:24:12.339Z,135751406000000,1622970,16194,-487862,-487853,,500011265,500003379,500003379,499976344,49998,2,500003379,500003379,0,1,0,0,,0,1,2,0,3,4,0,0,25909,,0,2,1,
2026-09-13T09:24:12.457Z,135751531000000,1623102,16196,-487859,-487859,,500011265,500010138,500010138,499976344,49998,2,500010138,500010138,0,1,0,0,,0,1,2,0,3,4,0,0,14644,,0,2,1,
2026-09-13T09:24:12.574Z,135751640000000,1623207,16197,-487857,-487858,,500011265,500009012,500009012,499976344,49998,2,500009012,500009012,0,1,0,0,,0,1,2,0,3,4,0,0,14644,,0,2,1,
2026-09-13T09:24:12.693Z,135751765000000,1623324,16198,-487848,-487853,,500011265,500003379,500003379,499976344,49998,2,500003379,500003379,0,1,0,0,,0,1,2,0,3,4,0,0,12391,,0,2,1,
2026-09-13T09:24:12.810Z,135751890000000,1623443,16199,-487844,-487846,,500011265,499995494,499995494,499976344,49998,2,499995494,499995494,0,1,0,0,,0,1,2,0,3,4,0,0,16897,,0,2,1,
2026-09-13T09:24:13.024Z,135752093000000,1623561,16200,-487834,-487839,,499996621,499987609,499987609,499976344,49998,2,499987609,499987609,0,1,0,0,,0,1,2,0,3,4,0,0,24782,,0,2,1,
2026-09-13T09:24:13.144Z,135752218000000,1623725,16202,-487851,-487847,,499996621,499996621,499996621,499976344,49998,2,499996621,499996621,0,1,0,0,,0,1,2,0,3,4,0,0,25909,,0,2,1,
2026-09-13T09:24:13.261Z,135752328000000,1623903,16204,-487860,-487854,,499996621,500004506,500004506,499976344,49998,2,500004506,500004506,0,1,0,0,,0,1,2,0,3,4,0,0,22530,,0,2,1,
2026-09-13T09:24:13.380Z,135752453000000,1624012,16205,-487846,-487853,,499996621,500003379,500003379,499976344,49998,2,500003379,500003379,0,1,0,0,,0,1,2,0,3,4,0,0,18024,,0,2,1,
2026-09-13T09:24:13.497Z,135752562000000,1624129,16206,-487860,-487853,,499996621,500003379,500003379,499976344,49998,2,500003379,500003379,0,1,0,0,,0,1,2,0,3,4,0,0,18024,,0,2,1,
2026-09-13T09:24:13.615Z,135752687000000,1624247,16207,-487836,-487848,,499996621,499997747,499997747,499976344,49998,2,499997747,499997747,0,1,0,0,,0,1,2,0,3,4,0,0,18024,,0,2,1,
2026-09-13T09:24:13.735Z,135752812000000,1624366,16208,-487851,-487844,,499996621,499993241,499993241,499976344,49998,2,499993241,499993241,0,1,0,0,,0,1,2,0,3,4,0,0,18024,,0,2,1,
2026-09-13T09:24:13.855Z,135752921000000,1624504,16210,-487852,-487853,,499996621,500003379,500003379,499976344,49998,2,500003379,500003379,0,1,0,0,,0,1,2,0,3,4,0,0,11265,,0,2,1,
2026-09-13T09:24:14.074Z,135753140000000,1624605,16211,-487864,-487858,,500012391,500009012,500009012,499976344,49998,2,500009012,500009012,0,1,0,0,,0,1,2,0,3,4,0,0,15771,,0,2,1,
2026-09-13T09:24:14.191Z,135753265000000,1624829,16213,-487867,-487863,,500012391,500014644,500014644,499976344,49998,2,500014644,500014644,0,1,0,0,,0,1,2,0,3,4,0,0,21403,,0,2,1,
2026-09-13T09:24:14.310Z,135753390000000,1624941,16214,-487848,-487858,,500012391,500009012,500009012,499976344,49998,2,500009012,500009012,0,1,0,0,,0,1,2,0,3,4,0,0,21403,,0,2,1,
2026-09-13T09:24:14.428Z,135753500000000,1625060,16215,-487840,-487844,,500012391,499993241,499993241,499976344,49998,2,499993241,499993241,0,1,0,0,,0,1,2,0,3,4,0,0,21403,,0,2,1,
2026-09-13T09:24:14.548Z,135753625000000,1625178,16216,-487837,-487839,,500012391,499987609,499987609,499976344,49998,2,499987609,499987609,0,1,0,0,,0,1,2,0,3,4,0,0,27035,,0,2,1,
2026-09-13T09:24:14.665Z,135753734000000,1625306,16218,-487855,-487851,,500012391,500001126,500001126,499976344,49998,2,500001126,500001126,0,1,0,0,,0,1,2,0,3,4,0,0,27035,,0,2,1,
2026-09-13T09:24:14.782Z,135753859000000,1625415,16219,-487845,-487850,,500012391,500000000,500000000,499976344,49998,2,500000000,500000000,0,1,0,0,,0,1,2,0,3,4,0,0,27035,,0,2,1,
2026-09-13T09:24:14.900Z,135753968000000,1625533,16220,-487867,-487856,,500012391,500006759,500006759,499976344,49998,2,500006759,500006759,0,1,0,0,,0,1,2,0,3,4,0,0,27035,,0,2,1,
2026-09-13T09:24:15.117Z,135754187000000,1625651,16221,-487863,-487865,,499992115,500016897,500016897,499976344,49998,2,500016897,500016897,0,1,0,0,,0,1,2,0,3,4,0,0,29288,,0,2,1,
2026-09-13T09:24:15.235Z,135754312000000,1625816,16223,-487845,-487843,,499992115,499992115,499992115,499976344,49998,2,499992115,499992115,0,1,0,0,,0,1,2,0,3,4,0,0,29288,,0,2,1,
2026-09-13T09:24:15.354Z,135754421000000,1625985,16224,-487851,-487848,,499992115,499997747,499997747,499976344,49998,2,499997747,499997747,0,1,0,0,,0,1,2,0,3,4,0,0,25909,,0,2,1,
2026-09-13T09:24:15.470Z,135754546000000,1626107,16226,-487862,-487853,,499992115,500003379,500003379,499976344,49998,2,500003379,500003379,0,1,0,0,,0,1,2,0,3,4,0,0,24782,,0,2,1,
2026-09-13T09:24:15.589Z,135754656000000,1626222,16227,-487872,-487867,,499992115,500019150,500019150,499976344,49998,2,500019150,500019150,0,1,0,0,,0,1,2,0,3,4,0,0,27035,,0,2,1,
2026-09-13T09:24:15.707Z,135754781000000,1626340,16228,-487870,-487871,,499992115,500023656,500023656,499976344,49998,2,500023656,500023656,0,1,0,0,,0,1,2,0,3,4,0,0,31541,,0,2,1,
2026-09-13T09:24:15.825Z,135754890000000,1626458,16229,-487857,-487864,,499992115,500015771,500015771,499976344,49998,2,500015771,500015771,0,1,0,0,,0,1,2,0,3,4,0,0,31541,,0,2,1,
2026-09-13T09:24:15.943Z,135755015000000,1626576,16230,-487863,-487860,,499992115,500011265,500011265,499976344,49998,2,500011265,500011265,0,1,0,0,,0,1,2,0,3,4,0,0,31541,,0,2,1,
2026-09-13T09:24:16.160Z,135755234000000,1626709,16232,-487862,-487860,,500007885,500011265,500011265,499976344,49998,2,500011265,500011265,0,1,0,0,,0,1,2,0,3,4,0,0,25909,,0,2,1,
2026-09-13T09:24:16.279Z,135755359000000,1626916,16234,-487853,-487852,,500007885,500002253,500002253,499976344,49998,2,500002253,500002253,0,1,0,0,,0,1,2,0,3,4,0,0,21403,,0,2,1,
2026-09-13T09:24:16.396Z,135755468000000,1627029,16235,-487851,-487852,,500007885,500002253,500002253,499976344,49998,2,500002253,500002253,0,1,0,0,,0,1,2,0,3,4,0,0,21403,,0,2,1,
2026-09-13T09:24:16.514Z,135755593000000,1627146,16236,-487830,-487841,,500007885,499989862,499989862,499976344,49998,2,499989862,499989862,0,1,0,0,,0,1,2,0,3,4,0,0,25909,,0,2,1,
2026-09-13T09:24:16.631Z,135755703000000,1627265,16237,-487848,-487839,,500007885,499987609,499987609,499976344,49998,2,499987609,499987609,0,1,0,0,,0,1,2,0,3,4,0,0,23656,,0,2,1,
2026-09-13T09:24:16.749Z,135755828000000,1627381,16238,-487840,-487844,,500007885,499993241,499993241,499976344,49998,2,499993241,499993241,0,1,0,0,,0,1,2,0,3,4,0,0,23656,,0,2,1,
2026-09-13T09:24:16.866Z,135755937000000,1627511,16240,-487853,-487848,,500007885,499997747,499997747,499976344,49998,2,499997747,499997747,0,1,0,0,,0,1,2,0,3,4,0,0,20276,,0,2,1,
2026-09-13T09:24:16.983Z,135756062000000,1627617,16241,-487836,-487845,,500007885,499994368,499994368,499976344,49998,2,499994368,499994368,0,1,0,0,,0,1,2,0,3,4,0,0,14644,,0,2,1,
2026-09-13T09:24:17.199Z,135756265000000,1627734,16242,-487839,-487838,,499988735,499986482,499986482,499976344,49998,2,499986482,499986482,0,1,0,0,,0,1,2,0,3,4,0,0,15771,,0,2,1,
2026-09-13T09:24:17.317Z,135756390000000,1627955,16244,-487849,-487845,,499988735,499994368,499994368,499976344,49998,2,499994368,499994368,0,1,0,0,,0,1,2,0,3,4,0,0,11265,,0,2,1,
2026-09-13T09:24:17.434Z,135756500000000,1628067,16245,-487846,-487848,,499988735,499997747,499997747,499976344,49998,2,499997747,499997747,0,1,0,0,,0,1,2,0,3,4,0,0,11265,,0,2,1,
2026-09-13T09:24:17.553Z,135756625000000,1628185,16246,-487836,-487841,,499988735,499989862,499989862,499976344,49998,2,499989862,499989862,0,1,0,0,,0,1,2,0,3,4,0,0,11265,,0,2,1,
2026-09-13T09:24:17.671Z,135756750000000,1628312,16248,-487851,-487850,,499988735,500000000,500000000,499976344,49998,2,500000000,500000000,0,1,0,0,,0,1,2,0,3,4,0,0,13518,,0,2,1,
2026-09-13T09:24:17.788Z,135756859000000,1628421,16249,-487852,-487852,,499988735,500002253,500002253,499976344,49998,2,500002253,500002253,0,1,0,0,,0,1,2,0,3,4,0,0,15771,,0,2,1,
2026-09-13T09:24:17.906Z,135756984000000,1628539,16250,-487838,-487845,,499988735,499994368,499994368,499976344,49998,2,499994368,499994368,0,1,0,0,,0,1,2,0,3,4,0,0,13518,,0,2,1,
2026-09-13T09:24:18.024Z,135757093000000,1628656,16251,-487833,-487836,,499988735,499984229,499984229,499976344,49998,2,499984229,499984229,0,1,0,0,,0,1,2,0,3,4,0,0,18024,,0,2,1,
2026-09-13T09:24:18.239Z,135757312000000,1628773,16252,-487832,-487833,,499978597,499980850,499980850,499976344,49998,2,499980850,499980850,0,1,0,0,,0,1,2,0,3,4,0,0,21403,,0,2,1,
2026-09-13T09:24:18.360Z,135757437000000,1628940,16254,-487833,-487831,,499978597,499978597,499978597,499976344,49998,2,499978597,499978597,0,1,0,0,,0,1,2,0,3,4,0,0,23656,,0,2,1,
2026-09-13T09:24:18.479Z,135757546000000,1629114,16256,-487844,-487845,,499978597,499994368,499994368,499976344,49998,2,499994368,499994368,0,1,0,0,,0,1,2,0,3,4,0,0,23656,,0,2,1,
2026-09-13T09:24:18.596Z,135757671000000,1629229,16257,-487858,-487851,,499978597,500001126,500001126,499976344,49998,2,500001126,500001126,0,1,0,0,,0,1,2,0,3,4,0,0,22529,,0,2,1,
2026-09-13T09:24:18.715Z,135757781000000,1629347,16258,-487837,-487848,,499978597,499997747,499997747,499976344,49998,2,499997747,499997747,0,1,0,0,,0,1,2,0,3,4,0,0,22529,,0,2,1,
2026-09-13T09:24:18.834Z,135757906000000,1629465,16259,-487822,-487830,,499978597,499977470,499977470,499976344,49998,2,499977470,499977470,0,1,0,0,,0,1,2,0,3,4,0,0,23656,,0,2,1,
2026-09-13T09:24:18.952Z,135758031000000,1629584,16260,-487838,-487830,,499978597,499977470,499977470,499976344,49998,2,499977470,499977470,0,1,0,0,,0,1,2,0,3,4,0,0,23656,,0,2,1,
2026-09-13T09:24:19.070Z,135758140000000,1629715,16262,-487854,-487843,,499978597,499992115,499992115,499976344,49998,2,499992115,499992115,0,1,0,0,,0,1,2,0,3,4,0,0,23656,,0,2,1,
2026-09-13T09:24:19.288Z,135758359000000,1629821,16263,-487847,-487851,,499992115,500001126,500001126,499976344,49998,2,500001126,500001126,0,1,0,0,,0,1,2,0,3,4,0,0,23656,,0,2,1,
2026-09-13T09:24:19.406Z,135758484000000,1630044,16265,-487846,-487842,,499992115,499990988,499990988,499976344,49998,2,499990988,499990988,0,1,0,0,,0,1,2,0,3,4,0,0,23656,,0,2,1,
2026-09-13T09:24:19.525Z,135758593000000,1630156,16266,-487815,-487831,,499992115,499978597,499978597,499976344,49998,2,499978597,499978597,0,1,0,0,,0,1,2,0,3,4,0,0,23656,,0,2,1,
2026-09-13T09:24:19.643Z,135758718000000,1630275,16267,-487828,-487822,,499992115,499968459,499968459,499976344,49998,2,499968459,499968459,0,1,0,0,,0,1,2,0,3,4,0,0,32667,,0,2,1,
2026-09-13T09:24:19.761Z,135758828000000,1630393,16268,-487840,-487834,,499992115,499981976,499981976,499976344,49998,2,499981976,499981976,0,1,0,0,,0,1,2,0,3,4,0,0,32667,,0,2,1,
2026-09-13T09:24:19.881Z,135758953000000,1630516,16270,-487864,-487859,,499992115,500010138,500010138,499976344,49998,2,500010138,500010138,0,1,0,0,,0,1,2,0,3,4,0,0,41679,,0,2,1,
2026-09-13T09:24:20.000Z,135759078000000,1630630,16271,-487840,-487852,,499992115,500002253,500002253,499976344,49998,2,500002253,500002253,0,1,0,0,,0,1,2,0,3,4,0,0,41679,,0,2,1,
2026-09-13T09:24:20.118Z,135759187000000,1630750,16272,-487845,-487843,,499992115,499992115,499992115,499976344,49998,2,499992115,499992115,0,1,0,0,,0,1,2,0,3,4,0,0,41679,,0,2,1,
2026-09-13T09:24:20.335Z,135759406000000,1630868,16273,-487851,-487848,,499997747,499997747,499997747,499976344,49998,2,499997747,499997747,0,1,0,0,,0,1,2,0,3,4,0,0,41679,,0,2,1,
2026-09-13T09:24:20.453Z,135759531000000,1631036,16275,-487845,-487848,,499997747,499997747,499997747,499976344,49998,2,499997747,499997747,0,1,0,0,,0,1,2,0,3,4,0,0,28162,,0,2,1,
2026-09-13T09:24:20.570Z,135759640000000,1631218,16277,-487830,-487832,,499997747,499979723,499979723,499976344,49998,2,499979723,499979723,0,1,0,0,,0,1,2,0,3,4,0,0,30415,,0,2,1,
2026-09-13T09:24:20.688Z,135759765000000,1631321,16278,-487844,-487837,,499997747,499985356,499985356,499976344,49998,2,499985356,499985356,0,1,0,0,,0,1,2,0,3,4,0,0,22530,,0,2,1,
2026-09-13T09:24:20.805Z,135759875000000,1631438,16279,-487852,-487848,,499997747,499997747,499997747,499976344,49998,2,499997747,499997747,0,1,0,0,,0,1,2,0,3,4,0,0,21403,,0,2,1,
2026-09-13T09:24:20.923Z,135760000000000,1631556,16280,-487855,-487854,,499997747,500004506,500004506,499976344,49998,2,500004506,500004506,0,1,0,0,,0,1,2,0,3,4,0,0,24783,,0,2,1,
2026-09-13T09:24:21.041Z,135760109000000,1631674,16281,-487835,-487845,,499997747,499994368,499994368,499976344,49998,2,499994368,499994368,0,1,0,0,,0,1,2,0,3,4,0,0,24783,,0,2,1,
2026-09-13T09:24:21.160Z,135760234000000,1631792,16282,-487835,-487835,,499997747,499983103,499983103,499976344,49998,2,499983103,499983103,0,1,0,0,,0,1,2,0,3,4,0,0,24783,,0,2,1,
2026-09-13T09:24:21.376Z,135760453000000,1631919,16284,-487865,-487857,,500009012,500007885,500007885,499976344,49998,2,500007885,500007885,0,1,0,0,,0,1,2,0,3,4,0,0,28162,,0,2,1,
2026-09-13T09:24:21.494Z,135760562000000,1632133,16286,-487838,-487845,,500009012,499994368,499994368,499976344,49998,2,499994368,499994368,0,1,0,0,,0,1,2,0,3,4,0,0,25909,,0,2,1,
2026-09-13T09:24:21.612Z,135760687000000,1632245,16287,-487843,-487841,,500009012,499989862,499989862,499976344,49998,2,499989862,499989862,0,1,0,0,,0,1,2,0,3,4,0,0,25909,,0,2,1,
2026-09-13T09:24:21.730Z,135760796000000,1632363,16288,-487836,-487840,,500009012,499988735,499988735,499976344,49998,2,499988735,499988735,0,1,0,0,,0,1,2,0,3,4,0,0,25909,,0,2,1,
2026-09-13T09:24:21.849Z,135760921000000,1632481,16289,-487837,-487837,,500009012,499985356,499985356,499976344,49998,2,499985356,499985356,0,1,0,0,,0,1,2,0,3,4,0,0,25909,,0,2,1,
2026-09-13T09:24:21.968Z,135761046000000,1632620,16291,-487867,-487858,,500009012,500009012,500009012,499976344,49998,2,500009012,500009012,0,1,0,0,,0,1,2,0,3,4,0,0,23656,,0,2,1,
2026-09-13T09:24:22.085Z,135761156000000,1632720,16292,-487858,-487863,,500009012,500014644,500014644,499976344,49998,2,500014644,500014644,0,1,0,0,,0,1,2,0,3,4,0,0,29288,,0,2,1,
2026-09-13T09:24:22.203Z,135761281000000,1632836,16293,-487843,-487851,,500009012,500001126,500001126,499976344,49998,2,500001126,500001126,0,1,0,0,,0,1,2,0,3,4,0,0,29288,,0,2,1,
2026-09-13T09:24:22.416Z,135761484000000,1632953,16294,-487852,-487848,,500014644,499997747,499997747,499976344,49998,2,499997747,499997747,0,1,0,0,,0,1,2,0,3,4,0,0,29288,,0,2,1,
2026-09-13T09:24:22.534Z,135761609000000,1633121,16296,-487858,-487863,,500014644,500014644,500014644,499976344,49998,2,500014644,500014644,0,1,0,0,,0,1,2,0,3,4,0,0,29288,,0,2,1,
2026-09-13T09:24:22.651Z,135761718000000,1633284,16297,-487863,-487861,,500014644,500012391,500012391,499976344,49998,2,500012391,500012391,0,1,0,0,,0,1,2,0,3,4,0,0,22529,,0,2,1,
2026-09-13T09:24:22.771Z,135761843000000,1633422,16299,-487849,-487850,,500014644,500000000,500000000,499976344,49998,2,500000000,500000000,0,1,0,0,,0,1,2,0,3,4,0,0,16897,,0,2,1,
2026-09-13T09:24:22.889Z,135761968000000,1633522,16300,-487847,-487848,,500014644,499997747,499997747,499976344,49998,2,499997747,499997747,0,1,0,0,,0,1,2,0,3,4,0,0,16897,,0,2,1,
2026-09-13T09:24:23.006Z,135762078000000,1633640,16301,-487824,-487836,,500014644,499984229,499984229,499976344,49998,2,499984229,499984229,0,1,0,0,,0,1,2,0,3,4,0,0,30415,,0,2,1,
2026-09-13T09:24:23.123Z,135762203000000,1633757,16302,-487811,-487818,,500014644,499963953,499963953,499976344,49998,2,499963953,499963953,0,1,0,0,,0,1,2,0,3,4,0,0,50691,,0,2,1,
2026-09-13T09:24:23.240Z,135762312000000,1633874,16303,-487818,-487815,,500014644,499960573,499960573,499976344,49998,2,499960573,499960573,0,1,0,0,,0,1,2,0,3,4,0,0,54071,,0,2,1,
2026-09-13T09:24:23.455Z,135762531000000,1633991,16304,-487843,-487831,,500009012,499978597,499978597,499976344,49998,2,499978597,499978597,0,1,0,0,,0,1,2,0,3,4,0,0,51818,,0,2,1,
2026-09-13T09:24:23.573Z,135762640000000,1634223,16307,-487848,-487854,,500009012,500004506,500004506,499976344,49998,2,500004506,500004506,0,1,0,0,,0,1,2,0,3,4,0,0,48439,,0,2,1,
2026-09-13T09:24:23.691Z,135762765000000,1634324,16308,-487826,-487837,,500009012,499985356,499985356,499976344,49998,2,499985356,499985356,0,1,0,0,,0,1,2,0,3,4,0,0,48439,,0,2,1,
2026-09-13T09:24:23.810Z,135762890000000,1634442,16309,-487837,-487832,,500009012,499979723,499979723,499976344,49998,2,499979723,499979723,0,1,0,0,,0,1,2,0,3,4,0,0,48439,,0,2,1,
2026-09-13T09:24:23.927Z,135763000000000,1634561,16310,-487839,-487838,,500009012,499986482,499986482,499976344,49998,2,499986482,499986482,0,1,0,0,,0,1,2,0,3,4,0,0,48439,,0,2,1,
2026-09-13T09:24:24.046Z,135763125000000,1634678,16311,-487849,-487844,,500009012,499993241,499993241,499976344,49998,2,499993241,499993241,0,1,0,0,,0,1,2,0,3,4,0,0,30415,,0,2,1,
2026-09-13T09:24:24.165Z,135763234000000,1634798,16312,-487853,-487851,,500009012,500001126,500001126,499976344,49998,2,500001126,500001126,0,1,0,0,,0,1,2,0,3,4,0,0,29289,,0,2,1,
2026-09-13T09:24:24.284Z,135763359000000,1634924,16314,-487854,-487850,,500009012,500000000,500000000,499976344,49998,2,500000000,500000000,0,1,0,0,,0,1,2,0,3,4,0,0,24783,,0,2,1,
2026-09-13T09:24:24.498Z,135763578000000,1635035,16315,-487848,-487851,,500000000,500001126,500001126,499976344,49998,2,500001126,500001126,0,1,0,0,,0,1,2,0,3,4,0,0,21403,,0,2,1,
2026-09-13T09:24:24.616Z,135763687000000,1635255,16317,-487842,-487847,,500000000,499996621,499996621,499976344,49998,2,499996621,499996621,0,1,0,0,,0,1,2,0,3,4,0,0,14644,,0,2,1,
2026-09-13T09:24:24.734Z,135763812000000,1635367,16318,-487837,-487840,,500000000,499988735,499988735,499976344,49998,2,499988735,499988735,0,1,0,0,,0,1,2,0,3,4,0,0,12391,,0,2,1,
2026-09-13T09:24:24.851Z,135763921000000,1635485,16319,-487833,-487835,,500000000,499983103,499983103,499976344,49998,2,499983103,499983103,0,1,0,0,,0,1,2,0,3,4,0,0,18023,,0,2,1,
2026-09-13T09:24:24.970Z,135764046000000,1635603,16320,-487846,-487840,,500000000,499988735,499988735,499976344,49998,2,499988735,499988735,0,1,0,0,,0,1,2,0,3,4,0,0,18023,,0,2,1,
2026-09-13T09:24:25.089Z,135764156000000,1635726,16322,-487843,-487849,,500000000,499998874,499998874,499976344,49998,2,499998874,499998874,0,1,0,0,,0,1,2,0,3,4,0,0,18023,,0,2,1,
2026-09-13T09:24:25.207Z,135764281000000,1635840,16323,-487858,-487851,,500000000,500001126,500001126,499976344,49998,2,500001126,500001126,0,1,0,0,,0,1,2,0,3,4,0,0,18023,,0,2,1,
2026-09-13T09:24:25.326Z,135764406000000,1635957,16324,-487839,-487849,,500000000,499998874,499998874,499976344,49998,2,499998874,499998874,0,1,0,0,,0,1,2,0,3,4,0,0,18023,,0,2,1,
2026-09-13T09:24:25.542Z,135764609000000,1636077,16325,-487847,-487843,,500006759,499992115,499992115,499976344,49998,2,499992115,499992115,0,1,0,0,,0,1,2,0,3,4,0,0,18023,,0,2,1,
2026-09-13T09:24:25.660Z,135764734000000,1636241,16327,-487868,-487856,,500006759,500006759,500006759,499976344,49998,2,500006759,500006759,0,1,0,0,,0,1,2,0,3,4,0,0,18024,,0,2,1,
2026-09-13T09:24:25.779Z,135764859000000,1636427,16329,-487845,-487849,,500006759,499998874,499998874,499976344,49998,2,499998874,499998874,0,1,0,0,,0,1,2,0,3,4,0,0,20276,,0,2,1,
2026-09-13T09:24:25.898Z,135764968000000,1636529,16330,-487841,-487843,,500006759,499992115,499992115,499976344,49998,2,499992115,499992115,0,1,0,0,,0,1,2,0,3,4,0,0,20276,,0,2,1,
2026-09-13T09:24:26.016Z,135765093000000,1636648,16331,-487839,-487840,,500006759,499988735,499988735,499976344,49998,2,499988735,499988735,0,1,0,0,,0,1,2,0,3,4,0,0,23656,,0,2,1,
2026-09-13T09:24:26.135Z,135765203000000,1636767,16332,-487854,-487847,,500006759,499996621,499996621,499976344,49998,2,499996621,499996621,0,1,0,0,,0,1,2,0,3,4,0,0,23656,,0,2,1,
2026-09-13T09:24:26.252Z,135765328000000,1636885,16333,-487867,-487861,,500006759,500012391,500012391,499976344,49998,2,500012391,500012391,0,1,0,0,,0,1,2,0,3,4,0,0,23656,,0,2,1,
2026-09-13T09:24:26.371Z,135765437000000,1637004,16334,-487860,-487864,,500006759,500015771,500015771,499976344,49998,2,500015771,500015771,0,1,0,0,,0,1,2,0,3,4,0,0,27036,,0,2,1,
2026-09-13T09:24:26.586Z,135765656000000,1637129,16336,-487850,-487851,,500003379,500001126,500001126,499976344,49998,2,500001126,500001126,0,1,0,0,,0,1,2,0,3,4,0,0,27036,,0,2,1,
2026-09-13T09:24:26.704Z,135765781000000,1637343,16338,-487846,-487851,,500003379,500001126,500001126,499976344,49998,2,500001126,500001126,0,1,0,0,,0,1,2,0,3,4,0,0,27036,,0,2,1,
2026-09-13T09:24:26.823Z,135765890000000,1637455,16339,-487840,-487843,,500003379,499992115,499992115,499976344,49998,2,499992115,499992115,0,1,0,0,,0,1,2,0,3,4,0,0,23656,,0,2,1,
2026-09-13T09:24:26.942Z,135766015000000,1637574,16340,-487850,-487845,,500003379,499994368,499994368,499976344,49998,2,499994368,499994368,0,1,0,0,,0,1,2,0,3,4,0,0,23656,,0,2,1,
2026-09-13T09:24:27.059Z,135766125000000,1637693,16341,-487858,-487854,,500003379,500004506,500004506,499976344,49998,2,500004506,500004506,0,1,0,0,,0,1,2,0,3,4,0,0,23656,,0,2,1,
2026-09-13T09:24:27.179Z,135766250000000,1637831,16343,-487849,-487850,,500003379,500000000,500000000,499976344,49998,2,500000000,500000000,0,1,0,0,,0,1,2,0,3,4,0,0,12391,,0,2,1,
2026-09-13T09:24:27.298Z,135766375000000,1637931,16344,-487844,-487847,,500003379,499996621,499996621,499976344,49998,2,499996621,499996621,0,1,0,0,,0,1,2,0,3,4,0,0,12391,,0,2,1,
2026-09-13T09:24:27.418Z,135766484000000,1638049,16345,-487846,-487845,,500003379,499994368,499994368,499976344,49998,2,499994368,499994368,0,1,0,0,,0,1,2,0,3,4,0,0,12391,,0,2,1,
2026-09-13T09:24:27.634Z,135766703000000,1638168,16346,-487832,-487839,,499998874,499987609,499987609,499976344,49998,2,499987609,499987609,0,1,0,0,,0,1,2,0,3,4,0,0,16897,,0,2,1,
2026-09-13T09:24:27.753Z,135766828000000,1638334,16348,-487855,-487849,,499998874,499998874,499998874,499976344,49998,2,499998874,499998874,0,1,0,0,,0,1,2,0,3,4,0,0,18024,,0,2,1,
2026-09-13T09:24:27.871Z,135766937000000,1638504,16349,-487855,-487855,,499998874,500005632,500005632,499976344,49998,2,500005632,500005632,0,1,0,0,,0,1,2,0,3,4,0,0,19150,,0,2,1,
2026-09-13T09:24:27.989Z,135767062000000,1638632,16351,-487844,-487849,,499998874,499998874,499998874,499976344,49998,2,499998874,499998874,0,1,0,0,,0,1,2,0,3,4,0,0,19150,,0,2,1,
2026-09-13T09:24:28.107Z,135767187000000,1638740,16352,-487841,-487843,,499998874,499992115,499992115,499976344,49998,2,499992115,499992115,0,1,0,0,,0,1,2,0,3,4,0,0,19150,,0,2,1,
2026-09-13T09:24:28.225Z,135767296000000,1638858,16353,-487840,-487841,,499998874,499989862,499989862,499976344,49998,2,499989862,499989862,0,1,0,0,,0,1,2,0,3,4,0,0,19150,,0,2,1,
2026-09-13T09:24:28.344Z,135767421000000,1638976,16354,-487844,-487842,,499998874,499990988,499990988,499976344,49998,2,499990988,499990988,0,1,0,0,,0,1,2,0,3,4,0,0,19150,,0,2,1,
2026-09-13T09:24:28.461Z,135767531000000,1639095,16355,-487846,-487845,,499998874,499994368,499994368,499976344,49998,2,499994368,499994368,0,1,0,0,,0,1,2,0,3,4,0,0,15770,,0,2,1,
2026-09-13T09:24:28.677Z,135767750000000,1639213,16356,-487843,-487845,,500024783,499994368,499994368,499976344,49998,2,499994368,499994368,0,1,0,0,,0,1,2,0,3,4,0,0,15770,,0,2,1,
2026-09-13T09:24:28.795Z,135767875000000,1639435,16359,-487866,-487870,,500024783,500022530,500022530,499976344,49998,2,500022530,500022530,0,1,0,0,,0,1,2,0,3,4,0,0,34921,,0,2,1,
2026-09-13T09:24:28.914Z,135767984000000,1639546,16360,-487843,-487855,,500024783,500005632,500005632,499976344,49998,2,500005632,500005632,0,1,0,0,,0,1,2,0,3,4,0,0,34921,,0,2,1,
2026-09-13T09:24:29.032Z,135768109000000,1639665,16361,-487832,-487838,,500024783,499986482,499986482,499976344,49998,2,499986482,499986482,0,1,0,0,,0,1,2,0,3,4,0,0,38301,,0,2,1,
2026-09-13T09:24:29.151Z,135768218000000,1639784,16362,-487846,-487839,,500024783,499987609,499987609,499976344,49998,2,499987609,499987609,0,1,0,0,,0,1,2,0,3,4,0,0,38301,,0,2,1,
2026-09-13T09:24:29.269Z,135768343000000,1639902,16363,-487852,-487849,,500024783,499998874,499998874,499976344,49998,2,499998874,499998874,0,1,0,0,,0,1,2,0,3,4,0,0,38301,,0,2,1,
2026-09-13T09:24:29.387Z,135768453000000,1640035,16365,-487835,-487843,,500024783,499992115,499992115,499976344,49998,2,499992115,499992115,0,1,0,0,,0,1,2,0,3,4,0,0,38301,,0,2,1,
2026-09-13T09:24:29.504Z,135768578000000,1640138,16366,-487848,-487842,,500024783,499990988,499990988,499976344,49998,2,499990988,499990988,0,1,0,0,,0,1,2,0,3,4,0,0,36048,,0,2,1,
2026-09-13T09:24:29.722Z,135768796000000,1640256,16367,-487844,-487846,,499998874,499995494,499995494,499976344,49998,2,499995494,499995494,0,1,0,0,,0,1,2,0,3,4,0,0,19150,,0,2,1,
2026-09-13T09:24:29.840Z,135768906000000,1640478,16369,-487839,-487846,,499998874,499995494,499995494,499976344,49998,2,499995494,499995494,0,1,0,0,,0,1,2,0,3,4,0,0,13517,,0,2,1,
2026-09-13T09:24:29.959Z,135769031000000,1640591,16370,-487833,-487836,,499998874,499984229,499984229,499976344,49998,2,499984229,499984229,0,1,0,0,,0,1,2,0,3,4,0,0,16897,,0,2,1,
2026-09-13T09:24:30.078Z,135769156000000,1640710,16371,-487829,-487831,,499998874,499978597,499978597,499976344,49998,2,499978597,499978597,0,1,0,0,,0,1,2,0,3,4,0,0,22529,,0,2,1,
2026-09-13T09:24:30.194Z,135769265000000,1640836,16373,-487838,-487831,,499998874,499978597,499978597,499976344,49998,2,499978597,499978597,0,1,0,0,,0,1,2,0,3,4,0,0,25909,,0,2,1,
2026-09-13T09:24:30.315Z,135769390000000,1640947,16374,-487849,-487844,,499998874,499993241,499993241,499976344,49998,2,499993241,499993241,0,1,0,0,,0,1,2,0,3,4,0,0,25909,,0,2,1,
2026-09-13T09:24:30.433Z,135769500000000,1641066,16375,-487844,-487847,,499998874,499996621,499996621,499976344,49998,2,499996621,499996621,0,1,0,0,,0,1,2,0,3,4,0,0,25909,,0,2,1,
2026-09-13T09:24:30.551Z,135769625000000,1641185,16376,-487858,-487851,,499998874,500001126,500001126,499976344,49998,2,500001126,500001126,0,1,0,0,,0,1,2,0,3,4,0,0,28161,,0,2,1,
2026-09-13T09:24:30.766Z,135769843000000,1641303,16377,-487855,-487857,,500007885,500007885,500007885,499976344,49998,2,500007885,500007885,0,1,0,0,,0,1,2,0,3,4,0,0,34920,,0,2,1,
2026-09-13T09:24:30.882Z,135769953000000,1641437,16379,-487855,-487857,,500007885,500007885,500007885,499976344,49998,2,500007885,500007885,0,1,0,0,,0,1,2,0,3,4,0,0,34920,,0,2,1,
2026-09-13T09:24:31.001Z,135770078000000,1641638,16381,-487867,-487869,,500007885,500021403,500021403,499976344,49998,2,500021403,500021403,0,1,0,0,,0,1,2,0,3,4,0,0,28162,,0,2,1,
2026-09-13T09:24:31.119Z,135770187000000,1641752,16382,-487873,-487870,,500007885,500022530,500022530,499976344,49998,2,500022530,500022530,0,1,0,0,,0,1,2,0,3,4,0,0,25909,,0,2,1,
2026-09-13T09:24:31.237Z,135770312000000,1641870,16383,-487859,-487866,,500007885,500018024,500018024,499976344,49998,2,500018024,500018024,0,1,0,0,,0,1,2,0,3,4,0,0,21404,,0,2,1,
2026-09-13T09:24:31.356Z,135770421000000,1641988,16384,-487861,-487860,,500007885,500011265,500011265,499976344,49998,2,500011265,500011265,0,1,0,0,,0,1,2,0,3,4,0,0,14645,,0,2,1,
2026-09-13T09:24:31.473Z,135770546000000,1642107,16385,-487859,-487860,,500007885,500011265,500011265,499976344,49998,2,500011265,500011265,0,1,0,0,,0,1,2,0,3,4,0,0,14645,,0,2,1,
2026-09-13T09:24:31.590Z,135770656000000,1642239,16387,-487848,-487853,,500007885,500003379,500003379,499976344,49998,2,500003379,500003379,0,1,0,0,,0,1,2,0,3,4,0,0,19151,,0,2,1,
2026-09-13T09:24:31.804Z,135770875000000,1642342,16388,-487846,-487847,,499995494,499996621,499996621,499976344,49998,2,499996621,499996621,0,1,0,0,,0,1,2,0,3,4,0,0,25909,,0,2,1,
2026-09-13T09:24:31.923Z,135771000000000,1642562,16390,-487849,-487848,,499995494,499997747,499997747,499976344,49998,2,499997747,499997747,0,1,0,0,,0,1,2,0,3,4,0,0,22530,,0,2,1,
2026-09-13T09:24:32.040Z,135771109000000,1642674,16391,-487846,-487848,,499995494,499997747,499997747,499976344,49998,2,499997747,499997747,0,1,0,0,,0,1,2,0,3,4,0,0,15771,,0,2,1,
2026-09-13T09:24:32.159Z,135771234000000,1642793,16392,-487848,-487847,,499995494,499996621,499996621,499976344,49998,2,499996621,499996621,0,1,0,0,,0,1,2,0,3,4,0,0,15771,,0,2,1,
2026-09-13T09:24:32.280Z,135771359000000,1642910,16393,-487827,-487838,,499995494,499986482,499986482,499976344,49998,2,499986482,499986482,0,1,0,0,,0,1,2,0,3,4,0,0,22530,,0,2,1,
2026-09-13T09:24:32.399Z,135771468000000,1643041,16395,-487875,-487869,,499995494,500021403,500021403,499976344,49998,2,500021403,500021403,0,1,0,0,,0,1,2,0,3,4,0,0,34921,,0,2,1,
2026-09-13T09:24:32.518Z,135771593000000,1643150,16396,-487853,-487864,,499995494,500015771,500015771,499976344,49998,2,500015771,500015771,0,1,0,0,,0,1,2,0,3,4,0,0,34921,,0,2,1,
2026-09-13T09:24:32.637Z,135771703000000,1643268,16397,-487862,-487858,,499995494,500009012,500009012,499976344,49998,2,500009012,500009012,0,1,0,0,,0,1,2,0,3,4,0,0,34921,,0,2,1,
2026-09-13T09:24:32.853Z,135771921000000,1643388,16398,-487862,-487862,,500004506,500013518,500013518,499976344,49998,2,500013518,500013518,0,1,0,0,,0,1,2,0,3,4,0,0,34921,,0,2,1,
2026-09-13T09:24:32.970Z,135772046000000,1643553,16400,-487849,-487854,,500004506,500004506,500004506,499976344,49998,2,500004506,500004506,0,1,0,0,,0,1,2,0,3,4,0,0,34921,,0,2,1,
2026-09-13T09:24:33.088Z,135772156000000,1643723,16401,-487853,-487851,,500004506,500001126,500001126,499976344,49998,2,500001126,500001126,0,1,0,0,,0,1,2,0,3,4,0,0,27035,,0,2,1,
2026-09-13T09:24:33.205Z,135772281000000,1643843,16403,-487861,-487858,,500004506,500009012,500009012,499976344,49998,2,500009012,500009012,0,1,0,0,,0,1,2,0,3,4,0,0,14645,,0,2,1,
2026-09-13T09:24:33.324Z,135772390000000,1643957,16404,-487879,-487870,,500004506,500022530,500022530,499976344,49998,2,500022530,500022530,0,1,0,0,,0,1,2,0,3,4,0,0,21404,,0,2,1,
2026-09-13T09:24:33.442Z,135772515000000,1644075,16405,-487872,-487876,,500004506,500029288,500029288,499976344,49998,2,500029288,500029288,0,1,0,0,,0,1,2,0,3,4,0,0,28162,,0,2,1,
2026-09-13T09:24:33.559Z,135772625000000,1644194,16406,-487872,-487872,,500004506,500024783,500024783,499976344,49998,2,500024783,500024783,0,1,0,0,,0,1,2,0,3,4,0,0,28162,,0,2,1,
2026-09-13T09:24:33.680Z,135772750000000,1644312,16407,-487874,-487873,,500004506,500025909,500025909,499976344,49998,2,500025909,500025909,0,1,0,0,,0,1,2,0,3,4,0,0,28162,,0,2,1,
2026-09-13T09:24:33.896Z,135772968000000,1644444,16409,-487867,-487869,,500014644,500021403,500021403,499976344,49998,2,500021403,500021403,0,1,0,0,,0,1,2,0,3,4,0,0,24782,,0,2,1,
2026-09-13T09:24:34.013Z,135773093000000,1644654,16411,-487864,-487862,,500014644,500013518,500013518,499976344,49998,2,500013518,500013518,0,1,0,0,,0,1,2,0,3,4,0,0,15770,,0,2,1,
