utc,sample_sequence,timestamp_ms,static_input_ug,dynamic_input_ug,low_limit_ug,high_limit_ug,static_immediate,static_class,static_stable_count,static_reason,dynamic_immediate,dynamic_candidate,dynamic_confirmed,dynamic_confirm_count,dynamic_reason,process_active,valid,event_count,formal_state,formal_alarm_active,formal_green,formal_yellow,formal_red,formal_internal_buzzer,formal_external_buzzer,official_stable,official_overload,fault,overrun,dirty,save_count,revision,saved_revision,r5_input_ug
2026-09-21T06:14:58.726Z,25698,2574809,500127276,500108128,100000000,400000000,4,4,255,0,4,4,4,15,0,0,1,16,0,0,0,0,0,0,0,1,0,0,0,0,0,8,8,500127200
2026-09-21T06:14:58.807Z,25699,2574940,500127276,500126149,100000000,400000000,4,4,255,0,4,4,4,15,0,0,1,16,0,0,0,0,0,0,0,1,0,0,0,0,0,8,8,500127200
2026-09-21T06:14:58.903Z,25700,2575021,500127276,500123897,100000000,400000000,4,4,255,0,4,4,4,15,0,0,1,16,0,0,0,0,0,0,0,1,0,0,0,0,0,8,8,500127200
2026-09-21T06:14:58.999Z,25701,2575117,500127276,500129528,100000000,400000000,4,4,255,0,4,4,4,15,0,0,1,16,0,0,0,0,0,0,0,1,0,0,0,0,0,8,8,500127200
2026-09-21T06:14:59.091Z,25702,2575213,500127276,500134034,100000000,400000000,4,4,255,0,4,4,4,15,0,0,1,16,0,0,0,0,0,0,0,1,0,0,0,0,0,8,8,500127200
2026-09-21T06:14:59.184Z,25703,2575310,500127276,500126149,100000000,400000000,4,4,255,0,4,4,4,15,0,0,1,16,0,0,0,0,0,0,0,1,0,0,0,0,0,8,8,500127200
2026-09-21T06:14:59.276Z,25704,2575410,500127276,500130655,100000000,400000000,4,4,255,0,4,4,4,15,0,0,1,16,0,0,0,0,0,0,0,1,0,0,0,0,0,8,8,500127200
2026-09-21T06:14:59.368Z,25705,2575510,500127276,500134034,100000000,400000000,4,4,255,0,4,4,4,15,0,0,1,16,0,0,0,0,0,0,0,1,0,0,0,0,0,8,8,500127200
2026-09-21T06:14:59.460Z,25706,2575610,500127276,500121644,100000000,400000000,4,4,255,0,4,4,4,15,0,0,1,16,0,0,0,0,0,0,0,1,0,0,0,0,0,8,8,500127200
2026-09-21T06:14:59.553Z,25707,2575710,500126149,500120518,100000000,400000000,4,4,255,0,4,4,4,15,0,0,1,16,0,0,0,0,0,0,0,1,0,0,0,0,0,8,8,500126100
2026-09-21T06:14:59.713Z,25708,2575848,500125023,500109254,100000000,400000000,4,4,255,0,4,4,4,15,0,0,1,16,0,0,0,0,0,0,0,1,0,0,0,0,0,8,8,500125000
2026-09-21T06:14:59.810Z,25709,2575928,500123897,500119391,100000000,400000000,4,4,255,0,4,4,4,15,0,0,1,16,0,0,0,0,0,0,0,1,0,0,0,0,0,8,8,500123800
2026-09-21T06:14:59.905Z,25710,2576023,500122770,500118265,100000000,400000000,4,4,255,0,4,4,4,15,0,0,1,16,0,0,0,0,0,0,0,1,0,0,0,0,0,8,8,500122700
2026-09-21T06:15:00.001Z,25711,2576119,500121644,500116012,100000000,400000000,4,4,255,0,4,4,4,15,0,0,1,16,0,0,0,0,0,0,0,1,0,0,0,0,0,8,8,500121600
2026-09-21T06:15:00.093Z,25712,2576215,500121644,500130655,100000000,400000000,4,4,255,0,4,4,4,15,0,0,1,16,0,0,0,0,0,0,0,1,0,0,0,0,0,8,8,500121600
2026-09-21T06:15:00.185Z,25713,2576311,500120518,500117139,100000000,400000000,4,4,255,0,4,4,4,15,0,0,1,16,0,0,0,0,0,0,0,1,0,0,0,0,0,8,8,500120500
2026-09-21T06:15:00.277Z,25714,2576411,500120518,500108128,100000000,400000000,4,4,255,0,4,4,4,15,0,0,1,16,0,0,0,0,0,0,0,1,0,0,0,0,0,8,8,500120500
2026-09-21T06:15:00.369Z,25715,2576512,500120518,500130655,100000000,400000000,4,4,255,0,4,4,4,15,0,0,1,16,0,0,0,0,0,0,0,1,0,0,0,0,0,8,8,500120500
2026-09-21T06:15:00.461Z,25716,2576613,500121644,500130655,100000000,400000000,4,4,255,0,4,4,4,15,0,0,1,16,0,0,0,0,0,0,0,1,0,0,0,0,0,8,8,500121600
2026-09-21T06:15:00.554Z,25717,2576713,500122770,500123897,100000000,400000000,4,4,255,0,4,4,4,15,0,0,1,16,0,0,0,0,0,0,0,1,0,0,0,0,0,8,8,500122700
2026-09-21T06:15:00.745Z,25718,2576864,500123897,500128402,100000000,400000000,4,4,255,0,4,4,4,15,0,0,1,16,0,0,0,0,0,0,0,1,0,0,0,0,0,8,8,500123800
2026-09-21T06:15:00.841Z,25719,2576959,500123897,500121644,100000000,400000000,4,4,255,0,4,4,4,15,0,0,1,16,0,0,0,0,0,0,0,1,0,0,0,0,0,8,8,500123800
2026-09-21T06:15:00.938Z,25720,2577055,500123897,500116012,100000000,400000000,4,4,255,0,4,4,4,15,0,0,1,16,0,0,0,0,0,0,0,1,0,0,0,0,0,8,8,500123800
2026-09-21T06:15:01.034Z,25721,2577150,500123897,500136286,100000000,400000000,4,4,255,0,4,4,4,15,0,0,1,16,0,0,0,0,0,0,0,1,0,0,0,0,0,8,8,500123800
2026-09-21T06:15:01.130Z,25722,2577248,500125023,500143044,100000000,400000000,4,4,255,0,4,4,4,15,0,0,1,16,0,0,0,0,0,0,0,1,0,0,0,0,0,8,8,500125000
2026-09-21T06:15:01.209Z,25723,2577344,500126149,500129528,100000000,400000000,4,4,255,0,4,4,4,15,0,0,1,16,0,0,0,0,0,0,0,1,0,0,0,0,0,8,8,500126100
2026-09-21T06:15:01.286Z,25724,2577423,500126149,500125023,100000000,400000000,4,4,255,0,4,4,4,15,0,0,1,16,0,0,0,0,0,0,0,1,0,0,0,0,0,8,8,500126100
2026-09-21T06:15:01.364Z,25725,2577513,500126149,500126149,100000000,400000000,4,4,255,0,4,4,4,15,0,0,1,16,0,0,0,0,0,0,0,1,0,0,0,0,0,8,8,500126100
2026-09-21T06:15:01.522Z,25726,2577658,500126149,500136286,100000000,400000000,4,4,255,0,4,4,4,15,0,0,1,16,0,0,0,0,0,0,0,1,0,0,0,0,0,8,8,500126100
2026-09-21T06:15:01.601Z,25727,2577736,500127276,500149802,100000000,400000000,4,4,255,0,4,4,4,15,0,0,1,16,0,0,0,0,0,0,0,1,0,0,0,0,0,8,8,500127200
2026-09-21T06:15:01.679Z,25728,2577815,500128402,500123897,100000000,400000000,4,4,255,0,4,4,4,15,0,0,1,16,0,0,0,0,0,0,0,1,0,0,0,0,0,8,8,500128400
2026-09-21T06:15:01.771Z,25729,2577914,500127276,500111507,100000000,400000000,4,4,255,0,4,4,4,15,0,0,1,16,0,0,0,0,0,0,0,1,0,0,0,0,0,8,8,500127200
2026-09-21T06:15:01.931Z,25730,2578066,500125023,500109254,100000000,400000000,4,4,255,0,4,4,4,15,0,0,1,16,0,0,0,0,0,0,0,1,0,0,0,0,0,8,8,500125000
2026-09-21T06:15:02.028Z,25731,2578145,500122770,500114886,100000000,400000000,4,4,255,0,4,4,4,15,0,0,1,16,0,0,0,0,0,0,0,1,0,0,0,0,0,8,8,500122700
2026-09-21T06:15:02.123Z,25732,2578241,500121644,500120518,100000000,400000000,4,4,255,0,4,4,4,15,0,0,1,16,0,0,0,0,0,0,0,1,0,0,0,0,0,8,8,500121600
2026-09-21T06:15:02.218Z,25733,2578338,500121644,500122770,100000000,400000000,4,4,255,0,4,4,4,15,0,0,1,16,0,0,0,0,0,0,0,1,0,0,0,0,0,8,8,500121600
2026-09-21T06:15:02.317Z,25734,2578433,500121644,500122770,100000000,400000000,4,4,255,0,4,4,4,15,0,0,1,16,0,0,0,0,0,0,0,1,0,0,0,0,0,8,8,500121600
2026-09-21T06:15:02.392Z,25735,2578530,500121644,500141918,100000000,400000000,4,4,255,0,4,4,4,15,0,0,1,16,0,0,0,0,0,0,0,1,0,0,0,0,0,8,8,500121600
2026-09-21T06:15:02.485Z,25736,2578615,500123897,500141918,100000000,400000000,4,4,255,0,4,4,4,15,0,0,1,16,0,0,0,0,0,0,0,1,0,0,0,0,0,8,8,500123800
2026-09-21T06:15:02.578Z,25737,2578715,500126149,500138539,100000000,400000000,4,4,255,0,4,4,4,15,0,0,1,16,0,0,0,0,0,0,0,1,0,0,0,0,0,8,8,500126100
2026-09-21T06:15:02.670Z,25738,2578815,500127276,500134034,100000000,400000000,4,4,255,0,4,4,4,15,0,0,1,16,0,0,0,0,0,0,0,1,0,0,0,0,0,8,8,500127200
2026-09-21T06:15:02.762Z,25739,2578916,500128402,500114886,100000000,400000000,4,4,255,0,4,4,4,15,0,0,1,16,0,0,0,0,0,0,0,1,0,0,0,0,0,8,8,500128400
2026-09-21T06:15:02.856Z,25740,2579016,500127276,500116012,100000000,400000000,4,4,255,0,4,4,4,15,0,0,1,16,0,0,0,0,0,0,0,1,0,0,0,0,0,8,8,500127200
2026-09-21T06:15:03.048Z,25741,2579167,500126149,500127276,100000000,400000000,4,4,255,0,4,4,4,15,0,0,1,16,0,0,0,0,0,0,0,1,0,0,0,0,0,8,8,500126100
2026-09-21T06:15:03.144Z,25742,2579262,500126149,500132907,100000000,400000000,4,4,255,0,4,4,4,15,0,0,1,16,0,0,0,0,0,0,0,1,0,0,0,0,0,8,8,500126100
2026-09-21T06:15:03.239Z,25743,2579358,500127276,500131781,100000000,400000000,4,4,255,0,4,4,4,15,0,0,1,16,0,0,0,0,0,0,0,1,0,0,0,0,0,8,8,500127200
2026-09-21T06:15:03.320Z,25744,2579453,500128402,500127276,100000000,400000000,4,4,255,0,4,4,4,15,0,0,1,16,0,0,0,0,0,0,0,1,0,0,0,0,0,8,8,500128400
2026-09-21T06:15:03.396Z,25745,2579533,500128402,500130655,100000000,400000000,4,4,255,0,4,4,4,15,0,0,1,16,0,0,0,0,0,0,0,1,0,0,0,0,0,8,8,500128400
2026-09-21T06:15:03.472Z,25746,2579617,500128402,500154308,100000000,400000000,4,4,255,0,4,4,4,15,0,0,1,16,0,0,0,0,0,0,0,1,0,0,0,0,0,8,8,500128400
2026-09-21T06:15:03.565Z,25747,2579717,500129528,500135160,100000000,400000000,4,4,255,0,4,4,4,15,0,0,1,16,0,0,0,0,0,0,0,1,0,0,0,0,0,8,8,500129500
2026-09-21T06:15:03.658Z,25748,2579817,500130655,500137413,100000000,400000000,4,4,255,0,4,4,4,15,0,0,1,16,0,0,0,0,0,0,0,1,0,0,0,0,0,8,8,500130600
2026-09-21T06:15:03.836Z,25749,2579969,500131781,500155434,100000000,400000000,4,4,255,0,4,4,4,15,0,0,1,16,0,0,0,0,0,0,0,1,0,0,0,0,0,8,8,500131700
2026-09-21T06:15:03.917Z,25750,2580049,500132907,500140792,100000000,400000000,4,4,255,0,4,4,4,15,0,0,1,16,0,0,0,0,0,0,0,1,0,0,0,0,0,8,8,500132900
2026-09-21T06:15:04.015Z,25751,2580130,500134034,500125023,100000000,400000000,4,4,255,0,4,4,4,15,0,0,1,16,0,0,0,0,0,0,0,1,0,0,0,0,0,8,8,500134000
2026-09-21T06:15:04.111Z,25752,2580229,500132907,500118265,100000000,400000000,4,4,255,0,4,4,4,15,0,0,1,16,0,0,0,0,0,0,0,1,0,0,0,0,0,8,8,500132900
2026-09-21T06:15:04.206Z,25753,2580325,500131781,500128402,100000000,400000000,4,4,255,0,4,4,4,15,0,0,1,16,0,0,0,0,0,0,0,1,0,0,0,0,0,8,8,500131700
2026-09-21T06:15:04.299Z,25754,2580421,500130655,500127276,100000000,400000000,4,4,255,0,4,4,4,15,0,0,1,16,0,0,0,0,0,0,0,1,0,0,0,0,0,8,8,500130600
2026-09-21T06:15:04.391Z,25755,2580518,500130655,500130655,100000000,400000000,4,4,255,0,4,4,4,15,0,0,1,16,0,0,0,0,0,0,0,1,0,0,0,0,0,8,8,500130600
2026-09-21T06:15:04.484Z,25756,2580618,500130655,500125023,100000000,400000000,4,4,255,0,4,4,4,15,0,0,1,16,0,0,0,0,0,0,0,1,0,0,0,0,0,8,8,500130600
2026-09-21T06:15:04.577Z,25757,2580718,500130655,500134034,100000000,400000000,4,4,255,0,4,4,4,15,0,0,1,16,0,0,0,0,0,0,0,1,0,0,0,0,0,8,8,500130600
2026-09-21T06:15:04.671Z,25758,2580819,500130655,500129528,100000000,400000000,4,4,255,0,4,4,4,15,0,0,1,16,0,0,0,0,0,0,0,1,0,0,0,0,0,8,8,500130600
2026-09-21T06:15:04.762Z,25759,2580919,500130655,500138539,100000000,400000000,4,4,255,0,4,4,4,15,0,0,1,16,0,0,0,0,0,0,0,1,0,0,0,0,0,8,8,500130600
2026-09-21T06:15:04.955Z,25760,2581072,500130655,500130655,100000000,400000000,4,4,255,0,4,4,4,15,0,0,1,16,0,0,0,0,0,0,0,1,0,0,0,0,0,8,8,500130600
2026-09-21T06:15:05.053Z,25761,2581169,500130655,500126149,100000000,400000000,4,4,255,0,4,4,4,15,0,0,1,16,0,0,0,0,0,0,0,1,0,0,0,0,0,8,8,500130600
2026-09-21T06:15:05.132Z,25762,2581267,500130655,500130655,100000000,400000000,4,4,255,0,4,4,4,15,0,0,1,16,0,0,0,0,0,0,0,1,0,0,0,0,0,8,8,500130600
2026-09-21T06:15:05.213Z,25763,2581347,500130655,500137413,100000000,400000000,4,4,255,0,4,4,4,15,0,0,1,16,0,0,0,0,0,0,0,1,0,0,0,0,0,8,8,500130600
2026-09-21T06:15:05.309Z,25764,2581427,500131781,500147550,100000000,400000000,4,4,255,0,4,4,4,15,0,0,1,16,0,0,0,0,0,0,0,1,0,0,0,0,0,8,8,500131700
2026-09-21T06:15:05.402Z,25765,2581523,500132907,500141918,100000000,400000000,4,4,255,0,4,4,4,15,0,0,1,16,0,0,0,0,0,0,0,1,0,0,0,0,0,8,8,500132900
2026-09-21T06:15:05.495Z,25766,2581620,500135160,500149802,100000000,400000000,4,4,255,0,4,4,4,15,0,0,1,16,0,0,0,0,0,0,0,1,0,0,0,0,0,8,8,500135100
2026-09-21T06:15:05.588Z,25767,2581720,500136286,500141918,100000000,400000000,4,4,255,0,4,4,4,15,0,0,1,16,0,0,0,0,0,0,0,1,0,0,0,0,0,8,8,500136200
2026-09-21T06:15:05.679Z,25768,2581820,500137413,500130655,100000000,400000000,4,4,255,0,4,4,4,15,0,0,1,16,0,0,0,0,0,0,0,1,0,0,0,0,0,8,8,500137400
2026-09-21T06:15:05.773Z,25769,2581920,500137413,500134034,100000000,400000000,4,4,255,0,4,4,4,15,0,0,1,16,0,0,0,0,0,0,0,1,0,0,0,0,0,8,8,500137400
2026-09-21T06:15:05.865Z,25770,2582020,500136286,500114886,100000000,400000000,4,4,255,0,4,4,4,15,0,0,1,16,0,0,0,0,0,0,0,1,0,0,0,0,0,8,8,500136200
2026-09-21T06:15:05.961Z,25771,2582121,500134034,500102496,100000000,400000000,4,4,255,0,4,4,4,15,0,0,1,16,0,0,0,0,0,0,0,1,0,0,0,0,0,8,8,500134000
2026-09-21T06:15:06.138Z,25772,2582255,500129528,500101370,100000000,400000000,4,4,255,0,4,4,4,15,0,0,1,16,0,0,0,0,0,0,0,1,0,0,0,0,0,8,8,500129500
2026-09-21T06:15:06.235Z,25773,2582351,500126149,500104749,100000000,400000000,4,4,255,0,4,4,4,15,0,0,1,16,0,0,0,0,0,0,0,1,0,0,0,0,0,8,8,500126100
2026-09-21T06:15:06.333Z,25774,2582449,500123897,500138539,100000000,400000000,4,4,255,0,4,4,4,15,0,0,1,16,0,0,0,0,0,0,0,1,0,0,0,0,0,8,8,500123800
2026-09-21T06:15:06.412Z,25775,2582547,500126149,500144171,100000000,400000000,4,4,255,0,4,4,4,15,0,0,1,16,0,0,0,0,0,0,0,1,0,0,0,0,0,8,8,500126100
2026-09-21T06:15:06.491Z,25776,2582627,500127276,500131781,100000000,400000000,4,4,255,0,4,4,4,15,0,0,1,16,0,0,0,0,0,0,0,1,0,0,0,0,0,8,8,500127200
2026-09-21T06:15:06.582Z,25777,2582722,500128402,500122770,100000000,400000000,4,4,255,0,4,4,4,15,0,0,1,16,0,0,0,0,0,0,0,1,0,0,0,0,0,8,8,500128400
2026-09-21T06:15:06.676Z,25778,2582822,500127276,500116012,100000000,400000000,4,4,255,0,4,4,4,15,0,0,1,16,0,0,0,0,0,0,0,1,0,0,0,0,0,8,8,500127200
2026-09-21T06:15:06.837Z,25779,2582970,500126149,500103623,100000000,400000000,4,4,255,0,4,4,4,15,0,0,1,16,0,0,0,0,0,0,0,1,0,0,0,0,0,8,8,500126100
2026-09-21T06:15:06.918Z,25780,2583050,500122770,500093486,100000000,400000000,4,4,255,0,4,4,4,15,0,0,1,16,0,0,0,0,0,0,0,1,0,0,0,0,0,8,8,500122700
2026-09-21T06:15:07.015Z,25781,2583131,500120518,500116012,100000000,400000000,4,4,255,0,4,4,4,15,0,0,1,16,0,0,0,0,0,0,0,1,0,0,0,0,0,8,8,500120500
2026-09-21T06:15:07.110Z,25782,2583229,500119391,500121644,100000000,400000000,4,4,255,0,4,4,4,15,0,0,1,16,0,0,0,0,0,0,0,1,0,0,0,0,0,8,8,500119300
2026-09-21T06:15:07.203Z,25783,2583325,500119391,500110381,100000000,400000000,4,4,255,0,4,4,4,15,0,0,1,16,0,0,0,0,0,0,0,1,0,0,0,0,0,8,8,500119300
2026-09-21T06:15:07.296Z,25784,2583423,500119391,500117139,100000000,400000000,4,4,255,0,4,4,4,15,0,0,1,16,0,0,0,0,0,0,0,1,0,0,0,0,0,8,8,500119300
2026-09-21T06:15:07.389Z,25785,2583523,500119391,500122770,100000000,400000000,4,4,255,0,4,4,4,15,0,0,1,16,0,0,0,0,0,0,0,1,0,0,0,0,0,8,8,500119300
2026-09-21T06:15:07.482Z,25786,2583623,500119391,500129528,100000000,400000000,4,4,255,0,4,4,4,15,0,0,1,16,0,0,0,0,0,0,0,1,0,0,0,0,0,8,8,500119300
2026-09-21T06:15:07.575Z,25787,2583723,500120518,500123897,100000000,400000000,4,4,255,0,4,4,4,15,0,0,1,16,0,0,0,0,0,0,0,1,0,0,0,0,0,8,8,500120500
2026-09-21T06:15:07.668Z,25788,2583823,500120518,500118265,100000000,400000000,4,4,255,0,4,4,4,15,0,0,1,16,0,0,0,0,0,0,0,1,0,0,0,0,0,8,8,500120500
2026-09-21T06:15:07.763Z,25789,2583923,500120518,500116012,100000000,400000000,4,4,255,0,4,4,4,15,0,0,1,16,0,0,0,0,0,0,0,1,0,0,0,0,0,8,8,500120500
2026-09-21T06:15:07.955Z,25790,2584073,500119391,500109254,100000000,400000000,4,4,255,0,4,4,4,15,0,0,1,16,0,0,0,0,0,0,0,1,0,0,0,0,0,8,8,500119300
2026-09-21T06:15:08.050Z,25791,2584169,500119391,500127276,100000000,400000000,4,4,255,0,4,4,4,15,0,0,1,16,0,0,0,0,0,0,0,1,0,0,0,0,0,8,8,500119300
2026-09-21T06:15:08.146Z,25792,2584265,500120518,500144171,100000000,400000000,4,4,255,0,4,4,4,15,0,0,1,16,0,0,0,0,0,0,0,1,0,0,0,0,0,8,8,500120500
2026-09-21T06:15:08.225Z,25793,2584360,500122770,500135160,100000000,400000000,4,4,255,0,4,4,4,15,0,0,1,16,0,0,0,0,0,0,0,1,0,0,0,0,0,8,8,500122700
2026-09-21T06:15:08.304Z,25794,2584440,500125023,500139665,100000000,400000000,4,4,255,0,4,4,4,15,0,0,1,16,0,0,0,0,0,0,0,1,0,0,0,0,0,8,8,500125000
2026-09-21T06:15:08.396Z,25795,2584524,500126149,500120518,100000000,400000000,4,4,255,0,4,4,4,15,0,0,1,16,0,0,0,0,0,0,0,1,0,0,0,0,0,8,8,500126100
2026-09-21T06:15:08.472Z,25796,2584625,500125023,500121644,100000000,400000000,4,4,255,0,4,4,4,15,0,0,1,16,0,0,0,0,0,0,0,1,0,0,0,0,0,8,8,500125000
2026-09-21T06:15:08.566Z,25797,2584725,500125023,500131781,100000000,400000000,4,4,255,0,4,4,4,15,0,0,1,16,0,0,0,0,0,0,0,1,0,0,0,0,0,8,8,500125000
2026-09-21T06:15:08.725Z,25798,2584860,500126149,500134034,100000000,400000000,4,4,255,0,4,4,4,15,0,0,1,16,0,0,0,0,0,0,0,1,0,0,0,0,0,8,8,500126100
2026-09-21T06:15:08.803Z,25799,2584939,500127276,500121644,100000000,400000000,4,4,255,0,4,4,4,15,0,0,1,16,0,0,0,0,0,0,0,1,0,0,0,0,0,8,8,500127200
2026-09-21T06:15:08.879Z,25800,2585025,500128402,500131781,100000000,400000000,4,4,255,0,4,4,4,15,0,0,1,16,0,0,0,0,0,0,0,1,0,0,0,0,0,8,8,500128400
2026-09-21T06:15:09.038Z,25801,2585174,500128402,500147550,100000000,400000000,4,4,255,0,4,4,4,15,0,0,1,16,0,0,0,0,0,0,0,1,0,0,0,0,0,8,8,500128400
2026-09-21T06:15:09.118Z,25802,2585252,500130655,500147550,100000000,400000000,4,4,255,0,4,4,4,15,0,0,1,16,0,0,0,0,0,0,0,1,0,0,0,0,0,8,8,500130600
2026-09-21T06:15:09.215Z,25803,2585333,500132907,500156560,100000000,400000000,4,4,255,0,4,4,4,15,0,0,1,16,0,0,0,0,0,0,0,1,0,0,0,0,0,8,8,500132900
2026-09-21T06:15:09.312Z,25804,2585429,500135160,500141918,100000000,400000000,4,4,255,0,4,4,4,15,0,0,1,16,0,0,0,0,0,0,0,1,0,0,0,0,0,8,8,500135100
2026-09-21T06:15:09.404Z,25805,2585527,500137413,500150929,100000000,400000000,4,4,255,0,4,4,4,15,0,0,1,16,0,0,0,0,0,0,0,1,0,0,0,0,0,8,8,500137400
2026-09-21T06:15:09.496Z,25806,2585626,500138539,500135160,100000000,400000000,4,4,255,0,4,4,4,15,0,0,1,16,0,0,0,0,0,0,0,1,0,0,0,0,0,8,8,500138500
2026-09-21T06:15:09.590Z,25807,2585726,500138539,500137413,100000000,400000000,4,4,255,0,4,4,4,15,0,0,1,16,0,0,0,0,0,0,0,1,0,0,0,0,0,8,8,500138500
2026-09-21T06:15:09.682Z,25808,2585827,500138539,500138539,100000000,400000000,4,4,255,0,4,4,4,15,0,0,1,16,0,0,0,0,0,0,0,1,0,0,0,0,0,8,8,500138500
2026-09-21T06:15:09.774Z,25809,2585927,500138539,500131781,100000000,400000000,4,4,255,0,4,4,4,15,0,0,1,16,0,0,0,0,0,0,0,1,0,0,0,0,0,8,8,500138500
2026-09-21T06:15:09.869Z,25810,2586027,500138539,500136286,100000000,400000000,4,4,255,0,4,4,4,15,0,0,1,16,0,0,0,0,0,0,0,1,0,0,0,0,0,8,8,500138500
2026-09-21T06:15:10.059Z,25811,2586179,500138539,500137413,100000000,400000000,4,4,255,0,4,4,4,15,0,0,1,16,0,0,0,0,0,0,0,1,0,0,0,0,0,8,8,500138500
2026-09-21T06:15:10.157Z,25812,2586275,500138539,500114886,100000000,400000000,4,4,255,0,4,4,4,15,0,0,1,16,0,0,0,0,0,0,0,1,0,0,0,0,0,8,8,500138500
2026-09-21T06:15:10.253Z,25813,2586370,500136286,500118265,100000000,400000000,4,4,255,0,4,4,4,15,0,0,1,16,0,0,0,0,0,0,0,1,0,0,0,0,0,8,8,500136200
2026-09-21T06:15:10.349Z,25814,2586468,500134034,500119391,100000000,400000000,4,4,255,0,4,4,4,15,0,0,1,16,0,0,0,0,0,0,0,1,0,0,0,0,0,8,8,500134000
2026-09-21T06:15:10.430Z,25815,2586564,500131781,500110381,100000000,400000000,4,4,255,0,4,4,4,15,0,0,1,16,0,0,0,0,0,0,0,1,0,0,0,0,0,8,8,500131700
2026-09-21T06:15:10.506Z,25816,2586644,500129528,500101370,100000000,400000000,4,4,255,0,4,4,4,15,0,0,1,16,0,0,0,0,0,0,0,1,0,0,0,0,0,8,8,500129500
2026-09-21T06:15:10.597Z,25817,2586728,500126149,500103623,100000000,400000000,4,4,255,0,4,4,4,15,0,0,1,16,0,0,0,0,0,0,0,1,0,0,0,0,0,8,8,500126100
2026-09-21T06:15:10.690Z,25818,2586828,500122770,500107002,100000000,400000000,4,4,255,0,4,4,4,15,0,0,1,16,0,0,0,0,0,0,0,1,0,0,0,0,0,8,8,500122700
2026-09-21T06:15:10.782Z,25819,2586928,500120518,500126149,100000000,400000000,4,4,255,0,4,4,4,15,0,0,1,16,0,0,0,0,0,0,0,1,0,0,0,0,0,8,8,500120500
2026-09-21T06:15:10.875Z,25820,2587029,500121644,500139665,100000000,400000000,4,4,255,0,4,4,4,15,0,0,1,16,0,0,0,0,0,0,0,1,0,0,0,0,0,8,8,500121600
2026-09-21T06:15:10.970Z,25821,2587129,500122770,500123897,100000000,400000000,4,4,255,0,4,4,4,15,0,0,1,16,0,0,0,0,0,0,0,1,0,0,0,0,0,8,8,500122700
2026-09-21T06:15:11.161Z,25822,2587280,500123897,500127276,100000000,400000000,4,4,255,0,4,4,4,15,0,0,1,16,0,0,0,0,0,0,0,1,0,0,0,0,0,8,8,500123800
2026-09-21T06:15:11.242Z,25823,2587376,500123897,500127276,100000000,400000000,4,4,255,0,4,4,4,15,0,0,1,16,0,0,0,0,0,0,0,1,0,0,0,0,0,8,8,500123800
2026-09-21T06:15:11.321Z,25824,2587457,500123897,500134034,100000000,400000000,4,4,255,0,4,4,4,15,0,0,1,16,0,0,0,0,0,0,0,1,0,0,0,0,0,8,8,500123800
2026-09-21T06:15:11.419Z,25825,2587536,500125023,500137413,100000000,400000000,4,4,255,0,4,4,4,15,0,0,1,16,0,0,0,0,0,0,0,1,0,0,0,0,0,8,8,500125000
2026-09-21T06:15:11.512Z,25826,2587632,500126149,500129528,100000000,400000000,4,4,255,0,4,4,4,15,0,0,1,16,0,0,0,0,0,0,0,1,0,0,0,0,0,8,8,500126100
2026-09-21T06:15:11.604Z,25827,2587730,500127276,500131781,100000000,400000000,4,4,255,0,4,4,4,15,0,0,1,16,0,0,0,0,0,0,0,1,0,0,0,0,0,8,8,500127200
2026-09-21T06:15:11.696Z,25828,2587830,500128402,500135160,100000000,400000000,4,4,255,0,4,4,4,15,0,0,1,16,0,0,0,0,0,0,0,1,0,0,0,0,0,8,8,500128400
2026-09-21T06:15:11.790Z,25829,2587930,500128402,500113760,100000000,400000000,4,4,255,0,4,4,4,15,0,0,1,16,0,0,0,0,0,0,0,1,0,0,0,0,0,8,8,500128400
2026-09-21T06:15:11.883Z,25830,2588030,500126149,500114886,100000000,400000000,4,4,255,0,4,4,4,15,0,0,1,16,0,0,0,0,0,0,0,1,0,0,0,0,0,8,8,500126100
2026-09-21T06:15:11.975Z,25831,2588130,500125023,500119391,100000000,400000000,4,4,255,0,4,4,4,15,0,0,1,16,0,0,0,0,0,0,0,1,0,0,0,0,0,8,8,500125000
2026-09-21T06:15:12.071Z,25832,2588230,500123897,500126149,100000000,400000000,4,4,255,0,4,4,4,15,0,0,1,16,0,0,0,0,0,0,0,1,0,0,0,0,0,8,8,500123800
2026-09-21T06:15:12.229Z,25833,2588364,500123897,500144171,100000000,400000000,4,4,255,0,4,4,4,15,0,0,1,16,0,0,0,0,0,0,0,1,0,0,0,0,0,8,8,500123800
2026-09-21T06:15:12.325Z,25834,2588443,500125023,500136286,100000000,400000000,4,4,255,0,4,4,4,15,0,0,1,16,0,0,0,0,0,0,0,1,0,0,0,0,0,8,8,500125000
2026-09-21T06:15:12.421Z,25835,2588540,500126149,500135160,100000000,400000000,4,4,255,0,4,4,4,15,0,0,1,16,0,0,0,0,0,0,0,1,0,0,0,0,0,8,8,500126100
2026-09-21T06:15:12.518Z,25836,2588636,500127276,500129528,100000000,400000000,4,4,255,0,4,4,4,15,0,0,1,16,0,0,0,0,0,0,0,1,0,0,0,0,0,8,8,500127200
2026-09-21T06:15:12.611Z,25837,2588732,500127276,500121644,100000000,400000000,4,4,255,0,4,4,4,15,0,0,1,16,0,0,0,0,0,0,0,1,0,0,0,0,0,8,8,500127200
2026-09-21T06:15:12.703Z,25838,2588831,500127276,500126149,100000000,400000000,4,4,255,0,4,4,4,15,0,0,1,16,0,0,0,0,0,0,0,1,0,0,0,0,0,8,8,500127200
2026-09-21T06:15:12.796Z,25839,2588931,500127276,500141918,100000000,400000000,4,4,255,0,4,4,4,15,0,0,1,16,0,0,0,0,0,0,0,1,0,0,0,0,0,8,8,500127200
2026-09-21T06:15:12.889Z,25840,2589032,500128402,500134034,100000000,400000000,4,4,255,0,4,4,4,15,0,0,1,16,0,0,0,0,0,0,0,1,0,0,0,0,0,8,8,500128400
2026-09-21T06:15:12.982Z,25841,2589133,500130655,500144171,100000000,400000000,4,4,255,0,4,4,4,15,0,0,1,16,0,0,0,0,0,0,0,1,0,0,0,0,0,8,8,500130600
2026-09-21T06:15:13.074Z,25842,2589233,500130655,500134034,100000000,400000000,4,4,255,0,4,4,4,15,0,0,1,16,0,0,0,0,0,0,0,1,0,0,0,0,0,8,8,500130600
2026-09-21T06:15:13.172Z,25843,2589333,500132907,500155434,100000000,400000000,4,4,255,0,4,4,4,15,0,0,1,16,0,0,0,0,0,0,0,1,0,0,0,0,0,8,8,500132900
2026-09-21T06:15:13.364Z,25844,2589483,500134034,500141918,100000000,400000000,4,4,255,0,4,4,4,15,0,0,1,16,0,0,0,0,0,0,0,1,0,0,0,0,0,8,8,500134000
2026-09-21T06:15:13.444Z,25845,2589578,500135160,500119391,100000000,400000000,4,4,255,0,4,4,4,15,0,0,1,16,0,0,0,0,0,0,0,1,0,0,0,0,0,8,8,500135100
2026-09-21T06:15:13.523Z,25846,2589658,500135160,500136286,100000000,400000000,4,4,255,0,4,4,4,15,0,0,1,16,0,0,0,0,0,0,0,1,0,0,0,0,0,8,8,500135100
2026-09-21T06:15:13.600Z,25847,2589738,500134034,500129528,100000000,400000000,4,4,255,0,4,4,4,15,0,0,1,16,0,0,0,0,0,0,0,1,0,0,0,0,0,8,8,500134000
2026-09-21T06:15:13.693Z,25848,2589833,500132907,500126149,100000000,400000000,4,4,255,0,4,4,4,15,0,0,1,16,0,0,0,0,0,0,0,1,0,0,0,0,0,8,8,500132900
2026-09-21T06:15:13.771Z,25849,2589933,500132907,500131781,100000000,400000000,4,4,255,0,4,4,4,15,0,0,1,16,0,0,0,0,0,0,0,1,0,0,0,0,0,8,8,500132900
2026-09-21T06:15:13.935Z,25850,2590068,500132907,500132907,100000000,400000000,4,4,255,0,4,4,4,15,0,0,1,16,0,0,0,0,0,0,0,1,0,0,0,0,0,8,8,500132900
2026-09-21T06:15:14.032Z,25851,2590149,500132907,500128402,100000000,400000000,4,4,255,0,4,4,4,15,0,0,1,16,0,0,0,0,0,0,0,1,0,0,0,0,0,8,8,500132900
2026-09-21T06:15:14.127Z,25852,2590247,500132907,500138539,100000000,400000000,4,4,255,0,4,4,4,15,0,0,1,16,0,0,0,0,0,0,0,1,0,0,0,0,0,8,8,500132900
2026-09-21T06:15:14.223Z,25853,2590343,500132907,500135160,100000000,400000000,4,4,255,0,4,4,4,15,0,0,1,16,0,0,0,0,0,0,0,1,0,0,0,0,0,8,8,500132900
2026-09-21T06:15:14.319Z,25854,2590438,500134034,500150929,100000000,400000000,4,4,255,0,4,4,4,15,0,0,1,16,0,0,0,0,0,0,0,1,0,0,0,0,0,8,8,500134000
2026-09-21T06:15:14.396Z,25855,2590534,500135160,500141918,100000000,400000000,4,4,255,0,4,4,4,15,0,0,1,16,0,0,0,0,0,0,0,1,0,0,0,0,0,8,8,500135100
2026-09-21T06:15:14.472Z,25856,2590634,500136286,500127276,100000000,400000000,4,4,255,0,4,4,4,15,0,0,1,16,0,0,0,0,0,0,0,1,0,0,0,0,0,8,8,500136200
2026-09-21T06:15:14.647Z,25857,2590783,500136286,500137413,100000000,400000000,4,4,255,0,4,4,4,15,0,0,1,16,0,0,0,0,0,0,0,1,0,0,0,0,0,8,8,500136200
2026-09-21T06:15:14.727Z,25858,2590862,500136286,500146423,100000000,400000000,4,4,255,0,4,4,4,15,0,0,1,16,0,0,0,0,0,0,0,1,0,0,0,0,0,8,8,500136200
2026-09-21T06:15:14.806Z,25859,2590942,500136286,500129528,100000000,400000000,4,4,255,0,4,4,4,15,0,0,1,16,0,0,0,0,0,0,0,1,0,0,0,0,0,8,8,500136200
2026-09-21T06:15:14.899Z,25860,2591035,500137413,500146423,100000000,400000000,4,4,255,0,4,4,4,15,0,0,1,16,0,0,0,0,0,0,0,1,0,0,0,0,0,8,8,500137400
2026-09-21T06:15:14.991Z,25861,2591135,500138539,500143044,100000000,400000000,4,4,255,0,4,4,4,15,0,0,1,16,0,0,0,0,0,0,0,1,0,0,0,0,0,8,8,500138500
2026-09-21T06:15:15.084Z,25862,2591235,500139665,500139665,100000000,400000000,4,4,255,0,4,4,4,15,0,0,1,16,0,0,0,0,0,0,0,1,0,0,0,0,0,8,8,500139600
2026-09-21T06:15:15.245Z,25863,2591379,500139665,500141918,100000000,400000000,4,4,255,0,4,4,4,15,0,0,1,16,0,0,0,0,0,0,0,1,0,0,0,0,0,8,8,500139600
2026-09-21T06:15:15.341Z,25864,2591459,500139665,500127276,100000000,400000000,4,4,255,0,4,4,4,15,0,0,1,16,0,0,0,0,0,0,0,1,0,0,0,0,0,8,8,500139600
2026-09-21T06:15:15.438Z,25865,2591556,500138539,500131781,100000000,400000000,4,4,255,0,4,4,4,15,0,0,1,16,0,0,0,0,0,0,0,1,0,0,0,0,0,8,8,500138500
2026-09-21T06:15:15.535Z,25866,2591652,500137413,500144171,100000000,400000000,4,4,255,0,4,4,4,15,0,0,1,16,0,0,0,0,0,0,0,1,0,0,0,0,0,8,8,500137400
2026-09-21T06:15:15.632Z,25867,2591749,500138539,500146423,100000000,400000000,4,4,255,0,4,4,4,15,0,0,1,16,0,0,0,0,0,0,0,1,0,0,0,0,0,8,8,500138500
2026-09-21T06:15:15.710Z,25868,2591847,500139665,500138539,100000000,400000000,4,4,255,0,4,4,4,15,0,0,1,16,0,0,0,0,0,0,0,1,0,0,0,0,0,8,8,500139600
2026-09-21T06:15:15.803Z,25869,2591936,500139665,500129528,100000000,400000000,4,4,255,0,4,4,4,15,0,0,1,16,0,0,0,0,0,0,0,1,0,0,0,0,0,8,8,500139600
2026-09-21T06:15:15.879Z,25870,2592036,500138539,500128402,100000000,400000000,4,4,255,0,4,4,4,15,0,0,1,16,0,0,0,0,0,0,0,1,0,0,0,0,0,8,8,500138500
2026-09-21T06:15:16.038Z,25871,2592174,500137413,500121644,100000000,400000000,4,4,255,0,4,4,4,15,0,0,1,16,0,0,0,0,0,0,0,1,0,0,0,0,0,8,8,500137400
2026-09-21T06:15:16.115Z,25872,2592254,500135160,500114886,100000000,400000000,4,4,255,0,4,4,4,15,0,0,1,16,0,0,0,0,0,0,0,1,0,0,0,0,0,8,8,500135100
2026-09-21T06:15:16.209Z,25873,2592337,500132907,500137413,100000000,400000000,4,4,255,0,4,4,4,15,0,0,1,16,0,0,0,0,0,0,0,1,0,0,0,0,0,8,8,500132900
2026-09-21T06:15:16.286Z,25874,2592437,500132907,500129528,100000000,400000000,4,4,255,0,4,4,4,15,0,0,1,16,0,0,0,0,0,0,0,1,0,0,0,0,0,8,8,500132900
2026-09-21T06:15:16.446Z,25875,2592582,500132907,500127276,100000000,400000000,4,4,255,0,4,4,4,15,0,0,1,16,0,0,0,0,0,0,0,1,0,0,0,0,0,8,8,500132900
2026-09-21T06:15:16.526Z,25876,2592661,500132907,500135160,100000000,400000000,4,4,255,0,4,4,4,15,0,0,1,16,0,0,0,0,0,0,0,1,0,0,0,0,0,8,8,500132900
2026-09-21T06:15:16.619Z,25877,2592740,500132907,500146423,100000000,400000000,4,4,255,0,4,4,4,15,0,0,1,16,0,0,0,0,0,0,0,1,0,0,0,0,0,8,8,500132900
2026-09-21T06:15:16.712Z,25878,2592838,500132907,500130655,100000000,400000000,4,4,255,0,4,4,4,15,0,0,1,16,0,0,0,0,0,0,0,1,0,0,0,0,0,8,8,500132900
2026-09-21T06:15:16.806Z,25879,2592938,500132907,500135160,100000000,400000000,4,4,255,0,4,4,4,15,0,0,1,16,0,0,0,0,0,0,0,1,0,0,0,0,0,8,8,500132900
2026-09-21T06:15:16.898Z,25880,2593038,500132907,500118265,100000000,400000000,4,4,255,0,4,4,4,15,0,0,1,16,0,0,0,0,0,0,0,1,0,0,0,0,0,8,8,500132900
2026-09-21T06:15:16.991Z,25881,2593138,500130655,500109254,100000000,400000000,4,4,255,0,4,4,4,15,0,0,1,16,0,0,0,0,0,0,0,1,0,0,0,0,0,8,8,500130600
2026-09-21T06:15:17.082Z,25882,2593238,500129528,500153181,100000000,400000000,4,4,255,0,4,4,4,15,0,0,1,16,0,0,0,0,0,0,0,1,0,0,0,0,0,8,8,500129500
2026-09-21T06:15:17.243Z,25883,2593377,500132907,500170076,100000000,400000000,4,4,255,0,4,4,4,15,0,0,1,16,0,0,0,0,0,0,0,1,0,0,0,0,0,8,8,500132900
2026-09-21T06:15:17.320Z,25884,2593457,500135160,500149802,100000000,400000000,4,4,255,0,4,4,4,15,0,0,1,16,0,0,0,0,0,0,0,1,0,0,0,0,0,8,8,500135100
2026-09-21T06:15:17.411Z,25885,2593539,500137413,500138539,100000000,400000000,4,4,255,0,4,4,4,15,0,0,1,16,0,0,0,0,0,0,0,1,0,0,0,0,0,8,8,500137400
2026-09-21T06:15:17.504Z,25886,2593639,500138539,500144171,100000000,400000000,4,4,255,0,4,4,4,15,0,0,1,16,0,0,0,0,0,0,0,1,0,0,0,0,0,8,8,500138500
2026-09-21T06:15:17.595Z,25887,2593739,500139665,500159939,100000000,400000000,4,4,255,0,4,4,4,15,0,0,1,16,0,0,0,0,0,0,0,1,0,0,0,0,0,8,8,500139600
2026-09-21T06:15:17.688Z,25888,2593839,500140792,500127276,100000000,400000000,4,4,255,0,4,4,4,15,0,0,1,16,0,0,0,0,0,0,0,1,0,0,0,0,0,8,8,500140700
2026-09-21T06:15:17.780Z,25889,2593939,500139665,500131781,100000000,400000000,4,4,255,0,4,4,4,15,0,0,1,16,0,0,0,0,0,0,0,1,0,0,0,0,0,8,8,500139600
2026-09-21T06:15:17.975Z,25890,2594092,500138539,500129528,100000000,400000000,4,4,255,0,4,4,4,15,0,0,1,16,0,0,0,0,0,0,0,1,0,0,0,0,0,8,8,500138500
2026-09-21T06:15:18.056Z,25891,2594189,500137413,500131781,100000000,400000000,4,4,255,0,4,4,4,15,0,0,1,16,0,0,0,0,0,0,0,1,0,0,0,0,0,8,8,500137400
2026-09-21T06:15:18.136Z,25892,2594270,500136286,500145297,100000000,400000000,4,4,255,0,4,4,4,15,0,0,1,16,0,0,0,0,0,0,0,1,0,0,0,0,0,8,8,500136200
2026-09-21T06:15:18.235Z,25893,2594351,500137413,500152055,100000000,400000000,4,4,255,0,4,4,4,15,0,0,1,16,0,0,0,0,0,0,0,1,0,0,0,0,0,8,8,500137400
2026-09-21T06:15:18.331Z,25894,2594449,500139665,500152055,100000000,400000000,4,4,255,0,4,4,4,15,0,0,1,16,0,0,0,0,0,0,0,1,0,0,0,0,0,8,8,500139600
2026-09-21T06:15:18.427Z,25895,2594547,500140792,500139665,100000000,400000000,4,4,255,0,4,4,4,15,0,0,1,16,0,0,0,0,0,0,0,1,0,0,0,0,0,8,8,500140700
2026-09-21T06:15:18.504Z,25896,2594642,500140792,500141918,100000000,400000000,4,4,255,0,4,4,4,15,0,0,1,16,0,0,0,0,0,0,0,1,0,0,0,0,0,8,8,500140700
2026-09-21T06:15:18.580Z,25897,2594741,500140792,500129528,100000000,400000000,4,4,255,0,4,4,4,15,0,0,1,16,0,0,0,0,0,0,0,1,0,0,0,0,0,8,8,500140700
2026-09-21T06:15:18.758Z,25898,2594892,500139665,500134034,100000000,400000000,4,4,255,0,4,4,4,15,0,0,1,16,0,0,0,0,0,0,0,1,0,0,0,0,0,8,8,500139600
2026-09-21T06:15:18.839Z,25899,2594973,500138539,500148676,100000000,400000000,4,4,255,0,4,4,4,15,0,0,1,16,0,0,0,0,0,0,0,1,0,0,0,0,0,8,8,500138500
2026-09-21T06:15:18.936Z,25900,2595053,500139665,500154308,100000000,400000000,4,4,255,0,4,4,4,15,0,0,1,16,0,0,0,0,0,0,0,1,0,0,0,0,0,8,8,500139600
2026-09-21T06:15:19.032Z,25901,2595150,500140792,500141918,100000000,400000000,4,4,255,0,4,4,4,15,0,0,1,16,0,0,0,0,0,0,0,1,0,0,0,0,0,8,8,500140700
2026-09-21T06:15:19.128Z,25902,2595248,500140792,500119391,100000000,400000000,4,4,255,0,4,4,4,15,0,0,1,16,0,0,0,0,0,0,0,1,0,0,0,0,0,8,8,500140700
2026-09-21T06:15:19.221Z,25903,2595344,500139665,500136286,100000000,400000000,4,4,255,0,4,4,4,15,0,0,1,16,0,0,0,0,0,0,0,1,0,0,0,0,0,8,8,500139600
2026-09-21T06:15:19.314Z,25904,2595442,500139665,500148676,100000000,400000000,4,4,255,0,4,4,4,15,0,0,1,16,0,0,0,0,0,0,0,1,0,0,0,0,0,8,8,500139600
2026-09-21T06:15:19.406Z,25905,2595542,500139665,500137413,100000000,400000000,4,4,255,0,4,4,4,15,0,0,1,16,0,0,0,0,0,0,0,1,0,0,0,0,0,8,8,500139600
2026-09-21T06:15:19.499Z,25906,2595642,500140792,500152055,100000000,400000000,4,4,255,0,4,4,4,15,0,0,1,16,0,0,0,0,0,0,0,1,0,0,0,0,0,8,8,500140700
2026-09-21T06:15:19.592Z,25907,2595742,500140792,500140792,100000000,400000000,4,4,255,0,4,4,4,15,0,0,1,16,0,0,0,0,0,0,0,1,0,0,0,0,0,8,8,500140700
2026-09-21T06:15:19.684Z,25908,2595842,500140792,500125023,100000000,400000000,4,4,255,0,4,4,4,15,0,0,1,16,0,0,0,0,0,0,0,1,0,0,0,0,0,8,8,500140700
2026-09-21T06:15:19.877Z,25909,2595995,500140792,500137413,100000000,400000000,4,4,255,0,4,4,4,15,0,0,1,16,0,0,0,0,0,0,0,1,0,0,0,0,0,8,8,500140700
2026-09-21T06:15:19.974Z,25910,2596090,500140792,500137413,100000000,400000000,4,4,255,0,4,4,4,15,0,0,1,16,0,0,0,0,0,0,0,1,0,0,0,0,0,8,8,500140700
2026-09-21T06:15:20.055Z,25911,2596189,500140792,500149802,100000000,400000000,4,4,255,0,4,4,4,15,0,0,1,16,0,0,0,0,0,0,0,1,0,0,0,0,0,8,8,500140700
2026-09-21T06:15:20.136Z,25912,2596270,500140792,500139665,100000000,400000000,4,4,255,0,4,4,4,15,0,0,1,16,0,0,0,0,0,0,0,1,0,0,0,0,0,8,8,500140700
2026-09-21T06:15:20.234Z,25913,2596351,500140792,500134034,100000000,400000000,4,4,255,0,4,4,4,15,0,0,1,16,0,0,0,0,0,0,0,1,0,0,0,0,0,8,8,500140700
2026-09-21T06:15:20.330Z,25914,2596449,500139665,500130655,100000000,400000000,4,4,255,0,4,4,4,15,0,0,1,16,0,0,0,0,0,0,0,1,0,0,0,0,0,8,8,500139600
2026-09-21T06:15:20.424Z,25915,2596546,500138539,500141918,100000000,400000000,4,4,255,0,4,4,4,15,0,0,1,16,0,0,0,0,0,0,0,1,0,0,0,0,0,8,8,500138500
2026-09-21T06:15:20.515Z,25916,2596643,500138539,500154308,100000000,400000000,4,4,255,0,4,4,4,15,0,0,1,16,0,0,0,0,0,0,0,1,0,0,0,0,0,8,8,500138500
2026-09-21T06:15:20.608Z,25917,2596744,500138539,500140792,100000000,400000000,4,4,255,0,4,4,4,15,0,0,1,16,0,0,0,0,0,0,0,1,0,0,0,0,0,8,8,500138500
2026-09-21T06:15:20.700Z,25918,2596844,500138539,500127276,100000000,400000000,4,4,255,0,4,4,4,15,0,0,1,16,0,0,0,0,0,0,0,1,0,0,0,0,0,8,8,500138500
2026-09-21T06:15:20.793Z,25919,2596944,500137413,500132907,100000000,400000000,4,4,255,0,4,4,4,15,0,0,1,16,0,0,0,0,0,0,0,1,0,0,0,0,0,8,8,500137400
2026-09-21T06:15:20.885Z,25920,2597044,500136286,500134034,100000000,400000000,4,4,255,0,4,4,4,15,0,0,1,16,0,0,0,0,0,0,0,1,0,0,0,0,0,8,8,500136200
2026-09-21T06:15:21.077Z,25921,2597196,500136286,500147550,100000000,400000000,4,4,255,0,4,4,4,15,0,0,1,16,0,0,0,0,0,0,0,1,0,0,0,0,0,8,8,500136200
2026-09-21T06:15:21.174Z,25922,2597291,500137413,500145297,100000000,400000000,4,4,255,0,4,4,4,15,0,0,1,16,0,0,0,0,0,0,0,1,0,0,0,0,0,8,8,500137400
2026-09-21T06:15:21.271Z,25923,2597389,500138539,500143044,100000000,400000000,4,4,255,0,4,4,4,15,0,0,1,16,0,0,0,0,0,0,0,1,0,0,0,0,0,8,8,500138500
2026-09-21T06:15:21.351Z,25924,2597487,500139665,500126149,100000000,400000000,4,4,255,0,4,4,4,15,0,0,1,16,0,0,0,0,0,0,0,1,0,0,0,0,0,8,8,500139600
2026-09-21T06:15:21.432Z,25925,2597567,500138539,500134034,100000000,400000000,4,4,255,0,4,4,4,15,0,0,1,16,0,0,0,0,0,0,0,1,0,0,0,0,0,8,8,500138500
2026-09-21T06:15:21.525Z,25926,2597648,500137413,500127276,100000000,400000000,4,4,255,0,4,4,4,15,0,0,1,16,0,0,0,0,0,0,0,1,0,0,0,0,0,8,8,500137400
2026-09-21T06:15:21.616Z,25927,2597745,500137413,500138539,100000000,400000000,4,4,255,0,4,4,4,15,0,0,1,16,0,0,0,0,0,0,0,1,0,0,0,0,0,8,8,500137400
2026-09-21T06:15:21.709Z,25928,2597845,500137413,500153181,100000000,400000000,4,4,255,0,4,4,4,15,0,0,1,16,0,0,0,0,0,0,0,1,0,0,0,0,0,8,8,500137400
2026-09-21T06:15:21.803Z,25929,2597946,500137413,500135160,100000000,400000000,4,4,255,0,4,4,4,15,0,0,1,16,0,0,0,0,0,0,0,1,0,0,0,0,0,8,8,500137400
2026-09-21T06:15:21.962Z,25930,2598098,500137413,500117139,100000000,400000000,4,4,255,0,4,4,4,15,0,0,1,16,0,0,0,0,0,0,0,1,0,0,0,0,0,8,8,500137400
2026-09-21T06:15:22.057Z,25931,2598178,500136286,500125023,100000000,400000000,4,4,255,0,4,4,4,15,0,0,1,16,0,0,0,0,0,0,0,1,0,0,0,0,0,8,8,500136200
2026-09-21T06:15:22.154Z,25932,2598274,500135160,500131781,100000000,400000000,4,4,255,0,4,4,4,15,0,0,1,16,0,0,0,0,0,0,0,1,0,0,0,0,0,8,8,500135100
2026-09-21T06:15:22.249Z,25933,2598369,500135160,500143044,100000000,400000000,4,4,255,0,4,4,4,15,0,0,1,16,0,0,0,0,0,0,0,1,0,0,0,0,0,8,8,500135100
2026-09-21T06:15:22.345Z,25934,2598465,500136286,500145297,100000000,400000000,4,4,255,0,4,4,4,15,0,0,1,16,0,0,0,0,0,0,0,1,0,0,0,0,0,8,8,500136200
2026-09-21T06:15:22.441Z,25935,2598561,500137413,500132907,100000000,400000000,4,4,255,0,4,4,4,15,0,0,1,16,0,0,0,0,0,0,0,1,0,0,0,0,0,8,8,500137400
2026-09-21T06:15:22.538Z,25936,2598657,500137413,500135160,100000000,400000000,4,4,255,0,4,4,4,15,0,0,1,16,0,0,0,0,0,0,0,1,0,0,0,0,0,8,8,500137400
2026-09-21T06:15:22.615Z,25937,2598752,500137413,500140792,100000000,400000000,4,4,255,0,4,4,4,15,0,0,1,16,0,0,0,0,0,0,0,1,0,0,0,0,0,8,8,500137400
2026-09-21T06:15:22.708Z,25938,2598847,500137413,500132907,100000000,400000000,4,4,255,0,4,4,4,15,0,0,1,16,0,0,0,0,0,0,0,1,0,0,0,0,0,8,8,500137400
2026-09-21T06:15:22.785Z,25939,2598947,500136286,500131781,100000000,400000000,4,4,255,0,4,4,4,15,0,0,1,16,0,0,0,0,0,0,0,1,0,0,0,0,0,8,8,500136200
2026-09-21T06:15:22.959Z,25940,2599096,500136286,500134034,100000000,400000000,4,4,255,0,4,4,4,15,0,0,1,16,0,0,0,0,0,0,0,1,0,0,0,0,0,8,8,500136200
2026-09-21T06:15:23.040Z,25941,2599175,500135160,500125023,100000000,400000000,4,4,255,0,4,4,4,15,0,0,1,16,0,0,0,0,0,0,0,1,0,0,0,0,0,8,8,500135100
2026-09-21T06:15:23.118Z,25942,2599255,500135160,500145297,100000000,400000000,4,4,255,0,4,4,4,15,0,0,1,16,0,0,0,0,0,0,0,1,0,0,0,0,0,8,8,500135100
2026-09-21T06:15:23.211Z,25943,2599348,500135160,500135160,100000000,400000000,4,4,255,0,4,4,4,15,0,0,1,16,0,0,0,0,0,0,0,1,0,0,0,0,0,8,8,500135100
2026-09-21T06:15:23.303Z,25944,2599448,500136286,500148676,100000000,400000000,4,4,255,0,4,4,4,15,0,0,1,16,0,0,0,0,0,0,0,1,0,0,0,0,0,8,8,500136200
2026-09-21T06:15:23.396Z,25945,2599548,500137413,500148676,100000000,400000000,4,4,255,0,4,4,4,15,0,0,1,16,0,0,0,0,0,0,0,1,0,0,0,0,0,8,8,500137400
2026-09-21T06:15:23.557Z,25946,2599691,500138539,500159939,100000000,400000000,4,4,255,0,4,4,4,15,0,0,1,16,0,0,0,0,0,0,0,1,0,0,0,0,0,8,8,500138500
2026-09-21T06:15:23.654Z,25947,2599773,500139665,500144171,100000000,400000000,4,4,255,0,4,4,4,15,0,0,1,16,0,0,0,0,0,0,0,1,0,0,0,0,0,8,8,500139600
2026-09-21T06:15:23.749Z,25948,2599869,500140792,500128402,100000000,400000000,4,4,255,0,4,4,4,15,0,0,1,16,0,0,0,0,0,0,0,1,0,0,0,0,0,8,8,500140700
2026-09-21T06:15:23.845Z,25949,2599965,500139665,500125023,100000000,400000000,4,4,255,0,4,4,4,15,0,0,1,16,0,0,0,0,0,0,0,1,0,0,0,0,0,8,8,500139600
2026-09-21T06:15:23.941Z,25950,2600061,500138539,500145297,100000000,400000000,4,4,255,0,4,4,4,15,0,0,1,16,0,0,0,0,0,0,0,1,0,0,0,0,0,8,8,500138500
2026-09-21T06:15:24.037Z,25951,2600157,500137413,500134034,100000000,400000000,4,4,255,0,4,4,4,15,0,0,1,16,0,0,0,0,0,0,0,1,0,0,0,0,0,8,8,500137400
2026-09-21T06:15:24.115Z,25952,2600253,500137413,500137413,100000000,400000000,4,4,255,0,4,4,4,15,0,0,1,16,0,0,0,0,0,0,0,1,0,0,0,0,0,8,8,500137400
2026-09-21T06:15:24.208Z,25953,2600349,500137413,500143044,100000000,400000000,4,4,255,0,4,4,4,15,0,0,1,16,0,0,0,0,0,0,0,1,0,0,0,0,0,8,8,500137400
2026-09-21T06:15:24.367Z,25954,2600503,500138539,500154308,100000000,400000000,4,4,255,0,4,4,4,15,0,0,1,16,0,0,0,0,0,0,0,1,0,0,0,0,0,8,8,500138500
2026-09-21T06:15:24.447Z,25955,2600583,500140792,500154308,100000000,400000000,4,4,255,0,4,4,4,15,0,0,1,16,0,0,0,0,0,0,0,1,0,0,0,0,0,8,8,500140700
2026-09-21T06:15:24.543Z,25956,2600664,500143044,500146423,100000000,400000000,4,4,255,0,4,4,4,15,0,0,1,16,0,0,0,0,0,0,0,1,0,0,0,0,0,8,8,500143000
2026-09-21T06:15:24.639Z,25957,2600759,500143044,500125023,100000000,400000000,4,4,255,0,4,4,4,15,0,0,1,16,0,0,0,0,0,0,0,1,0,0,0,0,0,8,8,500143000
2026-09-21T06:15:24.736Z,25958,2600855,500140792,500127276,100000000,400000000,4,4,255,0,4,4,4,15,0,0,1,16,0,0,0,0,0,0,0,1,0,0,0,0,0,8,8,500140700
2026-09-21T06:15:24.831Z,25959,2600951,500138539,500147550,100000000,400000000,4,4,255,0,4,4,4,15,0,0,1,16,0,0,0,0,0,0,0,1,0,0,0,0,0,8,8,500138500
2026-09-21T06:15:24.924Z,25960,2601050,500137413,500134034,100000000,400000000,4,4,255,0,4,4,4,15,0,0,1,16,0,0,0,0,0,0,0,1,0,0,0,0,0,8,8,500137400
2026-09-21T06:15:25.017Z,25961,2601151,500137413,500136286,100000000,400000000,4,4,255,0,4,4,4,15,0,0,1,16,0,0,0,0,0,0,0,1,0,0,0,0,0,8,8,500137400
2026-09-21T06:15:25.109Z,25962,2601251,500137413,500140792,100000000,400000000,4,4,255,0,4,4,4,15,0,0,1,16,0,0,0,0,0,0,0,1,0,0,0,0,0,8,8,500137400
2026-09-21T06:15:25.202Z,25963,2601351,500137413,500140792,100000000,400000000,4,4,255,0,4,4,4,15,0,0,1,16,0,0,0,0,0,0,0,1,0,0,0,0,0,8,8,500137400
2026-09-21T06:15:25.295Z,25964,2601451,500137413,500136286,100000000,400000000,4,4,255,0,4,4,4,15,0,0,1,16,0,0,0,0,0,0,0,1,0,0,0,0,0,8,8,500137400
2026-09-21T06:15:25.390Z,25965,2601551,500137413,500143044,100000000,400000000,4,4,255,0,4,4,4,15,0,0,1,16,0,0,0,0,0,0,0,1,0,0,0,0,0,8,8,500137400
2026-09-21T06:15:25.581Z,25966,2601701,500138539,500153181,100000000,400000000,4,4,255,0,4,4,4,15,0,0,1,16,0,0,0,0,0,0,0,1,0,0,0,0,0,8,8,500138500
2026-09-21T06:15:25.677Z,25967,2601797,500139665,500132907,100000000,400000000,4,4,255,0,4,4,4,15,0,0,1,16,0,0,0,0,0,0,0,1,0,0,0,0,0,8,8,500139600
2026-09-21T06:15:25.757Z,25968,2601892,500138539,500127276,100000000,400000000,4,4,255,0,4,4,4,15,0,0,1,16,0,0,0,0,0,0,0,1,0,0,0,0,0,8,8,500138500
2026-09-21T06:15:25.838Z,25969,2601973,500137413,500146423,100000000,400000000,4,4,255,0,4,4,4,15,0,0,1,16,0,0,0,0,0,0,0,1,0,0,0,0,0,8,8,500137400
2026-09-21T06:15:25.915Z,25970,2602053,500138539,500163318,100000000,400000000,4,4,255,0,4,4,4,15,0,0,1,16,0,0,0,0,0,0,0,1,0,0,0,0,0,8,8,500138500
2026-09-21T06:15:26.010Z,25971,2602153,500140792,500159939,100000000,400000000,4,4,255,0,4,4,4,15,0,0,1,16,0,0,0,0,0,0,0,1,0,0,0,0,0,8,8,500140700
2026-09-21T06:15:26.101Z,25972,2602253,500143044,500140792,100000000,400000000,4,4,255,0,4,4,4,15,0,0,1,16,0,0,0,0,0,0,0,1,0,0,0,0,0,8,8,500143000
2026-09-21T06:15:26.195Z,25973,2602353,500143044,500139665,100000000,400000000,4,4,255,0,4,4,4,15,0,0,1,16,0,0,0,0,0,0,0,1,0,0,0,0,0,8,8,500143000
2026-09-21T06:15:26.292Z,25974,2602453,500143044,500122770,100000000,400000000,4,4,255,0,4,4,4,15,0,0,1,16,0,0,0,0,0,0,0,1,0,0,0,0,0,8,8,500143000
2026-09-21T06:15:26.483Z,25975,2602603,500140792,500127276,100000000,400000000,4,4,255,0,4,4,4,15,0,0,1,16,0,0,0,0,0,0,0,1,0,0,0,0,0,8,8,500140700
2026-09-21T06:15:26.578Z,25976,2602699,500138539,500132907,100000000,400000000,4,4,255,0,4,4,4,15,0,0,1,16,0,0,0,0,0,0,0,1,0,0,0,0,0,8,8,500138500
2026-09-21T06:15:26.676Z,25977,2602794,500137413,500131781,100000000,400000000,4,4,255,0,4,4,4,15,0,0,1,16,0,0,0,0,0,0,0,1,0,0,0,0,0,8,8,500137400
2026-09-21T06:15:26.773Z,25978,2602890,500136286,500126149,100000000,400000000,4,4,255,0,4,4,4,15,0,0,1,16,0,0,0,0,0,0,0,1,0,0,0,0,0,8,8,500136200
2026-09-21T06:15:26.854Z,25979,2602988,500135160,500116012,100000000,400000000,4,4,255,0,4,4,4,15,0,0,1,16,0,0,0,0,0,0,0,1,0,0,0,0,0,8,8,500135100
2026-09-21T06:15:26.951Z,25980,2603069,500132907,500116012,100000000,400000000,4,4,255,0,4,4,4,15,0,0,1,16,0,0,0,0,0,0,0,1,0,0,0,0,0,8,8,500132900
2026-09-21T06:15:27.046Z,25981,2603167,500130655,500140792,100000000,400000000,4,4,255,0,4,4,4,15,0,0,1,16,0,0,0,0,0,0,0,1,0,0,0,0,0,8,8,500130600
2026-09-21T06:15:27.143Z,25982,2603262,500130655,500128402,100000000,400000000,4,4,255,0,4,4,4,15,0,0,1,16,0,0,0,0,0,0,0,1,0,0,0,0,0,8,8,500130600
2026-09-21T06:15:27.239Z,25983,2603359,500131781,500140792,100000000,400000000,4,4,255,0,4,4,4,15,0,0,1,16,0,0,0,0,0,0,0,1,0,0,0,0,0,8,8,500131700
2026-09-21T06:15:27.315Z,25984,2603455,500132907,500137413,100000000,400000000,4,4,255,0,4,4,4,15,0,0,1,16,0,0,0,0,0,0,0,1,0,0,0,0,0,8,8,500132900
2026-09-21T06:15:27.409Z,25985,2603554,500134034,500149802,100000000,400000000,4,4,255,0,4,4,4,15,0,0,1,16,0,0,0,0,0,0,0,1,0,0,0,0,0,8,8,500134000
2026-09-21T06:15:27.501Z,25986,2603654,500135160,500146423,100000000,400000000,4,4,255,0,4,4,4,15,0,0,1,16,0,0,0,0,0,0,0,1,0,0,0,0,0,8,8,500135100
2026-09-21T06:15:27.594Z,25987,2603755,500136286,500145297,100000000,400000000,4,4,255,0,4,4,4,15,0,0,1,16,0,0,0,0,0,0,0,1,0,0,0,0,0,8,8,500136200
2026-09-21T06:15:27.784Z,25988,2603905,500137413,500149802,100000000,400000000,4,4,255,0,4,4,4,15,0,0,1,16,0,0,0,0,0,0,0,1,0,0,0,0,0,8,8,500137400
2026-09-21T06:15:27.879Z,25989,2604000,500138539,500154308,100000000,400000000,4,4,255,0,4,4,4,15,0,0,1,16,0,0,0,0,0,0,0,1,0,0,0,0,0,8,8,500138500
2026-09-21T06:15:27.958Z,25990,2604095,500140792,500154308,100000000,400000000,4,4,255,0,4,4,4,15,0,0,1,16,0,0,0,0,0,0,0,1,0,0,0,0,0,8,8,500140700
2026-09-21T06:15:28.034Z,25991,2604175,500143044,500141918,100000000,400000000,4,4,255,0,4,4,4,15,0,0,1,16,0,0,0,0,0,0,0,1,0,0,0,0,0,8,8,500143000
2026-09-21T06:15:28.128Z,25992,2604255,500143044,500130655,100000000,400000000,4,4,255,0,4,4,4,15,0,0,1,16,0,0,0,0,0,0,0,1,0,0,0,0,0,8,8,500143000
2026-09-21T06:15:28.220Z,25993,2604355,500143044,500143044,100000000,400000000,4,4,255,0,4,4,4,15,0,0,1,16,0,0,0,0,0,0,0,1,0,0,0,0,0,8,8,500143000
2026-09-21T06:15:28.313Z,25994,2604456,500143044,500145297,100000000,400000000,4,4,255,0,4,4,4,15,0,0,1,16,0,0,0,0,0,0,0,1,0,0,0,0,0,8,8,500143000
2026-09-21T06:15:28.405Z,25995,2604556,500143044,500140792,100000000,400000000,4,4,255,0,4,4,4,15,0,0,1,16,0,0,0,0,0,0,0,1,0,0,0,0,0,8,8,500143000
2026-09-21T06:15:28.499Z,25996,2604656,500143044,500122770,100000000,400000000,4,4,255,0,4,4,4,15,0,0,1,16,0,0,0,0,0,0,0,1,0,0,0,0,0,8,8,500143000
2026-09-21T06:15:28.593Z,25997,2604756,500140792,500118265,100000000,400000000,4,4,255,0,4,4,4,15,0,0,1,16,0,0,0,0,0,0,0,1,0,0,0,0,0,8,8,500140700
2026-09-21T06:15:28.787Z,25998,2604907,500138539,500135160,100000000,400000000,4,4,255,0,4,4,4,15,0,0,1,16,0,0,0,0,0,0,0,1,0,0,0,0,0,8,8,500138500
2026-09-21T06:15:28.868Z,25999,2605003,500138539,500154308,100000000,400000000,4,4,255,0,4,4,4,15,0,0,1,16,0,0,0,0,0,0,0,1,0,0,0,0,0,8,8,500138500
2026-09-21T06:15:28.947Z,26000,2605084,500138539,500139665,100000000,400000000,4,4,255,0,4,4,4,15,0,0,1,16,0,0,0,0,0,0,0,1,0,0,0,0,0,8,8,500138500
2026-09-21T06:15:29.042Z,26001,2605164,500138539,500136286,100000000,400000000,4,4,255,0,4,4,4,15,0,0,1,16,0,0,0,0,0,0,0,1,0,0,0,0,0,8,8,500138500
2026-09-21T06:15:29.135Z,26002,2605259,500138539,500136286,100000000,400000000,4,4,255,0,4,4,4,15,0,0,1,16,0,0,0,0,0,0,0,1,0,0,0,0,0,8,8,500138500
2026-09-21T06:15:29.229Z,26003,2605357,500138539,500125023,100000000,400000000,4,4,255,0,4,4,4,15,0,0,1,16,0,0,0,0,0,0,0,1,0,0,0,0,0,8,8,500138500
2026-09-21T06:15:29.322Z,26004,2605457,500137413,500126149,100000000,400000000,4,4,255,0,4,4,4,15,0,0,1,16,0,0,0,0,0,0,0,1,0,0,0,0,0,8,8,500137400
2026-09-21T06:15:29.414Z,26005,2605557,500136286,500139665,100000000,400000000,4,4,255,0,4,4,4,15,0,0,1,16,0,0,0,0,0,0,0,1,0,0,0,0,0,8,8,500136200
2026-09-21T06:15:29.507Z,26006,2605657,500135160,500114886,100000000,400000000,4,4,255,0,4,4,4,15,0,0,1,16,0,0,0,0,0,0,0,1,0,0,0,0,0,8,8,500135100
2026-09-21T06:15:29.601Z,26007,2605758,500134034,500125023,100000000,400000000,4,4,255,0,4,4,4,15,0,0,1,16,0,0,0,0,0,0,0,1,0,0,0,0,0,8,8,500134000
2026-09-21T06:15:29.695Z,26008,2605858,500132907,500132907,100000000,400000000,4,4,255,0,4,4,4,15,0,0,1,16,0,0,0,0,0,0,0,1,0,0,0,0,0,8,8,500132900
2026-09-21T06:15:29.854Z,26009,2605990,500132907,500138539,100000000,400000000,4,4,255,0,4,4,4,15,0,0,1,16,0,0,0,0,0,0,0,1,0,0,0,0,0,8,8,500132900
2026-09-21T06:15:29.950Z,26010,2606070,500132907,500134034,100000000,400000000,4,4,255,0,4,4,4,15,0,0,1,16,0,0,0,0,0,0,0,1,0,0,0,0,0,8,8,500132900
2026-09-21T06:15:30.046Z,26011,2606167,500132907,500135160,100000000,400000000,4,4,255,0,4,4,4,15,0,0,1,16,0,0,0,0,0,0,0,1,0,0,0,0,0,8,8,500132900
2026-09-21T06:15:30.139Z,26012,2606262,500132907,500113760,100000000,400000000,4,4,255,0,4,4,4,15,0,0,1,16,0,0,0,0,0,0,0,1,0,0,0,0,0,8,8,500132900
2026-09-21T06:15:30.231Z,26013,2606358,500131781,500121644,100000000,400000000,4,4,255,0,4,4,4,15,0,0,1,16,0,0,0,0,0,0,0,1,0,0,0,0,0,8,8,500131700
2026-09-21T06:15:30.324Z,26014,2606459,500130655,500145297,100000000,400000000,4,4,255,0,4,4,4,15,0,0,1,16,0,0,0,0,0,0,0,1,0,0,0,0,0,8,8,500130600
2026-09-21T06:15:30.416Z,26015,2606559,500130655,500128402,100000000,400000000,4,4,255,0,4,4,4,15,0,0,1,16,0,0,0,0,0,0,0,1,0,0,0,0,0,8,8,500130600
2026-09-21T06:15:30.509Z,26016,2606659,500131781,500143044,100000000,400000000,4,4,255,0,4,4,4,15,0,0,1,16,0,0,0,0,0,0,0,1,0,0,0,0,0,8,8,500131700
2026-09-21T06:15:30.601Z,26017,2606759,500132907,500148676,100000000,400000000,4,4,255,0,4,4,4,15,0,0,1,16,0,0,0,0,0,0,0,1,0,0,0,0,0,8,8,500132900
2026-09-21T06:15:30.777Z,26018,2606912,500135160,500154308,100000000,400000000,4,4,255,0,4,4,4,15,0,0,1,16,0,0,0,0,0,0,0,1,0,0,0,0,0,8,8,500135100
2026-09-21T06:15:30.874Z,26019,2606992,500137413,500135160,100000000,400000000,4,4,255,0,4,4,4,15,0,0,1,16,0,0,0,0,0,0,0,1,0,0,0,0,0,8,8,500137400
2026-09-21T06:15:30.970Z,26020,2607089,500138539,500146423,100000000,400000000,4,4,255,0,4,4,4,15,0,0,1,16,0,0,0,0,0,0,0,1,0,0,0,0,0,8,8,500138500
2026-09-21T06:15:31.066Z,26021,2607187,500138539,500127276,100000000,400000000,4,4,255,0,4,4,4,15,0,0,1,16,0,0,0,0,0,0,0,1,0,0,0,0,0,8,8,500138500
2026-09-21T06:15:31.162Z,26022,2607283,500139665,500144171,100000000,400000000,4,4,255,0,4,4,4,15,0,0,1,16,0,0,0,0,0,0,0,1,0,0,0,0,0,8,8,500139600
2026-09-21T06:15:31.240Z,26023,2607378,500140792,500147550,100000000,400000000,4,4,255,0,4,4,4,15,0,0,1,16,0,0,0,0,0,0,0,1,0,0,0,0,0,8,8,500140700
2026-09-21T06:15:31.317Z,26024,2607460,500140792,500137413,100000000,400000000,4,4,255,0,4,4,4,15,0,0,1,16,0,0,0,0,0,0,0,1,0,0,0,0,0,8,8,500140700
2026-09-21T06:15:31.477Z,26025,2607612,500140792,500136286,100000000,400000000,4,4,255,0,4,4,4,15,0,0,1,16,0,0,0,0,0,0,0,1,0,0,0,0,0,8,8,500140700
2026-09-21T06:15:31.557Z,26026,2607693,500140792,500139665,100000000,400000000,4,4,255,0,4,4,4,15,0,0,1,16,0,0,0,0,0,0,0,1,0,0,0,0,0,8,8,500140700
2026-09-21T06:15:31.653Z,26027,2607773,500140792,500145297,100000000,400000000,4,4,255,0,4,4,4,15,0,0,1,16,0,0,0,0,0,0,0,1,0,0,0,0,0,8,8,500140700
2026-09-21T06:15:31.750Z,26028,2607869,500141918,500149802,100000000,400000000,4,4,255,0,4,4,4,15,0,0,1,16,0,0,0,0,0,0,0,1,0,0,0,0,0,8,8,500141900
2026-09-21T06:15:31.847Z,26029,2607967,500141918,500134034,100000000,400000000,4,4,255,0,4,4,4,15,0,0,1,16,0,0,0,0,0,0,0,1,0,0,0,0,0,8,8,500141900
2026-09-21T06:15:31.940Z,26030,2608063,500141918,500143044,100000000,400000000,4,4,255,0,4,4,4,15,0,0,1,16,0,0,0,0,0,0,0,1,0,0,0,0,0,8,8,500141900
2026-09-21T06:15:32.034Z,26031,2608161,500140792,500132907,100000000,400000000,4,4,255,0,4,4,4,15,0,0,1,16,0,0,0,0,0,0,0,1,0,0,0,0,0,8,8,500140700
2026-09-21T06:15:32.128Z,26032,2608261,500139665,500132907,100000000,400000000,4,4,255,0,4,4,4,15,0,0,1,16,0,0,0,0,0,0,0,1,0,0,0,0,0,8,8,500139600
2026-09-21T06:15:32.220Z,26033,2608362,500138539,500113760,100000000,400000000,4,4,255,0,4,4,4,15,0,0,1,16,0,0,0,0,0,0,0,1,0,0,0,0,0,8,8,500138500
2026-09-21T06:15:32.313Z,26034,2608462,500135160,500110381,100000000,400000000,4,4,255,0,4,4,4,15,0,0,1,16,0,0,0,0,0,0,0,1,0,0,0,0,0,8,8,500135100
2026-09-21T06:15:32.404Z,26035,2608562,500132907,500135160,100000000,400000000,4,4,255,0,4,4,4,15,0,0,1,16,0,0,0,0,0,0,0,1,0,0,0,0,0,8,8,500132900
2026-09-21T06:15:32.499Z,26036,2608662,500132907,500131781,100000000,400000000,4,4,255,0,4,4,4,15,0,0,1,16,0,0,0,0,0,0,0,1,0,0,0,0,0,8,8,500132900
2026-09-21T06:15:32.693Z,26037,2608811,500132907,500130655,100000000,400000000,4,4,255,0,4,4,4,15,0,0,1,16,0,0,0,0,0,0,0,1,0,0,0,0,0,8,8,500132900
2026-09-21T06:15:32.773Z,26038,2608909,500132907,500118265,100000000,400000000,4,4,255,0,4,4,4,15,0,0,1,16,0,0,0,0,0,0,0,1,0,0,0,0,0,8,8,500132900
2026-09-21T06:15:32.854Z,26039,2608989,500130655,500102496,100000000,400000000,4,4,255,0,4,4,4,15,0,0,1,16,0,0,0,0,0,0,0,1,0,0,0,0,0,8,8,500130600
2026-09-21T06:15:32.931Z,26040,2609069,500127276,500104749,100000000,400000000,4,4,255,0,4,4,4,15,0,0,1,16,0,0,0,0,0,0,0,1,0,0,0,0,0,8,8,500127200
2026-09-21T06:15:33.023Z,26041,2609163,500123897,500154308,100000000,400000000,4,4,255,0,4,4,4,15,0,0,1,16,0,0,0,0,0,0,0,1,0,0,0,0,0,8,8,500123800
2026-09-21T06:15:33.115Z,26042,2609263,500127276,500150929,100000000,400000000,4,4,255,0,4,4,4,15,0,0,1,16,0,0,0,0,0,0,0,1,0,0,0,0,0,8,8,500127200
2026-09-21T06:15:33.208Z,26043,2609363,500130655,500120518,100000000,400000000,4,4,255,0,4,4,4,15,0,0,1,16,0,0,0,0,0,0,0,1,0,0,0,0,0,8,8,500130600
2026-09-21T06:15:33.370Z,26044,2609505,500131781,500136286,100000000,400000000,4,4,255,0,4,4,4,15,0,0,1,16,0,0,0,0,0,0,0,1,0,0,0,0,0,8,8,500131700
2026-09-21T06:15:33.466Z,26045,2609587,500132907,500145297,100000000,400000000,4,4,255,0,4,4,4,15,0,0,1,16,0,0,0,0,0,0,0,1,0,0,0,0,0,8,8,500132900
2026-09-21T06:15:33.562Z,26046,2609682,500134034,500149802,100000000,400000000,4,4,255,0,4,4,4,15,0,0,1,16,0,0,0,0,0,0,0,1,0,0,0,0,0,8,8,500134000
2026-09-21T06:15:33.657Z,26047,2609778,500136286,500148676,100000000,400000000,4,4,255,0,4,4,4,15,0,0,1,16,0,0,0,0,0,0,0,1,0,0,0,0,0,8,8,500136200
2026-09-21T06:15:33.754Z,26048,2609874,500137413,500111507,100000000,400000000,4,4,255,0,4,4,4,15,0,0,1,16,0,0,0,0,0,0,0,1,0,0,0,0,0,8,8,500137400
2026-09-21T06:15:33.851Z,26049,2609969,500136286,500126149,100000000,400000000,4,4,255,0,4,4,4,15,0,0,1,16,0,0,0,0,0,0,0,1,0,0,0,0,0,8,8,500136200
2026-09-21T06:15:33.929Z,26050,2610068,500134034,500119391,100000000,400000000,4,4,255,0,4,4,4,15,0,0,1,16,0,0,0,0,0,0,0,1,0,0,0,0,0,8,8,500134000
2026-09-21T06:15:34.021Z,26051,2610164,500132907,500122770,100000000,400000000,4,4,255,0,4,4,4,15,0,0,1,16,0,0,0,0,0,0,0,1,0,0,0,0,0,8,8,500132900
2026-09-21T06:15:34.113Z,26052,2610265,500131781,500129528,100000000,400000000,4,4,255,0,4,4,4,15,0,0,1,16,0,0,0,0,0,0,0,1,0,0,0,0,0,8,8,500131700
2026-09-21T06:15:34.205Z,26053,2610365,500131781,500130655,100000000,400000000,4,4,255,0,4,4,4,15,0,0,1,16,0,0,0,0,0,0,0,1,0,0,0,0,0,8,8,500131700
2026-09-21T06:15:34.396Z,26054,2610518,500131781,500130655,100000000,400000000,4,4,255,0,4,4,4,15,0,0,1,16,0,0,0,0,0,0,0,1,0,0,0,0,0,8,8,500131700
2026-09-21T06:15:34.477Z,26055,2610613,500131781,500138539,100000000,400000000,4,4,255,0,4,4,4,15,0,0,1,16,0,0,0,0,0,0,0,1,0,0,0,0,0,8,8,500131700
2026-09-21T06:15:34.557Z,26056,2610692,500131781,500129528,100000000,400000000,4,4,255,0,4,4,4,15,0,0,1,16,0,0,0,0,0,0,0,1,0,0,0,0,0,8,8,500131700
2026-09-21T06:15:34.654Z,26057,2610774,500131781,500128402,100000000,400000000,4,4,255,0,4,4,4,15,0,0,1,16,0,0,0,0,0,0,0,1,0,0,0,0,0,8,8,500131700
2026-09-21T06:15:34.749Z,26058,2610869,500131781,500127276,100000000,400000000,4,4,255,0,4,4,4,15,0,0,1,16,0,0,0,0,0,0,0,1,0,0,0,0,0,8,8,500131700
2026-09-21T06:15:34.843Z,26059,2610967,500131781,500138539,100000000,400000000,4,4,255,0,4,4,4,15,0,0,1,16,0,0,0,0,0,0,0,1,0,0,0,0,0,8,8,500131700
2026-09-21T06:15:34.936Z,26060,2611066,500132907,500152055,100000000,400000000,4,4,255,0,4,4,4,15,0,0,1,16,0,0,0,0,0,0,0,1,0,0,0,0,0,8,8,500132900
2026-09-21T06:15:35.029Z,26061,2611166,500134034,500119391,100000000,400000000,4,4,255,0,4,4,4,15,0,0,1,16,0,0,0,0,0,0,0,1,0,0,0,0,0,8,8,500134000
2026-09-21T06:15:35.122Z,26062,2611266,500132907,500127276,100000000,400000000,4,4,255,0,4,4,4,15,0,0,1,16,0,0,0,0,0,0,0,1,0,0,0,0,0,8,8,500132900
2026-09-21T06:15:35.214Z,26063,2611366,500130655,500109254,100000000,400000000,4,4,255,0,4,4,4,15,0,0,1,16,0,0,0,0,0,0,0,1,0,0,0,0,0,8,8,500130600
2026-09-21T06:15:35.308Z,26064,2611466,500129528,500118265,100000000,400000000,4,4,255,0,4,4,4,15,0,0,1,16,0,0,0,0,0,0,0,1,0,0,0,0,0,8,8,500129500
2026-09-21T06:15:35.499Z,26065,2611620,500128402,500130655,100000000,400000000,4,4,255,0,4,4,4,15,0,0,1,16,0,0,0,0,0,0,0,1,0,0,0,0,0,8,8,500128400
2026-09-21T06:15:35.596Z,26066,2611716,500128402,500135160,100000000,400000000,4,4,255,0,4,4,4,15,0,0,1,16,0,0,0,0,0,0,0,1,0,0,0,0,0,8,8,500128400
2026-09-21T06:15:35.693Z,26067,2611811,500128402,500128402,100000000,400000000,4,4,255,0,4,4,4,15,0,0,1,16,0,0,0,0,0,0,0,1,0,0,0,0,0,8,8,500128400
2026-09-21T06:15:35.773Z,26068,2611909,500129528,500146423,100000000,400000000,4,4,255,0,4,4,4,15,0,0,1,16,0,0,0,0,0,0,0,1,0,0,0,0,0,8,8,500129500
2026-09-21T06:15:35.854Z,26069,2611989,500131781,500147550,100000000,400000000,4,4,255,0,4,4,4,15,0,0,1,16,0,0,0,0,0,0,0,1,0,0,0,0,0,8,8,500131700
2026-09-21T06:15:35.931Z,26070,2612069,500134034,500152055,100000000,400000000,4,4,255,0,4,4,4,15,0,0,1,16,0,0,0,0,0,0,0,1,0,0,0,0,0,8,8,500134000
2026-09-21T06:15:36.024Z,26071,2612167,500136286,500141918,100000000,400000000,4,4,255,0,4,4,4,15,0,0,1,16,0,0,0,0,0,0,0,1,0,0,0,0,0,8,8,500136200
2026-09-21T06:15:36.115Z,26072,2612268,500137413,500126149,100000000,400000000,4,4,255,0,4,4,4,15,0,0,1,16,0,0,0,0,0,0,0,1,0,0,0,0,0,8,8,500137400
2026-09-21T06:15:36.208Z,26073,2612368,500138539,500147550,100000000,400000000,4,4,255,0,4,4,4,15,0,0,1,16,0,0,0,0,0,0,0,1,0,0,0,0,0,8,8,500138500
2026-09-21T06:15:36.367Z,26074,2612505,500137413,500128402,100000000,400000000,4,4,255,0,4,4,4,15,0,0,1,16,0,0,0,0,0,0,0,1,0,0,0,0,0,8,8,500137400
2026-09-21T06:15:36.443Z,26075,2612584,500136286,500129528,100000000,400000000,4,4,255,0,4,4,4,15,0,0,1,16,0,0,0,0,0,0,0,1,0,0,0,0,0,8,8,500136200
2026-09-21T06:15:36.536Z,26076,2612668,500135160,500138539,100000000,400000000,4,4,255,0,4,4,4,15,0,0,1,16,0,0,0,0,0,0,0,1,0,0,0,0,0,8,8,500135100
2026-09-21T06:15:36.614Z,26077,2612768,500135160,500141918,100000000,400000000,4,4,255,0,4,4,4,15,0,0,1,16,0,0,0,0,0,0,0,1,0,0,0,0,0,8,8,500135100
2026-09-21T06:15:36.774Z,26078,2612910,500136286,500140792,100000000,400000000,4,4,255,0,4,4,4,15,0,0,1,16,0,0,0,0,0,0,0,1,0,0,0,0,0,8,8,500136200
2026-09-21T06:15:36.855Z,26079,2612989,500137413,500140792,100000000,400000000,4,4,255,0,4,4,4,15,0,0,1,16,0,0,0,0,0,0,0,1,0,0,0,0,0,8,8,500137400
2026-09-21T06:15:36.949Z,26080,2613070,500137413,500128402,100000000,400000000,4,4,255,0,4,4,4,15,0,0,1,16,0,0,0,0,0,0,0,1,0,0,0,0,0,8,8,500137400
2026-09-21T06:15:37.041Z,26081,2613169,500136286,500129528,100000000,400000000,4,4,255,0,4,4,4,15,0,0,1,16,0,0,0,0,0,0,0,1,0,0,0,0,0,8,8,500136200
2026-09-21T06:15:37.134Z,26082,2613269,500135160,500125023,100000000,400000000,4,4,255,0,4,4,4,15,0,0,1,16,0,0,0,0,0,0,0,1,0,0,0,0,0,8,8,500135100
2026-09-21T06:15:37.226Z,26083,2613369,500134034,500128402,100000000,400000000,4,4,255,0,4,4,4,15,0,0,1,16,0,0,0,0,0,0,0,1,0,0,0,0,0,8,8,500134000
2026-09-21T06:15:37.319Z,26084,2613469,500132907,500121644,100000000,400000000,4,4,255,0,4,4,4,15,0,0,1,16,0,0,0,0,0,0,0,1,0,0,0,0,0,8,8,500132900
2026-09-21T06:15:37.411Z,26085,2613570,500131781,500140792,100000000,400000000,4,4,255,0,4,4,4,15,0,0,1,16,0,0,0,0,0,0,0,1,0,0,0,0,0,8,8,500131700
2026-09-21T06:15:37.574Z,26086,2613709,500130655,500127276,100000000,400000000,4,4,255,0,4,4,4,15,0,0,1,16,0,0,0,0,0,0,0,1,0,0,0,0,0,8,8,500130600
2026-09-21T06:15:37.671Z,26087,2613790,500131781,500138539,100000000,400000000,4,4,255,0,4,4,4,15,0,0,1,16,0,0,0,0,0,0,0,1,0,0,0,0,0,8,8,500131700
2026-09-21T06:15:37.766Z,26088,2613888,500132907,500152055,100000000,400000000,4,4,255,0,4,4,4,15,0,0,1,16,0,0,0,0,0,0,0,1,0,0,0,0,0,8,8,500132900
2026-09-21T06:15:37.862Z,26089,2613983,500135160,500146423,100000000,400000000,4,4,255,0,4,4,4,15,0,0,1,16,0,0,0,0,0,0,0,1,0,0,0,0,0,8,8,500135100
2026-09-21T06:15:37.958Z,26090,2614079,500136286,500127276,100000000,400000000,4,4,255,0,4,4,4,15,0,0,1,16,0,0,0,0,0,0,0,1,0,0,0,0,0,8,8,500136200
2026-09-21T06:15:38.035Z,26091,2614175,500135160,500123897,100000000,400000000,4,4,255,0,4,4,4,15,0,0,1,16,0,0,0,0,0,0,0,1,0,0,0,0,0,8,8,500135100
2026-09-21T06:15:38.128Z,26092,2614271,500134034,500120518,100000000,400000000,4,4,255,0,4,4,4,15,0,0,1,16,0,0,0,0,0,0,0,1,0,0,0,0,0,8,8,500134000
2026-09-21T06:15:38.220Z,26093,2614371,500131781,500114886,100000000,400000000,4,4,255,0,4,4,4,15,0,0,1,16,0,0,0,0,0,0,0,1,0,0,0,0,0,8,8,500131700
2026-09-21T06:15:38.313Z,26094,2614471,500130655,500127276,100000000,400000000,4,4,255,0,4,4,4,15,0,0,1,16,0,0,0,0,0,0,0,1,0,0,0,0,0,8,8,500130600
2026-09-21T06:15:38.409Z,26095,2614571,500130655,500138539,100000000,400000000,4,4,255,0,4,4,4,15,0,0,1,16,0,0,0,0,0,0,0,1,0,0,0,0,0,8,8,500130600
2026-09-21T06:15:38.584Z,26096,2614721,500131781,500149802,100000000,400000000,4,4,255,0,4,4,4,15,0,0,1,16,0,0,0,0,0,0,0,1,0,0,0,0,0,8,8,500131700
2026-09-21T06:15:38.663Z,26097,2614801,500134034,500149802,100000000,400000000,4,4,255,0,4,4,4,15,0,0,1,16,0,0,0,0,0,0,0,1,0,0,0,0,0,8,8,500134000
2026-09-21T06:15:38.742Z,26098,2614880,500136286,500137413,100000000,400000000,4,4,255,0,4,4,4,15,0,0,1,16,0,0,0,0,0,0,0,1,0,0,0,0,0,8,8,500136200
2026-09-21T06:15:38.834Z,26099,2614973,500136286,500130655,100000000,400000000,4,4,255,0,4,4,4,15,0,0,1,16,0,0,0,0,0,0,0,1,0,0,0,0,0,8,8,500136200
2026-09-21T06:15:38.927Z,26100,2615073,500135160,500125023,100000000,400000000,4,4,255,0,4,4,4,15,0,0,1,16,0,0,0,0,0,0,0,1,0,0,0,0,0,8,8,500135100
2026-09-21T06:15:39.086Z,26101,2615223,500134034,500112633,100000000,400000000,4,4,255,0,4,4,4,15,0,0,1,16,0,0,0,0,0,0,0,1,0,0,0,0,0,8,8,500134000
2026-09-21T06:15:39.166Z,26102,2615302,500132907,500129528,100000000,400000000,4,4,255,0,4,4,4,15,0,0,1,16,0,0,0,0,0,0,0,1,0,0,0,0,0,8,8,500132900
2026-09-21T06:15:39.262Z,26103,2615383,500132907,500131781,100000000,400000000,4,4,255,0,4,4,4,15,0,0,1,16,0,0,0,0,0,0,0,1,0,0,0,0,0,8,8,500132900
2026-09-21T06:15:39.357Z,26104,2615479,500132907,500141918,100000000,400000000,4,4,255,0,4,4,4,15,0,0,1,16,0,0,0,0,0,0,0,1,0,0,0,0,0,8,8,500132900
2026-09-21T06:15:39.450Z,26105,2615574,500134034,500144171,100000000,400000000,4,4,255,0,4,4,4,15,0,0,1,16,0,0,0,0,0,0,0,1,0,0,0,0,0,8,8,500134000
2026-09-21T06:15:39.542Z,26106,2615673,500135160,500131781,100000000,400000000,4,4,255,0,4,4,4,15,0,0,1,16,0,0,0,0,0,0,0,1,0,0,0,0,0,8,8,500135100
2026-09-21T06:15:39.635Z,26107,2615773,500135160,500123897,100000000,400000000,4,4,255,0,4,4,4,15,0,0,1,16,0,0,0,0,0,0,0,1,0,0,0,0,0,8,8,500135100
2026-09-21T06:15:39.728Z,26108,2615873,500135160,500139665,100000000,400000000,4,4,255,0,4,4,4,15,0,0,1,16,0,0,0,0,0,0,0,1,0,0,0,0,0,8,8,500135100
2026-09-21T06:15:39.820Z,26109,2615973,500136286,500140792,100000000,400000000,4,4,255,0,4,4,4,15,0,0,1,16,0,0,0,0,0,0,0,1,0,0,0,0,0,8,8,500136200
2026-09-21T06:15:39.913Z,26110,2616073,500137413,500150929,100000000,400000000,4,4,255,0,4,4,4,15,0,0,1,16,0,0,0,0,0,0,0,1,0,0,0,0,0,8,8,500137400
2026-09-21T06:15:40.089Z,26111,2616227,500137413,500132907,100000000,400000000,4,4,255,0,4,4,4,15,0,0,1,16,0,0,0,0,0,0,0,1,0,0,0,0,0,8,8,500137400
2026-09-21T06:15:40.186Z,26112,2616307,500137413,500136286,100000000,400000000,4,4,255,0,4,4,4,15,0,0,1,16,0,0,0,0,0,0,0,1,0,0,0,0,0,8,8,500137400
2026-09-21T06:15:40.282Z,26113,2616403,500136286,500127276,100000000,400000000,4,4,255,0,4,4,4,15,0,0,1,16,0,0,0,0,0,0,0,1,0,0,0,0,0,8,8,500136200
2026-09-21T06:15:40.377Z,26114,2616499,500136286,500139665,100000000,400000000,4,4,255,0,4,4,4,15,0,0,1,16,0,0,0,0,0,0,0,1,0,0,0,0,0,8,8,500136200
2026-09-21T06:15:40.474Z,26115,2616595,500136286,500143044,100000000,400000000,4,4,255,0,4,4,4,15,0,0,1,16,0,0,0,0,0,0,0,1,0,0,0,0,0,8,8,500136200
2026-09-21T06:15:40.553Z,26116,2616690,500136286,499680121,100000000,400000000,4,4,255,0,4,4,4,15,0,0,1,16,0,0,0,0,0,0,0,1,0,0,0,0,0,8,8,500136200
2026-09-21T06:15:40.629Z,26117,2616774,500078843,397856136,100000000,400000000,4,4,255,0,3,3,3,15,0,0,1,17,0,0,0,0,0,0,0,1,0,0,0,0,0,8,8,500078800
2026-09-21T06:15:40.790Z,26118,2616927,487300583,77634833,100000000,400000000,4,1,0,7,2,2,2,15,0,0,1,18,0,0,0,0,0,0,0,0,0,0,0,0,0,8,8,487300500
2026-09-21T06:15:40.873Z,26119,2617008,436091801,198235,100000000,400000000,4,1,0,7,2,2,2,15,0,0,1,18,0,0,0,0,0,0,0,0,0,0,0,0,0,8,8,436091800
2026-09-21T06:15:40.969Z,26120,2617089,381605387,137413,100000000,400000000,3,1,0,7,2,2,2,15,0,0,1,18,0,0,0,0,0,0,0,0,0,0,0,0,0,8,8,381605300
2026-09-21T06:15:41.065Z,26121,2617186,333923157,147550,100000000,400000000,3,1,0,7,2,2,2,15,0,0,1,18,0,0,0,0,0,0,0,0,0,0,0,0,0,8,8,333923100
2026-09-21T06:15:41.160Z,26122,2617282,292200361,139665,100000000,400000000,3,1,0,7,2,2,2,15,0,0,1,18,0,0,0,0,0,0,0,0,0,0,0,0,0,8,8,292200300
2026-09-21T06:15:41.253Z,26123,2617378,255693619,158813,100000000,400000000,3,1,0,7,2,2,2,15,0,0,1,18,0,0,0,0,0,0,0,0,0,0,0,0,0,8,8,255693600
2026-09-21T06:15:41.347Z,26124,2617476,223751909,170076,100000000,400000000,3,1,0,7,2,2,2,15,0,0,1,18,0,0,0,0,0,0,0,0,0,0,0,0,0,8,8,223751900
2026-09-21T06:15:41.440Z,26125,2617576,195803054,149802,100000000,400000000,3,1,0,7,2,2,2,15,0,0,1,18,0,0,0,0,0,0,0,0,0,0,0,0,0,8,8,195803000
2026-09-21T06:15:41.534Z,26126,2617676,171346960,154308,100000000,400000000,3,1,0,7,2,2,2,15,0,0,1,18,0,0,0,0,0,0,0,0,0,0,0,0,0,8,8,171346900
2026-09-21T06:15:41.627Z,26127,2617776,149947738,157687,100000000,400000000,3,1,0,7,2,2,2,15,0,0,1,18,0,0,0,0,0,0,0,0,0,0,0,0,0,8,8,149947700
2026-09-21T06:15:41.719Z,26128,2617876,131223559,150929,100000000,400000000,3,1,0,7,2,2,2,15,0,0,1,18,0,0,0,0,0,0,0,0,0,0,0,0,0,8,8,131223500
2026-09-21T06:15:41.814Z,26129,2617976,114839903,144171,100000000,400000000,3,1,0,7,2,2,2,15,0,0,1,18,0,0,0,0,0,0,0,0,0,0,0,0,0,8,8,114839900
2026-09-21T06:15:42.005Z,26130,2618127,100503922,167824,100000000,400000000,3,1,0,7,2,2,2,15,0,0,1,18,0,0,0,0,0,0,0,0,0,0,0,0,0,8,8,100503900
2026-09-21T06:15:42.085Z,26131,2618222,87961065,165571,100000000,400000000,2,1,0,7,2,2,2,15,0,0,1,18,0,0,0,0,0,0,0,0,0,0,0,0,0,8,8,87961000
2026-09-21T06:15:42.165Z,26132,2618302,76986065,157687,100000000,400000000,2,1,0,7,2,2,2,15,0,0,1,18,0,0,0,0,0,0,0,0,0,0,0,0,0,8,8,76986000
2026-09-21T06:15:42.244Z,26133,2618383,67382940,147550,100000000,400000000,2,1,0,7,2,2,2,15,0,0,1,18,0,0,0,0,0,0,0,0,0,0,0,0,0,8,8,67382900
2026-09-21T06:15:42.338Z,26134,2618477,58978235,141918,100000000,400000000,2,1,0,7,2,2,2,15,0,0,1,18,0,0,0,0,0,0,0,0,0,0,0,0,0,8,8,58978200
2026-09-21T06:15:42.430Z,26135,2618577,51623273,132907,100000000,400000000,2,1,0,7,2,2,2,15,0,0,1,18,0,0,0,0,0,0,0,0,0,0,0,0,0,8,8,51623200
2026-09-21T06:15:42.521Z,26136,2618677,45188526,149802,100000000,400000000,2,1,0,7,2,2,2,15,0,0,1,18,0,0,0,0,0,0,0,0,0,0,0,0,0,8,8,45188500
2026-09-21T06:15:42.614Z,26137,2618777,39559108,150929,100000000,400000000,2,1,0,7,2,2,2,15,0,0,1,18,0,0,0,0,0,0,0,0,0,0,0,0,0,8,8,39559100
2026-09-21T06:15:42.775Z,26138,2618912,34632522,157687,100000000,400000000,2,1,0,7,2,2,2,15,0,0,1,18,0,0,0,0,0,0,0,0,0,0,0,0,0,8,8,34632500
2026-09-21T06:15:42.871Z,26139,2618991,30323168,170076,100000000,400000000,2,1,0,7,2,2,2,15,0,0,1,18,0,0,0,0,0,0,0,0,0,0,0,0,0,8,8,30323100
2026-09-21T06:15:42.967Z,26140,2619088,26552201,145297,100000000,400000000,2,1,0,7,2,2,2,15,0,0,1,18,0,0,0,0,0,0,0,0,0,0,0,0,0,8,8,26552200
2026-09-21T06:15:43.063Z,26141,2619184,23253168,156560,100000000,400000000,2,1,0,7,2,2,2,15,0,0,1,18,0,0,0,0,0,0,0,0,0,0,0,0,0,8,8,23253100
2026-09-21T06:15:43.155Z,26142,2619280,20365248,149802,100000000,400000000,2,1,0,7,2,2,2,15,0,0,1,18,0,0,0,0,0,0,0,0,0,0,0,0,0,8,8,20365200
2026-09-21T06:15:43.249Z,26143,2619378,17838880,153181,100000000,400000000,2,1,0,7,2,2,2,15,0,0,1,18,0,0,0,0,0,0,0,0,0,0,0,0,0,8,8,17838800
2026-09-21T06:15:43.343Z,26144,2619478,15627886,147550,100000000,400000000,2,1,0,7,2,2,2,15,0,0,1,18,0,0,0,0,0,0,0,0,0,0,0,0,0,8,8,15627800
2026-09-21T06:15:43.436Z,26145,2619579,13692844,132907,100000000,400000000,2,1,0,7,2,2,2,15,0,0,1,18,0,0,0,0,0,0,0,0,0,0,0,0,0,8,8,13692800
2026-09-21T06:15:43.529Z,26146,2619679,11997711,131781,100000000,400000000,2,1,0,7,2,2,2,15,0,0,1,18,0,0,0,0,0,0,0,0,0,0,0,0,0,8,8,11997700
2026-09-21T06:15:43.622Z,26147,2619779,10514329,145297,100000000,400000000,2,1,0,7,2,2,2,15,0,0,1,18,0,0,0,0,0,0,0,0,0,0,0,0,0,8,8,10514300
2026-09-21T06:15:43.716Z,26148,2619879,9217919,147550,100000000,400000000,2,1,0,7,2,2,2,15,0,0,1,18,0,0,0,0,0,0,0,0,0,0,0,0,0,8,8,9217900
2026-09-21T06:15:43.908Z,26149,2620030,8083700,131781,100000000,400000000,2,1,0,7,2,2,2,15,0,0,1,18,0,0,0,0,0,0,0,0,0,0,0,0,0,8,8,8083700
2026-09-21T06:15:44.004Z,26150,2620126,7091400,152055,100000000,400000000,2,1,0,7,2,2,2,15,0,0,1,18,0,0,0,0,0,0,0,0,0,0,0,0,0,8,8,7091400
2026-09-21T06:15:44.098Z,26151,2620221,6222996,145297,100000000,400000000,2,1,0,7,2,2,2,15,0,0,1,18,0,0,0,0,0,0,0,0,0,0,0,0,0,8,8,6222900
2026-09-21T06:15:44.180Z,26152,2620317,5462721,123897,100000000,400000000,2,1,0,7,2,2,2,15,0,0,1,18,0,0,0,0,0,0,0,0,0,0,0,0,0,8,8,5462700
2026-09-21T06:15:44.256Z,26153,2620397,4795931,130655,100000000,400000000,2,1,0,7,2,2,2,15,0,0,1,18,0,0,0,0,0,0,0,0,0,0,0,0,0,8,8,4795900
2026-09-21T06:15:44.349Z,26154,2620480,4212490,139665,100000000,400000000,2,1,0,7,2,2,2,15,0,0,1,18,0,0,0,0,0,0,0,0,0,0,0,0,0,8,8,4212400
2026-09-21T06:15:44.429Z,26155,2620580,3702260,128402,100000000,400000000,2,1,0,7,2,2,2,15,0,0,1,18,0,0,0,0,0,0,0,0,0,0,0,0,0,8,8,3702200
2026-09-21T06:15:44.590Z,26156,2620726,3256232,134034,100000000,400000000,2,1,0,7,2,2,2,15,0,0,1,18,0,0,0,0,0,0,0,0,0,0,0,0,0,8,8,3256200
2026-09-21T06:15:44.685Z,26157,2620807,2865394,129528,100000000,400000000,2,1,0,7,2,2,2,15,0,0,1,18,0,0,0,0,0,0,0,0,0,0,0,0,0,8,8,2865300
2026-09-21T06:15:44.780Z,26158,2620902,2524115,131781,100000000,400000000,2,1,0,7,2,2,2,15,0,0,1,18,0,0,0,0,0,0,0,0,0,0,0,0,0,8,8,2524100
2026-09-21T06:15:44.876Z,26159,2620998,2224510,131781,100000000,400000000,2,1,0,7,2,2,2,15,0,0,1,18,0,0,0,0,0,0,0,0,0,0,0,0,0,8,8,2224500
2026-09-21T06:15:44.970Z,26160,2621092,1963200,121644,100000000,400000000,2,1,0,7,2,2,2,15,0,0,1,18,0,0,0,0,0,0,0,0,0,0,0,0,0,8,8,1963200
2026-09-21T06:15:45.065Z,26161,2621188,1734555,148676,100000000,400000000,2,1,0,7,2,2,2,15,0,0,1,18,0,0,0,0,0,0,0,0,0,0,0,0,0,8,8,1734500
2026-09-21T06:15:45.158Z,26162,2621283,1536320,161066,100000000,400000000,2,1,0,7,2,2,2,15,0,0,1,18,0,0,0,0,0,0,0,0,0,0,0,0,0,8,8,1536300
2026-09-21T06:15:45.249Z,26163,2621381,1362864,123897,100000000,400000000,2,1,0,7,2,2,2,15,0,0,1,18,0,0,0,0,0,0,0,0,0,0,0,0,0,8,8,1362800
2026-09-21T06:15:45.343Z,26164,2621482,1208557,128402,100000000,400000000,2,1,0,7,2,2,2,15,0,0,1,18,0,0,0,0,0,0,0,0,0,0,0,0,0,8,8,1208500
2026-09-21T06:15:45.435Z,26165,2621582,1073396,131781,100000000,400000000,2,1,0,7,2,2,2,15,0,0,1,18,0,0,0,0,0,0,0,0,0,0,0,0,0,8,8,1073300
2026-09-21T06:15:45.528Z,26166,2621682,955131,139665,100000000,400000000,2,1,0,7,2,2,2,15,0,0,1,18,0,0,0,0,0,0,0,0,0,0,0,0,0,8,8,955100
2026-09-21T06:15:45.620Z,26167,2621782,852635,140792,100000000,400000000,2,1,0,7,2,2,2,15,0,0,1,18,0,0,0,0,0,0,0,0,0,0,0,0,0,8,8,852600
2026-09-21T06:15:45.813Z,26168,2621932,763655,150929,100000000,400000000,2,1,0,7,2,2,2,15,0,0,1,18,0,0,0,0,0,0,0,0,0,0,0,0,0,8,8,763600
2026-09-21T06:15:45.907Z,26169,2622029,685937,139665,100000000,400000000,2,1,0,7,2,2,2,15,0,0,1,18,0,0,0,0,0,0,0,0,0,0,0,0,0,8,8,685900
2026-09-21T06:15:46.002Z,26170,2622125,617231,127276,100000000,400000000,2,1,0,7,2,2,2,15,0,0,1,18,0,0,0,0,0,0,0,0,0,0,0,0,0,8,8,617200
2026-09-21T06:15:46.098Z,26171,2622220,557535,154308,100000000,400000000,2,1,0,7,2,2,2,15,0,0,1,18,0,0,0,0,0,0,0,0,0,0,0,0,0,8,8,557500
2026-09-21T06:15:46.194Z,26172,2622316,505724,140792,100000000,400000000,2,1,0,7,2,2,2,15,0,0,1,18,0,0,0,0,0,0,0,0,0,0,0,0,0,8,8,505700
2026-09-21T06:15:46.273Z,26173,2622410,460671,149802,100000000,400000000,2,1,0,7,2,2,2,15,0,0,1,18,0,0,0,0,0,0,0,0,0,0,0,0,0,8,8,460600
2026-09-21T06:15:46.349Z,26174,2622489,421249,152055,100000000,400000000,2,1,0,7,2,2,2,15,0,0,1,18,0,0,0,0,0,0,0,0,0,0,0,0,0,8,8,421200
2026-09-21T06:15:46.428Z,26175,2622583,387459,150929,100000000,400000000,2,1,0,7,2,2,2,15,0,0,1,18,0,0,0,0,0,0,0,0,0,0,0,0,0,8,8,387400
2026-09-21T06:15:46.586Z,26176,2622724,358174,125023,100000000,400000000,2,1,0,7,2,2,2,15,0,0,1,18,0,0,0,0,0,0,0,0,0,0,0,0,0,8,8,358100
2026-09-21T06:15:46.662Z,26177,2622803,332269,149802,100000000,400000000,2,1,0,7,2,2,2,15,0,0,1,18,0,0,0,0,0,0,0,0,0,0,0,0,0,8,8,332200
2026-09-21T06:15:46.754Z,26178,2622884,308616,139665,100000000,400000000,2,1,0,7,2,2,2,15,0,0,1,18,0,0,0,0,0,0,0,0,0,0,0,0,0,8,8,308600
2026-09-21T06:15:46.848Z,26179,2622984,287215,137413,100000000,400000000,2,1,0,7,2,2,2,15,0,0,1,18,0,0,0,0,0,0,0,0,0,0,0,0,0,8,8,287200
2026-09-21T06:15:46.940Z,26180,2623084,269194,141918,100000000,400000000,2,1,0,7,2,2,2,15,0,0,1,18,0,0,0,0,0,0,0,0,0,0,0,0,0,8,8,269100
2026-09-21T06:15:47.033Z,26181,2623184,252299,130655,100000000,400000000,2,1,0,7,2,2,2,15,0,0,1,18,0,0,0,0,0,0,0,0,0,0,0,0,0,8,8,252200
2026-09-21T06:15:47.125Z,26182,2623284,238783,149802,100000000,400000000,2,1,0,7,2,2,2,15,0,0,1,18,0,0,0,0,0,0,0,0,0,0,0,0,0,8,8,238700
2026-09-21T06:15:47.220Z,26183,2623384,227519,146423,100000000,400000000,2,1,0,7,2,2,2,15,0,0,1,18,0,0,0,0,0,0,0,0,0,0,0,0,0,8,8,227500
2026-09-21T06:15:47.412Z,26184,2623533,217382,139665,100000000,400000000,2,1,0,7,2,2,2,15,0,0,1,18,0,0,0,0,0,0,0,0,0,0,0,0,0,8,8,217300
2026-09-21T06:15:47.492Z,26185,2623629,207245,140792,100000000,400000000,2,1,0,7,2,2,2,15,0,0,1,18,0,0,0,0,0,0,0,0,0,0,0,0,0,8,8,207200
2026-09-21T06:15:47.573Z,26186,2623709,199361,154308,100000000,400000000,2,1,0,7,2,2,2,15,0,0,1,18,0,0,0,0,0,0,0,0,0,0,0,0,0,8,8,199300
2026-09-21T06:15:47.668Z,26187,2623789,192603,146423,100000000,400000000,2,1,0,7,2,2,2,15,0,0,1,18,0,0,0,0,0,0,0,0,0,0,0,0,0,8,8,192600
2026-09-21T06:15:47.760Z,26188,2623886,186971,147550,100000000,400000000,2,1,0,7,2,2,2,15,0,0,1,18,0,0,0,0,0,0,0,0,0,0,0,0,0,8,8,186900
2026-09-21T06:15:47.852Z,26189,2623985,181340,138539,100000000,400000000,2,1,0,7,2,2,2,15,0,0,1,18,0,0,0,0,0,0,0,0,0,0,0,0,0,8,8,181300
2026-09-21T06:15:47.946Z,26190,2624085,175708,128402,100000000,400000000,2,1,0,7,2,2,2,15,0,0,1,18,0,0,0,0,0,0,0,0,0,0,0,0,0,8,8,175700
2026-09-21T06:15:48.039Z,26191,2624185,171203,153181,100000000,400000000,2,1,0,7,2,2,2,15,0,0,1,18,0,0,0,0,0,0,0,0,0,0,0,0,0,8,8,171200
2026-09-21T06:15:48.130Z,26192,2624286,168950,164445,100000000,400000000,2,1,0,7,2,2,2,15,0,0,1,18,0,0,0,0,0,0,0,0,0,0,0,0,0,8,8,168900
2026-09-21T06:15:48.223Z,26193,2624386,166697,153181,100000000,400000000,2,1,0,7,2,2,2,15,0,0,1,18,0,0,0,0,0,0,0,0,0,0,0,0,0,8,8,166600
2026-09-21T06:15:48.383Z,26194,2624521,164445,145297,100000000,400000000,2,1,0,7,2,2,2,15,0,0,1,18,0,0,0,0,0,0,0,0,0,0,0,0,0,8,8,164400
2026-09-21T06:15:48.459Z,26195,2624600,162192,147550,100000000,400000000,2,1,0,7,2,2,2,15,0,0,1,18,0,0,0,0,0,0,0,0,0,0,0,0,0,8,8,162100
2026-09-21T06:15:48.552Z,26196,2624686,159939,135160,100000000,400000000,2,1,0,7,2,2,2,15,0,0,1,18,0,0,0,0,0,0,0,0,0,0,0,0,0,8,8,159900
2026-09-21T06:15:48.627Z,26197,2624786,156560,118265,100000000,400000000,2,1,0,7,2,2,2,15,0,0,1,18,0,0,0,0,0,0,0,0,0,0,0,0,0,8,8,156500
2026-09-21T06:15:48.722Z,26198,2624887,154308,136286,100000000,400000000,2,1,0,7,2,2,2,15,0,0,1,18,0,0,0,0,0,0,0,0,0,0,0,0,0,8,8,154300
2026-09-21T06:15:48.895Z,26199,2625036,152055,141918,100000000,400000000,2,1,0,7,2,2,2,15,0,0,1,18,0,0,0,0,0,0,0,0,0,0,0,0,0,8,8,152000
2026-09-21T06:15:48.975Z,26200,2625113,149802,127276,100000000,400000000,2,1,0,7,2,2,2,15,0,0,1,18,0,0,0,0,0,0,0,0,0,0,0,0,0,8,8,149800
2026-09-21T06:15:49.052Z,26201,2625191,146423,121644,100000000,400000000,2,1,1,8,2,2,2,15,0,0,1,18,0,0,0,0,0,0,0,1,0,0,0,0,0,8,8,146400
2026-09-21T06:15:49.146Z,26202,2625287,144171,147550,100000000,400000000,2,1,2,8,2,2,2,15,0,0,1,18,0,0,0,0,0,0,0,1,0,0,0,0,0,8,8,144100
2026-09-21T06:15:49.224Z,26203,2625387,144171,154308,100000000,400000000,2,2,3,0,2,2,2,15,0,0,1,18,0,0,0,0,0,0,0,1,0,0,0,0,0,8,8,144100
2026-09-21T06:15:49.383Z,26204,2625522,144171,140792,100000000,400000000,2,2,4,0,2,2,2,15,0,0,1,18,0,0,0,0,0,0,0,1,0,0,0,0,0,8,8,144100
2026-09-21T06:15:49.459Z,26205,2625600,144171,140792,100000000,400000000,2,2,5,0,2,2,2,15,0,0,1,18,0,0,0,0,0,0,0,1,0,0,0,0,0,8,8,144100
2026-09-21T06:15:49.553Z,26206,2625688,144171,139665,100000000,400000000,2,2,6,0,2,2,2,15,0,0,1,18,0,0,0,0,0,0,0,1,0,0,0,0,0,8,8,144100
2026-09-21T06:15:49.628Z,26207,2625788,143044,126149,100000000,400000000,2,2,7,0,2,2,2,15,0,0,1,18,0,0,0,0,0,0,0,1,0,0,0,0,0,8,8,143000
2026-09-21T06:15:49.723Z,26208,2625888,141918,136286,100000000,400000000,2,2,8,0,2,2,2,15,0,0,1,18,0,0,0,0,0,0,0,1,0,0,0,0,0,8,8,141900
2026-09-21T06:15:49.882Z,26209,2626022,140792,143044,100000000,400000000,2,2,9,0,2,2,2,15,0,0,1,18,0,0,0,0,0,0,0,1,0,0,0,0,0,8,8,140700
2026-09-21T06:15:49.958Z,26210,2626100,140792,144171,100000000,400000000,2,2,10,0,2,2,2,15,0,0,1,18,0,0,0,0,0,0,0,1,0,0,0,0,0,8,8,140700
2026-09-21T06:15:50.050Z,26211,2626189,140792,144171,100000000,400000000,2,2,11,0,2,2,2,15,0,0,1,18,0,0,0,0,0,0,0,1,0,0,0,0,0,8,8,140700
2026-09-21T06:15:50.141Z,26212,2626289,140792,129528,100000000,400000000,2,2,12,0,2,2,2,15,0,0,1,18,0,0,0,0,0,0,0,1,0,0,0,0,0,8,8,140700
2026-09-21T06:15:50.233Z,26213,2626389,139665,131781,100000000,400000000,2,2,13,0,2,2,2,15,0,0,1,18,0,0,0,0,0,0,0,1,0,0,0,0,0,8,8,139600
2026-09-21T06:15:50.327Z,26214,2626489,138539,152055,100000000,400000000,2,2,14,0,2,2,2,15,0,0,1,18,0,0,0,0,0,0,0,1,0,0,0,0,0,8,8,138500
2026-09-21T06:15:50.516Z,26215,2626639,137413,118265,100000000,400000000,2,2,15,0,2,2,2,15,0,0,1,18,0,0,0,0,0,0,0,1,0,0,0,0,0,8,8,137400
2026-09-21T06:15:50.612Z,26216,2626734,138539,144171,100000000,400000000,2,2,16,0,2,2,2,15,0,0,1,18,0,0,0,0,0,0,0,1,0,0,0,0,0,8,8,138500
2026-09-21T06:15:50.708Z,26217,2626829,139665,143044,100000000,400000000,2,2,17,0,2,2,2,15,0,0,1,18,0,0,0,0,0,0,0,1,0,0,0,0,0,8,8,139600
2026-09-21T06:15:50.786Z,26218,2626926,139665,140792,100000000,400000000,2,2,18,0,2,2,2,15,0,0,1,18,0,0,0,0,0,0,0,1,0,0,0,0,0,8,8,139600
2026-09-21T06:15:50.863Z,26219,2627004,139665,145297,100000000,400000000,2,2,19,0,2,2,2,15,0,0,1,18,0,0,0,0,0,0,0,1,0,0,0,0,0,8,8,139600
2026-09-21T06:15:50.955Z,26220,2627090,139665,136286,100000000,400000000,2,2,20,0,2,2,2,15,0,0,1,18,0,0,0,0,0,0,0,1,0,0,0,0,0,8,8,139600
2026-09-21T06:15:51.048Z,26221,2627190,140792,144171,100000000,400000000,2,2,21,0,2,2,2,15,0,0,1,18,0,0,0,0,0,0,0,1,0,0,0,0,0,8,8,140700
2026-09-21T06:15:51.139Z,26222,2627290,140792,146423,100000000,400000000,2,2,22,0,2,2,2,15,0,0,1,18,0,0,0,0,0,0,0,1,0,0,0,0,0,8,8,140700
2026-09-21T06:15:51.232Z,26223,2627391,141918,145297,100000000,400000000,2,2,23,0,2,2,2,15,0,0,1,18,0,0,0,0,0,0,0,1,0,0,0,0,0,8,8,141900
2026-09-21T06:15:51.328Z,26224,2627491,143044,146423,100000000,400000000,2,2,24,0,2,2,2,15,0,0,1,18,0,0,0,0,0,0,0,1,0,0,0,0,0,8,8,143000
2026-09-21T06:15:51.518Z,26225,2627641,143044,144171,100000000,400000000,2,2,25,0,2,2,2,15,0,0,1,18,0,0,0,0,0,0,0,1,0,0,0,0,0,8,8,143000
2026-09-21T06:15:51.614Z,26226,2627736,143044,156560,100000000,400000000,2,2,26,0,2,2,2,15,0,0,1,18,0,0,0,0,0,0,0,1,0,0,0,0,0,8,8,143000
2026-09-21T06:15:51.694Z,26227,2627831,144171,150929,100000000,400000000,2,2,27,0,2,2,2,15,0,0,1,18,0,0,0,0,0,0,0,1,0,0,0,0,0,8,8,144100
2026-09-21T06:15:51.769Z,26228,2627911,145297,144171,100000000,400000000,2,2,28,0,2,2,2,15,0,0,1,18,0,0,0,0,0,0,0,1,0,0,0,0,0,8,8,145200
2026-09-21T06:15:51.861Z,26229,2627992,146423,149802,100000000,400000000,2,2,29,0,2,2,2,15,0,0,1,18,0,0,0,0,0,0,0,1,0,0,0,0,0,8,8,146400
2026-09-21T06:15:51.952Z,26230,2628093,146423,141918,100000000,400000000,2,2,30,0,2,2,2,15,0,0,1,18,0,0,0,0,0,0,0,1,0,0,0,0,0,8,8,146400
2026-09-21T06:15:52.045Z,26231,2628193,146423,147550,100000000,400000000,2,2,31,0,2,2,2,15,0,0,1,18,0,0,0,0,0,0,0,1,0,0,0,0,0,8,8,146400
2026-09-21T06:15:52.136Z,26232,2628293,146423,163318,100000000,400000000,2,2,32,0,2,2,2,15,0,0,1,18,0,0,0,0,0,0,0,1,0,0,0,0,0,8,8,146400
2026-09-21T06:15:52.230Z,26233,2628393,146423,146423,100000000,400000000,2,2,33,0,2,2,2,15,0,0,1,18,0,0,0,0,0,0,0,1,0,0,0,0,0,8,8,146400
2026-09-21T06:15:52.421Z,26234,2628544,146423,126149,100000000,400000000,2,2,34,0,2,2,2,15,0,0,1,18,0,0,0,0,0,0,0,1,0,0,0,0,0,8,8,146400
2026-09-21T06:15:52.516Z,26235,2628639,144171,125023,100000000,400000000,2,2,35,0,2,2,2,15,0,0,1,18,0,0,0,0,0,0,0,1,0,0,0,0,0,8,8,144100
2026-09-21T06:15:52.612Z,26236,2628734,141918,126149,100000000,400000000,2,2,36,0,2,2,2,15,0,0,1,18,0,0,0,0,0,0,0,1,0,0,0,0,0,8,8,141900
2026-09-21T06:15:52.707Z,26237,2628829,139665,120518,100000000,400000000,2,2,37,0,2,2,2,15,0,0,1,18,0,0,0,0,0,0,0,1,0,0,0,0,0,8,8,139600
2026-09-21T06:15:52.789Z,26238,2628926,137413,147550,100000000,400000000,2,2,38,0,2,2,2,15,0,0,1,18,0,0,0,0,0,0,0,1,0,0,0,0,0,8,8,137400
2026-09-21T06:15:52.866Z,26239,2629007,138539,145297,100000000,400000000,2,2,39,0,2,2,2,15,0,0,1,18,0,0,0,0,0,0,0,1,0,0,0,0,0,8,8,138500
2026-09-21T06:15:52.957Z,26240,2629093,139665,139665,100000000,400000000,2,2,40,0,2,2,2,15,0,0,1,18,0,0,0,0,0,0,0,1,0,0,0,0,0,8,8,139600
2026-09-21T06:15:53.049Z,26241,2629194,139665,134034,100000000,400000000,2,2,41,0,2,2,2,15,0,0,1,18,0,0,0,0,0,0,0,1,0,0,0,0,0,8,8,139600
2026-09-21T06:15:53.140Z,26242,2629294,138539,122770,100000000,400000000,2,2,42,0,2,2,2,15,0,0,1,18,0,0,0,0,0,0,0,1,0,0,0,0,0,8,8,138500
2026-09-21T06:15:53.231Z,26243,2629394,137413,145297,100000000,400000000,2,2,43,0,2,2,2,15,0,0,1,18,0,0,0,0,0,0,0,1,0,0,0,0,0,8,8,137400
2026-09-21T06:15:53.421Z,26244,2629544,138539,159939,100000000,400000000,2,2,44,0,2,2,2,15,0,0,1,18,0,0,0,0,0,0,0,1,0,0,0,0,0,8,8,138500
2026-09-21T06:15:53.516Z,26245,2629639,139665,144171,100000000,400000000,2,2,45,0,2,2,2,15,0,0,1,18,0,0,0,0,0,0,0,1,0,0,0,0,0,8,8,139600
2026-09-21T06:15:53.612Z,26246,2629734,140792,149802,100000000,400000000,2,2,46,0,2,2,2,15,0,0,1,18,0,0,0,0,0,0,0,1,0,0,0,0,0,8,8,140700
2026-09-21T06:15:53.708Z,26247,2629829,140792,126149,100000000,400000000,2,2,47,0,2,2,2,15,0,0,1,18,0,0,0,0,0,0,0,1,0,0,0,0,0,8,8,140700
2026-09-21T06:15:53.786Z,26248,2629926,139665,134034,100000000,400000000,2,2,48,0,2,2,2,15,0,0,1,18,0,0,0,0,0,0,0,1,0,0,0,0,0,8,8,139600
2026-09-21T06:15:53.862Z,26249,2630005,137413,126149,100000000,400000000,2,2,49,0,2,2,2,15,0,0,1,18,0,0,0,0,0,0,0,1,0,0,0,0,0,8,8,137400
2026-09-21T06:15:53.954Z,26250,2630095,136286,126149,100000000,400000000,2,2,50,0,2,2,2,15,0,0,1,18,0,0,0,0,0,0,0,1,0,0,0,0,0,8,8,136200
2026-09-21T06:15:54.046Z,26251,2630195,135160,136286,100000000,400000000,2,2,51,0,2,2,2,15,0,0,1,18,0,0,0,0,0,0,0,1,0,0,0,0,0,8,8,135100
2026-09-21T06:15:54.138Z,26252,2630296,135160,149802,100000000,400000000,2,2,52,0,2,2,2,15,0,0,1,18,0,0,0,0,0,0,0,1,0,0,0,0,0,8,8,135100
2026-09-21T06:15:54.231Z,26253,2630396,137413,158813,100000000,400000000,2,2,53,0,2,2,2,15,0,0,1,18,0,0,0,0,0,0,0,1,0,0,0,0,0,8,8,137400
2026-09-21T06:15:54.422Z,26254,2630545,139665,166697,100000000,400000000,2,2,54,0,2,2,2,15,0,0,1,18,0,0,0,0,0,0,0,1,0,0,0,0,0,8,8,139600
2026-09-21T06:15:54.517Z,26255,2630640,141918,154308,100000000,400000000,2,2,55,0,2,2,2,15,0,0,1,18,0,0,0,0,0,0,0,1,0,0,0,0,0,8,8,141900
2026-09-21T06:15:54.613Z,26256,2630735,144171,161066,100000000,400000000,2,2,56,0,2,2,2,15,0,0,1,18,0,0,0,0,0,0,0,1,0,0,0,0,0,8,8,144100
2026-09-21T06:15:54.708Z,26257,2630830,146423,161066,100000000,400000000,2,2,57,0,2,2,2,15,0,0,1,18,0,0,0,0,0,0,0,1,0,0,0,0,0,8,8,146400
2026-09-21T06:15:54.786Z,26258,2630926,148676,155434,100000000,400000000,2,2,58,0,2,2,2,15,0,0,1,18,0,0,0,0,0,0,0,1,0,0,0,0,0,8,8,148600
2026-09-21T06:15:54.863Z,26259,2631005,149802,152055,100000000,400000000,2,2,59,0,2,2,2,15,0,0,1,18,0,0,0,0,0,0,0,1,0,0,0,0,0,8,8,149800
2026-09-21T06:15:54.941Z,26260,2631097,150929,166697,100000000,400000000,2,2,60,0,2,2,2,15,0,0,1,18,0,0,0,0,0,0,0,1,0,0,0,0,0,8,8,150900
2026-09-21T06:15:55.034Z,26261,2631197,152055,157687,100000000,400000000,2,2,61,0,2,2,2,15,0,0,1,18,0,0,0,0,0,0,0,1,0,0,0,0,0,8,8,152000
2026-09-21T06:15:55.209Z,26262,2631348,153181,155434,100000000,400000000,2,2,62,0,2,2,2,15,0,0,1,18,0,0,0,0,0,0,0,1,0,0,0,0,0,8,8,153100
2026-09-21T06:15:55.288Z,26263,2631427,153181,145297,100000000,400000000,2,2,63,0,2,2,2,15,0,0,1,18,0,0,0,0,0,0,0,1,0,0,0,0,0,8,8,153100
2026-09-21T06:15:55.366Z,26264,2631507,152055,130655,100000000,400000000,2,2,64,0,2,2,2,15,0,0,1,18,0,0,0,0,0,0,0,1,0,0,0,0,0,8,8,152000
2026-09-21T06:15:55.458Z,26265,2631598,149802,119391,100000000,400000000,2,2,65,0,2,2,2,15,0,0,1,18,0,0,0,0,0,0,0,1,0,0,0,0,0,8,8,149800
2026-09-21T06:15:55.535Z,26266,2631698,146423,117139,100000000,400000000,2,2,66,0,2,2,2,15,0,0,1,18,0,0,0,0,0,0,0,1,0,0,0,0,0,8,8,146400
2026-09-21T06:15:55.709Z,26267,2631848,143044,149802,100000000,400000000,2,2,67,0,2,2,2,15,0,0,1,18,0,0,0,0,0,0,0,1,0,0,0,0,0,8,8,143000
2026-09-21T06:15:55.789Z,26268,2631928,141918,134034,100000000,400000000,2,2,68,0,2,2,2,15,0,0,1,18,0,0,0,0,0,0,0,1,0,0,0,0,0,8,8,141900
2026-09-21T06:15:55.866Z,26269,2632008,140792,118265,100000000,400000000,2,2,69,0,2,2,2,15,0,0,1,18,0,0,0,0,0,0,0,1,0,0,0,0,0,8,8,140700
2026-09-21T06:15:55.958Z,26270,2632099,137413,113760,100000000,400000000,2,2,70,0,2,2,2,15,0,0,1,18,0,0,0,0,0,0,0,1,0,0,0,0,0,8,8,137400
2026-09-21T06:15:56.050Z,26271,2632199,135160,128402,100000000,400000000,2,2,71,0,2,2,2,15,0,0,1,18,0,0,0,0,0,0,0,1,0,0,0,0,0,8,8,135100
2026-09-21T06:15:56.142Z,26272,2632299,134034,149802,100000000,400000000,2,2,72,0,2,2,2,15,0,0,1,18,0,0,0,0,0,0,0,1,0,0,0,0,0,8,8,134000
2026-09-21T06:15:56.234Z,26273,2632399,132907,129528,100000000,400000000,2,2,73,0,2,2,2,15,0,0,1,18,0,0,0,0,0,0,0,1,0,0,0,0,0,8,8,132900
2026-09-21T06:15:56.425Z,26274,2632548,132907,134034,100000000,400000000,2,2,74,0,2,2,2,15,0,0,1,18,0,0,0,0,0,0,0,1,0,0,0,0,0,8,8,132900
2026-09-21T06:15:56.519Z,26275,2632643,132907,140792,100000000,400000000,2,2,75,0,2,2,2,15,0,0,1,18,0,0,0,0,0,0,0,1,0,0,0,0,0,8,8,132900
2026-09-21T06:15:56.614Z,26276,2632738,134034,150929,100000000,400000000,2,2,76,0,2,2,2,15,0,0,1,18,0,0,0,0,0,0,0,1,0,0,0,0,0,8,8,134000
2026-09-21T06:15:56.694Z,26277,2632832,135160,127276,100000000,400000000,2,2,77,0,2,2,2,15,0,0,1,18,0,0,0,0,0,0,0,1,0,0,0,0,0,8,8,135100
2026-09-21T06:15:56.769Z,26278,2632912,137413,149802,100000000,400000000,2,2,78,0,2,2,2,15,0,0,1,18,0,0,0,0,0,0,0,1,0,0,0,0,0,8,8,137400
2026-09-21T06:15:56.862Z,26279,2633000,137413,140792,100000000,400000000,2,2,79,0,2,2,2,15,0,0,1,18,0,0,0,0,0,0,0,1,0,0,0,0,0,8,8,137400
2026-09-21T06:15:56.953Z,26280,2633100,137413,137413,100000000,400000000,2,2,80,0,2,2,2,15,0,0,1,18,0,0,0,0,0,0,0,1,0,0,0,0,0,8,8,137400
2026-09-21T06:15:57.045Z,26281,2633200,137413,129528,100000000,400000000,2,2,81,0,2,2,2,15,0,0,1,18,0,0,0,0,0,0,0,1,0,0,0,0,0,8,8,137400
2026-09-21T06:15:57.137Z,26282,2633300,136286,117139,100000000,400000000,2,2,82,0,2,2,2,15,0,0,1,18,0,0,0,0,0,0,0,1,0,0,0,0,0,8,8,136200
2026-09-21T06:15:57.329Z,26283,2633451,135160,127276,100000000,400000000,2,2,83,0,2,2,2,15,0,0,1,18,0,0,0,0,0,0,0,1,0,0,0,0,0,8,8,135100
2026-09-21T06:15:57.424Z,26284,2633548,134034,141918,100000000,400000000,2,2,84,0,2,2,2,15,0,0,1,18,0,0,0,0,0,0,0,1,0,0,0,0,0,8,8,134000
2026-09-21T06:15:57.519Z,26285,2633642,135160,145297,100000000,400000000,2,2,85,0,2,2,2,15,0,0,1,18,0,0,0,0,0,0,0,1,0,0,0,0,0,8,8,135100
2026-09-21T06:15:57.614Z,26286,2633738,136286,137413,100000000,400000000,2,2,86,0,2,2,2,15,0,0,1,18,0,0,0,0,0,0,0,1,0,0,0,0,0,8,8,136200
2026-09-21T06:15:57.694Z,26287,2633832,136286,136286,100000000,400000000,2,2,87,0,2,2,2,15,0,0,1,18,0,0,0,0,0,0,0,1,0,0,0,0,0,8,8,136200
2026-09-21T06:15:57.768Z,26288,2633912,136286,129528,100000000,400000000,2,2,88,0,2,2,2,15,0,0,1,18,0,0,0,0,0,0,0,1,0,0,0,0,0,8,8,136200
2026-09-21T06:15:57.861Z,26289,2634002,136286,138539,100000000,400000000,2,2,89,0,2,2,2,15,0,0,1,18,0,0,0,0,0,0,0,1,0,0,0,0,0,8,8,136200
2026-09-21T06:15:57.952Z,26290,2634102,136286,146423,100000000,400000000,2,2,90,0,2,2,2,15,0,0,1,18,0,0,0,0,0,0,0,1,0,0,0,0,0,8,8,136200
2026-09-21T06:15:58.046Z,26291,2634202,136286,122770,100000000,400000000,2,2,91,0,2,2,2,15,0,0,1,18,0,0,0,0,0,0,0,1,0,0,0,0,0,8,8,136200
2026-09-21T06:15:58.138Z,26292,2634302,136286,135160,100000000,400000000,2,2,92,0,2,2,2,15,0,0,1,18,0,0,0,0,0,0,0,1,0,0,0,0,0,8,8,136200
2026-09-21T06:15:58.331Z,26293,2634452,136286,147550,100000000,400000000,2,2,93,0,2,2,2,15,0,0,1,18,0,0,0,0,0,0,0,1,0,0,0,0,0,8,8,136200
2026-09-21T06:15:58.427Z,26294,2634549,137413,141918,100000000,400000000,2,2,94,0,2,2,2,15,0,0,1,18,0,0,0,0,0,0,0,1,0,0,0,0,0,8,8,137400
2026-09-21T06:15:58.506Z,26295,2634646,138539,155434,100000000,400000000,2,2,95,0,2,2,2,15,0,0,1,18,0,0,0,0,0,0,0,1,0,0,0,0,0,8,8,138500
2026-09-21T06:15:58.585Z,26296,2634724,139665,148676,100000000,400000000,2,2,96,0,2,2,2,15,0,0,1,18,0,0,0,0,0,0,0,1,0,0,0,0,0,8,8,139600
2026-09-21T06:15:58.660Z,26297,2634803,140792,127276,100000000,400000000,2,2,97,0,2,2,2,15,0,0,1,18,0,0,0,0,0,0,0,1,0,0,0,0,0,8,8,140700
2026-09-21T06:15:58.740Z,26298,2634903,138539,126149,100000000,400000000,2,2,98,0,2,2,2,15,0,0,1,18,0,0,0,0,0,0,0,1,0,0,0,0,0,8,8,138500
2026-09-21T06:15:58.897Z,26299,2635038,137413,137413,100000000,400000000,2,2,99,0,2,2,2,15,0,0,1,18,0,0,0,0,0,0,0,1,0,0,0,0,0,8,8,137400
2026-09-21T06:15:58.973Z,26300,2635115,137413,138539,100000000,400000000,2,2,100,0,2,2,2,15,0,0,1,18,0,0,0,0,0,0,0,1,0,0,0,0,0,8,8,137400
2026-09-21T06:15:59.066Z,26301,2635204,137413,152055,100000000,400000000,2,2,101,0,2,2,2,15,0,0,1,18,0,0,0,0,0,0,0,1,0,0,0,0,0,8,8,137400
2026-09-21T06:15:59.158Z,26302,2635304,139665,162192,100000000,400000000,2,2,102,0,2,2,2,15,0,0,1,18,0,0,0,0,0,0,0,1,0,0,0,0,0,8,8,139600
2026-09-21T06:15:59.250Z,26303,2635404,140792,150929,100000000,400000000,2,2,103,0,2,2,2,15,0,0,1,18,0,0,0,0,0,0,0,1,0,0,0,0,0,8,8,140700
2026-09-21T06:15:59.341Z,26304,2635504,141918,153181,100000000,400000000,2,2,104,0,2,2,2,15,0,0,1,18,0,0,0,0,0,0,0,1,0,0,0,0,0,8,8,141900
2026-09-21T06:15:59.532Z,26305,2635655,143044,143044,100000000,400000000,2,2,105,0,2,2,2,15,0,0,1,18,0,0,0,0,0,0,0,1,0,0,0,0,0,8,8,143000
2026-09-21T06:15:59.627Z,26306,2635749,143044,134034,100000000,400000000,2,2,106,0,2,2,2,15,0,0,1,18,0,0,0,0,0,0,0,1,0,0,0,0,0,8,8,143000
2026-09-21T06:15:59.722Z,26307,2635846,141918,126149,100000000,400000000,2,2,107,0,2,2,2,15,0,0,1,18,0,0,0,0,0,0,0,1,0,0,0,0,0,8,8,141900
2026-09-21T06:15:59.817Z,26308,2635940,140792,147550,100000000,400000000,2,2,108,0,2,2,2,15,0,0,1,18,0,0,0,0,0,0,0,1,0,0,0,0,0,8,8,140700
2026-09-21T06:15:59.894Z,26309,2636036,139665,135160,100000000,400000000,2,2,109,0,2,2,2,15,0,0,1,18,0,0,0,0,0,0,0,1,0,0,0,0,0,8,8,139600
2026-09-21T06:15:59.989Z,26310,2636113,138539,128402,100000000,400000000,2,2,110,0,2,2,2,15,0,0,1,18,0,0,0,0,0,0,0,1,0,0,0,0,0,8,8,138500
2026-09-21T06:16:00.065Z,26311,2636208,138539,139665,100000000,400000000,2,2,111,0,2,2,2,15,0,0,1,18,0,0,0,0,0,0,0,1,0,0,0,0,0,8,8,138500
2026-09-21T06:16:00.156Z,26312,2636305,137413,132907,100000000,400000000,2,2,112,0,2,2,2,15,0,0,1,18,0,0,0,0,0,0,0,1,0,0,0,0,0,8,8,137400
2026-09-21T06:16:00.247Z,26313,2636405,136286,132907,100000000,400000000,2,2,113,0,2,2,2,15,0,0,1,18,0,0,0,0,0,0,0,1,0,0,0,0,0,8,8,136200
2026-09-21T06:16:00.341Z,26314,2636505,136286,146423,100000000,400000000,2,2,114,0,2,2,2,15,0,0,1,18,0,0,0,0,0,0,0,1,0,0,0,0,0,8,8,136200
2026-09-21T06:16:00.531Z,26315,2636655,136286,134034,100000000,400000000,2,2,115,0,2,2,2,15,0,0,1,18,0,0,0,0,0,0,0,1,0,0,0,0,0,8,8,136200
2026-09-21T06:16:00.627Z,26316,2636749,136286,136286,100000000,400000000,2,2,116,0,2,2,2,15,0,0,1,18,0,0,0,0,0,0,0,1,0,0,0,0,0,8,8,136200
2026-09-21T06:16:00.722Z,26317,2636846,136286,129528,100000000,400000000,2,2,117,0,2,2,2,15,0,0,1,18,0,0,0,0,0,0,0,1,0,0,0,0,0,8,8,136200
2026-09-21T06:16:00.818Z,26318,2636940,136286,140792,100000000,400000000,2,2,118,0,2,2,2,15,0,0,1,18,0,0,0,0,0,0,0,1,0,0,0,0,0,8,8,136200
2026-09-21T06:16:00.895Z,26319,2637036,136286,137413,100000000,400000000,2,2,119,0,2,2,2,15,0,0,1,18,0,0,0,0,0,0,0,1,0,0,0,0,0,8,8,136200
2026-09-21T06:16:00.989Z,26320,2637114,136286,132907,100000000,400000000,2,2,120,0,2,2,2,15,0,0,1,18,0,0,0,0,0,0,0,1,0,0,0,0,0,8,8,136200
2026-09-21T06:16:01.065Z,26321,2637208,136286,144171,100000000,400000000,2,2,121,0,2,2,2,15,0,0,1,18,0,0,0,0,0,0,0,1,0,0,0,0,0,8,8,136200
2026-09-21T06:16:01.157Z,26322,2637307,136286,131781,100000000,400000000,2,2,122,0,2,2,2,15,0,0,1,18,0,0,0,0,0,0,0,1,0,0,0,0,0,8,8,136200
2026-09-21T06:16:01.251Z,26323,2637407,135160,126149,100000000,400000000,2,2,123,0,2,2,2,15,0,0,1,18,0,0,0,0,0,0,0,1,0,0,0,0,0,8,8,135100
2026-09-21T06:16:01.344Z,26324,2637507,134034,123897,100000000,400000000,2,2,124,0,2,2,2,15,0,0,1,18,0,0,0,0,0,0,0,1,0,0,0,0,0,8,8,134000
2026-09-21T06:16:01.534Z,26325,2637658,132907,120518,100000000,400000000,2,2,125,0,2,2,2,15,0,0,1,18,0,0,0,0,0,0,0,1,0,0,0,0,0,8,8,132900
2026-09-21T06:16:01.629Z,26326,2637753,131781,139665,100000000,400000000,2,2,126,0,2,2,2,15,0,0,1,18,0,0,0,0,0,0,0,1,0,0,0,0,0,8,8,131700
2026-09-21T06:16:01.709Z,26327,2637848,132907,154308,100000000,400000000,2,2,127,0,2,2,2,15,0,0,1,18,0,0,0,0,0,0,0,1,0,0,0,0,0,8,8,132900
2026-09-21T06:16:01.785Z,26328,2637928,135160,149802,100000000,400000000,2,2,128,0,2,2,2,15,0,0,1,18,0,0,0,0,0,0,0,1,0,0,0,0,0,8,8,135100
2026-09-21T06:16:01.862Z,26329,2638008,137413,121644,100000000,400000000,2,2,129,0,2,2,2,15,0,0,1,18,0,0,0,0,0,0,0,1,0,0,0,0,0,8,8,137400
2026-09-21T06:16:01.955Z,26330,2638108,137413,137413,100000000,400000000,2,2,130,0,2,2,2,15,0,0,1,18,0,0,0,0,0,0,0,1,0,0,0,0,0,8,8,137400
2026-09-21T06:16:02.047Z,26331,2638208,137413,161066,100000000,400000000,2,2,131,0,2,2,2,15,0,0,1,18,0,0,0,0,0,0,0,1,0,0,0,0,0,8,8,137400
2026-09-21T06:16:02.236Z,26332,2638360,138539,149802,100000000,400000000,2,2,132,0,2,2,2,15,0,0,1,18,0,0,0,0,0,0,0,1,0,0,0,0,0,8,8,138500
2026-09-21T06:16:02.333Z,26333,2638455,139665,136286,100000000,400000000,2,2,133,0,2,2,2,15,0,0,1,18,0,0,0,0,0,0,0,1,0,0,0,0,0,8,8,139600
2026-09-21T06:16:02.414Z,26334,2638551,139665,143044,100000000,400000000,2,2,134,0,2,2,2,15,0,0,1,18,0,0,0,0,0,0,0,1,0,0,0,0,0,8,8,139600
2026-09-21T06:16:02.494Z,26335,2638631,139665,148676,100000000,400000000,2,2,135,0,2,2,2,15,0,0,1,18,0,0,0,0,0,0,0,1,0,0,0,0,0,8,8,139600
2026-09-21T06:16:02.586Z,26336,2638713,140792,148676,100000000,400000000,2,2,136,0,2,2,2,15,0,0,1,18,0,0,0,0,0,0,0,1,0,0,0,0,0,8,8,140700
2026-09-21T06:16:02.678Z,26337,2638809,141918,145297,100000000,400000000,2,2,137,0,2,2,2,15,0,0,1,18,0,0,0,0,0,0,0,1,0,0,0,0,0,8,8,141900
2026-09-21T06:16:02.772Z,26338,2638909,141918,140792,100000000,400000000,2,2,138,0,2,2,2,15,0,0,1,18,0,0,0,0,0,0,0,1,0,0,0,0,0,8,8,141900
2026-09-21T06:16:02.847Z,26339,2639009,141918,146423,100000000,400000000,2,2,139,0,2,2,2,15,0,0,1,18,0,0,0,0,0,0,0,1,0,0,0,0,0,8,8,141900
2026-09-21T06:16:03.036Z,26340,2639161,143044,159939,100000000,400000000,2,2,140,0,2,2,2,15,0,0,1,18,0,0,0,0,0,0,0,1,0,0,0,0,0,8,8,143000
2026-09-21T06:16:03.116Z,26341,2639255,144171,152055,100000000,400000000,2,2,141,0,2,2,2,15,0,0,1,18,0,0,0,0,0,0,0,1,0,0,0,0,0,8,8,144100
2026-09-21T06:16:03.194Z,26342,2639335,145297,139665,100000000,400000000,2,2,142,0,2,2,2,15,0,0,1,18,0,0,0,0,0,0,0,1,0,0,0,0,0,8,8,145200
2026-09-21T06:16:03.269Z,26343,2639413,144171,129528,100000000,400000000,2,2,143,0,2,2,2,15,0,0,1,18,0,0,0,0,0,0,0,1,0,0,0,0,0,8,8,144100
2026-09-21T06:16:03.360Z,26344,2639510,143044,144171,100000000,400000000,2,2,144,0,2,2,2,15,0,0,1,18,0,0,0,0,0,0,0,1,0,0,0,0,0,8,8,143000
2026-09-21T06:16:03.452Z,26345,2639610,143044,146423,100000000,400000000,2,2,145,0,2,2,2,15,0,0,1,18,0,0,0,0,0,0,0,1,0,0,0,0,0,8,8,143000
2026-09-21T06:16:03.546Z,26346,2639711,143044,132907,100000000,400000000,2,2,146,0,2,2,2,15,0,0,1,18,0,0,0,0,0,0,0,1,0,0,0,0,0,8,8,143000
2026-09-21T06:16:03.736Z,26347,2639860,141918,118265,100000000,400000000,2,2,147,0,2,2,2,15,0,0,1,18,0,0,0,0,0,0,0,1,0,0,0,0,0,8,8,141900
2026-09-21T06:16:03.832Z,26348,2639955,140792,143044,100000000,400000000,2,2,148,0,2,2,2,15,0,0,1,18,0,0,0,0,0,0,0,1,0,0,0,0,0,8,8,140700
2026-09-21T06:16:03.912Z,26349,2640050,140792,143044,100000000,400000000,2,2,149,0,2,2,2,15,0,0,1,18,0,0,0,0,0,0,0,1,0,0,0,0,0,8,8,140700
2026-09-21T06:16:03.993Z,26350,2640130,140792,138539,100000000,400000000,2,2,150,0,2,2,2,15,0,0,1,18,0,0,0,0,0,0,0,1,0,0,0,0,0,8,8,140700
2026-09-21T06:16:04.068Z,26351,2640211,140792,137413,100000000,400000000,2,2,151,0,2,2,2,15,0,0,1,18,0,0,0,0,0,0,0,1,0,0,0,0,0,8,8,140700
2026-09-21T06:16:04.160Z,26352,2640312,140792,136286,100000000,400000000,2,2,152,0,2,2,2,15,0,0,1,18,0,0,0,0,0,0,0,1,0,0,0,0,0,8,8,140700
2026-09-21T06:16:04.321Z,26353,2640460,140792,140792,100000000,400000000,2,2,153,0,2,2,2,15,0,0,1,18,0,0,0,0,0,0,0,1,0,0,0,0,0,8,8,140700
2026-09-21T06:16:04.399Z,26354,2640540,139665,136286,100000000,400000000,2,2,154,0,2,2,2,15,0,0,1,18,0,0,0,0,0,0,0,1,0,0,0,0,0,8,8,139600
2026-09-21T06:16:04.494Z,26355,2640618,139665,137413,100000000,400000000,2,2,155,0,2,2,2,15,0,0,1,18,0,0,0,0,0,0,0,1,0,0,0,0,0,8,8,139600
2026-09-21T06:16:04.586Z,26356,2640713,139665,150929,100000000,400000000,2,2,156,0,2,2,2,15,0,0,1,18,0,0,0,0,0,0,0,1,0,0,0,0,0,8,8,139600
2026-09-21T06:16:04.677Z,26357,2640813,139665,136286,100000000,400000000,2,2,157,0,2,2,2,15,0,0,1,18,0,0,0,0,0,0,0,1,0,0,0,0,0,8,8,139600
2026-09-21T06:16:04.770Z,26358,2640913,140792,148676,100000000,400000000,2,2,158,0,2,2,2,15,0,0,1,18,0,0,0,0,0,0,0,1,0,0,0,0,0,8,8,140700
2026-09-21T06:16:04.848Z,26359,2641014,141918,149802,100000000,400000000,2,2,159,0,2,2,2,15,0,0,1,18,0,0,0,0,0,0,0,1,0,0,0,0,0,8,8,141900
2026-09-21T06:16:05.008Z,26360,2641148,143044,140792,100000000,400000000,2,2,160,0,2,2,2,15,0,0,1,18,0,0,0,0,0,0,0,1,0,0,0,0,0,8,8,143000
2026-09-21T06:16:05.084Z,26361,2641227,144171,154308,100000000,400000000,2,2,161,0,2,2,2,15,0,0,1,18,0,0,0,0,0,0,0,1,0,0,0,0,0,8,8,144100
2026-09-21T06:16:05.175Z,26362,2641313,144171,147550,100000000,400000000,2,2,162,0,2,2,2,15,0,0,1,18,0,0,0,0,0,0,0,1,0,0,0,0,0,8,8,144100
2026-09-21T06:16:05.266Z,26363,2641413,144171,141918,100000000,400000000,2,2,163,0,2,2,2,15,0,0,1,18,0,0,0,0,0,0,0,1,0,0,0,0,0,8,8,144100
2026-09-21T06:16:05.358Z,26364,2641514,144171,152055,100000000,400000000,2,2,164,0,2,2,2,15,0,0,1,18,0,0,0,0,0,0,0,1,0,0,0,0,0,8,8,144100
2026-09-21T06:16:05.451Z,26365,2641614,144171,145297,100000000,400000000,2,2,165,0,2,2,2,15,0,0,1,18,0,0,0,0,0,0,0,1,0,0,0,0,0,8,8,144100
2026-09-21T06:16:05.641Z,26366,2641765,144171,140792,100000000,400000000,2,2,166,0,2,2,2,15,0,0,1,18,0,0,0,0,0,0,0,1,0,0,0,0,0,8,8,144100
2026-09-21T06:16:05.735Z,26367,2641859,144171,144171,100000000,400000000,2,2,167,0,2,2,2,15,0,0,1,18,0,0,0,0,0,0,0,1,0,0,0,0,0,8,8,144100
2026-09-21T06:16:05.832Z,26368,2641955,144171,153181,100000000,400000000,2,2,168,0,2,2,2,15,0,0,1,18,0,0,0,0,0,0,0,1,0,0,0,0,0,8,8,144100
2026-09-21T06:16:05.927Z,26369,2642050,144171,147550,100000000,400000000,2,2,169,0,2,2,2,15,0,0,1,18,0,0,0,0,0,0,0,1,0,0,0,0,0,8,8,144100
2026-09-21T06:16:06.007Z,26370,2642146,144171,145297,100000000,400000000,2,2,170,0,2,2,2,15,0,0,1,18,0,0,0,0,0,0,0,1,0,0,0,0,0,8,8,144100
2026-09-21T06:16:06.083Z,26371,2642226,144171,131781,100000000,400000000,2,2,171,0,2,2,2,15,0,0,1,18,0,0,0,0,0,0,0,1,0,0,0,0,0,8,8,144100
2026-09-21T06:16:06.160Z,26372,2642315,143044,129528,100000000,400000000,2,2,172,0,2,2,2,15,0,0,1,18,0,0,0,0,0,0,0,1,0,0,0,0,0,8,8,143000
2026-09-21T06:16:06.251Z,26373,2642415,140792,118265,100000000,400000000,2,2,173,0,2,2,2,15,0,0,1,18,0,0,0,0,0,0,0,1,0,0,0,0,0,8,8,140700
2026-09-21T06:16:06.440Z,26374,2642565,139665,132907,100000000,400000000,2,2,174,0,2,2,2,15,0,0,1,18,0,0,0,0,0,0,0,1,0,0,0,0,0,8,8,139600
2026-09-21T06:16:06.535Z,26375,2642659,138539,154308,100000000,400000000,2,2,175,0,2,2,2,15,0,0,1,18,0,0,0,0,0,0,0,1,0,0,0,0,0,8,8,138500
2026-09-21T06:16:06.631Z,26376,2642754,139665,145297,100000000,400000000,2,2,176,0,2,2,2,15,0,0,1,18,0,0,0,0,0,0,0,1,0,0,0,0,0,8,8,139600
2026-09-21T06:16:06.711Z,26377,2642849,140792,130655,100000000,400000000,2,2,177,0,2,2,2,15,0,0,1,18,0,0,0,0,0,0,0,1,0,0,0,0,0,8,8,140700
2026-09-21T06:16:06.787Z,26378,2642929,139665,134034,100000000,400000000,2,2,178,0,2,2,2,15,0,0,1,18,0,0,0,0,0,0,0,1,0,0,0,0,0,8,8,139600
2026-09-21T06:16:06.879Z,26379,2643016,138539,125023,100000000,400000000,2,2,179,0,2,2,2,15,0,0,1,18,0,0,0,0,0,0,0,1,0,0,0,0,0,8,8,138500
2026-09-21T06:16:06.955Z,26380,2643116,137413,145297,100000000,400000000,2,2,180,0,2,2,2,15,0,0,1,18,0,0,0,0,0,0,0,1,0,0,0,0,0,8,8,137400
2026-09-21T06:16:07.050Z,26381,2643216,138539,156560,100000000,400000000,2,2,181,0,2,2,2,15,0,0,1,18,0,0,0,0,0,0,0,1,0,0,0,0,0,8,8,138500
2026-09-21T06:16:07.240Z,26382,2643364,139665,140792,100000000,400000000,2,2,182,0,2,2,2,15,0,0,1,18,0,0,0,0,0,0,0,1,0,0,0,0,0,8,8,139600
2026-09-21T06:16:07.319Z,26383,2643459,141918,158813,100000000,400000000,2,2,183,0,2,2,2,15,0,0,1,18,0,0,0,0,0,0,0,1,0,0,0,0,0,8,8,141900
2026-09-21T06:16:07.394Z,26384,2643539,143044,148676,100000000,400000000,2,2,184,0,2,2,2,15,0,0,1,18,0,0,0,0,0,0,0,1,0,0,0,0,0,8,8,143000
2026-09-21T06:16:07.486Z,26385,2643617,144171,138539,100000000,400000000,2,2,185,0,2,2,2,15,0,0,1,18,0,0,0,0,0,0,0,1,0,0,0,0,0,8,8,144100
2026-09-21T06:16:07.578Z,26386,2643717,145297,166697,100000000,400000000,2,2,186,0,2,2,2,15,0,0,1,18,0,0,0,0,0,0,0,1,0,0,0,0,0,8,8,145200
2026-09-21T06:16:07.671Z,26387,2643817,145297,147550,100000000,400000000,2,2,187,0,2,2,2,15,0,0,1,18,0,0,0,0,0,0,0,1,0,0,0,0,0,8,8,145200
2026-09-21T06:16:07.763Z,26388,2643917,145297,132907,100000000,400000000,2,2,188,0,2,2,2,15,0,0,1,18,0,0,0,0,0,0,0,1,0,0,0,0,0,8,8,145200
2026-09-21T06:16:07.856Z,26389,2644018,144171,132907,100000000,400000000,2,2,189,0,2,2,2,15,0,0,1,18,0,0,0,0,0,0,0,1,0,0,0,0,0,8,8,144100
2026-09-21T06:16:08.047Z,26390,2644170,143044,143044,100000000,400000000,2,2,190,0,2,2,2,15,0,0,1,18,0,0,0,0,0,0,0,1,0,0,0,0,0,8,8,143000
2026-09-21T06:16:08.142Z,26391,2644267,143044,148676,100000000,400000000,2,2,191,0,2,2,2,15,0,0,1,18,0,0,0,0,0,0,0,1,0,0,0,0,0,8,8,143000
2026-09-21T06:16:08.237Z,26392,2644361,143044,125023,100000000,400000000,2,2,192,0,2,2,2,15,0,0,1,18,0,0,0,0,0,0,0,1,0,0,0,0,0,8,8,143000
2026-09-21T06:16:08.332Z,26393,2644456,143044,143044,100000000,400000000,2,2,193,0,2,2,2,15,0,0,1,18,0,0,0,0,0,0,0,1,0,0,0,0,0,8,8,143000
2026-09-21T06:16:08.413Z,26394,2644551,141918,137413,100000000,400000000,2,2,194,0,2,2,2,15,0,0,1,18,0,0,0,0,0,0,0,1,0,0,0,0,0,8,8,141900
2026-09-21T06:16:08.491Z,26395,2644631,140792,126149,100000000,400000000,2,2,195,0,2,2,2,15,0,0,1,18,0,0,0,0,0,0,0,1,0,0,0,0,0,8,8,140700
2026-09-21T06:16:08.583Z,26396,2644719,140792,144171,100000000,400000000,2,2,196,0,2,2,2,15,0,0,1,18,0,0,0,0,0,0,0,1,0,0,0,0,0,8,8,140700
2026-09-21T06:16:08.660Z,26397,2644819,140792,150929,100000000,400000000,2,2,197,0,2,2,2,15,0,0,1,18,0,0,0,0,0,0,0,1,0,0,0,0,0,8,8,140700
2026-09-21T06:16:08.820Z,26398,2644960,141918,148676,100000000,400000000,2,2,198,0,2,2,2,15,0,0,1,18,0,0,0,0,0,0,0,1,0,0,0,0,0,8,8,141900
2026-09-21T06:16:08.894Z,26399,2645039,143044,131781,100000000,400000000,2,2,199,0,2,2,2,15,0,0,1,18,0,0,0,0,0,0,0,1,0,0,0,0,0,8,8,143000
2026-09-21T06:16:08.986Z,26400,2645119,144171,152055,100000000,400000000,2,2,200,0,2,2,2,15,0,0,1,18,0,0,0,0,0,0,0,1,0,0,0,0,0,8,8,144100
2026-09-21T06:16:09.078Z,26401,2645220,145297,164445,100000000,400000000,2,2,201,0,2,2,2,15,0,0,1,18,0,0,0,0,0,0,0,1,0,0,0,0,0,8,8,145200
2026-09-21T06:16:09.171Z,26402,2645320,147550,172329,100000000,400000000,2,2,202,0,2,2,2,15,0,0,1,18,0,0,0,0,0,0,0,1,0,0,0,0,0,8,8,147500
2026-09-21T06:16:09.264Z,26403,2645420,149802,149802,100000000,400000000,2,2,203,0,2,2,2,15,0,0,1,18,0,0,0,0,0,0,0,1,0,0,0,0,0,8,8,149800
2026-09-21T06:16:09.355Z,26404,2645520,149802,135160,100000000,400000000,2,2,204,0,2,2,2,15,0,0,1,18,0,0,0,0,0,0,0,1,0,0,0,0,0,8,8,149800
2026-09-21T06:16:09.547Z,26405,2645670,147550,131781,100000000,400000000,2,2,205,0,2,2,2,15,0,0,1,18,0,0,0,0,0,0,0,1,0,0,0,0,0,8,8,147500
2026-09-21T06:16:09.641Z,26406,2645766,145297,121644,100000000,400000000,2,2,206,0,2,2,2,15,0,0,1,18,0,0,0,0,0,0,0,1,0,0,0,0,0,8,8,145200
2026-09-21T06:16:09.737Z,26407,2645861,143044,137413,100000000,400000000,2,2,207,0,2,2,2,15,0,0,1,18,0,0,0,0,0,0,0,1,0,0,0,0,0,8,8,143000
2026-09-21T06:16:09.834Z,26408,2645956,141918,147550,100000000,400000000,2,2,208,0,2,2,2,15,0,0,1,18,0,0,0,0,0,0,0,1,0,0,0,0,0,8,8,141900
2026-09-21T06:16:09.914Z,26409,2646053,140792,129528,100000000,400000000,2,2,209,0,2,2,2,15,0,0,1,18,0,0,0,0,0,0,0,1,0,0,0,0,0,8,8,140700
2026-09-21T06:16:09.991Z,26410,2646133,139665,119391,100000000,400000000,2,2,210,0,2,2,2,15,0,0,1,18,0,0,0,0,0,0,0,1,0,0,0,0,0,8,8,139600
2026-09-21T06:16:10.083Z,26411,2646221,138539,129528,100000000,400000000,2,2,211,0,2,2,2,15,0,0,1,18,0,0,0,0,0,0,0,1,0,0,0,0,0,8,8,138500
2026-09-21T06:16:10.159Z,26412,2646321,137413,149802,100000000,400000000,2,2,212,0,2,2,2,15,0,0,1,18,0,0,0,0,0,0,0,1,0,0,0,0,0,8,8,137400
2026-09-21T06:16:10.350Z,26413,2646474,138539,155434,100000000,400000000,2,2,213,0,2,2,2,15,0,0,1,18,0,0,0,0,0,0,0,1,0,0,0,0,0,8,8,138500
2026-09-21T06:16:10.431Z,26414,2646569,139665,149802,100000000,400000000,2,2,214,0,2,2,2,15,0,0,1,18,0,0,0,0,0,0,0,1,0,0,0,0,0,8,8,139600
2026-09-21T06:16:10.512Z,26415,2646649,140792,129528,100000000,400000000,2,2,215,0,2,2,2,15,0,0,1,18,0,0,0,0,0,0,0,1,0,0,0,0,0,8,8,140700
2026-09-21T06:16:10.608Z,26416,2646730,141918,150929,100000000,400000000,2,2,216,0,2,2,2,15,0,0,1,18,0,0,0,0,0,0,0,1,0,0,0,0,0,8,8,141900
2026-09-21T06:16:10.703Z,26417,2646827,141918,139665,100000000,400000000,2,2,217,0,2,2,2,15,0,0,1,18,0,0,0,0,0,0,0,1,0,0,0,0,0,8,8,141900
2026-09-21T06:16:10.795Z,26418,2646922,143044,148676,100000000,400000000,2,2,218,0,2,2,2,15,0,0,1,18,0,0,0,0,0,0,0,1,0,0,0,0,0,8,8,143000
2026-09-21T06:16:10.887Z,26419,2647023,143044,144171,100000000,400000000,2,2,219,0,2,2,2,15,0,0,1,18,0,0,0,0,0,0,0,1,0,0,0,0,0,8,8,143000
2026-09-21T06:16:10.980Z,26420,2647123,143044,136286,100000000,400000000,2,2,220,0,2,2,2,15,0,0,1,18,0,0,0,0,0,0,0,1,0,0,0,0,0,8,8,143000
2026-09-21T06:16:11.072Z,26421,2647223,141918,136286,100000000,400000000,2,2,221,0,2,2,2,15,0,0,1,18,0,0,0,0,0,0,0,1,0,0,0,0,0,8,8,141900
2026-09-21T06:16:11.166Z,26422,2647323,140792,131781,100000000,400000000,2,2,222,0,2,2,2,15,0,0,1,18,0,0,0,0,0,0,0,1,0,0,0,0,0,8,8,140700
2026-09-21T06:16:11.258Z,26423,2647423,139665,128402,100000000,400000000,2,2,223,0,2,2,2,15,0,0,1,18,0,0,0,0,0,0,0,1,0,0,0,0,0,8,8,139600
2026-09-21T06:16:11.450Z,26424,2647573,138539,129528,100000000,400000000,2,2,224,0,2,2,2,15,0,0,1,18,0,0,0,0,0,0,0,1,0,0,0,0,0,8,8,138500
2026-09-21T06:16:11.547Z,26425,2647669,137413,118265,100000000,400000000,2,2,225,0,2,2,2,15,0,0,1,18,0,0,0,0,0,0,0,1,0,0,0,0,0,8,8,137400
2026-09-21T06:16:11.642Z,26426,2647766,136286,138539,100000000,400000000,2,2,226,0,2,2,2,15,0,0,1,18,0,0,0,0,0,0,0,1,0,0,0,0,0,8,8,136200
2026-09-21T06:16:11.737Z,26427,2647862,136286,148676,100000000,400000000,2,2,227,0,2,2,2,15,0,0,1,18,0,0,0,0,0,0,0,1,0,0,0,0,0,8,8,136200
2026-09-21T06:16:11.835Z,26428,2647957,137413,147550,100000000,400000000,2,2,228,0,2,2,2,15,0,0,1,18,0,0,0,0,0,0,0,1,0,0,0,0,0,8,8,137400
2026-09-21T06:16:11.914Z,26429,2648053,138539,137413,100000000,400000000,2,2,229,0,2,2,2,15,0,0,1,18,0,0,0,0,0,0,0,1,0,0,0,0,0,8,8,138500
2026-09-21T06:16:11.990Z,26430,2648134,138539,136286,100000000,400000000,2,2,230,0,2,2,2,15,0,0,1,18,0,0,0,0,0,0,0,1,0,0,0,0,0,8,8,138500
2026-09-21T06:16:12.083Z,26431,2648224,138539,152055,100000000,400000000,2,2,231,0,2,2,2,15,0,0,1,18,0,0,0,0,0,0,0,1,0,0,0,0,0,8,8,138500
2026-09-21T06:16:12.160Z,26432,2648325,140792,156560,100000000,400000000,2,2,232,0,2,2,2,15,0,0,1,18,0,0,0,0,0,0,0,1,0,0,0,0,0,8,8,140700
2026-09-21T06:16:12.319Z,26433,2648460,141918,152055,100000000,400000000,2,2,233,0,2,2,2,15,0,0,1,18,0,0,0,0,0,0,0,1,0,0,0,0,0,8,8,141900
2026-09-21T06:16:12.394Z,26434,2648539,143044,154308,100000000,400000000,2,2,234,0,2,2,2,15,0,0,1,18,0,0,0,0,0,0,0,1,0,0,0,0,0,8,8,143000
2026-09-21T06:16:12.486Z,26435,2648625,144171,154308,100000000,400000000,2,2,235,0,2,2,2,15,0,0,1,18,0,0,0,0,0,0,0,1,0,0,0,0,0,8,8,144100
2026-09-21T06:16:12.578Z,26436,2648725,145297,136286,100000000,400000000,2,2,236,0,2,2,2,15,0,0,1,18,0,0,0,0,0,0,0,1,0,0,0,0,0,8,8,145200
2026-09-21T06:16:12.670Z,26437,2648825,144171,129528,100000000,400000000,2,2,237,0,2,2,2,15,0,0,1,18,0,0,0,0,0,0,0,1,0,0,0,0,0,8,8,144100
2026-09-21T06:16:12.763Z,26438,2648926,143044,147550,100000000,400000000,2,2,238,0,2,2,2,15,0,0,1,18,0,0,0,0,0,0,0,1,0,0,0,0,0,8,8,143000
2026-09-21T06:16:12.954Z,26439,2649078,144171,163318,100000000,400000000,2,2,239,0,2,2,2,15,0,0,1,18,0,0,0,0,0,0,0,1,0,0,0,0,0,8,8,144100
2026-09-21T06:16:13.049Z,26440,2649173,145297,153181,100000000,400000000,2,2,240,0,2,2,2,15,0,0,1,18,0,0,0,0,0,0,0,1,0,0,0,0,0,8,8,145200
2026-09-21T06:16:13.144Z,26441,2649268,147550,158813,100000000,400000000,2,2,241,0,2,2,2,15,0,0,1,18,0,0,0,0,0,0,0,1,0,0,0,0,0,8,8,147500
2026-09-21T06:16:13.239Z,26442,2649364,148676,164445,100000000,400000000,2,2,242,0,2,2,2,15,0,0,1,18,0,0,0,0,0,0,0,1,0,0,0,0,0,8,8,148600
2026-09-21T06:16:13.318Z,26443,2649459,149802,145297,100000000,400000000,2,2,243,0,2,2,2,15,0,0,1,18,0,0,0,0,0,0,0,1,0,0,0,0,0,8,8,149800
2026-09-21T06:16:13.394Z,26444,2649538,152055,166697,100000000,400000000,2,2,244,0,2,2,2,15,0,0,1,18,0,0,0,0,0,0,0,1,0,0,0,0,0,8,8,152000
2026-09-21T06:16:13.486Z,26445,2649627,152055,149802,100000000,400000000,2,2,245,0,2,2,2,15,0,0,1,18,0,0,0,0,0,0,0,1,0,0,0,0,0,8,8,152000
2026-09-21T06:16:13.577Z,26446,2649727,152055,144171,100000000,400000000,2,2,246,0,2,2,2,15,0,0,1,18,0,0,0,0,0,0,0,1,0,0,0,0,0,8,8,152000
2026-09-21T06:16:13.670Z,26447,2649827,150929,135160,100000000,400000000,2,2,247,0,2,2,2,15,0,0,1,18,0,0,0,0,0,0,0,1,0,0,0,0,0,8,8,150900
2026-09-21T06:16:13.763Z,26448,2649927,148676,130655,100000000,400000000,2,2,248,0,2,2,2,15,0,0,1,18,0,0,0,0,0,0,0,1,0,0,0,0,0,8,8,148600
2026-09-21T06:16:13.954Z,26449,2650078,146423,126149,100000000,400000000,2,2,249,0,2,2,2,15,0,0,1,18,0,0,0,0,0,0,0,1,0,0,0,0,0,8,8,146400
2026-09-21T06:16:14.049Z,26450,2650173,144171,138539,100000000,400000000,2,2,250,0,2,2,2,15,0,0,1,18,0,0,0,0,0,0,0,1,0,0,0,0,0,8,8,144100
2026-09-21T06:16:14.147Z,26451,2650269,143044,135160,100000000,400000000,2,2,251,0,2,2,2,15,0,0,1,18,0,0,0,0,0,0,0,1,0,0,0,0,0,8,8,143000
2026-09-21T06:16:14.226Z,26452,2650366,141918,144171,100000000,400000000,2,2,252,0,2,2,2,15,0,0,1,18,0,0,0,0,0,0,0,1,0,0,0,0,0,8,8,141900
2026-09-21T06:16:14.304Z,26453,2650446,141918,143044,100000000,400000000,2,2,253,0,2,2,2,15,0,0,1,18,0,0,0,0,0,0,0,1,0,0,0,0,0,8,8,141900
2026-09-21T06:16:14.395Z,26454,2650528,141918,129528,100000000,400000000,2,2,254,0,2,2,2,15,0,0,1,18,0,0,0,0,0,0,0,1,0,0,0,0,0,8,8,141900
2026-09-21T06:16:14.473Z,26455,2650628,141918,144171,100000000,400000000,2,2,255,0,2,2,2,15,0,0,1,18,0,0,0,0,0,0,0,1,0,0,0,0,0,8,8,141900
2026-09-21T06:16:14.633Z,26456,2650773,141918,156560,100000000,400000000,2,2,255,0,2,2,2,15,0,0,1,18,0,0,0,0,0,0,0,1,0,0,0,0,0,8,8,141900
2026-09-21T06:16:14.713Z,26457,2650853,141918,144171,100000000,400000000,2,2,255,0,2,2,2,15,0,0,1,18,0,0,0,0,0,0,0,1,0,0,0,0,0,8,8,141900
2026-09-21T06:16:14.806Z,26458,2650933,143044,154308,100000000,400000000,2,2,255,0,2,2,2,15,0,0,1,18,0,0,0,0,0,0,0,1,0,0,0,0,0,8,8,143000
2026-09-21T06:16:14.898Z,26459,2651029,144171,152055,100000000,400000000,2,2,255,0,2,2,2,15,0,0,1,18,0,0,0,0,0,0,0,1,0,0,0,0,0,8,8,144100
2026-09-21T06:16:14.990Z,26460,2651129,145297,128402,100000000,400000000,2,2,255,0,2,2,2,15,0,0,1,18,0,0,0,0,0,0,0,1,0,0,0,0,0,8,8,145200
2026-09-21T06:16:15.066Z,26461,2651229,143044,123897,100000000,400000000,2,2,255,0,2,2,2,15,0,0,1,18,0,0,0,0,0,0,0,1,0,0,0,0,0,8,8,143000
2026-09-21T06:16:15.242Z,26462,2651381,140792,130655,100000000,400000000,2,2,255,0,2,2,2,15,0,0,1,18,0,0,0,0,0,0,0,1,0,0,0,0,0,8,8,140700
2026-09-21T06:16:15.321Z,26463,2651461,139665,147550,100000000,400000000,2,2,255,0,2,2,2,15,0,0,1,18,0,0,0,0,0,0,0,1,0,0,0,0,0,8,8,139600
2026-09-21T06:16:15.417Z,26464,2651541,140792,150929,100000000,400000000,2,2,255,0,2,2,2,15,0,0,1,18,0,0,0,0,0,0,0,1,0,0,0,0,0,8,8,140700
2026-09-21T06:16:15.513Z,26465,2651636,141918,148676,100000000,400000000,2,2,255,0,2,2,2,15,0,0,1,18,0,0,0,0,0,0,0,1,0,0,0,0,0,8,8,141900
2026-09-21T06:16:15.605Z,26466,2651732,143044,131781,100000000,400000000,2,2,255,0,2,2,2,15,0,0,1,18,0,0,0,0,0,0,0,1,0,0,0,0,0,8,8,143000
2026-09-21T06:16:15.698Z,26467,2651830,141918,120518,100000000,400000000,2,2,255,0,2,2,2,15,0,0,1,18,0,0,0,0,0,0,0,1,0,0,0,0,0,8,8,141900
2026-09-21T06:16:15.790Z,26468,2651930,139665,127276,100000000,400000000,2,2,255,0,2,2,2,15,0,0,1,18,0,0,0,0,0,0,0,1,0,0,0,0,0,8,8,139600
2026-09-21T06:16:15.883Z,26469,2652031,138539,129528,100000000,400000000,2,2,255,0,2,2,2,15,0,0,1,18,0,0,0,0,0,0,0,1,0,0,0,0,0,8,8,138500
2026-09-21T06:16:15.975Z,26470,2652131,137413,125023,100000000,400000000,2,2,255,0,2,2,2,15,0,0,1,18,0,0,0,0,0,0,0,1,0,0,0,0,0,8,8,137400
2026-09-21T06:16:16.068Z,26471,2652231,136286,132907,100000000,400000000,2,2,255,0,2,2,2,15,0,0,1,18,0,0,0,0,0,0,0,1,0,0,0,0,0,8,8,136200
2026-09-21T06:16:16.225Z,26472,2652366,135160,131781,100000000,400000000,2,2,255,0,2,2,2,15,0,0,1,18,0,0,0,0,0,0,0,1,0,0,0,0,0,8,8,135100
2026-09-21T06:16:16.303Z,26473,2652445,135160,156560,100000000,400000000,2,2,255,0,2,2,2,15,0,0,1,18,0,0,0,0,0,0,0,1,0,0,0,0,0,8,8,135100
2026-09-21T06:16:16.395Z,26474,2652531,136286,144171,100000000,400000000,2,2,255,0,2,2,2,15,0,0,1,18,0,0,0,0,0,0,0,1,0,0,0,0,0,8,8,136200
2026-09-21T06:16:16.471Z,26475,2652632,137413,134034,100000000,400000000,2,2,255,0,2,2,2,15,0,0,1,18,0,0,0,0,0,0,0,1,0,0,0,0,0,8,8,137400
2026-09-21T06:16:16.567Z,26476,2652733,138539,152055,100000000,400000000,2,2,255,0,2,2,2,15,0,0,1,18,0,0,0,0,0,0,0,1,0,0,0,0,0,8,8,138500
2026-09-21T06:16:16.726Z,26477,2652866,137413,121644,100000000,400000000,2,2,255,0,2,2,2,15,0,0,1,18,0,0,0,0,0,0,0,1,0,0,0,0,0,8,8,137400
2026-09-21T06:16:16.803Z,26478,2652946,135160,114886,100000000,400000000,2,2,255,0,2,2,2,15,0,0,1,18,0,0,0,0,0,0,0,1,0,0,0,0,0,8,8,135100
2026-09-21T06:16:16.895Z,26479,2653033,132907,126149,100000000,400000000,2,2,255,0,2,2,2,15,0,0,1,18,0,0,0,0,0,0,0,1,0,0,0,0,0,8,8,132900
2026-09-21T06:16:16.971Z,26480,2653133,131781,127276,100000000,400000000,2,2,255,0,2,2,2,15,0,0,1,18,0,0,0,0,0,0,0,1,0,0,0,0,0,8,8,131700
2026-09-21T06:16:17.066Z,26481,2653233,130655,129528,100000000,400000000,2,2,255,0,2,2,2,15,0,0,1,18,0,0,0,0,0,0,0,1,0,0,0,0,0,8,8,130600
2026-09-21T06:16:17.242Z,26482,2653381,130655,130655,100000000,400000000,2,2,255,0,2,2,2,15,0,0,1,18,0,0,0,0,0,0,0,1,0,0,0,0,0,8,8,130600
2026-09-21T06:16:17.322Z,26483,2653462,130655,144171,100000000,400000000,2,2,255,0,2,2,2,15,0,0,1,18,0,0,0,0,0,0,0,1,0,0,0,0,0,8,8,130600
2026-09-21T06:16:17.417Z,26484,2653542,130655,129528,100000000,400000000,2,2,255,0,2,2,2,15,0,0,1,18,0,0,0,0,0,0,0,1,0,0,0,0,0,8,8,130600
2026-09-21T06:16:17.513Z,26485,2653637,132907,152055,100000000,400000000,2,2,255,0,2,2,2,15,0,0,1,18,0,0,0,0,0,0,0,1,0,0,0,0,0,8,8,132900
2026-09-21T06:16:17.605Z,26486,2653733,132907,132907,100000000,400000000,2,2,255,0,2,2,2,15,0,0,1,18,0,0,0,0,0,0,0,1,0,0,0,0,0,8,8,132900
2026-09-21T06:16:17.697Z,26487,2653833,132907,120518,100000000,400000000,2,2,255,0,2,2,2,15,0,0,1,18,0,0,0,0,0,0,0,1,0,0,0,0,0,8,8,132900
2026-09-21T06:16:17.790Z,26488,2653934,131781,120518,100000000,400000000,2,2,255,0,2,2,2,15,0,0,1,18,0,0,0,0,0,0,0,1,0,0,0,0,0,8,8,131700
2026-09-21T06:16:17.883Z,26489,2654034,130655,132907,100000000,400000000,2,2,255,0,2,2,2,15,0,0,1,18,0,0,0,0,0,0,0,1,0,0,0,0,0,8,8,130600
2026-09-21T06:16:17.975Z,26490,2654134,130655,135160,100000000,400000000,2,2,255,0,2,2,2,15,0,0,1,18,0,0,0,0,0,0,0,1,0,0,0,0,0,8,8,130600
2026-09-21T06:16:18.067Z,26491,2654234,131781,139665,100000000,400000000,2,2,255,0,2,2,2,15,0,0,1,18,0,0,0,0,0,0,0,1,0,0,0,0,0,8,8,131700
2026-09-21T06:16:18.226Z,26492,2654366,132907,140792,100000000,400000000,2,2,255,0,2,2,2,15,0,0,1,18,0,0,0,0,0,0,0,1,0,0,0,0,0,8,8,132900
2026-09-21T06:16:18.304Z,26493,2654446,134034,138539,100000000,400000000,2,2,255,0,2,2,2,15,0,0,1,18,0,0,0,0,0,0,0,1,0,0,0,0,0,8,8,134000
2026-09-21T06:16:18.395Z,26494,2654535,135160,136286,100000000,400000000,2,2,255,0,2,2,2,15,0,0,1,18,0,0,0,0,0,0,0,1,0,0,0,0,0,8,8,135100
2026-09-21T06:16:18.487Z,26495,2654635,135160,138539,100000000,400000000,2,2,255,0,2,2,2,15,0,0,1,18,0,0,0,0,0,0,0,1,0,0,0,0,0,8,8,135100
2026-09-21T06:16:18.580Z,26496,2654735,135160,129528,100000000,400000000,2,2,255,0,2,2,2,15,0,0,1,18,0,0,0,0,0,0,0,1,0,0,0,0,0,8,8,135100
2026-09-21T06:16:18.672Z,26497,2654835,134034,126149,100000000,400000000,2,2,255,0,2,2,2,15,0,0,1,18,0,0,0,0,0,0,0,1,0,0,0,0,0,8,8,134000
2026-09-21T06:16:18.768Z,26498,2654935,132907,140792,100000000,400000000,2,2,255,0,2,2,2,15,0,0,1,18,0,0,0,0,0,0,0,1,0,0,0,0,0,8,8,132900
2026-09-21T06:16:18.958Z,26499,2655083,132907,132907,100000000,400000000,2,2,255,0,2,2,2,15,0,0,1,18,0,0,0,0,0,0,0,1,0,0,0,0,0,8,8,132900
2026-09-21T06:16:19.036Z,26500,2655178,134034,146423,100000000,400000000,2,2,255,0,2,2,2,15,0,0,1,18,0,0,0,0,0,0,0,1,0,0,0,0,0,8,8,134000
2026-09-21T06:16:19.116Z,26501,2655257,135160,163318,100000000,400000000,2,2,255,0,2,2,2,15,0,0,1,18,0,0,0,0,0,0,0,1,0,0,0,0,0,8,8,135100
2026-09-21T06:16:19.191Z,26502,2655336,138539,165571,100000000,400000000,2,2,255,0,2,2,2,15,0,0,1,18,0,0,0,0,0,0,0,1,0,0,0,0,0,8,8,138500
2026-09-21T06:16:19.283Z,26503,2655436,141918,161066,100000000,400000000,2,2,255,0,2,2,2,15,0,0,1,18,0,0,0,0,0,0,0,1,0,0,0,0,0,8,8,141900
2026-09-21T06:16:19.374Z,26504,2655536,144171,139665,100000000,400000000,2,2,255,0,2,2,2,15,0,0,1,18,0,0,0,0,0,0,0,1,0,0,0,0,0,8,8,144100
2026-09-21T06:16:19.470Z,26505,2655636,144171,147550,100000000,400000000,2,2,255,0,2,2,2,15,0,0,1,18,0,0,0,0,0,0,0,1,0,0,0,0,0,8,8,144100
2026-09-21T06:16:19.661Z,26506,2655786,143044,137413,100000000,400000000,2,2,255,0,2,2,2,15,0,0,1,18,0,0,0,0,0,0,0,1,0,0,0,0,0,8,8,143000
2026-09-21T06:16:19.740Z,26507,2655880,141918,135160,100000000,400000000,2,2,255,0,2,2,2,15,0,0,1,18,0,0,0,0,0,0,0,1,0,0,0,0,0,8,8,141900
2026-09-21T06:16:19.820Z,26508,2655960,140792,145297,100000000,400000000,2,2,255,0,2,2,2,15,0,0,1,18,0,0,0,0,0,0,0,1,0,0,0,0,0,8,8,140700
2026-09-21T06:16:19.894Z,26509,2656040,141918,146423,100000000,400000000,2,2,255,0,2,2,2,15,0,0,1,18,0,0,0,0,0,0,0,1,0,0,0,0,0,8,8,141900
2026-09-21T06:16:19.986Z,26510,2656137,143044,152055,100000000,400000000,2,2,255,0,2,2,2,15,0,0,1,18,0,0,0,0,0,0,0,1,0,0,0,0,0,8,8,143000
2026-09-21T06:16:20.079Z,26511,2656237,144171,148676,100000000,400000000,2,2,255,0,2,2,2,15,0,0,1,18,0,0,0,0,0,0,0,1,0,0,0,0,0,8,8,144100
2026-09-21T06:16:20.170Z,26512,2656337,145297,137413,100000000,400000000,2,2,255,0,2,2,2,15,0,0,1,18,0,0,0,0,0,0,0,1,0,0,0,0,0,8,8,145200
2026-09-21T06:16:20.358Z,26513,2656485,144171,136286,100000000,400000000,2,2,255,0,2,2,2,15,0,0,1,18,0,0,0,0,0,0,0,1,0,0,0,0,0,8,8,144100
2026-09-21T06:16:20.453Z,26514,2656578,143044,152055,100000000,400000000,2,2,255,0,2,2,2,15,0,0,1,18,0,0,0,0,0,0,0,1,0,0,0,0,0,8,8,143000
2026-09-21T06:16:20.547Z,26515,2656673,144171,152055,100000000,400000000,2,2,255,0,2,2,2,15,0,0,1,18,0,0,0,0,0,0,0,1,0,0,0,0,0,8,8,144100
2026-09-21T06:16:20.642Z,26516,2656768,145297,129528,100000000,400000000,2,2,255,0,2,2,2,15,0,0,1,18,0,0,0,0,0,0,0,1,0,0,0,0,0,8,8,145200
2026-09-21T06:16:20.736Z,26517,2656862,143044,131781,100000000,400000000,2,2,255,0,2,2,2,15,0,0,1,18,0,0,0,0,0,0,0,1,0,0,0,0,0,8,8,143000
2026-09-21T06:16:20.833Z,26518,2656957,141918,141918,100000000,400000000,2,2,255,0,2,2,2,15,0,0,1,18,0,0,0,0,0,0,0,1,0,0,0,0,0,8,8,141900
2026-09-21T06:16:20.909Z,26519,2657052,141918,155434,100000000,400000000,2,2,255,0,2,2,2,15,0,0,1,18,0,0,0,0,0,0,0,1,0,0,0,0,0,8,8,141900
2026-09-21T06:16:21.001Z,26520,2657139,141918,139665,100000000,400000000,2,2,255,0,2,2,2,15,0,0,1,18,0,0,0,0,0,0,0,1,0,0,0,0,0,8,8,141900
2026-09-21T06:16:21.092Z,26521,2657239,143044,152055,100000000,400000000,2,2,255,0,2,2,2,15,0,0,1,18,0,0,0,0,0,0,0,1,0,0,0,0,0,8,8,143000
2026-09-21T06:16:21.185Z,26522,2657339,143044,145297,100000000,400000000,2,2,255,0,2,2,2,15,0,0,1,18,0,0,0,0,0,0,0,1,0,0,0,0,0,8,8,143000
2026-09-21T06:16:21.276Z,26523,2657439,144171,164445,100000000,400000000,2,2,255,0,2,2,2,15,0,0,1,18,0,0,0,0,0,0,0,1,0,0,0,0,0,8,8,144100
2026-09-21T06:16:21.470Z,26524,2657592,146423,175708,100000000,400000000,2,2,255,0,2,2,2,15,0,0,1,18,0,0,0,0,0,0,0,1,0,0,0,0,0,8,8,146400
2026-09-21T06:16:21.564Z,26525,2657689,148676,157687,100000000,400000000,2,2,255,0,2,2,2,15,0,0,1,18,0,0,0,0,0,0,0,1,0,0,0,0,0,8,8,148600
2026-09-21T06:16:21.659Z,26526,2657785,149802,154308,100000000,400000000,2,2,255,0,2,2,2,15,0,0,1,18,0,0,0,0,0,0,0,1,0,0,0,0,0,8,8,149800
2026-09-21T06:16:21.753Z,26527,2657879,150929,153181,100000000,400000000,2,2,255,0,2,2,2,15,0,0,1,18,0,0,0,0,0,0,0,1,0,0,0,0,0,8,8,150900
2026-09-21T06:16:21.849Z,26528,2657974,150929,145297,100000000,400000000,2,2,255,0,2,2,2,15,0,0,1,18,0,0,0,0,0,0,0,1,0,0,0,0,0,8,8,150900
2026-09-21T06:16:21.930Z,26529,2658069,150929,150929,100000000,400000000,2,2,255,0,2,2,2,15,0,0,1,18,0,0,0,0,0,0,0,1,0,0,0,0,0,8,8,150900
2026-09-21T06:16:22.005Z,26530,2658149,150929,147550,100000000,400000000,2,2,255,0,2,2,2,15,0,0,1,18,0,0,0,0,0,0,0,1,0,0,0,0,0,8,8,150900
2026-09-21T06:16:22.098Z,26531,2658240,150929,144171,100000000,400000000,2,2,255,0,2,2,2,15,0,0,1,18,0,0,0,0,0,0,0,1,0,0,0,0,0,8,8,150900
2026-09-21T06:16:22.175Z,26532,2658341,150929,157687,100000000,400000000,2,2,255,0,2,2,2,15,0,0,1,18,0,0,0,0,0,0,0,1,0,0,0,0,0,8,8,150900
2026-09-21T06:16:22.350Z,26533,2658490,150929,150929,100000000,400000000,2,2,255,0,2,2,2,15,0,0,1,18,0,0,0,0,0,0,0,1,0,0,0,0,0,8,8,150900
2026-09-21T06:16:22.433Z,26534,2658570,150929,153181,100000000,400000000,2,2,255,0,2,2,2,15,0,0,1,18,0,0,0,0,0,0,0,1,0,0,0,0,0,8,8,150900
2026-09-21T06:16:22.527Z,26535,2658652,150929,143044,100000000,400000000,2,2,255,0,2,2,2,15,0,0,1,18,0,0,0,0,0,0,0,1,0,0,0,0,0,8,8,150900
2026-09-21T06:16:22.622Z,26536,2658748,150929,154308,100000000,400000000,2,2,255,0,2,2,2,15,0,0,1,18,0,0,0,0,0,0,0,1,0,0,0,0,0,8,8,150900
2026-09-21T06:16:22.714Z,26537,2658842,150929,154308,100000000,400000000,2,2,255,0,2,2,2,15,0,0,1,18,0,0,0,0,0,0,0,1,0,0,0,0,0,8,8,150900
2026-09-21T06:16:22.806Z,26538,2658942,150929,120518,100000000,400000000,2,2,255,0,2,2,2,15,0,0,1,18,0,0,0,0,0,0,0,1,0,0,0,0,0,8,8,150900
2026-09-21T06:16:22.898Z,26539,2659042,148676,131781,100000000,400000000,2,2,255,0,2,2,2,15,0,0,1,18,0,0,0,0,0,0,0,1,0,0,0,0,0,8,8,148600
2026-09-21T06:16:22.990Z,26540,2659142,146423,130655,100000000,400000000,2,2,255,0,2,2,2,15,0,0,1,18,0,0,0,0,0,0,0,1,0,0,0,0,0,8,8,146400
2026-09-21T06:16:23.083Z,26541,2659242,144171,145297,100000000,400000000,2,2,255,0,2,2,2,15,0,0,1,18,0,0,0,0,0,0,0,1,0,0,0,0,0,8,8,144100
2026-09-21T06:16:23.241Z,26542,2659382,144171,140792,100000000,400000000,2,2,255,0,2,2,2,15,0,0,1,18,0,0,0,0,0,0,0,1,0,0,0,0,0,8,8,144100
2026-09-21T06:16:23.317Z,26543,2659461,144171,138539,100000000,400000000,2,2,255,0,2,2,2,15,0,0,1,18,0,0,0,0,0,0,0,1,0,0,0,0,0,8,8,144100
2026-09-21T06:16:23.391Z,26544,2659543,144171,141918,100000000,400000000,2,2,255,0,2,2,2,15,0,0,1,18,0,0,0,0,0,0,0,1,0,0,0,0,0,8,8,144100
2026-09-21T06:16:23.484Z,26545,2659643,144171,146423,100000000,400000000,2,2,255,0,2,2,2,15,0,0,1,18,0,0,0,0,0,0,0,1,0,0,0,0,0,8,8,144100
2026-09-21T06:16:23.576Z,26546,2659743,144171,138539,100000000,400000000,2,2,255,0,2,2,2,15,0,0,1,18,0,0,0,0,0,0,0,1,0,0,0,0,0,8,8,144100
2026-09-21T06:16:23.767Z,26547,2659892,144171,147550,100000000,400000000,2,2,255,0,2,2,2,15,0,0,1,18,0,0,0,0,0,0,0,1,0,0,0,0,0,8,8,144100
2026-09-21T06:16:23.863Z,26548,2659988,144171,145297,100000000,400000000,2,2,255,0,2,2,2,15,0,0,1,18,0,0,0,0,0,0,0,1,0,0,0,0,0,8,8,144100
2026-09-21T06:16:23.957Z,26549,2660083,144171,135160,100000000,400000000,2,2,255,0,2,2,2,15,0,0,1,18,0,0,0,0,0,0,0,1,0,0,0,0,0,8,8,144100
2026-09-21T06:16:24.037Z,26550,2660178,143044,126149,100000000,400000000,2,2,255,0,2,2,2,15,0,0,1,18,0,0,0,0,0,0,0,1,0,0,0,0,0,8,8,143000
2026-09-21T06:16:24.113Z,26551,2660258,141918,143044,100000000,400000000,2,2,255,0,2,2,2,15,0,0,1,18,0,0,0,0,0,0,0,1,0,0,0,0,0,8,8,141900
2026-09-21T06:16:24.205Z,26552,2660344,141918,139665,100000000,400000000,2,2,255,0,2,2,2,15,0,0,1,18,0,0,0,0,0,0,0,1,0,0,0,0,0,8,8,141900
2026-09-21T06:16:24.295Z,26553,2660444,141918,134034,100000000,400000000,2,2,255,0,2,2,2,15,0,0,1,18,0,0,0,0,0,0,0,1,0,0,0,0,0,8,8,141900
2026-09-21T06:16:24.388Z,26554,2660544,141918,141918,100000000,400000000,2,2,255,0,2,2,2,15,0,0,1,18,0,0,0,0,0,0,0,1,0,0,0,0,0,8,8,141900
2026-09-21T06:16:24.479Z,26555,2660644,141918,143044,100000000,400000000,2,2,255,0,2,2,2,15,0,0,1,18,0,0,0,0,0,0,0,1,0,0,0,0,0,8,8,141900
2026-09-21T06:16:24.670Z,26556,2660795,141918,135160,100000000,400000000,2,2,255,0,2,2,2,15,0,0,1,18,0,0,0,0,0,0,0,1,0,0,0,0,0,8,8,141900
2026-09-21T06:16:24.765Z,26557,2660890,141918,138539,100000000,400000000,2,2,255,0,2,2,2,15,0,0,1,18,0,0,0,0,0,0,0,1,0,0,0,0,0,8,8,141900
2026-09-21T06:16:24.861Z,26558,2660986,140792,128402,100000000,400000000,2,2,255,0,2,2,2,15,0,0,1,18,0,0,0,0,0,0,0,1,0,0,0,0,0,8,8,140700
2026-09-21T06:16:24.955Z,26559,2661080,139665,109254,100000000,400000000,2,2,255,0,2,2,2,15,0,0,1,18,0,0,0,0,0,0,0,1,0,0,0,0,0,8,8,139600
2026-09-21T06:16:25.052Z,26560,2661176,138539,147550,100000000,400000000,2,2,255,0,2,2,2,15,0,0,1,18,0,0,0,0,0,0,0,1,0,0,0,0,0,8,8,138500
2026-09-21T06:16:25.131Z,26561,2661271,138539,135160,100000000,400000000,2,2,255,0,2,2,2,15,0,0,1,18,0,0,0,0,0,0,0,1,0,0,0,0,0,8,8,138500
2026-09-21T06:16:25.208Z,26562,2661351,138539,130655,100000000,400000000,2,2,255,0,2,2,2,15,0,0,1,18,0,0,0,0,0,0,0,1,0,0,0,0,0,8,8,138500
2026-09-21T06:16:25.284Z,26563,2661446,138539,162192,100000000,400000000,2,2,255,0,2,2,2,15,0,0,1,18,0,0,0,0,0,0,0,1,0,0,0,0,0,8,8,138500
2026-09-21T06:16:25.379Z,26564,2661546,139665,146423,100000000,400000000,2,2,255,0,2,2,2,15,0,0,1,18,0,0,0,0,0,0,0,1,0,0,0,0,0,8,8,139600
2026-09-21T06:16:25.554Z,26565,2661695,140792,135160,100000000,400000000,2,2,255,0,2,2,2,15,0,0,1,18,0,0,0,0,0,0,0,1,0,0,0,0,0,8,8,140700
2026-09-21T06:16:25.632Z,26566,2661774,141918,153181,100000000,400000000,2,2,255,0,2,2,2,15,0,0,1,18,0,0,0,0,0,0,0,1,0,0,0,0,0,8,8,141900
2026-09-21T06:16:25.707Z,26567,2661853,143044,153181,100000000,400000000,2,2,255,0,2,2,2,15,0,0,1,18,0,0,0,0,0,0,0,1,0,0,0,0,0,8,8,143000
2026-09-21T06:16:25.784Z,26568,2661946,144171,132907,100000000,400000000,2,2,255,0,2,2,2,15,0,0,1,18,0,0,0,0,0,0,0,1,0,0,0,0,0,8,8,144100
2026-09-21T06:16:25.974Z,26569,2662099,144171,145297,100000000,400000000,2,2,255,0,2,2,2,15,0,0,1,18,0,0,0,0,0,0,0,1,0,0,0,0,0,8,8,144100
2026-09-21T06:16:26.054Z,26570,2662195,144171,164445,100000000,400000000,2,2,255,0,2,2,2,15,0,0,1,18,0,0,0,0,0,0,0,1,0,0,0,0,0,8,8,144100
2026-09-21T06:16:26.132Z,26571,2662275,145297,155434,100000000,400000000,2,2,255,0,2,2,2,15,0,0,1,18,0,0,0,0,0,0,0,1,0,0,0,0,0,8,8,145200
2026-09-21T06:16:26.209Z,26572,2662353,146423,143044,100000000,400000000,2,2,255,0,2,2,2,15,0,0,1,18,0,0,0,0,0,0,0,1,0,0,0,0,0,8,8,146400
2026-09-21T06:16:26.285Z,26573,2662447,147550,153181,100000000,400000000,2,2,255,0,2,2,2,15,0,0,1,18,0,0,0,0,0,0,0,1,0,0,0,0,0,8,8,147500
2026-09-21T06:16:26.380Z,26574,2662547,148676,163318,100000000,400000000,2,2,255,0,2,2,2,15,0,0,1,18,0,0,0,0,0,0,0,1,0,0,0,0,0,8,8,148600
2026-09-21T06:16:26.539Z,26575,2662680,149802,146423,100000000,400000000,2,2,255,0,2,2,2,15,0,0,1,18,0,0,0,0,0,0,0,1,0,0,0,0,0,8,8,149800
2026-09-21T06:16:26.616Z,26576,2662760,149802,153181,100000000,400000000,2,2,255,0,2,2,2,15,0,0,1,18,0,0,0,0,0,0,0,1,0,0,0,0,0,8,8,149800
2026-09-21T06:16:26.709Z,26577,2662848,149802,146423,100000000,400000000,2,2,255,0,2,2,2,15,0,0,1,18,0,0,0,0,0,0,0,1,0,0,0,0,0,8,8,149800
2026-09-21T06:16:26.785Z,26578,2662948,149802,150929,100000000,400000000,2,2,255,0,2,2,2,15,0,0,1,18,0,0,0,0,0,0,0,1,0,0,0,0,0,8,8,149800
2026-09-21T06:16:26.960Z,26579,2663101,149802,143044,100000000,400000000,2,2,255,0,2,2,2,15,0,0,1,18,0,0,0,0,0,0,0,1,0,0,0,0,0,8,8,149800
2026-09-21T06:16:27.040Z,26580,2663180,148676,138539,100000000,400000000,2,2,255,0,2,2,2,15,0,0,1,18,0,0,0,0,0,0,0,1,0,0,0,0,0,8,8,148600
2026-09-21T06:16:27.135Z,26581,2663261,147550,146423,100000000,400000000,2,2,255,0,2,2,2,15,0,0,1,18,0,0,0,0,0,0,0,1,0,0,0,0,0,8,8,147500
2026-09-21T06:16:27.231Z,26582,2663356,147550,144171,100000000,400000000,2,2,255,0,2,2,2,15,0,0,1,18,0,0,0,0,0,0,0,1,0,0,0,0,0,8,8,147500
2026-09-21T06:16:27.324Z,26583,2663450,147550,129528,100000000,400000000,2,2,255,0,2,2,2,15,0,0,1,18,0,0,0,0,0,0,0,1,0,0,0,0,0,8,8,147500
2026-09-21T06:16:27.415Z,26584,2663549,146423,137413,100000000,400000000,2,2,255,0,2,2,2,15,0,0,1,18,0,0,0,0,0,0,0,1,0,0,0,0,0,8,8,146400
2026-09-21T06:16:27.507Z,26585,2663649,145297,144171,100000000,400000000,2,2,255,0,2,2,2,15,0,0,1,18,0,0,0,0,0,0,0,1,0,0,0,0,0,8,8,145200
2026-09-21T06:16:27.599Z,26586,2663749,144171,130655,100000000,400000000,2,2,255,0,2,2,2,15,0,0,1,18,0,0,0,0,0,0,0,1,0,0,0,0,0,8,8,144100
2026-09-21T06:16:27.758Z,26587,2663900,141918,120518,100000000,400000000,2,2,255,0,2,2,2,15,0,0,1,18,0,0,0,0,0,0,0,1,0,0,0,0,0,8,8,141900
2026-09-21T06:16:27.838Z,26588,2663979,140792,144171,100000000,400000000,2,2,255,0,2,2,2,15,0,0,1,18,0,0,0,0,0,0,0,1,0,0,0,0,0,8,8,140700
2026-09-21T06:16:27.932Z,26589,2664059,139665,131781,100000000,400000000,2,2,255,0,2,2,2,15,0,0,1,18,0,0,0,0,0,0,0,1,0,0,0,0,0,8,8,139600
2026-09-21T06:16:28.025Z,26590,2664153,138539,114886,100000000,400000000,2,2,255,0,2,2,2,15,0,0,1,18,0,0,0,0,0,0,0,1,0,0,0,0,0,8,8,138500
2026-09-21T06:16:28.117Z,26591,2664250,136286,123897,100000000,400000000,2,2,255,0,2,2,2,15,0,0,1,18,0,0,0,0,0,0,0,1,0,0,0,0,0,8,8,136200
2026-09-21T06:16:28.210Z,26592,2664350,134034,114886,100000000,400000000,2,2,255,0,2,2,2,15,0,0,1,18,0,0,0,0,0,0,0,1,0,0,0,0,0,8,8,134000
2026-09-21T06:16:28.302Z,26593,2664450,132907,125023,100000000,400000000,2,2,255,0,2,2,2,15,0,0,1,18,0,0,0,0,0,0,0,1,0,0,0,0,0,8,8,132900
2026-09-21T06:16:28.462Z,26594,2664602,131781,156560,100000000,400000000,2,2,255,0,2,2,2,15,0,0,1,18,0,0,0,0,0,0,0,1,0,0,0,0,0,8,8,131700
2026-09-21T06:16:28.557Z,26595,2664683,134034,153181,100000000,400000000,2,2,255,0,2,2,2,15,0,0,1,18,0,0,0,0,0,0,0,1,0,0,0,0,0,8,8,134000
2026-09-21T06:16:28.652Z,26596,2664778,136286,135160,100000000,400000000,2,2,255,0,2,2,2,15,0,0,1,18,0,0,0,0,0,0,0,1,0,0,0,0,0,8,8,136200
2026-09-21T06:16:28.747Z,26597,2664873,136286,129528,100000000,400000000,2,2,255,0,2,2,2,15,0,0,1,18,0,0,0,0,0,0,0,1,0,0,0,0,0,8,8,136200
2026-09-21T06:16:28.844Z,26598,2664968,135160,130655,100000000,400000000,2,2,255,0,2,2,2,15,0,0,1,18,0,0,0,0,0,0,0,1,0,0,0,0,0,8,8,135100
2026-09-21T06:16:28.940Z,26599,2665065,134034,127276,100000000,400000000,2,2,255,0,2,2,2,15,0,0,1,18,0,0,0,0,0,0,0,1,0,0,0,0,0,8,8,134000
2026-09-21T06:16:29.036Z,26600,2665161,134034,135160,100000000,400000000,2,2,255,0,2,2,2,15,0,0,1,18,0,0,0,0,0,0,0,1,0,0,0,0,0,8,8,134000
2026-09-21T06:16:29.112Z,26601,2665256,134034,141918,100000000,400000000,2,2,255,0,2,2,2,15,0,0,1,18,0,0,0,0,0,0,0,1,0,0,0,0,0,8,8,134000
2026-09-21T06:16:29.204Z,26602,2665352,134034,134034,100000000,400000000,2,2,255,0,2,2,2,15,0,0,1,18,0,0,0,0,0,0,0,1,0,0,0,0,0,8,8,134000
2026-09-21T06:16:29.297Z,26603,2665453,134034,131781,100000000,400000000,2,2,255,0,2,2,2,15,0,0,1,18,0,0,0,0,0,0,0,1,0,0,0,0,0,8,8,134000
2026-09-21T06:16:29.389Z,26604,2665553,134034,146423,100000000,400000000,2,2,255,0,2,2,2,15,0,0,1,18,0,0,0,0,0,0,0,1,0,0,0,0,0,8,8,134000
2026-09-21T06:16:29.578Z,26605,2665705,135160,149802,100000000,400000000,2,2,255,0,2,2,2,15,0,0,1,18,0,0,0,0,0,0,0,1,0,0,0,0,0,8,8,135100
2026-09-21T06:16:29.673Z,26606,2665799,136286,141918,100000000,400000000,2,2,255,0,2,2,2,15,0,0,1,18,0,0,0,0,0,0,0,1,0,0,0,0,0,8,8,136200
2026-09-21T06:16:29.769Z,26607,2665894,137413,129528,100000000,400000000,2,2,255,0,2,2,2,15,0,0,1,18,0,0,0,0,0,0,0,1,0,0,0,0,0,8,8,137400
2026-09-21T06:16:29.864Z,26608,2665988,136286,131781,100000000,400000000,2,2,255,0,2,2,2,15,0,0,1,18,0,0,0,0,0,0,0,1,0,0,0,0,0,8,8,136200
2026-09-21T06:16:29.943Z,26609,2666085,135160,139665,100000000,400000000,2,2,255,0,2,2,2,15,0,0,1,18,0,0,0,0,0,0,0,1,0,0,0,0,0,8,8,135100
2026-09-21T06:16:30.018Z,26610,2666164,136286,141918,100000000,400000000,2,2,255,0,2,2,2,15,0,0,1,18,0,0,0,0,0,0,0,1,0,0,0,0,0,8,8,136200
2026-09-21T06:16:30.111Z,26611,2666253,136286,126149,100000000,400000000,2,2,255,0,2,2,2,15,0,0,1,18,0,0,0,0,0,0,0,1,0,0,0,0,0,8,8,136200
2026-09-21T06:16:30.203Z,26612,2666353,136286,134034,100000000,400000000,2,2,255,0,2,2,2,15,0,0,1,18,0,0,0,0,0,0,0,1,0,0,0,0,0,8,8,136200
2026-09-21T06:16:30.295Z,26613,2666453,136286,139665,100000000,400000000,2,2,255,0,2,2,2,15,0,0,1,18,0,0,0,0,0,0,0,1,0,0,0,0,0,8,8,136200
2026-09-21T06:16:30.389Z,26614,2666554,136286,144171,100000000,400000000,2,2,255,0,2,2,2,15,0,0,1,18,0,0,0,0,0,0,0,1,0,0,0,0,0,8,8,136200
2026-09-21T06:16:30.581Z,26615,2666706,136286,121644,100000000,400000000,2,2,255,0,2,2,2,15,0,0,1,18,0,0,0,0,0,0,0,1,0,0,0,0,0,8,8,136200
2026-09-21T06:16:30.675Z,26616,2666801,136286,134034,100000000,400000000,2,2,255,0,2,2,2,15,0,0,1,18,0,0,0,0,0,0,0,1,0,0,0,0,0,8,8,136200
2026-09-21T06:16:30.771Z,26617,2666897,136286,143044,100000000,400000000,2,2,255,0,2,2,2,15,0,0,1,18,0,0,0,0,0,0,0,1,0,0,0,0,0,8,8,136200
2026-09-21T06:16:30.851Z,26618,2666991,136286,123897,100000000,400000000,2,2,255,0,2,2,2,15,0,0,1,18,0,0,0,0,0,0,0,1,0,0,0,0,0,8,8,136200
2026-09-21T06:16:30.928Z,26619,2667071,137413,140792,100000000,400000000,2,2,255,0,2,2,2,15,0,0,1,18,0,0,0,0,0,0,0,1,0,0,0,0,0,8,8,137400
2026-09-21T06:16:31.022Z,26620,2667155,137413,135160,100000000,400000000,2,2,255,0,2,2,2,15,0,0,1,18,0,0,0,0,0,0,0,1,0,0,0,0,0,8,8,137400
2026-09-21T06:16:31.114Z,26621,2667255,137413,128402,100000000,400000000,2,2,255,0,2,2,2,15,0,0,1,18,0,0,0,0,0,0,0,1,0,0,0,0,0,8,8,137400
2026-09-21T06:16:31.190Z,26622,2667355,136286,131781,100000000,400000000,2,2,255,0,2,2,2,15,0,0,1,18,0,0,0,0,0,0,0,1,0,0,0,0,0,8,8,136200
2026-09-21T06:16:31.380Z,26623,2667506,135160,152055,100000000,400000000,2,2,255,0,2,2,2,15,0,0,1,18,0,0,0,0,0,0,0,1,0,0,0,0,0,8,8,135100
2026-09-21T06:16:31.458Z,26624,2667601,137413,153181,100000000,400000000,2,2,255,0,2,2,2,15,0,0,1,18,0,0,0,0,0,0,0,1,0,0,0,0,0,8,8,137400
2026-09-21T06:16:31.537Z,26625,2667679,139665,155434,100000000,400000000,2,2,255,0,2,2,2,15,0,0,1,18,0,0,0,0,0,0,0,1,0,0,0,0,0,8,8,139600
2026-09-21T06:16:31.613Z,26626,2667758,141918,145297,100000000,400000000,2,2,255,0,2,2,2,15,0,0,1,18,0,0,0,0,0,0,0,1,0,0,0,0,0,8,8,141900
2026-09-21T06:16:31.689Z,26627,2667856,141918,138539,100000000,400000000,2,2,255,0,2,2,2,15,0,0,1,18,0,0,0,0,0,0,0,1,0,0,0,0,0,8,8,141900
