utc,host_monotonic_ns,mcu_uptime_ms,sample_sequence,raw_adc,filtered_raw,raw_calibrated_mass_ug,uncompensated_gross_ug,filtered_mass_ug,pre_display_mass_ug,conditioned_display_mass_ug,display_count,display_decimals,gross_ug,net_ug,tare_ug,stable,zero,overload,zero_offset_raw,runtime_drift_offset_ug,filter_mode,filter_strength,sample_rate,gain,cs1237_state,buffered_samples,overrun_count,stability_spread_ug,battery_voltage_mv,fault_mask,display_condition_state,display_locked,event_label
2026-09-12T19:23:28.146Z,85307218000000,3789058,14091,-44048,-44047,,1126,1126,1126,18024,2,2,1126,1126,0,1,1,0,,0,3,3,0,3,4,0,0,2253,,0,2,1,
2026-09-12T19:23:28.249Z,85307328000000,3789252,14093,-44047,-44047,,1126,1126,1126,18024,2,2,1126,1126,0,1,1,0,,0,3,3,0,3,4,0,0,0,,0,2,1,
2026-09-12T19:23:28.352Z,85307421000000,3789353,14094,-44042,-44047,,1126,1126,1126,18024,2,2,1126,1126,0,1,1,0,,0,3,3,0,3,4,0,0,0,,0,2,1,
2026-09-12T19:23:28.455Z,85307531000000,3789453,14095,-44042,-44046,,1126,0,0,18024,2,2,0,0,0,1,1,0,,0,3,3,0,3,4,0,0,1126,,0,2,1,
2026-09-12T19:23:28.559Z,85307625000000,3789553,14096,-44039,-44045,,1126,-1126,-1126,18024,2,2,-1126,-1126,0,1,1,0,,0,3,3,0,3,4,0,0,2252,,0,2,1,
2026-09-12T19:23:28.664Z,85307734000000,3789655,14097,-44052,-44045,,1126,-1126,-1126,18024,2,2,-1126,-1126,0,1,1,0,,0,3,3,0,3,4,0,0,2252,,0,2,1,
2026-09-12T19:23:28.768Z,85307843000000,3789759,14098,-44058,-44046,,1126,0,0,18024,2,2,0,0,0,1,1,0,,0,3,3,0,3,4,0,0,2252,,0,2,1,
2026-09-12T19:23:28.873Z,85307953000000,3789864,14099,-44056,-44047,,1126,1126,1126,18024,2,2,1126,1126,0,1,1,0,,0,3,3,0,3,4,0,0,2252,,0,2,1,
2026-09-12T19:23:28.978Z,85308046000000,3789968,14100,-44058,-44048,,1126,2253,2253,18024,2,2,2253,2253,0,1,1,0,,0,3,3,0,3,4,0,0,3379,,0,2,1,
2026-09-12T19:23:29.173Z,85308250000000,3790074,14101,-44051,-44049,,3379,3379,3379,18024,2,2,3379,3379,0,1,1,0,,0,3,3,0,3,4,0,0,4505,,0,2,1,
2026-09-12T19:23:29.276Z,85308343000000,3790273,14103,-44062,-44049,,3379,3379,3379,18024,2,2,3379,3379,0,1,1,0,,0,3,3,0,3,4,0,0,4505,,0,2,1,
2026-09-12T19:23:29.381Z,85308453000000,3790372,14104,-44076,-44051,,3379,5632,5632,18024,2,2,5632,5632,0,1,1,0,,0,3,3,0,3,4,0,0,6758,,0,2,1,
2026-09-12T19:23:29.485Z,85308562000000,3790476,14105,-44062,-44052,,3379,6759,6759,18024,2,2,6759,6759,0,1,1,0,,0,3,3,0,3,4,0,0,6759,,0,2,1,
2026-09-12T19:23:29.589Z,85308656000000,3790580,14106,-44049,-44053,,3379,7885,7885,18024,2,2,7885,7885,0,1,1,0,,0,3,3,0,3,4,0,0,6759,,0,2,1,
2026-09-12T19:23:29.693Z,85308765000000,3790685,14107,-44040,-44052,,3379,6759,6759,18024,2,2,6759,6759,0,1,1,0,,0,3,3,0,3,4,0,0,5632,,0,2,1,
2026-09-12T19:23:29.798Z,85308875000000,3790789,14108,-44037,-44050,,3379,4506,4506,18024,2,2,4506,4506,0,1,1,0,,0,3,3,0,3,4,0,0,4506,,0,2,1,
2026-09-12T19:23:29.902Z,85308968000000,3790893,14109,-44054,-44049,,3379,3379,3379,18024,2,2,3379,3379,0,1,1,0,,0,3,3,0,3,4,0,0,4506,,0,2,1,
2026-09-12T19:23:30.006Z,85309078000000,3790998,14110,-44053,-44050,,3379,4506,4506,18024,2,2,4506,4506,0,1,1,0,,0,3,3,0,3,4,0,0,4506,,0,2,1,
2026-09-12T19:23:30.196Z,85309265000000,3791101,14111,-44043,-44050,,2253,4506,4506,18024,2,2,4506,4506,0,1,1,0,,0,3,3,0,3,4,0,0,4506,,0,2,1,
2026-09-12T19:23:30.300Z,85309375000000,3791256,14113,-44038,-44048,,2253,2253,2253,18024,2,2,2253,2253,0,1,1,0,,0,3,3,0,3,4,0,0,5632,,0,2,1,
2026-09-12T19:23:30.405Z,85309484000000,3791396,14114,-44040,-44047,,2253,1126,1126,18024,2,2,1126,1126,0,1,1,0,,0,3,3,0,3,4,0,0,5633,,0,2,1,
2026-09-12T19:23:30.509Z,85309578000000,3791501,14115,-44054,-44046,,2253,0,0,18024,2,2,0,0,0,1,1,0,,0,3,3,0,3,4,0,0,4506,,0,2,1,
2026-09-12T19:23:30.614Z,85309687000000,3791605,14116,-44039,-44045,,2253,-1126,-1126,18024,2,2,-1126,-1126,0,1,1,0,,0,3,3,0,3,4,0,0,5632,,0,2,1,
2026-09-12T19:23:30.719Z,85309796000000,3791710,14117,-44049,-44046,,2253,0,0,18024,2,2,0,0,0,1,1,0,,0,3,3,0,3,4,0,0,5632,,0,2,1,
2026-09-12T19:23:30.823Z,85309890000000,3791814,14118,-44051,-44046,,2253,0,0,18024,2,2,0,0,0,1,1,0,,0,3,3,0,3,4,0,0,5632,,0,2,1,
2026-09-12T19:23:30.927Z,85310000000000,3791918,14119,-44037,-44046,,2253,0,0,18024,2,2,0,0,0,1,1,0,,0,3,3,0,3,4,0,0,4505,,0,2,1,
2026-09-12T19:23:31.032Z,85310109000000,3792023,14120,-44042,-44045,,2253,-1126,-1126,18024,2,2,-1126,-1126,0,1,1,0,,0,3,3,0,3,4,0,0,3379,,0,2,1,
2026-09-12T19:23:31.224Z,85310296000000,3792127,14121,-44045,-44045,,1126,-1126,-1126,18024,2,2,-1126,-1126,0,1,1,0,,0,3,3,0,3,4,0,0,2252,,0,2,1,
2026-09-12T19:23:31.328Z,85310406000000,3792275,14123,-44081,-44047,,1126,1126,1126,18024,2,2,1126,1126,0,1,1,0,,0,3,3,0,3,4,0,0,2252,,0,2,1,
2026-09-12T19:23:31.434Z,85310500000000,3792424,14124,-44056,-44049,,1126,3379,3379,18024,2,2,3379,3379,0,1,1,0,,0,3,3,0,3,4,0,0,4505,,0,2,1,
2026-09-12T19:23:31.538Z,85310609000000,3792528,14125,-44044,-44050,,1126,4506,4506,18024,2,2,4506,4506,0,1,1,0,,0,3,3,0,3,4,0,0,5632,,0,2,1,
2026-09-12T19:23:31.642Z,85310718000000,3792634,14126,-44053,-44050,,1126,4506,4506,18024,2,2,4506,4506,0,1,1,0,,0,3,3,0,3,4,0,0,5632,,0,2,1,
2026-09-12T19:23:31.746Z,85310812000000,3792738,14127,-44047,-44050,,1126,4506,4506,18024,2,2,4506,4506,0,1,1,0,,0,3,3,0,3,4,0,0,5632,,0,2,1,
2026-09-12T19:23:31.850Z,85310921000000,3792859,14129,-44024,-44048,,1126,2253,2253,18024,2,2,2253,2253,0,1,1,0,,0,3,3,0,3,4,0,0,5632,,0,2,1,
2026-09-12T19:23:31.952Z,85311031000000,3792959,14130,-44042,-44046,,1126,0,0,18024,2,2,0,0,0,1,1,0,,0,3,3,0,3,4,0,0,4506,,0,2,1,
2026-09-12T19:23:32.056Z,85311125000000,3793059,14131,-44039,-44045,,1126,-1126,-1126,18024,2,2,-1126,-1126,0,1,1,0,,0,3,3,0,3,4,0,0,5632,,0,2,1,
2026-09-12T19:23:32.245Z,85311312000000,3793159,14132,-44050,-44045,,0,-1126,-1126,18024,2,2,-1126,-1126,0,1,1,0,,0,3,3,0,3,4,0,0,5632,,0,2,1,
2026-09-12T19:23:32.350Z,85311421000000,3793360,14134,-44052,-44047,,0,1126,1126,18024,2,2,1126,1126,0,1,1,0,,0,3,3,0,3,4,0,0,5632,,0,2,1,
2026-09-12T19:23:32.453Z,85311531000000,3793460,14135,-44039,-44048,,0,2253,2253,18024,2,2,2253,2253,0,1,1,0,,0,3,3,0,3,4,0,0,5632,,0,2,1,
2026-09-12T19:23:32.557Z,85311625000000,3793560,14136,-44029,-44047,,0,1126,1126,18024,2,2,1126,1126,0,1,1,0,,0,3,3,0,3,4,0,0,3379,,0,2,1,
2026-09-12T19:23:32.659Z,85311734000000,3793660,14137,-44048,-44046,,0,0,0,18024,2,2,0,0,0,1,1,0,,0,3,3,0,3,4,0,0,3379,,0,2,1,
2026-09-12T19:23:32.762Z,85311828000000,3793760,14138,-44046,-44046,,0,0,0,18024,2,2,0,0,0,1,1,0,,0,3,3,0,3,4,0,0,3379,,0,2,1,
2026-09-12T19:23:32.866Z,85311937000000,3793860,14139,-44041,-44046,,0,0,0,18024,2,2,0,0,0,1,1,0,,0,3,3,0,3,4,0,0,3379,,0,2,1,
2026-09-12T19:23:32.970Z,85312046000000,3793962,14140,-44042,-44045,,0,-1126,-1126,18024,2,2,-1126,-1126,0,1,1,0,,0,3,3,0,3,4,0,0,3379,,0,2,1,
2026-09-12T19:23:33.074Z,85312140000000,3794066,14141,-44053,-44045,,0,-1126,-1126,18024,2,2,-1126,-1126,0,1,1,0,,0,3,3,0,3,4,0,0,3379,,0,2,1,
2026-09-12T19:23:33.267Z,85312343000000,3794170,14142,-44064,-44046,,2253,0,0,18024,2,2,0,0,0,1,1,0,,0,3,3,0,3,4,0,0,3379,,0,2,1,
2026-09-12T19:23:33.371Z,85312437000000,3794368,14144,-44040,-44050,,2253,4506,4506,18024,2,2,4506,4506,0,1,1,0,,0,3,3,0,3,4,0,0,5632,,0,2,1,
2026-09-12T19:23:33.475Z,85312546000000,3794467,14145,-44037,-44049,,2253,3379,3379,18024,2,2,3379,3379,0,1,1,0,,0,3,3,0,3,4,0,0,5632,,0,2,1,
2026-09-12T19:23:33.579Z,85312656000000,3794571,14146,-44029,-44047,,2253,1126,1126,18024,2,2,1126,1126,0,1,1,0,,0,3,3,0,3,4,0,0,5632,,0,2,1,
2026-09-12T19:23:33.683Z,85312750000000,3794675,14147,-44045,-44046,,2253,0,0,18024,2,2,0,0,0,1,1,0,,0,3,3,0,3,4,0,0,5632,,0,2,1,
2026-09-12T19:23:33.787Z,85312859000000,3794779,14148,-44040,-44045,,2253,-1126,-1126,18024,2,2,-1126,-1126,0,1,1,0,,0,3,3,0,3,4,0,0,5632,,0,2,1,
2026-09-12T19:23:33.891Z,85312968000000,3794883,14149,-44048,-44045,,2253,-1126,-1126,18024,2,2,-1126,-1126,0,1,1,0,,0,3,3,0,3,4,0,0,5632,,0,2,1,
2026-09-12T19:23:33.996Z,85313062000000,3794986,14150,-44057,-44045,,2253,-1126,-1126,18024,2,2,-1126,-1126,0,1,1,0,,0,3,3,0,3,4,0,0,5632,,0,2,1,
2026-09-12T19:23:34.100Z,85313171000000,3795091,14151,-44060,-44047,,2253,1126,1126,18024,2,2,1126,1126,0,1,1,0,,0,3,3,0,3,4,0,0,5632,,0,2,1,
2026-09-12T19:23:34.292Z,85313359000000,3795196,14152,-44054,-44048,,4506,2253,2253,18024,2,2,2253,2253,0,1,1,0,,0,3,3,0,3,4,0,0,4505,,0,2,1,
2026-09-12T19:23:34.396Z,85313468000000,3795393,14154,-44078,-44053,,4506,7885,7885,18024,2,2,7885,7885,0,1,1,0,,0,3,3,0,3,4,0,0,9011,,0,2,1,
2026-09-12T19:23:34.501Z,85313578000000,3795492,14155,-44079,-44056,,4506,11265,11265,18024,2,2,11265,11265,0,1,1,0,,0,3,3,0,3,4,0,0,12391,,0,2,1,
2026-09-12T19:23:34.605Z,85313671000000,3795596,14156,-44079,-44059,,4506,14644,14644,18024,2,2,14644,14644,0,1,1,0,,0,3,3,0,3,4,0,0,15770,,0,2,1,
2026-09-12T19:23:34.709Z,85313781000000,3795701,14157,-44065,-44062,,4506,18024,18024,18024,2,2,18024,18024,0,1,1,0,,0,3,3,0,3,4,0,0,19150,,0,2,1,
2026-09-12T19:23:34.814Z,85313890000000,3795805,14158,-44037,-44062,,4506,18024,18024,18024,2,2,18024,18024,0,1,1,0,,0,3,3,0,3,4,0,0,16898,,0,2,1,
2026-09-12T19:23:34.919Z,85314000000000,3795909,14159,-44027,-44059,,4506,14644,14644,18024,2,2,14644,14644,0,1,1,0,,0,3,3,0,3,4,0,0,15771,,0,2,1,
2026-09-12T19:23:35.023Z,85314093000000,3796015,14160,-44044,-44056,,4506,11265,11265,18024,2,2,11265,11265,0,1,1,0,,0,3,3,0,3,4,0,0,13518,,0,2,1,
2026-09-12T19:23:35.128Z,85314203000000,3796119,14161,-44041,-44054,,4506,9012,9012,18024,2,2,9012,9012,0,1,1,0,,0,3,3,0,3,4,0,0,10139,,0,2,1,
2026-09-12T19:23:35.321Z,85314390000000,3796224,14162,-44066,-44053,,11265,7885,7885,18024,2,2,7885,7885,0,1,1,0,,0,3,3,0,3,4,0,0,10139,,0,2,1,
2026-09-12T19:23:35.426Z,85314500000000,3796371,14164,-44042,-44056,,11265,11265,11265,18024,2,2,11265,11265,0,1,1,0,,0,3,3,0,3,4,0,0,10139,,0,2,1,
2026-09-12T19:23:35.531Z,85314609000000,3796522,14165,-44034,-44054,,11265,9012,9012,18024,2,2,9012,9012,0,1,1,0,,0,3,3,0,3,4,0,0,10139,,0,2,1,
2026-09-12T19:23:35.635Z,85314703000000,3796627,14166,-44025,-44051,,11265,5632,5632,18024,2,2,5632,5632,0,1,1,0,,0,3,3,0,3,4,0,0,9012,,0,2,1,
2026-09-12T19:23:35.738Z,85314812000000,3796731,14167,-44031,-44048,,11265,2253,2253,18024,2,2,2253,2253,0,1,1,0,,0,3,3,0,3,4,0,0,9012,,0,2,1,
2026-09-12T19:23:35.843Z,85314921000000,3796835,14168,-44048,-44046,,11265,0,0,18024,2,2,0,0,0,1,1,0,,0,3,3,0,3,4,0,0,11265,,0,2,1,
2026-09-12T19:23:35.948Z,85315015000000,3796939,14169,-44047,-44046,,11265,0,0,18024,2,2,0,0,0,1,1,0,,0,3,3,0,3,4,0,0,11265,,0,2,1,
2026-09-12T19:23:36.052Z,85315125000000,3797044,14170,-44040,-44046,,11265,0,0,18024,2,2,0,0,0,1,1,0,,0,3,3,0,3,4,0,0,11265,,0,2,1,
2026-09-12T19:23:36.157Z,85315234000000,3797166,14172,-44053,-44047,,11265,1126,1126,18024,2,2,1126,1126,0,1,1,0,,0,3,3,0,3,4,0,0,9012,,0,2,1,
2026-09-12T19:23:36.345Z,85315421000000,3797266,14173,-44031,-44048,,2253,2253,2253,18024,2,2,2253,2253,0,1,1,0,,0,3,3,0,3,4,0,0,5632,,0,2,1,
2026-09-12T19:23:36.451Z,85315531000000,3797366,14174,-44048,-44048,,2253,2253,2253,18024,2,2,2253,2253,0,1,1,0,,0,3,3,0,3,4,0,0,2253,,0,2,1,
2026-09-12T19:23:36.555Z,85315625000000,3797547,14175,-44045,-44048,,2253,2253,2253,18024,2,2,2253,2253,0,1,1,0,,0,3,3,0,3,4,0,0,2253,,0,2,1,
2026-09-12T19:23:36.658Z,85315734000000,3797667,14177,-44036,-44046,,2253,0,0,18024,2,2,0,0,0,1,1,0,,0,3,3,0,3,4,0,0,2253,,0,2,1,
2026-09-12T19:23:36.760Z,85315828000000,3797767,14178,-44062,-44045,,2253,-1126,-1126,18024,2,2,-1126,-1126,0,1,1,0,,0,3,3,0,3,4,0,0,3379,,0,2,1,
2026-09-12T19:23:36.863Z,85315937000000,3797867,14179,-44056,-44046,,2253,0,0,18024,2,2,0,0,0,1,1,0,,0,3,3,0,3,4,0,0,3379,,0,2,1,
2026-09-12T19:23:36.966Z,85316031000000,3797967,14180,-44042,-44047,,2253,1126,1126,18024,2,2,1126,1126,0,1,1,0,,0,3,3,0,3,4,0,0,3379,,0,2,1,
2026-09-12T19:23:37.069Z,85316140000000,3798067,14181,-44040,-44046,,2253,0,0,18024,2,2,0,0,0,1,1,0,,0,3,3,0,3,4,0,0,3379,,0,2,1,
2026-09-12T19:23:37.174Z,85316250000000,3798168,14182,-44057,-44045,,2253,-1126,-1126,18024,2,2,-1126,-1126,0,1,1,0,,0,3,3,0,3,4,0,0,3379,,0,2,1,
2026-09-12T19:23:37.367Z,85316437000000,3798269,14183,-44049,-44046,,0,0,0,18024,2,2,0,0,0,1,1,0,,0,3,3,0,3,4,0,0,3379,,0,2,1,
2026-09-12T19:23:37.470Z,85316546000000,3798468,14185,-44045,-44046,,0,0,0,18024,2,2,0,0,0,1,1,0,,0,3,3,0,3,4,0,0,2252,,0,2,1,
2026-09-12T19:23:37.575Z,85316640000000,3798568,14186,-44041,-44045,,0,-1126,-1126,18024,2,2,-1126,-1126,0,1,1,0,,0,3,3,0,3,4,0,0,2252,,0,2,1,
2026-09-12T19:23:37.679Z,85316750000000,3798671,14187,-44059,-44045,,0,-1126,-1126,18024,2,2,-1126,-1126,0,1,1,0,,0,3,3,0,3,4,0,0,2252,,0,2,1,
2026-09-12T19:23:37.783Z,85316859000000,3798775,14188,-44057,-44047,,0,1126,1126,18024,2,2,1126,1126,0,1,1,0,,0,3,3,0,3,4,0,0,2252,,0,2,1,
2026-09-12T19:23:37.887Z,85316953000000,3798879,14189,-44050,-44048,,0,2253,2253,18024,2,2,2253,2253,0,1,1,0,,0,3,3,0,3,4,0,0,3379,,0,2,1,
2026-09-12T19:23:37.992Z,85317062000000,3798983,14190,-44042,-44048,,0,2253,2253,18024,2,2,2253,2253,0,1,1,0,,0,3,3,0,3,4,0,0,3379,,0,2,1,
2026-09-12T19:23:38.096Z,85317171000000,3799088,14191,-44051,-44048,,0,2253,2253,18024,2,2,2253,2253,0,1,1,0,,0,3,3,0,3,4,0,0,3379,,0,2,1,
2026-09-12T19:23:38.199Z,85317265000000,3799192,14192,-44048,-44048,,0,2253,2253,18024,2,2,2253,2253,0,1,1,0,,0,3,3,0,3,4,0,0,3379,,0,2,1,
2026-09-12T19:23:38.391Z,85317468000000,3799296,14193,-44057,-44048,,2253,2253,2253,18024,2,2,2253,2253,0,1,1,0,,0,3,3,0,3,4,0,0,3379,,0,2,1,
2026-09-12T19:23:38.496Z,85317562000000,3799493,14195,-44040,-44048,,2253,2253,2253,18024,2,2,2253,2253,0,1,1,0,,0,3,3,0,3,4,0,0,1127,,0,2,1,
2026-09-12T19:23:38.600Z,85317671000000,3799592,14196,-44034,-44047,,2253,1126,1126,18024,2,2,1126,1126,0,1,1,0,,0,3,3,0,3,4,0,0,1127,,0,2,1,
2026-09-12T19:23:38.704Z,85317781000000,3799696,14197,-44035,-44045,,2253,-1126,-1126,18024,2,2,-1126,-1126,0,1,1,0,,0,3,3,0,3,4,0,0,3379,,0,2,1,
2026-09-12T19:23:38.808Z,85317875000000,3799800,14198,-44053,-44044,,2253,-2253,-2253,18024,2,2,-2253,-2253,0,1,1,0,,0,3,3,0,3,4,0,0,4506,,0,2,1,
2026-09-12T19:23:38.913Z,85317984000000,3799904,14199,-44063,-44045,,2253,-1126,-1126,18024,2,2,-1126,-1126,0,1,1,0,,0,3,3,0,3,4,0,0,4506,,0,2,1,
2026-09-12T19:23:39.017Z,85318093000000,3800008,14200,-44063,-44047,,2253,1126,1126,18024,2,2,1126,1126,0,1,1,0,,0,3,3,0,3,4,0,0,4506,,0,2,1,
2026-09-12T19:23:39.121Z,85318187000000,3800113,14201,-44040,-44049,,2253,3379,3379,18024,2,2,3379,3379,0,1,1,0,,0,3,3,0,3,4,0,0,5632,,0,2,1,
2026-09-12T19:23:39.224Z,85318296000000,3800217,14202,-44056,-44050,,2253,4506,4506,18024,2,2,4506,4506,0,1,1,0,,0,3,3,0,3,4,0,0,6759,,0,2,1,
2026-09-12T19:23:39.414Z,85318484000000,3800321,14203,-44052,-44050,,3379,4506,4506,18024,2,2,4506,4506,0,1,1,0,,0,3,3,0,3,4,0,0,6759,,0,2,1,
2026-09-12T19:23:39.519Z,85318593000000,3800471,14205,-44037,-44049,,3379,3379,3379,18024,2,2,3379,3379,0,1,1,0,,0,3,3,0,3,4,0,0,6759,,0,2,1,
2026-09-12T19:23:39.624Z,85318703000000,3800615,14206,-44048,-44048,,3379,2253,2253,18024,2,2,2253,2253,0,1,1,0,,0,3,3,0,3,4,0,0,5632,,0,2,1,
2026-09-12T19:23:39.727Z,85318796000000,3800720,14207,-44058,-44048,,3379,2253,2253,18024,2,2,2253,2253,0,1,1,0,,0,3,3,0,3,4,0,0,3380,,0,2,1,
2026-09-12T19:23:39.833Z,85318906000000,3800824,14208,-44047,-44048,,3379,2253,2253,18024,2,2,2253,2253,0,1,1,0,,0,3,3,0,3,4,0,0,2253,,0,2,1,
2026-09-12T19:23:39.937Z,85319015000000,3800929,14209,-44037,-44048,,3379,2253,2253,18024,2,2,2253,2253,0,1,1,0,,0,3,3,0,3,4,0,0,2253,,0,2,1,
2026-09-12T19:23:40.040Z,85319109000000,3801034,14210,-44053,-44048,,3379,2253,2253,18024,2,2,2253,2253,0,1,1,0,,0,3,3,0,3,4,0,0,2253,,0,2,1,
2026-09-12T19:23:40.146Z,85319218000000,3801138,14211,-44063,-44049,,3379,3379,3379,18024,2,2,3379,3379,0,1,1,0,,0,3,3,0,3,4,0,0,2253,,0,2,1,
2026-09-12T19:23:40.250Z,85319328000000,3801243,14212,-44043,-44050,,3379,4506,4506,18024,2,2,4506,4506,0,1,1,0,,0,3,3,0,3,4,0,0,2253,,0,2,1,
2026-09-12T19:23:40.441Z,85319515000000,3801347,14213,-44051,-44050,,2253,4506,4506,18024,2,2,4506,4506,0,1,1,0,,0,3,3,0,3,4,0,0,2253,,0,2,1,
2026-09-12T19:23:40.546Z,85319625000000,3801493,14215,-44043,-44048,,2253,2253,2253,18024,2,2,2253,2253,0,1,1,0,,0,3,3,0,3,4,0,0,2253,,0,2,1,
2026-09-12T19:23:40.649Z,85319718000000,3801642,14216,-44056,-44047,,2253,1126,1126,18024,2,2,1126,1126,0,1,1,0,,0,3,3,0,3,4,0,0,3380,,0,2,1,
2026-09-12T19:23:40.753Z,85319828000000,3801746,14217,-44029,-44046,,2253,0,0,18024,2,2,0,0,0,1,1,0,,0,3,3,0,3,4,0,0,4506,,0,2,1,
2026-09-12T19:23:40.857Z,85319937000000,3801850,14218,-44032,-44044,,2253,-2253,-2253,18024,2,2,-2253,-2253,0,1,1,0,,0,3,3,0,3,4,0,0,6759,,0,2,1,
2026-09-12T19:23:40.962Z,85320031000000,3801954,14219,-44026,-44042,,2253,-4506,-4506,18024,2,2,-4506,-4506,0,1,1,0,,0,3,3,0,3,4,0,0,9012,,0,2,1,
2026-09-12T19:23:41.065Z,85320140000000,3802075,14221,-44033,-44040,,2253,-6759,-6759,18024,2,2,-6759,-6759,0,1,1,0,,0,3,3,0,3,4,0,0,10138,,0,2,1,
2026-09-12T19:23:41.168Z,85320234000000,3802175,14222,-44048,-44040,,2253,-6759,-6759,18024,2,2,-6759,-6759,0,1,1,0,,0,3,3,0,3,4,0,0,9012,,0,2,1,
2026-09-12T19:23:41.270Z,85320343000000,3802275,14223,-44036,-44039,,2253,-7885,-7885,18024,2,2,-7885,-7885,0,1,1,0,,0,3,3,0,3,4,0,0,9011,,0,2,1,
2026-09-12T19:23:41.460Z,85320531000000,3802375,14224,-44038,-44039,,-7885,-7885,-7885,18024,2,2,-7885,-7885,0,1,1,0,,0,3,3,0,3,4,0,0,7885,,0,2,1,
2026-09-12T19:23:41.564Z,85320640000000,3802575,14226,-44048,-44040,,-7885,-6759,-6759,18024,2,2,-6759,-6759,0,1,1,0,,0,3,3,0,3,4,0,0,3379,,0,2,1,
2026-09-12T19:23:41.666Z,85320734000000,3802676,14227,-44042,-44041,,-7885,-5632,-5632,18024,2,2,-5632,-5632,0,1,1,0,,0,3,3,0,3,4,0,0,2253,,0,2,1,
2026-09-12T19:23:41.769Z,85320843000000,3802776,14228,-44043,-44041,,-7885,-5632,-5632,18024,2,2,-5632,-5632,0,1,1,0,,0,3,3,0,3,4,0,0,2253,,0,2,1,
2026-09-12T19:23:41.872Z,85320937000000,3802876,14229,-44033,-44041,,-7885,-5632,-5632,18024,2,2,-5632,-5632,0,1,1,0,,0,3,3,0,3,4,0,0,2253,,0,2,1,
2026-09-12T19:23:41.975Z,85321046000000,3802976,14230,-44049,-44041,,-7885,-5632,-5632,18024,2,2,-5632,-5632,0,1,1,0,,0,3,3,0,3,4,0,0,2253,,0,2,1,
2026-09-12T19:23:42.080Z,85321156000000,3803076,14231,-44055,-44042,,-7885,-4506,-4506,18024,2,2,-4506,-4506,0,1,1,0,,0,3,3,0,3,4,0,0,3379,,0,2,1,
2026-09-12T19:23:42.185Z,85321250000000,3803176,14232,-44044,-44043,,-7885,-3379,-3379,18024,2,2,-3379,-3379,0,1,1,0,,0,3,3,0,3,4,0,0,4506,,0,2,1,
2026-09-12T19:23:42.289Z,85321359000000,3803281,14233,-44053,-44044,,-7885,-2253,-2253,18024,2,2,-2253,-2253,0,1,1,0,,0,3,3,0,3,4,0,0,4506,,0,2,1,
2026-09-12T19:23:42.479Z,85321546000000,3803385,14234,-44049,-44045,,0,-1126,-1126,18024,2,2,-1126,-1126,0,1,1,0,,0,3,3,0,3,4,0,0,4506,,0,2,1,
2026-09-12T19:23:42.582Z,85321656000000,3803582,14236,-44052,-44046,,0,0,0,18024,2,2,0,0,0,1,1,0,,0,3,3,0,3,4,0,0,5632,,0,2,1,
2026-09-12T19:23:42.686Z,85321765000000,3803679,14237,-44070,-44047,,0,1126,1126,18024,2,2,1126,1126,0,1,1,0,,0,3,3,0,3,4,0,0,6758,,0,2,1,
2026-09-12T19:23:42.791Z,85321859000000,3803783,14238,-44046,-44048,,0,2253,2253,18024,2,2,2253,2253,0,1,1,0,,0,3,3,0,3,4,0,0,6759,,0,2,1,
2026-09-12T19:23:42.895Z,85321968000000,3803887,14239,-44048,-44048,,0,2253,2253,18024,2,2,2253,2253,0,1,1,0,,0,3,3,0,3,4,0,0,5632,,0,2,1,
2026-09-12T19:23:43.000Z,85322078000000,3803991,14240,-44034,-44048,,0,2253,2253,18024,2,2,2253,2253,0,1,1,0,,0,3,3,0,3,4,0,0,4506,,0,2,1,
2026-09-12T19:23:43.104Z,85322171000000,3804096,14241,-44032,-44046,,0,0,0,18024,2,2,0,0,0,1,1,0,,0,3,3,0,3,4,0,0,3379,,0,2,1,
2026-09-12T19:23:43.208Z,85322281000000,3804200,14242,-44037,-44044,,0,-2253,-2253,18024,2,2,-2253,-2253,0,1,1,0,,0,3,3,0,3,4,0,0,4506,,0,2,1,
2026-09-12T19:23:43.313Z,85322390000000,3804304,14243,-44030,-44042,,0,-4506,-4506,18024,2,2,-4506,-4506,0,1,1,0,,0,3,3,0,3,4,0,0,6759,,0,2,1,
2026-09-12T19:23:43.505Z,85322578000000,3804408,14244,-44026,-44040,,-7885,-6759,-6759,18024,2,2,-6759,-6759,0,1,1,0,,0,3,3,0,3,4,0,0,9012,,0,2,1,
2026-09-12T19:23:43.609Z,85322687000000,3804607,14246,-44043,-44039,,-7885,-7885,-7885,18024,2,2,-7885,-7885,0,1,1,0,,0,3,3,0,3,4,0,0,10138,,0,2,1,
2026-09-12T19:23:43.713Z,85322781000000,3804706,14247,-44053,-44040,,-7885,-6759,-6759,18024,2,2,-6759,-6759,0,1,1,0,,0,3,3,0,3,4,0,0,10138,,0,2,1,
2026-09-12T19:23:43.817Z,85322890000000,3804809,14248,-44054,-44042,,-7885,-4506,-4506,18024,2,2,-4506,-4506,0,1,1,0,,0,3,3,0,3,4,0,0,7885,,0,2,1,
2026-09-12T19:23:43.921Z,85323000000000,3804914,14249,-44053,-44043,,-7885,-3379,-3379,18024,2,2,-3379,-3379,0,1,1,0,,0,3,3,0,3,4,0,0,5632,,0,2,1,
2026-09-12T19:23:44.026Z,85323093000000,3805018,14250,-44056,-44044,,-7885,-2253,-2253,18024,2,2,-2253,-2253,0,1,1,0,,0,3,3,0,3,4,0,0,5632,,0,2,1,
2026-09-12T19:23:44.130Z,85323203000000,3805122,14251,-44062,-44046,,-7885,0,0,18024,2,2,0,0,0,1,1,0,,0,3,3,0,3,4,0,0,7885,,0,2,1,
2026-09-12T19:23:44.235Z,85323312000000,3805226,14252,-44032,-44047,,-7885,1126,1126,18024,2,2,1126,1126,0,1,1,0,,0,3,3,0,3,4,0,0,9011,,0,2,1,
2026-09-12T19:23:44.339Z,85323406000000,3805332,14253,-44021,-44045,,-7885,-1126,-1126,18024,2,2,-1126,-1126,0,1,1,0,,0,3,3,0,3,4,0,0,9011,,0,2,1,
2026-09-12T19:23:44.532Z,85323609000000,3805437,14254,-44047,-44043,,-3379,-3379,-3379,18024,2,2,-3379,-3379,0,1,1,0,,0,3,3,0,3,4,0,0,7885,,0,2,1,
2026-09-12T19:23:44.636Z,85323703000000,3805583,14256,-44036,-44043,,-3379,-3379,-3379,18024,2,2,-3379,-3379,0,1,1,0,,0,3,3,0,3,4,0,0,4505,,0,2,1,
2026-09-12T19:23:44.739Z,85323812000000,3805732,14257,-44035,-44042,,-3379,-4506,-4506,18024,2,2,-4506,-4506,0,1,1,0,,0,3,3,0,3,4,0,0,5632,,0,2,1,
2026-09-12T19:23:44.845Z,85323921000000,3805836,14258,-44049,-44041,,-3379,-5632,-5632,18024,2,2,-5632,-5632,0,1,1,0,,0,3,3,0,3,4,0,0,6758,,0,2,1,
2026-09-12T19:23:44.949Z,85324015000000,3805941,14259,-44040,-44041,,-3379,-5632,-5632,18024,2,2,-5632,-5632,0,1,1,0,,0,3,3,0,3,4,0,0,6758,,0,2,1,
2026-09-12T19:23:45.053Z,85324125000000,3806046,14260,-44044,-44041,,-3379,-5632,-5632,18024,2,2,-5632,-5632,0,1,1,0,,0,3,3,0,3,4,0,0,4506,,0,2,1,
2026-09-12T19:23:45.158Z,85324234000000,3806150,14261,-44046,-44041,,-3379,-5632,-5632,18024,2,2,-5632,-5632,0,1,1,0,,0,3,3,0,3,4,0,0,2253,,0,2,1,
2026-09-12T19:23:45.261Z,85324328000000,3806254,14262,-44049,-44042,,-3379,-4506,-4506,18024,2,2,-4506,-4506,0,1,1,0,,0,3,3,0,3,4,0,0,2253,,0,2,1,
2026-09-12T19:23:45.366Z,85324437000000,3806358,14263,-44041,-44043,,-3379,-3379,-3379,18024,2,2,-3379,-3379,0,1,1,0,,0,3,3,0,3,4,0,0,2253,,0,2,1,
2026-09-12T19:23:45.556Z,85324625000000,3806482,14265,-44043,-44043,,-4506,-3379,-3379,18024,2,2,-3379,-3379,0,1,1,0,,0,3,3,0,3,4,0,0,2253,,0,2,1,
2026-09-12T19:23:45.660Z,85324734000000,3806582,14266,-44036,-44042,,-4506,-4506,-4506,18024,2,2,-4506,-4506,0,1,1,0,,0,3,3,0,3,4,0,0,2253,,0,2,1,
2026-09-12T19:23:45.764Z,85324843000000,3806757,14267,-44055,-44042,,-4506,-4506,-4506,18024,2,2,-4506,-4506,0,1,1,0,,0,3,3,0,3,4,0,0,2253,,0,2,1,
2026-09-12T19:23:45.868Z,85324937000000,3806861,14268,-44060,-44044,,-4506,-2253,-2253,18024,2,2,-2253,-2253,0,1,1,0,,0,3,3,0,3,4,0,0,3379,,0,2,1,
2026-09-12T19:23:45.973Z,85325046000000,3806983,14270,-44045,-44048,,-4506,2253,2253,18024,2,2,2253,2253,0,1,1,0,,0,3,3,0,3,4,0,0,6759,,0,2,1,
2026-09-12T19:23:46.076Z,85325156000000,3807083,14271,-44032,-44048,,-4506,2253,2253,18024,2,2,2253,2253,0,1,1,0,,0,3,3,0,3,4,0,0,6759,,0,2,1,
2026-09-12T19:23:46.179Z,85325250000000,3807183,14272,-44027,-44046,,-4506,0,0,18024,2,2,0,0,0,1,1,0,,0,3,3,0,3,4,0,0,6759,,0,2,1,
2026-09-12T19:23:46.282Z,85325359000000,3807283,14273,-44041,-44044,,-4506,-2253,-2253,18024,2,2,-2253,-2253,0,1,1,0,,0,3,3,0,3,4,0,0,6759,,0,2,1,
2026-09-12T19:23:46.384Z,85325453000000,3807383,14274,-44017,-44042,,-4506,-4506,-4506,18024,2,2,-4506,-4506,0,1,1,0,,0,3,3,0,3,4,0,0,6759,,0,2,1,
2026-09-12T19:23:46.574Z,85325640000000,3807484,14275,-44025,-44040,,-9012,-6759,-6759,18024,2,2,-6759,-6759,0,1,1,0,,0,3,3,0,3,4,0,0,9012,,0,2,1,
2026-09-12T19:23:46.678Z,85325750000000,3807684,14277,-44043,-44039,,-9012,-7885,-7885,18024,2,2,-7885,-7885,0,1,1,0,,0,3,3,0,3,4,0,0,11265,,0,2,1,
2026-09-12T19:23:46.781Z,85325859000000,3807784,14278,-44035,-44040,,-9012,-6759,-6759,18024,2,2,-6759,-6759,0,1,1,0,,0,3,3,0,3,4,0,0,11265,,0,2,1,
2026-09-12T19:23:46.883Z,85325953000000,3807884,14279,-44022,-44039,,-9012,-7885,-7885,18024,2,2,-7885,-7885,0,1,1,0,,0,3,3,0,3,4,0,0,9012,,0,2,1,
2026-09-12T19:23:46.989Z,85326062000000,3807984,14280,-44020,-44037,,-9012,-10138,-10138,18024,2,2,-10138,-10138,0,1,1,0,,0,3,3,0,3,4,0,0,7885,,0,2,1,
2026-09-12T19:23:47.093Z,85326171000000,3808085,14281,-44030,-44035,,-9012,-12391,-12391,18024,2,2,-12391,-12391,0,1,1,0,,0,3,3,0,3,4,0,0,7885,,0,2,1,
2026-09-12T19:23:47.198Z,85326265000000,3808190,14282,-44023,-44033,,-9012,-14644,-14644,18024,2,2,-14644,-14644,0,1,1,0,,0,3,3,0,3,4,0,0,7885,,0,2,1,
2026-09-12T19:23:47.303Z,85326375000000,3808294,14283,-44038,-44033,,-9012,-14644,-14644,18024,2,2,-14644,-14644,0,1,1,0,,0,3,3,0,3,4,0,0,7885,,0,2,1,
2026-09-12T19:23:47.406Z,85326484000000,3808399,14284,-44046,-44034,,-9012,-13518,-13518,18024,2,2,-13518,-13518,0,1,1,0,,0,3,3,0,3,4,0,0,7885,,0,2,1,
2026-09-12T19:23:47.599Z,85326671000000,3808504,14285,-44035,-44035,,-12391,-12391,-12391,18024,2,2,-12391,-12391,0,1,1,0,,0,3,3,0,3,4,0,0,7885,,0,2,1,
2026-09-12T19:23:47.702Z,85326781000000,3808702,14287,-44023,-44034,,-12391,-13518,-13518,18024,2,2,-13518,-13518,0,1,1,0,,0,3,3,0,3,4,0,0,4506,,0,2,1,
2026-09-12T19:23:47.809Z,85326875000000,3808800,14288,-44018,-44033,,-12391,-14644,-14644,18024,2,2,-14644,-14644,0,1,1,0,,0,3,3,0,3,4,0,0,2253,,0,2,1,
2026-09-12T19:23:47.913Z,85326984000000,3808905,14289,-44010,-44031,,-12391,-16897,-16897,18024,2,2,-16897,-16897,0,1,1,0,,0,3,3,0,3,4,0,0,4506,,0,2,1,
2026-09-12T19:23:48.017Z,85327093000000,3809010,14290,-44035,-44029,,-12391,-19150,-19150,18024,2,2,-19150,-19150,0,1,1,0,,0,3,3,0,3,4,0,0,6759,,0,2,1,
2026-09-12T19:23:48.122Z,85327187000000,3809114,14291,-44048,-44030,,-12391,-18024,-18024,18024,2,2,-18024,-18024,0,1,1,0,,0,3,3,0,3,4,0,0,6759,,0,2,1,
2026-09-12T19:23:48.227Z,85327296000000,3809219,14292,-44040,-44031,,-12391,-16897,-16897,18024,2,2,-16897,-16897,0,1,1,0,,0,3,3,0,3,4,0,0,6759,,0,2,1,
2026-09-12T19:23:48.332Z,85327406000000,3809323,14293,-44047,-44033,,-12391,-14644,-14644,18024,2,2,-14644,-14644,0,1,1,0,,0,3,3,0,3,4,0,0,6759,,0,2,1,
2026-09-12T19:23:48.436Z,85327515000000,3809428,14294,-44061,-44035,,-12391,-12391,-12391,18024,2,2,-12391,-12391,0,1,1,0,,0,3,3,0,3,4,0,0,6759,,0,2,1,
2026-09-12T19:23:48.627Z,85327703000000,3809533,14295,-44039,-44037,,-6759,-10138,-10138,18024,2,2,-10138,-10138,0,1,1,0,,0,3,3,0,3,4,0,0,9012,,0,2,1,
2026-09-12T19:23:48.731Z,85327796000000,3809687,14297,-44059,-44040,,-6759,-6759,-6759,18024,2,2,-6759,-6759,0,1,1,0,,0,3,3,0,3,4,0,0,12391,,0,2,1,
2026-09-12T19:23:48.835Z,85327906000000,3809828,14298,-44055,-44042,,-6759,-4506,-4506,18024,2,2,-4506,-4506,0,1,1,0,,0,3,3,0,3,4,0,0,13518,,0,2,1,
2026-09-12T19:23:48.941Z,85328015000000,3809933,14299,-44052,-44044,,-6759,-2253,-2253,18024,2,2,-2253,-2253,0,1,1,0,,0,3,3,0,3,4,0,0,14644,,0,2,1,
2026-09-12T19:23:49.044Z,85328125000000,3810037,14300,-44043,-44045,,-6759,-1126,-1126,18024,2,2,-1126,-1126,0,1,1,0,,0,3,3,0,3,4,0,0,13518,,0,2,1,
2026-09-12T19:23:49.149Z,85328218000000,3810142,14301,-44040,-44045,,-6759,-1126,-1126,18024,2,2,-1126,-1126,0,1,1,0,,0,3,3,0,3,4,0,0,11265,,0,2,1,
2026-09-12T19:23:49.253Z,85328328000000,3810245,14302,-44044,-44045,,-6759,-1126,-1126,18024,2,2,-1126,-1126,0,1,1,0,,0,3,3,0,3,4,0,0,9012,,0,2,1,
2026-09-12T19:23:49.357Z,85328421000000,3810350,14303,-44042,-44045,,-6759,-1126,-1126,18024,2,2,-1126,-1126,0,1,1,0,,0,3,3,0,3,4,0,0,6759,,0,2,1,
2026-09-12T19:23:49.463Z,85328531000000,3810454,14304,-44045,-44045,,-6759,-1126,-1126,18024,2,2,-1126,-1126,0,1,1,0,,0,3,3,0,3,4,0,0,5633,,0,2,1,
2026-09-12T19:23:49.654Z,85328734000000,3810560,14305,-44042,-44045,,0,-1126,-1126,18024,2,2,-1126,-1126,0,1,1,0,,0,3,3,0,3,4,0,0,3380,,0,2,1,
2026-09-12T19:23:49.758Z,85328828000000,3810707,14307,-44049,-44046,,0,0,0,18024,2,2,0,0,0,1,1,0,,0,3,3,0,3,4,0,0,1126,,0,2,1,
2026-09-12T19:23:49.863Z,85328937000000,3810856,14308,-44054,-44047,,0,1126,1126,18024,2,2,1126,1126,0,1,1,0,,0,3,3,0,3,4,0,0,2252,,0,2,1,
2026-09-12T19:23:49.967Z,85329046000000,3810960,14309,-44046,-44047,,0,1126,1126,18024,2,2,1126,1126,0,1,1,0,,0,3,3,0,3,4,0,0,2252,,0,2,1,
2026-09-12T19:23:50.073Z,85329140000000,3811065,14310,-44044,-44047,,0,1126,1126,18024,2,2,1126,1126,0,1,1,0,,0,3,3,0,3,4,0,0,2252,,0,2,1,
2026-09-12T19:23:50.177Z,85329250000000,3811190,14312,-44019,-44047,,0,1126,1126,18024,2,2,1126,1126,0,1,1,0,,0,3,3,0,3,4,0,0,2252,,0,2,1,
2026-09-12T19:23:50.279Z,85329359000000,3811290,14313,-44032,-44045,,0,-1126,-1126,18024,2,2,-1126,-1126,0,1,1,0,,0,3,3,0,3,4,0,0,2252,,0,2,1,
2026-09-12T19:23:50.384Z,85329453000000,3811390,14314,-44042,-44043,,0,-3379,-3379,18024,2,2,-3379,-3379,0,1,1,0,,0,3,3,0,3,4,0,0,4505,,0,2,1,
2026-09-12T19:23:50.487Z,85329562000000,3811490,14315,-44045,-44043,,0,-3379,-3379,18024,2,2,-3379,-3379,0,1,1,0,,0,3,3,0,3,4,0,0,4505,,0,2,1,
2026-09-12T19:23:50.675Z,85329750000000,3811590,14316,-44052,-44043,,-2253,-3379,-3379,18024,2,2,-3379,-3379,0,1,1,0,,0,3,3,0,3,4,0,0,4505,,0,2,1,
2026-09-12T19:23:50.777Z,85329843000000,3811790,14318,-44041,-44045,,-2253,-1126,-1126,18024,2,2,-1126,-1126,0,1,1,0,,0,3,3,0,3,4,0,0,4505,,0,2,1,
2026-09-12T19:23:50.880Z,85329953000000,3811890,14319,-44051,-44046,,-2253,0,0,18024,2,2,0,0,0,1,1,0,,0,3,3,0,3,4,0,0,4505,,0,2,1,
2026-09-12T19:23:50.984Z,85330062000000,3811991,14320,-44055,-44047,,-2253,1126,1126,18024,2,2,1126,1126,0,1,1,0,,0,3,3,0,3,4,0,0,4505,,0,2,1,
2026-09-12T19:23:51.087Z,85330156000000,3812091,14321,-44055,-44048,,-2253,2253,2253,18024,2,2,2253,2253,0,1,1,0,,0,3,3,0,3,4,0,0,5632,,0,2,1,
2026-09-12T19:23:51.189Z,85330265000000,3812191,14322,-44054,-44049,,-2253,3379,3379,18024,2,2,3379,3379,0,1,1,0,,0,3,3,0,3,4,0,0,6758,,0,2,1,
2026-09-12T19:23:51.292Z,85330359000000,3812291,14323,-44023,-44050,,-2253,4506,4506,18024,2,2,4506,4506,0,1,1,0,,0,3,3,0,3,4,0,0,7885,,0,2,1,
2026-09-12T19:23:51.397Z,85330468000000,3812391,14324,-44019,-44047,,-2253,1126,1126,18024,2,2,1126,1126,0,1,1,0,,0,3,3,0,3,4,0,0,6759,,0,2,1,
2026-09-12T19:23:51.500Z,85330578000000,3812494,14325,-44040,-44044,,-2253,-2253,-2253,18024,2,2,-2253,-2253,0,1,1,0,,0,3,3,0,3,4,0,0,6759,,0,2,1,
2026-09-12T19:23:51.692Z,85330765000000,3812598,14326,-44036,-44043,,-4506,-3379,-3379,18024,2,2,-3379,-3379,0,1,1,0,,0,3,3,0,3,4,0,0,7885,,0,2,1,
2026-09-12T19:23:51.797Z,85330875000000,3812795,14328,-44041,-44041,,-4506,-5632,-5632,18024,2,2,-5632,-5632,0,1,1,0,,0,3,3,0,3,4,0,0,10138,,0,2,1,
2026-09-12T19:23:51.901Z,85330968000000,3812894,14329,-44038,-44041,,-4506,-5632,-5632,18024,2,2,-5632,-5632,0,1,1,0,,0,3,3,0,3,4,0,0,10138,,0,2,1,
2026-09-12T19:23:52.007Z,85331078000000,3812999,14330,-44034,-44041,,-4506,-5632,-5632,18024,2,2,-5632,-5632,0,1,1,0,,0,3,3,0,3,4,0,0,10138,,0,2,1,
2026-09-12T19:23:52.112Z,85331187000000,3813104,14331,-44042,-44041,,-4506,-5632,-5632,18024,2,2,-5632,-5632,0,1,1,0,,0,3,3,0,3,4,0,0,6758,,0,2,1,
2026-09-12T19:23:52.217Z,85331296000000,3813208,14332,-44031,-44040,,-4506,-6759,-6759,18024,2,2,-6759,-6759,0,1,1,0,,0,3,3,0,3,4,0,0,4506,,0,2,1,
2026-09-12T19:23:52.321Z,85331390000000,3813314,14333,-44034,-44039,,-4506,-7885,-7885,18024,2,2,-7885,-7885,0,1,1,0,,0,3,3,0,3,4,0,0,4506,,0,2,1,
2026-09-12T19:23:52.426Z,85331500000000,3813418,14334,-44049,-44038,,-4506,-9012,-9012,18024,2,2,-9012,-9012,0,1,1,0,,0,3,3,0,3,4,0,0,4506,,0,2,1,
2026-09-12T19:23:52.530Z,85331609000000,3813523,14335,-44030,-44037,,-4506,-10138,-10138,18024,2,2,-10138,-10138,0,1,1,0,,0,3,3,0,3,4,0,0,4506,,0,2,1,
2026-09-12T19:23:52.722Z,85331796000000,3813627,14336,-44031,-44036,,-12391,-11265,-11265,18024,2,2,-11265,-11265,0,1,1,0,,0,3,3,0,3,4,0,0,5633,,0,2,1,
2026-09-12T19:23:52.826Z,85331906000000,3813825,14338,-44035,-44035,,-12391,-12391,-12391,18024,2,2,-12391,-12391,0,1,1,0,,0,3,3,0,3,4,0,0,6759,,0,2,1,
2026-09-12T19:23:52.933Z,85332000000000,3813924,14339,-44027,-44035,,-12391,-12391,-12391,18024,2,2,-12391,-12391,0,1,1,0,,0,3,3,0,3,4,0,0,5632,,0,2,1,
2026-09-12T19:23:53.037Z,85332109000000,3814029,14340,-44044,-44035,,-12391,-12391,-12391,18024,2,2,-12391,-12391,0,1,1,0,,0,3,3,0,3,4,0,0,4506,,0,2,1,
2026-09-12T19:23:53.142Z,85332218000000,3814135,14341,-44047,-44036,,-12391,-11265,-11265,18024,2,2,-11265,-11265,0,1,1,0,,0,3,3,0,3,4,0,0,3379,,0,2,1,
2026-09-12T19:23:53.246Z,85332312000000,3814239,14342,-44029,-44037,,-12391,-10138,-10138,18024,2,2,-10138,-10138,0,1,1,0,,0,3,3,0,3,4,0,0,2253,,0,2,1,
2026-09-12T19:23:53.352Z,85332421000000,3814344,14343,-44016,-44036,,-12391,-11265,-11265,18024,2,2,-11265,-11265,0,1,1,0,,0,3,3,0,3,4,0,0,2253,,0,2,1,
2026-09-12T19:23:53.457Z,85332531000000,3814448,14344,-44018,-44034,,-12391,-13518,-13518,18024,2,2,-13518,-13518,0,1,1,0,,0,3,3,0,3,4,0,0,3380,,0,2,1,
2026-09-12T19:23:53.562Z,85332640000000,3814555,14345,-44038,-44032,,-12391,-15771,-15771,18024,2,2,-15771,-15771,0,1,1,0,,0,3,3,0,3,4,0,0,5633,,0,2,1,
2026-09-12T19:23:53.753Z,85332828000000,3814659,14346,-44051,-44033,,-12391,-14644,-14644,18024,2,2,-14644,-14644,0,1,1,0,,0,3,3,0,3,4,0,0,5633,,0,2,1,
2026-09-12T19:23:53.858Z,85332937000000,3814807,14348,-44039,-44035,,-12391,-12391,-12391,18024,2,2,-12391,-12391,0,1,1,0,,0,3,3,0,3,4,0,0,5633,,0,2,1,
2026-09-12T19:23:53.963Z,85333031000000,3814956,14349,-44034,-44035,,-12391,-12391,-12391,18024,2,2,-12391,-12391,0,1,1,0,,0,3,3,0,3,4,0,0,5633,,0,2,1,
2026-09-12T19:23:54.068Z,85333140000000,3815061,14350,-44041,-44036,,-12391,-11265,-11265,18024,2,2,-11265,-11265,0,1,1,0,,0,3,3,0,3,4,0,0,4506,,0,2,1,
2026-09-12T19:23:54.173Z,85333250000000,3815166,14351,-44052,-44037,,-12391,-10138,-10138,18024,2,2,-10138,-10138,0,1,1,0,,0,3,3,0,3,4,0,0,5633,,0,2,1,
2026-09-12T19:23:54.278Z,85333343000000,3815271,14352,-44048,-44038,,-12391,-9012,-9012,18024,2,2,-9012,-9012,0,1,1,0,,0,3,3,0,3,4,0,0,6759,,0,2,1,
2026-09-12T19:23:54.382Z,85333453000000,3815376,14353,-44035,-44039,,-12391,-7885,-7885,18024,2,2,-7885,-7885,0,1,1,0,,0,3,3,0,3,4,0,0,6759,,0,2,1,
2026-09-12T19:23:54.486Z,85333562000000,3815496,14355,-44039,-44040,,-12391,-6759,-6759,18024,2,2,-6759,-6759,0,1,1,0,,0,3,3,0,3,4,0,0,5632,,0,2,1,
2026-09-12T19:23:54.589Z,85333656000000,3815597,14356,-44044,-44041,,-12391,-5632,-5632,18024,2,2,-5632,-5632,0,1,1,0,,0,3,3,0,3,4,0,0,6759,,0,2,1,
2026-09-12T19:23:54.778Z,85333843000000,3815697,14357,-44039,-44041,,-5632,-5632,-5632,18024,2,2,-5632,-5632,0,1,1,0,,0,3,3,0,3,4,0,0,5633,,0,2,1,
2026-09-12T19:23:54.883Z,85333953000000,3815797,14358,-44043,-44041,,-5632,-5632,-5632,18024,2,2,-5632,-5632,0,1,1,0,,0,3,3,0,3,4,0,0,4506,,0,2,1,
2026-09-12T19:23:54.987Z,85334062000000,3815997,14360,-44041,-44041,,-5632,-5632,-5632,18024,2,2,-5632,-5632,0,1,1,0,,0,3,3,0,3,4,0,0,2253,,0,2,1,
2026-09-12T19:23:55.091Z,85334156000000,3816097,14361,-44048,-44041,,-5632,-5632,-5632,18024,2,2,-5632,-5632,0,1,1,0,,0,3,3,0,3,4,0,0,1127,,0,2,1,
2026-09-12T19:23:55.193Z,85334265000000,3816197,14362,-44053,-44042,,-5632,-4506,-4506,18024,2,2,-4506,-4506,0,1,1,0,,0,3,3,0,3,4,0,0,2253,,0,2,1,
2026-09-12T19:23:55.296Z,85334375000000,3816298,14363,-44052,-44043,,-5632,-3379,-3379,18024,2,2,-3379,-3379,0,1,1,0,,0,3,3,0,3,4,0,0,2253,,0,2,1,
2026-09-12T19:23:55.400Z,85334468000000,3816398,14364,-44048,-44044,,-5632,-2253,-2253,18024,2,2,-2253,-2253,0,1,1,0,,0,3,3,0,3,4,0,0,3379,,0,2,1,
2026-09-12T19:23:55.505Z,85334578000000,3816498,14365,-44047,-44045,,-5632,-1126,-1126,18024,2,2,-1126,-1126,0,1,1,0,,0,3,3,0,3,4,0,0,4506,,0,2,1,
2026-09-12T19:23:55.608Z,85334687000000,3816602,14366,-44046,-44045,,-5632,-1126,-1126,18024,2,2,-1126,-1126,0,1,1,0,,0,3,3,0,3,4,0,0,4506,,0,2,1,
2026-09-12T19:23:55.799Z,85334875000000,3816706,14367,-44050,-44045,,-1126,-1126,-1126,18024,2,2,-1126,-1126,0,1,1,0,,0,3,3,0,3,4,0,0,4506,,0,2,1,
2026-09-12T19:23:55.903Z,85334968000000,3816903,14369,-44036,-44044,,-1126,-2253,-2253,18024,2,2,-2253,-2253,0,1,1,0,,0,3,3,0,3,4,0,0,3380,,0,2,1,
2026-09-12T19:23:56.007Z,85335078000000,3817001,14370,-44025,-44043,,-1126,-3379,-3379,18024,2,2,-3379,-3379,0,1,1,0,,0,3,3,0,3,4,0,0,2253,,0,2,1,
2026-09-12T19:23:56.112Z,85335187000000,3817105,14371,-44042,-44042,,-1126,-4506,-4506,18024,2,2,-4506,-4506,0,1,1,0,,0,3,3,0,3,4,0,0,3380,,0,2,1,
2026-09-12T19:23:56.216Z,85335281000000,3817209,14372,-44045,-44042,,-1126,-4506,-4506,18024,2,2,-4506,-4506,0,1,1,0,,0,3,3,0,3,4,0,0,3380,,0,2,1,
2026-09-12T19:23:56.322Z,85335390000000,3817314,14373,-44038,-44042,,-1126,-4506,-4506,18024,2,2,-4506,-4506,0,1,1,0,,0,3,3,0,3,4,0,0,3380,,0,2,1,
2026-09-12T19:23:56.426Z,85335500000000,3817419,14374,-44032,-44041,,-1126,-5632,-5632,18024,2,2,-5632,-5632,0,1,1,0,,0,3,3,0,3,4,0,0,4506,,0,2,1,
2026-09-12T19:23:56.531Z,85335609000000,3817524,14375,-44034,-44040,,-1126,-6759,-6759,18024,2,2,-6759,-6759,0,1,1,0,,0,3,3,0,3,4,0,0,5633,,0,2,1,
2026-09-12T19:23:56.635Z,85335703000000,3817628,14376,-44047,-44039,,-1126,-7885,-7885,18024,2,2,-7885,-7885,0,1,1,0,,0,3,3,0,3,4,0,0,5632,,0,2,1,
2026-09-12T19:23:56.827Z,85335906000000,3817733,14377,-44061,-44040,,-5632,-6759,-6759,18024,2,2,-6759,-6759,0,1,1,0,,0,3,3,0,3,4,0,0,4506,,0,2,1,
2026-09-12T19:23:56.933Z,85336000000000,3817931,14379,-44034,-44042,,-5632,-4506,-4506,18024,2,2,-4506,-4506,0,1,1,0,,0,3,3,0,3,4,0,0,3379,,0,2,1,
2026-09-12T19:23:57.037Z,85336109000000,3818030,14380,-44037,-44041,,-5632,-5632,-5632,18024,2,2,-5632,-5632,0,1,1,0,,0,3,3,0,3,4,0,0,3379,,0,2,1,
2026-09-12T19:23:57.142Z,85336218000000,3818135,14381,-44020,-44040,,-5632,-6759,-6759,18024,2,2,-6759,-6759,0,1,1,0,,0,3,3,0,3,4,0,0,3379,,0,2,1,
2026-09-12T19:23:57.246Z,85336312000000,3818239,14382,-44026,-44038,,-5632,-9012,-9012,18024,2,2,-9012,-9012,0,1,1,0,,0,3,3,0,3,4,0,0,4506,,0,2,1,
2026-09-12T19:23:57.351Z,85336421000000,3818344,14383,-44037,-44036,,-5632,-11265,-11265,18024,2,2,-11265,-11265,0,1,1,0,,0,3,3,0,3,4,0,0,6759,,0,2,1,
2026-09-12T19:23:57.455Z,85336531000000,3818447,14384,-44039,-44036,,-5632,-11265,-11265,18024,2,2,-11265,-11265,0,1,1,0,,0,3,3,0,3,4,0,0,6759,,0,2,1,
2026-09-12T19:23:57.559Z,85336625000000,3818553,14385,-44030,-44036,,-5632,-11265,-11265,18024,2,2,-11265,-11265,0,1,1,0,,0,3,3,0,3,4,0,0,6759,,0,2,1,
2026-09-12T19:23:57.664Z,85336734000000,3818657,14386,-44022,-44035,,-5632,-12391,-12391,18024,2,2,-12391,-12391,0,1,1,0,,0,3,3,0,3,4,0,0,7885,,0,2,1,
2026-09-12T19:23:57.857Z,85336921000000,3818761,14387,-44022,-44033,,-16897,-14644,-14644,18024,2,2,-14644,-14644,0,1,1,0,,0,3,3,0,3,4,0,0,9012,,0,2,1,
2026-09-12T19:23:57.962Z,85337031000000,3818909,14389,-44023,-44031,,-16897,-16897,-16897,18024,2,2,-16897,-16897,0,1,1,0,,0,3,3,0,3,4,0,0,7885,,0,2,1,
2026-09-12T19:23:58.065Z,85337140000000,3819059,14390,-44030,-44031,,-16897,-16897,-16897,18024,2,2,-16897,-16897,0,1,1,0,,0,3,3,0,3,4,0,0,5632,,0,2,1,
2026-09-12T19:23:58.171Z,85337250000000,3819164,14391,-44036,-44031,,-16897,-16897,-16897,18024,2,2,-16897,-16897,0,1,1,0,,0,3,3,0,3,4,0,0,5632,,0,2,1,
2026-09-12T19:23:58.275Z,85337343000000,3819268,14392,-44024,-44031,,-16897,-16897,-16897,18024,2,2,-16897,-16897,0,1,1,0,,0,3,3,0,3,4,0,0,5632,,0,2,1,
2026-09-12T19:23:58.379Z,85337453000000,3819373,14393,-44031,-44031,,-16897,-16897,-16897,18024,2,2,-16897,-16897,0,1,1,0,,0,3,3,0,3,4,0,0,4506,,0,2,1,
2026-09-12T19:23:58.483Z,85337562000000,3819477,14394,-44035,-44031,,-16897,-16897,-16897,18024,2,2,-16897,-16897,0,1,1,0,,0,3,3,0,3,4,0,0,2253,,0,2,1,
2026-09-12T19:23:58.587Z,85337656000000,3819581,14395,-44050,-44032,,-16897,-15771,-15771,18024,2,2,-15771,-15771,0,1,1,0,,0,3,3,0,3,4,0,0,1126,,0,2,1,
2026-09-12T19:23:58.691Z,85337765000000,3819703,14397,-44045,-44036,,-16897,-11265,-11265,18024,2,2,-11265,-11265,0,1,1,0,,0,3,3,0,3,4,0,0,5632,,0,2,1,
2026-09-12T19:23:58.880Z,85337953000000,3819803,14398,-44030,-44037,,-11265,-10138,-10138,18024,2,2,-10138,-10138,0,1,1,0,,0,3,3,0,3,4,0,0,6759,,0,2,1,
2026-09-12T19:23:58.985Z,85338062000000,3819903,14399,-44022,-44036,,-11265,-11265,-11265,18024,2,2,-11265,-11265,0,1,1,0,,0,3,3,0,3,4,0,0,6759,,0,2,1,
2026-09-12T19:23:59.089Z,85338156000000,3820083,14400,-44019,-44034,,-11265,-13518,-13518,18024,2,2,-13518,-13518,0,1,1,0,,0,3,3,0,3,4,0,0,6759,,0,2,1,
2026-09-12T19:23:59.193Z,85338265000000,3820204,14402,-44048,-44033,,-11265,-14644,-14644,18024,2,2,-14644,-14644,0,1,1,0,,0,3,3,0,3,4,0,0,5633,,0,2,1,
2026-09-12T19:23:59.295Z,85338375000000,3820304,14403,-44049,-44035,,-11265,-12391,-12391,18024,2,2,-12391,-12391,0,1,1,0,,0,3,3,0,3,4,0,0,5633,,0,2,1,
2026-09-12T19:23:59.397Z,85338468000000,3820404,14404,-44039,-44037,,-11265,-10138,-10138,18024,2,2,-10138,-10138,0,1,1,0,,0,3,3,0,3,4,0,0,5633,,0,2,1,
2026-09-12T19:23:59.500Z,85338578000000,3820504,14405,-44044,-44038,,-11265,-9012,-9012,18024,2,2,-9012,-9012,0,1,1,0,,0,3,3,0,3,4,0,0,6759,,0,2,1,
2026-09-12T19:23:59.603Z,85338671000000,3820605,14406,-44050,-44039,,-11265,-7885,-7885,18024,2,2,-7885,-7885,0,1,1,0,,0,3,3,0,3,4,0,0,7886,,0,2,1,
2026-09-12T19:23:59.707Z,85338781000000,3820705,14407,-44045,-44040,,-11265,-6759,-6759,18024,2,2,-6759,-6759,0,1,1,0,,0,3,3,0,3,4,0,0,9012,,0,2,1,
2026-09-12T19:23:59.899Z,85338968000000,3820805,14408,-44034,-44041,,-6759,-5632,-5632,18024,2,2,-5632,-5632,0,1,1,0,,0,3,3,0,3,4,0,0,10139,,0,2,1,
2026-09-12T19:24:00.001Z,85339078000000,3821005,14410,-44026,-44038,,-6759,-9012,-9012,18024,2,2,-9012,-9012,0,1,1,0,,0,3,3,0,3,4,0,0,6759,,0,2,1,
2026-09-12T19:24:00.104Z,85339171000000,3821105,14411,-44035,-44036,,-6759,-11265,-11265,18024,2,2,-11265,-11265,0,1,1,0,,0,3,3,0,3,4,0,0,5633,,0,2,1,
2026-09-12T19:24:00.208Z,85339281000000,3821205,14412,-44036,-44036,,-6759,-11265,-11265,18024,2,2,-11265,-11265,0,1,1,0,,0,3,3,0,3,4,0,0,5633,,0,2,1,
2026-09-12T19:24:00.311Z,85339390000000,3821306,14413,-44038,-44036,,-6759,-11265,-11265,18024,2,2,-11265,-11265,0,1,1,0,,0,3,3,0,3,4,0,0,5633,,0,2,1,
2026-09-12T19:24:00.416Z,85339484000000,3821410,14414,-44048,-44036,,-6759,-11265,-11265,18024,2,2,-11265,-11265,0,1,1,0,,0,3,3,0,3,4,0,0,5633,,0,2,1,
2026-09-12T19:24:00.521Z,85339593000000,3821514,14415,-44058,-44038,,-6759,-9012,-9012,18024,2,2,-9012,-9012,0,1,1,0,,0,3,3,0,3,4,0,0,5633,,0,2,1,
2026-09-12T19:24:00.625Z,85339703000000,3821618,14416,-44048,-44039,,-6759,-7885,-7885,18024,2,2,-7885,-7885,0,1,1,0,,0,3,3,0,3,4,0,0,4506,,0,2,1,
2026-09-12T19:24:00.729Z,85339796000000,3821723,14417,-44046,-44040,,-6759,-6759,-6759,18024,2,2,-6759,-6759,0,1,1,0,,0,3,3,0,3,4,0,0,4506,,0,2,1,
2026-09-12T19:24:00.920Z,85340000000000,3821827,14418,-44038,-44041,,-5632,-5632,-5632,18024,2,2,-5632,-5632,0,1,1,0,,0,3,3,0,3,4,0,0,5633,,0,2,1,
2026-09-12T19:24:01.025Z,85340093000000,3822024,14420,-44029,-44040,,-5632,-6759,-6759,18024,2,2,-6759,-6759,0,1,1,0,,0,3,3,0,3,4,0,0,5633,,0,2,1,
2026-09-12T19:24:01.129Z,85340203000000,3822122,14421,-44037,-44039,,-5632,-7885,-7885,18024,2,2,-7885,-7885,0,1,1,0,,0,3,3,0,3,4,0,0,5633,,0,2,1,
2026-09-12T19:24:01.234Z,85340312000000,3822227,14422,-44050,-44039,,-5632,-7885,-7885,18024,2,2,-7885,-7885,0,1,1,0,,0,3,3,0,3,4,0,0,3380,,0,2,1,
2026-09-12T19:24:01.338Z,85340406000000,3822332,14423,-44038,-44039,,-5632,-7885,-7885,18024,2,2,-7885,-7885,0,1,1,0,,0,3,3,0,3,4,0,0,2253,,0,2,1,
2026-09-12T19:24:01.443Z,85340515000000,3822436,14424,-44020,-44039,,-5632,-7885,-7885,18024,2,2,-7885,-7885,0,1,1,0,,0,3,3,0,3,4,0,0,2253,,0,2,1,
2026-09-12T19:24:01.547Z,85340625000000,3822541,14425,-44015,-44037,,-5632,-10138,-10138,18024,2,2,-10138,-10138,0,1,1,0,,0,3,3,0,3,4,0,0,4506,,0,2,1,
2026-09-12T19:24:01.651Z,85340718000000,3822645,14426,-44013,-44034,,-5632,-13518,-13518,18024,2,2,-13518,-13518,0,1,1,0,,0,3,3,0,3,4,0,0,7886,,0,2,1,
2026-09-12T19:24:01.757Z,85340828000000,3822749,14427,-44027,-44032,,-5632,-15771,-15771,18024,2,2,-15771,-15771,0,1,1,0,,0,3,3,0,3,4,0,0,9012,,0,2,1,
2026-09-12T19:24:01.948Z,85341015000000,3822854,14428,-44050,-44031,,-15771,-16897,-16897,18024,2,2,-16897,-16897,0,1,1,0,,0,3,3,0,3,4,0,0,9012,,0,2,1,
2026-09-12T19:24:02.052Z,85341125000000,3823008,14430,-44033,-44032,,-15771,-15771,-15771,18024,2,2,-15771,-15771,0,1,1,0,,0,3,3,0,3,4,0,0,9012,,0,2,1,
2026-09-12T19:24:02.156Z,85341234000000,3823150,14431,-44040,-44032,,-15771,-15771,-15771,18024,2,2,-15771,-15771,0,1,1,0,,0,3,3,0,3,4,0,0,9012,,0,2,1,
2026-09-12T19:24:02.261Z,85341328000000,3823254,14432,-44041,-44033,,-15771,-14644,-14644,18024,2,2,-14644,-14644,0,1,1,0,,0,3,3,0,3,4,0,0,6759,,0,2,1,
2026-09-12T19:24:02.365Z,85341437000000,3823359,14433,-44025,-44034,,-15771,-13518,-13518,18024,2,2,-13518,-13518,0,1,1,0,,0,3,3,0,3,4,0,0,3379,,0,2,1,
2026-09-12T19:24:02.471Z,85341546000000,3823464,14434,-44031,-44034,,-15771,-13518,-13518,18024,2,2,-13518,-13518,0,1,1,0,,0,3,3,0,3,4,0,0,3379,,0,2,1,
2026-09-12T19:24:02.575Z,85341640000000,3823569,14435,-44045,-44034,,-15771,-13518,-13518,18024,2,2,-13518,-13518,0,1,1,0,,0,3,3,0,3,4,0,0,3379,,0,2,1,
2026-09-12T19:24:02.679Z,85341750000000,3823673,14436,-44041,-44035,,-15771,-12391,-12391,18024,2,2,-12391,-12391,0,1,1,0,,0,3,3,0,3,4,0,0,3380,,0,2,1,
2026-09-12T19:24:02.784Z,85341859000000,3823777,14437,-44033,-44036,,-15771,-11265,-11265,18024,2,2,-11265,-11265,0,1,1,0,,0,3,3,0,3,4,0,0,4506,,0,2,1,
2026-09-12T19:24:02.976Z,85342046000000,3823882,14438,-44043,-44037,,-7885,-10138,-10138,18024,2,2,-10138,-10138,0,1,1,0,,0,3,3,0,3,4,0,0,5633,,0,2,1,
2026-09-12T19:24:03.080Z,85342156000000,3824029,14440,-44048,-44039,,-7885,-7885,-7885,18024,2,2,-7885,-7885,0,1,1,0,,0,3,3,0,3,4,0,0,5633,,0,2,1,
2026-09-12T19:24:03.185Z,85342250000000,3824178,14441,-44056,-44040,,-7885,-6759,-6759,18024,2,2,-6759,-6759,0,1,1,0,,0,3,3,0,3,4,0,0,6759,,0,2,1,
2026-09-12T19:24:03.289Z,85342359000000,3824283,14442,-44056,-44042,,-7885,-4506,-4506,18024,2,2,-4506,-4506,0,1,1,0,,0,3,3,0,3,4,0,0,9012,,0,2,1,
2026-09-12T19:24:03.393Z,85342468000000,3824387,14443,-44037,-44044,,-7885,-2253,-2253,18024,2,2,-2253,-2253,0,1,1,0,,0,3,3,0,3,4,0,0,10138,,0,2,1,
2026-09-12T19:24:03.497Z,85342562000000,3824511,14445,-44041,-44042,,-7885,-4506,-4506,18024,2,2,-4506,-4506,0,1,1,0,,0,3,3,0,3,4,0,0,7885,,0,2,1,
2026-09-12T19:24:03.600Z,85342671000000,3824611,14446,-44045,-44042,,-7885,-4506,-4506,18024,2,2,-4506,-4506,0,1,1,0,,0,3,3,0,3,4,0,0,6759,,0,2,1,
2026-09-12T19:24:03.703Z,85342781000000,3824711,14447,-44041,-44042,,-7885,-4506,-4506,18024,2,2,-4506,-4506,0,1,1,0,,0,3,3,0,3,4,0,0,5632,,0,2,1,
2026-09-12T19:24:03.805Z,85342875000000,3824811,14448,-44047,-44042,,-7885,-4506,-4506,18024,2,2,-4506,-4506,0,1,1,0,,0,3,3,0,3,4,0,0,4506,,0,2,1,
2026-09-12T19:24:03.994Z,85343062000000,3824911,14449,-44038,-44042,,-3379,-4506,-4506,18024,2,2,-4506,-4506,0,1,1,0,,0,3,3,0,3,4,0,0,2253,,0,2,1,
2026-09-12T19:24:04.099Z,85343171000000,3825112,14451,-44044,-44043,,-3379,-3379,-3379,18024,2,2,-3379,-3379,0,1,1,0,,0,3,3,0,3,4,0,0,1127,,0,2,1,
2026-09-12T19:24:04.202Z,85343281000000,3825212,14452,-44053,-44044,,-3379,-2253,-2253,18024,2,2,-2253,-2253,0,1,1,0,,0,3,3,0,3,4,0,0,2253,,0,2,1,
2026-09-12T19:24:04.305Z,85343375000000,3825312,14453,-44052,-44045,,-3379,-1126,-1126,18024,2,2,-1126,-1126,0,1,1,0,,0,3,3,0,3,4,0,0,3380,,0,2,1,
2026-09-12T19:24:04.407Z,85343484000000,3825412,14454,-44045,-44046,,-3379,0,0,18024,2,2,0,0,0,1,1,0,,0,3,3,0,3,4,0,0,4506,,0,2,1,
2026-09-12T19:24:04.510Z,85343578000000,3825512,14455,-44035,-44046,,-3379,0,0,18024,2,2,0,0,0,1,1,0,,0,3,3,0,3,4,0,0,4506,,0,2,1,
2026-09-12T19:24:04.615Z,85343687000000,3825612,14456,-44032,-44045,,-3379,-1126,-1126,18024,2,2,-1126,-1126,0,1,1,0,,0,3,3,0,3,4,0,0,4506,,0,2,1,
2026-09-12T19:24:04.719Z,85343796000000,3825713,14457,-44028,-44043,,-3379,-3379,-3379,18024,2,2,-3379,-3379,0,1,1,0,,0,3,3,0,3,4,0,0,3379,,0,2,1,
2026-09-12T19:24:04.823Z,85343890000000,3825817,14458,-44022,-44041,,-3379,-5632,-5632,18024,2,2,-5632,-5632,0,1,1,0,,0,3,3,0,3,4,0,0,5632,,0,2,1,
2026-09-12T19:24:05.015Z,85344093000000,3825921,14459,-44031,-44039,,-9012,-7885,-7885,18024,2,2,-7885,-7885,0,1,1,0,,0,3,3,0,3,4,0,0,7885,,0,2,1,
2026-09-12T19:24:05.120Z,85344187000000,3826120,14461,-44048,-44038,,-9012,-9012,-9012,18024,2,2,-9012,-9012,0,1,1,0,,0,3,3,0,3,4,0,0,9012,,0,2,1,
2026-09-12T19:24:05.223Z,85344296000000,3826218,14462,-44029,-44038,,-9012,-9012,-9012,18024,2,2,-9012,-9012,0,1,1,0,,0,3,3,0,3,4,0,0,9012,,0,2,1,
2026-09-12T19:24:05.327Z,85344406000000,3826322,14463,-44029,-44037,,-9012,-10138,-10138,18024,2,2,-10138,-10138,0,1,1,0,,0,3,3,0,3,4,0,0,9012,,0,2,1,
2026-09-12T19:24:05.431Z,85344500000000,3826426,14464,-44033,-44036,,-9012,-11265,-11265,18024,2,2,-11265,-11265,0,1,1,0,,0,3,3,0,3,4,0,0,7886,,0,2,1,
2026-09-12T19:24:05.536Z,85344609000000,3826530,14465,-44033,-44036,,-9012,-11265,-11265,18024,2,2,-11265,-11265,0,1,1,0,,0,3,3,0,3,4,0,0,5633,,0,2,1,
2026-09-12T19:24:05.640Z,85344718000000,3826634,14466,-44031,-44036,,-9012,-11265,-11265,18024,2,2,-11265,-11265,0,1,1,0,,0,3,3,0,3,4,0,0,3380,,0,2,1,
2026-09-12T19:24:05.744Z,85344812000000,3826739,14467,-44028,-44035,,-9012,-12391,-12391,18024,2,2,-12391,-12391,0,1,1,0,,0,3,3,0,3,4,0,0,3379,,0,2,1,
2026-09-12T19:24:05.848Z,85344921000000,3826843,14468,-44029,-44034,,-9012,-13518,-13518,18024,2,2,-13518,-13518,0,1,1,0,,0,3,3,0,3,4,0,0,4506,,0,2,1,
2026-09-12T19:24:06.039Z,85345109000000,3826947,14469,-44060,-44033,,-12391,-14644,-14644,18024,2,2,-14644,-14644,0,1,1,0,,0,3,3,0,3,4,0,0,5632,,0,2,1,
2026-09-12T19:24:06.143Z,85345218000000,3827144,14471,-44029,-44036,,-12391,-11265,-11265,18024,2,2,-11265,-11265,0,1,1,0,,0,3,3,0,3,4,0,0,3379,,0,2,1,
2026-09-12T19:24:06.248Z,85345328000000,3827242,14472,-44047,-44037,,-12391,-10138,-10138,18024,2,2,-10138,-10138,0,1,1,0,,0,3,3,0,3,4,0,0,4506,,0,2,1,
2026-09-12T19:24:06.352Z,85345421000000,3827346,14473,-44034,-44037,,-12391,-10138,-10138,18024,2,2,-10138,-10138,0,1,1,0,,0,3,3,0,3,4,0,0,4506,,0,2,1,
2026-09-12T19:24:06.458Z,85345531000000,3827450,14474,-44033,-44037,,-12391,-10138,-10138,18024,2,2,-10138,-10138,0,1,1,0,,0,3,3,0,3,4,0,0,4506,,0,2,1,
2026-09-12T19:24:06.562Z,85345640000000,3827556,14475,-44034,-44037,,-12391,-10138,-10138,18024,2,2,-10138,-10138,0,1,1,0,,0,3,3,0,3,4,0,0,4506,,0,2,1,
2026-09-12T19:24:06.666Z,85345734000000,3827660,14476,-44043,-44037,,-12391,-10138,-10138,18024,2,2,-10138,-10138,0,1,1,0,,0,3,3,0,3,4,0,0,4506,,0,2,1,
2026-09-12T19:24:06.770Z,85345843000000,3827765,14477,-44050,-44038,,-12391,-9012,-9012,18024,2,2,-9012,-9012,0,1,1,0,,0,3,3,0,3,4,0,0,3379,,0,2,1,
2026-09-12T19:24:06.874Z,85345953000000,3827868,14478,-44035,-44039,,-12391,-7885,-7885,18024,2,2,-7885,-7885,0,1,1,0,,0,3,3,0,3,4,0,0,3380,,0,2,1,
2026-09-12T19:24:07.066Z,85346140000000,3827973,14479,-44007,-44038,,-11265,-9012,-9012,18024,2,2,-9012,-9012,0,1,1,0,,0,3,3,0,3,4,0,0,2253,,0,2,1,
2026-09-12T19:24:07.171Z,85346250000000,3828120,14481,-44028,-44036,,-11265,-11265,-11265,18024,2,2,-11265,-11265,0,1,1,0,,0,3,3,0,3,4,0,0,3380,,0,2,1,
2026-09-12T19:24:07.276Z,85346343000000,3828269,14482,-44022,-44035,,-11265,-12391,-12391,18024,2,2,-12391,-12391,0,1,1,0,,0,3,3,0,3,4,0,0,4506,,0,2,1,
2026-09-12T19:24:07.380Z,85346453000000,3828374,14483,-44038,-44034,,-11265,-13518,-13518,18024,2,2,-13518,-13518,0,1,1,0,,0,3,3,0,3,4,0,0,5633,,0,2,1,
2026-09-12T19:24:07.485Z,85346562000000,3828479,14484,-44031,-44034,,-11265,-13518,-13518,18024,2,2,-13518,-13518,0,1,1,0,,0,3,3,0,3,4,0,0,5633,,0,2,1,
2026-09-12T19:24:07.590Z,85346656000000,3828583,14485,-44023,-44034,,-11265,-13518,-13518,18024,2,2,-13518,-13518,0,1,1,0,,0,3,3,0,3,4,0,0,5633,,0,2,1,
2026-09-12T19:24:07.694Z,85346765000000,3828688,14486,-44019,-44033,,-11265,-14644,-14644,18024,2,2,-14644,-14644,0,1,1,0,,0,3,3,0,3,4,0,0,5632,,0,2,1,
2026-09-12T19:24:07.799Z,85346875000000,3828793,14487,-44031,-44032,,-11265,-15771,-15771,18024,2,2,-15771,-15771,0,1,1,0,,0,3,3,0,3,4,0,0,5633,,0,2,1,
2026-09-12T19:24:07.903Z,85346968000000,3828897,14488,-44036,-44032,,-11265,-15771,-15771,18024,2,2,-15771,-15771,0,1,1,0,,0,3,3,0,3,4,0,0,4506,,0,2,1,
2026-09-12T19:24:08.091Z,85347156000000,3829018,14490,-44028,-44033,,-14644,-14644,-14644,18024,2,2,-14644,-14644,0,1,1,0,,0,3,3,0,3,4,0,0,2253,,0,2,1,
2026-09-12T19:24:08.195Z,85347265000000,3829118,14491,-44042,-44033,,-14644,-14644,-14644,18024,2,2,-14644,-14644,0,1,1,0,,0,3,3,0,3,4,0,0,2253,,0,2,1,
2026-09-12T19:24:08.299Z,85347375000000,3829294,14492,-44051,-44034,,-14644,-13518,-13518,18024,2,2,-13518,-13518,0,1,1,0,,0,3,3,0,3,4,0,0,2253,,0,2,1,
2026-09-12T19:24:08.403Z,85347468000000,3829398,14493,-44054,-44036,,-14644,-11265,-11265,18024,2,2,-11265,-11265,0,1,1,0,,0,3,3,0,3,4,0,0,4506,,0,2,1,
2026-09-12T19:24:08.507Z,85347578000000,3829519,14495,-44038,-44038,,-14644,-9012,-9012,18024,2,2,-9012,-9012,0,1,1,0,,0,3,3,0,3,4,0,0,6759,,0,2,1,
2026-09-12T19:24:08.610Z,85347687000000,3829619,14496,-44024,-44037,,-14644,-10138,-10138,18024,2,2,-10138,-10138,0,1,1,0,,0,3,3,0,3,4,0,0,5632,,0,2,1,
2026-09-12T19:24:08.712Z,85347781000000,3829719,14497,-44026,-44036,,-14644,-11265,-11265,18024,2,2,-11265,-11265,0,1,1,0,,0,3,3,0,3,4,0,0,5632,,0,2,1,
2026-09-12T19:24:08.815Z,85347890000000,3829819,14498,-44035,-44035,,-14644,-12391,-12391,18024,2,2,-12391,-12391,0,1,1,0,,0,3,3,0,3,4,0,0,5632,,0,2,1,
2026-09-12T19:24:08.918Z,85347984000000,3829920,14499,-44045,-44035,,-14644,-12391,-12391,18024,2,2,-12391,-12391,0,1,1,0,,0,3,3,0,3,4,0,0,4506,,0,2,1,
2026-09-12T19:24:09.109Z,85348187000000,3830020,14500,-44038,-44035,,-12391,-12391,-12391,18024,2,2,-12391,-12391,0,1,1,0,,0,3,3,0,3,4,0,0,3379,,0,2,1,
2026-09-12T19:24:09.212Z,85348281000000,3830220,14502,-44026,-44035,,-12391,-12391,-12391,18024,2,2,-12391,-12391,0,1,1,0,,0,3,3,0,3,4,0,0,3379,,0,2,1,
2026-09-12T19:24:09.314Z,85348390000000,3830320,14503,-44033,-44035,,-12391,-12391,-12391,18024,2,2,-12391,-12391,0,1,1,0,,0,3,3,0,3,4,0,0,2253,,0,2,1,
2026-09-12T19:24:09.418Z,85348484000000,3830420,14504,-44038,-44035,,-12391,-12391,-12391,18024,2,2,-12391,-12391,0,1,1,0,,0,3,3,0,3,4,0,0,1126,,0,2,1,
2026-09-12T19:24:09.521Z,85348593000000,3830520,14505,-44029,-44035,,-12391,-12391,-12391,18024,2,2,-12391,-12391,0,1,1,0,,0,3,3,0,3,4,0,0,0,,0,2,1,
2026-09-12T19:24:09.625Z,85348703000000,3830621,14506,-44019,-44034,,-12391,-13518,-13518,18024,2,2,-13518,-13518,0,1,1,0,,0,3,3,0,3,4,0,0,1127,,0,2,1,
2026-09-12T19:24:09.731Z,85348796000000,3830724,14507,-44034,-44033,,-12391,-14644,-14644,18024,2,2,-14644,-14644,0,1,1,0,,0,3,3,0,3,4,0,0,2253,,0,2,1,
2026-09-12T19:24:09.836Z,85348906000000,3830828,14508,-44039,-44033,,-12391,-14644,-14644,18024,2,2,-14644,-14644,0,1,1,0,,0,3,3,0,3,4,0,0,2253,,0,2,1,
2026-09-12T19:24:09.941Z,85349015000000,3830934,14509,-44043,-44034,,-12391,-13518,-13518,18024,2,2,-13518,-13518,0,1,1,0,,0,3,3,0,3,4,0,0,2253,,0,2,1,
2026-09-12T19:24:10.134Z,85349203000000,3831039,14510,-44030,-44035,,-12391,-12391,-12391,18024,2,2,-12391,-12391,0,1,1,0,,0,3,3,0,3,4,0,0,2253,,0,2,1,
2026-09-12T19:24:10.238Z,85349312000000,3831238,14512,-44027,-44034,,-12391,-13518,-13518,18024,2,2,-13518,-13518,0,1,1,0,,0,3,3,0,3,4,0,0,2253,,0,2,1,
2026-09-12T19:24:10.342Z,85349421000000,3831337,14513,-44034,-44034,,-12391,-13518,-13518,18024,2,2,-13518,-13518,0,1,1,0,,0,3,3,0,3,4,0,0,2253,,0,2,1,
2026-09-12T19:24:10.447Z,85349515000000,3831441,14514,-44052,-44034,,-12391,-13518,-13518,18024,2,2,-13518,-13518,0,1,1,0,,0,3,3,0,3,4,0,0,2253,,0,2,1,
2026-09-12T19:24:10.551Z,85349625000000,3831545,14515,-44047,-44036,,-12391,-11265,-11265,18024,2,2,-11265,-11265,0,1,1,0,,0,3,3,0,3,4,0,0,3379,,0,2,1,
2026-09-12T19:24:10.655Z,85349734000000,3831649,14516,-44042,-44037,,-12391,-10138,-10138,18024,2,2,-10138,-10138,0,1,1,0,,0,3,3,0,3,4,0,0,3380,,0,2,1,
2026-09-12T19:24:10.760Z,85349828000000,3831754,14517,-44035,-44038,,-12391,-9012,-9012,18024,2,2,-9012,-9012,0,1,1,0,,0,3,3,0,3,4,0,0,4506,,0,2,1,
2026-09-12T19:24:10.864Z,85349937000000,3831858,14518,-44035,-44038,,-12391,-9012,-9012,18024,2,2,-9012,-9012,0,1,1,0,,0,3,3,0,3,4,0,0,4506,,0,2,1,
2026-09-12T19:24:10.969Z,85350046000000,3831963,14519,-44027,-44038,,-12391,-9012,-9012,18024,2,2,-9012,-9012,0,1,1,0,,0,3,3,0,3,4,0,0,4506,,0,2,1,
2026-09-12T19:24:11.160Z,85350234000000,3832068,14520,-44031,-44037,,-11265,-10138,-10138,18024,2,2,-10138,-10138,0,1,1,0,,0,3,3,0,3,4,0,0,4506,,0,2,1,
2026-09-12T19:24:11.265Z,85350343000000,3832223,14522,-44052,-44036,,-11265,-11265,-11265,18024,2,2,-11265,-11265,0,1,1,0,,0,3,3,0,3,4,0,0,2253,,0,2,1,
2026-09-12T19:24:11.370Z,85350437000000,3832364,14523,-44046,-44037,,-11265,-10138,-10138,18024,2,2,-10138,-10138,0,1,1,0,,0,3,3,0,3,4,0,0,2253,,0,2,1,
2026-09-12T19:24:11.474Z,85350546000000,3832468,14524,-44035,-44038,,-11265,-9012,-9012,18024,2,2,-9012,-9012,0,1,1,0,,0,3,3,0,3,4,0,0,2253,,0,2,1,
2026-09-12T19:24:11.579Z,85350656000000,3832573,14525,-44033,-44038,,-11265,-9012,-9012,18024,2,2,-9012,-9012,0,1,1,0,,0,3,3,0,3,4,0,0,2253,,0,2,1,
2026-09-12T19:24:11.683Z,85350750000000,3832677,14526,-44041,-44038,,-11265,-9012,-9012,18024,2,2,-9012,-9012,0,1,1,0,,0,3,3,0,3,4,0,0,2253,,0,2,1,
2026-09-12T19:24:11.787Z,85350859000000,3832782,14527,-44023,-44037,,-11265,-10138,-10138,18024,2,2,-10138,-10138,0,1,1,0,,0,3,3,0,3,4,0,0,2253,,0,2,1,
2026-09-12T19:24:11.891Z,85350968000000,3832886,14528,-44016,-44035,,-11265,-12391,-12391,18024,2,2,-12391,-12391,0,1,1,0,,0,3,3,0,3,4,0,0,3379,,0,2,1,
2026-09-12T19:24:11.996Z,85351062000000,3832990,14529,-44008,-44033,,-11265,-14644,-14644,18024,2,2,-14644,-14644,0,1,1,0,,0,3,3,0,3,4,0,0,5632,,0,2,1,
2026-09-12T19:24:12.188Z,85351265000000,3833095,14530,-44022,-44031,,-18024,-16897,-16897,18024,2,2,-16897,-16897,0,1,1,0,,0,3,3,0,3,4,0,0,7885,,0,2,1,
2026-09-12T19:24:12.292Z,85351359000000,3833243,14532,-44029,-44030,,-18024,-18024,-18024,18024,2,2,-18024,-18024,0,1,1,0,,0,3,3,0,3,4,0,0,9012,,0,2,1,
2026-09-12T19:24:12.397Z,85351468000000,3833391,14533,-44035,-44030,,-18024,-18024,-18024,18024,2,2,-18024,-18024,0,1,1,0,,0,3,3,0,3,4,0,0,9012,,0,2,1,
2026-09-12T19:24:12.502Z,85351578000000,3833496,14534,-44029,-44030,,-18024,-18024,-18024,18024,2,2,-18024,-18024,0,1,1,0,,0,3,3,0,3,4,0,0,7886,,0,2,1,
2026-09-12T19:24:12.605Z,85351671000000,3833600,14535,-44029,-44030,,-18024,-18024,-18024,18024,2,2,-18024,-18024,0,1,1,0,,0,3,3,0,3,4,0,0,5633,,0,2,1,
2026-09-12T19:24:12.710Z,85351781000000,3833705,14536,-44017,-44030,,-18024,-18024,-18024,18024,2,2,-18024,-18024,0,1,1,0,,0,3,3,0,3,4,0,0,3380,,0,2,1,
2026-09-12T19:24:12.814Z,85351890000000,3833826,14538,-44019,-44027,,-18024,-21403,-21403,18024,2,2,-21403,-21403,0,1,1,0,,0,3,3,0,3,4,0,0,3379,,0,2,1,
2026-09-12T19:24:12.917Z,85351984000000,3833926,14539,-44028,-44026,,-18024,-22530,-22530,18024,2,2,-22530,-22530,0,1,1,0,,0,3,3,0,3,4,0,0,4506,,0,2,1,
2026-09-12T19:24:13.019Z,85352093000000,3834026,14540,-44043,-44026,,-18024,-22530,-22530,18024,2,2,-22530,-22530,0,1,1,0,,0,3,3,0,3,4,0,0,4506,,0,2,1,
2026-09-12T19:24:13.207Z,85352281000000,3834127,14541,-44034,-44027,,-19150,-21403,-21403,18024,2,2,-21403,-21403,0,1,1,0,,0,3,3,0,3,4,0,0,4506,,0,2,1,
2026-09-12T19:24:13.311Z,85352390000000,3834227,14542,-44048,-44029,,-19150,-19150,-19150,18024,2,2,-19150,-19150,0,1,1,0,,0,3,3,0,3,4,0,0,4506,,0,2,1,
2026-09-12T19:24:13.415Z,85352484000000,3834427,14544,-44030,-44030,,-19150,-18024,-18024,18024,2,2,-18024,-18024,0,1,1,0,,0,3,3,0,3,4,0,0,4506,,0,2,1,
2026-09-12T19:24:13.518Z,85352593000000,3834527,14545,-44045,-44030,,-19150,-18024,-18024,18024,2,2,-18024,-18024,0,1,1,0,,0,3,3,0,3,4,0,0,4506,,0,2,1,
2026-09-12T19:24:13.621Z,85352687000000,3834627,14546,-44028,-44030,,-19150,-18024,-18024,18024,2,2,-18024,-18024,0,1,1,0,,0,3,3,0,3,4,0,0,4506,,0,2,1,
2026-09-12T19:24:13.724Z,85352796000000,3834728,14547,-44043,-44032,,-19150,-15771,-15771,18024,2,2,-15771,-15771,0,1,1,0,,0,3,3,0,3,4,0,0,6759,,0,2,1,
2026-09-12T19:24:13.827Z,85352906000000,3834828,14548,-44043,-44033,,-19150,-14644,-14644,18024,2,2,-14644,-14644,0,1,1,0,,0,3,3,0,3,4,0,0,6759,,0,2,1,
2026-09-12T19:24:13.932Z,85353000000000,3834928,14549,-44036,-44034,,-19150,-13518,-13518,18024,2,2,-13518,-13518,0,1,1,0,,0,3,3,0,3,4,0,0,5632,,0,2,1,
2026-09-12T19:24:14.036Z,85353109000000,3835031,14550,-44043,-44035,,-19150,-12391,-12391,18024,2,2,-12391,-12391,0,1,1,0,,0,3,3,0,3,4,0,0,5633,,0,2,1,
2026-09-12T19:24:14.227Z,85353296000000,3835135,14551,-44042,-44036,,-10138,-11265,-11265,18024,2,2,-11265,-11265,0,1,1,0,,0,3,3,0,3,4,0,0,6759,,0,2,1,
2026-09-12T19:24:14.331Z,85353406000000,3835333,14553,-44040,-44037,,-10138,-10138,-10138,18024,2,2,-10138,-10138,0,1,1,0,,0,3,3,0,3,4,0,0,7886,,0,2,1,
2026-09-12T19:24:14.436Z,85353515000000,3835431,14554,-44044,-44037,,-10138,-10138,-10138,18024,2,2,-10138,-10138,0,1,1,0,,0,3,3,0,3,4,0,0,5633,,0,2,1,
2026-09-12T19:24:14.540Z,85353609000000,3835535,14555,-44033,-44037,,-10138,-10138,-10138,18024,2,2,-10138,-10138,0,1,1,0,,0,3,3,0,3,4,0,0,4506,,0,2,1,
2026-09-12T19:24:14.644Z,85353718000000,3835639,14556,-44038,-44037,,-10138,-10138,-10138,18024,2,2,-10138,-10138,0,1,1,0,,0,3,3,0,3,4,0,0,3380,,0,2,1,
2026-09-12T19:24:14.750Z,85353828000000,3835743,14557,-44041,-44037,,-10138,-10138,-10138,18024,2,2,-10138,-10138,0,1,1,0,,0,3,3,0,3,4,0,0,2253,,0,2,1,
2026-09-12T19:24:14.854Z,85353921000000,3835848,14558,-44030,-44037,,-10138,-10138,-10138,18024,2,2,-10138,-10138,0,1,1,0,,0,3,3,0,3,4,0,0,1127,,0,2,1,
2026-09-12T19:24:14.960Z,85354031000000,3835953,14559,-44036,-44037,,-10138,-10138,-10138,18024,2,2,-10138,-10138,0,1,1,0,,0,3,3,0,3,4,0,0,0,,0,2,1,
2026-09-12T19:24:15.064Z,85354140000000,3836058,14560,-44031,-44036,,-10138,-11265,-11265,18024,2,2,-11265,-11265,0,1,1,0,,0,3,3,0,3,4,0,0,1127,,0,2,1,
2026-09-12T19:24:15.255Z,85354328000000,3836163,14561,-44024,-44035,,-13518,-12391,-12391,18024,2,2,-12391,-12391,0,1,1,0,,0,3,3,0,3,4,0,0,2253,,0,2,1,
2026-09-12T19:24:15.359Z,85354437000000,3836360,14563,-44033,-44034,,-13518,-13518,-13518,18024,2,2,-13518,-13518,0,1,1,0,,0,3,3,0,3,4,0,0,3380,,0,2,1,
2026-09-12T19:24:15.464Z,85354531000000,3836458,14564,-44039,-44035,,-13518,-12391,-12391,18024,2,2,-12391,-12391,0,1,1,0,,0,3,3,0,3,4,0,0,3380,,0,2,1,
2026-09-12T19:24:15.569Z,85354640000000,3836563,14565,-44030,-44035,,-13518,-12391,-12391,18024,2,2,-12391,-12391,0,1,1,0,,0,3,3,0,3,4,0,0,3380,,0,2,1,
2026-09-12T19:24:15.673Z,85354750000000,3836667,14566,-44041,-44036,,-13518,-11265,-11265,18024,2,2,-11265,-11265,0,1,1,0,,0,3,3,0,3,4,0,0,3380,,0,2,1,
2026-09-12T19:24:15.778Z,85354843000000,3836773,14567,-44035,-44036,,-13518,-11265,-11265,18024,2,2,-11265,-11265,0,1,1,0,,0,3,3,0,3,4,0,0,2253,,0,2,1,
2026-09-12T19:24:15.882Z,85354953000000,3836877,14568,-44035,-44036,,-13518,-11265,-11265,18024,2,2,-11265,-11265,0,1,1,0,,0,3,3,0,3,4,0,0,2253,,0,2,1,
2026-09-12T19:24:15.987Z,85355062000000,3836981,14569,-44041,-44036,,-13518,-11265,-11265,18024,2,2,-11265,-11265,0,1,1,0,,0,3,3,0,3,4,0,0,2253,,0,2,1,
2026-09-12T19:24:16.091Z,85355171000000,3837087,14570,-44043,-44037,,-13518,-10138,-10138,18024,2,2,-10138,-10138,0,1,1,0,,0,3,3,0,3,4,0,0,3380,,0,2,1,
2026-09-12T19:24:16.283Z,85355359000000,3837191,14571,-44041,-44038,,-10138,-9012,-9012,18024,2,2,-9012,-9012,0,1,1,0,,0,3,3,0,3,4,0,0,3379,,0,2,1,
2026-09-12T19:24:16.389Z,85355468000000,3837337,14573,-44030,-44037,,-10138,-10138,-10138,18024,2,2,-10138,-10138,0,1,1,0,,0,3,3,0,3,4,0,0,2253,,0,2,1,
2026-09-12T19:24:16.493Z,85355562000000,3837487,14574,-44047,-44036,,-10138,-11265,-11265,18024,2,2,-11265,-11265,0,1,1,0,,0,3,3,0,3,4,0,0,2253,,0,2,1,
2026-09-12T19:24:16.597Z,85355671000000,3837592,14575,-44040,-44037,,-10138,-10138,-10138,18024,2,2,-10138,-10138,0,1,1,0,,0,3,3,0,3,4,0,0,2253,,0,2,1,
2026-09-12T19:24:16.701Z,85355781000000,3837696,14576,-44029,-44037,,-10138,-10138,-10138,18024,2,2,-10138,-10138,0,1,1,0,,0,3,3,0,3,4,0,0,2253,,0,2,1,
2026-09-12T19:24:16.805Z,85355875000000,3837800,14577,-44021,-44036,,-10138,-11265,-11265,18024,2,2,-11265,-11265,0,1,1,0,,0,3,3,0,3,4,0,0,2253,,0,2,1,
2026-09-12T19:24:16.910Z,85355984000000,3837904,14578,-44025,-44035,,-10138,-12391,-12391,18024,2,2,-12391,-12391,0,1,1,0,,0,3,3,0,3,4,0,0,3379,,0,2,1,
2026-09-12T19:24:17.014Z,85356093000000,3838008,14579,-44020,-44033,,-10138,-14644,-14644,18024,2,2,-14644,-14644,0,1,1,0,,0,3,3,0,3,4,0,0,5632,,0,2,1,
2026-09-12T19:24:17.119Z,85356187000000,3838113,14580,-44019,-44031,,-10138,-16897,-16897,18024,2,2,-16897,-16897,0,1,1,0,,0,3,3,0,3,4,0,0,6759,,0,2,1,
2026-09-12T19:24:17.307Z,85356375000000,3838234,14582,-44043,-44031,,-15771,-16897,-16897,18024,2,2,-16897,-16897,0,1,1,0,,0,3,3,0,3,4,0,0,7886,,0,2,1,
2026-09-12T19:24:17.411Z,85356484000000,3838334,14583,-44038,-44032,,-15771,-15771,-15771,18024,2,2,-15771,-15771,0,1,1,0,,0,3,3,0,3,4,0,0,7886,,0,2,1,
2026-09-12T19:24:17.516Z,85356593000000,3838511,14584,-44034,-44033,,-15771,-14644,-14644,18024,2,2,-14644,-14644,0,1,1,0,,0,3,3,0,3,4,0,0,6759,,0,2,1,
2026-09-12T19:24:17.620Z,85356687000000,3838615,14585,-44035,-44033,,-15771,-14644,-14644,18024,2,2,-14644,-14644,0,1,1,0,,0,3,3,0,3,4,0,0,5633,,0,2,1,
2026-09-12T19:24:17.722Z,85356796000000,3838735,14587,-44040,-44033,,-15771,-14644,-14644,18024,2,2,-14644,-14644,0,1,1,0,,0,3,3,0,3,4,0,0,3380,,0,2,1,
2026-09-12T19:24:17.825Z,85356890000000,3838835,14588,-44035,-44033,,-15771,-14644,-14644,18024,2,2,-14644,-14644,0,1,1,0,,0,3,3,0,3,4,0,0,3380,,0,2,1,
2026-09-12T19:24:17.929Z,85357000000000,3838935,14589,-44031,-44033,,-15771,-14644,-14644,18024,2,2,-14644,-14644,0,1,1,0,,0,3,3,0,3,4,0,0,2253,,0,2,1,
2026-09-12T19:24:18.031Z,85357109000000,3839036,14590,-44031,-44033,,-15771,-14644,-14644,18024,2,2,-14644,-14644,0,1,1,0,,0,3,3,0,3,4,0,0,1127,,0,2,1,
2026-09-12T19:24:18.137Z,85357203000000,3839136,14591,-44038,-44033,,-15771,-14644,-14644,18024,2,2,-14644,-14644,0,1,1,0,,0,3,3,0,3,4,0,0,0,,0,2,1,
2026-09-12T19:24:18.326Z,85357406000000,3839236,14592,-44058,-44034,,-11265,-13518,-13518,18024,2,2,-13518,-13518,0,1,1,0,,0,3,3,0,3,4,0,0,1126,,0,2,1,
2026-09-12T19:24:18.429Z,85357500000000,3839436,14594,-44031,-44038,,-11265,-9012,-9012,18024,2,2,-9012,-9012,0,1,1,0,,0,3,3,0,3,4,0,0,5632,,0,2,1,
2026-09-12T19:24:18.532Z,85357609000000,3839536,14595,-44044,-44039,,-11265,-7885,-7885,18024,2,2,-7885,-7885,0,1,1,0,,0,3,3,0,3,4,0,0,6759,,0,2,1,
2026-09-12T19:24:18.635Z,85357703000000,3839636,14596,-44037,-44039,,-11265,-7885,-7885,18024,2,2,-7885,-7885,0,1,1,0,,0,3,3,0,3,4,0,0,6759,,0,2,1,
2026-09-12T19:24:18.740Z,85357812000000,3839737,14597,-44024,-44039,,-11265,-7885,-7885,18024,2,2,-7885,-7885,0,1,1,0,,0,3,3,0,3,4,0,0,6759,,0,2,1,
2026-09-12T19:24:18.844Z,85357921000000,3839838,14598,-44025,-44037,,-11265,-10138,-10138,18024,2,2,-10138,-10138,0,1,1,0,,0,3,3,0,3,4,0,0,6759,,0,2,1,
2026-09-12T19:24:18.950Z,85358015000000,3839944,14599,-44052,-44035,,-11265,-12391,-12391,18024,2,2,-12391,-12391,0,1,1,0,,0,3,3,0,3,4,0,0,5633,,0,2,1,
2026-09-12T19:24:19.054Z,85358125000000,3840049,14600,-44048,-44037,,-11265,-10138,-10138,18024,2,2,-10138,-10138,0,1,1,0,,0,3,3,0,3,4,0,0,4506,,0,2,1,
2026-09-12T19:24:19.159Z,85358234000000,3840154,14601,-44022,-44038,,-11265,-9012,-9012,18024,2,2,-9012,-9012,0,1,1,0,,0,3,3,0,3,4,0,0,4506,,0,2,1,
2026-09-12T19:24:19.349Z,85358421000000,3840258,14602,-44019,-44036,,-13518,-11265,-11265,18024,2,2,-11265,-11265,0,1,1,0,,0,3,3,0,3,4,0,0,4506,,0,2,1,
2026-09-12T19:24:19.453Z,85358531000000,3840455,14604,-44055,-44034,,-13518,-13518,-13518,18024,2,2,-13518,-13518,0,1,1,0,,0,3,3,0,3,4,0,0,5633,,0,2,1,
2026-09-12T19:24:19.557Z,85358625000000,3840553,14605,-44048,-44036,,-13518,-11265,-11265,18024,2,2,-11265,-11265,0,1,1,0,,0,3,3,0,3,4,0,0,4506,,0,2,1,
2026-09-12T19:24:19.661Z,85358734000000,3840657,14606,-44038,-44038,,-13518,-9012,-9012,18024,2,2,-9012,-9012,0,1,1,0,,0,3,3,0,3,4,0,0,4506,,0,2,1,
2026-09-12T19:24:19.765Z,85358843000000,3840761,14607,-44051,-44039,,-13518,-7885,-7885,18024,2,2,-7885,-7885,0,1,1,0,,0,3,3,0,3,4,0,0,5633,,0,2,1,
2026-09-12T19:24:19.870Z,85358937000000,3840865,14608,-44051,-44041,,-13518,-5632,-5632,18024,2,2,-5632,-5632,0,1,1,0,,0,3,3,0,3,4,0,0,7886,,0,2,1,
2026-09-12T19:24:19.974Z,85359046000000,3840969,14609,-44040,-44042,,-13518,-4506,-4506,18024,2,2,-4506,-4506,0,1,1,0,,0,3,3,0,3,4,0,0,9012,,0,2,1,
2026-09-12T19:24:20.080Z,85359156000000,3841075,14610,-44039,-44042,,-13518,-4506,-4506,18024,2,2,-4506,-4506,0,1,1,0,,0,3,3,0,3,4,0,0,9012,,0,2,1,
2026-09-12T19:24:20.184Z,85359250000000,3841179,14611,-44026,-44042,,-13518,-4506,-4506,18024,2,2,-4506,-4506,0,1,1,0,,0,3,3,0,3,4,0,0,9012,,0,2,1,
2026-09-12T19:24:20.375Z,85359453000000,3841284,14612,-44034,-44041,,-6759,-5632,-5632,18024,2,2,-5632,-5632,0,1,1,0,,0,3,3,0,3,4,0,0,6759,,0,2,1,
2026-09-12T19:24:20.481Z,85359546000000,3841440,14614,-44051,-44040,,-6759,-6759,-6759,18024,2,2,-6759,-6759,0,1,1,0,,0,3,3,0,3,4,0,0,3379,,0,2,1,
2026-09-12T19:24:20.585Z,85359656000000,3841580,14615,-44046,-44041,,-6759,-5632,-5632,18024,2,2,-5632,-5632,0,1,1,0,,0,3,3,0,3,4,0,0,2253,,0,2,1,
2026-09-12T19:24:20.690Z,85359765000000,3841684,14616,-44035,-44042,,-6759,-4506,-4506,18024,2,2,-4506,-4506,0,1,1,0,,0,3,3,0,3,4,0,0,2253,,0,2,1,
2026-09-12T19:24:20.794Z,85359875000000,3841790,14617,-44040,-44042,,-6759,-4506,-4506,18024,2,2,-4506,-4506,0,1,1,0,,0,3,3,0,3,4,0,0,2253,,0,2,1,
2026-09-12T19:24:20.898Z,85359968000000,3841894,14618,-44031,-44041,,-6759,-5632,-5632,18024,2,2,-5632,-5632,0,1,1,0,,0,3,3,0,3,4,0,0,2253,,0,2,1,
2026-09-12T19:24:21.003Z,85360078000000,3841998,14619,-44032,-44040,,-6759,-6759,-6759,18024,2,2,-6759,-6759,0,1,1,0,,0,3,3,0,3,4,0,0,2253,,0,2,1,
2026-09-12T19:24:21.109Z,85360187000000,3842102,14620,-44022,-44039,,-6759,-7885,-7885,18024,2,2,-7885,-7885,0,1,1,0,,0,3,3,0,3,4,0,0,3379,,0,2,1,
2026-09-12T19:24:21.213Z,85360281000000,3842208,14621,-44035,-44038,,-6759,-9012,-9012,18024,2,2,-9012,-9012,0,1,1,0,,0,3,3,0,3,4,0,0,4506,,0,2,1,
2026-09-12T19:24:21.405Z,85360484000000,3842313,14622,-44033,-44037,,-13518,-10138,-10138,18024,2,2,-10138,-10138,0,1,1,0,,0,3,3,0,3,4,0,0,5632,,0,2,1,
2026-09-12T19:24:21.510Z,85360578000000,3842461,14624,-44019,-44034,,-13518,-13518,-13518,18024,2,2,-13518,-13518,0,1,1,0,,0,3,3,0,3,4,0,0,9012,,0,2,1,
2026-09-12T19:24:21.615Z,85360687000000,3842609,14625,-44040,-44032,,-13518,-15771,-15771,18024,2,2,-15771,-15771,0,1,1,0,,0,3,3,0,3,4,0,0,10139,,0,2,1,
2026-09-12T19:24:21.719Z,85360796000000,3842714,14626,-44039,-44033,,-13518,-14644,-14644,18024,2,2,-14644,-14644,0,1,1,0,,0,3,3,0,3,4,0,0,9012,,0,2,1,
2026-09-12T19:24:21.822Z,85360890000000,3842819,14627,-44041,-44034,,-13518,-13518,-13518,18024,2,2,-13518,-13518,0,1,1,0,,0,3,3,0,3,4,0,0,7886,,0,2,1,
2026-09-12T19:24:21.929Z,85361000000000,3842922,14628,-44042,-44035,,-13518,-12391,-12391,18024,2,2,-12391,-12391,0,1,1,0,,0,3,3,0,3,4,0,0,6759,,0,2,1,
2026-09-12T19:24:22.032Z,85361109000000,3843043,14630,-44042,-44037,,-13518,-10138,-10138,18024,2,2,-10138,-10138,0,1,1,0,,0,3,3,0,3,4,0,0,5633,,0,2,1,
2026-09-12T19:24:22.136Z,85361203000000,3843143,14631,-44030,-44037,,-13518,-10138,-10138,18024,2,2,-10138,-10138,0,1,1,0,,0,3,3,0,3,4,0,0,5633,,0,2,1,
2026-09-12T19:24:22.239Z,85361312000000,3843243,14632,-44047,-44038,,-13518,-9012,-9012,18024,2,2,-9012,-9012,0,1,1,0,,0,3,3,0,3,4,0,0,6759,,0,2,1,
2026-09-12T19:24:22.428Z,85361500000000,3843343,14633,-44049,-44039,,-6759,-7885,-7885,18024,2,2,-7885,-7885,0,1,1,0,,0,3,3,0,3,4,0,0,6759,,0,2,1,
2026-09-12T19:24:22.531Z,85361609000000,3843544,14635,-44038,-44040,,-6759,-6759,-6759,18024,2,2,-6759,-6759,0,1,1,0,,0,3,3,0,3,4,0,0,5632,,0,2,1,
2026-09-12T19:24:22.634Z,85361703000000,3843644,14636,-44041,-44040,,-6759,-6759,-6759,18024,2,2,-6759,-6759,0,1,1,0,,0,3,3,0,3,4,0,0,4506,,0,2,1,
2026-09-12T19:24:22.737Z,85361812000000,3843744,14637,-44043,-44040,,-6759,-6759,-6759,18024,2,2,-6759,-6759,0,1,1,0,,0,3,3,0,3,4,0,0,3379,,0,2,1,
2026-09-12T19:24:22.839Z,85361906000000,3843844,14638,-44034,-44040,,-6759,-6759,-6759,18024,2,2,-6759,-6759,0,1,1,0,,0,3,3,0,3,4,0,0,3379,,0,2,1,
2026-09-12T19:24:22.942Z,85362015000000,3843944,14639,-44046,-44040,,-6759,-6759,-6759,18024,2,2,-6759,-6759,0,1,1,0,,0,3,3,0,3,4,0,0,2253,,0,2,1,
2026-09-12T19:24:23.046Z,85362125000000,3844044,14640,-44037,-44040,,-6759,-6759,-6759,18024,2,2,-6759,-6759,0,1,1,0,,0,3,3,0,3,4,0,0,1126,,0,2,1,
2026-09-12T19:24:23.150Z,85362218000000,3844146,14641,-44022,-44040,,-6759,-6759,-6759,18024,2,2,-6759,-6759,0,1,1,0,,0,3,3,0,3,4,0,0,0,,0,2,1,
2026-09-12T19:24:23.255Z,85362328000000,3844250,14642,-44049,-44040,,-6759,-6759,-6759,18024,2,2,-6759,-6759,0,1,1,0,,0,3,3,0,3,4,0,0,0,,0,2,1,
2026-09-12T19:24:23.446Z,85362515000000,3844355,14643,-44052,-44041,,-4506,-5632,-5632,18024,2,2,-5632,-5632,0,1,1,0,,0,3,3,0,3,4,0,0,1127,,0,2,1,
2026-09-12T19:24:23.550Z,85362625000000,3844552,14645,-44040,-44042,,-4506,-4506,-4506,18024,2,2,-4506,-4506,0,1,1,0,,0,3,3,0,3,4,0,0,2253,,0,2,1,
2026-09-12T19:24:23.654Z,85362734000000,3844650,14646,-44035,-44041,,-4506,-5632,-5632,18024,2,2,-5632,-5632,0,1,1,0,,0,3,3,0,3,4,0,0,2253,,0,2,1,
2026-09-12T19:24:23.758Z,85362828000000,3844754,14647,-44025,-44040,,-4506,-6759,-6759,18024,2,2,-6759,-6759,0,1,1,0,,0,3,3,0,3,4,0,0,2253,,0,2,1,
2026-09-12T19:24:23.863Z,85362937000000,3844858,14648,-44035,-44039,,-4506,-7885,-7885,18024,2,2,-7885,-7885,0,1,1,0,,0,3,3,0,3,4,0,0,3379,,0,2,1,
2026-09-12T19:24:23.968Z,85363046000000,3844962,14649,-44035,-44038,,-4506,-9012,-9012,18024,2,2,-9012,-9012,0,1,1,0,,0,3,3,0,3,4,0,0,4506,,0,2,1,
2026-09-12T19:24:24.073Z,85363140000000,3845067,14650,-44041,-44038,,-4506,-9012,-9012,18024,2,2,-9012,-9012,0,1,1,0,,0,3,3,0,3,4,0,0,4506,,0,2,1,
2026-09-12T19:24:24.177Z,85363250000000,3845172,14651,-44032,-44038,,-4506,-9012,-9012,18024,2,2,-9012,-9012,0,1,1,0,,0,3,3,0,3,4,0,0,4506,,0,2,1,
2026-09-12T19:24:24.281Z,85363359000000,3845277,14652,-44046,-44038,,-4506,-9012,-9012,18024,2,2,-9012,-9012,0,1,1,0,,0,3,3,0,3,4,0,0,4506,,0,2,1,
2026-09-12T19:24:24.472Z,85363546000000,3845381,14653,-44042,-44039,,-6759,-7885,-7885,18024,2,2,-7885,-7885,0,1,1,0,,0,3,3,0,3,4,0,0,3380,,0,2,1,
2026-09-12T19:24:24.576Z,85363656000000,3845578,14655,-44037,-44040,,-6759,-6759,-6759,18024,2,2,-6759,-6759,0,1,1,0,,0,3,3,0,3,4,0,0,2253,,0,2,1,
2026-09-12T19:24:24.680Z,85363750000000,3845676,14656,-44056,-44041,,-6759,-5632,-5632,18024,2,2,-5632,-5632,0,1,1,0,,0,3,3,0,3,4,0,0,3380,,0,2,1,
2026-09-12T19:24:24.784Z,85363859000000,3845780,14657,-44045,-44042,,-6759,-4506,-4506,18024,2,2,-4506,-4506,0,1,1,0,,0,3,3,0,3,4,0,0,4506,,0,2,1,
2026-09-12T19:24:24.890Z,85363968000000,3845884,14658,-44052,-44043,,-6759,-3379,-3379,18024,2,2,-3379,-3379,0,1,1,0,,0,3,3,0,3,4,0,0,5633,,0,2,1,
2026-09-12T19:24:24.995Z,85364062000000,3845990,14659,-44052,-44044,,-6759,-2253,-2253,18024,2,2,-2253,-2253,0,1,1,0,,0,3,3,0,3,4,0,0,6759,,0,2,1,
2026-09-12T19:24:25.100Z,85364171000000,3846095,14660,-44036,-44045,,-6759,-1126,-1126,18024,2,2,-1126,-1126,0,1,1,0,,0,3,3,0,3,4,0,0,6759,,0,2,1,
2026-09-12T19:24:25.204Z,85364281000000,3846199,14661,-44021,-44044,,-6759,-2253,-2253,18024,2,2,-2253,-2253,0,1,1,0,,0,3,3,0,3,4,0,0,5633,,0,2,1,
2026-09-12T19:24:25.309Z,85364375000000,3846304,14662,-44037,-44043,,-6759,-3379,-3379,18024,2,2,-3379,-3379,0,1,1,0,,0,3,3,0,3,4,0,0,5633,,0,2,1,
2026-09-12T19:24:25.503Z,85364578000000,3846410,14663,-44049,-44042,,-2253,-4506,-4506,18024,2,2,-4506,-4506,0,1,1,0,,0,3,3,0,3,4,0,0,4506,,0,2,1,
2026-09-12T19:24:25.608Z,85364687000000,3846557,14665,-44040,-44044,,-2253,-2253,-2253,18024,2,2,-2253,-2253,0,1,1,0,,0,3,3,0,3,4,0,0,3380,,0,2,1,
2026-09-12T19:24:25.712Z,85364781000000,3846707,14666,-44054,-44045,,-2253,-1126,-1126,18024,2,2,-1126,-1126,0,1,1,0,,0,3,3,0,3,4,0,0,3380,,0,2,1,
2026-09-12T19:24:25.817Z,85364890000000,3846812,14667,-44048,-44045,,-2253,-1126,-1126,18024,2,2,-1126,-1126,0,1,1,0,,0,3,3,0,3,4,0,0,3380,,0,2,1,
2026-09-12T19:24:25.922Z,85365000000000,3846917,14668,-44052,-44046,,-2253,0,0,18024,2,2,0,0,0,1,1,0,,0,3,3,0,3,4,0,0,4506,,0,2,1,
2026-09-12T19:24:26.025Z,85365093000000,3847022,14669,-44067,-44047,,-2253,1126,1126,18024,2,2,1126,1126,0,1,1,0,,0,3,3,0,3,4,0,0,5632,,0,2,1,
2026-09-12T19:24:26.129Z,85365203000000,3847126,14670,-44041,-44048,,-2253,2253,2253,18024,2,2,2253,2253,0,1,1,0,,0,3,3,0,3,4,0,0,6759,,0,2,1,
2026-09-12T19:24:26.235Z,85365312000000,3847250,14672,-44069,-44048,,-2253,2253,2253,18024,2,2,2253,2253,0,1,1,0,,0,3,3,0,3,4,0,0,4506,,0,2,1,
2026-09-12T19:24:26.338Z,85365406000000,3847350,14673,-44070,-44051,,-2253,5632,5632,18024,2,2,5632,5632,0,1,1,0,,0,3,3,0,3,4,0,0,6758,,0,2,1,
2026-09-12T19:24:26.526Z,85365593000000,3847451,14674,-44039,-44053,,6759,7885,7885,18024,2,2,7885,7885,0,1,1,0,,0,3,3,0,3,4,0,0,9011,,0,2,1,
2026-09-12T19:24:26.630Z,85365703000000,3847551,14675,-44045,-44052,,6759,6759,6759,18024,2,2,6759,6759,0,1,1,0,,0,3,3,0,3,4,0,0,7885,,0,2,1,
2026-09-12T19:24:26.734Z,85365812000000,3847730,14676,-44056,-44051,,6759,5632,5632,18024,2,2,5632,5632,0,1,1,0,,0,3,3,0,3,4,0,0,6759,,0,2,1,
2026-09-12T19:24:26.838Z,85365906000000,3847851,14678,-44045,-44049,,6759,3379,3379,18024,2,2,3379,3379,0,1,1,0,,0,3,3,0,3,4,0,0,5632,,0,2,1,
2026-09-12T19:24:26.941Z,85366015000000,3847952,14679,-44051,-44048,,6759,2253,2253,18024,2,2,2253,2253,0,1,1,0,,0,3,3,0,3,4,0,0,5632,,0,2,1,
2026-09-12T19:24:27.043Z,85366109000000,3848052,14680,-44052,-44048,,6759,2253,2253,18024,2,2,2253,2253,0,1,1,0,,0,3,3,0,3,4,0,0,5632,,0,2,1,
2026-09-12T19:24:27.147Z,85366218000000,3848152,14681,-44028,-44048,,6759,2253,2253,18024,2,2,2253,2253,0,1,1,0,,0,3,3,0,3,4,0,0,5632,,0,2,1,
2026-09-12T19:24:27.249Z,85366328000000,3848252,14682,-44027,-44045,,6759,-1126,-1126,18024,2,2,-1126,-1126,0,1,1,0,,0,3,3,0,3,4,0,0,7885,,0,2,1,
2026-09-12T19:24:27.353Z,85366421000000,3848352,14683,-44034,-44043,,6759,-3379,-3379,18024,2,2,-3379,-3379,0,1,1,0,,0,3,3,0,3,4,0,0,9011,,0,2,1,
2026-09-12T19:24:27.544Z,85366609000000,3848453,14684,-44051,-44042,,-4506,-4506,-4506,18024,2,2,-4506,-4506,0,1,1,0,,0,3,3,0,3,4,0,0,9012,,0,2,1,
2026-09-12T19:24:27.646Z,85366718000000,3848653,14686,-44025,-44042,,-4506,-4506,-4506,18024,2,2,-4506,-4506,0,1,1,0,,0,3,3,0,3,4,0,0,6759,,0,2,1,
2026-09-12T19:24:27.749Z,85366828000000,3848753,14687,-44033,-44041,,-4506,-5632,-5632,18024,2,2,-5632,-5632,0,1,1,0,,0,3,3,0,3,4,0,0,7885,,0,2,1,
2026-09-12T19:24:27.854Z,85366921000000,3848853,14688,-44029,-44039,,-4506,-7885,-7885,18024,2,2,-7885,-7885,0,1,1,0,,0,3,3,0,3,4,0,0,10138,,0,2,1,
2026-09-12T19:24:27.958Z,85367031000000,3848954,14689,-44039,-44038,,-4506,-9012,-9012,18024,2,2,-9012,-9012,0,1,1,0,,0,3,3,0,3,4,0,0,7886,,0,2,1,
2026-09-12T19:24:28.062Z,85367140000000,3849058,14690,-44033,-44037,,-4506,-10138,-10138,18024,2,2,-10138,-10138,0,1,1,0,,0,3,3,0,3,4,0,0,6759,,0,2,1,
2026-09-12T19:24:28.166Z,85367234000000,3849162,14691,-44038,-44037,,-4506,-10138,-10138,18024,2,2,-10138,-10138,0,1,1,0,,0,3,3,0,3,4,0,0,5632,,0,2,1,
2026-09-12T19:24:28.270Z,85367343000000,3849267,14692,-44047,-44037,,-4506,-10138,-10138,18024,2,2,-10138,-10138,0,1,1,0,,0,3,3,0,3,4,0,0,5632,,0,2,1,
2026-09-12T19:24:28.375Z,85367453000000,3849371,14693,-44046,-44038,,-4506,-9012,-9012,18024,2,2,-9012,-9012,0,1,1,0,,0,3,3,0,3,4,0,0,5632,,0,2,1,
2026-09-12T19:24:28.568Z,85367640000000,3849475,14694,-44025,-44039,,-6759,-7885,-7885,18024,2,2,-7885,-7885,0,1,1,0,,0,3,3,0,3,4,0,0,4506,,0,2,1,
2026-09-12T19:24:28.672Z,85367750000000,3849674,14696,-44049,-44041,,-6759,-5632,-5632,18024,2,2,-5632,-5632,0,1,1,0,,0,3,3,0,3,4,0,0,4506,,0,2,1,
2026-09-12T19:24:28.776Z,85367843000000,3849772,14697,-44042,-44041,,-6759,-5632,-5632,18024,2,2,-5632,-5632,0,1,1,0,,0,3,3,0,3,4,0,0,4506,,0,2,1,
2026-09-12T19:24:28.881Z,85367953000000,3849876,14698,-44035,-44041,,-6759,-5632,-5632,18024,2,2,-5632,-5632,0,1,1,0,,0,3,3,0,3,4,0,0,4506,,0,2,1,
2026-09-12T19:24:28.986Z,85368062000000,3849981,14699,-44037,-44040,,-6759,-6759,-6759,18024,2,2,-6759,-6759,0,1,1,0,,0,3,3,0,3,4,0,0,4506,,0,2,1,
2026-09-12T19:24:29.090Z,85368156000000,3850086,14700,-44019,-44039,,-6759,-7885,-7885,18024,2,2,-7885,-7885,0,1,1,0,,0,3,3,0,3,4,0,0,3380,,0,2,1,
2026-09-12T19:24:29.194Z,85368265000000,3850190,14701,-44029,-44038,,-6759,-9012,-9012,18024,2,2,-9012,-9012,0,1,1,0,,0,3,3,0,3,4,0,0,3380,,0,2,1,
2026-09-12T19:24:29.297Z,85368375000000,3850294,14702,-44040,-44037,,-6759,-10138,-10138,18024,2,2,-10138,-10138,0,1,1,0,,0,3,3,0,3,4,0,0,4506,,0,2,1,
2026-09-12T19:24:29.402Z,85368468000000,3850398,14703,-44026,-44036,,-6759,-11265,-11265,18024,2,2,-11265,-11265,0,1,1,0,,0,3,3,0,3,4,0,0,5633,,0,2,1,
2026-09-12T19:24:29.594Z,85368671000000,3850502,14704,-44009,-44035,,-14644,-12391,-12391,18024,2,2,-12391,-12391,0,1,1,0,,0,3,3,0,3,4,0,0,6759,,0,2,1,
2026-09-12T19:24:29.697Z,85368765000000,3850656,14706,-44028,-44033,,-14644,-14644,-14644,18024,2,2,-14644,-14644,0,1,1,0,,0,3,3,0,3,4,0,0,7885,,0,2,1,
2026-09-12T19:24:29.802Z,85368875000000,3850798,14707,-44040,-44033,,-14644,-14644,-14644,18024,2,2,-14644,-14644,0,1,1,0,,0,3,3,0,3,4,0,0,6759,,0,2,1,
2026-09-12T19:24:29.909Z,85368984000000,3850903,14708,-44032,-44033,,-14644,-14644,-14644,18024,2,2,-14644,-14644,0,1,1,0,,0,3,3,0,3,4,0,0,5632,,0,2,1,
2026-09-12T19:24:30.013Z,85369078000000,3851007,14709,-44034,-44033,,-14644,-14644,-14644,18024,2,2,-14644,-14644,0,1,1,0,,0,3,3,0,3,4,0,0,4506,,0,2,1,
2026-09-12T19:24:30.117Z,85369187000000,3851113,14710,-44038,-44033,,-14644,-14644,-14644,18024,2,2,-14644,-14644,0,1,1,0,,0,3,3,0,3,4,0,0,3379,,0,2,1,
2026-09-12T19:24:30.220Z,85369296000000,3851217,14711,-44042,-44034,,-14644,-13518,-13518,18024,2,2,-13518,-13518,0,1,1,0,,0,3,3,0,3,4,0,0,2253,,0,2,1,
2026-09-12T19:24:30.325Z,85369390000000,3851321,14712,-44033,-44035,,-14644,-12391,-12391,18024,2,2,-12391,-12391,0,1,1,0,,0,3,3,0,3,4,0,0,2253,,0,2,1,
2026-09-12T19:24:30.430Z,85369500000000,3851425,14713,-44038,-44035,,-14644,-12391,-12391,18024,2,2,-12391,-12391,0,1,1,0,,0,3,3,0,3,4,0,0,2253,,0,2,1,
2026-09-12T19:24:30.621Z,85369687000000,3851530,14714,-44040,-44035,,-11265,-12391,-12391,18024,2,2,-12391,-12391,0,1,1,0,,0,3,3,0,3,4,0,0,2253,,0,2,1,
2026-09-12T19:24:30.724Z,85369796000000,3851677,14716,-44047,-44036,,-11265,-11265,-11265,18024,2,2,-11265,-11265,0,1,1,0,,0,3,3,0,3,4,0,0,3379,,0,2,1,
2026-09-12T19:24:30.829Z,85369906000000,3851825,14717,-44050,-44037,,-11265,-10138,-10138,18024,2,2,-10138,-10138,0,1,1,0,,0,3,3,0,3,4,0,0,4506,,0,2,1,
2026-09-12T19:24:30.934Z,85370000000000,3851929,14718,-44047,-44038,,-11265,-9012,-9012,18024,2,2,-9012,-9012,0,1,1,0,,0,3,3,0,3,4,0,0,4506,,0,2,1,
2026-09-12T19:24:31.039Z,85370109000000,3852035,14719,-44040,-44039,,-11265,-7885,-7885,18024,2,2,-7885,-7885,0,1,1,0,,0,3,3,0,3,4,0,0,4506,,0,2,1,
2026-09-12T19:24:31.143Z,85370218000000,3852139,14720,-44026,-44039,,-11265,-7885,-7885,18024,2,2,-7885,-7885,0,1,1,0,,0,3,3,0,3,4,0,0,4506,,0,2,1,
2026-09-12T19:24:31.245Z,85370312000000,3852259,14722,-44035,-44038,,-11265,-9012,-9012,18024,2,2,-9012,-9012,0,1,1,0,,0,3,3,0,3,4,0,0,4506,,0,2,1,
2026-09-12T19:24:31.348Z,85370421000000,3852359,14723,-44031,-44038,,-11265,-9012,-9012,18024,2,2,-9012,-9012,0,1,1,0,,0,3,3,0,3,4,0,0,3380,,0,2,1,
2026-09-12T19:24:31.451Z,85370531000000,3852459,14724,-44051,-44038,,-11265,-9012,-9012,18024,2,2,-9012,-9012,0,1,1,0,,0,3,3,0,3,4,0,0,2253,,0,2,1,
2026-09-12T19:24:31.640Z,85370718000000,3852560,14725,-44032,-44037,,-11265,-10138,-10138,18024,2,2,-10138,-10138,0,1,1,0,,0,3,3,0,3,4,0,0,2253,,0,2,1,
2026-09-12T19:24:31.744Z,85370812000000,3852760,14727,-44032,-44035,,-11265,-12391,-12391,18024,2,2,-12391,-12391,0,1,1,0,,0,3,3,0,3,4,0,0,4506,,0,2,1,
2026-09-12T19:24:31.848Z,85370921000000,3852860,14728,-44031,-44034,,-11265,-13518,-13518,18024,2,2,-13518,-13518,0,1,1,0,,0,3,3,0,3,4,0,0,5633,,0,2,1,
2026-09-12T19:24:31.952Z,85371031000000,3852960,14729,-44023,-44034,,-11265,-13518,-13518,18024,2,2,-13518,-13518,0,1,1,0,,0,3,3,0,3,4,0,0,4506,,0,2,1,
2026-09-12T19:24:32.054Z,85371125000000,3853060,14730,-44037,-44034,,-11265,-13518,-13518,18024,2,2,-13518,-13518,0,1,1,0,,0,3,3,0,3,4,0,0,4506,,0,2,1,
2026-09-12T19:24:32.158Z,85371234000000,3853160,14731,-44038,-44034,,-11265,-13518,-13518,18024,2,2,-13518,-13518,0,1,1,0,,0,3,3,0,3,4,0,0,4506,,0,2,1,
2026-09-12T19:24:32.262Z,85371328000000,3853261,14732,-44037,-44034,,-11265,-13518,-13518,18024,2,2,-13518,-13518,0,1,1,0,,0,3,3,0,3,4,0,0,3380,,0,2,1,
2026-09-12T19:24:32.365Z,85371437000000,3853363,14733,-44041,-44035,,-11265,-12391,-12391,18024,2,2,-12391,-12391,0,1,1,0,,0,3,3,0,3,4,0,0,2253,,0,2,1,
2026-09-12T19:24:32.470Z,85371546000000,3853466,14734,-44038,-44035,,-11265,-12391,-12391,18024,2,2,-12391,-12391,0,1,1,0,,0,3,3,0,3,4,0,0,1127,,0,2,1,
2026-09-12T19:24:32.663Z,85371734000000,3853570,14735,-44026,-44035,,-12391,-12391,-12391,18024,2,2,-12391,-12391,0,1,1,0,,0,3,3,0,3,4,0,0,1127,,0,2,1,
2026-09-12T19:24:32.769Z,85371843000000,3853770,14737,-44037,-44035,,-12391,-12391,-12391,18024,2,2,-12391,-12391,0,1,1,0,,0,3,3,0,3,4,0,0,1127,,0,2,1,
2026-09-12T19:24:32.874Z,85371953000000,3853868,14738,-44036,-44035,,-12391,-12391,-12391,18024,2,2,-12391,-12391,0,1,1,0,,0,3,3,0,3,4,0,0,1127,,0,2,1,
2026-09-12T19:24:32.979Z,85372046000000,3853974,14739,-44049,-44035,,-12391,-12391,-12391,18024,2,2,-12391,-12391,0,1,1,0,,0,3,3,0,3,4,0,0,1127,,0,2,1,
2026-09-12T19:24:33.083Z,85372156000000,3854079,14740,-44054,-44037,,-12391,-10138,-10138,18024,2,2,-10138,-10138,0,1,1,0,,0,3,3,0,3,4,0,0,2253,,0,2,1,
2026-09-12T19:24:33.188Z,85372265000000,3854184,14741,-44056,-44039,,-12391,-7885,-7885,18024,2,2,-7885,-7885,0,1,1,0,,0,3,3,0,3,4,0,0,4506,,0,2,1,
2026-09-12T19:24:33.292Z,85372359000000,3854288,14742,-44032,-44041,,-12391,-5632,-5632,18024,2,2,-5632,-5632,0,1,1,0,,0,3,3,0,3,4,0,0,6759,,0,2,1,
2026-09-12T19:24:33.396Z,85372468000000,3854393,14743,-44021,-44040,,-12391,-6759,-6759,18024,2,2,-6759,-6759,0,1,1,0,,0,3,3,0,3,4,0,0,6759,,0,2,1,
2026-09-12T19:24:33.500Z,85372578000000,3854497,14744,-44023,-44038,,-12391,-9012,-9012,18024,2,2,-9012,-9012,0,1,1,0,,0,3,3,0,3,4,0,0,6759,,0,2,1,
2026-09-12T19:24:33.691Z,85372765000000,3854601,14745,-44026,-44036,,-13518,-11265,-11265,18024,2,2,-11265,-11265,0,1,1,0,,0,3,3,0,3,4,0,0,6759,,0,2,1,
2026-09-12T19:24:33.794Z,85372859000000,3854797,14747,-44026,-44033,,-13518,-14644,-14644,18024,2,2,-14644,-14644,0,1,1,0,,0,3,3,0,3,4,0,0,9012,,0,2,1,
2026-09-12T19:24:33.900Z,85372968000000,3854895,14748,-44034,-44032,,-13518,-15771,-15771,18024,2,2,-15771,-15771,0,1,1,0,,0,3,3,0,3,4,0,0,10139,,0,2,1,
2026-09-12T19:24:34.004Z,85373078000000,3855001,14749,-44038,-44032,,-13518,-15771,-15771,18024,2,2,-15771,-15771,0,1,1,0,,0,3,3,0,3,4,0,0,10139,,0,2,1,
2026-09-12T19:24:34.109Z,85373187000000,3855105,14750,-44028,-44032,,-13518,-15771,-15771,18024,2,2,-15771,-15771,0,1,1,0,,0,3,3,0,3,4,0,0,9012,,0,2,1,
2026-09-12T19:24:34.213Z,85373281000000,3855209,14751,-44035,-44032,,-13518,-15771,-15771,18024,2,2,-15771,-15771,0,1,1,0,,0,3,3,0,3,4,0,0,6759,,0,2,1,
2026-09-12T19:24:34.317Z,85373390000000,3855313,14752,-44030,-44032,,-13518,-15771,-15771,18024,2,2,-15771,-15771,0,1,1,0,,0,3,3,0,3,4,0,0,4506,,0,2,1,
2026-09-12T19:24:34.421Z,85373500000000,3855417,14753,-44028,-44032,,-13518,-15771,-15771,18024,2,2,-15771,-15771,0,1,1,0,,0,3,3,0,3,4,0,0,2253,,0,2,1,
2026-09-12T19:24:34.525Z,85373593000000,3855522,14754,-44026,-44031,,-13518,-16897,-16897,18024,2,2,-16897,-16897,0,1,1,0,,0,3,3,0,3,4,0,0,2253,,0,2,1,
2026-09-12T19:24:34.715Z,85373781000000,3855626,14755,-44038,-44031,,-14644,-16897,-16897,18024,2,2,-16897,-16897,0,1,1,0,,0,3,3,0,3,4,0,0,1126,,0,2,1,
2026-09-12T19:24:34.819Z,85373890000000,3855772,14757,-44041,-44033,,-14644,-14644,-14644,18024,2,2,-14644,-14644,0,1,1,0,,0,3,3,0,3,4,0,0,2253,,0,2,1,
2026-09-12T19:24:34.924Z,85374000000000,3855920,14758,-44040,-44034,,-14644,-13518,-13518,18024,2,2,-13518,-13518,0,1,1,0,,0,3,3,0,3,4,0,0,3379,,0,2,1,
2026-09-12T19:24:35.028Z,85374093000000,3856024,14759,-44025,-44035,,-14644,-12391,-12391,18024,2,2,-12391,-12391,0,1,1,0,,0,3,3,0,3,4,0,0,4506,,0,2,1,
2026-09-12T19:24:35.132Z,85374203000000,3856128,14760,-44028,-44034,,-14644,-13518,-13518,18024,2,2,-13518,-13518,0,1,1,0,,0,3,3,0,3,4,0,0,4506,,0,2,1,
2026-09-12T19:24:35.236Z,85374312000000,3856233,14761,-44039,-44033,,-14644,-14644,-14644,18024,2,2,-14644,-14644,0,1,1,0,,0,3,3,0,3,4,0,0,4506,,0,2,1,
2026-09-12T19:24:35.341Z,85374406000000,3856337,14762,-44041,-44034,,-14644,-13518,-13518,18024,2,2,-13518,-13518,0,1,1,0,,0,3,3,0,3,4,0,0,4506,,0,2,1,
2026-09-12T19:24:35.445Z,85374515000000,3856441,14763,-44040,-44035,,-14644,-12391,-12391,18024,2,2,-12391,-12391,0,1,1,0,,0,3,3,0,3,4,0,0,3380,,0,2,1,
2026-09-12T19:24:35.549Z,85374625000000,3856546,14764,-44027,-44036,,-14644,-11265,-11265,18024,2,2,-11265,-11265,0,1,1,0,,0,3,3,0,3,4,0,0,3379,,0,2,1,
2026-09-12T19:24:35.738Z,85374812000000,3856667,14766,-44047,-44034,,-11265,-13518,-13518,18024,2,2,-13518,-13518,0,1,1,0,,0,3,3,0,3,4,0,0,3379,,0,2,1,
2026-09-12T19:24:35.842Z,85374921000000,3856767,14767,-44058,-44036,,-11265,-11265,-11265,18024,2,2,-11265,-11265,0,1,1,0,,0,3,3,0,3,4,0,0,3379,,0,2,1,
2026-09-12T19:24:35.947Z,85375015000000,3856943,14768,-44048,-44038,,-11265,-9012,-9012,18024,2,2,-9012,-9012,0,1,1,0,,0,3,3,0,3,4,0,0,5632,,0,2,1,
2026-09-12T19:24:36.051Z,85375125000000,3857047,14769,-44054,-44040,,-11265,-6759,-6759,18024,2,2,-6759,-6759,0,1,1,0,,0,3,3,0,3,4,0,0,6759,,0,2,1,
2026-09-12T19:24:36.154Z,85375234000000,3857168,14771,-44043,-44044,,-11265,-2253,-2253,18024,2,2,-2253,-2253,0,1,1,0,,0,3,3,0,3,4,0,0,11265,,0,2,1,
2026-09-12T19:24:36.257Z,85375328000000,3857268,14772,-44036,-44044,,-11265,-2253,-2253,18024,2,2,-2253,-2253,0,1,1,0,,0,3,3,0,3,4,0,0,11265,,0,2,1,
2026-09-12T19:24:36.360Z,85375437000000,3857368,14773,-44051,-44044,,-11265,-2253,-2253,18024,2,2,-2253,-2253,0,1,1,0,,0,3,3,0,3,4,0,0,11265,,0,2,1,
2026-09-12T19:24:36.463Z,85375531000000,3857468,14774,-44032,-44043,,-11265,-3379,-3379,18024,2,2,-3379,-3379,0,1,1,0,,0,3,3,0,3,4,0,0,9012,,0,2,1,
2026-09-12T19:24:36.566Z,85375640000000,3857568,14775,-44039,-44042,,-11265,-4506,-4506,18024,2,2,-4506,-4506,0,1,1,0,,0,3,3,0,3,4,0,0,6759,,0,2,1,
2026-09-12T19:24:36.755Z,85375828000000,3857669,14776,-44063,-44042,,-4506,-4506,-4506,18024,2,2,-4506,-4506,0,1,1,0,,0,3,3,0,3,4,0,0,4506,,0,2,1,
2026-09-12T19:24:36.858Z,85375937000000,3857869,14778,-44031,-44042,,-4506,-4506,-4506,18024,2,2,-4506,-4506,0,1,1,0,,0,3,3,0,3,4,0,0,2253,,0,2,1,
2026-09-12T19:24:36.960Z,85376031000000,3857969,14779,-44053,-44042,,-4506,-4506,-4506,18024,2,2,-4506,-4506,0,1,1,0,,0,3,3,0,3,4,0,0,2253,,0,2,1,
2026-09-12T19:24:37.063Z,85376140000000,3858069,14780,-44055,-44043,,-4506,-3379,-3379,18024,2,2,-3379,-3379,0,1,1,0,,0,3,3,0,3,4,0,0,2253,,0,2,1,
2026-09-12T19:24:37.165Z,85376234000000,3858169,14781,-44034,-44044,,-4506,-2253,-2253,18024,2,2,-2253,-2253,0,1,1,0,,0,3,3,0,3,4,0,0,2253,,0,2,1,
2026-09-12T19:24:37.271Z,85376343000000,3858269,14782,-44036,-44043,,-4506,-3379,-3379,18024,2,2,-3379,-3379,0,1,1,0,,0,3,3,0,3,4,0,0,2253,,0,2,1,
2026-09-12T19:24:37.375Z,85376453000000,3858371,14783,-44052,-44042,,-4506,-4506,-4506,18024,2,2,-4506,-4506,0,1,1,0,,0,3,3,0,3,4,0,0,2253,,0,2,1,
2026-09-12T19:24:37.479Z,85376546000000,3858476,14784,-44052,-44043,,-4506,-3379,-3379,18024,2,2,-3379,-3379,0,1,1,0,,0,3,3,0,3,4,0,0,2253,,0,2,1,
2026-09-12T19:24:37.584Z,85376656000000,3858580,14785,-44044,-44044,,-4506,-2253,-2253,18024,2,2,-2253,-2253,0,1,1,0,,0,3,3,0,3,4,0,0,2253,,0,2,1,
2026-09-12T19:24:37.776Z,85376843000000,3858685,14786,-44033,-44044,,-3379,-2253,-2253,18024,2,2,-2253,-2253,0,1,1,0,,0,3,3,0,3,4,0,0,2253,,0,2,1,
2026-09-12T19:24:37.880Z,85376953000000,3858883,14788,-44033,-44042,,-3379,-4506,-4506,18024,2,2,-4506,-4506,0,1,1,0,,0,3,3,0,3,4,0,0,2253,,0,2,1,
2026-09-12T19:24:37.985Z,85377062000000,3858981,14789,-44019,-44041,,-3379,-5632,-5632,18024,2,2,-5632,-5632,0,1,1,0,,0,3,3,0,3,4,0,0,3379,,0,2,1,
2026-09-12T19:24:38.089Z,85377156000000,3859086,14790,-44033,-44040,,-3379,-6759,-6759,18024,2,2,-6759,-6759,0,1,1,0,,0,3,3,0,3,4,0,0,4506,,0,2,1,
2026-09-12T19:24:38.194Z,85377265000000,3859190,14791,-44023,-44038,,-3379,-9012,-9012,18024,2,2,-9012,-9012,0,1,1,0,,0,3,3,0,3,4,0,0,6759,,0,2,1,
2026-09-12T19:24:38.299Z,85377375000000,3859294,14792,-44040,-44037,,-3379,-10138,-10138,18024,2,2,-10138,-10138,0,1,1,0,,0,3,3,0,3,4,0,0,7885,,0,2,1,
2026-09-12T19:24:38.404Z,85377484000000,3859399,14793,-44033,-44036,,-3379,-11265,-11265,18024,2,2,-11265,-11265,0,1,1,0,,0,3,3,0,3,4,0,0,9012,,0,2,1,
2026-09-12T19:24:38.509Z,85377578000000,3859505,14794,-44022,-44036,,-3379,-11265,-11265,18024,2,2,-11265,-11265,0,1,1,0,,0,3,3,0,3,4,0,0,7886,,0,2,1,
2026-09-12T19:24:38.613Z,85377687000000,3859609,14795,-44039,-44036,,-3379,-11265,-11265,18024,2,2,-11265,-11265,0,1,1,0,,0,3,3,0,3,4,0,0,6759,,0,2,1,
2026-09-12T19:24:38.805Z,85377875000000,3859714,14796,-44043,-44036,,-10138,-11265,-11265,18024,2,2,-11265,-11265,0,1,1,0,,0,3,3,0,3,4,0,0,5633,,0,2,1,
2026-09-12T19:24:38.910Z,85377984000000,3859912,14798,-44035,-44038,,-10138,-9012,-9012,18024,2,2,-9012,-9012,0,1,1,0,,0,3,3,0,3,4,0,0,2253,,0,2,1,
2026-09-12T19:24:39.015Z,85378093000000,3860011,14799,-44040,-44038,,-10138,-9012,-9012,18024,2,2,-9012,-9012,0,1,1,0,,0,3,3,0,3,4,0,0,2253,,0,2,1,
2026-09-12T19:24:39.119Z,85378187000000,3860115,14800,-44041,-44038,,-10138,-9012,-9012,18024,2,2,-9012,-9012,0,1,1,0,,0,3,3,0,3,4,0,0,2253,,0,2,1,
2026-09-12T19:24:39.223Z,85378296000000,3860221,14801,-44034,-44038,,-10138,-9012,-9012,18024,2,2,-9012,-9012,0,1,1,0,,0,3,3,0,3,4,0,0,2253,,0,2,1,
2026-09-12T19:24:39.329Z,85378406000000,3860324,14802,-44037,-44038,,-10138,-9012,-9012,18024,2,2,-9012,-9012,0,1,1,0,,0,3,3,0,3,4,0,0,2253,,0,2,1,
2026-09-12T19:24:39.433Z,85378500000000,3860429,14803,-44047,-44038,,-10138,-9012,-9012,18024,2,2,-9012,-9012,0,1,1,0,,0,3,3,0,3,4,0,0,2253,,0,2,1,
2026-09-12T19:24:39.537Z,85378609000000,3860535,14804,-44034,-44038,,-10138,-9012,-9012,18024,2,2,-9012,-9012,0,1,1,0,,0,3,3,0,3,4,0,0,1126,,0,2,1,
2026-09-12T19:24:39.642Z,85378718000000,3860638,14805,-44034,-44037,,-10138,-10138,-10138,18024,2,2,-10138,-10138,0,1,1,0,,0,3,3,0,3,4,0,0,1126,,0,2,1,
2026-09-12T19:24:39.835Z,85378906000000,3860743,14806,-44025,-44037,,-12391,-10138,-10138,18024,2,2,-10138,-10138,0,1,1,0,,0,3,3,0,3,4,0,0,1126,,0,2,1,
2026-09-12T19:24:39.939Z,85379015000000,3860891,14808,-44048,-44035,,-12391,-12391,-12391,18024,2,2,-12391,-12391,0,1,1,0,,0,3,3,0,3,4,0,0,3379,,0,2,1,
2026-09-12T19:24:40.043Z,85379109000000,3861040,14809,-44030,-44034,,-12391,-13518,-13518,18024,2,2,-13518,-13518,0,1,1,0,,0,3,3,0,3,4,0,0,4506,,0,2,1,
2026-09-12T19:24:40.149Z,85379218000000,3861144,14810,-44027,-44033,,-12391,-14644,-14644,18024,2,2,-14644,-14644,0,1,1,0,,0,3,3,0,3,4,0,0,5632,,0,2,1,
2026-09-12T19:24:40.253Z,85379328000000,3861249,14811,-44045,-44033,,-12391,-14644,-14644,18024,2,2,-14644,-14644,0,1,1,0,,0,3,3,0,3,4,0,0,5632,,0,2,1,
2026-09-12T19:24:40.358Z,85379437000000,3861354,14812,-44045,-44035,,-12391,-12391,-12391,18024,2,2,-12391,-12391,0,1,1,0,,0,3,3,0,3,4,0,0,4506,,0,2,1,
2026-09-12T19:24:40.460Z,85379531000000,3861475,14814,-44026,-44035,,-12391,-12391,-12391,18024,2,2,-12391,-12391,0,1,1,0,,0,3,3,0,3,4,0,0,3379,,0,2,1,
2026-09-12T19:24:40.563Z,85379640000000,3861575,14815,-44046,-44035,,-12391,-12391,-12391,18024,2,2,-12391,-12391,0,1,1,0,,0,3,3,0,3,4,0,0,3379,,0,2,1,
2026-09-12T19:24:40.666Z,85379734000000,3861676,14816,-44035,-44035,,-12391,-12391,-12391,18024,2,2,-12391,-12391,0,1,1,0,,0,3,3,0,3,4,0,0,3379,,0,2,1,
2026-09-12T19:24:40.854Z,85379921000000,3861776,14817,-44023,-44035,,-12391,-12391,-12391,18024,2,2,-12391,-12391,0,1,1,0,,0,3,3,0,3,4,0,0,3379,,0,2,1,
2026-09-12T19:24:40.959Z,85380031000000,3861876,14818,-44036,-44035,,-12391,-12391,-12391,18024,2,2,-12391,-12391,0,1,1,0,,0,3,3,0,3,4,0,0,3379,,0,2,1,
2026-09-12T19:24:41.062Z,85380140000000,3862076,14820,-44029,-44035,,-12391,-12391,-12391,18024,2,2,-12391,-12391,0,1,1,0,,0,3,3,0,3,4,0,0,1126,,0,2,1,
2026-09-12T19:24:41.164Z,85380234000000,3862176,14821,-44029,-44034,,-12391,-13518,-13518,18024,2,2,-13518,-13518,0,1,1,0,,0,3,3,0,3,4,0,0,1127,,0,2,1,
2026-09-12T19:24:41.267Z,85380343000000,3862277,14822,-44022,-44033,,-12391,-14644,-14644,18024,2,2,-14644,-14644,0,1,1,0,,0,3,3,0,3,4,0,0,2253,,0,2,1,
2026-09-12T19:24:41.370Z,85380437000000,3862377,14823,-44035,-44032,,-12391,-15771,-15771,18024,2,2,-15771,-15771,0,1,1,0,,0,3,3,0,3,4,0,0,3380,,0,2,1,
2026-09-12T19:24:41.472Z,85380546000000,3862477,14824,-44037,-44032,,-12391,-15771,-15771,18024,2,2,-15771,-15771,0,1,1,0,,0,3,3,0,3,4,0,0,3380,,0,2,1,
2026-09-12T19:24:41.578Z,85380656000000,3862577,14825,-44042,-44033,,-12391,-14644,-14644,18024,2,2,-14644,-14644,0,1,1,0,,0,3,3,0,3,4,0,0,3380,,0,2,1,
2026-09-12T19:24:41.682Z,85380750000000,3862679,14826,-44025,-44034,,-12391,-13518,-13518,18024,2,2,-13518,-13518,0,1,1,0,,0,3,3,0,3,4,0,0,3380,,0,2,1,
2026-09-12T19:24:41.873Z,85380953000000,3862783,14827,-44036,-44034,,-13518,-13518,-13518,18024,2,2,-13518,-13518,0,1,1,0,,0,3,3,0,3,4,0,0,3380,,0,2,1,
2026-09-12T19:24:41.977Z,85381046000000,3862980,14829,-44039,-44035,,-13518,-12391,-12391,18024,2,2,-12391,-12391,0,1,1,0,,0,3,3,0,3,4,0,0,3380,,0,2,1,
2026-09-12T19:24:42.081Z,85381156000000,3863078,14830,-44052,-44037,,-13518,-10138,-10138,18024,2,2,-10138,-10138,0,1,1,0,,0,3,3,0,3,4,0,0,5633,,0,2,1,
2026-09-12T19:24:42.185Z,85381265000000,3863183,14831,-44039,-44037,,-13518,-10138,-10138,18024,2,2,-10138,-10138,0,1,1,0,,0,3,3,0,3,4,0,0,5633,,0,2,1,
2026-09-12T19:24:42.288Z,85381359000000,3863287,14832,-44044,-44038,,-13518,-9012,-9012,18024,2,2,-9012,-9012,0,1,1,0,,0,3,3,0,3,4,0,0,5632,,0,2,1,
2026-09-12T19:24:42.393Z,85381468000000,3863390,14833,-44047,-44039,,-13518,-7885,-7885,18024,2,2,-7885,-7885,0,1,1,0,,0,3,3,0,3,4,0,0,5633,,0,2,1,
2026-09-12T19:24:42.498Z,85381578000000,3863494,14834,-44036,-44040,,-13518,-6759,-6759,18024,2,2,-6759,-6759,0,1,1,0,,0,3,3,0,3,4,0,0,6759,,0,2,1,
2026-09-12T19:24:42.601Z,85381671000000,3863598,14835,-44030,-44039,,-13518,-7885,-7885,18024,2,2,-7885,-7885,0,1,1,0,,0,3,3,0,3,4,0,0,6759,,0,2,1,
2026-09-12T19:24:42.707Z,85381781000000,3863703,14836,-44030,-44038,,-13518,-9012,-9012,18024,2,2,-9012,-9012,0,1,1,0,,0,3,3,0,3,4,0,0,5632,,0,2,1,
2026-09-12T19:24:42.898Z,85381968000000,3863808,14837,-44038,-44037,,-10138,-10138,-10138,18024,2,2,-10138,-10138,0,1,1,0,,0,3,3,0,3,4,0,0,3379,,0,2,1,
2026-09-12T19:24:43.003Z,85382078000000,3864005,14839,-44039,-44037,,-10138,-10138,-10138,18024,2,2,-10138,-10138,0,1,1,0,,0,3,3,0,3,4,0,0,3379,,0,2,1,
2026-09-12T19:24:43.108Z,85382187000000,3864105,14840,-44044,-44038,,-10138,-9012,-9012,18024,2,2,-9012,-9012,0,1,1,0,,0,3,3,0,3,4,0,0,3379,,0,2,1,
2026-09-12T19:24:43.213Z,85382281000000,3864209,14841,-44052,-44039,,-10138,-7885,-7885,18024,2,2,-7885,-7885,0,1,1,0,,0,3,3,0,3,4,0,0,3379,,0,2,1,
2026-09-12T19:24:43.318Z,85382390000000,3864314,14842,-44044,-44040,,-10138,-6759,-6759,18024,2,2,-6759,-6759,0,1,1,0,,0,3,3,0,3,4,0,0,3379,,0,2,1,
2026-09-12T19:24:43.424Z,85382500000000,3864419,14843,-44032,-44041,,-10138,-5632,-5632,18024,2,2,-5632,-5632,0,1,1,0,,0,3,3,0,3,4,0,0,4506,,0,2,1,
2026-09-12T19:24:43.528Z,85382593000000,3864525,14844,-44033,-44040,,-10138,-6759,-6759,18024,2,2,-6759,-6759,0,1,1,0,,0,3,3,0,3,4,0,0,4506,,0,2,1,
2026-09-12T19:24:43.632Z,85382703000000,3864629,14845,-44039,-44039,,-10138,-7885,-7885,18024,2,2,-7885,-7885,0,1,1,0,,0,3,3,0,3,4,0,0,4506,,0,2,1,
2026-09-12T19:24:43.736Z,85382812000000,3864734,14846,-44045,-44039,,-10138,-7885,-7885,18024,2,2,-7885,-7885,0,1,1,0,,0,3,3,0,3,4,0,0,4506,,0,2,1,
2026-09-12T19:24:43.928Z,85383000000000,3864838,14847,-44059,-44040,,-2253,-6759,-6759,18024,2,2,-6759,-6759,0,1,1,0,,0,3,3,0,3,4,0,0,3380,,0,2,1,
2026-09-12T19:24:44.033Z,85383109000000,3864985,14849,-44036,-44044,,-2253,-2253,-2253,18024,2,2,-2253,-2253,0,1,1,0,,0,3,3,0,3,4,0,0,5632,,0,2,1,
2026-09-12T19:24:44.136Z,85383203000000,3865134,14850,-44035,-44043,,-2253,-3379,-3379,18024,2,2,-3379,-3379,0,1,1,0,,0,3,3,0,3,4,0,0,5632,,0,2,1,
2026-09-12T19:24:44.240Z,85383312000000,3865238,14851,-44053,-44042,,-2253,-4506,-4506,18024,2,2,-4506,-4506,0,1,1,0,,0,3,3,0,3,4,0,0,5632,,0,2,1,
2026-09-12T19:24:44.344Z,85383421000000,3865341,14852,-44043,-44042,,-2253,-4506,-4506,18024,2,2,-4506,-4506,0,1,1,0,,0,3,3,0,3,4,0,0,5632,,0,2,1,
2026-09-12T19:24:44.448Z,85383515000000,3865445,14853,-44035,-44042,,-2253,-4506,-4506,18024,2,2,-4506,-4506,0,1,1,0,,0,3,3,0,3,4,0,0,5632,,0,2,1,
2026-09-12T19:24:44.553Z,85383625000000,3865549,14854,-44028,-44041,,-2253,-5632,-5632,18024,2,2,-5632,-5632,0,1,1,0,,0,3,3,0,3,4,0,0,4506,,0,2,1,
2026-09-12T19:24:44.657Z,85383734000000,3865654,14855,-44015,-44039,,-2253,-7885,-7885,18024,2,2,-7885,-7885,0,1,1,0,,0,3,3,0,3,4,0,0,5632,,0,2,1,
2026-09-12T19:24:44.760Z,85383828000000,3865758,14856,-44032,-44038,,-2253,-9012,-9012,18024,2,2,-9012,-9012,0,1,1,0,,0,3,3,0,3,4,0,0,6759,,0,2,1,
2026-09-12T19:24:44.953Z,85384031000000,3865862,14857,-44036,-44037,,-10138,-10138,-10138,18024,2,2,-10138,-10138,0,1,1,0,,0,3,3,0,3,4,0,0,6759,,0,2,1,
2026-09-12T19:24:45.057Z,85384125000000,3865983,14859,-44030,-44037,,-10138,-10138,-10138,18024,2,2,-10138,-10138,0,1,1,0,,0,3,3,0,3,4,0,0,5632,,0,2,1,
2026-09-12T19:24:45.161Z,85384234000000,3866159,14860,-44036,-44037,,-10138,-10138,-10138,18024,2,2,-10138,-10138,0,1,1,0,,0,3,3,0,3,4,0,0,5632,,0,2,1,
2026-09-12T19:24:45.265Z,85384343000000,3866263,14861,-44024,-44036,,-10138,-11265,-11265,18024,2,2,-11265,-11265,0,1,1,0,,0,3,3,0,3,4,0,0,5633,,0,2,1,
2026-09-12T19:24:45.369Z,85384437000000,3866384,14863,-44020,-44032,,-10138,-15771,-15771,18024,2,2,-15771,-15771,0,1,1,0,,0,3,3,0,3,4,0,0,6759,,0,2,1,
2026-09-12T19:24:45.472Z,85384546000000,3866484,14864,-44037,-44030,,-10138,-18024,-18024,18024,2,2,-18024,-18024,0,1,1,0,,0,3,3,0,3,4,0,0,7886,,0,2,1,
2026-09-12T19:24:45.575Z,85384640000000,3866584,14865,-44033,-44030,,-10138,-18024,-18024,18024,2,2,-18024,-18024,0,1,1,0,,0,3,3,0,3,4,0,0,7886,,0,2,1,
2026-09-12T19:24:45.678Z,85384750000000,3866684,14866,-44038,-44031,,-10138,-16897,-16897,18024,2,2,-16897,-16897,0,1,1,0,,0,3,3,0,3,4,0,0,7886,,0,2,1,
2026-09-12T19:24:45.781Z,85384859000000,3866785,14867,-44029,-44031,,-10138,-16897,-16897,18024,2,2,-16897,-16897,0,1,1,0,,0,3,3,0,3,4,0,0,7886,,0,2,1,
2026-09-12T19:24:45.973Z,85385046000000,3866885,14868,-44035,-44032,,-15771,-15771,-15771,18024,2,2,-15771,-15771,0,1,1,0,,0,3,3,0,3,4,0,0,6759,,0,2,1,
2026-09-12T19:24:46.076Z,85385156000000,3867085,14870,-44041,-44032,,-15771,-15771,-15771,18024,2,2,-15771,-15771,0,1,1,0,,0,3,3,0,3,4,0,0,2253,,0,2,1,
2026-09-12T19:24:46.179Z,85385250000000,3867185,14871,-44036,-44033,,-15771,-14644,-14644,18024,2,2,-14644,-14644,0,1,1,0,,0,3,3,0,3,4,0,0,3380,,0,2,1,
2026-09-12T19:24:46.284Z,85385359000000,3867285,14872,-44026,-44033,,-15771,-14644,-14644,18024,2,2,-14644,-14644,0,1,1,0,,0,3,3,0,3,4,0,0,3380,,0,2,1,
2026-09-12T19:24:46.388Z,85385468000000,3867386,14873,-44021,-44032,,-15771,-15771,-15771,18024,2,2,-15771,-15771,0,1,1,0,,0,3,3,0,3,4,0,0,2253,,0,2,1,
2026-09-12T19:24:46.492Z,85385562000000,3867489,14874,-44029,-44031,,-15771,-16897,-16897,18024,2,2,-16897,-16897,0,1,1,0,,0,3,3,0,3,4,0,0,2253,,0,2,1,
2026-09-12T19:24:46.597Z,85385671000000,3867595,14875,-44018,-44030,,-15771,-18024,-18024,18024,2,2,-18024,-18024,0,1,1,0,,0,3,3,0,3,4,0,0,3380,,0,2,1,
2026-09-12T19:24:46.701Z,85385781000000,3867698,14876,-44017,-44028,,-15771,-20277,-20277,18024,2,2,-20277,-20277,0,1,1,0,,0,3,3,0,3,4,0,0,5633,,0,2,1,
2026-09-12T19:24:46.806Z,85385875000000,3867803,14877,-44028,-44027,,-15771,-21403,-21403,18024,2,2,-21403,-21403,0,1,1,0,,0,3,3,0,3,4,0,0,6759,,0,2,1,
2026-09-12T19:24:46.996Z,85386062000000,3867907,14878,-44030,-44027,,-21403,-21403,-21403,18024,2,2,-21403,-21403,0,1,1,0,,0,3,3,0,3,4,0,0,6759,,0,2,1,
2026-09-12T19:24:47.100Z,85386171000000,3868104,14880,-44025,-44027,,-21403,-21403,-21403,18024,2,2,-21403,-21403,0,1,1,0,,0,3,3,0,3,4,0,0,5632,,0,2,1,
2026-09-12T19:24:47.204Z,85386281000000,3868202,14881,-44038,-44027,,-21403,-21403,-21403,18024,2,2,-21403,-21403,0,1,1,0,,0,3,3,0,3,4,0,0,4506,,0,2,1,
2026-09-12T19:24:47.309Z,85386375000000,3868306,14882,-44050,-44028,,-21403,-20277,-20277,18024,2,2,-20277,-20277,0,1,1,0,,0,3,3,0,3,4,0,0,3379,,0,2,1,
2026-09-12T19:24:47.414Z,85386484000000,3868411,14883,-44037,-44029,,-21403,-19150,-19150,18024,2,2,-19150,-19150,0,1,1,0,,0,3,3,0,3,4,0,0,2253,,0,2,1,
2026-09-12T19:24:47.518Z,85386593000000,3868516,14884,-44028,-44030,,-21403,-18024,-18024,18024,2,2,-18024,-18024,0,1,1,0,,0,3,3,0,3,4,0,0,3379,,0,2,1,
2026-09-12T19:24:47.623Z,85386703000000,3868620,14885,-44035,-44031,,-21403,-16897,-16897,18024,2,2,-16897,-16897,0,1,1,0,,0,3,3,0,3,4,0,0,4506,,0,2,1,
2026-09-12T19:24:47.728Z,85386796000000,3868724,14886,-44033,-44031,,-21403,-16897,-16897,18024,2,2,-16897,-16897,0,1,1,0,,0,3,3,0,3,4,0,0,4506,,0,2,1,
2026-09-12T19:24:47.833Z,85386906000000,3868829,14887,-44033,-44031,,-21403,-16897,-16897,18024,2,2,-16897,-16897,0,1,1,0,,0,3,3,0,3,4,0,0,4506,,0,2,1,
2026-09-12T19:24:48.024Z,85387093000000,3868934,14888,-44040,-44031,,-14644,-16897,-16897,18024,2,2,-16897,-16897,0,1,1,0,,0,3,3,0,3,4,0,0,4506,,0,2,1,
2026-09-12T19:24:48.129Z,85387203000000,3869088,14890,-44022,-44033,,-14644,-14644,-14644,18024,2,2,-14644,-14644,0,1,1,0,,0,3,3,0,3,4,0,0,4506,,0,2,1,
2026-09-12T19:24:48.234Z,85387312000000,3869230,14891,-44026,-44032,,-14644,-15771,-15771,18024,2,2,-15771,-15771,0,1,1,0,,0,3,3,0,3,4,0,0,3380,,0,2,1,
2026-09-12T19:24:48.338Z,85387406000000,3869336,14892,-44021,-44031,,-14644,-16897,-16897,18024,2,2,-16897,-16897,0,1,1,0,,0,3,3,0,3,4,0,0,2253,,0,2,1,
2026-09-12T19:24:48.443Z,85387515000000,3869440,14893,-44010,-44030,,-14644,-18024,-18024,18024,2,2,-18024,-18024,0,1,1,0,,0,3,3,0,3,4,0,0,3380,,0,2,1,
2026-09-12T19:24:48.547Z,85387625000000,3869544,14894,-44020,-44029,,-14644,-19150,-19150,18024,2,2,-19150,-19150,0,1,1,0,,0,3,3,0,3,4,0,0,4506,,0,2,1,
2026-09-12T19:24:48.651Z,85387718000000,3869649,14895,-44036,-44028,,-14644,-20277,-20277,18024,2,2,-20277,-20277,0,1,1,0,,0,3,3,0,3,4,0,0,5633,,0,2,1,
2026-09-12T19:24:48.755Z,85387828000000,3869753,14896,-44017,-44027,,-14644,-21403,-21403,18024,2,2,-21403,-21403,0,1,1,0,,0,3,3,0,3,4,0,0,6759,,0,2,1,
2026-09-12T19:24:48.858Z,85387937000000,3869857,14897,-44038,-44028,,-14644,-20277,-20277,18024,2,2,-20277,-20277,0,1,1,0,,0,3,3,0,3,4,0,0,6759,,0,2,1,
2026-09-12T19:24:49.052Z,85388125000000,3869961,14898,-44040,-44029,,-16897,-19150,-19150,18024,2,2,-19150,-19150,0,1,1,0,,0,3,3,0,3,4,0,0,5632,,0,2,1,
2026-09-12T19:24:49.156Z,85388234000000,3870109,14900,-44026,-44031,,-16897,-16897,-16897,18024,2,2,-16897,-16897,0,1,1,0,,0,3,3,0,3,4,0,0,4506,,0,2,1,
2026-09-12T19:24:49.261Z,85388328000000,3870258,14901,-44042,-44032,,-16897,-15771,-15771,18024,2,2,-15771,-15771,0,1,1,0,,0,3,3,0,3,4,0,0,5632,,0,2,1,
2026-09-12T19:24:49.366Z,85388437000000,3870363,14902,-44052,-44033,,-16897,-14644,-14644,18024,2,2,-14644,-14644,0,1,1,0,,0,3,3,0,3,4,0,0,6759,,0,2,1,
2026-09-12T19:24:49.470Z,85388546000000,3870467,14903,-44026,-44034,,-16897,-13518,-13518,18024,2,2,-13518,-13518,0,1,1,0,,0,3,3,0,3,4,0,0,7885,,0,2,1,
2026-09-12T19:24:49.574Z,85388640000000,3870591,14905,-44027,-44032,,-16897,-15771,-15771,18024,2,2,-15771,-15771,0,1,1,0,,0,3,3,0,3,4,0,0,5632,,0,2,1,
2026-09-12T19:24:49.676Z,85388750000000,3870691,14906,-44042,-44031,,-16897,-16897,-16897,18024,2,2,-16897,-16897,0,1,1,0,,0,3,3,0,3,4,0,0,4506,,0,2,1,
2026-09-12T19:24:49.779Z,85388859000000,3870792,14907,-44034,-44031,,-16897,-16897,-16897,18024,2,2,-16897,-16897,0,1,1,0,,0,3,3,0,3,4,0,0,3379,,0,2,1,
2026-09-12T19:24:49.881Z,85388953000000,3870892,14908,-44031,-44031,,-16897,-16897,-16897,18024,2,2,-16897,-16897,0,1,1,0,,0,3,3,0,3,4,0,0,3379,,0,2,1,
2026-09-12T19:24:50.070Z,85389140000000,3870992,14909,-44029,-44031,,-16897,-16897,-16897,18024,2,2,-16897,-16897,0,1,1,0,,0,3,3,0,3,4,0,0,3379,,0,2,1,
2026-09-12T19:24:50.175Z,85389250000000,3871192,14911,-44029,-44031,,-16897,-16897,-16897,18024,2,2,-16897,-16897,0,1,1,0,,0,3,3,0,3,4,0,0,2253,,0,2,1,
2026-09-12T19:24:50.277Z,85389343000000,3871292,14912,-44026,-44030,,-16897,-18024,-18024,18024,2,2,-18024,-18024,0,1,1,0,,0,3,3,0,3,4,0,0,2253,,0,2,1,
2026-09-12T19:24:50.380Z,85389453000000,3871392,14913,-44020,-44029,,-16897,-19150,-19150,18024,2,2,-19150,-19150,0,1,1,0,,0,3,3,0,3,4,0,0,2253,,0,2,1,
2026-09-12T19:24:50.484Z,85389562000000,3871493,14914,-44038,-44029,,-16897,-19150,-19150,18024,2,2,-19150,-19150,0,1,1,0,,0,3,3,0,3,4,0,0,2253,,0,2,1,
2026-09-12T19:24:50.586Z,85389656000000,3871593,14915,-44041,-44030,,-16897,-18024,-18024,18024,2,2,-18024,-18024,0,1,1,0,,0,3,3,0,3,4,0,0,2253,,0,2,1,
2026-09-12T19:24:50.690Z,85389765000000,3871693,14916,-44051,-44031,,-16897,-16897,-16897,18024,2,2,-16897,-16897,0,1,1,0,,0,3,3,0,3,4,0,0,2253,,0,2,1,
2026-09-12T19:24:50.794Z,85389875000000,3871793,14917,-44043,-44033,,-16897,-14644,-14644,18024,2,2,-14644,-14644,0,1,1,0,,0,3,3,0,3,4,0,0,4506,,0,2,1,
2026-09-12T19:24:50.898Z,85389968000000,3871896,14918,-44036,-44034,,-16897,-13518,-13518,18024,2,2,-13518,-13518,0,1,1,0,,0,3,3,0,3,4,0,0,5632,,0,2,1,
2026-09-12T19:24:51.091Z,85390171000000,3872000,14919,-44030,-44034,,-14644,-13518,-13518,18024,2,2,-13518,-13518,0,1,1,0,,0,3,3,0,3,4,0,0,5632,,0,2,1,
2026-09-12T19:24:51.195Z,85390265000000,3872199,14921,-44024,-44032,,-14644,-15771,-15771,18024,2,2,-15771,-15771,0,1,1,0,,0,3,3,0,3,4,0,0,5632,,0,2,1,
2026-09-12T19:24:51.299Z,85390375000000,3872297,14922,-44002,-44031,,-14644,-16897,-16897,18024,2,2,-16897,-16897,0,1,1,0,,0,3,3,0,3,4,0,0,4506,,0,2,1,
2026-09-12T19:24:51.403Z,85390468000000,3872402,14923,-44019,-44029,,-14644,-19150,-19150,18024,2,2,-19150,-19150,0,1,1,0,,0,3,3,0,3,4,0,0,5632,,0,2,1,
2026-09-12T19:24:51.507Z,85390578000000,3872505,14924,-44030,-44028,,-14644,-20277,-20277,18024,2,2,-20277,-20277,0,1,1,0,,0,3,3,0,3,4,0,0,6759,,0,2,1,
2026-09-12T19:24:51.612Z,85390687000000,3872609,14925,-44029,-44028,,-14644,-20277,-20277,18024,2,2,-20277,-20277,0,1,1,0,,0,3,3,0,3,4,0,0,6759,,0,2,1,
2026-09-12T19:24:51.716Z,85390781000000,3872714,14926,-44026,-44028,,-14644,-20277,-20277,18024,2,2,-20277,-20277,0,1,1,0,,0,3,3,0,3,4,0,0,6759,,0,2,1,
2026-09-12T19:24:51.820Z,85390890000000,3872818,14927,-44030,-44028,,-14644,-20277,-20277,18024,2,2,-20277,-20277,0,1,1,0,,0,3,3,0,3,4,0,0,5633,,0,2,1,
2026-09-12T19:24:51.926Z,85391000000000,3872922,14928,-44031,-44028,,-14644,-20277,-20277,18024,2,2,-20277,-20277,0,1,1,0,,0,3,3,0,3,4,0,0,4506,,0,2,1,
2026-09-12T19:24:52.117Z,85391187000000,3873027,14929,-44035,-44028,,-19150,-20277,-20277,18024,2,2,-20277,-20277,0,1,1,0,,0,3,3,0,3,4,0,0,3380,,0,2,1,
2026-09-12T19:24:52.221Z,85391296000000,3873225,14931,-44036,-44030,,-19150,-18024,-18024,18024,2,2,-18024,-18024,0,1,1,0,,0,3,3,0,3,4,0,0,2253,,0,2,1,
2026-09-12T19:24:52.327Z,85391406000000,3873323,14932,-44028,-44031,,-19150,-16897,-16897,18024,2,2,-16897,-16897,0,1,1,0,,0,3,3,0,3,4,0,0,3380,,0,2,1,
2026-09-12T19:24:52.431Z,85391500000000,3873428,14933,-44033,-44031,,-19150,-16897,-16897,18024,2,2,-16897,-16897,0,1,1,0,,0,3,3,0,3,4,0,0,3380,,0,2,1,
2026-09-12T19:24:52.536Z,85391609000000,3873534,14934,-44026,-44031,,-19150,-16897,-16897,18024,2,2,-16897,-16897,0,1,1,0,,0,3,3,0,3,4,0,0,3380,,0,2,1,
2026-09-12T19:24:52.641Z,85391718000000,3873638,14935,-44017,-44030,,-19150,-18024,-18024,18024,2,2,-18024,-18024,0,1,1,0,,0,3,3,0,3,4,0,0,3380,,0,2,1,
2026-09-12T19:24:52.746Z,85391812000000,3873743,14936,-44013,-44028,,-19150,-20277,-20277,18024,2,2,-20277,-20277,0,1,1,0,,0,3,3,0,3,4,0,0,3380,,0,2,1,
2026-09-12T19:24:52.849Z,85391921000000,3873847,14937,-44043,-44027,,-19150,-21403,-21403,18024,2,2,-21403,-21403,0,1,1,0,,0,3,3,0,3,4,0,0,4506,,0,2,1,
2026-09-12T19:24:52.953Z,85392031000000,3873952,14938,-44052,-44029,,-19150,-19150,-19150,18024,2,2,-19150,-19150,0,1,1,0,,0,3,3,0,3,4,0,0,4506,,0,2,1,
2026-09-12T19:24:53.144Z,85392218000000,3874056,14939,-44038,-44031,,-12391,-16897,-16897,18024,2,2,-16897,-16897,0,1,1,0,,0,3,3,0,3,4,0,0,4506,,0,2,1,
2026-09-12T19:24:53.250Z,85392328000000,3874203,14941,-44048,-44035,,-12391,-12391,-12391,18024,2,2,-12391,-12391,0,1,1,0,,0,3,3,0,3,4,0,0,9012,,0,2,1,
2026-09-12T19:24:53.354Z,85392421000000,3874352,14942,-44041,-44037,,-12391,-10138,-10138,18024,2,2,-10138,-10138,0,1,1,0,,0,3,3,0,3,4,0,0,11265,,0,2,1,
2026-09-12T19:24:53.458Z,85392531000000,3874456,14943,-44022,-44038,,-12391,-9012,-9012,18024,2,2,-9012,-9012,0,1,1,0,,0,3,3,0,3,4,0,0,12391,,0,2,1,
2026-09-12T19:24:53.562Z,85392640000000,3874560,14944,-44043,-44038,,-12391,-9012,-9012,18024,2,2,-9012,-9012,0,1,1,0,,0,3,3,0,3,4,0,0,12391,,0,2,1,
2026-09-12T19:24:53.667Z,85392734000000,3874664,14945,-44049,-44039,,-12391,-7885,-7885,18024,2,2,-7885,-7885,0,1,1,0,,0,3,3,0,3,4,0,0,11265,,0,2,1,
2026-09-12T19:24:53.771Z,85392843000000,3874769,14946,-44048,-44040,,-12391,-6759,-6759,18024,2,2,-6759,-6759,0,1,1,0,,0,3,3,0,3,4,0,0,10138,,0,2,1,
2026-09-12T19:24:53.875Z,85392953000000,3874873,14947,-44035,-44041,,-12391,-5632,-5632,18024,2,2,-5632,-5632,0,1,1,0,,0,3,3,0,3,4,0,0,9012,,0,2,1,
2026-09-12T19:24:53.979Z,85393046000000,3874977,14948,-44033,-44040,,-12391,-6759,-6759,18024,2,2,-6759,-6759,0,1,1,0,,0,3,3,0,3,4,0,0,6759,,0,2,1,
2026-09-12T19:24:54.169Z,85393234000000,3875099,14950,-44020,-44037,,-12391,-10138,-10138,18024,2,2,-10138,-10138,0,1,1,0,,0,3,3,0,3,4,0,0,4506,,0,2,1,
2026-09-12T19:24:54.274Z,85393343000000,3875199,14951,-44040,-44035,,-12391,-12391,-12391,18024,2,2,-12391,-12391,0,1,1,0,,0,3,3,0,3,4,0,0,6759,,0,2,1,
2026-09-12T19:24:54.378Z,85393453000000,3875376,14952,-44040,-44036,,-12391,-11265,-11265,18024,2,2,-11265,-11265,0,1,1,0,,0,3,3,0,3,4,0,0,6759,,0,2,1,
2026-09-12T19:24:54.482Z,85393562000000,3875500,14954,-44037,-44037,,-12391,-10138,-10138,18024,2,2,-10138,-10138,0,1,1,0,,0,3,3,0,3,4,0,0,6759,,0,2,1,
2026-09-12T19:24:54.585Z,85393656000000,3875600,14955,-44029,-44036,,-12391,-11265,-11265,18024,2,2,-11265,-11265,0,1,1,0,,0,3,3,0,3,4,0,0,5632,,0,2,1,
2026-09-12T19:24:54.688Z,85393765000000,3875700,14956,-44032,-44035,,-12391,-12391,-12391,18024,2,2,-12391,-12391,0,1,1,0,,0,3,3,0,3,4,0,0,4506,,0,2,1,
2026-09-12T19:24:54.790Z,85393859000000,3875800,14957,-44045,-44035,,-12391,-12391,-12391,18024,2,2,-12391,-12391,0,1,1,0,,0,3,3,0,3,4,0,0,2253,,0,2,1,
2026-09-12T19:24:54.893Z,85393968000000,3875900,14958,-44034,-44035,,-12391,-12391,-12391,18024,2,2,-12391,-12391,0,1,1,0,,0,3,3,0,3,4,0,0,2253,,0,2,1,
2026-09-12T19:24:54.996Z,85394062000000,3876001,14959,-44029,-44035,,-12391,-12391,-12391,18024,2,2,-12391,-12391,0,1,1,0,,0,3,3,0,3,4,0,0,2253,,0,2,1,
2026-09-12T19:24:55.184Z,85394250000000,3876101,14960,-44034,-44035,,-12391,-12391,-12391,18024,2,2,-12391,-12391,0,1,1,0,,0,3,3,0,3,4,0,0,2253,,0,2,1,
2026-09-12T19:24:55.287Z,85394359000000,3876301,14962,-44018,-44035,,-12391,-12391,-12391,18024,2,2,-12391,-12391,0,1,1,0,,0,3,3,0,3,4,0,0,1126,,0,2,1,
2026-09-12T19:24:55.390Z,85394468000000,3876401,14963,-44040,-44036,,-12391,-11265,-11265,18024,2,2,-11265,-11265,0,1,1,0,,0,3,3,0,3,4,0,0,1126,,0,2,1,
2026-09-12T19:24:55.493Z,85394562000000,3876501,14964,-44050,-44037,,-12391,-10138,-10138,18024,2,2,-10138,-10138,0,1,1,0,,0,3,3,0,3,4,0,0,2253,,0,2,1,
2026-09-12T19:24:55.596Z,85394671000000,3876601,14965,-44039,-44037,,-12391,-10138,-10138,18024,2,2,-10138,-10138,0,1,1,0,,0,3,3,0,3,4,0,0,2253,,0,2,1,
2026-09-12T19:24:55.700Z,85394765000000,3876702,14966,-44036,-44037,,-12391,-10138,-10138,18024,2,2,-10138,-10138,0,1,1,0,,0,3,3,0,3,4,0,0,2253,,0,2,1,
2026-09-12T19:24:55.804Z,85394875000000,3876802,14967,-44043,-44037,,-12391,-10138,-10138,18024,2,2,-10138,-10138,0,1,1,0,,0,3,3,0,3,4,0,0,2253,,0,2,1,
2026-09-12T19:24:55.909Z,85394984000000,3876906,14968,-44045,-44038,,-12391,-9012,-9012,18024,2,2,-9012,-9012,0,1,1,0,,0,3,3,0,3,4,0,0,3379,,0,2,1,
2026-09-12T19:24:56.014Z,85395093000000,3877011,14969,-44037,-44039,,-12391,-7885,-7885,18024,2,2,-7885,-7885,0,1,1,0,,0,3,3,0,3,4,0,0,4506,,0,2,1,
2026-09-12T19:24:56.204Z,85395281000000,3877116,14970,-44046,-44040,,-6759,-6759,-6759,18024,2,2,-6759,-6759,0,1,1,0,,0,3,3,0,3,4,0,0,4506,,0,2,1,
2026-09-12T19:24:56.307Z,85395375000000,3877312,14972,-44044,-44041,,-6759,-5632,-5632,18024,2,2,-5632,-5632,0,1,1,0,,0,3,3,0,3,4,0,0,4506,,0,2,1,
2026-09-12T19:24:56.412Z,85395484000000,3877410,14973,-44042,-44041,,-6759,-5632,-5632,18024,2,2,-5632,-5632,0,1,1,0,,0,3,3,0,3,4,0,0,4506,,0,2,1,
2026-09-12T19:24:56.516Z,85395593000000,3877514,14974,-44044,-44041,,-6759,-5632,-5632,18024,2,2,-5632,-5632,0,1,1,0,,0,3,3,0,3,4,0,0,4506,,0,2,1,
2026-09-12T19:24:56.620Z,85395687000000,3877618,14975,-44046,-44041,,-6759,-5632,-5632,18024,2,2,-5632,-5632,0,1,1,0,,0,3,3,0,3,4,0,0,3380,,0,2,1,
2026-09-12T19:24:56.724Z,85395796000000,3877722,14976,-44030,-44041,,-6759,-5632,-5632,18024,2,2,-5632,-5632,0,1,1,0,,0,3,3,0,3,4,0,0,2253,,0,2,1,
2026-09-12T19:24:56.828Z,85395906000000,3877826,14977,-44023,-44040,,-6759,-6759,-6759,18024,2,2,-6759,-6759,0,1,1,0,,0,3,3,0,3,4,0,0,1127,,0,2,1,
2026-09-12T19:24:56.934Z,85396000000000,3877931,14978,-44018,-44038,,-6759,-9012,-9012,18024,2,2,-9012,-9012,0,1,1,0,,0,3,3,0,3,4,0,0,3380,,0,2,1,
2026-09-12T19:24:57.038Z,85396109000000,3878036,14979,-44037,-44036,,-6759,-11265,-11265,18024,2,2,-11265,-11265,0,1,1,0,,0,3,3,0,3,4,0,0,5633,,0,2,1,
2026-09-12T19:24:57.228Z,85396296000000,3878140,14980,-44031,-44035,,-12391,-12391,-12391,18024,2,2,-12391,-12391,0,1,1,0,,0,3,3,0,3,4,0,0,6759,,0,2,1,
2026-09-12T19:24:57.332Z,85396406000000,3878337,14982,-44049,-44035,,-12391,-12391,-12391,18024,2,2,-12391,-12391,0,1,1,0,,0,3,3,0,3,4,0,0,6759,,0,2,1,
2026-09-12T19:24:57.436Z,85396515000000,3878434,14983,-44049,-44037,,-12391,-10138,-10138,18024,2,2,-10138,-10138,0,1,1,0,,0,3,3,0,3,4,0,0,6759,,0,2,1,
2026-09-12T19:24:57.540Z,85396609000000,3878538,14984,-44034,-44039,,-12391,-7885,-7885,18024,2,2,-7885,-7885,0,1,1,0,,0,3,3,0,3,4,0,0,5632,,0,2,1,
2026-09-12T19:24:57.644Z,85396718000000,3878642,14985,-44028,-44038,,-12391,-9012,-9012,18024,2,2,-9012,-9012,0,1,1,0,,0,3,3,0,3,4,0,0,4506,,0,2,1,
2026-09-12T19:24:57.749Z,85396828000000,3878746,14986,-44028,-44037,,-12391,-10138,-10138,18024,2,2,-10138,-10138,0,1,1,0,,0,3,3,0,3,4,0,0,4506,,0,2,1,
2026-09-12T19:24:57.853Z,85396921000000,3878851,14987,-44025,-44036,,-12391,-11265,-11265,18024,2,2,-11265,-11265,0,1,1,0,,0,3,3,0,3,4,0,0,4506,,0,2,1,
2026-09-12T19:24:57.958Z,85397031000000,3878956,14988,-44030,-44035,,-12391,-12391,-12391,18024,2,2,-12391,-12391,0,1,1,0,,0,3,3,0,3,4,0,0,4506,,0,2,1,
2026-09-12T19:24:58.062Z,85397140000000,3879061,14989,-44040,-44034,,-12391,-13518,-13518,18024,2,2,-13518,-13518,0,1,1,0,,0,3,3,0,3,4,0,0,5633,,0,2,1,
2026-09-12T19:24:58.255Z,85397328000000,3879165,14990,-44029,-44033,,-14644,-14644,-14644,18024,2,2,-14644,-14644,0,1,1,0,,0,3,3,0,3,4,0,0,6759,,0,2,1,
2026-09-12T19:24:58.359Z,85397437000000,3879313,14992,-44046,-44033,,-14644,-14644,-14644,18024,2,2,-14644,-14644,0,1,1,0,,0,3,3,0,3,4,0,0,5632,,0,2,1,
2026-09-12T19:24:58.464Z,85397531000000,3879462,14993,-44060,-44035,,-14644,-12391,-12391,18024,2,2,-12391,-12391,0,1,1,0,,0,3,3,0,3,4,0,0,4506,,0,2,1,
2026-09-12T19:24:58.567Z,85397640000000,3879566,14994,-44041,-44036,,-14644,-11265,-11265,18024,2,2,-11265,-11265,0,1,1,0,,0,3,3,0,3,4,0,0,3379,,0,2,1,
2026-09-12T19:24:58.671Z,85397750000000,3879670,14995,-44034,-44037,,-14644,-10138,-10138,18024,2,2,-10138,-10138,0,1,1,0,,0,3,3,0,3,4,0,0,4506,,0,2,1,
2026-09-12T19:24:58.775Z,85397843000000,3879774,14996,-44045,-44038,,-14644,-9012,-9012,18024,2,2,-9012,-9012,0,1,1,0,,0,3,3,0,3,4,0,0,5632,,0,2,1,
2026-09-12T19:24:58.880Z,85397953000000,3879878,14997,-44048,-44039,,-14644,-7885,-7885,18024,2,2,-7885,-7885,0,1,1,0,,0,3,3,0,3,4,0,0,6759,,0,2,1,
2026-09-12T19:24:58.986Z,85398062000000,3879982,14998,-44054,-44040,,-14644,-6759,-6759,18024,2,2,-6759,-6759,0,1,1,0,,0,3,3,0,3,4,0,0,7885,,0,2,1,
2026-09-12T19:24:59.090Z,85398156000000,3880107,15000,-44019,-44041,,-14644,-5632,-5632,18024,2,2,-5632,-5632,0,1,1,0,,0,3,3,0,3,4,0,0,6759,,0,2,1,
2026-09-12T19:24:59.280Z,85398359000000,3880207,15001,-44019,-44038,,-11265,-9012,-9012,18024,2,2,-9012,-9012,0,1,1,0,,0,3,3,0,3,4,0,0,5633,,0,2,1,
2026-09-12T19:24:59.386Z,85398453000000,3880308,15002,-44033,-44036,,-11265,-11265,-11265,18024,2,2,-11265,-11265,0,1,1,0,,0,3,3,0,3,4,0,0,5633,,0,2,1,
2026-09-12T19:24:59.490Z,85398562000000,3880508,15004,-44024,-44036,,-11265,-11265,-11265,18024,2,2,-11265,-11265,0,1,1,0,,0,3,3,0,3,4,0,0,5633,,0,2,1,
2026-09-12T19:24:59.593Z,85398671000000,3880608,15005,-44043,-44037,,-11265,-10138,-10138,18024,2,2,-10138,-10138,0,1,1,0,,0,3,3,0,3,4,0,0,5633,,0,2,1,
2026-09-12T19:24:59.696Z,85398765000000,3880708,15006,-44039,-44037,,-11265,-10138,-10138,18024,2,2,-10138,-10138,0,1,1,0,,0,3,3,0,3,4,0,0,5633,,0,2,1,
2026-09-12T19:24:59.798Z,85398875000000,3880808,15007,-44029,-44037,,-11265,-10138,-10138,18024,2,2,-10138,-10138,0,1,1,0,,0,3,3,0,3,4,0,0,5633,,0,2,1,
2026-09-12T19:24:59.901Z,85398968000000,3880908,15008,-44028,-44036,,-11265,-11265,-11265,18024,2,2,-11265,-11265,0,1,1,0,,0,3,3,0,3,4,0,0,2253,,0,2,1,
2026-09-12T19:25:00.004Z,85399078000000,3881009,15009,-44028,-44035,,-11265,-12391,-12391,18024,2,2,-12391,-12391,0,1,1,0,,0,3,3,0,3,4,0,0,2253,,0,2,1,
2026-09-12T19:25:00.108Z,85399187000000,3881109,15010,-44032,-44034,,-11265,-13518,-13518,18024,2,2,-13518,-13518,0,1,1,0,,0,3,3,0,3,4,0,0,3380,,0,2,1,
2026-09-12T19:25:00.303Z,85399375000000,3881211,15011,-44039,-44034,,-12391,-13518,-13518,18024,2,2,-13518,-13518,0,1,1,0,,0,3,3,0,3,4,0,0,3380,,0,2,1,
2026-09-12T19:25:00.407Z,85399484000000,3881411,15013,-44032,-44036,,-12391,-11265,-11265,18024,2,2,-11265,-11265,0,1,1,0,,0,3,3,0,3,4,0,0,3380,,0,2,1,
2026-09-12T19:25:00.511Z,85399578000000,3881510,15014,-44019,-44035,,-12391,-12391,-12391,18024,2,2,-12391,-12391,0,1,1,0,,0,3,3,0,3,4,0,0,3380,,0,2,1,
2026-09-12T19:25:00.615Z,85399687000000,3881614,15015,-44038,-44035,,-12391,-12391,-12391,18024,2,2,-12391,-12391,0,1,1,0,,0,3,3,0,3,4,0,0,2253,,0,2,1,
2026-09-12T19:25:00.719Z,85399796000000,3881718,15016,-44031,-44034,,-12391,-13518,-13518,18024,2,2,-13518,-13518,0,1,1,0,,0,3,3,0,3,4,0,0,2253,,0,2,1,
2026-09-12T19:25:00.823Z,85399890000000,3881821,15017,-44046,-44035,,-12391,-12391,-12391,18024,2,2,-12391,-12391,0,1,1,0,,0,3,3,0,3,4,0,0,2253,,0,2,1,
2026-09-12T19:25:00.927Z,85400000000000,3881926,15018,-44047,-44036,,-12391,-11265,-11265,18024,2,2,-11265,-11265,0,1,1,0,,0,3,3,0,3,4,0,0,2253,,0,2,1,
2026-09-12T19:25:01.032Z,85400109000000,3882030,15019,-44037,-44037,,-12391,-10138,-10138,18024,2,2,-10138,-10138,0,1,1,0,,0,3,3,0,3,4,0,0,3380,,0,2,1,
2026-09-12T19:25:01.137Z,85400203000000,3882135,15020,-44038,-44037,,-12391,-10138,-10138,18024,2,2,-10138,-10138,0,1,1,0,,0,3,3,0,3,4,0,0,3380,,0,2,1,
2026-09-12T19:25:01.327Z,85400406000000,3882239,15021,-44027,-44037,,-10138,-10138,-10138,18024,2,2,-10138,-10138,0,1,1,0,,0,3,3,0,3,4,0,0,3380,,0,2,1,
2026-09-12T19:25:01.432Z,85400500000000,3882436,15023,-44036,-44037,,-10138,-10138,-10138,18024,2,2,-10138,-10138,0,1,1,0,,0,3,3,0,3,4,0,0,3380,,0,2,1,
2026-09-12T19:25:01.537Z,85400609000000,3882536,15024,-44037,-44037,,-10138,-10138,-10138,18024,2,2,-10138,-10138,0,1,1,0,,0,3,3,0,3,4,0,0,2253,,0,2,1,
2026-09-12T19:25:01.640Z,85400718000000,3882639,15025,-44033,-44037,,-10138,-10138,-10138,18024,2,2,-10138,-10138,0,1,1,0,,0,3,3,0,3,4,0,0,1127,,0,2,1,
2026-09-12T19:25:01.745Z,85400812000000,3882744,15026,-44011,-44036,,-10138,-11265,-11265,18024,2,2,-11265,-11265,0,1,1,0,,0,3,3,0,3,4,0,0,1127,,0,2,1,
2026-09-12T19:25:01.850Z,85400921000000,3882847,15027,-44014,-44033,,-10138,-14644,-14644,18024,2,2,-14644,-14644,0,1,1,0,,0,3,3,0,3,4,0,0,4506,,0,2,1,
2026-09-12T19:25:01.955Z,85401031000000,3882952,15028,-44021,-44031,,-10138,-16897,-16897,18024,2,2,-16897,-16897,0,1,1,0,,0,3,3,0,3,4,0,0,6759,,0,2,1,
2026-09-12T19:25:02.059Z,85401125000000,3883057,15029,-44022,-44030,,-10138,-18024,-18024,18024,2,2,-18024,-18024,0,1,1,0,,0,3,3,0,3,4,0,0,7886,,0,2,1,
2026-09-12T19:25:02.163Z,85401234000000,3883162,15030,-44046,-44029,,-10138,-19150,-19150,18024,2,2,-19150,-19150,0,1,1,0,,0,3,3,0,3,4,0,0,9012,,0,2,1,
2026-09-12T19:25:02.355Z,85401421000000,3883266,15031,-44034,-44030,,-16897,-18024,-18024,18024,2,2,-18024,-18024,0,1,1,0,,0,3,3,0,3,4,0,0,9012,,0,2,1,
2026-09-12T19:25:02.459Z,85401531000000,3883413,15033,-44037,-44031,,-16897,-16897,-16897,18024,2,2,-16897,-16897,0,1,1,0,,0,3,3,0,3,4,0,0,7885,,0,2,1,
2026-09-12T19:25:02.564Z,85401640000000,3883562,15034,-44045,-44032,,-16897,-15771,-15771,18024,2,2,-15771,-15771,0,1,1,0,,0,3,3,0,3,4,0,0,4506,,0,2,1,
2026-09-12T19:25:02.667Z,85401734000000,3883666,15035,-44021,-44033,,-16897,-14644,-14644,18024,2,2,-14644,-14644,0,1,1,0,,0,3,3,0,3,4,0,0,4506,,0,2,1,
2026-09-12T19:25:02.771Z,85401843000000,3883771,15036,-44025,-44032,,-16897,-15771,-15771,18024,2,2,-15771,-15771,0,1,1,0,,0,3,3,0,3,4,0,0,4506,,0,2,1,
2026-09-12T19:25:02.876Z,85401953000000,3883874,15037,-44035,-44031,,-16897,-16897,-16897,18024,2,2,-16897,-16897,0,1,1,0,,0,3,3,0,3,4,0,0,4506,,0,2,1,
2026-09-12T19:25:02.980Z,85402046000000,3883978,15038,-44037,-44032,,-16897,-15771,-15771,18024,2,2,-15771,-15771,0,1,1,0,,0,3,3,0,3,4,0,0,3380,,0,2,1,
2026-09-12T19:25:03.084Z,85402156000000,3884083,15039,-44022,-44032,,-16897,-15771,-15771,18024,2,2,-15771,-15771,0,1,1,0,,0,3,3,0,3,4,0,0,2253,,0,2,1,
2026-09-12T19:25:03.188Z,85402265000000,3884187,15040,-44022,-44031,,-16897,-16897,-16897,18024,2,2,-16897,-16897,0,1,1,0,,0,3,3,0,3,4,0,0,2253,,0,2,1,
2026-09-12T19:25:03.379Z,85402453000000,3884291,15041,-44029,-44030,,-16897,-18024,-18024,18024,2,2,-18024,-18024,0,1,1,0,,0,3,3,0,3,4,0,0,3380,,0,2,1,
2026-09-12T19:25:03.484Z,85402562000000,3884437,15043,-44046,-44031,,-16897,-16897,-16897,18024,2,2,-16897,-16897,0,1,1,0,,0,3,3,0,3,4,0,0,2253,,0,2,1,
2026-09-12T19:25:03.587Z,85402656000000,3884586,15044,-44045,-44033,,-16897,-14644,-14644,18024,2,2,-14644,-14644,0,1,1,0,,0,3,3,0,3,4,0,0,3380,,0,2,1,
2026-09-12T19:25:03.691Z,85402765000000,3884690,15045,-44027,-44035,,-16897,-12391,-12391,18024,2,2,-12391,-12391,0,1,1,0,,0,3,3,0,3,4,0,0,5633,,0,2,1,
2026-09-12T19:25:03.796Z,85402875000000,3884794,15046,-44043,-44036,,-16897,-11265,-11265,18024,2,2,-11265,-11265,0,1,1,0,,0,3,3,0,3,4,0,0,6759,,0,2,1,
2026-09-12T19:25:03.899Z,85402968000000,3884915,15048,-44037,-44036,,-16897,-11265,-11265,18024,2,2,-11265,-11265,0,1,1,0,,0,3,3,0,3,4,0,0,6759,,0,2,1,
2026-09-12T19:25:04.001Z,85403078000000,3885015,15049,-44031,-44036,,-16897,-11265,-11265,18024,2,2,-11265,-11265,0,1,1,0,,0,3,3,0,3,4,0,0,6759,,0,2,1,
2026-09-12T19:25:04.104Z,85403171000000,3885116,15050,-44040,-44036,,-16897,-11265,-11265,18024,2,2,-11265,-11265,0,1,1,0,,0,3,3,0,3,4,0,0,5632,,0,2,1,
2026-09-12T19:25:04.206Z,85403281000000,3885216,15051,-44042,-44037,,-16897,-10138,-10138,18024,2,2,-10138,-10138,0,1,1,0,,0,3,3,0,3,4,0,0,4506,,0,2,1,
2026-09-12T19:25:04.394Z,85403468000000,3885316,15052,-44023,-44037,,-10138,-10138,-10138,18024,2,2,-10138,-10138,0,1,1,0,,0,3,3,0,3,4,0,0,2253,,0,2,1,
2026-09-12T19:25:04.498Z,85403578000000,3885516,15054,-44039,-44037,,-10138,-10138,-10138,18024,2,2,-10138,-10138,0,1,1,0,,0,3,3,0,3,4,0,0,1127,,0,2,1,
2026-09-12T19:25:04.601Z,85403671000000,3885616,15055,-44041,-44037,,-10138,-10138,-10138,18024,2,2,-10138,-10138,0,1,1,0,,0,3,3,0,3,4,0,0,1127,,0,2,1,
2026-09-12T19:25:04.703Z,85403781000000,3885716,15056,-44049,-44038,,-10138,-9012,-9012,18024,2,2,-9012,-9012,0,1,1,0,,0,3,3,0,3,4,0,0,2253,,0,2,1,
2026-09-12T19:25:04.807Z,85403875000000,3885817,15057,-44044,-44039,,-10138,-7885,-7885,18024,2,2,-7885,-7885,0,1,1,0,,0,3,3,0,3,4,0,0,3380,,0,2,1,
2026-09-12T19:25:04.910Z,85403984000000,3885917,15058,-44034,-44040,,-10138,-6759,-6759,18024,2,2,-6759,-6759,0,1,1,0,,0,3,3,0,3,4,0,0,3379,,0,2,1,
2026-09-12T19:25:05.014Z,85404093000000,3886017,15059,-44047,-44041,,-10138,-5632,-5632,18024,2,2,-5632,-5632,0,1,1,0,,0,3,3,0,3,4,0,0,4506,,0,2,1,
2026-09-12T19:25:05.118Z,85404187000000,3886117,15060,-44057,-44042,,-10138,-4506,-4506,18024,2,2,-4506,-4506,0,1,1,0,,0,3,3,0,3,4,0,0,5632,,0,2,1,
2026-09-12T19:25:05.222Z,85404296000000,3886221,15061,-44046,-44043,,-10138,-3379,-3379,18024,2,2,-3379,-3379,0,1,1,0,,0,3,3,0,3,4,0,0,6759,,0,2,1,
2026-09-12T19:25:05.413Z,85404484000000,3886325,15062,-44042,-44043,,-3379,-3379,-3379,18024,2,2,-3379,-3379,0,1,1,0,,0,3,3,0,3,4,0,0,6759,,0,2,1,
2026-09-12T19:25:05.519Z,85404593000000,3886523,15064,-44035,-44042,,-3379,-4506,-4506,18024,2,2,-4506,-4506,0,1,1,0,,0,3,3,0,3,4,0,0,4506,,0,2,1,
2026-09-12T19:25:05.623Z,85404703000000,3886622,15065,-44037,-44041,,-3379,-5632,-5632,18024,2,2,-5632,-5632,0,1,1,0,,0,3,3,0,3,4,0,0,3380,,0,2,1,
2026-09-12T19:25:05.727Z,85404796000000,3886726,15066,-44042,-44040,,-3379,-6759,-6759,18024,2,2,-6759,-6759,0,1,1,0,,0,3,3,0,3,4,0,0,3380,,0,2,1,
2026-09-12T19:25:05.831Z,85404906000000,3886830,15067,-44031,-44040,,-3379,-6759,-6759,18024,2,2,-6759,-6759,0,1,1,0,,0,3,3,0,3,4,0,0,3380,,0,2,1,
2026-09-12T19:25:05.937Z,85405015000000,3886934,15068,-44032,-44039,,-3379,-7885,-7885,18024,2,2,-7885,-7885,0,1,1,0,,0,3,3,0,3,4,0,0,4506,,0,2,1,
2026-09-12T19:25:06.042Z,85405109000000,3887040,15069,-44041,-44038,,-3379,-9012,-9012,18024,2,2,-9012,-9012,0,1,1,0,,0,3,3,0,3,4,0,0,5633,,0,2,1,
2026-09-12T19:25:06.147Z,85405218000000,3887145,15070,-44040,-44038,,-3379,-9012,-9012,18024,2,2,-9012,-9012,0,1,1,0,,0,3,3,0,3,4,0,0,5633,,0,2,1,
2026-09-12T19:25:06.251Z,85405328000000,3887249,15071,-44025,-44038,,-3379,-9012,-9012,18024,2,2,-9012,-9012,0,1,1,0,,0,3,3,0,3,4,0,0,4506,,0,2,1,
2026-09-12T19:25:06.444Z,85405515000000,3887354,15072,-44027,-44037,,-11265,-10138,-10138,18024,2,2,-10138,-10138,0,1,1,0,,0,3,3,0,3,4,0,0,4506,,0,2,1,
2026-09-12T19:25:06.547Z,85405625000000,3887552,15074,-44043,-44035,,-11265,-12391,-12391,18024,2,2,-12391,-12391,0,1,1,0,,0,3,3,0,3,4,0,0,5632,,0,2,1,
2026-09-12T19:25:06.653Z,85405718000000,3887651,15075,-44049,-44036,,-11265,-11265,-11265,18024,2,2,-11265,-11265,0,1,1,0,,0,3,3,0,3,4,0,0,4506,,0,2,1,
2026-09-12T19:25:06.757Z,85405828000000,3887756,15076,-44024,-44037,,-11265,-10138,-10138,18024,2,2,-10138,-10138,0,1,1,0,,0,3,3,0,3,4,0,0,3379,,0,2,1,
2026-09-12T19:25:06.860Z,85405937000000,3887860,15077,-44022,-44035,,-11265,-12391,-12391,18024,2,2,-12391,-12391,0,1,1,0,,0,3,3,0,3,4,0,0,3379,,0,2,1,
2026-09-12T19:25:06.966Z,85406031000000,3887964,15078,-44047,-44034,,-11265,-13518,-13518,18024,2,2,-13518,-13518,0,1,1,0,,0,3,3,0,3,4,0,0,4506,,0,2,1,
2026-09-12T19:25:07.069Z,85406140000000,3888068,15079,-44040,-44035,,-11265,-12391,-12391,18024,2,2,-12391,-12391,0,1,1,0,,0,3,3,0,3,4,0,0,3380,,0,2,1,
2026-09-12T19:25:07.175Z,85406250000000,3888173,15080,-44045,-44036,,-11265,-11265,-11265,18024,2,2,-11265,-11265,0,1,1,0,,0,3,3,0,3,4,0,0,3380,,0,2,1,
2026-09-12T19:25:07.278Z,85406343000000,3888278,15081,-44040,-44037,,-11265,-10138,-10138,18024,2,2,-10138,-10138,0,1,1,0,,0,3,3,0,3,4,0,0,3380,,0,2,1,
2026-09-12T19:25:07.471Z,85406546000000,3888382,15082,-44029,-44037,,-13518,-10138,-10138,18024,2,2,-10138,-10138,0,1,1,0,,0,3,3,0,3,4,0,0,3380,,0,2,1,
2026-09-12T19:25:07.575Z,85406640000000,3888529,15084,-44023,-44034,,-13518,-13518,-13518,18024,2,2,-13518,-13518,0,1,1,0,,0,3,3,0,3,4,0,0,3380,,0,2,1,
2026-09-12T19:25:07.679Z,85406750000000,3888678,15085,-44024,-44033,,-13518,-14644,-14644,18024,2,2,-14644,-14644,0,1,1,0,,0,3,3,0,3,4,0,0,4506,,0,2,1,
2026-09-12T19:25:07.782Z,85406859000000,3888782,15086,-44037,-44032,,-13518,-15771,-15771,18024,2,2,-15771,-15771,0,1,1,0,,0,3,3,0,3,4,0,0,5633,,0,2,1,
2026-09-12T19:25:07.886Z,85406953000000,3888886,15087,-44051,-44033,,-13518,-14644,-14644,18024,2,2,-14644,-14644,0,1,1,0,,0,3,3,0,3,4,0,0,5633,,0,2,1,
2026-09-12T19:25:07.992Z,85407062000000,3888990,15088,-44062,-44035,,-13518,-12391,-12391,18024,2,2,-12391,-12391,0,1,1,0,,0,3,3,0,3,4,0,0,5633,,0,2,1,
2026-09-12T19:25:08.097Z,85407171000000,3889095,15089,-44041,-44037,,-13518,-10138,-10138,18024,2,2,-10138,-10138,0,1,1,0,,0,3,3,0,3,4,0,0,5633,,0,2,1,
2026-09-12T19:25:08.201Z,85407281000000,3889199,15090,-44045,-44038,,-13518,-9012,-9012,18024,2,2,-9012,-9012,0,1,1,0,,0,3,3,0,3,4,0,0,6759,,0,2,1,
2026-09-12T19:25:08.306Z,85407375000000,3889322,15092,-44036,-44040,,-13518,-6759,-6759,18024,2,2,-6759,-6759,0,1,1,0,,0,3,3,0,3,4,0,0,9012,,0,2,1,
2026-09-12T19:25:08.496Z,85407562000000,3889423,15093,-44032,-44039,,-7885,-7885,-7885,18024,2,2,-7885,-7885,0,1,1,0,,0,3,3,0,3,4,0,0,9012,,0,2,1,
2026-09-12T19:25:08.600Z,85407671000000,3889523,15094,-44036,-44039,,-7885,-7885,-7885,18024,2,2,-7885,-7885,0,1,1,0,,0,3,3,0,3,4,0,0,7885,,0,2,1,
2026-09-12T19:25:08.705Z,85407781000000,3889723,15096,-44043,-44040,,-7885,-6759,-6759,18024,2,2,-6759,-6759,0,1,1,0,,0,3,3,0,3,4,0,0,3379,,0,2,1,
2026-09-12T19:25:08.807Z,85407875000000,3889823,15097,-44040,-44040,,-7885,-6759,-6759,18024,2,2,-6759,-6759,0,1,1,0,,0,3,3,0,3,4,0,0,2253,,0,2,1,
2026-09-12T19:25:08.911Z,85407984000000,3889923,15098,-44050,-44040,,-7885,-6759,-6759,18024,2,2,-6759,-6759,0,1,1,0,,0,3,3,0,3,4,0,0,1126,,0,2,1,
2026-09-12T19:25:09.015Z,85408093000000,3890024,15099,-44034,-44040,,-7885,-6759,-6759,18024,2,2,-6759,-6759,0,1,1,0,,0,3,3,0,3,4,0,0,1126,,0,2,1,
2026-09-12T19:25:09.118Z,85408187000000,3890124,15100,-44022,-44039,,-7885,-7885,-7885,18024,2,2,-7885,-7885,0,1,1,0,,0,3,3,0,3,4,0,0,1126,,0,2,1,
2026-09-12T19:25:09.223Z,85408296000000,3890224,15101,-44008,-44037,,-7885,-10138,-10138,18024,2,2,-10138,-10138,0,1,1,0,,0,3,3,0,3,4,0,0,3379,,0,2,1,
2026-09-12T19:25:09.327Z,85408406000000,3890326,15102,-44004,-44033,,-7885,-14644,-14644,18024,2,2,-14644,-14644,0,1,1,0,,0,3,3,0,3,4,0,0,7885,,0,2,1,
2026-09-12T19:25:09.521Z,85408593000000,3890430,15103,-44020,-44030,,-19150,-18024,-18024,18024,2,2,-18024,-18024,0,1,1,0,,0,3,3,0,3,4,0,0,11265,,0,2,1,
2026-09-12T19:25:09.625Z,85408703000000,3890629,15105,-44029,-44028,,-19150,-20277,-20277,18024,2,2,-20277,-20277,0,1,1,0,,0,3,3,0,3,4,0,0,13518,,0,2,1,
2026-09-12T19:25:09.729Z,85408796000000,3890728,15106,-44043,-44028,,-19150,-20277,-20277,18024,2,2,-20277,-20277,0,1,1,0,,0,3,3,0,3,4,0,0,13518,,0,2,1,
2026-09-12T19:25:09.832Z,85408906000000,3890833,15107,-44038,-44029,,-19150,-19150,-19150,18024,2,2,-19150,-19150,0,1,1,0,,0,3,3,0,3,4,0,0,12392,,0,2,1,
2026-09-12T19:25:09.938Z,85409015000000,3890936,15108,-44035,-44030,,-19150,-18024,-18024,18024,2,2,-18024,-18024,0,1,1,0,,0,3,3,0,3,4,0,0,10139,,0,2,1,
2026-09-12T19:25:10.042Z,85409109000000,3891041,15109,-44039,-44031,,-19150,-16897,-16897,18024,2,2,-16897,-16897,0,1,1,0,,0,3,3,0,3,4,0,0,5633,,0,2,1,
2026-09-12T19:25:10.148Z,85409218000000,3891146,15110,-44025,-44032,,-19150,-15771,-15771,18024,2,2,-15771,-15771,0,1,1,0,,0,3,3,0,3,4,0,0,4506,,0,2,1,
2026-09-12T19:25:10.253Z,85409328000000,3891251,15111,-44014,-44031,,-19150,-16897,-16897,18024,2,2,-16897,-16897,0,1,1,0,,0,3,3,0,3,4,0,0,4506,,0,2,1,
2026-09-12T19:25:10.356Z,85409421000000,3891356,15112,-44027,-44030,,-19150,-18024,-18024,18024,2,2,-18024,-18024,0,1,1,0,,0,3,3,0,3,4,0,0,4506,,0,2,1,
2026-09-12T19:25:10.547Z,85409625000000,3891460,15113,-44036,-44030,,-16897,-18024,-18024,18024,2,2,-18024,-18024,0,1,1,0,,0,3,3,0,3,4,0,0,4506,,0,2,1,
2026-09-12T19:25:10.651Z,85409718000000,3891657,15115,-44022,-44032,,-16897,-15771,-15771,18024,2,2,-15771,-15771,0,1,1,0,,0,3,3,0,3,4,0,0,2253,,0,2,1,
2026-09-12T19:25:10.755Z,85409828000000,3891754,15116,-44032,-44032,,-16897,-15771,-15771,18024,2,2,-15771,-15771,0,1,1,0,,0,3,3,0,3,4,0,0,2253,,0,2,1,
2026-09-12T19:25:10.859Z,85409937000000,3891858,15117,-44048,-44032,,-16897,-15771,-15771,18024,2,2,-15771,-15771,0,1,1,0,,0,3,3,0,3,4,0,0,2253,,0,2,1,
2026-09-12T19:25:10.965Z,85410031000000,3891962,15118,-44051,-44034,,-16897,-13518,-13518,18024,2,2,-13518,-13518,0,1,1,0,,0,3,3,0,3,4,0,0,4506,,0,2,1,
2026-09-12T19:25:11.069Z,85410140000000,3892067,15119,-44046,-44036,,-16897,-11265,-11265,18024,2,2,-11265,-11265,0,1,1,0,,0,3,3,0,3,4,0,0,6759,,0,2,1,
2026-09-12T19:25:11.173Z,85410250000000,3892172,15120,-44037,-44037,,-16897,-10138,-10138,18024,2,2,-10138,-10138,0,1,1,0,,0,3,3,0,3,4,0,0,7886,,0,2,1,
2026-09-12T19:25:11.277Z,85410343000000,3892276,15121,-44032,-44037,,-16897,-10138,-10138,18024,2,2,-10138,-10138,0,1,1,0,,0,3,3,0,3,4,0,0,6759,,0,2,1,
2026-09-12T19:25:11.382Z,85410453000000,3892380,15122,-44039,-44037,,-16897,-10138,-10138,18024,2,2,-10138,-10138,0,1,1,0,,0,3,3,0,3,4,0,0,5633,,0,2,1,
2026-09-12T19:25:11.573Z,85410640000000,3892485,15123,-44032,-44036,,-12391,-11265,-11265,18024,2,2,-11265,-11265,0,1,1,0,,0,3,3,0,3,4,0,0,5633,,0,2,1,
2026-09-12T19:25:11.677Z,85410750000000,3892633,15125,-44025,-44035,,-12391,-12391,-12391,18024,2,2,-12391,-12391,0,1,1,0,,0,3,3,0,3,4,0,0,3380,,0,2,1,
2026-09-12T19:25:11.780Z,85410859000000,3892781,15126,-44038,-44035,,-12391,-12391,-12391,18024,2,2,-12391,-12391,0,1,1,0,,0,3,3,0,3,4,0,0,2253,,0,2,1,
2026-09-12T19:25:11.884Z,85410953000000,3892884,15127,-44026,-44034,,-12391,-13518,-13518,18024,2,2,-13518,-13518,0,1,1,0,,0,3,3,0,3,4,0,0,3380,,0,2,1,
2026-09-12T19:25:11.989Z,85411062000000,3892988,15128,-44022,-44033,,-12391,-14644,-14644,18024,2,2,-14644,-14644,0,1,1,0,,0,3,3,0,3,4,0,0,4506,,0,2,1,
2026-09-12T19:25:12.093Z,85411171000000,3893093,15129,-44032,-44032,,-12391,-15771,-15771,18024,2,2,-15771,-15771,0,1,1,0,,0,3,3,0,3,4,0,0,5633,,0,2,1,
2026-09-12T19:25:12.198Z,85411265000000,3893197,15130,-44040,-44032,,-12391,-15771,-15771,18024,2,2,-15771,-15771,0,1,1,0,,0,3,3,0,3,4,0,0,4506,,0,2,1,
2026-09-12T19:25:12.302Z,85411375000000,3893301,15131,-44025,-44032,,-12391,-15771,-15771,18024,2,2,-15771,-15771,0,1,1,0,,0,3,3,0,3,4,0,0,4506,,0,2,1,
2026-09-12T19:25:12.406Z,85411484000000,3893406,15132,-44023,-44031,,-12391,-16897,-16897,18024,2,2,-16897,-16897,0,1,1,0,,0,3,3,0,3,4,0,0,4506,,0,2,1,
2026-09-12T19:25:12.595Z,85411671000000,3893529,15134,-44034,-44031,,-16897,-16897,-16897,18024,2,2,-16897,-16897,0,1,1,0,,0,3,3,0,3,4,0,0,4506,,0,2,1,
2026-09-12T19:25:12.700Z,85411765000000,3893630,15135,-44024,-44031,,-16897,-16897,-16897,18024,2,2,-16897,-16897,0,1,1,0,,0,3,3,0,3,4,0,0,3380,,0,2,1,
2026-09-12T19:25:12.805Z,85411875000000,3893804,15136,-44033,-44031,,-16897,-16897,-16897,18024,2,2,-16897,-16897,0,1,1,0,,0,3,3,0,3,4,0,0,2253,,0,2,1,
2026-09-12T19:25:12.909Z,85411984000000,3893908,15137,-44022,-44030,,-16897,-18024,-18024,18024,2,2,-18024,-18024,0,1,1,0,,0,3,3,0,3,4,0,0,2253,,0,2,1,
2026-09-12T19:25:13.013Z,85412093000000,3894030,15139,-44021,-44029,,-16897,-19150,-19150,18024,2,2,-19150,-19150,0,1,1,0,,0,3,3,0,3,4,0,0,2253,,0,2,1,
2026-09-12T19:25:13.116Z,85412187000000,3894130,15140,-44030,-44029,,-16897,-19150,-19150,18024,2,2,-19150,-19150,0,1,1,0,,0,3,3,0,3,4,0,0,2253,,0,2,1,
2026-09-12T19:25:13.219Z,85412296000000,3894231,15141,-44030,-44029,,-16897,-19150,-19150,18024,2,2,-19150,-19150,0,1,1,0,,0,3,3,0,3,4,0,0,2253,,0,2,1,
2026-09-12T19:25:13.321Z,85412390000000,3894331,15142,-44027,-44029,,-16897,-19150,-19150,18024,2,2,-19150,-19150,0,1,1,0,,0,3,3,0,3,4,0,0,2253,,0,2,1,
2026-09-12T19:25:13.426Z,85412500000000,3894431,15143,-44043,-44029,,-16897,-19150,-19150,18024,2,2,-19150,-19150,0,1,1,0,,0,3,3,0,3,4,0,0,2253,,0,2,1,
2026-09-12T19:25:13.615Z,85412687000000,3894531,15144,-44047,-44031,,-14644,-16897,-16897,18024,2,2,-16897,-16897,0,1,1,0,,0,3,3,0,3,4,0,0,2253,,0,2,1,
2026-09-12T19:25:13.718Z,85412796000000,3894731,15146,-44033,-44034,,-14644,-13518,-13518,18024,2,2,-13518,-13518,0,1,1,0,,0,3,3,0,3,4,0,0,5632,,0,2,1,
2026-09-12T19:25:13.821Z,85412890000000,3894831,15147,-44038,-44035,,-14644,-12391,-12391,18024,2,2,-12391,-12391,0,1,1,0,,0,3,3,0,3,4,0,0,6759,,0,2,1,
2026-09-12T19:25:13.925Z,85413000000000,3894932,15148,-44038,-44035,,-14644,-12391,-12391,18024,2,2,-12391,-12391,0,1,1,0,,0,3,3,0,3,4,0,0,6759,,0,2,1,
2026-09-12T19:25:14.030Z,85413109000000,3895032,15149,-44032,-44035,,-14644,-12391,-12391,18024,2,2,-12391,-12391,0,1,1,0,,0,3,3,0,3,4,0,0,6759,,0,2,1,
2026-09-12T19:25:14.134Z,85413203000000,3895134,15150,-44033,-44035,,-14644,-12391,-12391,18024,2,2,-12391,-12391,0,1,1,0,,0,3,3,0,3,4,0,0,6759,,0,2,1,
2026-09-12T19:25:14.238Z,85413312000000,3895238,15151,-44018,-44035,,-14644,-12391,-12391,18024,2,2,-12391,-12391,0,1,1,0,,0,3,3,0,3,4,0,0,4506,,0,2,1,
2026-09-12T19:25:14.345Z,85413421000000,3895342,15152,-44021,-44033,,-14644,-14644,-14644,18024,2,2,-14644,-14644,0,1,1,0,,0,3,3,0,3,4,0,0,2253,,0,2,1,
2026-09-12T19:25:14.449Z,85413515000000,3895447,15153,-44044,-44031,,-14644,-16897,-16897,18024,2,2,-16897,-16897,0,1,1,0,,0,3,3,0,3,4,0,0,4506,,0,2,1,
2026-09-12T19:25:14.640Z,85413718000000,3895553,15154,-44046,-44033,,-13518,-14644,-14644,18024,2,2,-14644,-14644,0,1,1,0,,0,3,3,0,3,4,0,0,4506,,0,2,1,
2026-09-12T19:25:14.746Z,85413812000000,3895750,15156,-44039,-44035,,-13518,-12391,-12391,18024,2,2,-12391,-12391,0,1,1,0,,0,3,3,0,3,4,0,0,4506,,0,2,1,
2026-09-12T19:25:14.850Z,85413921000000,3895848,15157,-44033,-44035,,-13518,-12391,-12391,18024,2,2,-12391,-12391,0,1,1,0,,0,3,3,0,3,4,0,0,4506,,0,2,1,
2026-09-12T19:25:14.955Z,85414031000000,3895954,15158,-44027,-44035,,-13518,-12391,-12391,18024,2,2,-12391,-12391,0,1,1,0,,0,3,3,0,3,4,0,0,4506,,0,2,1,
2026-09-12T19:25:15.059Z,85414125000000,3896059,15159,-44036,-44035,,-13518,-12391,-12391,18024,2,2,-12391,-12391,0,1,1,0,,0,3,3,0,3,4,0,0,4506,,0,2,1,
2026-09-12T19:25:15.164Z,85414234000000,3896163,15160,-44040,-44035,,-13518,-12391,-12391,18024,2,2,-12391,-12391,0,1,1,0,,0,3,3,0,3,4,0,0,4506,,0,2,1,
2026-09-12T19:25:15.270Z,85414343000000,3896267,15161,-44039,-44036,,-13518,-11265,-11265,18024,2,2,-11265,-11265,0,1,1,0,,0,3,3,0,3,4,0,0,3379,,0,2,1,
2026-09-12T19:25:15.374Z,85414453000000,3896373,15162,-44033,-44036,,-13518,-11265,-11265,18024,2,2,-11265,-11265,0,1,1,0,,0,3,3,0,3,4,0,0,2253,,0,2,1,
2026-09-12T19:25:15.478Z,85414546000000,3896478,15163,-44031,-44036,,-13518,-11265,-11265,18024,2,2,-11265,-11265,0,1,1,0,,0,3,3,0,3,4,0,0,1126,,0,2,1,
2026-09-12T19:25:15.669Z,85414750000000,3896582,15164,-44041,-44036,,-10138,-11265,-11265,18024,2,2,-11265,-11265,0,1,1,0,,0,3,3,0,3,4,0,0,1126,,0,2,1,
2026-09-12T19:25:15.774Z,85414843000000,3896734,15166,-44047,-44037,,-10138,-10138,-10138,18024,2,2,-10138,-10138,0,1,1,0,,0,3,3,0,3,4,0,0,2253,,0,2,1,
2026-09-12T19:25:15.878Z,85414953000000,3896877,15167,-44055,-44038,,-10138,-9012,-9012,18024,2,2,-9012,-9012,0,1,1,0,,0,3,3,0,3,4,0,0,3379,,0,2,1,
2026-09-12T19:25:15.983Z,85415062000000,3896982,15168,-44048,-44039,,-10138,-7885,-7885,18024,2,2,-7885,-7885,0,1,1,0,,0,3,3,0,3,4,0,0,3380,,0,2,1,
2026-09-12T19:25:16.087Z,85415156000000,3897087,15169,-44038,-44040,,-10138,-6759,-6759,18024,2,2,-6759,-6759,0,1,1,0,,0,3,3,0,3,4,0,0,4506,,0,2,1,
2026-09-12T19:25:16.191Z,85415265000000,3897191,15170,-44040,-44040,,-10138,-6759,-6759,18024,2,2,-6759,-6759,0,1,1,0,,0,3,3,0,3,4,0,0,4506,,0,2,1,
2026-09-12T19:25:16.296Z,85415375000000,3897295,15171,-44040,-44040,,-10138,-6759,-6759,18024,2,2,-6759,-6759,0,1,1,0,,0,3,3,0,3,4,0,0,4506,,0,2,1,
2026-09-12T19:25:16.400Z,85415468000000,3897399,15172,-44034,-44040,,-10138,-6759,-6759,18024,2,2,-6759,-6759,0,1,1,0,,0,3,3,0,3,4,0,0,4506,,0,2,1,
2026-09-12T19:25:16.505Z,85415578000000,3897504,15173,-44034,-44039,,-10138,-7885,-7885,18024,2,2,-7885,-7885,0,1,1,0,,0,3,3,0,3,4,0,0,3379,,0,2,1,
2026-09-12T19:25:16.695Z,85415765000000,3897608,15174,-44034,-44038,,-7885,-9012,-9012,18024,2,2,-9012,-9012,0,1,1,0,,0,3,3,0,3,4,0,0,2253,,0,2,1,
2026-09-12T19:25:16.799Z,85415875000000,3897755,15176,-44051,-44039,,-7885,-7885,-7885,18024,2,2,-7885,-7885,0,1,1,0,,0,3,3,0,3,4,0,0,3379,,0,2,1,
2026-09-12T19:25:16.905Z,85415984000000,3897904,15177,-44059,-44041,,-7885,-5632,-5632,18024,2,2,-5632,-5632,0,1,1,0,,0,3,3,0,3,4,0,0,4506,,0,2,1,
2026-09-12T19:25:17.010Z,85416078000000,3898008,15178,-44043,-44042,,-7885,-4506,-4506,18024,2,2,-4506,-4506,0,1,1,0,,0,3,3,0,3,4,0,0,5632,,0,2,1,
2026-09-12T19:25:17.114Z,85416187000000,3898114,15179,-44026,-44042,,-7885,-4506,-4506,18024,2,2,-4506,-4506,0,1,1,0,,0,3,3,0,3,4,0,0,5632,,0,2,1,
2026-09-12T19:25:17.220Z,85416296000000,3898237,15181,-44046,-44040,,-7885,-6759,-6759,18024,2,2,-6759,-6759,0,1,1,0,,0,3,3,0,3,4,0,0,5632,,0,2,1,
2026-09-12T19:25:17.322Z,85416390000000,3898337,15182,-44042,-44040,,-7885,-6759,-6759,18024,2,2,-6759,-6759,0,1,1,0,,0,3,3,0,3,4,0,0,5632,,0,2,1,
2026-09-12T19:25:17.425Z,85416500000000,3898437,15183,-44031,-44040,,-7885,-6759,-6759,18024,2,2,-6759,-6759,0,1,1,0,,0,3,3,0,3,4,0,0,3379,,0,2,1,
2026-09-12T19:25:17.528Z,85416593000000,3898537,15184,-44040,-44040,,-7885,-6759,-6759,18024,2,2,-6759,-6759,0,1,1,0,,0,3,3,0,3,4,0,0,2253,,0,2,1,
2026-09-12T19:25:17.716Z,85416796000000,3898638,15185,-44035,-44039,,-9012,-7885,-7885,18024,2,2,-7885,-7885,0,1,1,0,,0,3,3,0,3,4,0,0,3379,,0,2,1,
2026-09-12T19:25:17.820Z,85416890000000,3898838,15187,-44026,-44036,,-9012,-11265,-11265,18024,2,2,-11265,-11265,0,1,1,0,,0,3,3,0,3,4,0,0,5633,,0,2,1,
2026-09-12T19:25:17.923Z,85417000000000,3898938,15188,-44016,-44034,,-9012,-13518,-13518,18024,2,2,-13518,-13518,0,1,1,0,,0,3,3,0,3,4,0,0,6759,,0,2,1,
2026-09-12T19:25:18.026Z,85417093000000,3899038,15189,-44023,-44033,,-9012,-14644,-14644,18024,2,2,-14644,-14644,0,1,1,0,,0,3,3,0,3,4,0,0,7885,,0,2,1,
2026-09-12T19:25:18.129Z,85417203000000,3899138,15190,-44040,-44032,,-9012,-15771,-15771,18024,2,2,-15771,-15771,0,1,1,0,,0,3,3,0,3,4,0,0,9012,,0,2,1,
2026-09-12T19:25:18.231Z,85417296000000,3899238,15191,-44028,-44031,,-9012,-16897,-16897,18024,2,2,-16897,-16897,0,1,1,0,,0,3,3,0,3,4,0,0,10138,,0,2,1,
2026-09-12T19:25:18.335Z,85417406000000,3899338,15192,-44022,-44031,,-9012,-16897,-16897,18024,2,2,-16897,-16897,0,1,1,0,,0,3,3,0,3,4,0,0,9012,,0,2,1,
2026-09-12T19:25:18.439Z,85417515000000,3899439,15193,-44024,-44030,,-9012,-18024,-18024,18024,2,2,-18024,-18024,0,1,1,0,,0,3,3,0,3,4,0,0,9012,,0,2,1,
2026-09-12T19:25:18.544Z,85417609000000,3899543,15194,-44042,-44029,,-9012,-19150,-19150,18024,2,2,-19150,-19150,0,1,1,0,,0,3,3,0,3,4,0,0,7885,,0,2,1,
2026-09-12T19:25:18.736Z,85417812000000,3899647,15195,-44031,-44029,,-19150,-19150,-19150,18024,2,2,-19150,-19150,0,1,1,0,,0,3,3,0,3,4,0,0,5632,,0,2,1,
2026-09-12T19:25:18.839Z,85417906000000,3899846,15197,-44037,-44029,,-19150,-19150,-19150,18024,2,2,-19150,-19150,0,1,1,0,,0,3,3,0,3,4,0,0,3379,,0,2,1,
2026-09-12T19:25:18.946Z,85418015000000,3899944,15198,-44033,-44030,,-19150,-18024,-18024,18024,2,2,-18024,-18024,0,1,1,0,,0,3,3,0,3,4,0,0,2253,,0,2,1,
2026-09-12T19:25:19.050Z,85418125000000,3900049,15199,-44036,-44031,,-19150,-16897,-16897,18024,2,2,-16897,-16897,0,1,1,0,,0,3,3,0,3,4,0,0,2253,,0,2,1,
2026-09-12T19:25:19.155Z,85418234000000,3900154,15200,-44052,-44032,,-19150,-15771,-15771,18024,2,2,-15771,-15771,0,1,1,0,,0,3,3,0,3,4,0,0,3379,,0,2,1,
2026-09-12T19:25:19.259Z,85418328000000,3900259,15201,-44049,-44034,,-19150,-13518,-13518,18024,2,2,-13518,-13518,0,1,1,0,,0,3,3,0,3,4,0,0,5632,,0,2,1,
2026-09-12T19:25:19.363Z,85418437000000,3900363,15202,-44034,-44036,,-19150,-11265,-11265,18024,2,2,-11265,-11265,0,1,1,0,,0,3,3,0,3,4,0,0,7885,,0,2,1,
2026-09-12T19:25:19.467Z,85418546000000,3900467,15203,-44036,-44036,,-19150,-11265,-11265,18024,2,2,-11265,-11265,0,1,1,0,,0,3,3,0,3,4,0,0,7885,,0,2,1,
2026-09-12T19:25:19.572Z,85418640000000,3900572,15204,-44033,-44036,,-19150,-11265,-11265,18024,2,2,-11265,-11265,0,1,1,0,,0,3,3,0,3,4,0,0,7885,,0,2,1,
2026-09-12T19:25:19.762Z,85418828000000,3900676,15205,-44031,-44036,,-11265,-11265,-11265,18024,2,2,-11265,-11265,0,1,1,0,,0,3,3,0,3,4,0,0,6759,,0,2,1,
2026-09-12T19:25:19.865Z,85418937000000,3900872,15207,-44049,-44036,,-11265,-11265,-11265,18024,2,2,-11265,-11265,0,1,1,0,,0,3,3,0,3,4,0,0,4506,,0,2,1,
2026-09-12T19:25:19.969Z,85419046000000,3900970,15208,-44042,-44037,,-11265,-10138,-10138,18024,2,2,-10138,-10138,0,1,1,0,,0,3,3,0,3,4,0,0,3380,,0,2,1,
2026-09-12T19:25:20.073Z,85419140000000,3901074,15209,-44029,-44038,,-11265,-9012,-9012,18024,2,2,-9012,-9012,0,1,1,0,,0,3,3,0,3,4,0,0,2253,,0,2,1,
2026-09-12T19:25:20.178Z,85419250000000,3901178,15210,-44031,-44037,,-11265,-10138,-10138,18024,2,2,-10138,-10138,0,1,1,0,,0,3,3,0,3,4,0,0,2253,,0,2,1,
2026-09-12T19:25:20.282Z,85419359000000,3901282,15211,-44022,-44036,,-11265,-11265,-11265,18024,2,2,-11265,-11265,0,1,1,0,,0,3,3,0,3,4,0,0,2253,,0,2,1,
2026-09-12T19:25:20.386Z,85419453000000,3901386,15212,-44043,-44035,,-11265,-12391,-12391,18024,2,2,-12391,-12391,0,1,1,0,,0,3,3,0,3,4,0,0,3379,,0,2,1,
2026-09-12T19:25:20.491Z,85419562000000,3901491,15213,-44022,-44033,,-11265,-14644,-14644,18024,2,2,-14644,-14644,0,1,1,0,,0,3,3,0,3,4,0,0,5632,,0,2,1,
2026-09-12T19:25:20.595Z,85419671000000,3901596,15214,-44021,-44032,,-11265,-15771,-15771,18024,2,2,-15771,-15771,0,1,1,0,,0,3,3,0,3,4,0,0,6759,,0,2,1,
2026-09-12T19:25:20.785Z,85419859000000,3901699,15215,-44030,-44031,,-16897,-16897,-16897,18024,2,2,-16897,-16897,0,1,1,0,,0,3,3,0,3,4,0,0,7885,,0,2,1,
2026-09-12T19:25:20.889Z,85419968000000,3901846,15217,-44035,-44031,,-16897,-16897,-16897,18024,2,2,-16897,-16897,0,1,1,0,,0,3,3,0,3,4,0,0,6759,,0,2,1,
2026-09-12T19:25:20.993Z,85420062000000,3901994,15218,-44044,-44032,,-16897,-15771,-15771,18024,2,2,-15771,-15771,0,1,1,0,,0,3,3,0,3,4,0,0,5632,,0,2,1,
2026-09-12T19:25:21.097Z,85420171000000,3902098,15219,-44032,-44032,,-16897,-15771,-15771,18024,2,2,-15771,-15771,0,1,1,0,,0,3,3,0,3,4,0,0,4506,,0,2,1,
2026-09-12T19:25:21.201Z,85420281000000,3902201,15220,-44035,-44032,,-16897,-15771,-15771,18024,2,2,-15771,-15771,0,1,1,0,,0,3,3,0,3,4,0,0,2253,,0,2,1,
2026-09-12T19:25:21.305Z,85420375000000,3902305,15221,-44049,-44032,,-16897,-15771,-15771,18024,2,2,-15771,-15771,0,1,1,0,,0,3,3,0,3,4,0,0,1126,,0,2,1,
2026-09-12T19:25:21.411Z,85420484000000,3902409,15222,-44038,-44033,,-16897,-14644,-14644,18024,2,2,-14644,-14644,0,1,1,0,,0,3,3,0,3,4,0,0,2253,,0,2,1,
2026-09-12T19:25:21.516Z,85420593000000,3902516,15223,-44035,-44034,,-16897,-13518,-13518,18024,2,2,-13518,-13518,0,1,1,0,,0,3,3,0,3,4,0,0,3379,,0,2,1,
2026-09-12T19:25:21.620Z,85420687000000,3902620,15224,-44032,-44034,,-16897,-13518,-13518,18024,2,2,-13518,-13518,0,1,1,0,,0,3,3,0,3,4,0,0,3379,,0,2,1,
2026-09-12T19:25:21.810Z,85420890000000,3902724,15225,-44027,-44034,,-16897,-13518,-13518,18024,2,2,-13518,-13518,0,1,1,0,,0,3,3,0,3,4,0,0,2253,,0,2,1,
2026-09-12T19:25:21.916Z,85420984000000,3902844,15227,-44015,-44031,,-16897,-16897,-16897,18024,2,2,-16897,-16897,0,1,1,0,,0,3,3,0,3,4,0,0,3379,,0,2,1,
2026-09-12T19:25:22.019Z,85421093000000,3903019,15228,-44028,-44029,,-16897,-19150,-19150,18024,2,2,-19150,-19150,0,1,1,0,,0,3,3,0,3,4,0,0,5632,,0,2,1,
2026-09-12T19:25:22.124Z,85421203000000,3903124,15229,-44028,-44029,,-16897,-19150,-19150,18024,2,2,-19150,-19150,0,1,1,0,,0,3,3,0,3,4,0,0,5632,,0,2,1,
2026-09-12T19:25:22.228Z,85421296000000,3903245,15231,-44034,-44029,,-16897,-19150,-19150,18024,2,2,-19150,-19150,0,1,1,0,,0,3,3,0,3,4,0,0,5632,,0,2,1,
2026-09-12T19:25:22.330Z,85421406000000,3903345,15232,-44027,-44029,,-16897,-19150,-19150,18024,2,2,-19150,-19150,0,1,1,0,,0,3,3,0,3,4,0,0,5632,,0,2,1,
2026-09-12T19:25:22.434Z,85421500000000,3903445,15233,-44034,-44030,,-16897,-18024,-18024,18024,2,2,-18024,-18024,0,1,1,0,,0,3,3,0,3,4,0,0,4506,,0,2,1,
2026-09-12T19:25:22.537Z,85421609000000,3903546,15234,-44046,-44031,,-16897,-16897,-16897,18024,2,2,-16897,-16897,0,1,1,0,,0,3,3,0,3,4,0,0,2253,,0,2,1,
2026-09-12T19:25:22.641Z,85421718000000,3903646,15235,-44036,-44032,,-16897,-15771,-15771,18024,2,2,-15771,-15771,0,1,1,0,,0,3,3,0,3,4,0,0,3379,,0,2,1,
2026-09-12T19:25:22.830Z,85421906000000,3903746,15236,-44030,-44033,,-14644,-14644,-14644,18024,2,2,-14644,-14644,0,1,1,0,,0,3,3,0,3,4,0,0,4506,,0,2,1,
2026-09-12T19:25:22.934Z,85422000000000,3903946,15238,-44020,-44033,,-14644,-14644,-14644,18024,2,2,-14644,-14644,0,1,1,0,,0,3,3,0,3,4,0,0,4506,,0,2,1,
2026-09-12T19:25:23.037Z,85422109000000,3904046,15239,-44025,-44032,,-14644,-15771,-15771,18024,2,2,-15771,-15771,0,1,1,0,,0,3,3,0,3,4,0,0,4506,,0,2,1,
2026-09-12T19:25:23.140Z,85422218000000,3904146,15240,-44022,-44031,,-14644,-16897,-16897,18024,2,2,-16897,-16897,0,1,1,0,,0,3,3,0,3,4,0,0,3380,,0,2,1,
2026-09-12T19:25:23.244Z,85422312000000,3904246,15241,-44026,-44030,,-14644,-18024,-18024,18024,2,2,-18024,-18024,0,1,1,0,,0,3,3,0,3,4,0,0,3380,,0,2,1,
2026-09-12T19:25:23.348Z,85422421000000,3904348,15242,-44012,-44029,,-14644,-19150,-19150,18024,2,2,-19150,-19150,0,1,1,0,,0,3,3,0,3,4,0,0,4506,,0,2,1,
2026-09-12T19:25:23.453Z,85422531000000,3904453,15243,-44007,-44027,,-14644,-21403,-21403,18024,2,2,-21403,-21403,0,1,1,0,,0,3,3,0,3,4,0,0,6759,,0,2,1,
2026-09-12T19:25:23.557Z,85422625000000,3904557,15244,-44026,-44025,,-14644,-23656,-23656,18024,2,2,-23656,-23656,0,1,1,0,,0,3,3,0,3,4,0,0,9012,,0,2,1,
2026-09-12T19:25:23.661Z,85422734000000,3904661,15245,-44040,-44025,,-14644,-23656,-23656,18024,2,2,-23656,-23656,0,1,1,0,,0,3,3,0,3,4,0,0,9012,,0,2,1,
2026-09-12T19:25:23.852Z,85422921000000,3904766,15246,-44041,-44027,,-19150,-21403,-21403,18024,2,2,-21403,-21403,0,1,1,0,,0,3,3,0,3,4,0,0,7885,,0,2,1,
2026-09-12T19:25:23.957Z,85423031000000,3904963,15248,-44027,-44031,,-19150,-16897,-16897,18024,2,2,-16897,-16897,0,1,1,0,,0,3,3,0,3,4,0,0,6759,,0,2,1,
2026-09-12T19:25:24.061Z,85423140000000,3905061,15249,-44031,-44031,,-19150,-16897,-16897,18024,2,2,-16897,-16897,0,1,1,0,,0,3,3,0,3,4,0,0,6759,,0,2,1,
2026-09-12T19:25:24.165Z,85423234000000,3905166,15250,-44041,-44031,,-19150,-16897,-16897,18024,2,2,-16897,-16897,0,1,1,0,,0,3,3,0,3,4,0,0,6759,,0,2,1,
2026-09-12T19:25:24.270Z,85423343000000,3905270,15251,-44028,-44031,,-19150,-16897,-16897,18024,2,2,-16897,-16897,0,1,1,0,,0,3,3,0,3,4,0,0,6759,,0,2,1,
2026-09-12T19:25:24.375Z,85423453000000,3905374,15252,-44020,-44031,,-19150,-16897,-16897,18024,2,2,-16897,-16897,0,1,1,0,,0,3,3,0,3,4,0,0,6759,,0,2,1,
2026-09-12T19:25:24.479Z,85423546000000,3905479,15253,-44025,-44030,,-19150,-18024,-18024,18024,2,2,-18024,-18024,0,1,1,0,,0,3,3,0,3,4,0,0,4506,,0,2,1,
2026-09-12T19:25:24.583Z,85423656000000,3905583,15254,-44031,-44029,,-19150,-19150,-19150,18024,2,2,-19150,-19150,0,1,1,0,,0,3,3,0,3,4,0,0,2253,,0,2,1,
2026-09-12T19:25:24.687Z,85423765000000,3905687,15255,-44041,-44029,,-19150,-19150,-19150,18024,2,2,-19150,-19150,0,1,1,0,,0,3,3,0,3,4,0,0,2253,,0,2,1,
2026-09-12T19:25:24.879Z,85423953000000,3905792,15256,-44034,-44030,,-18024,-18024,-18024,18024,2,2,-18024,-18024,0,1,1,0,,0,3,3,0,3,4,0,0,2253,,0,2,1,
2026-09-12T19:25:24.985Z,85424062000000,3905949,15258,-44024,-44030,,-18024,-18024,-18024,18024,2,2,-18024,-18024,0,1,1,0,,0,3,3,0,3,4,0,0,2253,,0,2,1,
2026-09-12T19:25:25.090Z,85424156000000,3906089,15259,-44035,-44029,,-18024,-19150,-19150,18024,2,2,-19150,-19150,0,1,1,0,,0,3,3,0,3,4,0,0,2253,,0,2,1,
2026-09-12T19:25:25.194Z,85424265000000,3906194,15260,-44037,-44030,,-18024,-18024,-18024,18024,2,2,-18024,-18024,0,1,1,0,,0,3,3,0,3,4,0,0,2253,,0,2,1,
2026-09-12T19:25:25.298Z,85424375000000,3906299,15261,-44030,-44031,,-18024,-16897,-16897,18024,2,2,-16897,-16897,0,1,1,0,,0,3,3,0,3,4,0,0,2253,,0,2,1,
2026-09-12T19:25:25.402Z,85424468000000,3906403,15262,-44040,-44032,,-18024,-15771,-15771,18024,2,2,-15771,-15771,0,1,1,0,,0,3,3,0,3,4,0,0,3379,,0,2,1,
2026-09-12T19:25:25.506Z,85424578000000,3906507,15263,-44052,-44033,,-18024,-14644,-14644,18024,2,2,-14644,-14644,0,1,1,0,,0,3,3,0,3,4,0,0,4506,,0,2,1,
2026-09-12T19:25:25.610Z,85424687000000,3906611,15264,-44027,-44034,,-18024,-13518,-13518,18024,2,2,-13518,-13518,0,1,1,0,,0,3,3,0,3,4,0,0,5632,,0,2,1,
2026-09-12T19:25:25.715Z,85424781000000,3906715,15265,-44037,-44034,,-18024,-13518,-13518,18024,2,2,-13518,-13518,0,1,1,0,,0,3,3,0,3,4,0,0,5632,,0,2,1,
2026-09-12T19:25:25.908Z,85424984000000,3906820,15266,-44033,-44034,,-14644,-13518,-13518,18024,2,2,-13518,-13518,0,1,1,0,,0,3,3,0,3,4,0,0,5632,,0,2,1,
2026-09-12T19:25:26.011Z,85425078000000,3906967,15268,-44028,-44033,,-14644,-14644,-14644,18024,2,2,-14644,-14644,0,1,1,0,,0,3,3,0,3,4,0,0,3379,,0,2,1,
2026-09-12T19:25:26.115Z,85425187000000,3907116,15269,-44001,-44032,,-14644,-15771,-15771,18024,2,2,-15771,-15771,0,1,1,0,,0,3,3,0,3,4,0,0,2253,,0,2,1,
2026-09-12T19:25:26.218Z,85425296000000,3907220,15270,-44015,-44030,,-14644,-18024,-18024,18024,2,2,-18024,-18024,0,1,1,0,,0,3,3,0,3,4,0,0,4506,,0,2,1,
2026-09-12T19:25:26.323Z,85425390000000,3907324,15271,-44041,-44028,,-14644,-20277,-20277,18024,2,2,-20277,-20277,0,1,1,0,,0,3,3,0,3,4,0,0,6759,,0,2,1,
2026-09-12T19:25:26.427Z,85425500000000,3907427,15272,-44039,-44029,,-14644,-19150,-19150,18024,2,2,-19150,-19150,0,1,1,0,,0,3,3,0,3,4,0,0,6759,,0,2,1,
2026-09-12T19:25:26.531Z,85425609000000,3907532,15273,-44034,-44030,,-14644,-18024,-18024,18024,2,2,-18024,-18024,0,1,1,0,,0,3,3,0,3,4,0,0,6759,,0,2,1,
2026-09-12T19:25:26.634Z,85425703000000,3907652,15275,-44045,-44032,,-14644,-15771,-15771,18024,2,2,-15771,-15771,0,1,1,0,,0,3,3,0,3,4,0,0,5633,,0,2,1,
2026-09-12T19:25:26.736Z,85425812000000,3907753,15276,-44053,-44034,,-14644,-13518,-13518,18024,2,2,-13518,-13518,0,1,1,0,,0,3,3,0,3,4,0,0,6759,,0,2,1,
2026-09-12T19:25:26.927Z,85426000000000,3907853,15277,-44028,-44035,,-13518,-12391,-12391,18024,2,2,-12391,-12391,0,1,1,0,,0,3,3,0,3,4,0,0,7886,,0,2,1,
2026-09-12T19:25:27.031Z,85426109000000,3907953,15278,-44022,-44034,,-13518,-13518,-13518,18024,2,2,-13518,-13518,0,1,1,0,,0,3,3,0,3,4,0,0,7886,,0,2,1,
2026-09-12T19:25:27.134Z,85426203000000,3908153,15280,-44035,-44033,,-13518,-14644,-14644,18024,2,2,-14644,-14644,0,1,1,0,,0,3,3,0,3,4,0,0,5633,,0,2,1,
2026-09-12T19:25:27.238Z,85426312000000,3908253,15281,-44049,-44033,,-13518,-14644,-14644,18024,2,2,-14644,-14644,0,1,1,0,,0,3,3,0,3,4,0,0,4506,,0,2,1,
2026-09-12T19:25:27.340Z,85426406000000,3908353,15282,-44033,-44033,,-13518,-14644,-14644,18024,2,2,-14644,-14644,0,1,1,0,,0,3,3,0,3,4,0,0,3380,,0,2,1,
2026-09-12T19:25:27.444Z,85426515000000,3908454,15283,-44022,-44033,,-13518,-14644,-14644,18024,2,2,-14644,-14644,0,1,1,0,,0,3,3,0,3,4,0,0,2253,,0,2,1,
2026-09-12T19:25:27.547Z,85426625000000,3908554,15284,-44036,-44033,,-13518,-14644,-14644,18024,2,2,-14644,-14644,0,1,1,0,,0,3,3,0,3,4,0,0,2253,,0,2,1,
2026-09-12T19:25:27.651Z,85426718000000,3908654,15285,-44039,-44033,,-13518,-14644,-14644,18024,2,2,-14644,-14644,0,1,1,0,,0,3,3,0,3,4,0,0,1126,,0,2,1,
2026-09-12T19:25:27.756Z,85426828000000,3908756,15286,-44024,-44033,,-13518,-14644,-14644,18024,2,2,-14644,-14644,0,1,1,0,,0,3,3,0,3,4,0,0,0,,0,2,1,
2026-09-12T19:25:27.946Z,85427015000000,3908861,15287,-44028,-44032,,-16897,-15771,-15771,18024,2,2,-15771,-15771,0,1,1,0,,0,3,3,0,3,4,0,0,1127,,0,2,1,
2026-09-12T19:25:28.052Z,85427125000000,3909057,15289,-44026,-44030,,-16897,-18024,-18024,18024,2,2,-18024,-18024,0,1,1,0,,0,3,3,0,3,4,0,0,3380,,0,2,1,
2026-09-12T19:25:28.156Z,85427234000000,3909156,15290,-43999,-44029,,-16897,-19150,-19150,18024,2,2,-19150,-19150,0,1,1,0,,0,3,3,0,3,4,0,0,4506,,0,2,1,
2026-09-12T19:25:28.260Z,85427328000000,3909261,15291,-44016,-44027,,-16897,-21403,-21403,18024,2,2,-21403,-21403,0,1,1,0,,0,3,3,0,3,4,0,0,6759,,0,2,1,
2026-09-12T19:25:28.365Z,85427437000000,3909365,15292,-44025,-44026,,-16897,-22530,-22530,18024,2,2,-22530,-22530,0,1,1,0,,0,3,3,0,3,4,0,0,7886,,0,2,1,
2026-09-12T19:25:28.469Z,85427546000000,3909469,15293,-44027,-44026,,-16897,-22530,-22530,18024,2,2,-22530,-22530,0,1,1,0,,0,3,3,0,3,4,0,0,7886,,0,2,1,
2026-09-12T19:25:28.574Z,85427640000000,3909575,15294,-44032,-44026,,-16897,-22530,-22530,18024,2,2,-22530,-22530,0,1,1,0,,0,3,3,0,3,4,0,0,6759,,0,2,1,
2026-09-12T19:25:28.678Z,85427750000000,3909678,15295,-44037,-44027,,-16897,-21403,-21403,18024,2,2,-21403,-21403,0,1,1,0,,0,3,3,0,3,4,0,0,5633,,0,2,1,
2026-09-12T19:25:28.782Z,85427859000000,3909782,15296,-44045,-44028,,-16897,-20277,-20277,18024,2,2,-20277,-20277,0,1,1,0,,0,3,3,0,3,4,0,0,4506,,0,2,1,
2026-09-12T19:25:28.974Z,85428046000000,3909887,15297,-44028,-44029,,-18024,-19150,-19150,18024,2,2,-19150,-19150,0,1,1,0,,0,3,3,0,3,4,0,0,3380,,0,2,1,
2026-09-12T19:25:29.078Z,85428156000000,3910085,15299,-44036,-44030,,-18024,-18024,-18024,18024,2,2,-18024,-18024,0,1,1,0,,0,3,3,0,3,4,0,0,4506,,0,2,1,
2026-09-12T19:25:29.181Z,85428250000000,3910183,15300,-44030,-44030,,-18024,-18024,-18024,18024,2,2,-18024,-18024,0,1,1,0,,0,3,3,0,3,4,0,0,4506,,0,2,1,
2026-09-12T19:25:29.285Z,85428359000000,3910286,15301,-44028,-44030,,-18024,-18024,-18024,18024,2,2,-18024,-18024,0,1,1,0,,0,3,3,0,3,4,0,0,4506,,0,2,1,
2026-09-12T19:25:29.390Z,85428468000000,3910390,15302,-44027,-44030,,-18024,-18024,-18024,18024,2,2,-18024,-18024,0,1,1,0,,0,3,3,0,3,4,0,0,3379,,0,2,1,
2026-09-12T19:25:29.493Z,85428562000000,3910494,15303,-44039,-44030,,-18024,-18024,-18024,18024,2,2,-18024,-18024,0,1,1,0,,0,3,3,0,3,4,0,0,2253,,0,2,1,
2026-09-12T19:25:29.599Z,85428671000000,3910599,15304,-44047,-44031,,-18024,-16897,-16897,18024,2,2,-16897,-16897,0,1,1,0,,0,3,3,0,3,4,0,0,2253,,0,2,1,
2026-09-12T19:25:29.703Z,85428781000000,3910704,15305,-44032,-44032,,-18024,-15771,-15771,18024,2,2,-15771,-15771,0,1,1,0,,0,3,3,0,3,4,0,0,2253,,0,2,1,
2026-09-12T19:25:29.808Z,85428875000000,3910808,15306,-44020,-44032,,-18024,-15771,-15771,18024,2,2,-15771,-15771,0,1,1,0,,0,3,3,0,3,4,0,0,2253,,0,2,1,
2026-09-12T19:25:30.001Z,85429078000000,3910913,15307,-44026,-44031,,-19150,-16897,-16897,18024,2,2,-16897,-16897,0,1,1,0,,0,3,3,0,3,4,0,0,2253,,0,2,1,
2026-09-12T19:25:30.106Z,85429171000000,3911060,15309,-44038,-44029,,-19150,-19150,-19150,18024,2,2,-19150,-19150,0,1,1,0,,0,3,3,0,3,4,0,0,3379,,0,2,1,
2026-09-12T19:25:30.210Z,85429281000000,3911210,15310,-44027,-44029,,-19150,-19150,-19150,18024,2,2,-19150,-19150,0,1,1,0,,0,3,3,0,3,4,0,0,3379,,0,2,1,
2026-09-12T19:25:30.315Z,85429390000000,3911315,15311,-44022,-44029,,-19150,-19150,-19150,18024,2,2,-19150,-19150,0,1,1,0,,0,3,3,0,3,4,0,0,3379,,0,2,1,
2026-09-12T19:25:30.419Z,85429500000000,3911419,15312,-44003,-44028,,-19150,-20277,-20277,18024,2,2,-20277,-20277,0,1,1,0,,0,3,3,0,3,4,0,0,4506,,0,2,1,
2026-09-12T19:25:30.524Z,85429593000000,3911524,15313,-44022,-44027,,-19150,-21403,-21403,18024,2,2,-21403,-21403,0,1,1,0,,0,3,3,0,3,4,0,0,5632,,0,2,1,
2026-09-12T19:25:30.628Z,85429703000000,3911628,15314,-44038,-44026,,-19150,-22530,-22530,18024,2,2,-22530,-22530,0,1,1,0,,0,3,3,0,3,4,0,0,5633,,0,2,1,
2026-09-12T19:25:30.733Z,85429812000000,3911733,15315,-44039,-44028,,-19150,-20277,-20277,18024,2,2,-20277,-20277,0,1,1,0,,0,3,3,0,3,4,0,0,4506,,0,2,1,
2026-09-12T19:25:30.837Z,85429906000000,3911837,15316,-44025,-44029,,-19150,-19150,-19150,18024,2,2,-19150,-19150,0,1,1,0,,0,3,3,0,3,4,0,0,3380,,0,2,1,
2026-09-12T19:25:31.025Z,85430093000000,3911960,15318,-44038,-44031,,-15771,-16897,-16897,18024,2,2,-16897,-16897,0,1,1,0,,0,3,3,0,3,4,0,0,5633,,0,2,1,
2026-09-12T19:25:31.131Z,85430203000000,3912060,15319,-44036,-44032,,-15771,-15771,-15771,18024,2,2,-15771,-15771,0,1,1,0,,0,3,3,0,3,4,0,0,6759,,0,2,1,
2026-09-12T19:25:31.235Z,85430312000000,3912236,15320,-44026,-44033,,-15771,-14644,-14644,18024,2,2,-14644,-14644,0,1,1,0,,0,3,3,0,3,4,0,0,7886,,0,2,1,
2026-09-12T19:25:31.339Z,85430406000000,3912340,15321,-44031,-44033,,-15771,-14644,-14644,18024,2,2,-14644,-14644,0,1,1,0,,0,3,3,0,3,4,0,0,7886,,0,2,1,
2026-09-12T19:25:31.443Z,85430515000000,3912461,15323,-44037,-44034,,-15771,-13518,-13518,18024,2,2,-13518,-13518,0,1,1,0,,0,3,3,0,3,4,0,0,5632,,0,2,1,
2026-09-12T19:25:31.545Z,85430625000000,3912561,15324,-44035,-44034,,-15771,-13518,-13518,18024,2,2,-13518,-13518,0,1,1,0,,0,3,3,0,3,4,0,0,4506,,0,2,1,
2026-09-12T19:25:31.649Z,85430718000000,3912661,15325,-44029,-44034,,-15771,-13518,-13518,18024,2,2,-13518,-13518,0,1,1,0,,0,3,3,0,3,4,0,0,3379,,0,2,1,
2026-09-12T19:25:31.753Z,85430828000000,3912761,15326,-44010,-44033,,-15771,-14644,-14644,18024,2,2,-14644,-14644,0,1,1,0,,0,3,3,0,3,4,0,0,2253,,0,2,1,
2026-09-12T19:25:31.857Z,85430937000000,3912861,15327,-44020,-44031,,-15771,-16897,-16897,18024,2,2,-16897,-16897,0,1,1,0,,0,3,3,0,3,4,0,0,3379,,0,2,1,
2026-09-12T19:25:32.051Z,85431125000000,3912963,15328,-44032,-44030,,-19150,-18024,-18024,18024,2,2,-18024,-18024,0,1,1,0,,0,3,3,0,3,4,0,0,4506,,0,2,1,
2026-09-12T19:25:32.154Z,85431234000000,3913162,15330,-44011,-44027,,-19150,-21403,-21403,18024,2,2,-21403,-21403,0,1,1,0,,0,3,3,0,3,4,0,0,7885,,0,2,1,
2026-09-12T19:25:32.258Z,85431328000000,3913262,15331,-44024,-44025,,-19150,-23656,-23656,18024,2,2,-23656,-23656,0,1,1,0,,0,3,3,0,3,4,0,0,10138,,0,2,1,
2026-09-12T19:25:32.363Z,85431437000000,3913363,15332,-44031,-44025,,-19150,-23656,-23656,18024,2,2,-23656,-23656,0,1,1,0,,0,3,3,0,3,4,0,0,10138,,0,2,1,
2026-09-12T19:25:32.468Z,85431546000000,3913467,15333,-44033,-44026,,-19150,-22530,-22530,18024,2,2,-22530,-22530,0,1,1,0,,0,3,3,0,3,4,0,0,9012,,0,2,1,
2026-09-12T19:25:32.573Z,85431640000000,3913573,15334,-44031,-44027,,-19150,-21403,-21403,18024,2,2,-21403,-21403,0,1,1,0,,0,3,3,0,3,4,0,0,6759,,0,2,1,
2026-09-12T19:25:32.677Z,85431750000000,3913677,15335,-44026,-44028,,-19150,-20277,-20277,18024,2,2,-20277,-20277,0,1,1,0,,0,3,3,0,3,4,0,0,5632,,0,2,1,
2026-09-12T19:25:32.781Z,85431859000000,3913782,15336,-44010,-44028,,-19150,-20277,-20277,18024,2,2,-20277,-20277,0,1,1,0,,0,3,3,0,3,4,0,0,4506,,0,2,1,
2026-09-12T19:25:32.886Z,85431953000000,3913887,15337,-44022,-44027,,-19150,-21403,-21403,18024,2,2,-21403,-21403,0,1,1,0,,0,3,3,0,3,4,0,0,3379,,0,2,1,
2026-09-12T19:25:33.078Z,85432156000000,3913991,15338,-44029,-44026,,-22530,-22530,-22530,18024,2,2,-22530,-22530,0,1,1,0,,0,3,3,0,3,4,0,0,3379,,0,2,1,
2026-09-12T19:25:33.183Z,85432250000000,3914189,15340,-44033,-44027,,-22530,-21403,-21403,18024,2,2,-21403,-21403,0,1,1,0,,0,3,3,0,3,4,0,0,2253,,0,2,1,
2026-09-12T19:25:33.287Z,85432359000000,3914287,15341,-44033,-44028,,-22530,-20277,-20277,18024,2,2,-20277,-20277,0,1,1,0,,0,3,3,0,3,4,0,0,2253,,0,2,1,
2026-09-12T19:25:33.391Z,85432468000000,3914392,15342,-44038,-44029,,-22530,-19150,-19150,18024,2,2,-19150,-19150,0,1,1,0,,0,3,3,0,3,4,0,0,3380,,0,2,1,
2026-09-12T19:25:33.496Z,85432562000000,3914496,15343,-44040,-44030,,-22530,-18024,-18024,18024,2,2,-18024,-18024,0,1,1,0,,0,3,3,0,3,4,0,0,4506,,0,2,1,
2026-09-12T19:25:33.601Z,85432671000000,3914601,15344,-44021,-44031,,-22530,-16897,-16897,18024,2,2,-16897,-16897,0,1,1,0,,0,3,3,0,3,4,0,0,5633,,0,2,1,
2026-09-12T19:25:33.705Z,85432781000000,3914706,15345,-44020,-44030,,-22530,-18024,-18024,18024,2,2,-18024,-18024,0,1,1,0,,0,3,3,0,3,4,0,0,5633,,0,2,1,
2026-09-12T19:25:33.809Z,85432875000000,3914810,15346,-44040,-44029,,-22530,-19150,-19150,18024,2,2,-19150,-19150,0,1,1,0,,0,3,3,0,3,4,0,0,5633,,0,2,1,
2026-09-12T19:25:33.914Z,85432984000000,3914914,15347,-44039,-44030,,-22530,-18024,-18024,18024,2,2,-18024,-18024,0,1,1,0,,0,3,3,0,3,4,0,0,4506,,0,2,1,
2026-09-12T19:25:34.106Z,85433171000000,3915019,15348,-44028,-44031,,-14644,-16897,-16897,18024,2,2,-16897,-16897,0,1,1,0,,0,3,3,0,3,4,0,0,3380,,0,2,1,
2026-09-12T19:25:34.210Z,85433281000000,3915166,15350,-44037,-44033,,-14644,-14644,-14644,18024,2,2,-14644,-14644,0,1,1,0,,0,3,3,0,3,4,0,0,4506,,0,2,1,
2026-09-12T19:25:34.314Z,85433390000000,3915315,15351,-44031,-44034,,-14644,-13518,-13518,18024,2,2,-13518,-13518,0,1,1,0,,0,3,3,0,3,4,0,0,5632,,0,2,1,
2026-09-12T19:25:34.418Z,85433484000000,3915420,15352,-44039,-44034,,-14644,-13518,-13518,18024,2,2,-13518,-13518,0,1,1,0,,0,3,3,0,3,4,0,0,5632,,0,2,1,
2026-09-12T19:25:34.523Z,85433593000000,3915523,15353,-44049,-44035,,-14644,-12391,-12391,18024,2,2,-12391,-12391,0,1,1,0,,0,3,3,0,3,4,0,0,6759,,0,2,1,
2026-09-12T19:25:34.626Z,85433703000000,3915627,15354,-44039,-44036,,-14644,-11265,-11265,18024,2,2,-11265,-11265,0,1,1,0,,0,3,3,0,3,4,0,0,6759,,0,2,1,
2026-09-12T19:25:34.731Z,85433796000000,3915732,15355,-44029,-44036,,-14644,-11265,-11265,18024,2,2,-11265,-11265,0,1,1,0,,0,3,3,0,3,4,0,0,5632,,0,2,1,
2026-09-12T19:25:34.835Z,85433906000000,3915836,15356,-44029,-44035,,-14644,-12391,-12391,18024,2,2,-12391,-12391,0,1,1,0,,0,3,3,0,3,4,0,0,4506,,0,2,1,
2026-09-12T19:25:34.941Z,85434015000000,3915940,15357,-44031,-44034,,-14644,-13518,-13518,18024,2,2,-13518,-13518,0,1,1,0,,0,3,3,0,3,4,0,0,3379,,0,2,1,
2026-09-12T19:25:35.131Z,85434203000000,3916047,15358,-44038,-44034,,-14644,-13518,-13518,18024,2,2,-13518,-13518,0,1,1,0,,0,3,3,0,3,4,0,0,2253,,0,2,1,
2026-09-12T19:25:35.236Z,85434312000000,3916168,15360,-44013,-44033,,-14644,-14644,-14644,18024,2,2,-14644,-14644,0,1,1,0,,0,3,3,0,3,4,0,0,3379,,0,2,1,
2026-09-12T19:25:35.341Z,85434406000000,3916341,15361,-44025,-44032,,-14644,-15771,-15771,18024,2,2,-15771,-15771,0,1,1,0,,0,3,3,0,3,4,0,0,4506,,0,2,1,
2026-09-12T19:25:35.445Z,85434515000000,3916446,15362,-44040,-44031,,-14644,-16897,-16897,18024,2,2,-16897,-16897,0,1,1,0,,0,3,3,0,3,4,0,0,5632,,0,2,1,
2026-09-12T19:25:35.550Z,85434625000000,3916569,15364,-44039,-44033,,-14644,-14644,-14644,18024,2,2,-14644,-14644,0,1,1,0,,0,3,3,0,3,4,0,0,3379,,0,2,1,
2026-09-12T19:25:35.653Z,85434718000000,3916669,15365,-44039,-44034,,-14644,-13518,-13518,18024,2,2,-13518,-13518,0,1,1,0,,0,3,3,0,3,4,0,0,3379,,0,2,1,
2026-09-12T19:25:35.756Z,85434828000000,3916769,15366,-44020,-44035,,-14644,-12391,-12391,18024,2,2,-12391,-12391,0,1,1,0,,0,3,3,0,3,4,0,0,4506,,0,2,1,
2026-09-12T19:25:35.859Z,85434937000000,3916869,15367,-44028,-44034,,-14644,-13518,-13518,18024,2,2,-13518,-13518,0,1,1,0,,0,3,3,0,3,4,0,0,4506,,0,2,1,
2026-09-12T19:25:35.964Z,85435031000000,3916969,15368,-44013,-44032,,-14644,-15771,-15771,18024,2,2,-15771,-15771,0,1,1,0,,0,3,3,0,3,4,0,0,4506,,0,2,1,
2026-09-12T19:25:36.155Z,85435234000000,3917070,15369,-44007,-44030,,-20277,-18024,-18024,18024,2,2,-18024,-18024,0,1,1,0,,0,3,3,0,3,4,0,0,5633,,0,2,1,
2026-09-12T19:25:36.258Z,85435328000000,3917270,15371,-44024,-44027,,-20277,-21403,-21403,18024,2,2,-21403,-21403,0,1,1,0,,0,3,3,0,3,4,0,0,9012,,0,2,1,
2026-09-12T19:25:36.361Z,85435437000000,3917370,15372,-44018,-44027,,-20277,-21403,-21403,18024,2,2,-21403,-21403,0,1,1,0,,0,3,3,0,3,4,0,0,9012,,0,2,1,
2026-09-12T19:25:36.467Z,85435546000000,3917470,15373,-44045,-44027,,-20277,-21403,-21403,18024,2,2,-21403,-21403,0,1,1,0,,0,3,3,0,3,4,0,0,9012,,0,2,1,
2026-09-12T19:25:36.571Z,85435640000000,3917572,15374,-44049,-44029,,-20277,-19150,-19150,18024,2,2,-19150,-19150,0,1,1,0,,0,3,3,0,3,4,0,0,7885,,0,2,1,
2026-09-12T19:25:36.676Z,85435750000000,3917677,15375,-44016,-44031,,-20277,-16897,-16897,18024,2,2,-16897,-16897,0,1,1,0,,0,3,3,0,3,4,0,0,5632,,0,2,1,
2026-09-12T19:25:36.780Z,85435859000000,3917782,15376,-44033,-44031,,-20277,-16897,-16897,18024,2,2,-16897,-16897,0,1,1,0,,0,3,3,0,3,4,0,0,4506,,0,2,1,
2026-09-12T19:25:36.885Z,85435953000000,3917885,15377,-44025,-44030,,-20277,-18024,-18024,18024,2,2,-18024,-18024,0,1,1,0,,0,3,3,0,3,4,0,0,4506,,0,2,1,
2026-09-12T19:25:36.991Z,85436062000000,3917991,15378,-44018,-44029,,-20277,-19150,-19150,18024,2,2,-19150,-19150,0,1,1,0,,0,3,3,0,3,4,0,0,4506,,0,2,1,
2026-09-12T19:25:37.182Z,85436250000000,3918096,15379,-44035,-44028,,-19150,-20277,-20277,18024,2,2,-20277,-20277,0,1,1,0,,0,3,3,0,3,4,0,0,4506,,0,2,1,
2026-09-12T19:25:37.287Z,85436359000000,3918293,15381,-44048,-44030,,-19150,-18024,-18024,18024,2,2,-18024,-18024,0,1,1,0,,0,3,3,0,3,4,0,0,3380,,0,2,1,
2026-09-12T19:25:37.390Z,85436468000000,3918392,15382,-44028,-44031,,-19150,-16897,-16897,18024,2,2,-16897,-16897,0,1,1,0,,0,3,3,0,3,4,0,0,3380,,0,2,1,
2026-09-12T19:25:37.494Z,85436562000000,3918496,15383,-44018,-44031,,-19150,-16897,-16897,18024,2,2,-16897,-16897,0,1,1,0,,0,3,3,0,3,4,0,0,3380,,0,2,1,
2026-09-12T19:25:37.597Z,85436671000000,3918600,15384,-44002,-44029,,-19150,-19150,-19150,18024,2,2,-19150,-19150,0,1,1,0,,0,3,3,0,3,4,0,0,3380,,0,2,1,
2026-09-12T19:25:37.701Z,85436781000000,3918703,15385,-44018,-44028,,-19150,-20277,-20277,18024,2,2,-20277,-20277,0,1,1,0,,0,3,3,0,3,4,0,0,3380,,0,2,1,
2026-09-12T19:25:37.806Z,85436875000000,3918807,15386,-44006,-44025,,-19150,-23656,-23656,18024,2,2,-23656,-23656,0,1,1,0,,0,3,3,0,3,4,0,0,6759,,0,2,1,
2026-09-12T19:25:37.911Z,85436984000000,3918911,15387,-44003,-44023,,-19150,-25909,-25909,18024,2,2,-25909,-25909,0,1,1,0,,0,3,3,0,3,4,0,0,9012,,0,2,1,
2026-09-12T19:25:38.016Z,85437093000000,3919017,15388,-44010,-44021,,-19150,-28162,-28162,18024,2,2,-28162,-28162,0,1,1,0,,0,3,3,0,3,4,0,0,11265,,0,2,1,
2026-09-12T19:25:38.207Z,85437281000000,3919122,15389,-44028,-44020,,-28162,-29288,-29288,18024,2,2,-29288,-29288,0,1,1,0,,0,3,3,0,3,4,0,0,12391,,0,2,1,
2026-09-12T19:25:38.312Z,85437390000000,3919273,15391,-44028,-44021,,-28162,-28162,-28162,18024,2,2,-28162,-28162,0,1,1,0,,0,3,3,0,3,4,0,0,10138,,0,2,1,
2026-09-12T19:25:38.416Z,85437484000000,3919417,15392,-44033,-44022,,-28162,-27035,-27035,18024,2,2,-27035,-27035,0,1,1,0,,0,3,3,0,3,4,0,0,9011,,0,2,1,
2026-09-12T19:25:38.520Z,85437593000000,3919522,15393,-44009,-44023,,-28162,-25909,-25909,18024,2,2,-25909,-25909,0,1,1,0,,0,3,3,0,3,4,0,0,5632,,0,2,1,
2026-09-12T19:25:38.624Z,85437703000000,3919626,15394,-44026,-44023,,-28162,-25909,-25909,18024,2,2,-25909,-25909,0,1,1,0,,0,3,3,0,3,4,0,0,3379,,0,2,1,
2026-09-12T19:25:38.729Z,85437796000000,3919730,15395,-44035,-44023,,-28162,-25909,-25909,18024,2,2,-25909,-25909,0,1,1,0,,0,3,3,0,3,4,0,0,3379,,0,2,1,
2026-09-12T19:25:38.834Z,85437906000000,3919834,15396,-44020,-44023,,-28162,-25909,-25909,18024,2,2,-25909,-25909,0,1,1,0,,0,3,3,0,3,4,0,0,3379,,0,2,1,
2026-09-12T19:25:38.937Z,85438015000000,3919939,15397,-44029,-44024,,-28162,-24783,-24783,18024,2,2,-24783,-24783,0,1,1,0,,0,3,3,0,3,4,0,0,4505,,0,2,1,
2026-09-12T19:25:39.044Z,85438109000000,3920044,15398,-44031,-44025,,-28162,-23656,-23656,18024,2,2,-23656,-23656,0,1,1,0,,0,3,3,0,3,4,0,0,4506,,0,2,1,
2026-09-12T19:25:39.237Z,85438312000000,3920149,15399,-44024,-44026,,-23656,-22530,-22530,18024,2,2,-22530,-22530,0,1,1,0,,0,3,3,0,3,4,0,0,4505,,0,2,1,
2026-09-12T19:25:39.343Z,85438421000000,3920298,15401,-44015,-44025,,-23656,-23656,-23656,18024,2,2,-23656,-23656,0,1,1,0,,0,3,3,0,3,4,0,0,3379,,0,2,1,
2026-09-12T19:25:39.448Z,85438515000000,3920448,15402,-44031,-44024,,-23656,-24783,-24783,18024,2,2,-24783,-24783,0,1,1,0,,0,3,3,0,3,4,0,0,3379,,0,2,1,
2026-09-12T19:25:39.552Z,85438625000000,3920553,15403,-44026,-44024,,-23656,-24783,-24783,18024,2,2,-24783,-24783,0,1,1,0,,0,3,3,0,3,4,0,0,3379,,0,2,1,
2026-09-12T19:25:39.657Z,85438734000000,3920676,15405,-44022,-44024,,-23656,-24783,-24783,18024,2,2,-24783,-24783,0,1,1,0,,0,3,3,0,3,4,0,0,2253,,0,2,1,
2026-09-12T19:25:39.760Z,85438828000000,3920776,15406,-44033,-44024,,-23656,-24783,-24783,18024,2,2,-24783,-24783,0,1,1,0,,0,3,3,0,3,4,0,0,2253,,0,2,1,
2026-09-12T19:25:39.862Z,85438937000000,3920876,15407,-44031,-44025,,-23656,-23656,-23656,18024,2,2,-23656,-23656,0,1,1,0,,0,3,3,0,3,4,0,0,2253,,0,2,1,
2026-09-12T19:25:39.966Z,85439031000000,3920977,15408,-44039,-44026,,-23656,-22530,-22530,18024,2,2,-22530,-22530,0,1,1,0,,0,3,3,0,3,4,0,0,2253,,0,2,1,
2026-09-12T19:25:40.069Z,85439140000000,3921077,15409,-44017,-44027,,-23656,-21403,-21403,18024,2,2,-21403,-21403,0,1,1,0,,0,3,3,0,3,4,0,0,3380,,0,2,1,
2026-09-12T19:25:40.259Z,85439328000000,3921177,15410,-44025,-44027,,-21403,-21403,-21403,18024,2,2,-21403,-21403,0,1,1,0,,0,3,3,0,3,4,0,0,3380,,0,2,1,
2026-09-12T19:25:40.362Z,85439437000000,3921377,15412,-44035,-44028,,-21403,-20277,-20277,18024,2,2,-20277,-20277,0,1,1,0,,0,3,3,0,3,4,0,0,4506,,0,2,1,
2026-09-12T19:25:40.466Z,85439531000000,3921477,15413,-44020,-44029,,-21403,-19150,-19150,18024,2,2,-19150,-19150,0,1,1,0,,0,3,3,0,3,4,0,0,5633,,0,2,1,
2026-09-12T19:25:40.569Z,85439640000000,3921578,15414,-44027,-44029,,-21403,-19150,-19150,18024,2,2,-19150,-19150,0,1,1,0,,0,3,3,0,3,4,0,0,4506,,0,2,1,
2026-09-12T19:25:40.673Z,85439750000000,3921678,15415,-44026,-44029,,-21403,-19150,-19150,18024,2,2,-19150,-19150,0,1,1,0,,0,3,3,0,3,4,0,0,3380,,0,2,1,
2026-09-12T19:25:40.777Z,85439843000000,3921779,15416,-44019,-44029,,-21403,-19150,-19150,18024,2,2,-19150,-19150,0,1,1,0,,0,3,3,0,3,4,0,0,2253,,0,2,1,
2026-09-12T19:25:40.881Z,85439953000000,3921883,15417,-44013,-44028,,-21403,-20277,-20277,18024,2,2,-20277,-20277,0,1,1,0,,0,3,3,0,3,4,0,0,2253,,0,2,1,
2026-09-12T19:25:40.986Z,85440062000000,3921987,15418,-44026,-44027,,-21403,-21403,-21403,18024,2,2,-21403,-21403,0,1,1,0,,0,3,3,0,3,4,0,0,2253,,0,2,1,
2026-09-12T19:25:41.090Z,85440156000000,3922092,15419,-44022,-44026,,-21403,-22530,-22530,18024,2,2,-22530,-22530,0,1,1,0,,0,3,3,0,3,4,0,0,3380,,0,2,1,
2026-09-12T19:25:41.281Z,85440359000000,3922196,15420,-44014,-44025,,-24783,-23656,-23656,18024,2,2,-23656,-23656,0,1,1,0,,0,3,3,0,3,4,0,0,4506,,0,2,1,
2026-09-12T19:25:41.385Z,85440453000000,3922393,15422,-44027,-44023,,-24783,-25909,-25909,18024,2,2,-25909,-25909,0,1,1,0,,0,3,3,0,3,4,0,0,6759,,0,2,1,
2026-09-12T19:25:41.490Z,85440562000000,3922491,15423,-44021,-44023,,-24783,-25909,-25909,18024,2,2,-25909,-25909,0,1,1,0,,0,3,3,0,3,4,0,0,6759,,0,2,1,
2026-09-12T19:25:41.595Z,85440671000000,3922596,15424,-44026,-44023,,-24783,-25909,-25909,18024,2,2,-25909,-25909,0,1,1,0,,0,3,3,0,3,4,0,0,5632,,0,2,1,
2026-09-12T19:25:41.699Z,85440765000000,3922701,15425,-44037,-44023,,-24783,-25909,-25909,18024,2,2,-25909,-25909,0,1,1,0,,0,3,3,0,3,4,0,0,4506,,0,2,1,
2026-09-12T19:25:41.803Z,85440875000000,3922805,15426,-44019,-44023,,-24783,-25909,-25909,18024,2,2,-25909,-25909,0,1,1,0,,0,3,3,0,3,4,0,0,3379,,0,2,1,
2026-09-12T19:25:41.908Z,85440984000000,3922908,15427,-44010,-44022,,-24783,-27035,-27035,18024,2,2,-27035,-27035,0,1,1,0,,0,3,3,0,3,4,0,0,3379,,0,2,1,
2026-09-12T19:25:42.013Z,85441078000000,3923014,15428,-44022,-44022,,-24783,-27035,-27035,18024,2,2,-27035,-27035,0,1,1,0,,0,3,3,0,3,4,0,0,2252,,0,2,1,
2026-09-12T19:25:42.117Z,85441187000000,3923118,15429,-44034,-44022,,-24783,-27035,-27035,18024,2,2,-27035,-27035,0,1,1,0,,0,3,3,0,3,4,0,0,1126,,0,2,1,
2026-09-12T19:25:42.311Z,85441390000000,3923223,15430,-44038,-44024,,-22530,-24783,-24783,18024,2,2,-24783,-24783,0,1,1,0,,0,3,3,0,3,4,0,0,2252,,0,2,1,
2026-09-12T19:25:42.415Z,85441484000000,3923381,15432,-44031,-44026,,-22530,-22530,-22530,18024,2,2,-22530,-22530,0,1,1,0,,0,3,3,0,3,4,0,0,4505,,0,2,1,
2026-09-12T19:25:42.519Z,85441593000000,3923521,15433,-44026,-44026,,-22530,-22530,-22530,18024,2,2,-22530,-22530,0,1,1,0,,0,3,3,0,3,4,0,0,4505,,0,2,1,
2026-09-12T19:25:42.623Z,85441703000000,3923625,15434,-44031,-44027,,-22530,-21403,-21403,18024,2,2,-21403,-21403,0,1,1,0,,0,3,3,0,3,4,0,0,5632,,0,2,1,
2026-09-12T19:25:42.726Z,85441796000000,3923728,15435,-44025,-44027,,-22530,-21403,-21403,18024,2,2,-21403,-21403,0,1,1,0,,0,3,3,0,3,4,0,0,5632,,0,2,1,
2026-09-12T19:25:42.830Z,85441906000000,3923832,15436,-44023,-44027,,-22530,-21403,-21403,18024,2,2,-21403,-21403,0,1,1,0,,0,3,3,0,3,4,0,0,5632,,0,2,1,
2026-09-12T19:25:42.936Z,85442015000000,3923936,15437,-44031,-44027,,-22530,-21403,-21403,18024,2,2,-21403,-21403,0,1,1,0,,0,3,3,0,3,4,0,0,3380,,0,2,1,
2026-09-12T19:25:43.040Z,85442109000000,3924041,15438,-44033,-44028,,-22530,-20277,-20277,18024,2,2,-20277,-20277,0,1,1,0,,0,3,3,0,3,4,0,0,3379,,0,2,1,
2026-09-12T19:25:43.144Z,85442218000000,3924146,15439,-44017,-44028,,-22530,-20277,-20277,18024,2,2,-20277,-20277,0,1,1,0,,0,3,3,0,3,4,0,0,2253,,0,2,1,
2026-09-12T19:25:43.337Z,85442406000000,3924250,15440,-44017,-44027,,-22530,-21403,-21403,18024,2,2,-21403,-21403,0,1,1,0,,0,3,3,0,3,4,0,0,2253,,0,2,1,
2026-09-12T19:25:43.441Z,85442515000000,3924397,15442,-44026,-44026,,-22530,-22530,-22530,18024,2,2,-22530,-22530,0,1,1,0,,0,3,3,0,3,4,0,0,2253,,0,2,1,
2026-09-12T19:25:43.546Z,85442625000000,3924547,15443,-44025,-44026,,-22530,-22530,-22530,18024,2,2,-22530,-22530,0,1,1,0,,0,3,3,0,3,4,0,0,2253,,0,2,1,
2026-09-12T19:25:43.650Z,85442718000000,3924652,15444,-44031,-44026,,-22530,-22530,-22530,18024,2,2,-22530,-22530,0,1,1,0,,0,3,3,0,3,4,0,0,2253,,0,2,1,
2026-09-12T19:25:43.754Z,85442828000000,3924756,15445,-44026,-44026,,-22530,-22530,-22530,18024,2,2,-22530,-22530,0,1,1,0,,0,3,3,0,3,4,0,0,2253,,0,2,1,
2026-09-12T19:25:43.858Z,85442937000000,3924860,15446,-44031,-44027,,-22530,-21403,-21403,18024,2,2,-21403,-21403,0,1,1,0,,0,3,3,0,3,4,0,0,2253,,0,2,1,
2026-09-12T19:25:43.963Z,85443031000000,3924964,15447,-44030,-44027,,-22530,-21403,-21403,18024,2,2,-21403,-21403,0,1,1,0,,0,3,3,0,3,4,0,0,1127,,0,2,1,
2026-09-12T19:25:44.067Z,85443140000000,3925084,15449,-44032,-44027,,-22530,-21403,-21403,18024,2,2,-21403,-21403,0,1,1,0,,0,3,3,0,3,4,0,0,1127,,0,2,1,
2026-09-12T19:25:44.170Z,85443250000000,3925185,15450,-44034,-44028,,-22530,-20277,-20277,18024,2,2,-20277,-20277,0,1,1,0,,0,3,3,0,3,4,0,0,2253,,0,2,1,
2026-09-12T19:25:44.358Z,85443437000000,3925285,15451,-44032,-44029,,-19150,-19150,-19150,18024,2,2,-19150,-19150,0,1,1,0,,0,3,3,0,3,4,0,0,3380,,0,2,1,
2026-09-12T19:25:44.464Z,85443531000000,3925385,15452,-44030,-44029,,-19150,-19150,-19150,18024,2,2,-19150,-19150,0,1,1,0,,0,3,3,0,3,4,0,0,3380,,0,2,1,
2026-09-12T19:25:44.567Z,85443640000000,3925585,15454,-44023,-44028,,-19150,-20277,-20277,18024,2,2,-20277,-20277,0,1,1,0,,0,3,3,0,3,4,0,0,2253,,0,2,1,
2026-09-12T19:25:44.670Z,85443750000000,3925685,15455,-44030,-44027,,-19150,-21403,-21403,18024,2,2,-21403,-21403,0,1,1,0,,0,3,3,0,3,4,0,0,2253,,0,2,1,
2026-09-12T19:25:44.774Z,85443843000000,3925786,15456,-44015,-44026,,-19150,-22530,-22530,18024,2,2,-22530,-22530,0,1,1,0,,0,3,3,0,3,4,0,0,3380,,0,2,1,
2026-09-12T19:25:44.876Z,85443953000000,3925886,15457,-44046,-44027,,-19150,-21403,-21403,18024,2,2,-21403,-21403,0,1,1,0,,0,3,3,0,3,4,0,0,3380,,0,2,1,
2026-09-12T19:25:44.981Z,85444046000000,3925986,15458,-44035,-44028,,-19150,-20277,-20277,18024,2,2,-20277,-20277,0,1,1,0,,0,3,3,0,3,4,0,0,3380,,0,2,1,
2026-09-12T19:25:45.086Z,85444156000000,3926087,15459,-44019,-44029,,-19150,-19150,-19150,18024,2,2,-19150,-19150,0,1,1,0,,0,3,3,0,3,4,0,0,3380,,0,2,1,
2026-09-12T19:25:45.190Z,85444265000000,3926193,15460,-44024,-44028,,-19150,-20277,-20277,18024,2,2,-20277,-20277,0,1,1,0,,0,3,3,0,3,4,0,0,3380,,0,2,1,
2026-09-12T19:25:45.382Z,85444453000000,3926297,15461,-44016,-44027,,-21403,-21403,-21403,18024,2,2,-21403,-21403,0,1,1,0,,0,3,3,0,3,4,0,0,3380,,0,2,1,
2026-09-12T19:25:45.487Z,85444562000000,3926494,15463,-44036,-44027,,-21403,-21403,-21403,18024,2,2,-21403,-21403,0,1,1,0,,0,3,3,0,3,4,0,0,3380,,0,2,1,
2026-09-12T19:25:45.590Z,85444656000000,3926593,15464,-44022,-44027,,-21403,-21403,-21403,18024,2,2,-21403,-21403,0,1,1,0,,0,3,3,0,3,4,0,0,2253,,0,2,1,
2026-09-12T19:25:45.694Z,85444765000000,3926697,15465,-44029,-44027,,-21403,-21403,-21403,18024,2,2,-21403,-21403,0,1,1,0,,0,3,3,0,3,4,0,0,2253,,0,2,1,
2026-09-12T19:25:45.798Z,85444875000000,3926800,15466,-44023,-44026,,-21403,-22530,-22530,18024,2,2,-22530,-22530,0,1,1,0,,0,3,3,0,3,4,0,0,3380,,0,2,1,
2026-09-12T19:25:45.903Z,85444968000000,3926904,15467,-44033,-44026,,-21403,-22530,-22530,18024,2,2,-22530,-22530,0,1,1,0,,0,3,3,0,3,4,0,0,2253,,0,2,1,
2026-09-12T19:25:46.008Z,85445078000000,3927008,15468,-44037,-44027,,-21403,-21403,-21403,18024,2,2,-21403,-21403,0,1,1,0,,0,3,3,0,3,4,0,0,1127,,0,2,1,
2026-09-12T19:25:46.113Z,85445187000000,3927114,15469,-44028,-44028,,-21403,-20277,-20277,18024,2,2,-20277,-20277,0,1,1,0,,0,3,3,0,3,4,0,0,2253,,0,2,1,
2026-09-12T19:25:46.216Z,85445296000000,3927218,15470,-44043,-44029,,-21403,-19150,-19150,18024,2,2,-19150,-19150,0,1,1,0,,0,3,3,0,3,4,0,0,3380,,0,2,1,
2026-09-12T19:25:46.410Z,85445484000000,3927323,15471,-44040,-44030,,-16897,-18024,-18024,18024,2,2,-18024,-18024,0,1,1,0,,0,3,3,0,3,4,0,0,4506,,0,2,1,
2026-09-12T19:25:46.515Z,85445593000000,3927522,15473,-44027,-44030,,-16897,-18024,-18024,18024,2,2,-18024,-18024,0,1,1,0,,0,3,3,0,3,4,0,0,5633,,0,2,1,
2026-09-12T19:25:46.620Z,85445687000000,3927621,15474,-44030,-44030,,-16897,-18024,-18024,18024,2,2,-18024,-18024,0,1,1,0,,0,3,3,0,3,4,0,0,5633,,0,2,1,
2026-09-12T19:25:46.724Z,85445796000000,3927726,15475,-44034,-44030,,-16897,-18024,-18024,18024,2,2,-18024,-18024,0,1,1,0,,0,3,3,0,3,4,0,0,4506,,0,2,1,
2026-09-12T19:25:46.828Z,85445906000000,3927830,15476,-44038,-44031,,-16897,-16897,-16897,18024,2,2,-16897,-16897,0,1,1,0,,0,3,3,0,3,4,0,0,3380,,0,2,1,
2026-09-12T19:25:46.933Z,85446000000000,3927934,15477,-44040,-44032,,-16897,-15771,-15771,18024,2,2,-15771,-15771,0,1,1,0,,0,3,3,0,3,4,0,0,3379,,0,2,1,
2026-09-12T19:25:47.037Z,85446109000000,3928039,15478,-44027,-44033,,-16897,-14644,-14644,18024,2,2,-14644,-14644,0,1,1,0,,0,3,3,0,3,4,0,0,3380,,0,2,1,
2026-09-12T19:25:47.142Z,85446218000000,3928144,15479,-44029,-44032,,-16897,-15771,-15771,18024,2,2,-15771,-15771,0,1,1,0,,0,3,3,0,3,4,0,0,3380,,0,2,1,
2026-09-12T19:25:47.246Z,85446312000000,3928248,15480,-44019,-44031,,-16897,-16897,-16897,18024,2,2,-16897,-16897,0,1,1,0,,0,3,3,0,3,4,0,0,3380,,0,2,1,
2026-09-12T19:25:47.439Z,85446515000000,3928353,15481,-44021,-44030,,-20277,-18024,-18024,18024,2,2,-18024,-18024,0,1,1,0,,0,3,3,0,3,4,0,0,3380,,0,2,1,
2026-09-12T19:25:47.543Z,85446609000000,3928500,15483,-44024,-44028,,-20277,-20277,-20277,18024,2,2,-20277,-20277,0,1,1,0,,0,3,3,0,3,4,0,0,5633,,0,2,1,
2026-09-12T19:25:47.649Z,85446718000000,3928649,15484,-44033,-44027,,-20277,-21403,-21403,18024,2,2,-21403,-21403,0,1,1,0,,0,3,3,0,3,4,0,0,6759,,0,2,1,
2026-09-12T19:25:47.753Z,85446828000000,3928755,15485,-44028,-44027,,-20277,-21403,-21403,18024,2,2,-21403,-21403,0,1,1,0,,0,3,3,0,3,4,0,0,6759,,0,2,1,
2026-09-12T19:25:47.858Z,85446937000000,3928859,15486,-44034,-44028,,-20277,-20277,-20277,18024,2,2,-20277,-20277,0,1,1,0,,0,3,3,0,3,4,0,0,5632,,0,2,1,
2026-09-12T19:25:47.963Z,85447031000000,3928964,15487,-44021,-44028,,-20277,-20277,-20277,18024,2,2,-20277,-20277,0,1,1,0,,0,3,3,0,3,4,0,0,4506,,0,2,1,
2026-09-12T19:25:48.069Z,85447140000000,3929069,15488,-44037,-44029,,-20277,-19150,-19150,18024,2,2,-19150,-19150,0,1,1,0,,0,3,3,0,3,4,0,0,3379,,0,2,1,
2026-09-12T19:25:48.173Z,85447250000000,3929192,15490,-44046,-44032,,-20277,-15771,-15771,18024,2,2,-15771,-15771,0,1,1,0,,0,3,3,0,3,4,0,0,5632,,0,2,1,
2026-09-12T19:25:48.275Z,85447343000000,3929292,15491,-44046,-44034,,-20277,-13518,-13518,18024,2,2,-13518,-13518,0,1,1,0,,0,3,3,0,3,4,0,0,7885,,0,2,1,
2026-09-12T19:25:48.463Z,85447531000000,3929392,15492,-44037,-44036,,-10138,-11265,-11265,18024,2,2,-11265,-11265,0,1,1,0,,0,3,3,0,3,4,0,0,10138,,0,2,1,
2026-09-12T19:25:48.568Z,85447640000000,3929492,15493,-44052,-44037,,-10138,-10138,-10138,18024,2,2,-10138,-10138,0,1,1,0,,0,3,3,0,3,4,0,0,10139,,0,2,1,
2026-09-12T19:25:48.671Z,85447750000000,3929693,15495,-44034,-44039,,-10138,-7885,-7885,18024,2,2,-7885,-7885,0,1,1,0,,0,3,3,0,3,4,0,0,11265,,0,2,1,
2026-09-12T19:25:48.774Z,85447843000000,3929793,15496,-44027,-44038,,-10138,-9012,-9012,18024,2,2,-9012,-9012,0,1,1,0,,0,3,3,0,3,4,0,0,10139,,0,2,1,
2026-09-12T19:25:48.877Z,85447953000000,3929893,15497,-44011,-44037,,-10138,-10138,-10138,18024,2,2,-10138,-10138,0,1,1,0,,0,3,3,0,3,4,0,0,7886,,0,2,1,
2026-09-12T19:25:48.980Z,85448046000000,3929993,15498,-44012,-44034,,-10138,-13518,-13518,18024,2,2,-13518,-13518,0,1,1,0,,0,3,3,0,3,4,0,0,5633,,0,2,1,
2026-09-12T19:25:49.083Z,85448156000000,3930093,15499,-44024,-44031,,-10138,-16897,-16897,18024,2,2,-16897,-16897,0,1,1,0,,0,3,3,0,3,4,0,0,9012,,0,2,1,
2026-09-12T19:25:49.185Z,85448265000000,3930194,15500,-44015,-44029,,-10138,-19150,-19150,18024,2,2,-19150,-19150,0,1,1,0,,0,3,3,0,3,4,0,0,11265,,0,2,1,
2026-09-12T19:25:49.289Z,85448359000000,3930294,15501,-44012,-44027,,-10138,-21403,-21403,18024,2,2,-21403,-21403,0,1,1,0,,0,3,3,0,3,4,0,0,13518,,0,2,1,
2026-09-12T19:25:49.480Z,85448546000000,3930396,15502,-44016,-44025,,-24783,-23656,-23656,18024,2,2,-23656,-23656,0,1,1,0,,0,3,3,0,3,4,0,0,15771,,0,2,1,
2026-09-12T19:25:49.582Z,85448656000000,3930594,15504,-44035,-44023,,-24783,-25909,-25909,18024,2,2,-25909,-25909,0,1,1,0,,0,3,3,0,3,4,0,0,15771,,0,2,1,
2026-09-12T19:25:49.686Z,85448765000000,3930694,15505,-44046,-44025,,-24783,-23656,-23656,18024,2,2,-23656,-23656,0,1,1,0,,0,3,3,0,3,4,0,0,12391,,0,2,1,
2026-09-12T19:25:49.790Z,85448859000000,3930795,15506,-44034,-44026,,-24783,-22530,-22530,18024,2,2,-22530,-22530,0,1,1,0,,0,3,3,0,3,4,0,0,9012,,0,2,1,
2026-09-12T19:25:49.895Z,85448968000000,3930897,15507,-44034,-44027,,-24783,-21403,-21403,18024,2,2,-21403,-21403,0,1,1,0,,0,3,3,0,3,4,0,0,6759,,0,2,1,
2026-09-12T19:25:49.999Z,85449078000000,3931001,15508,-44036,-44028,,-24783,-20277,-20277,18024,2,2,-20277,-20277,0,1,1,0,,0,3,3,0,3,4,0,0,5632,,0,2,1,
2026-09-12T19:25:50.103Z,85449171000000,3931106,15509,-44024,-44029,,-24783,-19150,-19150,18024,2,2,-19150,-19150,0,1,1,0,,0,3,3,0,3,4,0,0,6759,,0,2,1,
2026-09-12T19:25:50.207Z,85449281000000,3931210,15510,-44028,-44029,,-24783,-19150,-19150,18024,2,2,-19150,-19150,0,1,1,0,,0,3,3,0,3,4,0,0,6759,,0,2,1,
2026-09-12T19:25:50.311Z,85449390000000,3931314,15511,-44026,-44029,,-24783,-19150,-19150,18024,2,2,-19150,-19150,0,1,1,0,,0,3,3,0,3,4,0,0,6759,,0,2,1,
2026-09-12T19:25:50.502Z,85449578000000,3931418,15512,-44019,-44029,,-20277,-19150,-19150,18024,2,2,-19150,-19150,0,1,1,0,,0,3,3,0,3,4,0,0,4506,,0,2,1,
2026-09-12T19:25:50.606Z,85449671000000,3931615,15514,-44027,-44027,,-20277,-21403,-21403,18024,2,2,-21403,-21403,0,1,1,0,,0,3,3,0,3,4,0,0,2253,,0,2,1,
2026-09-12T19:25:50.709Z,85449781000000,3931713,15515,-44042,-44027,,-20277,-21403,-21403,18024,2,2,-21403,-21403,0,1,1,0,,0,3,3,0,3,4,0,0,2253,,0,2,1,
2026-09-12T19:25:50.813Z,85449890000000,3931816,15516,-44029,-44027,,-20277,-21403,-21403,18024,2,2,-21403,-21403,0,1,1,0,,0,3,3,0,3,4,0,0,2253,,0,2,1,
2026-09-12T19:25:50.917Z,85449984000000,3931920,15517,-44025,-44027,,-20277,-21403,-21403,18024,2,2,-21403,-21403,0,1,1,0,,0,3,3,0,3,4,0,0,2253,,0,2,1,
2026-09-12T19:25:51.023Z,85450093000000,3932024,15518,-44024,-44027,,-20277,-21403,-21403,18024,2,2,-21403,-21403,0,1,1,0,,0,3,3,0,3,4,0,0,2253,,0,2,1,
2026-09-12T19:25:51.127Z,85450203000000,3932129,15519,-44019,-44027,,-20277,-21403,-21403,18024,2,2,-21403,-21403,0,1,1,0,,0,3,3,0,3,4,0,0,2253,,0,2,1,
2026-09-12T19:25:51.232Z,85450296000000,3932234,15520,-44031,-44027,,-20277,-21403,-21403,18024,2,2,-21403,-21403,0,1,1,0,,0,3,3,0,3,4,0,0,1126,,0,2,1,
2026-09-12T19:25:51.336Z,85450406000000,3932338,15521,-44041,-44028,,-20277,-20277,-20277,18024,2,2,-20277,-20277,0,1,1,0,,0,3,3,0,3,4,0,0,1126,,0,2,1,
2026-09-12T19:25:51.526Z,85450593000000,3932442,15522,-44029,-44028,,-21403,-20277,-20277,18024,2,2,-20277,-20277,0,1,1,0,,0,3,3,0,3,4,0,0,1126,,0,2,1,
2026-09-12T19:25:51.631Z,85450703000000,3932598,15524,-44006,-44027,,-21403,-21403,-21403,18024,2,2,-21403,-21403,0,1,1,0,,0,3,3,0,3,4,0,0,1126,,0,2,1,
2026-09-12T19:25:51.734Z,85450812000000,3932737,15525,-44015,-44025,,-21403,-23656,-23656,18024,2,2,-23656,-23656,0,1,1,0,,0,3,3,0,3,4,0,0,3379,,0,2,1,
2026-09-12T19:25:51.839Z,85450906000000,3932841,15526,-44018,-44024,,-21403,-24783,-24783,18024,2,2,-24783,-24783,0,1,1,0,,0,3,3,0,3,4,0,0,4506,,0,2,1,
2026-09-12T19:25:51.944Z,85451015000000,3932946,15527,-44017,-44023,,-21403,-25909,-25909,18024,2,2,-25909,-25909,0,1,1,0,,0,3,3,0,3,4,0,0,5632,,0,2,1,
2026-09-12T19:25:52.049Z,85451125000000,3933051,15528,-44005,-44022,,-21403,-27035,-27035,18024,2,2,-27035,-27035,0,1,1,0,,0,3,3,0,3,4,0,0,6758,,0,2,1,
2026-09-12T19:25:52.154Z,85451234000000,3933155,15529,-44004,-44020,,-21403,-29288,-29288,18024,2,2,-29288,-29288,0,1,1,0,,0,3,3,0,3,4,0,0,9011,,0,2,1,
2026-09-12T19:25:52.258Z,85451328000000,3933260,15530,-44016,-44018,,-21403,-31541,-31541,18024,2,2,-31541,-31541,0,1,1,0,,0,3,3,0,3,4,0,0,11264,,0,2,1,
2026-09-12T19:25:52.363Z,85451437000000,3933364,15531,-44031,-44018,,-21403,-31541,-31541,18024,2,2,-31541,-31541,0,1,1,0,,0,3,3,0,3,4,0,0,10138,,0,2,1,
2026-09-12T19:25:52.556Z,85451625000000,3933469,15532,-44036,-44020,,-24783,-29288,-29288,18024,2,2,-29288,-29288,0,1,1,0,,0,3,3,0,3,4,0,0,7885,,0,2,1,
2026-09-12T19:25:52.661Z,85451734000000,3933618,15534,-44034,-44024,,-24783,-24783,-24783,18024,2,2,-24783,-24783,0,1,1,0,,0,3,3,0,3,4,0,0,6758,,0,2,1,
2026-09-12T19:25:52.766Z,85451843000000,3933767,15535,-44031,-44025,,-24783,-23656,-23656,18024,2,2,-23656,-23656,0,1,1,0,,0,3,3,0,3,4,0,0,7885,,0,2,1,
2026-09-12T19:25:52.869Z,85451937000000,3933872,15536,-44014,-44026,,-24783,-22530,-22530,18024,2,2,-22530,-22530,0,1,1,0,,0,3,3,0,3,4,0,0,9011,,0,2,1,
2026-09-12T19:25:52.974Z,85452046000000,3933976,15537,-44033,-44027,,-24783,-21403,-21403,18024,2,2,-21403,-21403,0,1,1,0,,0,3,3,0,3,4,0,0,10138,,0,2,1,
2026-09-12T19:25:53.078Z,85452156000000,3934081,15538,-44040,-44028,,-24783,-20277,-20277,18024,2,2,-20277,-20277,0,1,1,0,,0,3,3,0,3,4,0,0,11264,,0,2,1,
2026-09-12T19:25:53.182Z,85452250000000,3934201,15540,-44012,-44028,,-24783,-20277,-20277,18024,2,2,-20277,-20277,0,1,1,0,,0,3,3,0,3,4,0,0,7885,,0,2,1,
2026-09-12T19:25:53.285Z,85452359000000,3934301,15541,-44030,-44028,,-24783,-20277,-20277,18024,2,2,-20277,-20277,0,1,1,0,,0,3,3,0,3,4,0,0,5633,,0,2,1,
2026-09-12T19:25:53.388Z,85452468000000,3934401,15542,-44034,-44028,,-24783,-20277,-20277,18024,2,2,-20277,-20277,0,1,1,0,,0,3,3,0,3,4,0,0,4506,,0,2,1,
2026-09-12T19:25:53.577Z,85452656000000,3934501,15543,-44032,-44029,,-19150,-19150,-19150,18024,2,2,-19150,-19150,0,1,1,0,,0,3,3,0,3,4,0,0,3380,,0,2,1,
2026-09-12T19:25:53.681Z,85452750000000,3934702,15545,-44036,-44029,,-19150,-19150,-19150,18024,2,2,-19150,-19150,0,1,1,0,,0,3,3,0,3,4,0,0,1127,,0,2,1,
2026-09-12T19:25:53.784Z,85452859000000,3934802,15546,-44050,-44030,,-19150,-18024,-18024,18024,2,2,-18024,-18024,0,1,1,0,,0,3,3,0,3,4,0,0,2253,,0,2,1,
2026-09-12T19:25:53.887Z,85452953000000,3934902,15547,-44035,-44031,,-19150,-16897,-16897,18024,2,2,-16897,-16897,0,1,1,0,,0,3,3,0,3,4,0,0,3380,,0,2,1,
2026-09-12T19:25:53.989Z,85453062000000,3935002,15548,-44045,-44033,,-19150,-14644,-14644,18024,2,2,-14644,-14644,0,1,1,0,,0,3,3,0,3,4,0,0,5633,,0,2,1,
2026-09-12T19:25:54.092Z,85453171000000,3935102,15549,-44040,-44034,,-19150,-13518,-13518,18024,2,2,-13518,-13518,0,1,1,0,,0,3,3,0,3,4,0,0,6759,,0,2,1,
2026-09-12T19:25:54.197Z,85453265000000,3935202,15550,-44037,-44035,,-19150,-12391,-12391,18024,2,2,-12391,-12391,0,1,1,0,,0,3,3,0,3,4,0,0,6759,,0,2,1,
2026-09-12T19:25:54.302Z,85453375000000,3935304,15551,-44030,-44035,,-19150,-12391,-12391,18024,2,2,-12391,-12391,0,1,1,0,,0,3,3,0,3,4,0,0,6759,,0,2,1,
2026-09-12T19:25:54.406Z,85453484000000,3935408,15552,-44033,-44035,,-19150,-12391,-12391,18024,2,2,-12391,-12391,0,1,1,0,,0,3,3,0,3,4,0,0,6759,,0,2,1,
2026-09-12T19:25:54.598Z,85453671000000,3935513,15553,-44020,-44034,,-15771,-13518,-13518,18024,2,2,-13518,-13518,0,1,1,0,,0,3,3,0,3,4,0,0,5633,,0,2,1,
2026-09-12T19:25:54.702Z,85453781000000,3935711,15555,-44007,-44029,,-15771,-19150,-19150,18024,2,2,-19150,-19150,0,1,1,0,,0,3,3,0,3,4,0,0,6759,,0,2,1,
2026-09-12T19:25:54.806Z,85453875000000,3935810,15556,-44018,-44027,,-15771,-21403,-21403,18024,2,2,-21403,-21403,0,1,1,0,,0,3,3,0,3,4,0,0,9012,,0,2,1,
2026-09-12T19:25:54.911Z,85453984000000,3935913,15557,-44023,-44026,,-15771,-22530,-22530,18024,2,2,-22530,-22530,0,1,1,0,,0,3,3,0,3,4,0,0,10139,,0,2,1,
2026-09-12T19:25:55.015Z,85454093000000,3936017,15558,-44029,-44026,,-15771,-22530,-22530,18024,2,2,-22530,-22530,0,1,1,0,,0,3,3,0,3,4,0,0,10139,,0,2,1,
2026-09-12T19:25:55.119Z,85454187000000,3936122,15559,-44028,-44026,,-15771,-22530,-22530,18024,2,2,-22530,-22530,0,1,1,0,,0,3,3,0,3,4,0,0,10139,,0,2,1,
2026-09-12T19:25:55.223Z,85454296000000,3936226,15560,-44032,-44026,,-15771,-22530,-22530,18024,2,2,-22530,-22530,0,1,1,0,,0,3,3,0,3,4,0,0,9012,,0,2,1,
2026-09-12T19:25:55.328Z,85454406000000,3936330,15561,-44017,-44026,,-15771,-22530,-22530,18024,2,2,-22530,-22530,0,1,1,0,,0,3,3,0,3,4,0,0,6759,,0,2,1,
2026-09-12T19:25:55.433Z,85454500000000,3936434,15562,-44025,-44026,,-15771,-22530,-22530,18024,2,2,-22530,-22530,0,1,1,0,,0,3,3,0,3,4,0,0,3380,,0,2,1,
2026-09-12T19:25:55.623Z,85454703000000,3936540,15563,-44042,-44026,,-22530,-22530,-22530,18024,2,2,-22530,-22530,0,1,1,0,,0,3,3,0,3,4,0,0,1127,,0,2,1,
2026-09-12T19:25:55.727Z,85454796000000,3936736,15565,-44019,-44026,,-22530,-22530,-22530,18024,2,2,-22530,-22530,0,1,1,0,,0,3,3,0,3,4,0,0,0,,0,2,1,
2026-09-12T19:25:55.831Z,85454906000000,3936834,15566,-44025,-44026,,-22530,-22530,-22530,18024,2,2,-22530,-22530,0,1,1,0,,0,3,3,0,3,4,0,0,0,,0,2,1,
2026-09-12T19:25:55.935Z,85455015000000,3936938,15567,-44021,-44025,,-22530,-23656,-23656,18024,2,2,-23656,-23656,0,1,1,0,,0,3,3,0,3,4,0,0,1126,,0,2,1,
2026-09-12T19:25:56.039Z,85455109000000,3937043,15568,-44033,-44025,,-22530,-23656,-23656,18024,2,2,-23656,-23656,0,1,1,0,,0,3,3,0,3,4,0,0,1126,,0,2,1,
2026-09-12T19:25:56.143Z,85455218000000,3937146,15569,-44018,-44024,,-22530,-24783,-24783,18024,2,2,-24783,-24783,0,1,1,0,,0,3,3,0,3,4,0,0,2253,,0,2,1,
2026-09-12T19:25:56.248Z,85455328000000,3937251,15570,-44027,-44024,,-22530,-24783,-24783,18024,2,2,-24783,-24783,0,1,1,0,,0,3,3,0,3,4,0,0,2253,,0,2,1,
2026-09-12T19:25:56.352Z,85455421000000,3937355,15571,-44038,-44024,,-22530,-24783,-24783,18024,2,2,-24783,-24783,0,1,1,0,,0,3,3,0,3,4,0,0,2253,,0,2,1,
2026-09-12T19:25:56.458Z,85455531000000,3937460,15572,-44023,-44024,,-22530,-24783,-24783,18024,2,2,-24783,-24783,0,1,1,0,,0,3,3,0,3,4,0,0,2253,,0,2,1,
2026-09-12T19:25:56.650Z,85455718000000,3937565,15573,-44021,-44024,,-22530,-24783,-24783,18024,2,2,-24783,-24783,0,1,1,0,,0,3,3,0,3,4,0,0,2253,,0,2,1,
2026-09-12T19:25:56.755Z,85455828000000,3937713,15575,-44037,-44026,,-22530,-22530,-22530,18024,2,2,-22530,-22530,0,1,1,0,,0,3,3,0,3,4,0,0,2253,,0,2,1,
2026-09-12T19:25:56.859Z,85455937000000,3937862,15576,-44016,-44027,,-22530,-21403,-21403,18024,2,2,-21403,-21403,0,1,1,0,,0,3,3,0,3,4,0,0,3380,,0,2,1,
2026-09-12T19:25:56.964Z,85456031000000,3937966,15577,-44019,-44026,,-22530,-22530,-22530,18024,2,2,-22530,-22530,0,1,1,0,,0,3,3,0,3,4,0,0,3380,,0,2,1,
2026-09-12T19:25:57.069Z,85456140000000,3938071,15578,-44035,-44025,,-22530,-23656,-23656,18024,2,2,-23656,-23656,0,1,1,0,,0,3,3,0,3,4,0,0,3380,,0,2,1,
2026-09-12T19:25:57.173Z,85456250000000,3938176,15579,-44025,-44025,,-22530,-23656,-23656,18024,2,2,-23656,-23656,0,1,1,0,,0,3,3,0,3,4,0,0,3380,,0,2,1,
2026-09-12T19:25:57.277Z,85456343000000,3938281,15580,-44021,-44025,,-22530,-23656,-23656,18024,2,2,-23656,-23656,0,1,1,0,,0,3,3,0,3,4,0,0,3380,,0,2,1,
2026-09-12T19:25:57.382Z,85456453000000,3938384,15581,-44025,-44025,,-22530,-23656,-23656,18024,2,2,-23656,-23656,0,1,1,0,,0,3,3,0,3,4,0,0,3380,,0,2,1,
2026-09-12T19:25:57.485Z,85456562000000,3938489,15582,-44025,-44025,,-22530,-23656,-23656,18024,2,2,-23656,-23656,0,1,1,0,,0,3,3,0,3,4,0,0,2253,,0,2,1,
2026-09-12T19:25:57.675Z,85456750000000,3938610,15584,-44020,-44024,,-25909,-24783,-24783,18024,2,2,-24783,-24783,0,1,1,0,,0,3,3,0,3,4,0,0,2253,,0,2,1,
2026-09-12T19:25:57.781Z,85456859000000,3938709,15585,-44041,-44023,,-25909,-25909,-25909,18024,2,2,-25909,-25909,0,1,1,0,,0,3,3,0,3,4,0,0,2253,,0,2,1,
2026-09-12T19:25:57.885Z,85456953000000,3938887,15586,-44041,-44025,,-25909,-23656,-23656,18024,2,2,-23656,-23656,0,1,1,0,,0,3,3,0,3,4,0,0,2253,,0,2,1,
2026-09-12T19:25:57.988Z,85457062000000,3939010,15588,-44028,-44027,,-25909,-21403,-21403,18024,2,2,-21403,-21403,0,1,1,0,,0,3,3,0,3,4,0,0,4506,,0,2,1,
2026-09-12T19:25:58.091Z,85457156000000,3939110,15589,-44033,-44027,,-25909,-21403,-21403,18024,2,2,-21403,-21403,0,1,1,0,,0,3,3,0,3,4,0,0,4506,,0,2,1,
2026-09-12T19:25:58.193Z,85457265000000,3939210,15590,-44026,-44027,,-25909,-21403,-21403,18024,2,2,-21403,-21403,0,1,1,0,,0,3,3,0,3,4,0,0,4506,,0,2,1,
2026-09-12T19:25:58.298Z,85457375000000,3939310,15591,-44017,-44027,,-25909,-21403,-21403,18024,2,2,-21403,-21403,0,1,1,0,,0,3,3,0,3,4,0,0,4506,,0,2,1,
2026-09-12T19:25:58.401Z,85457468000000,3939410,15592,-44024,-44027,,-25909,-21403,-21403,18024,2,2,-21403,-21403,0,1,1,0,,0,3,3,0,3,4,0,0,4506,,0,2,1,
2026-09-12T19:25:58.504Z,85457578000000,3939511,15593,-44012,-44026,,-25909,-22530,-22530,18024,2,2,-22530,-22530,0,1,1,0,,0,3,3,0,3,4,0,0,2253,,0,2,1,
2026-09-12T19:25:58.695Z,85457765000000,3939612,15594,-44015,-44025,,-24783,-23656,-23656,18024,2,2,-23656,-23656,0,1,1,0,,0,3,3,0,3,4,0,0,2253,,0,2,1,
2026-09-12T19:25:58.798Z,85457875000000,3939811,15596,-44011,-44023,,-24783,-25909,-25909,18024,2,2,-25909,-25909,0,1,1,0,,0,3,3,0,3,4,0,0,4506,,0,2,1,
2026-09-12T19:25:58.902Z,85457968000000,3939911,15597,-43998,-44021,,-24783,-28162,-28162,18024,2,2,-28162,-28162,0,1,1,0,,0,3,3,0,3,4,0,0,6759,,0,2,1,
2026-09-12T19:25:59.006Z,85458078000000,3940011,15598,-43995,-44018,,-24783,-31541,-31541,18024,2,2,-31541,-31541,0,1,1,0,,0,3,3,0,3,4,0,0,10138,,0,2,1,
2026-09-12T19:25:59.110Z,85458187000000,3940113,15599,-44015,-44015,,-24783,-34921,-34921,18024,2,2,-34921,-34921,0,1,1,0,,0,3,3,0,3,4,0,0,13518,,0,2,1,
2026-09-12T19:25:59.214Z,85458281000000,3940218,15600,-44017,-44015,,-24783,-34921,-34921,18024,2,2,-34921,-34921,0,1,1,0,,0,3,3,0,3,4,0,0,12391,,0,2,1,
2026-09-12T19:25:59.319Z,85458390000000,3940321,15601,-44035,-44015,,-24783,-34921,-34921,18024,2,2,-34921,-34921,0,1,1,0,,0,3,3,0,3,4,0,0,11265,,0,2,1,
2026-09-12T19:25:59.424Z,85458500000000,3940426,15602,-44024,-44016,,-24783,-33794,-33794,18024,2,2,-33794,-33794,0,1,1,0,,0,3,3,0,3,4,0,0,10138,,0,2,1,
2026-09-12T19:25:59.529Z,85458609000000,3940531,15603,-44032,-44018,,-24783,-31541,-31541,18024,2,2,-31541,-31541,0,1,1,0,,0,3,3,0,3,4,0,0,9012,,0,2,1,
2026-09-12T19:25:59.720Z,85458796000000,3940636,15604,-44029,-44019,,-29288,-30415,-30415,18024,2,2,-30415,-30415,0,1,1,0,,0,3,3,0,3,4,0,0,6759,,0,2,1,
2026-09-12T19:25:59.824Z,85458890000000,3940833,15606,-44035,-44021,,-29288,-28162,-28162,18024,2,2,-28162,-28162,0,1,1,0,,0,3,3,0,3,4,0,0,6759,,0,2,1,
2026-09-12T19:25:59.930Z,85459000000000,3940931,15607,-44026,-44022,,-29288,-27035,-27035,18024,2,2,-27035,-27035,0,1,1,0,,0,3,3,0,3,4,0,0,7886,,0,2,1,
2026-09-12T19:26:00.033Z,85459109000000,3941037,15608,-44016,-44023,,-29288,-25909,-25909,18024,2,2,-25909,-25909,0,1,1,0,,0,3,3,0,3,4,0,0,9012,,0,2,1,
2026-09-12T19:26:00.138Z,85459218000000,3941141,15609,-44031,-44023,,-29288,-25909,-25909,18024,2,2,-25909,-25909,0,1,1,0,,0,3,3,0,3,4,0,0,7885,,0,2,1,
2026-09-12T19:26:00.242Z,85459312000000,3941246,15610,-44028,-44024,,-29288,-24783,-24783,18024,2,2,-24783,-24783,0,1,1,0,,0,3,3,0,3,4,0,0,6758,,0,2,1,
2026-09-12T19:26:00.347Z,85459421000000,3941349,15611,-44015,-44025,,-29288,-23656,-23656,18024,2,2,-23656,-23656,0,1,1,0,,0,3,3,0,3,4,0,0,6759,,0,2,1,
2026-09-12T19:26:00.452Z,85459531000000,3941454,15612,-44012,-44024,,-29288,-24783,-24783,18024,2,2,-24783,-24783,0,1,1,0,,0,3,3,0,3,4,0,0,5632,,0,2,1,
2026-09-12T19:26:00.558Z,85459625000000,3941559,15613,-44014,-44023,,-29288,-25909,-25909,18024,2,2,-25909,-25909,0,1,1,0,,0,3,3,0,3,4,0,0,4506,,0,2,1,
2026-09-12T19:26:00.747Z,85459828000000,3941665,15614,-44029,-44022,,-29288,-27035,-27035,18024,2,2,-27035,-27035,0,1,1,0,,0,3,3,0,3,4,0,0,3379,,0,2,1,
2026-09-12T19:26:00.851Z,85459921000000,3941815,15616,-44017,-44020,,-29288,-29288,-29288,18024,2,2,-29288,-29288,0,1,1,0,,0,3,3,0,3,4,0,0,5632,,0,2,1,
2026-09-12T19:26:00.956Z,85460031000000,3941959,15617,-44019,-44020,,-29288,-29288,-29288,18024,2,2,-29288,-29288,0,1,1,0,,0,3,3,0,3,4,0,0,5632,,0,2,1,
2026-09-12T19:26:01.061Z,85460140000000,3942064,15618,-44025,-44020,,-29288,-29288,-29288,18024,2,2,-29288,-29288,0,1,1,0,,0,3,3,0,3,4,0,0,5632,,0,2,1,
2026-09-12T19:26:01.165Z,85460234000000,3942168,15619,-44035,-44021,,-29288,-28162,-28162,18024,2,2,-28162,-28162,0,1,1,0,,0,3,3,0,3,4,0,0,4505,,0,2,1,
2026-09-12T19:26:01.269Z,85460343000000,3942272,15620,-44016,-44022,,-29288,-27035,-27035,18024,2,2,-27035,-27035,0,1,1,0,,0,3,3,0,3,4,0,0,3379,,0,2,1,
2026-09-12T19:26:01.374Z,85460453000000,3942377,15621,-44007,-44021,,-29288,-28162,-28162,18024,2,2,-28162,-28162,0,1,1,0,,0,3,3,0,3,4,0,0,2253,,0,2,1,
2026-09-12T19:26:01.479Z,85460546000000,3942482,15622,-44031,-44020,,-29288,-29288,-29288,18024,2,2,-29288,-29288,0,1,1,0,,0,3,3,0,3,4,0,0,2253,,0,2,1,
2026-09-12T19:26:01.583Z,85460656000000,3942586,15623,-44036,-44021,,-29288,-28162,-28162,18024,2,2,-28162,-28162,0,1,1,0,,0,3,3,0,3,4,0,0,2253,,0,2,1,
2026-09-12T19:26:01.776Z,85460843000000,3942691,15624,-44025,-44022,,-27035,-27035,-27035,18024,2,2,-27035,-27035,0,1,1,0,,0,3,3,0,3,4,0,0,2253,,0,2,1,
2026-09-12T19:26:01.879Z,85460953000000,3942837,15626,-44034,-44022,,-27035,-27035,-27035,18024,2,2,-27035,-27035,0,1,1,0,,0,3,3,0,3,4,0,0,2253,,0,2,1,
2026-09-12T19:26:01.984Z,85461062000000,3942987,15627,-44038,-44024,,-27035,-24783,-24783,18024,2,2,-24783,-24783,0,1,1,0,,0,3,3,0,3,4,0,0,4505,,0,2,1,
2026-09-12T19:26:02.088Z,85461156000000,3943091,15628,-44017,-44025,,-27035,-23656,-23656,18024,2,2,-23656,-23656,0,1,1,0,,0,3,3,0,3,4,0,0,5632,,0,2,1,
2026-09-12T19:26:02.192Z,85461265000000,3943195,15629,-44019,-44024,,-27035,-24783,-24783,18024,2,2,-24783,-24783,0,1,1,0,,0,3,3,0,3,4,0,0,5632,,0,2,1,
2026-09-12T19:26:02.296Z,85461375000000,3943318,15631,-44017,-44022,,-27035,-27035,-27035,18024,2,2,-27035,-27035,0,1,1,0,,0,3,3,0,3,4,0,0,3379,,0,2,1,
2026-09-12T19:26:02.398Z,85461468000000,3943418,15632,-44017,-44021,,-27035,-28162,-28162,18024,2,2,-28162,-28162,0,1,1,0,,0,3,3,0,3,4,0,0,4506,,0,2,1,
2026-09-12T19:26:02.502Z,85461578000000,3943518,15633,-44018,-44020,,-27035,-29288,-29288,18024,2,2,-29288,-29288,0,1,1,0,,0,3,3,0,3,4,0,0,5632,,0,2,1,
2026-09-12T19:26:02.607Z,85461687000000,3943618,15634,-44022,-44020,,-27035,-29288,-29288,18024,2,2,-29288,-29288,0,1,1,0,,0,3,3,0,3,4,0,0,5632,,0,2,1,
2026-09-12T19:26:02.797Z,85461875000000,3943718,15635,-44009,-44020,,-29288,-29288,-29288,18024,2,2,-29288,-29288,0,1,1,0,,0,3,3,0,3,4,0,0,5632,,0,2,1,
2026-09-12T19:26:02.901Z,85461968000000,3943919,15637,-44007,-44019,,-29288,-30415,-30415,18024,2,2,-30415,-30415,0,1,1,0,,0,3,3,0,3,4,0,0,4506,,0,2,1,
2026-09-12T19:26:03.005Z,85462078000000,3944019,15638,-44001,-44017,,-29288,-32668,-32668,18024,2,2,-32668,-32668,0,1,1,0,,0,3,3,0,3,4,0,0,5633,,0,2,1,
2026-09-12T19:26:03.108Z,85462187000000,3944119,15639,-44003,-44015,,-29288,-34921,-34921,18024,2,2,-34921,-34921,0,1,1,0,,0,3,3,0,3,4,0,0,6759,,0,2,1,
2026-09-12T19:26:03.212Z,85462281000000,3944219,15640,-44011,-44013,,-29288,-37174,-37174,18024,2,2,-37174,-37174,0,1,1,0,,0,3,3,0,3,4,0,0,7886,,0,2,1,
2026-09-12T19:26:03.316Z,85462390000000,3944320,15641,-44010,-44013,,-29288,-37174,-37174,18024,2,2,-37174,-37174,0,1,1,0,,0,3,3,0,3,4,0,0,7886,,0,2,1,
2026-09-12T19:26:03.422Z,85462500000000,3944424,15642,-44019,-44013,,-29288,-37174,-37174,18024,2,2,-37174,-37174,0,1,1,0,,0,3,3,0,3,4,0,0,7886,,0,2,1,
2026-09-12T19:26:03.525Z,85462593000000,3944529,15643,-44014,-44013,,-29288,-37174,-37174,18024,2,2,-37174,-37174,0,1,1,0,,0,3,3,0,3,4,0,0,7886,,0,2,1,
2026-09-12T19:26:03.630Z,85462703000000,3944633,15644,-44019,-44014,,-29288,-36047,-36047,18024,2,2,-36047,-36047,0,1,1,0,,0,3,3,0,3,4,0,0,6759,,0,2,1,
2026-09-12T19:26:03.822Z,85462890000000,3944737,15645,-44011,-44014,,-36047,-36047,-36047,18024,2,2,-36047,-36047,0,1,1,0,,0,3,3,0,3,4,0,0,4506,,0,2,1,
2026-09-12T19:26:03.927Z,85463000000000,3944935,15647,-44008,-44013,,-36047,-37174,-37174,18024,2,2,-37174,-37174,0,1,1,0,,0,3,3,0,3,4,0,0,1127,,0,2,1,
2026-09-12T19:26:04.031Z,85463109000000,3945035,15648,-44024,-44012,,-36047,-38300,-38300,18024,2,2,-38300,-38300,0,1,1,0,,0,3,3,0,3,4,0,0,2253,,0,2,1,
2026-09-12T19:26:04.135Z,85463203000000,3945139,15649,-44029,-44014,,-36047,-36047,-36047,18024,2,2,-36047,-36047,0,1,1,0,,0,3,3,0,3,4,0,0,2253,,0,2,1,
2026-09-12T19:26:04.241Z,85463312000000,3945243,15650,-44023,-44015,,-36047,-34921,-34921,18024,2,2,-34921,-34921,0,1,1,0,,0,3,3,0,3,4,0,0,3379,,0,2,1,
2026-09-12T19:26:04.346Z,85463421000000,3945347,15651,-44028,-44017,,-36047,-32668,-32668,18024,2,2,-32668,-32668,0,1,1,0,,0,3,3,0,3,4,0,0,5632,,0,2,1,
2026-09-12T19:26:04.450Z,85463515000000,3945453,15652,-44021,-44018,,-36047,-31541,-31541,18024,2,2,-31541,-31541,0,1,1,0,,0,3,3,0,3,4,0,0,6759,,0,2,1,
2026-09-12T19:26:04.554Z,85463625000000,3945558,15653,-44016,-44018,,-36047,-31541,-31541,18024,2,2,-31541,-31541,0,1,1,0,,0,3,3,0,3,4,0,0,6759,,0,2,1,
2026-09-12T19:26:04.658Z,85463734000000,3945662,15654,-44027,-44018,,-36047,-31541,-31541,18024,2,2,-31541,-31541,0,1,1,0,,0,3,3,0,3,4,0,0,6759,,0,2,1,
2026-09-12T19:26:04.848Z,85463921000000,3945765,15655,-44017,-44018,,-31541,-31541,-31541,18024,2,2,-31541,-31541,0,1,1,0,,0,3,3,0,3,4,0,0,6759,,0,2,1,
2026-09-12T19:26:04.953Z,85464031000000,3945962,15657,-44023,-44018,,-31541,-31541,-31541,18024,2,2,-31541,-31541,0,1,1,0,,0,3,3,0,3,4,0,0,3380,,0,2,1,
2026-09-12T19:26:05.057Z,85464125000000,3946061,15658,-44042,-44019,,-31541,-30415,-30415,18024,2,2,-30415,-30415,0,1,1,0,,0,3,3,0,3,4,0,0,2253,,0,2,1,
2026-09-12T19:26:05.162Z,85464234000000,3946165,15659,-44018,-44020,,-31541,-29288,-29288,18024,2,2,-29288,-29288,0,1,1,0,,0,3,3,0,3,4,0,0,2253,,0,2,1,
2026-09-12T19:26:05.266Z,85464343000000,3946269,15660,-44019,-44020,,-31541,-29288,-29288,18024,2,2,-29288,-29288,0,1,1,0,,0,3,3,0,3,4,0,0,2253,,0,2,1,
2026-09-12T19:26:05.370Z,85464437000000,3946373,15661,-44031,-44020,,-31541,-29288,-29288,18024,2,2,-29288,-29288,0,1,1,0,,0,3,3,0,3,4,0,0,2253,,0,2,1,
2026-09-12T19:26:05.475Z,85464546000000,3946478,15662,-44027,-44021,,-31541,-28162,-28162,18024,2,2,-28162,-28162,0,1,1,0,,0,3,3,0,3,4,0,0,3379,,0,2,1,
2026-09-12T19:26:05.580Z,85464656000000,3946583,15663,-44020,-44022,,-31541,-27035,-27035,18024,2,2,-27035,-27035,0,1,1,0,,0,3,3,0,3,4,0,0,4506,,0,2,1,
2026-09-12T19:26:05.683Z,85464750000000,3946687,15664,-44022,-44022,,-31541,-27035,-27035,18024,2,2,-27035,-27035,0,1,1,0,,0,3,3,0,3,4,0,0,4506,,0,2,1,
2026-09-12T19:26:05.875Z,85464953000000,3946791,15665,-44015,-44022,,-27035,-27035,-27035,18024,2,2,-27035,-27035,0,1,1,0,,0,3,3,0,3,4,0,0,3380,,0,2,1,
2026-09-12T19:26:05.980Z,85465046000000,3946938,15667,-44033,-44022,,-27035,-27035,-27035,18024,2,2,-27035,-27035,0,1,1,0,,0,3,3,0,3,4,0,0,2253,,0,2,1,
2026-09-12T19:26:06.084Z,85465156000000,3947087,15668,-44011,-44022,,-27035,-27035,-27035,18024,2,2,-27035,-27035,0,1,1,0,,0,3,3,0,3,4,0,0,2253,,0,2,1,
2026-09-12T19:26:06.188Z,85465265000000,3947192,15669,-44028,-44023,,-27035,-25909,-25909,18024,2,2,-25909,-25909,0,1,1,0,,0,3,3,0,3,4,0,0,2253,,0,2,1,
2026-09-12T19:26:06.293Z,85465359000000,3947296,15670,-44034,-44024,,-27035,-24783,-24783,18024,2,2,-24783,-24783,0,1,1,0,,0,3,3,0,3,4,0,0,2252,,0,2,1,
2026-09-12T19:26:06.396Z,85465468000000,3947400,15671,-44027,-44025,,-27035,-23656,-23656,18024,2,2,-23656,-23656,0,1,1,0,,0,3,3,0,3,4,0,0,3379,,0,2,1,
2026-09-12T19:26:06.502Z,85465578000000,3947504,15672,-44044,-44026,,-27035,-22530,-22530,18024,2,2,-22530,-22530,0,1,1,0,,0,3,3,0,3,4,0,0,4505,,0,2,1,
2026-09-12T19:26:06.605Z,85465671000000,3947626,15674,-44035,-44030,,-27035,-18024,-18024,18024,2,2,-18024,-18024,0,1,1,0,,0,3,3,0,3,4,0,0,9011,,0,2,1,
2026-09-12T19:26:06.708Z,85465781000000,3947726,15675,-44024,-44031,,-27035,-16897,-16897,18024,2,2,-16897,-16897,0,1,1,0,,0,3,3,0,3,4,0,0,10138,,0,2,1,
2026-09-12T19:26:06.897Z,85465968000000,3947826,15676,-44027,-44030,,-18024,-18024,-18024,18024,2,2,-18024,-18024,0,1,1,0,,0,3,3,0,3,4,0,0,9012,,0,2,1,
2026-09-12T19:26:07.002Z,85466078000000,3947926,15677,-44040,-44030,,-18024,-18024,-18024,18024,2,2,-18024,-18024,0,1,1,0,,0,3,3,0,3,4,0,0,7886,,0,2,1,
2026-09-12T19:26:07.107Z,85466171000000,3948126,15679,-44024,-44029,,-18024,-19150,-19150,18024,2,2,-19150,-19150,0,1,1,0,,0,3,3,0,3,4,0,0,5633,,0,2,1,
2026-09-12T19:26:07.210Z,85466281000000,3948227,15680,-44034,-44028,,-18024,-20277,-20277,18024,2,2,-20277,-20277,0,1,1,0,,0,3,3,0,3,4,0,0,3380,,0,2,1,
2026-09-12T19:26:07.313Z,85466390000000,3948327,15681,-44040,-44029,,-18024,-19150,-19150,18024,2,2,-19150,-19150,0,1,1,0,,0,3,3,0,3,4,0,0,3380,,0,2,1,
2026-09-12T19:26:07.417Z,85466484000000,3948427,15682,-44034,-44030,,-18024,-18024,-18024,18024,2,2,-18024,-18024,0,1,1,0,,0,3,3,0,3,4,0,0,3380,,0,2,1,
2026-09-12T19:26:07.522Z,85466593000000,3948527,15683,-44036,-44031,,-18024,-16897,-16897,18024,2,2,-16897,-16897,0,1,1,0,,0,3,3,0,3,4,0,0,3380,,0,2,1,
2026-09-12T19:26:07.626Z,85466703000000,3948629,15684,-44022,-44031,,-18024,-16897,-16897,18024,2,2,-16897,-16897,0,1,1,0,,0,3,3,0,3,4,0,0,3380,,0,2,1,
2026-09-12T19:26:07.731Z,85466796000000,3948734,15685,-44030,-44031,,-18024,-16897,-16897,18024,2,2,-16897,-16897,0,1,1,0,,0,3,3,0,3,4,0,0,3380,,0,2,1,
2026-09-12T19:26:07.923Z,85467000000000,3948839,15686,-44026,-44030,,-18024,-18024,-18024,18024,2,2,-18024,-18024,0,1,1,0,,0,3,3,0,3,4,0,0,3380,,0,2,1,
2026-09-12T19:26:08.027Z,85467093000000,3949037,15688,-44028,-44030,,-18024,-18024,-18024,18024,2,2,-18024,-18024,0,1,1,0,,0,3,3,0,3,4,0,0,2253,,0,2,1,
2026-09-12T19:26:08.131Z,85467203000000,3949136,15689,-44026,-44030,,-18024,-18024,-18024,18024,2,2,-18024,-18024,0,1,1,0,,0,3,3,0,3,4,0,0,1127,,0,2,1,
2026-09-12T19:26:08.236Z,85467312000000,3949239,15690,-44025,-44029,,-18024,-19150,-19150,18024,2,2,-19150,-19150,0,1,1,0,,0,3,3,0,3,4,0,0,2253,,0,2,1,
2026-09-12T19:26:08.341Z,85467421000000,3949344,15691,-44026,-44029,,-18024,-19150,-19150,18024,2,2,-19150,-19150,0,1,1,0,,0,3,3,0,3,4,0,0,2253,,0,2,1,
2026-09-12T19:26:08.445Z,85467515000000,3949448,15692,-44038,-44029,,-18024,-19150,-19150,18024,2,2,-19150,-19150,0,1,1,0,,0,3,3,0,3,4,0,0,2253,,0,2,1,
2026-09-12T19:26:08.550Z,85467625000000,3949554,15693,-44035,-44030,,-18024,-18024,-18024,18024,2,2,-18024,-18024,0,1,1,0,,0,3,3,0,3,4,0,0,1126,,0,2,1,
2026-09-12T19:26:08.654Z,85467734000000,3949657,15694,-44024,-44031,,-18024,-16897,-16897,18024,2,2,-16897,-16897,0,1,1,0,,0,3,3,0,3,4,0,0,2253,,0,2,1,
2026-09-12T19:26:08.760Z,85467828000000,3949762,15695,-44032,-44031,,-18024,-16897,-16897,18024,2,2,-16897,-16897,0,1,1,0,,0,3,3,0,3,4,0,0,2253,,0,2,1,
2026-09-12T19:26:08.952Z,85468031000000,3949867,15696,-44024,-44030,,-18024,-18024,-18024,18024,2,2,-18024,-18024,0,1,1,0,,0,3,3,0,3,4,0,0,2253,,0,2,1,
2026-09-12T19:26:09.056Z,85468125000000,3950066,15698,-44030,-44030,,-18024,-18024,-18024,18024,2,2,-18024,-18024,0,1,1,0,,0,3,3,0,3,4,0,0,2253,,0,2,1,
2026-09-12T19:26:09.161Z,85468234000000,3950164,15699,-44023,-44030,,-18024,-18024,-18024,18024,2,2,-18024,-18024,0,1,1,0,,0,3,3,0,3,4,0,0,2253,,0,2,1,
2026-09-12T19:26:09.265Z,85468343000000,3950268,15700,-44033,-44030,,-18024,-18024,-18024,18024,2,2,-18024,-18024,0,1,1,0,,0,3,3,0,3,4,0,0,1127,,0,2,1,
2026-09-12T19:26:09.369Z,85468437000000,3950373,15701,-44034,-44030,,-18024,-18024,-18024,18024,2,2,-18024,-18024,0,1,1,0,,0,3,3,0,3,4,0,0,1127,,0,2,1,
2026-09-12T19:26:09.474Z,85468546000000,3950477,15702,-44029,-44030,,-18024,-18024,-18024,18024,2,2,-18024,-18024,0,1,1,0,,0,3,3,0,3,4,0,0,1127,,0,2,1,
2026-09-12T19:26:09.579Z,85468656000000,3950581,15703,-44013,-44030,,-18024,-18024,-18024,18024,2,2,-18024,-18024,0,1,1,0,,0,3,3,0,3,4,0,0,0,,0,2,1,
2026-09-12T19:26:09.683Z,85468750000000,3950687,15704,-44020,-44029,,-18024,-19150,-19150,18024,2,2,-19150,-19150,0,1,1,0,,0,3,3,0,3,4,0,0,1126,,0,2,1,
2026-09-12T19:26:09.787Z,85468859000000,3950791,15705,-44029,-44028,,-18024,-20277,-20277,18024,2,2,-20277,-20277,0,1,1,0,,0,3,3,0,3,4,0,0,2253,,0,2,1,
2026-09-12T19:26:09.979Z,85469046000000,3950896,15706,-44028,-44028,,-18024,-20277,-20277,18024,2,2,-20277,-20277,0,1,1,0,,0,3,3,0,3,4,0,0,2253,,0,2,1,
2026-09-12T19:26:10.082Z,85469156000000,3951043,15708,-44041,-44030,,-18024,-18024,-18024,18024,2,2,-18024,-18024,0,1,1,0,,0,3,3,0,3,4,0,0,2253,,0,2,1,
2026-09-12T19:26:10.188Z,85469265000000,3951191,15709,-44027,-44031,,-18024,-16897,-16897,18024,2,2,-16897,-16897,0,1,1,0,,0,3,3,0,3,4,0,0,3380,,0,2,1,
2026-09-12T19:26:10.292Z,85469359000000,3951296,15710,-44035,-44032,,-18024,-15771,-15771,18024,2,2,-15771,-15771,0,1,1,0,,0,3,3,0,3,4,0,0,4506,,0,2,1,
2026-09-12T19:26:10.396Z,85469468000000,3951400,15711,-44025,-44031,,-18024,-16897,-16897,18024,2,2,-16897,-16897,0,1,1,0,,0,3,3,0,3,4,0,0,4506,,0,2,1,
2026-09-12T19:26:10.502Z,85469578000000,3951504,15712,-44022,-44030,,-18024,-18024,-18024,18024,2,2,-18024,-18024,0,1,1,0,,0,3,3,0,3,4,0,0,4506,,0,2,1,
2026-09-12T19:26:10.606Z,85469671000000,3951608,15713,-44040,-44029,,-18024,-19150,-19150,18024,2,2,-19150,-19150,0,1,1,0,,0,3,3,0,3,4,0,0,4506,,0,2,1,
2026-09-12T19:26:10.711Z,85469781000000,3951733,15715,-44039,-44031,,-18024,-16897,-16897,18024,2,2,-16897,-16897,0,1,1,0,,0,3,3,0,3,4,0,0,3379,,0,2,1,
2026-09-12T19:26:10.814Z,85469890000000,3951833,15716,-44028,-44032,,-18024,-15771,-15771,18024,2,2,-15771,-15771,0,1,1,0,,0,3,3,0,3,4,0,0,3379,,0,2,1,
2026-09-12T19:26:11.003Z,85470078000000,3951933,15717,-44020,-44031,,-18024,-16897,-16897,18024,2,2,-16897,-16897,0,1,1,0,,0,3,3,0,3,4,0,0,3379,,0,2,1,
2026-09-12T19:26:11.108Z,85470187000000,3952033,15718,-44010,-44030,,-18024,-18024,-18024,18024,2,2,-18024,-18024,0,1,1,0,,0,3,3,0,3,4,0,0,3379,,0,2,1,
2026-09-12T19:26:11.211Z,85470281000000,3952233,15720,-44036,-44028,,-18024,-20277,-20277,18024,2,2,-20277,-20277,0,1,1,0,,0,3,3,0,3,4,0,0,4506,,0,2,1,
2026-09-12T19:26:11.315Z,85470390000000,3952334,15721,-44046,-44029,,-18024,-19150,-19150,18024,2,2,-19150,-19150,0,1,1,0,,0,3,3,0,3,4,0,0,4506,,0,2,1,
2026-09-12T19:26:11.418Z,85470484000000,3952434,15722,-44031,-44030,,-18024,-18024,-18024,18024,2,2,-18024,-18024,0,1,1,0,,0,3,3,0,3,4,0,0,4506,,0,2,1,
2026-09-12T19:26:11.522Z,85470593000000,3952534,15723,-44032,-44030,,-18024,-18024,-18024,18024,2,2,-18024,-18024,0,1,1,0,,0,3,3,0,3,4,0,0,4506,,0,2,1,
2026-09-12T19:26:11.625Z,85470703000000,3952634,15724,-44018,-44030,,-18024,-18024,-18024,18024,2,2,-18024,-18024,0,1,1,0,,0,3,3,0,3,4,0,0,3380,,0,2,1,
2026-09-12T19:26:11.729Z,85470796000000,3952734,15725,-44026,-44029,,-18024,-19150,-19150,18024,2,2,-19150,-19150,0,1,1,0,,0,3,3,0,3,4,0,0,2253,,0,2,1,
2026-09-12T19:26:11.833Z,85470906000000,3952837,15726,-44029,-44029,,-18024,-19150,-19150,18024,2,2,-19150,-19150,0,1,1,0,,0,3,3,0,3,4,0,0,2253,,0,2,1,
2026-09-12T19:26:12.025Z,85471093000000,3952941,15727,-44036,-44029,,-18024,-19150,-19150,18024,2,2,-19150,-19150,0,1,1,0,,0,3,3,0,3,4,0,0,2253,,0,2,1,
2026-09-12T19:26:12.130Z,85471203000000,3953139,15729,-44029,-44031,,-18024,-16897,-16897,18024,2,2,-16897,-16897,0,1,1,0,,0,3,3,0,3,4,0,0,2253,,0,2,1,
2026-09-12T19:26:12.235Z,85471312000000,3953237,15730,-44028,-44031,,-18024,-16897,-16897,18024,2,2,-16897,-16897,0,1,1,0,,0,3,3,0,3,4,0,0,2253,,0,2,1,
2026-09-12T19:26:12.340Z,85471406000000,3953343,15731,-44036,-44031,,-18024,-16897,-16897,18024,2,2,-16897,-16897,0,1,1,0,,0,3,3,0,3,4,0,0,2253,,0,2,1,
2026-09-12T19:26:12.446Z,85471515000000,3953448,15732,-44043,-44032,,-18024,-15771,-15771,18024,2,2,-15771,-15771,0,1,1,0,,0,3,3,0,3,4,0,0,3379,,0,2,1,
2026-09-12T19:26:12.551Z,85471625000000,3953555,15733,-44039,-44033,,-18024,-14644,-14644,18024,2,2,-14644,-14644,0,1,1,0,,0,3,3,0,3,4,0,0,4506,,0,2,1,
2026-09-12T19:26:12.656Z,85471734000000,3953660,15734,-44024,-44034,,-18024,-13518,-13518,18024,2,2,-13518,-13518,0,1,1,0,,0,3,3,0,3,4,0,0,5632,,0,2,1,
2026-09-12T19:26:12.761Z,85471828000000,3953764,15735,-44009,-44033,,-18024,-14644,-14644,18024,2,2,-14644,-14644,0,1,1,0,,0,3,3,0,3,4,0,0,4506,,0,2,1,
2026-09-12T19:26:12.865Z,85471937000000,3953868,15736,-44014,-44031,,-18024,-16897,-16897,18024,2,2,-16897,-16897,0,1,1,0,,0,3,3,0,3,4,0,0,3379,,0,2,1,
2026-09-12T19:26:13.059Z,85472125000000,3953973,15737,-44005,-44028,,-22530,-20277,-20277,18024,2,2,-20277,-20277,0,1,1,0,,0,3,3,0,3,4,0,0,6759,,0,2,1,
2026-09-12T19:26:13.164Z,85472234000000,3954173,15739,-44031,-44025,,-22530,-23656,-23656,18024,2,2,-23656,-23656,0,1,1,0,,0,3,3,0,3,4,0,0,10138,,0,2,1,
2026-09-12T19:26:13.269Z,85472343000000,3954273,15740,-44021,-44025,,-22530,-23656,-23656,18024,2,2,-23656,-23656,0,1,1,0,,0,3,3,0,3,4,0,0,10138,,0,2,1,
2026-09-12T19:26:13.372Z,85472453000000,3954377,15741,-44025,-44025,,-22530,-23656,-23656,18024,2,2,-23656,-23656,0,1,1,0,,0,3,3,0,3,4,0,0,10138,,0,2,1,
2026-09-12T19:26:13.476Z,85472546000000,3954481,15742,-44029,-44025,,-22530,-23656,-23656,18024,2,2,-23656,-23656,0,1,1,0,,0,3,3,0,3,4,0,0,9012,,0,2,1,
2026-09-12T19:26:13.581Z,85472656000000,3954585,15743,-44020,-44025,,-22530,-23656,-23656,18024,2,2,-23656,-23656,0,1,1,0,,0,3,3,0,3,4,0,0,6759,,0,2,1,
2026-09-12T19:26:13.686Z,85472765000000,3954690,15744,-44039,-44026,,-22530,-22530,-22530,18024,2,2,-22530,-22530,0,1,1,0,,0,3,3,0,3,4,0,0,3379,,0,2,1,
2026-09-12T19:26:13.791Z,85472859000000,3954794,15745,-44038,-44028,,-22530,-20277,-20277,18024,2,2,-20277,-20277,0,1,1,0,,0,3,3,0,3,4,0,0,3379,,0,2,1,
2026-09-12T19:26:13.896Z,85472968000000,3954899,15746,-44020,-44029,,-22530,-19150,-19150,18024,2,2,-19150,-19150,0,1,1,0,,0,3,3,0,3,4,0,0,4506,,0,2,1,
2026-09-12T19:26:14.090Z,85473156000000,3955004,15747,-44037,-44030,,-20277,-18024,-18024,18024,2,2,-18024,-18024,0,1,1,0,,0,3,3,0,3,4,0,0,5632,,0,2,1,
2026-09-12T19:26:14.194Z,85473265000000,3955153,15749,-44015,-44028,,-20277,-20277,-20277,18024,2,2,-20277,-20277,0,1,1,0,,0,3,3,0,3,4,0,0,5632,,0,2,1,
2026-09-12T19:26:14.298Z,85473375000000,3955302,15750,-44022,-44027,,-20277,-21403,-21403,18024,2,2,-21403,-21403,0,1,1,0,,0,3,3,0,3,4,0,0,5632,,0,2,1,
2026-09-12T19:26:14.403Z,85473468000000,3955407,15751,-44017,-44026,,-20277,-22530,-22530,18024,2,2,-22530,-22530,0,1,1,0,,0,3,3,0,3,4,0,0,4506,,0,2,1,
2026-09-12T19:26:14.507Z,85473578000000,3955511,15752,-44022,-44025,,-20277,-23656,-23656,18024,2,2,-23656,-23656,0,1,1,0,,0,3,3,0,3,4,0,0,5632,,0,2,1,
2026-09-12T19:26:14.612Z,85473687000000,3955615,15753,-44029,-44025,,-20277,-23656,-23656,18024,2,2,-23656,-23656,0,1,1,0,,0,3,3,0,3,4,0,0,5632,,0,2,1,
2026-09-12T19:26:14.716Z,85473781000000,3955739,15755,-44023,-44025,,-20277,-23656,-23656,18024,2,2,-23656,-23656,0,1,1,0,,0,3,3,0,3,4,0,0,4506,,0,2,1,
2026-09-12T19:26:14.818Z,85473890000000,3955840,15756,-44029,-44025,,-20277,-23656,-23656,18024,2,2,-23656,-23656,0,1,1,0,,0,3,3,0,3,4,0,0,3379,,0,2,1,
2026-09-12T19:26:14.921Z,85474000000000,3955940,15757,-44035,-44026,,-20277,-22530,-22530,18024,2,2,-22530,-22530,0,1,1,0,,0,3,3,0,3,4,0,0,2253,,0,2,1,
2026-09-12T19:26:15.111Z,85474187000000,3956040,15758,-44009,-44026,,-24783,-22530,-22530,18024,2,2,-22530,-22530,0,1,1,0,,0,3,3,0,3,4,0,0,1126,,0,2,1,
2026-09-12T19:26:15.215Z,85474281000000,3956140,15759,-44005,-44024,,-24783,-24783,-24783,18024,2,2,-24783,-24783,0,1,1,0,,0,3,3,0,3,4,0,0,2253,,0,2,1,
2026-09-12T19:26:15.319Z,85474390000000,3956340,15761,-44025,-44021,,-24783,-28162,-28162,18024,2,2,-28162,-28162,0,1,1,0,,0,3,3,0,3,4,0,0,5632,,0,2,1,
2026-09-12T19:26:15.422Z,85474500000000,3956440,15762,-44023,-44021,,-24783,-28162,-28162,18024,2,2,-28162,-28162,0,1,1,0,,0,3,3,0,3,4,0,0,5632,,0,2,1,
2026-09-12T19:26:15.526Z,85474593000000,3956541,15763,-44028,-44022,,-24783,-27035,-27035,18024,2,2,-27035,-27035,0,1,1,0,,0,3,3,0,3,4,0,0,5632,,0,2,1,
2026-09-12T19:26:15.628Z,85474703000000,3956641,15764,-44023,-44022,,-24783,-27035,-27035,18024,2,2,-27035,-27035,0,1,1,0,,0,3,3,0,3,4,0,0,5632,,0,2,1,
2026-09-12T19:26:15.732Z,85474812000000,3956741,15765,-44037,-44023,,-24783,-25909,-25909,18024,2,2,-25909,-25909,0,1,1,0,,0,3,3,0,3,4,0,0,5632,,0,2,1,
2026-09-12T19:26:15.836Z,85474906000000,3956841,15766,-44028,-44024,,-24783,-24783,-24783,18024,2,2,-24783,-24783,0,1,1,0,,0,3,3,0,3,4,0,0,3379,,0,2,1,
2026-09-12T19:26:15.942Z,85475015000000,3956945,15767,-44013,-44025,,-24783,-23656,-23656,18024,2,2,-23656,-23656,0,1,1,0,,0,3,3,0,3,4,0,0,4506,,0,2,1,
2026-09-12T19:26:16.135Z,85475203000000,3957049,15768,-44028,-44025,,-23656,-23656,-23656,18024,2,2,-23656,-23656,0,1,1,0,,0,3,3,0,3,4,0,0,4506,,0,2,1,
2026-09-12T19:26:16.239Z,85475312000000,3957249,15770,-44030,-44026,,-23656,-22530,-22530,18024,2,2,-22530,-22530,0,1,1,0,,0,3,3,0,3,4,0,0,4505,,0,2,1,
2026-09-12T19:26:16.344Z,85475421000000,3957348,15771,-44022,-44027,,-23656,-21403,-21403,18024,2,2,-21403,-21403,0,1,1,0,,0,3,3,0,3,4,0,0,5632,,0,2,1,
2026-09-12T19:26:16.448Z,85475515000000,3957453,15772,-44016,-44026,,-23656,-22530,-22530,18024,2,2,-22530,-22530,0,1,1,0,,0,3,3,0,3,4,0,0,4506,,0,2,1,
2026-09-12T19:26:16.553Z,85475625000000,3957557,15773,-44017,-44025,,-23656,-23656,-23656,18024,2,2,-23656,-23656,0,1,1,0,,0,3,3,0,3,4,0,0,3380,,0,2,1,
2026-09-12T19:26:16.658Z,85475734000000,3957662,15774,-44013,-44024,,-23656,-24783,-24783,18024,2,2,-24783,-24783,0,1,1,0,,0,3,3,0,3,4,0,0,3380,,0,2,1,
2026-09-12T19:26:16.762Z,85475828000000,3957766,15775,-44032,-44023,,-23656,-25909,-25909,18024,2,2,-25909,-25909,0,1,1,0,,0,3,3,0,3,4,0,0,4506,,0,2,1,
2026-09-12T19:26:16.865Z,85475937000000,3957871,15776,-44018,-44022,,-23656,-27035,-27035,18024,2,2,-27035,-27035,0,1,1,0,,0,3,3,0,3,4,0,0,5632,,0,2,1,
2026-09-12T19:26:16.970Z,85476046000000,3957974,15777,-44022,-44022,,-23656,-27035,-27035,18024,2,2,-27035,-27035,0,1,1,0,,0,3,3,0,3,4,0,0,5632,,0,2,1,
2026-09-12T19:26:17.161Z,85476234000000,3958078,15778,-44033,-44022,,-25909,-27035,-27035,18024,2,2,-27035,-27035,0,1,1,0,,0,3,3,0,3,4,0,0,5632,,0,2,1,
2026-09-12T19:26:17.266Z,85476343000000,3958276,15780,-44043,-44025,,-25909,-23656,-23656,18024,2,2,-23656,-23656,0,1,1,0,,0,3,3,0,3,4,0,0,3379,,0,2,1,
2026-09-12T19:26:17.370Z,85476437000000,3958374,15781,-44022,-44027,,-25909,-21403,-21403,18024,2,2,-21403,-21403,0,1,1,0,,0,3,3,0,3,4,0,0,5632,,0,2,1,
2026-09-12T19:26:17.474Z,85476546000000,3958478,15782,-44011,-44026,,-25909,-22530,-22530,18024,2,2,-22530,-22530,0,1,1,0,,0,3,3,0,3,4,0,0,5632,,0,2,1,
2026-09-12T19:26:17.578Z,85476656000000,3958583,15783,-44024,-44025,,-25909,-23656,-23656,18024,2,2,-23656,-23656,0,1,1,0,,0,3,3,0,3,4,0,0,5632,,0,2,1,
2026-09-12T19:26:17.682Z,85476750000000,3958687,15784,-44009,-44023,,-25909,-25909,-25909,18024,2,2,-25909,-25909,0,1,1,0,,0,3,3,0,3,4,0,0,5632,,0,2,1,
2026-09-12T19:26:17.787Z,85476859000000,3958791,15785,-44018,-44022,,-25909,-27035,-27035,18024,2,2,-27035,-27035,0,1,1,0,,0,3,3,0,3,4,0,0,5632,,0,2,1,
2026-09-12T19:26:17.892Z,85476968000000,3958896,15786,-44017,-44021,,-25909,-28162,-28162,18024,2,2,-28162,-28162,0,1,1,0,,0,3,3,0,3,4,0,0,6759,,0,2,1,
2026-09-12T19:26:17.996Z,85477062000000,3959000,15787,-44016,-44020,,-25909,-29288,-29288,18024,2,2,-29288,-29288,0,1,1,0,,0,3,3,0,3,4,0,0,7885,,0,2,1,
2026-09-12T19:26:18.189Z,85477265000000,3959105,15788,-44013,-44019,,-29288,-30415,-30415,18024,2,2,-30415,-30415,0,1,1,0,,0,3,3,0,3,4,0,0,9012,,0,2,1,
2026-09-12T19:26:18.293Z,85477359000000,3959253,15790,-44029,-44020,,-29288,-29288,-29288,18024,2,2,-29288,-29288,0,1,1,0,,0,3,3,0,3,4,0,0,6759,,0,2,1,
2026-09-12T19:26:18.397Z,85477468000000,3959402,15791,-44018,-44021,,-29288,-28162,-28162,18024,2,2,-28162,-28162,0,1,1,0,,0,3,3,0,3,4,0,0,4506,,0,2,1,
2026-09-12T19:26:18.502Z,85477578000000,3959506,15792,-44022,-44021,,-29288,-28162,-28162,18024,2,2,-28162,-28162,0,1,1,0,,0,3,3,0,3,4,0,0,3380,,0,2,1,
2026-09-12T19:26:18.606Z,85477671000000,3959611,15793,-44025,-44021,,-29288,-28162,-28162,18024,2,2,-28162,-28162,0,1,1,0,,0,3,3,0,3,4,0,0,2253,,0,2,1,
2026-09-12T19:26:18.711Z,85477781000000,3959715,15794,-44023,-44021,,-29288,-28162,-28162,18024,2,2,-28162,-28162,0,1,1,0,,0,3,3,0,3,4,0,0,2253,,0,2,1,
2026-09-12T19:26:18.815Z,85477890000000,3959819,15795,-44024,-44021,,-29288,-28162,-28162,18024,2,2,-28162,-28162,0,1,1,0,,0,3,3,0,3,4,0,0,2253,,0,2,1,
2026-09-12T19:26:18.921Z,85478000000000,3959924,15796,-44015,-44021,,-29288,-28162,-28162,18024,2,2,-28162,-28162,0,1,1,0,,0,3,3,0,3,4,0,0,2253,,0,2,1,
2026-09-12T19:26:19.025Z,85478093000000,3960047,15798,-44034,-44022,,-29288,-27035,-27035,18024,2,2,-27035,-27035,0,1,1,0,,0,3,3,0,3,4,0,0,1127,,0,2,1,
2026-09-12T19:26:19.216Z,85478296000000,3960147,15799,-44023,-44023,,-25909,-25909,-25909,18024,2,2,-25909,-25909,0,1,1,0,,0,3,3,0,3,4,0,0,2253,,0,2,1,
2026-09-12T19:26:19.321Z,85478390000000,3960247,15800,-44015,-44023,,-25909,-25909,-25909,18024,2,2,-25909,-25909,0,1,1,0,,0,3,3,0,3,4,0,0,2253,,0,2,1,
2026-09-12T19:26:19.425Z,85478500000000,3960448,15802,-44022,-44021,,-25909,-28162,-28162,18024,2,2,-28162,-28162,0,1,1,0,,0,3,3,0,3,4,0,0,2253,,0,2,1,
2026-09-12T19:26:19.528Z,85478593000000,3960548,15803,-44033,-44021,,-25909,-28162,-28162,18024,2,2,-28162,-28162,0,1,1,0,,0,3,3,0,3,4,0,0,2253,,0,2,1,
2026-09-12T19:26:19.630Z,85478703000000,3960648,15804,-44035,-44023,,-25909,-25909,-25909,18024,2,2,-25909,-25909,0,1,1,0,,0,3,3,0,3,4,0,0,2253,,0,2,1,
2026-09-12T19:26:19.733Z,85478812000000,3960748,15805,-44017,-44024,,-25909,-24783,-24783,18024,2,2,-24783,-24783,0,1,1,0,,0,3,3,0,3,4,0,0,3379,,0,2,1,
2026-09-12T19:26:19.836Z,85478906000000,3960848,15806,-44017,-44023,,-25909,-25909,-25909,18024,2,2,-25909,-25909,0,1,1,0,,0,3,3,0,3,4,0,0,3379,,0,2,1,
2026-09-12T19:26:19.941Z,85479015000000,3960948,15807,-44020,-44022,,-25909,-27035,-27035,18024,2,2,-27035,-27035,0,1,1,0,,0,3,3,0,3,4,0,0,3379,,0,2,1,
2026-09-12T19:26:20.046Z,85479125000000,3961050,15808,-44026,-44022,,-25909,-27035,-27035,18024,2,2,-27035,-27035,0,1,1,0,,0,3,3,0,3,4,0,0,3379,,0,2,1,
2026-09-12T19:26:20.239Z,85479312000000,3961154,15809,-44009,-44022,,-29288,-27035,-27035,18024,2,2,-27035,-27035,0,1,1,0,,0,3,3,0,3,4,0,0,3379,,0,2,1,
2026-09-12T19:26:20.343Z,85479421000000,3961353,15811,-44005,-44018,,-29288,-31541,-31541,18024,2,2,-31541,-31541,0,1,1,0,,0,3,3,0,3,4,0,0,6758,,0,2,1,
2026-09-12T19:26:20.448Z,85479515000000,3961452,15812,-44017,-44016,,-29288,-33794,-33794,18024,2,2,-33794,-33794,0,1,1,0,,0,3,3,0,3,4,0,0,9011,,0,2,1,
2026-09-12T19:26:20.552Z,85479625000000,3961556,15813,-44014,-44016,,-29288,-33794,-33794,18024,2,2,-33794,-33794,0,1,1,0,,0,3,3,0,3,4,0,0,7885,,0,2,1,
2026-09-12T19:26:20.656Z,85479734000000,3961661,15814,-44004,-44016,,-29288,-33794,-33794,18024,2,2,-33794,-33794,0,1,1,0,,0,3,3,0,3,4,0,0,6759,,0,2,1,
2026-09-12T19:26:20.761Z,85479828000000,3961765,15815,-44008,-44015,,-29288,-34921,-34921,18024,2,2,-34921,-34921,0,1,1,0,,0,3,3,0,3,4,0,0,7886,,0,2,1,
2026-09-12T19:26:20.865Z,85479937000000,3961869,15816,-44016,-44014,,-29288,-36047,-36047,18024,2,2,-36047,-36047,0,1,1,0,,0,3,3,0,3,4,0,0,9012,,0,2,1,
2026-09-12T19:26:20.970Z,85480046000000,3961974,15817,-44033,-44014,,-29288,-36047,-36047,18024,2,2,-36047,-36047,0,1,1,0,,0,3,3,0,3,4,0,0,6759,,0,2,1,
2026-09-12T19:26:21.076Z,85480156000000,3962080,15818,-44025,-44015,,-29288,-34921,-34921,18024,2,2,-34921,-34921,0,1,1,0,,0,3,3,0,3,4,0,0,4506,,0,2,1,
2026-09-12T19:26:21.268Z,85480343000000,3962185,15819,-44027,-44017,,-31541,-32668,-32668,18024,2,2,-32668,-32668,0,1,1,0,,0,3,3,0,3,4,0,0,3379,,0,2,1,
2026-09-12T19:26:21.373Z,85480453000000,3962383,15821,-44027,-44019,,-31541,-30415,-30415,18024,2,2,-30415,-30415,0,1,1,0,,0,3,3,0,3,4,0,0,5632,,0,2,1,
2026-09-12T19:26:21.479Z,85480546000000,3962482,15822,-44022,-44019,,-31541,-30415,-30415,18024,2,2,-30415,-30415,0,1,1,0,,0,3,3,0,3,4,0,0,5632,,0,2,1,
2026-09-12T19:26:21.583Z,85480656000000,3962587,15823,-44003,-44019,,-31541,-30415,-30415,18024,2,2,-30415,-30415,0,1,1,0,,0,3,3,0,3,4,0,0,5632,,0,2,1,
2026-09-12T19:26:21.687Z,85480765000000,3962692,15824,-44015,-44018,,-31541,-31541,-31541,18024,2,2,-31541,-31541,0,1,1,0,,0,3,3,0,3,4,0,0,5632,,0,2,1,
2026-09-12T19:26:21.791Z,85480859000000,3962796,15825,-44026,-44018,,-31541,-31541,-31541,18024,2,2,-31541,-31541,0,1,1,0,,0,3,3,0,3,4,0,0,4506,,0,2,1,
2026-09-12T19:26:21.896Z,85480968000000,3962900,15826,-44018,-44018,,-31541,-31541,-31541,18024,2,2,-31541,-31541,0,1,1,0,,0,3,3,0,3,4,0,0,2253,,0,2,1,
2026-09-12T19:26:22.001Z,85481078000000,3963005,15827,-44027,-44019,,-31541,-30415,-30415,18024,2,2,-30415,-30415,0,1,1,0,,0,3,3,0,3,4,0,0,1126,,0,2,1,
2026-09-12T19:26:22.106Z,85481171000000,3963109,15828,-44019,-44019,,-31541,-30415,-30415,18024,2,2,-30415,-30415,0,1,1,0,,0,3,3,0,3,4,0,0,1126,,0,2,1,
2026-09-12T19:26:22.299Z,85481375000000,3963215,15829,-44010,-44019,,-32668,-30415,-30415,18024,2,2,-30415,-30415,0,1,1,0,,0,3,3,0,3,4,0,0,1126,,0,2,1,
2026-09-12T19:26:22.403Z,85481468000000,3963362,15831,-44032,-44017,,-32668,-32668,-32668,18024,2,2,-32668,-32668,0,1,1,0,,0,3,3,0,3,4,0,0,2253,,0,2,1,
2026-09-12T19:26:22.508Z,85481578000000,3963513,15832,-44030,-44019,,-32668,-30415,-30415,18024,2,2,-30415,-30415,0,1,1,0,,0,3,3,0,3,4,0,0,2253,,0,2,1,
2026-09-12T19:26:22.612Z,85481687000000,3963617,15833,-44010,-44020,,-32668,-29288,-29288,18024,2,2,-29288,-29288,0,1,1,0,,0,3,3,0,3,4,0,0,3380,,0,2,1,
2026-09-12T19:26:22.716Z,85481796000000,3963721,15834,-44005,-44019,,-32668,-30415,-30415,18024,2,2,-30415,-30415,0,1,1,0,,0,3,3,0,3,4,0,0,3380,,0,2,1,
2026-09-12T19:26:22.821Z,85481890000000,3963825,15835,-44019,-44018,,-32668,-31541,-31541,18024,2,2,-31541,-31541,0,1,1,0,,0,3,3,0,3,4,0,0,3380,,0,2,1,
2026-09-12T19:26:22.927Z,85482000000000,3963929,15836,-44019,-44018,,-32668,-31541,-31541,18024,2,2,-31541,-31541,0,1,1,0,,0,3,3,0,3,4,0,0,3380,,0,2,1,
2026-09-12T19:26:23.030Z,85482109000000,3964054,15838,-44028,-44019,,-32668,-30415,-30415,18024,2,2,-30415,-30415,0,1,1,0,,0,3,3,0,3,4,0,0,3380,,0,2,1,
2026-09-12T19:26:23.133Z,85482203000000,3964154,15839,-44035,-44020,,-32668,-29288,-29288,18024,2,2,-29288,-29288,0,1,1,0,,0,3,3,0,3,4,0,0,2253,,0,2,1,
2026-09-12T19:26:23.323Z,85482390000000,3964254,15840,-44020,-44021,,-27035,-28162,-28162,18024,2,2,-28162,-28162,0,1,1,0,,0,3,3,0,3,4,0,0,3379,,0,2,1,
2026-09-12T19:26:23.428Z,85482500000000,3964354,15841,-44027,-44022,,-27035,-27035,-27035,18024,2,2,-27035,-27035,0,1,1,0,,0,3,3,0,3,4,0,0,4506,,0,2,1,
2026-09-12T19:26:23.532Z,85482609000000,3964554,15843,-44018,-44021,,-27035,-28162,-28162,18024,2,2,-28162,-28162,0,1,1,0,,0,3,3,0,3,4,0,0,4506,,0,2,1,
2026-09-12T19:26:23.635Z,85482703000000,3964655,15844,-44032,-44021,,-27035,-28162,-28162,18024,2,2,-28162,-28162,0,1,1,0,,0,3,3,0,3,4,0,0,4506,,0,2,1,
2026-09-12T19:26:23.737Z,85482812000000,3964755,15845,-44038,-44022,,-27035,-27035,-27035,18024,2,2,-27035,-27035,0,1,1,0,,0,3,3,0,3,4,0,0,3380,,0,2,1,
2026-09-12T19:26:23.840Z,85482906000000,3964855,15846,-44046,-44024,,-27035,-24783,-24783,18024,2,2,-24783,-24783,0,1,1,0,,0,3,3,0,3,4,0,0,4505,,0,2,1,
2026-09-12T19:26:23.943Z,85483015000000,3964955,15847,-44029,-44026,,-27035,-22530,-22530,18024,2,2,-22530,-22530,0,1,1,0,,0,3,3,0,3,4,0,0,5632,,0,2,1,
2026-09-12T19:26:24.047Z,85483125000000,3965055,15848,-44018,-44026,,-27035,-22530,-22530,18024,2,2,-22530,-22530,0,1,1,0,,0,3,3,0,3,4,0,0,5632,,0,2,1,
2026-09-12T19:26:24.151Z,85483218000000,3965156,15849,-44015,-44025,,-27035,-23656,-23656,18024,2,2,-23656,-23656,0,1,1,0,,0,3,3,0,3,4,0,0,5632,,0,2,1,
2026-09-12T19:26:24.341Z,85483421000000,3965261,15850,-44027,-44024,,-25909,-24783,-24783,18024,2,2,-24783,-24783,0,1,1,0,,0,3,3,0,3,4,0,0,5632,,0,2,1,
2026-09-12T19:26:24.445Z,85483515000000,3965457,15852,-44020,-44023,,-25909,-25909,-25909,18024,2,2,-25909,-25909,0,1,1,0,,0,3,3,0,3,4,0,0,4505,,0,2,1,
2026-09-12T19:26:24.549Z,85483625000000,3965556,15853,-44018,-44022,,-25909,-27035,-27035,18024,2,2,-27035,-27035,0,1,1,0,,0,3,3,0,3,4,0,0,4505,,0,2,1,
2026-09-12T19:26:24.653Z,85483718000000,3965658,15854,-44017,-44021,,-25909,-28162,-28162,18024,2,2,-28162,-28162,0,1,1,0,,0,3,3,0,3,4,0,0,5632,,0,2,1,
2026-09-12T19:26:24.757Z,85483828000000,3965762,15855,-44035,-44021,,-25909,-28162,-28162,18024,2,2,-28162,-28162,0,1,1,0,,0,3,3,0,3,4,0,0,5632,,0,2,1,
2026-09-12T19:26:24.861Z,85483937000000,3965866,15856,-44021,-44021,,-25909,-28162,-28162,18024,2,2,-28162,-28162,0,1,1,0,,0,3,3,0,3,4,0,0,4506,,0,2,1,
2026-09-12T19:26:24.966Z,85484031000000,3965970,15857,-44028,-44022,,-25909,-27035,-27035,18024,2,2,-27035,-27035,0,1,1,0,,0,3,3,0,3,4,0,0,3379,,0,2,1,
2026-09-12T19:26:25.070Z,85484140000000,3966075,15858,-44024,-44022,,-25909,-27035,-27035,18024,2,2,-27035,-27035,0,1,1,0,,0,3,3,0,3,4,0,0,2253,,0,2,1,
2026-09-12T19:26:25.176Z,85484250000000,3966179,15859,-44015,-44022,,-25909,-27035,-27035,18024,2,2,-27035,-27035,0,1,1,0,,0,3,3,0,3,4,0,0,2253,,0,2,1,
2026-09-12T19:26:25.367Z,85484437000000,3966285,15860,-44028,-44022,,-25909,-27035,-27035,18024,2,2,-27035,-27035,0,1,1,0,,0,3,3,0,3,4,0,0,1127,,0,2,1,
2026-09-12T19:26:25.472Z,85484546000000,3966482,15862,-44020,-44023,,-25909,-25909,-25909,18024,2,2,-25909,-25909,0,1,1,0,,0,3,3,0,3,4,0,0,2253,,0,2,1,
2026-09-12T19:26:25.577Z,85484656000000,3966581,15863,-44016,-44023,,-25909,-25909,-25909,18024,2,2,-25909,-25909,0,1,1,0,,0,3,3,0,3,4,0,0,2253,,0,2,1,
2026-09-12T19:26:25.681Z,85484750000000,3966686,15864,-44022,-44023,,-25909,-25909,-25909,18024,2,2,-25909,-25909,0,1,1,0,,0,3,3,0,3,4,0,0,1126,,0,2,1,
2026-09-12T19:26:25.786Z,85484859000000,3966790,15865,-44023,-44023,,-25909,-25909,-25909,18024,2,2,-25909,-25909,0,1,1,0,,0,3,3,0,3,4,0,0,1126,,0,2,1,
2026-09-12T19:26:25.891Z,85484968000000,3966895,15866,-44006,-44023,,-25909,-25909,-25909,18024,2,2,-25909,-25909,0,1,1,0,,0,3,3,0,3,4,0,0,1126,,0,2,1,
2026-09-12T19:26:25.994Z,85485062000000,3967000,15867,-44003,-44021,,-25909,-28162,-28162,18024,2,2,-28162,-28162,0,1,1,0,,0,3,3,0,3,4,0,0,2253,,0,2,1,
2026-09-12T19:26:26.101Z,85485171000000,3967104,15868,-43999,-44019,,-25909,-30415,-30415,18024,2,2,-30415,-30415,0,1,1,0,,0,3,3,0,3,4,0,0,4506,,0,2,1,
2026-09-12T19:26:26.205Z,85485281000000,3967209,15869,-44008,-44017,,-25909,-32668,-32668,18024,2,2,-32668,-32668,0,1,1,0,,0,3,3,0,3,4,0,0,6759,,0,2,1,
2026-09-12T19:26:26.397Z,85485468000000,3967314,15870,-44028,-44016,,-31541,-33794,-33794,18024,2,2,-33794,-33794,0,1,1,0,,0,3,3,0,3,4,0,0,7885,,0,2,1,
2026-09-12T19:26:26.502Z,85485578000000,3967461,15872,-44026,-44018,,-31541,-31541,-31541,18024,2,2,-31541,-31541,0,1,1,0,,0,3,3,0,3,4,0,0,7885,,0,2,1,
2026-09-12T19:26:26.607Z,85485687000000,3967611,15873,-44026,-44019,,-31541,-30415,-30415,18024,2,2,-30415,-30415,0,1,1,0,,0,3,3,0,3,4,0,0,7885,,0,2,1,
2026-09-12T19:26:26.711Z,85485781000000,3967716,15874,-44015,-44020,,-31541,-29288,-29288,18024,2,2,-29288,-29288,0,1,1,0,,0,3,3,0,3,4,0,0,5632,,0,2,1,
2026-09-12T19:26:26.815Z,85485890000000,3967820,15875,-44019,-44020,,-31541,-29288,-29288,18024,2,2,-29288,-29288,0,1,1,0,,0,3,3,0,3,4,0,0,4506,,0,2,1,
2026-09-12T19:26:26.921Z,85486000000000,3967924,15876,-44034,-44020,,-31541,-29288,-29288,18024,2,2,-29288,-29288,0,1,1,0,,0,3,3,0,3,4,0,0,4506,,0,2,1,
2026-09-12T19:26:27.025Z,85486093000000,3968030,15877,-44028,-44021,,-31541,-28162,-28162,18024,2,2,-28162,-28162,0,1,1,0,,0,3,3,0,3,4,0,0,5632,,0,2,1,
2026-09-12T19:26:27.130Z,85486203000000,3968135,15878,-44019,-44022,,-31541,-27035,-27035,18024,2,2,-27035,-27035,0,1,1,0,,0,3,3,0,3,4,0,0,5633,,0,2,1,
2026-09-12T19:26:27.234Z,85486312000000,3968240,15879,-44033,-44023,,-31541,-25909,-25909,18024,2,2,-25909,-25909,0,1,1,0,,0,3,3,0,3,4,0,0,5632,,0,2,1,
2026-09-12T19:26:27.425Z,85486500000000,3968361,15881,-44023,-44025,,-23656,-23656,-23656,18024,2,2,-23656,-23656,0,1,1,0,,0,3,3,0,3,4,0,0,5632,,0,2,1,
2026-09-12T19:26:27.530Z,85486609000000,3968461,15882,-44014,-44025,,-23656,-23656,-23656,18024,2,2,-23656,-23656,0,1,1,0,,0,3,3,0,3,4,0,0,5632,,0,2,1,
2026-09-12T19:26:27.634Z,85486703000000,3968639,15883,-44012,-44024,,-23656,-24783,-24783,18024,2,2,-24783,-24783,0,1,1,0,,0,3,3,0,3,4,0,0,5632,,0,2,1,
2026-09-12T19:26:27.737Z,85486812000000,3968762,15885,-44031,-44023,,-23656,-25909,-25909,18024,2,2,-25909,-25909,0,1,1,0,,0,3,3,0,3,4,0,0,3379,,0,2,1,
2026-09-12T19:26:27.840Z,85486906000000,3968862,15886,-44042,-44024,,-23656,-24783,-24783,18024,2,2,-24783,-24783,0,1,1,0,,0,3,3,0,3,4,0,0,2253,,0,2,1,
2026-09-12T19:26:27.944Z,85487015000000,3968962,15887,-44050,-44026,,-23656,-22530,-22530,18024,2,2,-22530,-22530,0,1,1,0,,0,3,3,0,3,4,0,0,3379,,0,2,1,
2026-09-12T19:26:28.046Z,85487125000000,3969062,15888,-44040,-44028,,-23656,-20277,-20277,18024,2,2,-20277,-20277,0,1,1,0,,0,3,3,0,3,4,0,0,5632,,0,2,1,
2026-09-12T19:26:28.149Z,85487218000000,3969162,15889,-44030,-44030,,-23656,-18024,-18024,18024,2,2,-18024,-18024,0,1,1,0,,0,3,3,0,3,4,0,0,7885,,0,2,1,
2026-09-12T19:26:28.253Z,85487328000000,3969262,15890,-44036,-44031,,-23656,-16897,-16897,18024,2,2,-16897,-16897,0,1,1,0,,0,3,3,0,3,4,0,0,9012,,0,2,1,
2026-09-12T19:26:28.443Z,85487515000000,3969363,15891,-44040,-44032,,-14644,-15771,-15771,18024,2,2,-15771,-15771,0,1,1,0,,0,3,3,0,3,4,0,0,10138,,0,2,1,
2026-09-12T19:26:28.546Z,85487625000000,3969563,15893,-44023,-44032,,-14644,-15771,-15771,18024,2,2,-15771,-15771,0,1,1,0,,0,3,3,0,3,4,0,0,10139,,0,2,1,
2026-09-12T19:26:28.648Z,85487718000000,3969663,15894,-44026,-44031,,-14644,-16897,-16897,18024,2,2,-16897,-16897,0,1,1,0,,0,3,3,0,3,4,0,0,7886,,0,2,1,
2026-09-12T19:26:28.751Z,85487828000000,3969763,15895,-44016,-44030,,-14644,-18024,-18024,18024,2,2,-18024,-18024,0,1,1,0,,0,3,3,0,3,4,0,0,5633,,0,2,1,
2026-09-12T19:26:28.854Z,85487921000000,3969863,15896,-44006,-44028,,-14644,-20277,-20277,18024,2,2,-20277,-20277,0,1,1,0,,0,3,3,0,3,4,0,0,5633,,0,2,1,
2026-09-12T19:26:28.960Z,85488031000000,3969964,15897,-44023,-44026,,-14644,-22530,-22530,18024,2,2,-22530,-22530,0,1,1,0,,0,3,3,0,3,4,0,0,7886,,0,2,1,
2026-09-12T19:26:29.063Z,85488140000000,3970069,15898,-44024,-44026,,-14644,-22530,-22530,18024,2,2,-22530,-22530,0,1,1,0,,0,3,3,0,3,4,0,0,7886,,0,2,1,
2026-09-12T19:26:29.168Z,85488234000000,3970173,15899,-44011,-44026,,-14644,-22530,-22530,18024,2,2,-22530,-22530,0,1,1,0,,0,3,3,0,3,4,0,0,7886,,0,2,1,
2026-09-12T19:26:29.272Z,85488343000000,3970277,15900,-44015,-44025,,-14644,-23656,-23656,18024,2,2,-23656,-23656,0,1,1,0,,0,3,3,0,3,4,0,0,7885,,0,2,1,
2026-09-12T19:26:29.463Z,85488531000000,3970381,15901,-44021,-44024,,-25909,-24783,-24783,18024,2,2,-24783,-24783,0,1,1,0,,0,3,3,0,3,4,0,0,7886,,0,2,1,
2026-09-12T19:26:29.567Z,85488640000000,3970578,15903,-44025,-44023,,-25909,-25909,-25909,18024,2,2,-25909,-25909,0,1,1,0,,0,3,3,0,3,4,0,0,5632,,0,2,1,
2026-09-12T19:26:29.671Z,85488750000000,3970677,15904,-44049,-44023,,-25909,-25909,-25909,18024,2,2,-25909,-25909,0,1,1,0,,0,3,3,0,3,4,0,0,3379,,0,2,1,
2026-09-12T19:26:29.775Z,85488843000000,3970781,15905,-44039,-44025,,-25909,-23656,-23656,18024,2,2,-23656,-23656,0,1,1,0,,0,3,3,0,3,4,0,0,3379,,0,2,1,
2026-09-12T19:26:29.880Z,85488953000000,3970885,15906,-44018,-44027,,-25909,-21403,-21403,18024,2,2,-21403,-21403,0,1,1,0,,0,3,3,0,3,4,0,0,4506,,0,2,1,
2026-09-12T19:26:29.985Z,85489062000000,3970989,15907,-44012,-44026,,-25909,-22530,-22530,18024,2,2,-22530,-22530,0,1,1,0,,0,3,3,0,3,4,0,0,4506,,0,2,1,
2026-09-12T19:26:30.090Z,85489156000000,3971095,15908,-44030,-44025,,-25909,-23656,-23656,18024,2,2,-23656,-23656,0,1,1,0,,0,3,3,0,3,4,0,0,4506,,0,2,1,
2026-09-12T19:26:30.195Z,85489265000000,3971199,15909,-44022,-44025,,-25909,-23656,-23656,18024,2,2,-23656,-23656,0,1,1,0,,0,3,3,0,3,4,0,0,4506,,0,2,1,
2026-09-12T19:26:30.300Z,85489375000000,3971305,15910,-44028,-44025,,-25909,-23656,-23656,18024,2,2,-23656,-23656,0,1,1,0,,0,3,3,0,3,4,0,0,4506,,0,2,1,
2026-09-12T19:26:30.491Z,85489562000000,3971410,15911,-44021,-44025,,-23656,-23656,-23656,18024,2,2,-23656,-23656,0,1,1,0,,0,3,3,0,3,4,0,0,4506,,0,2,1,
2026-09-12T19:26:30.596Z,85489671000000,3971566,15913,-44034,-44025,,-23656,-23656,-23656,18024,2,2,-23656,-23656,0,1,1,0,,0,3,3,0,3,4,0,0,2253,,0,2,1,
2026-09-12T19:26:30.701Z,85489781000000,3971705,15914,-44028,-44025,,-23656,-23656,-23656,18024,2,2,-23656,-23656,0,1,1,0,,0,3,3,0,3,4,0,0,1126,,0,2,1,
2026-09-12T19:26:30.805Z,85489875000000,3971810,15915,-44032,-44026,,-23656,-22530,-22530,18024,2,2,-22530,-22530,0,1,1,0,,0,3,3,0,3,4,0,0,1126,,0,2,1,
2026-09-12T19:26:30.911Z,85489984000000,3971915,15916,-44017,-44026,,-23656,-22530,-22530,18024,2,2,-22530,-22530,0,1,1,0,,0,3,3,0,3,4,0,0,1126,,0,2,1,
2026-09-12T19:26:31.016Z,85490093000000,3972020,15917,-44026,-44026,,-23656,-22530,-22530,18024,2,2,-22530,-22530,0,1,1,0,,0,3,3,0,3,4,0,0,1126,,0,2,1,
2026-09-12T19:26:31.119Z,85490187000000,3972125,15918,-44023,-44026,,-23656,-22530,-22530,18024,2,2,-22530,-22530,0,1,1,0,,0,3,3,0,3,4,0,0,1126,,0,2,1,
2026-09-12T19:26:31.224Z,85490296000000,3972230,15919,-44040,-44026,,-23656,-22530,-22530,18024,2,2,-22530,-22530,0,1,1,0,,0,3,3,0,3,4,0,0,1126,,0,2,1,
2026-09-12T19:26:31.327Z,85490406000000,3972334,15920,-44045,-44028,,-23656,-20277,-20277,18024,2,2,-20277,-20277,0,1,1,0,,0,3,3,0,3,4,0,0,3379,,0,2,1,
2026-09-12T19:26:31.522Z,85490593000000,3972438,15921,-44029,-44030,,-18024,-18024,-18024,18024,2,2,-18024,-18024,0,1,1,0,,0,3,3,0,3,4,0,0,5632,,0,2,1,
2026-09-12T19:26:31.626Z,85490703000000,3972586,15923,-44038,-44030,,-18024,-18024,-18024,18024,2,2,-18024,-18024,0,1,1,0,,0,3,3,0,3,4,0,0,4506,,0,2,1,
2026-09-12T19:26:31.730Z,85490796000000,3972736,15924,-44038,-44031,,-18024,-16897,-16897,18024,2,2,-16897,-16897,0,1,1,0,,0,3,3,0,3,4,0,0,5633,,0,2,1,
2026-09-12T19:26:31.834Z,85490906000000,3972840,15925,-44037,-44032,,-18024,-15771,-15771,18024,2,2,-15771,-15771,0,1,1,0,,0,3,3,0,3,4,0,0,6759,,0,2,1,
2026-09-12T19:26:31.940Z,85491015000000,3972944,15926,-44030,-44033,,-18024,-14644,-14644,18024,2,2,-14644,-14644,0,1,1,0,,0,3,3,0,3,4,0,0,7886,,0,2,1,
2026-09-12T19:26:32.045Z,85491125000000,3973069,15928,-44024,-44032,,-18024,-15771,-15771,18024,2,2,-15771,-15771,0,1,1,0,,0,3,3,0,3,4,0,0,3380,,0,2,1,
2026-09-12T19:26:32.148Z,85491218000000,3973169,15929,-44035,-44031,,-18024,-16897,-16897,18024,2,2,-16897,-16897,0,1,1,0,,0,3,3,0,3,4,0,0,3380,,0,2,1,
2026-09-12T19:26:32.251Z,85491328000000,3973269,15930,-44032,-44031,,-18024,-16897,-16897,18024,2,2,-16897,-16897,0,1,1,0,,0,3,3,0,3,4,0,0,3380,,0,2,1,
2026-09-12T19:26:32.354Z,85491421000000,3973369,15931,-44017,-44031,,-18024,-16897,-16897,18024,2,2,-16897,-16897,0,1,1,0,,0,3,3,0,3,4,0,0,2253,,0,2,1,
2026-09-12T19:26:32.546Z,85491625000000,3973469,15932,-44007,-44029,,-21403,-19150,-19150,18024,2,2,-19150,-19150,0,1,1,0,,0,3,3,0,3,4,0,0,4506,,0,2,1,
2026-09-12T19:26:32.649Z,85491718000000,3973670,15934,-44046,-44026,,-21403,-22530,-22530,18024,2,2,-22530,-22530,0,1,1,0,,0,3,3,0,3,4,0,0,7886,,0,2,1,
2026-09-12T19:26:32.753Z,85491828000000,3973770,15935,-44041,-44028,,-21403,-20277,-20277,18024,2,2,-20277,-20277,0,1,1,0,,0,3,3,0,3,4,0,0,6759,,0,2,1,
2026-09-12T19:26:32.855Z,85491921000000,3973870,15936,-44024,-44030,,-21403,-18024,-18024,18024,2,2,-18024,-18024,0,1,1,0,,0,3,3,0,3,4,0,0,5633,,0,2,1,
2026-09-12T19:26:32.961Z,85492031000000,3973970,15937,-44017,-44029,,-21403,-19150,-19150,18024,2,2,-19150,-19150,0,1,1,0,,0,3,3,0,3,4,0,0,5633,,0,2,1,
2026-09-12T19:26:33.065Z,85492140000000,3974071,15938,-44030,-44028,,-21403,-20277,-20277,18024,2,2,-20277,-20277,0,1,1,0,,0,3,3,0,3,4,0,0,5633,,0,2,1,
2026-09-12T19:26:33.170Z,85492250000000,3974175,15939,-44046,-44028,,-21403,-20277,-20277,18024,2,2,-20277,-20277,0,1,1,0,,0,3,3,0,3,4,0,0,4506,,0,2,1,
2026-09-12T19:26:33.273Z,85492343000000,3974279,15940,-44047,-44030,,-21403,-18024,-18024,18024,2,2,-18024,-18024,0,1,1,0,,0,3,3,0,3,4,0,0,4506,,0,2,1,
2026-09-12T19:26:33.378Z,85492453000000,3974384,15941,-44039,-44032,,-21403,-15771,-15771,18024,2,2,-15771,-15771,0,1,1,0,,0,3,3,0,3,4,0,0,6759,,0,2,1,
2026-09-12T19:26:33.569Z,85492640000000,3974487,15942,-44037,-44033,,-13518,-14644,-14644,18024,2,2,-14644,-14644,0,1,1,0,,0,3,3,0,3,4,0,0,5633,,0,2,1,
2026-09-12T19:26:33.673Z,85492750000000,3974685,15944,-44020,-44032,,-13518,-15771,-15771,18024,2,2,-15771,-15771,0,1,1,0,,0,3,3,0,3,4,0,0,6759,,0,2,1,
2026-09-12T19:26:33.777Z,85492843000000,3974783,15945,-44032,-44030,,-13518,-18024,-18024,18024,2,2,-18024,-18024,0,1,1,0,,0,3,3,0,3,4,0,0,6759,,0,2,1,
2026-09-12T19:26:33.882Z,85492953000000,3974887,15946,-44039,-44030,,-13518,-18024,-18024,18024,2,2,-18024,-18024,0,1,1,0,,0,3,3,0,3,4,0,0,6759,,0,2,1,
2026-09-12T19:26:33.987Z,85493062000000,3974992,15947,-44048,-44031,,-13518,-16897,-16897,18024,2,2,-16897,-16897,0,1,1,0,,0,3,3,0,3,4,0,0,4506,,0,2,1,
2026-09-12T19:26:34.091Z,85493171000000,3975097,15948,-44035,-44032,,-13518,-15771,-15771,18024,2,2,-15771,-15771,0,1,1,0,,0,3,3,0,3,4,0,0,4506,,0,2,1,
2026-09-12T19:26:34.195Z,85493265000000,3975201,15949,-44022,-44032,,-13518,-15771,-15771,18024,2,2,-15771,-15771,0,1,1,0,,0,3,3,0,3,4,0,0,4506,,0,2,1,
2026-09-12T19:26:34.301Z,85493375000000,3975306,15950,-44050,-44032,,-13518,-15771,-15771,18024,2,2,-15771,-15771,0,1,1,0,,0,3,3,0,3,4,0,0,4506,,0,2,1,
2026-09-12T19:26:34.406Z,85493484000000,3975410,15951,-44049,-44034,,-13518,-13518,-13518,18024,2,2,-13518,-13518,0,1,1,0,,0,3,3,0,3,4,0,0,4506,,0,2,1,
2026-09-12T19:26:34.597Z,85493671000000,3975516,15952,-44044,-44036,,-12391,-11265,-11265,18024,2,2,-11265,-11265,0,1,1,0,,0,3,3,0,3,4,0,0,6759,,0,2,1,
2026-09-12T19:26:34.701Z,85493781000000,3975673,15954,-44009,-44035,,-12391,-12391,-12391,18024,2,2,-12391,-12391,0,1,1,0,,0,3,3,0,3,4,0,0,6759,,0,2,1,
2026-09-12T19:26:34.806Z,85493875000000,3975811,15955,-44015,-44032,,-12391,-15771,-15771,18024,2,2,-15771,-15771,0,1,1,0,,0,3,3,0,3,4,0,0,5633,,0,2,1,
2026-09-12T19:26:34.911Z,85493984000000,3975916,15956,-44026,-44030,,-12391,-18024,-18024,18024,2,2,-18024,-18024,0,1,1,0,,0,3,3,0,3,4,0,0,7886,,0,2,1,
2026-09-12T19:26:35.016Z,85494093000000,3976020,15957,-44019,-44029,,-12391,-19150,-19150,18024,2,2,-19150,-19150,0,1,1,0,,0,3,3,0,3,4,0,0,9012,,0,2,1,
2026-09-12T19:26:35.120Z,85494187000000,3976126,15958,-44017,-44028,,-12391,-20277,-20277,18024,2,2,-20277,-20277,0,1,1,0,,0,3,3,0,3,4,0,0,10139,,0,2,1,
2026-09-12T19:26:35.224Z,85494296000000,3976230,15959,-44021,-44027,,-12391,-21403,-21403,18024,2,2,-21403,-21403,0,1,1,0,,0,3,3,0,3,4,0,0,11265,,0,2,1,
2026-09-12T19:26:35.329Z,85494406000000,3976334,15960,-44019,-44026,,-12391,-22530,-22530,18024,2,2,-22530,-22530,0,1,1,0,,0,3,3,0,3,4,0,0,12392,,0,2,1,
2026-09-12T19:26:35.433Z,85494500000000,3976439,15961,-44022,-44025,,-12391,-23656,-23656,18024,2,2,-23656,-23656,0,1,1,0,,0,3,3,0,3,4,0,0,11265,,0,2,1,
2026-09-12T19:26:35.627Z,85494703000000,3976544,15962,-44024,-44025,,-23656,-23656,-23656,18024,2,2,-23656,-23656,0,1,1,0,,0,3,3,0,3,4,0,0,7885,,0,2,1,
2026-09-12T19:26:35.732Z,85494796000000,3976693,15964,-44007,-44025,,-23656,-23656,-23656,18024,2,2,-23656,-23656,0,1,1,0,,0,3,3,0,3,4,0,0,4506,,0,2,1,
2026-09-12T19:26:35.835Z,85494906000000,3976841,15965,-44018,-44024,,-23656,-24783,-24783,18024,2,2,-24783,-24783,0,1,1,0,,0,3,3,0,3,4,0,0,4506,,0,2,1,
2026-09-12T19:26:35.940Z,85495015000000,3976946,15966,-44037,-44023,,-23656,-25909,-25909,18024,2,2,-25909,-25909,0,1,1,0,,0,3,3,0,3,4,0,0,4506,,0,2,1,
2026-09-12T19:26:36.045Z,85495125000000,3977050,15967,-44027,-44024,,-23656,-24783,-24783,18024,2,2,-24783,-24783,0,1,1,0,,0,3,3,0,3,4,0,0,3379,,0,2,1,
2026-09-12T19:26:36.150Z,85495218000000,3977154,15968,-44027,-44024,,-23656,-24783,-24783,18024,2,2,-24783,-24783,0,1,1,0,,0,3,3,0,3,4,0,0,2253,,0,2,1,
2026-09-12T19:26:36.253Z,85495328000000,3977276,15970,-44020,-44023,,-23656,-25909,-25909,18024,2,2,-25909,-25909,0,1,1,0,,0,3,3,0,3,4,0,0,2253,,0,2,1,
2026-09-12T19:26:36.355Z,85495421000000,3977376,15971,-44025,-44023,,-23656,-25909,-25909,18024,2,2,-25909,-25909,0,1,1,0,,0,3,3,0,3,4,0,0,2253,,0,2,1,
2026-09-12T19:26:36.459Z,85495531000000,3977476,15972,-44019,-44023,,-23656,-25909,-25909,18024,2,2,-25909,-25909,0,1,1,0,,0,3,3,0,3,4,0,0,1126,,0,2,1,
2026-09-12T19:26:36.649Z,85495718000000,3977576,15973,-44008,-44022,,-27035,-27035,-27035,18024,2,2,-27035,-27035,0,1,1,0,,0,3,3,0,3,4,0,0,2252,,0,2,1,
2026-09-12T19:26:36.753Z,85495828000000,3977776,15975,-44031,-44023,,-27035,-25909,-25909,18024,2,2,-25909,-25909,0,1,1,0,,0,3,3,0,3,4,0,0,2252,,0,2,1,
2026-09-12T19:26:36.856Z,85495921000000,3977877,15976,-44032,-44024,,-27035,-24783,-24783,18024,2,2,-24783,-24783,0,1,1,0,,0,3,3,0,3,4,0,0,2252,,0,2,1,
2026-09-12T19:26:36.960Z,85496031000000,3977977,15977,-44008,-44025,,-27035,-23656,-23656,18024,2,2,-23656,-23656,0,1,1,0,,0,3,3,0,3,4,0,0,3379,,0,2,1,
2026-09-12T19:26:37.063Z,85496140000000,3978077,15978,-44013,-44023,,-27035,-25909,-25909,18024,2,2,-25909,-25909,0,1,1,0,,0,3,3,0,3,4,0,0,3379,,0,2,1,
2026-09-12T19:26:37.167Z,85496234000000,3978177,15979,-44026,-44022,,-27035,-27035,-27035,18024,2,2,-27035,-27035,0,1,1,0,,0,3,3,0,3,4,0,0,3379,,0,2,1,
2026-09-12T19:26:37.271Z,85496343000000,3978277,15980,-44036,-44023,,-27035,-25909,-25909,18024,2,2,-25909,-25909,0,1,1,0,,0,3,3,0,3,4,0,0,3379,,0,2,1,
2026-09-12T19:26:37.376Z,85496453000000,3978381,15981,-44025,-44023,,-27035,-25909,-25909,18024,2,2,-25909,-25909,0,1,1,0,,0,3,3,0,3,4,0,0,3379,,0,2,1,
2026-09-12T19:26:37.480Z,85496546000000,3978486,15982,-44023,-44023,,-27035,-25909,-25909,18024,2,2,-25909,-25909,0,1,1,0,,0,3,3,0,3,4,0,0,3379,,0,2,1,
2026-09-12T19:26:37.674Z,85496750000000,3978590,15983,-44018,-44023,,-27035,-25909,-25909,18024,2,2,-25909,-25909,0,1,1,0,,0,3,3,0,3,4,0,0,3379,,0,2,1,
2026-09-12T19:26:37.779Z,85496859000000,3978790,15985,-44028,-44021,,-27035,-28162,-28162,18024,2,2,-28162,-28162,0,1,1,0,,0,3,3,0,3,4,0,0,2253,,0,2,1,
2026-09-12T19:26:37.884Z,85496953000000,3978889,15986,-44032,-44022,,-27035,-27035,-27035,18024,2,2,-27035,-27035,0,1,1,0,,0,3,3,0,3,4,0,0,2253,,0,2,1,
2026-09-12T19:26:37.989Z,85497062000000,3978994,15987,-44013,-44023,,-27035,-25909,-25909,18024,2,2,-25909,-25909,0,1,1,0,,0,3,3,0,3,4,0,0,2253,,0,2,1,
2026-09-12T19:26:38.094Z,85497171000000,3979099,15988,-44018,-44022,,-27035,-27035,-27035,18024,2,2,-27035,-27035,0,1,1,0,,0,3,3,0,3,4,0,0,2253,,0,2,1,
2026-09-12T19:26:38.200Z,85497265000000,3979204,15989,-44040,-44021,,-27035,-28162,-28162,18024,2,2,-28162,-28162,0,1,1,0,,0,3,3,0,3,4,0,0,2253,,0,2,1,
2026-09-12T19:26:38.304Z,85497375000000,3979309,15990,-44029,-44022,,-27035,-27035,-27035,18024,2,2,-27035,-27035,0,1,1,0,,0,3,3,0,3,4,0,0,2253,,0,2,1,
2026-09-12T19:26:38.410Z,85497484000000,3979414,15991,-44019,-44023,,-27035,-25909,-25909,18024,2,2,-25909,-25909,0,1,1,0,,0,3,3,0,3,4,0,0,2253,,0,2,1,
2026-09-12T19:26:38.514Z,85497593000000,3979519,15992,-44028,-44024,,-27035,-24783,-24783,18024,2,2,-24783,-24783,0,1,1,0,,0,3,3,0,3,4,0,0,3379,,0,2,1,
2026-09-12T19:26:38.705Z,85497781000000,3979624,15993,-44010,-44023,,-25909,-25909,-25909,18024,2,2,-25909,-25909,0,1,1,0,,0,3,3,0,3,4,0,0,3379,,0,2,1,
2026-09-12T19:26:38.809Z,85497875000000,3979779,15995,-44034,-44023,,-25909,-25909,-25909,18024,2,2,-25909,-25909,0,1,1,0,,0,3,3,0,3,4,0,0,3379,,0,2,1,
2026-09-12T19:26:38.913Z,85497984000000,3979920,15996,-44035,-44024,,-25909,-24783,-24783,18024,2,2,-24783,-24783,0,1,1,0,,0,3,3,0,3,4,0,0,3379,,0,2,1,
2026-09-12T19:26:39.019Z,85498093000000,3980024,15997,-44020,-44025,,-25909,-23656,-23656,18024,2,2,-23656,-23656,0,1,1,0,,0,3,3,0,3,4,0,0,3379,,0,2,1,
2026-09-12T19:26:39.124Z,85498203000000,3980128,15998,-44011,-44024,,-25909,-24783,-24783,18024,2,2,-24783,-24783,0,1,1,0,,0,3,3,0,3,4,0,0,2253,,0,2,1,
2026-09-12T19:26:39.228Z,85498296000000,3980234,15999,-44011,-44022,,-25909,-27035,-27035,18024,2,2,-27035,-27035,0,1,1,0,,0,3,3,0,3,4,0,0,3379,,0,2,1,
2026-09-12T19:26:39.333Z,85498406000000,3980339,16000,-44021,-44021,,-25909,-28162,-28162,18024,2,2,-28162,-28162,0,1,1,0,,0,3,3,0,3,4,0,0,4506,,0,2,1,
2026-09-12T19:26:39.438Z,85498515000000,3980443,16001,-44021,-44021,,-25909,-28162,-28162,18024,2,2,-28162,-28162,0,1,1,0,,0,3,3,0,3,4,0,0,4506,,0,2,1,
2026-09-12T19:26:39.543Z,85498609000000,3980548,16002,-44024,-44021,,-25909,-28162,-28162,18024,2,2,-28162,-28162,0,1,1,0,,0,3,3,0,3,4,0,0,4506,,0,2,1,
2026-09-12T19:26:39.734Z,85498812000000,3980653,16003,-44016,-44021,,-31541,-28162,-28162,18024,2,2,-28162,-28162,0,1,1,0,,0,3,3,0,3,4,0,0,4506,,0,2,1,
2026-09-12T19:26:39.840Z,85498906000000,3980801,16005,-44006,-44018,,-31541,-31541,-31541,18024,2,2,-31541,-31541,0,1,1,0,,0,3,3,0,3,4,0,0,6758,,0,2,1,
2026-09-12T19:26:39.944Z,85499015000000,3980949,16006,-44029,-44017,,-31541,-32668,-32668,18024,2,2,-32668,-32668,0,1,1,0,,0,3,3,0,3,4,0,0,5633,,0,2,1,
2026-09-12T19:26:40.048Z,85499125000000,3981055,16007,-44033,-44019,,-31541,-30415,-30415,18024,2,2,-30415,-30415,0,1,1,0,,0,3,3,0,3,4,0,0,4506,,0,2,1,
2026-09-12T19:26:40.153Z,85499218000000,3981159,16008,-44027,-44020,,-31541,-29288,-29288,18024,2,2,-29288,-29288,0,1,1,0,,0,3,3,0,3,4,0,0,4506,,0,2,1,
2026-09-12T19:26:40.258Z,85499328000000,3981282,16010,-44018,-44022,,-31541,-27035,-27035,18024,2,2,-27035,-27035,0,1,1,0,,0,3,3,0,3,4,0,0,5633,,0,2,1,
2026-09-12T19:26:40.361Z,85499437000000,3981382,16011,-44022,-44022,,-31541,-27035,-27035,18024,2,2,-27035,-27035,0,1,1,0,,0,3,3,0,3,4,0,0,5633,,0,2,1,
2026-09-12T19:26:40.464Z,85499531000000,3981483,16012,-44037,-44022,,-31541,-27035,-27035,18024,2,2,-27035,-27035,0,1,1,0,,0,3,3,0,3,4,0,0,5633,,0,2,1,
2026-09-12T19:26:40.568Z,85499640000000,3981583,16013,-44040,-44024,,-31541,-24783,-24783,18024,2,2,-24783,-24783,0,1,1,0,,0,3,3,0,3,4,0,0,7885,,0,2,1,
2026-09-12T19:26:40.758Z,85499828000000,3981683,16014,-44030,-44026,,-21403,-22530,-22530,18024,2,2,-22530,-22530,0,1,1,0,,0,3,3,0,3,4,0,0,7885,,0,2,1,
2026-09-12T19:26:40.860Z,85499937000000,3981883,16016,-44017,-44026,,-21403,-22530,-22530,18024,2,2,-22530,-22530,0,1,1,0,,0,3,3,0,3,4,0,0,6759,,0,2,1,
2026-09-12T19:26:40.963Z,85500031000000,3981983,16017,-44019,-44025,,-21403,-23656,-23656,18024,2,2,-23656,-23656,0,1,1,0,,0,3,3,0,3,4,0,0,5632,,0,2,1,
2026-09-12T19:26:41.066Z,85500140000000,3982083,16018,-44019,-44024,,-21403,-24783,-24783,18024,2,2,-24783,-24783,0,1,1,0,,0,3,3,0,3,4,0,0,5632,,0,2,1,
2026-09-12T19:26:41.169Z,85500234000000,3982184,16019,-44020,-44023,,-21403,-25909,-25909,18024,2,2,-25909,-25909,0,1,1,0,,0,3,3,0,3,4,0,0,5632,,0,2,1,
2026-09-12T19:26:41.272Z,85500343000000,3982284,16020,-44037,-44023,,-21403,-25909,-25909,18024,2,2,-25909,-25909,0,1,1,0,,0,3,3,0,3,4,0,0,4506,,0,2,1,
2026-09-12T19:26:41.376Z,85500453000000,3982384,16021,-44051,-44025,,-21403,-23656,-23656,18024,2,2,-23656,-23656,0,1,1,0,,0,3,3,0,3,4,0,0,4506,,0,2,1,
2026-09-12T19:26:41.481Z,85500546000000,3982486,16022,-44042,-44027,,-21403,-21403,-21403,18024,2,2,-21403,-21403,0,1,1,0,,0,3,3,0,3,4,0,0,4506,,0,2,1,
2026-09-12T19:26:41.585Z,85500656000000,3982590,16023,-44019,-44029,,-21403,-19150,-19150,18024,2,2,-19150,-19150,0,1,1,0,,0,3,3,0,3,4,0,0,6759,,0,2,1,
2026-09-12T19:26:41.775Z,85500843000000,3982695,16024,-44002,-44028,,-21403,-20277,-20277,18024,2,2,-20277,-20277,0,1,1,0,,0,3,3,0,3,4,0,0,6759,,0,2,1,
2026-09-12T19:26:41.878Z,85500953000000,3982892,16026,-44026,-44026,,-21403,-22530,-22530,18024,2,2,-22530,-22530,0,1,1,0,,0,3,3,0,3,4,0,0,6759,,0,2,1,
2026-09-12T19:26:41.983Z,85501062000000,3982990,16027,-44025,-44026,,-21403,-22530,-22530,18024,2,2,-22530,-22530,0,1,1,0,,0,3,3,0,3,4,0,0,6759,,0,2,1,
2026-09-12T19:26:42.088Z,85501156000000,3983094,16028,-44026,-44026,,-21403,-22530,-22530,18024,2,2,-22530,-22530,0,1,1,0,,0,3,3,0,3,4,0,0,4506,,0,2,1,
2026-09-12T19:26:42.192Z,85501265000000,3983198,16029,-44031,-44026,,-21403,-22530,-22530,18024,2,2,-22530,-22530,0,1,1,0,,0,3,3,0,3,4,0,0,3380,,0,2,1,
2026-09-12T19:26:42.299Z,85501375000000,3983303,16030,-44029,-44026,,-21403,-22530,-22530,18024,2,2,-22530,-22530,0,1,1,0,,0,3,3,0,3,4,0,0,3380,,0,2,1,
2026-09-12T19:26:42.404Z,85501484000000,3983408,16031,-44038,-44027,,-21403,-21403,-21403,18024,2,2,-21403,-21403,0,1,1,0,,0,3,3,0,3,4,0,0,2253,,0,2,1,
2026-09-12T19:26:42.509Z,85501578000000,3983515,16032,-44032,-44028,,-21403,-20277,-20277,18024,2,2,-20277,-20277,0,1,1,0,,0,3,3,0,3,4,0,0,2253,,0,2,1,
2026-09-12T19:26:42.613Z,85501687000000,3983619,16033,-44024,-44029,,-21403,-19150,-19150,18024,2,2,-19150,-19150,0,1,1,0,,0,3,3,0,3,4,0,0,3380,,0,2,1,
2026-09-12T19:26:42.807Z,85501875000000,3983724,16034,-44029,-44029,,-19150,-19150,-19150,18024,2,2,-19150,-19150,0,1,1,0,,0,3,3,0,3,4,0,0,3380,,0,2,1,
2026-09-12T19:26:42.911Z,85501984000000,3983923,16036,-44018,-44029,,-19150,-19150,-19150,18024,2,2,-19150,-19150,0,1,1,0,,0,3,3,0,3,4,0,0,3380,,0,2,1,
2026-09-12T19:26:43.015Z,85502093000000,3984022,16037,-44026,-44029,,-19150,-19150,-19150,18024,2,2,-19150,-19150,0,1,1,0,,0,3,3,0,3,4,0,0,3380,,0,2,1,
2026-09-12T19:26:43.120Z,85502187000000,3984126,16038,-44016,-44028,,-19150,-20277,-20277,18024,2,2,-20277,-20277,0,1,1,0,,0,3,3,0,3,4,0,0,2253,,0,2,1,
2026-09-12T19:26:43.224Z,85502296000000,3984231,16039,-44026,-44028,,-19150,-20277,-20277,18024,2,2,-20277,-20277,0,1,1,0,,0,3,3,0,3,4,0,0,1127,,0,2,1,
2026-09-12T19:26:43.328Z,85502406000000,3984335,16040,-44038,-44028,,-19150,-20277,-20277,18024,2,2,-20277,-20277,0,1,1,0,,0,3,3,0,3,4,0,0,1127,,0,2,1,
2026-09-12T19:26:43.433Z,85502500000000,3984439,16041,-44031,-44028,,-19150,-20277,-20277,18024,2,2,-20277,-20277,0,1,1,0,,0,3,3,0,3,4,0,0,1127,,0,2,1,
2026-09-12T19:26:43.539Z,85502609000000,3984544,16042,-44045,-44029,,-19150,-19150,-19150,18024,2,2,-19150,-19150,0,1,1,0,,0,3,3,0,3,4,0,0,1127,,0,2,1,
2026-09-12T19:26:43.643Z,85502718000000,3984648,16043,-44045,-44031,,-19150,-16897,-16897,18024,2,2,-16897,-16897,0,1,1,0,,0,3,3,0,3,4,0,0,3380,,0,2,1,
2026-09-12T19:26:43.835Z,85502906000000,3984753,16044,-44016,-44033,,-20277,-14644,-14644,18024,2,2,-14644,-14644,0,1,1,0,,0,3,3,0,3,4,0,0,5633,,0,2,1,
2026-09-12T19:26:43.940Z,85503015000000,3984901,16046,-44008,-44028,,-20277,-20277,-20277,18024,2,2,-20277,-20277,0,1,1,0,,0,3,3,0,3,4,0,0,5633,,0,2,1,
2026-09-12T19:26:44.044Z,85503125000000,3985050,16047,-44021,-44025,,-20277,-23656,-23656,18024,2,2,-23656,-23656,0,1,1,0,,0,3,3,0,3,4,0,0,9012,,0,2,1,
2026-09-12T19:26:44.149Z,85503218000000,3985155,16048,-44019,-44024,,-20277,-24783,-24783,18024,2,2,-24783,-24783,0,1,1,0,,0,3,3,0,3,4,0,0,10139,,0,2,1,
2026-09-12T19:26:44.253Z,85503328000000,3985259,16049,-44027,-44024,,-20277,-24783,-24783,18024,2,2,-24783,-24783,0,1,1,0,,0,3,3,0,3,4,0,0,10139,,0,2,1,
2026-09-12T19:26:44.359Z,85503437000000,3985364,16050,-44024,-44024,,-20277,-24783,-24783,18024,2,2,-24783,-24783,0,1,1,0,,0,3,3,0,3,4,0,0,10139,,0,2,1,
2026-09-12T19:26:44.464Z,85503531000000,3985490,16052,-44022,-44024,,-20277,-24783,-24783,18024,2,2,-24783,-24783,0,1,1,0,,0,3,3,0,3,4,0,0,7886,,0,2,1,
2026-09-12T19:26:44.566Z,85503640000000,3985590,16053,-44023,-44024,,-20277,-24783,-24783,18024,2,2,-24783,-24783,0,1,1,0,,0,3,3,0,3,4,0,0,4506,,0,2,1,
2026-09-12T19:26:44.668Z,85503734000000,3985690,16054,-44017,-44024,,-20277,-24783,-24783,18024,2,2,-24783,-24783,0,1,1,0,,0,3,3,0,3,4,0,0,1127,,0,2,1,
2026-09-12T19:26:44.857Z,85503937000000,3985790,16055,-44024,-44024,,-25909,-24783,-24783,18024,2,2,-24783,-24783,0,1,1,0,,0,3,3,0,3,4,0,0,0,,0,2,1,
2026-09-12T19:26:44.962Z,85504031000000,3985890,16056,-44015,-44023,,-25909,-25909,-25909,18024,2,2,-25909,-25909,0,1,1,0,,0,3,3,0,3,4,0,0,1126,,0,2,1,
2026-09-12T19:26:45.065Z,85504140000000,3986090,16058,-44027,-44021,,-25909,-28162,-28162,18024,2,2,-28162,-28162,0,1,1,0,,0,3,3,0,3,4,0,0,3379,,0,2,1,
2026-09-12T19:26:45.169Z,85504234000000,3986191,16059,-44035,-44022,,-25909,-27035,-27035,18024,2,2,-27035,-27035,0,1,1,0,,0,3,3,0,3,4,0,0,3379,,0,2,1,
2026-09-12T19:26:45.271Z,85504343000000,3986291,16060,-44035,-44024,,-25909,-24783,-24783,18024,2,2,-24783,-24783,0,1,1,0,,0,3,3,0,3,4,0,0,3379,,0,2,1,
2026-09-12T19:26:45.374Z,85504453000000,3986391,16061,-44040,-44025,,-25909,-23656,-23656,18024,2,2,-23656,-23656,0,1,1,0,,0,3,3,0,3,4,0,0,4506,,0,2,1,
2026-09-12T19:26:45.478Z,85504546000000,3986491,16062,-44029,-44026,,-25909,-22530,-22530,18024,2,2,-22530,-22530,0,1,1,0,,0,3,3,0,3,4,0,0,5632,,0,2,1,
2026-09-12T19:26:45.584Z,85504656000000,3986591,16063,-44033,-44027,,-25909,-21403,-21403,18024,2,2,-21403,-21403,0,1,1,0,,0,3,3,0,3,4,0,0,6759,,0,2,1,
2026-09-12T19:26:45.688Z,85504765000000,3986694,16064,-44023,-44027,,-25909,-21403,-21403,18024,2,2,-21403,-21403,0,1,1,0,,0,3,3,0,3,4,0,0,6759,,0,2,1,
2026-09-12T19:26:45.880Z,85504953000000,3986798,16065,-44023,-44026,,-22530,-22530,-22530,18024,2,2,-22530,-22530,0,1,1,0,,0,3,3,0,3,4,0,0,6759,,0,2,1,
2026-09-12T19:26:45.985Z,85505062000000,3986997,16067,-44040,-44026,,-22530,-22530,-22530,18024,2,2,-22530,-22530,0,1,1,0,,0,3,3,0,3,4,0,0,3380,,0,2,1,
2026-09-12T19:26:46.090Z,85505156000000,3987097,16068,-44016,-44026,,-22530,-22530,-22530,18024,2,2,-22530,-22530,0,1,1,0,,0,3,3,0,3,4,0,0,2253,,0,2,1,
2026-09-12T19:26:46.194Z,85505265000000,3987200,16069,-44031,-44027,,-22530,-21403,-21403,18024,2,2,-21403,-21403,0,1,1,0,,0,3,3,0,3,4,0,0,1127,,0,2,1,
2026-09-12T19:26:46.299Z,85505375000000,3987305,16070,-44033,-44028,,-22530,-20277,-20277,18024,2,2,-20277,-20277,0,1,1,0,,0,3,3,0,3,4,0,0,2253,,0,2,1,
2026-09-12T19:26:46.404Z,85505484000000,3987409,16071,-44018,-44028,,-22530,-20277,-20277,18024,2,2,-20277,-20277,0,1,1,0,,0,3,3,0,3,4,0,0,2253,,0,2,1,
2026-09-12T19:26:46.508Z,85505578000000,3987515,16072,-43993,-44027,,-22530,-21403,-21403,18024,2,2,-21403,-21403,0,1,1,0,,0,3,3,0,3,4,0,0,2253,,0,2,1,
2026-09-12T19:26:46.612Z,85505687000000,3987619,16073,-44014,-44025,,-22530,-23656,-23656,18024,2,2,-23656,-23656,0,1,1,0,,0,3,3,0,3,4,0,0,3379,,0,2,1,
2026-09-12T19:26:46.717Z,85505796000000,3987724,16074,-44026,-44024,,-22530,-24783,-24783,18024,2,2,-24783,-24783,0,1,1,0,,0,3,3,0,3,4,0,0,4506,,0,2,1,
2026-09-12T19:26:46.909Z,85505984000000,3987827,16075,-44044,-44024,,-22530,-24783,-24783,18024,2,2,-24783,-24783,0,1,1,0,,0,3,3,0,3,4,0,0,4506,,0,2,1,
2026-09-12T19:26:47.014Z,85506093000000,3988026,16077,-44028,-44028,,-22530,-20277,-20277,18024,2,2,-20277,-20277,0,1,1,0,,0,3,3,0,3,4,0,0,4506,,0,2,1,
2026-09-12T19:26:47.119Z,85506187000000,3988124,16078,-44029,-44028,,-22530,-20277,-20277,18024,2,2,-20277,-20277,0,1,1,0,,0,3,3,0,3,4,0,0,4506,,0,2,1,
2026-09-12T19:26:47.223Z,85506296000000,3988228,16079,-44039,-44028,,-22530,-20277,-20277,18024,2,2,-20277,-20277,0,1,1,0,,0,3,3,0,3,4,0,0,4506,,0,2,1,
2026-09-12T19:26:47.328Z,85506406000000,3988334,16080,-44026,-44028,,-22530,-20277,-20277,18024,2,2,-20277,-20277,0,1,1,0,,0,3,3,0,3,4,0,0,4506,,0,2,1,
2026-09-12T19:26:47.432Z,85506500000000,3988438,16081,-44025,-44028,,-22530,-20277,-20277,18024,2,2,-20277,-20277,0,1,1,0,,0,3,3,0,3,4,0,0,4506,,0,2,1,
2026-09-12T19:26:47.536Z,85506609000000,3988543,16082,-44032,-44028,,-22530,-20277,-20277,18024,2,2,-20277,-20277,0,1,1,0,,0,3,3,0,3,4,0,0,4506,,0,2,1,
2026-09-12T19:26:47.640Z,85506718000000,3988647,16083,-44046,-44029,,-22530,-19150,-19150,18024,2,2,-19150,-19150,0,1,1,0,,0,3,3,0,3,4,0,0,3380,,0,2,1,
2026-09-12T19:26:47.744Z,85506812000000,3988751,16084,-44052,-44031,,-22530,-16897,-16897,18024,2,2,-16897,-16897,0,1,1,0,,0,3,3,0,3,4,0,0,3380,,0,2,1,
2026-09-12T19:26:47.935Z,85507015000000,3988855,16085,-44032,-44033,,-14644,-14644,-14644,18024,2,2,-14644,-14644,0,1,1,0,,0,3,3,0,3,4,0,0,5633,,0,2,1,
2026-09-12T19:26:48.039Z,85507109000000,3989002,16087,-44035,-44033,,-14644,-14644,-14644,18024,2,2,-14644,-14644,0,1,1,0,,0,3,3,0,3,4,0,0,5633,,0,2,1,
2026-09-12T19:26:48.143Z,85507218000000,3989150,16088,-44018,-44032,,-14644,-15771,-15771,18024,2,2,-15771,-15771,0,1,1,0,,0,3,3,0,3,4,0,0,5633,,0,2,1,
2026-09-12T19:26:48.247Z,85507328000000,3989255,16089,-44023,-44031,,-14644,-16897,-16897,18024,2,2,-16897,-16897,0,1,1,0,,0,3,3,0,3,4,0,0,5633,,0,2,1,
2026-09-12T19:26:48.351Z,85507421000000,3989358,16090,-44033,-44030,,-14644,-18024,-18024,18024,2,2,-18024,-18024,0,1,1,0,,0,3,3,0,3,4,0,0,4506,,0,2,1,
2026-09-12T19:26:48.456Z,85507531000000,3989463,16091,-44025,-44029,,-14644,-19150,-19150,18024,2,2,-19150,-19150,0,1,1,0,,0,3,3,0,3,4,0,0,4506,,0,2,1,
2026-09-12T19:26:48.559Z,85507625000000,3989566,16092,-44023,-44028,,-14644,-20277,-20277,18024,2,2,-20277,-20277,0,1,1,0,,0,3,3,0,3,4,0,0,5633,,0,2,1,
2026-09-12T19:26:48.663Z,85507734000000,3989671,16093,-44030,-44028,,-14644,-20277,-20277,18024,2,2,-20277,-20277,0,1,1,0,,0,3,3,0,3,4,0,0,5633,,0,2,1,
2026-09-12T19:26:48.767Z,85507843000000,3989774,16094,-44041,-44028,,-14644,-20277,-20277,18024,2,2,-20277,-20277,0,1,1,0,,0,3,3,0,3,4,0,0,5633,,0,2,1,
2026-09-12T19:26:48.959Z,85508031000000,3989897,16096,-44031,-44028,,-20277,-20277,-20277,18024,2,2,-20277,-20277,0,1,1,0,,0,3,3,0,3,4,0,0,3380,,0,2,1,
2026-09-12T19:26:49.064Z,85508140000000,3989997,16097,-44032,-44028,,-20277,-20277,-20277,18024,2,2,-20277,-20277,0,1,1,0,,0,3,3,0,3,4,0,0,2253,,0,2,1,
2026-09-12T19:26:49.168Z,85508234000000,3990174,16098,-44033,-44029,,-20277,-19150,-19150,18024,2,2,-19150,-19150,0,1,1,0,,0,3,3,0,3,4,0,0,1127,,0,2,1,
2026-09-12T19:26:49.271Z,85508343000000,3990279,16099,-44034,-44030,,-20277,-18024,-18024,18024,2,2,-18024,-18024,0,1,1,0,,0,3,3,0,3,4,0,0,2253,,0,2,1,
2026-09-12T19:26:49.374Z,85508453000000,3990398,16101,-44022,-44030,,-20277,-18024,-18024,18024,2,2,-18024,-18024,0,1,1,0,,0,3,3,0,3,4,0,0,2253,,0,2,1,
2026-09-12T19:26:49.478Z,85508546000000,3990498,16102,-44026,-44029,,-20277,-19150,-19150,18024,2,2,-19150,-19150,0,1,1,0,,0,3,3,0,3,4,0,0,2253,,0,2,1,
2026-09-12T19:26:49.580Z,85508656000000,3990599,16103,-44034,-44029,,-20277,-19150,-19150,18024,2,2,-19150,-19150,0,1,1,0,,0,3,3,0,3,4,0,0,2253,,0,2,1,
2026-09-12T19:26:49.683Z,85508750000000,3990699,16104,-44050,-44030,,-20277,-18024,-18024,18024,2,2,-18024,-18024,0,1,1,0,,0,3,3,0,3,4,0,0,2253,,0,2,1,
2026-09-12T19:26:49.786Z,85508859000000,3990799,16105,-44039,-44031,,-20277,-16897,-16897,18024,2,2,-16897,-16897,0,1,1,0,,0,3,3,0,3,4,0,0,2253,,0,2,1,
2026-09-12T19:26:49.977Z,85509046000000,3990899,16106,-44025,-44032,,-16897,-15771,-15771,18024,2,2,-15771,-15771,0,1,1,0,,0,3,3,0,3,4,0,0,3379,,0,2,1,
2026-09-12T19:26:50.080Z,85509156000000,3991099,16108,-44036,-44030,,-16897,-18024,-18024,18024,2,2,-18024,-18024,0,1,1,0,,0,3,3,0,3,4,0,0,3379,,0,2,1,
2026-09-12T19:26:50.183Z,85509250000000,3991200,16109,-44027,-44030,,-16897,-18024,-18024,18024,2,2,-18024,-18024,0,1,1,0,,0,3,3,0,3,4,0,0,3379,,0,2,1,
2026-09-12T19:26:50.285Z,85509359000000,3991300,16110,-44001,-44030,,-16897,-18024,-18024,18024,2,2,-18024,-18024,0,1,1,0,,0,3,3,0,3,4,0,0,3379,,0,2,1,
2026-09-12T19:26:50.390Z,85509468000000,3991400,16111,-44009,-44027,,-16897,-21403,-21403,18024,2,2,-21403,-21403,0,1,1,0,,0,3,3,0,3,4,0,0,5632,,0,2,1,
2026-09-12T19:26:50.495Z,85509562000000,3991501,16112,-44029,-44025,,-16897,-23656,-23656,18024,2,2,-23656,-23656,0,1,1,0,,0,3,3,0,3,4,0,0,7885,,0,2,1,
2026-09-12T19:26:50.599Z,85509671000000,3991606,16113,-44016,-44024,,-16897,-24783,-24783,18024,2,2,-24783,-24783,0,1,1,0,,0,3,3,0,3,4,0,0,9012,,0,2,1,
2026-09-12T19:26:50.704Z,85509781000000,3991710,16114,-44028,-44025,,-16897,-23656,-23656,18024,2,2,-23656,-23656,0,1,1,0,,0,3,3,0,3,4,0,0,7886,,0,2,1,
2026-09-12T19:26:50.808Z,85509875000000,3991815,16115,-44027,-44025,,-16897,-23656,-23656,18024,2,2,-23656,-23656,0,1,1,0,,0,3,3,0,3,4,0,0,6759,,0,2,1,
2026-09-12T19:26:51.001Z,85510078000000,3991920,16116,-44025,-44025,,-23656,-23656,-23656,18024,2,2,-23656,-23656,0,1,1,0,,0,3,3,0,3,4,0,0,6759,,0,2,1,
2026-09-12T19:26:51.105Z,85510171000000,3992118,16118,-44028,-44025,,-23656,-23656,-23656,18024,2,2,-23656,-23656,0,1,1,0,,0,3,3,0,3,4,0,0,3380,,0,2,1,
2026-09-12T19:26:51.209Z,85510281000000,3992217,16119,-44036,-44026,,-23656,-22530,-22530,18024,2,2,-22530,-22530,0,1,1,0,,0,3,3,0,3,4,0,0,2253,,0,2,1,
2026-09-12T19:26:51.313Z,85510390000000,3992321,16120,-44027,-44026,,-23656,-22530,-22530,18024,2,2,-22530,-22530,0,1,1,0,,0,3,3,0,3,4,0,0,2253,,0,2,1,
2026-09-12T19:26:51.418Z,85510484000000,3992425,16121,-44022,-44026,,-23656,-22530,-22530,18024,2,2,-22530,-22530,0,1,1,0,,0,3,3,0,3,4,0,0,1126,,0,2,1,
2026-09-12T19:26:51.523Z,85510593000000,3992530,16122,-44018,-44025,,-23656,-23656,-23656,18024,2,2,-23656,-23656,0,1,1,0,,0,3,3,0,3,4,0,0,1126,,0,2,1,
2026-09-12T19:26:51.627Z,85510703000000,3992634,16123,-44016,-44024,,-23656,-24783,-24783,18024,2,2,-24783,-24783,0,1,1,0,,0,3,3,0,3,4,0,0,2253,,0,2,1,
2026-09-12T19:26:51.731Z,85510796000000,3992738,16124,-44017,-44023,,-23656,-25909,-25909,18024,2,2,-25909,-25909,0,1,1,0,,0,3,3,0,3,4,0,0,3379,,0,2,1,
2026-09-12T19:26:51.837Z,85510906000000,3992843,16125,-44029,-44022,,-23656,-27035,-27035,18024,2,2,-27035,-27035,0,1,1,0,,0,3,3,0,3,4,0,0,4505,,0,2,1,
2026-09-12T19:26:52.028Z,85511093000000,3992948,16126,-44014,-44021,,-30415,-28162,-28162,18024,2,2,-28162,-28162,0,1,1,0,,0,3,3,0,3,4,0,0,5632,,0,2,1,
2026-09-12T19:26:52.133Z,85511203000000,3993103,16128,-44024,-44019,,-30415,-30415,-30415,18024,2,2,-30415,-30415,0,1,1,0,,0,3,3,0,3,4,0,0,7885,,0,2,1,
2026-09-12T19:26:52.238Z,85511312000000,3993244,16129,-44040,-44020,,-30415,-29288,-29288,18024,2,2,-29288,-29288,0,1,1,0,,0,3,3,0,3,4,0,0,6759,,0,2,1,
2026-09-12T19:26:52.342Z,85511421000000,3993348,16130,-44024,-44021,,-30415,-28162,-28162,18024,2,2,-28162,-28162,0,1,1,0,,0,3,3,0,3,4,0,0,5632,,0,2,1,
2026-09-12T19:26:52.447Z,85511515000000,3993453,16131,-44025,-44022,,-30415,-27035,-27035,18024,2,2,-27035,-27035,0,1,1,0,,0,3,3,0,3,4,0,0,4506,,0,2,1,
2026-09-12T19:26:52.551Z,85511625000000,3993558,16132,-44035,-44022,,-30415,-27035,-27035,18024,2,2,-27035,-27035,0,1,1,0,,0,3,3,0,3,4,0,0,3380,,0,2,1,
2026-09-12T19:26:52.655Z,85511734000000,3993662,16133,-44022,-44022,,-30415,-27035,-27035,18024,2,2,-27035,-27035,0,1,1,0,,0,3,3,0,3,4,0,0,3380,,0,2,1,
2026-09-12T19:26:52.759Z,85511828000000,3993767,16134,-44022,-44022,,-30415,-27035,-27035,18024,2,2,-27035,-27035,0,1,1,0,,0,3,3,0,3,4,0,0,3380,,0,2,1,
2026-09-12T19:26:52.862Z,85511937000000,3993870,16135,-44029,-44022,,-30415,-27035,-27035,18024,2,2,-27035,-27035,0,1,1,0,,0,3,3,0,3,4,0,0,3380,,0,2,1,
2026-09-12T19:26:53.053Z,85512125000000,3993974,16136,-44031,-44023,,-23656,-25909,-25909,18024,2,2,-25909,-25909,0,1,1,0,,0,3,3,0,3,4,0,0,3379,,0,2,1,
2026-09-12T19:26:53.158Z,85512234000000,3994121,16138,-44032,-44025,,-23656,-23656,-23656,18024,2,2,-23656,-23656,0,1,1,0,,0,3,3,0,3,4,0,0,3379,,0,2,1,
2026-09-12T19:26:53.261Z,85512328000000,3994270,16139,-44029,-44026,,-23656,-22530,-22530,18024,2,2,-22530,-22530,0,1,1,0,,0,3,3,0,3,4,0,0,4505,,0,2,1,
2026-09-12T19:26:53.367Z,85512437000000,3994373,16140,-44022,-44026,,-23656,-22530,-22530,18024,2,2,-22530,-22530,0,1,1,0,,0,3,3,0,3,4,0,0,4505,,0,2,1,
2026-09-12T19:26:53.471Z,85512546000000,3994478,16141,-44036,-44026,,-23656,-22530,-22530,18024,2,2,-22530,-22530,0,1,1,0,,0,3,3,0,3,4,0,0,4505,,0,2,1,
2026-09-12T19:26:53.575Z,85512640000000,3994582,16142,-44030,-44027,,-23656,-21403,-21403,18024,2,2,-21403,-21403,0,1,1,0,,0,3,3,0,3,4,0,0,5632,,0,2,1,
2026-09-12T19:26:53.679Z,85512750000000,3994687,16143,-44027,-44027,,-23656,-21403,-21403,18024,2,2,-21403,-21403,0,1,1,0,,0,3,3,0,3,4,0,0,4506,,0,2,1,
2026-09-12T19:26:53.783Z,85512859000000,3994806,16145,-44021,-44027,,-23656,-21403,-21403,18024,2,2,-21403,-21403,0,1,1,0,,0,3,3,0,3,4,0,0,2253,,0,2,1,
2026-09-12T19:26:53.885Z,85512953000000,3994907,16146,-44022,-44026,,-23656,-22530,-22530,18024,2,2,-22530,-22530,0,1,1,0,,0,3,3,0,3,4,0,0,1127,,0,2,1,
2026-09-12T19:26:54.074Z,85513140000000,3995007,16147,-44021,-44025,,-23656,-23656,-23656,18024,2,2,-23656,-23656,0,1,1,0,,0,3,3,0,3,4,0,0,2253,,0,2,1,
2026-09-12T19:26:54.179Z,85513250000000,3995107,16148,-44031,-44025,,-23656,-23656,-23656,18024,2,2,-23656,-23656,0,1,1,0,,0,3,3,0,3,4,0,0,2253,,0,2,1,
2026-09-12T19:26:54.282Z,85513359000000,3995307,16150,-44032,-44027,,-23656,-21403,-21403,18024,2,2,-21403,-21403,0,1,1,0,,0,3,3,0,3,4,0,0,2253,,0,2,1,
2026-09-12T19:26:54.384Z,85513453000000,3995407,16151,-44019,-44028,,-23656,-20277,-20277,18024,2,2,-20277,-20277,0,1,1,0,,0,3,3,0,3,4,0,0,3379,,0,2,1,
2026-09-12T19:26:54.487Z,85513562000000,3995508,16152,-44021,-44027,,-23656,-21403,-21403,18024,2,2,-21403,-21403,0,1,1,0,,0,3,3,0,3,4,0,0,3379,,0,2,1,
2026-09-12T19:26:54.589Z,85513656000000,3995608,16153,-44021,-44026,,-23656,-22530,-22530,18024,2,2,-22530,-22530,0,1,1,0,,0,3,3,0,3,4,0,0,3379,,0,2,1,
2026-09-12T19:26:54.692Z,85513765000000,3995708,16154,-44024,-44025,,-23656,-23656,-23656,18024,2,2,-23656,-23656,0,1,1,0,,0,3,3,0,3,4,0,0,3379,,0,2,1,
2026-09-12T19:26:54.798Z,85513875000000,3995808,16155,-44036,-44025,,-23656,-23656,-23656,18024,2,2,-23656,-23656,0,1,1,0,,0,3,3,0,3,4,0,0,3379,,0,2,1,
2026-09-12T19:26:54.903Z,85513968000000,3995909,16156,-44049,-44026,,-23656,-22530,-22530,18024,2,2,-22530,-22530,0,1,1,0,,0,3,3,0,3,4,0,0,3379,,0,2,1,
2026-09-12T19:26:55.095Z,85514171000000,3996015,16157,-44047,-44029,,-16897,-19150,-19150,18024,2,2,-19150,-19150,0,1,1,0,,0,3,3,0,3,4,0,0,4506,,0,2,1,
2026-09-12T19:26:55.199Z,85514265000000,3996213,16159,-44050,-44033,,-16897,-14644,-14644,18024,2,2,-14644,-14644,0,1,1,0,,0,3,3,0,3,4,0,0,9012,,0,2,1,
2026-09-12T19:26:55.304Z,85514375000000,3996311,16160,-44048,-44035,,-16897,-12391,-12391,18024,2,2,-12391,-12391,0,1,1,0,,0,3,3,0,3,4,0,0,11265,,0,2,1,
2026-09-12T19:26:55.408Z,85514484000000,3996415,16161,-44047,-44037,,-16897,-10138,-10138,18024,2,2,-10138,-10138,0,1,1,0,,0,3,3,0,3,4,0,0,13518,,0,2,1,
2026-09-12T19:26:55.513Z,85514593000000,3996521,16162,-44018,-44038,,-16897,-9012,-9012,18024,2,2,-9012,-9012,0,1,1,0,,0,3,3,0,3,4,0,0,14644,,0,2,1,
2026-09-12T19:26:55.618Z,85514687000000,3996625,16163,-44017,-44035,,-16897,-12391,-12391,18024,2,2,-12391,-12391,0,1,1,0,,0,3,3,0,3,4,0,0,13518,,0,2,1,
2026-09-12T19:26:55.723Z,85514796000000,3996729,16164,-44024,-44033,,-16897,-14644,-14644,18024,2,2,-14644,-14644,0,1,1,0,,0,3,3,0,3,4,0,0,10138,,0,2,1,
2026-09-12T19:26:55.828Z,85514906000000,3996834,16165,-44042,-44032,,-16897,-15771,-15771,18024,2,2,-15771,-15771,0,1,1,0,,0,3,3,0,3,4,0,0,7885,,0,2,1,
2026-09-12T19:26:55.933Z,85515000000000,3996939,16166,-44049,-44033,,-16897,-14644,-14644,18024,2,2,-14644,-14644,0,1,1,0,,0,3,3,0,3,4,0,0,6759,,0,2,1,
2026-09-12T19:26:56.126Z,85515203000000,3997044,16167,-44045,-44035,,-11265,-12391,-12391,18024,2,2,-12391,-12391,0,1,1,0,,0,3,3,0,3,4,0,0,6759,,0,2,1,
2026-09-12T19:26:56.231Z,85515296000000,3997244,16169,-44023,-44037,,-11265,-10138,-10138,18024,2,2,-10138,-10138,0,1,1,0,,0,3,3,0,3,4,0,0,6759,,0,2,1,
2026-09-12T19:26:56.334Z,85515406000000,3997342,16170,-44016,-44035,,-11265,-12391,-12391,18024,2,2,-12391,-12391,0,1,1,0,,0,3,3,0,3,4,0,0,5633,,0,2,1,
2026-09-12T19:26:56.439Z,85515515000000,3997447,16171,-44034,-44033,,-11265,-14644,-14644,18024,2,2,-14644,-14644,0,1,1,0,,0,3,3,0,3,4,0,0,5633,,0,2,1,
2026-09-12T19:26:56.544Z,85515625000000,3997551,16172,-44036,-44033,,-11265,-14644,-14644,18024,2,2,-14644,-14644,0,1,1,0,,0,3,3,0,3,4,0,0,5633,,0,2,1,
2026-09-12T19:26:56.648Z,85515718000000,3997655,16173,-44037,-44033,,-11265,-14644,-14644,18024,2,2,-14644,-14644,0,1,1,0,,0,3,3,0,3,4,0,0,4506,,0,2,1,
2026-09-12T19:26:56.752Z,85515828000000,3997760,16174,-44049,-44034,,-11265,-13518,-13518,18024,2,2,-13518,-13518,0,1,1,0,,0,3,3,0,3,4,0,0,4506,,0,2,1,
2026-09-12T19:26:56.857Z,85515921000000,3997864,16175,-44053,-44036,,-11265,-11265,-11265,18024,2,2,-11265,-11265,0,1,1,0,,0,3,3,0,3,4,0,0,4506,,0,2,1,
2026-09-12T19:26:56.962Z,85516031000000,3997968,16176,-44030,-44038,,-11265,-9012,-9012,18024,2,2,-9012,-9012,0,1,1,0,,0,3,3,0,3,4,0,0,5632,,0,2,1,
2026-09-12T19:26:57.153Z,85516218000000,3998073,16177,-44023,-44037,,-12391,-10138,-10138,18024,2,2,-10138,-10138,0,1,1,0,,0,3,3,0,3,4,0,0,5632,,0,2,1,
2026-09-12T19:26:57.257Z,85516328000000,3998220,16179,-44040,-44035,,-12391,-12391,-12391,18024,2,2,-12391,-12391,0,1,1,0,,0,3,3,0,3,4,0,0,5632,,0,2,1,
2026-09-12T19:26:57.361Z,85516437000000,3998369,16180,-44021,-44034,,-12391,-13518,-13518,18024,2,2,-13518,-13518,0,1,1,0,,0,3,3,0,3,4,0,0,5632,,0,2,1,
2026-09-12T19:26:57.466Z,85516531000000,3998473,16181,-44010,-44032,,-12391,-15771,-15771,18024,2,2,-15771,-15771,0,1,1,0,,0,3,3,0,3,4,0,0,6759,,0,2,1,
2026-09-12T19:26:57.571Z,85516640000000,3998577,16182,-44026,-44031,,-12391,-16897,-16897,18024,2,2,-16897,-16897,0,1,1,0,,0,3,3,0,3,4,0,0,7885,,0,2,1,
2026-09-12T19:26:57.674Z,85516750000000,3998682,16183,-44024,-44030,,-12391,-18024,-18024,18024,2,2,-18024,-18024,0,1,1,0,,0,3,3,0,3,4,0,0,9012,,0,2,1,
2026-09-12T19:26:57.778Z,85516843000000,3998786,16184,-44030,-44029,,-12391,-19150,-19150,18024,2,2,-19150,-19150,0,1,1,0,,0,3,3,0,3,4,0,0,9012,,0,2,1,
2026-09-12T19:26:57.882Z,85516953000000,3998890,16185,-44041,-44029,,-12391,-19150,-19150,18024,2,2,-19150,-19150,0,1,1,0,,0,3,3,0,3,4,0,0,7885,,0,2,1,
2026-09-12T19:26:57.987Z,85517062000000,3998994,16186,-44043,-44031,,-12391,-16897,-16897,18024,2,2,-16897,-16897,0,1,1,0,,0,3,3,0,3,4,0,0,6759,,0,2,1,
2026-09-12T19:26:58.176Z,85517250000000,3999114,16188,-44025,-44033,,-15771,-14644,-14644,18024,2,2,-14644,-14644,0,1,1,0,,0,3,3,0,3,4,0,0,4506,,0,2,1,
2026-09-12T19:26:58.279Z,85517359000000,3999214,16189,-44028,-44032,,-15771,-15771,-15771,18024,2,2,-15771,-15771,0,1,1,0,,0,3,3,0,3,4,0,0,4506,,0,2,1,
2026-09-12T19:26:58.383Z,85517453000000,3999391,16190,-44026,-44031,,-15771,-16897,-16897,18024,2,2,-16897,-16897,0,1,1,0,,0,3,3,0,3,4,0,0,4506,,0,2,1,
2026-09-12T19:26:58.488Z,85517562000000,3999495,16191,-44024,-44030,,-15771,-18024,-18024,18024,2,2,-18024,-18024,0,1,1,0,,0,3,3,0,3,4,0,0,4506,,0,2,1,
2026-09-12T19:26:58.590Z,85517656000000,3999615,16193,-43998,-44026,,-15771,-22530,-22530,18024,2,2,-22530,-22530,0,1,1,0,,0,3,3,0,3,4,0,0,7886,,0,2,1,
2026-09-12T19:26:58.695Z,85517765000000,3999716,16194,-44002,-44023,,-15771,-25909,-25909,18024,2,2,-25909,-25909,0,1,1,0,,0,3,3,0,3,4,0,0,11265,,0,2,1,
2026-09-12T19:26:58.798Z,85517875000000,3999816,16195,-44023,-44020,,-15771,-29288,-29288,18024,2,2,-29288,-29288,0,1,1,0,,0,3,3,0,3,4,0,0,14644,,0,2,1,
2026-09-12T19:26:58.901Z,85517968000000,3999916,16196,-44017,-44020,,-15771,-29288,-29288,18024,2,2,-29288,-29288,0,1,1,0,,0,3,3,0,3,4,0,0,13517,,0,2,1,
2026-09-12T19:26:59.005Z,85518078000000,4000016,16197,-44016,-44020,,-15771,-29288,-29288,18024,2,2,-29288,-29288,0,1,1,0,,0,3,3,0,3,4,0,0,12391,,0,2,1,
2026-09-12T19:26:59.199Z,85518265000000,4000117,16198,-44025,-44020,,-28162,-29288,-29288,18024,2,2,-29288,-29288,0,1,1,0,,0,3,3,0,3,4,0,0,11264,,0,2,1,
2026-09-12T19:26:59.303Z,85518375000000,4000317,16200,-44025,-44022,,-28162,-27035,-27035,18024,2,2,-27035,-27035,0,1,1,0,,0,3,3,0,3,4,0,0,6758,,0,2,1,
2026-09-12T19:26:59.407Z,85518484000000,4000417,16201,-44044,-44022,,-28162,-27035,-27035,18024,2,2,-27035,-27035,0,1,1,0,,0,3,3,0,3,4,0,0,3379,,0,2,1,
2026-09-12T19:26:59.511Z,85518578000000,4000519,16202,-44043,-44025,,-28162,-23656,-23656,18024,2,2,-23656,-23656,0,1,1,0,,0,3,3,0,3,4,0,0,5632,,0,2,1,
2026-09-12T19:26:59.617Z,85518687000000,4000623,16203,-44038,-44027,,-28162,-21403,-21403,18024,2,2,-21403,-21403,0,1,1,0,,0,3,3,0,3,4,0,0,7885,,0,2,1,
2026-09-12T19:26:59.722Z,85518796000000,4000728,16204,-44044,-44029,,-28162,-19150,-19150,18024,2,2,-19150,-19150,0,1,1,0,,0,3,3,0,3,4,0,0,10138,,0,2,1,
2026-09-12T19:26:59.826Z,85518906000000,4000833,16205,-44040,-44030,,-28162,-18024,-18024,18024,2,2,-18024,-18024,0,1,1,0,,0,3,3,0,3,4,0,0,11264,,0,2,1,
2026-09-12T19:26:59.930Z,85519000000000,4000938,16206,-44029,-44031,,-28162,-16897,-16897,18024,2,2,-16897,-16897,0,1,1,0,,0,3,3,0,3,4,0,0,11265,,0,2,1,
2026-09-12T19:27:00.034Z,85519109000000,4001042,16207,-44030,-44031,,-28162,-16897,-16897,18024,2,2,-16897,-16897,0,1,1,0,,0,3,3,0,3,4,0,0,10138,,0,2,1,
2026-09-12T19:27:00.226Z,85519296000000,4001146,16208,-44034,-44031,,-16897,-16897,-16897,18024,2,2,-16897,-16897,0,1,1,0,,0,3,3,0,3,4,0,0,10138,,0,2,1,
2026-09-12T19:27:00.331Z,85519406000000,4001344,16210,-44017,-44031,,-16897,-16897,-16897,18024,2,2,-16897,-16897,0,1,1,0,,0,3,3,0,3,4,0,0,4506,,0,2,1,
2026-09-12T19:27:00.436Z,85519515000000,4001443,16211,-44017,-44029,,-16897,-19150,-19150,18024,2,2,-19150,-19150,0,1,1,0,,0,3,3,0,3,4,0,0,2253,,0,2,1,
2026-09-12T19:27:00.539Z,85519609000000,4001547,16212,-44012,-44027,,-16897,-21403,-21403,18024,2,2,-21403,-21403,0,1,1,0,,0,3,3,0,3,4,0,0,4506,,0,2,1,
2026-09-12T19:27:00.644Z,85519718000000,4001652,16213,-44006,-44025,,-16897,-23656,-23656,18024,2,2,-23656,-23656,0,1,1,0,,0,3,3,0,3,4,0,0,6759,,0,2,1,
2026-09-12T19:27:00.749Z,85519828000000,4001756,16214,-44011,-44023,,-16897,-25909,-25909,18024,2,2,-25909,-25909,0,1,1,0,,0,3,3,0,3,4,0,0,9012,,0,2,1,
2026-09-12T19:27:00.853Z,85519921000000,4001861,16215,-44008,-44021,,-16897,-28162,-28162,18024,2,2,-28162,-28162,0,1,1,0,,0,3,3,0,3,4,0,0,11265,,0,2,1,
2026-09-12T19:27:00.958Z,85520031000000,4001965,16216,-44014,-44020,,-16897,-29288,-29288,18024,2,2,-29288,-29288,0,1,1,0,,0,3,3,0,3,4,0,0,12391,,0,2,1,
2026-09-12T19:27:01.063Z,85520140000000,4002070,16217,-44009,-44019,,-16897,-30415,-30415,18024,2,2,-30415,-30415,0,1,1,0,,0,3,3,0,3,4,0,0,13518,,0,2,1,
2026-09-12T19:27:01.254Z,85520328000000,4002174,16218,-44017,-44018,,-31541,-31541,-31541,18024,2,2,-31541,-31541,0,1,1,0,,0,3,3,0,3,4,0,0,12391,,0,2,1,
2026-09-12T19:27:01.358Z,85520437000000,4002321,16220,-44023,-44018,,-31541,-31541,-31541,18024,2,2,-31541,-31541,0,1,1,0,,0,3,3,0,3,4,0,0,7885,,0,2,1,
2026-09-12T19:27:01.462Z,85520531000000,4002470,16221,-44026,-44019,,-31541,-30415,-30415,18024,2,2,-30415,-30415,0,1,1,0,,0,3,3,0,3,4,0,0,5632,,0,2,1,
2026-09-12T19:27:01.567Z,85520640000000,4002575,16222,-44029,-44020,,-31541,-29288,-29288,18024,2,2,-29288,-29288,0,1,1,0,,0,3,3,0,3,4,0,0,3379,,0,2,1,
2026-09-12T19:27:01.671Z,85520750000000,4002678,16223,-44031,-44021,,-31541,-28162,-28162,18024,2,2,-28162,-28162,0,1,1,0,,0,3,3,0,3,4,0,0,3379,,0,2,1,
2026-09-12T19:27:01.776Z,85520843000000,4002783,16224,-44028,-44022,,-31541,-27035,-27035,18024,2,2,-27035,-27035,0,1,1,0,,0,3,3,0,3,4,0,0,4506,,0,2,1,
2026-09-12T19:27:01.880Z,85520953000000,4002887,16225,-44018,-44023,,-31541,-25909,-25909,18024,2,2,-25909,-25909,0,1,1,0,,0,3,3,0,3,4,0,0,5632,,0,2,1,
2026-09-12T19:27:01.985Z,85521062000000,4002992,16226,-44024,-44023,,-31541,-25909,-25909,18024,2,2,-25909,-25909,0,1,1,0,,0,3,3,0,3,4,0,0,5632,,0,2,1,
2026-09-12T19:27:02.089Z,85521156000000,4003097,16227,-44015,-44022,,-31541,-27035,-27035,18024,2,2,-27035,-27035,0,1,1,0,,0,3,3,0,3,4,0,0,5632,,0,2,1,
2026-09-12T19:27:02.279Z,85521359000000,4003201,16228,-44021,-44022,,-25909,-27035,-27035,18024,2,2,-27035,-27035,0,1,1,0,,0,3,3,0,3,4,0,0,4506,,0,2,1,
2026-09-12T19:27:02.384Z,85521453000000,4003322,16230,-44028,-44023,,-25909,-25909,-25909,18024,2,2,-25909,-25909,0,1,1,0,,0,3,3,0,3,4,0,0,2253,,0,2,1,
2026-09-12T19:27:02.488Z,85521562000000,4003496,16231,-44032,-44024,,-25909,-24783,-24783,18024,2,2,-24783,-24783,0,1,1,0,,0,3,3,0,3,4,0,0,2252,,0,2,1,
2026-09-12T19:27:02.592Z,85521671000000,4003601,16232,-44027,-44025,,-25909,-23656,-23656,18024,2,2,-23656,-23656,0,1,1,0,,0,3,3,0,3,4,0,0,3379,,0,2,1,
2026-09-12T19:27:02.696Z,85521765000000,4003723,16234,-44028,-44025,,-25909,-23656,-23656,18024,2,2,-23656,-23656,0,1,1,0,,0,3,3,0,3,4,0,0,3379,,0,2,1,
2026-09-12T19:27:02.799Z,85521875000000,4003823,16235,-44025,-44025,,-25909,-23656,-23656,18024,2,2,-23656,-23656,0,1,1,0,,0,3,3,0,3,4,0,0,3379,,0,2,1,
2026-09-12T19:27:02.904Z,85521984000000,4003923,16236,-44024,-44025,,-25909,-23656,-23656,18024,2,2,-23656,-23656,0,1,1,0,,0,3,3,0,3,4,0,0,3379,,0,2,1,
2026-09-12T19:27:03.007Z,85522078000000,4004023,16237,-44013,-44025,,-25909,-23656,-23656,18024,2,2,-23656,-23656,0,1,1,0,,0,3,3,0,3,4,0,0,2253,,0,2,1,
2026-09-12T19:27:03.109Z,85522187000000,4004123,16238,-44026,-44025,,-25909,-23656,-23656,18024,2,2,-23656,-23656,0,1,1,0,,0,3,3,0,3,4,0,0,1127,,0,2,1,
2026-09-12T19:27:03.300Z,85522375000000,4004223,16239,-44025,-44025,,-23656,-23656,-23656,18024,2,2,-23656,-23656,0,1,1,0,,0,3,3,0,3,4,0,0,0,,0,2,1,
2026-09-12T19:27:03.403Z,85522468000000,4004424,16241,-44025,-44025,,-23656,-23656,-23656,18024,2,2,-23656,-23656,0,1,1,0,,0,3,3,0,3,4,0,0,0,,0,2,1,
2026-09-12T19:27:03.507Z,85522578000000,4004524,16242,-44020,-44025,,-23656,-23656,-23656,18024,2,2,-23656,-23656,0,1,1,0,,0,3,3,0,3,4,0,0,0,,0,2,1,
2026-09-12T19:27:03.609Z,85522687000000,4004624,16243,-44022,-44025,,-23656,-23656,-23656,18024,2,2,-23656,-23656,0,1,1,0,,0,3,3,0,3,4,0,0,0,,0,2,1,
2026-09-12T19:27:03.713Z,85522781000000,4004724,16244,-44016,-44024,,-23656,-24783,-24783,18024,2,2,-24783,-24783,0,1,1,0,,0,3,3,0,3,4,0,0,1127,,0,2,1,
2026-09-12T19:27:03.818Z,85522890000000,4004826,16245,-44019,-44023,,-23656,-25909,-25909,18024,2,2,-25909,-25909,0,1,1,0,,0,3,3,0,3,4,0,0,2253,,0,2,1,
2026-09-12T19:27:03.923Z,85523000000000,4004930,16246,-44016,-44022,,-23656,-27035,-27035,18024,2,2,-27035,-27035,0,1,1,0,,0,3,3,0,3,4,0,0,3379,,0,2,1,
2026-09-12T19:27:04.027Z,85523093000000,4005035,16247,-44012,-44021,,-23656,-28162,-28162,18024,2,2,-28162,-28162,0,1,1,0,,0,3,3,0,3,4,0,0,4506,,0,2,1,
2026-09-12T19:27:04.132Z,85523203000000,4005139,16248,-44026,-44020,,-23656,-29288,-29288,18024,2,2,-29288,-29288,0,1,1,0,,0,3,3,0,3,4,0,0,5632,,0,2,1,
2026-09-12T19:27:04.325Z,85523390000000,4005244,16249,-44010,-44019,,-31541,-30415,-30415,18024,2,2,-30415,-30415,0,1,1,0,,0,3,3,0,3,4,0,0,6759,,0,2,1,
2026-09-12T19:27:04.430Z,85523500000000,4005443,16251,-44026,-44018,,-31541,-31541,-31541,18024,2,2,-31541,-31541,0,1,1,0,,0,3,3,0,3,4,0,0,6758,,0,2,1,
2026-09-12T19:27:04.534Z,85523609000000,4005542,16252,-44033,-44019,,-31541,-30415,-30415,18024,2,2,-30415,-30415,0,1,1,0,,0,3,3,0,3,4,0,0,5632,,0,2,1,
2026-09-12T19:27:04.639Z,85523718000000,4005646,16253,-44017,-44020,,-31541,-29288,-29288,18024,2,2,-29288,-29288,0,1,1,0,,0,3,3,0,3,4,0,0,4506,,0,2,1,
2026-09-12T19:27:04.744Z,85523812000000,4005751,16254,-44018,-44020,,-31541,-29288,-29288,18024,2,2,-29288,-29288,0,1,1,0,,0,3,3,0,3,4,0,0,3379,,0,2,1,
2026-09-12T19:27:04.848Z,85523921000000,4005856,16255,-44034,-44020,,-31541,-29288,-29288,18024,2,2,-29288,-29288,0,1,1,0,,0,3,3,0,3,4,0,0,2253,,0,2,1,
2026-09-12T19:27:04.953Z,85524031000000,4005960,16256,-44025,-44021,,-31541,-28162,-28162,18024,2,2,-28162,-28162,0,1,1,0,,0,3,3,0,3,4,0,0,3379,,0,2,1,
2026-09-12T19:27:05.057Z,85524125000000,4006065,16257,-44028,-44022,,-31541,-27035,-27035,18024,2,2,-27035,-27035,0,1,1,0,,0,3,3,0,3,4,0,0,4506,,0,2,1,
2026-09-12T19:27:05.162Z,85524234000000,4006169,16258,-44037,-44023,,-31541,-25909,-25909,18024,2,2,-25909,-25909,0,1,1,0,,0,3,3,0,3,4,0,0,5632,,0,2,1,
2026-09-12T19:27:05.352Z,85524421000000,4006274,16259,-44021,-44024,,-20277,-24783,-24783,18024,2,2,-24783,-24783,0,1,1,0,,0,3,3,0,3,4,0,0,5632,,0,2,1,
2026-09-12T19:27:05.456Z,85524531000000,4006427,16261,-44052,-44028,,-20277,-20277,-20277,18024,2,2,-20277,-20277,0,1,1,0,,0,3,3,0,3,4,0,0,9011,,0,2,1,
2026-09-12T19:27:05.562Z,85524640000000,4006568,16262,-44024,-44029,,-20277,-19150,-19150,18024,2,2,-19150,-19150,0,1,1,0,,0,3,3,0,3,4,0,0,10138,,0,2,1,
2026-09-12T19:27:05.666Z,85524734000000,4006674,16263,-44023,-44028,,-20277,-20277,-20277,18024,2,2,-20277,-20277,0,1,1,0,,0,3,3,0,3,4,0,0,9012,,0,2,1,
2026-09-12T19:27:05.770Z,85524843000000,4006778,16264,-44035,-44027,,-20277,-21403,-21403,18024,2,2,-21403,-21403,0,1,1,0,,0,3,3,0,3,4,0,0,7885,,0,2,1,
2026-09-12T19:27:05.874Z,85524953000000,4006882,16265,-44026,-44027,,-20277,-21403,-21403,18024,2,2,-21403,-21403,0,1,1,0,,0,3,3,0,3,4,0,0,6759,,0,2,1,
2026-09-12T19:27:05.978Z,85525046000000,4006986,16266,-44019,-44027,,-20277,-21403,-21403,18024,2,2,-21403,-21403,0,1,1,0,,0,3,3,0,3,4,0,0,5633,,0,2,1,
2026-09-12T19:27:06.083Z,85525156000000,4007091,16267,-44031,-44027,,-20277,-21403,-21403,18024,2,2,-21403,-21403,0,1,1,0,,0,3,3,0,3,4,0,0,3380,,0,2,1,
2026-09-12T19:27:06.187Z,85525265000000,4007195,16268,-44044,-44028,,-20277,-20277,-20277,18024,2,2,-20277,-20277,0,1,1,0,,0,3,3,0,3,4,0,0,2253,,0,2,1,
2026-09-12T19:27:06.378Z,85525453000000,4007299,16269,-44047,-44030,,-15771,-18024,-18024,18024,2,2,-18024,-18024,0,1,1,0,,0,3,3,0,3,4,0,0,3379,,0,2,1,
2026-09-12T19:27:06.483Z,85525562000000,4007446,16271,-44031,-44032,,-15771,-15771,-15771,18024,2,2,-15771,-15771,0,1,1,0,,0,3,3,0,3,4,0,0,5632,,0,2,1,
2026-09-12T19:27:06.587Z,85525656000000,4007596,16272,-44038,-44032,,-15771,-15771,-15771,18024,2,2,-15771,-15771,0,1,1,0,,0,3,3,0,3,4,0,0,5632,,0,2,1,
2026-09-12T19:27:06.691Z,85525765000000,4007699,16273,-44038,-44033,,-15771,-14644,-14644,18024,2,2,-14644,-14644,0,1,1,0,,0,3,3,0,3,4,0,0,6759,,0,2,1,
2026-09-12T19:27:06.797Z,85525875000000,4007804,16274,-44010,-44034,,-15771,-13518,-13518,18024,2,2,-13518,-13518,0,1,1,0,,0,3,3,0,3,4,0,0,7885,,0,2,1,
2026-09-12T19:27:06.901Z,85525968000000,4007908,16275,-44017,-44032,,-15771,-15771,-15771,18024,2,2,-15771,-15771,0,1,1,0,,0,3,3,0,3,4,0,0,6759,,0,2,1,
2026-09-12T19:27:07.004Z,85526078000000,4008030,16277,-44012,-44028,,-15771,-20277,-20277,18024,2,2,-20277,-20277,0,1,1,0,,0,3,3,0,3,4,0,0,6759,,0,2,1,
2026-09-12T19:27:07.107Z,85526187000000,4008130,16278,-44024,-44026,,-15771,-22530,-22530,18024,2,2,-22530,-22530,0,1,1,0,,0,3,3,0,3,4,0,0,9012,,0,2,1,
2026-09-12T19:27:07.210Z,85526281000000,4008231,16279,-44014,-44024,,-15771,-24783,-24783,18024,2,2,-24783,-24783,0,1,1,0,,0,3,3,0,3,4,0,0,11265,,0,2,1,
2026-09-12T19:27:07.399Z,85526468000000,4008331,16280,-44022,-44024,,-24783,-24783,-24783,18024,2,2,-24783,-24783,0,1,1,0,,0,3,3,0,3,4,0,0,11265,,0,2,1,
2026-09-12T19:27:07.504Z,85526578000000,4008531,16282,-44053,-44025,,-24783,-23656,-23656,18024,2,2,-23656,-23656,0,1,1,0,,0,3,3,0,3,4,0,0,9012,,0,2,1,
2026-09-12T19:27:07.607Z,85526687000000,4008631,16283,-44028,-44026,,-24783,-22530,-22530,18024,2,2,-22530,-22530,0,1,1,0,,0,3,3,0,3,4,0,0,6759,,0,2,1,
2026-09-12T19:27:07.710Z,85526781000000,4008731,16284,-44042,-44028,,-24783,-20277,-20277,18024,2,2,-20277,-20277,0,1,1,0,,0,3,3,0,3,4,0,0,4506,,0,2,1,
2026-09-12T19:27:07.813Z,85526890000000,4008831,16285,-44042,-44030,,-24783,-18024,-18024,18024,2,2,-18024,-18024,0,1,1,0,,0,3,3,0,3,4,0,0,6759,,0,2,1,
2026-09-12T19:27:07.916Z,85526984000000,4008932,16286,-44025,-44032,,-24783,-15771,-15771,18024,2,2,-15771,-15771,0,1,1,0,,0,3,3,0,3,4,0,0,9012,,0,2,1,
2026-09-12T19:27:08.021Z,85527093000000,4009032,16287,-44016,-44031,,-24783,-16897,-16897,18024,2,2,-16897,-16897,0,1,1,0,,0,3,3,0,3,4,0,0,9012,,0,2,1,
2026-09-12T19:27:08.125Z,85527203000000,4009133,16288,-44012,-44029,,-24783,-19150,-19150,18024,2,2,-19150,-19150,0,1,1,0,,0,3,3,0,3,4,0,0,9012,,0,2,1,
2026-09-12T19:27:08.230Z,85527296000000,4009238,16289,-44015,-44027,,-24783,-21403,-21403,18024,2,2,-21403,-21403,0,1,1,0,,0,3,3,0,3,4,0,0,7885,,0,2,1,
2026-09-12T19:27:08.423Z,85527500000000,4009343,16290,-44027,-44025,,-24783,-23656,-23656,18024,2,2,-23656,-23656,0,1,1,0,,0,3,3,0,3,4,0,0,7885,,0,2,1,
2026-09-12T19:27:08.527Z,85527593000000,4009541,16292,-44014,-44023,,-24783,-25909,-25909,18024,2,2,-25909,-25909,0,1,1,0,,0,3,3,0,3,4,0,0,10138,,0,2,1,
2026-09-12T19:27:08.632Z,85527703000000,4009639,16293,-44024,-44022,,-24783,-27035,-27035,18024,2,2,-27035,-27035,0,1,1,0,,0,3,3,0,3,4,0,0,11264,,0,2,1,
2026-09-12T19:27:08.737Z,85527812000000,4009744,16294,-44013,-44021,,-24783,-28162,-28162,18024,2,2,-28162,-28162,0,1,1,0,,0,3,3,0,3,4,0,0,11265,,0,2,1,
2026-09-12T19:27:08.840Z,85527906000000,4009850,16295,-44007,-44020,,-24783,-29288,-29288,18024,2,2,-29288,-29288,0,1,1,0,,0,3,3,0,3,4,0,0,10138,,0,2,1,
2026-09-12T19:27:08.945Z,85528015000000,4009953,16296,-44016,-44019,,-24783,-30415,-30415,18024,2,2,-30415,-30415,0,1,1,0,,0,3,3,0,3,4,0,0,9012,,0,2,1,
2026-09-12T19:27:09.049Z,85528125000000,4010057,16297,-44028,-44019,,-24783,-30415,-30415,18024,2,2,-30415,-30415,0,1,1,0,,0,3,3,0,3,4,0,0,6759,,0,2,1,
2026-09-12T19:27:09.154Z,85528234000000,4010162,16298,-44041,-44020,,-24783,-29288,-29288,18024,2,2,-29288,-29288,0,1,1,0,,0,3,3,0,3,4,0,0,5632,,0,2,1,
2026-09-12T19:27:09.258Z,85528328000000,4010266,16299,-44009,-44021,,-24783,-28162,-28162,18024,2,2,-28162,-28162,0,1,1,0,,0,3,3,0,3,4,0,0,4506,,0,2,1,
2026-09-12T19:27:09.452Z,85528531000000,4010371,16300,-44001,-44019,,-31541,-30415,-30415,18024,2,2,-30415,-30415,0,1,1,0,,0,3,3,0,3,4,0,0,3380,,0,2,1,
2026-09-12T19:27:09.557Z,85528625000000,4010571,16302,-44020,-44018,,-31541,-31541,-31541,18024,2,2,-31541,-31541,0,1,1,0,,0,3,3,0,3,4,0,0,3379,,0,2,1,
2026-09-12T19:27:09.662Z,85528734000000,4010669,16303,-44013,-44018,,-31541,-31541,-31541,18024,2,2,-31541,-31541,0,1,1,0,,0,3,3,0,3,4,0,0,3379,,0,2,1,
2026-09-12T19:27:09.766Z,85528843000000,4010774,16304,-44028,-44018,,-31541,-31541,-31541,18024,2,2,-31541,-31541,0,1,1,0,,0,3,3,0,3,4,0,0,3379,,0,2,1,
2026-09-12T19:27:09.871Z,85528937000000,4010879,16305,-44030,-44019,,-31541,-30415,-30415,18024,2,2,-30415,-30415,0,1,1,0,,0,3,3,0,3,4,0,0,3379,,0,2,1,
2026-09-12T19:27:09.977Z,85529046000000,4010984,16306,-44024,-44020,,-31541,-29288,-29288,18024,2,2,-29288,-29288,0,1,1,0,,0,3,3,0,3,4,0,0,3379,,0,2,1,
2026-09-12T19:27:10.082Z,85529156000000,4011089,16307,-44042,-44021,,-31541,-28162,-28162,18024,2,2,-28162,-28162,0,1,1,0,,0,3,3,0,3,4,0,0,3379,,0,2,1,
2026-09-12T19:27:10.187Z,85529265000000,4011194,16308,-44033,-44023,,-31541,-25909,-25909,18024,2,2,-25909,-25909,0,1,1,0,,0,3,3,0,3,4,0,0,5632,,0,2,1,
2026-09-12T19:27:10.291Z,85529359000000,4011299,16309,-44037,-44025,,-31541,-23656,-23656,18024,2,2,-23656,-23656,0,1,1,0,,0,3,3,0,3,4,0,0,7885,,0,2,1,
2026-09-12T19:27:10.483Z,85529562000000,4011404,16310,-44027,-44026,,-22530,-22530,-22530,18024,2,2,-22530,-22530,0,1,1,0,,0,3,3,0,3,4,0,0,9011,,0,2,1,
2026-09-12T19:27:10.587Z,85529656000000,4011551,16312,-44030,-44026,,-22530,-22530,-22530,18024,2,2,-22530,-22530,0,1,1,0,,0,3,3,0,3,4,0,0,7885,,0,2,1,
2026-09-12T19:27:10.691Z,85529765000000,4011700,16313,-44037,-44027,,-22530,-21403,-21403,18024,2,2,-21403,-21403,0,1,1,0,,0,3,3,0,3,4,0,0,7885,,0,2,1,
2026-09-12T19:27:10.796Z,85529875000000,4011804,16314,-44022,-44027,,-22530,-21403,-21403,18024,2,2,-21403,-21403,0,1,1,0,,0,3,3,0,3,4,0,0,6759,,0,2,1,
2026-09-12T19:27:10.901Z,85529968000000,4011908,16315,-44026,-44027,,-22530,-21403,-21403,18024,2,2,-21403,-21403,0,1,1,0,,0,3,3,0,3,4,0,0,4506,,0,2,1,
2026-09-12T19:27:11.005Z,85530078000000,4012013,16316,-44032,-44027,,-22530,-21403,-21403,18024,2,2,-21403,-21403,0,1,1,0,,0,3,3,0,3,4,0,0,2253,,0,2,1,
2026-09-12T19:27:11.109Z,85530187000000,4012117,16317,-44020,-44027,,-22530,-21403,-21403,18024,2,2,-21403,-21403,0,1,1,0,,0,3,3,0,3,4,0,0,1127,,0,2,1,
2026-09-12T19:27:11.212Z,85530281000000,4012238,16319,-44022,-44025,,-22530,-23656,-23656,18024,2,2,-23656,-23656,0,1,1,0,,0,3,3,0,3,4,0,0,2253,,0,2,1,
2026-09-12T19:27:11.315Z,85530390000000,4012338,16320,-44018,-44024,,-22530,-24783,-24783,18024,2,2,-24783,-24783,0,1,1,0,,0,3,3,0,3,4,0,0,3380,,0,2,1,
2026-09-12T19:27:11.504Z,85530578000000,4012438,16321,-44014,-44023,,-27035,-25909,-25909,18024,2,2,-25909,-25909,0,1,1,0,,0,3,3,0,3,4,0,0,4506,,0,2,1,
2026-09-12T19:27:11.608Z,85530687000000,4012538,16322,-44013,-44022,,-27035,-27035,-27035,18024,2,2,-27035,-27035,0,1,1,0,,0,3,3,0,3,4,0,0,5632,,0,2,1,
2026-09-12T19:27:11.712Z,85530781000000,4012739,16324,-44022,-44020,,-27035,-29288,-29288,18024,2,2,-29288,-29288,0,1,1,0,,0,3,3,0,3,4,0,0,7885,,0,2,1,
2026-09-12T19:27:11.815Z,85530890000000,4012839,16325,-44007,-44019,,-27035,-30415,-30415,18024,2,2,-30415,-30415,0,1,1,0,,0,3,3,0,3,4,0,0,7885,,0,2,1,
2026-09-12T19:27:11.918Z,85530984000000,4012939,16326,-44008,-44018,,-27035,-31541,-31541,18024,2,2,-31541,-31541,0,1,1,0,,0,3,3,0,3,4,0,0,7885,,0,2,1,
2026-09-12T19:27:12.022Z,85531093000000,4013039,16327,-44013,-44017,,-27035,-32668,-32668,18024,2,2,-32668,-32668,0,1,1,0,,0,3,3,0,3,4,0,0,7885,,0,2,1,
2026-09-12T19:27:12.127Z,85531203000000,4013139,16328,-44032,-44016,,-27035,-33794,-33794,18024,2,2,-33794,-33794,0,1,1,0,,0,3,3,0,3,4,0,0,7885,,0,2,1,
2026-09-12T19:27:12.231Z,85531296000000,4013239,16329,-44019,-44016,,-27035,-33794,-33794,18024,2,2,-33794,-33794,0,1,1,0,,0,3,3,0,3,4,0,0,6759,,0,2,1,
2026-09-12T19:27:12.336Z,85531406000000,4013344,16330,-44017,-44016,,-27035,-33794,-33794,18024,2,2,-33794,-33794,0,1,1,0,,0,3,3,0,3,4,0,0,5632,,0,2,1,
2026-09-12T19:27:12.528Z,85531593000000,4013448,16331,-44013,-44016,,-33794,-33794,-33794,18024,2,2,-33794,-33794,0,1,1,0,,0,3,3,0,3,4,0,0,4506,,0,2,1,
2026-09-12T19:27:12.633Z,85531703000000,4013647,16333,-44017,-44016,,-33794,-33794,-33794,18024,2,2,-33794,-33794,0,1,1,0,,0,3,3,0,3,4,0,0,2253,,0,2,1,
2026-09-12T19:27:12.737Z,85531812000000,4013746,16334,-44005,-44015,,-33794,-34921,-34921,18024,2,2,-34921,-34921,0,1,1,0,,0,3,3,0,3,4,0,0,2253,,0,2,1,
2026-09-12T19:27:12.841Z,85531921000000,4013850,16335,-44007,-44014,,-33794,-36047,-36047,18024,2,2,-36047,-36047,0,1,1,0,,0,3,3,0,3,4,0,0,2253,,0,2,1,
2026-09-12T19:27:12.946Z,85532015000000,4013954,16336,-44024,-44013,,-33794,-37174,-37174,18024,2,2,-37174,-37174,0,1,1,0,,0,3,3,0,3,4,0,0,3380,,0,2,1,
2026-09-12T19:27:13.050Z,85532125000000,4014059,16337,-44029,-44014,,-33794,-36047,-36047,18024,2,2,-36047,-36047,0,1,1,0,,0,3,3,0,3,4,0,0,3380,,0,2,1,
2026-09-12T19:27:13.155Z,85532234000000,4014164,16338,-44020,-44015,,-33794,-34921,-34921,18024,2,2,-34921,-34921,0,1,1,0,,0,3,3,0,3,4,0,0,3380,,0,2,1,
2026-09-12T19:27:13.259Z,85532328000000,4014268,16339,-44022,-44016,,-33794,-33794,-33794,18024,2,2,-33794,-33794,0,1,1,0,,0,3,3,0,3,4,0,0,3380,,0,2,1,
2026-09-12T19:27:13.364Z,85532437000000,4014372,16340,-44030,-44017,,-33794,-32668,-32668,18024,2,2,-32668,-32668,0,1,1,0,,0,3,3,0,3,4,0,0,4506,,0,2,1,
2026-09-12T19:27:13.555Z,85532625000000,4014476,16341,-44006,-44018,,-33794,-31541,-31541,18024,2,2,-31541,-31541,0,1,1,0,,0,3,3,0,3,4,0,0,5633,,0,2,1,
2026-09-12T19:27:13.660Z,85532734000000,4014674,16343,-44009,-44015,,-33794,-34921,-34921,18024,2,2,-34921,-34921,0,1,1,0,,0,3,3,0,3,4,0,0,5633,,0,2,1,
2026-09-12T19:27:13.764Z,85532843000000,4014773,16344,-44025,-44014,,-33794,-36047,-36047,18024,2,2,-36047,-36047,0,1,1,0,,0,3,3,0,3,4,0,0,4506,,0,2,1,
2026-09-12T19:27:13.868Z,85532937000000,4014877,16345,-44010,-44013,,-33794,-37174,-37174,18024,2,2,-37174,-37174,0,1,1,0,,0,3,3,0,3,4,0,0,5633,,0,2,1,
2026-09-12T19:27:13.972Z,85533046000000,4014981,16346,-43999,-44013,,-33794,-37174,-37174,18024,2,2,-37174,-37174,0,1,1,0,,0,3,3,0,3,4,0,0,5633,,0,2,1,
2026-09-12T19:27:14.077Z,85533156000000,4015086,16347,-44005,-44012,,-33794,-38300,-38300,18024,2,2,-38300,-38300,0,1,1,0,,0,3,3,0,3,4,0,0,6759,,0,2,1,
2026-09-12T19:27:14.182Z,85533250000000,4015190,16348,-44014,-44011,,-33794,-39427,-39427,18024,2,2,-39427,-39427,0,1,1,0,,0,3,3,0,3,4,0,0,7886,,0,2,1,
2026-09-12T19:27:14.286Z,85533359000000,4015294,16349,-44018,-44011,,-33794,-39427,-39427,18024,2,2,-39427,-39427,0,1,1,0,,0,3,3,0,3,4,0,0,5633,,0,2,1,
2026-09-12T19:27:14.391Z,85533468000000,4015399,16350,-44010,-44011,,-33794,-39427,-39427,18024,2,2,-39427,-39427,0,1,1,0,,0,3,3,0,3,4,0,0,4506,,0,2,1,
2026-09-12T19:27:14.583Z,85533656000000,4015504,16351,-44005,-44011,,-39427,-39427,-39427,18024,2,2,-39427,-39427,0,1,1,0,,0,3,3,0,3,4,0,0,3380,,0,2,1,
2026-09-12T19:27:14.687Z,85533765000000,4015651,16353,-44011,-44011,,-39427,-39427,-39427,18024,2,2,-39427,-39427,0,1,1,0,,0,3,3,0,3,4,0,0,2253,,0,2,1,
2026-09-12T19:27:14.791Z,85533859000000,4015800,16354,-44029,-44012,,-39427,-38300,-38300,18024,2,2,-38300,-38300,0,1,1,0,,0,3,3,0,3,4,0,0,1127,,0,2,1,
2026-09-12T19:27:14.897Z,85533968000000,4015905,16355,-44020,-44013,,-39427,-37174,-37174,18024,2,2,-37174,-37174,0,1,1,0,,0,3,3,0,3,4,0,0,2253,,0,2,1,
2026-09-12T19:27:15.001Z,85534078000000,4016009,16356,-44016,-44014,,-39427,-36047,-36047,18024,2,2,-36047,-36047,0,1,1,0,,0,3,3,0,3,4,0,0,3380,,0,2,1,
2026-09-12T19:27:15.106Z,85534171000000,4016114,16357,-44001,-44014,,-39427,-36047,-36047,18024,2,2,-36047,-36047,0,1,1,0,,0,3,3,0,3,4,0,0,3380,,0,2,1,
2026-09-12T19:27:15.210Z,85534281000000,4016219,16358,-44013,-44014,,-39427,-36047,-36047,18024,2,2,-36047,-36047,0,1,1,0,,0,3,3,0,3,4,0,0,3380,,0,2,1,
2026-09-12T19:27:15.315Z,85534390000000,4016323,16359,-44021,-44014,,-39427,-36047,-36047,18024,2,2,-36047,-36047,0,1,1,0,,0,3,3,0,3,4,0,0,3380,,0,2,1,
2026-09-12T19:27:15.421Z,85534500000000,4016445,16361,-44025,-44016,,-39427,-33794,-33794,18024,2,2,-33794,-33794,0,1,1,0,,0,3,3,0,3,4,0,0,4506,,0,2,1,
2026-09-12T19:27:15.610Z,85534687000000,4016546,16362,-44008,-44017,,-33794,-32668,-32668,18024,2,2,-32668,-32668,0,1,1,0,,0,3,3,0,3,4,0,0,4506,,0,2,1,
2026-09-12T19:27:15.716Z,85534781000000,4016646,16363,-44009,-44016,,-33794,-33794,-33794,18024,2,2,-33794,-33794,0,1,1,0,,0,3,3,0,3,4,0,0,3379,,0,2,1,
2026-09-12T19:27:15.820Z,85534890000000,4016846,16365,-44013,-44014,,-33794,-36047,-36047,18024,2,2,-36047,-36047,0,1,1,0,,0,3,3,0,3,4,0,0,3379,,0,2,1,
2026-09-12T19:27:15.923Z,85535000000000,4016946,16366,-44022,-44014,,-33794,-36047,-36047,18024,2,2,-36047,-36047,0,1,1,0,,0,3,3,0,3,4,0,0,3379,,0,2,1,
2026-09-12T19:27:16.026Z,85535093000000,4017046,16367,-44025,-44015,,-33794,-34921,-34921,18024,2,2,-34921,-34921,0,1,1,0,,0,3,3,0,3,4,0,0,3379,,0,2,1,
2026-09-12T19:27:16.130Z,85535203000000,4017147,16368,-44010,-44016,,-33794,-33794,-33794,18024,2,2,-33794,-33794,0,1,1,0,,0,3,3,0,3,4,0,0,3379,,0,2,1,
2026-09-12T19:27:16.236Z,85535312000000,4017247,16369,-44011,-44015,,-33794,-34921,-34921,18024,2,2,-34921,-34921,0,1,1,0,,0,3,3,0,3,4,0,0,3379,,0,2,1,
2026-09-12T19:27:16.341Z,85535406000000,4017348,16370,-44009,-44014,,-33794,-36047,-36047,18024,2,2,-36047,-36047,0,1,1,0,,0,3,3,0,3,4,0,0,2253,,0,2,1,
2026-09-12T19:27:16.445Z,85535515000000,4017454,16371,-44003,-44013,,-33794,-37174,-37174,18024,2,2,-37174,-37174,0,1,1,0,,0,3,3,0,3,4,0,0,3380,,0,2,1,
2026-09-12T19:27:16.637Z,85535703000000,4017558,16372,-44013,-44012,,-38300,-38300,-38300,18024,2,2,-38300,-38300,0,1,1,0,,0,3,3,0,3,4,0,0,4506,,0,2,1,
2026-09-12T19:27:16.741Z,85535812000000,4017756,16374,-44019,-44013,,-38300,-37174,-37174,18024,2,2,-37174,-37174,0,1,1,0,,0,3,3,0,3,4,0,0,4506,,0,2,1,
2026-09-12T19:27:16.845Z,85535921000000,4017854,16375,-44017,-44014,,-38300,-36047,-36047,18024,2,2,-36047,-36047,0,1,1,0,,0,3,3,0,3,4,0,0,4506,,0,2,1,
2026-09-12T19:27:16.950Z,85536015000000,4017958,16376,-44035,-44015,,-38300,-34921,-34921,18024,2,2,-34921,-34921,0,1,1,0,,0,3,3,0,3,4,0,0,3379,,0,2,1,
2026-09-12T19:27:17.055Z,85536125000000,4018063,16377,-44017,-44015,,-38300,-34921,-34921,18024,2,2,-34921,-34921,0,1,1,0,,0,3,3,0,3,4,0,0,3379,,0,2,1,
2026-09-12T19:27:17.160Z,85536234000000,4018167,16378,-44017,-44015,,-38300,-34921,-34921,18024,2,2,-34921,-34921,0,1,1,0,,0,3,3,0,3,4,0,0,3379,,0,2,1,
2026-09-12T19:27:17.264Z,85536343000000,4018273,16379,-44039,-44015,,-38300,-34921,-34921,18024,2,2,-34921,-34921,0,1,1,0,,0,3,3,0,3,4,0,0,3379,,0,2,1,
2026-09-12T19:27:17.368Z,85536437000000,4018377,16380,-44029,-44017,,-38300,-32668,-32668,18024,2,2,-32668,-32668,0,1,1,0,,0,3,3,0,3,4,0,0,5632,,0,2,1,
2026-09-12T19:27:17.473Z,85536546000000,4018481,16381,-44020,-44019,,-38300,-30415,-30415,18024,2,2,-30415,-30415,0,1,1,0,,0,3,3,0,3,4,0,0,6759,,0,2,1,
2026-09-12T19:27:17.663Z,85536734000000,4018586,16382,-44020,-44019,,-30415,-30415,-30415,18024,2,2,-30415,-30415,0,1,1,0,,0,3,3,0,3,4,0,0,5632,,0,2,1,
2026-09-12T19:27:17.769Z,85536843000000,4018783,16384,-44010,-44019,,-30415,-30415,-30415,18024,2,2,-30415,-30415,0,1,1,0,,0,3,3,0,3,4,0,0,4506,,0,2,1,
2026-09-12T19:27:17.876Z,85536953000000,4018883,16385,-43999,-44018,,-30415,-31541,-31541,18024,2,2,-31541,-31541,0,1,1,0,,0,3,3,0,3,4,0,0,4506,,0,2,1,
2026-09-12T19:27:17.980Z,85537046000000,4018988,16386,-43998,-44016,,-30415,-33794,-33794,18024,2,2,-33794,-33794,0,1,1,0,,0,3,3,0,3,4,0,0,4506,,0,2,1,
2026-09-12T19:27:18.085Z,85537156000000,4019094,16387,-44013,-44014,,-30415,-36047,-36047,18024,2,2,-36047,-36047,0,1,1,0,,0,3,3,0,3,4,0,0,5632,,0,2,1,
2026-09-12T19:27:18.189Z,85537265000000,4019198,16388,-44015,-44014,,-30415,-36047,-36047,18024,2,2,-36047,-36047,0,1,1,0,,0,3,3,0,3,4,0,0,5632,,0,2,1,
2026-09-12T19:27:18.293Z,85537359000000,4019302,16389,-44027,-44014,,-30415,-36047,-36047,18024,2,2,-36047,-36047,0,1,1,0,,0,3,3,0,3,4,0,0,5632,,0,2,1,
2026-09-12T19:27:18.398Z,85537468000000,4019406,16390,-44046,-44016,,-30415,-33794,-33794,18024,2,2,-33794,-33794,0,1,1,0,,0,3,3,0,3,4,0,0,5632,,0,2,1,
2026-09-12T19:27:18.503Z,85537578000000,4019512,16391,-44027,-44017,,-30415,-32668,-32668,18024,2,2,-32668,-32668,0,1,1,0,,0,3,3,0,3,4,0,0,5632,,0,2,1,
2026-09-12T19:27:18.693Z,85537765000000,4019616,16392,-44013,-44018,,-30415,-31541,-31541,18024,2,2,-31541,-31541,0,1,1,0,,0,3,3,0,3,4,0,0,4506,,0,2,1,
2026-09-12T19:27:18.798Z,85537875000000,4019762,16394,-44017,-44019,,-30415,-30415,-30415,18024,2,2,-30415,-30415,0,1,1,0,,0,3,3,0,3,4,0,0,5632,,0,2,1,
2026-09-12T19:27:18.903Z,85537968000000,4019911,16395,-44019,-44019,,-30415,-30415,-30415,18024,2,2,-30415,-30415,0,1,1,0,,0,3,3,0,3,4,0,0,5632,,0,2,1,
2026-09-12T19:27:19.008Z,85538078000000,4020016,16396,-44016,-44019,,-30415,-30415,-30415,18024,2,2,-30415,-30415,0,1,1,0,,0,3,3,0,3,4,0,0,5632,,0,2,1,
2026-09-12T19:27:19.113Z,85538187000000,4020121,16397,-44013,-44019,,-30415,-30415,-30415,18024,2,2,-30415,-30415,0,1,1,0,,0,3,3,0,3,4,0,0,3379,,0,2,1,
2026-09-12T19:27:19.217Z,85538296000000,4020226,16398,-44027,-44019,,-30415,-30415,-30415,18024,2,2,-30415,-30415,0,1,1,0,,0,3,3,0,3,4,0,0,2253,,0,2,1,
2026-09-12T19:27:19.322Z,85538390000000,4020331,16399,-44055,-44020,,-30415,-29288,-29288,18024,2,2,-29288,-29288,0,1,1,0,,0,3,3,0,3,4,0,0,2253,,0,2,1,
2026-09-12T19:27:19.426Z,85538500000000,4020453,16401,-44032,-44023,,-30415,-25909,-25909,18024,2,2,-25909,-25909,0,1,1,0,,0,3,3,0,3,4,0,0,4506,,0,2,1,
2026-09-12T19:27:19.528Z,85538593000000,4020553,16402,-44045,-44024,,-30415,-24783,-24783,18024,2,2,-24783,-24783,0,1,1,0,,0,3,3,0,3,4,0,0,5632,,0,2,1,
2026-09-12T19:27:19.716Z,85538781000000,4020653,16403,-44046,-44027,,-19150,-21403,-21403,18024,2,2,-21403,-21403,0,1,1,0,,0,3,3,0,3,4,0,0,9012,,0,2,1,
2026-09-12T19:27:19.820Z,85538890000000,4020753,16404,-44041,-44029,,-19150,-19150,-19150,18024,2,2,-19150,-19150,0,1,1,0,,0,3,3,0,3,4,0,0,11265,,0,2,1,
2026-09-12T19:27:19.924Z,85539000000000,4020933,16405,-44020,-44031,,-19150,-16897,-16897,18024,2,2,-16897,-16897,0,1,1,0,,0,3,3,0,3,4,0,0,13518,,0,2,1,
2026-09-12T19:27:20.027Z,85539093000000,4021054,16407,-44052,-44031,,-19150,-16897,-16897,18024,2,2,-16897,-16897,0,1,1,0,,0,3,3,0,3,4,0,0,10138,,0,2,1,
2026-09-12T19:27:20.131Z,85539203000000,4021154,16408,-44035,-44032,,-19150,-15771,-15771,18024,2,2,-15771,-15771,0,1,1,0,,0,3,3,0,3,4,0,0,10138,,0,2,1,
2026-09-12T19:27:20.233Z,85539312000000,4021254,16409,-44032,-44032,,-19150,-15771,-15771,18024,2,2,-15771,-15771,0,1,1,0,,0,3,3,0,3,4,0,0,9012,,0,2,1,
2026-09-12T19:27:20.337Z,85539406000000,4021354,16410,-44005,-44032,,-19150,-15771,-15771,18024,2,2,-15771,-15771,0,1,1,0,,0,3,3,0,3,4,0,0,5632,,0,2,1,
2026-09-12T19:27:20.441Z,85539515000000,4021454,16411,-44007,-44029,,-19150,-19150,-19150,18024,2,2,-19150,-19150,0,1,1,0,,0,3,3,0,3,4,0,0,3379,,0,2,1,
2026-09-12T19:27:20.546Z,85539625000000,4021555,16412,-44023,-44026,,-19150,-22530,-22530,18024,2,2,-22530,-22530,0,1,1,0,,0,3,3,0,3,4,0,0,6759,,0,2,1,
2026-09-12T19:27:20.736Z,85539812000000,4021659,16413,-44022,-44025,,-23656,-23656,-23656,18024,2,2,-23656,-23656,0,1,1,0,,0,3,3,0,3,4,0,0,7885,,0,2,1,
2026-09-12T19:27:20.839Z,85539906000000,4021856,16415,-44037,-44026,,-23656,-22530,-22530,18024,2,2,-22530,-22530,0,1,1,0,,0,3,3,0,3,4,0,0,7885,,0,2,1,
2026-09-12T19:27:20.945Z,85540015000000,4021955,16416,-44019,-44027,,-23656,-21403,-21403,18024,2,2,-21403,-21403,0,1,1,0,,0,3,3,0,3,4,0,0,7885,,0,2,1,
2026-09-12T19:27:21.049Z,85540125000000,4022058,16417,-44029,-44027,,-23656,-21403,-21403,18024,2,2,-21403,-21403,0,1,1,0,,0,3,3,0,3,4,0,0,7885,,0,2,1,
2026-09-12T19:27:21.153Z,85540218000000,4022163,16418,-44018,-44026,,-23656,-22530,-22530,18024,2,2,-22530,-22530,0,1,1,0,,0,3,3,0,3,4,0,0,4506,,0,2,1,
2026-09-12T19:27:21.257Z,85540328000000,4022267,16419,-44037,-44026,,-23656,-22530,-22530,18024,2,2,-22530,-22530,0,1,1,0,,0,3,3,0,3,4,0,0,2253,,0,2,1,
2026-09-12T19:27:21.363Z,85540437000000,4022371,16420,-44032,-44027,,-23656,-21403,-21403,18024,2,2,-21403,-21403,0,1,1,0,,0,3,3,0,3,4,0,0,2253,,0,2,1,
2026-09-12T19:27:21.468Z,85540546000000,4022476,16421,-44023,-44028,,-23656,-20277,-20277,18024,2,2,-20277,-20277,0,1,1,0,,0,3,3,0,3,4,0,0,3379,,0,2,1,
2026-09-12T19:27:21.572Z,85540640000000,4022581,16422,-44011,-44027,,-23656,-21403,-21403,18024,2,2,-21403,-21403,0,1,1,0,,0,3,3,0,3,4,0,0,2253,,0,2,1,
2026-09-12T19:27:21.763Z,85540828000000,4022686,16423,-44011,-44025,,-25909,-23656,-23656,18024,2,2,-23656,-23656,0,1,1,0,,0,3,3,0,3,4,0,0,3379,,0,2,1,
2026-09-12T19:27:21.866Z,85540937000000,4022882,16425,-44004,-44021,,-25909,-28162,-28162,18024,2,2,-28162,-28162,0,1,1,0,,0,3,3,0,3,4,0,0,7885,,0,2,1,
2026-09-12T19:27:21.973Z,85541046000000,4022980,16426,-44017,-44020,,-25909,-29288,-29288,18024,2,2,-29288,-29288,0,1,1,0,,0,3,3,0,3,4,0,0,9011,,0,2,1,
2026-09-12T19:27:22.077Z,85541156000000,4023087,16427,-44024,-44020,,-25909,-29288,-29288,18024,2,2,-29288,-29288,0,1,1,0,,0,3,3,0,3,4,0,0,9011,,0,2,1,
2026-09-12T19:27:22.183Z,85541250000000,4023190,16428,-44017,-44020,,-25909,-29288,-29288,18024,2,2,-29288,-29288,0,1,1,0,,0,3,3,0,3,4,0,0,9011,,0,2,1,
2026-09-12T19:27:22.287Z,85541359000000,4023296,16429,-44019,-44020,,-25909,-29288,-29288,18024,2,2,-29288,-29288,0,1,1,0,,0,3,3,0,3,4,0,0,7885,,0,2,1,
2026-09-12T19:27:22.391Z,85541468000000,4023400,16430,-44025,-44020,,-25909,-29288,-29288,18024,2,2,-29288,-29288,0,1,1,0,,0,3,3,0,3,4,0,0,5632,,0,2,1,
2026-09-12T19:27:22.496Z,85541562000000,4023504,16431,-44036,-44021,,-25909,-28162,-28162,18024,2,2,-28162,-28162,0,1,1,0,,0,3,3,0,3,4,0,0,3379,,0,2,1,
2026-09-12T19:27:22.600Z,85541671000000,4023608,16432,-44033,-44023,,-25909,-25909,-25909,18024,2,2,-25909,-25909,0,1,1,0,,0,3,3,0,3,4,0,0,3379,,0,2,1,
2026-09-12T19:27:22.793Z,85541859000000,4023714,16433,-44032,-44024,,-22530,-24783,-24783,18024,2,2,-24783,-24783,0,1,1,0,,0,3,3,0,3,4,0,0,4505,,0,2,1,
2026-09-12T19:27:22.897Z,85541968000000,4023862,16435,-44035,-44026,,-22530,-22530,-22530,18024,2,2,-22530,-22530,0,1,1,0,,0,3,3,0,3,4,0,0,6758,,0,2,1,
2026-09-12T19:27:23.002Z,85542078000000,4024011,16436,-44026,-44027,,-22530,-21403,-21403,18024,2,2,-21403,-21403,0,1,1,0,,0,3,3,0,3,4,0,0,7885,,0,2,1,
2026-09-12T19:27:23.107Z,85542187000000,4024116,16437,-44017,-44027,,-22530,-21403,-21403,18024,2,2,-21403,-21403,0,1,1,0,,0,3,3,0,3,4,0,0,7885,,0,2,1,
2026-09-12T19:27:23.211Z,85542281000000,4024221,16438,-44034,-44027,,-22530,-21403,-21403,18024,2,2,-21403,-21403,0,1,1,0,,0,3,3,0,3,4,0,0,6759,,0,2,1,
2026-09-12T19:27:23.316Z,85542390000000,4024325,16439,-44042,-44028,,-22530,-20277,-20277,18024,2,2,-20277,-20277,0,1,1,0,,0,3,3,0,3,4,0,0,5632,,0,2,1,
2026-09-12T19:27:23.420Z,85542500000000,4024428,16440,-44020,-44029,,-22530,-19150,-19150,18024,2,2,-19150,-19150,0,1,1,0,,0,3,3,0,3,4,0,0,5633,,0,2,1,
2026-09-12T19:27:23.525Z,85542593000000,4024535,16441,-44014,-44028,,-22530,-20277,-20277,18024,2,2,-20277,-20277,0,1,1,0,,0,3,3,0,3,4,0,0,4506,,0,2,1,
2026-09-12T19:27:23.629Z,85542703000000,4024638,16442,-44025,-44027,,-22530,-21403,-21403,18024,2,2,-21403,-21403,0,1,1,0,,0,3,3,0,3,4,0,0,3380,,0,2,1,
2026-09-12T19:27:23.818Z,85542890000000,4024760,16444,-44016,-44024,,-25909,-24783,-24783,18024,2,2,-24783,-24783,0,1,1,0,,0,3,3,0,3,4,0,0,5633,,0,2,1,
2026-09-12T19:27:23.924Z,85543000000000,4024860,16445,-44024,-44023,,-25909,-25909,-25909,18024,2,2,-25909,-25909,0,1,1,0,,0,3,3,0,3,4,0,0,6759,,0,2,1,
2026-09-12T19:27:24.027Z,85543093000000,4025037,16446,-44022,-44023,,-25909,-25909,-25909,18024,2,2,-25909,-25909,0,1,1,0,,0,3,3,0,3,4,0,0,6759,,0,2,1,
2026-09-12T19:27:24.131Z,85543203000000,4025141,16447,-44024,-44023,,-25909,-25909,-25909,18024,2,2,-25909,-25909,0,1,1,0,,0,3,3,0,3,4,0,0,6759,,0,2,1,
2026-09-12T19:27:24.234Z,85543312000000,4025261,16449,-44034,-44024,,-25909,-24783,-24783,18024,2,2,-24783,-24783,0,1,1,0,,0,3,3,0,3,4,0,0,4506,,0,2,1,
2026-09-12T19:27:24.337Z,85543406000000,4025361,16450,-44037,-44025,,-25909,-23656,-23656,18024,2,2,-23656,-23656,0,1,1,0,,0,3,3,0,3,4,0,0,2253,,0,2,1,
2026-09-12T19:27:24.441Z,85543515000000,4025461,16451,-44045,-44027,,-25909,-21403,-21403,18024,2,2,-21403,-21403,0,1,1,0,,0,3,3,0,3,4,0,0,4506,,0,2,1,
2026-09-12T19:27:24.543Z,85543609000000,4025561,16452,-44018,-44028,,-25909,-20277,-20277,18024,2,2,-20277,-20277,0,1,1,0,,0,3,3,0,3,4,0,0,5632,,0,2,1,
2026-09-12T19:27:24.646Z,85543718000000,4025662,16453,-44020,-44027,,-25909,-21403,-21403,18024,2,2,-21403,-21403,0,1,1,0,,0,3,3,0,3,4,0,0,5632,,0,2,1,
2026-09-12T19:27:24.835Z,85543906000000,4025762,16454,-44013,-44026,,-24783,-22530,-22530,18024,2,2,-22530,-22530,0,1,1,0,,0,3,3,0,3,4,0,0,5632,,0,2,1,
2026-09-12T19:27:24.939Z,85544015000000,4025962,16456,-44009,-44023,,-24783,-25909,-25909,18024,2,2,-25909,-25909,0,1,1,0,,0,3,3,0,3,4,0,0,5632,,0,2,1,
2026-09-12T19:27:25.040Z,85544109000000,4026062,16457,-44015,-44022,,-24783,-27035,-27035,18024,2,2,-27035,-27035,0,1,1,0,,0,3,3,0,3,4,0,0,6758,,0,2,1,
2026-09-12T19:27:25.144Z,85544218000000,4026162,16458,-44028,-44021,,-24783,-28162,-28162,18024,2,2,-28162,-28162,0,1,1,0,,0,3,3,0,3,4,0,0,7885,,0,2,1,
2026-09-12T19:27:25.249Z,85544328000000,4026262,16459,-44025,-44022,,-24783,-27035,-27035,18024,2,2,-27035,-27035,0,1,1,0,,0,3,3,0,3,4,0,0,7885,,0,2,1,
2026-09-12T19:27:25.352Z,85544421000000,4026363,16460,-44019,-44022,,-24783,-27035,-27035,18024,2,2,-27035,-27035,0,1,1,0,,0,3,3,0,3,4,0,0,6759,,0,2,1,
2026-09-12T19:27:25.456Z,85544531000000,4026467,16461,-44035,-44022,,-24783,-27035,-27035,18024,2,2,-27035,-27035,0,1,1,0,,0,3,3,0,3,4,0,0,5632,,0,2,1,
2026-09-12T19:27:25.561Z,85544640000000,4026570,16462,-44021,-44022,,-24783,-27035,-27035,18024,2,2,-27035,-27035,0,1,1,0,,0,3,3,0,3,4,0,0,3379,,0,2,1,
2026-09-12T19:27:25.666Z,85544734000000,4026675,16463,-44022,-44022,,-24783,-27035,-27035,18024,2,2,-27035,-27035,0,1,1,0,,0,3,3,0,3,4,0,0,2253,,0,2,1,
2026-09-12T19:27:25.860Z,85544937000000,4026779,16464,-44026,-44022,,-27035,-27035,-27035,18024,2,2,-27035,-27035,0,1,1,0,,0,3,3,0,3,4,0,0,1127,,0,2,1,
2026-09-12T19:27:25.965Z,85545031000000,4026980,16466,-44010,-44021,,-27035,-28162,-28162,18024,2,2,-28162,-28162,0,1,1,0,,0,3,3,0,3,4,0,0,1127,,0,2,1,
2026-09-12T19:27:26.069Z,85545140000000,4027078,16467,-44008,-44020,,-27035,-29288,-29288,18024,2,2,-29288,-29288,0,1,1,0,,0,3,3,0,3,4,0,0,2253,,0,2,1,
2026-09-12T19:27:26.173Z,85545250000000,4027183,16468,-44005,-44018,,-27035,-31541,-31541,18024,2,2,-31541,-31541,0,1,1,0,,0,3,3,0,3,4,0,0,4506,,0,2,1,
2026-09-12T19:27:26.277Z,85545343000000,4027287,16469,-44013,-44017,,-27035,-32668,-32668,18024,2,2,-32668,-32668,0,1,1,0,,0,3,3,0,3,4,0,0,5633,,0,2,1,
2026-09-12T19:27:26.382Z,85545453000000,4027391,16470,-44009,-44016,,-27035,-33794,-33794,18024,2,2,-33794,-33794,0,1,1,0,,0,3,3,0,3,4,0,0,6759,,0,2,1,
2026-09-12T19:27:26.486Z,85545562000000,4027496,16471,-44016,-44016,,-27035,-33794,-33794,18024,2,2,-33794,-33794,0,1,1,0,,0,3,3,0,3,4,0,0,6759,,0,2,1,
2026-09-12T19:27:26.591Z,85545656000000,4027600,16472,-44013,-44016,,-27035,-33794,-33794,18024,2,2,-33794,-33794,0,1,1,0,,0,3,3,0,3,4,0,0,6759,,0,2,1,
2026-09-12T19:27:26.696Z,85545765000000,4027705,16473,-44020,-44016,,-27035,-33794,-33794,18024,2,2,-33794,-33794,0,1,1,0,,0,3,3,0,3,4,0,0,5632,,0,2,1,
2026-09-12T19:27:26.889Z,85545968000000,4027810,16474,-44031,-44017,,-30415,-32668,-32668,18024,2,2,-32668,-32668,0,1,1,0,,0,3,3,0,3,4,0,0,4506,,0,2,1,
2026-09-12T19:27:26.992Z,85546062000000,4027965,16476,-44023,-44019,,-30415,-30415,-30415,18024,2,2,-30415,-30415,0,1,1,0,,0,3,3,0,3,4,0,0,3379,,0,2,1,
2026-09-12T19:27:27.097Z,85546171000000,4028107,16477,-44028,-44020,,-30415,-29288,-29288,18024,2,2,-29288,-29288,0,1,1,0,,0,3,3,0,3,4,0,0,4506,,0,2,1,
2026-09-12T19:27:27.202Z,85546281000000,4028210,16478,-44036,-44021,,-30415,-28162,-28162,18024,2,2,-28162,-28162,0,1,1,0,,0,3,3,0,3,4,0,0,5632,,0,2,1,
2026-09-12T19:27:27.306Z,85546375000000,4028315,16479,-44026,-44022,,-30415,-27035,-27035,18024,2,2,-27035,-27035,0,1,1,0,,0,3,3,0,3,4,0,0,6759,,0,2,1,
2026-09-12T19:27:27.411Z,85546484000000,4028420,16480,-44009,-44023,,-30415,-25909,-25909,18024,2,2,-25909,-25909,0,1,1,0,,0,3,3,0,3,4,0,0,7885,,0,2,1,
2026-09-12T19:27:27.515Z,85546593000000,4028525,16481,-44018,-44022,,-30415,-27035,-27035,18024,2,2,-27035,-27035,0,1,1,0,,0,3,3,0,3,4,0,0,6759,,0,2,1,
2026-09-12T19:27:27.620Z,85546687000000,4028629,16482,-44023,-44021,,-30415,-28162,-28162,18024,2,2,-28162,-28162,0,1,1,0,,0,3,3,0,3,4,0,0,5632,,0,2,1,
2026-09-12T19:27:27.726Z,85546796000000,4028734,16483,-44038,-44021,,-30415,-28162,-28162,18024,2,2,-28162,-28162,0,1,1,0,,0,3,3,0,3,4,0,0,4506,,0,2,1,
2026-09-12T19:27:27.918Z,85546984000000,4028839,16484,-44038,-44023,,-21403,-25909,-25909,18024,2,2,-25909,-25909,0,1,1,0,,0,3,3,0,3,4,0,0,3379,,0,2,1,
2026-09-12T19:27:28.022Z,85547093000000,4028986,16486,-44015,-44027,,-21403,-21403,-21403,18024,2,2,-21403,-21403,0,1,1,0,,0,3,3,0,3,4,0,0,6759,,0,2,1,
2026-09-12T19:27:28.126Z,85547203000000,4029136,16487,-44027,-44027,,-21403,-21403,-21403,18024,2,2,-21403,-21403,0,1,1,0,,0,3,3,0,3,4,0,0,6759,,0,2,1,
2026-09-12T19:27:28.230Z,85547296000000,4029241,16488,-44017,-44026,,-21403,-22530,-22530,18024,2,2,-22530,-22530,0,1,1,0,,0,3,3,0,3,4,0,0,6759,,0,2,1,
2026-09-12T19:27:28.335Z,85547406000000,4029345,16489,-44014,-44025,,-21403,-23656,-23656,18024,2,2,-23656,-23656,0,1,1,0,,0,3,3,0,3,4,0,0,6759,,0,2,1,
2026-09-12T19:27:28.440Z,85547515000000,4029468,16491,-44014,-44023,,-21403,-25909,-25909,18024,2,2,-25909,-25909,0,1,1,0,,0,3,3,0,3,4,0,0,4506,,0,2,1,
2026-09-12T19:27:28.543Z,85547609000000,4029568,16492,-44013,-44022,,-21403,-27035,-27035,18024,2,2,-27035,-27035,0,1,1,0,,0,3,3,0,3,4,0,0,5632,,0,2,1,
2026-09-12T19:27:28.647Z,85547718000000,4029668,16493,-44008,-44021,,-21403,-28162,-28162,18024,2,2,-28162,-28162,0,1,1,0,,0,3,3,0,3,4,0,0,6759,,0,2,1,
2026-09-12T19:27:28.751Z,85547828000000,4029768,16494,-44017,-44020,,-21403,-29288,-29288,18024,2,2,-29288,-29288,0,1,1,0,,0,3,3,0,3,4,0,0,7885,,0,2,1,
2026-09-12T19:27:28.942Z,85548015000000,4029869,16495,-44028,-44020,,-28162,-29288,-29288,18024,2,2,-29288,-29288,0,1,1,0,,0,3,3,0,3,4,0,0,6758,,0,2,1,
2026-09-12T19:27:29.045Z,85548125000000,4030069,16497,-44019,-44022,,-28162,-27035,-27035,18024,2,2,-27035,-27035,0,1,1,0,,0,3,3,0,3,4,0,0,4505,,0,2,1,
2026-09-12T19:27:29.148Z,85548218000000,4030169,16498,-44018,-44022,,-28162,-27035,-27035,18024,2,2,-27035,-27035,0,1,1,0,,0,3,3,0,3,4,0,0,3379,,0,2,1,
2026-09-12T19:27:29.250Z,85548328000000,4030269,16499,-44023,-44022,,-28162,-27035,-27035,18024,2,2,-27035,-27035,0,1,1,0,,0,3,3,0,3,4,0,0,2253,,0,2,1,
2026-09-12T19:27:29.352Z,85548421000000,4030369,16500,-44024,-44022,,-28162,-27035,-27035,18024,2,2,-27035,-27035,0,1,1,0,,0,3,3,0,3,4,0,0,2253,,0,2,1,
2026-09-12T19:27:29.457Z,85548531000000,4030469,16501,-44033,-44022,,-28162,-27035,-27035,18024,2,2,-27035,-27035,0,1,1,0,,0,3,3,0,3,4,0,0,2253,,0,2,1,
2026-09-12T19:27:29.562Z,85548640000000,4030571,16502,-44041,-44023,,-28162,-25909,-25909,18024,2,2,-25909,-25909,0,1,1,0,,0,3,3,0,3,4,0,0,3379,,0,2,1,
2026-09-12T19:27:29.666Z,85548734000000,4030676,16503,-44028,-44024,,-28162,-24783,-24783,18024,2,2,-24783,-24783,0,1,1,0,,0,3,3,0,3,4,0,0,3379,,0,2,1,
2026-09-12T19:27:29.770Z,85548843000000,4030780,16504,-44032,-44025,,-28162,-23656,-23656,18024,2,2,-23656,-23656,0,1,1,0,,0,3,3,0,3,4,0,0,3379,,0,2,1,
2026-09-12T19:27:29.961Z,85549031000000,4030884,16505,-44025,-44025,,-23656,-23656,-23656,18024,2,2,-23656,-23656,0,1,1,0,,0,3,3,0,3,4,0,0,3379,,0,2,1,
2026-09-12T19:27:30.066Z,85549140000000,4031082,16507,-44015,-44024,,-23656,-24783,-24783,18024,2,2,-24783,-24783,0,1,1,0,,0,3,3,0,3,4,0,0,3379,,0,2,1,
2026-09-12T19:27:30.171Z,85549250000000,4031180,16508,-44009,-44023,,-23656,-25909,-25909,18024,2,2,-25909,-25909,0,1,1,0,,0,3,3,0,3,4,0,0,3379,,0,2,1,
2026-09-12T19:27:30.275Z,85549343000000,4031284,16509,-44003,-44021,,-23656,-28162,-28162,18024,2,2,-28162,-28162,0,1,1,0,,0,3,3,0,3,4,0,0,4506,,0,2,1,
2026-09-12T19:27:30.379Z,85549453000000,4031389,16510,-44024,-44019,,-23656,-30415,-30415,18024,2,2,-30415,-30415,0,1,1,0,,0,3,3,0,3,4,0,0,6759,,0,2,1,
2026-09-12T19:27:30.485Z,85549562000000,4031494,16511,-44039,-44020,,-23656,-29288,-29288,18024,2,2,-29288,-29288,0,1,1,0,,0,3,3,0,3,4,0,0,6759,,0,2,1,
2026-09-12T19:27:30.590Z,85549656000000,4031599,16512,-44043,-44022,,-23656,-27035,-27035,18024,2,2,-27035,-27035,0,1,1,0,,0,3,3,0,3,4,0,0,6759,,0,2,1,
2026-09-12T19:27:30.696Z,85549765000000,4031704,16513,-44026,-44024,,-23656,-24783,-24783,18024,2,2,-24783,-24783,0,1,1,0,,0,3,3,0,3,4,0,0,6759,,0,2,1,
2026-09-12T19:27:30.800Z,85549875000000,4031809,16514,-44034,-44025,,-23656,-23656,-23656,18024,2,2,-23656,-23656,0,1,1,0,,0,3,3,0,3,4,0,0,6759,,0,2,1,
2026-09-12T19:27:30.993Z,85550062000000,4031914,16515,-44038,-44026,,-19150,-22530,-22530,18024,2,2,-22530,-22530,0,1,1,0,,0,3,3,0,3,4,0,0,7885,,0,2,1,
2026-09-12T19:27:31.097Z,85550171000000,4032072,16517,-44028,-44029,,-19150,-19150,-19150,18024,2,2,-19150,-19150,0,1,1,0,,0,3,3,0,3,4,0,0,11265,,0,2,1,
2026-09-12T19:27:31.202Z,85550281000000,4032212,16518,-44012,-44029,,-19150,-19150,-19150,18024,2,2,-19150,-19150,0,1,1,0,,0,3,3,0,3,4,0,0,10138,,0,2,1,
2026-09-12T19:27:31.306Z,85550375000000,4032316,16519,-44024,-44028,,-19150,-20277,-20277,18024,2,2,-20277,-20277,0,1,1,0,,0,3,3,0,3,4,0,0,7885,,0,2,1,
2026-09-12T19:27:31.410Z,85550484000000,4032420,16520,-44037,-44027,,-19150,-21403,-21403,18024,2,2,-21403,-21403,0,1,1,0,,0,3,3,0,3,4,0,0,5633,,0,2,1,
2026-09-12T19:27:31.516Z,85550593000000,4032525,16521,-44025,-44027,,-19150,-21403,-21403,18024,2,2,-21403,-21403,0,1,1,0,,0,3,3,0,3,4,0,0,4506,,0,2,1,
2026-09-12T19:27:31.620Z,85550687000000,4032629,16522,-44021,-44027,,-19150,-21403,-21403,18024,2,2,-21403,-21403,0,1,1,0,,0,3,3,0,3,4,0,0,3380,,0,2,1,
2026-09-12T19:27:31.725Z,85550796000000,4032734,16523,-44018,-44026,,-19150,-22530,-22530,18024,2,2,-22530,-22530,0,1,1,0,,0,3,3,0,3,4,0,0,3380,,0,2,1,
2026-09-12T19:27:31.829Z,85550906000000,4032839,16524,-44022,-44025,,-19150,-23656,-23656,18024,2,2,-23656,-23656,0,1,1,0,,0,3,3,0,3,4,0,0,4506,,0,2,1,
2026-09-12T19:27:32.021Z,85551093000000,4032944,16525,-44012,-44024,,-28162,-24783,-24783,18024,2,2,-24783,-24783,0,1,1,0,,0,3,3,0,3,4,0,0,5633,,0,2,1,
2026-09-12T19:27:32.127Z,85551203000000,4033093,16527,-44010,-44021,,-28162,-28162,-28162,18024,2,2,-28162,-28162,0,1,1,0,,0,3,3,0,3,4,0,0,6759,,0,2,1,
2026-09-12T19:27:32.231Z,85551296000000,4033241,16528,-43995,-44020,,-28162,-29288,-29288,18024,2,2,-29288,-29288,0,1,1,0,,0,3,3,0,3,4,0,0,7885,,0,2,1,
2026-09-12T19:27:32.335Z,85551406000000,4033345,16529,-44021,-44019,,-28162,-30415,-30415,18024,2,2,-30415,-30415,0,1,1,0,,0,3,3,0,3,4,0,0,9012,,0,2,1,
2026-09-12T19:27:32.440Z,85551515000000,4033449,16530,-44040,-44019,,-28162,-30415,-30415,18024,2,2,-30415,-30415,0,1,1,0,,0,3,3,0,3,4,0,0,7885,,0,2,1,
2026-09-12T19:27:32.545Z,85551625000000,4033575,16532,-44029,-44024,,-28162,-24783,-24783,18024,2,2,-24783,-24783,0,1,1,0,,0,3,3,0,3,4,0,0,5632,,0,2,1,
2026-09-12T19:27:32.648Z,85551718000000,4033675,16533,-44026,-44025,,-28162,-23656,-23656,18024,2,2,-23656,-23656,0,1,1,0,,0,3,3,0,3,4,0,0,6759,,0,2,1,
2026-09-12T19:27:32.751Z,85551828000000,4033775,16534,-44014,-44025,,-28162,-23656,-23656,18024,2,2,-23656,-23656,0,1,1,0,,0,3,3,0,3,4,0,0,6759,,0,2,1,
2026-09-12T19:27:32.854Z,85551921000000,4033875,16535,-44023,-44025,,-28162,-23656,-23656,18024,2,2,-23656,-23656,0,1,1,0,,0,3,3,0,3,4,0,0,6759,,0,2,1,
2026-09-12T19:27:33.045Z,85552125000000,4033975,16536,-44014,-44024,,-25909,-24783,-24783,18024,2,2,-24783,-24783,0,1,1,0,,0,3,3,0,3,4,0,0,6759,,0,2,1,
2026-09-12T19:27:33.148Z,85552218000000,4034176,16538,-44033,-44022,,-25909,-27035,-27035,18024,2,2,-27035,-27035,0,1,1,0,,0,3,3,0,3,4,0,0,3379,,0,2,1,
2026-09-12T19:27:33.250Z,85552328000000,4034276,16539,-44036,-44023,,-25909,-25909,-25909,18024,2,2,-25909,-25909,0,1,1,0,,0,3,3,0,3,4,0,0,3379,,0,2,1,
2026-09-12T19:27:33.354Z,85552421000000,4034376,16540,-44033,-44024,,-25909,-24783,-24783,18024,2,2,-24783,-24783,0,1,1,0,,0,3,3,0,3,4,0,0,3379,,0,2,1,
2026-09-12T19:27:33.457Z,85552531000000,4034476,16541,-44014,-44025,,-25909,-23656,-23656,18024,2,2,-23656,-23656,0,1,1,0,,0,3,3,0,3,4,0,0,3379,,0,2,1,
2026-09-12T19:27:33.562Z,85552640000000,4034576,16542,-44026,-44025,,-25909,-23656,-23656,18024,2,2,-23656,-23656,0,1,1,0,,0,3,3,0,3,4,0,0,3379,,0,2,1,
2026-09-12T19:27:33.666Z,85552734000000,4034676,16543,-44034,-44025,,-25909,-23656,-23656,18024,2,2,-23656,-23656,0,1,1,0,,0,3,3,0,3,4,0,0,3379,,0,2,1,
2026-09-12T19:27:33.770Z,85552843000000,4034780,16544,-44029,-44026,,-25909,-22530,-22530,18024,2,2,-22530,-22530,0,1,1,0,,0,3,3,0,3,4,0,0,4505,,0,2,1,
2026-09-12T19:27:33.874Z,85552953000000,4034885,16545,-44024,-44026,,-25909,-22530,-22530,18024,2,2,-22530,-22530,0,1,1,0,,0,3,3,0,3,4,0,0,4505,,0,2,1,
2026-09-12T19:27:34.066Z,85553140000000,4034988,16546,-44015,-44026,,-23656,-22530,-22530,18024,2,2,-22530,-22530,0,1,1,0,,0,3,3,0,3,4,0,0,3379,,0,2,1,
2026-09-12T19:27:34.170Z,85553250000000,4035186,16548,-44018,-44024,,-23656,-24783,-24783,18024,2,2,-24783,-24783,0,1,1,0,,0,3,3,0,3,4,0,0,2253,,0,2,1,
2026-09-12T19:27:34.275Z,85553343000000,4035285,16549,-44028,-44023,,-23656,-25909,-25909,18024,2,2,-25909,-25909,0,1,1,0,,0,3,3,0,3,4,0,0,3379,,0,2,1,
2026-09-12T19:27:34.380Z,85553453000000,4035390,16550,-44033,-44024,,-23656,-24783,-24783,18024,2,2,-24783,-24783,0,1,1,0,,0,3,3,0,3,4,0,0,3379,,0,2,1,
2026-09-12T19:27:34.484Z,85553562000000,4035494,16551,-44020,-44025,,-23656,-23656,-23656,18024,2,2,-23656,-23656,0,1,1,0,,0,3,3,0,3,4,0,0,3379,,0,2,1,
2026-09-12T19:27:34.589Z,85553656000000,4035599,16552,-44043,-44026,,-23656,-22530,-22530,18024,2,2,-22530,-22530,0,1,1,0,,0,3,3,0,3,4,0,0,3379,,0,2,1,
2026-09-12T19:27:34.693Z,85553765000000,4035703,16553,-44043,-44028,,-23656,-20277,-20277,18024,2,2,-20277,-20277,0,1,1,0,,0,3,3,0,3,4,0,0,5632,,0,2,1,
2026-09-12T19:27:34.797Z,85553875000000,4035807,16554,-44020,-44030,,-23656,-18024,-18024,18024,2,2,-18024,-18024,0,1,1,0,,0,3,3,0,3,4,0,0,7885,,0,2,1,
2026-09-12T19:27:34.902Z,85553968000000,4035912,16555,-44004,-44029,,-23656,-19150,-19150,18024,2,2,-19150,-19150,0,1,1,0,,0,3,3,0,3,4,0,0,7885,,0,2,1,
2026-09-12T19:27:35.094Z,85554171000000,4036017,16556,-44016,-44027,,-22530,-21403,-21403,18024,2,2,-21403,-21403,0,1,1,0,,0,3,3,0,3,4,0,0,7885,,0,2,1,
2026-09-12T19:27:35.199Z,85554265000000,4036215,16558,-44018,-44025,,-22530,-23656,-23656,18024,2,2,-23656,-23656,0,1,1,0,,0,3,3,0,3,4,0,0,5632,,0,2,1,
2026-09-12T19:27:35.304Z,85554375000000,4036313,16559,-44034,-44025,,-22530,-23656,-23656,18024,2,2,-23656,-23656,0,1,1,0,,0,3,3,0,3,4,0,0,5632,,0,2,1,
2026-09-12T19:27:35.408Z,85554484000000,4036418,16560,-44023,-44025,,-22530,-23656,-23656,18024,2,2,-23656,-23656,0,1,1,0,,0,3,3,0,3,4,0,0,5632,,0,2,1,
2026-09-12T19:27:35.511Z,85554578000000,4036523,16561,-44013,-44025,,-22530,-23656,-23656,18024,2,2,-23656,-23656,0,1,1,0,,0,3,3,0,3,4,0,0,5632,,0,2,1,
2026-09-12T19:27:35.616Z,85554687000000,4036627,16562,-44011,-44023,,-22530,-25909,-25909,18024,2,2,-25909,-25909,0,1,1,0,,0,3,3,0,3,4,0,0,6759,,0,2,1,
2026-09-12T19:27:35.721Z,85554796000000,4036731,16563,-44034,-44022,,-22530,-27035,-27035,18024,2,2,-27035,-27035,0,1,1,0,,0,3,3,0,3,4,0,0,5632,,0,2,1,
2026-09-12T19:27:35.825Z,85554890000000,4036835,16564,-44019,-44022,,-22530,-27035,-27035,18024,2,2,-27035,-27035,0,1,1,0,,0,3,3,0,3,4,0,0,4505,,0,2,1,
2026-09-12T19:27:35.931Z,85555000000000,4036940,16565,-44027,-44023,,-22530,-25909,-25909,18024,2,2,-25909,-25909,0,1,1,0,,0,3,3,0,3,4,0,0,3379,,0,2,1,
2026-09-12T19:27:36.123Z,85555203000000,4037045,16566,-44023,-44023,,-25909,-25909,-25909,18024,2,2,-25909,-25909,0,1,1,0,,0,3,3,0,3,4,0,0,3379,,0,2,1,
2026-09-12T19:27:36.227Z,85555296000000,4037193,16568,-44022,-44023,,-25909,-25909,-25909,18024,2,2,-25909,-25909,0,1,1,0,,0,3,3,0,3,4,0,0,3379,,0,2,1,
2026-09-12T19:27:36.332Z,85555406000000,4037342,16569,-44029,-44023,,-25909,-25909,-25909,18024,2,2,-25909,-25909,0,1,1,0,,0,3,3,0,3,4,0,0,1126,,0,2,1,
2026-09-12T19:27:36.437Z,85555515000000,4037447,16570,-44019,-44023,,-25909,-25909,-25909,18024,2,2,-25909,-25909,0,1,1,0,,0,3,3,0,3,4,0,0,1126,,0,2,1,
2026-09-12T19:27:36.541Z,85555609000000,4037551,16571,-44020,-44023,,-25909,-25909,-25909,18024,2,2,-25909,-25909,0,1,1,0,,0,3,3,0,3,4,0,0,1126,,0,2,1,
2026-09-12T19:27:36.646Z,85555718000000,4037656,16572,-44020,-44023,,-25909,-25909,-25909,18024,2,2,-25909,-25909,0,1,1,0,,0,3,3,0,3,4,0,0,0,,0,2,1,
2026-09-12T19:27:36.750Z,85555828000000,4037761,16573,-44024,-44023,,-25909,-25909,-25909,18024,2,2,-25909,-25909,0,1,1,0,,0,3,3,0,3,4,0,0,0,,0,2,1,
2026-09-12T19:27:36.854Z,85555921000000,4037882,16575,-44024,-44023,,-25909,-25909,-25909,18024,2,2,-25909,-25909,0,1,1,0,,0,3,3,0,3,4,0,0,0,,0,2,1,
2026-09-12T19:27:36.958Z,85556031000000,4037982,16576,-44038,-44023,,-25909,-25909,-25909,18024,2,2,-25909,-25909,0,1,1,0,,0,3,3,0,3,4,0,0,0,,0,2,1,
2026-09-12T19:27:37.146Z,85556218000000,4038083,16577,-44033,-44024,,-23656,-24783,-24783,18024,2,2,-24783,-24783,0,1,1,0,,0,3,3,0,3,4,0,0,1126,,0,2,1,
2026-09-12T19:27:37.250Z,85556328000000,4038183,16578,-44032,-44025,,-23656,-23656,-23656,18024,2,2,-23656,-23656,0,1,1,0,,0,3,3,0,3,4,0,0,2253,,0,2,1,
2026-09-12T19:27:37.354Z,85556421000000,4038383,16580,-44021,-44025,,-23656,-23656,-23656,18024,2,2,-23656,-23656,0,1,1,0,,0,3,3,0,3,4,0,0,3379,,0,2,1,
2026-09-12T19:27:37.457Z,85556531000000,4038483,16581,-44027,-44024,,-23656,-24783,-24783,18024,2,2,-24783,-24783,0,1,1,0,,0,3,3,0,3,4,0,0,3379,,0,2,1,
2026-09-12T19:27:37.560Z,85556640000000,4038583,16582,-44032,-44024,,-23656,-24783,-24783,18024,2,2,-24783,-24783,0,1,1,0,,0,3,3,0,3,4,0,0,3379,,0,2,1,
2026-09-12T19:27:37.663Z,85556734000000,4038683,16583,-44037,-44025,,-23656,-23656,-23656,18024,2,2,-23656,-23656,0,1,1,0,,0,3,3,0,3,4,0,0,3379,,0,2,1,
2026-09-12T19:27:37.766Z,85556843000000,4038784,16584,-44033,-44026,,-23656,-22530,-22530,18024,2,2,-22530,-22530,0,1,1,0,,0,3,3,0,3,4,0,0,2253,,0,2,1,
2026-09-12T19:27:37.869Z,85556937000000,4038884,16585,-44012,-44027,,-23656,-21403,-21403,18024,2,2,-21403,-21403,0,1,1,0,,0,3,3,0,3,4,0,0,3380,,0,2,1,
2026-09-12T19:27:37.975Z,85557046000000,4038985,16586,-44007,-44025,,-23656,-23656,-23656,18024,2,2,-23656,-23656,0,1,1,0,,0,3,3,0,3,4,0,0,3380,,0,2,1,
2026-09-12T19:27:38.165Z,85557234000000,4039089,16587,-44020,-44023,,-25909,-25909,-25909,18024,2,2,-25909,-25909,0,1,1,0,,0,3,3,0,3,4,0,0,4506,,0,2,1,
2026-09-12T19:27:38.267Z,85557343000000,4039286,16589,-44028,-44023,,-25909,-25909,-25909,18024,2,2,-25909,-25909,0,1,1,0,,0,3,3,0,3,4,0,0,4506,,0,2,1,
2026-09-12T19:27:38.372Z,85557437000000,4039385,16590,-44037,-44024,,-25909,-24783,-24783,18024,2,2,-24783,-24783,0,1,1,0,,0,3,3,0,3,4,0,0,4506,,0,2,1,
2026-09-12T19:27:38.476Z,85557546000000,4039486,16591,-44036,-44026,,-25909,-22530,-22530,18024,2,2,-22530,-22530,0,1,1,0,,0,3,3,0,3,4,0,0,4506,,0,2,1,
2026-09-12T19:27:38.580Z,85557656000000,4039591,16592,-44036,-44027,,-25909,-21403,-21403,18024,2,2,-21403,-21403,0,1,1,0,,0,3,3,0,3,4,0,0,4506,,0,2,1,
2026-09-12T19:27:38.685Z,85557765000000,4039695,16593,-44029,-44028,,-25909,-20277,-20277,18024,2,2,-20277,-20277,0,1,1,0,,0,3,3,0,3,4,0,0,5632,,0,2,1,
2026-09-12T19:27:38.790Z,85557859000000,4039800,16594,-44026,-44028,,-25909,-20277,-20277,18024,2,2,-20277,-20277,0,1,1,0,,0,3,3,0,3,4,0,0,5632,,0,2,1,
2026-09-12T19:27:38.895Z,85557968000000,4039904,16595,-44015,-44028,,-25909,-20277,-20277,18024,2,2,-20277,-20277,0,1,1,0,,0,3,3,0,3,4,0,0,5632,,0,2,1,
2026-09-12T19:27:39.002Z,85558078000000,4040009,16596,-44019,-44027,,-25909,-21403,-21403,18024,2,2,-21403,-21403,0,1,1,0,,0,3,3,0,3,4,0,0,5632,,0,2,1,
2026-09-12T19:27:39.193Z,85558265000000,4040116,16597,-44012,-44025,,-24783,-23656,-23656,18024,2,2,-23656,-23656,0,1,1,0,,0,3,3,0,3,4,0,0,4506,,0,2,1,
2026-09-12T19:27:39.297Z,85558375000000,4040314,16599,-44038,-44024,,-24783,-24783,-24783,18024,2,2,-24783,-24783,0,1,1,0,,0,3,3,0,3,4,0,0,4506,,0,2,1,
2026-09-12T19:27:39.401Z,85558468000000,4040412,16600,-44033,-44025,,-24783,-23656,-23656,18024,2,2,-23656,-23656,0,1,1,0,,0,3,3,0,3,4,0,0,4506,,0,2,1,
2026-09-12T19:27:39.505Z,85558578000000,4040516,16601,-44044,-44027,,-24783,-21403,-21403,18024,2,2,-21403,-21403,0,1,1,0,,0,3,3,0,3,4,0,0,4506,,0,2,1,
2026-09-12T19:27:39.609Z,85558687000000,4040620,16602,-44025,-44028,,-24783,-20277,-20277,18024,2,2,-20277,-20277,0,1,1,0,,0,3,3,0,3,4,0,0,4506,,0,2,1,
2026-09-12T19:27:39.714Z,85558781000000,4040724,16603,-44026,-44028,,-24783,-20277,-20277,18024,2,2,-20277,-20277,0,1,1,0,,0,3,3,0,3,4,0,0,4506,,0,2,1,
2026-09-12T19:27:39.818Z,85558890000000,4040828,16604,-44032,-44028,,-24783,-20277,-20277,18024,2,2,-20277,-20277,0,1,1,0,,0,3,3,0,3,4,0,0,4506,,0,2,1,
2026-09-12T19:27:39.923Z,85559000000000,4040933,16605,-44039,-44029,,-24783,-19150,-19150,18024,2,2,-19150,-19150,0,1,1,0,,0,3,3,0,3,4,0,0,5633,,0,2,1,
2026-09-12T19:27:40.027Z,85559093000000,4041038,16606,-44035,-44030,,-24783,-18024,-18024,18024,2,2,-18024,-18024,0,1,1,0,,0,3,3,0,3,4,0,0,6759,,0,2,1,
2026-09-12T19:27:40.219Z,85559296000000,4041142,16607,-44021,-44031,,-19150,-16897,-16897,18024,2,2,-16897,-16897,0,1,1,0,,0,3,3,0,3,4,0,0,6759,,0,2,1,
2026-09-12T19:27:40.324Z,85559390000000,4041290,16609,-44041,-44029,,-19150,-19150,-19150,18024,2,2,-19150,-19150,0,1,1,0,,0,3,3,0,3,4,0,0,3380,,0,2,1,
2026-09-12T19:27:40.428Z,85559500000000,4041438,16610,-44039,-44030,,-19150,-18024,-18024,18024,2,2,-18024,-18024,0,1,1,0,,0,3,3,0,3,4,0,0,3380,,0,2,1,
2026-09-12T19:27:40.534Z,85559609000000,4041544,16611,-44058,-44031,,-19150,-16897,-16897,18024,2,2,-16897,-16897,0,1,1,0,,0,3,3,0,3,4,0,0,3380,,0,2,1,
2026-09-12T19:27:40.638Z,85559703000000,4041648,16612,-44043,-44033,,-19150,-14644,-14644,18024,2,2,-14644,-14644,0,1,1,0,,0,3,3,0,3,4,0,0,4506,,0,2,1,
2026-09-12T19:27:40.743Z,85559812000000,4041753,16613,-44021,-44034,,-19150,-13518,-13518,18024,2,2,-13518,-13518,0,1,1,0,,0,3,3,0,3,4,0,0,5632,,0,2,1,
2026-09-12T19:27:40.846Z,85559921000000,4041858,16614,-44022,-44032,,-19150,-15771,-15771,18024,2,2,-15771,-15771,0,1,1,0,,0,3,3,0,3,4,0,0,5632,,0,2,1,
2026-09-12T19:27:40.952Z,85560031000000,4041962,16615,-44026,-44031,,-19150,-16897,-16897,18024,2,2,-16897,-16897,0,1,1,0,,0,3,3,0,3,4,0,0,5632,,0,2,1,
2026-09-12T19:27:41.056Z,85560125000000,4042067,16616,-44043,-44030,,-19150,-18024,-18024,18024,2,2,-18024,-18024,0,1,1,0,,0,3,3,0,3,4,0,0,5632,,0,2,1,
2026-09-12T19:27:41.245Z,85560312000000,4042190,16618,-44048,-44033,,-13518,-14644,-14644,18024,2,2,-14644,-14644,0,1,1,0,,0,3,3,0,3,4,0,0,4506,,0,2,1,
2026-09-12T19:27:41.349Z,85560421000000,4042290,16619,-44034,-44034,,-13518,-13518,-13518,18024,2,2,-13518,-13518,0,1,1,0,,0,3,3,0,3,4,0,0,4506,,0,2,1,
2026-09-12T19:27:41.454Z,85560531000000,4042464,16620,-44022,-44034,,-13518,-13518,-13518,18024,2,2,-13518,-13518,0,1,1,0,,0,3,3,0,3,4,0,0,4506,,0,2,1,
2026-09-12T19:27:41.557Z,85560625000000,4042569,16621,-44020,-44032,,-13518,-15771,-15771,18024,2,2,-15771,-15771,0,1,1,0,,0,3,3,0,3,4,0,0,4506,,0,2,1,
2026-09-12T19:27:41.662Z,85560734000000,4042691,16623,-44023,-44030,,-13518,-18024,-18024,18024,2,2,-18024,-18024,0,1,1,0,,0,3,3,0,3,4,0,0,4506,,0,2,1,
2026-09-12T19:27:41.765Z,85560843000000,4042791,16624,-44018,-44029,,-13518,-19150,-19150,18024,2,2,-19150,-19150,0,1,1,0,,0,3,3,0,3,4,0,0,5632,,0,2,1,
2026-09-12T19:27:41.867Z,85560937000000,4042891,16625,-44018,-44028,,-13518,-20277,-20277,18024,2,2,-20277,-20277,0,1,1,0,,0,3,3,0,3,4,0,0,6759,,0,2,1,
2026-09-12T19:27:41.970Z,85561046000000,4042991,16626,-44026,-44027,,-13518,-21403,-21403,18024,2,2,-21403,-21403,0,1,1,0,,0,3,3,0,3,4,0,0,7885,,0,2,1,
2026-09-12T19:27:42.073Z,85561140000000,4043091,16627,-44027,-44027,,-13518,-21403,-21403,18024,2,2,-21403,-21403,0,1,1,0,,0,3,3,0,3,4,0,0,7885,,0,2,1,
2026-09-12T19:27:42.264Z,85561343000000,4043191,16628,-44037,-44027,,-20277,-21403,-21403,18024,2,2,-21403,-21403,0,1,1,0,,0,3,3,0,3,4,0,0,5632,,0,2,1,
2026-09-12T19:27:42.367Z,85561437000000,4043392,16630,-44047,-44029,,-20277,-19150,-19150,18024,2,2,-19150,-19150,0,1,1,0,,0,3,3,0,3,4,0,0,3379,,0,2,1,
2026-09-12T19:27:42.469Z,85561546000000,4043492,16631,-44032,-44030,,-20277,-18024,-18024,18024,2,2,-18024,-18024,0,1,1,0,,0,3,3,0,3,4,0,0,3379,,0,2,1,
2026-09-12T19:27:42.573Z,85561640000000,4043592,16632,-44019,-44030,,-20277,-18024,-18024,18024,2,2,-18024,-18024,0,1,1,0,,0,3,3,0,3,4,0,0,3379,,0,2,1,
2026-09-12T19:27:42.677Z,85561750000000,4043692,16633,-44016,-44029,,-20277,-19150,-19150,18024,2,2,-19150,-19150,0,1,1,0,,0,3,3,0,3,4,0,0,3379,,0,2,1,
2026-09-12T19:27:42.781Z,85561859000000,4043792,16634,-44004,-44027,,-20277,-21403,-21403,18024,2,2,-21403,-21403,0,1,1,0,,0,3,3,0,3,4,0,0,3379,,0,2,1,
2026-09-12T19:27:42.885Z,85561953000000,4043896,16635,-44024,-44026,,-20277,-22530,-22530,18024,2,2,-22530,-22530,0,1,1,0,,0,3,3,0,3,4,0,0,4506,,0,2,1,
2026-09-12T19:27:42.989Z,85562062000000,4044000,16636,-44013,-44024,,-20277,-24783,-24783,18024,2,2,-24783,-24783,0,1,1,0,,0,3,3,0,3,4,0,0,6759,,0,2,1,
2026-09-12T19:27:43.094Z,85562171000000,4044105,16637,-44017,-44023,,-20277,-25909,-25909,18024,2,2,-25909,-25909,0,1,1,0,,0,3,3,0,3,4,0,0,7885,,0,2,1,
2026-09-12T19:27:43.284Z,85562359000000,4044209,16638,-44021,-44022,,-28162,-27035,-27035,18024,2,2,-27035,-27035,0,1,1,0,,0,3,3,0,3,4,0,0,9011,,0,2,1,
2026-09-12T19:27:43.388Z,85562468000000,4044406,16640,-44005,-44020,,-28162,-29288,-29288,18024,2,2,-29288,-29288,0,1,1,0,,0,3,3,0,3,4,0,0,10138,,0,2,1,
2026-09-12T19:27:43.493Z,85562562000000,4044504,16641,-44003,-44018,,-28162,-31541,-31541,18024,2,2,-31541,-31541,0,1,1,0,,0,3,3,0,3,4,0,0,10138,,0,2,1,
2026-09-12T19:27:43.598Z,85562671000000,4044608,16642,-44026,-44016,,-28162,-33794,-33794,18024,2,2,-33794,-33794,0,1,1,0,,0,3,3,0,3,4,0,0,11264,,0,2,1,
2026-09-12T19:27:43.703Z,85562781000000,4044713,16643,-44027,-44017,,-28162,-32668,-32668,18024,2,2,-32668,-32668,0,1,1,0,,0,3,3,0,3,4,0,0,9011,,0,2,1,
2026-09-12T19:27:43.807Z,85562875000000,4044818,16644,-44028,-44018,,-28162,-31541,-31541,18024,2,2,-31541,-31541,0,1,1,0,,0,3,3,0,3,4,0,0,7885,,0,2,1,
2026-09-12T19:27:43.912Z,85562984000000,4044922,16645,-44022,-44019,,-28162,-30415,-30415,18024,2,2,-30415,-30415,0,1,1,0,,0,3,3,0,3,4,0,0,6759,,0,2,1,
2026-09-12T19:27:44.016Z,85563093000000,4045027,16646,-44026,-44020,,-28162,-29288,-29288,18024,2,2,-29288,-29288,0,1,1,0,,0,3,3,0,3,4,0,0,5632,,0,2,1,
2026-09-12T19:27:44.120Z,85563187000000,4045131,16647,-44026,-44021,,-28162,-28162,-28162,18024,2,2,-28162,-28162,0,1,1,0,,0,3,3,0,3,4,0,0,5632,,0,2,1,
2026-09-12T19:27:44.312Z,85563390000000,4045236,16648,-44018,-44022,,-25909,-27035,-27035,18024,2,2,-27035,-27035,0,1,1,0,,0,3,3,0,3,4,0,0,6759,,0,2,1,
2026-09-12T19:27:44.417Z,85563484000000,4045433,16650,-44041,-44024,,-25909,-24783,-24783,18024,2,2,-24783,-24783,0,1,1,0,,0,3,3,0,3,4,0,0,7885,,0,2,1,
2026-09-12T19:27:44.521Z,85563593000000,4045532,16651,-44022,-44025,,-25909,-23656,-23656,18024,2,2,-23656,-23656,0,1,1,0,,0,3,3,0,3,4,0,0,7885,,0,2,1,
2026-09-12T19:27:44.625Z,85563703000000,4045636,16652,-44014,-44025,,-25909,-23656,-23656,18024,2,2,-23656,-23656,0,1,1,0,,0,3,3,0,3,4,0,0,6759,,0,2,1,
2026-09-12T19:27:44.728Z,85563796000000,4045740,16653,-44024,-44025,,-25909,-23656,-23656,18024,2,2,-23656,-23656,0,1,1,0,,0,3,3,0,3,4,0,0,5632,,0,2,1,
2026-09-12T19:27:44.834Z,85563906000000,4045844,16654,-44023,-44025,,-25909,-23656,-23656,18024,2,2,-23656,-23656,0,1,1,0,,0,3,3,0,3,4,0,0,4506,,0,2,1,
2026-09-12T19:27:44.938Z,85564015000000,4045948,16655,-44035,-44025,,-25909,-23656,-23656,18024,2,2,-23656,-23656,0,1,1,0,,0,3,3,0,3,4,0,0,3379,,0,2,1,
2026-09-12T19:27:45.043Z,85564109000000,4046054,16656,-44020,-44025,,-25909,-23656,-23656,18024,2,2,-23656,-23656,0,1,1,0,,0,3,3,0,3,4,0,0,2253,,0,2,1,
2026-09-12T19:27:45.147Z,85564218000000,4046158,16657,-44018,-44024,,-25909,-24783,-24783,18024,2,2,-24783,-24783,0,1,1,0,,0,3,3,0,3,4,0,0,1127,,0,2,1,
2026-09-12T19:27:45.340Z,85564406000000,4046262,16658,-44018,-44023,,-27035,-25909,-25909,18024,2,2,-25909,-25909,0,1,1,0,,0,3,3,0,3,4,0,0,2253,,0,2,1,
2026-09-12T19:27:45.445Z,85564515000000,4046411,16660,-44020,-44022,,-27035,-27035,-27035,18024,2,2,-27035,-27035,0,1,1,0,,0,3,3,0,3,4,0,0,3379,,0,2,1,
2026-09-12T19:27:45.549Z,85564625000000,4046560,16661,-44020,-44022,,-27035,-27035,-27035,18024,2,2,-27035,-27035,0,1,1,0,,0,3,3,0,3,4,0,0,3379,,0,2,1,
2026-09-12T19:27:45.654Z,85564734000000,4046664,16662,-44011,-44022,,-27035,-27035,-27035,18024,2,2,-27035,-27035,0,1,1,0,,0,3,3,0,3,4,0,0,3379,,0,2,1,
2026-09-12T19:27:45.757Z,85564828000000,4046769,16663,-44022,-44022,,-27035,-27035,-27035,18024,2,2,-27035,-27035,0,1,1,0,,0,3,3,0,3,4,0,0,3379,,0,2,1,
2026-09-12T19:27:45.861Z,85564937000000,4046873,16664,-44024,-44022,,-27035,-27035,-27035,18024,2,2,-27035,-27035,0,1,1,0,,0,3,3,0,3,4,0,0,2252,,0,2,1,
2026-09-12T19:27:45.966Z,85565031000000,4046977,16665,-44018,-44022,,-27035,-27035,-27035,18024,2,2,-27035,-27035,0,1,1,0,,0,3,3,0,3,4,0,0,1126,,0,2,1,
2026-09-12T19:27:46.070Z,85565140000000,4047098,16667,-44023,-44022,,-27035,-27035,-27035,18024,2,2,-27035,-27035,0,1,1,0,,0,3,3,0,3,4,0,0,0,,0,2,1,
2026-09-12T19:27:46.172Z,85565250000000,4047198,16668,-44015,-44022,,-27035,-27035,-27035,18024,2,2,-27035,-27035,0,1,1,0,,0,3,3,0,3,4,0,0,0,,0,2,1,
2026-09-12T19:27:46.361Z,85565437000000,4047299,16669,-44019,-44022,,-28162,-27035,-27035,18024,2,2,-27035,-27035,0,1,1,0,,0,3,3,0,3,4,0,0,0,,0,2,1,
2026-09-12T19:27:46.465Z,85565531000000,4047399,16670,-44012,-44021,,-28162,-28162,-28162,18024,2,2,-28162,-28162,0,1,1,0,,0,3,3,0,3,4,0,0,1127,,0,2,1,
2026-09-12T19:27:46.568Z,85565640000000,4047599,16672,-43996,-44018,,-28162,-31541,-31541,18024,2,2,-31541,-31541,0,1,1,0,,0,3,3,0,3,4,0,0,4506,,0,2,1,
2026-09-12T19:27:46.673Z,85565750000000,4047699,16673,-44012,-44017,,-28162,-32668,-32668,18024,2,2,-32668,-32668,0,1,1,0,,0,3,3,0,3,4,0,0,5633,,0,2,1,
2026-09-12T19:27:46.775Z,85565843000000,4047799,16674,-44018,-44016,,-28162,-33794,-33794,18024,2,2,-33794,-33794,0,1,1,0,,0,3,3,0,3,4,0,0,6759,,0,2,1,
2026-09-12T19:27:46.879Z,85565953000000,4047900,16675,-44011,-44015,,-28162,-34921,-34921,18024,2,2,-34921,-34921,0,1,1,0,,0,3,3,0,3,4,0,0,7886,,0,2,1,
2026-09-12T19:27:46.982Z,85566062000000,4048000,16676,-44017,-44015,,-28162,-34921,-34921,18024,2,2,-34921,-34921,0,1,1,0,,0,3,3,0,3,4,0,0,7886,,0,2,1,
2026-09-12T19:27:47.087Z,85566156000000,4048100,16677,-44017,-44015,,-28162,-34921,-34921,18024,2,2,-34921,-34921,0,1,1,0,,0,3,3,0,3,4,0,0,6759,,0,2,1,
2026-09-12T19:27:47.191Z,85566265000000,4048202,16678,-44006,-44015,,-28162,-34921,-34921,18024,2,2,-34921,-34921,0,1,1,0,,0,3,3,0,3,4,0,0,5633,,0,2,1,
2026-09-12T19:27:47.381Z,85566453000000,4048307,16679,-44000,-44014,,-37174,-36047,-36047,18024,2,2,-36047,-36047,0,1,1,0,,0,3,3,0,3,4,0,0,4506,,0,2,1,
2026-09-12T19:27:47.487Z,85566562000000,4048503,16681,-44010,-44013,,-37174,-37174,-37174,18024,2,2,-37174,-37174,0,1,1,0,,0,3,3,0,3,4,0,0,3380,,0,2,1,
2026-09-12T19:27:47.590Z,85566656000000,4048602,16682,-44011,-44013,,-37174,-37174,-37174,18024,2,2,-37174,-37174,0,1,1,0,,0,3,3,0,3,4,0,0,2253,,0,2,1,
2026-09-12T19:27:47.695Z,85566765000000,4048706,16683,-44015,-44013,,-37174,-37174,-37174,18024,2,2,-37174,-37174,0,1,1,0,,0,3,3,0,3,4,0,0,2253,,0,2,1,
2026-09-12T19:27:47.800Z,85566875000000,4048811,16684,-44012,-44013,,-37174,-37174,-37174,18024,2,2,-37174,-37174,0,1,1,0,,0,3,3,0,3,4,0,0,2253,,0,2,1,
2026-09-12T19:27:47.905Z,85566984000000,4048915,16685,-44012,-44013,,-37174,-37174,-37174,18024,2,2,-37174,-37174,0,1,1,0,,0,3,3,0,3,4,0,0,2253,,0,2,1,
2026-09-12T19:27:48.009Z,85567078000000,4049020,16686,-44013,-44013,,-37174,-37174,-37174,18024,2,2,-37174,-37174,0,1,1,0,,0,3,3,0,3,4,0,0,1127,,0,2,1,
2026-09-12T19:27:48.114Z,85567187000000,4049124,16687,-44019,-44013,,-37174,-37174,-37174,18024,2,2,-37174,-37174,0,1,1,0,,0,3,3,0,3,4,0,0,0,,0,2,1,
2026-09-12T19:27:48.218Z,85567296000000,4049229,16688,-43999,-44013,,-37174,-37174,-37174,18024,2,2,-37174,-37174,0,1,1,0,,0,3,3,0,3,4,0,0,0,,0,2,1,
2026-09-12T19:27:48.411Z,85567484000000,4049334,16689,-44008,-44012,,-39427,-38300,-38300,18024,2,2,-38300,-38300,0,1,1,0,,0,3,3,0,3,4,0,0,1126,,0,2,1,
2026-09-12T19:27:48.515Z,85567593000000,4049532,16691,-44014,-44011,,-39427,-39427,-39427,18024,2,2,-39427,-39427,0,1,1,0,,0,3,3,0,3,4,0,0,2253,,0,2,1,
2026-09-12T19:27:48.621Z,85567687000000,4049631,16692,-44006,-44011,,-39427,-39427,-39427,18024,2,2,-39427,-39427,0,1,1,0,,0,3,3,0,3,4,0,0,2253,,0,2,1,
2026-09-12T19:27:48.725Z,85567796000000,4049736,16693,-44002,-44010,,-39427,-40553,-40553,18024,2,2,-40553,-40553,0,1,1,0,,0,3,3,0,3,4,0,0,3379,,0,2,1,
2026-09-12T19:27:48.830Z,85567906000000,4049841,16694,-44022,-44009,,-39427,-41680,-41680,18024,2,2,-41680,-41680,0,1,1,0,,0,3,3,0,3,4,0,0,4506,,0,2,1,
2026-09-12T19:27:48.935Z,85568000000000,4049946,16695,-44015,-44010,,-39427,-40553,-40553,18024,2,2,-40553,-40553,0,1,1,0,,0,3,3,0,3,4,0,0,4506,,0,2,1,
2026-09-12T19:27:49.038Z,85568109000000,4050050,16696,-44000,-44011,,-39427,-39427,-39427,18024,2,2,-39427,-39427,0,1,1,0,,0,3,3,0,3,4,0,0,3380,,0,2,1,
2026-09-12T19:27:49.143Z,85568218000000,4050154,16697,-43993,-44010,,-39427,-40553,-40553,18024,2,2,-40553,-40553,0,1,1,0,,0,3,3,0,3,4,0,0,2253,,0,2,1,
2026-09-12T19:27:49.247Z,85568312000000,4050258,16698,-44008,-44009,,-39427,-41680,-41680,18024,2,2,-41680,-41680,0,1,1,0,,0,3,3,0,3,4,0,0,2253,,0,2,1,
2026-09-12T19:27:49.439Z,85568515000000,4050363,16699,-44011,-44009,,-41680,-41680,-41680,18024,2,2,-41680,-41680,0,1,1,0,,0,3,3,0,3,4,0,0,2253,,0,2,1,
2026-09-12T19:27:49.544Z,85568609000000,4050509,16701,-44008,-44009,,-41680,-41680,-41680,18024,2,2,-41680,-41680,0,1,1,0,,0,3,3,0,3,4,0,0,2253,,0,2,1,
2026-09-12T19:27:49.648Z,85568718000000,4050659,16702,-44025,-44009,,-41680,-41680,-41680,18024,2,2,-41680,-41680,0,1,1,0,,0,3,3,0,3,4,0,0,2253,,0,2,1,
2026-09-12T19:27:49.753Z,85568828000000,4050764,16703,-44029,-44011,,-41680,-39427,-39427,18024,2,2,-39427,-39427,0,1,1,0,,0,3,3,0,3,4,0,0,2253,,0,2,1,
2026-09-12T19:27:49.857Z,85568937000000,4050868,16704,-44025,-44013,,-41680,-37174,-37174,18024,2,2,-37174,-37174,0,1,1,0,,0,3,3,0,3,4,0,0,4506,,0,2,1,
2026-09-12T19:27:49.962Z,85569031000000,4050973,16705,-44014,-44015,,-41680,-34921,-34921,18024,2,2,-34921,-34921,0,1,1,0,,0,3,3,0,3,4,0,0,6759,,0,2,1,
2026-09-12T19:27:50.066Z,85569140000000,4051078,16706,-44018,-44015,,-41680,-34921,-34921,18024,2,2,-34921,-34921,0,1,1,0,,0,3,3,0,3,4,0,0,6759,,0,2,1,
2026-09-12T19:27:50.170Z,85569250000000,4051182,16707,-44010,-44015,,-41680,-34921,-34921,18024,2,2,-34921,-34921,0,1,1,0,,0,3,3,0,3,4,0,0,6759,,0,2,1,
2026-09-12T19:27:50.275Z,85569343000000,4051305,16709,-44029,-44015,,-41680,-34921,-34921,18024,2,2,-34921,-34921,0,1,1,0,,0,3,3,0,3,4,0,0,6759,,0,2,1,
2026-09-12T19:27:50.465Z,85569531000000,4051406,16710,-44025,-44016,,-32668,-33794,-33794,18024,2,2,-33794,-33794,0,1,1,0,,0,3,3,0,3,4,0,0,5633,,0,2,1,
2026-09-12T19:27:50.569Z,85569640000000,4051506,16711,-44013,-44017,,-32668,-32668,-32668,18024,2,2,-32668,-32668,0,1,1,0,,0,3,3,0,3,4,0,0,4506,,0,2,1,
2026-09-12T19:27:50.674Z,85569750000000,4051685,16712,-44030,-44018,,-32668,-31541,-31541,18024,2,2,-31541,-31541,0,1,1,0,,0,3,3,0,3,4,0,0,3380,,0,2,1,
2026-09-12T19:27:50.777Z,85569843000000,4051806,16714,-44028,-44021,,-32668,-28162,-28162,18024,2,2,-28162,-28162,0,1,1,0,,0,3,3,0,3,4,0,0,6759,,0,2,1,
2026-09-12T19:27:50.880Z,85569953000000,4051906,16715,-44026,-44022,,-32668,-27035,-27035,18024,2,2,-27035,-27035,0,1,1,0,,0,3,3,0,3,4,0,0,7886,,0,2,1,
2026-09-12T19:27:50.983Z,85570062000000,4052007,16716,-44031,-44023,,-32668,-25909,-25909,18024,2,2,-25909,-25909,0,1,1,0,,0,3,3,0,3,4,0,0,9012,,0,2,1,
2026-09-12T19:27:51.087Z,85570156000000,4052107,16717,-44026,-44023,,-32668,-25909,-25909,18024,2,2,-25909,-25909,0,1,1,0,,0,3,3,0,3,4,0,0,7885,,0,2,1,
2026-09-12T19:27:51.191Z,85570265000000,4052207,16718,-44028,-44024,,-32668,-24783,-24783,18024,2,2,-24783,-24783,0,1,1,0,,0,3,3,0,3,4,0,0,7885,,0,2,1,
2026-09-12T19:27:51.295Z,85570375000000,4052307,16719,-44020,-44024,,-32668,-24783,-24783,18024,2,2,-24783,-24783,0,1,1,0,,0,3,3,0,3,4,0,0,6758,,0,2,1,
2026-09-12T19:27:51.488Z,85570562000000,4052411,16720,-44018,-44023,,-27035,-25909,-25909,18024,2,2,-25909,-25909,0,1,1,0,,0,3,3,0,3,4,0,0,4505,,0,2,1,
2026-09-12T19:27:51.593Z,85570671000000,4052610,16722,-44000,-44020,,-27035,-29288,-29288,18024,2,2,-29288,-29288,0,1,1,0,,0,3,3,0,3,4,0,0,4505,,0,2,1,
2026-09-12T19:27:51.697Z,85570765000000,4052708,16723,-44006,-44018,,-27035,-31541,-31541,18024,2,2,-31541,-31541,0,1,1,0,,0,3,3,0,3,4,0,0,6758,,0,2,1,
2026-09-12T19:27:51.801Z,85570875000000,4052813,16724,-43998,-44016,,-27035,-33794,-33794,18024,2,2,-33794,-33794,0,1,1,0,,0,3,3,0,3,4,0,0,9011,,0,2,1,
2026-09-12T19:27:51.906Z,85570984000000,4052917,16725,-44003,-44014,,-27035,-36047,-36047,18024,2,2,-36047,-36047,0,1,1,0,,0,3,3,0,3,4,0,0,11264,,0,2,1,
2026-09-12T19:27:52.010Z,85571078000000,4053021,16726,-44008,-44013,,-27035,-37174,-37174,18024,2,2,-37174,-37174,0,1,1,0,,0,3,3,0,3,4,0,0,12391,,0,2,1,
2026-09-12T19:27:52.114Z,85571187000000,4053126,16727,-44012,-44012,,-27035,-38300,-38300,18024,2,2,-38300,-38300,0,1,1,0,,0,3,3,0,3,4,0,0,12391,,0,2,1,
2026-09-12T19:27:52.218Z,85571296000000,4053230,16728,-44015,-44012,,-27035,-38300,-38300,18024,2,2,-38300,-38300,0,1,1,0,,0,3,3,0,3,4,0,0,11265,,0,2,1,
2026-09-12T19:27:52.323Z,85571390000000,4053334,16729,-44001,-44012,,-27035,-38300,-38300,18024,2,2,-38300,-38300,0,1,1,0,,0,3,3,0,3,4,0,0,9012,,0,2,1,
2026-09-12T19:27:52.513Z,85571593000000,4053438,16730,-44018,-44012,,-37174,-38300,-38300,18024,2,2,-38300,-38300,0,1,1,0,,0,3,3,0,3,4,0,0,6759,,0,2,1,
2026-09-12T19:27:52.620Z,85571687000000,4053636,16732,-44017,-44014,,-37174,-36047,-36047,18024,2,2,-36047,-36047,0,1,1,0,,0,3,3,0,3,4,0,0,2253,,0,2,1,
2026-09-12T19:27:52.724Z,85571796000000,4053735,16733,-44015,-44014,,-37174,-36047,-36047,18024,2,2,-36047,-36047,0,1,1,0,,0,3,3,0,3,4,0,0,2253,,0,2,1,
2026-09-12T19:27:52.828Z,85571906000000,4053840,16734,-44017,-44014,,-37174,-36047,-36047,18024,2,2,-36047,-36047,0,1,1,0,,0,3,3,0,3,4,0,0,2253,,0,2,1,
2026-09-12T19:27:52.933Z,85572000000000,4053944,16735,-44011,-44014,,-37174,-36047,-36047,18024,2,2,-36047,-36047,0,1,1,0,,0,3,3,0,3,4,0,0,2253,,0,2,1,
2026-09-12T19:27:53.039Z,85572109000000,4054049,16736,-44002,-44014,,-37174,-36047,-36047,18024,2,2,-36047,-36047,0,1,1,0,,0,3,3,0,3,4,0,0,2253,,0,2,1,
2026-09-12T19:27:53.143Z,85572218000000,4054154,16737,-43983,-44012,,-37174,-38300,-38300,18024,2,2,-38300,-38300,0,1,1,0,,0,3,3,0,3,4,0,0,2253,,0,2,1,
2026-09-12T19:27:53.247Z,85572312000000,4054259,16738,-44013,-44011,,-37174,-39427,-39427,18024,2,2,-39427,-39427,0,1,1,0,,0,3,3,0,3,4,0,0,3380,,0,2,1,
2026-09-12T19:27:53.352Z,85572421000000,4054363,16739,-44008,-44011,,-37174,-39427,-39427,18024,2,2,-39427,-39427,0,1,1,0,,0,3,3,0,3,4,0,0,3380,,0,2,1,
2026-09-12T19:27:53.543Z,85572609000000,4054467,16740,-44004,-44011,,-40553,-39427,-39427,18024,2,2,-39427,-39427,0,1,1,0,,0,3,3,0,3,4,0,0,3380,,0,2,1,
2026-09-12T19:27:53.648Z,85572718000000,4054615,16742,-44022,-44010,,-40553,-40553,-40553,18024,2,2,-40553,-40553,0,1,1,0,,0,3,3,0,3,4,0,0,4506,,0,2,1,
2026-09-12T19:27:53.753Z,85572828000000,4054765,16743,-44017,-44011,,-40553,-39427,-39427,18024,2,2,-39427,-39427,0,1,1,0,,0,3,3,0,3,4,0,0,4506,,0,2,1,
2026-09-12T19:27:53.857Z,85572937000000,4054870,16744,-44017,-44012,,-40553,-38300,-38300,18024,2,2,-38300,-38300,0,1,1,0,,0,3,3,0,3,4,0,0,2253,,0,2,1,
2026-09-12T19:27:53.963Z,85573031000000,4054973,16745,-44031,-44013,,-40553,-37174,-37174,18024,2,2,-37174,-37174,0,1,1,0,,0,3,3,0,3,4,0,0,3379,,0,2,1,
2026-09-12T19:27:54.068Z,85573140000000,4055079,16746,-44024,-44014,,-40553,-36047,-36047,18024,2,2,-36047,-36047,0,1,1,0,,0,3,3,0,3,4,0,0,4506,,0,2,1,
2026-09-12T19:27:54.173Z,85573250000000,4055184,16747,-44029,-44016,,-40553,-33794,-33794,18024,2,2,-33794,-33794,0,1,1,0,,0,3,3,0,3,4,0,0,6759,,0,2,1,
2026-09-12T19:27:54.277Z,85573343000000,4055288,16748,-44017,-44017,,-40553,-32668,-32668,18024,2,2,-32668,-32668,0,1,1,0,,0,3,3,0,3,4,0,0,7885,,0,2,1,
2026-09-12T19:27:54.382Z,85573453000000,4055412,16750,-44023,-44017,,-40553,-32668,-32668,18024,2,2,-32668,-32668,0,1,1,0,,0,3,3,0,3,4,0,0,6759,,0,2,1,
2026-09-12T19:27:54.570Z,85573640000000,4055512,16751,-44029,-44018,,-30415,-31541,-31541,18024,2,2,-31541,-31541,0,1,1,0,,0,3,3,0,3,4,0,0,6759,,0,2,1,
2026-09-12T19:27:54.674Z,85573750000000,4055613,16752,-44007,-44019,,-30415,-30415,-30415,18024,2,2,-30415,-30415,0,1,1,0,,0,3,3,0,3,4,0,0,6759,,0,2,1,
2026-09-12T19:27:54.779Z,85573859000000,4055790,16753,-44011,-44018,,-30415,-31541,-31541,18024,2,2,-31541,-31541,0,1,1,0,,0,3,3,0,3,4,0,0,5632,,0,2,1,
2026-09-12T19:27:54.883Z,85573953000000,4055913,16755,-43998,-44016,,-30415,-33794,-33794,18024,2,2,-33794,-33794,0,1,1,0,,0,3,3,0,3,4,0,0,3379,,0,2,1,
2026-09-12T19:27:54.988Z,85574062000000,4056013,16756,-44017,-44016,,-30415,-33794,-33794,18024,2,2,-33794,-33794,0,1,1,0,,0,3,3,0,3,4,0,0,3379,,0,2,1,
2026-09-12T19:27:55.091Z,85574156000000,4056113,16757,-44036,-44016,,-30415,-33794,-33794,18024,2,2,-33794,-33794,0,1,1,0,,0,3,3,0,3,4,0,0,3379,,0,2,1,
2026-09-12T19:27:55.194Z,85574265000000,4056214,16758,-44038,-44019,,-30415,-30415,-30415,18024,2,2,-30415,-30415,0,1,1,0,,0,3,3,0,3,4,0,0,3379,,0,2,1,
2026-09-12T19:27:55.300Z,85574375000000,4056314,16759,-44016,-44021,,-30415,-28162,-28162,18024,2,2,-28162,-28162,0,1,1,0,,0,3,3,0,3,4,0,0,5632,,0,2,1,
2026-09-12T19:27:55.405Z,85574484000000,4056415,16760,-44019,-44021,,-30415,-28162,-28162,18024,2,2,-28162,-28162,0,1,1,0,,0,3,3,0,3,4,0,0,5632,,0,2,1,
2026-09-12T19:27:55.596Z,85574671000000,4056521,16761,-44011,-44020,,-29288,-29288,-29288,18024,2,2,-29288,-29288,0,1,1,0,,0,3,3,0,3,4,0,0,5632,,0,2,1,
2026-09-12T19:27:55.701Z,85574781000000,4056718,16763,-44023,-44020,,-29288,-29288,-29288,18024,2,2,-29288,-29288,0,1,1,0,,0,3,3,0,3,4,0,0,5632,,0,2,1,
2026-09-12T19:27:55.804Z,85574875000000,4056817,16764,-44014,-44020,,-29288,-29288,-29288,18024,2,2,-29288,-29288,0,1,1,0,,0,3,3,0,3,4,0,0,5632,,0,2,1,
2026-09-12T19:27:55.909Z,85574984000000,4056921,16765,-44006,-44019,,-29288,-30415,-30415,18024,2,2,-30415,-30415,0,1,1,0,,0,3,3,0,3,4,0,0,2253,,0,2,1,
2026-09-12T19:27:56.014Z,85575093000000,4057025,16766,-44022,-44018,,-29288,-31541,-31541,18024,2,2,-31541,-31541,0,1,1,0,,0,3,3,0,3,4,0,0,3379,,0,2,1,
2026-09-12T19:27:56.119Z,85575187000000,4057130,16767,-44023,-44019,,-29288,-30415,-30415,18024,2,2,-30415,-30415,0,1,1,0,,0,3,3,0,3,4,0,0,3379,,0,2,1,
2026-09-12T19:27:56.223Z,85575296000000,4057236,16768,-44013,-44019,,-29288,-30415,-30415,18024,2,2,-30415,-30415,0,1,1,0,,0,3,3,0,3,4,0,0,2253,,0,2,1,
2026-09-12T19:27:56.328Z,85575406000000,4057340,16769,-44019,-44019,,-29288,-30415,-30415,18024,2,2,-30415,-30415,0,1,1,0,,0,3,3,0,3,4,0,0,2253,,0,2,1,
2026-09-12T19:27:56.433Z,85575500000000,4057444,16770,-44023,-44019,,-29288,-30415,-30415,18024,2,2,-30415,-30415,0,1,1,0,,0,3,3,0,3,4,0,0,2253,,0,2,1,
2026-09-12T19:27:56.626Z,85575703000000,4057549,16771,-44022,-44019,,-30415,-30415,-30415,18024,2,2,-30415,-30415,0,1,1,0,,0,3,3,0,3,4,0,0,2253,,0,2,1,
2026-09-12T19:27:56.731Z,85575796000000,4057748,16773,-44026,-44019,,-30415,-30415,-30415,18024,2,2,-30415,-30415,0,1,1,0,,0,3,3,0,3,4,0,0,1126,,0,2,1,
2026-09-12T19:27:56.835Z,85575906000000,4057847,16774,-44007,-44018,,-30415,-31541,-31541,18024,2,2,-31541,-31541,0,1,1,0,,0,3,3,0,3,4,0,0,1126,,0,2,1,
2026-09-12T19:27:56.940Z,85576015000000,4057952,16775,-44001,-44017,,-30415,-32668,-32668,18024,2,2,-32668,-32668,0,1,1,0,,0,3,3,0,3,4,0,0,2253,,0,2,1,
2026-09-12T19:27:57.044Z,85576109000000,4058056,16776,-44029,-44016,,-30415,-33794,-33794,18024,2,2,-33794,-33794,0,1,1,0,,0,3,3,0,3,4,0,0,3379,,0,2,1,
2026-09-12T19:27:57.148Z,85576218000000,4058160,16777,-44042,-44018,,-30415,-31541,-31541,18024,2,2,-31541,-31541,0,1,1,0,,0,3,3,0,3,4,0,0,3379,,0,2,1,
2026-09-12T19:27:57.253Z,85576328000000,4058264,16778,-44041,-44021,,-30415,-28162,-28162,18024,2,2,-28162,-28162,0,1,1,0,,0,3,3,0,3,4,0,0,5632,,0,2,1,
2026-09-12T19:27:57.358Z,85576437000000,4058368,16779,-44040,-44024,,-30415,-24783,-24783,18024,2,2,-24783,-24783,0,1,1,0,,0,3,3,0,3,4,0,0,9011,,0,2,1,
2026-09-12T19:27:57.463Z,85576531000000,4058474,16780,-44034,-44026,,-30415,-22530,-22530,18024,2,2,-22530,-22530,0,1,1,0,,0,3,3,0,3,4,0,0,11264,,0,2,1,
2026-09-12T19:27:57.654Z,85576734000000,4058579,16781,-44012,-44027,,-20277,-21403,-21403,18024,2,2,-21403,-21403,0,1,1,0,,0,3,3,0,3,4,0,0,12391,,0,2,1,
2026-09-12T19:27:57.759Z,85576828000000,4058727,16783,-44030,-44028,,-20277,-20277,-20277,18024,2,2,-20277,-20277,0,1,1,0,,0,3,3,0,3,4,0,0,13517,,0,2,1,
2026-09-12T19:27:57.863Z,85576937000000,4058875,16784,-44014,-44028,,-20277,-20277,-20277,18024,2,2,-20277,-20277,0,1,1,0,,0,3,3,0,3,4,0,0,11264,,0,2,1,
2026-09-12T19:27:57.968Z,85577046000000,4058980,16785,-44022,-44027,,-20277,-21403,-21403,18024,2,2,-21403,-21403,0,1,1,0,,0,3,3,0,3,4,0,0,7885,,0,2,1,
2026-09-12T19:27:58.073Z,85577140000000,4059084,16786,-44016,-44026,,-20277,-22530,-22530,18024,2,2,-22530,-22530,0,1,1,0,,0,3,3,0,3,4,0,0,4506,,0,2,1,
2026-09-12T19:27:58.177Z,85577250000000,4059188,16787,-44013,-44025,,-20277,-23656,-23656,18024,2,2,-23656,-23656,0,1,1,0,,0,3,3,0,3,4,0,0,3379,,0,2,1,
2026-09-12T19:27:58.281Z,85577359000000,4059293,16788,-44011,-44023,,-20277,-25909,-25909,18024,2,2,-25909,-25909,0,1,1,0,,0,3,3,0,3,4,0,0,5632,,0,2,1,
2026-09-12T19:27:58.385Z,85577453000000,4059397,16789,-44033,-44022,,-20277,-27035,-27035,18024,2,2,-27035,-27035,0,1,1,0,,0,3,3,0,3,4,0,0,6758,,0,2,1,
2026-09-12T19:27:58.489Z,85577562000000,4059519,16791,-44031,-44023,,-20277,-25909,-25909,18024,2,2,-25909,-25909,0,1,1,0,,0,3,3,0,3,4,0,0,6758,,0,2,1,
2026-09-12T19:27:58.678Z,85577750000000,4059619,16792,-44035,-44024,,-23656,-24783,-24783,18024,2,2,-24783,-24783,0,1,1,0,,0,3,3,0,3,4,0,0,5632,,0,2,1,
2026-09-12T19:27:58.781Z,85577859000000,4059719,16793,-44032,-44025,,-23656,-23656,-23656,18024,2,2,-23656,-23656,0,1,1,0,,0,3,3,0,3,4,0,0,4505,,0,2,1,
2026-09-12T19:27:58.885Z,85577953000000,4059898,16794,-44024,-44026,,-23656,-22530,-22530,18024,2,2,-22530,-22530,0,1,1,0,,0,3,3,0,3,4,0,0,4505,,0,2,1,
2026-09-12T19:27:58.990Z,85578062000000,4060020,16796,-44031,-44026,,-23656,-22530,-22530,18024,2,2,-22530,-22530,0,1,1,0,,0,3,3,0,3,4,0,0,4505,,0,2,1,
2026-09-12T19:27:59.093Z,85578171000000,4060120,16797,-44018,-44026,,-23656,-22530,-22530,18024,2,2,-22530,-22530,0,1,1,0,,0,3,3,0,3,4,0,0,4505,,0,2,1,
2026-09-12T19:27:59.196Z,85578265000000,4060220,16798,-44012,-44025,,-23656,-23656,-23656,18024,2,2,-23656,-23656,0,1,1,0,,0,3,3,0,3,4,0,0,3379,,0,2,1,
2026-09-12T19:27:59.299Z,85578375000000,4060320,16799,-44017,-44024,,-23656,-24783,-24783,18024,2,2,-24783,-24783,0,1,1,0,,0,3,3,0,3,4,0,0,2253,,0,2,1,
2026-09-12T19:27:59.403Z,85578468000000,4060420,16800,-44023,-44023,,-23656,-25909,-25909,18024,2,2,-25909,-25909,0,1,1,0,,0,3,3,0,3,4,0,0,3379,,0,2,1,
2026-09-12T19:27:59.507Z,85578578000000,4060521,16801,-44033,-44023,,-23656,-25909,-25909,18024,2,2,-25909,-25909,0,1,1,0,,0,3,3,0,3,4,0,0,3379,,0,2,1,
2026-09-12T19:27:59.701Z,85578781000000,4060624,16802,-44026,-44023,,-24783,-25909,-25909,18024,2,2,-25909,-25909,0,1,1,0,,0,3,3,0,3,4,0,0,3379,,0,2,1,
2026-09-12T19:27:59.805Z,85578875000000,4060823,16804,-44032,-44025,,-24783,-23656,-23656,18024,2,2,-23656,-23656,0,1,1,0,,0,3,3,0,3,4,0,0,3379,,0,2,1,
2026-09-12T19:27:59.910Z,85578984000000,4060921,16805,-44015,-44026,,-24783,-22530,-22530,18024,2,2,-22530,-22530,0,1,1,0,,0,3,3,0,3,4,0,0,3379,,0,2,1,
2026-09-12T19:28:00.013Z,85579093000000,4061026,16806,-44024,-44026,,-24783,-22530,-22530,18024,2,2,-22530,-22530,0,1,1,0,,0,3,3,0,3,4,0,0,3379,,0,2,1,
2026-09-12T19:28:00.118Z,85579187000000,4061130,16807,-44019,-44025,,-24783,-23656,-23656,18024,2,2,-23656,-23656,0,1,1,0,,0,3,3,0,3,4,0,0,3379,,0,2,1,
2026-09-12T19:28:00.223Z,85579296000000,4061235,16808,-44014,-44024,,-24783,-24783,-24783,18024,2,2,-24783,-24783,0,1,1,0,,0,3,3,0,3,4,0,0,3379,,0,2,1,
2026-09-12T19:28:00.328Z,85579406000000,4061340,16809,-44010,-44023,,-24783,-25909,-25909,18024,2,2,-25909,-25909,0,1,1,0,,0,3,3,0,3,4,0,0,3379,,0,2,1,
2026-09-12T19:28:00.433Z,85579500000000,4061444,16810,-44023,-44022,,-24783,-27035,-27035,18024,2,2,-27035,-27035,0,1,1,0,,0,3,3,0,3,4,0,0,4505,,0,2,1,
2026-09-12T19:28:00.538Z,85579609000000,4061549,16811,-44032,-44022,,-24783,-27035,-27035,18024,2,2,-27035,-27035,0,1,1,0,,0,3,3,0,3,4,0,0,4505,,0,2,1,
2026-09-12T19:28:00.729Z,85579796000000,4061654,16812,-44035,-44023,,-24783,-25909,-25909,18024,2,2,-25909,-25909,0,1,1,0,,0,3,3,0,3,4,0,0,4505,,0,2,1,
2026-09-12T19:28:00.833Z,85579906000000,4061852,16814,-44022,-44024,,-24783,-24783,-24783,18024,2,2,-24783,-24783,0,1,1,0,,0,3,3,0,3,4,0,0,3379,,0,2,1,
2026-09-12T19:28:00.939Z,85580015000000,4061950,16815,-44023,-44024,,-24783,-24783,-24783,18024,2,2,-24783,-24783,0,1,1,0,,0,3,3,0,3,4,0,0,2252,,0,2,1,
2026-09-12T19:28:01.043Z,85580109000000,4062056,16816,-44025,-44024,,-24783,-24783,-24783,18024,2,2,-24783,-24783,0,1,1,0,,0,3,3,0,3,4,0,0,2252,,0,2,1,
2026-09-12T19:28:01.147Z,85580218000000,4062160,16817,-44030,-44024,,-24783,-24783,-24783,18024,2,2,-24783,-24783,0,1,1,0,,0,3,3,0,3,4,0,0,2252,,0,2,1,
2026-09-12T19:28:01.252Z,85580328000000,4062264,16818,-44034,-44025,,-24783,-23656,-23656,18024,2,2,-23656,-23656,0,1,1,0,,0,3,3,0,3,4,0,0,3379,,0,2,1,
2026-09-12T19:28:01.356Z,85580421000000,4062367,16819,-44031,-44026,,-24783,-22530,-22530,18024,2,2,-22530,-22530,0,1,1,0,,0,3,3,0,3,4,0,0,3379,,0,2,1,
2026-09-12T19:28:01.460Z,85580531000000,4062473,16820,-44031,-44027,,-24783,-21403,-21403,18024,2,2,-21403,-21403,0,1,1,0,,0,3,3,0,3,4,0,0,3380,,0,2,1,
2026-09-12T19:28:01.565Z,85580640000000,4062577,16821,-44034,-44028,,-24783,-20277,-20277,18024,2,2,-20277,-20277,0,1,1,0,,0,3,3,0,3,4,0,0,4506,,0,2,1,
2026-09-12T19:28:01.757Z,85580828000000,4062681,16822,-44034,-44029,,-16897,-19150,-19150,18024,2,2,-19150,-19150,0,1,1,0,,0,3,3,0,3,4,0,0,5633,,0,2,1,
2026-09-12T19:28:01.861Z,85580937000000,4062829,16824,-44036,-44031,,-16897,-16897,-16897,18024,2,2,-16897,-16897,0,1,1,0,,0,3,3,0,3,4,0,0,7886,,0,2,1,
2026-09-12T19:28:01.965Z,85581031000000,4062978,16825,-44032,-44031,,-16897,-16897,-16897,18024,2,2,-16897,-16897,0,1,1,0,,0,3,3,0,3,4,0,0,6759,,0,2,1,
2026-09-12T19:28:02.071Z,85581140000000,4063083,16826,-44023,-44031,,-16897,-16897,-16897,18024,2,2,-16897,-16897,0,1,1,0,,0,3,3,0,3,4,0,0,5633,,0,2,1,
2026-09-12T19:28:02.175Z,85581250000000,4063187,16827,-44021,-44030,,-16897,-18024,-18024,18024,2,2,-18024,-18024,0,1,1,0,,0,3,3,0,3,4,0,0,4506,,0,2,1,
2026-09-12T19:28:02.279Z,85581359000000,4063292,16828,-44012,-44029,,-16897,-19150,-19150,18024,2,2,-19150,-19150,0,1,1,0,,0,3,3,0,3,4,0,0,3380,,0,2,1,
2026-09-12T19:28:02.384Z,85581453000000,4063396,16829,-44019,-44028,,-16897,-20277,-20277,18024,2,2,-20277,-20277,0,1,1,0,,0,3,3,0,3,4,0,0,3380,,0,2,1,
2026-09-12T19:28:02.487Z,85581562000000,4063500,16830,-44033,-44027,,-16897,-21403,-21403,18024,2,2,-21403,-21403,0,1,1,0,,0,3,3,0,3,4,0,0,4506,,0,2,1,
2026-09-12T19:28:02.593Z,85581671000000,4063605,16831,-44036,-44028,,-16897,-20277,-20277,18024,2,2,-20277,-20277,0,1,1,0,,0,3,3,0,3,4,0,0,4506,,0,2,1,
2026-09-12T19:28:02.781Z,85581859000000,4063726,16833,-44029,-44030,,-18024,-18024,-18024,18024,2,2,-18024,-18024,0,1,1,0,,0,3,3,0,3,4,0,0,4506,,0,2,1,
2026-09-12T19:28:02.886Z,85581953000000,4063826,16834,-44033,-44030,,-18024,-18024,-18024,18024,2,2,-18024,-18024,0,1,1,0,,0,3,3,0,3,4,0,0,3379,,0,2,1,
2026-09-12T19:28:02.990Z,85582062000000,4064002,16835,-44039,-44030,,-18024,-18024,-18024,18024,2,2,-18024,-18024,0,1,1,0,,0,3,3,0,3,4,0,0,3379,,0,2,1,
2026-09-12T19:28:03.093Z,85582171000000,4064107,16836,-44031,-44030,,-18024,-18024,-18024,18024,2,2,-18024,-18024,0,1,1,0,,0,3,3,0,3,4,0,0,3379,,0,2,1,
2026-09-12T19:28:03.196Z,85582265000000,4064227,16838,-44029,-44030,,-18024,-18024,-18024,18024,2,2,-18024,-18024,0,1,1,0,,0,3,3,0,3,4,0,0,2253,,0,2,1,
2026-09-12T19:28:03.299Z,85582375000000,4064327,16839,-44030,-44030,,-18024,-18024,-18024,18024,2,2,-18024,-18024,0,1,1,0,,0,3,3,0,3,4,0,0,1126,,0,2,1,
2026-09-12T19:28:03.402Z,85582468000000,4064427,16840,-44027,-44030,,-18024,-18024,-18024,18024,2,2,-18024,-18024,0,1,1,0,,0,3,3,0,3,4,0,0,0,,0,2,1,
2026-09-12T19:28:03.505Z,85582578000000,4064528,16841,-44018,-44030,,-18024,-18024,-18024,18024,2,2,-18024,-18024,0,1,1,0,,0,3,3,0,3,4,0,0,0,,0,2,1,
2026-09-12T19:28:03.608Z,85582687000000,4064628,16842,-44024,-44029,,-18024,-19150,-19150,18024,2,2,-19150,-19150,0,1,1,0,,0,3,3,0,3,4,0,0,1126,,0,2,1,
2026-09-12T19:28:03.798Z,85582875000000,4064728,16843,-44032,-44028,,-20277,-20277,-20277,18024,2,2,-20277,-20277,0,1,1,0,,0,3,3,0,3,4,0,0,2253,,0,2,1,
2026-09-12T19:28:03.902Z,85582968000000,4064928,16845,-44022,-44028,,-20277,-20277,-20277,18024,2,2,-20277,-20277,0,1,1,0,,0,3,3,0,3,4,0,0,2253,,0,2,1,
2026-09-12T19:28:04.004Z,85583078000000,4065028,16846,-44021,-44027,,-20277,-21403,-21403,18024,2,2,-21403,-21403,0,1,1,0,,0,3,3,0,3,4,0,0,3379,,0,2,1,
2026-09-12T19:28:04.108Z,85583187000000,4065128,16847,-44032,-44026,,-20277,-22530,-22530,18024,2,2,-22530,-22530,0,1,1,0,,0,3,3,0,3,4,0,0,4506,,0,2,1,
2026-09-12T19:28:04.212Z,85583281000000,4065229,16848,-44034,-44027,,-20277,-21403,-21403,18024,2,2,-21403,-21403,0,1,1,0,,0,3,3,0,3,4,0,0,4506,,0,2,1,
2026-09-12T19:28:04.316Z,85583390000000,4065329,16849,-44032,-44028,,-20277,-20277,-20277,18024,2,2,-20277,-20277,0,1,1,0,,0,3,3,0,3,4,0,0,3380,,0,2,1,
2026-09-12T19:28:04.421Z,85583500000000,4065433,16850,-44032,-44029,,-20277,-19150,-19150,18024,2,2,-19150,-19150,0,1,1,0,,0,3,3,0,3,4,0,0,3380,,0,2,1,
2026-09-12T19:28:04.525Z,85583593000000,4065537,16851,-44035,-44029,,-20277,-19150,-19150,18024,2,2,-19150,-19150,0,1,1,0,,0,3,3,0,3,4,0,0,3380,,0,2,1,
2026-09-12T19:28:04.630Z,85583703000000,4065642,16852,-44032,-44029,,-20277,-19150,-19150,18024,2,2,-19150,-19150,0,1,1,0,,0,3,3,0,3,4,0,0,3380,,0,2,1,
2026-09-12T19:28:04.820Z,85583890000000,4065746,16853,-44012,-44029,,-21403,-19150,-19150,18024,2,2,-19150,-19150,0,1,1,0,,0,3,3,0,3,4,0,0,3380,,0,2,1,
2026-09-12T19:28:04.926Z,85584000000000,4065943,16855,-44022,-44026,,-21403,-22530,-22530,18024,2,2,-22530,-22530,0,1,1,0,,0,3,3,0,3,4,0,0,3380,,0,2,1,
2026-09-12T19:28:05.030Z,85584109000000,4066043,16856,-44019,-44025,,-21403,-23656,-23656,18024,2,2,-23656,-23656,0,1,1,0,,0,3,3,0,3,4,0,0,4506,,0,2,1,
2026-09-12T19:28:05.134Z,85584203000000,4066147,16857,-44029,-44025,,-21403,-23656,-23656,18024,2,2,-23656,-23656,0,1,1,0,,0,3,3,0,3,4,0,0,4506,,0,2,1,
2026-09-12T19:28:05.238Z,85584312000000,4066251,16858,-44015,-44024,,-21403,-24783,-24783,18024,2,2,-24783,-24783,0,1,1,0,,0,3,3,0,3,4,0,0,5633,,0,2,1,
2026-09-12T19:28:05.343Z,85584421000000,4066355,16859,-44028,-44025,,-21403,-23656,-23656,18024,2,2,-23656,-23656,0,1,1,0,,0,3,3,0,3,4,0,0,5633,,0,2,1,
2026-09-12T19:28:05.447Z,85584515000000,4066459,16860,-44023,-44025,,-21403,-23656,-23656,18024,2,2,-23656,-23656,0,1,1,0,,0,3,3,0,3,4,0,0,5633,,0,2,1,
2026-09-12T19:28:05.552Z,85584625000000,4066565,16861,-44018,-44025,,-21403,-23656,-23656,18024,2,2,-23656,-23656,0,1,1,0,,0,3,3,0,3,4,0,0,3380,,0,2,1,
2026-09-12T19:28:05.657Z,85584734000000,4066668,16862,-44017,-44024,,-21403,-24783,-24783,18024,2,2,-24783,-24783,0,1,1,0,,0,3,3,0,3,4,0,0,2253,,0,2,1,
2026-09-12T19:28:05.848Z,85584921000000,4066774,16863,-44023,-44023,,-25909,-25909,-25909,18024,2,2,-25909,-25909,0,1,1,0,,0,3,3,0,3,4,0,0,2253,,0,2,1,
2026-09-12T19:28:05.954Z,85585031000000,4066971,16865,-44017,-44023,,-25909,-25909,-25909,18024,2,2,-25909,-25909,0,1,1,0,,0,3,3,0,3,4,0,0,2253,,0,2,1,
2026-09-12T19:28:06.059Z,85585125000000,4067070,16866,-44022,-44023,,-25909,-25909,-25909,18024,2,2,-25909,-25909,0,1,1,0,,0,3,3,0,3,4,0,0,2253,,0,2,1,
2026-09-12T19:28:06.164Z,85585234000000,4067176,16867,-44022,-44023,,-25909,-25909,-25909,18024,2,2,-25909,-25909,0,1,1,0,,0,3,3,0,3,4,0,0,2253,,0,2,1,
2026-09-12T19:28:06.267Z,85585343000000,4067280,16868,-44021,-44023,,-25909,-25909,-25909,18024,2,2,-25909,-25909,0,1,1,0,,0,3,3,0,3,4,0,0,2253,,0,2,1,
2026-09-12T19:28:06.373Z,85585453000000,4067385,16869,-44019,-44023,,-25909,-25909,-25909,18024,2,2,-25909,-25909,0,1,1,0,,0,3,3,0,3,4,0,0,1126,,0,2,1,
2026-09-12T19:28:06.477Z,85585546000000,4067489,16870,-44027,-44023,,-25909,-25909,-25909,18024,2,2,-25909,-25909,0,1,1,0,,0,3,3,0,3,4,0,0,0,,0,2,1,
2026-09-12T19:28:06.582Z,85585656000000,4067595,16871,-44033,-44024,,-25909,-24783,-24783,18024,2,2,-24783,-24783,0,1,1,0,,0,3,3,0,3,4,0,0,1126,,0,2,1,
2026-09-12T19:28:06.686Z,85585765000000,4067699,16872,-44026,-44024,,-25909,-24783,-24783,18024,2,2,-24783,-24783,0,1,1,0,,0,3,3,0,3,4,0,0,1126,,0,2,1,
2026-09-12T19:28:06.876Z,85585953000000,4067803,16873,-44042,-44025,,-21403,-23656,-23656,18024,2,2,-23656,-23656,0,1,1,0,,0,3,3,0,3,4,0,0,2253,,0,2,1,
2026-09-12T19:28:06.980Z,85586046000000,4067949,16875,-44027,-44027,,-21403,-21403,-21403,18024,2,2,-21403,-21403,0,1,1,0,,0,3,3,0,3,4,0,0,4506,,0,2,1,
2026-09-12T19:28:07.085Z,85586156000000,4068097,16876,-44023,-44027,,-21403,-21403,-21403,18024,2,2,-21403,-21403,0,1,1,0,,0,3,3,0,3,4,0,0,4506,,0,2,1,
2026-09-12T19:28:07.189Z,85586265000000,4068202,16877,-44019,-44026,,-21403,-22530,-22530,18024,2,2,-22530,-22530,0,1,1,0,,0,3,3,0,3,4,0,0,4506,,0,2,1,
2026-09-12T19:28:07.293Z,85586359000000,4068306,16878,-44030,-44026,,-21403,-22530,-22530,18024,2,2,-22530,-22530,0,1,1,0,,0,3,3,0,3,4,0,0,3380,,0,2,1,
2026-09-12T19:28:07.397Z,85586468000000,4068410,16879,-44027,-44026,,-21403,-22530,-22530,18024,2,2,-22530,-22530,0,1,1,0,,0,3,3,0,3,4,0,0,3380,,0,2,1,
2026-09-12T19:28:07.501Z,85586578000000,4068515,16880,-44035,-44027,,-21403,-21403,-21403,18024,2,2,-21403,-21403,0,1,1,0,,0,3,3,0,3,4,0,0,2253,,0,2,1,
2026-09-12T19:28:07.604Z,85586671000000,4068635,16882,-44037,-44028,,-21403,-20277,-20277,18024,2,2,-20277,-20277,0,1,1,0,,0,3,3,0,3,4,0,0,2253,,0,2,1,
2026-09-12T19:28:07.707Z,85586781000000,4068735,16883,-44054,-44029,,-21403,-19150,-19150,18024,2,2,-19150,-19150,0,1,1,0,,0,3,3,0,3,4,0,0,3380,,0,2,1,
2026-09-12T19:28:07.896Z,85586968000000,4068835,16884,-44039,-44030,,-16897,-18024,-18024,18024,2,2,-18024,-18024,0,1,1,0,,0,3,3,0,3,4,0,0,4506,,0,2,1,
2026-09-12T19:28:07.999Z,85587078000000,4068935,16885,-44029,-44031,,-16897,-16897,-16897,18024,2,2,-16897,-16897,0,1,1,0,,0,3,3,0,3,4,0,0,5633,,0,2,1,
2026-09-12T19:28:08.103Z,85587171000000,4069135,16887,-44013,-44032,,-16897,-15771,-15771,18024,2,2,-15771,-15771,0,1,1,0,,0,3,3,0,3,4,0,0,5632,,0,2,1,
2026-09-12T19:28:08.207Z,85587281000000,4069236,16888,-44024,-44031,,-16897,-16897,-16897,18024,2,2,-16897,-16897,0,1,1,0,,0,3,3,0,3,4,0,0,5632,,0,2,1,
2026-09-12T19:28:08.309Z,85587375000000,4069336,16889,-44022,-44030,,-16897,-18024,-18024,18024,2,2,-18024,-18024,0,1,1,0,,0,3,3,0,3,4,0,0,4506,,0,2,1,
2026-09-12T19:28:08.413Z,85587484000000,4069436,16890,-44022,-44029,,-16897,-19150,-19150,18024,2,2,-19150,-19150,0,1,1,0,,0,3,3,0,3,4,0,0,3379,,0,2,1,
2026-09-12T19:28:08.517Z,85587593000000,4069536,16891,-44027,-44028,,-16897,-20277,-20277,18024,2,2,-20277,-20277,0,1,1,0,,0,3,3,0,3,4,0,0,4506,,0,2,1,
2026-09-12T19:28:08.621Z,85587687000000,4069636,16892,-44015,-44027,,-16897,-21403,-21403,18024,2,2,-21403,-21403,0,1,1,0,,0,3,3,0,3,4,0,0,5632,,0,2,1,
2026-09-12T19:28:08.726Z,85587796000000,4069738,16893,-44025,-44027,,-16897,-21403,-21403,18024,2,2,-21403,-21403,0,1,1,0,,0,3,3,0,3,4,0,0,5632,,0,2,1,
2026-09-12T19:28:08.917Z,85587984000000,4069843,16894,-44029,-44027,,-21403,-21403,-21403,18024,2,2,-21403,-21403,0,1,1,0,,0,3,3,0,3,4,0,0,5632,,0,2,1,
2026-09-12T19:28:09.021Z,85588093000000,4070041,16896,-43993,-44025,,-21403,-23656,-23656,18024,2,2,-23656,-23656,0,1,1,0,,0,3,3,0,3,4,0,0,5632,,0,2,1,
2026-09-12T19:28:09.127Z,85588203000000,4070139,16897,-44012,-44023,,-21403,-25909,-25909,18024,2,2,-25909,-25909,0,1,1,0,,0,3,3,0,3,4,0,0,6759,,0,2,1,
2026-09-12T19:28:09.232Z,85588296000000,4070244,16898,-44018,-44022,,-21403,-27035,-27035,18024,2,2,-27035,-27035,0,1,1,0,,0,3,3,0,3,4,0,0,6758,,0,2,1,
2026-09-12T19:28:09.336Z,85588406000000,4070348,16899,-44006,-44021,,-21403,-28162,-28162,18024,2,2,-28162,-28162,0,1,1,0,,0,3,3,0,3,4,0,0,6759,,0,2,1,
2026-09-12T19:28:09.440Z,85588515000000,4070453,16900,-44014,-44020,,-21403,-29288,-29288,18024,2,2,-29288,-29288,0,1,1,0,,0,3,3,0,3,4,0,0,7885,,0,2,1,
2026-09-12T19:28:09.545Z,85588625000000,4070557,16901,-43995,-44018,,-21403,-31541,-31541,18024,2,2,-31541,-31541,0,1,1,0,,0,3,3,0,3,4,0,0,10138,,0,2,1,
2026-09-12T19:28:09.649Z,85588718000000,4070662,16902,-44003,-44016,,-21403,-33794,-33794,18024,2,2,-33794,-33794,0,1,1,0,,0,3,3,0,3,4,0,0,12391,,0,2,1,
2026-09-12T19:28:09.753Z,85588828000000,4070766,16903,-44023,-44014,,-21403,-36047,-36047,18024,2,2,-36047,-36047,0,1,1,0,,0,3,3,0,3,4,0,0,12391,,0,2,1,
2026-09-12T19:28:09.946Z,85589015000000,4070871,16904,-44031,-44015,,-33794,-34921,-34921,18024,2,2,-34921,-34921,0,1,1,0,,0,3,3,0,3,4,0,0,10138,,0,2,1,
2026-09-12T19:28:10.052Z,85589125000000,4071070,16906,-44008,-44017,,-33794,-32668,-32668,18024,2,2,-32668,-32668,0,1,1,0,,0,3,3,0,3,4,0,0,7885,,0,2,1,
2026-09-12T19:28:10.157Z,85589234000000,4071169,16907,-44014,-44017,,-33794,-32668,-32668,18024,2,2,-32668,-32668,0,1,1,0,,0,3,3,0,3,4,0,0,6759,,0,2,1,
2026-09-12T19:28:10.262Z,85589328000000,4071274,16908,-44016,-44017,,-33794,-32668,-32668,18024,2,2,-32668,-32668,0,1,1,0,,0,3,3,0,3,4,0,0,4506,,0,2,1,
2026-09-12T19:28:10.367Z,85589437000000,4071380,16909,-44023,-44017,,-33794,-32668,-32668,18024,2,2,-32668,-32668,0,1,1,0,,0,3,3,0,3,4,0,0,3379,,0,2,1,
2026-09-12T19:28:10.471Z,85589546000000,4071484,16910,-44021,-44018,,-33794,-31541,-31541,18024,2,2,-31541,-31541,0,1,1,0,,0,3,3,0,3,4,0,0,4506,,0,2,1,
2026-09-12T19:28:10.576Z,85589656000000,4071588,16911,-44025,-44019,,-33794,-30415,-30415,18024,2,2,-30415,-30415,0,1,1,0,,0,3,3,0,3,4,0,0,4506,,0,2,1,
2026-09-12T19:28:10.680Z,85589750000000,4071693,16912,-44016,-44019,,-33794,-30415,-30415,18024,2,2,-30415,-30415,0,1,1,0,,0,3,3,0,3,4,0,0,3379,,0,2,1,
2026-09-12T19:28:10.784Z,85589859000000,4071798,16913,-44030,-44020,,-33794,-29288,-29288,18024,2,2,-29288,-29288,0,1,1,0,,0,3,3,0,3,4,0,0,3380,,0,2,1,
2026-09-12T19:28:10.976Z,85590046000000,4071902,16914,-44019,-44020,,-29288,-29288,-29288,18024,2,2,-29288,-29288,0,1,1,0,,0,3,3,0,3,4,0,0,3380,,0,2,1,
2026-09-12T19:28:11.081Z,85590156000000,4072048,16916,-44033,-44020,,-29288,-29288,-29288,18024,2,2,-29288,-29288,0,1,1,0,,0,3,3,0,3,4,0,0,3380,,0,2,1,
2026-09-12T19:28:11.184Z,85590250000000,4072198,16917,-44025,-44021,,-29288,-28162,-28162,18024,2,2,-28162,-28162,0,1,1,0,,0,3,3,0,3,4,0,0,3379,,0,2,1,
2026-09-12T19:28:11.289Z,85590359000000,4072302,16918,-44016,-44022,,-29288,-27035,-27035,18024,2,2,-27035,-27035,0,1,1,0,,0,3,3,0,3,4,0,0,3380,,0,2,1,
2026-09-12T19:28:11.393Z,85590468000000,4072406,16919,-44013,-44021,,-29288,-28162,-28162,18024,2,2,-28162,-28162,0,1,1,0,,0,3,3,0,3,4,0,0,3380,,0,2,1,
2026-09-12T19:28:11.498Z,85590578000000,4072510,16920,-44014,-44020,,-29288,-29288,-29288,18024,2,2,-29288,-29288,0,1,1,0,,0,3,3,0,3,4,0,0,2253,,0,2,1,
2026-09-12T19:28:11.602Z,85590671000000,4072615,16921,-44004,-44019,,-29288,-30415,-30415,18024,2,2,-30415,-30415,0,1,1,0,,0,3,3,0,3,4,0,0,3380,,0,2,1,
2026-09-12T19:28:11.707Z,85590781000000,4072720,16922,-44001,-44017,,-29288,-32668,-32668,18024,2,2,-32668,-32668,0,1,1,0,,0,3,3,0,3,4,0,0,5633,,0,2,1,
2026-09-12T19:28:11.811Z,85590890000000,4072842,16924,-44021,-44014,,-29288,-36047,-36047,18024,2,2,-36047,-36047,0,1,1,0,,0,3,3,0,3,4,0,0,9012,,0,2,1,
2026-09-12T19:28:12.000Z,85591078000000,4072942,16925,-44031,-44015,,-33794,-34921,-34921,18024,2,2,-34921,-34921,0,1,1,0,,0,3,3,0,3,4,0,0,9012,,0,2,1,
2026-09-12T19:28:12.105Z,85591171000000,4073042,16926,-44014,-44016,,-33794,-33794,-33794,18024,2,2,-33794,-33794,0,1,1,0,,0,3,3,0,3,4,0,0,7885,,0,2,1,
2026-09-12T19:28:12.209Z,85591281000000,4073222,16927,-44026,-44017,,-33794,-32668,-32668,18024,2,2,-32668,-32668,0,1,1,0,,0,3,3,0,3,4,0,0,6759,,0,2,1,
2026-09-12T19:28:12.312Z,85591390000000,4073342,16929,-44018,-44019,,-33794,-30415,-30415,18024,2,2,-30415,-30415,0,1,1,0,,0,3,3,0,3,4,0,0,5632,,0,2,1,
2026-09-12T19:28:12.416Z,85591484000000,4073442,16930,-44024,-44020,,-33794,-29288,-29288,18024,2,2,-29288,-29288,0,1,1,0,,0,3,3,0,3,4,0,0,6759,,0,2,1,
2026-09-12T19:28:12.519Z,85591593000000,4073543,16931,-44014,-44020,,-33794,-29288,-29288,18024,2,2,-29288,-29288,0,1,1,0,,0,3,3,0,3,4,0,0,6759,,0,2,1,
2026-09-12T19:28:12.621Z,85591687000000,4073643,16932,-44007,-44019,,-33794,-30415,-30415,18024,2,2,-30415,-30415,0,1,1,0,,0,3,3,0,3,4,0,0,5633,,0,2,1,
2026-09-12T19:28:12.726Z,85591796000000,4073743,16933,-44020,-44018,,-33794,-31541,-31541,18024,2,2,-31541,-31541,0,1,1,0,,0,3,3,0,3,4,0,0,4506,,0,2,1,
2026-09-12T19:28:12.831Z,85591906000000,4073843,16934,-44028,-44018,,-33794,-31541,-31541,18024,2,2,-31541,-31541,0,1,1,0,,0,3,3,0,3,4,0,0,3380,,0,2,1,
2026-09-12T19:28:13.023Z,85592093000000,4073948,16935,-44015,-44018,,-31541,-31541,-31541,18024,2,2,-31541,-31541,0,1,1,0,,0,3,3,0,3,4,0,0,2253,,0,2,1,
2026-09-12T19:28:13.126Z,85592203000000,4074147,16937,-44019,-44018,,-31541,-31541,-31541,18024,2,2,-31541,-31541,0,1,1,0,,0,3,3,0,3,4,0,0,2253,,0,2,1,
2026-09-12T19:28:13.231Z,85592296000000,4074244,16938,-44024,-44018,,-31541,-31541,-31541,18024,2,2,-31541,-31541,0,1,1,0,,0,3,3,0,3,4,0,0,2253,,0,2,1,
2026-09-12T19:28:13.335Z,85592406000000,4074348,16939,-44017,-44018,,-31541,-31541,-31541,18024,2,2,-31541,-31541,0,1,1,0,,0,3,3,0,3,4,0,0,1126,,0,2,1,
2026-09-12T19:28:13.440Z,85592515000000,4074452,16940,-44030,-44019,,-31541,-30415,-30415,18024,2,2,-30415,-30415,0,1,1,0,,0,3,3,0,3,4,0,0,1126,,0,2,1,
2026-09-12T19:28:13.545Z,85592625000000,4074558,16941,-44023,-44020,,-31541,-29288,-29288,18024,2,2,-29288,-29288,0,1,1,0,,0,3,3,0,3,4,0,0,2253,,0,2,1,
2026-09-12T19:28:13.648Z,85592718000000,4074662,16942,-44005,-44020,,-31541,-29288,-29288,18024,2,2,-29288,-29288,0,1,1,0,,0,3,3,0,3,4,0,0,2253,,0,2,1,
2026-09-12T19:28:13.753Z,85592828000000,4074766,16943,-44003,-44018,,-31541,-31541,-31541,18024,2,2,-31541,-31541,0,1,1,0,,0,3,3,0,3,4,0,0,2253,,0,2,1,
2026-09-12T19:28:13.857Z,85592937000000,4074871,16944,-44021,-44016,,-31541,-33794,-33794,18024,2,2,-33794,-33794,0,1,1,0,,0,3,3,0,3,4,0,0,4506,,0,2,1,
2026-09-12T19:28:14.050Z,85593125000000,4074975,16945,-44027,-44017,,-31541,-32668,-32668,18024,2,2,-32668,-32668,0,1,1,0,,0,3,3,0,3,4,0,0,4506,,0,2,1,
2026-09-12T19:28:14.154Z,85593234000000,4075173,16947,-44020,-44018,,-31541,-31541,-31541,18024,2,2,-31541,-31541,0,1,1,0,,0,3,3,0,3,4,0,0,4506,,0,2,1,
2026-09-12T19:28:14.258Z,85593328000000,4075271,16948,-44028,-44018,,-31541,-31541,-31541,18024,2,2,-31541,-31541,0,1,1,0,,0,3,3,0,3,4,0,0,4506,,0,2,1,
2026-09-12T19:28:14.362Z,85593437000000,4075376,16949,-44026,-44019,,-31541,-30415,-30415,18024,2,2,-30415,-30415,0,1,1,0,,0,3,3,0,3,4,0,0,4506,,0,2,1,
2026-09-12T19:28:14.467Z,85593546000000,4075480,16950,-44017,-44020,,-31541,-29288,-29288,18024,2,2,-29288,-29288,0,1,1,0,,0,3,3,0,3,4,0,0,4506,,0,2,1,
2026-09-12T19:28:14.572Z,85593640000000,4075585,16951,-44024,-44021,,-31541,-28162,-28162,18024,2,2,-28162,-28162,0,1,1,0,,0,3,3,0,3,4,0,0,5632,,0,2,1,
2026-09-12T19:28:14.676Z,85593750000000,4075689,16952,-44012,-44020,,-31541,-29288,-29288,18024,2,2,-29288,-29288,0,1,1,0,,0,3,3,0,3,4,0,0,4506,,0,2,1,
2026-09-12T19:28:14.782Z,85593859000000,4075794,16953,-44013,-44019,,-31541,-30415,-30415,18024,2,2,-30415,-30415,0,1,1,0,,0,3,3,0,3,4,0,0,3379,,0,2,1,
2026-09-12T19:28:14.887Z,85593953000000,4075899,16954,-44026,-44018,,-31541,-31541,-31541,18024,2,2,-31541,-31541,0,1,1,0,,0,3,3,0,3,4,0,0,3379,,0,2,1,
2026-09-12T19:28:15.079Z,85594156000000,4076005,16955,-44020,-44018,,-31541,-31541,-31541,18024,2,2,-31541,-31541,0,1,1,0,,0,3,3,0,3,4,0,0,3379,,0,2,1,
2026-09-12T19:28:15.185Z,85594250000000,4076152,16957,-44031,-44018,,-31541,-31541,-31541,18024,2,2,-31541,-31541,0,1,1,0,,0,3,3,0,3,4,0,0,3379,,0,2,1,
2026-09-12T19:28:15.288Z,85594359000000,4076302,16958,-44032,-44020,,-31541,-29288,-29288,18024,2,2,-29288,-29288,0,1,1,0,,0,3,3,0,3,4,0,0,3379,,0,2,1,
2026-09-12T19:28:15.393Z,85594468000000,4076406,16959,-44042,-44022,,-31541,-27035,-27035,18024,2,2,-27035,-27035,0,1,1,0,,0,3,3,0,3,4,0,0,4506,,0,2,1,
2026-09-12T19:28:15.498Z,85594578000000,4076511,16960,-44032,-44023,,-31541,-25909,-25909,18024,2,2,-25909,-25909,0,1,1,0,,0,3,3,0,3,4,0,0,5632,,0,2,1,
2026-09-12T19:28:15.601Z,85594671000000,4076615,16961,-44021,-44024,,-31541,-24783,-24783,18024,2,2,-24783,-24783,0,1,1,0,,0,3,3,0,3,4,0,0,6758,,0,2,1,
2026-09-12T19:28:15.705Z,85594781000000,4076719,16962,-44029,-44025,,-31541,-23656,-23656,18024,2,2,-23656,-23656,0,1,1,0,,0,3,3,0,3,4,0,0,7885,,0,2,1,
2026-09-12T19:28:15.810Z,85594890000000,4076823,16963,-44013,-44024,,-31541,-24783,-24783,18024,2,2,-24783,-24783,0,1,1,0,,0,3,3,0,3,4,0,0,7885,,0,2,1,
2026-09-12T19:28:15.915Z,85594984000000,4076927,16964,-44017,-44023,,-31541,-25909,-25909,18024,2,2,-25909,-25909,0,1,1,0,,0,3,3,0,3,4,0,0,7885,,0,2,1,
2026-09-12T19:28:16.105Z,85595171000000,4077049,16966,-44025,-44022,,-27035,-27035,-27035,18024,2,2,-27035,-27035,0,1,1,0,,0,3,3,0,3,4,0,0,3379,,0,2,1,
2026-09-12T19:28:16.209Z,85595281000000,4077149,16967,-44029,-44022,,-27035,-27035,-27035,18024,2,2,-27035,-27035,0,1,1,0,,0,3,3,0,3,4,0,0,3379,,0,2,1,
2026-09-12T19:28:16.314Z,85595390000000,4077327,16968,-44008,-44022,,-27035,-27035,-27035,18024,2,2,-27035,-27035,0,1,1,0,,0,3,3,0,3,4,0,0,3379,,0,2,1,
2026-09-12T19:28:16.419Z,85595484000000,4077449,16970,-44015,-44018,,-27035,-31541,-31541,18024,2,2,-31541,-31541,0,1,1,0,,0,3,3,0,3,4,0,0,6758,,0,2,1,
2026-09-12T19:28:16.521Z,85595593000000,4077549,16971,-44023,-44018,,-27035,-31541,-31541,18024,2,2,-31541,-31541,0,1,1,0,,0,3,3,0,3,4,0,0,5632,,0,2,1,
2026-09-12T19:28:16.624Z,85595703000000,4077649,16972,-44024,-44019,,-27035,-30415,-30415,18024,2,2,-30415,-30415,0,1,1,0,,0,3,3,0,3,4,0,0,4506,,0,2,1,
2026-09-12T19:28:16.727Z,85595796000000,4077750,16973,-44024,-44020,,-27035,-29288,-29288,18024,2,2,-29288,-29288,0,1,1,0,,0,3,3,0,3,4,0,0,4506,,0,2,1,
2026-09-12T19:28:16.830Z,85595906000000,4077850,16974,-44026,-44021,,-27035,-28162,-28162,18024,2,2,-28162,-28162,0,1,1,0,,0,3,3,0,3,4,0,0,4506,,0,2,1,
2026-09-12T19:28:16.935Z,85596015000000,4077950,16975,-44036,-44022,,-27035,-27035,-27035,18024,2,2,-27035,-27035,0,1,1,0,,0,3,3,0,3,4,0,0,4506,,0,2,1,
2026-09-12T19:28:17.128Z,85596203000000,4078053,16976,-44037,-44024,,-22530,-24783,-24783,18024,2,2,-24783,-24783,0,1,1,0,,0,3,3,0,3,4,0,0,6758,,0,2,1,
2026-09-12T19:28:17.233Z,85596312000000,4078252,16978,-44004,-44025,,-22530,-23656,-23656,18024,2,2,-23656,-23656,0,1,1,0,,0,3,3,0,3,4,0,0,9011,,0,2,1,
2026-09-12T19:28:17.338Z,85596406000000,4078351,16979,-44008,-44023,,-22530,-25909,-25909,18024,2,2,-25909,-25909,0,1,1,0,,0,3,3,0,3,4,0,0,7885,,0,2,1,
2026-09-12T19:28:17.443Z,85596515000000,4078456,16980,-44007,-44021,,-22530,-28162,-28162,18024,2,2,-28162,-28162,0,1,1,0,,0,3,3,0,3,4,0,0,6758,,0,2,1,
2026-09-12T19:28:17.546Z,85596625000000,4078560,16981,-44011,-44019,,-22530,-30415,-30415,18024,2,2,-30415,-30415,0,1,1,0,,0,3,3,0,3,4,0,0,7885,,0,2,1,
2026-09-12T19:28:17.652Z,85596718000000,4078664,16982,-44022,-44018,,-22530,-31541,-31541,18024,2,2,-31541,-31541,0,1,1,0,,0,3,3,0,3,4,0,0,9011,,0,2,1,
2026-09-12T19:28:17.757Z,85596828000000,4078768,16983,-44009,-44017,,-22530,-32668,-32668,18024,2,2,-32668,-32668,0,1,1,0,,0,3,3,0,3,4,0,0,10138,,0,2,1,
2026-09-12T19:28:17.861Z,85596937000000,4078874,16984,-44029,-44018,,-22530,-31541,-31541,18024,2,2,-31541,-31541,0,1,1,0,,0,3,3,0,3,4,0,0,10138,,0,2,1,
2026-09-12T19:28:17.966Z,85597031000000,4078979,16985,-44031,-44019,,-22530,-30415,-30415,18024,2,2,-30415,-30415,0,1,1,0,,0,3,3,0,3,4,0,0,9012,,0,2,1,
2026-09-12T19:28:18.157Z,85597234000000,4079083,16986,-44027,-44020,,-28162,-29288,-29288,18024,2,2,-29288,-29288,0,1,1,0,,0,3,3,0,3,4,0,0,6759,,0,2,1,
2026-09-12T19:28:18.262Z,85597328000000,4079281,16988,-44027,-44022,,-28162,-27035,-27035,18024,2,2,-27035,-27035,0,1,1,0,,0,3,3,0,3,4,0,0,5633,,0,2,1,
2026-09-12T19:28:18.366Z,85597437000000,4079379,16989,-44032,-44023,,-28162,-25909,-25909,18024,2,2,-25909,-25909,0,1,1,0,,0,3,3,0,3,4,0,0,6759,,0,2,1,
2026-09-12T19:28:18.471Z,85597546000000,4079484,16990,-44028,-44024,,-28162,-24783,-24783,18024,2,2,-24783,-24783,0,1,1,0,,0,3,3,0,3,4,0,0,7885,,0,2,1,
2026-09-12T19:28:18.576Z,85597656000000,4079588,16991,-44018,-44025,,-28162,-23656,-23656,18024,2,2,-23656,-23656,0,1,1,0,,0,3,3,0,3,4,0,0,7885,,0,2,1,
2026-09-12T19:28:18.681Z,85597750000000,4079694,16992,-44025,-44025,,-28162,-23656,-23656,18024,2,2,-23656,-23656,0,1,1,0,,0,3,3,0,3,4,0,0,6759,,0,2,1,
2026-09-12T19:28:18.785Z,85597859000000,4079799,16993,-44027,-44025,,-28162,-23656,-23656,18024,2,2,-23656,-23656,0,1,1,0,,0,3,3,0,3,4,0,0,5632,,0,2,1,
2026-09-12T19:28:18.891Z,85597968000000,4079903,16994,-44033,-44025,,-28162,-23656,-23656,18024,2,2,-23656,-23656,0,1,1,0,,0,3,3,0,3,4,0,0,4506,,0,2,1,
2026-09-12T19:28:18.996Z,85598062000000,4080009,16995,-44027,-44025,,-28162,-23656,-23656,18024,2,2,-23656,-23656,0,1,1,0,,0,3,3,0,3,4,0,0,3379,,0,2,1,
2026-09-12T19:28:19.187Z,85598265000000,4080114,16996,-44024,-44025,,-23656,-23656,-23656,18024,2,2,-23656,-23656,0,1,1,0,,0,3,3,0,3,4,0,0,2253,,0,2,1,
2026-09-12T19:28:19.291Z,85598359000000,4080261,16998,-44026,-44025,,-23656,-23656,-23656,18024,2,2,-23656,-23656,0,1,1,0,,0,3,3,0,3,4,0,0,0,,0,2,1,
2026-09-12T19:28:19.397Z,85598468000000,4080409,16999,-44032,-44026,,-23656,-22530,-22530,18024,2,2,-22530,-22530,0,1,1,0,,0,3,3,0,3,4,0,0,1126,,0,2,1,
2026-09-12T19:28:19.501Z,85598578000000,4080514,17000,-44021,-44026,,-23656,-22530,-22530,18024,2,2,-22530,-22530,0,1,1,0,,0,3,3,0,3,4,0,0,1126,,0,2,1,
2026-09-12T19:28:19.605Z,85598671000000,4080619,17001,-44019,-44025,,-23656,-23656,-23656,18024,2,2,-23656,-23656,0,1,1,0,,0,3,3,0,3,4,0,0,1126,,0,2,1,
2026-09-12T19:28:19.711Z,85598781000000,4080724,17002,-44024,-44024,,-23656,-24783,-24783,18024,2,2,-24783,-24783,0,1,1,0,,0,3,3,0,3,4,0,0,2253,,0,2,1,
2026-09-12T19:28:19.816Z,85598890000000,4080828,17003,-44007,-44023,,-23656,-25909,-25909,18024,2,2,-25909,-25909,0,1,1,0,,0,3,3,0,3,4,0,0,3379,,0,2,1,
2026-09-12T19:28:19.922Z,85599000000000,4080934,17004,-44006,-44021,,-23656,-28162,-28162,18024,2,2,-28162,-28162,0,1,1,0,,0,3,3,0,3,4,0,0,5632,,0,2,1,
2026-09-12T19:28:20.024Z,85599093000000,4081055,17006,-44010,-44018,,-23656,-31541,-31541,18024,2,2,-31541,-31541,0,1,1,0,,0,3,3,0,3,4,0,0,9011,,0,2,1,
2026-09-12T19:28:20.212Z,85599281000000,4081155,17007,-44014,-44017,,-32668,-32668,-32668,18024,2,2,-32668,-32668,0,1,1,0,,0,3,3,0,3,4,0,0,10138,,0,2,1,
2026-09-12T19:28:20.316Z,85599390000000,4081256,17008,-44017,-44017,,-32668,-32668,-32668,18024,2,2,-32668,-32668,0,1,1,0,,0,3,3,0,3,4,0,0,9012,,0,2,1,
2026-09-12T19:28:20.421Z,85599500000000,4081435,17009,-44020,-44017,,-32668,-32668,-32668,18024,2,2,-32668,-32668,0,1,1,0,,0,3,3,0,3,4,0,0,7885,,0,2,1,
2026-09-12T19:28:20.524Z,85599593000000,4081556,17011,-44027,-44018,,-32668,-31541,-31541,18024,2,2,-31541,-31541,0,1,1,0,,0,3,3,0,3,4,0,0,4506,,0,2,1,
2026-09-12T19:28:20.627Z,85599703000000,4081656,17012,-44012,-44019,,-32668,-30415,-30415,18024,2,2,-30415,-30415,0,1,1,0,,0,3,3,0,3,4,0,0,2253,,0,2,1,
2026-09-12T19:28:20.730Z,85599796000000,4081756,17013,-44016,-44019,,-32668,-30415,-30415,18024,2,2,-30415,-30415,0,1,1,0,,0,3,3,0,3,4,0,0,2253,,0,2,1,
2026-09-12T19:28:20.834Z,85599906000000,4081857,17014,-44022,-44019,,-32668,-30415,-30415,18024,2,2,-30415,-30415,0,1,1,0,,0,3,3,0,3,4,0,0,2253,,0,2,1,
2026-09-12T19:28:20.939Z,85600015000000,4081957,17015,-44021,-44019,,-32668,-30415,-30415,18024,2,2,-30415,-30415,0,1,1,0,,0,3,3,0,3,4,0,0,2253,,0,2,1,
2026-09-12T19:28:21.043Z,85600109000000,4082057,17016,-44014,-44019,,-32668,-30415,-30415,18024,2,2,-30415,-30415,0,1,1,0,,0,3,3,0,3,4,0,0,2253,,0,2,1,
2026-09-12T19:28:21.236Z,85600312000000,4082162,17017,-44029,-44019,,-31541,-30415,-30415,18024,2,2,-30415,-30415,0,1,1,0,,0,3,3,0,3,4,0,0,2253,,0,2,1,
2026-09-12T19:28:21.340Z,85600406000000,4082360,17019,-44014,-44017,,-31541,-32668,-32668,18024,2,2,-32668,-32668,0,1,1,0,,0,3,3,0,3,4,0,0,2253,,0,2,1,
2026-09-12T19:28:21.447Z,85600515000000,4082459,17020,-44010,-44017,,-31541,-32668,-32668,18024,2,2,-32668,-32668,0,1,1,0,,0,3,3,0,3,4,0,0,2253,,0,2,1,
2026-09-12T19:28:21.552Z,85600625000000,4082565,17021,-44016,-44017,,-31541,-32668,-32668,18024,2,2,-32668,-32668,0,1,1,0,,0,3,3,0,3,4,0,0,2253,,0,2,1,
2026-09-12T19:28:21.656Z,85600734000000,4082669,17022,-44031,-44017,,-31541,-32668,-32668,18024,2,2,-32668,-32668,0,1,1,0,,0,3,3,0,3,4,0,0,2253,,0,2,1,
2026-09-12T19:28:21.761Z,85600828000000,4082774,17023,-44031,-44019,,-31541,-30415,-30415,18024,2,2,-30415,-30415,0,1,1,0,,0,3,3,0,3,4,0,0,2253,,0,2,1,
2026-09-12T19:28:21.865Z,85600937000000,4082879,17024,-44014,-44021,,-31541,-28162,-28162,18024,2,2,-28162,-28162,0,1,1,0,,0,3,3,0,3,4,0,0,4506,,0,2,1,
2026-09-12T19:28:21.971Z,85601046000000,4082983,17025,-43997,-44020,,-31541,-29288,-29288,18024,2,2,-29288,-29288,0,1,1,0,,0,3,3,0,3,4,0,0,4506,,0,2,1,
2026-09-12T19:28:22.076Z,85601156000000,4083089,17026,-44003,-44018,,-31541,-31541,-31541,18024,2,2,-31541,-31541,0,1,1,0,,0,3,3,0,3,4,0,0,4506,,0,2,1,
2026-09-12T19:28:22.268Z,85601343000000,4083194,17027,-44028,-44016,,-32668,-33794,-33794,18024,2,2,-33794,-33794,0,1,1,0,,0,3,3,0,3,4,0,0,5632,,0,2,1,
2026-09-12T19:28:22.373Z,85601453000000,4083393,17029,-44030,-44018,,-32668,-31541,-31541,18024,2,2,-31541,-31541,0,1,1,0,,0,3,3,0,3,4,0,0,5632,,0,2,1,
2026-09-12T19:28:22.478Z,85601546000000,4083491,17030,-44013,-44019,,-32668,-30415,-30415,18024,2,2,-30415,-30415,0,1,1,0,,0,3,3,0,3,4,0,0,5632,,0,2,1,
2026-09-12T19:28:22.582Z,85601656000000,4083596,17031,-44021,-44019,,-32668,-30415,-30415,18024,2,2,-30415,-30415,0,1,1,0,,0,3,3,0,3,4,0,0,5632,,0,2,1,
2026-09-12T19:28:22.687Z,85601765000000,4083700,17032,-44021,-44019,,-32668,-30415,-30415,18024,2,2,-30415,-30415,0,1,1,0,,0,3,3,0,3,4,0,0,4506,,0,2,1,
2026-09-12T19:28:22.791Z,85601859000000,4083806,17033,-44023,-44019,,-32668,-30415,-30415,18024,2,2,-30415,-30415,0,1,1,0,,0,3,3,0,3,4,0,0,3379,,0,2,1,
2026-09-12T19:28:22.896Z,85601968000000,4083910,17034,-44020,-44019,,-32668,-30415,-30415,18024,2,2,-30415,-30415,0,1,1,0,,0,3,3,0,3,4,0,0,3379,,0,2,1,
2026-09-12T19:28:23.000Z,85602078000000,4084015,17035,-44032,-44020,,-32668,-29288,-29288,18024,2,2,-29288,-29288,0,1,1,0,,0,3,3,0,3,4,0,0,3380,,0,2,1,
2026-09-12T19:28:23.106Z,85602171000000,4084119,17036,-44023,-44020,,-32668,-29288,-29288,18024,2,2,-29288,-29288,0,1,1,0,,0,3,3,0,3,4,0,0,2253,,0,2,1,
2026-09-12T19:28:23.297Z,85602375000000,4084224,17037,-44026,-44021,,-27035,-28162,-28162,18024,2,2,-28162,-28162,0,1,1,0,,0,3,3,0,3,4,0,0,2253,,0,2,1,
2026-09-12T19:28:23.402Z,85602468000000,4084371,17039,-44032,-44022,,-27035,-27035,-27035,18024,2,2,-27035,-27035,0,1,1,0,,0,3,3,0,3,4,0,0,3380,,0,2,1,
2026-09-12T19:28:23.507Z,85602578000000,4084520,17040,-44019,-44022,,-27035,-27035,-27035,18024,2,2,-27035,-27035,0,1,1,0,,0,3,3,0,3,4,0,0,3380,,0,2,1,
2026-09-12T19:28:23.611Z,85602687000000,4084625,17041,-44030,-44023,,-27035,-25909,-25909,18024,2,2,-25909,-25909,0,1,1,0,,0,3,3,0,3,4,0,0,4506,,0,2,1,
2026-09-12T19:28:23.716Z,85602781000000,4084729,17042,-44033,-44024,,-27035,-24783,-24783,18024,2,2,-24783,-24783,0,1,1,0,,0,3,3,0,3,4,0,0,4505,,0,2,1,
2026-09-12T19:28:23.821Z,85602890000000,4084834,17043,-44043,-44025,,-27035,-23656,-23656,18024,2,2,-23656,-23656,0,1,1,0,,0,3,3,0,3,4,0,0,5632,,0,2,1,
2026-09-12T19:28:23.926Z,85603000000000,4084938,17044,-44022,-44026,,-27035,-22530,-22530,18024,2,2,-22530,-22530,0,1,1,0,,0,3,3,0,3,4,0,0,5632,,0,2,1,
2026-09-12T19:28:24.029Z,85603109000000,4085062,17046,-44024,-44025,,-27035,-23656,-23656,18024,2,2,-23656,-23656,0,1,1,0,,0,3,3,0,3,4,0,0,4505,,0,2,1,
2026-09-12T19:28:24.133Z,85603203000000,4085162,17047,-44035,-44025,,-27035,-23656,-23656,18024,2,2,-23656,-23656,0,1,1,0,,0,3,3,0,3,4,0,0,4505,,0,2,1,
2026-09-12T19:28:24.321Z,85603390000000,4085262,17048,-44018,-44025,,-24783,-23656,-23656,18024,2,2,-23656,-23656,0,1,1,0,,0,3,3,0,3,4,0,0,3379,,0,2,1,
2026-09-12T19:28:24.426Z,85603500000000,4085362,17049,-44018,-44024,,-24783,-24783,-24783,18024,2,2,-24783,-24783,0,1,1,0,,0,3,3,0,3,4,0,0,2253,,0,2,1,
2026-09-12T19:28:24.529Z,85603609000000,4085563,17051,-44021,-44023,,-24783,-25909,-25909,18024,2,2,-25909,-25909,0,1,1,0,,0,3,3,0,3,4,0,0,3379,,0,2,1,
2026-09-12T19:28:24.632Z,85603703000000,4085663,17052,-44024,-44023,,-24783,-25909,-25909,18024,2,2,-25909,-25909,0,1,1,0,,0,3,3,0,3,4,0,0,2253,,0,2,1,
2026-09-12T19:28:24.734Z,85603812000000,4085763,17053,-44026,-44023,,-24783,-25909,-25909,18024,2,2,-25909,-25909,0,1,1,0,,0,3,3,0,3,4,0,0,2253,,0,2,1,
2026-09-12T19:28:24.837Z,85603906000000,4085863,17054,-44039,-44023,,-24783,-25909,-25909,18024,2,2,-25909,-25909,0,1,1,0,,0,3,3,0,3,4,0,0,2253,,0,2,1,
2026-09-12T19:28:24.940Z,85604015000000,4085963,17055,-44033,-44024,,-24783,-24783,-24783,18024,2,2,-24783,-24783,0,1,1,0,,0,3,3,0,3,4,0,0,2253,,0,2,1,
2026-09-12T19:28:25.043Z,85604109000000,4086063,17056,-44023,-44025,,-24783,-23656,-23656,18024,2,2,-23656,-23656,0,1,1,0,,0,3,3,0,3,4,0,0,2253,,0,2,1,
2026-09-12T19:28:25.147Z,85604218000000,4086163,17057,-44018,-44025,,-24783,-23656,-23656,18024,2,2,-23656,-23656,0,1,1,0,,0,3,3,0,3,4,0,0,2253,,0,2,1,
2026-09-12T19:28:25.339Z,85604406000000,4086266,17058,-44026,-44025,,-23656,-23656,-23656,18024,2,2,-23656,-23656,0,1,1,0,,0,3,3,0,3,4,0,0,2253,,0,2,1,
2026-09-12T19:28:25.443Z,85604515000000,4086464,17060,-44017,-44025,,-23656,-23656,-23656,18024,2,2,-23656,-23656,0,1,1,0,,0,3,3,0,3,4,0,0,2253,,0,2,1,
2026-09-12T19:28:25.547Z,85604625000000,4086564,17061,-44030,-44026,,-23656,-22530,-22530,18024,2,2,-22530,-22530,0,1,1,0,,0,3,3,0,3,4,0,0,3379,,0,2,1,
2026-09-12T19:28:25.651Z,85604718000000,4086665,17062,-44029,-44026,,-23656,-22530,-22530,18024,2,2,-22530,-22530,0,1,1,0,,0,3,3,0,3,4,0,0,2253,,0,2,1,
2026-09-12T19:28:25.755Z,85604828000000,4086770,17063,-44026,-44026,,-23656,-22530,-22530,18024,2,2,-22530,-22530,0,1,1,0,,0,3,3,0,3,4,0,0,1126,,0,2,1,
2026-09-12T19:28:25.859Z,85604937000000,4086874,17064,-44026,-44026,,-23656,-22530,-22530,18024,2,2,-22530,-22530,0,1,1,0,,0,3,3,0,3,4,0,0,1126,,0,2,1,
2026-09-12T19:28:25.963Z,85605031000000,4086978,17065,-44021,-44026,,-23656,-22530,-22530,18024,2,2,-22530,-22530,0,1,1,0,,0,3,3,0,3,4,0,0,1126,,0,2,1,
2026-09-12T19:28:26.068Z,85605140000000,4087082,17066,-44026,-44026,,-23656,-22530,-22530,18024,2,2,-22530,-22530,0,1,1,0,,0,3,3,0,3,4,0,0,1126,,0,2,1,
2026-09-12T19:28:26.172Z,85605250000000,4087186,17067,-44040,-44026,,-23656,-22530,-22530,18024,2,2,-22530,-22530,0,1,1,0,,0,3,3,0,3,4,0,0,1126,,0,2,1,
2026-09-12T19:28:26.362Z,85605437000000,4087290,17068,-44028,-44026,,-22530,-22530,-22530,18024,2,2,-22530,-22530,0,1,1,0,,0,3,3,0,3,4,0,0,0,,0,2,1,
2026-09-12T19:28:26.466Z,85605546000000,4087486,17070,-44019,-44026,,-22530,-22530,-22530,18024,2,2,-22530,-22530,0,1,1,0,,0,3,3,0,3,4,0,0,0,,0,2,1,
2026-09-12T19:28:26.571Z,85605640000000,4087585,17071,-44011,-44025,,-22530,-23656,-23656,18024,2,2,-23656,-23656,0,1,1,0,,0,3,3,0,3,4,0,0,1126,,0,2,1,
2026-09-12T19:28:26.676Z,85605750000000,4087689,17072,-44009,-44023,,-22530,-25909,-25909,18024,2,2,-25909,-25909,0,1,1,0,,0,3,3,0,3,4,0,0,3379,,0,2,1,
2026-09-12T19:28:26.781Z,85605859000000,4087794,17073,-44025,-44021,,-22530,-28162,-28162,18024,2,2,-28162,-28162,0,1,1,0,,0,3,3,0,3,4,0,0,5632,,0,2,1,
2026-09-12T19:28:26.885Z,85605953000000,4087899,17074,-44015,-44020,,-22530,-29288,-29288,18024,2,2,-29288,-29288,0,1,1,0,,0,3,3,0,3,4,0,0,6758,,0,2,1,
2026-09-12T19:28:26.991Z,85606062000000,4088004,17075,-44036,-44021,,-22530,-28162,-28162,18024,2,2,-28162,-28162,0,1,1,0,,0,3,3,0,3,4,0,0,6758,,0,2,1,
2026-09-12T19:28:27.096Z,85606171000000,4088110,17076,-44022,-44021,,-22530,-28162,-28162,18024,2,2,-28162,-28162,0,1,1,0,,0,3,3,0,3,4,0,0,6758,,0,2,1,
2026-09-12T19:28:27.200Z,85606265000000,4088215,17077,-44026,-44022,,-22530,-27035,-27035,18024,2,2,-27035,-27035,0,1,1,0,,0,3,3,0,3,4,0,0,6758,,0,2,1,
2026-09-12T19:28:27.391Z,85606468000000,4088319,17078,-44018,-44022,,-28162,-27035,-27035,18024,2,2,-27035,-27035,0,1,1,0,,0,3,3,0,3,4,0,0,5632,,0,2,1,
2026-09-12T19:28:27.496Z,85606562000000,4088467,17080,-44026,-44021,,-28162,-28162,-28162,18024,2,2,-28162,-28162,0,1,1,0,,0,3,3,0,3,4,0,0,2253,,0,2,1,
2026-09-12T19:28:27.600Z,85606671000000,4088614,17081,-44023,-44021,,-28162,-28162,-28162,18024,2,2,-28162,-28162,0,1,1,0,,0,3,3,0,3,4,0,0,2253,,0,2,1,
2026-09-12T19:28:27.705Z,85606781000000,4088719,17082,-44024,-44021,,-28162,-28162,-28162,18024,2,2,-28162,-28162,0,1,1,0,,0,3,3,0,3,4,0,0,1127,,0,2,1,
2026-09-12T19:28:27.810Z,85606875000000,4088823,17083,-44040,-44021,,-28162,-28162,-28162,18024,2,2,-28162,-28162,0,1,1,0,,0,3,3,0,3,4,0,0,1127,,0,2,1,
2026-09-12T19:28:27.914Z,85606984000000,4088927,17084,-44033,-44023,,-28162,-25909,-25909,18024,2,2,-25909,-25909,0,1,1,0,,0,3,3,0,3,4,0,0,2253,,0,2,1,
2026-09-12T19:28:28.019Z,85607093000000,4089033,17085,-44033,-44024,,-28162,-24783,-24783,18024,2,2,-24783,-24783,0,1,1,0,,0,3,3,0,3,4,0,0,3379,,0,2,1,
2026-09-12T19:28:28.124Z,85607203000000,4089137,17086,-44037,-44025,,-28162,-23656,-23656,18024,2,2,-23656,-23656,0,1,1,0,,0,3,3,0,3,4,0,0,4506,,0,2,1,
2026-09-12T19:28:28.228Z,85607296000000,4089242,17087,-44038,-44027,,-28162,-21403,-21403,18024,2,2,-21403,-21403,0,1,1,0,,0,3,3,0,3,4,0,0,6759,,0,2,1,
2026-09-12T19:28:28.419Z,85607484000000,4089346,17088,-44028,-44028,,-20277,-20277,-20277,18024,2,2,-20277,-20277,0,1,1,0,,0,3,3,0,3,4,0,0,7885,,0,2,1,
2026-09-12T19:28:28.523Z,85607593000000,4089469,17090,-44034,-44028,,-20277,-20277,-20277,18024,2,2,-20277,-20277,0,1,1,0,,0,3,3,0,3,4,0,0,7885,,0,2,1,
2026-09-12T19:28:28.628Z,85607703000000,4089641,17091,-44018,-44028,,-20277,-20277,-20277,18024,2,2,-20277,-20277,0,1,1,0,,0,3,3,0,3,4,0,0,5632,,0,2,1,
2026-09-12T19:28:28.733Z,85607812000000,4089747,17092,-44006,-44027,,-20277,-21403,-21403,18024,2,2,-21403,-21403,0,1,1,0,,0,3,3,0,3,4,0,0,4506,,0,2,1,
2026-09-12T19:28:28.837Z,85607906000000,4089870,17094,-44012,-44024,,-20277,-24783,-24783,18024,2,2,-24783,-24783,0,1,1,0,,0,3,3,0,3,4,0,0,4506,,0,2,1,
2026-09-12T19:28:28.940Z,85608015000000,4089970,17095,-44023,-44024,,-20277,-24783,-24783,18024,2,2,-24783,-24783,0,1,1,0,,0,3,3,0,3,4,0,0,4506,,0,2,1,
2026-09-12T19:28:29.043Z,85608109000000,4090070,17096,-44020,-44023,,-20277,-25909,-25909,18024,2,2,-25909,-25909,0,1,1,0,,0,3,3,0,3,4,0,0,5632,,0,2,1,
2026-09-12T19:28:29.146Z,85608218000000,4090170,17097,-44019,-44023,,-20277,-25909,-25909,18024,2,2,-25909,-25909,0,1,1,0,,0,3,3,0,3,4,0,0,5632,,0,2,1,
2026-09-12T19:28:29.249Z,85608328000000,4090270,17098,-44011,-44022,,-20277,-27035,-27035,18024,2,2,-27035,-27035,0,1,1,0,,0,3,3,0,3,4,0,0,6758,,0,2,1,
2026-09-12T19:28:29.440Z,85608515000000,4090370,17099,-44015,-44021,,-29288,-28162,-28162,18024,2,2,-28162,-28162,0,1,1,0,,0,3,3,0,3,4,0,0,6759,,0,2,1,
2026-09-12T19:28:29.544Z,85608609000000,4090571,17101,-44031,-44020,,-29288,-29288,-29288,18024,2,2,-29288,-29288,0,1,1,0,,0,3,3,0,3,4,0,0,4505,,0,2,1,
2026-09-12T19:28:29.646Z,85608718000000,4090671,17102,-44032,-44021,,-29288,-28162,-28162,18024,2,2,-28162,-28162,0,1,1,0,,0,3,3,0,3,4,0,0,4505,,0,2,1,
2026-09-12T19:28:29.750Z,85608828000000,4090771,17103,-44024,-44022,,-29288,-27035,-27035,18024,2,2,-27035,-27035,0,1,1,0,,0,3,3,0,3,4,0,0,3379,,0,2,1,
2026-09-12T19:28:29.854Z,85608921000000,4090871,17104,-44022,-44022,,-29288,-27035,-27035,18024,2,2,-27035,-27035,0,1,1,0,,0,3,3,0,3,4,0,0,3379,,0,2,1,
2026-09-12T19:28:29.959Z,85609031000000,4090973,17105,-44017,-44022,,-29288,-27035,-27035,18024,2,2,-27035,-27035,0,1,1,0,,0,3,3,0,3,4,0,0,2253,,0,2,1,
2026-09-12T19:28:30.063Z,85609140000000,4091077,17106,-44021,-44022,,-29288,-27035,-27035,18024,2,2,-27035,-27035,0,1,1,0,,0,3,3,0,3,4,0,0,2253,,0,2,1,
2026-09-12T19:28:30.168Z,85609234000000,4091182,17107,-44028,-44022,,-29288,-27035,-27035,18024,2,2,-27035,-27035,0,1,1,0,,0,3,3,0,3,4,0,0,2253,,0,2,1,
2026-09-12T19:28:30.271Z,85609343000000,4091287,17108,-44022,-44022,,-29288,-27035,-27035,18024,2,2,-27035,-27035,0,1,1,0,,0,3,3,0,3,4,0,0,2253,,0,2,1,
2026-09-12T19:28:30.465Z,85609531000000,4091391,17109,-44026,-44023,,-25909,-25909,-25909,18024,2,2,-25909,-25909,0,1,1,0,,0,3,3,0,3,4,0,0,2253,,0,2,1,
2026-09-12T19:28:30.570Z,85609640000000,4091590,17111,-44031,-44023,,-25909,-25909,-25909,18024,2,2,-25909,-25909,0,1,1,0,,0,3,3,0,3,4,0,0,1126,,0,2,1,
2026-09-12T19:28:30.674Z,85609750000000,4091688,17112,-44021,-44023,,-25909,-25909,-25909,18024,2,2,-25909,-25909,0,1,1,0,,0,3,3,0,3,4,0,0,1126,,0,2,1,
2026-09-12T19:28:30.779Z,85609859000000,4091793,17113,-44010,-44023,,-25909,-25909,-25909,18024,2,2,-25909,-25909,0,1,1,0,,0,3,3,0,3,4,0,0,1126,,0,2,1,
2026-09-12T19:28:30.883Z,85609953000000,4091898,17114,-44014,-44022,,-25909,-27035,-27035,18024,2,2,-27035,-27035,0,1,1,0,,0,3,3,0,3,4,0,0,1126,,0,2,1,
2026-09-12T19:28:30.988Z,85610062000000,4092002,17115,-44021,-44021,,-25909,-28162,-28162,18024,2,2,-28162,-28162,0,1,1,0,,0,3,3,0,3,4,0,0,2253,,0,2,1,
2026-09-12T19:28:31.093Z,85610171000000,4092106,17116,-44004,-44020,,-25909,-29288,-29288,18024,2,2,-29288,-29288,0,1,1,0,,0,3,3,0,3,4,0,0,3379,,0,2,1,
2026-09-12T19:28:31.197Z,85610265000000,4092211,17117,-44009,-44019,,-25909,-30415,-30415,18024,2,2,-30415,-30415,0,1,1,0,,0,3,3,0,3,4,0,0,4506,,0,2,1,
2026-09-12T19:28:31.301Z,85610375000000,4092316,17118,-43995,-44017,,-25909,-32668,-32668,18024,2,2,-32668,-32668,0,1,1,0,,0,3,3,0,3,4,0,0,6759,,0,2,1,
2026-09-12T19:28:31.491Z,85610562000000,4092420,17119,-44019,-44016,,-32668,-33794,-33794,18024,2,2,-33794,-33794,0,1,1,0,,0,3,3,0,3,4,0,0,7885,,0,2,1,
2026-09-12T19:28:31.596Z,85610671000000,4092574,17121,-44032,-44017,,-32668,-32668,-32668,18024,2,2,-32668,-32668,0,1,1,0,,0,3,3,0,3,4,0,0,6759,,0,2,1,
2026-09-12T19:28:31.700Z,85610765000000,4092715,17122,-44019,-44018,,-32668,-31541,-31541,18024,2,2,-31541,-31541,0,1,1,0,,0,3,3,0,3,4,0,0,5632,,0,2,1,
2026-09-12T19:28:31.806Z,85610875000000,4092819,17123,-44017,-44018,,-32668,-31541,-31541,18024,2,2,-31541,-31541,0,1,1,0,,0,3,3,0,3,4,0,0,4506,,0,2,1,
2026-09-12T19:28:31.911Z,85610984000000,4092924,17124,-44007,-44018,,-32668,-31541,-31541,18024,2,2,-31541,-31541,0,1,1,0,,0,3,3,0,3,4,0,0,3379,,0,2,1,
2026-09-12T19:28:32.015Z,85611093000000,4093029,17125,-44022,-44018,,-32668,-31541,-31541,18024,2,2,-31541,-31541,0,1,1,0,,0,3,3,0,3,4,0,0,2253,,0,2,1,
2026-09-12T19:28:32.120Z,85611187000000,4093134,17126,-44042,-44019,,-32668,-30415,-30415,18024,2,2,-30415,-30415,0,1,1,0,,0,3,3,0,3,4,0,0,3379,,0,2,1,
2026-09-12T19:28:32.224Z,85611296000000,4093238,17127,-44027,-44020,,-32668,-29288,-29288,18024,2,2,-29288,-29288,0,1,1,0,,0,3,3,0,3,4,0,0,4506,,0,2,1,
2026-09-12T19:28:32.328Z,85611406000000,4093343,17128,-44034,-44022,,-32668,-27035,-27035,18024,2,2,-27035,-27035,0,1,1,0,,0,3,3,0,3,4,0,0,5633,,0,2,1,
2026-09-12T19:28:32.521Z,85611593000000,4093447,17129,-44042,-44024,,-23656,-24783,-24783,18024,2,2,-24783,-24783,0,1,1,0,,0,3,3,0,3,4,0,0,6758,,0,2,1,
2026-09-12T19:28:32.625Z,85611703000000,4093596,17131,-44020,-44025,,-23656,-23656,-23656,18024,2,2,-23656,-23656,0,1,1,0,,0,3,3,0,3,4,0,0,7885,,0,2,1,
2026-09-12T19:28:32.730Z,85611796000000,4093744,17132,-44031,-44025,,-23656,-23656,-23656,18024,2,2,-23656,-23656,0,1,1,0,,0,3,3,0,3,4,0,0,7885,,0,2,1,
2026-09-12T19:28:32.834Z,85611906000000,4093848,17133,-44025,-44025,,-23656,-23656,-23656,18024,2,2,-23656,-23656,0,1,1,0,,0,3,3,0,3,4,0,0,6759,,0,2,1,
2026-09-12T19:28:32.940Z,85612015000000,4093953,17134,-44019,-44025,,-23656,-23656,-23656,18024,2,2,-23656,-23656,0,1,1,0,,0,3,3,0,3,4,0,0,5632,,0,2,1,
2026-09-12T19:28:33.043Z,85612109000000,4094077,17136,-44045,-44025,,-23656,-23656,-23656,18024,2,2,-23656,-23656,0,1,1,0,,0,3,3,0,3,4,0,0,1127,,0,2,1,
2026-09-12T19:28:33.147Z,85612218000000,4094177,17137,-44048,-44028,,-23656,-20277,-20277,18024,2,2,-20277,-20277,0,1,1,0,,0,3,3,0,3,4,0,0,3379,,0,2,1,
2026-09-12T19:28:33.249Z,85612328000000,4094277,17138,-44031,-44030,,-23656,-18024,-18024,18024,2,2,-18024,-18024,0,1,1,0,,0,3,3,0,3,4,0,0,5632,,0,2,1,
2026-09-12T19:28:33.352Z,85612421000000,4094377,17139,-44031,-44030,,-23656,-18024,-18024,18024,2,2,-18024,-18024,0,1,1,0,,0,3,3,0,3,4,0,0,5632,,0,2,1,
2026-09-12T19:28:33.541Z,85612609000000,4094477,17140,-44021,-44030,,-18024,-18024,-18024,18024,2,2,-18024,-18024,0,1,1,0,,0,3,3,0,3,4,0,0,5632,,0,2,1,
2026-09-12T19:28:33.645Z,85612718000000,4094678,17142,-44022,-44029,,-18024,-19150,-19150,18024,2,2,-19150,-19150,0,1,1,0,,0,3,3,0,3,4,0,0,5632,,0,2,1,
2026-09-12T19:28:33.749Z,85612828000000,4094778,17143,-44019,-44028,,-18024,-20277,-20277,18024,2,2,-20277,-20277,0,1,1,0,,0,3,3,0,3,4,0,0,5632,,0,2,1,
2026-09-12T19:28:33.852Z,85612921000000,4094878,17144,-44007,-44027,,-18024,-21403,-21403,18024,2,2,-21403,-21403,0,1,1,0,,0,3,3,0,3,4,0,0,3379,,0,2,1,
2026-09-12T19:28:33.956Z,85613031000000,4094978,17145,-44019,-44026,,-18024,-22530,-22530,18024,2,2,-22530,-22530,0,1,1,0,,0,3,3,0,3,4,0,0,4506,,0,2,1,
2026-09-12T19:28:34.060Z,85613140000000,4095078,17146,-44015,-44025,,-18024,-23656,-23656,18024,2,2,-23656,-23656,0,1,1,0,,0,3,3,0,3,4,0,0,5632,,0,2,1,
2026-09-12T19:28:34.165Z,85613234000000,4095179,17147,-44013,-44024,,-18024,-24783,-24783,18024,2,2,-24783,-24783,0,1,1,0,,0,3,3,0,3,4,0,0,6759,,0,2,1,
2026-09-12T19:28:34.270Z,85613343000000,4095284,17148,-44018,-44023,,-18024,-25909,-25909,18024,2,2,-25909,-25909,0,1,1,0,,0,3,3,0,3,4,0,0,7885,,0,2,1,
2026-09-12T19:28:34.375Z,85613453000000,4095388,17149,-44016,-44022,,-18024,-27035,-27035,18024,2,2,-27035,-27035,0,1,1,0,,0,3,3,0,3,4,0,0,7885,,0,2,1,
2026-09-12T19:28:34.567Z,85613640000000,4095494,17150,-44033,-44021,,-25909,-28162,-28162,18024,2,2,-28162,-28162,0,1,1,0,,0,3,3,0,3,4,0,0,7885,,0,2,1,
2026-09-12T19:28:34.671Z,85613750000000,4095692,17152,-44023,-44024,,-25909,-24783,-24783,18024,2,2,-24783,-24783,0,1,1,0,,0,3,3,0,3,4,0,0,5632,,0,2,1,
2026-09-12T19:28:34.775Z,85613843000000,4095790,17153,-44021,-44024,,-25909,-24783,-24783,18024,2,2,-24783,-24783,0,1,1,0,,0,3,3,0,3,4,0,0,4506,,0,2,1,
2026-09-12T19:28:34.879Z,85613953000000,4095894,17154,-44025,-44024,,-25909,-24783,-24783,18024,2,2,-24783,-24783,0,1,1,0,,0,3,3,0,3,4,0,0,3379,,0,2,1,
2026-09-12T19:28:34.983Z,85614062000000,4095998,17155,-44030,-44024,,-25909,-24783,-24783,18024,2,2,-24783,-24783,0,1,1,0,,0,3,3,0,3,4,0,0,3379,,0,2,1,
2026-09-12T19:28:35.089Z,85614156000000,4096103,17156,-44026,-44024,,-25909,-24783,-24783,18024,2,2,-24783,-24783,0,1,1,0,,0,3,3,0,3,4,0,0,3379,,0,2,1,
2026-09-12T19:28:35.192Z,85614265000000,4096207,17157,-44024,-44024,,-25909,-24783,-24783,18024,2,2,-24783,-24783,0,1,1,0,,0,3,3,0,3,4,0,0,3379,,0,2,1,
2026-09-12T19:28:35.298Z,85614375000000,4096312,17158,-44028,-44024,,-25909,-24783,-24783,18024,2,2,-24783,-24783,0,1,1,0,,0,3,3,0,3,4,0,0,1126,,0,2,1,
2026-09-12T19:28:35.402Z,85614468000000,4096416,17159,-44017,-44024,,-25909,-24783,-24783,18024,2,2,-24783,-24783,0,1,1,0,,0,3,3,0,3,4,0,0,0,,0,2,1,
2026-09-12T19:28:35.593Z,85614671000000,4096522,17160,-44029,-44025,,-22530,-23656,-23656,18024,2,2,-23656,-23656,0,1,1,0,,0,3,3,0,3,4,0,0,1127,,0,2,1,
2026-09-12T19:28:35.697Z,85614765000000,4096718,17162,-44028,-44026,,-22530,-22530,-22530,18024,2,2,-22530,-22530,0,1,1,0,,0,3,3,0,3,4,0,0,2253,,0,2,1,
2026-09-12T19:28:35.801Z,85614875000000,4096816,17163,-44020,-44026,,-22530,-22530,-22530,18024,2,2,-22530,-22530,0,1,1,0,,0,3,3,0,3,4,0,0,2253,,0,2,1,
2026-09-12T19:28:35.905Z,85614984000000,4096920,17164,-44016,-44025,,-22530,-23656,-23656,18024,2,2,-23656,-23656,0,1,1,0,,0,3,3,0,3,4,0,0,2253,,0,2,1,
2026-09-12T19:28:36.010Z,85615078000000,4097025,17165,-44023,-44024,,-22530,-24783,-24783,18024,2,2,-24783,-24783,0,1,1,0,,0,3,3,0,3,4,0,0,2253,,0,2,1,
2026-09-12T19:28:36.115Z,85615187000000,4097128,17166,-44038,-44024,,-22530,-24783,-24783,18024,2,2,-24783,-24783,0,1,1,0,,0,3,3,0,3,4,0,0,2253,,0,2,1,
2026-09-12T19:28:36.219Z,85615296000000,4097234,17167,-44037,-44026,,-22530,-22530,-22530,18024,2,2,-22530,-22530,0,1,1,0,,0,3,3,0,3,4,0,0,2253,,0,2,1,
2026-09-12T19:28:36.323Z,85615390000000,4097338,17168,-44027,-44027,,-22530,-21403,-21403,18024,2,2,-21403,-21403,0,1,1,0,,0,3,3,0,3,4,0,0,3380,,0,2,1,
2026-09-12T19:28:36.427Z,85615500000000,4097442,17169,-44018,-44027,,-22530,-21403,-21403,18024,2,2,-21403,-21403,0,1,1,0,,0,3,3,0,3,4,0,0,3380,,0,2,1,
2026-09-12T19:28:36.618Z,85615687000000,4097546,17170,-44037,-44027,,-19150,-21403,-21403,18024,2,2,-21403,-21403,0,1,1,0,,0,3,3,0,3,4,0,0,3380,,0,2,1,
2026-09-12T19:28:36.722Z,85615796000000,4097693,17172,-44018,-44029,,-19150,-19150,-19150,18024,2,2,-19150,-19150,0,1,1,0,,0,3,3,0,3,4,0,0,5633,,0,2,1,
2026-09-12T19:28:36.827Z,85615906000000,4097841,17173,-44039,-44030,,-19150,-18024,-18024,18024,2,2,-18024,-18024,0,1,1,0,,0,3,3,0,3,4,0,0,6759,,0,2,1,
2026-09-12T19:28:36.932Z,85616000000000,4097946,17174,-44040,-44031,,-19150,-16897,-16897,18024,2,2,-16897,-16897,0,1,1,0,,0,3,3,0,3,4,0,0,5633,,0,2,1,
2026-09-12T19:28:37.037Z,85616109000000,4098051,17175,-44019,-44032,,-19150,-15771,-15771,18024,2,2,-15771,-15771,0,1,1,0,,0,3,3,0,3,4,0,0,5632,,0,2,1,
2026-09-12T19:28:37.141Z,85616218000000,4098156,17176,-44015,-44030,,-19150,-18024,-18024,18024,2,2,-18024,-18024,0,1,1,0,,0,3,3,0,3,4,0,0,5632,,0,2,1,
2026-09-12T19:28:37.245Z,85616312000000,4098260,17177,-44015,-44028,,-19150,-20277,-20277,18024,2,2,-20277,-20277,0,1,1,0,,0,3,3,0,3,4,0,0,5632,,0,2,1,
2026-09-12T19:28:37.349Z,85616421000000,4098384,17179,-44027,-44026,,-19150,-22530,-22530,18024,2,2,-22530,-22530,0,1,1,0,,0,3,3,0,3,4,0,0,6759,,0,2,1,
2026-09-12T19:28:37.453Z,85616531000000,4098484,17180,-44021,-44026,,-19150,-22530,-22530,18024,2,2,-22530,-22530,0,1,1,0,,0,3,3,0,3,4,0,0,6759,,0,2,1,
2026-09-12T19:28:37.641Z,85616718000000,4098584,17181,-44018,-44025,,-24783,-23656,-23656,18024,2,2,-23656,-23656,0,1,1,0,,0,3,3,0,3,4,0,0,7885,,0,2,1,
2026-09-12T19:28:37.745Z,85616812000000,4098685,17182,-44021,-44024,,-24783,-24783,-24783,18024,2,2,-24783,-24783,0,1,1,0,,0,3,3,0,3,4,0,0,9012,,0,2,1,
2026-09-12T19:28:37.850Z,85616921000000,4098864,17183,-44020,-44023,,-24783,-25909,-25909,18024,2,2,-25909,-25909,0,1,1,0,,0,3,3,0,3,4,0,0,7885,,0,2,1,
2026-09-12T19:28:37.954Z,85617031000000,4098985,17185,-44042,-44024,,-24783,-24783,-24783,18024,2,2,-24783,-24783,0,1,1,0,,0,3,3,0,3,4,0,0,3379,,0,2,1,
2026-09-12T19:28:38.056Z,85617125000000,4099085,17186,-44030,-44025,,-24783,-23656,-23656,18024,2,2,-23656,-23656,0,1,1,0,,0,3,3,0,3,4,0,0,3379,,0,2,1,
2026-09-12T19:28:38.159Z,85617234000000,4099185,17187,-44034,-44026,,-24783,-22530,-22530,18024,2,2,-22530,-22530,0,1,1,0,,0,3,3,0,3,4,0,0,3379,,0,2,1,
2026-09-12T19:28:38.261Z,85617328000000,4099286,17188,-44036,-44027,,-24783,-21403,-21403,18024,2,2,-21403,-21403,0,1,1,0,,0,3,3,0,3,4,0,0,4506,,0,2,1,
2026-09-12T19:28:38.364Z,85617437000000,4099386,17189,-44025,-44028,,-24783,-20277,-20277,18024,2,2,-20277,-20277,0,1,1,0,,0,3,3,0,3,4,0,0,5632,,0,2,1,
2026-09-12T19:28:38.469Z,85617546000000,4099486,17190,-44026,-44028,,-24783,-20277,-20277,18024,2,2,-20277,-20277,0,1,1,0,,0,3,3,0,3,4,0,0,5632,,0,2,1,
2026-09-12T19:28:38.658Z,85617734000000,4099588,17191,-44004,-44028,,-22530,-20277,-20277,18024,2,2,-20277,-20277,0,1,1,0,,0,3,3,0,3,4,0,0,5632,,0,2,1,
2026-09-12T19:28:38.761Z,85617828000000,4099786,17193,-44037,-44024,,-22530,-24783,-24783,18024,2,2,-24783,-24783,0,1,1,0,,0,3,3,0,3,4,0,0,4506,,0,2,1,
2026-09-12T19:28:38.865Z,85617937000000,4099886,17194,-44017,-44023,,-22530,-25909,-25909,18024,2,2,-25909,-25909,0,1,1,0,,0,3,3,0,3,4,0,0,5632,,0,2,1,
2026-09-12T19:28:38.970Z,85618046000000,4099987,17195,-44020,-44023,,-22530,-25909,-25909,18024,2,2,-25909,-25909,0,1,1,0,,0,3,3,0,3,4,0,0,5632,,0,2,1,
2026-09-12T19:28:39.075Z,85618140000000,4100090,17196,-44017,-44022,,-22530,-27035,-27035,18024,2,2,-27035,-27035,0,1,1,0,,0,3,3,0,3,4,0,0,6758,,0,2,1,
2026-09-12T19:28:39.180Z,85618250000000,4100194,17197,-44018,-44021,,-22530,-28162,-28162,18024,2,2,-28162,-28162,0,1,1,0,,0,3,3,0,3,4,0,0,7885,,0,2,1,
2026-09-12T19:28:39.284Z,85618359000000,4100299,17198,-44023,-44021,,-22530,-28162,-28162,18024,2,2,-28162,-28162,0,1,1,0,,0,3,3,0,3,4,0,0,7885,,0,2,1,
2026-09-12T19:28:39.390Z,85618468000000,4100405,17199,-44021,-44021,,-22530,-28162,-28162,18024,2,2,-28162,-28162,0,1,1,0,,0,3,3,0,3,4,0,0,5632,,0,2,1,
2026-09-12T19:28:39.495Z,85618562000000,4100510,17200,-44031,-44021,,-22530,-28162,-28162,18024,2,2,-28162,-28162,0,1,1,0,,0,3,3,0,3,4,0,0,3379,,0,2,1,
2026-09-12T19:28:39.687Z,85618765000000,4100615,17201,-44008,-44021,,-30415,-28162,-28162,18024,2,2,-28162,-28162,0,1,1,0,,0,3,3,0,3,4,0,0,2253,,0,2,1,
2026-09-12T19:28:39.793Z,85618859000000,4100813,17203,-44018,-44018,,-30415,-31541,-31541,18024,2,2,-31541,-31541,0,1,1,0,,0,3,3,0,3,4,0,0,4506,,0,2,1,
2026-09-12T19:28:39.898Z,85618968000000,4100912,17204,-44009,-44017,,-30415,-32668,-32668,18024,2,2,-32668,-32668,0,1,1,0,,0,3,3,0,3,4,0,0,4506,,0,2,1,
2026-09-12T19:28:40.002Z,85619078000000,4101018,17205,-44022,-44017,,-30415,-32668,-32668,18024,2,2,-32668,-32668,0,1,1,0,,0,3,3,0,3,4,0,0,4506,,0,2,1,
2026-09-12T19:28:40.107Z,85619187000000,4101122,17206,-44034,-44018,,-30415,-31541,-31541,18024,2,2,-31541,-31541,0,1,1,0,,0,3,3,0,3,4,0,0,4506,,0,2,1,
2026-09-12T19:28:40.212Z,85619281000000,4101227,17207,-44020,-44019,,-30415,-30415,-30415,18024,2,2,-30415,-30415,0,1,1,0,,0,3,3,0,3,4,0,0,4506,,0,2,1,
2026-09-12T19:28:40.316Z,85619390000000,4101332,17208,-44027,-44020,,-30415,-29288,-29288,18024,2,2,-29288,-29288,0,1,1,0,,0,3,3,0,3,4,0,0,4506,,0,2,1,
2026-09-12T19:28:40.420Z,85619500000000,4101436,17209,-44030,-44021,,-30415,-28162,-28162,18024,2,2,-28162,-28162,0,1,1,0,,0,3,3,0,3,4,0,0,4506,,0,2,1,
2026-09-12T19:28:40.524Z,85619593000000,4101540,17210,-44030,-44022,,-30415,-27035,-27035,18024,2,2,-27035,-27035,0,1,1,0,,0,3,3,0,3,4,0,0,5633,,0,2,1,
2026-09-12T19:28:40.718Z,85619796000000,4101644,17211,-44025,-44023,,-25909,-25909,-25909,18024,2,2,-25909,-25909,0,1,1,0,,0,3,3,0,3,4,0,0,6759,,0,2,1,
2026-09-12T19:28:40.822Z,85619890000000,4101793,17213,-44029,-44023,,-25909,-25909,-25909,18024,2,2,-25909,-25909,0,1,1,0,,0,3,3,0,3,4,0,0,5632,,0,2,1,
2026-09-12T19:28:40.926Z,85620000000000,4101942,17214,-44033,-44024,,-25909,-24783,-24783,18024,2,2,-24783,-24783,0,1,1,0,,0,3,3,0,3,4,0,0,5632,,0,2,1,
2026-09-12T19:28:41.030Z,85620109000000,4102046,17215,-44033,-44025,,-25909,-23656,-23656,18024,2,2,-23656,-23656,0,1,1,0,,0,3,3,0,3,4,0,0,5632,,0,2,1,
2026-09-12T19:28:41.135Z,85620203000000,4102150,17216,-44015,-44026,,-25909,-22530,-22530,18024,2,2,-22530,-22530,0,1,1,0,,0,3,3,0,3,4,0,0,5632,,0,2,1,
2026-09-12T19:28:41.238Z,85620312000000,4102254,17217,-44020,-44025,,-25909,-23656,-23656,18024,2,2,-23656,-23656,0,1,1,0,,0,3,3,0,3,4,0,0,4505,,0,2,1,
2026-09-12T19:28:41.342Z,85620421000000,4102358,17218,-44014,-44024,,-25909,-24783,-24783,18024,2,2,-24783,-24783,0,1,1,0,,0,3,3,0,3,4,0,0,3379,,0,2,1,
2026-09-12T19:28:41.446Z,85620515000000,4102462,17219,-44019,-44023,,-25909,-25909,-25909,18024,2,2,-25909,-25909,0,1,1,0,,0,3,3,0,3,4,0,0,3379,,0,2,1,
2026-09-12T19:28:41.551Z,85620625000000,4102566,17220,-44035,-44022,,-25909,-27035,-27035,18024,2,2,-27035,-27035,0,1,1,0,,0,3,3,0,3,4,0,0,4505,,0,2,1,
2026-09-12T19:28:41.741Z,85620812000000,4102670,17221,-44033,-44023,,-23656,-25909,-25909,18024,2,2,-25909,-25909,0,1,1,0,,0,3,3,0,3,4,0,0,4505,,0,2,1,
2026-09-12T19:28:41.845Z,85620921000000,4102791,17223,-44014,-44025,,-23656,-23656,-23656,18024,2,2,-23656,-23656,0,1,1,0,,0,3,3,0,3,4,0,0,4505,,0,2,1,
2026-09-12T19:28:41.950Z,85621015000000,4102965,17224,-44028,-44025,,-23656,-23656,-23656,18024,2,2,-23656,-23656,0,1,1,0,,0,3,3,0,3,4,0,0,3379,,0,2,1,
2026-09-12T19:28:42.054Z,85621125000000,4103069,17225,-44014,-44024,,-23656,-24783,-24783,18024,2,2,-24783,-24783,0,1,1,0,,0,3,3,0,3,4,0,0,3379,,0,2,1,
2026-09-12T19:28:42.159Z,85621234000000,4103192,17227,-44033,-44022,,-23656,-27035,-27035,18024,2,2,-27035,-27035,0,1,1,0,,0,3,3,0,3,4,0,0,3379,,0,2,1,
2026-09-12T19:28:42.261Z,85621328000000,4103292,17228,-44038,-44023,,-23656,-25909,-25909,18024,2,2,-25909,-25909,0,1,1,0,,0,3,3,0,3,4,0,0,3379,,0,2,1,
2026-09-12T19:28:42.364Z,85621437000000,4103393,17229,-44022,-44024,,-23656,-24783,-24783,18024,2,2,-24783,-24783,0,1,1,0,,0,3,3,0,3,4,0,0,3379,,0,2,1,
2026-09-12T19:28:42.466Z,85621546000000,4103493,17230,-44027,-44024,,-23656,-24783,-24783,18024,2,2,-24783,-24783,0,1,1,0,,0,3,3,0,3,4,0,0,3379,,0,2,1,
2026-09-12T19:28:42.569Z,85621640000000,4103593,17231,-44013,-44024,,-23656,-24783,-24783,18024,2,2,-24783,-24783,0,1,1,0,,0,3,3,0,3,4,0,0,3379,,0,2,1,
2026-09-12T19:28:42.759Z,85621828000000,4103693,17232,-44011,-44023,,-28162,-25909,-25909,18024,2,2,-25909,-25909,0,1,1,0,,0,3,3,0,3,4,0,0,2252,,0,2,1,
2026-09-12T19:28:42.861Z,85621937000000,4103893,17234,-44025,-44020,,-28162,-29288,-29288,18024,2,2,-29288,-29288,0,1,1,0,,0,3,3,0,3,4,0,0,4505,,0,2,1,
2026-09-12T19:28:42.965Z,85622031000000,4103993,17235,-44016,-44019,,-28162,-30415,-30415,18024,2,2,-30415,-30415,0,1,1,0,,0,3,3,0,3,4,0,0,5632,,0,2,1,
2026-09-12T19:28:43.068Z,85622140000000,4104093,17236,-44012,-44019,,-28162,-30415,-30415,18024,2,2,-30415,-30415,0,1,1,0,,0,3,3,0,3,4,0,0,5632,,0,2,1,
2026-09-12T19:28:43.172Z,85622250000000,4104194,17237,-44018,-44019,,-28162,-30415,-30415,18024,2,2,-30415,-30415,0,1,1,0,,0,3,3,0,3,4,0,0,5632,,0,2,1,
2026-09-12T19:28:43.277Z,85622343000000,4104294,17238,-44025,-44019,,-28162,-30415,-30415,18024,2,2,-30415,-30415,0,1,1,0,,0,3,3,0,3,4,0,0,5632,,0,2,1,
2026-09-12T19:28:43.381Z,85622453000000,4104396,17239,-44033,-44020,,-28162,-29288,-29288,18024,2,2,-29288,-29288,0,1,1,0,,0,3,3,0,3,4,0,0,4506,,0,2,1,
2026-09-12T19:28:43.485Z,85622562000000,4104501,17240,-44020,-44021,,-28162,-28162,-28162,18024,2,2,-28162,-28162,0,1,1,0,,0,3,3,0,3,4,0,0,2253,,0,2,1,
2026-09-12T19:28:43.590Z,85622656000000,4104606,17241,-44014,-44021,,-28162,-28162,-28162,18024,2,2,-28162,-28162,0,1,1,0,,0,3,3,0,3,4,0,0,2253,,0,2,1,
2026-09-12T19:28:43.782Z,85622859000000,4104710,17242,-44014,-44020,,-30415,-29288,-29288,18024,2,2,-29288,-29288,0,1,1,0,,0,3,3,0,3,4,0,0,2253,,0,2,1,
2026-09-12T19:28:43.887Z,85622953000000,4104908,17244,-44036,-44019,,-30415,-30415,-30415,18024,2,2,-30415,-30415,0,1,1,0,,0,3,3,0,3,4,0,0,2253,,0,2,1,
2026-09-12T19:28:43.991Z,85623062000000,4105007,17245,-44022,-44019,,-30415,-30415,-30415,18024,2,2,-30415,-30415,0,1,1,0,,0,3,3,0,3,4,0,0,2253,,0,2,1,
2026-09-12T19:28:44.095Z,85623171000000,4105111,17246,-44019,-44019,,-30415,-30415,-30415,18024,2,2,-30415,-30415,0,1,1,0,,0,3,3,0,3,4,0,0,2253,,0,2,1,
2026-09-12T19:28:44.200Z,85623265000000,4105216,17247,-44026,-44019,,-30415,-30415,-30415,18024,2,2,-30415,-30415,0,1,1,0,,0,3,3,0,3,4,0,0,2253,,0,2,1,
2026-09-12T19:28:44.306Z,85623375000000,4105320,17248,-44022,-44019,,-30415,-30415,-30415,18024,2,2,-30415,-30415,0,1,1,0,,0,3,3,0,3,4,0,0,2253,,0,2,1,
2026-09-12T19:28:44.410Z,85623484000000,4105426,17249,-44029,-44020,,-30415,-29288,-29288,18024,2,2,-29288,-29288,0,1,1,0,,0,3,3,0,3,4,0,0,1127,,0,2,1,
2026-09-12T19:28:44.515Z,85623593000000,4105530,17250,-44022,-44020,,-30415,-29288,-29288,18024,2,2,-29288,-29288,0,1,1,0,,0,3,3,0,3,4,0,0,1127,,0,2,1,
2026-09-12T19:28:44.619Z,85623687000000,4105634,17251,-44017,-44020,,-30415,-29288,-29288,18024,2,2,-29288,-29288,0,1,1,0,,0,3,3,0,3,4,0,0,1127,,0,2,1,
2026-09-12T19:28:44.810Z,85623890000000,4105739,17252,-44018,-44020,,-29288,-29288,-29288,18024,2,2,-29288,-29288,0,1,1,0,,0,3,3,0,3,4,0,0,1127,,0,2,1,
2026-09-12T19:28:44.917Z,85623984000000,4105937,17254,-44021,-44020,,-29288,-29288,-29288,18024,2,2,-29288,-29288,0,1,1,0,,0,3,3,0,3,4,0,0,1127,,0,2,1,
2026-09-12T19:28:45.021Z,85624093000000,4106037,17255,-44022,-44020,,-29288,-29288,-29288,18024,2,2,-29288,-29288,0,1,1,0,,0,3,3,0,3,4,0,0,1127,,0,2,1,
2026-09-12T19:28:45.127Z,85624203000000,4106141,17256,-44025,-44020,,-29288,-29288,-29288,18024,2,2,-29288,-29288,0,1,1,0,,0,3,3,0,3,4,0,0,0,,0,2,1,
2026-09-12T19:28:45.230Z,85624296000000,4106247,17257,-44012,-44020,,-29288,-29288,-29288,18024,2,2,-29288,-29288,0,1,1,0,,0,3,3,0,3,4,0,0,0,,0,2,1,
2026-09-12T19:28:45.335Z,85624406000000,4106351,17258,-44028,-44021,,-29288,-28162,-28162,18024,2,2,-28162,-28162,0,1,1,0,,0,3,3,0,3,4,0,0,1126,,0,2,1,
2026-09-12T19:28:45.440Z,85624515000000,4106455,17259,-44036,-44022,,-29288,-27035,-27035,18024,2,2,-27035,-27035,0,1,1,0,,0,3,3,0,3,4,0,0,2253,,0,2,1,
2026-09-12T19:28:45.543Z,85624609000000,4106559,17260,-44031,-44023,,-29288,-25909,-25909,18024,2,2,-25909,-25909,0,1,1,0,,0,3,3,0,3,4,0,0,3379,,0,2,1,
2026-09-12T19:28:45.649Z,85624718000000,4106664,17261,-44023,-44024,,-29288,-24783,-24783,18024,2,2,-24783,-24783,0,1,1,0,,0,3,3,0,3,4,0,0,4505,,0,2,1,
2026-09-12T19:28:45.841Z,85624906000000,4106768,17262,-44030,-44025,,-23656,-23656,-23656,18024,2,2,-23656,-23656,0,1,1,0,,0,3,3,0,3,4,0,0,5632,,0,2,1,
2026-09-12T19:28:45.945Z,85625015000000,4106916,17264,-44020,-44025,,-23656,-23656,-23656,18024,2,2,-23656,-23656,0,1,1,0,,0,3,3,0,3,4,0,0,5632,,0,2,1,
2026-09-12T19:28:46.049Z,85625125000000,4107065,17265,-44003,-44024,,-23656,-24783,-24783,18024,2,2,-24783,-24783,0,1,1,0,,0,3,3,0,3,4,0,0,4506,,0,2,1,
2026-09-12T19:28:46.154Z,85625234000000,4107169,17266,-44023,-44023,,-23656,-25909,-25909,18024,2,2,-25909,-25909,0,1,1,0,,0,3,3,0,3,4,0,0,3379,,0,2,1,
2026-09-12T19:28:46.259Z,85625328000000,4107274,17267,-44031,-44023,,-23656,-25909,-25909,18024,2,2,-25909,-25909,0,1,1,0,,0,3,3,0,3,4,0,0,2253,,0,2,1,
2026-09-12T19:28:46.362Z,85625437000000,4107378,17268,-44024,-44023,,-23656,-25909,-25909,18024,2,2,-25909,-25909,0,1,1,0,,0,3,3,0,3,4,0,0,2253,,0,2,1,
2026-09-12T19:28:46.466Z,85625531000000,4107499,17270,-44014,-44022,,-23656,-27035,-27035,18024,2,2,-27035,-27035,0,1,1,0,,0,3,3,0,3,4,0,0,3379,,0,2,1,
2026-09-12T19:28:46.569Z,85625640000000,4107600,17271,-44024,-44021,,-23656,-28162,-28162,18024,2,2,-28162,-28162,0,1,1,0,,0,3,3,0,3,4,0,0,4506,,0,2,1,
2026-09-12T19:28:46.671Z,85625750000000,4107700,17272,-44022,-44021,,-23656,-28162,-28162,18024,2,2,-28162,-28162,0,1,1,0,,0,3,3,0,3,4,0,0,3379,,0,2,1,
2026-09-12T19:28:46.861Z,85625937000000,4107800,17273,-44028,-44021,,-28162,-28162,-28162,18024,2,2,-28162,-28162,0,1,1,0,,0,3,3,0,3,4,0,0,2253,,0,2,1,
2026-09-12T19:28:46.965Z,85626031000000,4108000,17275,-44026,-44022,,-28162,-27035,-27035,18024,2,2,-27035,-27035,0,1,1,0,,0,3,3,0,3,4,0,0,2253,,0,2,1,
2026-09-12T19:28:47.068Z,85626140000000,4108100,17276,-44024,-44022,,-28162,-27035,-27035,18024,2,2,-27035,-27035,0,1,1,0,,0,3,3,0,3,4,0,0,2253,,0,2,1,
2026-09-12T19:28:47.173Z,85626250000000,4108200,17277,-44003,-44022,,-28162,-27035,-27035,18024,2,2,-27035,-27035,0,1,1,0,,0,3,3,0,3,4,0,0,1127,,0,2,1,
2026-09-12T19:28:47.275Z,85626343000000,4108301,17278,-44017,-44021,,-28162,-28162,-28162,18024,2,2,-28162,-28162,0,1,1,0,,0,3,3,0,3,4,0,0,1127,,0,2,1,
2026-09-12T19:28:47.378Z,85626453000000,4108401,17279,-44022,-44020,,-28162,-29288,-29288,18024,2,2,-29288,-29288,0,1,1,0,,0,3,3,0,3,4,0,0,2253,,0,2,1,
2026-09-12T19:28:47.482Z,85626562000000,4108501,17280,-44031,-44020,,-28162,-29288,-29288,18024,2,2,-29288,-29288,0,1,1,0,,0,3,3,0,3,4,0,0,2253,,0,2,1,
2026-09-12T19:28:47.586Z,85626656000000,4108603,17281,-44014,-44020,,-28162,-29288,-29288,18024,2,2,-29288,-29288,0,1,1,0,,0,3,3,0,3,4,0,0,2253,,0,2,1,
2026-09-12T19:28:47.692Z,85626765000000,4108707,17282,-44016,-44019,,-28162,-30415,-30415,18024,2,2,-30415,-30415,0,1,1,0,,0,3,3,0,3,4,0,0,3380,,0,2,1,
2026-09-12T19:28:47.884Z,85626953000000,4108812,17283,-44019,-44019,,-30415,-30415,-30415,18024,2,2,-30415,-30415,0,1,1,0,,0,3,3,0,3,4,0,0,3380,,0,2,1,
2026-09-12T19:28:47.989Z,85627062000000,4109011,17285,-44019,-44019,,-30415,-30415,-30415,18024,2,2,-30415,-30415,0,1,1,0,,0,3,3,0,3,4,0,0,2253,,0,2,1,
2026-09-12T19:28:48.093Z,85627171000000,4109109,17286,-44038,-44019,,-30415,-30415,-30415,18024,2,2,-30415,-30415,0,1,1,0,,0,3,3,0,3,4,0,0,1127,,0,2,1,
2026-09-12T19:28:48.196Z,85627265000000,4109213,17287,-44032,-44021,,-30415,-28162,-28162,18024,2,2,-28162,-28162,0,1,1,0,,0,3,3,0,3,4,0,0,2253,,0,2,1,
2026-09-12T19:28:48.302Z,85627375000000,4109317,17288,-44019,-44022,,-30415,-27035,-27035,18024,2,2,-27035,-27035,0,1,1,0,,0,3,3,0,3,4,0,0,3380,,0,2,1,
2026-09-12T19:28:48.408Z,85627484000000,4109422,17289,-44025,-44022,,-30415,-27035,-27035,18024,2,2,-27035,-27035,0,1,1,0,,0,3,3,0,3,4,0,0,3380,,0,2,1,
2026-09-12T19:28:48.512Z,85627578000000,4109527,17290,-44027,-44022,,-30415,-27035,-27035,18024,2,2,-27035,-27035,0,1,1,0,,0,3,3,0,3,4,0,0,3380,,0,2,1,
2026-09-12T19:28:48.616Z,85627687000000,4109633,17291,-44019,-44022,,-30415,-27035,-27035,18024,2,2,-27035,-27035,0,1,1,0,,0,3,3,0,3,4,0,0,3380,,0,2,1,
2026-09-12T19:28:48.720Z,85627796000000,4109736,17292,-44033,-44023,,-30415,-25909,-25909,18024,2,2,-25909,-25909,0,1,1,0,,0,3,3,0,3,4,0,0,4506,,0,2,1,
2026-09-12T19:28:48.912Z,85627984000000,4109841,17293,-44024,-44023,,-25909,-25909,-25909,18024,2,2,-25909,-25909,0,1,1,0,,0,3,3,0,3,4,0,0,4506,,0,2,1,
2026-09-12T19:28:49.016Z,85628093000000,4110039,17295,-44021,-44023,,-25909,-25909,-25909,18024,2,2,-25909,-25909,0,1,1,0,,0,3,3,0,3,4,0,0,1126,,0,2,1,
2026-09-12T19:28:49.120Z,85628187000000,4110137,17296,-44025,-44023,,-25909,-25909,-25909,18024,2,2,-25909,-25909,0,1,1,0,,0,3,3,0,3,4,0,0,1126,,0,2,1,
2026-09-12T19:28:49.225Z,85628296000000,4110240,17297,-44031,-44023,,-25909,-25909,-25909,18024,2,2,-25909,-25909,0,1,1,0,,0,3,3,0,3,4,0,0,1126,,0,2,1,
2026-09-12T19:28:49.330Z,85628406000000,4110345,17298,-44027,-44024,,-25909,-24783,-24783,18024,2,2,-24783,-24783,0,1,1,0,,0,3,3,0,3,4,0,0,2252,,0,2,1,
2026-09-12T19:28:49.434Z,85628500000000,4110449,17299,-44017,-44024,,-25909,-24783,-24783,18024,2,2,-24783,-24783,0,1,1,0,,0,3,3,0,3,4,0,0,1126,,0,2,1,
2026-09-12T19:28:49.540Z,85628609000000,4110555,17300,-44017,-44023,,-25909,-25909,-25909,18024,2,2,-25909,-25909,0,1,1,0,,0,3,3,0,3,4,0,0,1126,,0,2,1,
2026-09-12T19:28:49.644Z,85628718000000,4110660,17301,-44010,-44022,,-25909,-27035,-27035,18024,2,2,-27035,-27035,0,1,1,0,,0,3,3,0,3,4,0,0,2252,,0,2,1,
2026-09-12T19:28:49.749Z,85628828000000,4110764,17302,-44020,-44021,,-25909,-28162,-28162,18024,2,2,-28162,-28162,0,1,1,0,,0,3,3,0,3,4,0,0,3379,,0,2,1,
2026-09-12T19:28:49.943Z,85629015000000,4110869,17303,-44038,-44021,,-23656,-28162,-28162,18024,2,2,-28162,-28162,0,1,1,0,,0,3,3,0,3,4,0,0,3379,,0,2,1,
2026-09-12T19:28:50.048Z,85629125000000,4111018,17305,-44033,-44025,,-23656,-23656,-23656,18024,2,2,-23656,-23656,0,1,1,0,,0,3,3,0,3,4,0,0,4506,,0,2,1,
2026-09-12T19:28:50.152Z,85629218000000,4111168,17306,-44032,-44026,,-23656,-22530,-22530,18024,2,2,-22530,-22530,0,1,1,0,,0,3,3,0,3,4,0,0,5632,,0,2,1,
2026-09-12T19:28:50.256Z,85629328000000,4111273,17307,-44042,-44027,,-23656,-21403,-21403,18024,2,2,-21403,-21403,0,1,1,0,,0,3,3,0,3,4,0,0,6759,,0,2,1,
2026-09-12T19:28:50.359Z,85629437000000,4111377,17308,-44033,-44028,,-23656,-20277,-20277,18024,2,2,-20277,-20277,0,1,1,0,,0,3,3,0,3,4,0,0,7885,,0,2,1,
2026-09-12T19:28:50.464Z,85629531000000,4111480,17309,-44024,-44029,,-23656,-19150,-19150,18024,2,2,-19150,-19150,0,1,1,0,,0,3,3,0,3,4,0,0,9012,,0,2,1,
2026-09-12T19:28:50.568Z,85629640000000,4111584,17310,-44013,-44028,,-23656,-20277,-20277,18024,2,2,-20277,-20277,0,1,1,0,,0,3,3,0,3,4,0,0,9012,,0,2,1,
2026-09-12T19:28:50.672Z,85629750000000,4111707,17312,-44006,-44024,,-23656,-24783,-24783,18024,2,2,-24783,-24783,0,1,1,0,,0,3,3,0,3,4,0,0,5633,,0,2,1,
2026-09-12T19:28:50.774Z,85629843000000,4111807,17313,-44009,-44022,,-23656,-27035,-27035,18024,2,2,-27035,-27035,0,1,1,0,,0,3,3,0,3,4,0,0,7885,,0,2,1,
2026-09-12T19:28:50.963Z,85630031000000,4111907,17314,-44010,-44020,,-30415,-29288,-29288,18024,2,2,-29288,-29288,0,1,1,0,,0,3,3,0,3,4,0,0,10138,,0,2,1,
2026-09-12T19:28:51.067Z,85630140000000,4112007,17315,-44019,-44019,,-30415,-30415,-30415,18024,2,2,-30415,-30415,0,1,1,0,,0,3,3,0,3,4,0,0,11265,,0,2,1,
2026-09-12T19:28:51.172Z,85630250000000,4112187,17316,-44018,-44019,,-30415,-30415,-30415,18024,2,2,-30415,-30415,0,1,1,0,,0,3,3,0,3,4,0,0,11265,,0,2,1,
2026-09-12T19:28:51.275Z,85630343000000,4112308,17318,-44033,-44019,,-30415,-30415,-30415,18024,2,2,-30415,-30415,0,1,1,0,,0,3,3,0,3,4,0,0,7885,,0,2,1,
2026-09-12T19:28:51.377Z,85630453000000,4112408,17319,-44030,-44020,,-30415,-29288,-29288,18024,2,2,-29288,-29288,0,1,1,0,,0,3,3,0,3,4,0,0,5632,,0,2,1,
2026-09-12T19:28:51.481Z,85630546000000,4112508,17320,-44027,-44021,,-30415,-28162,-28162,18024,2,2,-28162,-28162,0,1,1,0,,0,3,3,0,3,4,0,0,3380,,0,2,1,
2026-09-12T19:28:51.583Z,85630656000000,4112608,17321,-44031,-44022,,-30415,-27035,-27035,18024,2,2,-27035,-27035,0,1,1,0,,0,3,3,0,3,4,0,0,3380,,0,2,1,
2026-09-12T19:28:51.686Z,85630765000000,4112708,17322,-44033,-44023,,-30415,-25909,-25909,18024,2,2,-25909,-25909,0,1,1,0,,0,3,3,0,3,4,0,0,4506,,0,2,1,
2026-09-12T19:28:51.789Z,85630859000000,4112809,17323,-44041,-44024,,-30415,-24783,-24783,18024,2,2,-24783,-24783,0,1,1,0,,0,3,3,0,3,4,0,0,5632,,0,2,1,
2026-09-12T19:28:51.983Z,85631062000000,4112910,17324,-44041,-44026,,-20277,-22530,-22530,18024,2,2,-22530,-22530,0,1,1,0,,0,3,3,0,3,4,0,0,7885,,0,2,1,
2026-09-12T19:28:52.086Z,85631156000000,4113109,17326,-44021,-44027,,-20277,-21403,-21403,18024,2,2,-21403,-21403,0,1,1,0,,0,3,3,0,3,4,0,0,9011,,0,2,1,
2026-09-12T19:28:52.189Z,85631265000000,4113209,17327,-44032,-44026,,-20277,-22530,-22530,18024,2,2,-22530,-22530,0,1,1,0,,0,3,3,0,3,4,0,0,7885,,0,2,1,
2026-09-12T19:28:52.293Z,85631359000000,4113310,17328,-44041,-44027,,-20277,-21403,-21403,18024,2,2,-21403,-21403,0,1,1,0,,0,3,3,0,3,4,0,0,6758,,0,2,1,
2026-09-12T19:28:52.398Z,85631468000000,4113414,17329,-44035,-44028,,-20277,-20277,-20277,18024,2,2,-20277,-20277,0,1,1,0,,0,3,3,0,3,4,0,0,5632,,0,2,1,
2026-09-12T19:28:52.501Z,85631578000000,4113518,17330,-44032,-44029,,-20277,-19150,-19150,18024,2,2,-19150,-19150,0,1,1,0,,0,3,3,0,3,4,0,0,5633,,0,2,1,
2026-09-12T19:28:52.606Z,85631671000000,4113622,17331,-44036,-44030,,-20277,-18024,-18024,18024,2,2,-18024,-18024,0,1,1,0,,0,3,3,0,3,4,0,0,4506,,0,2,1,
2026-09-12T19:28:52.712Z,85631781000000,4113727,17332,-44053,-44031,,-20277,-16897,-16897,18024,2,2,-16897,-16897,0,1,1,0,,0,3,3,0,3,4,0,0,5633,,0,2,1,
2026-09-12T19:28:52.815Z,85631890000000,4113832,17333,-44027,-44032,,-20277,-15771,-15771,18024,2,2,-15771,-15771,0,1,1,0,,0,3,3,0,3,4,0,0,6759,,0,2,1,
2026-09-12T19:28:53.005Z,85632078000000,4113936,17334,-44007,-44031,,-18024,-16897,-16897,18024,2,2,-16897,-16897,0,1,1,0,,0,3,3,0,3,4,0,0,6759,,0,2,1,
2026-09-12T19:28:53.110Z,85632187000000,4114133,17336,-44034,-44031,,-18024,-16897,-16897,18024,2,2,-16897,-16897,0,1,1,0,,0,3,3,0,3,4,0,0,4506,,0,2,1,
2026-09-12T19:28:53.214Z,85632281000000,4114230,17337,-44016,-44031,,-18024,-16897,-16897,18024,2,2,-16897,-16897,0,1,1,0,,0,3,3,0,3,4,0,0,3379,,0,2,1,
2026-09-12T19:28:53.318Z,85632390000000,4114334,17338,-44029,-44031,,-18024,-16897,-16897,18024,2,2,-16897,-16897,0,1,1,0,,0,3,3,0,3,4,0,0,2253,,0,2,1,
2026-09-12T19:28:53.424Z,85632500000000,4114439,17339,-44045,-44031,,-18024,-16897,-16897,18024,2,2,-16897,-16897,0,1,1,0,,0,3,3,0,3,4,0,0,2253,,0,2,1,
2026-09-12T19:28:53.528Z,85632593000000,4114544,17340,-44022,-44031,,-18024,-16897,-16897,18024,2,2,-16897,-16897,0,1,1,0,,0,3,3,0,3,4,0,0,2253,,0,2,1,
2026-09-12T19:28:53.633Z,85632703000000,4114648,17341,-44026,-44030,,-18024,-18024,-18024,18024,2,2,-18024,-18024,0,1,1,0,,0,3,3,0,3,4,0,0,1127,,0,2,1,
2026-09-12T19:28:53.738Z,85632812000000,4114754,17342,-44027,-44029,,-18024,-19150,-19150,18024,2,2,-19150,-19150,0,1,1,0,,0,3,3,0,3,4,0,0,2253,,0,2,1,
2026-09-12T19:28:53.842Z,85632921000000,4114858,17343,-44034,-44029,,-18024,-19150,-19150,18024,2,2,-19150,-19150,0,1,1,0,,0,3,3,0,3,4,0,0,2253,,0,2,1,
2026-09-12T19:28:54.033Z,85633109000000,4114962,17344,-44032,-44029,,-19150,-19150,-19150,18024,2,2,-19150,-19150,0,1,1,0,,0,3,3,0,3,4,0,0,2253,,0,2,1,
2026-09-12T19:28:54.138Z,85633218000000,4115113,17346,-44031,-44029,,-19150,-19150,-19150,18024,2,2,-19150,-19150,0,1,1,0,,0,3,3,0,3,4,0,0,2253,,0,2,1,
2026-09-12T19:28:54.242Z,85633312000000,4115258,17347,-44031,-44029,,-19150,-19150,-19150,18024,2,2,-19150,-19150,0,1,1,0,,0,3,3,0,3,4,0,0,2253,,0,2,1,
2026-09-12T19:28:54.346Z,85633421000000,4115363,17348,-44022,-44029,,-19150,-19150,-19150,18024,2,2,-19150,-19150,0,1,1,0,,0,3,3,0,3,4,0,0,1126,,0,2,1,
2026-09-12T19:28:54.450Z,85633531000000,4115467,17349,-44009,-44028,,-19150,-20277,-20277,18024,2,2,-20277,-20277,0,1,1,0,,0,3,3,0,3,4,0,0,1127,,0,2,1,
2026-09-12T19:28:54.555Z,85633625000000,4115571,17350,-44018,-44027,,-19150,-21403,-21403,18024,2,2,-21403,-21403,0,1,1,0,,0,3,3,0,3,4,0,0,2253,,0,2,1,
2026-09-12T19:28:54.659Z,85633734000000,4115676,17351,-44025,-44026,,-19150,-22530,-22530,18024,2,2,-22530,-22530,0,1,1,0,,0,3,3,0,3,4,0,0,3380,,0,2,1,
2026-09-12T19:28:54.763Z,85633843000000,4115780,17352,-44042,-44026,,-19150,-22530,-22530,18024,2,2,-22530,-22530,0,1,1,0,,0,3,3,0,3,4,0,0,3380,,0,2,1,
2026-09-12T19:28:54.868Z,85633937000000,4115884,17353,-44029,-44026,,-19150,-22530,-22530,18024,2,2,-22530,-22530,0,1,1,0,,0,3,3,0,3,4,0,0,3380,,0,2,1,
2026-09-12T19:28:55.061Z,85634140000000,4115988,17354,-44004,-44026,,-24783,-22530,-22530,18024,2,2,-22530,-22530,0,1,1,0,,0,3,3,0,3,4,0,0,3380,,0,2,1,
2026-09-12T19:28:55.166Z,85634234000000,4116137,17356,-44015,-44024,,-24783,-24783,-24783,18024,2,2,-24783,-24783,0,1,1,0,,0,3,3,0,3,4,0,0,4506,,0,2,1,
2026-09-12T19:28:55.270Z,85634343000000,4116286,17357,-44017,-44023,,-24783,-25909,-25909,18024,2,2,-25909,-25909,0,1,1,0,,0,3,3,0,3,4,0,0,4506,,0,2,1,
2026-09-12T19:28:55.374Z,85634453000000,4116391,17358,-44023,-44022,,-24783,-27035,-27035,18024,2,2,-27035,-27035,0,1,1,0,,0,3,3,0,3,4,0,0,4505,,0,2,1,
2026-09-12T19:28:55.478Z,85634546000000,4116495,17359,-44034,-44022,,-24783,-27035,-27035,18024,2,2,-27035,-27035,0,1,1,0,,0,3,3,0,3,4,0,0,4505,,0,2,1,
2026-09-12T19:28:55.582Z,85634656000000,4116615,17361,-44022,-44024,,-24783,-24783,-24783,18024,2,2,-24783,-24783,0,1,1,0,,0,3,3,0,3,4,0,0,4505,,0,2,1,
2026-09-12T19:28:55.685Z,85634765000000,4116716,17362,-44010,-44024,,-24783,-24783,-24783,18024,2,2,-24783,-24783,0,1,1,0,,0,3,3,0,3,4,0,0,3379,,0,2,1,
2026-09-12T19:28:55.787Z,85634859000000,4116816,17363,-44008,-44022,,-24783,-27035,-27035,18024,2,2,-27035,-27035,0,1,1,0,,0,3,3,0,3,4,0,0,2252,,0,2,1,
2026-09-12T19:28:55.891Z,85634968000000,4116916,17364,-44019,-44020,,-24783,-29288,-29288,18024,2,2,-29288,-29288,0,1,1,0,,0,3,3,0,3,4,0,0,4505,,0,2,1,
2026-09-12T19:28:56.081Z,85635156000000,4117016,17365,-44025,-44020,,-28162,-29288,-29288,18024,2,2,-29288,-29288,0,1,1,0,,0,3,3,0,3,4,0,0,4505,,0,2,1,
2026-09-12T19:28:56.183Z,85635250000000,4117216,17367,-44013,-44022,,-28162,-27035,-27035,18024,2,2,-27035,-27035,0,1,1,0,,0,3,3,0,3,4,0,0,4505,,0,2,1,
2026-09-12T19:28:56.286Z,85635359000000,4117316,17368,-44027,-44023,,-28162,-25909,-25909,18024,2,2,-25909,-25909,0,1,1,0,,0,3,3,0,3,4,0,0,4505,,0,2,1,
2026-09-12T19:28:56.388Z,85635468000000,4117416,17369,-44024,-44023,,-28162,-25909,-25909,18024,2,2,-25909,-25909,0,1,1,0,,0,3,3,0,3,4,0,0,4505,,0,2,1,
2026-09-12T19:28:56.492Z,85635562000000,4117517,17370,-44017,-44023,,-28162,-25909,-25909,18024,2,2,-25909,-25909,0,1,1,0,,0,3,3,0,3,4,0,0,3379,,0,2,1,
2026-09-12T19:28:56.594Z,85635671000000,4117617,17371,-44019,-44022,,-28162,-27035,-27035,18024,2,2,-27035,-27035,0,1,1,0,,0,3,3,0,3,4,0,0,3379,,0,2,1,
2026-09-12T19:28:56.700Z,85635765000000,4117717,17372,-44037,-44022,,-28162,-27035,-27035,18024,2,2,-27035,-27035,0,1,1,0,,0,3,3,0,3,4,0,0,3379,,0,2,1,
2026-09-12T19:28:56.804Z,85635875000000,4117821,17373,-43999,-44022,,-28162,-27035,-27035,18024,2,2,-27035,-27035,0,1,1,0,,0,3,3,0,3,4,0,0,2253,,0,2,1,
2026-09-12T19:28:56.909Z,85635984000000,4117925,17374,-43992,-44019,,-28162,-30415,-30415,18024,2,2,-30415,-30415,0,1,1,0,,0,3,3,0,3,4,0,0,4506,,0,2,1,
2026-09-12T19:28:57.103Z,85636171000000,4118030,17375,-43988,-44016,,-37174,-33794,-33794,18024,2,2,-33794,-33794,0,1,1,0,,0,3,3,0,3,4,0,0,7885,,0,2,1,
2026-09-12T19:28:57.208Z,85636281000000,4118229,17377,-44025,-44012,,-37174,-38300,-38300,18024,2,2,-38300,-38300,0,1,1,0,,0,3,3,0,3,4,0,0,12391,,0,2,1,
2026-09-12T19:28:57.313Z,85636390000000,4118328,17378,-44021,-44013,,-37174,-37174,-37174,18024,2,2,-37174,-37174,0,1,1,0,,0,3,3,0,3,4,0,0,11265,,0,2,1,
2026-09-12T19:28:57.418Z,85636484000000,4118434,17379,-44014,-44014,,-37174,-36047,-36047,18024,2,2,-36047,-36047,0,1,1,0,,0,3,3,0,3,4,0,0,11265,,0,2,1,
2026-09-12T19:28:57.521Z,85636593000000,4118538,17380,-44018,-44015,,-37174,-34921,-34921,18024,2,2,-34921,-34921,0,1,1,0,,0,3,3,0,3,4,0,0,11265,,0,2,1,
2026-09-12T19:28:57.625Z,85636703000000,4118643,17381,-44025,-44015,,-37174,-34921,-34921,18024,2,2,-34921,-34921,0,1,1,0,,0,3,3,0,3,4,0,0,7885,,0,2,1,
2026-09-12T19:28:57.728Z,85636796000000,4118746,17382,-44029,-44016,,-37174,-33794,-33794,18024,2,2,-33794,-33794,0,1,1,0,,0,3,3,0,3,4,0,0,4506,,0,2,1,
2026-09-12T19:28:57.833Z,85636906000000,4118850,17383,-44023,-44017,,-37174,-32668,-32668,18024,2,2,-32668,-32668,0,1,1,0,,0,3,3,0,3,4,0,0,5632,,0,2,1,
2026-09-12T19:28:57.939Z,85637015000000,4118955,17384,-44012,-44018,,-37174,-31541,-31541,18024,2,2,-31541,-31541,0,1,1,0,,0,3,3,0,3,4,0,0,6759,,0,2,1,
2026-09-12T19:28:58.131Z,85637203000000,4119059,17385,-44011,-44017,,-33794,-32668,-32668,18024,2,2,-32668,-32668,0,1,1,0,,0,3,3,0,3,4,0,0,5633,,0,2,1,
2026-09-12T19:28:58.235Z,85637312000000,4119257,17387,-44027,-44016,,-33794,-33794,-33794,18024,2,2,-33794,-33794,0,1,1,0,,0,3,3,0,3,4,0,0,3380,,0,2,1,
2026-09-12T19:28:58.339Z,85637406000000,4119356,17388,-44034,-44017,,-33794,-32668,-32668,18024,2,2,-32668,-32668,0,1,1,0,,0,3,3,0,3,4,0,0,3380,,0,2,1,
2026-09-12T19:28:58.443Z,85637515000000,4119460,17389,-44017,-44018,,-33794,-31541,-31541,18024,2,2,-31541,-31541,0,1,1,0,,0,3,3,0,3,4,0,0,2253,,0,2,1,
2026-09-12T19:28:58.547Z,85637625000000,4119564,17390,-44018,-44018,,-33794,-31541,-31541,18024,2,2,-31541,-31541,0,1,1,0,,0,3,3,0,3,4,0,0,2253,,0,2,1,
2026-09-12T19:28:58.652Z,85637718000000,4119668,17391,-44021,-44018,,-33794,-31541,-31541,18024,2,2,-31541,-31541,0,1,1,0,,0,3,3,0,3,4,0,0,2253,,0,2,1,
2026-09-12T19:28:58.756Z,85637828000000,4119773,17392,-44016,-44018,,-33794,-31541,-31541,18024,2,2,-31541,-31541,0,1,1,0,,0,3,3,0,3,4,0,0,2253,,0,2,1,
2026-09-12T19:28:58.860Z,85637937000000,4119877,17393,-43997,-44018,,-33794,-31541,-31541,18024,2,2,-31541,-31541,0,1,1,0,,0,3,3,0,3,4,0,0,2253,,0,2,1,
2026-09-12T19:28:58.964Z,85638031000000,4119982,17394,-44026,-44018,,-33794,-31541,-31541,18024,2,2,-31541,-31541,0,1,1,0,,0,3,3,0,3,4,0,0,2253,,0,2,1,
2026-09-12T19:28:59.157Z,85638234000000,4120086,17395,-44026,-44019,,-28162,-30415,-30415,18024,2,2,-30415,-30415,0,1,1,0,,0,3,3,0,3,4,0,0,2253,,0,2,1,
2026-09-12T19:28:59.260Z,85638328000000,4120234,17397,-44007,-44021,,-28162,-28162,-28162,18024,2,2,-28162,-28162,0,1,1,0,,0,3,3,0,3,4,0,0,3379,,0,2,1,
2026-09-12T19:28:59.365Z,85638437000000,4120382,17398,-44010,-44020,,-28162,-29288,-29288,18024,2,2,-29288,-29288,0,1,1,0,,0,3,3,0,3,4,0,0,3379,,0,2,1,
2026-09-12T19:28:59.469Z,85638546000000,4120487,17399,-44016,-44019,,-28162,-30415,-30415,18024,2,2,-30415,-30415,0,1,1,0,,0,3,3,0,3,4,0,0,3379,,0,2,1,
2026-09-12T19:28:59.574Z,85638640000000,4120591,17400,-44036,-44019,,-28162,-30415,-30415,18024,2,2,-30415,-30415,0,1,1,0,,0,3,3,0,3,4,0,0,3379,,0,2,1,
2026-09-12T19:28:59.679Z,85638750000000,4120696,17401,-44020,-44019,,-28162,-30415,-30415,18024,2,2,-30415,-30415,0,1,1,0,,0,3,3,0,3,4,0,0,3379,,0,2,1,
2026-09-12T19:28:59.783Z,85638859000000,4120799,17402,-44008,-44019,,-28162,-30415,-30415,18024,2,2,-30415,-30415,0,1,1,0,,0,3,3,0,3,4,0,0,2253,,0,2,1,
2026-09-12T19:28:59.888Z,85638953000000,4120923,17404,-44019,-44017,,-28162,-32668,-32668,18024,2,2,-32668,-32668,0,1,1,0,,0,3,3,0,3,4,0,0,4506,,0,2,1,
2026-09-12T19:28:59.990Z,85639062000000,4121023,17405,-44027,-44017,,-28162,-32668,-32668,18024,2,2,-32668,-32668,0,1,1,0,,0,3,3,0,3,4,0,0,3380,,0,2,1,
2026-09-12T19:29:00.180Z,85639250000000,4121123,17406,-44027,-44018,,-30415,-31541,-31541,18024,2,2,-31541,-31541,0,1,1,0,,0,3,3,0,3,4,0,0,2253,,0,2,1,
2026-09-12T19:29:00.284Z,85639359000000,4121223,17407,-44029,-44019,,-30415,-30415,-30415,18024,2,2,-30415,-30415,0,1,1,0,,0,3,3,0,3,4,0,0,2253,,0,2,1,
2026-09-12T19:29:00.388Z,85639468000000,4121423,17409,-44024,-44021,,-30415,-28162,-28162,18024,2,2,-28162,-28162,0,1,1,0,,0,3,3,0,3,4,0,0,4506,,0,2,1,
2026-09-12T19:29:00.492Z,85639562000000,4121524,17410,-44024,-44021,,-30415,-28162,-28162,18024,2,2,-28162,-28162,0,1,1,0,,0,3,3,0,3,4,0,0,4506,,0,2,1,
2026-09-12T19:29:00.594Z,85639671000000,4121624,17411,-44021,-44021,,-30415,-28162,-28162,18024,2,2,-28162,-28162,0,1,1,0,,0,3,3,0,3,4,0,0,4506,,0,2,1,
2026-09-12T19:29:00.697Z,85639765000000,4121724,17412,-44023,-44021,,-30415,-28162,-28162,18024,2,2,-28162,-28162,0,1,1,0,,0,3,3,0,3,4,0,0,4506,,0,2,1,
2026-09-12T19:29:00.800Z,85639875000000,4121824,17413,-44033,-44021,,-30415,-28162,-28162,18024,2,2,-28162,-28162,0,1,1,0,,0,3,3,0,3,4,0,0,3379,,0,2,1,
2026-09-12T19:29:00.904Z,85639984000000,4121924,17414,-44036,-44023,,-30415,-25909,-25909,18024,2,2,-25909,-25909,0,1,1,0,,0,3,3,0,3,4,0,0,4506,,0,2,1,
2026-09-12T19:29:01.009Z,85640078000000,4122026,17415,-44027,-44024,,-30415,-24783,-24783,18024,2,2,-24783,-24783,0,1,1,0,,0,3,3,0,3,4,0,0,4505,,0,2,1,
2026-09-12T19:29:01.201Z,85640281000000,4122130,17416,-44017,-44024,,-25909,-24783,-24783,18024,2,2,-24783,-24783,0,1,1,0,,0,3,3,0,3,4,0,0,3379,,0,2,1,
2026-09-12T19:29:01.305Z,85640375000000,4122328,17418,-44021,-44022,,-25909,-27035,-27035,18024,2,2,-27035,-27035,0,1,1,0,,0,3,3,0,3,4,0,0,3379,,0,2,1,
2026-09-12T19:29:01.410Z,85640484000000,4122427,17419,-44007,-44021,,-25909,-28162,-28162,18024,2,2,-28162,-28162,0,1,1,0,,0,3,3,0,3,4,0,0,3379,,0,2,1,
2026-09-12T19:29:01.515Z,85640593000000,4122531,17420,-43995,-44019,,-25909,-30415,-30415,18024,2,2,-30415,-30415,0,1,1,0,,0,3,3,0,3,4,0,0,5632,,0,2,1,
2026-09-12T19:29:01.619Z,85640687000000,4122636,17421,-44013,-44017,,-25909,-32668,-32668,18024,2,2,-32668,-32668,0,1,1,0,,0,3,3,0,3,4,0,0,7885,,0,2,1,
2026-09-12T19:29:01.723Z,85640796000000,4122741,17422,-44008,-44016,,-25909,-33794,-33794,18024,2,2,-33794,-33794,0,1,1,0,,0,3,3,0,3,4,0,0,9011,,0,2,1,
2026-09-12T19:29:01.828Z,85640906000000,4122845,17423,-43990,-44015,,-25909,-34921,-34921,18024,2,2,-34921,-34921,0,1,1,0,,0,3,3,0,3,4,0,0,10138,,0,2,1,
2026-09-12T19:29:01.933Z,85641000000000,4122949,17424,-44001,-44013,,-25909,-37174,-37174,18024,2,2,-37174,-37174,0,1,1,0,,0,3,3,0,3,4,0,0,11265,,0,2,1,
2026-09-12T19:29:02.037Z,85641109000000,4123055,17425,-44011,-44011,,-25909,-39427,-39427,18024,2,2,-39427,-39427,0,1,1,0,,0,3,3,0,3,4,0,0,12392,,0,2,1,
2026-09-12T19:29:02.228Z,85641296000000,4123159,17426,-44021,-44011,,-38300,-39427,-39427,18024,2,2,-39427,-39427,0,1,1,0,,0,3,3,0,3,4,0,0,11265,,0,2,1,
2026-09-12T19:29:02.332Z,85641406000000,4123356,17428,-44012,-44012,,-38300,-38300,-38300,18024,2,2,-38300,-38300,0,1,1,0,,0,3,3,0,3,4,0,0,6759,,0,2,1,
2026-09-12T19:29:02.436Z,85641515000000,4123453,17429,-44017,-44012,,-38300,-38300,-38300,18024,2,2,-38300,-38300,0,1,1,0,,0,3,3,0,3,4,0,0,5633,,0,2,1,
2026-09-12T19:29:02.540Z,85641609000000,4123557,17430,-44018,-44013,,-38300,-37174,-37174,18024,2,2,-37174,-37174,0,1,1,0,,0,3,3,0,3,4,0,0,4506,,0,2,1,
2026-09-12T19:29:02.643Z,85641718000000,4123661,17431,-44014,-44014,,-38300,-36047,-36047,18024,2,2,-36047,-36047,0,1,1,0,,0,3,3,0,3,4,0,0,3380,,0,2,1,
2026-09-12T19:29:02.749Z,85641828000000,4123765,17432,-43983,-44014,,-38300,-36047,-36047,18024,2,2,-36047,-36047,0,1,1,0,,0,3,3,0,3,4,0,0,3380,,0,2,1,
2026-09-12T19:29:02.853Z,85641921000000,4123869,17433,-43984,-44010,,-38300,-40553,-40553,18024,2,2,-40553,-40553,0,1,1,0,,0,3,3,0,3,4,0,0,4506,,0,2,1,
2026-09-12T19:29:02.958Z,85642031000000,4123974,17434,-44017,-44007,,-38300,-43933,-43933,18024,2,2,-43933,-43933,0,1,1,0,,0,3,3,0,3,4,0,0,7886,,0,2,1,
2026-09-12T19:29:03.062Z,85642140000000,4124079,17435,-44004,-44007,,-38300,-43933,-43933,18024,2,2,-43933,-43933,0,1,1,0,,0,3,3,0,3,4,0,0,7886,,0,2,1,
2026-09-12T19:29:03.254Z,85642328000000,4124183,17436,-44007,-44007,,-43933,-43933,-43933,18024,2,2,-43933,-43933,0,1,1,0,,0,3,3,0,3,4,0,0,7886,,0,2,1,
2026-09-12T19:29:03.359Z,85642437000000,4124331,17438,-44015,-44007,,-43933,-43933,-43933,18024,2,2,-43933,-43933,0,1,1,0,,0,3,3,0,3,4,0,0,7886,,0,2,1,
2026-09-12T19:29:03.464Z,85642531000000,4124479,17439,-44014,-44008,,-43933,-42806,-42806,18024,2,2,-42806,-42806,0,1,1,0,,0,3,3,0,3,4,0,0,7886,,0,2,1,
2026-09-12T19:29:03.568Z,85642640000000,4124585,17440,-43998,-44009,,-43933,-41680,-41680,18024,2,2,-41680,-41680,0,1,1,0,,0,3,3,0,3,4,0,0,3380,,0,2,1,
2026-09-12T19:29:03.673Z,85642750000000,4124689,17441,-44008,-44009,,-43933,-41680,-41680,18024,2,2,-41680,-41680,0,1,1,0,,0,3,3,0,3,4,0,0,2253,,0,2,1,
2026-09-12T19:29:03.777Z,85642843000000,4124794,17442,-44013,-44009,,-43933,-41680,-41680,18024,2,2,-41680,-41680,0,1,1,0,,0,3,3,0,3,4,0,0,2253,,0,2,1,
2026-09-12T19:29:03.883Z,85642953000000,4124898,17443,-44008,-44009,,-43933,-41680,-41680,18024,2,2,-41680,-41680,0,1,1,0,,0,3,3,0,3,4,0,0,2253,,0,2,1,
2026-09-12T19:29:03.987Z,85643062000000,4125004,17444,-44005,-44009,,-43933,-41680,-41680,18024,2,2,-41680,-41680,0,1,1,0,,0,3,3,0,3,4,0,0,2253,,0,2,1,
2026-09-12T19:29:04.091Z,85643156000000,4125108,17445,-44001,-44008,,-43933,-42806,-42806,18024,2,2,-42806,-42806,0,1,1,0,,0,3,3,0,3,4,0,0,2253,,0,2,1,
2026-09-12T19:29:04.281Z,85643359000000,4125230,17447,-43991,-44007,,-43933,-43933,-43933,18024,2,2,-43933,-43933,0,1,1,0,,0,3,3,0,3,4,0,0,2253,,0,2,1,
2026-09-12T19:29:04.386Z,85643453000000,4125330,17448,-44005,-44007,,-43933,-43933,-43933,18024,2,2,-43933,-43933,0,1,1,0,,0,3,3,0,3,4,0,0,2253,,0,2,1,
2026-09-12T19:29:04.490Z,85643562000000,4125507,17449,-44008,-44007,,-43933,-43933,-43933,18024,2,2,-43933,-43933,0,1,1,0,,0,3,3,0,3,4,0,0,2253,,0,2,1,
2026-09-12T19:29:04.595Z,85643671000000,4125631,17451,-44005,-44007,,-43933,-43933,-43933,18024,2,2,-43933,-43933,0,1,1,0,,0,3,3,0,3,4,0,0,2253,,0,2,1,
2026-09-12T19:29:04.697Z,85643765000000,4125731,17452,-44004,-44007,,-43933,-43933,-43933,18024,2,2,-43933,-43933,0,1,1,0,,0,3,3,0,3,4,0,0,1127,,0,2,1,
2026-09-12T19:29:04.802Z,85643875000000,4125831,17453,-43996,-44007,,-43933,-43933,-43933,18024,2,2,-43933,-43933,0,1,1,0,,0,3,3,0,3,4,0,0,1127,,0,2,1,
2026-09-12T19:29:04.906Z,85643984000000,4125931,17454,-44008,-44007,,-43933,-43933,-43933,18024,2,2,-43933,-43933,0,1,1,0,,0,3,3,0,3,4,0,0,0,,0,2,1,
2026-09-12T19:29:05.010Z,85644078000000,4126031,17455,-44013,-44007,,-43933,-43933,-43933,18024,2,2,-43933,-43933,0,1,1,0,,0,3,3,0,3,4,0,0,0,,0,2,1,
2026-09-12T19:29:05.114Z,85644187000000,4126131,17456,-44020,-44008,,-43933,-42806,-42806,18024,2,2,-42806,-42806,0,1,1,0,,0,3,3,0,3,4,0,0,1127,,0,2,1,
2026-09-12T19:29:05.306Z,85644375000000,4126236,17457,-44004,-44009,,-40553,-41680,-41680,18024,2,2,-41680,-41680,0,1,1,0,,0,3,3,0,3,4,0,0,2253,,0,2,1,
2026-09-12T19:29:05.410Z,85644484000000,4126433,17459,-44025,-44011,,-40553,-39427,-39427,18024,2,2,-39427,-39427,0,1,1,0,,0,3,3,0,3,4,0,0,4506,,0,2,1,
2026-09-12T19:29:05.514Z,85644593000000,4126532,17460,-44028,-44013,,-40553,-37174,-37174,18024,2,2,-37174,-37174,0,1,1,0,,0,3,3,0,3,4,0,0,6759,,0,2,1,
2026-09-12T19:29:05.620Z,85644687000000,4126636,17461,-44006,-44015,,-40553,-34921,-34921,18024,2,2,-34921,-34921,0,1,1,0,,0,3,3,0,3,4,0,0,9012,,0,2,1,
2026-09-12T19:29:05.724Z,85644796000000,4126741,17462,-44000,-44014,,-40553,-36047,-36047,18024,2,2,-36047,-36047,0,1,1,0,,0,3,3,0,3,4,0,0,9012,,0,2,1,
2026-09-12T19:29:05.828Z,85644906000000,4126846,17463,-44021,-44013,,-40553,-37174,-37174,18024,2,2,-37174,-37174,0,1,1,0,,0,3,3,0,3,4,0,0,7885,,0,2,1,
2026-09-12T19:29:05.934Z,85645000000000,4126950,17464,-44018,-44014,,-40553,-36047,-36047,18024,2,2,-36047,-36047,0,1,1,0,,0,3,3,0,3,4,0,0,6759,,0,2,1,
2026-09-12T19:29:06.038Z,85645109000000,4127056,17465,-43998,-44015,,-40553,-34921,-34921,18024,2,2,-34921,-34921,0,1,1,0,,0,3,3,0,3,4,0,0,5632,,0,2,1,
2026-09-12T19:29:06.142Z,85645218000000,4127160,17466,-43997,-44013,,-40553,-37174,-37174,18024,2,2,-37174,-37174,0,1,1,0,,0,3,3,0,3,4,0,0,4506,,0,2,1,
2026-09-12T19:29:06.336Z,85645406000000,4127264,17467,-44016,-44011,,-41680,-39427,-39427,18024,2,2,-39427,-39427,0,1,1,0,,0,3,3,0,3,4,0,0,4506,,0,2,1,
2026-09-12T19:29:06.441Z,85645515000000,4127464,17469,-43994,-44008,,-41680,-42806,-42806,18024,2,2,-42806,-42806,0,1,1,0,,0,3,3,0,3,4,0,0,7885,,0,2,1,
2026-09-12T19:29:06.546Z,85645625000000,4127562,17470,-44003,-44007,,-41680,-43933,-43933,18024,2,2,-43933,-43933,0,1,1,0,,0,3,3,0,3,4,0,0,9012,,0,2,1,
2026-09-12T19:29:06.650Z,85645718000000,4127667,17471,-44001,-44006,,-41680,-45059,-45059,18024,2,2,-45059,-45059,0,1,1,0,,0,3,3,0,3,4,0,0,10138,,0,2,1,
2026-09-12T19:29:06.754Z,85645828000000,4127771,17472,-44011,-44006,,-41680,-45059,-45059,18024,2,2,-45059,-45059,0,1,1,0,,0,3,3,0,3,4,0,0,10138,,0,2,1,
2026-09-12T19:29:06.858Z,85645937000000,4127876,17473,-44006,-44006,,-41680,-45059,-45059,18024,2,2,-45059,-45059,0,1,1,0,,0,3,3,0,3,4,0,0,7885,,0,2,1,
2026-09-12T19:29:06.963Z,85646031000000,4127980,17474,-44021,-44007,,-41680,-43933,-43933,18024,2,2,-43933,-43933,0,1,1,0,,0,3,3,0,3,4,0,0,5632,,0,2,1,
2026-09-12T19:29:07.067Z,85646140000000,4128085,17475,-44025,-44009,,-41680,-41680,-41680,18024,2,2,-41680,-41680,0,1,1,0,,0,3,3,0,3,4,0,0,3379,,0,2,1,
2026-09-12T19:29:07.172Z,85646250000000,4128189,17476,-44021,-44011,,-41680,-39427,-39427,18024,2,2,-39427,-39427,0,1,1,0,,0,3,3,0,3,4,0,0,5632,,0,2,1,
2026-09-12T19:29:07.363Z,85646437000000,4128293,17477,-44010,-44012,,-38300,-38300,-38300,18024,2,2,-38300,-38300,0,1,1,0,,0,3,3,0,3,4,0,0,6759,,0,2,1,
2026-09-12T19:29:07.469Z,85646546000000,4128440,17479,-44013,-44012,,-38300,-38300,-38300,18024,2,2,-38300,-38300,0,1,1,0,,0,3,3,0,3,4,0,0,6759,,0,2,1,
2026-09-12T19:29:07.574Z,85646640000000,4128589,17480,-43993,-44011,,-38300,-39427,-39427,18024,2,2,-39427,-39427,0,1,1,0,,0,3,3,0,3,4,0,0,6759,,0,2,1,
2026-09-12T19:29:07.677Z,85646750000000,4128695,17481,-43992,-44009,,-38300,-41680,-41680,18024,2,2,-41680,-41680,0,1,1,0,,0,3,3,0,3,4,0,0,5633,,0,2,1,
2026-09-12T19:29:07.781Z,85646859000000,4128799,17482,-44004,-44007,,-38300,-43933,-43933,18024,2,2,-43933,-43933,0,1,1,0,,0,3,3,0,3,4,0,0,5633,,0,2,1,
2026-09-12T19:29:07.885Z,85646953000000,4128903,17483,-44003,-44006,,-38300,-45059,-45059,18024,2,2,-45059,-45059,0,1,1,0,,0,3,3,0,3,4,0,0,6759,,0,2,1,
2026-09-12T19:29:07.989Z,85647062000000,4129007,17484,-44013,-44006,,-38300,-45059,-45059,18024,2,2,-45059,-45059,0,1,1,0,,0,3,3,0,3,4,0,0,6759,,0,2,1,
2026-09-12T19:29:08.094Z,85647171000000,4129111,17485,-44005,-44006,,-38300,-45059,-45059,18024,2,2,-45059,-45059,0,1,1,0,,0,3,3,0,3,4,0,0,6759,,0,2,1,
2026-09-12T19:29:08.198Z,85647265000000,4129216,17486,-44014,-44007,,-38300,-43933,-43933,18024,2,2,-43933,-43933,0,1,1,0,,0,3,3,0,3,4,0,0,6759,,0,2,1,
2026-09-12T19:29:08.389Z,85647468000000,4129337,17488,-44006,-44008,,-42806,-42806,-42806,18024,2,2,-42806,-42806,0,1,1,0,,0,3,3,0,3,4,0,0,3379,,0,2,1,
2026-09-12T19:29:08.494Z,85647562000000,4129437,17489,-44016,-44008,,-42806,-42806,-42806,18024,2,2,-42806,-42806,0,1,1,0,,0,3,3,0,3,4,0,0,2253,,0,2,1,
2026-09-12T19:29:08.598Z,85647671000000,4129615,17490,-44009,-44008,,-42806,-42806,-42806,18024,2,2,-42806,-42806,0,1,1,0,,0,3,3,0,3,4,0,0,2253,,0,2,1,
2026-09-12T19:29:08.702Z,85647781000000,4129738,17492,-44001,-44009,,-42806,-41680,-41680,18024,2,2,-41680,-41680,0,1,1,0,,0,3,3,0,3,4,0,0,3379,,0,2,1,
2026-09-12T19:29:08.804Z,85647875000000,4129838,17493,-44000,-44008,,-42806,-42806,-42806,18024,2,2,-42806,-42806,0,1,1,0,,0,3,3,0,3,4,0,0,2253,,0,2,1,
2026-09-12T19:29:08.907Z,85647984000000,4129938,17494,-44011,-44007,,-42806,-43933,-43933,18024,2,2,-43933,-43933,0,1,1,0,,0,3,3,0,3,4,0,0,2253,,0,2,1,
2026-09-12T19:29:09.011Z,85648078000000,4130038,17495,-44019,-44008,,-42806,-42806,-42806,18024,2,2,-42806,-42806,0,1,1,0,,0,3,3,0,3,4,0,0,2253,,0,2,1,
2026-09-12T19:29:09.113Z,85648187000000,4130138,17496,-44020,-44009,,-42806,-41680,-41680,18024,2,2,-41680,-41680,0,1,1,0,,0,3,3,0,3,4,0,0,2253,,0,2,1,
2026-09-12T19:29:09.218Z,85648296000000,4130239,17497,-44016,-44010,,-42806,-40553,-40553,18024,2,2,-40553,-40553,0,1,1,0,,0,3,3,0,3,4,0,0,3380,,0,2,1,
2026-09-12T19:29:09.409Z,85648484000000,4130340,17498,-44025,-44011,,-38300,-39427,-39427,18024,2,2,-39427,-39427,0,1,1,0,,0,3,3,0,3,4,0,0,4506,,0,2,1,
2026-09-12T19:29:09.512Z,85648578000000,4130539,17500,-44034,-44014,,-38300,-36047,-36047,18024,2,2,-36047,-36047,0,1,1,0,,0,3,3,0,3,4,0,0,7886,,0,2,1,
2026-09-12T19:29:09.615Z,85648687000000,4130639,17501,-44038,-44017,,-38300,-32668,-32668,18024,2,2,-32668,-32668,0,1,1,0,,0,3,3,0,3,4,0,0,11265,,0,2,1,
2026-09-12T19:29:09.720Z,85648796000000,4130739,17502,-44018,-44019,,-38300,-30415,-30415,18024,2,2,-30415,-30415,0,1,1,0,,0,3,3,0,3,4,0,0,12391,,0,2,1,
2026-09-12T19:29:09.824Z,85648890000000,4130842,17503,-44019,-44019,,-38300,-30415,-30415,18024,2,2,-30415,-30415,0,1,1,0,,0,3,3,0,3,4,0,0,11265,,0,2,1,
2026-09-12T19:29:09.929Z,85649000000000,4130946,17504,-44013,-44019,,-38300,-30415,-30415,18024,2,2,-30415,-30415,0,1,1,0,,0,3,3,0,3,4,0,0,10138,,0,2,1,
2026-09-12T19:29:10.033Z,85649109000000,4131051,17505,-44012,-44018,,-38300,-31541,-31541,18024,2,2,-31541,-31541,0,1,1,0,,0,3,3,0,3,4,0,0,9012,,0,2,1,
2026-09-12T19:29:10.138Z,85649203000000,4131155,17506,-44020,-44017,,-38300,-32668,-32668,18024,2,2,-32668,-32668,0,1,1,0,,0,3,3,0,3,4,0,0,7885,,0,2,1,
2026-09-12T19:29:10.242Z,85649312000000,4131260,17507,-44019,-44017,,-38300,-32668,-32668,18024,2,2,-32668,-32668,0,1,1,0,,0,3,3,0,3,4,0,0,5632,,0,2,1,
2026-09-12T19:29:10.434Z,85649500000000,4131365,17508,-44002,-44017,,-33794,-32668,-32668,18024,2,2,-32668,-32668,0,1,1,0,,0,3,3,0,3,4,0,0,2253,,0,2,1,
2026-09-12T19:29:10.538Z,85649609000000,4131562,17510,-44020,-44015,,-33794,-34921,-34921,18024,2,2,-34921,-34921,0,1,1,0,,0,3,3,0,3,4,0,0,4506,,0,2,1,
2026-09-12T19:29:10.643Z,85649718000000,4131660,17511,-44019,-44016,,-33794,-33794,-33794,18024,2,2,-33794,-33794,0,1,1,0,,0,3,3,0,3,4,0,0,4506,,0,2,1,
2026-09-12T19:29:10.748Z,85649828000000,4131765,17512,-44021,-44017,,-33794,-32668,-32668,18024,2,2,-32668,-32668,0,1,1,0,,0,3,3,0,3,4,0,0,3380,,0,2,1,
2026-09-12T19:29:10.853Z,85649921000000,4131870,17513,-44010,-44017,,-33794,-32668,-32668,18024,2,2,-32668,-32668,0,1,1,0,,0,3,3,0,3,4,0,0,2253,,0,2,1,
2026-09-12T19:29:10.958Z,85650031000000,4131975,17514,-44006,-44016,,-33794,-33794,-33794,18024,2,2,-33794,-33794,0,1,1,0,,0,3,3,0,3,4,0,0,2253,,0,2,1,
2026-09-12T19:29:11.062Z,85650140000000,4132080,17515,-44018,-44015,,-33794,-34921,-34921,18024,2,2,-34921,-34921,0,1,1,0,,0,3,3,0,3,4,0,0,2253,,0,2,1,
2026-09-12T19:29:11.167Z,85650234000000,4132184,17516,-44021,-44015,,-33794,-34921,-34921,18024,2,2,-34921,-34921,0,1,1,0,,0,3,3,0,3,4,0,0,2253,,0,2,1,
2026-09-12T19:29:11.272Z,85650343000000,4132289,17517,-44006,-44015,,-33794,-34921,-34921,18024,2,2,-34921,-34921,0,1,1,0,,0,3,3,0,3,4,0,0,2253,,0,2,1,
2026-09-12T19:29:11.462Z,85650531000000,4132394,17518,-44003,-44014,,-38300,-36047,-36047,18024,2,2,-36047,-36047,0,1,1,0,,0,3,3,0,3,4,0,0,3379,,0,2,1,
2026-09-12T19:29:11.567Z,85650640000000,4132542,17520,-44003,-44012,,-38300,-38300,-38300,18024,2,2,-38300,-38300,0,1,1,0,,0,3,3,0,3,4,0,0,5632,,0,2,1,
2026-09-12T19:29:11.671Z,85650750000000,4132688,17521,-44007,-44011,,-38300,-39427,-39427,18024,2,2,-39427,-39427,0,1,1,0,,0,3,3,0,3,4,0,0,5633,,0,2,1,
2026-09-12T19:29:11.774Z,85650843000000,4132793,17522,-44014,-44010,,-38300,-40553,-40553,18024,2,2,-40553,-40553,0,1,1,0,,0,3,3,0,3,4,0,0,5632,,0,2,1,
2026-09-12T19:29:11.878Z,85650953000000,4132897,17523,-44021,-44011,,-38300,-39427,-39427,18024,2,2,-39427,-39427,0,1,1,0,,0,3,3,0,3,4,0,0,5632,,0,2,1,
2026-09-12T19:29:11.982Z,85651062000000,4133000,17524,-44017,-44012,,-38300,-38300,-38300,18024,2,2,-38300,-38300,0,1,1,0,,0,3,3,0,3,4,0,0,5632,,0,2,1,
2026-09-12T19:29:12.087Z,85651156000000,4133105,17525,-44021,-44013,,-38300,-37174,-37174,18024,2,2,-37174,-37174,0,1,1,0,,0,3,3,0,3,4,0,0,4506,,0,2,1,
2026-09-12T19:29:12.191Z,85651265000000,4133208,17526,-44031,-44014,,-38300,-36047,-36047,18024,2,2,-36047,-36047,0,1,1,0,,0,3,3,0,3,4,0,0,4506,,0,2,1,
2026-09-12T19:29:12.296Z,85651375000000,4133313,17527,-44029,-44016,,-38300,-33794,-33794,18024,2,2,-33794,-33794,0,1,1,0,,0,3,3,0,3,4,0,0,6759,,0,2,1,
2026-09-12T19:29:12.488Z,85651562000000,4133418,17528,-44009,-44018,,-33794,-31541,-31541,18024,2,2,-31541,-31541,0,1,1,0,,0,3,3,0,3,4,0,0,9012,,0,2,1,
2026-09-12T19:29:12.591Z,85651671000000,4133565,17530,-44002,-44016,,-33794,-33794,-33794,18024,2,2,-33794,-33794,0,1,1,0,,0,3,3,0,3,4,0,0,7886,,0,2,1,
2026-09-12T19:29:12.698Z,85651765000000,4133714,17531,-44014,-44015,,-33794,-34921,-34921,18024,2,2,-34921,-34921,0,1,1,0,,0,3,3,0,3,4,0,0,6759,,0,2,1,
2026-09-12T19:29:12.802Z,85651875000000,4133819,17532,-44023,-44015,,-33794,-34921,-34921,18024,2,2,-34921,-34921,0,1,1,0,,0,3,3,0,3,4,0,0,5633,,0,2,1,
2026-09-12T19:29:12.907Z,85651984000000,4133924,17533,-44022,-44016,,-33794,-33794,-33794,18024,2,2,-33794,-33794,0,1,1,0,,0,3,3,0,3,4,0,0,4506,,0,2,1,
2026-09-12T19:29:13.010Z,85652078000000,4134045,17535,-44035,-44019,,-33794,-30415,-30415,18024,2,2,-30415,-30415,0,1,1,0,,0,3,3,0,3,4,0,0,4506,,0,2,1,
2026-09-12T19:29:13.113Z,85652187000000,4134145,17536,-44028,-44020,,-33794,-29288,-29288,18024,2,2,-29288,-29288,0,1,1,0,,0,3,3,0,3,4,0,0,5633,,0,2,1,
2026-09-12T19:29:13.216Z,85652281000000,4134245,17537,-44026,-44021,,-33794,-28162,-28162,18024,2,2,-28162,-28162,0,1,1,0,,0,3,3,0,3,4,0,0,6759,,0,2,1,
2026-09-12T19:29:13.318Z,85652390000000,4134346,17538,-44008,-44022,,-33794,-27035,-27035,18024,2,2,-27035,-27035,0,1,1,0,,0,3,3,0,3,4,0,0,7886,,0,2,1,
2026-09-12T19:29:13.508Z,85652578000000,4134446,17539,-44006,-44020,,-31541,-29288,-29288,18024,2,2,-29288,-29288,0,1,1,0,,0,3,3,0,3,4,0,0,7886,,0,2,1,
2026-09-12T19:29:13.610Z,85652687000000,4134646,17541,-44012,-44017,,-31541,-32668,-32668,18024,2,2,-32668,-32668,0,1,1,0,,0,3,3,0,3,4,0,0,5633,,0,2,1,
2026-09-12T19:29:13.714Z,85652781000000,4134746,17542,-44007,-44016,,-31541,-33794,-33794,18024,2,2,-33794,-33794,0,1,1,0,,0,3,3,0,3,4,0,0,6759,,0,2,1,
2026-09-12T19:29:13.816Z,85652890000000,4134846,17543,-44005,-44015,,-31541,-34921,-34921,18024,2,2,-34921,-34921,0,1,1,0,,0,3,3,0,3,4,0,0,7886,,0,2,1,
2026-09-12T19:29:13.919Z,85653000000000,4134946,17544,-43996,-44014,,-31541,-36047,-36047,18024,2,2,-36047,-36047,0,1,1,0,,0,3,3,0,3,4,0,0,9012,,0,2,1,
2026-09-12T19:29:14.023Z,85653093000000,4135047,17545,-44013,-44013,,-31541,-37174,-37174,18024,2,2,-37174,-37174,0,1,1,0,,0,3,3,0,3,4,0,0,10139,,0,2,1,
2026-09-12T19:29:14.127Z,85653203000000,4135147,17546,-44012,-44013,,-31541,-37174,-37174,18024,2,2,-37174,-37174,0,1,1,0,,0,3,3,0,3,4,0,0,7886,,0,2,1,
2026-09-12T19:29:14.232Z,85653312000000,4135249,17547,-44012,-44013,,-31541,-37174,-37174,18024,2,2,-37174,-37174,0,1,1,0,,0,3,3,0,3,4,0,0,5633,,0,2,1,
2026-09-12T19:29:14.336Z,85653406000000,4135354,17548,-44014,-44013,,-31541,-37174,-37174,18024,2,2,-37174,-37174,0,1,1,0,,0,3,3,0,3,4,0,0,4506,,0,2,1,
2026-09-12T19:29:14.528Z,85653593000000,4135459,17549,-44028,-44013,,-36047,-37174,-37174,18024,2,2,-37174,-37174,0,1,1,0,,0,3,3,0,3,4,0,0,3380,,0,2,1,
2026-09-12T19:29:14.632Z,85653703000000,4135656,17551,-44013,-44015,,-36047,-34921,-34921,18024,2,2,-34921,-34921,0,1,1,0,,0,3,3,0,3,4,0,0,2253,,0,2,1,
2026-09-12T19:29:14.738Z,85653812000000,4135754,17552,-44023,-44016,,-36047,-33794,-33794,18024,2,2,-33794,-33794,0,1,1,0,,0,3,3,0,3,4,0,0,3380,,0,2,1,
2026-09-12T19:29:14.842Z,85653921000000,4135860,17553,-44010,-44016,,-36047,-33794,-33794,18024,2,2,-33794,-33794,0,1,1,0,,0,3,3,0,3,4,0,0,3380,,0,2,1,
2026-09-12T19:29:14.947Z,85654015000000,4135964,17554,-44017,-44016,,-36047,-33794,-33794,18024,2,2,-33794,-33794,0,1,1,0,,0,3,3,0,3,4,0,0,3380,,0,2,1,
2026-09-12T19:29:15.053Z,85654125000000,4136069,17555,-44013,-44016,,-36047,-33794,-33794,18024,2,2,-33794,-33794,0,1,1,0,,0,3,3,0,3,4,0,0,3380,,0,2,1,
2026-09-12T19:29:15.158Z,85654234000000,4136175,17556,-44002,-44016,,-36047,-33794,-33794,18024,2,2,-33794,-33794,0,1,1,0,,0,3,3,0,3,4,0,0,3380,,0,2,1,
2026-09-12T19:29:15.262Z,85654328000000,4136280,17557,-44015,-44016,,-36047,-33794,-33794,18024,2,2,-33794,-33794,0,1,1,0,,0,3,3,0,3,4,0,0,2253,,0,2,1,
2026-09-12T19:29:15.366Z,85654437000000,4136384,17558,-44024,-44016,,-36047,-33794,-33794,18024,2,2,-33794,-33794,0,1,1,0,,0,3,3,0,3,4,0,0,1127,,0,2,1,
2026-09-12T19:29:15.557Z,85654625000000,4136488,17559,-44002,-44016,,-36047,-33794,-33794,18024,2,2,-33794,-33794,0,1,1,0,,0,3,3,0,3,4,0,0,0,,0,2,1,
2026-09-12T19:29:15.662Z,85654734000000,4136686,17561,-44016,-44012,,-36047,-38300,-38300,18024,2,2,-38300,-38300,0,1,1,0,,0,3,3,0,3,4,0,0,4506,,0,2,1,
2026-09-12T19:29:15.767Z,85654843000000,4136784,17562,-44027,-44013,,-36047,-37174,-37174,18024,2,2,-37174,-37174,0,1,1,0,,0,3,3,0,3,4,0,0,4506,,0,2,1,
2026-09-12T19:29:15.872Z,85654937000000,4136888,17563,-44013,-44013,,-36047,-37174,-37174,18024,2,2,-37174,-37174,0,1,1,0,,0,3,3,0,3,4,0,0,4506,,0,2,1,
2026-09-12T19:29:15.976Z,85655046000000,4136994,17564,-44009,-44013,,-36047,-37174,-37174,18024,2,2,-37174,-37174,0,1,1,0,,0,3,3,0,3,4,0,0,4506,,0,2,1,
2026-09-12T19:29:16.080Z,85655156000000,4137098,17565,-44025,-44013,,-36047,-37174,-37174,18024,2,2,-37174,-37174,0,1,1,0,,0,3,3,0,3,4,0,0,4506,,0,2,1,
2026-09-12T19:29:16.186Z,85655265000000,4137203,17566,-44012,-44013,,-36047,-37174,-37174,18024,2,2,-37174,-37174,0,1,1,0,,0,3,3,0,3,4,0,0,4506,,0,2,1,
2026-09-12T19:29:16.290Z,85655359000000,4137307,17567,-44004,-44013,,-36047,-37174,-37174,18024,2,2,-37174,-37174,0,1,1,0,,0,3,3,0,3,4,0,0,2253,,0,2,1,
2026-09-12T19:29:16.396Z,85655468000000,4137413,17568,-44009,-44012,,-36047,-38300,-38300,18024,2,2,-38300,-38300,0,1,1,0,,0,3,3,0,3,4,0,0,1126,,0,2,1,
2026-09-12T19:29:16.587Z,85655656000000,4137518,17569,-44003,-44011,,-39427,-39427,-39427,18024,2,2,-39427,-39427,0,1,1,0,,0,3,3,0,3,4,0,0,2253,,0,2,1,
2026-09-12T19:29:16.692Z,85655765000000,4137665,17571,-44019,-44011,,-39427,-39427,-39427,18024,2,2,-39427,-39427,0,1,1,0,,0,3,3,0,3,4,0,0,2253,,0,2,1,
2026-09-12T19:29:16.797Z,85655875000000,4137814,17572,-44004,-44011,,-39427,-39427,-39427,18024,2,2,-39427,-39427,0,1,1,0,,0,3,3,0,3,4,0,0,2253,,0,2,1,
2026-09-12T19:29:16.902Z,85655968000000,4137919,17573,-43997,-44010,,-39427,-40553,-40553,18024,2,2,-40553,-40553,0,1,1,0,,0,3,3,0,3,4,0,0,3379,,0,2,1,
2026-09-12T19:29:17.007Z,85656078000000,4138024,17574,-43999,-44009,,-39427,-41680,-41680,18024,2,2,-41680,-41680,0,1,1,0,,0,3,3,0,3,4,0,0,4506,,0,2,1,
2026-09-12T19:29:17.111Z,85656187000000,4138129,17575,-44007,-44008,,-39427,-42806,-42806,18024,2,2,-42806,-42806,0,1,1,0,,0,3,3,0,3,4,0,0,4506,,0,2,1,
2026-09-12T19:29:17.214Z,85656281000000,4138252,17577,-43993,-44008,,-39427,-42806,-42806,18024,2,2,-42806,-42806,0,1,1,0,,0,3,3,0,3,4,0,0,3379,,0,2,1,
2026-09-12T19:29:17.318Z,85656390000000,4138352,17578,-44013,-44008,,-39427,-42806,-42806,18024,2,2,-42806,-42806,0,1,1,0,,0,3,3,0,3,4,0,0,3379,,0,2,1,
2026-09-12T19:29:17.421Z,85656500000000,4138452,17579,-44015,-44009,,-39427,-41680,-41680,18024,2,2,-41680,-41680,0,1,1,0,,0,3,3,0,3,4,0,0,3379,,0,2,1,
2026-09-12T19:29:17.610Z,85656687000000,4138553,17580,-44008,-44010,,-40553,-40553,-40553,18024,2,2,-40553,-40553,0,1,1,0,,0,3,3,0,3,4,0,0,2253,,0,2,1,
2026-09-12T19:29:17.714Z,85656781000000,4138653,17581,-43988,-44010,,-40553,-40553,-40553,18024,2,2,-40553,-40553,0,1,1,0,,0,3,3,0,3,4,0,0,2253,,0,2,1,
2026-09-12T19:29:17.817Z,85656890000000,4138853,17583,-44011,-44010,,-40553,-40553,-40553,18024,2,2,-40553,-40553,0,1,1,0,,0,3,3,0,3,4,0,0,2253,,0,2,1,
2026-09-12T19:29:17.921Z,85657000000000,4138953,17584,-44007,-44010,,-40553,-40553,-40553,18024,2,2,-40553,-40553,0,1,1,0,,0,3,3,0,3,4,0,0,2253,,0,2,1,
2026-09-12T19:29:18.022Z,85657093000000,4139053,17585,-44023,-44010,,-40553,-40553,-40553,18024,2,2,-40553,-40553,0,1,1,0,,0,3,3,0,3,4,0,0,2253,,0,2,1,
2026-09-12T19:29:18.126Z,85657203000000,4139153,17586,-44022,-44012,,-40553,-38300,-38300,18024,2,2,-38300,-38300,0,1,1,0,,0,3,3,0,3,4,0,0,3380,,0,2,1,
2026-09-12T19:29:18.228Z,85657296000000,4139253,17587,-44026,-44013,,-40553,-37174,-37174,18024,2,2,-37174,-37174,0,1,1,0,,0,3,3,0,3,4,0,0,3379,,0,2,1,
2026-09-12T19:29:18.333Z,85657406000000,4139354,17588,-44018,-44014,,-40553,-36047,-36047,18024,2,2,-36047,-36047,0,1,1,0,,0,3,3,0,3,4,0,0,4506,,0,2,1,
2026-09-12T19:29:18.437Z,85657515000000,4139455,17589,-44008,-44015,,-40553,-34921,-34921,18024,2,2,-34921,-34921,0,1,1,0,,0,3,3,0,3,4,0,0,5632,,0,2,1,
2026-09-12T19:29:18.627Z,85657703000000,4139560,17590,-44020,-44015,,-34921,-34921,-34921,18024,2,2,-34921,-34921,0,1,1,0,,0,3,3,0,3,4,0,0,5632,,0,2,1,
2026-09-12T19:29:18.732Z,85657812000000,4139756,17592,-44007,-44015,,-34921,-34921,-34921,18024,2,2,-34921,-34921,0,1,1,0,,0,3,3,0,3,4,0,0,5632,,0,2,1,
2026-09-12T19:29:18.837Z,85657906000000,4139854,17593,-44004,-44014,,-34921,-36047,-36047,18024,2,2,-36047,-36047,0,1,1,0,,0,3,3,0,3,4,0,0,3379,,0,2,1,
2026-09-12T19:29:18.942Z,85658015000000,4139959,17594,-44016,-44013,,-34921,-37174,-37174,18024,2,2,-37174,-37174,0,1,1,0,,0,3,3,0,3,4,0,0,2253,,0,2,1,
2026-09-12T19:29:19.047Z,85658125000000,4140064,17595,-44015,-44013,,-34921,-37174,-37174,18024,2,2,-37174,-37174,0,1,1,0,,0,3,3,0,3,4,0,0,2253,,0,2,1,
2026-09-12T19:29:19.151Z,85658218000000,4140169,17596,-44014,-44013,,-34921,-37174,-37174,18024,2,2,-37174,-37174,0,1,1,0,,0,3,3,0,3,4,0,0,2253,,0,2,1,
2026-09-12T19:29:19.255Z,85658328000000,4140273,17597,-44006,-44013,,-34921,-37174,-37174,18024,2,2,-37174,-37174,0,1,1,0,,0,3,3,0,3,4,0,0,2253,,0,2,1,
2026-09-12T19:29:19.360Z,85658437000000,4140378,17598,-44020,-44013,,-34921,-37174,-37174,18024,2,2,-37174,-37174,0,1,1,0,,0,3,3,0,3,4,0,0,2253,,0,2,1,
2026-09-12T19:29:19.464Z,85658531000000,4140482,17599,-44016,-44013,,-34921,-37174,-37174,18024,2,2,-37174,-37174,0,1,1,0,,0,3,3,0,3,4,0,0,2253,,0,2,1,
2026-09-12T19:29:19.655Z,85658734000000,4140587,17600,-44009,-44013,,-38300,-37174,-37174,18024,2,2,-37174,-37174,0,1,1,0,,0,3,3,0,3,4,0,0,1127,,0,2,1,
2026-09-12T19:29:19.759Z,85658828000000,4140784,17602,-44016,-44012,,-38300,-38300,-38300,18024,2,2,-38300,-38300,0,1,1,0,,0,3,3,0,3,4,0,0,1126,,0,2,1,
2026-09-12T19:29:19.863Z,85658937000000,4140882,17603,-44021,-44013,,-38300,-37174,-37174,18024,2,2,-37174,-37174,0,1,1,0,,0,3,3,0,3,4,0,0,1126,,0,2,1,
2026-09-12T19:29:19.968Z,85659046000000,4140986,17604,-44020,-44014,,-38300,-36047,-36047,18024,2,2,-36047,-36047,0,1,1,0,,0,3,3,0,3,4,0,0,2253,,0,2,1,
2026-09-12T19:29:20.073Z,85659140000000,4141090,17605,-44022,-44015,,-38300,-34921,-34921,18024,2,2,-34921,-34921,0,1,1,0,,0,3,3,0,3,4,0,0,3379,,0,2,1,
2026-09-12T19:29:20.176Z,85659250000000,4141195,17606,-44021,-44016,,-38300,-33794,-33794,18024,2,2,-33794,-33794,0,1,1,0,,0,3,3,0,3,4,0,0,4506,,0,2,1,
2026-09-12T19:29:20.280Z,85659359000000,4141300,17607,-44019,-44017,,-38300,-32668,-32668,18024,2,2,-32668,-32668,0,1,1,0,,0,3,3,0,3,4,0,0,5632,,0,2,1,
2026-09-12T19:29:20.385Z,85659453000000,4141403,17608,-44020,-44017,,-38300,-32668,-32668,18024,2,2,-32668,-32668,0,1,1,0,,0,3,3,0,3,4,0,0,5632,,0,2,1,
2026-09-12T19:29:20.491Z,85659562000000,4141508,17609,-44006,-44017,,-38300,-32668,-32668,18024,2,2,-32668,-32668,0,1,1,0,,0,3,3,0,3,4,0,0,5632,,0,2,1,
2026-09-12T19:29:20.683Z,85659750000000,4141613,17610,-44006,-44016,,-36047,-33794,-33794,18024,2,2,-33794,-33794,0,1,1,0,,0,3,3,0,3,4,0,0,4506,,0,2,1,
2026-09-12T19:29:20.787Z,85659859000000,4141761,17612,-44010,-44014,,-36047,-36047,-36047,18024,2,2,-36047,-36047,0,1,1,0,,0,3,3,0,3,4,0,0,3379,,0,2,1,
2026-09-12T19:29:20.892Z,85659968000000,4141909,17613,-44016,-44013,,-36047,-37174,-37174,18024,2,2,-37174,-37174,0,1,1,0,,0,3,3,0,3,4,0,0,4506,,0,2,1,
2026-09-12T19:29:20.996Z,85660062000000,4142015,17614,-44010,-44013,,-36047,-37174,-37174,18024,2,2,-37174,-37174,0,1,1,0,,0,3,3,0,3,4,0,0,4506,,0,2,1,
2026-09-12T19:29:21.102Z,85660171000000,4142119,17615,-44000,-44013,,-36047,-37174,-37174,18024,2,2,-37174,-37174,0,1,1,0,,0,3,3,0,3,4,0,0,4506,,0,2,1,
2026-09-12T19:29:21.206Z,85660281000000,4142225,17616,-44023,-44013,,-36047,-37174,-37174,18024,2,2,-37174,-37174,0,1,1,0,,0,3,3,0,3,4,0,0,4506,,0,2,1,
2026-09-12T19:29:21.311Z,85660390000000,4142328,17617,-44029,-44014,,-36047,-36047,-36047,18024,2,2,-36047,-36047,0,1,1,0,,0,3,3,0,3,4,0,0,3380,,0,2,1,
2026-09-12T19:29:21.416Z,85660484000000,4142433,17618,-44005,-44015,,-36047,-34921,-34921,18024,2,2,-34921,-34921,0,1,1,0,,0,3,3,0,3,4,0,0,2253,,0,2,1,
2026-09-12T19:29:21.520Z,85660593000000,4142539,17619,-44004,-44014,,-36047,-36047,-36047,18024,2,2,-36047,-36047,0,1,1,0,,0,3,3,0,3,4,0,0,2253,,0,2,1,
2026-09-12T19:29:21.711Z,85660781000000,4142660,17621,-44020,-44014,,-34921,-36047,-36047,18024,2,2,-36047,-36047,0,1,1,0,,0,3,3,0,3,4,0,0,2253,,0,2,1,
2026-09-12T19:29:21.816Z,85660890000000,4142760,17622,-44008,-44015,,-34921,-34921,-34921,18024,2,2,-34921,-34921,0,1,1,0,,0,3,3,0,3,4,0,0,2253,,0,2,1,
2026-09-12T19:29:21.921Z,85661000000000,4142938,17623,-43996,-44014,,-34921,-36047,-36047,18024,2,2,-36047,-36047,0,1,1,0,,0,3,3,0,3,4,0,0,2253,,0,2,1,
2026-09-12T19:29:22.024Z,85661093000000,4143060,17625,-44023,-44013,,-34921,-37174,-37174,18024,2,2,-37174,-37174,0,1,1,0,,0,3,3,0,3,4,0,0,2253,,0,2,1,
2026-09-12T19:29:22.127Z,85661203000000,4143160,17626,-44009,-44013,,-34921,-37174,-37174,18024,2,2,-37174,-37174,0,1,1,0,,0,3,3,0,3,4,0,0,2253,,0,2,1,
2026-09-12T19:29:22.231Z,85661296000000,4143261,17627,-44012,-44013,,-34921,-37174,-37174,18024,2,2,-37174,-37174,0,1,1,0,,0,3,3,0,3,4,0,0,2253,,0,2,1,
2026-09-12T19:29:22.335Z,85661406000000,4143361,17628,-44014,-44013,,-34921,-37174,-37174,18024,2,2,-37174,-37174,0,1,1,0,,0,3,3,0,3,4,0,0,2253,,0,2,1,
2026-09-12T19:29:22.440Z,85661515000000,4143461,17629,-44028,-44013,,-34921,-37174,-37174,18024,2,2,-37174,-37174,0,1,1,0,,0,3,3,0,3,4,0,0,2253,,0,2,1,
2026-09-12T19:29:22.544Z,85661609000000,4143563,17630,-44028,-44015,,-34921,-34921,-34921,18024,2,2,-34921,-34921,0,1,1,0,,0,3,3,0,3,4,0,0,2253,,0,2,1,
2026-09-12T19:29:22.735Z,85661812000000,4143667,17631,-44013,-44017,,-32668,-32668,-32668,18024,2,2,-32668,-32668,0,1,1,0,,0,3,3,0,3,4,0,0,4506,,0,2,1,
2026-09-12T19:29:22.838Z,85661906000000,4143864,17633,-44009,-44016,,-32668,-33794,-33794,18024,2,2,-33794,-33794,0,1,1,0,,0,3,3,0,3,4,0,0,4506,,0,2,1,
2026-09-12T19:29:22.945Z,85662015000000,4143962,17634,-44014,-44016,,-32668,-33794,-33794,18024,2,2,-33794,-33794,0,1,1,0,,0,3,3,0,3,4,0,0,4506,,0,2,1,
2026-09-12T19:29:23.049Z,85662125000000,4144067,17635,-44008,-44015,,-32668,-34921,-34921,18024,2,2,-34921,-34921,0,1,1,0,,0,3,3,0,3,4,0,0,4506,,0,2,1,
2026-09-12T19:29:23.153Z,85662218000000,4144172,17636,-44017,-44015,,-32668,-34921,-34921,18024,2,2,-34921,-34921,0,1,1,0,,0,3,3,0,3,4,0,0,4506,,0,2,1,
2026-09-12T19:29:23.257Z,85662328000000,4144276,17637,-44015,-44015,,-32668,-34921,-34921,18024,2,2,-34921,-34921,0,1,1,0,,0,3,3,0,3,4,0,0,2253,,0,2,1,
2026-09-12T19:29:23.361Z,85662437000000,4144380,17638,-44010,-44015,,-32668,-34921,-34921,18024,2,2,-34921,-34921,0,1,1,0,,0,3,3,0,3,4,0,0,2253,,0,2,1,
2026-09-12T19:29:23.466Z,85662546000000,4144484,17639,-44011,-44014,,-32668,-36047,-36047,18024,2,2,-36047,-36047,0,1,1,0,,0,3,3,0,3,4,0,0,3379,,0,2,1,
2026-09-12T19:29:23.570Z,85662640000000,4144588,17640,-44023,-44014,,-32668,-36047,-36047,18024,2,2,-36047,-36047,0,1,1,0,,0,3,3,0,3,4,0,0,2253,,0,2,1,
2026-09-12T19:29:23.760Z,85662828000000,4144693,17641,-44023,-44015,,-33794,-34921,-34921,18024,2,2,-34921,-34921,0,1,1,0,,0,3,3,0,3,4,0,0,2253,,0,2,1,
2026-09-12T19:29:23.865Z,85662937000000,4144889,17643,-44022,-44017,,-33794,-32668,-32668,18024,2,2,-32668,-32668,0,1,1,0,,0,3,3,0,3,4,0,0,3379,,0,2,1,
2026-09-12T19:29:23.970Z,85663046000000,4144987,17644,-44022,-44018,,-33794,-31541,-31541,18024,2,2,-31541,-31541,0,1,1,0,,0,3,3,0,3,4,0,0,4506,,0,2,1,
2026-09-12T19:29:24.075Z,85663140000000,4145094,17645,-44011,-44019,,-33794,-30415,-30415,18024,2,2,-30415,-30415,0,1,1,0,,0,3,3,0,3,4,0,0,5632,,0,2,1,
2026-09-12T19:29:24.178Z,85663250000000,4145198,17646,-44009,-44018,,-33794,-31541,-31541,18024,2,2,-31541,-31541,0,1,1,0,,0,3,3,0,3,4,0,0,5632,,0,2,1,
2026-09-12T19:29:24.282Z,85663359000000,4145302,17647,-44003,-44017,,-33794,-32668,-32668,18024,2,2,-32668,-32668,0,1,1,0,,0,3,3,0,3,4,0,0,5632,,0,2,1,
2026-09-12T19:29:24.386Z,85663453000000,4145405,17648,-44019,-44016,,-33794,-33794,-33794,18024,2,2,-33794,-33794,0,1,1,0,,0,3,3,0,3,4,0,0,4506,,0,2,1,
2026-09-12T19:29:24.492Z,85663562000000,4145510,17649,-44035,-44016,,-33794,-33794,-33794,18024,2,2,-33794,-33794,0,1,1,0,,0,3,3,0,3,4,0,0,3379,,0,2,1,
2026-09-12T19:29:24.596Z,85663671000000,4145614,17650,-44018,-44016,,-33794,-33794,-33794,18024,2,2,-33794,-33794,0,1,1,0,,0,3,3,0,3,4,0,0,3379,,0,2,1,
2026-09-12T19:29:24.786Z,85663859000000,4145719,17651,-44008,-44016,,-33794,-33794,-33794,18024,2,2,-33794,-33794,0,1,1,0,,0,3,3,0,3,4,0,0,3379,,0,2,1,
2026-09-12T19:29:24.892Z,85663968000000,4145866,17653,-44035,-44016,,-33794,-33794,-33794,18024,2,2,-33794,-33794,0,1,1,0,,0,3,3,0,3,4,0,0,2253,,0,2,1,
2026-09-12T19:29:24.997Z,85664062000000,4146015,17654,-44035,-44018,,-33794,-31541,-31541,18024,2,2,-31541,-31541,0,1,1,0,,0,3,3,0,3,4,0,0,2253,,0,2,1,
2026-09-12T19:29:25.101Z,85664171000000,4146120,17655,-44020,-44020,,-33794,-29288,-29288,18024,2,2,-29288,-29288,0,1,1,0,,0,3,3,0,3,4,0,0,4506,,0,2,1,
2026-09-12T19:29:25.206Z,85664281000000,4146224,17656,-44018,-44020,,-33794,-29288,-29288,18024,2,2,-29288,-29288,0,1,1,0,,0,3,3,0,3,4,0,0,4506,,0,2,1,
2026-09-12T19:29:25.311Z,85664390000000,4146329,17657,-44019,-44020,,-33794,-29288,-29288,18024,2,2,-29288,-29288,0,1,1,0,,0,3,3,0,3,4,0,0,4506,,0,2,1,
2026-09-12T19:29:25.416Z,85664484000000,4146434,17658,-44029,-44020,,-33794,-29288,-29288,18024,2,2,-29288,-29288,0,1,1,0,,0,3,3,0,3,4,0,0,4506,,0,2,1,
2026-09-12T19:29:25.521Z,85664593000000,4146539,17659,-44030,-44021,,-33794,-28162,-28162,18024,2,2,-28162,-28162,0,1,1,0,,0,3,3,0,3,4,0,0,5632,,0,2,1,
2026-09-12T19:29:25.625Z,85664703000000,4146644,17660,-44007,-44022,,-33794,-27035,-27035,18024,2,2,-27035,-27035,0,1,1,0,,0,3,3,0,3,4,0,0,6759,,0,2,1,
2026-09-12T19:29:25.816Z,85664890000000,4146767,17662,-44021,-44020,,-30415,-29288,-29288,18024,2,2,-29288,-29288,0,1,1,0,,0,3,3,0,3,4,0,0,2253,,0,2,1,
2026-09-12T19:29:25.921Z,85665000000000,4146867,17663,-44012,-44019,,-30415,-30415,-30415,18024,2,2,-30415,-30415,0,1,1,0,,0,3,3,0,3,4,0,0,3380,,0,2,1,
2026-09-12T19:29:26.026Z,85665093000000,4147044,17664,-44023,-44019,,-30415,-30415,-30415,18024,2,2,-30415,-30415,0,1,1,0,,0,3,3,0,3,4,0,0,3380,,0,2,1,
2026-09-12T19:29:26.131Z,85665203000000,4147168,17666,-44023,-44020,,-30415,-29288,-29288,18024,2,2,-29288,-29288,0,1,1,0,,0,3,3,0,3,4,0,0,3380,,0,2,1,
2026-09-12T19:29:26.233Z,85665312000000,4147268,17667,-44033,-44020,,-30415,-29288,-29288,18024,2,2,-29288,-29288,0,1,1,0,,0,3,3,0,3,4,0,0,3380,,0,2,1,
2026-09-12T19:29:26.336Z,85665406000000,4147368,17668,-44032,-44022,,-30415,-27035,-27035,18024,2,2,-27035,-27035,0,1,1,0,,0,3,3,0,3,4,0,0,3380,,0,2,1,
2026-09-12T19:29:26.439Z,85665515000000,4147468,17669,-44011,-44023,,-30415,-25909,-25909,18024,2,2,-25909,-25909,0,1,1,0,,0,3,3,0,3,4,0,0,4506,,0,2,1,
2026-09-12T19:29:26.544Z,85665609000000,4147568,17670,-44023,-44023,,-30415,-25909,-25909,18024,2,2,-25909,-25909,0,1,1,0,,0,3,3,0,3,4,0,0,4506,,0,2,1,
2026-09-12T19:29:26.647Z,85665718000000,4147669,17671,-44024,-44023,,-30415,-25909,-25909,18024,2,2,-25909,-25909,0,1,1,0,,0,3,3,0,3,4,0,0,4506,,0,2,1,
2026-09-12T19:29:26.840Z,85665906000000,4147771,17672,-44009,-44023,,-28162,-25909,-25909,18024,2,2,-25909,-25909,0,1,1,0,,0,3,3,0,3,4,0,0,4506,,0,2,1,
2026-09-12T19:29:26.943Z,85666015000000,4147970,17674,-44018,-44019,,-28162,-30415,-30415,18024,2,2,-30415,-30415,0,1,1,0,,0,3,3,0,3,4,0,0,4506,,0,2,1,
2026-09-12T19:29:27.048Z,85666125000000,4148069,17675,-43991,-44015,,-28162,-34921,-34921,18024,2,2,-34921,-34921,0,1,1,0,,0,3,3,0,3,4,0,0,9012,,0,2,1,
2026-09-12T19:29:27.152Z,85666218000000,4148171,17676,-44008,-44014,,-28162,-36047,-36047,18024,2,2,-36047,-36047,0,1,1,0,,0,3,3,0,3,4,0,0,10138,,0,2,1,
2026-09-12T19:29:27.256Z,85666328000000,4148275,17677,-44022,-44013,,-28162,-37174,-37174,18024,2,2,-37174,-37174,0,1,1,0,,0,3,3,0,3,4,0,0,11265,,0,2,1,
2026-09-12T19:29:27.361Z,85666437000000,4148379,17678,-44004,-44012,,-28162,-38300,-38300,18024,2,2,-38300,-38300,0,1,1,0,,0,3,3,0,3,4,0,0,12391,,0,2,1,
2026-09-12T19:29:27.467Z,85666546000000,4148484,17679,-44016,-44013,,-28162,-37174,-37174,18024,2,2,-37174,-37174,0,1,1,0,,0,3,3,0,3,4,0,0,12391,,0,2,1,
2026-09-12T19:29:27.571Z,85666640000000,4148589,17680,-44019,-44013,,-28162,-37174,-37174,18024,2,2,-37174,-37174,0,1,1,0,,0,3,3,0,3,4,0,0,10138,,0,2,1,
2026-09-12T19:29:27.674Z,85666750000000,4148694,17681,-44015,-44013,,-28162,-37174,-37174,18024,2,2,-37174,-37174,0,1,1,0,,0,3,3,0,3,4,0,0,7885,,0,2,1,
2026-09-12T19:29:27.866Z,85666937000000,4148798,17682,-44005,-44013,,-37174,-37174,-37174,18024,2,2,-37174,-37174,0,1,1,0,,0,3,3,0,3,4,0,0,3379,,0,2,1,
2026-09-12T19:29:27.971Z,85667046000000,4148995,17684,-44004,-44012,,-37174,-38300,-38300,18024,2,2,-38300,-38300,0,1,1,0,,0,3,3,0,3,4,0,0,1126,,0,2,1,
2026-09-12T19:29:28.076Z,85667156000000,4149094,17685,-44023,-44013,,-37174,-37174,-37174,18024,2,2,-37174,-37174,0,1,1,0,,0,3,3,0,3,4,0,0,1126,,0,2,1,
2026-09-12T19:29:28.180Z,85667250000000,4149199,17686,-44033,-44014,,-37174,-36047,-36047,18024,2,2,-36047,-36047,0,1,1,0,,0,3,3,0,3,4,0,0,2253,,0,2,1,
2026-09-12T19:29:28.285Z,85667359000000,4149304,17687,-44021,-44015,,-37174,-34921,-34921,18024,2,2,-34921,-34921,0,1,1,0,,0,3,3,0,3,4,0,0,3379,,0,2,1,
2026-09-12T19:29:28.389Z,85667468000000,4149408,17688,-44016,-44016,,-37174,-33794,-33794,18024,2,2,-33794,-33794,0,1,1,0,,0,3,3,0,3,4,0,0,4506,,0,2,1,
2026-09-12T19:29:28.494Z,85667562000000,4149513,17689,-44010,-44016,,-37174,-33794,-33794,18024,2,2,-33794,-33794,0,1,1,0,,0,3,3,0,3,4,0,0,4506,,0,2,1,
2026-09-12T19:29:28.598Z,85667671000000,4149617,17690,-44016,-44016,,-37174,-33794,-33794,18024,2,2,-33794,-33794,0,1,1,0,,0,3,3,0,3,4,0,0,4506,,0,2,1,
2026-09-12T19:29:28.703Z,85667781000000,4149721,17691,-44019,-44016,,-37174,-33794,-33794,18024,2,2,-33794,-33794,0,1,1,0,,0,3,3,0,3,4,0,0,4506,,0,2,1,
2026-09-12T19:29:28.895Z,85667968000000,4149826,17692,-44016,-44016,,-34921,-33794,-33794,18024,2,2,-33794,-33794,0,1,1,0,,0,3,3,0,3,4,0,0,3380,,0,2,1,
2026-09-12T19:29:28.999Z,85668078000000,4149973,17694,-43999,-44015,,-34921,-34921,-34921,18024,2,2,-34921,-34921,0,1,1,0,,0,3,3,0,3,4,0,0,1127,,0,2,1,
2026-09-12T19:29:29.103Z,85668171000000,4150122,17695,-44003,-44013,,-34921,-37174,-37174,18024,2,2,-37174,-37174,0,1,1,0,,0,3,3,0,3,4,0,0,3380,,0,2,1,
2026-09-12T19:29:29.206Z,85668281000000,4150226,17696,-44004,-44012,,-34921,-38300,-38300,18024,2,2,-38300,-38300,0,1,1,0,,0,3,3,0,3,4,0,0,4506,,0,2,1,
2026-09-12T19:29:29.311Z,85668390000000,4150330,17697,-44021,-44011,,-34921,-39427,-39427,18024,2,2,-39427,-39427,0,1,1,0,,0,3,3,0,3,4,0,0,5633,,0,2,1,
2026-09-12T19:29:29.416Z,85668484000000,4150434,17698,-44039,-44012,,-34921,-38300,-38300,18024,2,2,-38300,-38300,0,1,1,0,,0,3,3,0,3,4,0,0,5633,,0,2,1,
2026-09-12T19:29:29.520Z,85668593000000,4150539,17699,-44027,-44014,,-34921,-36047,-36047,18024,2,2,-36047,-36047,0,1,1,0,,0,3,3,0,3,4,0,0,5633,,0,2,1,
2026-09-12T19:29:29.625Z,85668703000000,4150644,17700,-44012,-44016,,-34921,-33794,-33794,18024,2,2,-33794,-33794,0,1,1,0,,0,3,3,0,3,4,0,0,5633,,0,2,1,
2026-09-12T19:29:29.730Z,85668796000000,4150748,17701,-44011,-44015,,-34921,-34921,-34921,18024,2,2,-34921,-34921,0,1,1,0,,0,3,3,0,3,4,0,0,5633,,0,2,1,
2026-09-12T19:29:29.922Z,85669000000000,4150853,17702,-44007,-44014,,-38300,-36047,-36047,18024,2,2,-36047,-36047,0,1,1,0,,0,3,3,0,3,4,0,0,5633,,0,2,1,
2026-09-12T19:29:30.025Z,85669093000000,4150975,17704,-44006,-44012,,-38300,-38300,-38300,18024,2,2,-38300,-38300,0,1,1,0,,0,3,3,0,3,4,0,0,5633,,0,2,1,
2026-09-12T19:29:30.131Z,85669203000000,4151149,17705,-44006,-44011,,-38300,-39427,-39427,18024,2,2,-39427,-39427,0,1,1,0,,0,3,3,0,3,4,0,0,5633,,0,2,1,
2026-09-12T19:29:30.235Z,85669312000000,4151254,17706,-44013,-44010,,-38300,-40553,-40553,18024,2,2,-40553,-40553,0,1,1,0,,0,3,3,0,3,4,0,0,6759,,0,2,1,
2026-09-12T19:29:30.340Z,85669406000000,4151376,17708,-44011,-44010,,-38300,-40553,-40553,18024,2,2,-40553,-40553,0,1,1,0,,0,3,3,0,3,4,0,0,5632,,0,2,1,
2026-09-12T19:29:30.442Z,85669515000000,4151476,17709,-44010,-44010,,-38300,-40553,-40553,18024,2,2,-40553,-40553,0,1,1,0,,0,3,3,0,3,4,0,0,4506,,0,2,1,
2026-09-12T19:29:30.545Z,85669625000000,4151576,17710,-44004,-44010,,-38300,-40553,-40553,18024,2,2,-40553,-40553,0,1,1,0,,0,3,3,0,3,4,0,0,3379,,0,2,1,
2026-09-12T19:29:30.647Z,85669718000000,4151676,17711,-44002,-44009,,-38300,-41680,-41680,18024,2,2,-41680,-41680,0,1,1,0,,0,3,3,0,3,4,0,0,3380,,0,2,1,
2026-09-12T19:29:30.752Z,85669828000000,4151776,17712,-44013,-44008,,-38300,-42806,-42806,18024,2,2,-42806,-42806,0,1,1,0,,0,3,3,0,3,4,0,0,3379,,0,2,1,
2026-09-12T19:29:30.943Z,85670015000000,4151876,17713,-44023,-44009,,-40553,-41680,-41680,18024,2,2,-41680,-41680,0,1,1,0,,0,3,3,0,3,4,0,0,2253,,0,2,1,
2026-09-12T19:29:31.046Z,85670125000000,4152077,17715,-44003,-44010,,-40553,-40553,-40553,18024,2,2,-40553,-40553,0,1,1,0,,0,3,3,0,3,4,0,0,2253,,0,2,1,
2026-09-12T19:29:31.148Z,85670218000000,4152177,17716,-44004,-44009,,-40553,-41680,-41680,18024,2,2,-41680,-41680,0,1,1,0,,0,3,3,0,3,4,0,0,2253,,0,2,1,
2026-09-12T19:29:31.251Z,85670328000000,4152277,17717,-44008,-44008,,-40553,-42806,-42806,18024,2,2,-42806,-42806,0,1,1,0,,0,3,3,0,3,4,0,0,2253,,0,2,1,
2026-09-12T19:29:31.355Z,85670421000000,4152377,17718,-44021,-44008,,-40553,-42806,-42806,18024,2,2,-42806,-42806,0,1,1,0,,0,3,3,0,3,4,0,0,2253,,0,2,1,
2026-09-12T19:29:31.460Z,85670531000000,4152478,17719,-44006,-44008,,-40553,-42806,-42806,18024,2,2,-42806,-42806,0,1,1,0,,0,3,3,0,3,4,0,0,2253,,0,2,1,
2026-09-12T19:29:31.564Z,85670640000000,4152583,17720,-44007,-44008,,-40553,-42806,-42806,18024,2,2,-42806,-42806,0,1,1,0,,0,3,3,0,3,4,0,0,2253,,0,2,1,
2026-09-12T19:29:31.668Z,85670734000000,4152687,17721,-44002,-44008,,-40553,-42806,-42806,18024,2,2,-42806,-42806,0,1,1,0,,0,3,3,0,3,4,0,0,2253,,0,2,1,
2026-09-12T19:29:31.772Z,85670843000000,4152792,17722,-44016,-44008,,-40553,-42806,-42806,18024,2,2,-42806,-42806,0,1,1,0,,0,3,3,0,3,4,0,0,2253,,0,2,1,
2026-09-12T19:29:31.963Z,85671031000000,4152896,17723,-44017,-44009,,-40553,-41680,-41680,18024,2,2,-41680,-41680,0,1,1,0,,0,3,3,0,3,4,0,0,1126,,0,2,1,
2026-09-12T19:29:32.067Z,85671140000000,4153093,17725,-44022,-44011,,-40553,-39427,-39427,18024,2,2,-39427,-39427,0,1,1,0,,0,3,3,0,3,4,0,0,3379,,0,2,1,
2026-09-12T19:29:32.171Z,85671250000000,4153191,17726,-44010,-44012,,-40553,-38300,-38300,18024,2,2,-38300,-38300,0,1,1,0,,0,3,3,0,3,4,0,0,4506,,0,2,1,
2026-09-12T19:29:32.275Z,85671343000000,4153295,17727,-44013,-44012,,-40553,-38300,-38300,18024,2,2,-38300,-38300,0,1,1,0,,0,3,3,0,3,4,0,0,4506,,0,2,1,
2026-09-12T19:29:32.378Z,85671453000000,4153398,17728,-44011,-44012,,-40553,-38300,-38300,18024,2,2,-38300,-38300,0,1,1,0,,0,3,3,0,3,4,0,0,4506,,0,2,1,
2026-09-12T19:29:32.483Z,85671562000000,4153502,17729,-44001,-44012,,-40553,-38300,-38300,18024,2,2,-38300,-38300,0,1,1,0,,0,3,3,0,3,4,0,0,4506,,0,2,1,
2026-09-12T19:29:32.587Z,85671656000000,4153607,17730,-44011,-44012,,-40553,-38300,-38300,18024,2,2,-38300,-38300,0,1,1,0,,0,3,3,0,3,4,0,0,3380,,0,2,1,
2026-09-12T19:29:32.692Z,85671765000000,4153711,17731,-44009,-44012,,-40553,-38300,-38300,18024,2,2,-38300,-38300,0,1,1,0,,0,3,3,0,3,4,0,0,2253,,0,2,1,
2026-09-12T19:29:32.796Z,85671875000000,4153816,17732,-44023,-44012,,-40553,-38300,-38300,18024,2,2,-38300,-38300,0,1,1,0,,0,3,3,0,3,4,0,0,1127,,0,2,1,
2026-09-12T19:29:32.989Z,85672062000000,4153920,17733,-44009,-44012,,-38300,-38300,-38300,18024,2,2,-38300,-38300,0,1,1,0,,0,3,3,0,3,4,0,0,0,,0,2,1,
2026-09-12T19:29:33.093Z,85672171000000,4154118,17735,-44011,-44012,,-38300,-38300,-38300,18024,2,2,-38300,-38300,0,1,1,0,,0,3,3,0,3,4,0,0,0,,0,2,1,
2026-09-12T19:29:33.196Z,85672265000000,4154217,17736,-44014,-44012,,-38300,-38300,-38300,18024,2,2,-38300,-38300,0,1,1,0,,0,3,3,0,3,4,0,0,0,,0,2,1,
2026-09-12T19:29:33.302Z,85672375000000,4154320,17737,-44018,-44012,,-38300,-38300,-38300,18024,2,2,-38300,-38300,0,1,1,0,,0,3,3,0,3,4,0,0,0,,0,2,1,
2026-09-12T19:29:33.408Z,85672484000000,4154425,17738,-44028,-44013,,-38300,-37174,-37174,18024,2,2,-37174,-37174,0,1,1,0,,0,3,3,0,3,4,0,0,1126,,0,2,1,
2026-09-12T19:29:33.512Z,85672578000000,4154531,17739,-44016,-44014,,-38300,-36047,-36047,18024,2,2,-36047,-36047,0,1,1,0,,0,3,3,0,3,4,0,0,2253,,0,2,1,
2026-09-12T19:29:33.616Z,85672687000000,4154636,17740,-44017,-44014,,-38300,-36047,-36047,18024,2,2,-36047,-36047,0,1,1,0,,0,3,3,0,3,4,0,0,2253,,0,2,1,
2026-09-12T19:29:33.720Z,85672796000000,4154740,17741,-44001,-44014,,-38300,-36047,-36047,18024,2,2,-36047,-36047,0,1,1,0,,0,3,3,0,3,4,0,0,2253,,0,2,1,
2026-09-12T19:29:33.825Z,85672906000000,4154845,17742,-44003,-44013,,-38300,-37174,-37174,18024,2,2,-37174,-37174,0,1,1,0,,0,3,3,0,3,4,0,0,2253,,0,2,1,
2026-09-12T19:29:34.019Z,85673093000000,4154949,17743,-44010,-44012,,-39427,-38300,-38300,18024,2,2,-38300,-38300,0,1,1,0,,0,3,3,0,3,4,0,0,2253,,0,2,1,
2026-09-12T19:29:34.124Z,85673203000000,4155098,17745,-44012,-44011,,-39427,-39427,-39427,18024,2,2,-39427,-39427,0,1,1,0,,0,3,3,0,3,4,0,0,3380,,0,2,1,
2026-09-12T19:29:34.228Z,85673296000000,4155247,17746,-44021,-44011,,-39427,-39427,-39427,18024,2,2,-39427,-39427,0,1,1,0,,0,3,3,0,3,4,0,0,3380,,0,2,1,
2026-09-12T19:29:34.333Z,85673406000000,4155352,17747,-44017,-44012,,-39427,-38300,-38300,18024,2,2,-38300,-38300,0,1,1,0,,0,3,3,0,3,4,0,0,3380,,0,2,1,
2026-09-12T19:29:34.438Z,85673515000000,4155457,17748,-44022,-44013,,-39427,-37174,-37174,18024,2,2,-37174,-37174,0,1,1,0,,0,3,3,0,3,4,0,0,3380,,0,2,1,
2026-09-12T19:29:34.541Z,85673609000000,4155561,17749,-44018,-44014,,-39427,-36047,-36047,18024,2,2,-36047,-36047,0,1,1,0,,0,3,3,0,3,4,0,0,3380,,0,2,1,
2026-09-12T19:29:34.644Z,85673718000000,4155684,17751,-44003,-44014,,-39427,-36047,-36047,18024,2,2,-36047,-36047,0,1,1,0,,0,3,3,0,3,4,0,0,4506,,0,2,1,
2026-09-12T19:29:34.748Z,85673828000000,4155784,17752,-44013,-44013,,-39427,-37174,-37174,18024,2,2,-37174,-37174,0,1,1,0,,0,3,3,0,3,4,0,0,4506,,0,2,1,
2026-09-12T19:29:34.851Z,85673921000000,4155884,17753,-44023,-44013,,-39427,-37174,-37174,18024,2,2,-37174,-37174,0,1,1,0,,0,3,3,0,3,4,0,0,4506,,0,2,1,
2026-09-12T19:29:35.041Z,85674109000000,4155984,17754,-44023,-44014,,-34921,-36047,-36047,18024,2,2,-36047,-36047,0,1,1,0,,0,3,3,0,3,4,0,0,3379,,0,2,1,
2026-09-12T19:29:35.146Z,85674218000000,4156084,17755,-44002,-44015,,-34921,-34921,-34921,18024,2,2,-34921,-34921,0,1,1,0,,0,3,3,0,3,4,0,0,2253,,0,2,1,
2026-09-12T19:29:35.250Z,85674328000000,4156285,17757,-44034,-44015,,-34921,-34921,-34921,18024,2,2,-34921,-34921,0,1,1,0,,0,3,3,0,3,4,0,0,2253,,0,2,1,
2026-09-12T19:29:35.353Z,85674421000000,4156385,17758,-44027,-44017,,-34921,-32668,-32668,18024,2,2,-32668,-32668,0,1,1,0,,0,3,3,0,3,4,0,0,4506,,0,2,1,
2026-09-12T19:29:35.457Z,85674531000000,4156485,17759,-44025,-44018,,-34921,-31541,-31541,18024,2,2,-31541,-31541,0,1,1,0,,0,3,3,0,3,4,0,0,5633,,0,2,1,
2026-09-12T19:29:35.562Z,85674640000000,4156585,17760,-44014,-44019,,-34921,-30415,-30415,18024,2,2,-30415,-30415,0,1,1,0,,0,3,3,0,3,4,0,0,6759,,0,2,1,
2026-09-12T19:29:35.665Z,85674734000000,4156685,17761,-44020,-44019,,-34921,-30415,-30415,18024,2,2,-30415,-30415,0,1,1,0,,0,3,3,0,3,4,0,0,5632,,0,2,1,
2026-09-12T19:29:35.771Z,85674843000000,4156790,17762,-44033,-44019,,-34921,-30415,-30415,18024,2,2,-30415,-30415,0,1,1,0,,0,3,3,0,3,4,0,0,4506,,0,2,1,
2026-09-12T19:29:35.875Z,85674953000000,4156895,17763,-44029,-44020,,-34921,-29288,-29288,18024,2,2,-29288,-29288,0,1,1,0,,0,3,3,0,3,4,0,0,5633,,0,2,1,
2026-09-12T19:29:36.066Z,85675140000000,4156999,17764,-44011,-44021,,-29288,-28162,-28162,18024,2,2,-28162,-28162,0,1,1,0,,0,3,3,0,3,4,0,0,6759,,0,2,1,
2026-09-12T19:29:36.171Z,85675250000000,4157196,17766,-44030,-44019,,-29288,-30415,-30415,18024,2,2,-30415,-30415,0,1,1,0,,0,3,3,0,3,4,0,0,3379,,0,2,1,
2026-09-12T19:29:36.275Z,85675343000000,4157294,17767,-44038,-44020,,-29288,-29288,-29288,18024,2,2,-29288,-29288,0,1,1,0,,0,3,3,0,3,4,0,0,2253,,0,2,1,
2026-09-12T19:29:36.379Z,85675453000000,4157399,17768,-44031,-44021,,-29288,-28162,-28162,18024,2,2,-28162,-28162,0,1,1,0,,0,3,3,0,3,4,0,0,2253,,0,2,1,
2026-09-12T19:29:36.484Z,85675562000000,4157503,17769,-44029,-44022,,-29288,-27035,-27035,18024,2,2,-27035,-27035,0,1,1,0,,0,3,3,0,3,4,0,0,3380,,0,2,1,
2026-09-12T19:29:36.589Z,85675656000000,4157607,17770,-44028,-44023,,-29288,-25909,-25909,18024,2,2,-25909,-25909,0,1,1,0,,0,3,3,0,3,4,0,0,4506,,0,2,1,
2026-09-12T19:29:36.694Z,85675765000000,4157713,17771,-44029,-44024,,-29288,-24783,-24783,18024,2,2,-24783,-24783,0,1,1,0,,0,3,3,0,3,4,0,0,5632,,0,2,1,
2026-09-12T19:29:36.798Z,85675875000000,4157817,17772,-44002,-44025,,-29288,-23656,-23656,18024,2,2,-23656,-23656,0,1,1,0,,0,3,3,0,3,4,0,0,6759,,0,2,1,
2026-09-12T19:29:36.904Z,85675984000000,4157922,17773,-44008,-44023,,-29288,-25909,-25909,18024,2,2,-25909,-25909,0,1,1,0,,0,3,3,0,3,4,0,0,6759,,0,2,1,
2026-09-12T19:29:37.093Z,85676171000000,4158027,17774,-44017,-44021,,-29288,-28162,-28162,18024,2,2,-28162,-28162,0,1,1,0,,0,3,3,0,3,4,0,0,5632,,0,2,1,
2026-09-12T19:29:37.198Z,85676265000000,4158224,17776,-44020,-44020,,-29288,-29288,-29288,18024,2,2,-29288,-29288,0,1,1,0,,0,3,3,0,3,4,0,0,5632,,0,2,1,
2026-09-12T19:29:37.301Z,85676375000000,4158322,17777,-44046,-44020,,-29288,-29288,-29288,18024,2,2,-29288,-29288,0,1,1,0,,0,3,3,0,3,4,0,0,5632,,0,2,1,
2026-09-12T19:29:37.406Z,85676484000000,4158426,17778,-44029,-44021,,-29288,-28162,-28162,18024,2,2,-28162,-28162,0,1,1,0,,0,3,3,0,3,4,0,0,5632,,0,2,1,
2026-09-12T19:29:37.511Z,85676578000000,4158530,17779,-44041,-44024,,-29288,-24783,-24783,18024,2,2,-24783,-24783,0,1,1,0,,0,3,3,0,3,4,0,0,5632,,0,2,1,
2026-09-12T19:29:37.615Z,85676687000000,4158635,17780,-44028,-44025,,-29288,-23656,-23656,18024,2,2,-23656,-23656,0,1,1,0,,0,3,3,0,3,4,0,0,5632,,0,2,1,
2026-09-12T19:29:37.720Z,85676796000000,4158739,17781,-44015,-44025,,-29288,-23656,-23656,18024,2,2,-23656,-23656,0,1,1,0,,0,3,3,0,3,4,0,0,5632,,0,2,1,
2026-09-12T19:29:37.824Z,85676890000000,4158843,17782,-44026,-44025,,-29288,-23656,-23656,18024,2,2,-23656,-23656,0,1,1,0,,0,3,3,0,3,4,0,0,5632,,0,2,1,
2026-09-12T19:29:37.929Z,85677000000000,4158948,17783,-44028,-44025,,-29288,-23656,-23656,18024,2,2,-23656,-23656,0,1,1,0,,0,3,3,0,3,4,0,0,5632,,0,2,1,
2026-09-12T19:29:38.120Z,85677187000000,4159054,17784,-44036,-44025,,-20277,-23656,-23656,18024,2,2,-23656,-23656,0,1,1,0,,0,3,3,0,3,4,0,0,5632,,0,2,1,
2026-09-12T19:29:38.226Z,85677296000000,4159201,17786,-44040,-44028,,-20277,-20277,-20277,18024,2,2,-20277,-20277,0,1,1,0,,0,3,3,0,3,4,0,0,4506,,0,2,1,
2026-09-12T19:29:38.330Z,85677406000000,4159350,17787,-44033,-44030,,-20277,-18024,-18024,18024,2,2,-18024,-18024,0,1,1,0,,0,3,3,0,3,4,0,0,5632,,0,2,1,
2026-09-12T19:29:38.434Z,85677500000000,4159454,17788,-44022,-44030,,-20277,-18024,-18024,18024,2,2,-18024,-18024,0,1,1,0,,0,3,3,0,3,4,0,0,5632,,0,2,1,
2026-09-12T19:29:38.538Z,85677609000000,4159558,17789,-44025,-44029,,-20277,-19150,-19150,18024,2,2,-19150,-19150,0,1,1,0,,0,3,3,0,3,4,0,0,5632,,0,2,1,
2026-09-12T19:29:38.642Z,85677718000000,4159662,17790,-44038,-44028,,-20277,-20277,-20277,18024,2,2,-20277,-20277,0,1,1,0,,0,3,3,0,3,4,0,0,5632,,0,2,1,
2026-09-12T19:29:38.747Z,85677812000000,4159767,17791,-44034,-44029,,-20277,-19150,-19150,18024,2,2,-19150,-19150,0,1,1,0,,0,3,3,0,3,4,0,0,5632,,0,2,1,
2026-09-12T19:29:38.852Z,85677921000000,4159891,17793,-44034,-44031,,-20277,-16897,-16897,18024,2,2,-16897,-16897,0,1,1,0,,0,3,3,0,3,4,0,0,3380,,0,2,1,
2026-09-12T19:29:38.955Z,85678031000000,4159991,17794,-44041,-44032,,-20277,-15771,-15771,18024,2,2,-15771,-15771,0,1,1,0,,0,3,3,0,3,4,0,0,4506,,0,2,1,
2026-09-12T19:29:39.143Z,85678218000000,4160091,17795,-44051,-44033,,-13518,-14644,-14644,18024,2,2,-14644,-14644,0,1,1,0,,0,3,3,0,3,4,0,0,5633,,0,2,1,
2026-09-12T19:29:39.248Z,85678328000000,4160192,17796,-44026,-44034,,-13518,-13518,-13518,18024,2,2,-13518,-13518,0,1,1,0,,0,3,3,0,3,4,0,0,6759,,0,2,1,
2026-09-12T19:29:39.352Z,85678421000000,4160372,17797,-44019,-44033,,-13518,-14644,-14644,18024,2,2,-14644,-14644,0,1,1,0,,0,3,3,0,3,4,0,0,6759,,0,2,1,
2026-09-12T19:29:39.455Z,85678531000000,4160492,17799,-44027,-44029,,-13518,-19150,-19150,18024,2,2,-19150,-19150,0,1,1,0,,0,3,3,0,3,4,0,0,5632,,0,2,1,
2026-09-12T19:29:39.558Z,85678625000000,4160592,17800,-44023,-44028,,-13518,-20277,-20277,18024,2,2,-20277,-20277,0,1,1,0,,0,3,3,0,3,4,0,0,6759,,0,2,1,
2026-09-12T19:29:39.660Z,85678734000000,4160693,17801,-44032,-44028,,-13518,-20277,-20277,18024,2,2,-20277,-20277,0,1,1,0,,0,3,3,0,3,4,0,0,6759,,0,2,1,
2026-09-12T19:29:39.763Z,85678828000000,4160793,17802,-44032,-44029,,-13518,-19150,-19150,18024,2,2,-19150,-19150,0,1,1,0,,0,3,3,0,3,4,0,0,6759,,0,2,1,
2026-09-12T19:29:39.865Z,85678937000000,4160893,17803,-44020,-44029,,-13518,-19150,-19150,18024,2,2,-19150,-19150,0,1,1,0,,0,3,3,0,3,4,0,0,6759,,0,2,1,
2026-09-12T19:29:39.970Z,85679046000000,4160993,17804,-44040,-44029,,-13518,-19150,-19150,18024,2,2,-19150,-19150,0,1,1,0,,0,3,3,0,3,4,0,0,5633,,0,2,1,
2026-09-12T19:29:40.161Z,85679234000000,4161095,17805,-44021,-44028,,-21403,-20277,-20277,18024,2,2,-20277,-20277,0,1,1,0,,0,3,3,0,3,4,0,0,3380,,0,2,1,
2026-09-12T19:29:40.264Z,85679343000000,4161293,17807,-44009,-44026,,-21403,-22530,-22530,18024,2,2,-22530,-22530,0,1,1,0,,0,3,3,0,3,4,0,0,3380,,0,2,1,
2026-09-12T19:29:40.367Z,85679437000000,4161394,17808,-44012,-44024,,-21403,-24783,-24783,18024,2,2,-24783,-24783,0,1,1,0,,0,3,3,0,3,4,0,0,5633,,0,2,1,
2026-09-12T19:29:40.472Z,85679546000000,4161494,17809,-44007,-44022,,-21403,-27035,-27035,18024,2,2,-27035,-27035,0,1,1,0,,0,3,3,0,3,4,0,0,7885,,0,2,1,
2026-09-12T19:29:40.576Z,85679656000000,4161596,17810,-44017,-44021,,-21403,-28162,-28162,18024,2,2,-28162,-28162,0,1,1,0,,0,3,3,0,3,4,0,0,9012,,0,2,1,
2026-09-12T19:29:40.680Z,85679750000000,4161700,17811,-44033,-44020,,-21403,-29288,-29288,18024,2,2,-29288,-29288,0,1,1,0,,0,3,3,0,3,4,0,0,10138,,0,2,1,
2026-09-12T19:29:40.785Z,85679859000000,4161804,17812,-44029,-44021,,-21403,-28162,-28162,18024,2,2,-28162,-28162,0,1,1,0,,0,3,3,0,3,4,0,0,9011,,0,2,1,
2026-09-12T19:29:40.890Z,85679968000000,4161909,17813,-44017,-44022,,-21403,-27035,-27035,18024,2,2,-27035,-27035,0,1,1,0,,0,3,3,0,3,4,0,0,7885,,0,2,1,
2026-09-12T19:29:40.995Z,85680062000000,4162015,17814,-44027,-44023,,-21403,-25909,-25909,18024,2,2,-25909,-25909,0,1,1,0,,0,3,3,0,3,4,0,0,6758,,0,2,1,
2026-09-12T19:29:41.187Z,85680265000000,4162119,17815,-44039,-44024,,-24783,-24783,-24783,18024,2,2,-24783,-24783,0,1,1,0,,0,3,3,0,3,4,0,0,4505,,0,2,1,
2026-09-12T19:29:41.291Z,85680359000000,4162317,17817,-44039,-44026,,-24783,-22530,-22530,18024,2,2,-22530,-22530,0,1,1,0,,0,3,3,0,3,4,0,0,6758,,0,2,1,
2026-09-12T19:29:41.396Z,85680468000000,4162416,17818,-44037,-44027,,-24783,-21403,-21403,18024,2,2,-21403,-21403,0,1,1,0,,0,3,3,0,3,4,0,0,7885,,0,2,1,
2026-09-12T19:29:41.500Z,85680578000000,4162520,17819,-44022,-44028,,-24783,-20277,-20277,18024,2,2,-20277,-20277,0,1,1,0,,0,3,3,0,3,4,0,0,7885,,0,2,1,
2026-09-12T19:29:41.604Z,85680671000000,4162624,17820,-44013,-44027,,-24783,-21403,-21403,18024,2,2,-21403,-21403,0,1,1,0,,0,3,3,0,3,4,0,0,6758,,0,2,1,
2026-09-12T19:29:41.711Z,85680781000000,4162728,17821,-44018,-44026,,-24783,-22530,-22530,18024,2,2,-22530,-22530,0,1,1,0,,0,3,3,0,3,4,0,0,5632,,0,2,1,
2026-09-12T19:29:41.815Z,85680890000000,4162835,17822,-44024,-44025,,-24783,-23656,-23656,18024,2,2,-23656,-23656,0,1,1,0,,0,3,3,0,3,4,0,0,4506,,0,2,1,
2026-09-12T19:29:41.920Z,85681000000000,4162939,17823,-44019,-44024,,-24783,-24783,-24783,18024,2,2,-24783,-24783,0,1,1,0,,0,3,3,0,3,4,0,0,4506,,0,2,1,
2026-09-12T19:29:42.025Z,85681093000000,4163044,17824,-44015,-44023,,-24783,-25909,-25909,18024,2,2,-25909,-25909,0,1,1,0,,0,3,3,0,3,4,0,0,5632,,0,2,1,
2026-09-12T19:29:42.219Z,85681296000000,4163149,17825,-44014,-44022,,-27035,-27035,-27035,18024,2,2,-27035,-27035,0,1,1,0,,0,3,3,0,3,4,0,0,6758,,0,2,1,
2026-09-12T19:29:42.323Z,85681390000000,4163298,17827,-44027,-44022,,-27035,-27035,-27035,18024,2,2,-27035,-27035,0,1,1,0,,0,3,3,0,3,4,0,0,6759,,0,2,1,
2026-09-12T19:29:42.428Z,85681500000000,4163447,17828,-44017,-44023,,-27035,-25909,-25909,18024,2,2,-25909,-25909,0,1,1,0,,0,3,3,0,3,4,0,0,5632,,0,2,1,
2026-09-12T19:29:42.531Z,85681609000000,4163552,17829,-44027,-44024,,-27035,-24783,-24783,18024,2,2,-24783,-24783,0,1,1,0,,0,3,3,0,3,4,0,0,4506,,0,2,1,
2026-09-12T19:29:42.636Z,85681703000000,4163656,17830,-44023,-44024,,-27035,-24783,-24783,18024,2,2,-24783,-24783,0,1,1,0,,0,3,3,0,3,4,0,0,3379,,0,2,1,
2026-09-12T19:29:42.740Z,85681812000000,4163760,17831,-44019,-44024,,-27035,-24783,-24783,18024,2,2,-24783,-24783,0,1,1,0,,0,3,3,0,3,4,0,0,3379,,0,2,1,
2026-09-12T19:29:42.845Z,85681921000000,4163865,17832,-44018,-44023,,-27035,-25909,-25909,18024,2,2,-25909,-25909,0,1,1,0,,0,3,3,0,3,4,0,0,3379,,0,2,1,
2026-09-12T19:29:42.951Z,85682031000000,4163969,17833,-44010,-44022,,-27035,-27035,-27035,18024,2,2,-27035,-27035,0,1,1,0,,0,3,3,0,3,4,0,0,3379,,0,2,1,
2026-09-12T19:29:43.055Z,85682125000000,4164075,17834,-44018,-44021,,-27035,-28162,-28162,18024,2,2,-28162,-28162,0,1,1,0,,0,3,3,0,3,4,0,0,3379,,0,2,1,
2026-09-12T19:29:43.244Z,85682312000000,4164199,17836,-44023,-44021,,-28162,-28162,-28162,18024,2,2,-28162,-28162,0,1,1,0,,0,3,3,0,3,4,0,0,3379,,0,2,1,
2026-09-12T19:29:43.348Z,85682421000000,4164299,17837,-44016,-44021,,-28162,-28162,-28162,18024,2,2,-28162,-28162,0,1,1,0,,0,3,3,0,3,4,0,0,3379,,0,2,1,
2026-09-12T19:29:43.454Z,85682531000000,4164473,17838,-44027,-44021,,-28162,-28162,-28162,18024,2,2,-28162,-28162,0,1,1,0,,0,3,3,0,3,4,0,0,3379,,0,2,1,
2026-09-12T19:29:43.558Z,85682625000000,4164577,17839,-44027,-44022,,-28162,-27035,-27035,18024,2,2,-27035,-27035,0,1,1,0,,0,3,3,0,3,4,0,0,2253,,0,2,1,
2026-09-12T19:29:43.661Z,85682734000000,4164700,17841,-44023,-44024,,-28162,-24783,-24783,18024,2,2,-24783,-24783,0,1,1,0,,0,3,3,0,3,4,0,0,3379,,0,2,1,
2026-09-12T19:29:43.764Z,85682843000000,4164800,17842,-44016,-44024,,-28162,-24783,-24783,18024,2,2,-24783,-24783,0,1,1,0,,0,3,3,0,3,4,0,0,3379,,0,2,1,
2026-09-12T19:29:43.869Z,85682937000000,4164900,17843,-44020,-44023,,-28162,-25909,-25909,18024,2,2,-25909,-25909,0,1,1,0,,0,3,3,0,3,4,0,0,3379,,0,2,1,
2026-09-12T19:29:43.971Z,85683046000000,4165000,17844,-44022,-44023,,-28162,-25909,-25909,18024,2,2,-25909,-25909,0,1,1,0,,0,3,3,0,3,4,0,0,3379,,0,2,1,
2026-09-12T19:29:44.074Z,85683140000000,4165100,17845,-44008,-44023,,-28162,-25909,-25909,18024,2,2,-25909,-25909,0,1,1,0,,0,3,3,0,3,4,0,0,3379,,0,2,1,
2026-09-12T19:29:44.264Z,85683343000000,4165200,17846,-44011,-44021,,-29288,-28162,-28162,18024,2,2,-28162,-28162,0,1,1,0,,0,3,3,0,3,4,0,0,3379,,0,2,1,
2026-09-12T19:29:44.367Z,85683437000000,4165401,17848,-44004,-44019,,-29288,-30415,-30415,18024,2,2,-30415,-30415,0,1,1,0,,0,3,3,0,3,4,0,0,5632,,0,2,1,
2026-09-12T19:29:44.471Z,85683546000000,4165501,17849,-43999,-44017,,-29288,-32668,-32668,18024,2,2,-32668,-32668,0,1,1,0,,0,3,3,0,3,4,0,0,7885,,0,2,1,
2026-09-12T19:29:44.574Z,85683640000000,4165601,17850,-44020,-44015,,-29288,-34921,-34921,18024,2,2,-34921,-34921,0,1,1,0,,0,3,3,0,3,4,0,0,9012,,0,2,1,
2026-09-12T19:29:44.678Z,85683750000000,4165701,17851,-44018,-44015,,-29288,-34921,-34921,18024,2,2,-34921,-34921,0,1,1,0,,0,3,3,0,3,4,0,0,9012,,0,2,1,
2026-09-12T19:29:44.784Z,85683859000000,4165803,17852,-44023,-44016,,-29288,-33794,-33794,18024,2,2,-33794,-33794,0,1,1,0,,0,3,3,0,3,4,0,0,9012,,0,2,1,
2026-09-12T19:29:44.889Z,85683968000000,4165907,17853,-44019,-44016,,-29288,-33794,-33794,18024,2,2,-33794,-33794,0,1,1,0,,0,3,3,0,3,4,0,0,6759,,0,2,1,
2026-09-12T19:29:44.993Z,85684062000000,4166013,17854,-44009,-44016,,-29288,-33794,-33794,18024,2,2,-33794,-33794,0,1,1,0,,0,3,3,0,3,4,0,0,5633,,0,2,1,
2026-09-12T19:29:45.097Z,85684171000000,4166117,17855,-44008,-44015,,-29288,-34921,-34921,18024,2,2,-34921,-34921,0,1,1,0,,0,3,3,0,3,4,0,0,4506,,0,2,1,
2026-09-12T19:29:45.288Z,85684359000000,4166221,17856,-44022,-44014,,-37174,-36047,-36047,18024,2,2,-36047,-36047,0,1,1,0,,0,3,3,0,3,4,0,0,3379,,0,2,1,
2026-09-12T19:29:45.392Z,85684468000000,4166418,17858,-44015,-44013,,-37174,-37174,-37174,18024,2,2,-37174,-37174,0,1,1,0,,0,3,3,0,3,4,0,0,3380,,0,2,1,
2026-09-12T19:29:45.497Z,85684562000000,4166517,17859,-44024,-44013,,-37174,-37174,-37174,18024,2,2,-37174,-37174,0,1,1,0,,0,3,3,0,3,4,0,0,3380,,0,2,1,
2026-09-12T19:29:45.601Z,85684671000000,4166621,17860,-44019,-44014,,-37174,-36047,-36047,18024,2,2,-36047,-36047,0,1,1,0,,0,3,3,0,3,4,0,0,3380,,0,2,1,
2026-09-12T19:29:45.705Z,85684781000000,4166726,17861,-44008,-44015,,-37174,-34921,-34921,18024,2,2,-34921,-34921,0,1,1,0,,0,3,3,0,3,4,0,0,3380,,0,2,1,
2026-09-12T19:29:45.809Z,85684875000000,4166830,17862,-44012,-44015,,-37174,-34921,-34921,18024,2,2,-34921,-34921,0,1,1,0,,0,3,3,0,3,4,0,0,2253,,0,2,1,
2026-09-12T19:29:45.915Z,85684984000000,4166934,17863,-44011,-44014,,-37174,-36047,-36047,18024,2,2,-36047,-36047,0,1,1,0,,0,3,3,0,3,4,0,0,2253,,0,2,1,
2026-09-12T19:29:46.019Z,85685093000000,4167039,17864,-44011,-44014,,-37174,-36047,-36047,18024,2,2,-36047,-36047,0,1,1,0,,0,3,3,0,3,4,0,0,2253,,0,2,1,
2026-09-12T19:29:46.125Z,85685203000000,4167144,17865,-44018,-44014,,-37174,-36047,-36047,18024,2,2,-36047,-36047,0,1,1,0,,0,3,3,0,3,4,0,0,2253,,0,2,1,
2026-09-12T19:29:46.317Z,85685390000000,4167249,17866,-44024,-44015,,-34921,-34921,-34921,18024,2,2,-34921,-34921,0,1,1,0,,0,3,3,0,3,4,0,0,2253,,0,2,1,
2026-09-12T19:29:46.422Z,85685500000000,4167404,17868,-44016,-44015,,-34921,-34921,-34921,18024,2,2,-34921,-34921,0,1,1,0,,0,3,3,0,3,4,0,0,1126,,0,2,1,
2026-09-12T19:29:46.526Z,85685593000000,4167546,17869,-44000,-44014,,-34921,-36047,-36047,18024,2,2,-36047,-36047,0,1,1,0,,0,3,3,0,3,4,0,0,1126,,0,2,1,
2026-09-12T19:29:46.631Z,85685703000000,4167651,17870,-43995,-44012,,-34921,-38300,-38300,18024,2,2,-38300,-38300,0,1,1,0,,0,3,3,0,3,4,0,0,3379,,0,2,1,
2026-09-12T19:29:46.736Z,85685812000000,4167755,17871,-44035,-44010,,-34921,-40553,-40553,18024,2,2,-40553,-40553,0,1,1,0,,0,3,3,0,3,4,0,0,5632,,0,2,1,
2026-09-12T19:29:46.839Z,85685906000000,4167861,17872,-44031,-44013,,-34921,-37174,-37174,18024,2,2,-37174,-37174,0,1,1,0,,0,3,3,0,3,4,0,0,5632,,0,2,1,
2026-09-12T19:29:46.945Z,85686015000000,4167965,17873,-44036,-44016,,-34921,-33794,-33794,18024,2,2,-33794,-33794,0,1,1,0,,0,3,3,0,3,4,0,0,6759,,0,2,1,
2026-09-12T19:29:47.049Z,85686125000000,4168069,17874,-44027,-44018,,-34921,-31541,-31541,18024,2,2,-31541,-31541,0,1,1,0,,0,3,3,0,3,4,0,0,9012,,0,2,1,
2026-09-12T19:29:47.154Z,85686234000000,4168174,17875,-44019,-44019,,-34921,-30415,-30415,18024,2,2,-30415,-30415,0,1,1,0,,0,3,3,0,3,4,0,0,10138,,0,2,1,
2026-09-12T19:29:47.343Z,85686421000000,4168278,17876,-44034,-44020,,-29288,-29288,-29288,18024,2,2,-29288,-29288,0,1,1,0,,0,3,3,0,3,4,0,0,11265,,0,2,1,
2026-09-12T19:29:47.450Z,85686515000000,4168425,17878,-44020,-44020,,-29288,-29288,-29288,18024,2,2,-29288,-29288,0,1,1,0,,0,3,3,0,3,4,0,0,11265,,0,2,1,
2026-09-12T19:29:47.554Z,85686625000000,4168575,17879,-44024,-44020,,-29288,-29288,-29288,18024,2,2,-29288,-29288,0,1,1,0,,0,3,3,0,3,4,0,0,7886,,0,2,1,
2026-09-12T19:29:47.658Z,85686734000000,4168679,17880,-44027,-44021,,-29288,-28162,-28162,18024,2,2,-28162,-28162,0,1,1,0,,0,3,3,0,3,4,0,0,5632,,0,2,1,
2026-09-12T19:29:47.763Z,85686828000000,4168783,17881,-44037,-44022,,-29288,-27035,-27035,18024,2,2,-27035,-27035,0,1,1,0,,0,3,3,0,3,4,0,0,4506,,0,2,1,
2026-09-12T19:29:47.867Z,85686937000000,4168887,17882,-44018,-44023,,-29288,-25909,-25909,18024,2,2,-25909,-25909,0,1,1,0,,0,3,3,0,3,4,0,0,4506,,0,2,1,
2026-09-12T19:29:47.970Z,85687046000000,4169007,17884,-44031,-44023,,-29288,-25909,-25909,18024,2,2,-25909,-25909,0,1,1,0,,0,3,3,0,3,4,0,0,3379,,0,2,1,
2026-09-12T19:29:48.073Z,85687140000000,4169108,17885,-44003,-44023,,-29288,-25909,-25909,18024,2,2,-25909,-25909,0,1,1,0,,0,3,3,0,3,4,0,0,3379,,0,2,1,
2026-09-12T19:29:48.176Z,85687250000000,4169208,17886,-44008,-44021,,-29288,-28162,-28162,18024,2,2,-28162,-28162,0,1,1,0,,0,3,3,0,3,4,0,0,3379,,0,2,1,
2026-09-12T19:29:48.365Z,85687437000000,4169308,17887,-44014,-44019,,-31541,-30415,-30415,18024,2,2,-30415,-30415,0,1,1,0,,0,3,3,0,3,4,0,0,4506,,0,2,1,
2026-09-12T19:29:48.470Z,85687546000000,4169508,17889,-44014,-44017,,-31541,-32668,-32668,18024,2,2,-32668,-32668,0,1,1,0,,0,3,3,0,3,4,0,0,6759,,0,2,1,
2026-09-12T19:29:48.572Z,85687640000000,4169608,17890,-44025,-44017,,-31541,-32668,-32668,18024,2,2,-32668,-32668,0,1,1,0,,0,3,3,0,3,4,0,0,6759,,0,2,1,
2026-09-12T19:29:48.674Z,85687750000000,4169709,17891,-44041,-44018,,-31541,-31541,-31541,18024,2,2,-31541,-31541,0,1,1,0,,0,3,3,0,3,4,0,0,6759,,0,2,1,
2026-09-12T19:29:48.779Z,85687859000000,4169809,17892,-44029,-44019,,-31541,-30415,-30415,18024,2,2,-30415,-30415,0,1,1,0,,0,3,3,0,3,4,0,0,6759,,0,2,1,
2026-09-12T19:29:48.885Z,85687953000000,4169909,17893,-44021,-44020,,-31541,-29288,-29288,18024,2,2,-29288,-29288,0,1,1,0,,0,3,3,0,3,4,0,0,4506,,0,2,1,
2026-09-12T19:29:48.989Z,85688062000000,4170010,17894,-44010,-44020,,-31541,-29288,-29288,18024,2,2,-29288,-29288,0,1,1,0,,0,3,3,0,3,4,0,0,3380,,0,2,1,
2026-09-12T19:29:49.093Z,85688171000000,4170114,17895,-44017,-44020,,-31541,-29288,-29288,18024,2,2,-29288,-29288,0,1,1,0,,0,3,3,0,3,4,0,0,3380,,0,2,1,
2026-09-12T19:29:49.197Z,85688265000000,4170218,17896,-44004,-44019,,-31541,-30415,-30415,18024,2,2,-30415,-30415,0,1,1,0,,0,3,3,0,3,4,0,0,3380,,0,2,1,
2026-09-12T19:29:49.390Z,85688468000000,4170322,17897,-44007,-44017,,-33794,-32668,-32668,18024,2,2,-32668,-32668,0,1,1,0,,0,3,3,0,3,4,0,0,3380,,0,2,1,
2026-09-12T19:29:49.495Z,85688562000000,4170521,17899,-44018,-44015,,-33794,-34921,-34921,18024,2,2,-34921,-34921,0,1,1,0,,0,3,3,0,3,4,0,0,5633,,0,2,1,
2026-09-12T19:29:49.599Z,85688671000000,4170619,17900,-44019,-44015,,-33794,-34921,-34921,18024,2,2,-34921,-34921,0,1,1,0,,0,3,3,0,3,4,0,0,5633,,0,2,1,
2026-09-12T19:29:49.705Z,85688781000000,4170724,17901,-44003,-44015,,-33794,-34921,-34921,18024,2,2,-34921,-34921,0,1,1,0,,0,3,3,0,3,4,0,0,5633,,0,2,1,
2026-09-12T19:29:49.810Z,85688875000000,4170828,17902,-44003,-44013,,-33794,-37174,-37174,18024,2,2,-37174,-37174,0,1,1,0,,0,3,3,0,3,4,0,0,7886,,0,2,1,
2026-09-12T19:29:49.915Z,85688984000000,4170934,17903,-43998,-44012,,-33794,-38300,-38300,18024,2,2,-38300,-38300,0,1,1,0,,0,3,3,0,3,4,0,0,7885,,0,2,1,
2026-09-12T19:29:50.019Z,85689093000000,4171039,17904,-44003,-44011,,-33794,-39427,-39427,18024,2,2,-39427,-39427,0,1,1,0,,0,3,3,0,3,4,0,0,6759,,0,2,1,
2026-09-12T19:29:50.124Z,85689203000000,4171144,17905,-44000,-44010,,-33794,-40553,-40553,18024,2,2,-40553,-40553,0,1,1,0,,0,3,3,0,3,4,0,0,6759,,0,2,1,
2026-09-12T19:29:50.229Z,85689296000000,4171248,17906,-44018,-44009,,-33794,-41680,-41680,18024,2,2,-41680,-41680,0,1,1,0,,0,3,3,0,3,4,0,0,6759,,0,2,1,
2026-09-12T19:29:50.421Z,85689500000000,4171354,17907,-44016,-44010,,-38300,-40553,-40553,18024,2,2,-40553,-40553,0,1,1,0,,0,3,3,0,3,4,0,0,6759,,0,2,1,
2026-09-12T19:29:50.526Z,85689593000000,4171511,17909,-44018,-44012,,-38300,-38300,-38300,18024,2,2,-38300,-38300,0,1,1,0,,0,3,3,0,3,4,0,0,4506,,0,2,1,
2026-09-12T19:29:50.631Z,85689703000000,4171651,17910,-44004,-44013,,-38300,-37174,-37174,18024,2,2,-37174,-37174,0,1,1,0,,0,3,3,0,3,4,0,0,4506,,0,2,1,
2026-09-12T19:29:50.734Z,85689812000000,4171756,17911,-44019,-44014,,-38300,-36047,-36047,18024,2,2,-36047,-36047,0,1,1,0,,0,3,3,0,3,4,0,0,5633,,0,2,1,
2026-09-12T19:29:50.839Z,85689906000000,4171860,17912,-44021,-44015,,-38300,-34921,-34921,18024,2,2,-34921,-34921,0,1,1,0,,0,3,3,0,3,4,0,0,6759,,0,2,1,
2026-09-12T19:29:50.945Z,85690015000000,4171964,17913,-44020,-44016,,-38300,-33794,-33794,18024,2,2,-33794,-33794,0,1,1,0,,0,3,3,0,3,4,0,0,7886,,0,2,1,
2026-09-12T19:29:51.050Z,85690125000000,4172069,17914,-44021,-44017,,-38300,-32668,-32668,18024,2,2,-32668,-32668,0,1,1,0,,0,3,3,0,3,4,0,0,7885,,0,2,1,
2026-09-12T19:29:51.154Z,85690234000000,4172174,17915,-44029,-44018,,-38300,-31541,-31541,18024,2,2,-31541,-31541,0,1,1,0,,0,3,3,0,3,4,0,0,7886,,0,2,1,
2026-09-12T19:29:51.260Z,85690328000000,4172280,17916,-44026,-44019,,-38300,-30415,-30415,18024,2,2,-30415,-30415,0,1,1,0,,0,3,3,0,3,4,0,0,7885,,0,2,1,
2026-09-12T19:29:51.452Z,85690531000000,4172384,17917,-44013,-44020,,-31541,-29288,-29288,18024,2,2,-29288,-29288,0,1,1,0,,0,3,3,0,3,4,0,0,7886,,0,2,1,
2026-09-12T19:29:51.557Z,85690625000000,4172533,17919,-44027,-44018,,-31541,-31541,-31541,18024,2,2,-31541,-31541,0,1,1,0,,0,3,3,0,3,4,0,0,5633,,0,2,1,
2026-09-12T19:29:51.661Z,85690734000000,4172682,17920,-44021,-44018,,-31541,-31541,-31541,18024,2,2,-31541,-31541,0,1,1,0,,0,3,3,0,3,4,0,0,4506,,0,2,1,
2026-09-12T19:29:51.766Z,85690843000000,4172786,17921,-44014,-44018,,-31541,-31541,-31541,18024,2,2,-31541,-31541,0,1,1,0,,0,3,3,0,3,4,0,0,3380,,0,2,1,
2026-09-12T19:29:51.871Z,85690937000000,4172891,17922,-44001,-44017,,-31541,-32668,-32668,18024,2,2,-32668,-32668,0,1,1,0,,0,3,3,0,3,4,0,0,3380,,0,2,1,
2026-09-12T19:29:51.974Z,85691046000000,4173015,17924,-44008,-44015,,-31541,-34921,-34921,18024,2,2,-34921,-34921,0,1,1,0,,0,3,3,0,3,4,0,0,5633,,0,2,1,
2026-09-12T19:29:52.077Z,85691156000000,4173115,17925,-44013,-44014,,-31541,-36047,-36047,18024,2,2,-36047,-36047,0,1,1,0,,0,3,3,0,3,4,0,0,5632,,0,2,1,
2026-09-12T19:29:52.180Z,85691250000000,4173215,17926,-44024,-44014,,-31541,-36047,-36047,18024,2,2,-36047,-36047,0,1,1,0,,0,3,3,0,3,4,0,0,4506,,0,2,1,
2026-09-12T19:29:52.283Z,85691359000000,4173315,17927,-44028,-44015,,-31541,-34921,-34921,18024,2,2,-34921,-34921,0,1,1,0,,0,3,3,0,3,4,0,0,4506,,0,2,1,
2026-09-12T19:29:52.472Z,85691546000000,4173415,17928,-44028,-44017,,-31541,-32668,-32668,18024,2,2,-32668,-32668,0,1,1,0,,0,3,3,0,3,4,0,0,4506,,0,2,1,
2026-09-12T19:29:52.576Z,85691656000000,4173615,17930,-44009,-44017,,-31541,-32668,-32668,18024,2,2,-32668,-32668,0,1,1,0,,0,3,3,0,3,4,0,0,4506,,0,2,1,
2026-09-12T19:29:52.679Z,85691750000000,4173716,17931,-44010,-44016,,-31541,-33794,-33794,18024,2,2,-33794,-33794,0,1,1,0,,0,3,3,0,3,4,0,0,4506,,0,2,1,
2026-09-12T19:29:52.783Z,85691859000000,4173816,17932,-44021,-44015,,-31541,-34921,-34921,18024,2,2,-34921,-34921,0,1,1,0,,0,3,3,0,3,4,0,0,4506,,0,2,1,
2026-09-12T19:29:52.886Z,85691953000000,4173916,17933,-44015,-44015,,-31541,-34921,-34921,18024,2,2,-34921,-34921,0,1,1,0,,0,3,3,0,3,4,0,0,4506,,0,2,1,
2026-09-12T19:29:52.991Z,85692062000000,4174016,17934,-44036,-44016,,-31541,-33794,-33794,18024,2,2,-33794,-33794,0,1,1,0,,0,3,3,0,3,4,0,0,3380,,0,2,1,
2026-09-12T19:29:53.096Z,85692171000000,4174116,17935,-44023,-44017,,-31541,-32668,-32668,18024,2,2,-32668,-32668,0,1,1,0,,0,3,3,0,3,4,0,0,3380,,0,2,1,
2026-09-12T19:29:53.200Z,85692265000000,4174221,17936,-44023,-44018,,-31541,-31541,-31541,18024,2,2,-31541,-31541,0,1,1,0,,0,3,3,0,3,4,0,0,3380,,0,2,1,
2026-09-12T19:29:53.305Z,85692375000000,4174325,17937,-44028,-44019,,-31541,-30415,-30415,18024,2,2,-30415,-30415,0,1,1,0,,0,3,3,0,3,4,0,0,4506,,0,2,1,
2026-09-12T19:29:53.499Z,85692578000000,4174429,17938,-44048,-44020,,-28162,-29288,-29288,18024,2,2,-29288,-29288,0,1,1,0,,0,3,3,0,3,4,0,0,5633,,0,2,1,
2026-09-12T19:29:53.604Z,85692671000000,4174629,17940,-44024,-44022,,-28162,-27035,-27035,18024,2,2,-27035,-27035,0,1,1,0,,0,3,3,0,3,4,0,0,7886,,0,2,1,
2026-09-12T19:29:53.710Z,85692781000000,4174728,17941,-44038,-44023,,-28162,-25909,-25909,18024,2,2,-25909,-25909,0,1,1,0,,0,3,3,0,3,4,0,0,7885,,0,2,1,
2026-09-12T19:29:53.815Z,85692890000000,4174834,17942,-44022,-44023,,-28162,-25909,-25909,18024,2,2,-25909,-25909,0,1,1,0,,0,3,3,0,3,4,0,0,6759,,0,2,1,
2026-09-12T19:29:53.920Z,85693000000000,4174939,17943,-44018,-44023,,-28162,-25909,-25909,18024,2,2,-25909,-25909,0,1,1,0,,0,3,3,0,3,4,0,0,5632,,0,2,1,
2026-09-12T19:29:54.024Z,85693093000000,4175045,17944,-44021,-44023,,-28162,-25909,-25909,18024,2,2,-25909,-25909,0,1,1,0,,0,3,3,0,3,4,0,0,4506,,0,2,1,
2026-09-12T19:29:54.129Z,85693203000000,4175149,17945,-43999,-44022,,-28162,-27035,-27035,18024,2,2,-27035,-27035,0,1,1,0,,0,3,3,0,3,4,0,0,3379,,0,2,1,
2026-09-12T19:29:54.234Z,85693312000000,4175254,17946,-44007,-44020,,-28162,-29288,-29288,18024,2,2,-29288,-29288,0,1,1,0,,0,3,3,0,3,4,0,0,3379,,0,2,1,
2026-09-12T19:29:54.339Z,85693406000000,4175360,17947,-44019,-44018,,-28162,-31541,-31541,18024,2,2,-31541,-31541,0,1,1,0,,0,3,3,0,3,4,0,0,5632,,0,2,1,
2026-09-12T19:29:54.530Z,85693609000000,4175464,17948,-44025,-44018,,-30415,-31541,-31541,18024,2,2,-31541,-31541,0,1,1,0,,0,3,3,0,3,4,0,0,5632,,0,2,1,
2026-09-12T19:29:54.634Z,85693703000000,4175619,17950,-44030,-44019,,-30415,-30415,-30415,18024,2,2,-30415,-30415,0,1,1,0,,0,3,3,0,3,4,0,0,5632,,0,2,1,
2026-09-12T19:29:54.738Z,85693812000000,4175760,17951,-44044,-44020,,-30415,-29288,-29288,18024,2,2,-29288,-29288,0,1,1,0,,0,3,3,0,3,4,0,0,5632,,0,2,1,
2026-09-12T19:29:54.843Z,85693921000000,4175864,17952,-44026,-44021,,-30415,-28162,-28162,18024,2,2,-28162,-28162,0,1,1,0,,0,3,3,0,3,4,0,0,4506,,0,2,1,
2026-09-12T19:29:54.947Z,85694015000000,4175968,17953,-44015,-44022,,-30415,-27035,-27035,18024,2,2,-27035,-27035,0,1,1,0,,0,3,3,0,3,4,0,0,4506,,0,2,1,
2026-09-12T19:29:55.051Z,85694125000000,4176073,17954,-44005,-44021,,-30415,-28162,-28162,18024,2,2,-28162,-28162,0,1,1,0,,0,3,3,0,3,4,0,0,4506,,0,2,1,
2026-09-12T19:29:55.155Z,85694234000000,4176177,17955,-44000,-44019,,-30415,-30415,-30415,18024,2,2,-30415,-30415,0,1,1,0,,0,3,3,0,3,4,0,0,4506,,0,2,1,
2026-09-12T19:29:55.260Z,85694328000000,4176281,17956,-43998,-44017,,-30415,-32668,-32668,18024,2,2,-32668,-32668,0,1,1,0,,0,3,3,0,3,4,0,0,5633,,0,2,1,
2026-09-12T19:29:55.364Z,85694437000000,4176385,17957,-44008,-44015,,-30415,-34921,-34921,18024,2,2,-34921,-34921,0,1,1,0,,0,3,3,0,3,4,0,0,7886,,0,2,1,
2026-09-12T19:29:55.557Z,85694625000000,4176489,17958,-44009,-44014,,-39427,-36047,-36047,18024,2,2,-36047,-36047,0,1,1,0,,0,3,3,0,3,4,0,0,9012,,0,2,1,
2026-09-12T19:29:55.661Z,85694734000000,4176638,17960,-43999,-44011,,-39427,-39427,-39427,18024,2,2,-39427,-39427,0,1,1,0,,0,3,3,0,3,4,0,0,12392,,0,2,1,
2026-09-12T19:29:55.764Z,85694843000000,4176787,17961,-43996,-44009,,-39427,-41680,-41680,18024,2,2,-41680,-41680,0,1,1,0,,0,3,3,0,3,4,0,0,13518,,0,2,1,
2026-09-12T19:29:55.869Z,85694937000000,4176890,17962,-44014,-44008,,-39427,-42806,-42806,18024,2,2,-42806,-42806,0,1,1,0,,0,3,3,0,3,4,0,0,12391,,0,2,1,
2026-09-12T19:29:55.974Z,85695046000000,4176994,17963,-44023,-44009,,-39427,-41680,-41680,18024,2,2,-41680,-41680,0,1,1,0,,0,3,3,0,3,4,0,0,10138,,0,2,1,
2026-09-12T19:29:56.078Z,85695156000000,4177099,17964,-44020,-44010,,-39427,-40553,-40553,18024,2,2,-40553,-40553,0,1,1,0,,0,3,3,0,3,4,0,0,7885,,0,2,1,
2026-09-12T19:29:56.181Z,85695250000000,4177222,17966,-44013,-44012,,-39427,-38300,-38300,18024,2,2,-38300,-38300,0,1,1,0,,0,3,3,0,3,4,0,0,5632,,0,2,1,
2026-09-12T19:29:56.284Z,85695359000000,4177322,17967,-44024,-44012,,-39427,-38300,-38300,18024,2,2,-38300,-38300,0,1,1,0,,0,3,3,0,3,4,0,0,4506,,0,2,1,
2026-09-12T19:29:56.388Z,85695468000000,4177422,17968,-44009,-44012,,-39427,-38300,-38300,18024,2,2,-38300,-38300,0,1,1,0,,0,3,3,0,3,4,0,0,4506,,0,2,1,
2026-09-12T19:29:56.577Z,85695656000000,4177522,17969,-44011,-44012,,-38300,-38300,-38300,18024,2,2,-38300,-38300,0,1,1,0,,0,3,3,0,3,4,0,0,4506,,0,2,1,
2026-09-12T19:29:56.683Z,85695750000000,4177622,17970,-44017,-44012,,-38300,-38300,-38300,18024,2,2,-38300,-38300,0,1,1,0,,0,3,3,0,3,4,0,0,3380,,0,2,1,
2026-09-12T19:29:56.785Z,85695859000000,4177823,17972,-44007,-44014,,-38300,-36047,-36047,18024,2,2,-36047,-36047,0,1,1,0,,0,3,3,0,3,4,0,0,3380,,0,2,1,
2026-09-12T19:29:56.889Z,85695968000000,4177923,17973,-44002,-44013,,-38300,-37174,-37174,18024,2,2,-37174,-37174,0,1,1,0,,0,3,3,0,3,4,0,0,2253,,0,2,1,
2026-09-12T19:29:56.992Z,85696062000000,4178023,17974,-44017,-44012,,-38300,-38300,-38300,18024,2,2,-38300,-38300,0,1,1,0,,0,3,3,0,3,4,0,0,2253,,0,2,1,
2026-09-12T19:29:57.095Z,85696171000000,4178123,17975,-44010,-44012,,-38300,-38300,-38300,18024,2,2,-38300,-38300,0,1,1,0,,0,3,3,0,3,4,0,0,2253,,0,2,1,
2026-09-12T19:29:57.199Z,85696265000000,4178223,17976,-44000,-44012,,-38300,-38300,-38300,18024,2,2,-38300,-38300,0,1,1,0,,0,3,3,0,3,4,0,0,2253,,0,2,1,
2026-09-12T19:29:57.304Z,85696375000000,4178325,17977,-44013,-44012,,-38300,-38300,-38300,18024,2,2,-38300,-38300,0,1,1,0,,0,3,3,0,3,4,0,0,2253,,0,2,1,
2026-09-12T19:29:57.410Z,85696484000000,4178429,17978,-44019,-44012,,-38300,-38300,-38300,18024,2,2,-38300,-38300,0,1,1,0,,0,3,3,0,3,4,0,0,2253,,0,2,1,
2026-09-12T19:29:57.601Z,85696671000000,4178535,17979,-44009,-44012,,-38300,-38300,-38300,18024,2,2,-38300,-38300,0,1,1,0,,0,3,3,0,3,4,0,0,2253,,0,2,1,
2026-09-12T19:29:57.705Z,85696781000000,4178733,17981,-44000,-44011,,-38300,-39427,-39427,18024,2,2,-39427,-39427,0,1,1,0,,0,3,3,0,3,4,0,0,1127,,0,2,1,
2026-09-12T19:29:57.810Z,85696890000000,4178831,17982,-44021,-44010,,-38300,-40553,-40553,18024,2,2,-40553,-40553,0,1,1,0,,0,3,3,0,3,4,0,0,2253,,0,2,1,
2026-09-12T19:29:57.914Z,85696984000000,4178935,17983,-44022,-44011,,-38300,-39427,-39427,18024,2,2,-39427,-39427,0,1,1,0,,0,3,3,0,3,4,0,0,2253,,0,2,1,
2026-09-12T19:29:58.019Z,85697093000000,4179040,17984,-44024,-44012,,-38300,-38300,-38300,18024,2,2,-38300,-38300,0,1,1,0,,0,3,3,0,3,4,0,0,2253,,0,2,1,
2026-09-12T19:29:58.124Z,85697203000000,4179144,17985,-44011,-44013,,-38300,-37174,-37174,18024,2,2,-37174,-37174,0,1,1,0,,0,3,3,0,3,4,0,0,3379,,0,2,1,
2026-09-12T19:29:58.229Z,85697296000000,4179249,17986,-44000,-44013,,-38300,-37174,-37174,18024,2,2,-37174,-37174,0,1,1,0,,0,3,3,0,3,4,0,0,3379,,0,2,1,
2026-09-12T19:29:58.333Z,85697406000000,4179354,17987,-43994,-44011,,-38300,-39427,-39427,18024,2,2,-39427,-39427,0,1,1,0,,0,3,3,0,3,4,0,0,3379,,0,2,1,
2026-09-12T19:29:58.438Z,85697515000000,4179459,17988,-44005,-44010,,-38300,-40553,-40553,18024,2,2,-40553,-40553,0,1,1,0,,0,3,3,0,3,4,0,0,3379,,0,2,1,
2026-09-12T19:29:58.630Z,85697703000000,4179564,17989,-44017,-44009,,-42806,-41680,-41680,18024,2,2,-41680,-41680,0,1,1,0,,0,3,3,0,3,4,0,0,4506,,0,2,1,
2026-09-12T19:29:58.734Z,85697812000000,4179761,17991,-44008,-44008,,-42806,-42806,-42806,18024,2,2,-42806,-42806,0,1,1,0,,0,3,3,0,3,4,0,0,5632,,0,2,1,
2026-09-12T19:29:58.838Z,85697906000000,4179859,17992,-44013,-44008,,-42806,-42806,-42806,18024,2,2,-42806,-42806,0,1,1,0,,0,3,3,0,3,4,0,0,5632,,0,2,1,
2026-09-12T19:29:58.944Z,85698015000000,4179964,17993,-44003,-44008,,-42806,-42806,-42806,18024,2,2,-42806,-42806,0,1,1,0,,0,3,3,0,3,4,0,0,5632,,0,2,1,
2026-09-12T19:29:59.048Z,85698125000000,4180068,17994,-44001,-44007,,-42806,-43933,-43933,18024,2,2,-43933,-43933,0,1,1,0,,0,3,3,0,3,4,0,0,4506,,0,2,1,
2026-09-12T19:29:59.153Z,85698218000000,4180174,17995,-44007,-44006,,-42806,-45059,-45059,18024,2,2,-45059,-45059,0,1,1,0,,0,3,3,0,3,4,0,0,4506,,0,2,1,
2026-09-12T19:29:59.257Z,85698328000000,4180278,17996,-44040,-44006,,-42806,-45059,-45059,18024,2,2,-45059,-45059,0,1,1,0,,0,3,3,0,3,4,0,0,3379,,0,2,1,
2026-09-12T19:29:59.362Z,85698437000000,4180382,17997,-44027,-44009,,-42806,-41680,-41680,18024,2,2,-41680,-41680,0,1,1,0,,0,3,3,0,3,4,0,0,3379,,0,2,1,
2026-09-12T19:29:59.468Z,85698546000000,4180487,17998,-43999,-44011,,-42806,-39427,-39427,18024,2,2,-39427,-39427,0,1,1,0,,0,3,3,0,3,4,0,0,5632,,0,2,1,
2026-09-12T19:29:59.659Z,85698734000000,4180593,17999,-44005,-44010,,-41680,-40553,-40553,18024,2,2,-40553,-40553,0,1,1,0,,0,3,3,0,3,4,0,0,5632,,0,2,1,
2026-09-12T19:29:59.763Z,85698843000000,4180740,18001,-44032,-44009,,-41680,-41680,-41680,18024,2,2,-41680,-41680,0,1,1,0,,0,3,3,0,3,4,0,0,5632,,0,2,1,
2026-09-12T19:29:59.867Z,85698937000000,4180888,18002,-44017,-44010,,-41680,-40553,-40553,18024,2,2,-40553,-40553,0,1,1,0,,0,3,3,0,3,4,0,0,5632,,0,2,1,
2026-09-12T19:29:59.972Z,85699046000000,4180993,18003,-43998,-44011,,-41680,-39427,-39427,18024,2,2,-39427,-39427,0,1,1,0,,0,3,3,0,3,4,0,0,5632,,0,2,1,
2026-09-12T19:30:00.076Z,85699156000000,4181097,18004,-44020,-44012,,-41680,-38300,-38300,18024,2,2,-38300,-38300,0,1,1,0,,0,3,3,0,3,4,0,0,3380,,0,2,1,
2026-09-12T19:30:00.180Z,85699250000000,4181202,18005,-44016,-44013,,-41680,-37174,-37174,18024,2,2,-37174,-37174,0,1,1,0,,0,3,3,0,3,4,0,0,4506,,0,2,1,
2026-09-12T19:30:00.285Z,85699359000000,4181306,18006,-44010,-44013,,-41680,-37174,-37174,18024,2,2,-37174,-37174,0,1,1,0,,0,3,3,0,3,4,0,0,4506,,0,2,1,
2026-09-12T19:30:00.389Z,85699468000000,4181429,18008,-44028,-44015,,-41680,-34921,-34921,18024,2,2,-34921,-34921,0,1,1,0,,0,3,3,0,3,4,0,0,6759,,0,2,1,
2026-09-12T19:30:00.492Z,85699562000000,4181529,18009,-44022,-44017,,-41680,-32668,-32668,18024,2,2,-32668,-32668,0,1,1,0,,0,3,3,0,3,4,0,0,7885,,0,2,1,
2026-09-12T19:30:00.681Z,85699750000000,4181630,18010,-44014,-44018,,-30415,-31541,-31541,18024,2,2,-31541,-31541,0,1,1,0,,0,3,3,0,3,4,0,0,7886,,0,2,1,
2026-09-12T19:30:00.785Z,85699859000000,4181730,18011,-44022,-44019,,-30415,-30415,-30415,18024,2,2,-30415,-30415,0,1,1,0,,0,3,3,0,3,4,0,0,7885,,0,2,1,
2026-09-12T19:30:00.891Z,85699968000000,4181930,18013,-44020,-44019,,-30415,-30415,-30415,18024,2,2,-30415,-30415,0,1,1,0,,0,3,3,0,3,4,0,0,6759,,0,2,1,
2026-09-12T19:30:00.994Z,85700062000000,4182030,18014,-44018,-44019,,-30415,-30415,-30415,18024,2,2,-30415,-30415,0,1,1,0,,0,3,3,0,3,4,0,0,6759,,0,2,1,
2026-09-12T19:30:01.097Z,85700171000000,4182130,18015,-44000,-44019,,-30415,-30415,-30415,18024,2,2,-30415,-30415,0,1,1,0,,0,3,3,0,3,4,0,0,4506,,0,2,1,
2026-09-12T19:30:01.199Z,85700265000000,4182231,18016,-44010,-44018,,-30415,-31541,-31541,18024,2,2,-31541,-31541,0,1,1,0,,0,3,3,0,3,4,0,0,2253,,0,2,1,
2026-09-12T19:30:01.303Z,85700375000000,4182331,18017,-44007,-44017,,-30415,-32668,-32668,18024,2,2,-32668,-32668,0,1,1,0,,0,3,3,0,3,4,0,0,2253,,0,2,1,
2026-09-12T19:30:01.408Z,85700484000000,4182431,18018,-44015,-44016,,-30415,-33794,-33794,18024,2,2,-33794,-33794,0,1,1,0,,0,3,3,0,3,4,0,0,3379,,0,2,1,
2026-09-12T19:30:01.513Z,85700578000000,4182533,18019,-44001,-44015,,-30415,-34921,-34921,18024,2,2,-34921,-34921,0,1,1,0,,0,3,3,0,3,4,0,0,4506,,0,2,1,
2026-09-12T19:30:01.704Z,85700781000000,4182638,18020,-44002,-44013,,-38300,-37174,-37174,18024,2,2,-37174,-37174,0,1,1,0,,0,3,3,0,3,4,0,0,6759,,0,2,1,
2026-09-12T19:30:01.808Z,85700875000000,4182835,18022,-44011,-44012,,-38300,-38300,-38300,18024,2,2,-38300,-38300,0,1,1,0,,0,3,3,0,3,4,0,0,7885,,0,2,1,
2026-09-12T19:30:01.913Z,85700984000000,4182934,18023,-44021,-44013,,-38300,-37174,-37174,18024,2,2,-37174,-37174,0,1,1,0,,0,3,3,0,3,4,0,0,6759,,0,2,1,
2026-09-12T19:30:02.018Z,85701093000000,4183039,18024,-44014,-44013,,-38300,-37174,-37174,18024,2,2,-37174,-37174,0,1,1,0,,0,3,3,0,3,4,0,0,5632,,0,2,1,
2026-09-12T19:30:02.124Z,85701203000000,4183144,18025,-44009,-44013,,-38300,-37174,-37174,18024,2,2,-37174,-37174,0,1,1,0,,0,3,3,0,3,4,0,0,4506,,0,2,1,
2026-09-12T19:30:02.228Z,85701296000000,4183249,18026,-44010,-44013,,-38300,-37174,-37174,18024,2,2,-37174,-37174,0,1,1,0,,0,3,3,0,3,4,0,0,3379,,0,2,1,
2026-09-12T19:30:02.334Z,85701406000000,4183354,18027,-44000,-44012,,-38300,-38300,-38300,18024,2,2,-38300,-38300,0,1,1,0,,0,3,3,0,3,4,0,0,1126,,0,2,1,
2026-09-12T19:30:02.439Z,85701515000000,4183459,18028,-43991,-44010,,-38300,-40553,-40553,18024,2,2,-40553,-40553,0,1,1,0,,0,3,3,0,3,4,0,0,3379,,0,2,1,
2026-09-12T19:30:02.544Z,85701625000000,4183564,18029,-43998,-44008,,-38300,-42806,-42806,18024,2,2,-42806,-42806,0,1,1,0,,0,3,3,0,3,4,0,0,5632,,0,2,1,
2026-09-12T19:30:02.738Z,85701812000000,4183669,18030,-43996,-44006,,-46186,-45059,-45059,18024,2,2,-45059,-45059,0,1,1,0,,0,3,3,0,3,4,0,0,7885,,0,2,1,
2026-09-12T19:30:02.843Z,85701921000000,4183870,18032,-43994,-44004,,-46186,-47312,-47312,18024,2,2,-47312,-47312,0,1,1,0,,0,3,3,0,3,4,0,0,10138,,0,2,1,
2026-09-12T19:30:02.950Z,85702015000000,4183969,18033,-43989,-44003,,-46186,-48439,-48439,18024,2,2,-48439,-48439,0,1,1,0,,0,3,3,0,3,4,0,0,11265,,0,2,1,
2026-09-12T19:30:03.054Z,85702125000000,4184076,18034,-43999,-44002,,-46186,-49565,-49565,18024,2,2,-49565,-49565,0,1,1,0,,0,3,3,0,3,4,0,0,11265,,0,2,1,
2026-09-12T19:30:03.159Z,85702234000000,4184180,18035,-43999,-44002,,-46186,-49565,-49565,18024,2,2,-49565,-49565,0,1,1,0,,0,3,3,0,3,4,0,0,9012,,0,2,1,
2026-09-12T19:30:03.263Z,85702343000000,4184284,18036,-44010,-44002,,-46186,-49565,-49565,18024,2,2,-49565,-49565,0,1,1,0,,0,3,3,0,3,4,0,0,6759,,0,2,1,
2026-09-12T19:30:03.369Z,85702437000000,4184389,18037,-44009,-44003,,-46186,-48439,-48439,18024,2,2,-48439,-48439,0,1,1,0,,0,3,3,0,3,4,0,0,4506,,0,2,1,
2026-09-12T19:30:03.473Z,85702546000000,4184494,18038,-44000,-44004,,-46186,-47312,-47312,18024,2,2,-47312,-47312,0,1,1,0,,0,3,3,0,3,4,0,0,3379,,0,2,1,
2026-09-12T19:30:03.577Z,85702656000000,4184599,18039,-44003,-44004,,-46186,-47312,-47312,18024,2,2,-47312,-47312,0,1,1,0,,0,3,3,0,3,4,0,0,2253,,0,2,1,
2026-09-12T19:30:03.769Z,85702843000000,4184704,18040,-44013,-44004,,-47312,-47312,-47312,18024,2,2,-47312,-47312,0,1,1,0,,0,3,3,0,3,4,0,0,2253,,0,2,1,
2026-09-12T19:30:03.873Z,85702953000000,4184851,18042,-43992,-44004,,-47312,-47312,-47312,18024,2,2,-47312,-47312,0,1,1,0,,0,3,3,0,3,4,0,0,2253,,0,2,1,
2026-09-12T19:30:03.978Z,85703046000000,4184999,18043,-44027,-44004,,-47312,-47312,-47312,18024,2,2,-47312,-47312,0,1,1,0,,0,3,3,0,3,4,0,0,2253,,0,2,1,
2026-09-12T19:30:04.083Z,85703156000000,4185103,18044,-44012,-44005,,-47312,-46186,-46186,18024,2,2,-46186,-46186,0,1,1,0,,0,3,3,0,3,4,0,0,2253,,0,2,1,
2026-09-12T19:30:04.187Z,85703265000000,4185208,18045,-44016,-44006,,-47312,-45059,-45059,18024,2,2,-45059,-45059,0,1,1,0,,0,3,3,0,3,4,0,0,2253,,0,2,1,
2026-09-12T19:30:04.291Z,85703359000000,4185313,18046,-44009,-44007,,-47312,-43933,-43933,18024,2,2,-43933,-43933,0,1,1,0,,0,3,3,0,3,4,0,0,3379,,0,2,1,
2026-09-12T19:30:04.397Z,85703468000000,4185436,18048,-44000,-44006,,-47312,-45059,-45059,18024,2,2,-45059,-45059,0,1,1,0,,0,3,3,0,3,4,0,0,3379,,0,2,1,
2026-09-12T19:30:04.499Z,85703578000000,4185536,18049,-44008,-44005,,-47312,-46186,-46186,18024,2,2,-46186,-46186,0,1,1,0,,0,3,3,0,3,4,0,0,3379,,0,2,1,
2026-09-12T19:30:04.602Z,85703671000000,4185636,18050,-44009,-44005,,-47312,-46186,-46186,18024,2,2,-46186,-46186,0,1,1,0,,0,3,3,0,3,4,0,0,3379,,0,2,1,
2026-09-12T19:30:04.791Z,85703859000000,4185736,18051,-43998,-44005,,-46186,-46186,-46186,18024,2,2,-46186,-46186,0,1,1,0,,0,3,3,0,3,4,0,0,2253,,0,2,1,
2026-09-12T19:30:04.896Z,85703968000000,4185837,18052,-44002,-44005,,-46186,-46186,-46186,18024,2,2,-46186,-46186,0,1,1,0,,0,3,3,0,3,4,0,0,2253,,0,2,1,
2026-09-12T19:30:04.999Z,85704078000000,4186037,18054,-44021,-44006,,-46186,-45059,-45059,18024,2,2,-45059,-45059,0,1,1,0,,0,3,3,0,3,4,0,0,2253,,0,2,1,
2026-09-12T19:30:05.102Z,85704171000000,4186137,18055,-44028,-44008,,-46186,-42806,-42806,18024,2,2,-42806,-42806,0,1,1,0,,0,3,3,0,3,4,0,0,3380,,0,2,1,
2026-09-12T19:30:05.204Z,85704281000000,4186237,18056,-44027,-44010,,-46186,-40553,-40553,18024,2,2,-40553,-40553,0,1,1,0,,0,3,3,0,3,4,0,0,5633,,0,2,1,
2026-09-12T19:30:05.307Z,85704375000000,4186337,18057,-44002,-44012,,-46186,-38300,-38300,18024,2,2,-38300,-38300,0,1,1,0,,0,3,3,0,3,4,0,0,7886,,0,2,1,
2026-09-12T19:30:05.410Z,85704484000000,4186438,18058,-44009,-44012,,-46186,-38300,-38300,18024,2,2,-38300,-38300,0,1,1,0,,0,3,3,0,3,4,0,0,7886,,0,2,1,
2026-09-12T19:30:05.514Z,85704593000000,4186538,18059,-44018,-44012,,-46186,-38300,-38300,18024,2,2,-38300,-38300,0,1,1,0,,0,3,3,0,3,4,0,0,7886,,0,2,1,
2026-09-12T19:30:05.618Z,85704687000000,4186640,18060,-44016,-44013,,-46186,-37174,-37174,18024,2,2,-37174,-37174,0,1,1,0,,0,3,3,0,3,4,0,0,9012,,0,2,1,
2026-09-12T19:30:05.811Z,85704890000000,4186744,18061,-44010,-44013,,-37174,-37174,-37174,18024,2,2,-37174,-37174,0,1,1,0,,0,3,3,0,3,4,0,0,7885,,0,2,1,
2026-09-12T19:30:05.916Z,85704984000000,4186943,18063,-44024,-44014,,-37174,-36047,-36047,18024,2,2,-36047,-36047,0,1,1,0,,0,3,3,0,3,4,0,0,4506,,0,2,1,
2026-09-12T19:30:06.019Z,85705093000000,4187042,18064,-43994,-44015,,-37174,-34921,-34921,18024,2,2,-34921,-34921,0,1,1,0,,0,3,3,0,3,4,0,0,3379,,0,2,1,
2026-09-12T19:30:06.124Z,85705203000000,4187146,18065,-43991,-44012,,-37174,-38300,-38300,18024,2,2,-38300,-38300,0,1,1,0,,0,3,3,0,3,4,0,0,3379,,0,2,1,
2026-09-12T19:30:06.228Z,85705296000000,4187250,18066,-44008,-44010,,-37174,-40553,-40553,18024,2,2,-40553,-40553,0,1,1,0,,0,3,3,0,3,4,0,0,5632,,0,2,1,
2026-09-12T19:30:06.333Z,85705406000000,4187354,18067,-44007,-44010,,-37174,-40553,-40553,18024,2,2,-40553,-40553,0,1,1,0,,0,3,3,0,3,4,0,0,5632,,0,2,1,
2026-09-12T19:30:06.437Z,85705515000000,4187458,18068,-44017,-44010,,-37174,-40553,-40553,18024,2,2,-40553,-40553,0,1,1,0,,0,3,3,0,3,4,0,0,5632,,0,2,1,
2026-09-12T19:30:06.542Z,85705609000000,4187564,18069,-43989,-44010,,-37174,-40553,-40553,18024,2,2,-40553,-40553,0,1,1,0,,0,3,3,0,3,4,0,0,5632,,0,2,1,
2026-09-12T19:30:06.647Z,85705718000000,4187668,18070,-44007,-44010,,-37174,-40553,-40553,18024,2,2,-40553,-40553,0,1,1,0,,0,3,3,0,3,4,0,0,5632,,0,2,1,
2026-09-12T19:30:06.838Z,85705906000000,4187773,18071,-44006,-44009,,-41680,-41680,-41680,18024,2,2,-41680,-41680,0,1,1,0,,0,3,3,0,3,4,0,0,6759,,0,2,1,
2026-09-12T19:30:06.945Z,85706015000000,4187970,18073,-44009,-44009,,-41680,-41680,-41680,18024,2,2,-41680,-41680,0,1,1,0,,0,3,3,0,3,4,0,0,1127,,0,2,1,
2026-09-12T19:30:07.050Z,85706125000000,4188070,18074,-44010,-44009,,-41680,-41680,-41680,18024,2,2,-41680,-41680,0,1,1,0,,0,3,3,0,3,4,0,0,1127,,0,2,1,
2026-09-12T19:30:07.155Z,85706234000000,4188176,18075,-44011,-44009,,-41680,-41680,-41680,18024,2,2,-41680,-41680,0,1,1,0,,0,3,3,0,3,4,0,0,1127,,0,2,1,
2026-09-12T19:30:07.259Z,85706328000000,4188281,18076,-44010,-44009,,-41680,-41680,-41680,18024,2,2,-41680,-41680,0,1,1,0,,0,3,3,0,3,4,0,0,1127,,0,2,1,
2026-09-12T19:30:07.364Z,85706437000000,4188385,18077,-44016,-44009,,-41680,-41680,-41680,18024,2,2,-41680,-41680,0,1,1,0,,0,3,3,0,3,4,0,0,1127,,0,2,1,
2026-09-12T19:30:07.470Z,85706546000000,4188489,18078,-44027,-44010,,-41680,-40553,-40553,18024,2,2,-40553,-40553,0,1,1,0,,0,3,3,0,3,4,0,0,1127,,0,2,1,
2026-09-12T19:30:07.574Z,85706640000000,4188596,18079,-44008,-44011,,-41680,-39427,-39427,18024,2,2,-39427,-39427,0,1,1,0,,0,3,3,0,3,4,0,0,2253,,0,2,1,
2026-09-12T19:30:07.678Z,85706750000000,4188701,18080,-44007,-44011,,-41680,-39427,-39427,18024,2,2,-39427,-39427,0,1,1,0,,0,3,3,0,3,4,0,0,2253,,0,2,1,
2026-09-12T19:30:07.870Z,85706937000000,4188805,18081,-44006,-44010,,-41680,-40553,-40553,18024,2,2,-40553,-40553,0,1,1,0,,0,3,3,0,3,4,0,0,2253,,0,2,1,
2026-09-12T19:30:07.974Z,85707046000000,4188952,18083,-44013,-44009,,-41680,-41680,-41680,18024,2,2,-41680,-41680,0,1,1,0,,0,3,3,0,3,4,0,0,2253,,0,2,1,
2026-09-12T19:30:08.078Z,85707156000000,4189100,18084,-44014,-44010,,-41680,-40553,-40553,18024,2,2,-40553,-40553,0,1,1,0,,0,3,3,0,3,4,0,0,2253,,0,2,1,
2026-09-12T19:30:08.182Z,85707250000000,4189205,18085,-44008,-44010,,-41680,-40553,-40553,18024,2,2,-40553,-40553,0,1,1,0,,0,3,3,0,3,4,0,0,2253,,0,2,1,
2026-09-12T19:30:08.286Z,85707359000000,4189308,18086,-44012,-44010,,-41680,-40553,-40553,18024,2,2,-40553,-40553,0,1,1,0,,0,3,3,0,3,4,0,0,2253,,0,2,1,
2026-09-12T19:30:08.391Z,85707468000000,4189413,18087,-44015,-44010,,-41680,-40553,-40553,18024,2,2,-40553,-40553,0,1,1,0,,0,3,3,0,3,4,0,0,2253,,0,2,1,
2026-09-12T19:30:08.495Z,85707562000000,4189517,18088,-44017,-44011,,-41680,-39427,-39427,18024,2,2,-39427,-39427,0,1,1,0,,0,3,3,0,3,4,0,0,2253,,0,2,1,
2026-09-12T19:30:08.599Z,85707671000000,4189621,18089,-44024,-44012,,-41680,-38300,-38300,18024,2,2,-38300,-38300,0,1,1,0,,0,3,3,0,3,4,0,0,3380,,0,2,1,
2026-09-12T19:30:08.702Z,85707781000000,4189743,18091,-44021,-44015,,-41680,-34921,-34921,18024,2,2,-34921,-34921,0,1,1,0,,0,3,3,0,3,4,0,0,5632,,0,2,1,
2026-09-12T19:30:08.891Z,85707968000000,4189844,18092,-44013,-44016,,-33794,-33794,-33794,18024,2,2,-33794,-33794,0,1,1,0,,0,3,3,0,3,4,0,0,6759,,0,2,1,
2026-09-12T19:30:08.996Z,85708062000000,4189944,18093,-44018,-44016,,-33794,-33794,-33794,18024,2,2,-33794,-33794,0,1,1,0,,0,3,3,0,3,4,0,0,6759,,0,2,1,
2026-09-12T19:30:09.102Z,85708171000000,4190123,18094,-43999,-44016,,-33794,-33794,-33794,18024,2,2,-33794,-33794,0,1,1,0,,0,3,3,0,3,4,0,0,6759,,0,2,1,
2026-09-12T19:30:09.206Z,85708281000000,4190244,18096,-44027,-44014,,-33794,-36047,-36047,18024,2,2,-36047,-36047,0,1,1,0,,0,3,3,0,3,4,0,0,4506,,0,2,1,
2026-09-12T19:30:09.309Z,85708375000000,4190344,18097,-44037,-44016,,-33794,-33794,-33794,18024,2,2,-33794,-33794,0,1,1,0,,0,3,3,0,3,4,0,0,2253,,0,2,1,
2026-09-12T19:30:09.412Z,85708484000000,4190445,18098,-44009,-44017,,-33794,-32668,-32668,18024,2,2,-32668,-32668,0,1,1,0,,0,3,3,0,3,4,0,0,3379,,0,2,1,
2026-09-12T19:30:09.515Z,85708593000000,4190545,18099,-44003,-44016,,-33794,-33794,-33794,18024,2,2,-33794,-33794,0,1,1,0,,0,3,3,0,3,4,0,0,3379,,0,2,1,
2026-09-12T19:30:09.620Z,85708687000000,4190645,18100,-44020,-44015,,-33794,-34921,-34921,18024,2,2,-34921,-34921,0,1,1,0,,0,3,3,0,3,4,0,0,3379,,0,2,1,
2026-09-12T19:30:09.725Z,85708796000000,4190746,18101,-44002,-44013,,-33794,-37174,-37174,18024,2,2,-37174,-37174,0,1,1,0,,0,3,3,0,3,4,0,0,4506,,0,2,1,
2026-09-12T19:30:09.918Z,85708984000000,4190851,18102,-44005,-44012,,-39427,-38300,-38300,18024,2,2,-38300,-38300,0,1,1,0,,0,3,3,0,3,4,0,0,5632,,0,2,1,
2026-09-12T19:30:10.022Z,85709093000000,4191049,18104,-43996,-44010,,-39427,-40553,-40553,18024,2,2,-40553,-40553,0,1,1,0,,0,3,3,0,3,4,0,0,7885,,0,2,1,
2026-09-12T19:30:10.126Z,85709203000000,4191148,18105,-44032,-44009,,-39427,-41680,-41680,18024,2,2,-41680,-41680,0,1,1,0,,0,3,3,0,3,4,0,0,9012,,0,2,1,
2026-09-12T19:30:10.231Z,85709296000000,4191253,18106,-44023,-44011,,-39427,-39427,-39427,18024,2,2,-39427,-39427,0,1,1,0,,0,3,3,0,3,4,0,0,7886,,0,2,1,
2026-09-12T19:30:10.335Z,85709406000000,4191357,18107,-44028,-44013,,-39427,-37174,-37174,18024,2,2,-37174,-37174,0,1,1,0,,0,3,3,0,3,4,0,0,6759,,0,2,1,
2026-09-12T19:30:10.440Z,85709515000000,4191461,18108,-44029,-44015,,-39427,-34921,-34921,18024,2,2,-34921,-34921,0,1,1,0,,0,3,3,0,3,4,0,0,6759,,0,2,1,
2026-09-12T19:30:10.544Z,85709609000000,4191566,18109,-44026,-44017,,-39427,-32668,-32668,18024,2,2,-32668,-32668,0,1,1,0,,0,3,3,0,3,4,0,0,9012,,0,2,1,
2026-09-12T19:30:10.649Z,85709718000000,4191671,18110,-44025,-44018,,-39427,-31541,-31541,18024,2,2,-31541,-31541,0,1,1,0,,0,3,3,0,3,4,0,0,10139,,0,2,1,
2026-09-12T19:30:10.753Z,85709828000000,4191775,18111,-44008,-44019,,-39427,-30415,-30415,18024,2,2,-30415,-30415,0,1,1,0,,0,3,3,0,3,4,0,0,11265,,0,2,1,
2026-09-12T19:30:10.944Z,85710015000000,4191880,18112,-44006,-44018,,-32668,-31541,-31541,18024,2,2,-31541,-31541,0,1,1,0,,0,3,3,0,3,4,0,0,11265,,0,2,1,
2026-09-12T19:30:11.049Z,85710125000000,4192077,18114,-44023,-44016,,-32668,-33794,-33794,18024,2,2,-33794,-33794,0,1,1,0,,0,3,3,0,3,4,0,0,6759,,0,2,1,
2026-09-12T19:30:11.153Z,85710218000000,4192175,18115,-44021,-44017,,-32668,-32668,-32668,18024,2,2,-32668,-32668,0,1,1,0,,0,3,3,0,3,4,0,0,4506,,0,2,1,
2026-09-12T19:30:11.257Z,85710328000000,4192280,18116,-44013,-44018,,-32668,-31541,-31541,18024,2,2,-31541,-31541,0,1,1,0,,0,3,3,0,3,4,0,0,3379,,0,2,1,
2026-09-12T19:30:11.363Z,85710437000000,4192384,18117,-44007,-44017,,-32668,-32668,-32668,18024,2,2,-32668,-32668,0,1,1,0,,0,3,3,0,3,4,0,0,3379,,0,2,1,
2026-09-12T19:30:11.467Z,85710546000000,4192489,18118,-44015,-44016,,-32668,-33794,-33794,18024,2,2,-33794,-33794,0,1,1,0,,0,3,3,0,3,4,0,0,3379,,0,2,1,
2026-09-12T19:30:11.572Z,85710640000000,4192595,18119,-44013,-44016,,-32668,-33794,-33794,18024,2,2,-33794,-33794,0,1,1,0,,0,3,3,0,3,4,0,0,2253,,0,2,1,
2026-09-12T19:30:11.678Z,85710750000000,4192699,18120,-44002,-44016,,-32668,-33794,-33794,18024,2,2,-33794,-33794,0,1,1,0,,0,3,3,0,3,4,0,0,2253,,0,2,1,
2026-09-12T19:30:11.783Z,85710859000000,4192804,18121,-44021,-44016,,-32668,-33794,-33794,18024,2,2,-33794,-33794,0,1,1,0,,0,3,3,0,3,4,0,0,2253,,0,2,1,
2026-09-12T19:30:11.977Z,85711046000000,4192909,18122,-44003,-44014,,-38300,-36047,-36047,18024,2,2,-36047,-36047,0,1,1,0,,0,3,3,0,3,4,0,0,4506,,0,2,1,
2026-09-12T19:30:12.081Z,85711156000000,4193058,18124,-44011,-44012,,-38300,-38300,-38300,18024,2,2,-38300,-38300,0,1,1,0,,0,3,3,0,3,4,0,0,5632,,0,2,1,
2026-09-12T19:30:12.185Z,85711265000000,4193208,18125,-44008,-44011,,-38300,-39427,-39427,18024,2,2,-39427,-39427,0,1,1,0,,0,3,3,0,3,4,0,0,5633,,0,2,1,
2026-09-12T19:30:12.290Z,85711359000000,4193312,18126,-44023,-44011,,-38300,-39427,-39427,18024,2,2,-39427,-39427,0,1,1,0,,0,3,3,0,3,4,0,0,5633,,0,2,1,
2026-09-12T19:30:12.395Z,85711468000000,4193416,18127,-44023,-44013,,-38300,-37174,-37174,18024,2,2,-37174,-37174,0,1,1,0,,0,3,3,0,3,4,0,0,5633,,0,2,1,
2026-09-12T19:30:12.500Z,85711578000000,4193521,18128,-43987,-44014,,-38300,-36047,-36047,18024,2,2,-36047,-36047,0,1,1,0,,0,3,3,0,3,4,0,0,5633,,0,2,1,
2026-09-12T19:30:12.604Z,85711671000000,4193626,18129,-44019,-44015,,-38300,-34921,-34921,18024,2,2,-34921,-34921,0,1,1,0,,0,3,3,0,3,4,0,0,4506,,0,2,1,
2026-09-12T19:30:12.709Z,85711781000000,4193750,18131,-44023,-44016,,-38300,-33794,-33794,18024,2,2,-33794,-33794,0,1,1,0,,0,3,3,0,3,4,0,0,5633,,0,2,1,
2026-09-12T19:30:12.812Z,85711890000000,4193850,18132,-44015,-44016,,-38300,-33794,-33794,18024,2,2,-33794,-33794,0,1,1,0,,0,3,3,0,3,4,0,0,5633,,0,2,1,
2026-09-12T19:30:13.001Z,85712078000000,4193950,18133,-44022,-44017,,-31541,-32668,-32668,18024,2,2,-32668,-32668,0,1,1,0,,0,3,3,0,3,4,0,0,6759,,0,2,1,
2026-09-12T19:30:13.106Z,85712171000000,4194051,18134,-44032,-44018,,-31541,-31541,-31541,18024,2,2,-31541,-31541,0,1,1,0,,0,3,3,0,3,4,0,0,5633,,0,2,1,
2026-09-12T19:30:13.209Z,85712281000000,4194251,18136,-44005,-44018,,-31541,-31541,-31541,18024,2,2,-31541,-31541,0,1,1,0,,0,3,3,0,3,4,0,0,4506,,0,2,1,
2026-09-12T19:30:13.313Z,85712390000000,4194351,18137,-44019,-44017,,-31541,-32668,-32668,18024,2,2,-32668,-32668,0,1,1,0,,0,3,3,0,3,4,0,0,4506,,0,2,1,
2026-09-12T19:30:13.416Z,85712484000000,4194451,18138,-44023,-44017,,-31541,-32668,-32668,18024,2,2,-32668,-32668,0,1,1,0,,0,3,3,0,3,4,0,0,3379,,0,2,1,
2026-09-12T19:30:13.520Z,85712593000000,4194551,18139,-44033,-44018,,-31541,-31541,-31541,18024,2,2,-31541,-31541,0,1,1,0,,0,3,3,0,3,4,0,0,3379,,0,2,1,
2026-09-12T19:30:13.622Z,85712687000000,4194652,18140,-44035,-44020,,-31541,-29288,-29288,18024,2,2,-29288,-29288,0,1,1,0,,0,3,3,0,3,4,0,0,3380,,0,2,1,
2026-09-12T19:30:13.725Z,85712796000000,4194752,18141,-44018,-44022,,-31541,-27035,-27035,18024,2,2,-27035,-27035,0,1,1,0,,0,3,3,0,3,4,0,0,5633,,0,2,1,
2026-09-12T19:30:13.829Z,85712906000000,4194853,18142,-44024,-44022,,-31541,-27035,-27035,18024,2,2,-27035,-27035,0,1,1,0,,0,3,3,0,3,4,0,0,5633,,0,2,1,
2026-09-12T19:30:14.021Z,85713093000000,4194957,18143,-44024,-44022,,-27035,-27035,-27035,18024,2,2,-27035,-27035,0,1,1,0,,0,3,3,0,3,4,0,0,5633,,0,2,1,
2026-09-12T19:30:14.127Z,85713203000000,4195154,18145,-44034,-44022,,-27035,-27035,-27035,18024,2,2,-27035,-27035,0,1,1,0,,0,3,3,0,3,4,0,0,5633,,0,2,1,
2026-09-12T19:30:14.231Z,85713296000000,4195253,18146,-44019,-44022,,-27035,-27035,-27035,18024,2,2,-27035,-27035,0,1,1,0,,0,3,3,0,3,4,0,0,4506,,0,2,1,
2026-09-12T19:30:14.335Z,85713406000000,4195358,18147,-44023,-44022,,-27035,-27035,-27035,18024,2,2,-27035,-27035,0,1,1,0,,0,3,3,0,3,4,0,0,2253,,0,2,1,
2026-09-12T19:30:14.439Z,85713515000000,4195462,18148,-44019,-44022,,-27035,-27035,-27035,18024,2,2,-27035,-27035,0,1,1,0,,0,3,3,0,3,4,0,0,0,,0,2,1,
2026-09-12T19:30:14.543Z,85713609000000,4195566,18149,-44035,-44022,,-27035,-27035,-27035,18024,2,2,-27035,-27035,0,1,1,0,,0,3,3,0,3,4,0,0,0,,0,2,1,
2026-09-12T19:30:14.647Z,85713718000000,4195670,18150,-44033,-44023,,-27035,-25909,-25909,18024,2,2,-25909,-25909,0,1,1,0,,0,3,3,0,3,4,0,0,1126,,0,2,1,
2026-09-12T19:30:14.752Z,85713828000000,4195774,18151,-44016,-44024,,-27035,-24783,-24783,18024,2,2,-24783,-24783,0,1,1,0,,0,3,3,0,3,4,0,0,2252,,0,2,1,
2026-09-12T19:30:14.855Z,85713921000000,4195879,18152,-44009,-44023,,-27035,-25909,-25909,18024,2,2,-25909,-25909,0,1,1,0,,0,3,3,0,3,4,0,0,2252,,0,2,1,
2026-09-12T19:30:15.048Z,85714125000000,4195983,18153,-44010,-44021,,-29288,-28162,-28162,18024,2,2,-28162,-28162,0,1,1,0,,0,3,3,0,3,4,0,0,3379,,0,2,1,
2026-09-12T19:30:15.153Z,85714218000000,4196182,18155,-44028,-44021,,-29288,-28162,-28162,18024,2,2,-28162,-28162,0,1,1,0,,0,3,3,0,3,4,0,0,4505,,0,2,1,
2026-09-12T19:30:15.257Z,85714328000000,4196279,18156,-44015,-44021,,-29288,-28162,-28162,18024,2,2,-28162,-28162,0,1,1,0,,0,3,3,0,3,4,0,0,4505,,0,2,1,
2026-09-12T19:30:15.362Z,85714437000000,4196384,18157,-44012,-44020,,-29288,-29288,-29288,18024,2,2,-29288,-29288,0,1,1,0,,0,3,3,0,3,4,0,0,4505,,0,2,1,
2026-09-12T19:30:15.466Z,85714546000000,4196488,18158,-44004,-44019,,-29288,-30415,-30415,18024,2,2,-30415,-30415,0,1,1,0,,0,3,3,0,3,4,0,0,5632,,0,2,1,
2026-09-12T19:30:15.571Z,85714640000000,4196593,18159,-44004,-44017,,-29288,-32668,-32668,18024,2,2,-32668,-32668,0,1,1,0,,0,3,3,0,3,4,0,0,6759,,0,2,1,
2026-09-12T19:30:15.676Z,85714750000000,4196697,18160,-44015,-44015,,-29288,-34921,-34921,18024,2,2,-34921,-34921,0,1,1,0,,0,3,3,0,3,4,0,0,6759,,0,2,1,
2026-09-12T19:30:15.782Z,85714859000000,4196803,18161,-44030,-44015,,-29288,-34921,-34921,18024,2,2,-34921,-34921,0,1,1,0,,0,3,3,0,3,4,0,0,6759,,0,2,1,
2026-09-12T19:30:15.887Z,85714953000000,4196908,18162,-44023,-44016,,-29288,-33794,-33794,18024,2,2,-33794,-33794,0,1,1,0,,0,3,3,0,3,4,0,0,6759,,0,2,1,
2026-09-12T19:30:16.080Z,85715156000000,4197014,18163,-44008,-44017,,-31541,-32668,-32668,18024,2,2,-32668,-32668,0,1,1,0,,0,3,3,0,3,4,0,0,6759,,0,2,1,
2026-09-12T19:30:16.184Z,85715250000000,4197161,18165,-44015,-44018,,-31541,-31541,-31541,18024,2,2,-31541,-31541,0,1,1,0,,0,3,3,0,3,4,0,0,4506,,0,2,1,
2026-09-12T19:30:16.288Z,85715359000000,4197311,18166,-44013,-44018,,-31541,-31541,-31541,18024,2,2,-31541,-31541,0,1,1,0,,0,3,3,0,3,4,0,0,3380,,0,2,1,
2026-09-12T19:30:16.394Z,85715468000000,4197415,18167,-44015,-44018,,-31541,-31541,-31541,18024,2,2,-31541,-31541,0,1,1,0,,0,3,3,0,3,4,0,0,3380,,0,2,1,
2026-09-12T19:30:16.498Z,85715578000000,4197521,18168,-43996,-44017,,-31541,-32668,-32668,18024,2,2,-32668,-32668,0,1,1,0,,0,3,3,0,3,4,0,0,3380,,0,2,1,
2026-09-12T19:30:16.603Z,85715671000000,4197625,18169,-44004,-44015,,-31541,-34921,-34921,18024,2,2,-34921,-34921,0,1,1,0,,0,3,3,0,3,4,0,0,3380,,0,2,1,
2026-09-12T19:30:16.707Z,85715781000000,4197729,18170,-44007,-44014,,-31541,-36047,-36047,18024,2,2,-36047,-36047,0,1,1,0,,0,3,3,0,3,4,0,0,4506,,0,2,1,
2026-09-12T19:30:16.812Z,85715890000000,4197834,18171,-43998,-44013,,-31541,-37174,-37174,18024,2,2,-37174,-37174,0,1,1,0,,0,3,3,0,3,4,0,0,5633,,0,2,1,
2026-09-12T19:30:16.917Z,85715984000000,4197957,18173,-44020,-44012,,-31541,-38300,-38300,18024,2,2,-38300,-38300,0,1,1,0,,0,3,3,0,3,4,0,0,6759,,0,2,1,
2026-09-12T19:30:17.106Z,85716171000000,4198057,18174,-44023,-44013,,-36047,-37174,-37174,18024,2,2,-37174,-37174,0,1,1,0,,0,3,3,0,3,4,0,0,6759,,0,2,1,
2026-09-12T19:30:17.210Z,85716281000000,4198157,18175,-44021,-44014,,-36047,-36047,-36047,18024,2,2,-36047,-36047,0,1,1,0,,0,3,3,0,3,4,0,0,5632,,0,2,1,
2026-09-12T19:30:17.315Z,85716390000000,4198337,18176,-44023,-44015,,-36047,-34921,-34921,18024,2,2,-34921,-34921,0,1,1,0,,0,3,3,0,3,4,0,0,3379,,0,2,1,
2026-09-12T19:30:17.418Z,85716484000000,4198458,18178,-44005,-44017,,-36047,-32668,-32668,18024,2,2,-32668,-32668,0,1,1,0,,0,3,3,0,3,4,0,0,5632,,0,2,1,
2026-09-12T19:30:17.521Z,85716593000000,4198558,18179,-44010,-44016,,-36047,-33794,-33794,18024,2,2,-33794,-33794,0,1,1,0,,0,3,3,0,3,4,0,0,5632,,0,2,1,
2026-09-12T19:30:17.624Z,85716703000000,4198658,18180,-44010,-44015,,-36047,-34921,-34921,18024,2,2,-34921,-34921,0,1,1,0,,0,3,3,0,3,4,0,0,5632,,0,2,1,
2026-09-12T19:30:17.728Z,85716796000000,4198758,18181,-43988,-44014,,-36047,-36047,-36047,18024,2,2,-36047,-36047,0,1,1,0,,0,3,3,0,3,4,0,0,4506,,0,2,1,
2026-09-12T19:30:17.831Z,85716906000000,4198858,18182,-44013,-44013,,-36047,-37174,-37174,18024,2,2,-37174,-37174,0,1,1,0,,0,3,3,0,3,4,0,0,4506,,0,2,1,
2026-09-12T19:30:17.937Z,85717015000000,4198959,18183,-43996,-44011,,-36047,-39427,-39427,18024,2,2,-39427,-39427,0,1,1,0,,0,3,3,0,3,4,0,0,6759,,0,2,1,
2026-09-12T19:30:18.129Z,85717203000000,4199064,18184,-44007,-44010,,-40553,-40553,-40553,18024,2,2,-40553,-40553,0,1,1,0,,0,3,3,0,3,4,0,0,7885,,0,2,1,
2026-09-12T19:30:18.235Z,85717312000000,4199263,18186,-44012,-44010,,-40553,-40553,-40553,18024,2,2,-40553,-40553,0,1,1,0,,0,3,3,0,3,4,0,0,6759,,0,2,1,
2026-09-12T19:30:18.340Z,85717406000000,4199362,18187,-44019,-44010,,-40553,-40553,-40553,18024,2,2,-40553,-40553,0,1,1,0,,0,3,3,0,3,4,0,0,5632,,0,2,1,
2026-09-12T19:30:18.445Z,85717515000000,4199467,18188,-44009,-44010,,-40553,-40553,-40553,18024,2,2,-40553,-40553,0,1,1,0,,0,3,3,0,3,4,0,0,4506,,0,2,1,
2026-09-12T19:30:18.549Z,85717625000000,4199572,18189,-44014,-44011,,-40553,-39427,-39427,18024,2,2,-39427,-39427,0,1,1,0,,0,3,3,0,3,4,0,0,3379,,0,2,1,
2026-09-12T19:30:18.653Z,85717718000000,4199676,18190,-44023,-44011,,-40553,-39427,-39427,18024,2,2,-39427,-39427,0,1,1,0,,0,3,3,0,3,4,0,0,1126,,0,2,1,
2026-09-12T19:30:18.756Z,85717828000000,4199780,18191,-44010,-44011,,-40553,-39427,-39427,18024,2,2,-39427,-39427,0,1,1,0,,0,3,3,0,3,4,0,0,1126,,0,2,1,
2026-09-12T19:30:18.862Z,85717937000000,4199884,18192,-44025,-44013,,-40553,-37174,-37174,18024,2,2,-37174,-37174,0,1,1,0,,0,3,3,0,3,4,0,0,3379,,0,2,1,
2026-09-12T19:30:18.968Z,85718046000000,4199989,18193,-44018,-44014,,-40553,-36047,-36047,18024,2,2,-36047,-36047,0,1,1,0,,0,3,3,0,3,4,0,0,4506,,0,2,1,
2026-09-12T19:30:19.160Z,85718234000000,4200095,18194,-44011,-44015,,-36047,-34921,-34921,18024,2,2,-34921,-34921,0,1,1,0,,0,3,3,0,3,4,0,0,5632,,0,2,1,
2026-09-12T19:30:19.264Z,85718343000000,4200293,18196,-44014,-44014,,-36047,-36047,-36047,18024,2,2,-36047,-36047,0,1,1,0,,0,3,3,0,3,4,0,0,4506,,0,2,1,
2026-09-12T19:30:19.369Z,85718437000000,4200391,18197,-44031,-44014,,-36047,-36047,-36047,18024,2,2,-36047,-36047,0,1,1,0,,0,3,3,0,3,4,0,0,4506,,0,2,1,
2026-09-12T19:30:19.474Z,85718546000000,4200496,18198,-44014,-44014,,-36047,-36047,-36047,18024,2,2,-36047,-36047,0,1,1,0,,0,3,3,0,3,4,0,0,4506,,0,2,1,
2026-09-12T19:30:19.578Z,85718656000000,4200600,18199,-44004,-44014,,-36047,-36047,-36047,18024,2,2,-36047,-36047,0,1,1,0,,0,3,3,0,3,4,0,0,2253,,0,2,1,
2026-09-12T19:30:19.682Z,85718750000000,4200706,18200,-44006,-44013,,-36047,-37174,-37174,18024,2,2,-37174,-37174,0,1,1,0,,0,3,3,0,3,4,0,0,2253,,0,2,1,
2026-09-12T19:30:19.787Z,85718859000000,4200809,18201,-44015,-44012,,-36047,-38300,-38300,18024,2,2,-38300,-38300,0,1,1,0,,0,3,3,0,3,4,0,0,3379,,0,2,1,
2026-09-12T19:30:19.893Z,85718968000000,4200914,18202,-44015,-44012,,-36047,-38300,-38300,18024,2,2,-38300,-38300,0,1,1,0,,0,3,3,0,3,4,0,0,2253,,0,2,1,
2026-09-12T19:30:19.998Z,85719078000000,4201020,18203,-44018,-44012,,-36047,-38300,-38300,18024,2,2,-38300,-38300,0,1,1,0,,0,3,3,0,3,4,0,0,2253,,0,2,1,
2026-09-12T19:30:20.189Z,85719265000000,4201125,18204,-44010,-44012,,-34921,-38300,-38300,18024,2,2,-38300,-38300,0,1,1,0,,0,3,3,0,3,4,0,0,2253,,0,2,1,
2026-09-12T19:30:20.293Z,85719359000000,4201273,18206,-44032,-44015,,-34921,-34921,-34921,18024,2,2,-34921,-34921,0,1,1,0,,0,3,3,0,3,4,0,0,3379,,0,2,1,
2026-09-12T19:30:20.399Z,85719468000000,4201421,18207,-44035,-44017,,-34921,-32668,-32668,18024,2,2,-32668,-32668,0,1,1,0,,0,3,3,0,3,4,0,0,5632,,0,2,1,
2026-09-12T19:30:20.503Z,85719578000000,4201525,18208,-44022,-44019,,-34921,-30415,-30415,18024,2,2,-30415,-30415,0,1,1,0,,0,3,3,0,3,4,0,0,7885,,0,2,1,
2026-09-12T19:30:20.608Z,85719687000000,4201630,18209,-44025,-44020,,-34921,-29288,-29288,18024,2,2,-29288,-29288,0,1,1,0,,0,3,3,0,3,4,0,0,9012,,0,2,1,
2026-09-12T19:30:20.713Z,85719781000000,4201735,18210,-44018,-44020,,-34921,-29288,-29288,18024,2,2,-29288,-29288,0,1,1,0,,0,3,3,0,3,4,0,0,9012,,0,2,1,
2026-09-12T19:30:20.816Z,85719890000000,4201840,18211,-44008,-44020,,-34921,-29288,-29288,18024,2,2,-29288,-29288,0,1,1,0,,0,3,3,0,3,4,0,0,9012,,0,2,1,
2026-09-12T19:30:20.922Z,85720000000000,4201944,18212,-44025,-44020,,-34921,-29288,-29288,18024,2,2,-29288,-29288,0,1,1,0,,0,3,3,0,3,4,0,0,7886,,0,2,1,
2026-09-12T19:30:21.025Z,85720093000000,4202064,18214,-44034,-44023,,-34921,-25909,-25909,18024,2,2,-25909,-25909,0,1,1,0,,0,3,3,0,3,4,0,0,6759,,0,2,1,
2026-09-12T19:30:21.213Z,85720281000000,4202164,18215,-44027,-44024,,-23656,-24783,-24783,18024,2,2,-24783,-24783,0,1,1,0,,0,3,3,0,3,4,0,0,5632,,0,2,1,
2026-09-12T19:30:21.317Z,85720390000000,4202264,18216,-44028,-44025,,-23656,-23656,-23656,18024,2,2,-23656,-23656,0,1,1,0,,0,3,3,0,3,4,0,0,5632,,0,2,1,
2026-09-12T19:30:21.423Z,85720500000000,4202444,18217,-44037,-44025,,-23656,-23656,-23656,18024,2,2,-23656,-23656,0,1,1,0,,0,3,3,0,3,4,0,0,5632,,0,2,1,
2026-09-12T19:30:21.525Z,85720593000000,4202565,18219,-44022,-44025,,-23656,-23656,-23656,18024,2,2,-23656,-23656,0,1,1,0,,0,3,3,0,3,4,0,0,5632,,0,2,1,
2026-09-12T19:30:21.629Z,85720703000000,4202665,18220,-44010,-44024,,-23656,-24783,-24783,18024,2,2,-24783,-24783,0,1,1,0,,0,3,3,0,3,4,0,0,4506,,0,2,1,
2026-09-12T19:30:21.731Z,85720796000000,4202765,18221,-44006,-44022,,-23656,-27035,-27035,18024,2,2,-27035,-27035,0,1,1,0,,0,3,3,0,3,4,0,0,3379,,0,2,1,
2026-09-12T19:30:21.834Z,85720906000000,4202865,18222,-44019,-44020,,-23656,-29288,-29288,18024,2,2,-29288,-29288,0,1,1,0,,0,3,3,0,3,4,0,0,5632,,0,2,1,
2026-09-12T19:30:21.938Z,85721015000000,4202965,18223,-44005,-44018,,-23656,-31541,-31541,18024,2,2,-31541,-31541,0,1,1,0,,0,3,3,0,3,4,0,0,7885,,0,2,1,
2026-09-12T19:30:22.042Z,85721109000000,4203066,18224,-44012,-44017,,-23656,-32668,-32668,18024,2,2,-32668,-32668,0,1,1,0,,0,3,3,0,3,4,0,0,9012,,0,2,1,
2026-09-12T19:30:22.235Z,85721312000000,4203170,18225,-44019,-44016,,-33794,-33794,-33794,18024,2,2,-33794,-33794,0,1,1,0,,0,3,3,0,3,4,0,0,10138,,0,2,1,
2026-09-12T19:30:22.339Z,85721406000000,4203368,18227,-44030,-44018,,-33794,-31541,-31541,18024,2,2,-31541,-31541,0,1,1,0,,0,3,3,0,3,4,0,0,9011,,0,2,1,
2026-09-12T19:30:22.443Z,85721515000000,4203466,18228,-44031,-44020,,-33794,-29288,-29288,18024,2,2,-29288,-29288,0,1,1,0,,0,3,3,0,3,4,0,0,6759,,0,2,1,
2026-09-12T19:30:22.548Z,85721625000000,4203570,18229,-44015,-44021,,-33794,-28162,-28162,18024,2,2,-28162,-28162,0,1,1,0,,0,3,3,0,3,4,0,0,5632,,0,2,1,
2026-09-12T19:30:22.652Z,85721718000000,4203675,18230,-44012,-44020,,-33794,-29288,-29288,18024,2,2,-29288,-29288,0,1,1,0,,0,3,3,0,3,4,0,0,5632,,0,2,1,
2026-09-12T19:30:22.757Z,85721828000000,4203779,18231,-44038,-44019,,-33794,-30415,-30415,18024,2,2,-30415,-30415,0,1,1,0,,0,3,3,0,3,4,0,0,5632,,0,2,1,
2026-09-12T19:30:22.861Z,85721937000000,4203884,18232,-44031,-44021,,-33794,-28162,-28162,18024,2,2,-28162,-28162,0,1,1,0,,0,3,3,0,3,4,0,0,5632,,0,2,1,
2026-09-12T19:30:22.968Z,85722046000000,4203988,18233,-44013,-44022,,-33794,-27035,-27035,18024,2,2,-27035,-27035,0,1,1,0,,0,3,3,0,3,4,0,0,6759,,0,2,1,
2026-09-12T19:30:23.072Z,85722140000000,4204095,18234,-44010,-44021,,-33794,-28162,-28162,18024,2,2,-28162,-28162,0,1,1,0,,0,3,3,0,3,4,0,0,4506,,0,2,1,
2026-09-12T19:30:23.264Z,85722343000000,4204199,18235,-44015,-44020,,-30415,-29288,-29288,18024,2,2,-29288,-29288,0,1,1,0,,0,3,3,0,3,4,0,0,3380,,0,2,1,
2026-09-12T19:30:23.368Z,85722437000000,4204398,18237,-44011,-44018,,-30415,-31541,-31541,18024,2,2,-31541,-31541,0,1,1,0,,0,3,3,0,3,4,0,0,4506,,0,2,1,
2026-09-12T19:30:23.472Z,85722546000000,4204496,18238,-44011,-44017,,-30415,-32668,-32668,18024,2,2,-32668,-32668,0,1,1,0,,0,3,3,0,3,4,0,0,5633,,0,2,1,
2026-09-12T19:30:23.577Z,85722656000000,4204600,18239,-44000,-44016,,-30415,-33794,-33794,18024,2,2,-33794,-33794,0,1,1,0,,0,3,3,0,3,4,0,0,6759,,0,2,1,
2026-09-12T19:30:23.682Z,85722750000000,4204704,18240,-44018,-44015,,-30415,-34921,-34921,18024,2,2,-34921,-34921,0,1,1,0,,0,3,3,0,3,4,0,0,7886,,0,2,1,
2026-09-12T19:30:23.787Z,85722859000000,4204810,18241,-44026,-44015,,-30415,-34921,-34921,18024,2,2,-34921,-34921,0,1,1,0,,0,3,3,0,3,4,0,0,6759,,0,2,1,
2026-09-12T19:30:23.892Z,85722968000000,4204915,18242,-44025,-44016,,-30415,-33794,-33794,18024,2,2,-33794,-33794,0,1,1,0,,0,3,3,0,3,4,0,0,5633,,0,2,1,
2026-09-12T19:30:23.997Z,85723062000000,4205020,18243,-44022,-44017,,-30415,-32668,-32668,18024,2,2,-32668,-32668,0,1,1,0,,0,3,3,0,3,4,0,0,4506,,0,2,1,
2026-09-12T19:30:24.102Z,85723171000000,4205124,18244,-44013,-44018,,-30415,-31541,-31541,18024,2,2,-31541,-31541,0,1,1,0,,0,3,3,0,3,4,0,0,3380,,0,2,1,
2026-09-12T19:30:24.294Z,85723375000000,4205228,18245,-44031,-44019,,-30415,-30415,-30415,18024,2,2,-30415,-30415,0,1,1,0,,0,3,3,0,3,4,0,0,4506,,0,2,1,
2026-09-12T19:30:24.400Z,85723468000000,4205377,18247,-44004,-44019,,-30415,-30415,-30415,18024,2,2,-30415,-30415,0,1,1,0,,0,3,3,0,3,4,0,0,4506,,0,2,1,
2026-09-12T19:30:24.503Z,85723578000000,4205527,18248,-44019,-44019,,-30415,-30415,-30415,18024,2,2,-30415,-30415,0,1,1,0,,0,3,3,0,3,4,0,0,4506,,0,2,1,
2026-09-12T19:30:24.609Z,85723687000000,4205631,18249,-44016,-44019,,-30415,-30415,-30415,18024,2,2,-30415,-30415,0,1,1,0,,0,3,3,0,3,4,0,0,3379,,0,2,1,
2026-09-12T19:30:24.713Z,85723781000000,4205736,18250,-44026,-44019,,-30415,-30415,-30415,18024,2,2,-30415,-30415,0,1,1,0,,0,3,3,0,3,4,0,0,2253,,0,2,1,
2026-09-12T19:30:24.817Z,85723890000000,4205840,18251,-44042,-44020,,-30415,-29288,-29288,18024,2,2,-29288,-29288,0,1,1,0,,0,3,3,0,3,4,0,0,2253,,0,2,1,
2026-09-12T19:30:24.922Z,85724000000000,4205945,18252,-44033,-44022,,-30415,-27035,-27035,18024,2,2,-27035,-27035,0,1,1,0,,0,3,3,0,3,4,0,0,3380,,0,2,1,
2026-09-12T19:30:25.027Z,85724093000000,4206070,18254,-44015,-44022,,-30415,-27035,-27035,18024,2,2,-27035,-27035,0,1,1,0,,0,3,3,0,3,4,0,0,4506,,0,2,1,
2026-09-12T19:30:25.130Z,85724203000000,4206170,18255,-44011,-44021,,-30415,-28162,-28162,18024,2,2,-28162,-28162,0,1,1,0,,0,3,3,0,3,4,0,0,4506,,0,2,1,
2026-09-12T19:30:25.319Z,85724390000000,4206271,18256,-44030,-44020,,-28162,-29288,-29288,18024,2,2,-29288,-29288,0,1,1,0,,0,3,3,0,3,4,0,0,4506,,0,2,1,
2026-09-12T19:30:25.424Z,85724500000000,4206371,18257,-44024,-44021,,-28162,-28162,-28162,18024,2,2,-28162,-28162,0,1,1,0,,0,3,3,0,3,4,0,0,4506,,0,2,1,
2026-09-12T19:30:25.528Z,85724593000000,4206571,18259,-44025,-44021,,-28162,-28162,-28162,18024,2,2,-28162,-28162,0,1,1,0,,0,3,3,0,3,4,0,0,3379,,0,2,1,
2026-09-12T19:30:25.632Z,85724703000000,4206671,18260,-44028,-44022,,-28162,-27035,-27035,18024,2,2,-27035,-27035,0,1,1,0,,0,3,3,0,3,4,0,0,3379,,0,2,1,
2026-09-12T19:30:25.735Z,85724812000000,4206771,18261,-44033,-44023,,-28162,-25909,-25909,18024,2,2,-25909,-25909,0,1,1,0,,0,3,3,0,3,4,0,0,3379,,0,2,1,
2026-09-12T19:30:25.837Z,85724906000000,4206872,18262,-44028,-44024,,-28162,-24783,-24783,18024,2,2,-24783,-24783,0,1,1,0,,0,3,3,0,3,4,0,0,4505,,0,2,1,
2026-09-12T19:30:25.941Z,85725015000000,4206972,18263,-44020,-44025,,-28162,-23656,-23656,18024,2,2,-23656,-23656,0,1,1,0,,0,3,3,0,3,4,0,0,5632,,0,2,1,
2026-09-12T19:30:26.046Z,85725125000000,4207072,18264,-44015,-44024,,-28162,-24783,-24783,18024,2,2,-24783,-24783,0,1,1,0,,0,3,3,0,3,4,0,0,4506,,0,2,1,
2026-09-12T19:30:26.150Z,85725218000000,4207173,18265,-44017,-44023,,-28162,-25909,-25909,18024,2,2,-25909,-25909,0,1,1,0,,0,3,3,0,3,4,0,0,4506,,0,2,1,
2026-09-12T19:30:26.341Z,85725421000000,4207277,18266,-44014,-44022,,-28162,-27035,-27035,18024,2,2,-27035,-27035,0,1,1,0,,0,3,3,0,3,4,0,0,4506,,0,2,1,
2026-09-12T19:30:26.446Z,85725515000000,4207475,18268,-44004,-44019,,-28162,-30415,-30415,18024,2,2,-30415,-30415,0,1,1,0,,0,3,3,0,3,4,0,0,6759,,0,2,1,
2026-09-12T19:30:26.550Z,85725625000000,4207574,18269,-44020,-44017,,-28162,-32668,-32668,18024,2,2,-32668,-32668,0,1,1,0,,0,3,3,0,3,4,0,0,9012,,0,2,1,
2026-09-12T19:30:26.654Z,85725734000000,4207678,18270,-44026,-44017,,-28162,-32668,-32668,18024,2,2,-32668,-32668,0,1,1,0,,0,3,3,0,3,4,0,0,9012,,0,2,1,
2026-09-12T19:30:26.758Z,85725828000000,4207782,18271,-44031,-44018,,-28162,-31541,-31541,18024,2,2,-31541,-31541,0,1,1,0,,0,3,3,0,3,4,0,0,7885,,0,2,1,
2026-09-12T19:30:26.862Z,85725937000000,4207886,18272,-44019,-44019,,-28162,-30415,-30415,18024,2,2,-30415,-30415,0,1,1,0,,0,3,3,0,3,4,0,0,6759,,0,2,1,
2026-09-12T19:30:26.967Z,85726046000000,4207990,18273,-44023,-44020,,-28162,-29288,-29288,18024,2,2,-29288,-29288,0,1,1,0,,0,3,3,0,3,4,0,0,5633,,0,2,1,
2026-09-12T19:30:27.070Z,85726140000000,4208095,18274,-44023,-44020,,-28162,-29288,-29288,18024,2,2,-29288,-29288,0,1,1,0,,0,3,3,0,3,4,0,0,4506,,0,2,1,
2026-09-12T19:30:27.175Z,85726250000000,4208198,18275,-44013,-44020,,-28162,-29288,-29288,18024,2,2,-29288,-29288,0,1,1,0,,0,3,3,0,3,4,0,0,3380,,0,2,1,
2026-09-12T19:30:27.367Z,85726437000000,4208302,18276,-44007,-44019,,-31541,-30415,-30415,18024,2,2,-30415,-30415,0,1,1,0,,0,3,3,0,3,4,0,0,3380,,0,2,1,
2026-09-12T19:30:27.471Z,85726546000000,4208501,18278,-44034,-44017,,-31541,-32668,-32668,18024,2,2,-32668,-32668,0,1,1,0,,0,3,3,0,3,4,0,0,3380,,0,2,1,
2026-09-12T19:30:27.576Z,85726656000000,4208599,18279,-44028,-44018,,-31541,-31541,-31541,18024,2,2,-31541,-31541,0,1,1,0,,0,3,3,0,3,4,0,0,3380,,0,2,1,
2026-09-12T19:30:27.682Z,85726750000000,4208704,18280,-44004,-44019,,-31541,-30415,-30415,18024,2,2,-30415,-30415,0,1,1,0,,0,3,3,0,3,4,0,0,3380,,0,2,1,
2026-09-12T19:30:27.786Z,85726859000000,4208810,18281,-44034,-44020,,-31541,-29288,-29288,18024,2,2,-29288,-29288,0,1,1,0,,0,3,3,0,3,4,0,0,3380,,0,2,1,
2026-09-12T19:30:27.891Z,85726968000000,4208914,18282,-44029,-44021,,-31541,-28162,-28162,18024,2,2,-28162,-28162,0,1,1,0,,0,3,3,0,3,4,0,0,4506,,0,2,1,
2026-09-12T19:30:27.997Z,85727062000000,4209020,18283,-44007,-44022,,-31541,-27035,-27035,18024,2,2,-27035,-27035,0,1,1,0,,0,3,3,0,3,4,0,0,5633,,0,2,1,
2026-09-12T19:30:28.101Z,85727171000000,4209124,18284,-44005,-44020,,-31541,-29288,-29288,18024,2,2,-29288,-29288,0,1,1,0,,0,3,3,0,3,4,0,0,5633,,0,2,1,
2026-09-12T19:30:28.207Z,85727281000000,4209229,18285,-44007,-44018,,-31541,-31541,-31541,18024,2,2,-31541,-31541,0,1,1,0,,0,3,3,0,3,4,0,0,5633,,0,2,1,
2026-09-12T19:30:28.400Z,85727468000000,4209334,18286,-44005,-44016,,-36047,-33794,-33794,18024,2,2,-33794,-33794,0,1,1,0,,0,3,3,0,3,4,0,0,6759,,0,2,1,
2026-09-12T19:30:28.504Z,85727578000000,4209483,18288,-44031,-44014,,-36047,-36047,-36047,18024,2,2,-36047,-36047,0,1,1,0,,0,3,3,0,3,4,0,0,9012,,0,2,1,
2026-09-12T19:30:28.608Z,85727687000000,4209632,18289,-44009,-44013,,-36047,-37174,-37174,18024,2,2,-37174,-37174,0,1,1,0,,0,3,3,0,3,4,0,0,10139,,0,2,1,
2026-09-12T19:30:28.713Z,85727781000000,4209736,18290,-44012,-44013,,-36047,-37174,-37174,18024,2,2,-37174,-37174,0,1,1,0,,0,3,3,0,3,4,0,0,10139,,0,2,1,
2026-09-12T19:30:28.817Z,85727890000000,4209840,18291,-44019,-44013,,-36047,-37174,-37174,18024,2,2,-37174,-37174,0,1,1,0,,0,3,3,0,3,4,0,0,7886,,0,2,1,
2026-09-12T19:30:28.923Z,85728000000000,4209945,18292,-44024,-44014,,-36047,-36047,-36047,18024,2,2,-36047,-36047,0,1,1,0,,0,3,3,0,3,4,0,0,5633,,0,2,1,
2026-09-12T19:30:29.028Z,85728093000000,4210050,18293,-44025,-44015,,-36047,-34921,-34921,18024,2,2,-34921,-34921,0,1,1,0,,0,3,3,0,3,4,0,0,3380,,0,2,1,
2026-09-12T19:30:29.133Z,85728203000000,4210156,18294,-44026,-44016,,-36047,-33794,-33794,18024,2,2,-33794,-33794,0,1,1,0,,0,3,3,0,3,4,0,0,3380,,0,2,1,
2026-09-12T19:30:29.236Z,85728312000000,4210277,18296,-44020,-44017,,-36047,-32668,-32668,18024,2,2,-32668,-32668,0,1,1,0,,0,3,3,0,3,4,0,0,4506,,0,2,1,
2026-09-12T19:30:29.424Z,85728500000000,4210377,18297,-44025,-44017,,-32668,-32668,-32668,18024,2,2,-32668,-32668,0,1,1,0,,0,3,3,0,3,4,0,0,4506,,0,2,1,
2026-09-12T19:30:29.529Z,85728609000000,4210478,18298,-44019,-44017,,-32668,-32668,-32668,18024,2,2,-32668,-32668,0,1,1,0,,0,3,3,0,3,4,0,0,4506,,0,2,1,
2026-09-12T19:30:29.633Z,85728703000000,4210657,18299,-44018,-44017,,-32668,-32668,-32668,18024,2,2,-32668,-32668,0,1,1,0,,0,3,3,0,3,4,0,0,3379,,0,2,1,
2026-09-12T19:30:29.737Z,85728812000000,4210778,18301,-44012,-44017,,-32668,-32668,-32668,18024,2,2,-32668,-32668,0,1,1,0,,0,3,3,0,3,4,0,0,1126,,0,2,1,
2026-09-12T19:30:29.840Z,85728906000000,4210878,18302,-44004,-44016,,-32668,-33794,-33794,18024,2,2,-33794,-33794,0,1,1,0,,0,3,3,0,3,4,0,0,1126,,0,2,1,
2026-09-12T19:30:29.944Z,85729015000000,4210978,18303,-44012,-44015,,-32668,-34921,-34921,18024,2,2,-34921,-34921,0,1,1,0,,0,3,3,0,3,4,0,0,2253,,0,2,1,
2026-09-12T19:30:30.047Z,85729125000000,4211078,18304,-44016,-44015,,-32668,-34921,-34921,18024,2,2,-34921,-34921,0,1,1,0,,0,3,3,0,3,4,0,0,2253,,0,2,1,
2026-09-12T19:30:30.152Z,85729218000000,4211179,18305,-44012,-44015,,-32668,-34921,-34921,18024,2,2,-34921,-34921,0,1,1,0,,0,3,3,0,3,4,0,0,2253,,0,2,1,
2026-09-12T19:30:30.256Z,85729328000000,4211280,18306,-44018,-44015,,-32668,-34921,-34921,18024,2,2,-34921,-34921,0,1,1,0,,0,3,3,0,3,4,0,0,2253,,0,2,1,
2026-09-12T19:30:30.448Z,85729515000000,4211384,18307,-44013,-44015,,-34921,-34921,-34921,18024,2,2,-34921,-34921,0,1,1,0,,0,3,3,0,3,4,0,0,2253,,0,2,1,
2026-09-12T19:30:30.552Z,85729625000000,4211582,18309,-44005,-44014,,-34921,-36047,-36047,18024,2,2,-36047,-36047,0,1,1,0,,0,3,3,0,3,4,0,0,2253,,0,2,1,
2026-09-12T19:30:30.657Z,85729734000000,4211681,18310,-44025,-44013,,-34921,-37174,-37174,18024,2,2,-37174,-37174,0,1,1,0,,0,3,3,0,3,4,0,0,2253,,0,2,1,
2026-09-12T19:30:30.761Z,85729828000000,4211785,18311,-44022,-44014,,-34921,-36047,-36047,18024,2,2,-36047,-36047,0,1,1,0,,0,3,3,0,3,4,0,0,2253,,0,2,1,
2026-09-12T19:30:30.866Z,85729937000000,4211889,18312,-44028,-44015,,-34921,-34921,-34921,18024,2,2,-34921,-34921,0,1,1,0,,0,3,3,0,3,4,0,0,2253,,0,2,1,
2026-09-12T19:30:30.971Z,85730046000000,4211994,18313,-44023,-44016,,-34921,-33794,-33794,18024,2,2,-33794,-33794,0,1,1,0,,0,3,3,0,3,4,0,0,3380,,0,2,1,
2026-09-12T19:30:31.076Z,85730156000000,4212099,18314,-44034,-44018,,-34921,-31541,-31541,18024,2,2,-31541,-31541,0,1,1,0,,0,3,3,0,3,4,0,0,5633,,0,2,1,
2026-09-12T19:30:31.181Z,85730250000000,4212204,18315,-44031,-44020,,-34921,-29288,-29288,18024,2,2,-29288,-29288,0,1,1,0,,0,3,3,0,3,4,0,0,7886,,0,2,1,
2026-09-12T19:30:31.285Z,85730359000000,4212309,18316,-44029,-44021,,-34921,-28162,-28162,18024,2,2,-28162,-28162,0,1,1,0,,0,3,3,0,3,4,0,0,9012,,0,2,1,
2026-09-12T19:30:31.478Z,85730546000000,4212413,18317,-44037,-44022,,-25909,-27035,-27035,18024,2,2,-27035,-27035,0,1,1,0,,0,3,3,0,3,4,0,0,10139,,0,2,1,
2026-09-12T19:30:31.582Z,85730656000000,4212611,18319,-44011,-44023,,-25909,-25909,-25909,18024,2,2,-25909,-25909,0,1,1,0,,0,3,3,0,3,4,0,0,9012,,0,2,1,
2026-09-12T19:30:31.687Z,85730765000000,4212710,18320,-44007,-44021,,-25909,-28162,-28162,18024,2,2,-28162,-28162,0,1,1,0,,0,3,3,0,3,4,0,0,7885,,0,2,1,
2026-09-12T19:30:31.791Z,85730859000000,4212815,18321,-44005,-44019,,-25909,-30415,-30415,18024,2,2,-30415,-30415,0,1,1,0,,0,3,3,0,3,4,0,0,5632,,0,2,1,
2026-09-12T19:30:31.896Z,85730968000000,4212919,18322,-44019,-44017,,-25909,-32668,-32668,18024,2,2,-32668,-32668,0,1,1,0,,0,3,3,0,3,4,0,0,6759,,0,2,1,
2026-09-12T19:30:32.002Z,85731078000000,4213024,18323,-44017,-44017,,-25909,-32668,-32668,18024,2,2,-32668,-32668,0,1,1,0,,0,3,3,0,3,4,0,0,6759,,0,2,1,
2026-09-12T19:30:32.107Z,85731187000000,4213129,18324,-44015,-44017,,-25909,-32668,-32668,18024,2,2,-32668,-32668,0,1,1,0,,0,3,3,0,3,4,0,0,6759,,0,2,1,
2026-09-12T19:30:32.211Z,85731281000000,4213234,18325,-44023,-44017,,-25909,-32668,-32668,18024,2,2,-32668,-32668,0,1,1,0,,0,3,3,0,3,4,0,0,6759,,0,2,1,
2026-09-12T19:30:32.316Z,85731390000000,4213339,18326,-44024,-44018,,-25909,-31541,-31541,18024,2,2,-31541,-31541,0,1,1,0,,0,3,3,0,3,4,0,0,6759,,0,2,1,
2026-09-12T19:30:32.508Z,85731578000000,4213444,18327,-44014,-44019,,-32668,-30415,-30415,18024,2,2,-30415,-30415,0,1,1,0,,0,3,3,0,3,4,0,0,4506,,0,2,1,
2026-09-12T19:30:32.611Z,85731687000000,4213592,18329,-44021,-44017,,-32668,-32668,-32668,18024,2,2,-32668,-32668,0,1,1,0,,0,3,3,0,3,4,0,0,2253,,0,2,1,
2026-09-12T19:30:32.715Z,85731781000000,4213740,18330,-44026,-44018,,-32668,-31541,-31541,18024,2,2,-31541,-31541,0,1,1,0,,0,3,3,0,3,4,0,0,2253,,0,2,1,
2026-09-12T19:30:32.821Z,85731890000000,4213843,18331,-44034,-44019,,-32668,-30415,-30415,18024,2,2,-30415,-30415,0,1,1,0,,0,3,3,0,3,4,0,0,2253,,0,2,1,
2026-09-12T19:30:32.925Z,85732000000000,4213948,18332,-44026,-44020,,-32668,-29288,-29288,18024,2,2,-29288,-29288,0,1,1,0,,0,3,3,0,3,4,0,0,3380,,0,2,1,
2026-09-12T19:30:33.030Z,85732109000000,4214054,18333,-44026,-44021,,-32668,-28162,-28162,18024,2,2,-28162,-28162,0,1,1,0,,0,3,3,0,3,4,0,0,4506,,0,2,1,
2026-09-12T19:30:33.135Z,85732203000000,4214159,18334,-44003,-44022,,-32668,-27035,-27035,18024,2,2,-27035,-27035,0,1,1,0,,0,3,3,0,3,4,0,0,5633,,0,2,1,
2026-09-12T19:30:33.240Z,85732312000000,4214263,18335,-44009,-44020,,-32668,-29288,-29288,18024,2,2,-29288,-29288,0,1,1,0,,0,3,3,0,3,4,0,0,5633,,0,2,1,
2026-09-12T19:30:33.344Z,85732421000000,4214384,18337,-44024,-44018,,-32668,-31541,-31541,18024,2,2,-31541,-31541,0,1,1,0,,0,3,3,0,3,4,0,0,4506,,0,2,1,
2026-09-12T19:30:33.532Z,85732609000000,4214484,18338,-44010,-44017,,-33794,-32668,-32668,18024,2,2,-32668,-32668,0,1,1,0,,0,3,3,0,3,4,0,0,5633,,0,2,1,
2026-09-12T19:30:33.637Z,85732703000000,4214584,18339,-44013,-44016,,-33794,-33794,-33794,18024,2,2,-33794,-33794,0,1,1,0,,0,3,3,0,3,4,0,0,6759,,0,2,1,
2026-09-12T19:30:33.742Z,85732812000000,4214765,18340,-44010,-44015,,-33794,-34921,-34921,18024,2,2,-34921,-34921,0,1,1,0,,0,3,3,0,3,4,0,0,7886,,0,2,1,
2026-09-12T19:30:33.845Z,85732921000000,4214885,18342,-44017,-44013,,-33794,-37174,-37174,18024,2,2,-37174,-37174,0,1,1,0,,0,3,3,0,3,4,0,0,7886,,0,2,1,
2026-09-12T19:30:33.948Z,85733015000000,4214985,18343,-44011,-44013,,-33794,-37174,-37174,18024,2,2,-37174,-37174,0,1,1,0,,0,3,3,0,3,4,0,0,6759,,0,2,1,
2026-09-12T19:30:34.050Z,85733125000000,4215085,18344,-44000,-44013,,-33794,-37174,-37174,18024,2,2,-37174,-37174,0,1,1,0,,0,3,3,0,3,4,0,0,5633,,0,2,1,
2026-09-12T19:30:34.153Z,85733218000000,4215185,18345,-43998,-44011,,-33794,-39427,-39427,18024,2,2,-39427,-39427,0,1,1,0,,0,3,3,0,3,4,0,0,6759,,0,2,1,
2026-09-12T19:30:34.256Z,85733328000000,4215286,18346,-44012,-44010,,-33794,-40553,-40553,18024,2,2,-40553,-40553,0,1,1,0,,0,3,3,0,3,4,0,0,6759,,0,2,1,
2026-09-12T19:30:34.361Z,85733437000000,4215386,18347,-44019,-44010,,-33794,-40553,-40553,18024,2,2,-40553,-40553,0,1,1,0,,0,3,3,0,3,4,0,0,5632,,0,2,1,
2026-09-12T19:30:34.549Z,85733625000000,4215488,18348,-44020,-44011,,-38300,-39427,-39427,18024,2,2,-39427,-39427,0,1,1,0,,0,3,3,0,3,4,0,0,4506,,0,2,1,
2026-09-12T19:30:34.652Z,85733718000000,4215686,18350,-44024,-44013,,-38300,-37174,-37174,18024,2,2,-37174,-37174,0,1,1,0,,0,3,3,0,3,4,0,0,3379,,0,2,1,
2026-09-12T19:30:34.754Z,85733828000000,4215786,18351,-44034,-44014,,-38300,-36047,-36047,18024,2,2,-36047,-36047,0,1,1,0,,0,3,3,0,3,4,0,0,4506,,0,2,1,
2026-09-12T19:30:34.859Z,85733937000000,4215887,18352,-44035,-44017,,-38300,-32668,-32668,18024,2,2,-32668,-32668,0,1,1,0,,0,3,3,0,3,4,0,0,7885,,0,2,1,
2026-09-12T19:30:34.964Z,85734031000000,4215987,18353,-44014,-44019,,-38300,-30415,-30415,18024,2,2,-30415,-30415,0,1,1,0,,0,3,3,0,3,4,0,0,10138,,0,2,1,
2026-09-12T19:30:35.068Z,85734140000000,4216092,18354,-44009,-44018,,-38300,-31541,-31541,18024,2,2,-31541,-31541,0,1,1,0,,0,3,3,0,3,4,0,0,10138,,0,2,1,
2026-09-12T19:30:35.172Z,85734250000000,4216197,18355,-44017,-44017,,-38300,-32668,-32668,18024,2,2,-32668,-32668,0,1,1,0,,0,3,3,0,3,4,0,0,9012,,0,2,1,
2026-09-12T19:30:35.277Z,85734343000000,4216301,18356,-44002,-44016,,-38300,-33794,-33794,18024,2,2,-33794,-33794,0,1,1,0,,0,3,3,0,3,4,0,0,7885,,0,2,1,
2026-09-12T19:30:35.381Z,85734453000000,4216406,18357,-43999,-44014,,-38300,-36047,-36047,18024,2,2,-36047,-36047,0,1,1,0,,0,3,3,0,3,4,0,0,6759,,0,2,1,
2026-09-12T19:30:35.574Z,85734640000000,4216510,18358,-44018,-44012,,-38300,-38300,-38300,18024,2,2,-38300,-38300,0,1,1,0,,0,3,3,0,3,4,0,0,7885,,0,2,1,
2026-09-12T19:30:35.678Z,85734750000000,4216708,18360,-44016,-44013,,-38300,-37174,-37174,18024,2,2,-37174,-37174,0,1,1,0,,0,3,3,0,3,4,0,0,7885,,0,2,1,
2026-09-12T19:30:35.782Z,85734859000000,4216807,18361,-44023,-44013,,-38300,-37174,-37174,18024,2,2,-37174,-37174,0,1,1,0,,0,3,3,0,3,4,0,0,6759,,0,2,1,
2026-09-12T19:30:35.887Z,85734953000000,4216911,18362,-44018,-44014,,-38300,-36047,-36047,18024,2,2,-36047,-36047,0,1,1,0,,0,3,3,0,3,4,0,0,5632,,0,2,1,
2026-09-12T19:30:35.992Z,85735062000000,4217016,18363,-44027,-44015,,-38300,-34921,-34921,18024,2,2,-34921,-34921,0,1,1,0,,0,3,3,0,3,4,0,0,4506,,0,2,1,
2026-09-12T19:30:36.096Z,85735171000000,4217120,18364,-44017,-44015,,-38300,-34921,-34921,18024,2,2,-34921,-34921,0,1,1,0,,0,3,3,0,3,4,0,0,3379,,0,2,1,
2026-09-12T19:30:36.202Z,85735281000000,4217225,18365,-44020,-44016,,-38300,-33794,-33794,18024,2,2,-33794,-33794,0,1,1,0,,0,3,3,0,3,4,0,0,4506,,0,2,1,
2026-09-12T19:30:36.306Z,85735375000000,4217329,18366,-44034,-44017,,-38300,-32668,-32668,18024,2,2,-32668,-32668,0,1,1,0,,0,3,3,0,3,4,0,0,5632,,0,2,1,
2026-09-12T19:30:36.411Z,85735484000000,4217435,18367,-44023,-44018,,-38300,-31541,-31541,18024,2,2,-31541,-31541,0,1,1,0,,0,3,3,0,3,4,0,0,5633,,0,2,1,
2026-09-12T19:30:36.600Z,85735671000000,4217539,18368,-44033,-44020,,-28162,-29288,-29288,18024,2,2,-29288,-29288,0,1,1,0,,0,3,3,0,3,4,0,0,7886,,0,2,1,
2026-09-12T19:30:36.704Z,85735781000000,4217689,18370,-44027,-44021,,-28162,-28162,-28162,18024,2,2,-28162,-28162,0,1,1,0,,0,3,3,0,3,4,0,0,6759,,0,2,1,
2026-09-12T19:30:36.807Z,85735875000000,4217833,18371,-44021,-44021,,-28162,-28162,-28162,18024,2,2,-28162,-28162,0,1,1,0,,0,3,3,0,3,4,0,0,6759,,0,2,1,
2026-09-12T19:30:36.913Z,85735984000000,4217936,18372,-44021,-44021,,-28162,-28162,-28162,18024,2,2,-28162,-28162,0,1,1,0,,0,3,3,0,3,4,0,0,5632,,0,2,1,
2026-09-12T19:30:37.018Z,85736093000000,4218041,18373,-44034,-44021,,-28162,-28162,-28162,18024,2,2,-28162,-28162,0,1,1,0,,0,3,3,0,3,4,0,0,4506,,0,2,1,
2026-09-12T19:30:37.122Z,85736187000000,4218146,18374,-44018,-44021,,-28162,-28162,-28162,18024,2,2,-28162,-28162,0,1,1,0,,0,3,3,0,3,4,0,0,3379,,0,2,1,
2026-09-12T19:30:37.227Z,85736296000000,4218251,18375,-44033,-44023,,-28162,-25909,-25909,18024,2,2,-25909,-25909,0,1,1,0,,0,3,3,0,3,4,0,0,3379,,0,2,1,
2026-09-12T19:30:37.331Z,85736406000000,4218356,18376,-44043,-44024,,-28162,-24783,-24783,18024,2,2,-24783,-24783,0,1,1,0,,0,3,3,0,3,4,0,0,4505,,0,2,1,
2026-09-12T19:30:37.435Z,85736515000000,4218460,18377,-44035,-44025,,-28162,-23656,-23656,18024,2,2,-23656,-23656,0,1,1,0,,0,3,3,0,3,4,0,0,4506,,0,2,1,
2026-09-12T19:30:37.628Z,85736703000000,4218564,18378,-44048,-44027,,-15771,-21403,-21403,18024,2,2,-21403,-21403,0,1,1,0,,0,3,3,0,3,4,0,0,6759,,0,2,1,
2026-09-12T19:30:37.733Z,85736812000000,4218713,18380,-44029,-44032,,-15771,-15771,-15771,18024,2,2,-15771,-15771,0,1,1,0,,0,3,3,0,3,4,0,0,12391,,0,2,1,
2026-09-12T19:30:37.837Z,85736906000000,4218862,18381,-44023,-44032,,-15771,-15771,-15771,18024,2,2,-15771,-15771,0,1,1,0,,0,3,3,0,3,4,0,0,12391,,0,2,1,
2026-09-12T19:30:37.942Z,85737015000000,4218965,18382,-44019,-44031,,-15771,-16897,-16897,18024,2,2,-16897,-16897,0,1,1,0,,0,3,3,0,3,4,0,0,10138,,0,2,1,
2026-09-12T19:30:38.045Z,85737125000000,4219070,18383,-44011,-44029,,-15771,-19150,-19150,18024,2,2,-19150,-19150,0,1,1,0,,0,3,3,0,3,4,0,0,9012,,0,2,1,
2026-09-12T19:30:38.150Z,85737218000000,4219192,18385,-44010,-44025,,-15771,-23656,-23656,18024,2,2,-23656,-23656,0,1,1,0,,0,3,3,0,3,4,0,0,7885,,0,2,1,
2026-09-12T19:30:38.253Z,85737328000000,4219293,18386,-44007,-44023,,-15771,-25909,-25909,18024,2,2,-25909,-25909,0,1,1,0,,0,3,3,0,3,4,0,0,10138,,0,2,1,
2026-09-12T19:30:38.355Z,85737421000000,4219393,18387,-44020,-44021,,-15771,-28162,-28162,18024,2,2,-28162,-28162,0,1,1,0,,0,3,3,0,3,4,0,0,12391,,0,2,1,
2026-09-12T19:30:38.460Z,85737531000000,4219493,18388,-44026,-44021,,-15771,-28162,-28162,18024,2,2,-28162,-28162,0,1,1,0,,0,3,3,0,3,4,0,0,12391,,0,2,1,
2026-09-12T19:30:38.648Z,85737718000000,4219593,18389,-44021,-44021,,-28162,-28162,-28162,18024,2,2,-28162,-28162,0,1,1,0,,0,3,3,0,3,4,0,0,11265,,0,2,1,
2026-09-12T19:30:38.751Z,85737828000000,4219793,18391,-44014,-44021,,-28162,-28162,-28162,18024,2,2,-28162,-28162,0,1,1,0,,0,3,3,0,3,4,0,0,6759,,0,2,1,
2026-09-12T19:30:38.855Z,85737921000000,4219893,18392,-44018,-44021,,-28162,-28162,-28162,18024,2,2,-28162,-28162,0,1,1,0,,0,3,3,0,3,4,0,0,4506,,0,2,1,
2026-09-12T19:30:38.960Z,85738031000000,4219994,18393,-44013,-44020,,-28162,-29288,-29288,18024,2,2,-29288,-29288,0,1,1,0,,0,3,3,0,3,4,0,0,3379,,0,2,1,
2026-09-12T19:30:39.063Z,85738140000000,4220094,18394,-44014,-44019,,-28162,-30415,-30415,18024,2,2,-30415,-30415,0,1,1,0,,0,3,3,0,3,4,0,0,2253,,0,2,1,
2026-09-12T19:30:39.168Z,85738234000000,4220194,18395,-44014,-44018,,-28162,-31541,-31541,18024,2,2,-31541,-31541,0,1,1,0,,0,3,3,0,3,4,0,0,3379,,0,2,1,
2026-09-12T19:30:39.272Z,85738343000000,4220297,18396,-44011,-44017,,-28162,-32668,-32668,18024,2,2,-32668,-32668,0,1,1,0,,0,3,3,0,3,4,0,0,4506,,0,2,1,
2026-09-12T19:30:39.377Z,85738453000000,4220401,18397,-44014,-44017,,-28162,-32668,-32668,18024,2,2,-32668,-32668,0,1,1,0,,0,3,3,0,3,4,0,0,4506,,0,2,1,
2026-09-12T19:30:39.480Z,85738546000000,4220506,18398,-44015,-44017,,-28162,-32668,-32668,18024,2,2,-32668,-32668,0,1,1,0,,0,3,3,0,3,4,0,0,4506,,0,2,1,
2026-09-12T19:30:39.674Z,85738750000000,4220610,18399,-44013,-44017,,-33794,-32668,-32668,18024,2,2,-32668,-32668,0,1,1,0,,0,3,3,0,3,4,0,0,4506,,0,2,1,
2026-09-12T19:30:39.780Z,85738859000000,4220808,18401,-43993,-44014,,-33794,-36047,-36047,18024,2,2,-36047,-36047,0,1,1,0,,0,3,3,0,3,4,0,0,5632,,0,2,1,
2026-09-12T19:30:39.884Z,85738953000000,4220908,18402,-43994,-44011,,-33794,-39427,-39427,18024,2,2,-39427,-39427,0,1,1,0,,0,3,3,0,3,4,0,0,7886,,0,2,1,
2026-09-12T19:30:39.988Z,85739062000000,4221013,18403,-44004,-44009,,-33794,-41680,-41680,18024,2,2,-41680,-41680,0,1,1,0,,0,3,3,0,3,4,0,0,9012,,0,2,1,
2026-09-12T19:30:40.092Z,85739171000000,4221117,18404,-43996,-44007,,-33794,-43933,-43933,18024,2,2,-43933,-43933,0,1,1,0,,0,3,3,0,3,4,0,0,11265,,0,2,1,
2026-09-12T19:30:40.196Z,85739265000000,4221221,18405,-43997,-44006,,-33794,-45059,-45059,18024,2,2,-45059,-45059,0,1,1,0,,0,3,3,0,3,4,0,0,12391,,0,2,1,
2026-09-12T19:30:40.301Z,85739375000000,4221325,18406,-44012,-44005,,-33794,-46186,-46186,18024,2,2,-46186,-46186,0,1,1,0,,0,3,3,0,3,4,0,0,13518,,0,2,1,
2026-09-12T19:30:40.406Z,85739484000000,4221429,18407,-44031,-44006,,-33794,-45059,-45059,18024,2,2,-45059,-45059,0,1,1,0,,0,3,3,0,3,4,0,0,12392,,0,2,1,
2026-09-12T19:30:40.510Z,85739578000000,4221535,18408,-44017,-44007,,-33794,-43933,-43933,18024,2,2,-43933,-43933,0,1,1,0,,0,3,3,0,3,4,0,0,10139,,0,2,1,
2026-09-12T19:30:40.702Z,85739781000000,4221639,18409,-44003,-44008,,-45059,-42806,-42806,18024,2,2,-42806,-42806,0,1,1,0,,0,3,3,0,3,4,0,0,6759,,0,2,1,
2026-09-12T19:30:40.807Z,85739875000000,4221797,18411,-44008,-44006,,-45059,-45059,-45059,18024,2,2,-45059,-45059,0,1,1,0,,0,3,3,0,3,4,0,0,3380,,0,2,1,
2026-09-12T19:30:40.911Z,85739984000000,4221936,18412,-44000,-44005,,-45059,-46186,-46186,18024,2,2,-46186,-46186,0,1,1,0,,0,3,3,0,3,4,0,0,3380,,0,2,1,
2026-09-12T19:30:41.015Z,85740093000000,4222040,18413,-44000,-44004,,-45059,-47312,-47312,18024,2,2,-47312,-47312,0,1,1,0,,0,3,3,0,3,4,0,0,4506,,0,2,1,
2026-09-12T19:30:41.121Z,85740187000000,4222144,18414,-44002,-44003,,-45059,-48439,-48439,18024,2,2,-48439,-48439,0,1,1,0,,0,3,3,0,3,4,0,0,5633,,0,2,1,
2026-09-12T19:30:41.225Z,85740296000000,4222248,18415,-43988,-44003,,-45059,-48439,-48439,18024,2,2,-48439,-48439,0,1,1,0,,0,3,3,0,3,4,0,0,5633,,0,2,1,
2026-09-12T19:30:41.330Z,85740406000000,4222354,18416,-44014,-44003,,-45059,-48439,-48439,18024,2,2,-48439,-48439,0,1,1,0,,0,3,3,0,3,4,0,0,5633,,0,2,1,
2026-09-12T19:30:41.434Z,85740500000000,4222458,18417,-44016,-44004,,-45059,-47312,-47312,18024,2,2,-47312,-47312,0,1,1,0,,0,3,3,0,3,4,0,0,4506,,0,2,1,
2026-09-12T19:30:41.539Z,85740609000000,4222563,18418,-44017,-44006,,-45059,-45059,-45059,18024,2,2,-45059,-45059,0,1,1,0,,0,3,3,0,3,4,0,0,3380,,0,2,1,
2026-09-12T19:30:41.731Z,85740796000000,4222667,18419,-44007,-44007,,-43933,-43933,-43933,18024,2,2,-43933,-43933,0,1,1,0,,0,3,3,0,3,4,0,0,4506,,0,2,1,
2026-09-12T19:30:41.835Z,85740906000000,4222815,18421,-44015,-44007,,-43933,-43933,-43933,18024,2,2,-43933,-43933,0,1,1,0,,0,3,3,0,3,4,0,0,4506,,0,2,1,
2026-09-12T19:30:41.940Z,85741015000000,4222965,18422,-44027,-44008,,-43933,-42806,-42806,18024,2,2,-42806,-42806,0,1,1,0,,0,3,3,0,3,4,0,0,5633,,0,2,1,
2026-09-12T19:30:42.047Z,85741125000000,4223069,18423,-44033,-44010,,-43933,-40553,-40553,18024,2,2,-40553,-40553,0,1,1,0,,0,3,3,0,3,4,0,0,7886,,0,2,1,
2026-09-12T19:30:42.152Z,85741218000000,4223175,18424,-44026,-44012,,-43933,-38300,-38300,18024,2,2,-38300,-38300,0,1,1,0,,0,3,3,0,3,4,0,0,9012,,0,2,1,
2026-09-12T19:30:42.255Z,85741328000000,4223299,18426,-44015,-44015,,-43933,-34921,-34921,18024,2,2,-34921,-34921,0,1,1,0,,0,3,3,0,3,4,0,0,9012,,0,2,1,
2026-09-12T19:30:42.358Z,85741437000000,4223400,18427,-43999,-44015,,-43933,-34921,-34921,18024,2,2,-34921,-34921,0,1,1,0,,0,3,3,0,3,4,0,0,9012,,0,2,1,
2026-09-12T19:30:42.462Z,85741531000000,4223500,18428,-44003,-44013,,-43933,-37174,-37174,18024,2,2,-37174,-37174,0,1,1,0,,0,3,3,0,3,4,0,0,9012,,0,2,1,
2026-09-12T19:30:42.565Z,85741640000000,4223600,18429,-44017,-44012,,-43933,-38300,-38300,18024,2,2,-38300,-38300,0,1,1,0,,0,3,3,0,3,4,0,0,7885,,0,2,1,
2026-09-12T19:30:42.754Z,85741828000000,4223700,18430,-44017,-44013,,-36047,-37174,-37174,18024,2,2,-37174,-37174,0,1,1,0,,0,3,3,0,3,4,0,0,5632,,0,2,1,
2026-09-12T19:30:42.858Z,85741937000000,4223900,18432,-43998,-44013,,-36047,-37174,-37174,18024,2,2,-37174,-37174,0,1,1,0,,0,3,3,0,3,4,0,0,3379,,0,2,1,
2026-09-12T19:30:42.961Z,85742031000000,4224001,18433,-44022,-44012,,-36047,-38300,-38300,18024,2,2,-38300,-38300,0,1,1,0,,0,3,3,0,3,4,0,0,3379,,0,2,1,
2026-09-12T19:30:43.064Z,85742140000000,4224101,18434,-44016,-44013,,-36047,-37174,-37174,18024,2,2,-37174,-37174,0,1,1,0,,0,3,3,0,3,4,0,0,3379,,0,2,1,
2026-09-12T19:30:43.167Z,85742234000000,4224201,18435,-44018,-44014,,-36047,-36047,-36047,18024,2,2,-36047,-36047,0,1,1,0,,0,3,3,0,3,4,0,0,2253,,0,2,1,
2026-09-12T19:30:43.269Z,85742343000000,4224301,18436,-44016,-44014,,-36047,-36047,-36047,18024,2,2,-36047,-36047,0,1,1,0,,0,3,3,0,3,4,0,0,2253,,0,2,1,
2026-09-12T19:30:43.373Z,85742453000000,4224401,18437,-43995,-44014,,-36047,-36047,-36047,18024,2,2,-36047,-36047,0,1,1,0,,0,3,3,0,3,4,0,0,2253,,0,2,1,
2026-09-12T19:30:43.477Z,85742546000000,4224502,18438,-44015,-44014,,-36047,-36047,-36047,18024,2,2,-36047,-36047,0,1,1,0,,0,3,3,0,3,4,0,0,2253,,0,2,1,
2026-09-12T19:30:43.582Z,85742656000000,4224607,18439,-44021,-44014,,-36047,-36047,-36047,18024,2,2,-36047,-36047,0,1,1,0,,0,3,3,0,3,4,0,0,2253,,0,2,1,
2026-09-12T19:30:43.773Z,85742843000000,4224711,18440,-44019,-44015,,-33794,-34921,-34921,18024,2,2,-34921,-34921,0,1,1,0,,0,3,3,0,3,4,0,0,3379,,0,2,1,
2026-09-12T19:30:43.879Z,85742953000000,4224908,18442,-44001,-44015,,-33794,-34921,-34921,18024,2,2,-34921,-34921,0,1,1,0,,0,3,3,0,3,4,0,0,2253,,0,2,1,
2026-09-12T19:30:43.982Z,85743062000000,4225007,18443,-43998,-44013,,-33794,-37174,-37174,18024,2,2,-37174,-37174,0,1,1,0,,0,3,3,0,3,4,0,0,3380,,0,2,1,
2026-09-12T19:30:44.088Z,85743156000000,4225112,18444,-43998,-44011,,-33794,-39427,-39427,18024,2,2,-39427,-39427,0,1,1,0,,0,3,3,0,3,4,0,0,5633,,0,2,1,
2026-09-12T19:30:44.192Z,85743265000000,4225216,18445,-44012,-44009,,-33794,-41680,-41680,18024,2,2,-41680,-41680,0,1,1,0,,0,3,3,0,3,4,0,0,7886,,0,2,1,
2026-09-12T19:30:44.297Z,85743375000000,4225322,18446,-44020,-44009,,-33794,-41680,-41680,18024,2,2,-41680,-41680,0,1,1,0,,0,3,3,0,3,4,0,0,7886,,0,2,1,
2026-09-12T19:30:44.402Z,85743468000000,4225427,18447,-44014,-44010,,-33794,-40553,-40553,18024,2,2,-40553,-40553,0,1,1,0,,0,3,3,0,3,4,0,0,7886,,0,2,1,
2026-09-12T19:30:44.507Z,85743578000000,4225531,18448,-44012,-44011,,-33794,-39427,-39427,18024,2,2,-39427,-39427,0,1,1,0,,0,3,3,0,3,4,0,0,7886,,0,2,1,
2026-09-12T19:30:44.611Z,85743687000000,4225636,18449,-44013,-44011,,-33794,-39427,-39427,18024,2,2,-39427,-39427,0,1,1,0,,0,3,3,0,3,4,0,0,6759,,0,2,1,
2026-09-12T19:30:44.803Z,85743875000000,4225741,18450,-44002,-44011,,-39427,-39427,-39427,18024,2,2,-39427,-39427,0,1,1,0,,0,3,3,0,3,4,0,0,4506,,0,2,1,
2026-09-12T19:30:44.908Z,85743984000000,4225938,18452,-44021,-44011,,-39427,-39427,-39427,18024,2,2,-39427,-39427,0,1,1,0,,0,3,3,0,3,4,0,0,2253,,0,2,1,
2026-09-12T19:30:45.012Z,85744078000000,4226037,18453,-44016,-44012,,-39427,-38300,-38300,18024,2,2,-38300,-38300,0,1,1,0,,0,3,3,0,3,4,0,0,3380,,0,2,1,
2026-09-12T19:30:45.116Z,85744187000000,4226141,18454,-44007,-44013,,-39427,-37174,-37174,18024,2,2,-37174,-37174,0,1,1,0,,0,3,3,0,3,4,0,0,3379,,0,2,1,
2026-09-12T19:30:45.221Z,85744296000000,4226245,18455,-44015,-44013,,-39427,-37174,-37174,18024,2,2,-37174,-37174,0,1,1,0,,0,3,3,0,3,4,0,0,2253,,0,2,1,
2026-09-12T19:30:45.325Z,85744390000000,4226349,18456,-44018,-44013,,-39427,-37174,-37174,18024,2,2,-37174,-37174,0,1,1,0,,0,3,3,0,3,4,0,0,2253,,0,2,1,
2026-09-12T19:30:45.429Z,85744500000000,4226454,18457,-44023,-44014,,-39427,-36047,-36047,18024,2,2,-36047,-36047,0,1,1,0,,0,3,3,0,3,4,0,0,3380,,0,2,1,
2026-09-12T19:30:45.533Z,85744609000000,4226559,18458,-44021,-44015,,-39427,-34921,-34921,18024,2,2,-34921,-34921,0,1,1,0,,0,3,3,0,3,4,0,0,4506,,0,2,1,
2026-09-12T19:30:45.639Z,85744718000000,4226663,18459,-44025,-44016,,-39427,-33794,-33794,18024,2,2,-33794,-33794,0,1,1,0,,0,3,3,0,3,4,0,0,5633,,0,2,1,
2026-09-12T19:30:45.833Z,85744906000000,4226768,18460,-44027,-44017,,-31541,-32668,-32668,18024,2,2,-32668,-32668,0,1,1,0,,0,3,3,0,3,4,0,0,5632,,0,2,1,
2026-09-12T19:30:45.937Z,85745015000000,4226916,18462,-44008,-44018,,-31541,-31541,-31541,18024,2,2,-31541,-31541,0,1,1,0,,0,3,3,0,3,4,0,0,5633,,0,2,1,
2026-09-12T19:30:46.042Z,85745109000000,4227067,18463,-44021,-44018,,-31541,-31541,-31541,18024,2,2,-31541,-31541,0,1,1,0,,0,3,3,0,3,4,0,0,5633,,0,2,1,
2026-09-12T19:30:46.146Z,85745218000000,4227171,18464,-44013,-44017,,-31541,-32668,-32668,18024,2,2,-32668,-32668,0,1,1,0,,0,3,3,0,3,4,0,0,4506,,0,2,1,
2026-09-12T19:30:46.250Z,85745328000000,4227275,18465,-44010,-44016,,-31541,-33794,-33794,18024,2,2,-33794,-33794,0,1,1,0,,0,3,3,0,3,4,0,0,3380,,0,2,1,
2026-09-12T19:30:46.356Z,85745421000000,4227380,18466,-44016,-44016,,-31541,-33794,-33794,18024,2,2,-33794,-33794,0,1,1,0,,0,3,3,0,3,4,0,0,2253,,0,2,1,
2026-09-12T19:30:46.461Z,85745531000000,4227485,18467,-43995,-44015,,-31541,-34921,-34921,18024,2,2,-34921,-34921,0,1,1,0,,0,3,3,0,3,4,0,0,3380,,0,2,1,
2026-09-12T19:30:46.564Z,85745640000000,4227607,18469,-44019,-44011,,-31541,-39427,-39427,18024,2,2,-39427,-39427,0,1,1,0,,0,3,3,0,3,4,0,0,7886,,0,2,1,
2026-09-12T19:30:46.666Z,85745734000000,4227707,18470,-44013,-44011,,-31541,-39427,-39427,18024,2,2,-39427,-39427,0,1,1,0,,0,3,3,0,3,4,0,0,7886,,0,2,1,
2026-09-12T19:30:46.854Z,85745921000000,4227807,18471,-44008,-44011,,-39427,-39427,-39427,18024,2,2,-39427,-39427,0,1,1,0,,0,3,3,0,3,4,0,0,6759,,0,2,1,
2026-09-12T19:30:46.960Z,85746031000000,4227907,18472,-44013,-44011,,-39427,-39427,-39427,18024,2,2,-39427,-39427,0,1,1,0,,0,3,3,0,3,4,0,0,5633,,0,2,1,
2026-09-12T19:30:47.064Z,85746140000000,4228108,18474,-44010,-44011,,-39427,-39427,-39427,18024,2,2,-39427,-39427,0,1,1,0,,0,3,3,0,3,4,0,0,4506,,0,2,1,
2026-09-12T19:30:47.167Z,85746234000000,4228208,18475,-44013,-44011,,-39427,-39427,-39427,18024,2,2,-39427,-39427,0,1,1,0,,0,3,3,0,3,4,0,0,2253,,0,2,1,
2026-09-12T19:30:47.270Z,85746343000000,4228308,18476,-44020,-44011,,-39427,-39427,-39427,18024,2,2,-39427,-39427,0,1,1,0,,0,3,3,0,3,4,0,0,0,,0,2,1,
2026-09-12T19:30:47.373Z,85746453000000,4228408,18477,-44017,-44012,,-39427,-38300,-38300,18024,2,2,-38300,-38300,0,1,1,0,,0,3,3,0,3,4,0,0,1127,,0,2,1,
2026-09-12T19:30:47.476Z,85746546000000,4228508,18478,-44021,-44013,,-39427,-37174,-37174,18024,2,2,-37174,-37174,0,1,1,0,,0,3,3,0,3,4,0,0,2253,,0,2,1,
2026-09-12T19:30:47.580Z,85746656000000,4228609,18479,-44015,-44014,,-39427,-36047,-36047,18024,2,2,-36047,-36047,0,1,1,0,,0,3,3,0,3,4,0,0,3380,,0,2,1,
2026-09-12T19:30:47.686Z,85746765000000,4228709,18480,-44023,-44015,,-39427,-34921,-34921,18024,2,2,-34921,-34921,0,1,1,0,,0,3,3,0,3,4,0,0,4506,,0,2,1,
2026-09-12T19:30:47.878Z,85746953000000,4228815,18481,-44016,-44015,,-34921,-34921,-34921,18024,2,2,-34921,-34921,0,1,1,0,,0,3,3,0,3,4,0,0,4506,,0,2,1,
2026-09-12T19:30:47.982Z,85747062000000,4229013,18483,-44018,-44015,,-34921,-34921,-34921,18024,2,2,-34921,-34921,0,1,1,0,,0,3,3,0,3,4,0,0,4506,,0,2,1,
2026-09-12T19:30:48.086Z,85747156000000,4229112,18484,-44025,-44015,,-34921,-34921,-34921,18024,2,2,-34921,-34921,0,1,1,0,,0,3,3,0,3,4,0,0,3379,,0,2,1,
2026-09-12T19:30:48.191Z,85747265000000,4229217,18485,-44010,-44015,,-34921,-34921,-34921,18024,2,2,-34921,-34921,0,1,1,0,,0,3,3,0,3,4,0,0,2253,,0,2,1,
2026-09-12T19:30:48.295Z,85747375000000,4229321,18486,-44007,-44014,,-34921,-36047,-36047,18024,2,2,-36047,-36047,0,1,1,0,,0,3,3,0,3,4,0,0,1126,,0,2,1,
2026-09-12T19:30:48.401Z,85747468000000,4229425,18487,-44005,-44013,,-34921,-37174,-37174,18024,2,2,-37174,-37174,0,1,1,0,,0,3,3,0,3,4,0,0,2253,,0,2,1,
2026-09-12T19:30:48.505Z,85747578000000,4229530,18488,-44010,-44012,,-34921,-38300,-38300,18024,2,2,-38300,-38300,0,1,1,0,,0,3,3,0,3,4,0,0,3379,,0,2,1,
2026-09-12T19:30:48.610Z,85747687000000,4229635,18489,-44009,-44012,,-34921,-38300,-38300,18024,2,2,-38300,-38300,0,1,1,0,,0,3,3,0,3,4,0,0,3379,,0,2,1,
2026-09-12T19:30:48.714Z,85747781000000,4229739,18490,-44016,-44012,,-34921,-38300,-38300,18024,2,2,-38300,-38300,0,1,1,0,,0,3,3,0,3,4,0,0,3379,,0,2,1,
2026-09-12T19:30:48.907Z,85747984000000,4229844,18491,-44017,-44013,,-36047,-37174,-37174,18024,2,2,-37174,-37174,0,1,1,0,,0,3,3,0,3,4,0,0,3379,,0,2,1,
2026-09-12T19:30:49.011Z,85748078000000,4230043,18493,-44013,-44014,,-36047,-36047,-36047,18024,2,2,-36047,-36047,0,1,1,0,,0,3,3,0,3,4,0,0,2253,,0,2,1,
2026-09-12T19:30:49.116Z,85748187000000,4230141,18494,-44014,-44014,,-36047,-36047,-36047,18024,2,2,-36047,-36047,0,1,1,0,,0,3,3,0,3,4,0,0,2253,,0,2,1,
2026-09-12T19:30:49.220Z,85748296000000,4230245,18495,-44020,-44014,,-36047,-36047,-36047,18024,2,2,-36047,-36047,0,1,1,0,,0,3,3,0,3,4,0,0,2253,,0,2,1,
2026-09-12T19:30:49.324Z,85748390000000,4230349,18496,-44008,-44014,,-36047,-36047,-36047,18024,2,2,-36047,-36047,0,1,1,0,,0,3,3,0,3,4,0,0,2253,,0,2,1,
2026-09-12T19:30:49.430Z,85748500000000,4230454,18497,-44007,-44013,,-36047,-37174,-37174,18024,2,2,-37174,-37174,0,1,1,0,,0,3,3,0,3,4,0,0,2253,,0,2,1,
2026-09-12T19:30:49.533Z,85748609000000,4230559,18498,-44016,-44012,,-36047,-38300,-38300,18024,2,2,-38300,-38300,0,1,1,0,,0,3,3,0,3,4,0,0,2253,,0,2,1,
2026-09-12T19:30:49.639Z,85748718000000,4230663,18499,-44021,-44013,,-36047,-37174,-37174,18024,2,2,-37174,-37174,0,1,1,0,,0,3,3,0,3,4,0,0,2253,,0,2,1,
2026-09-12T19:30:49.743Z,85748812000000,4230767,18500,-44007,-44013,,-36047,-37174,-37174,18024,2,2,-37174,-37174,0,1,1,0,,0,3,3,0,3,4,0,0,2253,,0,2,1,
2026-09-12T19:30:49.936Z,85749015000000,4230872,18501,-44008,-44012,,-39427,-38300,-38300,18024,2,2,-38300,-38300,0,1,1,0,,0,3,3,0,3,4,0,0,2253,,0,2,1,
2026-09-12T19:30:50.040Z,85749109000000,4231020,18503,-44019,-44011,,-39427,-39427,-39427,18024,2,2,-39427,-39427,0,1,1,0,,0,3,3,0,3,4,0,0,3380,,0,2,1,
2026-09-12T19:30:50.143Z,85749218000000,4231170,18504,-44007,-44010,,-39427,-40553,-40553,18024,2,2,-40553,-40553,0,1,1,0,,0,3,3,0,3,4,0,0,3379,,0,2,1,
2026-09-12T19:30:50.247Z,85749312000000,4231273,18505,-43992,-44010,,-39427,-40553,-40553,18024,2,2,-40553,-40553,0,1,1,0,,0,3,3,0,3,4,0,0,3379,,0,2,1,
2026-09-12T19:30:50.350Z,85749421000000,4231377,18506,-44001,-44009,,-39427,-41680,-41680,18024,2,2,-41680,-41680,0,1,1,0,,0,3,3,0,3,4,0,0,4506,,0,2,1,
2026-09-12T19:30:50.455Z,85749531000000,4231481,18507,-44011,-44008,,-39427,-42806,-42806,18024,2,2,-42806,-42806,0,1,1,0,,0,3,3,0,3,4,0,0,5632,,0,2,1,
2026-09-12T19:30:50.560Z,85749625000000,4231584,18508,-44020,-44008,,-39427,-42806,-42806,18024,2,2,-42806,-42806,0,1,1,0,,0,3,3,0,3,4,0,0,4506,,0,2,1,
2026-09-12T19:30:50.664Z,85749734000000,4231689,18509,-44010,-44008,,-39427,-42806,-42806,18024,2,2,-42806,-42806,0,1,1,0,,0,3,3,0,3,4,0,0,3379,,0,2,1,
2026-09-12T19:30:50.768Z,85749843000000,4231793,18510,-44015,-44009,,-39427,-41680,-41680,18024,2,2,-41680,-41680,0,1,1,0,,0,3,3,0,3,4,0,0,3379,,0,2,1,
2026-09-12T19:30:50.957Z,85750031000000,4231915,18512,-44011,-44009,,-41680,-41680,-41680,18024,2,2,-41680,-41680,0,1,1,0,,0,3,3,0,3,4,0,0,2253,,0,2,1,
2026-09-12T19:30:51.061Z,85750140000000,4232015,18513,-43999,-44009,,-41680,-41680,-41680,18024,2,2,-41680,-41680,0,1,1,0,,0,3,3,0,3,4,0,0,1126,,0,2,1,
2026-09-12T19:30:51.166Z,85750234000000,4232191,18514,-43997,-44008,,-41680,-42806,-42806,18024,2,2,-42806,-42806,0,1,1,0,,0,3,3,0,3,4,0,0,1126,,0,2,1,
2026-09-12T19:30:51.269Z,85750343000000,4232295,18515,-44006,-44007,,-41680,-43933,-43933,18024,2,2,-43933,-43933,0,1,1,0,,0,3,3,0,3,4,0,0,2253,,0,2,1,
2026-09-12T19:30:51.373Z,85750453000000,4232416,18517,-44029,-44008,,-41680,-42806,-42806,18024,2,2,-42806,-42806,0,1,1,0,,0,3,3,0,3,4,0,0,2253,,0,2,1,
2026-09-12T19:30:51.477Z,85750546000000,4232516,18518,-44005,-44009,,-41680,-41680,-41680,18024,2,2,-41680,-41680,0,1,1,0,,0,3,3,0,3,4,0,0,2253,,0,2,1,
2026-09-12T19:30:51.579Z,85750656000000,4232616,18519,-44005,-44008,,-41680,-42806,-42806,18024,2,2,-42806,-42806,0,1,1,0,,0,3,3,0,3,4,0,0,2253,,0,2,1,
2026-09-12T19:30:51.682Z,85750750000000,4232716,18520,-44004,-44008,,-41680,-42806,-42806,18024,2,2,-42806,-42806,0,1,1,0,,0,3,3,0,3,4,0,0,2253,,0,2,1,
2026-09-12T19:30:51.785Z,85750859000000,4232816,18521,-44012,-44008,,-41680,-42806,-42806,18024,2,2,-42806,-42806,0,1,1,0,,0,3,3,0,3,4,0,0,2253,,0,2,1,
2026-09-12T19:30:51.975Z,85751046000000,4232916,18522,-44015,-44009,,-40553,-41680,-41680,18024,2,2,-41680,-41680,0,1,1,0,,0,3,3,0,3,4,0,0,2253,,0,2,1,
2026-09-12T19:30:52.078Z,85751156000000,4233117,18524,-44023,-44011,,-40553,-39427,-39427,18024,2,2,-39427,-39427,0,1,1,0,,0,3,3,0,3,4,0,0,3379,,0,2,1,
2026-09-12T19:30:52.181Z,85751250000000,4233217,18525,-44025,-44013,,-40553,-37174,-37174,18024,2,2,-37174,-37174,0,1,1,0,,0,3,3,0,3,4,0,0,5632,,0,2,1,
2026-09-12T19:30:52.285Z,85751359000000,4233317,18526,-44004,-44014,,-40553,-36047,-36047,18024,2,2,-36047,-36047,0,1,1,0,,0,3,3,0,3,4,0,0,6759,,0,2,1,
2026-09-12T19:30:52.389Z,85751468000000,4233417,18527,-44011,-44014,,-40553,-36047,-36047,18024,2,2,-36047,-36047,0,1,1,0,,0,3,3,0,3,4,0,0,6759,,0,2,1,
2026-09-12T19:30:52.494Z,85751562000000,4233519,18528,-44012,-44014,,-40553,-36047,-36047,18024,2,2,-36047,-36047,0,1,1,0,,0,3,3,0,3,4,0,0,6759,,0,2,1,
2026-09-12T19:30:52.598Z,85751671000000,4233623,18529,-44013,-44014,,-40553,-36047,-36047,18024,2,2,-36047,-36047,0,1,1,0,,0,3,3,0,3,4,0,0,5633,,0,2,1,
2026-09-12T19:30:52.703Z,85751781000000,4233727,18530,-44016,-44014,,-40553,-36047,-36047,18024,2,2,-36047,-36047,0,1,1,0,,0,3,3,0,3,4,0,0,4506,,0,2,1,
2026-09-12T19:30:52.806Z,85751875000000,4233833,18531,-44016,-44014,,-40553,-36047,-36047,18024,2,2,-36047,-36047,0,1,1,0,,0,3,3,0,3,4,0,0,3380,,0,2,1,
2026-09-12T19:30:52.999Z,85752078000000,4233937,18532,-44020,-44014,,-34921,-36047,-36047,18024,2,2,-36047,-36047,0,1,1,0,,0,3,3,0,3,4,0,0,1127,,0,2,1,
2026-09-12T19:30:53.104Z,85752171000000,4234135,18534,-44025,-44016,,-34921,-33794,-33794,18024,2,2,-33794,-33794,0,1,1,0,,0,3,3,0,3,4,0,0,2253,,0,2,1,
2026-09-12T19:30:53.208Z,85752281000000,4234233,18535,-44012,-44017,,-34921,-32668,-32668,18024,2,2,-32668,-32668,0,1,1,0,,0,3,3,0,3,4,0,0,3379,,0,2,1,
2026-09-12T19:30:53.313Z,85752390000000,4234338,18536,-44001,-44016,,-34921,-33794,-33794,18024,2,2,-33794,-33794,0,1,1,0,,0,3,3,0,3,4,0,0,3379,,0,2,1,
2026-09-12T19:30:53.418Z,85752484000000,4234442,18537,-43998,-44014,,-34921,-36047,-36047,18024,2,2,-36047,-36047,0,1,1,0,,0,3,3,0,3,4,0,0,3379,,0,2,1,
2026-09-12T19:30:53.522Z,85752593000000,4234547,18538,-44011,-44012,,-34921,-38300,-38300,18024,2,2,-38300,-38300,0,1,1,0,,0,3,3,0,3,4,0,0,5632,,0,2,1,
2026-09-12T19:30:53.625Z,85752703000000,4234652,18539,-44007,-44011,,-34921,-39427,-39427,18024,2,2,-39427,-39427,0,1,1,0,,0,3,3,0,3,4,0,0,6759,,0,2,1,
2026-09-12T19:30:53.731Z,85752796000000,4234756,18540,-44006,-44010,,-34921,-40553,-40553,18024,2,2,-40553,-40553,0,1,1,0,,0,3,3,0,3,4,0,0,7885,,0,2,1,
2026-09-12T19:30:53.835Z,85752906000000,4234860,18541,-44008,-44010,,-34921,-40553,-40553,18024,2,2,-40553,-40553,0,1,1,0,,0,3,3,0,3,4,0,0,7885,,0,2,1,
2026-09-12T19:30:54.027Z,85753093000000,4234964,18542,-44017,-44010,,-38300,-40553,-40553,18024,2,2,-40553,-40553,0,1,1,0,,0,3,3,0,3,4,0,0,7885,,0,2,1,
2026-09-12T19:30:54.132Z,85753203000000,4235120,18544,-44025,-44012,,-38300,-38300,-38300,18024,2,2,-38300,-38300,0,1,1,0,,0,3,3,0,3,4,0,0,4506,,0,2,1,
2026-09-12T19:30:54.235Z,85753312000000,4235261,18545,-44025,-44014,,-38300,-36047,-36047,18024,2,2,-36047,-36047,0,1,1,0,,0,3,3,0,3,4,0,0,4506,,0,2,1,
2026-09-12T19:30:54.340Z,85753406000000,4235366,18546,-44024,-44015,,-38300,-34921,-34921,18024,2,2,-34921,-34921,0,1,1,0,,0,3,3,0,3,4,0,0,5632,,0,2,1,
2026-09-12T19:30:54.445Z,85753515000000,4235470,18547,-44027,-44016,,-38300,-33794,-33794,18024,2,2,-33794,-33794,0,1,1,0,,0,3,3,0,3,4,0,0,6759,,0,2,1,
2026-09-12T19:30:54.549Z,85753625000000,4235575,18548,-44029,-44017,,-38300,-32668,-32668,18024,2,2,-32668,-32668,0,1,1,0,,0,3,3,0,3,4,0,0,7885,,0,2,1,
2026-09-12T19:30:54.653Z,85753718000000,4235679,18549,-44028,-44018,,-38300,-31541,-31541,18024,2,2,-31541,-31541,0,1,1,0,,0,3,3,0,3,4,0,0,9012,,0,2,1,
2026-09-12T19:30:54.758Z,85753828000000,4235784,18550,-44010,-44019,,-38300,-30415,-30415,18024,2,2,-30415,-30415,0,1,1,0,,0,3,3,0,3,4,0,0,9012,,0,2,1,
2026-09-12T19:30:54.863Z,85753937000000,4235888,18551,-44013,-44018,,-38300,-31541,-31541,18024,2,2,-31541,-31541,0,1,1,0,,0,3,3,0,3,4,0,0,7885,,0,2,1,
2026-09-12T19:30:55.056Z,85754125000000,4235993,18552,-44019,-44017,,-34921,-32668,-32668,18024,2,2,-32668,-32668,0,1,1,0,,0,3,3,0,3,4,0,0,5632,,0,2,1,
2026-09-12T19:30:55.160Z,85754234000000,4236141,18554,-44004,-44015,,-34921,-34921,-34921,18024,2,2,-34921,-34921,0,1,1,0,,0,3,3,0,3,4,0,0,4506,,0,2,1,
2026-09-12T19:30:55.265Z,85754343000000,4236290,18555,-43993,-44014,,-34921,-36047,-36047,18024,2,2,-36047,-36047,0,1,1,0,,0,3,3,0,3,4,0,0,5632,,0,2,1,
2026-09-12T19:30:55.369Z,85754437000000,4236394,18556,-44012,-44013,,-34921,-37174,-37174,18024,2,2,-37174,-37174,0,1,1,0,,0,3,3,0,3,4,0,0,6759,,0,2,1,
2026-09-12T19:30:55.473Z,85754546000000,4236499,18557,-44027,-44013,,-34921,-37174,-37174,18024,2,2,-37174,-37174,0,1,1,0,,0,3,3,0,3,4,0,0,6759,,0,2,1,
2026-09-12T19:30:55.577Z,85754656000000,4236623,18559,-44030,-44016,,-34921,-33794,-33794,18024,2,2,-33794,-33794,0,1,1,0,,0,3,3,0,3,4,0,0,4506,,0,2,1,
2026-09-12T19:30:55.681Z,85754750000000,4236723,18560,-44019,-44017,,-34921,-32668,-32668,18024,2,2,-32668,-32668,0,1,1,0,,0,3,3,0,3,4,0,0,4506,,0,2,1,
2026-09-12T19:30:55.785Z,85754859000000,4236823,18561,-44018,-44017,,-34921,-32668,-32668,18024,2,2,-32668,-32668,0,1,1,0,,0,3,3,0,3,4,0,0,4506,,0,2,1,
2026-09-12T19:30:55.889Z,85754968000000,4236923,18562,-44019,-44017,,-34921,-32668,-32668,18024,2,2,-32668,-32668,0,1,1,0,,0,3,3,0,3,4,0,0,4506,,0,2,1,
2026-09-12T19:30:56.079Z,85755156000000,4237023,18563,-44011,-44017,,-32668,-32668,-32668,18024,2,2,-32668,-32668,0,1,1,0,,0,3,3,0,3,4,0,0,4506,,0,2,1,
2026-09-12T19:30:56.183Z,85755250000000,4237224,18565,-44018,-44017,,-32668,-32668,-32668,18024,2,2,-32668,-32668,0,1,1,0,,0,3,3,0,3,4,0,0,3379,,0,2,1,
2026-09-12T19:30:56.286Z,85755359000000,4237324,18566,-44025,-44017,,-32668,-32668,-32668,18024,2,2,-32668,-32668,0,1,1,0,,0,3,3,0,3,4,0,0,1126,,0,2,1,
2026-09-12T19:30:56.389Z,85755468000000,4237424,18567,-44014,-44017,,-32668,-32668,-32668,18024,2,2,-32668,-32668,0,1,1,0,,0,3,3,0,3,4,0,0,0,,0,2,1,
2026-09-12T19:30:56.494Z,85755562000000,4237524,18568,-43997,-44017,,-32668,-32668,-32668,18024,2,2,-32668,-32668,0,1,1,0,,0,3,3,0,3,4,0,0,0,,0,2,1,
2026-09-12T19:30:56.599Z,85755671000000,4237624,18569,-44015,-44017,,-32668,-32668,-32668,18024,2,2,-32668,-32668,0,1,1,0,,0,3,3,0,3,4,0,0,0,,0,2,1,
2026-09-12T19:30:56.703Z,85755781000000,4237728,18570,-44038,-44017,,-32668,-32668,-32668,18024,2,2,-32668,-32668,0,1,1,0,,0,3,3,0,3,4,0,0,0,,0,2,1,
2026-09-12T19:30:56.806Z,85755875000000,4237833,18571,-44039,-44020,,-32668,-29288,-29288,18024,2,2,-29288,-29288,0,1,1,0,,0,3,3,0,3,4,0,0,3380,,0,2,1,
2026-09-12T19:30:56.911Z,85755984000000,4237937,18572,-44044,-44022,,-32668,-27035,-27035,18024,2,2,-27035,-27035,0,1,1,0,,0,3,3,0,3,4,0,0,5633,,0,2,1,
2026-09-12T19:30:57.104Z,85756171000000,4238042,18573,-44021,-44024,,-24783,-24783,-24783,18024,2,2,-24783,-24783,0,1,1,0,,0,3,3,0,3,4,0,0,7885,,0,2,1,
2026-09-12T19:30:57.209Z,85756281000000,4238240,18575,-44022,-44024,,-24783,-24783,-24783,18024,2,2,-24783,-24783,0,1,1,0,,0,3,3,0,3,4,0,0,7885,,0,2,1,
2026-09-12T19:30:57.314Z,85756390000000,4238338,18576,-44029,-44024,,-24783,-24783,-24783,18024,2,2,-24783,-24783,0,1,1,0,,0,3,3,0,3,4,0,0,7885,,0,2,1,
2026-09-12T19:30:57.419Z,85756484000000,4238444,18577,-44026,-44024,,-24783,-24783,-24783,18024,2,2,-24783,-24783,0,1,1,0,,0,3,3,0,3,4,0,0,7885,,0,2,1,
2026-09-12T19:30:57.523Z,85756593000000,4238548,18578,-44005,-44024,,-24783,-24783,-24783,18024,2,2,-24783,-24783,0,1,1,0,,0,3,3,0,3,4,0,0,4505,,0,2,1,
2026-09-12T19:30:57.627Z,85756703000000,4238653,18579,-44022,-44024,,-24783,-24783,-24783,18024,2,2,-24783,-24783,0,1,1,0,,0,3,3,0,3,4,0,0,2252,,0,2,1,
2026-09-12T19:30:57.730Z,85756796000000,4238757,18580,-44015,-44023,,-24783,-25909,-25909,18024,2,2,-25909,-25909,0,1,1,0,,0,3,3,0,3,4,0,0,1126,,0,2,1,
2026-09-12T19:30:57.835Z,85756906000000,4238861,18581,-44014,-44022,,-24783,-27035,-27035,18024,2,2,-27035,-27035,0,1,1,0,,0,3,3,0,3,4,0,0,2252,,0,2,1,
2026-09-12T19:30:57.940Z,85757015000000,4238965,18582,-44024,-44021,,-24783,-28162,-28162,18024,2,2,-28162,-28162,0,1,1,0,,0,3,3,0,3,4,0,0,3379,,0,2,1,
2026-09-12T19:30:58.133Z,85757203000000,4239070,18583,-44039,-44021,,-23656,-28162,-28162,18024,2,2,-28162,-28162,0,1,1,0,,0,3,3,0,3,4,0,0,3379,,0,2,1,
2026-09-12T19:30:58.236Z,85757312000000,4239227,18585,-44029,-44025,,-23656,-23656,-23656,18024,2,2,-23656,-23656,0,1,1,0,,0,3,3,0,3,4,0,0,4506,,0,2,1,
2026-09-12T19:30:58.340Z,85757406000000,4239367,18586,-44041,-44027,,-23656,-21403,-21403,18024,2,2,-21403,-21403,0,1,1,0,,0,3,3,0,3,4,0,0,6759,,0,2,1,
2026-09-12T19:30:58.446Z,85757515000000,4239471,18587,-44045,-44029,,-23656,-19150,-19150,18024,2,2,-19150,-19150,0,1,1,0,,0,3,3,0,3,4,0,0,9012,,0,2,1,
2026-09-12T19:30:58.550Z,85757625000000,4239576,18588,-44037,-44031,,-23656,-16897,-16897,18024,2,2,-16897,-16897,0,1,1,0,,0,3,3,0,3,4,0,0,11265,,0,2,1,
2026-09-12T19:30:58.654Z,85757734000000,4239680,18589,-44044,-44033,,-23656,-14644,-14644,18024,2,2,-14644,-14644,0,1,1,0,,0,3,3,0,3,4,0,0,13518,,0,2,1,
2026-09-12T19:30:58.760Z,85757828000000,4239784,18590,-44032,-44034,,-23656,-13518,-13518,18024,2,2,-13518,-13518,0,1,1,0,,0,3,3,0,3,4,0,0,14644,,0,2,1,
2026-09-12T19:30:58.864Z,85757937000000,4239889,18591,-44041,-44035,,-23656,-12391,-12391,18024,2,2,-12391,-12391,0,1,1,0,,0,3,3,0,3,4,0,0,13518,,0,2,1,
2026-09-12T19:30:58.969Z,85758046000000,4239994,18592,-44040,-44036,,-23656,-11265,-11265,18024,2,2,-11265,-11265,0,1,1,0,,0,3,3,0,3,4,0,0,12391,,0,2,1,
2026-09-12T19:30:59.161Z,85758234000000,4240099,18593,-44017,-44037,,-14644,-10138,-10138,18024,2,2,-10138,-10138,0,1,1,0,,0,3,3,0,3,4,0,0,11265,,0,2,1,
2026-09-12T19:30:59.266Z,85758343000000,4240246,18595,-44022,-44033,,-14644,-14644,-14644,18024,2,2,-14644,-14644,0,1,1,0,,0,3,3,0,3,4,0,0,6759,,0,2,1,
2026-09-12T19:30:59.370Z,85758437000000,4240396,18596,-44015,-44032,,-14644,-15771,-15771,18024,2,2,-15771,-15771,0,1,1,0,,0,3,3,0,3,4,0,0,5633,,0,2,1,
2026-09-12T19:30:59.474Z,85758546000000,4240500,18597,-44007,-44030,,-14644,-18024,-18024,18024,2,2,-18024,-18024,0,1,1,0,,0,3,3,0,3,4,0,0,7886,,0,2,1,
2026-09-12T19:30:59.578Z,85758656000000,4240604,18598,-44001,-44027,,-14644,-21403,-21403,18024,2,2,-21403,-21403,0,1,1,0,,0,3,3,0,3,4,0,0,11265,,0,2,1,
2026-09-12T19:30:59.683Z,85758750000000,4240708,18599,-44008,-44024,,-14644,-24783,-24783,18024,2,2,-24783,-24783,0,1,1,0,,0,3,3,0,3,4,0,0,14645,,0,2,1,
2026-09-12T19:30:59.786Z,85758859000000,4240830,18601,-44021,-44021,,-14644,-28162,-28162,18024,2,2,-28162,-28162,0,1,1,0,,0,3,3,0,3,4,0,0,15771,,0,2,1,
2026-09-12T19:30:59.889Z,85758968000000,4240930,18602,-44031,-44021,,-14644,-28162,-28162,18024,2,2,-28162,-28162,0,1,1,0,,0,3,3,0,3,4,0,0,13518,,0,2,1,
2026-09-12T19:30:59.992Z,85759062000000,4241030,18603,-44009,-44021,,-14644,-28162,-28162,18024,2,2,-28162,-28162,0,1,1,0,,0,3,3,0,3,4,0,0,12391,,0,2,1,
2026-09-12T19:31:00.183Z,85759250000000,4241131,18604,-44002,-44019,,-31541,-30415,-30415,18024,2,2,-30415,-30415,0,1,1,0,,0,3,3,0,3,4,0,0,12391,,0,2,1,
2026-09-12T19:31:00.287Z,85759359000000,4241331,18606,-44022,-44017,,-31541,-32668,-32668,18024,2,2,-32668,-32668,0,1,1,0,,0,3,3,0,3,4,0,0,7885,,0,2,1,
2026-09-12T19:31:00.390Z,85759468000000,4241431,18607,-44020,-44017,,-31541,-32668,-32668,18024,2,2,-32668,-32668,0,1,1,0,,0,3,3,0,3,4,0,0,5633,,0,2,1,
2026-09-12T19:31:00.493Z,85759562000000,4241531,18608,-44006,-44017,,-31541,-32668,-32668,18024,2,2,-32668,-32668,0,1,1,0,,0,3,3,0,3,4,0,0,4506,,0,2,1,
2026-09-12T19:31:00.596Z,85759671000000,4241631,18609,-44007,-44016,,-31541,-33794,-33794,18024,2,2,-33794,-33794,0,1,1,0,,0,3,3,0,3,4,0,0,5632,,0,2,1,
2026-09-12T19:31:00.699Z,85759765000000,4241731,18610,-44031,-44015,,-31541,-34921,-34921,18024,2,2,-34921,-34921,0,1,1,0,,0,3,3,0,3,4,0,0,6759,,0,2,1,
2026-09-12T19:31:00.805Z,85759875000000,4241831,18611,-44040,-44017,,-31541,-32668,-32668,18024,2,2,-32668,-32668,0,1,1,0,,0,3,3,0,3,4,0,0,4506,,0,2,1,
2026-09-12T19:31:00.909Z,85759984000000,4241935,18612,-44042,-44020,,-31541,-29288,-29288,18024,2,2,-29288,-29288,0,1,1,0,,0,3,3,0,3,4,0,0,5633,,0,2,1,
2026-09-12T19:31:01.014Z,85760093000000,4242040,18613,-44035,-44023,,-31541,-25909,-25909,18024,2,2,-25909,-25909,0,1,1,0,,0,3,3,0,3,4,0,0,9012,,0,2,1,
2026-09-12T19:31:01.207Z,85760281000000,4242145,18614,-44016,-44025,,-24783,-23656,-23656,18024,2,2,-23656,-23656,0,1,1,0,,0,3,3,0,3,4,0,0,11265,,0,2,1,
2026-09-12T19:31:01.312Z,85760390000000,4242343,18616,-44029,-44023,,-24783,-25909,-25909,18024,2,2,-25909,-25909,0,1,1,0,,0,3,3,0,3,4,0,0,11265,,0,2,1,
2026-09-12T19:31:01.416Z,85760484000000,4242442,18617,-44012,-44022,,-24783,-27035,-27035,18024,2,2,-27035,-27035,0,1,1,0,,0,3,3,0,3,4,0,0,11265,,0,2,1,
2026-09-12T19:31:01.520Z,85760593000000,4242547,18618,-44021,-44022,,-24783,-27035,-27035,18024,2,2,-27035,-27035,0,1,1,0,,0,3,3,0,3,4,0,0,9012,,0,2,1,
2026-09-12T19:31:01.623Z,85760703000000,4242650,18619,-44021,-44022,,-24783,-27035,-27035,18024,2,2,-27035,-27035,0,1,1,0,,0,3,3,0,3,4,0,0,5632,,0,2,1,
2026-09-12T19:31:01.729Z,85760796000000,4242754,18620,-44013,-44022,,-24783,-27035,-27035,18024,2,2,-27035,-27035,0,1,1,0,,0,3,3,0,3,4,0,0,3379,,0,2,1,
2026-09-12T19:31:01.835Z,85760906000000,4242859,18621,-44008,-44021,,-24783,-28162,-28162,18024,2,2,-28162,-28162,0,1,1,0,,0,3,3,0,3,4,0,0,4506,,0,2,1,
2026-09-12T19:31:01.939Z,85761015000000,4242965,18622,-44011,-44020,,-24783,-29288,-29288,18024,2,2,-29288,-29288,0,1,1,0,,0,3,3,0,3,4,0,0,4505,,0,2,1,
2026-09-12T19:31:02.044Z,85761125000000,4243070,18623,-44015,-44019,,-24783,-30415,-30415,18024,2,2,-30415,-30415,0,1,1,0,,0,3,3,0,3,4,0,0,4506,,0,2,1,
2026-09-12T19:31:02.236Z,85761312000000,4243175,18624,-44018,-44018,,-31541,-31541,-31541,18024,2,2,-31541,-31541,0,1,1,0,,0,3,3,0,3,4,0,0,4506,,0,2,1,
2026-09-12T19:31:02.340Z,85761406000000,4243373,18626,-44014,-44018,,-31541,-31541,-31541,18024,2,2,-31541,-31541,0,1,1,0,,0,3,3,0,3,4,0,0,4506,,0,2,1,
2026-09-12T19:31:02.444Z,85761515000000,4243471,18627,-43992,-44017,,-31541,-32668,-32668,18024,2,2,-32668,-32668,0,1,1,0,,0,3,3,0,3,4,0,0,5633,,0,2,1,
2026-09-12T19:31:02.548Z,85761625000000,4243575,18628,-44004,-44015,,-31541,-34921,-34921,18024,2,2,-34921,-34921,0,1,1,0,,0,3,3,0,3,4,0,0,6759,,0,2,1,
2026-09-12T19:31:02.652Z,85761718000000,4243679,18629,-44015,-44014,,-31541,-36047,-36047,18024,2,2,-36047,-36047,0,1,1,0,,0,3,3,0,3,4,0,0,6759,,0,2,1,
2026-09-12T19:31:02.758Z,85761828000000,4243783,18630,-44030,-44014,,-31541,-36047,-36047,18024,2,2,-36047,-36047,0,1,1,0,,0,3,3,0,3,4,0,0,5632,,0,2,1,
2026-09-12T19:31:02.864Z,85761937000000,4243887,18631,-44023,-44015,,-31541,-34921,-34921,18024,2,2,-34921,-34921,0,1,1,0,,0,3,3,0,3,4,0,0,4506,,0,2,1,
2026-09-12T19:31:02.969Z,85762046000000,4243994,18632,-44016,-44016,,-31541,-33794,-33794,18024,2,2,-33794,-33794,0,1,1,0,,0,3,3,0,3,4,0,0,4506,,0,2,1,
2026-09-12T19:31:03.073Z,85762140000000,4244100,18633,-44017,-44016,,-31541,-33794,-33794,18024,2,2,-33794,-33794,0,1,1,0,,0,3,3,0,3,4,0,0,4506,,0,2,1,
2026-09-12T19:31:03.267Z,85762343000000,4244204,18634,-44015,-44016,,-34921,-33794,-33794,18024,2,2,-33794,-33794,0,1,1,0,,0,3,3,0,3,4,0,0,3379,,0,2,1,
2026-09-12T19:31:03.371Z,85762437000000,4244353,18636,-44009,-44015,,-34921,-34921,-34921,18024,2,2,-34921,-34921,0,1,1,0,,0,3,3,0,3,4,0,0,2253,,0,2,1,
2026-09-12T19:31:03.475Z,85762546000000,4244501,18637,-44014,-44014,,-34921,-36047,-36047,18024,2,2,-36047,-36047,0,1,1,0,,0,3,3,0,3,4,0,0,2253,,0,2,1,
2026-09-12T19:31:03.579Z,85762656000000,4244606,18638,-44028,-44014,,-34921,-36047,-36047,18024,2,2,-36047,-36047,0,1,1,0,,0,3,3,0,3,4,0,0,2253,,0,2,1,
2026-09-12T19:31:03.684Z,85762750000000,4244709,18639,-44031,-44016,,-34921,-33794,-33794,18024,2,2,-33794,-33794,0,1,1,0,,0,3,3,0,3,4,0,0,2253,,0,2,1,
2026-09-12T19:31:03.787Z,85762859000000,4244814,18640,-44023,-44018,,-34921,-31541,-31541,18024,2,2,-31541,-31541,0,1,1,0,,0,3,3,0,3,4,0,0,4506,,0,2,1,
2026-09-12T19:31:03.892Z,85762968000000,4244937,18642,-44008,-44018,,-34921,-31541,-31541,18024,2,2,-31541,-31541,0,1,1,0,,0,3,3,0,3,4,0,0,5632,,0,2,1,
2026-09-12T19:31:03.994Z,85763062000000,4245037,18643,-44017,-44017,,-34921,-32668,-32668,18024,2,2,-32668,-32668,0,1,1,0,,0,3,3,0,3,4,0,0,5632,,0,2,1,
2026-09-12T19:31:04.097Z,85763171000000,4245138,18644,-44019,-44017,,-34921,-32668,-32668,18024,2,2,-32668,-32668,0,1,1,0,,0,3,3,0,3,4,0,0,5632,,0,2,1,
2026-09-12T19:31:04.287Z,85763359000000,4245238,18645,-44024,-44017,,-31541,-32668,-32668,18024,2,2,-32668,-32668,0,1,1,0,,0,3,3,0,3,4,0,0,5632,,0,2,1,
2026-09-12T19:31:04.393Z,85763468000000,4245438,18647,-44022,-44019,,-31541,-30415,-30415,18024,2,2,-30415,-30415,0,1,1,0,,0,3,3,0,3,4,0,0,2253,,0,2,1,
2026-09-12T19:31:04.495Z,85763562000000,4245538,18648,-44023,-44020,,-31541,-29288,-29288,18024,2,2,-29288,-29288,0,1,1,0,,0,3,3,0,3,4,0,0,3380,,0,2,1,
2026-09-12T19:31:04.599Z,85763671000000,4245638,18649,-44024,-44020,,-31541,-29288,-29288,18024,2,2,-29288,-29288,0,1,1,0,,0,3,3,0,3,4,0,0,3380,,0,2,1,
2026-09-12T19:31:04.702Z,85763781000000,4245738,18650,-44031,-44021,,-31541,-28162,-28162,18024,2,2,-28162,-28162,0,1,1,0,,0,3,3,0,3,4,0,0,4506,,0,2,1,
2026-09-12T19:31:04.805Z,85763875000000,4245839,18651,-44013,-44021,,-31541,-28162,-28162,18024,2,2,-28162,-28162,0,1,1,0,,0,3,3,0,3,4,0,0,4506,,0,2,1,
2026-09-12T19:31:04.910Z,85763984000000,4245939,18652,-44023,-44021,,-31541,-28162,-28162,18024,2,2,-28162,-28162,0,1,1,0,,0,3,3,0,3,4,0,0,4506,,0,2,1,
2026-09-12T19:31:05.014Z,85764093000000,4246040,18653,-44014,-44020,,-31541,-29288,-29288,18024,2,2,-29288,-29288,0,1,1,0,,0,3,3,0,3,4,0,0,3379,,0,2,1,
2026-09-12T19:31:05.119Z,85764187000000,4246145,18654,-44007,-44019,,-31541,-30415,-30415,18024,2,2,-30415,-30415,0,1,1,0,,0,3,3,0,3,4,0,0,2253,,0,2,1,
2026-09-12T19:31:05.310Z,85764375000000,4246249,18655,-44010,-44018,,-32668,-31541,-31541,18024,2,2,-31541,-31541,0,1,1,0,,0,3,3,0,3,4,0,0,3379,,0,2,1,
2026-09-12T19:31:05.414Z,85764484000000,4246446,18657,-44028,-44018,,-32668,-31541,-31541,18024,2,2,-31541,-31541,0,1,1,0,,0,3,3,0,3,4,0,0,4506,,0,2,1,
2026-09-12T19:31:05.519Z,85764593000000,4246545,18658,-44020,-44018,,-32668,-31541,-31541,18024,2,2,-31541,-31541,0,1,1,0,,0,3,3,0,3,4,0,0,4506,,0,2,1,
2026-09-12T19:31:05.624Z,85764703000000,4246649,18659,-44025,-44019,,-32668,-30415,-30415,18024,2,2,-30415,-30415,0,1,1,0,,0,3,3,0,3,4,0,0,4506,,0,2,1,
2026-09-12T19:31:05.728Z,85764796000000,4246754,18660,-44025,-44020,,-32668,-29288,-29288,18024,2,2,-29288,-29288,0,1,1,0,,0,3,3,0,3,4,0,0,3380,,0,2,1,
2026-09-12T19:31:05.832Z,85764906000000,4246858,18661,-44024,-44021,,-32668,-28162,-28162,18024,2,2,-28162,-28162,0,1,1,0,,0,3,3,0,3,4,0,0,4506,,0,2,1,
2026-09-12T19:31:05.938Z,85765015000000,4246962,18662,-44023,-44021,,-32668,-28162,-28162,18024,2,2,-28162,-28162,0,1,1,0,,0,3,3,0,3,4,0,0,4506,,0,2,1,
2026-09-12T19:31:06.042Z,85765109000000,4247068,18663,-44017,-44021,,-32668,-28162,-28162,18024,2,2,-28162,-28162,0,1,1,0,,0,3,3,0,3,4,0,0,4506,,0,2,1,
2026-09-12T19:31:06.147Z,85765218000000,4247173,18664,-44015,-44020,,-32668,-29288,-29288,18024,2,2,-29288,-29288,0,1,1,0,,0,3,3,0,3,4,0,0,3379,,0,2,1,
2026-09-12T19:31:06.338Z,85765406000000,4247277,18665,-44016,-44019,,-31541,-30415,-30415,18024,2,2,-30415,-30415,0,1,1,0,,0,3,3,0,3,4,0,0,3379,,0,2,1,
2026-09-12T19:31:06.442Z,85765515000000,4247475,18667,-44017,-44018,,-31541,-31541,-31541,18024,2,2,-31541,-31541,0,1,1,0,,0,3,3,0,3,4,0,0,3379,,0,2,1,
2026-09-12T19:31:06.547Z,85765625000000,4247573,18668,-44026,-44018,,-31541,-31541,-31541,18024,2,2,-31541,-31541,0,1,1,0,,0,3,3,0,3,4,0,0,3379,,0,2,1,
2026-09-12T19:31:06.650Z,85765718000000,4247677,18669,-44032,-44019,,-31541,-30415,-30415,18024,2,2,-30415,-30415,0,1,1,0,,0,3,3,0,3,4,0,0,3379,,0,2,1,
2026-09-12T19:31:06.755Z,85765828000000,4247782,18670,-44015,-44020,,-31541,-29288,-29288,18024,2,2,-29288,-29288,0,1,1,0,,0,3,3,0,3,4,0,0,3379,,0,2,1,
2026-09-12T19:31:06.859Z,85765937000000,4247886,18671,-44000,-44019,,-31541,-30415,-30415,18024,2,2,-30415,-30415,0,1,1,0,,0,3,3,0,3,4,0,0,2253,,0,2,1,
2026-09-12T19:31:06.964Z,85766031000000,4247990,18672,-44018,-44018,,-31541,-31541,-31541,18024,2,2,-31541,-31541,0,1,1,0,,0,3,3,0,3,4,0,0,2253,,0,2,1,
2026-09-12T19:31:07.068Z,85766140000000,4248095,18673,-44015,-44018,,-31541,-31541,-31541,18024,2,2,-31541,-31541,0,1,1,0,,0,3,3,0,3,4,0,0,2253,,0,2,1,
2026-09-12T19:31:07.173Z,85766250000000,4248199,18674,-44030,-44018,,-31541,-31541,-31541,18024,2,2,-31541,-31541,0,1,1,0,,0,3,3,0,3,4,0,0,2253,,0,2,1,
2026-09-12T19:31:07.364Z,85766437000000,4248304,18675,-44029,-44019,,-31541,-30415,-30415,18024,2,2,-30415,-30415,0,1,1,0,,0,3,3,0,3,4,0,0,2253,,0,2,1,
2026-09-12T19:31:07.468Z,85766546000000,4248451,18677,-43998,-44018,,-31541,-31541,-31541,18024,2,2,-31541,-31541,0,1,1,0,,0,3,3,0,3,4,0,0,2253,,0,2,1,
2026-09-12T19:31:07.573Z,85766640000000,4248600,18678,-44012,-44017,,-31541,-32668,-32668,18024,2,2,-32668,-32668,0,1,1,0,,0,3,3,0,3,4,0,0,3380,,0,2,1,
2026-09-12T19:31:07.678Z,85766750000000,4248704,18679,-44017,-44016,,-31541,-33794,-33794,18024,2,2,-33794,-33794,0,1,1,0,,0,3,3,0,3,4,0,0,4506,,0,2,1,
2026-09-12T19:31:07.782Z,85766859000000,4248808,18680,-44000,-44015,,-31541,-34921,-34921,18024,2,2,-34921,-34921,0,1,1,0,,0,3,3,0,3,4,0,0,5633,,0,2,1,
2026-09-12T19:31:07.887Z,85766953000000,4248913,18681,-44010,-44014,,-31541,-36047,-36047,18024,2,2,-36047,-36047,0,1,1,0,,0,3,3,0,3,4,0,0,6759,,0,2,1,
2026-09-12T19:31:07.990Z,85767062000000,4249018,18682,-44002,-44012,,-31541,-38300,-38300,18024,2,2,-38300,-38300,0,1,1,0,,0,3,3,0,3,4,0,0,9012,,0,2,1,
2026-09-12T19:31:08.094Z,85767171000000,4249122,18683,-44006,-44011,,-31541,-39427,-39427,18024,2,2,-39427,-39427,0,1,1,0,,0,3,3,0,3,4,0,0,10139,,0,2,1,
2026-09-12T19:31:08.199Z,85767265000000,4249245,18685,-44020,-44011,,-31541,-39427,-39427,18024,2,2,-39427,-39427,0,1,1,0,,0,3,3,0,3,4,0,0,7885,,0,2,1,
2026-09-12T19:31:08.388Z,85767468000000,4249345,18686,-44021,-44012,,-37174,-38300,-38300,18024,2,2,-38300,-38300,0,1,1,0,,0,3,3,0,3,4,0,0,6759,,0,2,1,
2026-09-12T19:31:08.493Z,85767562000000,4249445,18687,-44018,-44013,,-37174,-37174,-37174,18024,2,2,-37174,-37174,0,1,1,0,,0,3,3,0,3,4,0,0,5632,,0,2,1,
2026-09-12T19:31:08.597Z,85767671000000,4249624,18688,-44018,-44014,,-37174,-36047,-36047,18024,2,2,-36047,-36047,0,1,1,0,,0,3,3,0,3,4,0,0,4506,,0,2,1,
2026-09-12T19:31:08.702Z,85767781000000,4249746,18690,-44009,-44014,,-37174,-36047,-36047,18024,2,2,-36047,-36047,0,1,1,0,,0,3,3,0,3,4,0,0,5632,,0,2,1,
2026-09-12T19:31:08.804Z,85767875000000,4249846,18691,-44014,-44013,,-37174,-37174,-37174,18024,2,2,-37174,-37174,0,1,1,0,,0,3,3,0,3,4,0,0,5632,,0,2,1,
2026-09-12T19:31:08.909Z,85767984000000,4249946,18692,-44015,-44013,,-37174,-37174,-37174,18024,2,2,-37174,-37174,0,1,1,0,,0,3,3,0,3,4,0,0,4506,,0,2,1,
2026-09-12T19:31:09.011Z,85768078000000,4250046,18693,-44013,-44013,,-37174,-37174,-37174,18024,2,2,-37174,-37174,0,1,1,0,,0,3,3,0,3,4,0,0,3379,,0,2,1,
2026-09-12T19:31:09.115Z,85768187000000,4250146,18694,-44011,-44013,,-37174,-37174,-37174,18024,2,2,-37174,-37174,0,1,1,0,,0,3,3,0,3,4,0,0,2253,,0,2,1,
2026-09-12T19:31:09.220Z,85768296000000,4250247,18695,-44018,-44013,,-37174,-37174,-37174,18024,2,2,-37174,-37174,0,1,1,0,,0,3,3,0,3,4,0,0,2253,,0,2,1,
2026-09-12T19:31:09.412Z,85768484000000,4250351,18696,-43994,-44013,,-37174,-37174,-37174,18024,2,2,-37174,-37174,0,1,1,0,,0,3,3,0,3,4,0,0,2253,,0,2,1,
2026-09-12T19:31:09.516Z,85768593000000,4250548,18698,-44029,-44013,,-37174,-37174,-37174,18024,2,2,-37174,-37174,0,1,1,0,,0,3,3,0,3,4,0,0,0,,0,2,1,
2026-09-12T19:31:09.620Z,85768687000000,4250647,18699,-44013,-44013,,-37174,-37174,-37174,18024,2,2,-37174,-37174,0,1,1,0,,0,3,3,0,3,4,0,0,0,,0,2,1,
2026-09-12T19:31:09.725Z,85768796000000,4250751,18700,-44003,-44013,,-37174,-37174,-37174,18024,2,2,-37174,-37174,0,1,1,0,,0,3,3,0,3,4,0,0,0,,0,2,1,
2026-09-12T19:31:09.829Z,85768906000000,4250856,18701,-44009,-44012,,-37174,-38300,-38300,18024,2,2,-38300,-38300,0,1,1,0,,0,3,3,0,3,4,0,0,1126,,0,2,1,
2026-09-12T19:31:09.936Z,85769015000000,4250960,18702,-44012,-44012,,-37174,-38300,-38300,18024,2,2,-38300,-38300,0,1,1,0,,0,3,3,0,3,4,0,0,1126,,0,2,1,
2026-09-12T19:31:10.040Z,85769109000000,4251066,18703,-44030,-44012,,-37174,-38300,-38300,18024,2,2,-38300,-38300,0,1,1,0,,0,3,3,0,3,4,0,0,1126,,0,2,1,
2026-09-12T19:31:10.144Z,85769218000000,4251171,18704,-44016,-44013,,-37174,-37174,-37174,18024,2,2,-37174,-37174,0,1,1,0,,0,3,3,0,3,4,0,0,1126,,0,2,1,
2026-09-12T19:31:10.248Z,85769328000000,4251275,18705,-43995,-44013,,-37174,-37174,-37174,18024,2,2,-37174,-37174,0,1,1,0,,0,3,3,0,3,4,0,0,1126,,0,2,1,
2026-09-12T19:31:10.439Z,85769515000000,4251379,18706,-44011,-44013,,-37174,-37174,-37174,18024,2,2,-37174,-37174,0,1,1,0,,0,3,3,0,3,4,0,0,1126,,0,2,1,
2026-09-12T19:31:10.544Z,85769609000000,4251576,18708,-44019,-44013,,-37174,-37174,-37174,18024,2,2,-37174,-37174,0,1,1,0,,0,3,3,0,3,4,0,0,1126,,0,2,1,
2026-09-12T19:31:10.648Z,85769718000000,4251674,18709,-44010,-44013,,-37174,-37174,-37174,18024,2,2,-37174,-37174,0,1,1,0,,0,3,3,0,3,4,0,0,1126,,0,2,1,
2026-09-12T19:31:10.752Z,85769828000000,4251779,18710,-44025,-44014,,-37174,-36047,-36047,18024,2,2,-36047,-36047,0,1,1,0,,0,3,3,0,3,4,0,0,2253,,0,2,1,
2026-09-12T19:31:10.857Z,85769937000000,4251884,18711,-44013,-44014,,-37174,-36047,-36047,18024,2,2,-36047,-36047,0,1,1,0,,0,3,3,0,3,4,0,0,1127,,0,2,1,
2026-09-12T19:31:10.962Z,85770031000000,4251988,18712,-44010,-44014,,-37174,-36047,-36047,18024,2,2,-36047,-36047,0,1,1,0,,0,3,3,0,3,4,0,0,1127,,0,2,1,
2026-09-12T19:31:11.066Z,85770140000000,4252093,18713,-44034,-44014,,-37174,-36047,-36047,18024,2,2,-36047,-36047,0,1,1,0,,0,3,3,0,3,4,0,0,1127,,0,2,1,
2026-09-12T19:31:11.170Z,85770250000000,4252197,18714,-44016,-44014,,-37174,-36047,-36047,18024,2,2,-36047,-36047,0,1,1,0,,0,3,3,0,3,4,0,0,1127,,0,2,1,
2026-09-12T19:31:11.275Z,85770343000000,4252302,18715,-44005,-44014,,-37174,-36047,-36047,18024,2,2,-36047,-36047,0,1,1,0,,0,3,3,0,3,4,0,0,1127,,0,2,1,
2026-09-12T19:31:11.468Z,85770546000000,4252406,18716,-44012,-44014,,-37174,-36047,-36047,18024,2,2,-36047,-36047,0,1,1,0,,0,3,3,0,3,4,0,0,1127,,0,2,1,
2026-09-12T19:31:11.573Z,85770640000000,4252554,18718,-44029,-44013,,-37174,-37174,-37174,18024,2,2,-37174,-37174,0,1,1,0,,0,3,3,0,3,4,0,0,1127,,0,2,1,
2026-09-12T19:31:11.678Z,85770750000000,4252704,18719,-44016,-44013,,-37174,-37174,-37174,18024,2,2,-37174,-37174,0,1,1,0,,0,3,3,0,3,4,0,0,1127,,0,2,1,
2026-09-12T19:31:11.783Z,85770859000000,4252810,18720,-44003,-44013,,-37174,-37174,-37174,18024,2,2,-37174,-37174,0,1,1,0,,0,3,3,0,3,4,0,0,1127,,0,2,1,
2026-09-12T19:31:11.888Z,85770953000000,4252914,18721,-44014,-44013,,-37174,-37174,-37174,18024,2,2,-37174,-37174,0,1,1,0,,0,3,3,0,3,4,0,0,1127,,0,2,1,
2026-09-12T19:31:11.991Z,85771062000000,4253019,18722,-44012,-44013,,-37174,-37174,-37174,18024,2,2,-37174,-37174,0,1,1,0,,0,3,3,0,3,4,0,0,1127,,0,2,1,
2026-09-12T19:31:12.095Z,85771171000000,4253123,18723,-44005,-44013,,-37174,-37174,-37174,18024,2,2,-37174,-37174,0,1,1,0,,0,3,3,0,3,4,0,0,1127,,0,2,1,
2026-09-12T19:31:12.199Z,85771265000000,4253227,18724,-43999,-44012,,-37174,-38300,-38300,18024,2,2,-38300,-38300,0,1,1,0,,0,3,3,0,3,4,0,0,1126,,0,2,1,
2026-09-12T19:31:12.305Z,85771375000000,4253331,18725,-44012,-44011,,-37174,-39427,-39427,18024,2,2,-39427,-39427,0,1,1,0,,0,3,3,0,3,4,0,0,2253,,0,2,1,
2026-09-12T19:31:12.494Z,85771562000000,4253452,18727,-44010,-44011,,-39427,-39427,-39427,18024,2,2,-39427,-39427,0,1,1,0,,0,3,3,0,3,4,0,0,2253,,0,2,1,
2026-09-12T19:31:12.598Z,85771671000000,4253552,18728,-44011,-44011,,-39427,-39427,-39427,18024,2,2,-39427,-39427,0,1,1,0,,0,3,3,0,3,4,0,0,2253,,0,2,1,
2026-09-12T19:31:12.703Z,85771781000000,4253729,18729,-44016,-44011,,-39427,-39427,-39427,18024,2,2,-39427,-39427,0,1,1,0,,0,3,3,0,3,4,0,0,2253,,0,2,1,
2026-09-12T19:31:12.807Z,85771875000000,4253852,18731,-43999,-44010,,-39427,-40553,-40553,18024,2,2,-40553,-40553,0,1,1,0,,0,3,3,0,3,4,0,0,2253,,0,2,1,
2026-09-12T19:31:12.910Z,85771984000000,4253953,18732,-44023,-44009,,-39427,-41680,-41680,18024,2,2,-41680,-41680,0,1,1,0,,0,3,3,0,3,4,0,0,2253,,0,2,1,
2026-09-12T19:31:13.013Z,85772078000000,4254053,18733,-44025,-44011,,-39427,-39427,-39427,18024,2,2,-39427,-39427,0,1,1,0,,0,3,3,0,3,4,0,0,2253,,0,2,1,
2026-09-12T19:31:13.115Z,85772187000000,4254153,18734,-44007,-44013,,-39427,-37174,-37174,18024,2,2,-37174,-37174,0,1,1,0,,0,3,3,0,3,4,0,0,4506,,0,2,1,
2026-09-12T19:31:13.218Z,85772296000000,4254253,18735,-44018,-44014,,-39427,-36047,-36047,18024,2,2,-36047,-36047,0,1,1,0,,0,3,3,0,3,4,0,0,5633,,0,2,1,
2026-09-12T19:31:13.323Z,85772390000000,4254353,18736,-44005,-44013,,-39427,-37174,-37174,18024,2,2,-37174,-37174,0,1,1,0,,0,3,3,0,3,4,0,0,5633,,0,2,1,
2026-09-12T19:31:13.514Z,85772593000000,4254454,18737,-44003,-44012,,-39427,-38300,-38300,18024,2,2,-38300,-38300,0,1,1,0,,0,3,3,0,3,4,0,0,5633,,0,2,1,
2026-09-12T19:31:13.617Z,85772687000000,4254654,18739,-44013,-44010,,-39427,-40553,-40553,18024,2,2,-40553,-40553,0,1,1,0,,0,3,3,0,3,4,0,0,5633,,0,2,1,
2026-09-12T19:31:13.720Z,85772796000000,4254754,18740,-44021,-44010,,-39427,-40553,-40553,18024,2,2,-40553,-40553,0,1,1,0,,0,3,3,0,3,4,0,0,4506,,0,2,1,
2026-09-12T19:31:13.825Z,85772890000000,4254854,18741,-44014,-44011,,-39427,-39427,-39427,18024,2,2,-39427,-39427,0,1,1,0,,0,3,3,0,3,4,0,0,4506,,0,2,1,
2026-09-12T19:31:13.929Z,85773000000000,4254956,18742,-44013,-44011,,-39427,-39427,-39427,18024,2,2,-39427,-39427,0,1,1,0,,0,3,3,0,3,4,0,0,4506,,0,2,1,
2026-09-12T19:31:14.033Z,85773109000000,4255061,18743,-44010,-44011,,-39427,-39427,-39427,18024,2,2,-39427,-39427,0,1,1,0,,0,3,3,0,3,4,0,0,3379,,0,2,1,
2026-09-12T19:31:14.138Z,85773218000000,4255165,18744,-44014,-44011,,-39427,-39427,-39427,18024,2,2,-39427,-39427,0,1,1,0,,0,3,3,0,3,4,0,0,2253,,0,2,1,
2026-09-12T19:31:14.243Z,85773312000000,4255269,18745,-44000,-44011,,-39427,-39427,-39427,18024,2,2,-39427,-39427,0,1,1,0,,0,3,3,0,3,4,0,0,1126,,0,2,1,
2026-09-12T19:31:14.347Z,85773421000000,4255374,18746,-43999,-44010,,-39427,-40553,-40553,18024,2,2,-40553,-40553,0,1,1,0,,0,3,3,0,3,4,0,0,1126,,0,2,1,
2026-09-12T19:31:14.539Z,85773609000000,4255478,18747,-44011,-44009,,-41680,-41680,-41680,18024,2,2,-41680,-41680,0,1,1,0,,0,3,3,0,3,4,0,0,2253,,0,2,1,
2026-09-12T19:31:14.642Z,85773718000000,4255676,18749,-44013,-44010,,-41680,-40553,-40553,18024,2,2,-40553,-40553,0,1,1,0,,0,3,3,0,3,4,0,0,2253,,0,2,1,
2026-09-12T19:31:14.747Z,85773812000000,4255774,18750,-44013,-44010,,-41680,-40553,-40553,18024,2,2,-40553,-40553,0,1,1,0,,0,3,3,0,3,4,0,0,2253,,0,2,1,
2026-09-12T19:31:14.852Z,85773921000000,4255878,18751,-44016,-44010,,-41680,-40553,-40553,18024,2,2,-40553,-40553,0,1,1,0,,0,3,3,0,3,4,0,0,2253,,0,2,1,
2026-09-12T19:31:14.957Z,85774031000000,4255984,18752,-44010,-44010,,-41680,-40553,-40553,18024,2,2,-40553,-40553,0,1,1,0,,0,3,3,0,3,4,0,0,2253,,0,2,1,
2026-09-12T19:31:15.061Z,85774140000000,4256088,18753,-44024,-44011,,-41680,-39427,-39427,18024,2,2,-39427,-39427,0,1,1,0,,0,3,3,0,3,4,0,0,2253,,0,2,1,
2026-09-12T19:31:15.166Z,85774234000000,4256193,18754,-44018,-44012,,-41680,-38300,-38300,18024,2,2,-38300,-38300,0,1,1,0,,0,3,3,0,3,4,0,0,3380,,0,2,1,
2026-09-12T19:31:15.271Z,85774343000000,4256297,18755,-44011,-44013,,-41680,-37174,-37174,18024,2,2,-37174,-37174,0,1,1,0,,0,3,3,0,3,4,0,0,4506,,0,2,1,
2026-09-12T19:31:15.374Z,85774453000000,4256402,18756,-44007,-44013,,-41680,-37174,-37174,18024,2,2,-37174,-37174,0,1,1,0,,0,3,3,0,3,4,0,0,3379,,0,2,1,
2026-09-12T19:31:15.564Z,85774640000000,4256507,18757,-44010,-44013,,-34921,-37174,-37174,18024,2,2,-37174,-37174,0,1,1,0,,0,3,3,0,3,4,0,0,3379,,0,2,1,
2026-09-12T19:31:15.668Z,85774734000000,4256657,18759,-44026,-44015,,-34921,-34921,-34921,18024,2,2,-34921,-34921,0,1,1,0,,0,3,3,0,3,4,0,0,5632,,0,2,1,
2026-09-12T19:31:15.773Z,85774843000000,4256800,18760,-44020,-44016,,-34921,-33794,-33794,18024,2,2,-33794,-33794,0,1,1,0,,0,3,3,0,3,4,0,0,5633,,0,2,1,
2026-09-12T19:31:15.878Z,85774953000000,4256904,18761,-44011,-44017,,-34921,-32668,-32668,18024,2,2,-32668,-32668,0,1,1,0,,0,3,3,0,3,4,0,0,5632,,0,2,1,
2026-09-12T19:31:15.983Z,85775062000000,4257009,18762,-44002,-44016,,-34921,-33794,-33794,18024,2,2,-33794,-33794,0,1,1,0,,0,3,3,0,3,4,0,0,4506,,0,2,1,
2026-09-12T19:31:16.088Z,85775156000000,4257114,18763,-44013,-44015,,-34921,-34921,-34921,18024,2,2,-34921,-34921,0,1,1,0,,0,3,3,0,3,4,0,0,4506,,0,2,1,
2026-09-12T19:31:16.192Z,85775265000000,4257219,18764,-44011,-44014,,-34921,-36047,-36047,18024,2,2,-36047,-36047,0,1,1,0,,0,3,3,0,3,4,0,0,4506,,0,2,1,
2026-09-12T19:31:16.297Z,85775375000000,4257324,18765,-44013,-44014,,-34921,-36047,-36047,18024,2,2,-36047,-36047,0,1,1,0,,0,3,3,0,3,4,0,0,4506,,0,2,1,
2026-09-12T19:31:16.401Z,85775468000000,4257428,18766,-44015,-44014,,-34921,-36047,-36047,18024,2,2,-36047,-36047,0,1,1,0,,0,3,3,0,3,4,0,0,3379,,0,2,1,
2026-09-12T19:31:16.593Z,85775671000000,4257533,18767,-44005,-44014,,-36047,-36047,-36047,18024,2,2,-36047,-36047,0,1,1,0,,0,3,3,0,3,4,0,0,3379,,0,2,1,
2026-09-12T19:31:16.698Z,85775765000000,4257681,18769,-44013,-44014,,-36047,-36047,-36047,18024,2,2,-36047,-36047,0,1,1,0,,0,3,3,0,3,4,0,0,2253,,0,2,1,
2026-09-12T19:31:16.802Z,85775875000000,4257830,18770,-44019,-44015,,-36047,-34921,-34921,18024,2,2,-34921,-34921,0,1,1,0,,0,3,3,0,3,4,0,0,1126,,0,2,1,
2026-09-12T19:31:16.908Z,85775984000000,4257934,18771,-44013,-44015,,-36047,-34921,-34921,18024,2,2,-34921,-34921,0,1,1,0,,0,3,3,0,3,4,0,0,1126,,0,2,1,
2026-09-12T19:31:17.013Z,85776078000000,4258060,18773,-44018,-44015,,-36047,-34921,-34921,18024,2,2,-34921,-34921,0,1,1,0,,0,3,3,0,3,4,0,0,1126,,0,2,1,
2026-09-12T19:31:17.116Z,85776187000000,4258160,18774,-44013,-44015,,-36047,-34921,-34921,18024,2,2,-34921,-34921,0,1,1,0,,0,3,3,0,3,4,0,0,1126,,0,2,1,
2026-09-12T19:31:17.220Z,85776296000000,4258260,18775,-43993,-44015,,-36047,-34921,-34921,18024,2,2,-34921,-34921,0,1,1,0,,0,3,3,0,3,4,0,0,1126,,0,2,1,
2026-09-12T19:31:17.323Z,85776390000000,4258360,18776,-44004,-44014,,-36047,-36047,-36047,18024,2,2,-36047,-36047,0,1,1,0,,0,3,3,0,3,4,0,0,1126,,0,2,1,
2026-09-12T19:31:17.426Z,85776500000000,4258460,18777,-44029,-44013,,-36047,-37174,-37174,18024,2,2,-37174,-37174,0,1,1,0,,0,3,3,0,3,4,0,0,2253,,0,2,1,
2026-09-12T19:31:17.616Z,85776687000000,4258560,18778,-44031,-44015,,-32668,-34921,-34921,18024,2,2,-34921,-34921,0,1,1,0,,0,3,3,0,3,4,0,0,2253,,0,2,1,
2026-09-12T19:31:17.719Z,85776796000000,4258761,18780,-44012,-44018,,-32668,-31541,-31541,18024,2,2,-31541,-31541,0,1,1,0,,0,3,3,0,3,4,0,0,5633,,0,2,1,
2026-09-12T19:31:17.823Z,85776890000000,4258861,18781,-44039,-44019,,-32668,-30415,-30415,18024,2,2,-30415,-30415,0,1,1,0,,0,3,3,0,3,4,0,0,6759,,0,2,1,
2026-09-12T19:31:17.926Z,85777000000000,4258961,18782,-44023,-44020,,-32668,-29288,-29288,18024,2,2,-29288,-29288,0,1,1,0,,0,3,3,0,3,4,0,0,7886,,0,2,1,
2026-09-12T19:31:18.031Z,85777109000000,4259061,18783,-44018,-44020,,-32668,-29288,-29288,18024,2,2,-29288,-29288,0,1,1,0,,0,3,3,0,3,4,0,0,7886,,0,2,1,
2026-09-12T19:31:18.135Z,85777203000000,4259162,18784,-44031,-44020,,-32668,-29288,-29288,18024,2,2,-29288,-29288,0,1,1,0,,0,3,3,0,3,4,0,0,7886,,0,2,1,
2026-09-12T19:31:18.239Z,85777312000000,4259267,18785,-44015,-44020,,-32668,-29288,-29288,18024,2,2,-29288,-29288,0,1,1,0,,0,3,3,0,3,4,0,0,5633,,0,2,1,
2026-09-12T19:31:18.344Z,85777421000000,4259371,18786,-44004,-44019,,-32668,-30415,-30415,18024,2,2,-30415,-30415,0,1,1,0,,0,3,3,0,3,4,0,0,3380,,0,2,1,
2026-09-12T19:31:18.448Z,85777515000000,4259475,18787,-44023,-44018,,-32668,-31541,-31541,18024,2,2,-31541,-31541,0,1,1,0,,0,3,3,0,3,4,0,0,2253,,0,2,1,
2026-09-12T19:31:18.641Z,85777718000000,4259580,18788,-44001,-44016,,-34921,-33794,-33794,18024,2,2,-33794,-33794,0,1,1,0,,0,3,3,0,3,4,0,0,4506,,0,2,1,
2026-09-12T19:31:18.745Z,85777812000000,4259778,18790,-44018,-44014,,-34921,-36047,-36047,18024,2,2,-36047,-36047,0,1,1,0,,0,3,3,0,3,4,0,0,6759,,0,2,1,
2026-09-12T19:31:18.850Z,85777921000000,4259877,18791,-44014,-44014,,-34921,-36047,-36047,18024,2,2,-36047,-36047,0,1,1,0,,0,3,3,0,3,4,0,0,6759,,0,2,1,
2026-09-12T19:31:18.955Z,85778031000000,4259981,18792,-44022,-44015,,-34921,-34921,-34921,18024,2,2,-34921,-34921,0,1,1,0,,0,3,3,0,3,4,0,0,6759,,0,2,1,
2026-09-12T19:31:19.059Z,85778125000000,4260086,18793,-44019,-44016,,-34921,-33794,-33794,18024,2,2,-33794,-33794,0,1,1,0,,0,3,3,0,3,4,0,0,5632,,0,2,1,
2026-09-12T19:31:19.164Z,85778234000000,4260191,18794,-44010,-44016,,-34921,-33794,-33794,18024,2,2,-33794,-33794,0,1,1,0,,0,3,3,0,3,4,0,0,4506,,0,2,1,
2026-09-12T19:31:19.268Z,85778343000000,4260295,18795,-44018,-44016,,-34921,-33794,-33794,18024,2,2,-33794,-33794,0,1,1,0,,0,3,3,0,3,4,0,0,2253,,0,2,1,
2026-09-12T19:31:19.373Z,85778453000000,4260400,18796,-44006,-44015,,-34921,-34921,-34921,18024,2,2,-34921,-34921,0,1,1,0,,0,3,3,0,3,4,0,0,2253,,0,2,1,
2026-09-12T19:31:19.478Z,85778546000000,4260504,18797,-44010,-44014,,-34921,-36047,-36047,18024,2,2,-36047,-36047,0,1,1,0,,0,3,3,0,3,4,0,0,2253,,0,2,1,
2026-09-12T19:31:19.668Z,85778734000000,4260610,18798,-43996,-44013,,-39427,-37174,-37174,18024,2,2,-37174,-37174,0,1,1,0,,0,3,3,0,3,4,0,0,3380,,0,2,1,
2026-09-12T19:31:19.772Z,85778843000000,4260764,18800,-44012,-44011,,-39427,-39427,-39427,18024,2,2,-39427,-39427,0,1,1,0,,0,3,3,0,3,4,0,0,5633,,0,2,1,
2026-09-12T19:31:19.878Z,85778953000000,4260904,18801,-44040,-44011,,-39427,-39427,-39427,18024,2,2,-39427,-39427,0,1,1,0,,0,3,3,0,3,4,0,0,5633,,0,2,1,
2026-09-12T19:31:19.982Z,85779062000000,4261008,18802,-44033,-44014,,-39427,-36047,-36047,18024,2,2,-36047,-36047,0,1,1,0,,0,3,3,0,3,4,0,0,5633,,0,2,1,
2026-09-12T19:31:20.087Z,85779156000000,4261114,18803,-44021,-44016,,-39427,-33794,-33794,18024,2,2,-33794,-33794,0,1,1,0,,0,3,3,0,3,4,0,0,5633,,0,2,1,
2026-09-12T19:31:20.191Z,85779265000000,4261218,18804,-44018,-44017,,-39427,-32668,-32668,18024,2,2,-32668,-32668,0,1,1,0,,0,3,3,0,3,4,0,0,6759,,0,2,1,
2026-09-12T19:31:20.296Z,85779375000000,4261323,18805,-44012,-44017,,-39427,-32668,-32668,18024,2,2,-32668,-32668,0,1,1,0,,0,3,3,0,3,4,0,0,6759,,0,2,1,
2026-09-12T19:31:20.401Z,85779468000000,4261427,18806,-44014,-44017,,-39427,-32668,-32668,18024,2,2,-32668,-32668,0,1,1,0,,0,3,3,0,3,4,0,0,6759,,0,2,1,
2026-09-12T19:31:20.504Z,85779578000000,4261532,18807,-44009,-44016,,-39427,-33794,-33794,18024,2,2,-33794,-33794,0,1,1,0,,0,3,3,0,3,4,0,0,6759,,0,2,1,
2026-09-12T19:31:20.696Z,85779765000000,4261637,18808,-44043,-44016,,-31541,-33794,-33794,18024,2,2,-33794,-33794,0,1,1,0,,0,3,3,0,3,4,0,0,6759,,0,2,1,
2026-09-12T19:31:20.800Z,85779875000000,4261783,18810,-44025,-44018,,-31541,-31541,-31541,18024,2,2,-31541,-31541,0,1,1,0,,0,3,3,0,3,4,0,0,2253,,0,2,1,
2026-09-12T19:31:20.905Z,85779984000000,4261932,18811,-44027,-44019,,-31541,-30415,-30415,18024,2,2,-30415,-30415,0,1,1,0,,0,3,3,0,3,4,0,0,3379,,0,2,1,
2026-09-12T19:31:21.009Z,85780078000000,4262037,18812,-44019,-44020,,-31541,-29288,-29288,18024,2,2,-29288,-29288,0,1,1,0,,0,3,3,0,3,4,0,0,4506,,0,2,1,
2026-09-12T19:31:21.113Z,85780187000000,4262141,18813,-44004,-44020,,-31541,-29288,-29288,18024,2,2,-29288,-29288,0,1,1,0,,0,3,3,0,3,4,0,0,4506,,0,2,1,
2026-09-12T19:31:21.217Z,85780296000000,4262246,18814,-44004,-44018,,-31541,-31541,-31541,18024,2,2,-31541,-31541,0,1,1,0,,0,3,3,0,3,4,0,0,4506,,0,2,1,
2026-09-12T19:31:21.321Z,85780390000000,4262367,18816,-44005,-44014,,-31541,-36047,-36047,18024,2,2,-36047,-36047,0,1,1,0,,0,3,3,0,3,4,0,0,6759,,0,2,1,
2026-09-12T19:31:21.425Z,85780500000000,4262467,18817,-44024,-44013,,-31541,-37174,-37174,18024,2,2,-37174,-37174,0,1,1,0,,0,3,3,0,3,4,0,0,7886,,0,2,1,
2026-09-12T19:31:21.528Z,85780593000000,4262567,18818,-44026,-44014,,-31541,-36047,-36047,18024,2,2,-36047,-36047,0,1,1,0,,0,3,3,0,3,4,0,0,7886,,0,2,1,
2026-09-12T19:31:21.717Z,85780796000000,4262667,18819,-44011,-44015,,-36047,-34921,-34921,18024,2,2,-34921,-34921,0,1,1,0,,0,3,3,0,3,4,0,0,7886,,0,2,1,
2026-09-12T19:31:21.821Z,85780890000000,4262868,18821,-44016,-44014,,-36047,-36047,-36047,18024,2,2,-36047,-36047,0,1,1,0,,0,3,3,0,3,4,0,0,5633,,0,2,1,
2026-09-12T19:31:21.924Z,85781000000000,4262968,18822,-44021,-44014,,-36047,-36047,-36047,18024,2,2,-36047,-36047,0,1,1,0,,0,3,3,0,3,4,0,0,3380,,0,2,1,
2026-09-12T19:31:22.027Z,85781093000000,4263068,18823,-43998,-44014,,-36047,-36047,-36047,18024,2,2,-36047,-36047,0,1,1,0,,0,3,3,0,3,4,0,0,2253,,0,2,1,
2026-09-12T19:31:22.131Z,85781203000000,4263168,18824,-43990,-44012,,-36047,-38300,-38300,18024,2,2,-38300,-38300,0,1,1,0,,0,3,3,0,3,4,0,0,3379,,0,2,1,
2026-09-12T19:31:22.233Z,85781312000000,4263268,18825,-43997,-44010,,-36047,-40553,-40553,18024,2,2,-40553,-40553,0,1,1,0,,0,3,3,0,3,4,0,0,5632,,0,2,1,
2026-09-12T19:31:22.338Z,85781406000000,4263368,18826,-43992,-44008,,-36047,-42806,-42806,18024,2,2,-42806,-42806,0,1,1,0,,0,3,3,0,3,4,0,0,7885,,0,2,1,
2026-09-12T19:31:22.443Z,85781515000000,4263469,18827,-44006,-44007,,-36047,-43933,-43933,18024,2,2,-43933,-43933,0,1,1,0,,0,3,3,0,3,4,0,0,7886,,0,2,1,
2026-09-12T19:31:22.547Z,85781625000000,4263575,18828,-43999,-44006,,-36047,-45059,-45059,18024,2,2,-45059,-45059,0,1,1,0,,0,3,3,0,3,4,0,0,9012,,0,2,1,
2026-09-12T19:31:22.738Z,85781812000000,4263679,18829,-44002,-44005,,-47312,-46186,-46186,18024,2,2,-46186,-46186,0,1,1,0,,0,3,3,0,3,4,0,0,10139,,0,2,1,
2026-09-12T19:31:22.844Z,85781921000000,4263877,18831,-43985,-44003,,-47312,-48439,-48439,18024,2,2,-48439,-48439,0,1,1,0,,0,3,3,0,3,4,0,0,10139,,0,2,1,
2026-09-12T19:31:22.949Z,85782015000000,4263976,18832,-43990,-44001,,-47312,-50692,-50692,18024,2,2,-50692,-50692,0,1,1,0,,0,3,3,0,3,4,0,0,10139,,0,2,1,
2026-09-12T19:31:23.054Z,85782125000000,4264082,18833,-43997,-44000,,-47312,-51818,-51818,18024,2,2,-51818,-51818,0,1,1,0,,0,3,3,0,3,4,0,0,9012,,0,2,1,
2026-09-12T19:31:23.159Z,85782234000000,4264186,18834,-44003,-44000,,-47312,-51818,-51818,18024,2,2,-51818,-51818,0,1,1,0,,0,3,3,0,3,4,0,0,7885,,0,2,1,
2026-09-12T19:31:23.263Z,85782328000000,4264291,18835,-44019,-44000,,-47312,-51818,-51818,18024,2,2,-51818,-51818,0,1,1,0,,0,3,3,0,3,4,0,0,6759,,0,2,1,
2026-09-12T19:31:23.367Z,85782437000000,4264395,18836,-43997,-44000,,-47312,-51818,-51818,18024,2,2,-51818,-51818,0,1,1,0,,0,3,3,0,3,4,0,0,5632,,0,2,1,
2026-09-12T19:31:23.471Z,85782546000000,4264499,18837,-44001,-44000,,-47312,-51818,-51818,18024,2,2,-51818,-51818,0,1,1,0,,0,3,3,0,3,4,0,0,4506,,0,2,1,
2026-09-12T19:31:23.576Z,85782656000000,4264603,18838,-44001,-44000,,-47312,-51818,-51818,18024,2,2,-51818,-51818,0,1,1,0,,0,3,3,0,3,4,0,0,3379,,0,2,1,
2026-09-12T19:31:23.767Z,85782843000000,4264707,18839,-43995,-44000,,-51818,-51818,-51818,18024,2,2,-51818,-51818,0,1,1,0,,0,3,3,0,3,4,0,0,1126,,0,2,1,
2026-09-12T19:31:23.871Z,85782937000000,4264905,18841,-44021,-44002,,-51818,-49565,-49565,18024,2,2,-49565,-49565,0,1,1,0,,0,3,3,0,3,4,0,0,2253,,0,2,1,
2026-09-12T19:31:23.976Z,85783046000000,4265003,18842,-44025,-44004,,-51818,-47312,-47312,18024,2,2,-47312,-47312,0,1,1,0,,0,3,3,0,3,4,0,0,4506,,0,2,1,
2026-09-12T19:31:24.080Z,85783156000000,4265108,18843,-44017,-44006,,-51818,-45059,-45059,18024,2,2,-45059,-45059,0,1,1,0,,0,3,3,0,3,4,0,0,6759,,0,2,1,
2026-09-12T19:31:24.186Z,85783265000000,4265213,18844,-44010,-44007,,-51818,-43933,-43933,18024,2,2,-43933,-43933,0,1,1,0,,0,3,3,0,3,4,0,0,7885,,0,2,1,
2026-09-12T19:31:24.290Z,85783359000000,4265317,18845,-44005,-44007,,-51818,-43933,-43933,18024,2,2,-43933,-43933,0,1,1,0,,0,3,3,0,3,4,0,0,7885,,0,2,1,
2026-09-12T19:31:24.395Z,85783468000000,4265422,18846,-43998,-44007,,-51818,-43933,-43933,18024,2,2,-43933,-43933,0,1,1,0,,0,3,3,0,3,4,0,0,7885,,0,2,1,
2026-09-12T19:31:24.498Z,85783578000000,4265527,18847,-44006,-44007,,-51818,-43933,-43933,18024,2,2,-43933,-43933,0,1,1,0,,0,3,3,0,3,4,0,0,7885,,0,2,1,
2026-09-12T19:31:24.602Z,85783671000000,4265631,18848,-44010,-44007,,-51818,-43933,-43933,18024,2,2,-43933,-43933,0,1,1,0,,0,3,3,0,3,4,0,0,5632,,0,2,1,
2026-09-12T19:31:24.792Z,85783859000000,4265734,18849,-44008,-44007,,-41680,-43933,-43933,18024,2,2,-43933,-43933,0,1,1,0,,0,3,3,0,3,4,0,0,3379,,0,2,1,
2026-09-12T19:31:24.897Z,85783968000000,4265881,18851,-44024,-44009,,-41680,-41680,-41680,18024,2,2,-41680,-41680,0,1,1,0,,0,3,3,0,3,4,0,0,2253,,0,2,1,
2026-09-12T19:31:25.002Z,85784078000000,4266029,18852,-44002,-44011,,-41680,-39427,-39427,18024,2,2,-39427,-39427,0,1,1,0,,0,3,3,0,3,4,0,0,4506,,0,2,1,
2026-09-12T19:31:25.106Z,85784171000000,4266135,18853,-44011,-44011,,-41680,-39427,-39427,18024,2,2,-39427,-39427,0,1,1,0,,0,3,3,0,3,4,0,0,4506,,0,2,1,
2026-09-12T19:31:25.211Z,85784281000000,4266238,18854,-44013,-44011,,-41680,-39427,-39427,18024,2,2,-39427,-39427,0,1,1,0,,0,3,3,0,3,4,0,0,4506,,0,2,1,
2026-09-12T19:31:25.316Z,85784390000000,4266343,18855,-44011,-44011,,-41680,-39427,-39427,18024,2,2,-39427,-39427,0,1,1,0,,0,3,3,0,3,4,0,0,4506,,0,2,1,
2026-09-12T19:31:25.422Z,85784500000000,4266448,18856,-44017,-44011,,-41680,-39427,-39427,18024,2,2,-39427,-39427,0,1,1,0,,0,3,3,0,3,4,0,0,4506,,0,2,1,
2026-09-12T19:31:25.527Z,85784593000000,4266574,18858,-44005,-44010,,-41680,-40553,-40553,18024,2,2,-40553,-40553,0,1,1,0,,0,3,3,0,3,4,0,0,2253,,0,2,1,
2026-09-12T19:31:25.630Z,85784703000000,4266674,18859,-44005,-44009,,-41680,-41680,-41680,18024,2,2,-41680,-41680,0,1,1,0,,0,3,3,0,3,4,0,0,2253,,0,2,1,
2026-09-12T19:31:25.818Z,85784890000000,4266774,18860,-44023,-44008,,-41680,-42806,-42806,18024,2,2,-42806,-42806,0,1,1,0,,0,3,3,0,3,4,0,0,3379,,0,2,1,
2026-09-12T19:31:25.924Z,85785000000000,4266874,18861,-44014,-44009,,-41680,-41680,-41680,18024,2,2,-41680,-41680,0,1,1,0,,0,3,3,0,3,4,0,0,3379,,0,2,1,
2026-09-12T19:31:26.027Z,85785093000000,4267075,18863,-44029,-44011,,-41680,-39427,-39427,18024,2,2,-39427,-39427,0,1,1,0,,0,3,3,0,3,4,0,0,3379,,0,2,1,
2026-09-12T19:31:26.131Z,85785203000000,4267175,18864,-44026,-44013,,-41680,-37174,-37174,18024,2,2,-37174,-37174,0,1,1,0,,0,3,3,0,3,4,0,0,5632,,0,2,1,
2026-09-12T19:31:26.236Z,85785312000000,4267275,18865,-44027,-44015,,-41680,-34921,-34921,18024,2,2,-34921,-34921,0,1,1,0,,0,3,3,0,3,4,0,0,7885,,0,2,1,
2026-09-12T19:31:26.339Z,85785406000000,4267375,18866,-44004,-44016,,-41680,-33794,-33794,18024,2,2,-33794,-33794,0,1,1,0,,0,3,3,0,3,4,0,0,9012,,0,2,1,
2026-09-12T19:31:26.444Z,85785515000000,4267475,18867,-44008,-44015,,-41680,-34921,-34921,18024,2,2,-34921,-34921,0,1,1,0,,0,3,3,0,3,4,0,0,9012,,0,2,1,
2026-09-12T19:31:26.548Z,85785625000000,4267577,18868,-44005,-44014,,-41680,-36047,-36047,18024,2,2,-36047,-36047,0,1,1,0,,0,3,3,0,3,4,0,0,7886,,0,2,1,
2026-09-12T19:31:26.652Z,85785718000000,4267680,18869,-44015,-44013,,-41680,-37174,-37174,18024,2,2,-37174,-37174,0,1,1,0,,0,3,3,0,3,4,0,0,6759,,0,2,1,
2026-09-12T19:31:26.845Z,85785921000000,4267785,18870,-44011,-44013,,-37174,-37174,-37174,18024,2,2,-37174,-37174,0,1,1,0,,0,3,3,0,3,4,0,0,5633,,0,2,1,
2026-09-12T19:31:26.949Z,85786015000000,4267983,18872,-44020,-44013,,-37174,-37174,-37174,18024,2,2,-37174,-37174,0,1,1,0,,0,3,3,0,3,4,0,0,3380,,0,2,1,
2026-09-12T19:31:27.054Z,85786125000000,4268082,18873,-44022,-44014,,-37174,-36047,-36047,18024,2,2,-36047,-36047,0,1,1,0,,0,3,3,0,3,4,0,0,3380,,0,2,1,
2026-09-12T19:31:27.158Z,85786234000000,4268186,18874,-44018,-44015,,-37174,-34921,-34921,18024,2,2,-34921,-34921,0,1,1,0,,0,3,3,0,3,4,0,0,2253,,0,2,1,
2026-09-12T19:31:27.263Z,85786343000000,4268291,18875,-44014,-44015,,-37174,-34921,-34921,18024,2,2,-34921,-34921,0,1,1,0,,0,3,3,0,3,4,0,0,2253,,0,2,1,
2026-09-12T19:31:27.367Z,85786437000000,4268395,18876,-44032,-44015,,-37174,-34921,-34921,18024,2,2,-34921,-34921,0,1,1,0,,0,3,3,0,3,4,0,0,2253,,0,2,1,
2026-09-12T19:31:27.472Z,85786546000000,4268500,18877,-44007,-44015,,-37174,-34921,-34921,18024,2,2,-34921,-34921,0,1,1,0,,0,3,3,0,3,4,0,0,2253,,0,2,1,
2026-09-12T19:31:27.577Z,85786656000000,4268604,18878,-44019,-44016,,-37174,-33794,-33794,18024,2,2,-33794,-33794,0,1,1,0,,0,3,3,0,3,4,0,0,3380,,0,2,1,
2026-09-12T19:31:27.682Z,85786750000000,4268709,18879,-44014,-44016,,-37174,-33794,-33794,18024,2,2,-33794,-33794,0,1,1,0,,0,3,3,0,3,4,0,0,3380,,0,2,1,
2026-09-12T19:31:27.874Z,85786953000000,4268814,18880,-44023,-44016,,-33794,-33794,-33794,18024,2,2,-33794,-33794,0,1,1,0,,0,3,3,0,3,4,0,0,2253,,0,2,1,
2026-09-12T19:31:27.977Z,85787046000000,4269013,18882,-43992,-44015,,-33794,-34921,-34921,18024,2,2,-34921,-34921,0,1,1,0,,0,3,3,0,3,4,0,0,1127,,0,2,1,
2026-09-12T19:31:28.083Z,85787156000000,4269111,18883,-44011,-44014,,-33794,-36047,-36047,18024,2,2,-36047,-36047,0,1,1,0,,0,3,3,0,3,4,0,0,2253,,0,2,1,
2026-09-12T19:31:28.187Z,85787265000000,4269215,18884,-44028,-44014,,-33794,-36047,-36047,18024,2,2,-36047,-36047,0,1,1,0,,0,3,3,0,3,4,0,0,2253,,0,2,1,
2026-09-12T19:31:28.292Z,85787359000000,4269320,18885,-44024,-44015,,-33794,-34921,-34921,18024,2,2,-34921,-34921,0,1,1,0,,0,3,3,0,3,4,0,0,2253,,0,2,1,
2026-09-12T19:31:28.398Z,85787468000000,4269424,18886,-44016,-44016,,-33794,-33794,-33794,18024,2,2,-33794,-33794,0,1,1,0,,0,3,3,0,3,4,0,0,2253,,0,2,1,
2026-09-12T19:31:28.502Z,85787578000000,4269530,18887,-44018,-44016,,-33794,-33794,-33794,18024,2,2,-33794,-33794,0,1,1,0,,0,3,3,0,3,4,0,0,2253,,0,2,1,
2026-09-12T19:31:28.606Z,85787671000000,4269634,18888,-44004,-44016,,-33794,-33794,-33794,18024,2,2,-33794,-33794,0,1,1,0,,0,3,3,0,3,4,0,0,2253,,0,2,1,
2026-09-12T19:31:28.711Z,85787781000000,4269738,18889,-44017,-44016,,-33794,-33794,-33794,18024,2,2,-33794,-33794,0,1,1,0,,0,3,3,0,3,4,0,0,2253,,0,2,1,
2026-09-12T19:31:28.904Z,85787984000000,4269843,18890,-44028,-44016,,-34921,-33794,-33794,18024,2,2,-33794,-33794,0,1,1,0,,0,3,3,0,3,4,0,0,2253,,0,2,1,
2026-09-12T19:31:29.008Z,85788078000000,4269991,18892,-44012,-44015,,-34921,-34921,-34921,18024,2,2,-34921,-34921,0,1,1,0,,0,3,3,0,3,4,0,0,1127,,0,2,1,
2026-09-12T19:31:29.112Z,85788187000000,4270140,18893,-44010,-44014,,-34921,-36047,-36047,18024,2,2,-36047,-36047,0,1,1,0,,0,3,3,0,3,4,0,0,2253,,0,2,1,
2026-09-12T19:31:29.217Z,85788296000000,4270245,18894,-44015,-44014,,-34921,-36047,-36047,18024,2,2,-36047,-36047,0,1,1,0,,0,3,3,0,3,4,0,0,2253,,0,2,1,
2026-09-12T19:31:29.322Z,85788390000000,4270349,18895,-44013,-44014,,-34921,-36047,-36047,18024,2,2,-36047,-36047,0,1,1,0,,0,3,3,0,3,4,0,0,2253,,0,2,1,
2026-09-12T19:31:29.427Z,85788500000000,4270454,18896,-44032,-44014,,-34921,-36047,-36047,18024,2,2,-36047,-36047,0,1,1,0,,0,3,3,0,3,4,0,0,2253,,0,2,1,
2026-09-12T19:31:29.531Z,85788609000000,4270560,18897,-44029,-44016,,-34921,-33794,-33794,18024,2,2,-33794,-33794,0,1,1,0,,0,3,3,0,3,4,0,0,2253,,0,2,1,
2026-09-12T19:31:29.635Z,85788703000000,4270681,18899,-44021,-44019,,-34921,-30415,-30415,18024,2,2,-30415,-30415,0,1,1,0,,0,3,3,0,3,4,0,0,5632,,0,2,1,
2026-09-12T19:31:29.739Z,85788812000000,4270781,18900,-43999,-44019,,-34921,-30415,-30415,18024,2,2,-30415,-30415,0,1,1,0,,0,3,3,0,3,4,0,0,5632,,0,2,1,
2026-09-12T19:31:29.928Z,85789000000000,4270881,18901,-44020,-44019,,-30415,-30415,-30415,18024,2,2,-30415,-30415,0,1,1,0,,0,3,3,0,3,4,0,0,5632,,0,2,1,
2026-09-12T19:31:30.032Z,85789109000000,4270981,18902,-44026,-44019,,-30415,-30415,-30415,18024,2,2,-30415,-30415,0,1,1,0,,0,3,3,0,3,4,0,0,5632,,0,2,1,
2026-09-12T19:31:30.135Z,85789203000000,4271182,18904,-44015,-44018,,-30415,-31541,-31541,18024,2,2,-31541,-31541,0,1,1,0,,0,3,3,0,3,4,0,0,3379,,0,2,1,
2026-09-12T19:31:30.239Z,85789312000000,4271282,18905,-44024,-44018,,-30415,-31541,-31541,18024,2,2,-31541,-31541,0,1,1,0,,0,3,3,0,3,4,0,0,1126,,0,2,1,
2026-09-12T19:31:30.343Z,85789421000000,4271382,18906,-44007,-44018,,-30415,-31541,-31541,18024,2,2,-31541,-31541,0,1,1,0,,0,3,3,0,3,4,0,0,1126,,0,2,1,
2026-09-12T19:31:30.446Z,85789515000000,4271482,18907,-44008,-44017,,-30415,-32668,-32668,18024,2,2,-32668,-32668,0,1,1,0,,0,3,3,0,3,4,0,0,2253,,0,2,1,
2026-09-12T19:31:30.551Z,85789625000000,4271582,18908,-44014,-44016,,-30415,-33794,-33794,18024,2,2,-33794,-33794,0,1,1,0,,0,3,3,0,3,4,0,0,3379,,0,2,1,
2026-09-12T19:31:30.657Z,85789734000000,4271683,18909,-44009,-44015,,-30415,-34921,-34921,18024,2,2,-34921,-34921,0,1,1,0,,0,3,3,0,3,4,0,0,4506,,0,2,1,
2026-09-12T19:31:30.762Z,85789828000000,4271789,18910,-44014,-44015,,-30415,-34921,-34921,18024,2,2,-34921,-34921,0,1,1,0,,0,3,3,0,3,4,0,0,4506,,0,2,1,
2026-09-12T19:31:30.954Z,85790031000000,4271895,18911,-44008,-44014,,-36047,-36047,-36047,18024,2,2,-36047,-36047,0,1,1,0,,0,3,3,0,3,4,0,0,4506,,0,2,1,
2026-09-12T19:31:31.059Z,85790125000000,4272093,18913,-44018,-44014,,-36047,-36047,-36047,18024,2,2,-36047,-36047,0,1,1,0,,0,3,3,0,3,4,0,0,4506,,0,2,1,
2026-09-12T19:31:31.163Z,85790234000000,4272192,18914,-44031,-44015,,-36047,-34921,-34921,18024,2,2,-34921,-34921,0,1,1,0,,0,3,3,0,3,4,0,0,3379,,0,2,1,
2026-09-12T19:31:31.267Z,85790343000000,4272296,18915,-44030,-44017,,-36047,-32668,-32668,18024,2,2,-32668,-32668,0,1,1,0,,0,3,3,0,3,4,0,0,3379,,0,2,1,
2026-09-12T19:31:31.372Z,85790437000000,4272400,18916,-44020,-44019,,-36047,-30415,-30415,18024,2,2,-30415,-30415,0,1,1,0,,0,3,3,0,3,4,0,0,5632,,0,2,1,
2026-09-12T19:31:31.477Z,85790546000000,4272505,18917,-44019,-44019,,-36047,-30415,-30415,18024,2,2,-30415,-30415,0,1,1,0,,0,3,3,0,3,4,0,0,5632,,0,2,1,
2026-09-12T19:31:31.582Z,85790656000000,4272610,18918,-44018,-44019,,-36047,-30415,-30415,18024,2,2,-30415,-30415,0,1,1,0,,0,3,3,0,3,4,0,0,5632,,0,2,1,
2026-09-12T19:31:31.687Z,85790765000000,4272714,18919,-44017,-44019,,-36047,-30415,-30415,18024,2,2,-30415,-30415,0,1,1,0,,0,3,3,0,3,4,0,0,5632,,0,2,1,
2026-09-12T19:31:31.791Z,85790859000000,4272819,18920,-44013,-44019,,-36047,-30415,-30415,18024,2,2,-30415,-30415,0,1,1,0,,0,3,3,0,3,4,0,0,5632,,0,2,1,
2026-09-12T19:31:31.982Z,85791062000000,4272924,18921,-44014,-44018,,-32668,-31541,-31541,18024,2,2,-31541,-31541,0,1,1,0,,0,3,3,0,3,4,0,0,4506,,0,2,1,
2026-09-12T19:31:32.088Z,85791156000000,4273122,18923,-44025,-44018,,-32668,-31541,-31541,18024,2,2,-31541,-31541,0,1,1,0,,0,3,3,0,3,4,0,0,2253,,0,2,1,
2026-09-12T19:31:32.193Z,85791265000000,4273221,18924,-44038,-44019,,-32668,-30415,-30415,18024,2,2,-30415,-30415,0,1,1,0,,0,3,3,0,3,4,0,0,2253,,0,2,1,
2026-09-12T19:31:32.297Z,85791375000000,4273326,18925,-44045,-44021,,-32668,-28162,-28162,18024,2,2,-28162,-28162,0,1,1,0,,0,3,3,0,3,4,0,0,4506,,0,2,1,
2026-09-12T19:31:32.402Z,85791468000000,4273430,18926,-44042,-44024,,-32668,-24783,-24783,18024,2,2,-24783,-24783,0,1,1,0,,0,3,3,0,3,4,0,0,7885,,0,2,1,
2026-09-12T19:31:32.506Z,85791578000000,4273535,18927,-44035,-44026,,-32668,-22530,-22530,18024,2,2,-22530,-22530,0,1,1,0,,0,3,3,0,3,4,0,0,10138,,0,2,1,
2026-09-12T19:31:32.611Z,85791687000000,4273639,18928,-44026,-44027,,-32668,-21403,-21403,18024,2,2,-21403,-21403,0,1,1,0,,0,3,3,0,3,4,0,0,11265,,0,2,1,
2026-09-12T19:31:32.716Z,85791781000000,4273744,18929,-44028,-44027,,-32668,-21403,-21403,18024,2,2,-21403,-21403,0,1,1,0,,0,3,3,0,3,4,0,0,11265,,0,2,1,
2026-09-12T19:31:32.822Z,85791890000000,4273848,18930,-44027,-44027,,-32668,-21403,-21403,18024,2,2,-21403,-21403,0,1,1,0,,0,3,3,0,3,4,0,0,10138,,0,2,1,
2026-09-12T19:31:33.015Z,85792093000000,4273954,18931,-44038,-44027,,-23656,-21403,-21403,18024,2,2,-21403,-21403,0,1,1,0,,0,3,3,0,3,4,0,0,9012,,0,2,1,
2026-09-12T19:31:33.119Z,85792187000000,4274103,18933,-44002,-44025,,-23656,-23656,-23656,18024,2,2,-23656,-23656,0,1,1,0,,0,3,3,0,3,4,0,0,3380,,0,2,1,
2026-09-12T19:31:33.223Z,85792296000000,4274253,18934,-44020,-44023,,-23656,-25909,-25909,18024,2,2,-25909,-25909,0,1,1,0,,0,3,3,0,3,4,0,0,4506,,0,2,1,
2026-09-12T19:31:33.328Z,85792406000000,4274357,18935,-44030,-44023,,-23656,-25909,-25909,18024,2,2,-25909,-25909,0,1,1,0,,0,3,3,0,3,4,0,0,4506,,0,2,1,
2026-09-12T19:31:33.433Z,85792500000000,4274460,18936,-44020,-44023,,-23656,-25909,-25909,18024,2,2,-25909,-25909,0,1,1,0,,0,3,3,0,3,4,0,0,4506,,0,2,1,
2026-09-12T19:31:33.538Z,85792609000000,4274566,18937,-44028,-44024,,-23656,-24783,-24783,18024,2,2,-24783,-24783,0,1,1,0,,0,3,3,0,3,4,0,0,4506,,0,2,1,
2026-09-12T19:31:33.642Z,85792718000000,4274688,18939,-44017,-44025,,-23656,-23656,-23656,18024,2,2,-23656,-23656,0,1,1,0,,0,3,3,0,3,4,0,0,4506,,0,2,1,
2026-09-12T19:31:33.745Z,85792812000000,4274788,18940,-44030,-44026,,-23656,-22530,-22530,18024,2,2,-22530,-22530,0,1,1,0,,0,3,3,0,3,4,0,0,3379,,0,2,1,
2026-09-12T19:31:33.847Z,85792921000000,4274888,18941,-44038,-44027,,-23656,-21403,-21403,18024,2,2,-21403,-21403,0,1,1,0,,0,3,3,0,3,4,0,0,4506,,0,2,1,
2026-09-12T19:31:34.036Z,85793109000000,4274988,18942,-44012,-44027,,-23656,-21403,-21403,18024,2,2,-21403,-21403,0,1,1,0,,0,3,3,0,3,4,0,0,4506,,0,2,1,
2026-09-12T19:31:34.140Z,85793218000000,4275088,18943,-44011,-44025,,-23656,-23656,-23656,18024,2,2,-23656,-23656,0,1,1,0,,0,3,3,0,3,4,0,0,4506,,0,2,1,
2026-09-12T19:31:34.243Z,85793312000000,4275289,18945,-44020,-44022,,-23656,-27035,-27035,18024,2,2,-27035,-27035,0,1,1,0,,0,3,3,0,3,4,0,0,5632,,0,2,1,
2026-09-12T19:31:34.347Z,85793421000000,4275389,18946,-44011,-44021,,-23656,-28162,-28162,18024,2,2,-28162,-28162,0,1,1,0,,0,3,3,0,3,4,0,0,6759,,0,2,1,
2026-09-12T19:31:34.451Z,85793531000000,4275489,18947,-44025,-44021,,-23656,-28162,-28162,18024,2,2,-28162,-28162,0,1,1,0,,0,3,3,0,3,4,0,0,6759,,0,2,1,
2026-09-12T19:31:34.557Z,85793625000000,4275589,18948,-44031,-44022,,-23656,-27035,-27035,18024,2,2,-27035,-27035,0,1,1,0,,0,3,3,0,3,4,0,0,6759,,0,2,1,
2026-09-12T19:31:34.661Z,85793734000000,4275689,18949,-44026,-44023,,-23656,-25909,-25909,18024,2,2,-25909,-25909,0,1,1,0,,0,3,3,0,3,4,0,0,6759,,0,2,1,
2026-09-12T19:31:34.766Z,85793843000000,4275794,18950,-44018,-44023,,-23656,-25909,-25909,18024,2,2,-25909,-25909,0,1,1,0,,0,3,3,0,3,4,0,0,4506,,0,2,1,
2026-09-12T19:31:34.871Z,85793937000000,4275899,18951,-44016,-44022,,-23656,-27035,-27035,18024,2,2,-27035,-27035,0,1,1,0,,0,3,3,0,3,4,0,0,2253,,0,2,1,
2026-09-12T19:31:35.064Z,85794140000000,4276003,18952,-44011,-44021,,-29288,-28162,-28162,18024,2,2,-28162,-28162,0,1,1,0,,0,3,3,0,3,4,0,0,2253,,0,2,1,
2026-09-12T19:31:35.168Z,85794234000000,4276204,18954,-44022,-44020,,-29288,-29288,-29288,18024,2,2,-29288,-29288,0,1,1,0,,0,3,3,0,3,4,0,0,3379,,0,2,1,
2026-09-12T19:31:35.273Z,85794343000000,4276302,18955,-44037,-44020,,-29288,-29288,-29288,18024,2,2,-29288,-29288,0,1,1,0,,0,3,3,0,3,4,0,0,3379,,0,2,1,
2026-09-12T19:31:35.379Z,85794453000000,4276406,18956,-44015,-44020,,-29288,-29288,-29288,18024,2,2,-29288,-29288,0,1,1,0,,0,3,3,0,3,4,0,0,3379,,0,2,1,
2026-09-12T19:31:35.485Z,85794562000000,4276511,18957,-44011,-44019,,-29288,-30415,-30415,18024,2,2,-30415,-30415,0,1,1,0,,0,3,3,0,3,4,0,0,4506,,0,2,1,
2026-09-12T19:31:35.590Z,85794656000000,4276617,18958,-44019,-44018,,-29288,-31541,-31541,18024,2,2,-31541,-31541,0,1,1,0,,0,3,3,0,3,4,0,0,4506,,0,2,1,
2026-09-12T19:31:35.695Z,85794765000000,4276723,18959,-44028,-44018,,-29288,-31541,-31541,18024,2,2,-31541,-31541,0,1,1,0,,0,3,3,0,3,4,0,0,3379,,0,2,1,
2026-09-12T19:31:35.800Z,85794875000000,4276828,18960,-44012,-44018,,-29288,-31541,-31541,18024,2,2,-31541,-31541,0,1,1,0,,0,3,3,0,3,4,0,0,2253,,0,2,1,
2026-09-12T19:31:35.906Z,85794984000000,4276933,18961,-44028,-44019,,-29288,-30415,-30415,18024,2,2,-30415,-30415,0,1,1,0,,0,3,3,0,3,4,0,0,2253,,0,2,1,
2026-09-12T19:31:36.097Z,85795171000000,4277038,18962,-44026,-44020,,-27035,-29288,-29288,18024,2,2,-29288,-29288,0,1,1,0,,0,3,3,0,3,4,0,0,2253,,0,2,1,
2026-09-12T19:31:36.201Z,85795281000000,4277192,18964,-44021,-44022,,-27035,-27035,-27035,18024,2,2,-27035,-27035,0,1,1,0,,0,3,3,0,3,4,0,0,4506,,0,2,1,
2026-09-12T19:31:36.306Z,85795375000000,4277334,18965,-44008,-44022,,-27035,-27035,-27035,18024,2,2,-27035,-27035,0,1,1,0,,0,3,3,0,3,4,0,0,4506,,0,2,1,
2026-09-12T19:31:36.411Z,85795484000000,4277438,18966,-44012,-44021,,-27035,-28162,-28162,18024,2,2,-28162,-28162,0,1,1,0,,0,3,3,0,3,4,0,0,4506,,0,2,1,
2026-09-12T19:31:36.516Z,85795593000000,4277544,18967,-44014,-44020,,-27035,-29288,-29288,18024,2,2,-29288,-29288,0,1,1,0,,0,3,3,0,3,4,0,0,4506,,0,2,1,
2026-09-12T19:31:36.620Z,85795687000000,4277648,18968,-44009,-44019,,-27035,-30415,-30415,18024,2,2,-30415,-30415,0,1,1,0,,0,3,3,0,3,4,0,0,3380,,0,2,1,
2026-09-12T19:31:36.724Z,85795796000000,4277753,18969,-43981,-44018,,-27035,-31541,-31541,18024,2,2,-31541,-31541,0,1,1,0,,0,3,3,0,3,4,0,0,4506,,0,2,1,
2026-09-12T19:31:36.828Z,85795906000000,4277857,18970,-44005,-44016,,-27035,-33794,-33794,18024,2,2,-33794,-33794,0,1,1,0,,0,3,3,0,3,4,0,0,6759,,0,2,1,
2026-09-12T19:31:36.933Z,85796000000000,4277961,18971,-44018,-44015,,-27035,-34921,-34921,18024,2,2,-34921,-34921,0,1,1,0,,0,3,3,0,3,4,0,0,7886,,0,2,1,
2026-09-12T19:31:37.125Z,85796203000000,4278067,18972,-44029,-44015,,-32668,-34921,-34921,18024,2,2,-34921,-34921,0,1,1,0,,0,3,3,0,3,4,0,0,7886,,0,2,1,
2026-09-12T19:31:37.229Z,85796296000000,4278214,18974,-44010,-44017,,-32668,-32668,-32668,18024,2,2,-32668,-32668,0,1,1,0,,0,3,3,0,3,4,0,0,5633,,0,2,1,
2026-09-12T19:31:37.333Z,85796406000000,4278362,18975,-44002,-44016,,-32668,-33794,-33794,18024,2,2,-33794,-33794,0,1,1,0,,0,3,3,0,3,4,0,0,4506,,0,2,1,
2026-09-12T19:31:37.438Z,85796515000000,4278467,18976,-44000,-44014,,-32668,-36047,-36047,18024,2,2,-36047,-36047,0,1,1,0,,0,3,3,0,3,4,0,0,4506,,0,2,1,
2026-09-12T19:31:37.543Z,85796609000000,4278572,18977,-44006,-44012,,-32668,-38300,-38300,18024,2,2,-38300,-38300,0,1,1,0,,0,3,3,0,3,4,0,0,5632,,0,2,1,
2026-09-12T19:31:37.647Z,85796718000000,4278695,18979,-44018,-44010,,-32668,-40553,-40553,18024,2,2,-40553,-40553,0,1,1,0,,0,3,3,0,3,4,0,0,7885,,0,2,1,
2026-09-12T19:31:37.751Z,85796828000000,4278795,18980,-44024,-44011,,-32668,-39427,-39427,18024,2,2,-39427,-39427,0,1,1,0,,0,3,3,0,3,4,0,0,7885,,0,2,1,
2026-09-12T19:31:37.855Z,85796921000000,4278895,18981,-44019,-44012,,-32668,-38300,-38300,18024,2,2,-38300,-38300,0,1,1,0,,0,3,3,0,3,4,0,0,7885,,0,2,1,
2026-09-12T19:31:37.959Z,85797031000000,4278995,18982,-44011,-44013,,-32668,-37174,-37174,18024,2,2,-37174,-37174,0,1,1,0,,0,3,3,0,3,4,0,0,6759,,0,2,1,
2026-09-12T19:31:38.149Z,85797218000000,4279096,18983,-44016,-44013,,-37174,-37174,-37174,18024,2,2,-37174,-37174,0,1,1,0,,0,3,3,0,3,4,0,0,4506,,0,2,1,
2026-09-12T19:31:38.252Z,85797328000000,4279296,18985,-44022,-44014,,-37174,-36047,-36047,18024,2,2,-36047,-36047,0,1,1,0,,0,3,3,0,3,4,0,0,4506,,0,2,1,
2026-09-12T19:31:38.355Z,85797421000000,4279396,18986,-44018,-44015,,-37174,-34921,-34921,18024,2,2,-34921,-34921,0,1,1,0,,0,3,3,0,3,4,0,0,5632,,0,2,1,
2026-09-12T19:31:38.459Z,85797531000000,4279496,18987,-44012,-44015,,-37174,-34921,-34921,18024,2,2,-34921,-34921,0,1,1,0,,0,3,3,0,3,4,0,0,4506,,0,2,1,
2026-09-12T19:31:38.563Z,85797640000000,4279596,18988,-44010,-44015,,-37174,-34921,-34921,18024,2,2,-34921,-34921,0,1,1,0,,0,3,3,0,3,4,0,0,3379,,0,2,1,
2026-09-12T19:31:38.667Z,85797734000000,4279696,18989,-44015,-44015,,-37174,-34921,-34921,18024,2,2,-34921,-34921,0,1,1,0,,0,3,3,0,3,4,0,0,2253,,0,2,1,
2026-09-12T19:31:38.771Z,85797843000000,4279800,18990,-44016,-44015,,-37174,-34921,-34921,18024,2,2,-34921,-34921,0,1,1,0,,0,3,3,0,3,4,0,0,2253,,0,2,1,
2026-09-12T19:31:38.876Z,85797953000000,4279904,18991,-44025,-44015,,-37174,-34921,-34921,18024,2,2,-34921,-34921,0,1,1,0,,0,3,3,0,3,4,0,0,2253,,0,2,1,
2026-09-12T19:31:38.980Z,85798046000000,4280009,18992,-44015,-44015,,-37174,-34921,-34921,18024,2,2,-34921,-34921,0,1,1,0,,0,3,3,0,3,4,0,0,1126,,0,2,1,
2026-09-12T19:31:39.173Z,85798250000000,4280114,18993,-44014,-44015,,-34921,-34921,-34921,18024,2,2,-34921,-34921,0,1,1,0,,0,3,3,0,3,4,0,0,0,,0,2,1,
2026-09-12T19:31:39.277Z,85798343000000,4280312,18995,-44008,-44015,,-34921,-34921,-34921,18024,2,2,-34921,-34921,0,1,1,0,,0,3,3,0,3,4,0,0,0,,0,2,1,
2026-09-12T19:31:39.382Z,85798453000000,4280410,18996,-43999,-44014,,-34921,-36047,-36047,18024,2,2,-36047,-36047,0,1,1,0,,0,3,3,0,3,4,0,0,1126,,0,2,1,
2026-09-12T19:31:39.486Z,85798562000000,4280515,18997,-44029,-44013,,-34921,-37174,-37174,18024,2,2,-37174,-37174,0,1,1,0,,0,3,3,0,3,4,0,0,2253,,0,2,1,
2026-09-12T19:31:39.591Z,85798656000000,4280619,18998,-44017,-44014,,-34921,-36047,-36047,18024,2,2,-36047,-36047,0,1,1,0,,0,3,3,0,3,4,0,0,2253,,0,2,1,
2026-09-12T19:31:39.696Z,85798765000000,4280724,18999,-44015,-44014,,-34921,-36047,-36047,18024,2,2,-36047,-36047,0,1,1,0,,0,3,3,0,3,4,0,0,2253,,0,2,1,
2026-09-12T19:31:39.799Z,85798875000000,4280828,19000,-44016,-44014,,-34921,-36047,-36047,18024,2,2,-36047,-36047,0,1,1,0,,0,3,3,0,3,4,0,0,2253,,0,2,1,
2026-09-12T19:31:39.905Z,85798984000000,4280933,19001,-44026,-44014,,-34921,-36047,-36047,18024,2,2,-36047,-36047,0,1,1,0,,0,3,3,0,3,4,0,0,2253,,0,2,1,
2026-09-12T19:31:40.010Z,85799078000000,4281038,19002,-44012,-44014,,-34921,-36047,-36047,18024,2,2,-36047,-36047,0,1,1,0,,0,3,3,0,3,4,0,0,2253,,0,2,1,
2026-09-12T19:31:40.202Z,85799281000000,4281143,19003,-44028,-44016,,-30415,-33794,-33794,18024,2,2,-33794,-33794,0,1,1,0,,0,3,3,0,3,4,0,0,3380,,0,2,1,
2026-09-12T19:31:40.306Z,85799375000000,4281299,19005,-44024,-44019,,-30415,-30415,-30415,18024,2,2,-30415,-30415,0,1,1,0,,0,3,3,0,3,4,0,0,5632,,0,2,1,
2026-09-12T19:31:40.411Z,85799484000000,4281440,19006,-44017,-44020,,-30415,-29288,-29288,18024,2,2,-29288,-29288,0,1,1,0,,0,3,3,0,3,4,0,0,6759,,0,2,1,
2026-09-12T19:31:40.517Z,85799593000000,4281544,19007,-44013,-44020,,-30415,-29288,-29288,18024,2,2,-29288,-29288,0,1,1,0,,0,3,3,0,3,4,0,0,6759,,0,2,1,
2026-09-12T19:31:40.620Z,85799687000000,4281649,19008,-44019,-44020,,-30415,-29288,-29288,18024,2,2,-29288,-29288,0,1,1,0,,0,3,3,0,3,4,0,0,6759,,0,2,1,
2026-09-12T19:31:40.725Z,85799796000000,4281754,19009,-44016,-44019,,-30415,-30415,-30415,18024,2,2,-30415,-30415,0,1,1,0,,0,3,3,0,3,4,0,0,6759,,0,2,1,
2026-09-12T19:31:40.830Z,85799906000000,4281859,19010,-44006,-44019,,-30415,-30415,-30415,18024,2,2,-30415,-30415,0,1,1,0,,0,3,3,0,3,4,0,0,4506,,0,2,1,
2026-09-12T19:31:40.936Z,85800015000000,4281964,19011,-44020,-44019,,-30415,-30415,-30415,18024,2,2,-30415,-30415,0,1,1,0,,0,3,3,0,3,4,0,0,2253,,0,2,1,
2026-09-12T19:31:41.040Z,85800109000000,4282069,19012,-44043,-44019,,-30415,-30415,-30415,18024,2,2,-30415,-30415,0,1,1,0,,0,3,3,0,3,4,0,0,1127,,0,2,1,
2026-09-12T19:31:41.232Z,85800312000000,4282174,19013,-44029,-44020,,-29288,-29288,-29288,18024,2,2,-29288,-29288,0,1,1,0,,0,3,3,0,3,4,0,0,1127,,0,2,1,
2026-09-12T19:31:41.338Z,85800406000000,4282322,19015,-44007,-44020,,-29288,-29288,-29288,18024,2,2,-29288,-29288,0,1,1,0,,0,3,3,0,3,4,0,0,2253,,0,2,1,
2026-09-12T19:31:41.443Z,85800515000000,4282471,19016,-43994,-44018,,-29288,-31541,-31541,18024,2,2,-31541,-31541,0,1,1,0,,0,3,3,0,3,4,0,0,3379,,0,2,1,
2026-09-12T19:31:41.548Z,85800625000000,4282576,19017,-43990,-44015,,-29288,-34921,-34921,18024,2,2,-34921,-34921,0,1,1,0,,0,3,3,0,3,4,0,0,6759,,0,2,1,
2026-09-12T19:31:41.652Z,85800718000000,4282681,19018,-44002,-44012,,-29288,-38300,-38300,18024,2,2,-38300,-38300,0,1,1,0,,0,3,3,0,3,4,0,0,10138,,0,2,1,
2026-09-12T19:31:41.755Z,85800828000000,4282802,19020,-44026,-44012,,-29288,-38300,-38300,18024,2,2,-38300,-38300,0,1,1,0,,0,3,3,0,3,4,0,0,11265,,0,2,1,
2026-09-12T19:31:41.858Z,85800937000000,4282902,19021,-44004,-44013,,-29288,-37174,-37174,18024,2,2,-37174,-37174,0,1,1,0,,0,3,3,0,3,4,0,0,11265,,0,2,1,
2026-09-12T19:31:41.962Z,85801031000000,4283002,19022,-43998,-44012,,-29288,-38300,-38300,18024,2,2,-38300,-38300,0,1,1,0,,0,3,3,0,3,4,0,0,10139,,0,2,1,
2026-09-12T19:31:42.064Z,85801140000000,4283103,19023,-44010,-44011,,-29288,-39427,-39427,18024,2,2,-39427,-39427,0,1,1,0,,0,3,3,0,3,4,0,0,7886,,0,2,1,
2026-09-12T19:31:42.252Z,85801328000000,4283203,19024,-44022,-44011,,-39427,-39427,-39427,18024,2,2,-39427,-39427,0,1,1,0,,0,3,3,0,3,4,0,0,4506,,0,2,1,
2026-09-12T19:31:42.356Z,85801421000000,4283403,19026,-44010,-44011,,-39427,-39427,-39427,18024,2,2,-39427,-39427,0,1,1,0,,0,3,3,0,3,4,0,0,2253,,0,2,1,
2026-09-12T19:31:42.460Z,85801531000000,4283503,19027,-44001,-44011,,-39427,-39427,-39427,18024,2,2,-39427,-39427,0,1,1,0,,0,3,3,0,3,4,0,0,2253,,0,2,1,
2026-09-12T19:31:42.563Z,85801640000000,4283603,19028,-44015,-44011,,-39427,-39427,-39427,18024,2,2,-39427,-39427,0,1,1,0,,0,3,3,0,3,4,0,0,2253,,0,2,1,
2026-09-12T19:31:42.666Z,85801734000000,4283703,19029,-44008,-44011,,-39427,-39427,-39427,18024,2,2,-39427,-39427,0,1,1,0,,0,3,3,0,3,4,0,0,1127,,0,2,1,
2026-09-12T19:31:42.770Z,85801843000000,4283804,19030,-44013,-44011,,-39427,-39427,-39427,18024,2,2,-39427,-39427,0,1,1,0,,0,3,3,0,3,4,0,0,0,,0,2,1,
2026-09-12T19:31:42.875Z,85801953000000,4283904,19031,-44016,-44011,,-39427,-39427,-39427,18024,2,2,-39427,-39427,0,1,1,0,,0,3,3,0,3,4,0,0,0,,0,2,1,
2026-09-12T19:31:42.979Z,85802046000000,4284008,19032,-44031,-44012,,-39427,-38300,-38300,18024,2,2,-38300,-38300,0,1,1,0,,0,3,3,0,3,4,0,0,1127,,0,2,1,
2026-09-12T19:31:43.084Z,85802156000000,4284113,19033,-44030,-44014,,-39427,-36047,-36047,18024,2,2,-36047,-36047,0,1,1,0,,0,3,3,0,3,4,0,0,3380,,0,2,1,
2026-09-12T19:31:43.275Z,85802343000000,4284217,19034,-44015,-44016,,-33794,-33794,-33794,18024,2,2,-33794,-33794,0,1,1,0,,0,3,3,0,3,4,0,0,5633,,0,2,1,
2026-09-12T19:31:43.379Z,85802453000000,4284415,19036,-44014,-44016,,-33794,-33794,-33794,18024,2,2,-33794,-33794,0,1,1,0,,0,3,3,0,3,4,0,0,5633,,0,2,1,
2026-09-12T19:31:43.483Z,85802562000000,4284513,19037,-44021,-44016,,-33794,-33794,-33794,18024,2,2,-33794,-33794,0,1,1,0,,0,3,3,0,3,4,0,0,5633,,0,2,1,
2026-09-12T19:31:43.588Z,85802656000000,4284617,19038,-44022,-44017,,-33794,-32668,-32668,18024,2,2,-32668,-32668,0,1,1,0,,0,3,3,0,3,4,0,0,6759,,0,2,1,
2026-09-12T19:31:43.693Z,85802765000000,4284722,19039,-44003,-44018,,-33794,-31541,-31541,18024,2,2,-31541,-31541,0,1,1,0,,0,3,3,0,3,4,0,0,6759,,0,2,1,
2026-09-12T19:31:43.796Z,85802875000000,4284826,19040,-44009,-44017,,-33794,-32668,-32668,18024,2,2,-32668,-32668,0,1,1,0,,0,3,3,0,3,4,0,0,4506,,0,2,1,
2026-09-12T19:31:43.901Z,85802968000000,4284931,19041,-44025,-44016,,-33794,-33794,-33794,18024,2,2,-33794,-33794,0,1,1,0,,0,3,3,0,3,4,0,0,2253,,0,2,1,
2026-09-12T19:31:44.006Z,85803078000000,4285035,19042,-44029,-44017,,-33794,-32668,-32668,18024,2,2,-32668,-32668,0,1,1,0,,0,3,3,0,3,4,0,0,2253,,0,2,1,
2026-09-12T19:31:44.110Z,85803187000000,4285139,19043,-44018,-44018,,-33794,-31541,-31541,18024,2,2,-31541,-31541,0,1,1,0,,0,3,3,0,3,4,0,0,2253,,0,2,1,
2026-09-12T19:31:44.302Z,85803375000000,4285244,19044,-44020,-44018,,-31541,-31541,-31541,18024,2,2,-31541,-31541,0,1,1,0,,0,3,3,0,3,4,0,0,2253,,0,2,1,
2026-09-12T19:31:44.408Z,85803484000000,4285443,19046,-44034,-44018,,-31541,-31541,-31541,18024,2,2,-31541,-31541,0,1,1,0,,0,3,3,0,3,4,0,0,2253,,0,2,1,
2026-09-12T19:31:44.512Z,85803578000000,4285542,19047,-44023,-44019,,-31541,-30415,-30415,18024,2,2,-30415,-30415,0,1,1,0,,0,3,3,0,3,4,0,0,3379,,0,2,1,
2026-09-12T19:31:44.617Z,85803687000000,4285646,19048,-44018,-44020,,-31541,-29288,-29288,18024,2,2,-29288,-29288,0,1,1,0,,0,3,3,0,3,4,0,0,4506,,0,2,1,
2026-09-12T19:31:44.721Z,85803796000000,4285750,19049,-44017,-44020,,-31541,-29288,-29288,18024,2,2,-29288,-29288,0,1,1,0,,0,3,3,0,3,4,0,0,3380,,0,2,1,
2026-09-12T19:31:44.826Z,85803906000000,4285855,19050,-44018,-44020,,-31541,-29288,-29288,18024,2,2,-29288,-29288,0,1,1,0,,0,3,3,0,3,4,0,0,2253,,0,2,1,
2026-09-12T19:31:44.930Z,85804000000000,4285959,19051,-44017,-44020,,-31541,-29288,-29288,18024,2,2,-29288,-29288,0,1,1,0,,0,3,3,0,3,4,0,0,2253,,0,2,1,
2026-09-12T19:31:45.035Z,85804109000000,4286064,19052,-44036,-44020,,-31541,-29288,-29288,18024,2,2,-29288,-29288,0,1,1,0,,0,3,3,0,3,4,0,0,2253,,0,2,1,
2026-09-12T19:31:45.142Z,85804218000000,4286169,19053,-44034,-44022,,-31541,-27035,-27035,18024,2,2,-27035,-27035,0,1,1,0,,0,3,3,0,3,4,0,0,4506,,0,2,1,
2026-09-12T19:31:45.334Z,85804406000000,4286275,19054,-44023,-44024,,-24783,-24783,-24783,18024,2,2,-24783,-24783,0,1,1,0,,0,3,3,0,3,4,0,0,5632,,0,2,1,
2026-09-12T19:31:45.439Z,85804515000000,4286423,19056,-44023,-44024,,-24783,-24783,-24783,18024,2,2,-24783,-24783,0,1,1,0,,0,3,3,0,3,4,0,0,4505,,0,2,1,
2026-09-12T19:31:45.544Z,85804609000000,4286573,19057,-44029,-44024,,-24783,-24783,-24783,18024,2,2,-24783,-24783,0,1,1,0,,0,3,3,0,3,4,0,0,4505,,0,2,1,
2026-09-12T19:31:45.648Z,85804718000000,4286677,19058,-44033,-44025,,-24783,-23656,-23656,18024,2,2,-23656,-23656,0,1,1,0,,0,3,3,0,3,4,0,0,5632,,0,2,1,
2026-09-12T19:31:45.752Z,85804828000000,4286782,19059,-44031,-44026,,-24783,-22530,-22530,18024,2,2,-22530,-22530,0,1,1,0,,0,3,3,0,3,4,0,0,6758,,0,2,1,
2026-09-12T19:31:45.858Z,85804937000000,4286886,19060,-44030,-44027,,-24783,-21403,-21403,18024,2,2,-21403,-21403,0,1,1,0,,0,3,3,0,3,4,0,0,5632,,0,2,1,
2026-09-12T19:31:45.961Z,85805031000000,4287010,19062,-44033,-44029,,-24783,-19150,-19150,18024,2,2,-19150,-19150,0,1,1,0,,0,3,3,0,3,4,0,0,5633,,0,2,1,
2026-09-12T19:31:46.064Z,85805140000000,4287110,19063,-44020,-44030,,-24783,-18024,-18024,18024,2,2,-18024,-18024,0,1,1,0,,0,3,3,0,3,4,0,0,6759,,0,2,1,
2026-09-12T19:31:46.166Z,85805234000000,4287210,19064,-44021,-44029,,-24783,-19150,-19150,18024,2,2,-19150,-19150,0,1,1,0,,0,3,3,0,3,4,0,0,6759,,0,2,1,
2026-09-12T19:31:46.354Z,85805421000000,4287310,19065,-44021,-44028,,-21403,-20277,-20277,18024,2,2,-20277,-20277,0,1,1,0,,0,3,3,0,3,4,0,0,5632,,0,2,1,
2026-09-12T19:31:46.458Z,85805531000000,4287410,19066,-44023,-44027,,-21403,-21403,-21403,18024,2,2,-21403,-21403,0,1,1,0,,0,3,3,0,3,4,0,0,4506,,0,2,1,
2026-09-12T19:31:46.563Z,85805640000000,4287611,19068,-44020,-44026,,-21403,-22530,-22530,18024,2,2,-22530,-22530,0,1,1,0,,0,3,3,0,3,4,0,0,4506,,0,2,1,
2026-09-12T19:31:46.667Z,85805734000000,4287711,19069,-44016,-44025,,-21403,-23656,-23656,18024,2,2,-23656,-23656,0,1,1,0,,0,3,3,0,3,4,0,0,5632,,0,2,1,
2026-09-12T19:31:46.769Z,85805843000000,4287811,19070,-44025,-44024,,-21403,-24783,-24783,18024,2,2,-24783,-24783,0,1,1,0,,0,3,3,0,3,4,0,0,6759,,0,2,1,
2026-09-12T19:31:46.872Z,85805953000000,4287911,19071,-44025,-44024,,-21403,-24783,-24783,18024,2,2,-24783,-24783,0,1,1,0,,0,3,3,0,3,4,0,0,5633,,0,2,1,
2026-09-12T19:31:46.975Z,85806046000000,4288011,19072,-44028,-44024,,-21403,-24783,-24783,18024,2,2,-24783,-24783,0,1,1,0,,0,3,3,0,3,4,0,0,4506,,0,2,1,
2026-09-12T19:31:47.082Z,85806156000000,4288111,19073,-44034,-44025,,-21403,-23656,-23656,18024,2,2,-23656,-23656,0,1,1,0,,0,3,3,0,3,4,0,0,3380,,0,2,1,
2026-09-12T19:31:47.185Z,85806265000000,4288215,19074,-44025,-44025,,-21403,-23656,-23656,18024,2,2,-23656,-23656,0,1,1,0,,0,3,3,0,3,4,0,0,2253,,0,2,1,
2026-09-12T19:31:47.378Z,85806453000000,4288320,19075,-44017,-44025,,-24783,-23656,-23656,18024,2,2,-23656,-23656,0,1,1,0,,0,3,3,0,3,4,0,0,2253,,0,2,1,
2026-09-12T19:31:47.482Z,85806562000000,4288518,19077,-44018,-44023,,-24783,-25909,-25909,18024,2,2,-25909,-25909,0,1,1,0,,0,3,3,0,3,4,0,0,2253,,0,2,1,
2026-09-12T19:31:47.587Z,85806656000000,4288616,19078,-44018,-44022,,-24783,-27035,-27035,18024,2,2,-27035,-27035,0,1,1,0,,0,3,3,0,3,4,0,0,3379,,0,2,1,
2026-09-12T19:31:47.691Z,85806765000000,4288721,19079,-44001,-44021,,-24783,-28162,-28162,18024,2,2,-28162,-28162,0,1,1,0,,0,3,3,0,3,4,0,0,4506,,0,2,1,
2026-09-12T19:31:47.796Z,85806875000000,4288825,19080,-44009,-44019,,-24783,-30415,-30415,18024,2,2,-30415,-30415,0,1,1,0,,0,3,3,0,3,4,0,0,6759,,0,2,1,
2026-09-12T19:31:47.902Z,85806968000000,4288929,19081,-43994,-44017,,-24783,-32668,-32668,18024,2,2,-32668,-32668,0,1,1,0,,0,3,3,0,3,4,0,0,9012,,0,2,1,
2026-09-12T19:31:48.005Z,85807078000000,4289035,19082,-44010,-44016,,-24783,-33794,-33794,18024,2,2,-33794,-33794,0,1,1,0,,0,3,3,0,3,4,0,0,10138,,0,2,1,
2026-09-12T19:31:48.111Z,85807187000000,4289140,19083,-44015,-44015,,-24783,-34921,-34921,18024,2,2,-34921,-34921,0,1,1,0,,0,3,3,0,3,4,0,0,10138,,0,2,1,
2026-09-12T19:31:48.216Z,85807281000000,4289245,19084,-44025,-44015,,-24783,-34921,-34921,18024,2,2,-34921,-34921,0,1,1,0,,0,3,3,0,3,4,0,0,9012,,0,2,1,
2026-09-12T19:31:48.408Z,85807484000000,4289349,19085,-44006,-44015,,-36047,-34921,-34921,18024,2,2,-34921,-34921,0,1,1,0,,0,3,3,0,3,4,0,0,7886,,0,2,1,
2026-09-12T19:31:48.513Z,85807578000000,4289547,19087,-44005,-44013,,-36047,-37174,-37174,18024,2,2,-37174,-37174,0,1,1,0,,0,3,3,0,3,4,0,0,6759,,0,2,1,
2026-09-12T19:31:48.617Z,85807687000000,4289647,19088,-44011,-44012,,-36047,-38300,-38300,18024,2,2,-38300,-38300,0,1,1,0,,0,3,3,0,3,4,0,0,5632,,0,2,1,
2026-09-12T19:31:48.721Z,85807796000000,4289751,19089,-44006,-44011,,-36047,-39427,-39427,18024,2,2,-39427,-39427,0,1,1,0,,0,3,3,0,3,4,0,0,5633,,0,2,1,
2026-09-12T19:31:48.826Z,85807906000000,4289855,19090,-44014,-44011,,-36047,-39427,-39427,18024,2,2,-39427,-39427,0,1,1,0,,0,3,3,0,3,4,0,0,4506,,0,2,1,
2026-09-12T19:31:48.931Z,85808000000000,4289960,19091,-44028,-44011,,-36047,-39427,-39427,18024,2,2,-39427,-39427,0,1,1,0,,0,3,3,0,3,4,0,0,4506,,0,2,1,
2026-09-12T19:31:49.035Z,85808109000000,4290065,19092,-44034,-44013,,-36047,-37174,-37174,18024,2,2,-37174,-37174,0,1,1,0,,0,3,3,0,3,4,0,0,4506,,0,2,1,
2026-09-12T19:31:49.140Z,85808218000000,4290170,19093,-44043,-44016,,-36047,-33794,-33794,18024,2,2,-33794,-33794,0,1,1,0,,0,3,3,0,3,4,0,0,5633,,0,2,1,
2026-09-12T19:31:49.245Z,85808312000000,4290275,19094,-44032,-44018,,-36047,-31541,-31541,18024,2,2,-31541,-31541,0,1,1,0,,0,3,3,0,3,4,0,0,7886,,0,2,1,
2026-09-12T19:31:49.436Z,85808515000000,4290379,19095,-44018,-44020,,-31541,-29288,-29288,18024,2,2,-29288,-29288,0,1,1,0,,0,3,3,0,3,4,0,0,10139,,0,2,1,
2026-09-12T19:31:49.540Z,85808609000000,4290526,19097,-44003,-44018,,-31541,-31541,-31541,18024,2,2,-31541,-31541,0,1,1,0,,0,3,3,0,3,4,0,0,10139,,0,2,1,
2026-09-12T19:31:49.646Z,85808718000000,4290674,19098,-44006,-44016,,-31541,-33794,-33794,18024,2,2,-33794,-33794,0,1,1,0,,0,3,3,0,3,4,0,0,10139,,0,2,1,
2026-09-12T19:31:49.751Z,85808828000000,4290780,19099,-44013,-44015,,-31541,-34921,-34921,18024,2,2,-34921,-34921,0,1,1,0,,0,3,3,0,3,4,0,0,7886,,0,2,1,
2026-09-12T19:31:49.856Z,85808921000000,4290885,19100,-44016,-44015,,-31541,-34921,-34921,18024,2,2,-34921,-34921,0,1,1,0,,0,3,3,0,3,4,0,0,5633,,0,2,1,
2026-09-12T19:31:49.961Z,85809031000000,4290989,19101,-44004,-44015,,-31541,-34921,-34921,18024,2,2,-34921,-34921,0,1,1,0,,0,3,3,0,3,4,0,0,5633,,0,2,1,
2026-09-12T19:31:50.066Z,85809140000000,4291096,19102,-44008,-44014,,-31541,-36047,-36047,18024,2,2,-36047,-36047,0,1,1,0,,0,3,3,0,3,4,0,0,6759,,0,2,1,
2026-09-12T19:31:50.169Z,85809250000000,4291217,19104,-44012,-44012,,-31541,-38300,-38300,18024,2,2,-38300,-38300,0,1,1,0,,0,3,3,0,3,4,0,0,6759,,0,2,1,
2026-09-12T19:31:50.273Z,85809343000000,4291317,19105,-44013,-44012,,-31541,-38300,-38300,18024,2,2,-38300,-38300,0,1,1,0,,0,3,3,0,3,4,0,0,4506,,0,2,1,
2026-09-12T19:31:50.465Z,85809531000000,4291417,19106,-44013,-44012,,-38300,-38300,-38300,18024,2,2,-38300,-38300,0,1,1,0,,0,3,3,0,3,4,0,0,3379,,0,2,1,
2026-09-12T19:31:50.569Z,85809640000000,4291617,19108,-44016,-44013,,-38300,-37174,-37174,18024,2,2,-37174,-37174,0,1,1,0,,0,3,3,0,3,4,0,0,3379,,0,2,1,
2026-09-12T19:31:50.672Z,85809750000000,4291718,19109,-44022,-44014,,-38300,-36047,-36047,18024,2,2,-36047,-36047,0,1,1,0,,0,3,3,0,3,4,0,0,2253,,0,2,1,
2026-09-12T19:31:50.776Z,85809843000000,4291818,19110,-44021,-44015,,-38300,-34921,-34921,18024,2,2,-34921,-34921,0,1,1,0,,0,3,3,0,3,4,0,0,3379,,0,2,1,
2026-09-12T19:31:50.879Z,85809953000000,4291918,19111,-44021,-44016,,-38300,-33794,-33794,18024,2,2,-33794,-33794,0,1,1,0,,0,3,3,0,3,4,0,0,4506,,0,2,1,
2026-09-12T19:31:50.985Z,85810062000000,4292018,19112,-44022,-44017,,-38300,-32668,-32668,18024,2,2,-32668,-32668,0,1,1,0,,0,3,3,0,3,4,0,0,5632,,0,2,1,
2026-09-12T19:31:51.090Z,85810156000000,4292119,19113,-44015,-44018,,-38300,-31541,-31541,18024,2,2,-31541,-31541,0,1,1,0,,0,3,3,0,3,4,0,0,6759,,0,2,1,
2026-09-12T19:31:51.194Z,85810265000000,4292224,19114,-44012,-44018,,-38300,-31541,-31541,18024,2,2,-31541,-31541,0,1,1,0,,0,3,3,0,3,4,0,0,6759,,0,2,1,
2026-09-12T19:31:51.300Z,85810375000000,4292328,19115,-44024,-44018,,-38300,-31541,-31541,18024,2,2,-31541,-31541,0,1,1,0,,0,3,3,0,3,4,0,0,5633,,0,2,1,
2026-09-12T19:31:51.493Z,85810562000000,4292434,19116,-44016,-44018,,-31541,-31541,-31541,18024,2,2,-31541,-31541,0,1,1,0,,0,3,3,0,3,4,0,0,4506,,0,2,1,
2026-09-12T19:31:51.598Z,85810671000000,4292633,19118,-44009,-44017,,-31541,-32668,-32668,18024,2,2,-32668,-32668,0,1,1,0,,0,3,3,0,3,4,0,0,2253,,0,2,1,
2026-09-12T19:31:51.702Z,85810781000000,4292732,19119,-44014,-44016,,-31541,-33794,-33794,18024,2,2,-33794,-33794,0,1,1,0,,0,3,3,0,3,4,0,0,2253,,0,2,1,
2026-09-12T19:31:51.806Z,85810875000000,4292836,19120,-44019,-44016,,-31541,-33794,-33794,18024,2,2,-33794,-33794,0,1,1,0,,0,3,3,0,3,4,0,0,2253,,0,2,1,
2026-09-12T19:31:51.911Z,85810984000000,4292940,19121,-44019,-44016,,-31541,-33794,-33794,18024,2,2,-33794,-33794,0,1,1,0,,0,3,3,0,3,4,0,0,2253,,0,2,1,
2026-09-12T19:31:52.015Z,85811093000000,4293045,19122,-44041,-44016,,-31541,-33794,-33794,18024,2,2,-33794,-33794,0,1,1,0,,0,3,3,0,3,4,0,0,2253,,0,2,1,
2026-09-12T19:31:52.121Z,85811187000000,4293149,19123,-44027,-44017,,-31541,-32668,-32668,18024,2,2,-32668,-32668,0,1,1,0,,0,3,3,0,3,4,0,0,2253,,0,2,1,
2026-09-12T19:31:52.227Z,85811296000000,4293256,19124,-44021,-44018,,-31541,-31541,-31541,18024,2,2,-31541,-31541,0,1,1,0,,0,3,3,0,3,4,0,0,2253,,0,2,1,
2026-09-12T19:31:52.330Z,85811406000000,4293361,19125,-44032,-44019,,-31541,-30415,-30415,18024,2,2,-30415,-30415,0,1,1,0,,0,3,3,0,3,4,0,0,3379,,0,2,1,
2026-09-12T19:31:52.524Z,85811593000000,4293465,19126,-44021,-44019,,-30415,-30415,-30415,18024,2,2,-30415,-30415,0,1,1,0,,0,3,3,0,3,4,0,0,3379,,0,2,1,
2026-09-12T19:31:52.629Z,85811703000000,4293621,19128,-44026,-44019,,-30415,-30415,-30415,18024,2,2,-30415,-30415,0,1,1,0,,0,3,3,0,3,4,0,0,3379,,0,2,1,
2026-09-12T19:31:52.734Z,85811812000000,4293763,19129,-44023,-44020,,-30415,-29288,-29288,18024,2,2,-29288,-29288,0,1,1,0,,0,3,3,0,3,4,0,0,4506,,0,2,1,
2026-09-12T19:31:52.838Z,85811906000000,4293868,19130,-44017,-44020,,-30415,-29288,-29288,18024,2,2,-29288,-29288,0,1,1,0,,0,3,3,0,3,4,0,0,3380,,0,2,1,
2026-09-12T19:31:52.944Z,85812015000000,4293973,19131,-44010,-44020,,-30415,-29288,-29288,18024,2,2,-29288,-29288,0,1,1,0,,0,3,3,0,3,4,0,0,2253,,0,2,1,
2026-09-12T19:31:53.047Z,85812125000000,4294078,19132,-44018,-44020,,-30415,-29288,-29288,18024,2,2,-29288,-29288,0,1,1,0,,0,3,3,0,3,4,0,0,1127,,0,2,1,
2026-09-12T19:31:53.152Z,85812218000000,4294182,19133,-44013,-44019,,-30415,-30415,-30415,18024,2,2,-30415,-30415,0,1,1,0,,0,3,3,0,3,4,0,0,1127,,0,2,1,
2026-09-12T19:31:53.256Z,85812328000000,4294286,19134,-44016,-44019,,-30415,-30415,-30415,18024,2,2,-30415,-30415,0,1,1,0,,0,3,3,0,3,4,0,0,1127,,0,2,1,
2026-09-12T19:31:53.361Z,85812437000000,4294390,19135,-44021,-44019,,-30415,-30415,-30415,18024,2,2,-30415,-30415,0,1,1,0,,0,3,3,0,3,4,0,0,1127,,0,2,1,
2026-09-12T19:31:53.552Z,85812625000000,4294495,19136,-44023,-44019,,-31541,-30415,-30415,18024,2,2,-30415,-30415,0,1,1,0,,0,3,3,0,3,4,0,0,1127,,0,2,1,
2026-09-12T19:31:53.655Z,85812734000000,4294642,19138,-43995,-44018,,-31541,-31541,-31541,18024,2,2,-31541,-31541,0,1,1,0,,0,3,3,0,3,4,0,0,2253,,0,2,1,
2026-09-12T19:31:53.760Z,85812828000000,4294790,19139,-44015,-44017,,-31541,-32668,-32668,18024,2,2,-32668,-32668,0,1,1,0,,0,3,3,0,3,4,0,0,3380,,0,2,1,
2026-09-12T19:31:53.864Z,85812937000000,4294895,19140,-44022,-44017,,-31541,-32668,-32668,18024,2,2,-32668,-32668,0,1,1,0,,0,3,3,0,3,4,0,0,2253,,0,2,1,
2026-09-12T19:31:53.970Z,85813046000000,4294998,19141,-44015,-44017,,-31541,-32668,-32668,18024,2,2,-32668,-32668,0,1,1,0,,0,3,3,0,3,4,0,0,2253,,0,2,1,
2026-09-12T19:31:54.075Z,85813140000000,4295104,19142,-44014,-44017,,-31541,-32668,-32668,18024,2,2,-32668,-32668,0,1,1,0,,0,3,3,0,3,4,0,0,2253,,0,2,1,
2026-09-12T19:31:54.178Z,85813250000000,4295224,19144,-43999,-44016,,-31541,-33794,-33794,18024,2,2,-33794,-33794,0,1,1,0,,0,3,3,0,3,4,0,0,3379,,0,2,1,
2026-09-12T19:31:54.281Z,85813359000000,4295324,19145,-43995,-44014,,-31541,-36047,-36047,18024,2,2,-36047,-36047,0,1,1,0,,0,3,3,0,3,4,0,0,4506,,0,2,1,
2026-09-12T19:31:54.384Z,85813453000000,4295424,19146,-43999,-44012,,-31541,-38300,-38300,18024,2,2,-38300,-38300,0,1,1,0,,0,3,3,0,3,4,0,0,5632,,0,2,1,
2026-09-12T19:31:54.573Z,85813640000000,4295524,19147,-44008,-44010,,-40553,-40553,-40553,18024,2,2,-40553,-40553,0,1,1,0,,0,3,3,0,3,4,0,0,7885,,0,2,1,
2026-09-12T19:31:54.676Z,85813750000000,4295724,19149,-44023,-44011,,-40553,-39427,-39427,18024,2,2,-39427,-39427,0,1,1,0,,0,3,3,0,3,4,0,0,7885,,0,2,1,
2026-09-12T19:31:54.780Z,85813859000000,4295825,19150,-43999,-44012,,-40553,-38300,-38300,18024,2,2,-38300,-38300,0,1,1,0,,0,3,3,0,3,4,0,0,7885,,0,2,1,
2026-09-12T19:31:54.883Z,85813953000000,4295925,19151,-44011,-44012,,-40553,-38300,-38300,18024,2,2,-38300,-38300,0,1,1,0,,0,3,3,0,3,4,0,0,6759,,0,2,1,
2026-09-12T19:31:54.986Z,85814062000000,4296025,19152,-44029,-44012,,-40553,-38300,-38300,18024,2,2,-38300,-38300,0,1,1,0,,0,3,3,0,3,4,0,0,4506,,0,2,1,
2026-09-12T19:31:55.091Z,85814156000000,4296125,19153,-44018,-44013,,-40553,-37174,-37174,18024,2,2,-37174,-37174,0,1,1,0,,0,3,3,0,3,4,0,0,3379,,0,2,1,
2026-09-12T19:31:55.195Z,85814265000000,4296225,19154,-44007,-44014,,-40553,-36047,-36047,18024,2,2,-36047,-36047,0,1,1,0,,0,3,3,0,3,4,0,0,4506,,0,2,1,
2026-09-12T19:31:55.299Z,85814375000000,4296329,19155,-44022,-44015,,-40553,-34921,-34921,18024,2,2,-34921,-34921,0,1,1,0,,0,3,3,0,3,4,0,0,5632,,0,2,1,
2026-09-12T19:31:55.404Z,85814484000000,4296434,19156,-44032,-44016,,-40553,-33794,-33794,18024,2,2,-33794,-33794,0,1,1,0,,0,3,3,0,3,4,0,0,5633,,0,2,1,
2026-09-12T19:31:55.596Z,85814671000000,4296539,19157,-44017,-44017,,-32668,-32668,-32668,18024,2,2,-32668,-32668,0,1,1,0,,0,3,3,0,3,4,0,0,5632,,0,2,1,
2026-09-12T19:31:55.700Z,85814765000000,4296736,19159,-44009,-44016,,-32668,-33794,-33794,18024,2,2,-33794,-33794,0,1,1,0,,0,3,3,0,3,4,0,0,5632,,0,2,1,
2026-09-12T19:31:55.804Z,85814875000000,4296834,19160,-44011,-44015,,-32668,-34921,-34921,18024,2,2,-34921,-34921,0,1,1,0,,0,3,3,0,3,4,0,0,4506,,0,2,1,
2026-09-12T19:31:55.908Z,85814984000000,4296938,19161,-44006,-44014,,-32668,-36047,-36047,18024,2,2,-36047,-36047,0,1,1,0,,0,3,3,0,3,4,0,0,3379,,0,2,1,
2026-09-12T19:31:56.013Z,85815093000000,4297043,19162,-44006,-44013,,-32668,-37174,-37174,18024,2,2,-37174,-37174,0,1,1,0,,0,3,3,0,3,4,0,0,4506,,0,2,1,
2026-09-12T19:31:56.118Z,85815187000000,4297147,19163,-44015,-44012,,-32668,-38300,-38300,18024,2,2,-38300,-38300,0,1,1,0,,0,3,3,0,3,4,0,0,5632,,0,2,1,
2026-09-12T19:31:56.222Z,85815296000000,4297253,19164,-43997,-44011,,-32668,-39427,-39427,18024,2,2,-39427,-39427,0,1,1,0,,0,3,3,0,3,4,0,0,6759,,0,2,1,
2026-09-12T19:31:56.326Z,85815406000000,4297357,19165,-43998,-44009,,-32668,-41680,-41680,18024,2,2,-41680,-41680,0,1,1,0,,0,3,3,0,3,4,0,0,9012,,0,2,1,
2026-09-12T19:31:56.431Z,85815500000000,4297461,19166,-44015,-44008,,-32668,-42806,-42806,18024,2,2,-42806,-42806,0,1,1,0,,0,3,3,0,3,4,0,0,9012,,0,2,1,
2026-09-12T19:31:56.623Z,85815703000000,4297566,19167,-44012,-44009,,-40553,-41680,-41680,18024,2,2,-41680,-41680,0,1,1,0,,0,3,3,0,3,4,0,0,7885,,0,2,1,
2026-09-12T19:31:56.727Z,85815796000000,4297764,19169,-44010,-44010,,-40553,-40553,-40553,18024,2,2,-40553,-40553,0,1,1,0,,0,3,3,0,3,4,0,0,5632,,0,2,1,
2026-09-12T19:31:56.831Z,85815906000000,4297862,19170,-43999,-44010,,-40553,-40553,-40553,18024,2,2,-40553,-40553,0,1,1,0,,0,3,3,0,3,4,0,0,4506,,0,2,1,
2026-09-12T19:31:56.937Z,85816015000000,4297966,19171,-44010,-44010,,-40553,-40553,-40553,18024,2,2,-40553,-40553,0,1,1,0,,0,3,3,0,3,4,0,0,3379,,0,2,1,
2026-09-12T19:31:57.042Z,85816109000000,4298072,19172,-44014,-44010,,-40553,-40553,-40553,18024,2,2,-40553,-40553,0,1,1,0,,0,3,3,0,3,4,0,0,2253,,0,2,1,
2026-09-12T19:31:57.147Z,85816218000000,4298177,19173,-44014,-44011,,-40553,-39427,-39427,18024,2,2,-39427,-39427,0,1,1,0,,0,3,3,0,3,4,0,0,3379,,0,2,1,
2026-09-12T19:31:57.251Z,85816328000000,4298281,19174,-44015,-44011,,-40553,-39427,-39427,18024,2,2,-39427,-39427,0,1,1,0,,0,3,3,0,3,4,0,0,2253,,0,2,1,
2026-09-12T19:31:57.355Z,85816421000000,4298386,19175,-44020,-44012,,-40553,-38300,-38300,18024,2,2,-38300,-38300,0,1,1,0,,0,3,3,0,3,4,0,0,2253,,0,2,1,
2026-09-12T19:31:57.461Z,85816531000000,4298490,19176,-44023,-44013,,-40553,-37174,-37174,18024,2,2,-37174,-37174,0,1,1,0,,0,3,3,0,3,4,0,0,3379,,0,2,1,
2026-09-12T19:31:57.653Z,85816718000000,4298596,19177,-44020,-44014,,-33794,-36047,-36047,18024,2,2,-36047,-36047,0,1,1,0,,0,3,3,0,3,4,0,0,4506,,0,2,1,
2026-09-12T19:31:57.757Z,85816828000000,4298743,19179,-44022,-44016,,-33794,-33794,-33794,18024,2,2,-33794,-33794,0,1,1,0,,0,3,3,0,3,4,0,0,6759,,0,2,1,
2026-09-12T19:31:57.862Z,85816937000000,4298892,19180,-44022,-44017,,-33794,-32668,-32668,18024,2,2,-32668,-32668,0,1,1,0,,0,3,3,0,3,4,0,0,6759,,0,2,1,
2026-09-12T19:31:57.966Z,85817046000000,4298996,19181,-44013,-44018,,-33794,-31541,-31541,18024,2,2,-31541,-31541,0,1,1,0,,0,3,3,0,3,4,0,0,7886,,0,2,1,
2026-09-12T19:31:58.071Z,85817140000000,4299101,19182,-44002,-44017,,-33794,-32668,-32668,18024,2,2,-32668,-32668,0,1,1,0,,0,3,3,0,3,4,0,0,6759,,0,2,1,
2026-09-12T19:31:58.175Z,85817250000000,4299206,19183,-44009,-44016,,-33794,-33794,-33794,18024,2,2,-33794,-33794,0,1,1,0,,0,3,3,0,3,4,0,0,5633,,0,2,1,
2026-09-12T19:31:58.279Z,85817359000000,4299310,19184,-44009,-44015,,-33794,-34921,-34921,18024,2,2,-34921,-34921,0,1,1,0,,0,3,3,0,3,4,0,0,4506,,0,2,1,
2026-09-12T19:31:58.383Z,85817453000000,4299431,19186,-44020,-44014,,-33794,-36047,-36047,18024,2,2,-36047,-36047,0,1,1,0,,0,3,3,0,3,4,0,0,4506,,0,2,1,
2026-09-12T19:31:58.485Z,85817562000000,4299531,19187,-44018,-44015,,-33794,-34921,-34921,18024,2,2,-34921,-34921,0,1,1,0,,0,3,3,0,3,4,0,0,4506,,0,2,1,
2026-09-12T19:31:58.673Z,85817750000000,4299631,19188,-44020,-44016,,-33794,-33794,-33794,18024,2,2,-33794,-33794,0,1,1,0,,0,3,3,0,3,4,0,0,4506,,0,2,1,
2026-09-12T19:31:58.778Z,85817843000000,4299731,19189,-44011,-44016,,-33794,-33794,-33794,18024,2,2,-33794,-33794,0,1,1,0,,0,3,3,0,3,4,0,0,3379,,0,2,1,
2026-09-12T19:31:58.883Z,85817953000000,4299932,19191,-44009,-44014,,-33794,-36047,-36047,18024,2,2,-36047,-36047,0,1,1,0,,0,3,3,0,3,4,0,0,2253,,0,2,1,
2026-09-12T19:31:58.986Z,85818062000000,4300032,19192,-44017,-44013,,-33794,-37174,-37174,18024,2,2,-37174,-37174,0,1,1,0,,0,3,3,0,3,4,0,0,3380,,0,2,1,
2026-09-12T19:31:59.089Z,85818156000000,4300132,19193,-44018,-44014,,-33794,-36047,-36047,18024,2,2,-36047,-36047,0,1,1,0,,0,3,3,0,3,4,0,0,3380,,0,2,1,
2026-09-12T19:31:59.191Z,85818265000000,4300232,19194,-44006,-44014,,-33794,-36047,-36047,18024,2,2,-36047,-36047,0,1,1,0,,0,3,3,0,3,4,0,0,3380,,0,2,1,
2026-09-12T19:31:59.294Z,85818375000000,4300332,19195,-44010,-44013,,-33794,-37174,-37174,18024,2,2,-37174,-37174,0,1,1,0,,0,3,3,0,3,4,0,0,3380,,0,2,1,
2026-09-12T19:31:59.399Z,85818468000000,4300432,19196,-44012,-44013,,-33794,-37174,-37174,18024,2,2,-37174,-37174,0,1,1,0,,0,3,3,0,3,4,0,0,3380,,0,2,1,
2026-09-12T19:31:59.504Z,85818578000000,4300534,19197,-44003,-44013,,-33794,-37174,-37174,18024,2,2,-37174,-37174,0,1,1,0,,0,3,3,0,3,4,0,0,2253,,0,2,1,
2026-09-12T19:31:59.694Z,85818765000000,4300638,19198,-44012,-44013,,-38300,-37174,-37174,18024,2,2,-37174,-37174,0,1,1,0,,0,3,3,0,3,4,0,0,1127,,0,2,1,
2026-09-12T19:31:59.800Z,85818875000000,4300835,19200,-44004,-44011,,-38300,-39427,-39427,18024,2,2,-39427,-39427,0,1,1,0,,0,3,3,0,3,4,0,0,3380,,0,2,1,
2026-09-12T19:31:59.905Z,85818984000000,4300934,19201,-44008,-44010,,-38300,-40553,-40553,18024,2,2,-40553,-40553,0,1,1,0,,0,3,3,0,3,4,0,0,4506,,0,2,1,
2026-09-12T19:32:00.009Z,85819078000000,4301040,19202,-44040,-44010,,-38300,-40553,-40553,18024,2,2,-40553,-40553,0,1,1,0,,0,3,3,0,3,4,0,0,3379,,0,2,1,
2026-09-12T19:32:00.114Z,85819187000000,4301144,19203,-44011,-44010,,-38300,-40553,-40553,18024,2,2,-40553,-40553,0,1,1,0,,0,3,3,0,3,4,0,0,3379,,0,2,1,
2026-09-12T19:32:00.218Z,85819296000000,4301249,19204,-43996,-44010,,-38300,-40553,-40553,18024,2,2,-40553,-40553,0,1,1,0,,0,3,3,0,3,4,0,0,3379,,0,2,1,
2026-09-12T19:32:00.321Z,85819390000000,4301353,19205,-43998,-44008,,-38300,-42806,-42806,18024,2,2,-42806,-42806,0,1,1,0,,0,3,3,0,3,4,0,0,5632,,0,2,1,
2026-09-12T19:32:00.426Z,85819500000000,4301457,19206,-44014,-44007,,-38300,-43933,-43933,18024,2,2,-43933,-43933,0,1,1,0,,0,3,3,0,3,4,0,0,5633,,0,2,1,
2026-09-12T19:32:00.530Z,85819609000000,4301561,19207,-44027,-44008,,-38300,-42806,-42806,18024,2,2,-42806,-42806,0,1,1,0,,0,3,3,0,3,4,0,0,4506,,0,2,1,
2026-09-12T19:32:00.722Z,85819796000000,4301665,19208,-44012,-44009,,-41680,-41680,-41680,18024,2,2,-41680,-41680,0,1,1,0,,0,3,3,0,3,4,0,0,3380,,0,2,1,
2026-09-12T19:32:00.826Z,85819906000000,4301863,19210,-44005,-44009,,-41680,-41680,-41680,18024,2,2,-41680,-41680,0,1,1,0,,0,3,3,0,3,4,0,0,3380,,0,2,1,
2026-09-12T19:32:00.930Z,85820000000000,4301961,19211,-44024,-44009,,-41680,-41680,-41680,18024,2,2,-41680,-41680,0,1,1,0,,0,3,3,0,3,4,0,0,3380,,0,2,1,
2026-09-12T19:32:01.034Z,85820109000000,4302066,19212,-44011,-44009,,-41680,-41680,-41680,18024,2,2,-41680,-41680,0,1,1,0,,0,3,3,0,3,4,0,0,2253,,0,2,1,
2026-09-12T19:32:01.139Z,85820218000000,4302169,19213,-44000,-44009,,-41680,-41680,-41680,18024,2,2,-41680,-41680,0,1,1,0,,0,3,3,0,3,4,0,0,2253,,0,2,1,
2026-09-12T19:32:01.244Z,85820312000000,4302274,19214,-44011,-44009,,-41680,-41680,-41680,18024,2,2,-41680,-41680,0,1,1,0,,0,3,3,0,3,4,0,0,1126,,0,2,1,
2026-09-12T19:32:01.348Z,85820421000000,4302378,19215,-44020,-44009,,-41680,-41680,-41680,18024,2,2,-41680,-41680,0,1,1,0,,0,3,3,0,3,4,0,0,0,,0,2,1,
2026-09-12T19:32:01.453Z,85820531000000,4302483,19216,-43999,-44009,,-41680,-41680,-41680,18024,2,2,-41680,-41680,0,1,1,0,,0,3,3,0,3,4,0,0,0,,0,2,1,
2026-09-12T19:32:01.558Z,85820625000000,4302587,19217,-43999,-44008,,-41680,-42806,-42806,18024,2,2,-42806,-42806,0,1,1,0,,0,3,3,0,3,4,0,0,1126,,0,2,1,
2026-09-12T19:32:01.749Z,85820828000000,4302692,19218,-44004,-44007,,-43933,-43933,-43933,18024,2,2,-43933,-43933,0,1,1,0,,0,3,3,0,3,4,0,0,2253,,0,2,1,
2026-09-12T19:32:01.855Z,85820921000000,4302839,19220,-43995,-44007,,-43933,-43933,-43933,18024,2,2,-43933,-43933,0,1,1,0,,0,3,3,0,3,4,0,0,2253,,0,2,1,
2026-09-12T19:32:01.960Z,85821031000000,4302989,19221,-44017,-44007,,-43933,-43933,-43933,18024,2,2,-43933,-43933,0,1,1,0,,0,3,3,0,3,4,0,0,2253,,0,2,1,
2026-09-12T19:32:02.064Z,85821140000000,4303095,19222,-44026,-44008,,-43933,-42806,-42806,18024,2,2,-42806,-42806,0,1,1,0,,0,3,3,0,3,4,0,0,2253,,0,2,1,
2026-09-12T19:32:02.168Z,85821234000000,4303199,19223,-44013,-44009,,-43933,-41680,-41680,18024,2,2,-41680,-41680,0,1,1,0,,0,3,3,0,3,4,0,0,2253,,0,2,1,
2026-09-12T19:32:02.274Z,85821343000000,4303304,19224,-44024,-44011,,-43933,-39427,-39427,18024,2,2,-39427,-39427,0,1,1,0,,0,3,3,0,3,4,0,0,4506,,0,2,1,
2026-09-12T19:32:02.379Z,85821453000000,4303408,19225,-44024,-44013,,-43933,-37174,-37174,18024,2,2,-37174,-37174,0,1,1,0,,0,3,3,0,3,4,0,0,6759,,0,2,1,
2026-09-12T19:32:02.484Z,85821562000000,4303515,19226,-44030,-44014,,-43933,-36047,-36047,18024,2,2,-36047,-36047,0,1,1,0,,0,3,3,0,3,4,0,0,7886,,0,2,1,
2026-09-12T19:32:02.587Z,85821656000000,4303637,19228,-44017,-44018,,-43933,-31541,-31541,18024,2,2,-31541,-31541,0,1,1,0,,0,3,3,0,3,4,0,0,12392,,0,2,1,
2026-09-12T19:32:02.775Z,85821843000000,4303738,19229,-44000,-44018,,-33794,-31541,-31541,18024,2,2,-31541,-31541,0,1,1,0,,0,3,3,0,3,4,0,0,11265,,0,2,1,
2026-09-12T19:32:02.880Z,85821953000000,4303838,19230,-44002,-44016,,-33794,-33794,-33794,18024,2,2,-33794,-33794,0,1,1,0,,0,3,3,0,3,4,0,0,10139,,0,2,1,
2026-09-12T19:32:02.984Z,85822062000000,4304015,19231,-43997,-44014,,-33794,-36047,-36047,18024,2,2,-36047,-36047,0,1,1,0,,0,3,3,0,3,4,0,0,7886,,0,2,1,
2026-09-12T19:32:03.089Z,85822156000000,4304138,19233,-44007,-44011,,-33794,-39427,-39427,18024,2,2,-39427,-39427,0,1,1,0,,0,3,3,0,3,4,0,0,7886,,0,2,1,
2026-09-12T19:32:03.191Z,85822265000000,4304239,19234,-44015,-44011,,-33794,-39427,-39427,18024,2,2,-39427,-39427,0,1,1,0,,0,3,3,0,3,4,0,0,7886,,0,2,1,
2026-09-12T19:32:03.295Z,85822375000000,4304339,19235,-44018,-44012,,-33794,-38300,-38300,18024,2,2,-38300,-38300,0,1,1,0,,0,3,3,0,3,4,0,0,7886,,0,2,1,
2026-09-12T19:32:03.398Z,85822468000000,4304439,19236,-44008,-44012,,-33794,-38300,-38300,18024,2,2,-38300,-38300,0,1,1,0,,0,3,3,0,3,4,0,0,7886,,0,2,1,
2026-09-12T19:32:03.501Z,85822578000000,4304539,19237,-43999,-44011,,-33794,-39427,-39427,18024,2,2,-39427,-39427,0,1,1,0,,0,3,3,0,3,4,0,0,5633,,0,2,1,
2026-09-12T19:32:03.605Z,85822671000000,4304639,19238,-44006,-44010,,-33794,-40553,-40553,18024,2,2,-40553,-40553,0,1,1,0,,0,3,3,0,3,4,0,0,4506,,0,2,1,
2026-09-12T19:32:03.795Z,85822875000000,4304740,19239,-44010,-44009,,-41680,-41680,-41680,18024,2,2,-41680,-41680,0,1,1,0,,0,3,3,0,3,4,0,0,3380,,0,2,1,
2026-09-12T19:32:03.899Z,85822968000000,4304939,19241,-44015,-44010,,-41680,-40553,-40553,18024,2,2,-40553,-40553,0,1,1,0,,0,3,3,0,3,4,0,0,3380,,0,2,1,
2026-09-12T19:32:04.004Z,85823078000000,4305040,19242,-44009,-44011,,-41680,-39427,-39427,18024,2,2,-39427,-39427,0,1,1,0,,0,3,3,0,3,4,0,0,3380,,0,2,1,
2026-09-12T19:32:04.108Z,85823187000000,4305140,19243,-44002,-44011,,-41680,-39427,-39427,18024,2,2,-39427,-39427,0,1,1,0,,0,3,3,0,3,4,0,0,3380,,0,2,1,
2026-09-12T19:32:04.213Z,85823281000000,4305244,19244,-43999,-44010,,-41680,-40553,-40553,18024,2,2,-40553,-40553,0,1,1,0,,0,3,3,0,3,4,0,0,2253,,0,2,1,
2026-09-12T19:32:04.317Z,85823390000000,4305348,19245,-44004,-44009,,-41680,-41680,-41680,18024,2,2,-41680,-41680,0,1,1,0,,0,3,3,0,3,4,0,0,2253,,0,2,1,
2026-09-12T19:32:04.422Z,85823500000000,4305452,19246,-43999,-44008,,-41680,-42806,-42806,18024,2,2,-42806,-42806,0,1,1,0,,0,3,3,0,3,4,0,0,3379,,0,2,1,
2026-09-12T19:32:04.526Z,85823593000000,4305557,19247,-44002,-44007,,-41680,-43933,-43933,18024,2,2,-43933,-43933,0,1,1,0,,0,3,3,0,3,4,0,0,4506,,0,2,1,
2026-09-12T19:32:04.631Z,85823703000000,4305661,19248,-44013,-44006,,-41680,-45059,-45059,18024,2,2,-45059,-45059,0,1,1,0,,0,3,3,0,3,4,0,0,5632,,0,2,1,
2026-09-12T19:32:04.823Z,85823890000000,4305767,19249,-44027,-44007,,-42806,-43933,-43933,18024,2,2,-43933,-43933,0,1,1,0,,0,3,3,0,3,4,0,0,5632,,0,2,1,
2026-09-12T19:32:04.928Z,85824000000000,4305964,19251,-44015,-44009,,-42806,-41680,-41680,18024,2,2,-41680,-41680,0,1,1,0,,0,3,3,0,3,4,0,0,4506,,0,2,1,
2026-09-12T19:32:05.032Z,85824109000000,4306063,19252,-44015,-44010,,-42806,-40553,-40553,18024,2,2,-40553,-40553,0,1,1,0,,0,3,3,0,3,4,0,0,4506,,0,2,1,
2026-09-12T19:32:05.136Z,85824203000000,4306167,19253,-44018,-44011,,-42806,-39427,-39427,18024,2,2,-39427,-39427,0,1,1,0,,0,3,3,0,3,4,0,0,5632,,0,2,1,
2026-09-12T19:32:05.240Z,85824312000000,4306272,19254,-44031,-44012,,-42806,-38300,-38300,18024,2,2,-38300,-38300,0,1,1,0,,0,3,3,0,3,4,0,0,6759,,0,2,1,
2026-09-12T19:32:05.344Z,85824421000000,4306376,19255,-44005,-44013,,-42806,-37174,-37174,18024,2,2,-37174,-37174,0,1,1,0,,0,3,3,0,3,4,0,0,7885,,0,2,1,
2026-09-12T19:32:05.450Z,85824515000000,4306480,19256,-44001,-44012,,-42806,-38300,-38300,18024,2,2,-38300,-38300,0,1,1,0,,0,3,3,0,3,4,0,0,6759,,0,2,1,
2026-09-12T19:32:05.554Z,85824625000000,4306586,19257,-44011,-44011,,-42806,-39427,-39427,18024,2,2,-39427,-39427,0,1,1,0,,0,3,3,0,3,4,0,0,5632,,0,2,1,
2026-09-12T19:32:05.658Z,85824734000000,4306690,19258,-44023,-44011,,-42806,-39427,-39427,18024,2,2,-39427,-39427,0,1,1,0,,0,3,3,0,3,4,0,0,4506,,0,2,1,
2026-09-12T19:32:05.849Z,85824921000000,4306794,19259,-44027,-44013,,-32668,-37174,-37174,18024,2,2,-37174,-37174,0,1,1,0,,0,3,3,0,3,4,0,0,3379,,0,2,1,
2026-09-12T19:32:05.955Z,85825031000000,4306943,19261,-44018,-44017,,-32668,-32668,-32668,18024,2,2,-32668,-32668,0,1,1,0,,0,3,3,0,3,4,0,0,6759,,0,2,1,
2026-09-12T19:32:06.059Z,85825125000000,4307089,19262,-44005,-44017,,-32668,-32668,-32668,18024,2,2,-32668,-32668,0,1,1,0,,0,3,3,0,3,4,0,0,6759,,0,2,1,
2026-09-12T19:32:06.164Z,85825234000000,4307194,19263,-44014,-44017,,-32668,-32668,-32668,18024,2,2,-32668,-32668,0,1,1,0,,0,3,3,0,3,4,0,0,6759,,0,2,1,
2026-09-12T19:32:06.269Z,85825343000000,4307299,19264,-44021,-44017,,-32668,-32668,-32668,18024,2,2,-32668,-32668,0,1,1,0,,0,3,3,0,3,4,0,0,6759,,0,2,1,
2026-09-12T19:32:06.374Z,85825453000000,4307403,19265,-44009,-44017,,-32668,-32668,-32668,18024,2,2,-32668,-32668,0,1,1,0,,0,3,3,0,3,4,0,0,6759,,0,2,1,
2026-09-12T19:32:06.479Z,85825546000000,4307510,19266,-44011,-44016,,-32668,-33794,-33794,18024,2,2,-33794,-33794,0,1,1,0,,0,3,3,0,3,4,0,0,4506,,0,2,1,
2026-09-12T19:32:06.584Z,85825656000000,4307614,19267,-44012,-44015,,-32668,-34921,-34921,18024,2,2,-34921,-34921,0,1,1,0,,0,3,3,0,3,4,0,0,2253,,0,2,1,
2026-09-12T19:32:06.689Z,85825765000000,4307718,19268,-44021,-44015,,-32668,-34921,-34921,18024,2,2,-34921,-34921,0,1,1,0,,0,3,3,0,3,4,0,0,2253,,0,2,1,
2026-09-12T19:32:06.880Z,85825953000000,4307823,19269,-44016,-44015,,-36047,-34921,-34921,18024,2,2,-34921,-34921,0,1,1,0,,0,3,3,0,3,4,0,0,2253,,0,2,1,
2026-09-12T19:32:06.985Z,85826062000000,4307945,19271,-44003,-44014,,-36047,-36047,-36047,18024,2,2,-36047,-36047,0,1,1,0,,0,3,3,0,3,4,0,0,3379,,0,2,1,
2026-09-12T19:32:07.089Z,85826156000000,4308120,19272,-44000,-44013,,-36047,-37174,-37174,18024,2,2,-37174,-37174,0,1,1,0,,0,3,3,0,3,4,0,0,4506,,0,2,1,
2026-09-12T19:32:07.193Z,85826265000000,4308224,19273,-44012,-44012,,-36047,-38300,-38300,18024,2,2,-38300,-38300,0,1,1,0,,0,3,3,0,3,4,0,0,4506,,0,2,1,
2026-09-12T19:32:07.297Z,85826375000000,4308346,19275,-44001,-44012,,-36047,-38300,-38300,18024,2,2,-38300,-38300,0,1,1,0,,0,3,3,0,3,4,0,0,3379,,0,2,1,
2026-09-12T19:32:07.400Z,85826468000000,4308446,19276,-44000,-44011,,-36047,-39427,-39427,18024,2,2,-39427,-39427,0,1,1,0,,0,3,3,0,3,4,0,0,4506,,0,2,1,
2026-09-12T19:32:07.503Z,85826578000000,4308546,19277,-44019,-44010,,-36047,-40553,-40553,18024,2,2,-40553,-40553,0,1,1,0,,0,3,3,0,3,4,0,0,5632,,0,2,1,
2026-09-12T19:32:07.606Z,85826671000000,4308646,19278,-44022,-44011,,-36047,-39427,-39427,18024,2,2,-39427,-39427,0,1,1,0,,0,3,3,0,3,4,0,0,4506,,0,2,1,
2026-09-12T19:32:07.708Z,85826781000000,4308746,19279,-44025,-44012,,-36047,-38300,-38300,18024,2,2,-38300,-38300,0,1,1,0,,0,3,3,0,3,4,0,0,3379,,0,2,1,
2026-09-12T19:32:07.902Z,85826968000000,4308846,19280,-44027,-44014,,-33794,-36047,-36047,18024,2,2,-36047,-36047,0,1,1,0,,0,3,3,0,3,4,0,0,4506,,0,2,1,
2026-09-12T19:32:08.005Z,85827078000000,4309047,19282,-44030,-44018,,-33794,-31541,-31541,18024,2,2,-31541,-31541,0,1,1,0,,0,3,3,0,3,4,0,0,9012,,0,2,1,
2026-09-12T19:32:08.108Z,85827187000000,4309147,19283,-44010,-44020,,-33794,-29288,-29288,18024,2,2,-29288,-29288,0,1,1,0,,0,3,3,0,3,4,0,0,11265,,0,2,1,
2026-09-12T19:32:08.213Z,85827281000000,4309247,19284,-44016,-44019,,-33794,-30415,-30415,18024,2,2,-30415,-30415,0,1,1,0,,0,3,3,0,3,4,0,0,11265,,0,2,1,
2026-09-12T19:32:08.317Z,85827390000000,4309348,19285,-44013,-44018,,-33794,-31541,-31541,18024,2,2,-31541,-31541,0,1,1,0,,0,3,3,0,3,4,0,0,10139,,0,2,1,
2026-09-12T19:32:08.422Z,85827500000000,4309453,19286,-44013,-44017,,-33794,-32668,-32668,18024,2,2,-32668,-32668,0,1,1,0,,0,3,3,0,3,4,0,0,9012,,0,2,1,
2026-09-12T19:32:08.527Z,85827593000000,4309558,19287,-44012,-44016,,-33794,-33794,-33794,18024,2,2,-33794,-33794,0,1,1,0,,0,3,3,0,3,4,0,0,6759,,0,2,1,
2026-09-12T19:32:08.630Z,85827703000000,4309662,19288,-44013,-44016,,-33794,-33794,-33794,18024,2,2,-33794,-33794,0,1,1,0,,0,3,3,0,3,4,0,0,4506,,0,2,1,
2026-09-12T19:32:08.735Z,85827812000000,4309766,19289,-44018,-44016,,-33794,-33794,-33794,18024,2,2,-33794,-33794,0,1,1,0,,0,3,3,0,3,4,0,0,4506,,0,2,1,
2026-09-12T19:32:08.928Z,85828000000000,4309871,19290,-44020,-44016,,-33794,-33794,-33794,18024,2,2,-33794,-33794,0,1,1,0,,0,3,3,0,3,4,0,0,4506,,0,2,1,
2026-09-12T19:32:09.033Z,85828109000000,4310069,19292,-44019,-44016,,-33794,-33794,-33794,18024,2,2,-33794,-33794,0,1,1,0,,0,3,3,0,3,4,0,0,2253,,0,2,1,
2026-09-12T19:32:09.137Z,85828203000000,4310168,19293,-44023,-44016,,-33794,-33794,-33794,18024,2,2,-33794,-33794,0,1,1,0,,0,3,3,0,3,4,0,0,1126,,0,2,1,
2026-09-12T19:32:09.241Z,85828312000000,4310273,19294,-44022,-44017,,-33794,-32668,-32668,18024,2,2,-32668,-32668,0,1,1,0,,0,3,3,0,3,4,0,0,1126,,0,2,1,
2026-09-12T19:32:09.346Z,85828421000000,4310377,19295,-44040,-44018,,-33794,-31541,-31541,18024,2,2,-31541,-31541,0,1,1,0,,0,3,3,0,3,4,0,0,2253,,0,2,1,
2026-09-12T19:32:09.451Z,85828531000000,4310481,19296,-44042,-44021,,-33794,-28162,-28162,18024,2,2,-28162,-28162,0,1,1,0,,0,3,3,0,3,4,0,0,5632,,0,2,1,
2026-09-12T19:32:09.556Z,85828625000000,4310587,19297,-44026,-44023,,-33794,-25909,-25909,18024,2,2,-25909,-25909,0,1,1,0,,0,3,3,0,3,4,0,0,7885,,0,2,1,
2026-09-12T19:32:09.661Z,85828734000000,4310692,19298,-44034,-44024,,-33794,-24783,-24783,18024,2,2,-24783,-24783,0,1,1,0,,0,3,3,0,3,4,0,0,9011,,0,2,1,
2026-09-12T19:32:09.766Z,85828843000000,4310797,19299,-44033,-44025,,-33794,-23656,-23656,18024,2,2,-23656,-23656,0,1,1,0,,0,3,3,0,3,4,0,0,10138,,0,2,1,
2026-09-12T19:32:09.959Z,85829031000000,4310901,19300,-44033,-44026,,-22530,-22530,-22530,18024,2,2,-22530,-22530,0,1,1,0,,0,3,3,0,3,4,0,0,11264,,0,2,1,
2026-09-12T19:32:10.063Z,85829140000000,4311050,19302,-44020,-44026,,-22530,-22530,-22530,18024,2,2,-22530,-22530,0,1,1,0,,0,3,3,0,3,4,0,0,10138,,0,2,1,
2026-09-12T19:32:10.167Z,85829234000000,4311198,19303,-44030,-44025,,-22530,-23656,-23656,18024,2,2,-23656,-23656,0,1,1,0,,0,3,3,0,3,4,0,0,6759,,0,2,1,
2026-09-12T19:32:10.272Z,85829343000000,4311303,19304,-44027,-44025,,-22530,-23656,-23656,18024,2,2,-23656,-23656,0,1,1,0,,0,3,3,0,3,4,0,0,4506,,0,2,1,
2026-09-12T19:32:10.378Z,85829453000000,4311408,19305,-44017,-44025,,-22530,-23656,-23656,18024,2,2,-23656,-23656,0,1,1,0,,0,3,3,0,3,4,0,0,3380,,0,2,1,
2026-09-12T19:32:10.483Z,85829562000000,4311513,19306,-44022,-44025,,-22530,-23656,-23656,18024,2,2,-23656,-23656,0,1,1,0,,0,3,3,0,3,4,0,0,2253,,0,2,1,
2026-09-12T19:32:10.587Z,85829656000000,4311618,19307,-44021,-44024,,-22530,-24783,-24783,18024,2,2,-24783,-24783,0,1,1,0,,0,3,3,0,3,4,0,0,3380,,0,2,1,
2026-09-12T19:32:10.691Z,85829765000000,4311722,19308,-44008,-44024,,-22530,-24783,-24783,18024,2,2,-24783,-24783,0,1,1,0,,0,3,3,0,3,4,0,0,3380,,0,2,1,
2026-09-12T19:32:10.795Z,85829875000000,4311827,19309,-44036,-44024,,-22530,-24783,-24783,18024,2,2,-24783,-24783,0,1,1,0,,0,3,3,0,3,4,0,0,2253,,0,2,1,
2026-09-12T19:32:10.986Z,85830062000000,4311930,19310,-44035,-44025,,-22530,-23656,-23656,18024,2,2,-23656,-23656,0,1,1,0,,0,3,3,0,3,4,0,0,1127,,0,2,1,
2026-09-12T19:32:11.091Z,85830156000000,4312052,19312,-44023,-44026,,-22530,-22530,-22530,18024,2,2,-22530,-22530,0,1,1,0,,0,3,3,0,3,4,0,0,2253,,0,2,1,
2026-09-12T19:32:11.194Z,85830265000000,4312227,19313,-44034,-44026,,-22530,-22530,-22530,18024,2,2,-22530,-22530,0,1,1,0,,0,3,3,0,3,4,0,0,2253,,0,2,1,
2026-09-12T19:32:11.299Z,85830375000000,4312330,19314,-44023,-44026,,-22530,-22530,-22530,18024,2,2,-22530,-22530,0,1,1,0,,0,3,3,0,3,4,0,0,2253,,0,2,1,
2026-09-12T19:32:11.404Z,85830484000000,4312453,19316,-44040,-44028,,-22530,-20277,-20277,18024,2,2,-20277,-20277,0,1,1,0,,0,3,3,0,3,4,0,0,4506,,0,2,1,
2026-09-12T19:32:11.507Z,85830578000000,4312553,19317,-44025,-44029,,-22530,-19150,-19150,18024,2,2,-19150,-19150,0,1,1,0,,0,3,3,0,3,4,0,0,4506,,0,2,1,
2026-09-12T19:32:11.609Z,85830687000000,4312653,19318,-44019,-44028,,-22530,-20277,-20277,18024,2,2,-20277,-20277,0,1,1,0,,0,3,3,0,3,4,0,0,3380,,0,2,1,
2026-09-12T19:32:11.713Z,85830781000000,4312753,19319,-44012,-44027,,-22530,-21403,-21403,18024,2,2,-21403,-21403,0,1,1,0,,0,3,3,0,3,4,0,0,3380,,0,2,1,
2026-09-12T19:32:11.815Z,85830890000000,4312853,19320,-44007,-44025,,-22530,-23656,-23656,18024,2,2,-23656,-23656,0,1,1,0,,0,3,3,0,3,4,0,0,4506,,0,2,1,
2026-09-12T19:32:12.007Z,85831078000000,4312953,19321,-44010,-44023,,-28162,-25909,-25909,18024,2,2,-25909,-25909,0,1,1,0,,0,3,3,0,3,4,0,0,6759,,0,2,1,
2026-09-12T19:32:12.110Z,85831187000000,4313154,19323,-44021,-44020,,-28162,-29288,-29288,18024,2,2,-29288,-29288,0,1,1,0,,0,3,3,0,3,4,0,0,10138,,0,2,1,
2026-09-12T19:32:12.213Z,85831281000000,4313254,19324,-44030,-44020,,-28162,-29288,-29288,18024,2,2,-29288,-29288,0,1,1,0,,0,3,3,0,3,4,0,0,10138,,0,2,1,
2026-09-12T19:32:12.316Z,85831390000000,4313354,19325,-44022,-44020,,-28162,-29288,-29288,18024,2,2,-29288,-29288,0,1,1,0,,0,3,3,0,3,4,0,0,9011,,0,2,1,
2026-09-12T19:32:12.421Z,85831500000000,4313454,19326,-44025,-44021,,-28162,-28162,-28162,18024,2,2,-28162,-28162,0,1,1,0,,0,3,3,0,3,4,0,0,7885,,0,2,1,
2026-09-12T19:32:12.525Z,85831593000000,4313556,19327,-44033,-44022,,-28162,-27035,-27035,18024,2,2,-27035,-27035,0,1,1,0,,0,3,3,0,3,4,0,0,5632,,0,2,1,
2026-09-12T19:32:12.630Z,85831703000000,4313661,19328,-44029,-44023,,-28162,-25909,-25909,18024,2,2,-25909,-25909,0,1,1,0,,0,3,3,0,3,4,0,0,3379,,0,2,1,
2026-09-12T19:32:12.733Z,85831812000000,4313766,19329,-44036,-44024,,-28162,-24783,-24783,18024,2,2,-24783,-24783,0,1,1,0,,0,3,3,0,3,4,0,0,4505,,0,2,1,
2026-09-12T19:32:12.838Z,85831906000000,4313870,19330,-44034,-44025,,-28162,-23656,-23656,18024,2,2,-23656,-23656,0,1,1,0,,0,3,3,0,3,4,0,0,5632,,0,2,1,
2026-09-12T19:32:13.029Z,85832109000000,4313974,19331,-44013,-44026,,-24783,-22530,-22530,18024,2,2,-22530,-22530,0,1,1,0,,0,3,3,0,3,4,0,0,6758,,0,2,1,
2026-09-12T19:32:13.135Z,85832203000000,4314172,19333,-44012,-44022,,-24783,-27035,-27035,18024,2,2,-27035,-27035,0,1,1,0,,0,3,3,0,3,4,0,0,5632,,0,2,1,
2026-09-12T19:32:13.239Z,85832312000000,4314271,19334,-44008,-44020,,-24783,-29288,-29288,18024,2,2,-29288,-29288,0,1,1,0,,0,3,3,0,3,4,0,0,6758,,0,2,1,
2026-09-12T19:32:13.344Z,85832421000000,4314375,19335,-44033,-44019,,-24783,-30415,-30415,18024,2,2,-30415,-30415,0,1,1,0,,0,3,3,0,3,4,0,0,7885,,0,2,1,
2026-09-12T19:32:13.448Z,85832515000000,4314479,19336,-44032,-44021,,-24783,-28162,-28162,18024,2,2,-28162,-28162,0,1,1,0,,0,3,3,0,3,4,0,0,7885,,0,2,1,
2026-09-12T19:32:13.554Z,85832625000000,4314585,19337,-44043,-44023,,-24783,-25909,-25909,18024,2,2,-25909,-25909,0,1,1,0,,0,3,3,0,3,4,0,0,7885,,0,2,1,
2026-09-12T19:32:13.658Z,85832734000000,4314689,19338,-44019,-44024,,-24783,-24783,-24783,18024,2,2,-24783,-24783,0,1,1,0,,0,3,3,0,3,4,0,0,7885,,0,2,1,
2026-09-12T19:32:13.762Z,85832828000000,4314794,19339,-44025,-44024,,-24783,-24783,-24783,18024,2,2,-24783,-24783,0,1,1,0,,0,3,3,0,3,4,0,0,5632,,0,2,1,
2026-09-12T19:32:13.867Z,85832937000000,4314898,19340,-44021,-44024,,-24783,-24783,-24783,18024,2,2,-24783,-24783,0,1,1,0,,0,3,3,0,3,4,0,0,5632,,0,2,1,
2026-09-12T19:32:14.057Z,85833125000000,4315003,19341,-44017,-44024,,-27035,-24783,-24783,18024,2,2,-24783,-24783,0,1,1,0,,0,3,3,0,3,4,0,0,5632,,0,2,1,
2026-09-12T19:32:14.162Z,85833234000000,4315157,19343,-44033,-44022,,-27035,-27035,-27035,18024,2,2,-27035,-27035,0,1,1,0,,0,3,3,0,3,4,0,0,3379,,0,2,1,
2026-09-12T19:32:14.266Z,85833343000000,4315297,19344,-44039,-44023,,-27035,-25909,-25909,18024,2,2,-25909,-25909,0,1,1,0,,0,3,3,0,3,4,0,0,2252,,0,2,1,
2026-09-12T19:32:14.371Z,85833437000000,4315402,19345,-44009,-44024,,-27035,-24783,-24783,18024,2,2,-24783,-24783,0,1,1,0,,0,3,3,0,3,4,0,0,2252,,0,2,1,
2026-09-12T19:32:14.475Z,85833546000000,4315507,19346,-44019,-44023,,-27035,-25909,-25909,18024,2,2,-25909,-25909,0,1,1,0,,0,3,3,0,3,4,0,0,2252,,0,2,1,
2026-09-12T19:32:14.580Z,85833656000000,4315611,19347,-44026,-44022,,-27035,-27035,-27035,18024,2,2,-27035,-27035,0,1,1,0,,0,3,3,0,3,4,0,0,2252,,0,2,1,
2026-09-12T19:32:14.684Z,85833750000000,4315716,19348,-44014,-44022,,-27035,-27035,-27035,18024,2,2,-27035,-27035,0,1,1,0,,0,3,3,0,3,4,0,0,2252,,0,2,1,
2026-09-12T19:32:14.788Z,85833859000000,4315820,19349,-44011,-44021,,-27035,-28162,-28162,18024,2,2,-28162,-28162,0,1,1,0,,0,3,3,0,3,4,0,0,3379,,0,2,1,
2026-09-12T19:32:14.894Z,85833968000000,4315924,19350,-44017,-44020,,-27035,-29288,-29288,18024,2,2,-29288,-29288,0,1,1,0,,0,3,3,0,3,4,0,0,4505,,0,2,1,
2026-09-12T19:32:15.087Z,85834156000000,4316029,19351,-44024,-44020,,-31541,-29288,-29288,18024,2,2,-29288,-29288,0,1,1,0,,0,3,3,0,3,4,0,0,4505,,0,2,1,
2026-09-12T19:32:15.192Z,85834265000000,4316177,19353,-44001,-44018,,-31541,-31541,-31541,18024,2,2,-31541,-31541,0,1,1,0,,0,3,3,0,3,4,0,0,5632,,0,2,1,
2026-09-12T19:32:15.296Z,85834375000000,4316327,19354,-44007,-44016,,-31541,-33794,-33794,18024,2,2,-33794,-33794,0,1,1,0,,0,3,3,0,3,4,0,0,6759,,0,2,1,
2026-09-12T19:32:15.401Z,85834468000000,4316432,19355,-44020,-44015,,-31541,-34921,-34921,18024,2,2,-34921,-34921,0,1,1,0,,0,3,3,0,3,4,0,0,7886,,0,2,1,
2026-09-12T19:32:15.505Z,85834578000000,4316536,19356,-44025,-44016,,-31541,-33794,-33794,18024,2,2,-33794,-33794,0,1,1,0,,0,3,3,0,3,4,0,0,6759,,0,2,1,
2026-09-12T19:32:15.609Z,85834687000000,4316660,19358,-44019,-44017,,-31541,-32668,-32668,18024,2,2,-32668,-32668,0,1,1,0,,0,3,3,0,3,4,0,0,5633,,0,2,1,
2026-09-12T19:32:15.714Z,85834781000000,4316760,19359,-44027,-44017,,-31541,-32668,-32668,18024,2,2,-32668,-32668,0,1,1,0,,0,3,3,0,3,4,0,0,5633,,0,2,1,
2026-09-12T19:32:15.817Z,85834890000000,4316860,19360,-44010,-44017,,-31541,-32668,-32668,18024,2,2,-32668,-32668,0,1,1,0,,0,3,3,0,3,4,0,0,3380,,0,2,1,
2026-09-12T19:32:15.920Z,85835000000000,4316960,19361,-44014,-44017,,-31541,-32668,-32668,18024,2,2,-32668,-32668,0,1,1,0,,0,3,3,0,3,4,0,0,2253,,0,2,1,
2026-09-12T19:32:16.110Z,85835187000000,4317060,19362,-44027,-44017,,-31541,-32668,-32668,18024,2,2,-32668,-32668,0,1,1,0,,0,3,3,0,3,4,0,0,2253,,0,2,1,
2026-09-12T19:32:16.213Z,85835281000000,4317261,19364,-44011,-44019,,-31541,-30415,-30415,18024,2,2,-30415,-30415,0,1,1,0,,0,3,3,0,3,4,0,0,2253,,0,2,1,
2026-09-12T19:32:16.317Z,85835390000000,4317361,19365,-44013,-44018,,-31541,-31541,-31541,18024,2,2,-31541,-31541,0,1,1,0,,0,3,3,0,3,4,0,0,2253,,0,2,1,
2026-09-12T19:32:16.420Z,85835500000000,4317461,19366,-44016,-44017,,-31541,-32668,-32668,18024,2,2,-32668,-32668,0,1,1,0,,0,3,3,0,3,4,0,0,2253,,0,2,1,
2026-09-12T19:32:16.523Z,85835593000000,4317561,19367,-44022,-44017,,-31541,-32668,-32668,18024,2,2,-32668,-32668,0,1,1,0,,0,3,3,0,3,4,0,0,2253,,0,2,1,
2026-09-12T19:32:16.628Z,85835703000000,4317661,19368,-44037,-44018,,-31541,-31541,-31541,18024,2,2,-31541,-31541,0,1,1,0,,0,3,3,0,3,4,0,0,2253,,0,2,1,
2026-09-12T19:32:16.733Z,85835812000000,4317764,19369,-44023,-44019,,-31541,-30415,-30415,18024,2,2,-30415,-30415,0,1,1,0,,0,3,3,0,3,4,0,0,2253,,0,2,1,
2026-09-12T19:32:16.837Z,85835906000000,4317869,19370,-44017,-44020,,-31541,-29288,-29288,18024,2,2,-29288,-29288,0,1,1,0,,0,3,3,0,3,4,0,0,3380,,0,2,1,
2026-09-12T19:32:16.943Z,85836015000000,4317973,19371,-44024,-44020,,-31541,-29288,-29288,18024,2,2,-29288,-29288,0,1,1,0,,0,3,3,0,3,4,0,0,3380,,0,2,1,
2026-09-12T19:32:17.133Z,85836203000000,4318078,19372,-43998,-44020,,-32668,-29288,-29288,18024,2,2,-29288,-29288,0,1,1,0,,0,3,3,0,3,4,0,0,3380,,0,2,1,
2026-09-12T19:32:17.237Z,85836312000000,4318275,19374,-44013,-44015,,-32668,-34921,-34921,18024,2,2,-34921,-34921,0,1,1,0,,0,3,3,0,3,4,0,0,5633,,0,2,1,
2026-09-12T19:32:17.342Z,85836421000000,4318373,19375,-44022,-44015,,-32668,-34921,-34921,18024,2,2,-34921,-34921,0,1,1,0,,0,3,3,0,3,4,0,0,5633,,0,2,1,
2026-09-12T19:32:17.446Z,85836515000000,4318478,19376,-44021,-44016,,-32668,-33794,-33794,18024,2,2,-33794,-33794,0,1,1,0,,0,3,3,0,3,4,0,0,5633,,0,2,1,
2026-09-12T19:32:17.551Z,85836625000000,4318583,19377,-44005,-44017,,-32668,-32668,-32668,18024,2,2,-32668,-32668,0,1,1,0,,0,3,3,0,3,4,0,0,5633,,0,2,1,
2026-09-12T19:32:17.656Z,85836734000000,4318687,19378,-44012,-44016,,-32668,-33794,-33794,18024,2,2,-33794,-33794,0,1,1,0,,0,3,3,0,3,4,0,0,5633,,0,2,1,
2026-09-12T19:32:17.759Z,85836828000000,4318792,19379,-44030,-44015,,-32668,-34921,-34921,18024,2,2,-34921,-34921,0,1,1,0,,0,3,3,0,3,4,0,0,5633,,0,2,1,
2026-09-12T19:32:17.863Z,85836937000000,4318896,19380,-44023,-44016,,-32668,-33794,-33794,18024,2,2,-33794,-33794,0,1,1,0,,0,3,3,0,3,4,0,0,2253,,0,2,1,
2026-09-12T19:32:17.968Z,85837046000000,4319000,19381,-44015,-44017,,-32668,-32668,-32668,18024,2,2,-32668,-32668,0,1,1,0,,0,3,3,0,3,4,0,0,2253,,0,2,1,
2026-09-12T19:32:18.161Z,85837234000000,4319105,19382,-44027,-44018,,-30415,-31541,-31541,18024,2,2,-31541,-31541,0,1,1,0,,0,3,3,0,3,4,0,0,3380,,0,2,1,
2026-09-12T19:32:18.264Z,85837343000000,4319303,19384,-43997,-44020,,-30415,-29288,-29288,18024,2,2,-29288,-29288,0,1,1,0,,0,3,3,0,3,4,0,0,5633,,0,2,1,
2026-09-12T19:32:18.369Z,85837437000000,4319401,19385,-43995,-44017,,-30415,-32668,-32668,18024,2,2,-32668,-32668,0,1,1,0,,0,3,3,0,3,4,0,0,5633,,0,2,1,
2026-09-12T19:32:18.474Z,85837546000000,4319506,19386,-44018,-44014,,-30415,-36047,-36047,18024,2,2,-36047,-36047,0,1,1,0,,0,3,3,0,3,4,0,0,6759,,0,2,1,
2026-09-12T19:32:18.577Z,85837656000000,4319609,19387,-44026,-44015,,-30415,-34921,-34921,18024,2,2,-34921,-34921,0,1,1,0,,0,3,3,0,3,4,0,0,6759,,0,2,1,
2026-09-12T19:32:18.684Z,85837750000000,4319714,19388,-44018,-44015,,-30415,-34921,-34921,18024,2,2,-34921,-34921,0,1,1,0,,0,3,3,0,3,4,0,0,6759,,0,2,1,
2026-09-12T19:32:18.788Z,85837859000000,4319820,19389,-44023,-44016,,-30415,-33794,-33794,18024,2,2,-33794,-33794,0,1,1,0,,0,3,3,0,3,4,0,0,6759,,0,2,1,
2026-09-12T19:32:18.893Z,85837968000000,4319925,19390,-44016,-44016,,-30415,-33794,-33794,18024,2,2,-33794,-33794,0,1,1,0,,0,3,3,0,3,4,0,0,6759,,0,2,1,
2026-09-12T19:32:18.998Z,85838078000000,4320029,19391,-44012,-44016,,-30415,-33794,-33794,18024,2,2,-33794,-33794,0,1,1,0,,0,3,3,0,3,4,0,0,6759,,0,2,1,
2026-09-12T19:32:19.192Z,85838265000000,4320134,19392,-44002,-44015,,-37174,-34921,-34921,18024,2,2,-34921,-34921,0,1,1,0,,0,3,3,0,3,4,0,0,3379,,0,2,1,
2026-09-12T19:32:19.296Z,85838375000000,4320283,19394,-44022,-44013,,-37174,-37174,-37174,18024,2,2,-37174,-37174,0,1,1,0,,0,3,3,0,3,4,0,0,3380,,0,2,1,
2026-09-12T19:32:19.401Z,85838468000000,4320432,19395,-44023,-44014,,-37174,-36047,-36047,18024,2,2,-36047,-36047,0,1,1,0,,0,3,3,0,3,4,0,0,3380,,0,2,1,
2026-09-12T19:32:19.506Z,85838578000000,4320537,19396,-43998,-44015,,-37174,-34921,-34921,18024,2,2,-34921,-34921,0,1,1,0,,0,3,3,0,3,4,0,0,3380,,0,2,1,
2026-09-12T19:32:19.610Z,85838687000000,4320642,19397,-44009,-44014,,-37174,-36047,-36047,18024,2,2,-36047,-36047,0,1,1,0,,0,3,3,0,3,4,0,0,3380,,0,2,1,
2026-09-12T19:32:19.714Z,85838781000000,4320746,19398,-44011,-44013,,-37174,-37174,-37174,18024,2,2,-37174,-37174,0,1,1,0,,0,3,3,0,3,4,0,0,3380,,0,2,1,
2026-09-12T19:32:19.818Z,85838890000000,4320867,19400,-44022,-44014,,-37174,-36047,-36047,18024,2,2,-36047,-36047,0,1,1,0,,0,3,3,0,3,4,0,0,2253,,0,2,1,
2026-09-12T19:32:19.921Z,85839000000000,4320967,19401,-44000,-44015,,-37174,-34921,-34921,18024,2,2,-34921,-34921,0,1,1,0,,0,3,3,0,3,4,0,0,2253,,0,2,1,
2026-09-12T19:32:20.025Z,85839093000000,4321067,19402,-44011,-44014,,-37174,-36047,-36047,18024,2,2,-36047,-36047,0,1,1,0,,0,3,3,0,3,4,0,0,2253,,0,2,1,
2026-09-12T19:32:20.212Z,85839281000000,4321168,19403,-44023,-44014,,-34921,-36047,-36047,18024,2,2,-36047,-36047,0,1,1,0,,0,3,3,0,3,4,0,0,2253,,0,2,1,
2026-09-12T19:32:20.316Z,85839390000000,4321368,19405,-44022,-44016,,-34921,-33794,-33794,18024,2,2,-33794,-33794,0,1,1,0,,0,3,3,0,3,4,0,0,3380,,0,2,1,
2026-09-12T19:32:20.419Z,85839500000000,4321468,19406,-44021,-44017,,-34921,-32668,-32668,18024,2,2,-32668,-32668,0,1,1,0,,0,3,3,0,3,4,0,0,4506,,0,2,1,
2026-09-12T19:32:20.522Z,85839593000000,4321568,19407,-44016,-44018,,-34921,-31541,-31541,18024,2,2,-31541,-31541,0,1,1,0,,0,3,3,0,3,4,0,0,4506,,0,2,1,
2026-09-12T19:32:20.625Z,85839703000000,4321668,19408,-43996,-44018,,-34921,-31541,-31541,18024,2,2,-31541,-31541,0,1,1,0,,0,3,3,0,3,4,0,0,4506,,0,2,1,
2026-09-12T19:32:20.728Z,85839796000000,4321768,19409,-44014,-44017,,-34921,-32668,-32668,18024,2,2,-32668,-32668,0,1,1,0,,0,3,3,0,3,4,0,0,4506,,0,2,1,
2026-09-12T19:32:20.833Z,85839906000000,4321868,19410,-44018,-44017,,-34921,-32668,-32668,18024,2,2,-32668,-32668,0,1,1,0,,0,3,3,0,3,4,0,0,4506,,0,2,1,
2026-09-12T19:32:20.938Z,85840015000000,4321969,19411,-44012,-44017,,-34921,-32668,-32668,18024,2,2,-32668,-32668,0,1,1,0,,0,3,3,0,3,4,0,0,3380,,0,2,1,
2026-09-12T19:32:21.042Z,85840109000000,4322075,19412,-44014,-44017,,-34921,-32668,-32668,18024,2,2,-32668,-32668,0,1,1,0,,0,3,3,0,3,4,0,0,2253,,0,2,1,
2026-09-12T19:32:21.237Z,85840312000000,4322179,19413,-44027,-44017,,-31541,-32668,-32668,18024,2,2,-32668,-32668,0,1,1,0,,0,3,3,0,3,4,0,0,1127,,0,2,1,
2026-09-12T19:32:21.341Z,85840421000000,4322379,19415,-44031,-44020,,-31541,-29288,-29288,18024,2,2,-29288,-29288,0,1,1,0,,0,3,3,0,3,4,0,0,3380,,0,2,1,
2026-09-12T19:32:21.446Z,85840515000000,4322478,19416,-44033,-44022,,-31541,-27035,-27035,18024,2,2,-27035,-27035,0,1,1,0,,0,3,3,0,3,4,0,0,5633,,0,2,1,
2026-09-12T19:32:21.550Z,85840625000000,4322582,19417,-44027,-44023,,-31541,-25909,-25909,18024,2,2,-25909,-25909,0,1,1,0,,0,3,3,0,3,4,0,0,6759,,0,2,1,
2026-09-12T19:32:21.654Z,85840734000000,4322687,19418,-44015,-44024,,-31541,-24783,-24783,18024,2,2,-24783,-24783,0,1,1,0,,0,3,3,0,3,4,0,0,7885,,0,2,1,
2026-09-12T19:32:21.759Z,85840828000000,4322791,19419,-44031,-44024,,-31541,-24783,-24783,18024,2,2,-24783,-24783,0,1,1,0,,0,3,3,0,3,4,0,0,7885,,0,2,1,
2026-09-12T19:32:21.863Z,85840937000000,4322895,19420,-44042,-44025,,-31541,-23656,-23656,18024,2,2,-23656,-23656,0,1,1,0,,0,3,3,0,3,4,0,0,9012,,0,2,1,
2026-09-12T19:32:21.968Z,85841046000000,4322999,19421,-44017,-44026,,-31541,-22530,-22530,18024,2,2,-22530,-22530,0,1,1,0,,0,3,3,0,3,4,0,0,9011,,0,2,1,
2026-09-12T19:32:22.073Z,85841140000000,4323105,19422,-44025,-44026,,-31541,-22530,-22530,18024,2,2,-22530,-22530,0,1,1,0,,0,3,3,0,3,4,0,0,6758,,0,2,1,
2026-09-12T19:32:22.264Z,85841343000000,4323209,19423,-44041,-44026,,-22530,-22530,-22530,18024,2,2,-22530,-22530,0,1,1,0,,0,3,3,0,3,4,0,0,4505,,0,2,1,
2026-09-12T19:32:22.369Z,85841437000000,4323407,19425,-44012,-44025,,-22530,-23656,-23656,18024,2,2,-23656,-23656,0,1,1,0,,0,3,3,0,3,4,0,0,2253,,0,2,1,
2026-09-12T19:32:22.474Z,85841546000000,4323506,19426,-44017,-44024,,-22530,-24783,-24783,18024,2,2,-24783,-24783,0,1,1,0,,0,3,3,0,3,4,0,0,2253,,0,2,1,
2026-09-12T19:32:22.579Z,85841656000000,4323610,19427,-44019,-44023,,-22530,-25909,-25909,18024,2,2,-25909,-25909,0,1,1,0,,0,3,3,0,3,4,0,0,3379,,0,2,1,
2026-09-12T19:32:22.682Z,85841750000000,4323715,19428,-44015,-44022,,-22530,-27035,-27035,18024,2,2,-27035,-27035,0,1,1,0,,0,3,3,0,3,4,0,0,4505,,0,2,1,
2026-09-12T19:32:22.787Z,85841859000000,4323819,19429,-44016,-44021,,-22530,-28162,-28162,18024,2,2,-28162,-28162,0,1,1,0,,0,3,3,0,3,4,0,0,5632,,0,2,1,
2026-09-12T19:32:22.893Z,85841968000000,4323924,19430,-44031,-44020,,-22530,-29288,-29288,18024,2,2,-29288,-29288,0,1,1,0,,0,3,3,0,3,4,0,0,6758,,0,2,1,
2026-09-12T19:32:22.997Z,85842062000000,4324030,19431,-44031,-44021,,-22530,-28162,-28162,18024,2,2,-28162,-28162,0,1,1,0,,0,3,3,0,3,4,0,0,6758,,0,2,1,
2026-09-12T19:32:23.102Z,85842171000000,4324134,19432,-44015,-44022,,-22530,-27035,-27035,18024,2,2,-27035,-27035,0,1,1,0,,0,3,3,0,3,4,0,0,5632,,0,2,1,
2026-09-12T19:32:23.293Z,85842359000000,4324238,19433,-44013,-44021,,-30415,-28162,-28162,18024,2,2,-28162,-28162,0,1,1,0,,0,3,3,0,3,4,0,0,4505,,0,2,1,
2026-09-12T19:32:23.397Z,85842468000000,4324386,19435,-44012,-44019,,-30415,-30415,-30415,18024,2,2,-30415,-30415,0,1,1,0,,0,3,3,0,3,4,0,0,3380,,0,2,1,
2026-09-12T19:32:23.503Z,85842578000000,4324535,19436,-44014,-44018,,-30415,-31541,-31541,18024,2,2,-31541,-31541,0,1,1,0,,0,3,3,0,3,4,0,0,4506,,0,2,1,
2026-09-12T19:32:23.607Z,85842687000000,4324639,19437,-44022,-44017,,-30415,-32668,-32668,18024,2,2,-32668,-32668,0,1,1,0,,0,3,3,0,3,4,0,0,5633,,0,2,1,
2026-09-12T19:32:23.712Z,85842781000000,4324743,19438,-44011,-44017,,-30415,-32668,-32668,18024,2,2,-32668,-32668,0,1,1,0,,0,3,3,0,3,4,0,0,5633,,0,2,1,
2026-09-12T19:32:23.816Z,85842890000000,4324848,19439,-44024,-44018,,-30415,-31541,-31541,18024,2,2,-31541,-31541,0,1,1,0,,0,3,3,0,3,4,0,0,5633,,0,2,1,
2026-09-12T19:32:23.922Z,85843000000000,4324953,19440,-44024,-44019,,-30415,-30415,-30415,18024,2,2,-30415,-30415,0,1,1,0,,0,3,3,0,3,4,0,0,4506,,0,2,1,
2026-09-12T19:32:24.024Z,85843093000000,4325074,19442,-44020,-44020,,-30415,-29288,-29288,18024,2,2,-29288,-29288,0,1,1,0,,0,3,3,0,3,4,0,0,3380,,0,2,1,
2026-09-12T19:32:24.127Z,85843203000000,4325174,19443,-44010,-44020,,-30415,-29288,-29288,18024,2,2,-29288,-29288,0,1,1,0,,0,3,3,0,3,4,0,0,3380,,0,2,1,
2026-09-12T19:32:24.316Z,85843390000000,4325274,19444,-44006,-44019,,-32668,-30415,-30415,18024,2,2,-30415,-30415,0,1,1,0,,0,3,3,0,3,4,0,0,3380,,0,2,1,
2026-09-12T19:32:24.422Z,85843500000000,4325374,19445,-43998,-44017,,-32668,-32668,-32668,18024,2,2,-32668,-32668,0,1,1,0,,0,3,3,0,3,4,0,0,3380,,0,2,1,
2026-09-12T19:32:24.525Z,85843593000000,4325574,19447,-44012,-44015,,-32668,-34921,-34921,18024,2,2,-34921,-34921,0,1,1,0,,0,3,3,0,3,4,0,0,5633,,0,2,1,
2026-09-12T19:32:24.628Z,85843703000000,4325675,19448,-44005,-44014,,-32668,-36047,-36047,18024,2,2,-36047,-36047,0,1,1,0,,0,3,3,0,3,4,0,0,6759,,0,2,1,
2026-09-12T19:32:24.731Z,85843796000000,4325775,19449,-44016,-44014,,-32668,-36047,-36047,18024,2,2,-36047,-36047,0,1,1,0,,0,3,3,0,3,4,0,0,6759,,0,2,1,
2026-09-12T19:32:24.834Z,85843906000000,4325875,19450,-44024,-44014,,-32668,-36047,-36047,18024,2,2,-36047,-36047,0,1,1,0,,0,3,3,0,3,4,0,0,6759,,0,2,1,
2026-09-12T19:32:24.938Z,85844015000000,4325975,19451,-44023,-44015,,-32668,-34921,-34921,18024,2,2,-34921,-34921,0,1,1,0,,0,3,3,0,3,4,0,0,5632,,0,2,1,
2026-09-12T19:32:25.043Z,85844109000000,4326075,19452,-44009,-44016,,-32668,-33794,-33794,18024,2,2,-33794,-33794,0,1,1,0,,0,3,3,0,3,4,0,0,3379,,0,2,1,
2026-09-12T19:32:25.148Z,85844218000000,4326180,19453,-44028,-44017,,-32668,-32668,-32668,18024,2,2,-32668,-32668,0,1,1,0,,0,3,3,0,3,4,0,0,3379,,0,2,1,
2026-09-12T19:32:25.340Z,85844406000000,4326285,19454,-44025,-44018,,-30415,-31541,-31541,18024,2,2,-31541,-31541,0,1,1,0,,0,3,3,0,3,4,0,0,4506,,0,2,1,
2026-09-12T19:32:25.444Z,85844515000000,4326483,19456,-44021,-44020,,-30415,-29288,-29288,18024,2,2,-29288,-29288,0,1,1,0,,0,3,3,0,3,4,0,0,6759,,0,2,1,
2026-09-12T19:32:25.549Z,85844625000000,4326582,19457,-44008,-44020,,-30415,-29288,-29288,18024,2,2,-29288,-29288,0,1,1,0,,0,3,3,0,3,4,0,0,6759,,0,2,1,
2026-09-12T19:32:25.653Z,85844718000000,4326686,19458,-44003,-44018,,-30415,-31541,-31541,18024,2,2,-31541,-31541,0,1,1,0,,0,3,3,0,3,4,0,0,5633,,0,2,1,
2026-09-12T19:32:25.758Z,85844828000000,4326790,19459,-44004,-44016,,-30415,-33794,-33794,18024,2,2,-33794,-33794,0,1,1,0,,0,3,3,0,3,4,0,0,4506,,0,2,1,
2026-09-12T19:32:25.862Z,85844937000000,4326895,19460,-44029,-44014,,-30415,-36047,-36047,18024,2,2,-36047,-36047,0,1,1,0,,0,3,3,0,3,4,0,0,6759,,0,2,1,
2026-09-12T19:32:25.966Z,85845031000000,4326999,19461,-44031,-44016,,-30415,-33794,-33794,18024,2,2,-33794,-33794,0,1,1,0,,0,3,3,0,3,4,0,0,6759,,0,2,1,
2026-09-12T19:32:26.070Z,85845140000000,4327103,19462,-44029,-44018,,-30415,-31541,-31541,18024,2,2,-31541,-31541,0,1,1,0,,0,3,3,0,3,4,0,0,6759,,0,2,1,
2026-09-12T19:32:26.174Z,85845250000000,4327207,19463,-44038,-44020,,-30415,-29288,-29288,18024,2,2,-29288,-29288,0,1,1,0,,0,3,3,0,3,4,0,0,6759,,0,2,1,
2026-09-12T19:32:26.366Z,85845437000000,4327311,19464,-44025,-44021,,-27035,-28162,-28162,18024,2,2,-28162,-28162,0,1,1,0,,0,3,3,0,3,4,0,0,7885,,0,2,1,
2026-09-12T19:32:26.471Z,85845546000000,4327508,19466,-44006,-44022,,-27035,-27035,-27035,18024,2,2,-27035,-27035,0,1,1,0,,0,3,3,0,3,4,0,0,9012,,0,2,1,
2026-09-12T19:32:26.576Z,85845656000000,4327607,19467,-43996,-44020,,-27035,-29288,-29288,18024,2,2,-29288,-29288,0,1,1,0,,0,3,3,0,3,4,0,0,9012,,0,2,1,
2026-09-12T19:32:26.680Z,85845750000000,4327713,19468,-44009,-44018,,-27035,-31541,-31541,18024,2,2,-31541,-31541,0,1,1,0,,0,3,3,0,3,4,0,0,6759,,0,2,1,
2026-09-12T19:32:26.784Z,85845859000000,4327817,19469,-44007,-44017,,-27035,-32668,-32668,18024,2,2,-32668,-32668,0,1,1,0,,0,3,3,0,3,4,0,0,5633,,0,2,1,
2026-09-12T19:32:26.891Z,85845968000000,4327921,19470,-44000,-44016,,-27035,-33794,-33794,18024,2,2,-33794,-33794,0,1,1,0,,0,3,3,0,3,4,0,0,6759,,0,2,1,
2026-09-12T19:32:26.995Z,85846062000000,4328027,19471,-44014,-44015,,-27035,-34921,-34921,18024,2,2,-34921,-34921,0,1,1,0,,0,3,3,0,3,4,0,0,7886,,0,2,1,
2026-09-12T19:32:27.099Z,85846171000000,4328132,19472,-44013,-44015,,-27035,-34921,-34921,18024,2,2,-34921,-34921,0,1,1,0,,0,3,3,0,3,4,0,0,7886,,0,2,1,
2026-09-12T19:32:27.203Z,85846281000000,4328237,19473,-44018,-44015,,-27035,-34921,-34921,18024,2,2,-34921,-34921,0,1,1,0,,0,3,3,0,3,4,0,0,7886,,0,2,1,
2026-09-12T19:32:27.394Z,85846468000000,4328340,19474,-44008,-44015,,-37174,-34921,-34921,18024,2,2,-34921,-34921,0,1,1,0,,0,3,3,0,3,4,0,0,5633,,0,2,1,
2026-09-12T19:32:27.498Z,85846578000000,4328487,19476,-44011,-44013,,-37174,-37174,-37174,18024,2,2,-37174,-37174,0,1,1,0,,0,3,3,0,3,4,0,0,4506,,0,2,1,
2026-09-12T19:32:27.603Z,85846671000000,4328635,19477,-44005,-44012,,-37174,-38300,-38300,18024,2,2,-38300,-38300,0,1,1,0,,0,3,3,0,3,4,0,0,4506,,0,2,1,
2026-09-12T19:32:27.707Z,85846781000000,4328740,19478,-44017,-44012,,-37174,-38300,-38300,18024,2,2,-38300,-38300,0,1,1,0,,0,3,3,0,3,4,0,0,3379,,0,2,1,
2026-09-12T19:32:27.812Z,85846890000000,4328844,19479,-44005,-44011,,-37174,-39427,-39427,18024,2,2,-39427,-39427,0,1,1,0,,0,3,3,0,3,4,0,0,4506,,0,2,1,
2026-09-12T19:32:27.916Z,85846984000000,4328948,19480,-44013,-44011,,-37174,-39427,-39427,18024,2,2,-39427,-39427,0,1,1,0,,0,3,3,0,3,4,0,0,4506,,0,2,1,
2026-09-12T19:32:28.021Z,85847093000000,4329054,19481,-44019,-44011,,-37174,-39427,-39427,18024,2,2,-39427,-39427,0,1,1,0,,0,3,3,0,3,4,0,0,4506,,0,2,1,
2026-09-12T19:32:28.127Z,85847203000000,4329158,19482,-44026,-44012,,-37174,-38300,-38300,18024,2,2,-38300,-38300,0,1,1,0,,0,3,3,0,3,4,0,0,3380,,0,2,1,
2026-09-12T19:32:28.230Z,85847296000000,4329280,19484,-44020,-44014,,-37174,-36047,-36047,18024,2,2,-36047,-36047,0,1,1,0,,0,3,3,0,3,4,0,0,3380,,0,2,1,
2026-09-12T19:32:28.419Z,85847500000000,4329381,19485,-44018,-44015,,-33794,-34921,-34921,18024,2,2,-34921,-34921,0,1,1,0,,0,3,3,0,3,4,0,0,4506,,0,2,1,
2026-09-12T19:32:28.523Z,85847593000000,4329481,19486,-44031,-44016,,-33794,-33794,-33794,18024,2,2,-33794,-33794,0,1,1,0,,0,3,3,0,3,4,0,0,5633,,0,2,1,
2026-09-12T19:32:28.628Z,85847703000000,4329661,19487,-44024,-44017,,-33794,-32668,-32668,18024,2,2,-32668,-32668,0,1,1,0,,0,3,3,0,3,4,0,0,6759,,0,2,1,
2026-09-12T19:32:28.731Z,85847796000000,4329781,19489,-44021,-44018,,-33794,-31541,-31541,18024,2,2,-31541,-31541,0,1,1,0,,0,3,3,0,3,4,0,0,6759,,0,2,1,
2026-09-12T19:32:28.835Z,85847906000000,4329881,19490,-44015,-44018,,-33794,-31541,-31541,18024,2,2,-31541,-31541,0,1,1,0,,0,3,3,0,3,4,0,0,5633,,0,2,1,
2026-09-12T19:32:28.939Z,85848015000000,4329981,19491,-44005,-44018,,-33794,-31541,-31541,18024,2,2,-31541,-31541,0,1,1,0,,0,3,3,0,3,4,0,0,4506,,0,2,1,
2026-09-12T19:32:29.043Z,85848109000000,4330082,19492,-44003,-44016,,-33794,-33794,-33794,18024,2,2,-33794,-33794,0,1,1,0,,0,3,3,0,3,4,0,0,3380,,0,2,1,
2026-09-12T19:32:29.147Z,85848218000000,4330182,19493,-44006,-44015,,-33794,-34921,-34921,18024,2,2,-34921,-34921,0,1,1,0,,0,3,3,0,3,4,0,0,3380,,0,2,1,
2026-09-12T19:32:29.252Z,85848328000000,4330284,19494,-44015,-44014,,-33794,-36047,-36047,18024,2,2,-36047,-36047,0,1,1,0,,0,3,3,0,3,4,0,0,4506,,0,2,1,
2026-09-12T19:32:29.443Z,85848515000000,4330388,19495,-44022,-44014,,-34921,-36047,-36047,18024,2,2,-36047,-36047,0,1,1,0,,0,3,3,0,3,4,0,0,4506,,0,2,1,
2026-09-12T19:32:29.547Z,85848625000000,4330586,19497,-44026,-44016,,-34921,-33794,-33794,18024,2,2,-33794,-33794,0,1,1,0,,0,3,3,0,3,4,0,0,4506,,0,2,1,
2026-09-12T19:32:29.652Z,85848718000000,4330684,19498,-44016,-44017,,-34921,-32668,-32668,18024,2,2,-32668,-32668,0,1,1,0,,0,3,3,0,3,4,0,0,4506,,0,2,1,
2026-09-12T19:32:29.757Z,85848828000000,4330789,19499,-44017,-44017,,-34921,-32668,-32668,18024,2,2,-32668,-32668,0,1,1,0,,0,3,3,0,3,4,0,0,3379,,0,2,1,
2026-09-12T19:32:29.862Z,85848937000000,4330895,19500,-44017,-44017,,-34921,-32668,-32668,18024,2,2,-32668,-32668,0,1,1,0,,0,3,3,0,3,4,0,0,3379,,0,2,1,
2026-09-12T19:32:29.966Z,85849046000000,4330999,19501,-44037,-44017,,-34921,-32668,-32668,18024,2,2,-32668,-32668,0,1,1,0,,0,3,3,0,3,4,0,0,3379,,0,2,1,
2026-09-12T19:32:30.072Z,85849140000000,4331104,19502,-44036,-44019,,-34921,-30415,-30415,18024,2,2,-30415,-30415,0,1,1,0,,0,3,3,0,3,4,0,0,5632,,0,2,1,
2026-09-12T19:32:30.177Z,85849250000000,4331209,19503,-44027,-44021,,-34921,-28162,-28162,18024,2,2,-28162,-28162,0,1,1,0,,0,3,3,0,3,4,0,0,6759,,0,2,1,
2026-09-12T19:32:30.281Z,85849359000000,4331314,19504,-44021,-44022,,-34921,-27035,-27035,18024,2,2,-27035,-27035,0,1,1,0,,0,3,3,0,3,4,0,0,6759,,0,2,1,
2026-09-12T19:32:30.473Z,85849546000000,4331418,19505,-44029,-44023,,-24783,-25909,-25909,18024,2,2,-25909,-25909,0,1,1,0,,0,3,3,0,3,4,0,0,6759,,0,2,1,
2026-09-12T19:32:30.578Z,85849656000000,4331617,19507,-44038,-44026,,-24783,-22530,-22530,18024,2,2,-22530,-22530,0,1,1,0,,0,3,3,0,3,4,0,0,10138,,0,2,1,
2026-09-12T19:32:30.682Z,85849750000000,4331715,19508,-44047,-44028,,-24783,-20277,-20277,18024,2,2,-20277,-20277,0,1,1,0,,0,3,3,0,3,4,0,0,12391,,0,2,1,
2026-09-12T19:32:30.786Z,85849859000000,4331820,19509,-44023,-44029,,-24783,-19150,-19150,18024,2,2,-19150,-19150,0,1,1,0,,0,3,3,0,3,4,0,0,11265,,0,2,1,
2026-09-12T19:32:30.893Z,85849968000000,4331924,19510,-44026,-44029,,-24783,-19150,-19150,18024,2,2,-19150,-19150,0,1,1,0,,0,3,3,0,3,4,0,0,9012,,0,2,1,
2026-09-12T19:32:30.997Z,85850062000000,4332030,19511,-44020,-44028,,-24783,-20277,-20277,18024,2,2,-20277,-20277,0,1,1,0,,0,3,3,0,3,4,0,0,7885,,0,2,1,
2026-09-12T19:32:31.102Z,85850171000000,4332134,19512,-44007,-44027,,-24783,-21403,-21403,18024,2,2,-21403,-21403,0,1,1,0,,0,3,3,0,3,4,0,0,6759,,0,2,1,
2026-09-12T19:32:31.205Z,85850281000000,4332239,19513,-44005,-44024,,-24783,-24783,-24783,18024,2,2,-24783,-24783,0,1,1,0,,0,3,3,0,3,4,0,0,5633,,0,2,1,
2026-09-12T19:32:31.310Z,85850375000000,4332343,19514,-44014,-44022,,-24783,-27035,-27035,18024,2,2,-27035,-27035,0,1,1,0,,0,3,3,0,3,4,0,0,7885,,0,2,1,
2026-09-12T19:32:31.501Z,85850578000000,4332447,19515,-44020,-44021,,-29288,-28162,-28162,18024,2,2,-28162,-28162,0,1,1,0,,0,3,3,0,3,4,0,0,9012,,0,2,1,
2026-09-12T19:32:31.605Z,85850671000000,4332594,19517,-44024,-44020,,-29288,-29288,-29288,18024,2,2,-29288,-29288,0,1,1,0,,0,3,3,0,3,4,0,0,10138,,0,2,1,
2026-09-12T19:32:31.710Z,85850781000000,4332742,19518,-44008,-44019,,-29288,-30415,-30415,18024,2,2,-30415,-30415,0,1,1,0,,0,3,3,0,3,4,0,0,10138,,0,2,1,
2026-09-12T19:32:31.815Z,85850890000000,4332847,19519,-44016,-44019,,-29288,-30415,-30415,18024,2,2,-30415,-30415,0,1,1,0,,0,3,3,0,3,4,0,0,9012,,0,2,1,
2026-09-12T19:32:31.920Z,85851000000000,4332952,19520,-44017,-44019,,-29288,-30415,-30415,18024,2,2,-30415,-30415,0,1,1,0,,0,3,3,0,3,4,0,0,5632,,0,2,1,
2026-09-12T19:32:32.024Z,85851093000000,4333057,19521,-44019,-44019,,-29288,-30415,-30415,18024,2,2,-30415,-30415,0,1,1,0,,0,3,3,0,3,4,0,0,3380,,0,2,1,
2026-09-12T19:32:32.129Z,85851203000000,4333162,19522,-44029,-44019,,-29288,-30415,-30415,18024,2,2,-30415,-30415,0,1,1,0,,0,3,3,0,3,4,0,0,2253,,0,2,1,
2026-09-12T19:32:32.234Z,85851312000000,4333266,19523,-44026,-44020,,-29288,-29288,-29288,18024,2,2,-29288,-29288,0,1,1,0,,0,3,3,0,3,4,0,0,1127,,0,2,1,
2026-09-12T19:32:32.337Z,85851406000000,4333387,19525,-44010,-44020,,-29288,-29288,-29288,18024,2,2,-29288,-29288,0,1,1,0,,0,3,3,0,3,4,0,0,2253,,0,2,1,
2026-09-12T19:32:32.528Z,85851593000000,4333487,19526,-44018,-44019,,-31541,-30415,-30415,18024,2,2,-30415,-30415,0,1,1,0,,0,3,3,0,3,4,0,0,2253,,0,2,1,
2026-09-12T19:32:32.632Z,85851703000000,4333587,19527,-44011,-44018,,-31541,-31541,-31541,18024,2,2,-31541,-31541,0,1,1,0,,0,3,3,0,3,4,0,0,3379,,0,2,1,
2026-09-12T19:32:32.736Z,85851812000000,4333788,19529,-44011,-44016,,-31541,-33794,-33794,18024,2,2,-33794,-33794,0,1,1,0,,0,3,3,0,3,4,0,0,5632,,0,2,1,
2026-09-12T19:32:32.840Z,85851906000000,4333888,19530,-44008,-44015,,-31541,-34921,-34921,18024,2,2,-34921,-34921,0,1,1,0,,0,3,3,0,3,4,0,0,6759,,0,2,1,
2026-09-12T19:32:32.944Z,85852015000000,4333988,19531,-44010,-44014,,-31541,-36047,-36047,18024,2,2,-36047,-36047,0,1,1,0,,0,3,3,0,3,4,0,0,7885,,0,2,1,
2026-09-12T19:32:33.046Z,85852125000000,4334088,19532,-44028,-44013,,-31541,-37174,-37174,18024,2,2,-37174,-37174,0,1,1,0,,0,3,3,0,3,4,0,0,7886,,0,2,1,
2026-09-12T19:32:33.149Z,85852218000000,4334188,19533,-44026,-44015,,-31541,-34921,-34921,18024,2,2,-34921,-34921,0,1,1,0,,0,3,3,0,3,4,0,0,6759,,0,2,1,
2026-09-12T19:32:33.252Z,85852328000000,4334288,19534,-44021,-44016,,-31541,-33794,-33794,18024,2,2,-33794,-33794,0,1,1,0,,0,3,3,0,3,4,0,0,5633,,0,2,1,
2026-09-12T19:32:33.358Z,85852437000000,4334390,19535,-44009,-44017,,-31541,-32668,-32668,18024,2,2,-32668,-32668,0,1,1,0,,0,3,3,0,3,4,0,0,4506,,0,2,1,
2026-09-12T19:32:33.549Z,85852625000000,4334495,19536,-44005,-44016,,-34921,-33794,-33794,18024,2,2,-33794,-33794,0,1,1,0,,0,3,3,0,3,4,0,0,4506,,0,2,1,
2026-09-12T19:32:33.653Z,85852718000000,4334693,19538,-44007,-44014,,-34921,-36047,-36047,18024,2,2,-36047,-36047,0,1,1,0,,0,3,3,0,3,4,0,0,4506,,0,2,1,
2026-09-12T19:32:33.758Z,85852828000000,4334791,19539,-44025,-44013,,-34921,-37174,-37174,18024,2,2,-37174,-37174,0,1,1,0,,0,3,3,0,3,4,0,0,4506,,0,2,1,
2026-09-12T19:32:33.862Z,85852937000000,4334895,19540,-44017,-44014,,-34921,-36047,-36047,18024,2,2,-36047,-36047,0,1,1,0,,0,3,3,0,3,4,0,0,4506,,0,2,1,
2026-09-12T19:32:33.967Z,85853046000000,4335000,19541,-44006,-44014,,-34921,-36047,-36047,18024,2,2,-36047,-36047,0,1,1,0,,0,3,3,0,3,4,0,0,4506,,0,2,1,
2026-09-12T19:32:34.071Z,85853140000000,4335104,19542,-44019,-44014,,-34921,-36047,-36047,18024,2,2,-36047,-36047,0,1,1,0,,0,3,3,0,3,4,0,0,4506,,0,2,1,
2026-09-12T19:32:34.176Z,85853250000000,4335208,19543,-44025,-44015,,-34921,-34921,-34921,18024,2,2,-34921,-34921,0,1,1,0,,0,3,3,0,3,4,0,0,3380,,0,2,1,
2026-09-12T19:32:34.281Z,85853359000000,4335314,19544,-44010,-44016,,-34921,-33794,-33794,18024,2,2,-33794,-33794,0,1,1,0,,0,3,3,0,3,4,0,0,3380,,0,2,1,
2026-09-12T19:32:34.385Z,85853453000000,4335418,19545,-44013,-44016,,-34921,-33794,-33794,18024,2,2,-33794,-33794,0,1,1,0,,0,3,3,0,3,4,0,0,3380,,0,2,1,
2026-09-12T19:32:34.578Z,85853656000000,4335523,19546,-43999,-44015,,-34921,-34921,-34921,18024,2,2,-34921,-34921,0,1,1,0,,0,3,3,0,3,4,0,0,3380,,0,2,1,
2026-09-12T19:32:34.682Z,85853750000000,4335721,19548,-44017,-44015,,-34921,-34921,-34921,18024,2,2,-34921,-34921,0,1,1,0,,0,3,3,0,3,4,0,0,2253,,0,2,1,
2026-09-12T19:32:34.786Z,85853859000000,4335819,19549,-44012,-44015,,-34921,-34921,-34921,18024,2,2,-34921,-34921,0,1,1,0,,0,3,3,0,3,4,0,0,2253,,0,2,1,
2026-09-12T19:32:34.891Z,85853968000000,4335924,19550,-44007,-44015,,-34921,-34921,-34921,18024,2,2,-34921,-34921,0,1,1,0,,0,3,3,0,3,4,0,0,1127,,0,2,1,
2026-09-12T19:32:34.995Z,85854062000000,4336029,19551,-44011,-44014,,-34921,-36047,-36047,18024,2,2,-36047,-36047,0,1,1,0,,0,3,3,0,3,4,0,0,2253,,0,2,1,
2026-09-12T19:32:35.100Z,85854171000000,4336133,19552,-44011,-44014,,-34921,-36047,-36047,18024,2,2,-36047,-36047,0,1,1,0,,0,3,3,0,3,4,0,0,2253,,0,2,1,
2026-09-12T19:32:35.204Z,85854281000000,4336238,19553,-44019,-44014,,-34921,-36047,-36047,18024,2,2,-36047,-36047,0,1,1,0,,0,3,3,0,3,4,0,0,1126,,0,2,1,
2026-09-12T19:32:35.308Z,85854375000000,4336342,19554,-44005,-44014,,-34921,-36047,-36047,18024,2,2,-36047,-36047,0,1,1,0,,0,3,3,0,3,4,0,0,1126,,0,2,1,
2026-09-12T19:32:35.412Z,85854484000000,4336446,19555,-43989,-44013,,-34921,-37174,-37174,18024,2,2,-37174,-37174,0,1,1,0,,0,3,3,0,3,4,0,0,2253,,0,2,1,
2026-09-12T19:32:35.604Z,85854671000000,4336550,19556,-44015,-44012,,-40553,-38300,-38300,18024,2,2,-38300,-38300,0,1,1,0,,0,3,3,0,3,4,0,0,3379,,0,2,1,
2026-09-12T19:32:35.709Z,85854781000000,4336698,19558,-44010,-44010,,-40553,-40553,-40553,18024,2,2,-40553,-40553,0,1,1,0,,0,3,3,0,3,4,0,0,4506,,0,2,1,
2026-09-12T19:32:35.813Z,85854890000000,4336847,19559,-44020,-44010,,-40553,-40553,-40553,18024,2,2,-40553,-40553,0,1,1,0,,0,3,3,0,3,4,0,0,4506,,0,2,1,
2026-09-12T19:32:35.918Z,85854984000000,4336951,19560,-44011,-44010,,-40553,-40553,-40553,18024,2,2,-40553,-40553,0,1,1,0,,0,3,3,0,3,4,0,0,4506,,0,2,1,
2026-09-12T19:32:36.022Z,85855093000000,4337057,19561,-43993,-44010,,-40553,-40553,-40553,18024,2,2,-40553,-40553,0,1,1,0,,0,3,3,0,3,4,0,0,4506,,0,2,1,
2026-09-12T19:32:36.127Z,85855203000000,4337160,19562,-43987,-44008,,-40553,-42806,-42806,18024,2,2,-42806,-42806,0,1,1,0,,0,3,3,0,3,4,0,0,5632,,0,2,1,
2026-09-12T19:32:36.231Z,85855296000000,4337264,19563,-43998,-44006,,-40553,-45059,-45059,18024,2,2,-45059,-45059,0,1,1,0,,0,3,3,0,3,4,0,0,6759,,0,2,1,
2026-09-12T19:32:36.336Z,85855406000000,4337368,19564,-43998,-44005,,-40553,-46186,-46186,18024,2,2,-46186,-46186,0,1,1,0,,0,3,3,0,3,4,0,0,5633,,0,2,1,
2026-09-12T19:32:36.440Z,85855515000000,4337473,19565,-43998,-44004,,-40553,-47312,-47312,18024,2,2,-47312,-47312,0,1,1,0,,0,3,3,0,3,4,0,0,6759,,0,2,1,
2026-09-12T19:32:36.631Z,85855703000000,4337594,19567,-43993,-44002,,-48439,-49565,-49565,18024,2,2,-49565,-49565,0,1,1,0,,0,3,3,0,3,4,0,0,9012,,0,2,1,
2026-09-12T19:32:36.736Z,85855812000000,4337694,19568,-44012,-44003,,-48439,-48439,-48439,18024,2,2,-48439,-48439,0,1,1,0,,0,3,3,0,3,4,0,0,9012,,0,2,1,
2026-09-12T19:32:36.841Z,85855921000000,4337874,19569,-44024,-44004,,-48439,-47312,-47312,18024,2,2,-47312,-47312,0,1,1,0,,0,3,3,0,3,4,0,0,6759,,0,2,1,
2026-09-12T19:32:36.945Z,85856015000000,4337995,19571,-44016,-44008,,-48439,-42806,-42806,18024,2,2,-42806,-42806,0,1,1,0,,0,3,3,0,3,4,0,0,6759,,0,2,1,
2026-09-12T19:32:37.047Z,85856125000000,4338095,19572,-44009,-44009,,-48439,-41680,-41680,18024,2,2,-41680,-41680,0,1,1,0,,0,3,3,0,3,4,0,0,7885,,0,2,1,
2026-09-12T19:32:37.151Z,85856218000000,4338195,19573,-44014,-44010,,-48439,-40553,-40553,18024,2,2,-40553,-40553,0,1,1,0,,0,3,3,0,3,4,0,0,9012,,0,2,1,
2026-09-12T19:32:37.253Z,85856328000000,4338295,19574,-44030,-44011,,-48439,-39427,-39427,18024,2,2,-39427,-39427,0,1,1,0,,0,3,3,0,3,4,0,0,10138,,0,2,1,
2026-09-12T19:32:37.358Z,85856437000000,4338395,19575,-44009,-44011,,-48439,-39427,-39427,18024,2,2,-39427,-39427,0,1,1,0,,0,3,3,0,3,4,0,0,9012,,0,2,1,
2026-09-12T19:32:37.462Z,85856531000000,4338496,19576,-43993,-44011,,-48439,-39427,-39427,18024,2,2,-39427,-39427,0,1,1,0,,0,3,3,0,3,4,0,0,7885,,0,2,1,
2026-09-12T19:32:37.653Z,85856718000000,4338600,19577,-44003,-44010,,-41680,-40553,-40553,18024,2,2,-40553,-40553,0,1,1,0,,0,3,3,0,3,4,0,0,5632,,0,2,1,
2026-09-12T19:32:37.756Z,85856828000000,4338796,19579,-44017,-44009,,-41680,-41680,-41680,18024,2,2,-41680,-41680,0,1,1,0,,0,3,3,0,3,4,0,0,2253,,0,2,1,
2026-09-12T19:32:37.861Z,85856937000000,4338896,19580,-44008,-44009,,-41680,-41680,-41680,18024,2,2,-41680,-41680,0,1,1,0,,0,3,3,0,3,4,0,0,2253,,0,2,1,
2026-09-12T19:32:37.965Z,85857031000000,4338998,19581,-44022,-44010,,-41680,-40553,-40553,18024,2,2,-40553,-40553,0,1,1,0,,0,3,3,0,3,4,0,0,2253,,0,2,1,
2026-09-12T19:32:38.070Z,85857140000000,4339103,19582,-44023,-44012,,-41680,-38300,-38300,18024,2,2,-38300,-38300,0,1,1,0,,0,3,3,0,3,4,0,0,3380,,0,2,1,
2026-09-12T19:32:38.174Z,85857250000000,4339207,19583,-44034,-44013,,-41680,-37174,-37174,18024,2,2,-37174,-37174,0,1,1,0,,0,3,3,0,3,4,0,0,4506,,0,2,1,
2026-09-12T19:32:38.278Z,85857343000000,4339312,19584,-44029,-44015,,-41680,-34921,-34921,18024,2,2,-34921,-34921,0,1,1,0,,0,3,3,0,3,4,0,0,6759,,0,2,1,
2026-09-12T19:32:38.383Z,85857453000000,4339416,19585,-44014,-44017,,-41680,-32668,-32668,18024,2,2,-32668,-32668,0,1,1,0,,0,3,3,0,3,4,0,0,9012,,0,2,1,
2026-09-12T19:32:38.487Z,85857562000000,4339521,19586,-44011,-44017,,-41680,-32668,-32668,18024,2,2,-32668,-32668,0,1,1,0,,0,3,3,0,3,4,0,0,9012,,0,2,1,
2026-09-12T19:32:38.679Z,85857750000000,4339625,19587,-44024,-44017,,-31541,-32668,-32668,18024,2,2,-32668,-32668,0,1,1,0,,0,3,3,0,3,4,0,0,9012,,0,2,1,
2026-09-12T19:32:38.783Z,85857859000000,4339823,19589,-44030,-44019,,-31541,-30415,-30415,18024,2,2,-30415,-30415,0,1,1,0,,0,3,3,0,3,4,0,0,7885,,0,2,1,
2026-09-12T19:32:38.889Z,85857968000000,4339922,19590,-44038,-44020,,-31541,-29288,-29288,18024,2,2,-29288,-29288,0,1,1,0,,0,3,3,0,3,4,0,0,7886,,0,2,1,
2026-09-12T19:32:38.993Z,85858062000000,4340027,19591,-44025,-44021,,-31541,-28162,-28162,18024,2,2,-28162,-28162,0,1,1,0,,0,3,3,0,3,4,0,0,6759,,0,2,1,
2026-09-12T19:32:39.098Z,85858171000000,4340131,19592,-44017,-44022,,-31541,-27035,-27035,18024,2,2,-27035,-27035,0,1,1,0,,0,3,3,0,3,4,0,0,5633,,0,2,1,
2026-09-12T19:32:39.202Z,85858281000000,4340235,19593,-44022,-44022,,-31541,-27035,-27035,18024,2,2,-27035,-27035,0,1,1,0,,0,3,3,0,3,4,0,0,5633,,0,2,1,
2026-09-12T19:32:39.306Z,85858375000000,4340340,19594,-44028,-44022,,-31541,-27035,-27035,18024,2,2,-27035,-27035,0,1,1,0,,0,3,3,0,3,4,0,0,5633,,0,2,1,
2026-09-12T19:32:39.412Z,85858484000000,4340444,19595,-44021,-44022,,-31541,-27035,-27035,18024,2,2,-27035,-27035,0,1,1,0,,0,3,3,0,3,4,0,0,4506,,0,2,1,
2026-09-12T19:32:39.516Z,85858593000000,4340549,19596,-44021,-44022,,-31541,-27035,-27035,18024,2,2,-27035,-27035,0,1,1,0,,0,3,3,0,3,4,0,0,3380,,0,2,1,
2026-09-12T19:32:39.707Z,85858781000000,4340654,19597,-44006,-44022,,-25909,-27035,-27035,18024,2,2,-27035,-27035,0,1,1,0,,0,3,3,0,3,4,0,0,2253,,0,2,1,
2026-09-12T19:32:39.812Z,85858890000000,4340801,19599,-44035,-44023,,-25909,-25909,-25909,18024,2,2,-25909,-25909,0,1,1,0,,0,3,3,0,3,4,0,0,1126,,0,2,1,
2026-09-12T19:32:39.917Z,85858984000000,4340949,19600,-44025,-44024,,-25909,-24783,-24783,18024,2,2,-24783,-24783,0,1,1,0,,0,3,3,0,3,4,0,0,2252,,0,2,1,
2026-09-12T19:32:40.021Z,85859093000000,4341055,19601,-44018,-44024,,-25909,-24783,-24783,18024,2,2,-24783,-24783,0,1,1,0,,0,3,3,0,3,4,0,0,2252,,0,2,1,
2026-09-12T19:32:40.127Z,85859203000000,4341159,19602,-44014,-44023,,-25909,-25909,-25909,18024,2,2,-25909,-25909,0,1,1,0,,0,3,3,0,3,4,0,0,2252,,0,2,1,
2026-09-12T19:32:40.231Z,85859296000000,4341265,19603,-44000,-44022,,-25909,-27035,-27035,18024,2,2,-27035,-27035,0,1,1,0,,0,3,3,0,3,4,0,0,2252,,0,2,1,
2026-09-12T19:32:40.336Z,85859406000000,4341369,19604,-44020,-44021,,-25909,-28162,-28162,18024,2,2,-28162,-28162,0,1,1,0,,0,3,3,0,3,4,0,0,3379,,0,2,1,
2026-09-12T19:32:40.441Z,85859515000000,4341474,19605,-44031,-44021,,-25909,-28162,-28162,18024,2,2,-28162,-28162,0,1,1,0,,0,3,3,0,3,4,0,0,3379,,0,2,1,
2026-09-12T19:32:40.544Z,85859625000000,4341579,19606,-44032,-44022,,-25909,-27035,-27035,18024,2,2,-27035,-27035,0,1,1,0,,0,3,3,0,3,4,0,0,3379,,0,2,1,
2026-09-12T19:32:40.734Z,85859812000000,4341701,19608,-44028,-44024,,-23656,-24783,-24783,18024,2,2,-24783,-24783,0,1,1,0,,0,3,3,0,3,4,0,0,3379,,0,2,1,
2026-09-12T19:32:40.838Z,85859906000000,4341801,19609,-44023,-44025,,-23656,-23656,-23656,18024,2,2,-23656,-23656,0,1,1,0,,0,3,3,0,3,4,0,0,4506,,0,2,1,
2026-09-12T19:32:40.942Z,85860015000000,4341976,19610,-44016,-44025,,-23656,-23656,-23656,18024,2,2,-23656,-23656,0,1,1,0,,0,3,3,0,3,4,0,0,4506,,0,2,1,
2026-09-12T19:32:41.046Z,85860125000000,4342080,19611,-44016,-44024,,-23656,-24783,-24783,18024,2,2,-24783,-24783,0,1,1,0,,0,3,3,0,3,4,0,0,4506,,0,2,1,
2026-09-12T19:32:41.150Z,85860218000000,4342202,19613,-44024,-44022,,-23656,-27035,-27035,18024,2,2,-27035,-27035,0,1,1,0,,0,3,3,0,3,4,0,0,3379,,0,2,1,
2026-09-12T19:32:41.253Z,85860328000000,4342302,19614,-44039,-44022,,-23656,-27035,-27035,18024,2,2,-27035,-27035,0,1,1,0,,0,3,3,0,3,4,0,0,3379,,0,2,1,
2026-09-12T19:32:41.357Z,85860421000000,4342402,19615,-44028,-44023,,-23656,-25909,-25909,18024,2,2,-25909,-25909,0,1,1,0,,0,3,3,0,3,4,0,0,3379,,0,2,1,
2026-09-12T19:32:41.459Z,85860531000000,4342502,19616,-44009,-44024,,-23656,-24783,-24783,18024,2,2,-24783,-24783,0,1,1,0,,0,3,3,0,3,4,0,0,3379,,0,2,1,
2026-09-12T19:32:41.561Z,85860640000000,4342603,19617,-44022,-44024,,-23656,-24783,-24783,18024,2,2,-24783,-24783,0,1,1,0,,0,3,3,0,3,4,0,0,3379,,0,2,1,
2026-09-12T19:32:41.751Z,85860828000000,4342703,19618,-44012,-44022,,-28162,-27035,-27035,18024,2,2,-27035,-27035,0,1,1,0,,0,3,3,0,3,4,0,0,2252,,0,2,1,
2026-09-12T19:32:41.855Z,85860921000000,4342903,19620,-44020,-44020,,-28162,-29288,-29288,18024,2,2,-29288,-29288,0,1,1,0,,0,3,3,0,3,4,0,0,4505,,0,2,1,
2026-09-12T19:32:41.957Z,85861031000000,4343003,19621,-44016,-44019,,-28162,-30415,-30415,18024,2,2,-30415,-30415,0,1,1,0,,0,3,3,0,3,4,0,0,5632,,0,2,1,
2026-09-12T19:32:42.060Z,85861140000000,4343103,19622,-44009,-44019,,-28162,-30415,-30415,18024,2,2,-30415,-30415,0,1,1,0,,0,3,3,0,3,4,0,0,5632,,0,2,1,
2026-09-12T19:32:42.163Z,85861234000000,4343203,19623,-43997,-44018,,-28162,-31541,-31541,18024,2,2,-31541,-31541,0,1,1,0,,0,3,3,0,3,4,0,0,6758,,0,2,1,
2026-09-12T19:32:42.270Z,85861343000000,4343304,19624,-44011,-44017,,-28162,-32668,-32668,18024,2,2,-32668,-32668,0,1,1,0,,0,3,3,0,3,4,0,0,7885,,0,2,1,
2026-09-12T19:32:42.375Z,85861453000000,4343407,19625,-44026,-44016,,-28162,-33794,-33794,18024,2,2,-33794,-33794,0,1,1,0,,0,3,3,0,3,4,0,0,6759,,0,2,1,
2026-09-12T19:32:42.480Z,85861546000000,4343513,19626,-44013,-44016,,-28162,-33794,-33794,18024,2,2,-33794,-33794,0,1,1,0,,0,3,3,0,3,4,0,0,5632,,0,2,1,
2026-09-12T19:32:42.584Z,85861656000000,4343618,19627,-44013,-44016,,-28162,-33794,-33794,18024,2,2,-33794,-33794,0,1,1,0,,0,3,3,0,3,4,0,0,4506,,0,2,1,
2026-09-12T19:32:42.776Z,85861843000000,4343722,19628,-44020,-44016,,-33794,-33794,-33794,18024,2,2,-33794,-33794,0,1,1,0,,0,3,3,0,3,4,0,0,3379,,0,2,1,
2026-09-12T19:32:42.881Z,85861953000000,4343920,19630,-44014,-44016,,-33794,-33794,-33794,18024,2,2,-33794,-33794,0,1,1,0,,0,3,3,0,3,4,0,0,2253,,0,2,1,
2026-09-12T19:32:42.986Z,85862062000000,4344019,19631,-44027,-44016,,-33794,-33794,-33794,18024,2,2,-33794,-33794,0,1,1,0,,0,3,3,0,3,4,0,0,1126,,0,2,1,
2026-09-12T19:32:43.090Z,85862156000000,4344124,19632,-44020,-44017,,-33794,-32668,-32668,18024,2,2,-32668,-32668,0,1,1,0,,0,3,3,0,3,4,0,0,1126,,0,2,1,
2026-09-12T19:32:43.194Z,85862265000000,4344228,19633,-44022,-44018,,-33794,-31541,-31541,18024,2,2,-31541,-31541,0,1,1,0,,0,3,3,0,3,4,0,0,2253,,0,2,1,
2026-09-12T19:32:43.298Z,85862375000000,4344332,19634,-44034,-44019,,-33794,-30415,-30415,18024,2,2,-30415,-30415,0,1,1,0,,0,3,3,0,3,4,0,0,3379,,0,2,1,
2026-09-12T19:32:43.404Z,85862484000000,4344436,19635,-44011,-44019,,-33794,-30415,-30415,18024,2,2,-30415,-30415,0,1,1,0,,0,3,3,0,3,4,0,0,3379,,0,2,1,
2026-09-12T19:32:43.509Z,85862578000000,4344542,19636,-44009,-44018,,-33794,-31541,-31541,18024,2,2,-31541,-31541,0,1,1,0,,0,3,3,0,3,4,0,0,3379,,0,2,1,
2026-09-12T19:32:43.613Z,85862687000000,4344647,19637,-44018,-44017,,-33794,-32668,-32668,18024,2,2,-32668,-32668,0,1,1,0,,0,3,3,0,3,4,0,0,3379,,0,2,1,
2026-09-12T19:32:43.804Z,85862875000000,4344751,19638,-44026,-44017,,-31541,-32668,-32668,18024,2,2,-32668,-32668,0,1,1,0,,0,3,3,0,3,4,0,0,3379,,0,2,1,
2026-09-12T19:32:43.908Z,85862984000000,4344906,19640,-44021,-44018,,-31541,-31541,-31541,18024,2,2,-31541,-31541,0,1,1,0,,0,3,3,0,3,4,0,0,2253,,0,2,1,
2026-09-12T19:32:44.013Z,85863093000000,4345047,19641,-44016,-44018,,-31541,-31541,-31541,18024,2,2,-31541,-31541,0,1,1,0,,0,3,3,0,3,4,0,0,2253,,0,2,1,
2026-09-12T19:32:44.118Z,85863187000000,4345151,19642,-44008,-44018,,-31541,-31541,-31541,18024,2,2,-31541,-31541,0,1,1,0,,0,3,3,0,3,4,0,0,2253,,0,2,1,
2026-09-12T19:32:44.222Z,85863296000000,4345256,19643,-44018,-44018,,-31541,-31541,-31541,18024,2,2,-31541,-31541,0,1,1,0,,0,3,3,0,3,4,0,0,1127,,0,2,1,
2026-09-12T19:32:44.326Z,85863406000000,4345361,19644,-44030,-44018,,-31541,-31541,-31541,18024,2,2,-31541,-31541,0,1,1,0,,0,3,3,0,3,4,0,0,1127,,0,2,1,
2026-09-12T19:32:44.432Z,85863500000000,4345465,19645,-44014,-44018,,-31541,-31541,-31541,18024,2,2,-31541,-31541,0,1,1,0,,0,3,3,0,3,4,0,0,1127,,0,2,1,
2026-09-12T19:32:44.538Z,85863609000000,4345571,19646,-44023,-44019,,-31541,-30415,-30415,18024,2,2,-30415,-30415,0,1,1,0,,0,3,3,0,3,4,0,0,2253,,0,2,1,
2026-09-12T19:32:44.642Z,85863718000000,4345676,19647,-44013,-44018,,-31541,-31541,-31541,18024,2,2,-31541,-31541,0,1,1,0,,0,3,3,0,3,4,0,0,1126,,0,2,1,
2026-09-12T19:32:44.833Z,85863906000000,4345780,19648,-44006,-44017,,-32668,-32668,-32668,18024,2,2,-32668,-32668,0,1,1,0,,0,3,3,0,3,4,0,0,2253,,0,2,1,
2026-09-12T19:32:44.938Z,85864015000000,4345927,19650,-44020,-44017,,-32668,-32668,-32668,18024,2,2,-32668,-32668,0,1,1,0,,0,3,3,0,3,4,0,0,3379,,0,2,1,
2026-09-12T19:32:45.042Z,85864109000000,4346077,19651,-44026,-44018,,-32668,-31541,-31541,18024,2,2,-31541,-31541,0,1,1,0,,0,3,3,0,3,4,0,0,3379,,0,2,1,
2026-09-12T19:32:45.147Z,85864218000000,4346181,19652,-44019,-44018,,-32668,-31541,-31541,18024,2,2,-31541,-31541,0,1,1,0,,0,3,3,0,3,4,0,0,3379,,0,2,1,
2026-09-12T19:32:45.251Z,85864328000000,4346285,19653,-44024,-44019,,-32668,-30415,-30415,18024,2,2,-30415,-30415,0,1,1,0,,0,3,3,0,3,4,0,0,3379,,0,2,1,
2026-09-12T19:32:45.356Z,85864421000000,4346410,19655,-44019,-44021,,-32668,-28162,-28162,18024,2,2,-28162,-28162,0,1,1,0,,0,3,3,0,3,4,0,0,5632,,0,2,1,
2026-09-12T19:32:45.460Z,85864531000000,4346510,19656,-44034,-44021,,-32668,-28162,-28162,18024,2,2,-28162,-28162,0,1,1,0,,0,3,3,0,3,4,0,0,5632,,0,2,1,
2026-09-12T19:32:45.563Z,85864640000000,4346610,19657,-44027,-44022,,-32668,-27035,-27035,18024,2,2,-27035,-27035,0,1,1,0,,0,3,3,0,3,4,0,0,5633,,0,2,1,
2026-09-12T19:32:45.667Z,85864734000000,4346709,19658,-44011,-44023,,-32668,-25909,-25909,18024,2,2,-25909,-25909,0,1,1,0,,0,3,3,0,3,4,0,0,5632,,0,2,1,
2026-09-12T19:32:45.856Z,85864921000000,4346810,19659,-44023,-44023,,-27035,-25909,-25909,18024,2,2,-25909,-25909,0,1,1,0,,0,3,3,0,3,4,0,0,5632,,0,2,1,
2026-09-12T19:32:45.958Z,85865031000000,4347010,19661,-44013,-44021,,-27035,-28162,-28162,18024,2,2,-28162,-28162,0,1,1,0,,0,3,3,0,3,4,0,0,3379,,0,2,1,
2026-09-12T19:32:46.061Z,85865140000000,4347110,19662,-44025,-44020,,-27035,-29288,-29288,18024,2,2,-29288,-29288,0,1,1,0,,0,3,3,0,3,4,0,0,3379,,0,2,1,
2026-09-12T19:32:46.165Z,85865234000000,4347210,19663,-44015,-44019,,-27035,-30415,-30415,18024,2,2,-30415,-30415,0,1,1,0,,0,3,3,0,3,4,0,0,4506,,0,2,1,
2026-09-12T19:32:46.268Z,85865343000000,4347310,19664,-44002,-44018,,-27035,-31541,-31541,18024,2,2,-31541,-31541,0,1,1,0,,0,3,3,0,3,4,0,0,5632,,0,2,1,
2026-09-12T19:32:46.373Z,85865453000000,4347410,19665,-44009,-44017,,-27035,-32668,-32668,18024,2,2,-32668,-32668,0,1,1,0,,0,3,3,0,3,4,0,0,6759,,0,2,1,
2026-09-12T19:32:46.478Z,85865546000000,4347511,19666,-44014,-44016,,-27035,-33794,-33794,18024,2,2,-33794,-33794,0,1,1,0,,0,3,3,0,3,4,0,0,7885,,0,2,1,
2026-09-12T19:32:46.582Z,85865656000000,4347616,19667,-44004,-44015,,-27035,-34921,-34921,18024,2,2,-34921,-34921,0,1,1,0,,0,3,3,0,3,4,0,0,7886,,0,2,1,
2026-09-12T19:32:46.687Z,85865765000000,4347721,19668,-44018,-44015,,-27035,-34921,-34921,18024,2,2,-34921,-34921,0,1,1,0,,0,3,3,0,3,4,0,0,6759,,0,2,1,
2026-09-12T19:32:46.878Z,85865953000000,4347825,19669,-44030,-44015,,-34921,-34921,-34921,18024,2,2,-34921,-34921,0,1,1,0,,0,3,3,0,3,4,0,0,5633,,0,2,1,
2026-09-12T19:32:46.982Z,85866062000000,4348023,19671,-44010,-44014,,-34921,-36047,-36047,18024,2,2,-36047,-36047,0,1,1,0,,0,3,3,0,3,4,0,0,4506,,0,2,1,
2026-09-12T19:32:47.086Z,85866156000000,4348121,19672,-44015,-44013,,-34921,-37174,-37174,18024,2,2,-37174,-37174,0,1,1,0,,0,3,3,0,3,4,0,0,4506,,0,2,1,
2026-09-12T19:32:47.191Z,85866265000000,4348225,19673,-43998,-44013,,-34921,-37174,-37174,18024,2,2,-37174,-37174,0,1,1,0,,0,3,3,0,3,4,0,0,3380,,0,2,1,
2026-09-12T19:32:47.296Z,85866375000000,4348330,19674,-44008,-44012,,-34921,-38300,-38300,18024,2,2,-38300,-38300,0,1,1,0,,0,3,3,0,3,4,0,0,3379,,0,2,1,
2026-09-12T19:32:47.401Z,85866468000000,4348434,19675,-44039,-44011,,-34921,-39427,-39427,18024,2,2,-39427,-39427,0,1,1,0,,0,3,3,0,3,4,0,0,4506,,0,2,1,
2026-09-12T19:32:47.506Z,85866578000000,4348539,19676,-44035,-44014,,-34921,-36047,-36047,18024,2,2,-36047,-36047,0,1,1,0,,0,3,3,0,3,4,0,0,4506,,0,2,1,
2026-09-12T19:32:47.611Z,85866687000000,4348644,19677,-44025,-44017,,-34921,-32668,-32668,18024,2,2,-32668,-32668,0,1,1,0,,0,3,3,0,3,4,0,0,6759,,0,2,1,
2026-09-12T19:32:47.715Z,85866781000000,4348749,19678,-44024,-44018,,-34921,-31541,-31541,18024,2,2,-31541,-31541,0,1,1,0,,0,3,3,0,3,4,0,0,7886,,0,2,1,
2026-09-12T19:32:47.906Z,85866984000000,4348854,19679,-44030,-44019,,-29288,-30415,-30415,18024,2,2,-30415,-30415,0,1,1,0,,0,3,3,0,3,4,0,0,9012,,0,2,1,
2026-09-12T19:32:48.011Z,85867078000000,4349051,19681,-44010,-44019,,-29288,-30415,-30415,18024,2,2,-30415,-30415,0,1,1,0,,0,3,3,0,3,4,0,0,10139,,0,2,1,
2026-09-12T19:32:48.116Z,85867187000000,4349149,19682,-44019,-44018,,-29288,-31541,-31541,18024,2,2,-31541,-31541,0,1,1,0,,0,3,3,0,3,4,0,0,10139,,0,2,1,
2026-09-12T19:32:48.220Z,85867296000000,4349254,19683,-44022,-44018,,-29288,-31541,-31541,18024,2,2,-31541,-31541,0,1,1,0,,0,3,3,0,3,4,0,0,6759,,0,2,1,
2026-09-12T19:32:48.324Z,85867390000000,4349359,19684,-44024,-44019,,-29288,-30415,-30415,18024,2,2,-30415,-30415,0,1,1,0,,0,3,3,0,3,4,0,0,3380,,0,2,1,
2026-09-12T19:32:48.430Z,85867500000000,4349463,19685,-44010,-44019,,-29288,-30415,-30415,18024,2,2,-30415,-30415,0,1,1,0,,0,3,3,0,3,4,0,0,2253,,0,2,1,
2026-09-12T19:32:48.534Z,85867609000000,4349568,19686,-44011,-44018,,-29288,-31541,-31541,18024,2,2,-31541,-31541,0,1,1,0,,0,3,3,0,3,4,0,0,2253,,0,2,1,
2026-09-12T19:32:48.639Z,85867718000000,4349673,19687,-44033,-44017,,-29288,-32668,-32668,18024,2,2,-32668,-32668,0,1,1,0,,0,3,3,0,3,4,0,0,3380,,0,2,1,
2026-09-12T19:32:48.742Z,85867812000000,4349777,19688,-44030,-44019,,-29288,-30415,-30415,18024,2,2,-30415,-30415,0,1,1,0,,0,3,3,0,3,4,0,0,2253,,0,2,1,
2026-09-12T19:32:48.936Z,85868015000000,4349881,19689,-44025,-44020,,-31541,-29288,-29288,18024,2,2,-29288,-29288,0,1,1,0,,0,3,3,0,3,4,0,0,3380,,0,2,1,
2026-09-12T19:32:49.040Z,85868109000000,4350030,19691,-43988,-44018,,-31541,-31541,-31541,18024,2,2,-31541,-31541,0,1,1,0,,0,3,3,0,3,4,0,0,4506,,0,2,1,
2026-09-12T19:32:49.145Z,85868218000000,4350179,19692,-44008,-44015,,-31541,-34921,-34921,18024,2,2,-34921,-34921,0,1,1,0,,0,3,3,0,3,4,0,0,6759,,0,2,1,
2026-09-12T19:32:49.251Z,85868328000000,4350283,19693,-44018,-44014,,-31541,-36047,-36047,18024,2,2,-36047,-36047,0,1,1,0,,0,3,3,0,3,4,0,0,7885,,0,2,1,
2026-09-12T19:32:49.356Z,85868421000000,4350388,19694,-44017,-44014,,-31541,-36047,-36047,18024,2,2,-36047,-36047,0,1,1,0,,0,3,3,0,3,4,0,0,7885,,0,2,1,
2026-09-12T19:32:49.460Z,85868531000000,4350494,19695,-44004,-44014,,-31541,-36047,-36047,18024,2,2,-36047,-36047,0,1,1,0,,0,3,3,0,3,4,0,0,7885,,0,2,1,
2026-09-12T19:32:49.564Z,85868640000000,4350616,19697,-44000,-44011,,-31541,-39427,-39427,18024,2,2,-39427,-39427,0,1,1,0,,0,3,3,0,3,4,0,0,11265,,0,2,1,
2026-09-12T19:32:49.666Z,85868734000000,4350716,19698,-44010,-44010,,-31541,-40553,-40553,18024,2,2,-40553,-40553,0,1,1,0,,0,3,3,0,3,4,0,0,9012,,0,2,1,
2026-09-12T19:32:49.769Z,85868843000000,4350816,19699,-44008,-44010,,-31541,-40553,-40553,18024,2,2,-40553,-40553,0,1,1,0,,0,3,3,0,3,4,0,0,5632,,0,2,1,
2026-09-12T19:32:49.959Z,85869031000000,4350916,19700,-44004,-44010,,-40553,-40553,-40553,18024,2,2,-40553,-40553,0,1,1,0,,0,3,3,0,3,4,0,0,4506,,0,2,1,
2026-09-12T19:32:50.063Z,85869140000000,4351117,19702,-44021,-44011,,-40553,-39427,-39427,18024,2,2,-39427,-39427,0,1,1,0,,0,3,3,0,3,4,0,0,4506,,0,2,1,
2026-09-12T19:32:50.167Z,85869234000000,4351217,19703,-44023,-44012,,-40553,-38300,-38300,18024,2,2,-38300,-38300,0,1,1,0,,0,3,3,0,3,4,0,0,3379,,0,2,1,
2026-09-12T19:32:50.271Z,85869343000000,4351317,19704,-44026,-44013,,-40553,-37174,-37174,18024,2,2,-37174,-37174,0,1,1,0,,0,3,3,0,3,4,0,0,3379,,0,2,1,
2026-09-12T19:32:50.373Z,85869453000000,4351417,19705,-44025,-44015,,-40553,-34921,-34921,18024,2,2,-34921,-34921,0,1,1,0,,0,3,3,0,3,4,0,0,5632,,0,2,1,
2026-09-12T19:32:50.475Z,85869546000000,4351517,19706,-44033,-44016,,-40553,-33794,-33794,18024,2,2,-33794,-33794,0,1,1,0,,0,3,3,0,3,4,0,0,6759,,0,2,1,
2026-09-12T19:32:50.580Z,85869656000000,4351618,19707,-44014,-44017,,-40553,-32668,-32668,18024,2,2,-32668,-32668,0,1,1,0,,0,3,3,0,3,4,0,0,7885,,0,2,1,
2026-09-12T19:32:50.684Z,85869750000000,4351719,19708,-44017,-44017,,-40553,-32668,-32668,18024,2,2,-32668,-32668,0,1,1,0,,0,3,3,0,3,4,0,0,7885,,0,2,1,
2026-09-12T19:32:50.790Z,85869859000000,4351823,19709,-44028,-44017,,-40553,-32668,-32668,18024,2,2,-32668,-32668,0,1,1,0,,0,3,3,0,3,4,0,0,6759,,0,2,1,
2026-09-12T19:32:50.981Z,85870046000000,4351927,19710,-44025,-44018,,-30415,-31541,-31541,18024,2,2,-31541,-31541,0,1,1,0,,0,3,3,0,3,4,0,0,6759,,0,2,1,
2026-09-12T19:32:51.085Z,85870156000000,4352126,19712,-44004,-44019,,-30415,-30415,-30415,18024,2,2,-30415,-30415,0,1,1,0,,0,3,3,0,3,4,0,0,4506,,0,2,1,
2026-09-12T19:32:51.190Z,85870265000000,4352224,19713,-44016,-44019,,-30415,-30415,-30415,18024,2,2,-30415,-30415,0,1,1,0,,0,3,3,0,3,4,0,0,3379,,0,2,1,
2026-09-12T19:32:51.294Z,85870375000000,4352328,19714,-44019,-44019,,-30415,-30415,-30415,18024,2,2,-30415,-30415,0,1,1,0,,0,3,3,0,3,4,0,0,2253,,0,2,1,
2026-09-12T19:32:51.399Z,85870468000000,4352433,19715,-44011,-44019,,-30415,-30415,-30415,18024,2,2,-30415,-30415,0,1,1,0,,0,3,3,0,3,4,0,0,2253,,0,2,1,
2026-09-12T19:32:51.503Z,85870578000000,4352538,19716,-44028,-44019,,-30415,-30415,-30415,18024,2,2,-30415,-30415,0,1,1,0,,0,3,3,0,3,4,0,0,2253,,0,2,1,
2026-09-12T19:32:51.609Z,85870687000000,4352642,19717,-44013,-44018,,-30415,-31541,-31541,18024,2,2,-31541,-31541,0,1,1,0,,0,3,3,0,3,4,0,0,1126,,0,2,1,
2026-09-12T19:32:51.713Z,85870781000000,4352747,19718,-44018,-44018,,-30415,-31541,-31541,18024,2,2,-31541,-31541,0,1,1,0,,0,3,3,0,3,4,0,0,1126,,0,2,1,
2026-09-12T19:32:51.817Z,85870890000000,4352852,19719,-44011,-44017,,-30415,-32668,-32668,18024,2,2,-32668,-32668,0,1,1,0,,0,3,3,0,3,4,0,0,2253,,0,2,1,
2026-09-12T19:32:52.009Z,85871078000000,4352956,19720,-44010,-44016,,-34921,-33794,-33794,18024,2,2,-33794,-33794,0,1,1,0,,0,3,3,0,3,4,0,0,3379,,0,2,1,
2026-09-12T19:32:52.113Z,85871187000000,4353154,19722,-44013,-44014,,-34921,-36047,-36047,18024,2,2,-36047,-36047,0,1,1,0,,0,3,3,0,3,4,0,0,5632,,0,2,1,
2026-09-12T19:32:52.217Z,85871296000000,4353252,19723,-44014,-44014,,-34921,-36047,-36047,18024,2,2,-36047,-36047,0,1,1,0,,0,3,3,0,3,4,0,0,5632,,0,2,1,
2026-09-12T19:32:52.321Z,85871390000000,4353357,19724,-44008,-44014,,-34921,-36047,-36047,18024,2,2,-36047,-36047,0,1,1,0,,0,3,3,0,3,4,0,0,4506,,0,2,1,
2026-09-12T19:32:52.426Z,85871500000000,4353460,19725,-44004,-44013,,-34921,-37174,-37174,18024,2,2,-37174,-37174,0,1,1,0,,0,3,3,0,3,4,0,0,5633,,0,2,1,
2026-09-12T19:32:52.531Z,85871609000000,4353565,19726,-44006,-44012,,-34921,-38300,-38300,18024,2,2,-38300,-38300,0,1,1,0,,0,3,3,0,3,4,0,0,5632,,0,2,1,
2026-09-12T19:32:52.635Z,85871703000000,4353669,19727,-44027,-44011,,-34921,-39427,-39427,18024,2,2,-39427,-39427,0,1,1,0,,0,3,3,0,3,4,0,0,5633,,0,2,1,
2026-09-12T19:32:52.739Z,85871812000000,4353774,19728,-44020,-44012,,-34921,-38300,-38300,18024,2,2,-38300,-38300,0,1,1,0,,0,3,3,0,3,4,0,0,4506,,0,2,1,
2026-09-12T19:32:52.843Z,85871921000000,4353878,19729,-44020,-44013,,-34921,-37174,-37174,18024,2,2,-37174,-37174,0,1,1,0,,0,3,3,0,3,4,0,0,3380,,0,2,1,
2026-09-12T19:32:53.034Z,85872109000000,4353982,19730,-44023,-44014,,-33794,-36047,-36047,18024,2,2,-36047,-36047,0,1,1,0,,0,3,3,0,3,4,0,0,3380,,0,2,1,
2026-09-12T19:32:53.139Z,85872218000000,4354129,19732,-44035,-44016,,-33794,-33794,-33794,18024,2,2,-33794,-33794,0,1,1,0,,0,3,3,0,3,4,0,0,5633,,0,2,1,
2026-09-12T19:32:53.244Z,85872312000000,4354278,19733,-44021,-44017,,-33794,-32668,-32668,18024,2,2,-32668,-32668,0,1,1,0,,0,3,3,0,3,4,0,0,6759,,0,2,1,
2026-09-12T19:32:53.348Z,85872421000000,4354382,19734,-44013,-44018,,-33794,-31541,-31541,18024,2,2,-31541,-31541,0,1,1,0,,0,3,3,0,3,4,0,0,7886,,0,2,1,
2026-09-12T19:32:53.452Z,85872531000000,4354487,19735,-44025,-44018,,-33794,-31541,-31541,18024,2,2,-31541,-31541,0,1,1,0,,0,3,3,0,3,4,0,0,6759,,0,2,1,
2026-09-12T19:32:53.557Z,85872625000000,4354592,19736,-44037,-44019,,-33794,-30415,-30415,18024,2,2,-30415,-30415,0,1,1,0,,0,3,3,0,3,4,0,0,6759,,0,2,1,
2026-09-12T19:32:53.661Z,85872734000000,4354696,19737,-44031,-44021,,-33794,-28162,-28162,18024,2,2,-28162,-28162,0,1,1,0,,0,3,3,0,3,4,0,0,7885,,0,2,1,
2026-09-12T19:32:53.765Z,85872843000000,4354800,19738,-44022,-44022,,-33794,-27035,-27035,18024,2,2,-27035,-27035,0,1,1,0,,0,3,3,0,3,4,0,0,7886,,0,2,1,
2026-09-12T19:32:53.869Z,85872937000000,4354923,19740,-44020,-44023,,-33794,-25909,-25909,18024,2,2,-25909,-25909,0,1,1,0,,0,3,3,0,3,4,0,0,6759,,0,2,1,
2026-09-12T19:32:54.057Z,85873125000000,4355024,19741,-44024,-44023,,-25909,-25909,-25909,18024,2,2,-25909,-25909,0,1,1,0,,0,3,3,0,3,4,0,0,5632,,0,2,1,
2026-09-12T19:32:54.161Z,85873234000000,4355124,19742,-44011,-44023,,-25909,-25909,-25909,18024,2,2,-25909,-25909,0,1,1,0,,0,3,3,0,3,4,0,0,5632,,0,2,1,
2026-09-12T19:32:54.265Z,85873343000000,4355300,19743,-44013,-44022,,-25909,-27035,-27035,18024,2,2,-27035,-27035,0,1,1,0,,0,3,3,0,3,4,0,0,4506,,0,2,1,
2026-09-12T19:32:54.370Z,85873437000000,4355404,19744,-44020,-44021,,-25909,-28162,-28162,18024,2,2,-28162,-28162,0,1,1,0,,0,3,3,0,3,4,0,0,2253,,0,2,1,
2026-09-12T19:32:54.474Z,85873546000000,4355525,19746,-44036,-44023,,-25909,-25909,-25909,18024,2,2,-25909,-25909,0,1,1,0,,0,3,3,0,3,4,0,0,2253,,0,2,1,
2026-09-12T19:32:54.576Z,85873656000000,4355625,19747,-44015,-44025,,-25909,-23656,-23656,18024,2,2,-23656,-23656,0,1,1,0,,0,3,3,0,3,4,0,0,4506,,0,2,1,
2026-09-12T19:32:54.679Z,85873750000000,4355725,19748,-44018,-44024,,-25909,-24783,-24783,18024,2,2,-24783,-24783,0,1,1,0,,0,3,3,0,3,4,0,0,4506,,0,2,1,
2026-09-12T19:32:54.783Z,85873859000000,4355825,19749,-44028,-44023,,-25909,-25909,-25909,18024,2,2,-25909,-25909,0,1,1,0,,0,3,3,0,3,4,0,0,4506,,0,2,1,
2026-09-12T19:32:54.887Z,85873953000000,4355925,19750,-44014,-44022,,-25909,-27035,-27035,18024,2,2,-27035,-27035,0,1,1,0,,0,3,3,0,3,4,0,0,4506,,0,2,1,
2026-09-12T19:32:55.081Z,85874156000000,4356027,19751,-44021,-44022,,-27035,-27035,-27035,18024,2,2,-27035,-27035,0,1,1,0,,0,3,3,0,3,4,0,0,4506,,0,2,1,
2026-09-12T19:32:55.186Z,85874265000000,4356226,19753,-44017,-44022,,-27035,-27035,-27035,18024,2,2,-27035,-27035,0,1,1,0,,0,3,3,0,3,4,0,0,3379,,0,2,1,
2026-09-12T19:32:55.291Z,85874359000000,4356326,19754,-44022,-44022,,-27035,-27035,-27035,18024,2,2,-27035,-27035,0,1,1,0,,0,3,3,0,3,4,0,0,3379,,0,2,1,
2026-09-12T19:32:55.396Z,85874468000000,4356430,19755,-44008,-44021,,-27035,-28162,-28162,18024,2,2,-28162,-28162,0,1,1,0,,0,3,3,0,3,4,0,0,3379,,0,2,1,
2026-09-12T19:32:55.500Z,85874578000000,4356535,19756,-43998,-44019,,-27035,-30415,-30415,18024,2,2,-30415,-30415,0,1,1,0,,0,3,3,0,3,4,0,0,4506,,0,2,1,
2026-09-12T19:32:55.605Z,85874671000000,4356640,19757,-44023,-44018,,-27035,-31541,-31541,18024,2,2,-31541,-31541,0,1,1,0,,0,3,3,0,3,4,0,0,4506,,0,2,1,
2026-09-12T19:32:55.710Z,85874781000000,4356744,19758,-44021,-44018,,-27035,-31541,-31541,18024,2,2,-31541,-31541,0,1,1,0,,0,3,3,0,3,4,0,0,4506,,0,2,1,
2026-09-12T19:32:55.815Z,85874890000000,4356848,19759,-44016,-44018,,-27035,-31541,-31541,18024,2,2,-31541,-31541,0,1,1,0,,0,3,3,0,3,4,0,0,4506,,0,2,1,
2026-09-12T19:32:55.920Z,85875000000000,4356954,19760,-44011,-44018,,-27035,-31541,-31541,18024,2,2,-31541,-31541,0,1,1,0,,0,3,3,0,3,4,0,0,4506,,0,2,1,
2026-09-12T19:32:56.111Z,85875187000000,4357059,19761,-44010,-44017,,-33794,-32668,-32668,18024,2,2,-32668,-32668,0,1,1,0,,0,3,3,0,3,4,0,0,5633,,0,2,1,
2026-09-12T19:32:56.217Z,85875296000000,4357257,19763,-44013,-44015,,-33794,-34921,-34921,18024,2,2,-34921,-34921,0,1,1,0,,0,3,3,0,3,4,0,0,4506,,0,2,1,
2026-09-12T19:32:56.321Z,85875390000000,4357356,19764,-44016,-44015,,-33794,-34921,-34921,18024,2,2,-34921,-34921,0,1,1,0,,0,3,3,0,3,4,0,0,3380,,0,2,1,
2026-09-12T19:32:56.425Z,85875500000000,4357460,19765,-44017,-44015,,-33794,-34921,-34921,18024,2,2,-34921,-34921,0,1,1,0,,0,3,3,0,3,4,0,0,3380,,0,2,1,
2026-09-12T19:32:56.530Z,85875609000000,4357564,19766,-43999,-44015,,-33794,-34921,-34921,18024,2,2,-34921,-34921,0,1,1,0,,0,3,3,0,3,4,0,0,3380,,0,2,1,
2026-09-12T19:32:56.635Z,85875703000000,4357669,19767,-44014,-44015,,-33794,-34921,-34921,18024,2,2,-34921,-34921,0,1,1,0,,0,3,3,0,3,4,0,0,3380,,0,2,1,
2026-09-12T19:32:56.739Z,85875812000000,4357774,19768,-44010,-44014,,-33794,-36047,-36047,18024,2,2,-36047,-36047,0,1,1,0,,0,3,3,0,3,4,0,0,3379,,0,2,1,
2026-09-12T19:32:56.843Z,85875921000000,4357878,19769,-44014,-44014,,-33794,-36047,-36047,18024,2,2,-36047,-36047,0,1,1,0,,0,3,3,0,3,4,0,0,2253,,0,2,1,
2026-09-12T19:32:56.949Z,85876015000000,4357982,19770,-44015,-44014,,-33794,-36047,-36047,18024,2,2,-36047,-36047,0,1,1,0,,0,3,3,0,3,4,0,0,1126,,0,2,1,
2026-09-12T19:32:57.139Z,85876218000000,4358087,19771,-44022,-44014,,-33794,-36047,-36047,18024,2,2,-36047,-36047,0,1,1,0,,0,3,3,0,3,4,0,0,1126,,0,2,1,
2026-09-12T19:32:57.243Z,85876312000000,4358235,19773,-44017,-44016,,-33794,-33794,-33794,18024,2,2,-33794,-33794,0,1,1,0,,0,3,3,0,3,4,0,0,2253,,0,2,1,
2026-09-12T19:32:57.347Z,85876421000000,4358383,19774,-44013,-44016,,-33794,-33794,-33794,18024,2,2,-33794,-33794,0,1,1,0,,0,3,3,0,3,4,0,0,2253,,0,2,1,
2026-09-12T19:32:57.452Z,85876531000000,4358487,19775,-44037,-44016,,-33794,-33794,-33794,18024,2,2,-33794,-33794,0,1,1,0,,0,3,3,0,3,4,0,0,2253,,0,2,1,
2026-09-12T19:32:57.556Z,85876625000000,4358591,19776,-44024,-44017,,-33794,-32668,-32668,18024,2,2,-32668,-32668,0,1,1,0,,0,3,3,0,3,4,0,0,3379,,0,2,1,
2026-09-12T19:32:57.660Z,85876734000000,4358696,19777,-44010,-44018,,-33794,-31541,-31541,18024,2,2,-31541,-31541,0,1,1,0,,0,3,3,0,3,4,0,0,4506,,0,2,1,
2026-09-12T19:32:57.765Z,85876843000000,4358800,19778,-44025,-44019,,-33794,-30415,-30415,18024,2,2,-30415,-30415,0,1,1,0,,0,3,3,0,3,4,0,0,5632,,0,2,1,
2026-09-12T19:32:57.870Z,85876937000000,4358904,19779,-43999,-44018,,-33794,-31541,-31541,18024,2,2,-31541,-31541,0,1,1,0,,0,3,3,0,3,4,0,0,4506,,0,2,1,
2026-09-12T19:32:57.974Z,85877046000000,4359008,19780,-44009,-44017,,-33794,-32668,-32668,18024,2,2,-32668,-32668,0,1,1,0,,0,3,3,0,3,4,0,0,3379,,0,2,1,
2026-09-12T19:32:58.164Z,85877234000000,4359131,19782,-44005,-44015,,-34921,-34921,-34921,18024,2,2,-34921,-34921,0,1,1,0,,0,3,3,0,3,4,0,0,4506,,0,2,1,
2026-09-12T19:32:58.268Z,85877343000000,4359231,19783,-44017,-44015,,-34921,-34921,-34921,18024,2,2,-34921,-34921,0,1,1,0,,0,3,3,0,3,4,0,0,4506,,0,2,1,
2026-09-12T19:32:58.373Z,85877453000000,4359407,19784,-44022,-44015,,-34921,-34921,-34921,18024,2,2,-34921,-34921,0,1,1,0,,0,3,3,0,3,4,0,0,4506,,0,2,1,
2026-09-12T19:32:58.477Z,85877546000000,4359531,19786,-44023,-44017,,-34921,-32668,-32668,18024,2,2,-32668,-32668,0,1,1,0,,0,3,3,0,3,4,0,0,3380,,0,2,1,
2026-09-12T19:32:58.580Z,85877656000000,4359631,19787,-44010,-44018,,-34921,-31541,-31541,18024,2,2,-31541,-31541,0,1,1,0,,0,3,3,0,3,4,0,0,3380,,0,2,1,
2026-09-12T19:32:58.683Z,85877750000000,4359732,19788,-44007,-44017,,-34921,-32668,-32668,18024,2,2,-32668,-32668,0,1,1,0,,0,3,3,0,3,4,0,0,3380,,0,2,1,
2026-09-12T19:32:58.786Z,85877859000000,4359832,19789,-44002,-44016,,-34921,-33794,-33794,18024,2,2,-33794,-33794,0,1,1,0,,0,3,3,0,3,4,0,0,3380,,0,2,1,
2026-09-12T19:32:58.890Z,85877968000000,4359932,19790,-44009,-44015,,-34921,-34921,-34921,18024,2,2,-34921,-34921,0,1,1,0,,0,3,3,0,3,4,0,0,3380,,0,2,1,
2026-09-12T19:32:58.994Z,85878062000000,4360032,19791,-44026,-44014,,-34921,-36047,-36047,18024,2,2,-36047,-36047,0,1,1,0,,0,3,3,0,3,4,0,0,4506,,0,2,1,
2026-09-12T19:32:59.185Z,85878265000000,4360133,19792,-44026,-44016,,-32668,-33794,-33794,18024,2,2,-33794,-33794,0,1,1,0,,0,3,3,0,3,4,0,0,4506,,0,2,1,
2026-09-12T19:32:59.288Z,85878359000000,4360332,19794,-44018,-44017,,-32668,-32668,-32668,18024,2,2,-32668,-32668,0,1,1,0,,0,3,3,0,3,4,0,0,4506,,0,2,1,
2026-09-12T19:32:59.394Z,85878468000000,4360433,19795,-44024,-44017,,-32668,-32668,-32668,18024,2,2,-32668,-32668,0,1,1,0,,0,3,3,0,3,4,0,0,3379,,0,2,1,
2026-09-12T19:32:59.499Z,85878578000000,4360533,19796,-44021,-44018,,-32668,-31541,-31541,18024,2,2,-31541,-31541,0,1,1,0,,0,3,3,0,3,4,0,0,4506,,0,2,1,
2026-09-12T19:32:59.602Z,85878671000000,4360638,19797,-44024,-44019,,-32668,-30415,-30415,18024,2,2,-30415,-30415,0,1,1,0,,0,3,3,0,3,4,0,0,5632,,0,2,1,
2026-09-12T19:32:59.709Z,85878781000000,4360743,19798,-44034,-44020,,-32668,-29288,-29288,18024,2,2,-29288,-29288,0,1,1,0,,0,3,3,0,3,4,0,0,6759,,0,2,1,
2026-09-12T19:32:59.813Z,85878890000000,4360847,19799,-44014,-44021,,-32668,-28162,-28162,18024,2,2,-28162,-28162,0,1,1,0,,0,3,3,0,3,4,0,0,5632,,0,2,1,
2026-09-12T19:32:59.918Z,85878984000000,4360952,19800,-44021,-44021,,-32668,-28162,-28162,18024,2,2,-28162,-28162,0,1,1,0,,0,3,3,0,3,4,0,0,4506,,0,2,1,
2026-09-12T19:33:00.022Z,85879093000000,4361058,19801,-44019,-44021,,-32668,-28162,-28162,18024,2,2,-28162,-28162,0,1,1,0,,0,3,3,0,3,4,0,0,4506,,0,2,1,
2026-09-12T19:33:00.214Z,85879281000000,4361162,19802,-44030,-44021,,-27035,-28162,-28162,18024,2,2,-28162,-28162,0,1,1,0,,0,3,3,0,3,4,0,0,4506,,0,2,1,
2026-09-12T19:33:00.319Z,85879390000000,4361359,19804,-44021,-44023,,-27035,-25909,-25909,18024,2,2,-25909,-25909,0,1,1,0,,0,3,3,0,3,4,0,0,4506,,0,2,1,
2026-09-12T19:33:00.424Z,85879500000000,4361458,19805,-44007,-44023,,-27035,-25909,-25909,18024,2,2,-25909,-25909,0,1,1,0,,0,3,3,0,3,4,0,0,3379,,0,2,1,
2026-09-12T19:33:00.529Z,85879609000000,4361563,19806,-44008,-44021,,-27035,-28162,-28162,18024,2,2,-28162,-28162,0,1,1,0,,0,3,3,0,3,4,0,0,2253,,0,2,1,
2026-09-12T19:33:00.635Z,85879703000000,4361668,19807,-43998,-44019,,-27035,-30415,-30415,18024,2,2,-30415,-30415,0,1,1,0,,0,3,3,0,3,4,0,0,4506,,0,2,1,
2026-09-12T19:33:00.740Z,85879812000000,4361774,19808,-44001,-44017,,-27035,-32668,-32668,18024,2,2,-32668,-32668,0,1,1,0,,0,3,3,0,3,4,0,0,6759,,0,2,1,
2026-09-12T19:33:00.844Z,85879921000000,4361879,19809,-44006,-44015,,-27035,-34921,-34921,18024,2,2,-34921,-34921,0,1,1,0,,0,3,3,0,3,4,0,0,9012,,0,2,1,
2026-09-12T19:33:00.950Z,85880015000000,4361984,19810,-44009,-44014,,-27035,-36047,-36047,18024,2,2,-36047,-36047,0,1,1,0,,0,3,3,0,3,4,0,0,10138,,0,2,1,
2026-09-12T19:33:01.055Z,85880125000000,4362089,19811,-44013,-44013,,-27035,-37174,-37174,18024,2,2,-37174,-37174,0,1,1,0,,0,3,3,0,3,4,0,0,11265,,0,2,1,
2026-09-12T19:33:01.248Z,85880328000000,4362195,19812,-44013,-44013,,-37174,-37174,-37174,18024,2,2,-37174,-37174,0,1,1,0,,0,3,3,0,3,4,0,0,11265,,0,2,1,
2026-09-12T19:33:01.352Z,85880421000000,4362342,19814,-44017,-44013,,-37174,-37174,-37174,18024,2,2,-37174,-37174,0,1,1,0,,0,3,3,0,3,4,0,0,6759,,0,2,1,
2026-09-12T19:33:01.456Z,85880531000000,4362492,19815,-44002,-44013,,-37174,-37174,-37174,18024,2,2,-37174,-37174,0,1,1,0,,0,3,3,0,3,4,0,0,4506,,0,2,1,
2026-09-12T19:33:01.560Z,85880640000000,4362596,19816,-44016,-44013,,-37174,-37174,-37174,18024,2,2,-37174,-37174,0,1,1,0,,0,3,3,0,3,4,0,0,2253,,0,2,1,
2026-09-12T19:33:01.665Z,85880734000000,4362700,19817,-44027,-44013,,-37174,-37174,-37174,18024,2,2,-37174,-37174,0,1,1,0,,0,3,3,0,3,4,0,0,1127,,0,2,1,
2026-09-12T19:33:01.769Z,85880843000000,4362805,19818,-44020,-44014,,-37174,-36047,-36047,18024,2,2,-36047,-36047,0,1,1,0,,0,3,3,0,3,4,0,0,1127,,0,2,1,
2026-09-12T19:33:01.874Z,85880953000000,4362908,19819,-44002,-44015,,-37174,-34921,-34921,18024,2,2,-34921,-34921,0,1,1,0,,0,3,3,0,3,4,0,0,2253,,0,2,1,
2026-09-12T19:33:01.979Z,85881046000000,4363013,19820,-43991,-44013,,-37174,-37174,-37174,18024,2,2,-37174,-37174,0,1,1,0,,0,3,3,0,3,4,0,0,2253,,0,2,1,
2026-09-12T19:33:02.084Z,85881156000000,4363137,19822,-44028,-44012,,-37174,-38300,-38300,18024,2,2,-38300,-38300,0,1,1,0,,0,3,3,0,3,4,0,0,3379,,0,2,1,
2026-09-12T19:33:02.273Z,85881343000000,4363237,19823,-44023,-44013,,-36047,-37174,-37174,18024,2,2,-37174,-37174,0,1,1,0,,0,3,3,0,3,4,0,0,3379,,0,2,1,
2026-09-12T19:33:02.378Z,85881453000000,4363337,19824,-43997,-44014,,-36047,-36047,-36047,18024,2,2,-36047,-36047,0,1,1,0,,0,3,3,0,3,4,0,0,3379,,0,2,1,
2026-09-12T19:33:02.482Z,85881562000000,4363517,19825,-43996,-44012,,-36047,-38300,-38300,18024,2,2,-38300,-38300,0,1,1,0,,0,3,3,0,3,4,0,0,3379,,0,2,1,
2026-09-12T19:33:02.584Z,85881656000000,4363638,19827,-44006,-44009,,-36047,-41680,-41680,18024,2,2,-41680,-41680,0,1,1,0,,0,3,3,0,3,4,0,0,5633,,0,2,1,
2026-09-12T19:33:02.688Z,85881765000000,4363738,19828,-43998,-44009,,-36047,-41680,-41680,18024,2,2,-41680,-41680,0,1,1,0,,0,3,3,0,3,4,0,0,5633,,0,2,1,
2026-09-12T19:33:02.791Z,85881859000000,4363838,19829,-44017,-44009,,-36047,-41680,-41680,18024,2,2,-41680,-41680,0,1,1,0,,0,3,3,0,3,4,0,0,5633,,0,2,1,
2026-09-12T19:33:02.895Z,85881968000000,4363938,19830,-44007,-44009,,-36047,-41680,-41680,18024,2,2,-41680,-41680,0,1,1,0,,0,3,3,0,3,4,0,0,5633,,0,2,1,
2026-09-12T19:33:02.997Z,85882062000000,4364039,19831,-44011,-44009,,-36047,-41680,-41680,18024,2,2,-41680,-41680,0,1,1,0,,0,3,3,0,3,4,0,0,5633,,0,2,1,
2026-09-12T19:33:03.101Z,85882171000000,4364139,19832,-44000,-44009,,-36047,-41680,-41680,18024,2,2,-41680,-41680,0,1,1,0,,0,3,3,0,3,4,0,0,3380,,0,2,1,
2026-09-12T19:33:03.291Z,85882359000000,4364241,19833,-44007,-44009,,-41680,-41680,-41680,18024,2,2,-41680,-41680,0,1,1,0,,0,3,3,0,3,4,0,0,1127,,0,2,1,
2026-09-12T19:33:03.395Z,85882468000000,4364439,19835,-44011,-44009,,-41680,-41680,-41680,18024,2,2,-41680,-41680,0,1,1,0,,0,3,3,0,3,4,0,0,0,,0,2,1,
2026-09-12T19:33:03.497Z,85882562000000,4364539,19836,-44018,-44009,,-41680,-41680,-41680,18024,2,2,-41680,-41680,0,1,1,0,,0,3,3,0,3,4,0,0,0,,0,2,1,
2026-09-12T19:33:03.601Z,85882671000000,4364639,19837,-44023,-44010,,-41680,-40553,-40553,18024,2,2,-40553,-40553,0,1,1,0,,0,3,3,0,3,4,0,0,1127,,0,2,1,
2026-09-12T19:33:03.705Z,85882781000000,4364741,19838,-44009,-44011,,-41680,-39427,-39427,18024,2,2,-39427,-39427,0,1,1,0,,0,3,3,0,3,4,0,0,2253,,0,2,1,
2026-09-12T19:33:03.810Z,85882875000000,4364845,19839,-44015,-44012,,-41680,-38300,-38300,18024,2,2,-38300,-38300,0,1,1,0,,0,3,3,0,3,4,0,0,3380,,0,2,1,
2026-09-12T19:33:03.915Z,85882984000000,4364949,19840,-44030,-44012,,-41680,-38300,-38300,18024,2,2,-38300,-38300,0,1,1,0,,0,3,3,0,3,4,0,0,3380,,0,2,1,
2026-09-12T19:33:04.019Z,85883093000000,4365055,19841,-44011,-44012,,-41680,-38300,-38300,18024,2,2,-38300,-38300,0,1,1,0,,0,3,3,0,3,4,0,0,3380,,0,2,1,
2026-09-12T19:33:04.124Z,85883203000000,4365159,19842,-44030,-44014,,-41680,-36047,-36047,18024,2,2,-36047,-36047,0,1,1,0,,0,3,3,0,3,4,0,0,5633,,0,2,1,
2026-09-12T19:33:04.317Z,85883390000000,4365264,19843,-44038,-44016,,-31541,-33794,-33794,18024,2,2,-33794,-33794,0,1,1,0,,0,3,3,0,3,4,0,0,7886,,0,2,1,
2026-09-12T19:33:04.423Z,85883500000000,4365464,19845,-44015,-44018,,-31541,-31541,-31541,18024,2,2,-31541,-31541,0,1,1,0,,0,3,3,0,3,4,0,0,7886,,0,2,1,
2026-09-12T19:33:04.528Z,85883593000000,4365563,19846,-44010,-44018,,-31541,-31541,-31541,18024,2,2,-31541,-31541,0,1,1,0,,0,3,3,0,3,4,0,0,6759,,0,2,1,
2026-09-12T19:33:04.631Z,85883703000000,4365667,19847,-44021,-44018,,-31541,-31541,-31541,18024,2,2,-31541,-31541,0,1,1,0,,0,3,3,0,3,4,0,0,6759,,0,2,1,
2026-09-12T19:33:04.736Z,85883812000000,4365772,19848,-44014,-44017,,-31541,-32668,-32668,18024,2,2,-32668,-32668,0,1,1,0,,0,3,3,0,3,4,0,0,6759,,0,2,1,
2026-09-12T19:33:04.840Z,85883906000000,4365876,19849,-44014,-44017,,-31541,-32668,-32668,18024,2,2,-32668,-32668,0,1,1,0,,0,3,3,0,3,4,0,0,4506,,0,2,1,
2026-09-12T19:33:04.945Z,85884015000000,4365981,19850,-44018,-44017,,-31541,-32668,-32668,18024,2,2,-32668,-32668,0,1,1,0,,0,3,3,0,3,4,0,0,2253,,0,2,1,
2026-09-12T19:33:05.050Z,85884125000000,4366085,19851,-44029,-44017,,-31541,-32668,-32668,18024,2,2,-32668,-32668,0,1,1,0,,0,3,3,0,3,4,0,0,1127,,0,2,1,
2026-09-12T19:33:05.155Z,85884234000000,4366189,19852,-44024,-44018,,-31541,-31541,-31541,18024,2,2,-31541,-31541,0,1,1,0,,0,3,3,0,3,4,0,0,1127,,0,2,1,
2026-09-12T19:33:05.347Z,85884421000000,4366294,19853,-44022,-44019,,-31541,-30415,-30415,18024,2,2,-30415,-30415,0,1,1,0,,0,3,3,0,3,4,0,0,2253,,0,2,1,
2026-09-12T19:33:05.451Z,85884531000000,4366442,19855,-44004,-44018,,-31541,-31541,-31541,18024,2,2,-31541,-31541,0,1,1,0,,0,3,3,0,3,4,0,0,2253,,0,2,1,
2026-09-12T19:33:05.557Z,85884625000000,4366591,19856,-44011,-44017,,-31541,-32668,-32668,18024,2,2,-32668,-32668,0,1,1,0,,0,3,3,0,3,4,0,0,2253,,0,2,1,
2026-09-12T19:33:05.660Z,85884734000000,4366696,19857,-44027,-44016,,-31541,-33794,-33794,18024,2,2,-33794,-33794,0,1,1,0,,0,3,3,0,3,4,0,0,3379,,0,2,1,
2026-09-12T19:33:05.765Z,85884843000000,4366801,19858,-44000,-44015,,-31541,-34921,-34921,18024,2,2,-34921,-34921,0,1,1,0,,0,3,3,0,3,4,0,0,4506,,0,2,1,
2026-09-12T19:33:05.870Z,85884937000000,4366905,19859,-44012,-44015,,-31541,-34921,-34921,18024,2,2,-34921,-34921,0,1,1,0,,0,3,3,0,3,4,0,0,4506,,0,2,1,
2026-09-12T19:33:05.974Z,85885046000000,4367010,19860,-44036,-44015,,-31541,-34921,-34921,18024,2,2,-34921,-34921,0,1,1,0,,0,3,3,0,3,4,0,0,4506,,0,2,1,
2026-09-12T19:33:06.079Z,85885156000000,4367114,19861,-44009,-44015,,-31541,-34921,-34921,18024,2,2,-34921,-34921,0,1,1,0,,0,3,3,0,3,4,0,0,4506,,0,2,1,
2026-09-12T19:33:06.183Z,85885250000000,4367219,19862,-44007,-44014,,-31541,-36047,-36047,18024,2,2,-36047,-36047,0,1,1,0,,0,3,3,0,3,4,0,0,4506,,0,2,1,
2026-09-12T19:33:06.374Z,85885453000000,4367323,19863,-44010,-44013,,-39427,-37174,-37174,18024,2,2,-37174,-37174,0,1,1,0,,0,3,3,0,3,4,0,0,4506,,0,2,1,
2026-09-12T19:33:06.479Z,85885546000000,4367444,19865,-43999,-44011,,-39427,-39427,-39427,18024,2,2,-39427,-39427,0,1,1,0,,0,3,3,0,3,4,0,0,4506,,0,2,1,
2026-09-12T19:33:06.583Z,85885656000000,4367618,19866,-44004,-44010,,-39427,-40553,-40553,18024,2,2,-40553,-40553,0,1,1,0,,0,3,3,0,3,4,0,0,5632,,0,2,1,
2026-09-12T19:33:06.687Z,85885765000000,4367722,19867,-44004,-44009,,-39427,-41680,-41680,18024,2,2,-41680,-41680,0,1,1,0,,0,3,3,0,3,4,0,0,6759,,0,2,1,
2026-09-12T19:33:06.790Z,85885859000000,4367845,19869,-44016,-44009,,-39427,-41680,-41680,18024,2,2,-41680,-41680,0,1,1,0,,0,3,3,0,3,4,0,0,6759,,0,2,1,
2026-09-12T19:33:06.894Z,85885968000000,4367945,19870,-44010,-44010,,-39427,-40553,-40553,18024,2,2,-40553,-40553,0,1,1,0,,0,3,3,0,3,4,0,0,5632,,0,2,1,
2026-09-12T19:33:06.998Z,85886078000000,4368045,19871,-44021,-44011,,-39427,-39427,-39427,18024,2,2,-39427,-39427,0,1,1,0,,0,3,3,0,3,4,0,0,4506,,0,2,1,
2026-09-12T19:33:07.101Z,85886171000000,4368146,19872,-44011,-44011,,-39427,-39427,-39427,18024,2,2,-39427,-39427,0,1,1,0,,0,3,3,0,3,4,0,0,3379,,0,2,1,
2026-09-12T19:33:07.207Z,85886281000000,4368246,19873,-44006,-44011,,-39427,-39427,-39427,18024,2,2,-39427,-39427,0,1,1,0,,0,3,3,0,3,4,0,0,3379,,0,2,1,
2026-09-12T19:33:07.397Z,85886468000000,4368347,19874,-43998,-44010,,-42806,-40553,-40553,18024,2,2,-40553,-40553,0,1,1,0,,0,3,3,0,3,4,0,0,3379,,0,2,1,
2026-09-12T19:33:07.500Z,85886578000000,4368546,19876,-44003,-44007,,-42806,-43933,-43933,18024,2,2,-43933,-43933,0,1,1,0,,0,3,3,0,3,4,0,0,4506,,0,2,1,
2026-09-12T19:33:07.603Z,85886671000000,4368646,19877,-43989,-44005,,-42806,-46186,-46186,18024,2,2,-46186,-46186,0,1,1,0,,0,3,3,0,3,4,0,0,6759,,0,2,1,
2026-09-12T19:33:07.710Z,85886781000000,4368747,19878,-44000,-44004,,-42806,-47312,-47312,18024,2,2,-47312,-47312,0,1,1,0,,0,3,3,0,3,4,0,0,7885,,0,2,1,
2026-09-12T19:33:07.814Z,85886890000000,4368849,19879,-44012,-44003,,-42806,-48439,-48439,18024,2,2,-48439,-48439,0,1,1,0,,0,3,3,0,3,4,0,0,9012,,0,2,1,
2026-09-12T19:33:07.920Z,85887000000000,4368954,19880,-44020,-44004,,-42806,-47312,-47312,18024,2,2,-47312,-47312,0,1,1,0,,0,3,3,0,3,4,0,0,9012,,0,2,1,
2026-09-12T19:33:08.023Z,85887093000000,4369059,19881,-44010,-44005,,-42806,-46186,-46186,18024,2,2,-46186,-46186,0,1,1,0,,0,3,3,0,3,4,0,0,7886,,0,2,1,
2026-09-12T19:33:08.129Z,85887203000000,4369164,19882,-44008,-44006,,-42806,-45059,-45059,18024,2,2,-45059,-45059,0,1,1,0,,0,3,3,0,3,4,0,0,5633,,0,2,1,
2026-09-12T19:33:08.234Z,85887312000000,4369269,19883,-44030,-44007,,-42806,-43933,-43933,18024,2,2,-43933,-43933,0,1,1,0,,0,3,3,0,3,4,0,0,4506,,0,2,1,
2026-09-12T19:33:08.426Z,85887500000000,4369375,19884,-44012,-44008,,-41680,-42806,-42806,18024,2,2,-42806,-42806,0,1,1,0,,0,3,3,0,3,4,0,0,5633,,0,2,1,
2026-09-12T19:33:08.530Z,85887609000000,4369572,19886,-44003,-44008,,-41680,-42806,-42806,18024,2,2,-42806,-42806,0,1,1,0,,0,3,3,0,3,4,0,0,6759,,0,2,1,
2026-09-12T19:33:08.634Z,85887703000000,4369671,19887,-44005,-44007,,-41680,-43933,-43933,18024,2,2,-43933,-43933,0,1,1,0,,0,3,3,0,3,4,0,0,5632,,0,2,1,
2026-09-12T19:33:08.738Z,85887812000000,4369774,19888,-44017,-44007,,-41680,-43933,-43933,18024,2,2,-43933,-43933,0,1,1,0,,0,3,3,0,3,4,0,0,4506,,0,2,1,
2026-09-12T19:33:08.843Z,85887921000000,4369878,19889,-44001,-44007,,-41680,-43933,-43933,18024,2,2,-43933,-43933,0,1,1,0,,0,3,3,0,3,4,0,0,3379,,0,2,1,
2026-09-12T19:33:08.948Z,85888015000000,4369983,19890,-44017,-44008,,-41680,-42806,-42806,18024,2,2,-42806,-42806,0,1,1,0,,0,3,3,0,3,4,0,0,2253,,0,2,1,
2026-09-12T19:33:09.054Z,85888125000000,4370088,19891,-44008,-44008,,-41680,-42806,-42806,18024,2,2,-42806,-42806,0,1,1,0,,0,3,3,0,3,4,0,0,2253,,0,2,1,
2026-09-12T19:33:09.159Z,85888234000000,4370194,19892,-43998,-44008,,-41680,-42806,-42806,18024,2,2,-42806,-42806,0,1,1,0,,0,3,3,0,3,4,0,0,2253,,0,2,1,
2026-09-12T19:33:09.263Z,85888328000000,4370299,19893,-44018,-44008,,-41680,-42806,-42806,18024,2,2,-42806,-42806,0,1,1,0,,0,3,3,0,3,4,0,0,1127,,0,2,1,
2026-09-12T19:33:09.456Z,85888531000000,4370403,19894,-44022,-44009,,-40553,-41680,-41680,18024,2,2,-41680,-41680,0,1,1,0,,0,3,3,0,3,4,0,0,2253,,0,2,1,
2026-09-12T19:33:09.560Z,85888640000000,4370551,19896,-44006,-44010,,-40553,-40553,-40553,18024,2,2,-40553,-40553,0,1,1,0,,0,3,3,0,3,4,0,0,3380,,0,2,1,
2026-09-12T19:33:09.664Z,85888734000000,4370700,19897,-44027,-44010,,-40553,-40553,-40553,18024,2,2,-40553,-40553,0,1,1,0,,0,3,3,0,3,4,0,0,2253,,0,2,1,
2026-09-12T19:33:09.769Z,85888843000000,4370805,19898,-44026,-44012,,-40553,-38300,-38300,18024,2,2,-38300,-38300,0,1,1,0,,0,3,3,0,3,4,0,0,4506,,0,2,1,
2026-09-12T19:33:09.873Z,85888953000000,4370908,19899,-44016,-44014,,-40553,-36047,-36047,18024,2,2,-36047,-36047,0,1,1,0,,0,3,3,0,3,4,0,0,6759,,0,2,1,
2026-09-12T19:33:09.978Z,85889046000000,4371014,19900,-44033,-44016,,-40553,-33794,-33794,18024,2,2,-33794,-33794,0,1,1,0,,0,3,3,0,3,4,0,0,9012,,0,2,1,
2026-09-12T19:33:10.083Z,85889156000000,4371118,19901,-44040,-44018,,-40553,-31541,-31541,18024,2,2,-31541,-31541,0,1,1,0,,0,3,3,0,3,4,0,0,10139,,0,2,1,
2026-09-12T19:33:10.188Z,85889265000000,4371223,19902,-44015,-44020,,-40553,-29288,-29288,18024,2,2,-29288,-29288,0,1,1,0,,0,3,3,0,3,4,0,0,11265,,0,2,1,
2026-09-12T19:33:10.293Z,85889359000000,4371327,19903,-44004,-44019,,-40553,-30415,-30415,18024,2,2,-30415,-30415,0,1,1,0,,0,3,3,0,3,4,0,0,11265,,0,2,1,
2026-09-12T19:33:10.483Z,85889562000000,4371452,19905,-44025,-44017,,-31541,-32668,-32668,18024,2,2,-32668,-32668,0,1,1,0,,0,3,3,0,3,4,0,0,9012,,0,2,1,
2026-09-12T19:33:10.588Z,85889656000000,4371552,19906,-44035,-44018,,-31541,-31541,-31541,18024,2,2,-31541,-31541,0,1,1,0,,0,3,3,0,3,4,0,0,6759,,0,2,1,
2026-09-12T19:33:10.692Z,85889765000000,4371727,19907,-44025,-44019,,-31541,-30415,-30415,18024,2,2,-30415,-30415,0,1,1,0,,0,3,3,0,3,4,0,0,4506,,0,2,1,
2026-09-12T19:33:10.796Z,85889875000000,4371832,19908,-44007,-44020,,-31541,-29288,-29288,18024,2,2,-29288,-29288,0,1,1,0,,0,3,3,0,3,4,0,0,3380,,0,2,1,
2026-09-12T19:33:10.899Z,85889968000000,4371952,19910,-44013,-44018,,-31541,-31541,-31541,18024,2,2,-31541,-31541,0,1,1,0,,0,3,3,0,3,4,0,0,3380,,0,2,1,
2026-09-12T19:33:11.003Z,85890078000000,4372053,19911,-44018,-44017,,-31541,-32668,-32668,18024,2,2,-32668,-32668,0,1,1,0,,0,3,3,0,3,4,0,0,3380,,0,2,1,
2026-09-12T19:33:11.108Z,85890187000000,4372153,19912,-44025,-44017,,-31541,-32668,-32668,18024,2,2,-32668,-32668,0,1,1,0,,0,3,3,0,3,4,0,0,3380,,0,2,1,
2026-09-12T19:33:11.211Z,85890281000000,4372253,19913,-44017,-44017,,-31541,-32668,-32668,18024,2,2,-32668,-32668,0,1,1,0,,0,3,3,0,3,4,0,0,3380,,0,2,1,
2026-09-12T19:33:11.316Z,85890390000000,4372353,19914,-44012,-44017,,-31541,-32668,-32668,18024,2,2,-32668,-32668,0,1,1,0,,0,3,3,0,3,4,0,0,3380,,0,2,1,
2026-09-12T19:33:11.508Z,85890578000000,4372456,19915,-44018,-44017,,-33794,-32668,-32668,18024,2,2,-32668,-32668,0,1,1,0,,0,3,3,0,3,4,0,0,3380,,0,2,1,
2026-09-12T19:33:11.610Z,85890687000000,4372654,19917,-44018,-44016,,-33794,-33794,-33794,18024,2,2,-33794,-33794,0,1,1,0,,0,3,3,0,3,4,0,0,2253,,0,2,1,
2026-09-12T19:33:11.714Z,85890781000000,4372754,19918,-44029,-44016,,-33794,-33794,-33794,18024,2,2,-33794,-33794,0,1,1,0,,0,3,3,0,3,4,0,0,1126,,0,2,1,
2026-09-12T19:33:11.819Z,85890890000000,4372855,19919,-44005,-44016,,-33794,-33794,-33794,18024,2,2,-33794,-33794,0,1,1,0,,0,3,3,0,3,4,0,0,1126,,0,2,1,
2026-09-12T19:33:11.923Z,85891000000000,4372959,19920,-44005,-44015,,-33794,-34921,-34921,18024,2,2,-34921,-34921,0,1,1,0,,0,3,3,0,3,4,0,0,2253,,0,2,1,
2026-09-12T19:33:12.029Z,85891109000000,4373064,19921,-44017,-44014,,-33794,-36047,-36047,18024,2,2,-36047,-36047,0,1,1,0,,0,3,3,0,3,4,0,0,3379,,0,2,1,
2026-09-12T19:33:12.134Z,85891203000000,4373169,19922,-44013,-44014,,-33794,-36047,-36047,18024,2,2,-36047,-36047,0,1,1,0,,0,3,3,0,3,4,0,0,3379,,0,2,1,
2026-09-12T19:33:12.238Z,85891312000000,4373274,19923,-44019,-44014,,-33794,-36047,-36047,18024,2,2,-36047,-36047,0,1,1,0,,0,3,3,0,3,4,0,0,2253,,0,2,1,
2026-09-12T19:33:12.343Z,85891421000000,4373378,19924,-44023,-44015,,-33794,-34921,-34921,18024,2,2,-34921,-34921,0,1,1,0,,0,3,3,0,3,4,0,0,2253,,0,2,1,
2026-09-12T19:33:12.536Z,85891609000000,4373484,19925,-44018,-44016,,-33794,-33794,-33794,18024,2,2,-33794,-33794,0,1,1,0,,0,3,3,0,3,4,0,0,2253,,0,2,1,
2026-09-12T19:33:12.639Z,85891718000000,4373682,19927,-44005,-44016,,-33794,-33794,-33794,18024,2,2,-33794,-33794,0,1,1,0,,0,3,3,0,3,4,0,0,2253,,0,2,1,
2026-09-12T19:33:12.744Z,85891812000000,4373780,19928,-43994,-44015,,-33794,-34921,-34921,18024,2,2,-34921,-34921,0,1,1,0,,0,3,3,0,3,4,0,0,2253,,0,2,1,
2026-09-12T19:33:12.848Z,85891921000000,4373884,19929,-43996,-44013,,-33794,-37174,-37174,18024,2,2,-37174,-37174,0,1,1,0,,0,3,3,0,3,4,0,0,3380,,0,2,1,
2026-09-12T19:33:12.953Z,85892031000000,4373988,19930,-43993,-44011,,-33794,-39427,-39427,18024,2,2,-39427,-39427,0,1,1,0,,0,3,3,0,3,4,0,0,5633,,0,2,1,
2026-09-12T19:33:13.057Z,85892125000000,4374093,19931,-43993,-44009,,-33794,-41680,-41680,18024,2,2,-41680,-41680,0,1,1,0,,0,3,3,0,3,4,0,0,7886,,0,2,1,
2026-09-12T19:33:13.162Z,85892234000000,4374197,19932,-44018,-44007,,-33794,-43933,-43933,18024,2,2,-43933,-43933,0,1,1,0,,0,3,3,0,3,4,0,0,10139,,0,2,1,
2026-09-12T19:33:13.266Z,85892343000000,4374302,19933,-44003,-44006,,-33794,-45059,-45059,18024,2,2,-45059,-45059,0,1,1,0,,0,3,3,0,3,4,0,0,11265,,0,2,1,
2026-09-12T19:33:13.370Z,85892437000000,4374407,19934,-44017,-44007,,-33794,-43933,-43933,18024,2,2,-43933,-43933,0,1,1,0,,0,3,3,0,3,4,0,0,11265,,0,2,1,
2026-09-12T19:33:13.563Z,85892640000000,4374511,19935,-44013,-44008,,-42806,-42806,-42806,18024,2,2,-42806,-42806,0,1,1,0,,0,3,3,0,3,4,0,0,10138,,0,2,1,
2026-09-12T19:33:13.668Z,85892734000000,4374657,19937,-44002,-44008,,-42806,-42806,-42806,18024,2,2,-42806,-42806,0,1,1,0,,0,3,3,0,3,4,0,0,5632,,0,2,1,
2026-09-12T19:33:13.771Z,85892843000000,4374807,19938,-43999,-44007,,-42806,-43933,-43933,18024,2,2,-43933,-43933,0,1,1,0,,0,3,3,0,3,4,0,0,3379,,0,2,1,
2026-09-12T19:33:13.876Z,85892953000000,4374912,19939,-44006,-44006,,-42806,-45059,-45059,18024,2,2,-45059,-45059,0,1,1,0,,0,3,3,0,3,4,0,0,3379,,0,2,1,
2026-09-12T19:33:13.980Z,85893046000000,4375017,19940,-44019,-44006,,-42806,-45059,-45059,18024,2,2,-45059,-45059,0,1,1,0,,0,3,3,0,3,4,0,0,3379,,0,2,1,
2026-09-12T19:33:14.084Z,85893156000000,4375120,19941,-44016,-44007,,-42806,-43933,-43933,18024,2,2,-43933,-43933,0,1,1,0,,0,3,3,0,3,4,0,0,3379,,0,2,1,
2026-09-12T19:33:14.188Z,85893265000000,4375225,19942,-44021,-44009,,-42806,-41680,-41680,18024,2,2,-41680,-41680,0,1,1,0,,0,3,3,0,3,4,0,0,3379,,0,2,1,
2026-09-12T19:33:14.294Z,85893359000000,4375329,19943,-44012,-44010,,-42806,-40553,-40553,18024,2,2,-40553,-40553,0,1,1,0,,0,3,3,0,3,4,0,0,4506,,0,2,1,
2026-09-12T19:33:14.399Z,85893468000000,4375434,19944,-44002,-44010,,-42806,-40553,-40553,18024,2,2,-40553,-40553,0,1,1,0,,0,3,3,0,3,4,0,0,4506,,0,2,1,
2026-09-12T19:33:14.587Z,85893656000000,4375559,19946,-44003,-44008,,-43933,-42806,-42806,18024,2,2,-42806,-42806,0,1,1,0,,0,3,3,0,3,4,0,0,4506,,0,2,1,
2026-09-12T19:33:14.691Z,85893765000000,4375659,19947,-44005,-44007,,-43933,-43933,-43933,18024,2,2,-43933,-43933,0,1,1,0,,0,3,3,0,3,4,0,0,4506,,0,2,1,
2026-09-12T19:33:14.796Z,85893875000000,4375832,19948,-44008,-44007,,-43933,-43933,-43933,18024,2,2,-43933,-43933,0,1,1,0,,0,3,3,0,3,4,0,0,3380,,0,2,1,
2026-09-12T19:33:14.901Z,85893968000000,4375936,19949,-44003,-44007,,-43933,-43933,-43933,18024,2,2,-43933,-43933,0,1,1,0,,0,3,3,0,3,4,0,0,3380,,0,2,1,
2026-09-12T19:33:15.005Z,85894078000000,4376060,19951,-44029,-44007,,-43933,-43933,-43933,18024,2,2,-43933,-43933,0,1,1,0,,0,3,3,0,3,4,0,0,3380,,0,2,1,
2026-09-12T19:33:15.107Z,85894187000000,4376160,19952,-44020,-44009,,-43933,-41680,-41680,18024,2,2,-41680,-41680,0,1,1,0,,0,3,3,0,3,4,0,0,2253,,0,2,1,
2026-09-12T19:33:15.212Z,85894281000000,4376260,19953,-44009,-44010,,-43933,-40553,-40553,18024,2,2,-40553,-40553,0,1,1,0,,0,3,3,0,3,4,0,0,3380,,0,2,1,
2026-09-12T19:33:15.315Z,85894390000000,4376360,19954,-44002,-44010,,-43933,-40553,-40553,18024,2,2,-40553,-40553,0,1,1,0,,0,3,3,0,3,4,0,0,3380,,0,2,1,
2026-09-12T19:33:15.418Z,85894484000000,4376460,19955,-43999,-44009,,-43933,-41680,-41680,18024,2,2,-41680,-41680,0,1,1,0,,0,3,3,0,3,4,0,0,3380,,0,2,1,
2026-09-12T19:33:15.607Z,85894687000000,4376560,19956,-44005,-44008,,-42806,-42806,-42806,18024,2,2,-42806,-42806,0,1,1,0,,0,3,3,0,3,4,0,0,3380,,0,2,1,
2026-09-12T19:33:15.710Z,85894781000000,4376761,19958,-44007,-44008,,-42806,-42806,-42806,18024,2,2,-42806,-42806,0,1,1,0,,0,3,3,0,3,4,0,0,3380,,0,2,1,
2026-09-12T19:33:15.813Z,85894890000000,4376861,19959,-44020,-44008,,-42806,-42806,-42806,18024,2,2,-42806,-42806,0,1,1,0,,0,3,3,0,3,4,0,0,2253,,0,2,1,
2026-09-12T19:33:15.917Z,85894984000000,4376961,19960,-44014,-44009,,-42806,-41680,-41680,18024,2,2,-41680,-41680,0,1,1,0,,0,3,3,0,3,4,0,0,2253,,0,2,1,
2026-09-12T19:33:16.021Z,85895093000000,4377061,19961,-44014,-44010,,-42806,-40553,-40553,18024,2,2,-40553,-40553,0,1,1,0,,0,3,3,0,3,4,0,0,2253,,0,2,1,
2026-09-12T19:33:16.126Z,85895203000000,4377162,19962,-44009,-44011,,-42806,-39427,-39427,18024,2,2,-39427,-39427,0,1,1,0,,0,3,3,0,3,4,0,0,3379,,0,2,1,
2026-09-12T19:33:16.229Z,85895296000000,4377267,19963,-44003,-44011,,-42806,-39427,-39427,18024,2,2,-39427,-39427,0,1,1,0,,0,3,3,0,3,4,0,0,3379,,0,2,1,
2026-09-12T19:33:16.334Z,85895406000000,4377370,19964,-43996,-44010,,-42806,-40553,-40553,18024,2,2,-40553,-40553,0,1,1,0,,0,3,3,0,3,4,0,0,3379,,0,2,1,
2026-09-12T19:33:16.438Z,85895515000000,4377474,19965,-44004,-44009,,-42806,-41680,-41680,18024,2,2,-41680,-41680,0,1,1,0,,0,3,3,0,3,4,0,0,3379,,0,2,1,
2026-09-12T19:33:16.628Z,85895703000000,4377579,19966,-44010,-44008,,-42806,-42806,-42806,18024,2,2,-42806,-42806,0,1,1,0,,0,3,3,0,3,4,0,0,3379,,0,2,1,
2026-09-12T19:33:16.734Z,85895812000000,4377775,19968,-44010,-44008,,-42806,-42806,-42806,18024,2,2,-42806,-42806,0,1,1,0,,0,3,3,0,3,4,0,0,3379,,0,2,1,
2026-09-12T19:33:16.839Z,85895906000000,4377874,19969,-44016,-44008,,-42806,-42806,-42806,18024,2,2,-42806,-42806,0,1,1,0,,0,3,3,0,3,4,0,0,3379,,0,2,1,
2026-09-12T19:33:16.944Z,85896015000000,4377979,19970,-44013,-44009,,-42806,-41680,-41680,18024,2,2,-41680,-41680,0,1,1,0,,0,3,3,0,3,4,0,0,3379,,0,2,1,
2026-09-12T19:33:17.049Z,85896125000000,4378084,19971,-44010,-44010,,-42806,-40553,-40553,18024,2,2,-40553,-40553,0,1,1,0,,0,3,3,0,3,4,0,0,2253,,0,2,1,
2026-09-12T19:33:17.153Z,85896218000000,4378188,19972,-44019,-44010,,-42806,-40553,-40553,18024,2,2,-40553,-40553,0,1,1,0,,0,3,3,0,3,4,0,0,2253,,0,2,1,
2026-09-12T19:33:17.258Z,85896328000000,4378294,19973,-44016,-44011,,-42806,-39427,-39427,18024,2,2,-39427,-39427,0,1,1,0,,0,3,3,0,3,4,0,0,3379,,0,2,1,
2026-09-12T19:33:17.362Z,85896437000000,4378399,19974,-44003,-44012,,-42806,-38300,-38300,18024,2,2,-38300,-38300,0,1,1,0,,0,3,3,0,3,4,0,0,4506,,0,2,1,
2026-09-12T19:33:17.467Z,85896546000000,4378503,19975,-44017,-44013,,-42806,-37174,-37174,18024,2,2,-37174,-37174,0,1,1,0,,0,3,3,0,3,4,0,0,5632,,0,2,1,
2026-09-12T19:33:17.658Z,85896734000000,4378607,19976,-44022,-44014,,-34921,-36047,-36047,18024,2,2,-36047,-36047,0,1,1,0,,0,3,3,0,3,4,0,0,6759,,0,2,1,
2026-09-12T19:33:17.762Z,85896828000000,4378764,19978,-44031,-44015,,-34921,-34921,-34921,18024,2,2,-34921,-34921,0,1,1,0,,0,3,3,0,3,4,0,0,5632,,0,2,1,
2026-09-12T19:33:17.868Z,85896937000000,4378903,19979,-44008,-44014,,-34921,-36047,-36047,18024,2,2,-36047,-36047,0,1,1,0,,0,3,3,0,3,4,0,0,5632,,0,2,1,
2026-09-12T19:33:17.973Z,85897046000000,4379008,19980,-43999,-44013,,-34921,-37174,-37174,18024,2,2,-37174,-37174,0,1,1,0,,0,3,3,0,3,4,0,0,4506,,0,2,1,
2026-09-12T19:33:18.078Z,85897156000000,4379114,19981,-44021,-44012,,-34921,-38300,-38300,18024,2,2,-38300,-38300,0,1,1,0,,0,3,3,0,3,4,0,0,3379,,0,2,1,
2026-09-12T19:33:18.181Z,85897250000000,4379218,19982,-44033,-44013,,-34921,-37174,-37174,18024,2,2,-37174,-37174,0,1,1,0,,0,3,3,0,3,4,0,0,3379,,0,2,1,
2026-09-12T19:33:18.286Z,85897359000000,4379323,19983,-44028,-44015,,-34921,-34921,-34921,18024,2,2,-34921,-34921,0,1,1,0,,0,3,3,0,3,4,0,0,3379,,0,2,1,
2026-09-12T19:33:18.390Z,85897468000000,4379426,19984,-44026,-44017,,-34921,-32668,-32668,18024,2,2,-32668,-32668,0,1,1,0,,0,3,3,0,3,4,0,0,5632,,0,2,1,
2026-09-12T19:33:18.495Z,85897562000000,4379531,19985,-44032,-44018,,-34921,-31541,-31541,18024,2,2,-31541,-31541,0,1,1,0,,0,3,3,0,3,4,0,0,6759,,0,2,1,
2026-09-12T19:33:18.687Z,85897765000000,4379636,19986,-44033,-44020,,-25909,-29288,-29288,18024,2,2,-29288,-29288,0,1,1,0,,0,3,3,0,3,4,0,0,9012,,0,2,1,
2026-09-12T19:33:18.791Z,85897859000000,4379783,19988,-44027,-44023,,-25909,-25909,-25909,18024,2,2,-25909,-25909,0,1,1,0,,0,3,3,0,3,4,0,0,12391,,0,2,1,
2026-09-12T19:33:18.896Z,85897968000000,4379932,19989,-44027,-44024,,-25909,-24783,-24783,18024,2,2,-24783,-24783,0,1,1,0,,0,3,3,0,3,4,0,0,12391,,0,2,1,
2026-09-12T19:33:18.999Z,85898078000000,4380037,19990,-44010,-44024,,-25909,-24783,-24783,18024,2,2,-24783,-24783,0,1,1,0,,0,3,3,0,3,4,0,0,10138,,0,2,1,
2026-09-12T19:33:19.103Z,85898171000000,4380141,19991,-43997,-44022,,-25909,-27035,-27035,18024,2,2,-27035,-27035,0,1,1,0,,0,3,3,0,3,4,0,0,7885,,0,2,1,
2026-09-12T19:33:19.208Z,85898281000000,4380244,19992,-44006,-44020,,-25909,-29288,-29288,18024,2,2,-29288,-29288,0,1,1,0,,0,3,3,0,3,4,0,0,6758,,0,2,1,
2026-09-12T19:33:19.311Z,85898390000000,4380367,19994,-44013,-44016,,-25909,-33794,-33794,18024,2,2,-33794,-33794,0,1,1,0,,0,3,3,0,3,4,0,0,9011,,0,2,1,
2026-09-12T19:33:19.414Z,85898484000000,4380467,19995,-44015,-44016,,-25909,-33794,-33794,18024,2,2,-33794,-33794,0,1,1,0,,0,3,3,0,3,4,0,0,9011,,0,2,1,
2026-09-12T19:33:19.517Z,85898593000000,4380567,19996,-44008,-44016,,-25909,-33794,-33794,18024,2,2,-33794,-33794,0,1,1,0,,0,3,3,0,3,4,0,0,9011,,0,2,1,
2026-09-12T19:33:19.706Z,85898781000000,4380668,19997,-44019,-44016,,-33794,-33794,-33794,18024,2,2,-33794,-33794,0,1,1,0,,0,3,3,0,3,4,0,0,9011,,0,2,1,
2026-09-12T19:33:19.811Z,85898890000000,4380768,19998,-44023,-44016,,-33794,-33794,-33794,18024,2,2,-33794,-33794,0,1,1,0,,0,3,3,0,3,4,0,0,6759,,0,2,1,
2026-09-12T19:33:19.915Z,85898984000000,4380968,20000,-44010,-44015,,-33794,-34921,-34921,18024,2,2,-34921,-34921,0,1,1,0,,0,3,3,0,3,4,0,0,2253,,0,2,1,
2026-09-12T19:33:20.018Z,85899093000000,4381068,20001,-44029,-44014,,-33794,-36047,-36047,18024,2,2,-36047,-36047,0,1,1,0,,0,3,3,0,3,4,0,0,2253,,0,2,1,
2026-09-12T19:33:20.122Z,85899187000000,4381168,20002,-44020,-44015,,-33794,-34921,-34921,18024,2,2,-34921,-34921,0,1,1,0,,0,3,3,0,3,4,0,0,2253,,0,2,1,
2026-09-12T19:33:20.225Z,85899296000000,4381268,20003,-44013,-44016,,-33794,-33794,-33794,18024,2,2,-33794,-33794,0,1,1,0,,0,3,3,0,3,4,0,0,2253,,0,2,1,
2026-09-12T19:33:20.330Z,85899406000000,4381369,20004,-43995,-44016,,-33794,-33794,-33794,18024,2,2,-33794,-33794,0,1,1,0,,0,3,3,0,3,4,0,0,2253,,0,2,1,
2026-09-12T19:33:20.435Z,85899500000000,4381471,20005,-44011,-44015,,-33794,-34921,-34921,18024,2,2,-34921,-34921,0,1,1,0,,0,3,3,0,3,4,0,0,2253,,0,2,1,
2026-09-12T19:33:20.538Z,85899609000000,4381576,20006,-44004,-44014,,-33794,-36047,-36047,18024,2,2,-36047,-36047,0,1,1,0,,0,3,3,0,3,4,0,0,2253,,0,2,1,
2026-09-12T19:33:20.729Z,85899796000000,4381680,20007,-44002,-44013,,-38300,-37174,-37174,18024,2,2,-37174,-37174,0,1,1,0,,0,3,3,0,3,4,0,0,3380,,0,2,1,
2026-09-12T19:33:20.833Z,85899906000000,4381876,20009,-44021,-44013,,-38300,-37174,-37174,18024,2,2,-37174,-37174,0,1,1,0,,0,3,3,0,3,4,0,0,4506,,0,2,1,
2026-09-12T19:33:20.938Z,85900015000000,4381974,20010,-44013,-44013,,-38300,-37174,-37174,18024,2,2,-37174,-37174,0,1,1,0,,0,3,3,0,3,4,0,0,4506,,0,2,1,
2026-09-12T19:33:21.042Z,85900109000000,4382079,20011,-44008,-44013,,-38300,-37174,-37174,18024,2,2,-37174,-37174,0,1,1,0,,0,3,3,0,3,4,0,0,4506,,0,2,1,
2026-09-12T19:33:21.147Z,85900218000000,4382183,20012,-44018,-44013,,-38300,-37174,-37174,18024,2,2,-37174,-37174,0,1,1,0,,0,3,3,0,3,4,0,0,3379,,0,2,1,
2026-09-12T19:33:21.251Z,85900328000000,4382287,20013,-44038,-44014,,-38300,-36047,-36047,18024,2,2,-36047,-36047,0,1,1,0,,0,3,3,0,3,4,0,0,2253,,0,2,1,
2026-09-12T19:33:21.355Z,85900421000000,4382392,20014,-44020,-44015,,-38300,-34921,-34921,18024,2,2,-34921,-34921,0,1,1,0,,0,3,3,0,3,4,0,0,3379,,0,2,1,
2026-09-12T19:33:21.459Z,85900531000000,4382496,20015,-44007,-44016,,-38300,-33794,-33794,18024,2,2,-33794,-33794,0,1,1,0,,0,3,3,0,3,4,0,0,4506,,0,2,1,
2026-09-12T19:33:21.564Z,85900640000000,4382600,20016,-44009,-44015,,-38300,-34921,-34921,18024,2,2,-34921,-34921,0,1,1,0,,0,3,3,0,3,4,0,0,3380,,0,2,1,
2026-09-12T19:33:21.755Z,85900828000000,4382705,20017,-44004,-44014,,-37174,-36047,-36047,18024,2,2,-36047,-36047,0,1,1,0,,0,3,3,0,3,4,0,0,3380,,0,2,1,
2026-09-12T19:33:21.859Z,85900937000000,4382903,20019,-44023,-44012,,-37174,-38300,-38300,18024,2,2,-38300,-38300,0,1,1,0,,0,3,3,0,3,4,0,0,4506,,0,2,1,
2026-09-12T19:33:21.964Z,85901031000000,4383001,20020,-44022,-44013,,-37174,-37174,-37174,18024,2,2,-37174,-37174,0,1,1,0,,0,3,3,0,3,4,0,0,4506,,0,2,1,
2026-09-12T19:33:22.068Z,85901140000000,4383105,20021,-44023,-44014,,-37174,-36047,-36047,18024,2,2,-36047,-36047,0,1,1,0,,0,3,3,0,3,4,0,0,4506,,0,2,1,
2026-09-12T19:33:22.173Z,85901250000000,4383210,20022,-44030,-44015,,-37174,-34921,-34921,18024,2,2,-34921,-34921,0,1,1,0,,0,3,3,0,3,4,0,0,4506,,0,2,1,
2026-09-12T19:33:22.277Z,85901343000000,4383314,20023,-44005,-44016,,-37174,-33794,-33794,18024,2,2,-33794,-33794,0,1,1,0,,0,3,3,0,3,4,0,0,4506,,0,2,1,
2026-09-12T19:33:22.382Z,85901453000000,4383419,20024,-44009,-44015,,-37174,-34921,-34921,18024,2,2,-34921,-34921,0,1,1,0,,0,3,3,0,3,4,0,0,4506,,0,2,1,
2026-09-12T19:33:22.487Z,85901562000000,4383523,20025,-44036,-44014,,-37174,-36047,-36047,18024,2,2,-36047,-36047,0,1,1,0,,0,3,3,0,3,4,0,0,4506,,0,2,1,
2026-09-12T19:33:22.593Z,85901671000000,4383628,20026,-44027,-44016,,-37174,-33794,-33794,18024,2,2,-33794,-33794,0,1,1,0,,0,3,3,0,3,4,0,0,4506,,0,2,1,
2026-09-12T19:33:22.786Z,85901859000000,4383734,20027,-44031,-44018,,-28162,-31541,-31541,18024,2,2,-31541,-31541,0,1,1,0,,0,3,3,0,3,4,0,0,5633,,0,2,1,
2026-09-12T19:33:22.890Z,85901968000000,4383881,20029,-44012,-44021,,-28162,-28162,-28162,18024,2,2,-28162,-28162,0,1,1,0,,0,3,3,0,3,4,0,0,7885,,0,2,1,
2026-09-12T19:33:22.995Z,85902062000000,4384032,20030,-44018,-44021,,-28162,-28162,-28162,18024,2,2,-28162,-28162,0,1,1,0,,0,3,3,0,3,4,0,0,7885,,0,2,1,
2026-09-12T19:33:23.098Z,85902171000000,4384136,20031,-44041,-44021,,-28162,-28162,-28162,18024,2,2,-28162,-28162,0,1,1,0,,0,3,3,0,3,4,0,0,7885,,0,2,1,
2026-09-12T19:33:23.203Z,85902281000000,4384240,20032,-44015,-44021,,-28162,-28162,-28162,18024,2,2,-28162,-28162,0,1,1,0,,0,3,3,0,3,4,0,0,7885,,0,2,1,
2026-09-12T19:33:23.308Z,85902375000000,4384344,20033,-44016,-44020,,-28162,-29288,-29288,18024,2,2,-29288,-29288,0,1,1,0,,0,3,3,0,3,4,0,0,5632,,0,2,1,
2026-09-12T19:33:23.413Z,85902484000000,4384449,20034,-44039,-44019,,-28162,-30415,-30415,18024,2,2,-30415,-30415,0,1,1,0,,0,3,3,0,3,4,0,0,3379,,0,2,1,
2026-09-12T19:33:23.517Z,85902593000000,4384574,20036,-44015,-44021,,-28162,-28162,-28162,18024,2,2,-28162,-28162,0,1,1,0,,0,3,3,0,3,4,0,0,2253,,0,2,1,
2026-09-12T19:33:23.621Z,85902687000000,4384674,20037,-44027,-44022,,-28162,-27035,-27035,18024,2,2,-27035,-27035,0,1,1,0,,0,3,3,0,3,4,0,0,3380,,0,2,1,
2026-09-12T19:33:23.808Z,85902875000000,4384774,20038,-44033,-44023,,-24783,-25909,-25909,18024,2,2,-25909,-25909,0,1,1,0,,0,3,3,0,3,4,0,0,4506,,0,2,1,
2026-09-12T19:33:23.914Z,85902984000000,4384874,20039,-44030,-44024,,-24783,-24783,-24783,18024,2,2,-24783,-24783,0,1,1,0,,0,3,3,0,3,4,0,0,5632,,0,2,1,
2026-09-12T19:33:24.017Z,85903093000000,4385075,20041,-44019,-44024,,-24783,-24783,-24783,18024,2,2,-24783,-24783,0,1,1,0,,0,3,3,0,3,4,0,0,6759,,0,2,1,
2026-09-12T19:33:24.120Z,85903187000000,4385175,20042,-44013,-44023,,-24783,-25909,-25909,18024,2,2,-25909,-25909,0,1,1,0,,0,3,3,0,3,4,0,0,5632,,0,2,1,
2026-09-12T19:33:24.224Z,85903296000000,4385275,20043,-44017,-44022,,-24783,-27035,-27035,18024,2,2,-27035,-27035,0,1,1,0,,0,3,3,0,3,4,0,0,4506,,0,2,1,
2026-09-12T19:33:24.327Z,85903406000000,4385375,20044,-44007,-44021,,-24783,-28162,-28162,18024,2,2,-28162,-28162,0,1,1,0,,0,3,3,0,3,4,0,0,4506,,0,2,1,
2026-09-12T19:33:24.430Z,85903500000000,4385475,20045,-44025,-44020,,-24783,-29288,-29288,18024,2,2,-29288,-29288,0,1,1,0,,0,3,3,0,3,4,0,0,5632,,0,2,1,
2026-09-12T19:33:24.535Z,85903609000000,4385576,20046,-44004,-44018,,-24783,-31541,-31541,18024,2,2,-31541,-31541,0,1,1,0,,0,3,3,0,3,4,0,0,7885,,0,2,1,
2026-09-12T19:33:24.639Z,85903718000000,4385677,20047,-44005,-44016,,-24783,-33794,-33794,18024,2,2,-33794,-33794,0,1,1,0,,0,3,3,0,3,4,0,0,10138,,0,2,1,
2026-09-12T19:33:24.830Z,85903906000000,4385781,20048,-44025,-44015,,-34921,-34921,-34921,18024,2,2,-34921,-34921,0,1,1,0,,0,3,3,0,3,4,0,0,10138,,0,2,1,
2026-09-12T19:33:24.936Z,85904015000000,4385977,20050,-44015,-44015,,-34921,-34921,-34921,18024,2,2,-34921,-34921,0,1,1,0,,0,3,3,0,3,4,0,0,7886,,0,2,1,
2026-09-12T19:33:25.040Z,85904109000000,4386077,20051,-44023,-44015,,-34921,-34921,-34921,18024,2,2,-34921,-34921,0,1,1,0,,0,3,3,0,3,4,0,0,6759,,0,2,1,
2026-09-12T19:33:25.144Z,85904218000000,4386181,20052,-44036,-44016,,-34921,-33794,-33794,18024,2,2,-33794,-33794,0,1,1,0,,0,3,3,0,3,4,0,0,5633,,0,2,1,
2026-09-12T19:33:25.248Z,85904328000000,4386286,20053,-44022,-44017,,-34921,-32668,-32668,18024,2,2,-32668,-32668,0,1,1,0,,0,3,3,0,3,4,0,0,3380,,0,2,1,
2026-09-12T19:33:25.353Z,85904421000000,4386389,20054,-44018,-44018,,-34921,-31541,-31541,18024,2,2,-31541,-31541,0,1,1,0,,0,3,3,0,3,4,0,0,3380,,0,2,1,
2026-09-12T19:33:25.457Z,85904531000000,4386494,20055,-44025,-44019,,-34921,-30415,-30415,18024,2,2,-30415,-30415,0,1,1,0,,0,3,3,0,3,4,0,0,4506,,0,2,1,
2026-09-12T19:33:25.561Z,85904640000000,4386599,20056,-44023,-44020,,-34921,-29288,-29288,18024,2,2,-29288,-29288,0,1,1,0,,0,3,3,0,3,4,0,0,5633,,0,2,1,
2026-09-12T19:33:25.666Z,85904734000000,4386703,20057,-44012,-44020,,-34921,-29288,-29288,18024,2,2,-29288,-29288,0,1,1,0,,0,3,3,0,3,4,0,0,5633,,0,2,1,
2026-09-12T19:33:25.858Z,85904937000000,4386807,20058,-44010,-44019,,-31541,-30415,-30415,18024,2,2,-30415,-30415,0,1,1,0,,0,3,3,0,3,4,0,0,5633,,0,2,1,
2026-09-12T19:33:25.962Z,85905031000000,4387005,20060,-44012,-44017,,-31541,-32668,-32668,18024,2,2,-32668,-32668,0,1,1,0,,0,3,3,0,3,4,0,0,3380,,0,2,1,
2026-09-12T19:33:26.067Z,85905140000000,4387104,20061,-44021,-44016,,-31541,-33794,-33794,18024,2,2,-33794,-33794,0,1,1,0,,0,3,3,0,3,4,0,0,4506,,0,2,1,
2026-09-12T19:33:26.173Z,85905250000000,4387208,20062,-44019,-44016,,-31541,-33794,-33794,18024,2,2,-33794,-33794,0,1,1,0,,0,3,3,0,3,4,0,0,4506,,0,2,1,
2026-09-12T19:33:26.277Z,85905343000000,4387314,20063,-44015,-44016,,-31541,-33794,-33794,18024,2,2,-33794,-33794,0,1,1,0,,0,3,3,0,3,4,0,0,4506,,0,2,1,
2026-09-12T19:33:26.382Z,85905453000000,4387419,20064,-44011,-44016,,-31541,-33794,-33794,18024,2,2,-33794,-33794,0,1,1,0,,0,3,3,0,3,4,0,0,4506,,0,2,1,
2026-09-12T19:33:26.487Z,85905562000000,4387523,20065,-44016,-44016,,-31541,-33794,-33794,18024,2,2,-33794,-33794,0,1,1,0,,0,3,3,0,3,4,0,0,3379,,0,2,1,
2026-09-12T19:33:26.592Z,85905671000000,4387628,20066,-44020,-44016,,-31541,-33794,-33794,18024,2,2,-33794,-33794,0,1,1,0,,0,3,3,0,3,4,0,0,2253,,0,2,1,
2026-09-12T19:33:26.696Z,85905765000000,4387733,20067,-44023,-44017,,-31541,-32668,-32668,18024,2,2,-32668,-32668,0,1,1,0,,0,3,3,0,3,4,0,0,1126,,0,2,1,
2026-09-12T19:33:26.888Z,85905953000000,4387838,20068,-44000,-44017,,-34921,-32668,-32668,18024,2,2,-32668,-32668,0,1,1,0,,0,3,3,0,3,4,0,0,1126,,0,2,1,
2026-09-12T19:33:26.993Z,85906062000000,4387984,20070,-44010,-44015,,-34921,-34921,-34921,18024,2,2,-34921,-34921,0,1,1,0,,0,3,3,0,3,4,0,0,2253,,0,2,1,
2026-09-12T19:33:27.097Z,85906171000000,4388134,20071,-44020,-44014,,-34921,-36047,-36047,18024,2,2,-36047,-36047,0,1,1,0,,0,3,3,0,3,4,0,0,3379,,0,2,1,
2026-09-12T19:33:27.201Z,85906281000000,4388238,20072,-44025,-44015,,-34921,-34921,-34921,18024,2,2,-34921,-34921,0,1,1,0,,0,3,3,0,3,4,0,0,3379,,0,2,1,
2026-09-12T19:33:27.306Z,85906375000000,4388343,20073,-44020,-44016,,-34921,-33794,-33794,18024,2,2,-33794,-33794,0,1,1,0,,0,3,3,0,3,4,0,0,3379,,0,2,1,
2026-09-12T19:33:27.410Z,85906484000000,4388447,20074,-44014,-44017,,-34921,-32668,-32668,18024,2,2,-32668,-32668,0,1,1,0,,0,3,3,0,3,4,0,0,3379,,0,2,1,
2026-09-12T19:33:27.515Z,85906593000000,4388552,20075,-44034,-44017,,-34921,-32668,-32668,18024,2,2,-32668,-32668,0,1,1,0,,0,3,3,0,3,4,0,0,3379,,0,2,1,
2026-09-12T19:33:27.619Z,85906687000000,4388657,20076,-44023,-44018,,-34921,-31541,-31541,18024,2,2,-31541,-31541,0,1,1,0,,0,3,3,0,3,4,0,0,4506,,0,2,1,
2026-09-12T19:33:27.723Z,85906796000000,4388761,20077,-44013,-44019,,-34921,-30415,-30415,18024,2,2,-30415,-30415,0,1,1,0,,0,3,3,0,3,4,0,0,5632,,0,2,1,
2026-09-12T19:33:27.912Z,85906984000000,4388882,20079,-44029,-44021,,-28162,-28162,-28162,18024,2,2,-28162,-28162,0,1,1,0,,0,3,3,0,3,4,0,0,6759,,0,2,1,
