utc,firmware,map,display_count,display_decimals,status_flags,net_mass_ug,gross_mass_ug,tare_mass_ug,sample_sequence,uptime_ms,profile,sample_rate,gain,overrun_count,storage_state,power_safe,dirty,revision,saved_revision,fault_mask,persistent_format,active_slot,storage_sequence,word_order,signature,application,mode,state,limited,reason,offset_ug,uncompensated_gross_ug,corrected_gross_ug,reference_ug,current_window_ug,reference_error_ug,correction_rate_milli_ug_per_s,holdoff_remaining,reference_fill,observation_fill,automatic_rebase_count,evaluation_count,save_request_count_low
2026-09-23T09:17:11.208Z,0x0517,0x0104,50009,2,31,500083349,500083349,0,17496,1753198,0,0,3,0,0,1,0,8,8,0,3,2,8,high,0x55B5,0,2,3,0,1,0,500078843,500078843,0,0,0,0,0,8,0,0,0,0
2026-09-23T09:17:12.209Z,0x0517,0x0104,50009,2,31,500085601,500085601,0,17506,1754199,0,0,3,0,0,1,0,8,8,0,3,2,8,high,0x55B5,0,2,3,0,1,0,500082222,500082222,0,0,0,0,0,9,0,0,0,0
2026-09-23T09:17:13.198Z,0x0517,0x0104,50009,2,31,500086728,500086728,0,17516,1755188,0,0,3,0,0,1,0,8,8,0,3,2,8,high,0x55B5,0,2,3,0,1,0,500084475,500084475,0,0,0,0,0,10,0,0,0,0
2026-09-23T09:17:14.201Z,0x0517,0x0104,50009,2,31,500085601,500085601,0,17526,1756189,0,0,3,0,0,1,0,8,8,0,3,2,8,high,0x55B5,0,2,3,0,1,0,500085601,500085601,0,0,0,0,0,11,0,0,0,0
2026-09-23T09:17:15.205Z,0x0517,0x0104,50009,2,31,500090107,500090107,0,17536,1757193,0,0,3,0,0,1,0,8,8,0,3,2,8,high,0x55B5,0,2,3,0,1,0,500085601,500085601,0,0,0,0,0,12,0,0,0,0
2026-09-23T09:17:16.207Z,0x0517,0x0104,50009,2,31,500083349,500083349,0,17546,1758196,0,0,3,0,0,1,0,8,8,0,3,2,8,high,0x55B5,0,2,3,0,1,0,500087854,500087854,0,0,0,0,0,13,0,0,0,0
2026-09-23T09:17:17.208Z,0x0517,0x0104,50009,2,31,500087854,500087854,0,17556,1759198,0,0,3,0,0,1,0,8,8,0,3,2,8,high,0x55B5,0,2,3,0,1,0,500085601,500085601,0,0,0,0,0,14,0,0,0,0
2026-09-23T09:17:18.213Z,0x0517,0x0104,50008,2,31,500092359,500092359,0,17566,1760200,0,0,3,0,0,1,0,8,8,0,3,2,8,high,0x55B5,0,2,3,0,1,0,500090107,500090107,0,0,0,0,0,15,0,0,0,0
2026-09-23T09:17:19.198Z,0x0517,0x0104,50008,2,31,500090107,500090107,0,17576,1761189,0,0,3,0,0,1,0,8,8,0,3,2,8,high,0x55B5,0,2,3,0,1,0,500091233,500091233,0,0,0,0,0,16,0,0,0,0
2026-09-23T09:17:20.203Z,0x0517,0x0104,50008,2,31,500086728,500086728,0,17586,1762193,0,0,3,0,0,1,0,8,8,0,3,2,8,high,0x55B5,0,2,3,0,1,0,500086728,500086728,0,0,0,0,0,17,0,0,0,0
2026-09-23T09:17:21.203Z,0x0517,0x0104,50008,2,31,500082222,500082222,0,17596,1763195,0,0,3,0,0,1,0,8,8,0,3,2,8,high,0x55B5,0,2,3,0,1,0,500082222,500082222,0,0,0,0,0,18,0,0,0,0
2026-09-23T09:17:22.203Z,0x0517,0x0104,50008,2,31,500086728,500086728,0,17606,1764195,0,0,3,0,0,1,0,8,8,0,3,2,8,high,0x55B5,0,2,3,0,1,0,500087854,500087854,0,0,0,0,0,19,0,0,0,0
2026-09-23T09:17:23.204Z,0x0517,0x0104,50008,2,31,500088980,500088980,0,17616,1765194,0,0,3,0,0,1,0,8,8,0,3,2,8,high,0x55B5,0,2,3,0,1,0,500087854,500087854,0,0,0,0,0,20,0,0,0,0
2026-09-23T09:17:24.205Z,0x0517,0x0104,50008,2,31,500085601,500085601,0,17626,1766195,0,0,3,0,0,1,0,8,8,0,3,2,8,high,0x55B5,0,2,3,0,1,0,500087854,500087854,0,0,0,0,0,21,0,0,0,0
2026-09-23T09:17:25.206Z,0x0517,0x0104,50009,2,31,500095738,500095738,0,17636,1767197,0,0,3,0,0,1,0,8,8,0,3,2,8,high,0x55B5,0,2,3,0,1,0,500095738,500095738,0,0,0,0,0,22,0,0,0,0
2026-09-23T09:17:26.208Z,0x0517,0x0104,50009,2,31,500091233,500091233,0,17646,1768198,0,0,3,0,0,1,0,8,8,0,3,2,8,high,0x55B5,0,2,3,0,1,0,500087854,500087854,0,0,0,0,0,23,0,0,0,0
2026-09-23T09:17:27.209Z,0x0517,0x0104,50009,2,31,500082222,500082222,0,17656,1769200,0,0,3,0,0,1,0,8,8,0,3,2,8,high,0x55B5,0,2,3,0,1,0,500083349,500083349,0,0,0,0,0,24,0,0,0,0
2026-09-23T09:17:28.210Z,0x0517,0x0104,50009,2,31,500085601,500085601,0,17666,1770201,0,0,3,0,0,1,0,8,8,0,3,2,8,high,0x55B5,0,2,3,0,1,0,500088980,500088980,0,0,0,0,0,25,0,0,0,0
2026-09-23T09:17:29.195Z,0x0517,0x0104,50009,2,31,500094612,500094612,0,17676,1771198,0,0,3,0,0,1,0,8,8,0,3,2,8,high,0x55B5,0,2,3,0,1,0,500094612,500094612,0,0,0,0,0,26,0,0,0,0
2026-09-23T09:17:30.197Z,0x0517,0x0104,50009,2,31,500086728,500086728,0,17686,1772200,0,0,3,0,0,1,0,8,8,0,3,2,8,high,0x55B5,0,2,3,0,1,0,500084475,500084475,0,0,0,0,0,27,0,0,0,0
2026-09-23T09:17:31.197Z,0x0517,0x0104,50009,2,31,500090107,500090107,0,17696,1773201,0,0,3,0,0,1,0,8,8,0,3,2,8,high,0x55B5,0,2,3,0,1,0,500091233,500091233,0,0,0,0,0,28,0,0,0,0
2026-09-23T09:17:32.199Z,0x0517,0x0104,50009,2,31,500091233,500091233,0,17706,1774203,0,0,3,0,0,1,0,8,8,0,3,2,8,high,0x55B5,0,2,3,0,1,0,500090107,500090107,0,0,0,0,0,29,0,0,0,0
2026-09-23T09:17:33.201Z,0x0517,0x0104,50009,2,31,500088980,500088980,0,17716,1775204,0,0,3,0,0,1,0,8,8,0,3,2,8,high,0x55B5,0,2,3,0,1,0,500088980,500088980,0,0,0,0,0,30,0,0,0,0
2026-09-23T09:17:34.200Z,0x0517,0x0104,50009,2,31,500088980,500088980,0,17726,1776205,0,0,3,0,0,1,0,8,8,0,3,2,8,high,0x55B5,0,2,3,0,1,0,500088980,500088980,0,0,0,0,0,31,0,0,0,0
2026-09-23T09:17:35.203Z,0x0517,0x0104,50009,2,31,500096865,500096865,0,17735,1777107,0,0,3,0,0,1,0,8,8,0,3,2,8,high,0x55B5,0,2,3,0,1,0,500097991,500097991,0,0,0,0,0,32,0,0,0,0
2026-09-23T09:17:36.205Z,0x0517,0x0104,50009,2,31,500091233,500091233,0,17746,1778208,0,0,3,0,0,1,0,8,8,0,3,2,8,high,0x55B5,0,2,3,0,1,0,500091233,500091233,0,0,0,0,0,33,0,0,0,0
2026-09-23T09:17:37.207Z,0x0517,0x0104,50009,2,31,500095738,500095738,0,17756,1779210,0,0,3,0,0,1,0,8,8,0,3,2,8,high,0x55B5,0,2,3,0,1,0,500095738,500095738,0,0,0,0,0,34,0,0,0,0
2026-09-23T09:17:38.207Z,0x0517,0x0104,50009,2,31,500086728,500086728,0,17766,1780211,0,0,3,0,0,1,0,8,8,0,3,2,8,high,0x55B5,0,2,3,0,1,0,500084475,500084475,0,0,0,0,0,35,0,0,0,0
2026-09-23T09:17:39.208Z,0x0517,0x0104,50009,2,31,500093486,500093486,0,17776,1781213,0,0,3,0,0,1,0,8,8,0,3,2,8,high,0x55B5,0,2,3,0,1,0,500093486,500093486,0,0,0,0,0,36,0,0,0,0
2026-09-23T09:17:40.211Z,0x0517,0x0104,50009,2,31,500087854,500087854,0,17786,1782214,0,0,3,0,0,1,0,8,8,0,3,2,8,high,0x55B5,0,2,3,0,1,0,500088980,500088980,0,0,0,0,0,37,0,0,0,0
2026-09-23T09:17:41.196Z,0x0517,0x0104,50009,2,31,500087854,500087854,0,17795,1783116,0,0,3,0,0,1,0,8,8,0,3,2,8,high,0x55B5,0,2,3,0,1,0,500088980,500088980,0,0,0,0,0,38,0,0,0,0
2026-09-23T09:17:42.198Z,0x0517,0x0104,50009,2,31,500088980,500088980,0,17805,1784117,0,0,3,0,0,1,0,8,8,0,3,2,8,high,0x55B5,0,2,3,0,1,0,500090107,500090107,0,0,0,0,0,39,0,0,0,0
2026-09-23T09:17:43.204Z,0x0517,0x0104,50009,2,31,500092359,500092359,0,17815,1785118,0,0,3,0,0,1,0,8,8,0,3,2,8,high,0x55B5,0,2,3,0,1,0,500093486,500093486,0,0,0,0,0,40,0,0,0,0
2026-09-23T09:17:44.206Z,0x0517,0x0104,50009,2,31,500094612,500094612,0,17825,1786120,0,0,3,0,0,1,0,8,8,0,3,2,8,high,0x55B5,0,2,3,0,1,0,500093486,500093486,0,0,0,0,0,41,0,0,0,0
2026-09-23T09:17:45.207Z,0x0517,0x0104,50009,2,31,500087854,500087854,0,17835,1787121,0,0,3,0,0,1,0,8,8,0,3,2,8,high,0x55B5,0,2,3,0,1,0,500086728,500086728,0,0,0,0,0,42,0,0,0,0
2026-09-23T09:17:46.210Z,0x0517,0x0104,50009,2,31,500087854,500087854,0,17845,1788122,0,0,3,0,0,1,0,8,8,0,3,2,8,high,0x55B5,0,2,3,0,1,0,500088980,500088980,0,0,0,0,0,43,0,0,0,0
2026-09-23T09:17:47.195Z,0x0517,0x0104,50009,2,31,500088980,500088980,0,17855,1789124,0,0,3,0,0,1,0,8,8,0,3,2,8,high,0x55B5,0,2,3,0,1,0,500090107,500090107,0,0,0,0,0,44,0,0,0,0
2026-09-23T09:17:48.196Z,0x0517,0x0104,50009,2,31,500091233,500091233,0,17865,1790125,0,0,3,0,0,1,0,8,8,0,3,2,8,high,0x55B5,0,2,3,0,1,0,500092359,500092359,0,0,0,0,0,45,0,0,0,0
2026-09-23T09:17:49.199Z,0x0517,0x0104,50009,2,31,500085601,500085601,0,17875,1791126,0,0,3,0,0,1,0,8,8,0,3,2,8,high,0x55B5,0,2,3,0,1,0,500087854,500087854,0,0,0,0,0,46,0,0,0,0
2026-09-23T09:17:50.204Z,0x0517,0x0104,50009,2,31,500084475,500084475,0,17885,1792128,0,0,3,0,0,1,0,8,8,0,3,2,8,high,0x55B5,0,2,3,0,1,0,500084475,500084475,0,0,0,0,0,47,0,0,0,0
2026-09-23T09:17:51.203Z,0x0517,0x0104,50009,2,31,500094612,500094612,0,17895,1793129,0,0,3,0,0,1,0,8,8,0,3,2,8,high,0x55B5,0,2,3,0,1,0,500094612,500094612,0,0,0,0,0,48,0,0,0,0
2026-09-23T09:17:52.204Z,0x0517,0x0104,50009,2,31,500093486,500093486,0,17905,1794130,0,0,3,0,0,1,0,8,8,0,3,2,8,high,0x55B5,0,2,3,0,1,0,500092359,500092359,0,0,0,0,0,49,0,0,0,0
2026-09-23T09:17:53.206Z,0x0517,0x0104,50009,2,31,500099117,500099117,0,17915,1795133,0,0,3,0,0,1,0,8,8,0,3,2,8,high,0x55B5,0,2,3,0,1,0,500096865,500096865,0,0,0,0,0,50,0,0,0,0
2026-09-23T09:17:54.205Z,0x0517,0x0104,50009,2,31,500093486,500093486,0,17925,1796133,0,0,3,0,0,1,0,8,8,0,3,2,8,high,0x55B5,0,2,3,0,1,0,500093486,500093486,0,0,0,0,0,51,0,0,0,0
2026-09-23T09:17:55.208Z,0x0517,0x0104,50009,2,31,500094612,500094612,0,17935,1797134,0,0,3,0,0,1,0,8,8,0,3,2,8,high,0x55B5,0,2,3,0,1,0,500094612,500094612,0,0,0,0,0,52,0,0,0,0
2026-09-23T09:17:56.209Z,0x0517,0x0104,50009,2,31,500085601,500085601,0,17945,1798136,0,0,3,0,0,1,0,8,8,0,3,2,8,high,0x55B5,0,2,3,0,1,0,500084475,500084475,0,0,0,0,0,53,0,0,0,0
2026-09-23T09:17:57.212Z,0x0517,0x0104,50009,2,31,500093486,500093486,0,17955,1799137,0,0,3,0,0,1,0,8,8,0,3,2,8,high,0x55B5,0,2,3,0,1,0,500095738,500095738,0,0,0,0,0,54,0,0,0,0
2026-09-23T09:17:58.203Z,0x0517,0x0104,50009,2,31,500091233,500091233,0,17965,1800139,0,0,3,0,0,1,0,8,8,0,3,2,8,high,0x55B5,0,2,3,0,1,0,500088980,500088980,0,0,0,0,0,55,0,0,0,0
2026-09-23T09:17:59.203Z,0x0517,0x0104,50009,2,31,500091233,500091233,0,17975,1801140,0,0,3,0,0,1,0,8,8,0,3,2,8,high,0x55B5,0,2,3,0,1,0,500091233,500091233,0,0,0,0,0,56,0,0,0,0
2026-09-23T09:18:00.204Z,0x0517,0x0104,50009,2,31,500088980,500088980,0,17985,1802141,0,0,3,0,0,1,0,8,8,0,3,2,8,high,0x55B5,0,2,3,0,1,0,500091233,500091233,0,0,0,0,0,57,0,0,0,0
2026-09-23T09:18:01.207Z,0x0517,0x0104,50009,2,31,500093486,500093486,0,17995,1803143,0,0,3,0,0,1,0,8,8,0,3,2,8,high,0x55B5,0,2,3,0,1,0,500093486,500093486,0,0,0,0,0,58,0,0,0,0
2026-09-23T09:18:02.211Z,0x0517,0x0104,50009,2,31,500095738,500095738,0,18005,1804144,0,0,3,0,0,1,0,8,8,0,3,2,8,high,0x55B5,0,2,3,0,1,0,500095738,500095738,0,0,0,0,0,59,0,0,0,0
2026-09-23T09:18:03.202Z,0x0517,0x0104,50009,2,31,500095738,500095738,0,18015,1805190,0,0,3,0,0,1,0,8,8,0,3,2,8,high,0x55B5,0,2,3,0,1,0,500094612,500094612,0,0,0,0,0,60,0,0,0,0
2026-09-23T09:18:04.207Z,0x0517,0x0104,50009,2,31,500095738,500095738,0,18025,1806147,0,0,3,0,0,1,0,8,8,0,3,2,8,high,0x55B5,0,2,3,0,1,0,500096865,500096865,0,0,0,0,0,61,0,0,0,0
2026-09-23T09:18:05.211Z,0x0517,0x0104,50009,2,31,500095738,500095738,0,18035,1807148,0,0,3,0,0,1,0,8,8,0,3,2,8,high,0x55B5,0,2,3,0,1,0,500094612,500094612,0,0,0,0,0,62,0,0,0,0
2026-09-23T09:18:06.202Z,0x0517,0x0104,50009,2,31,500097991,500097991,0,18045,1808190,0,0,3,0,0,1,0,8,8,0,3,2,8,high,0x55B5,0,2,3,0,1,0,500097991,500097991,0,0,0,0,0,63,0,0,0,0
2026-09-23T09:18:07.213Z,0x0517,0x0104,50009,2,31,500092359,500092359,0,18055,1809151,0,0,3,0,0,1,0,8,8,0,3,2,8,high,0x55B5,0,2,3,0,1,0,500091233,500091233,0,0,0,0,0,64,0,0,0,0
2026-09-23T09:18:08.204Z,0x0517,0x0104,50009,2,31,500084475,500084475,0,18065,1810193,0,0,3,0,0,1,0,8,8,0,3,2,8,high,0x55B5,0,2,3,0,1,0,500086728,500086728,0,0,0,0,0,65,0,0,0,0
2026-09-23T09:18:09.210Z,0x0517,0x0104,50009,2,31,500091233,500091233,0,18075,1811201,0,0,3,0,0,1,0,8,8,0,3,2,8,high,0x55B5,0,2,3,0,1,0,500094612,500094612,0,0,0,0,0,66,0,0,0,0
2026-09-23T09:18:10.197Z,0x0517,0x0104,50009,2,31,500100244,500100244,0,18085,1812190,0,0,3,0,0,1,0,8,8,0,3,2,8,high,0x55B5,0,2,3,0,1,0,500100244,500100244,0,0,0,0,0,67,0,0,0,0
2026-09-23T09:18:11.198Z,0x0517,0x0104,50009,2,31,500094612,500094612,0,18095,1813192,0,0,3,0,0,1,0,8,8,0,3,2,8,high,0x55B5,0,2,3,0,1,0,500093486,500093486,0,0,0,0,0,68,0,0,0,0
2026-09-23T09:18:12.204Z,0x0517,0x0104,50009,2,31,500087854,500087854,0,18105,1814195,0,0,3,0,0,1,0,8,8,0,3,2,8,high,0x55B5,0,2,3,0,1,0,500086728,500086728,0,0,0,0,0,69,0,0,0,0
2026-09-23T09:18:13.205Z,0x0517,0x0104,50009,2,31,500088980,500088980,0,18115,1815199,0,0,3,0,0,1,0,8,8,0,3,2,8,high,0x55B5,0,2,3,0,1,0,500090107,500090107,0,0,0,0,0,70,0,0,0,0
2026-09-23T09:18:14.210Z,0x0517,0x0104,50009,2,31,500096865,500096865,0,18125,1816201,0,0,3,0,0,1,0,8,8,0,3,2,8,high,0x55B5,0,2,3,0,1,0,500096865,500096865,0,0,0,0,0,71,0,0,0,0
2026-09-23T09:18:15.202Z,0x0517,0x0104,50009,2,31,500102496,500102496,0,18135,1817192,0,0,3,0,0,1,0,8,8,0,3,2,8,high,0x55B5,0,2,3,0,1,0,500101370,500101370,0,0,0,0,0,72,0,0,0,0
2026-09-23T09:18:16.204Z,0x0517,0x0104,50009,2,31,500091233,500091233,0,18145,1818198,0,0,3,0,0,1,0,8,8,0,3,2,8,high,0x55B5,0,2,3,0,1,0,500092359,500092359,0,0,0,0,0,73,0,0,0,0
2026-09-23T09:18:17.210Z,0x0517,0x0104,50009,2,31,500092359,500092359,0,18155,1819200,0,0,3,0,0,1,0,8,8,0,3,2,8,high,0x55B5,0,2,3,0,1,0,500093486,500093486,0,0,0,0,0,74,0,0,0,0
2026-09-23T09:18:18.198Z,0x0517,0x0104,50009,2,31,500103623,500103623,0,18165,1820190,0,0,3,0,0,1,0,8,8,0,3,2,8,high,0x55B5,0,2,3,0,1,0,500105875,500105875,0,0,0,0,0,75,0,0,0,0
2026-09-23T09:18:19.206Z,0x0517,0x0104,50009,2,31,500104749,500104749,0,18175,1821195,0,0,3,0,0,1,0,8,8,0,3,2,8,high,0x55B5,0,2,3,0,1,0,500104749,500104749,0,0,0,0,0,76,0,0,0,0
2026-09-23T09:18:20.211Z,0x0517,0x0104,50009,2,31,500108128,500108128,0,18185,1822204,0,0,3,0,0,1,0,8,8,0,3,2,8,high,0x55B5,0,2,3,0,1,0,500105875,500105875,0,0,0,0,0,77,0,0,0,0
2026-09-23T09:18:21.201Z,0x0517,0x0104,50009,2,31,500096865,500096865,0,18195,1823191,0,0,3,0,0,1,0,8,8,0,3,2,8,high,0x55B5,0,2,3,0,1,0,500096865,500096865,0,0,0,0,0,78,0,0,0,0
2026-09-23T09:18:22.209Z,0x0517,0x0104,50009,2,31,500105875,500105875,0,18205,1824198,0,0,3,0,0,1,0,8,8,0,3,2,8,high,0x55B5,0,2,3,0,1,0,500105875,500105875,0,0,0,0,0,79,0,0,0,0
2026-09-23T09:18:23.198Z,0x0517,0x0104,50010,2,31,500092359,500092359,0,18215,1825190,0,0,3,0,0,1,0,8,8,0,3,2,8,high,0x55B5,0,2,3,0,1,0,500090107,500090107,0,0,0,0,0,80,0,0,0,0
2026-09-23T09:18:24.200Z,0x0517,0x0104,50010,2,31,500090107,500090107,0,18225,1826195,0,0,3,0,0,1,0,8,8,0,3,2,8,high,0x55B5,0,2,3,0,1,0,500091233,500091233,0,0,0,0,0,81,0,0,0,0
2026-09-23T09:18:25.201Z,0x0517,0x0104,50010,2,31,500090107,500090107,0,18235,1827196,0,0,3,0,0,1,0,8,8,0,3,2,8,high,0x55B5,0,2,3,0,1,0,500093486,500093486,0,0,0,0,0,82,0,0,0,0
2026-09-23T09:18:26.203Z,0x0517,0x0104,50010,2,31,500097991,500097991,0,18245,1828198,0,0,3,0,0,1,0,8,8,0,3,2,8,high,0x55B5,0,2,3,0,1,0,500101370,500101370,0,0,0,0,0,83,0,0,0,0
2026-09-23T09:18:27.208Z,0x0517,0x0104,50010,2,31,500092359,500092359,0,18255,1829200,0,0,3,0,0,1,0,8,8,0,3,2,8,high,0x55B5,0,2,3,0,1,0,500090107,500090107,0,0,0,0,0,84,0,0,0,0
2026-09-23T09:18:28.210Z,0x0517,0x0104,50010,2,31,500095738,500095738,0,18265,1830204,0,0,3,0,0,1,0,8,8,0,3,2,8,high,0x55B5,0,2,3,0,1,0,500092359,500092359,0,0,0,0,0,85,0,0,0,0
2026-09-23T09:18:29.198Z,0x0517,0x0104,50010,2,31,500094612,500094612,0,18275,1831191,0,0,3,0,0,1,0,8,8,0,3,2,8,high,0x55B5,0,2,3,0,1,0,500091233,500091233,0,0,0,0,0,86,0,0,0,0
2026-09-23T09:18:30.201Z,0x0517,0x0104,50010,2,31,500091233,500091233,0,18285,1832195,0,0,3,0,0,1,0,8,8,0,3,2,8,high,0x55B5,0,2,3,0,1,0,500095738,500095738,0,0,0,0,0,87,0,0,0,0
2026-09-23T09:18:31.204Z,0x0517,0x0104,50010,2,31,500094612,500094612,0,18295,1833198,0,0,3,0,0,1,0,8,8,0,3,2,8,high,0x55B5,0,2,3,0,1,0,500093486,500093486,0,0,0,0,0,88,0,0,0,0
2026-09-23T09:18:32.207Z,0x0517,0x0104,50010,2,31,500087854,500087854,0,18305,1834200,0,0,3,0,0,1,0,8,8,0,3,2,8,high,0x55B5,0,2,3,0,1,0,500086728,500086728,0,0,0,0,0,89,0,0,0,0
2026-09-23T09:18:33.211Z,0x0517,0x0104,50010,2,31,500090107,500090107,0,18315,1835205,0,0,3,0,0,1,0,8,8,0,3,2,8,high,0x55B5,0,2,3,0,1,0,500090107,500090107,0,0,0,0,0,90,0,0,0,0
2026-09-23T09:18:34.196Z,0x0517,0x0104,50010,2,31,500096865,500096865,0,18325,1836192,0,0,3,0,0,1,0,8,8,0,3,2,8,high,0x55B5,0,2,3,0,1,0,500099117,500099117,0,0,0,0,0,91,0,0,0,0
2026-09-23T09:18:35.199Z,0x0517,0x0104,50010,2,31,500096865,500096865,0,18335,1837195,0,0,3,0,0,1,0,8,8,0,3,2,8,high,0x55B5,0,2,3,0,1,0,500097991,500097991,0,0,0,0,0,92,0,0,0,0
2026-09-23T09:18:36.198Z,0x0517,0x0104,50010,2,31,500096865,500096865,0,18345,1838197,0,0,3,0,0,1,0,8,8,0,3,2,8,high,0x55B5,0,2,3,0,1,0,500095738,500095738,0,0,0,0,0,93,0,0,0,0
2026-09-23T09:18:37.200Z,0x0517,0x0104,50010,2,31,500099117,500099117,0,18355,1839195,0,0,3,0,0,1,0,8,8,0,3,2,8,high,0x55B5,0,2,3,0,1,0,500099117,500099117,0,0,0,0,0,94,0,0,0,0
2026-09-23T09:18:38.199Z,0x0517,0x0104,50010,2,31,500095738,500095738,0,18365,1840198,0,0,3,0,0,1,0,8,8,0,3,2,8,high,0x55B5,0,2,3,0,1,0,500091233,500091233,0,0,0,0,0,95,0,0,0,0
2026-09-23T09:18:39.201Z,0x0517,0x0104,50010,2,31,500087854,500087854,0,18375,1841198,0,0,3,0,0,1,0,8,8,0,3,2,8,high,0x55B5,0,2,3,0,1,0,500084475,500084475,0,0,0,0,0,96,0,0,0,0
2026-09-23T09:18:40.202Z,0x0517,0x0104,50010,2,31,500091233,500091233,0,18385,1842199,0,0,3,0,0,1,0,8,8,0,3,2,8,high,0x55B5,0,2,3,0,1,0,500092359,500092359,0,0,0,0,0,97,0,0,0,0
2026-09-23T09:18:41.202Z,0x0517,0x0104,50010,2,31,500092359,500092359,0,18395,1843199,0,0,3,0,0,1,0,8,8,0,3,2,8,high,0x55B5,0,2,3,0,1,0,500092359,500092359,0,0,0,0,0,98,0,0,0,0
2026-09-23T09:18:42.203Z,0x0517,0x0104,50010,2,31,500090107,500090107,0,18405,1844200,0,0,3,0,0,1,0,8,8,0,3,2,8,high,0x55B5,0,2,3,0,1,0,500090107,500090107,0,0,0,0,0,99,0,0,0,0
2026-09-23T09:18:43.202Z,0x0517,0x0104,50010,2,31,500091233,500091233,0,18415,1845201,0,0,3,0,0,1,0,8,8,0,3,2,8,high,0x55B5,0,2,3,0,1,0,500095738,500095738,0,0,0,0,0,100,0,0,0,0
2026-09-23T09:18:44.205Z,0x0517,0x0104,50010,2,31,500094612,500094612,0,18425,1846200,0,0,3,0,0,1,0,8,8,0,3,2,8,high,0x55B5,0,2,3,0,1,0,500096865,500096865,0,0,0,0,0,101,0,0,0,0
2026-09-23T09:18:45.207Z,0x0517,0x0104,50010,2,31,500099117,500099117,0,18435,1847203,0,0,3,0,0,1,0,8,8,0,3,2,8,high,0x55B5,0,2,3,0,1,0,500097991,500097991,0,0,0,0,0,102,0,0,0,0
2026-09-23T09:18:46.207Z,0x0517,0x0104,50010,2,31,500097991,500097991,0,18445,1848205,0,0,3,0,0,1,0,8,8,0,3,2,8,high,0x55B5,0,2,3,0,1,0,500100244,500100244,0,0,0,0,0,103,0,0,0,0
2026-09-23T09:18:47.208Z,0x0517,0x0104,50010,2,31,500099117,500099117,0,18455,1849206,0,0,3,0,0,1,0,8,8,0,3,2,8,high,0x55B5,0,2,3,0,1,0,500100244,500100244,0,0,0,0,0,104,0,0,0,0
2026-09-23T09:18:48.209Z,0x0517,0x0104,50010,2,31,500096865,500096865,0,18465,1850207,0,0,3,0,0,1,0,8,8,0,3,2,8,high,0x55B5,0,2,3,0,1,0,500096865,500096865,0,0,0,0,0,105,0,0,0,0
2026-09-23T09:18:49.193Z,0x0517,0x0104,50010,2,31,500092359,500092359,0,18475,1851204,0,0,3,0,0,1,0,8,8,0,3,2,8,high,0x55B5,0,2,3,0,1,0,500092359,500092359,0,0,0,0,0,106,0,0,0,0
2026-09-23T09:18:50.196Z,0x0517,0x0104,50010,2,31,500090107,500090107,0,18485,1852205,0,0,3,0,0,1,0,8,8,0,3,2,8,high,0x55B5,0,2,3,0,1,0,500092359,500092359,0,0,0,0,0,107,0,0,0,0
2026-09-23T09:18:51.197Z,0x0517,0x0104,50010,2,31,500097991,500097991,0,18495,1853207,0,0,3,0,0,1,0,8,8,0,3,2,8,high,0x55B5,0,2,3,0,1,0,500097991,500097991,0,0,0,0,0,108,0,0,0,0
2026-09-23T09:18:52.197Z,0x0517,0x0104,50010,2,31,500101370,500101370,0,18505,1854208,0,0,3,0,0,1,0,8,8,0,3,2,8,high,0x55B5,0,2,3,0,1,0,500102496,500102496,0,0,0,0,0,109,0,0,0,0
2026-09-23T09:18:53.200Z,0x0517,0x0104,50010,2,31,500101370,500101370,0,18515,1855210,0,0,3,0,0,1,0,8,8,0,3,2,8,high,0x55B5,0,2,3,0,1,0,500101370,500101370,0,0,0,0,0,110,0,0,0,0
2026-09-23T09:18:54.203Z,0x0517,0x0104,50010,2,31,500103623,500103623,0,18525,1856211,0,0,3,0,0,1,0,8,8,0,3,2,8,high,0x55B5,0,2,3,0,1,0,500103623,500103623,0,0,0,0,0,111,0,0,0,0
2026-09-23T09:18:55.207Z,0x0517,0x0104,50010,2,31,500104749,500104749,0,18535,1857213,0,0,3,0,0,1,0,8,8,0,3,2,8,high,0x55B5,0,2,3,0,1,0,500101370,500101370,0,0,0,0,0,112,0,0,0,0
2026-09-23T09:18:56.204Z,0x0517,0x0104,50010,2,31,500099117,500099117,0,18545,1858214,0,0,3,0,0,1,0,8,8,0,3,2,8,high,0x55B5,0,2,3,0,1,0,500099117,500099117,0,0,0,0,0,113,0,0,0,0
2026-09-23T09:18:57.206Z,0x0517,0x0104,50010,2,31,500105875,500105875,0,18555,1859215,0,0,3,0,0,1,0,8,8,0,3,2,8,high,0x55B5,0,2,3,0,1,0,500104749,500104749,0,0,0,0,0,114,0,0,0,0
2026-09-23T09:18:58.206Z,0x0517,0x0104,50010,2,31,500100244,500100244,0,18565,1860216,0,0,3,0,0,1,0,8,8,0,3,2,8,high,0x55B5,0,2,3,0,1,0,500099117,500099117,0,0,0,0,0,115,0,0,0,0
2026-09-23T09:18:59.208Z,0x0517,0x0104,50010,2,31,500096865,500096865,0,18575,1861218,0,0,3,0,0,1,0,8,8,0,3,2,8,high,0x55B5,0,2,3,0,1,0,500097991,500097991,0,0,0,0,0,116,0,0,0,0
2026-09-23T09:19:00.210Z,0x0517,0x0104,50010,2,31,500096865,500096865,0,18585,1862219,0,0,3,0,0,1,0,8,8,0,3,2,8,high,0x55B5,0,2,3,0,1,0,500096865,500096865,0,0,0,0,0,117,0,0,0,0
2026-09-23T09:19:01.196Z,0x0517,0x0104,50010,2,31,500090107,500090107,0,18594,1863120,0,0,3,0,0,1,0,8,8,0,3,2,8,high,0x55B5,0,2,3,0,1,0,500092359,500092359,0,0,0,0,0,118,0,0,0,0
2026-09-23T09:19:02.200Z,0x0517,0x0104,50010,2,31,500092359,500092359,0,18604,1864122,0,0,3,0,0,1,0,8,8,0,3,2,8,high,0x55B5,0,2,3,0,1,0,500092359,500092359,0,0,0,0,0,119,0,0,0,0
2026-09-23T09:19:03.203Z,0x0517,0x0104,50010,2,31,500095738,500095738,0,18614,1865123,0,0,3,0,0,1,0,8,8,0,3,2,8,high,0x55B5,0,2,3,0,1,0,500096865,500096865,0,0,0,0,0,120,0,0,0,0
2026-09-23T09:19:04.206Z,0x0517,0x0104,50010,2,31,500094612,500094612,0,18624,1866124,0,0,3,0,0,1,0,8,8,0,3,2,8,high,0x55B5,0,2,3,0,1,0,500095738,500095738,0,0,0,0,0,121,0,0,0,0
2026-09-23T09:19:05.207Z,0x0517,0x0104,50010,2,31,500094612,500094612,0,18634,1867126,0,0,3,0,0,1,0,8,8,0,3,2,8,high,0x55B5,0,2,3,0,1,0,500094612,500094612,0,0,0,0,0,122,0,0,0,0
2026-09-23T09:19:06.210Z,0x0517,0x0104,50010,2,31,500101370,500101370,0,18644,1868127,0,0,3,0,0,1,0,8,8,0,3,2,8,high,0x55B5,0,2,3,0,1,0,500102496,500102496,0,0,0,0,0,123,0,0,0,0
2026-09-23T09:19:07.199Z,0x0517,0x0104,50010,2,31,500107002,500107002,0,18654,1869128,0,0,3,0,0,1,0,8,8,0,3,2,8,high,0x55B5,0,2,3,0,1,0,500105875,500105875,0,0,0,0,0,124,0,0,0,0
2026-09-23T09:19:08.204Z,0x0517,0x0104,50010,2,31,500103623,500103623,0,18664,1870129,0,0,3,0,0,1,0,8,8,0,3,2,8,high,0x55B5,0,2,3,0,1,0,500102496,500102496,0,0,0,0,0,125,0,0,0,0
2026-09-23T09:19:09.205Z,0x0517,0x0104,50010,2,31,500103623,500103623,0,18674,1871131,0,0,3,0,0,1,0,8,8,0,3,2,8,high,0x55B5,0,2,3,0,1,0,500103623,500103623,0,0,0,0,0,126,0,0,0,0
2026-09-23T09:19:10.206Z,0x0517,0x0104,50010,2,31,500103623,500103623,0,18684,1872133,0,0,3,0,0,1,0,8,8,0,3,2,8,high,0x55B5,0,2,3,0,1,0,500102496,500102496,0,0,0,0,0,127,0,0,0,0
2026-09-23T09:19:11.209Z,0x0517,0x0104,50010,2,31,500105875,500105875,0,18694,1873133,0,0,3,0,0,1,0,8,8,0,3,2,8,high,0x55B5,0,2,3,0,1,0,500107002,500107002,0,0,0,0,0,128,0,0,0,0
2026-09-23T09:19:12.213Z,0x0517,0x0104,50010,2,31,500105875,500105875,0,18704,1874134,0,0,3,0,0,1,0,8,8,0,3,2,8,high,0x55B5,0,2,3,0,1,0,500105875,500105875,0,0,0,0,0,129,0,0,0,0
2026-09-23T09:19:13.199Z,0x0517,0x0104,50010,2,31,500101370,500101370,0,18714,1875136,0,0,3,0,0,1,0,8,8,0,3,2,8,high,0x55B5,0,2,3,0,1,0,500101370,500101370,0,0,0,0,0,130,0,0,0,0
2026-09-23T09:19:14.203Z,0x0517,0x0104,50010,2,31,500101370,500101370,0,18724,1876137,0,0,3,0,0,1,0,8,8,0,3,2,8,high,0x55B5,0,2,3,0,1,0,500102496,500102496,0,0,0,0,0,131,0,0,0,0
2026-09-23T09:19:15.206Z,0x0517,0x0104,50010,2,31,500095738,500095738,0,18734,1877138,0,0,3,0,0,1,0,8,8,0,3,2,8,high,0x55B5,0,2,3,0,1,0,500095738,500095738,0,0,0,0,0,132,0,0,0,0
2026-09-23T09:19:16.210Z,0x0517,0x0104,50010,2,31,500103623,500103623,0,18744,1878139,0,0,3,0,0,1,0,8,8,0,3,2,8,high,0x55B5,0,2,3,0,1,0,500103623,500103623,0,0,0,0,0,133,0,0,0,0
2026-09-23T09:19:17.198Z,0x0517,0x0104,50010,2,31,500097991,500097991,0,18754,1879141,0,0,3,0,0,1,0,8,8,0,3,2,8,high,0x55B5,0,2,3,0,1,0,500099117,500099117,0,0,0,0,0,134,0,0,0,0
2026-09-23T09:19:18.200Z,0x0517,0x0104,50010,2,31,500097991,500097991,0,18764,1880142,0,0,3,0,0,1,0,8,8,0,3,2,8,high,0x55B5,0,2,3,0,1,0,500096865,500096865,0,0,0,0,0,135,0,0,0,0
2026-09-23T09:19:19.203Z,0x0517,0x0104,50010,2,31,500095738,500095738,0,18774,1881143,0,0,3,0,0,1,0,8,8,0,3,2,8,high,0x55B5,0,2,3,0,1,0,500094612,500094612,0,0,0,0,0,136,0,0,0,0
2026-09-23T09:19:20.208Z,0x0517,0x0104,50010,2,31,500100244,500100244,0,18784,1882145,0,0,3,0,0,1,0,8,8,0,3,2,8,high,0x55B5,0,2,3,0,1,0,500100244,500100244,0,0,0,0,0,137,0,0,0,0
2026-09-23T09:19:21.197Z,0x0517,0x0104,50010,2,31,500103623,500103623,0,18794,1883194,0,0,3,0,0,1,0,8,8,0,3,2,8,high,0x55B5,0,2,3,0,1,0,500103623,500103623,0,0,0,0,0,138,0,0,0,0
2026-09-23T09:19:22.205Z,0x0517,0x0104,50010,2,31,500099117,500099117,0,18804,1884147,0,0,3,0,0,1,0,8,8,0,3,2,8,high,0x55B5,0,2,3,0,1,0,500100244,500100244,0,0,0,0,0,139,0,0,0,0
2026-09-23T09:19:23.208Z,0x0517,0x0104,50010,2,31,500099117,500099117,0,18814,1885148,0,0,3,0,0,1,0,8,8,0,3,2,8,high,0x55B5,0,2,3,0,1,0,500097991,500097991,0,0,0,0,0,140,0,0,0,0
2026-09-23T09:19:24.209Z,0x0517,0x0104,50010,2,31,500104749,500104749,0,18824,1886150,0,0,3,0,0,1,0,8,8,0,3,2,8,high,0x55B5,0,2,3,0,1,0,500105875,500105875,0,0,0,0,0,141,0,0,0,0
2026-09-23T09:19:25.213Z,0x0517,0x0104,50010,2,31,500114886,500114886,0,18834,1887151,0,0,3,0,0,1,0,8,8,0,3,2,8,high,0x55B5,0,2,3,0,1,0,500114886,500114886,0,0,0,0,0,142,0,0,0,0
2026-09-23T09:19:26.203Z,0x0517,0x0104,50010,2,31,500107002,500107002,0,18844,1888199,0,0,3,0,0,1,0,8,8,0,3,2,8,high,0x55B5,0,2,3,0,1,0,500107002,500107002,0,0,0,0,0,143,0,0,0,0
2026-09-23T09:19:27.207Z,0x0517,0x0104,50010,2,31,500102496,500102496,0,18854,1889154,0,0,3,0,0,1,0,8,8,0,3,2,8,high,0x55B5,0,2,3,0,1,0,500102496,500102496,0,0,0,0,0,144,0,0,0,0
2026-09-23T09:19:28.208Z,0x0517,0x0104,50010,2,31,500102496,500102496,0,18864,1890155,0,0,3,0,0,1,0,8,8,0,3,2,8,high,0x55B5,0,2,3,0,1,0,500103623,500103623,0,0,0,0,0,145,0,0,0,0
2026-09-23T09:19:29.212Z,0x0517,0x0104,50010,2,31,500112633,500112633,0,18874,1891156,0,0,3,0,0,1,0,8,8,0,3,2,8,high,0x55B5,0,2,3,0,1,0,500113760,500113760,0,0,0,0,0,146,0,0,0,0
2026-09-23T09:19:30.204Z,0x0517,0x0104,50010,2,31,500109254,500109254,0,18884,1892199,0,0,3,0,0,1,0,8,8,0,3,2,8,high,0x55B5,0,2,3,0,1,0,500109254,500109254,0,0,0,0,0,147,0,0,0,0
2026-09-23T09:19:31.209Z,0x0517,0x0104,50010,2,31,500111507,500111507,0,18894,1893206,0,0,3,0,0,1,0,8,8,0,3,2,8,high,0x55B5,0,2,3,0,1,0,500104749,500104749,0,0,0,0,0,148,0,0,0,0
2026-09-23T09:19:32.216Z,0x0517,0x0104,50010,2,31,500102496,500102496,0,18904,1894160,0,0,3,0,0,1,0,8,8,0,3,2,8,high,0x55B5,0,2,3,0,1,0,500103623,500103623,0,0,0,0,0,149,0,0,0,0
2026-09-23T09:19:33.208Z,0x0517,0x0104,50010,2,31,500103623,500103623,0,18914,1895203,0,0,3,0,0,1,0,8,8,0,3,2,8,high,0x55B5,0,2,3,0,1,0,500104749,500104749,0,0,0,0,0,150,0,0,0,0
2026-09-23T09:19:34.216Z,0x0517,0x0104,50010,2,31,500103623,500103623,0,18924,1896211,0,0,3,0,0,1,0,8,8,0,3,2,8,high,0x55B5,0,2,3,0,1,0,500101370,500101370,0,0,0,0,0,151,0,0,0,0
2026-09-23T09:19:35.201Z,0x0517,0x0104,50010,2,31,500103623,500103623,0,18934,1897202,0,0,3,0,0,1,0,8,8,0,3,2,8,high,0x55B5,0,2,3,0,1,0,500102496,500102496,0,0,0,0,0,152,0,0,0,0
2026-09-23T09:19:36.203Z,0x0517,0x0104,50010,2,31,500105875,500105875,0,18944,1898204,0,0,3,0,0,1,0,8,8,0,3,2,8,high,0x55B5,0,2,3,0,1,0,500101370,500101370,0,0,0,0,0,153,0,0,0,0
2026-09-23T09:19:37.204Z,0x0517,0x0104,50010,2,31,500102496,500102496,0,18954,1899205,0,0,3,0,0,1,0,8,8,0,3,2,8,high,0x55B5,0,2,3,0,1,0,500102496,500102496,0,0,0,0,0,154,0,0,0,0
2026-09-23T09:19:38.206Z,0x0517,0x0104,50010,2,31,500096865,500096865,0,18964,1900206,0,0,3,0,0,1,0,8,8,0,3,2,8,high,0x55B5,0,2,3,0,1,0,500096865,500096865,0,0,0,0,0,155,0,0,0,0
2026-09-23T09:19:39.208Z,0x0517,0x0104,50010,2,31,500096865,500096865,0,18974,1901208,0,0,3,0,0,1,0,8,8,0,3,2,8,high,0x55B5,0,2,3,0,1,0,500096865,500096865,0,0,0,0,0,156,0,0,0,0
2026-09-23T09:19:40.215Z,0x0517,0x0104,50010,2,31,500100244,500100244,0,18984,1902211,0,0,3,0,0,1,0,8,8,0,3,2,8,high,0x55B5,0,2,3,0,1,0,500099117,500099117,0,0,0,0,0,157,0,0,0,0
2026-09-23T09:19:41.204Z,0x0517,0x0104,50010,2,31,500102496,500102496,0,18994,1903202,0,0,3,0,0,1,0,8,8,0,3,2,8,high,0x55B5,0,2,3,0,1,0,500104749,500104749,0,0,0,0,0,158,0,0,0,0
2026-09-23T09:19:42.204Z,0x0517,0x0104,50010,2,31,500107002,500107002,0,19004,1904206,0,0,3,0,0,1,0,8,8,0,3,2,8,high,0x55B5,0,2,3,0,1,0,500112633,500112633,0,0,0,0,0,159,0,0,0,0
2026-09-23T09:19:43.209Z,0x0517,0x0104,50010,2,31,500111507,500111507,0,19014,1905207,0,0,3,0,0,1,0,8,8,0,3,2,8,high,0x55B5,0,2,3,0,1,0,500109254,500109254,0,0,0,0,0,160,0,0,0,0
2026-09-23T09:19:44.214Z,0x0517,0x0104,50010,2,31,500109254,500109254,0,19024,1906212,0,0,3,0,0,1,0,8,8,0,3,2,8,high,0x55B5,0,2,3,0,1,0,500108128,500108128,0,0,0,0,0,161,0,0,0,0
2026-09-23T09:19:45.199Z,0x0517,0x0104,50010,2,31,500109254,500109254,0,19034,1907200,0,0,3,0,0,1,0,8,8,0,3,2,8,high,0x55B5,0,2,3,0,1,0,500108128,500108128,0,0,0,0,0,162,0,0,0,0
2026-09-23T09:19:46.202Z,0x0517,0x0104,50010,2,31,500108128,500108128,0,19044,1908203,0,0,3,0,0,1,0,8,8,0,3,2,8,high,0x55B5,0,2,3,0,1,0,500110381,500110381,0,0,0,0,0,163,0,0,0,0
2026-09-23T09:19:47.202Z,0x0517,0x0104,50010,2,31,500107002,500107002,0,19054,1909204,0,0,3,0,0,1,0,8,8,0,3,2,8,high,0x55B5,0,2,3,0,1,0,500107002,500107002,0,0,0,0,0,164,0,0,0,0
2026-09-23T09:19:48.203Z,0x0517,0x0104,50010,2,31,500112633,500112633,0,19064,1910206,0,0,3,0,0,1,0,8,8,0,3,2,8,high,0x55B5,0,2,3,0,1,0,500109254,500109254,0,0,0,0,0,165,0,0,0,0
2026-09-23T09:19:49.207Z,0x0517,0x0104,50010,2,31,500109254,500109254,0,19074,1911208,0,0,3,0,0,1,0,8,8,0,3,2,8,high,0x55B5,0,2,3,0,1,0,500109254,500109254,0,0,0,0,0,166,0,0,0,0
2026-09-23T09:19:50.217Z,0x0517,0x0104,50010,2,31,500110381,500110381,0,19084,1912212,0,0,3,0,0,1,0,8,8,0,3,2,8,high,0x55B5,0,2,3,0,1,0,500112633,500112633,0,0,0,0,0,167,0,0,0,0
2026-09-23T09:19:51.202Z,0x0517,0x0104,50010,2,31,500113760,500113760,0,19094,1913205,0,0,3,0,0,1,0,8,8,0,3,2,8,high,0x55B5,0,2,3,0,1,0,500111507,500111507,0,0,0,0,0,168,0,0,0,0
2026-09-23T09:19:52.205Z,0x0517,0x0104,50010,2,31,500114886,500114886,0,19104,1914207,0,0,3,0,0,1,0,8,8,0,3,2,8,high,0x55B5,0,2,3,0,1,0,500116012,500116012,0,0,0,0,0,169,0,0,0,0
2026-09-23T09:19:53.206Z,0x0517,0x0104,50010,2,31,500114886,500114886,0,19114,1915208,0,0,3,0,0,1,0,8,8,0,3,2,8,high,0x55B5,0,2,3,0,1,0,500117139,500117139,0,0,0,0,0,170,0,0,0,0
2026-09-23T09:19:54.208Z,0x0517,0x0104,50011,2,31,500118265,500118265,0,19124,1916210,0,0,3,0,0,1,0,8,8,0,3,2,8,high,0x55B5,0,2,3,0,1,0,500113760,500113760,0,0,0,0,0,171,0,0,0,0
2026-09-23T09:19:55.210Z,0x0517,0x0104,50011,2,31,500109254,500109254,0,19134,1917213,0,0,3,0,0,1,0,8,8,0,3,2,8,high,0x55B5,0,2,3,0,1,0,500108128,500108128,0,0,0,0,0,172,0,0,0,0
2026-09-23T09:19:56.195Z,0x0517,0x0104,50011,2,31,500105875,500105875,0,19144,1918199,0,0,3,0,0,1,0,8,8,0,3,2,8,high,0x55B5,0,2,3,0,1,0,500103623,500103623,0,0,0,0,0,173,0,0,0,0
2026-09-23T09:19:57.197Z,0x0517,0x0104,50011,2,31,500104749,500104749,0,19154,1919199,0,0,3,0,0,1,0,8,8,0,3,2,8,high,0x55B5,0,2,3,0,1,0,500104749,500104749,0,0,0,0,0,174,0,0,0,0
2026-09-23T09:19:58.196Z,0x0517,0x0104,50011,2,31,500103623,500103623,0,19164,1920201,0,0,3,0,0,1,0,8,8,0,3,2,8,high,0x55B5,0,2,3,0,1,0,500105875,500105875,0,0,0,0,0,175,0,0,0,0
2026-09-23T09:19:59.196Z,0x0517,0x0104,50011,2,31,500105875,500105875,0,19174,1921200,0,0,3,0,0,1,0,8,8,0,3,2,8,high,0x55B5,0,2,3,0,1,0,500105875,500105875,0,0,0,0,0,176,0,0,0,0
2026-09-23T09:20:00.197Z,0x0517,0x0104,50011,2,31,500103623,500103623,0,19184,1922201,0,0,3,0,0,1,0,8,8,0,3,2,8,high,0x55B5,0,2,3,0,1,0,500103623,500103623,0,0,0,0,0,177,0,0,0,0
2026-09-23T09:20:01.199Z,0x0517,0x0104,50011,2,31,500107002,500107002,0,19194,1923201,0,0,3,0,0,1,0,8,8,0,3,2,8,high,0x55B5,0,2,3,0,1,0,500103623,500103623,0,0,0,0,0,178,0,0,0,0
2026-09-23T09:20:02.200Z,0x0517,0x0104,50011,2,31,500102496,500102496,0,19204,1924204,0,0,3,0,0,1,0,8,8,0,3,2,8,high,0x55B5,0,2,3,0,1,0,500102496,500102496,0,0,0,0,0,179,0,0,0,0
2026-09-23T09:20:03.200Z,0x0517,0x0104,50011,2,31,500103623,500103623,0,19214,1925206,0,0,3,0,0,1,0,8,8,0,3,2,8,high,0x55B5,0,2,3,0,1,0,500108128,500108128,0,0,0,0,0,180,0,0,0,0
2026-09-23T09:20:04.202Z,0x0517,0x0104,50011,2,31,500113760,500113760,0,19224,1926204,0,0,3,0,0,1,0,8,8,0,3,2,8,high,0x55B5,0,2,3,0,1,0,500111507,500111507,0,0,0,0,0,181,0,0,0,0
2026-09-23T09:20:05.202Z,0x0517,0x0104,50011,2,31,500113760,500113760,0,19234,1927206,0,0,3,0,0,1,0,8,8,0,3,2,8,high,0x55B5,0,2,3,0,1,0,500113760,500113760,0,0,0,0,0,182,0,0,0,0
2026-09-23T09:20:06.204Z,0x0517,0x0104,50011,2,31,500114886,500114886,0,19244,1928206,0,0,3,0,0,1,0,8,8,0,3,2,8,high,0x55B5,0,2,3,0,1,0,500118265,500118265,0,0,0,0,0,183,0,0,0,0
2026-09-23T09:20:07.206Z,0x0517,0x0104,50011,2,31,500117139,500117139,0,19254,1929208,0,0,3,0,0,1,0,8,8,0,3,2,8,high,0x55B5,0,2,3,0,1,0,500114886,500114886,0,0,0,0,0,184,0,0,0,0
2026-09-23T09:20:08.207Z,0x0517,0x0104,50011,2,31,500108128,500108128,0,19264,1930211,0,0,3,0,0,1,0,8,8,0,3,2,8,high,0x55B5,0,2,3,0,1,0,500109254,500109254,0,0,0,0,0,185,0,0,0,0
2026-09-23T09:20:09.209Z,0x0517,0x0104,50011,2,31,500112633,500112633,0,19274,1931213,0,0,3,0,0,1,0,8,8,0,3,2,8,high,0x55B5,0,2,3,0,1,0,500112633,500112633,0,0,0,0,0,186,0,0,0,0
2026-09-23T09:20:10.210Z,0x0517,0x0104,50011,2,31,500112633,500112633,0,19284,1932214,0,0,3,0,0,1,0,8,8,0,3,2,8,high,0x55B5,0,2,3,0,1,0,500113760,500113760,0,0,0,0,0,187,0,0,0,0
2026-09-23T09:20:11.198Z,0x0517,0x0104,50011,2,31,500110381,500110381,0,19294,1933210,0,0,3,0,0,1,0,8,8,0,3,2,8,high,0x55B5,0,2,3,0,1,0,500108128,500108128,0,0,0,0,0,188,0,0,0,0
2026-09-23T09:20:12.198Z,0x0517,0x0104,50011,2,31,500111507,500111507,0,19304,1934211,0,0,3,0,0,1,0,8,8,0,3,2,8,high,0x55B5,0,2,3,0,1,0,500111507,500111507,0,0,0,0,0,189,0,0,0,0
2026-09-23T09:20:13.199Z,0x0517,0x0104,50011,2,31,500109254,500109254,0,19314,1935213,0,0,3,0,0,1,0,8,8,0,3,2,8,high,0x55B5,0,2,3,0,1,0,500109254,500109254,0,0,0,0,0,190,0,0,0,0
2026-09-23T09:20:14.200Z,0x0517,0x0104,50011,2,31,500104749,500104749,0,19324,1936214,0,0,3,0,0,1,0,8,8,0,3,2,8,high,0x55B5,0,2,3,0,1,0,500102496,500102496,0,0,0,0,0,191,0,0,0,0
2026-09-23T09:20:15.205Z,0x0517,0x0104,50011,2,31,500108128,500108128,0,19334,1937216,0,0,3,0,0,1,0,8,8,0,3,2,8,high,0x55B5,0,2,3,0,1,0,500110381,500110381,0,0,0,0,0,192,0,0,0,0
2026-09-23T09:20:16.204Z,0x0517,0x0104,50011,2,31,500105875,500105875,0,19344,1938217,0,0,3,0,0,1,0,8,8,0,3,2,8,high,0x55B5,0,2,3,0,1,0,500107002,500107002,0,0,0,0,0,193,0,0,0,0
2026-09-23T09:20:17.201Z,0x0517,0x0104,50011,2,31,500114886,500114886,0,19354,1939219,0,0,3,0,0,1,0,8,8,0,3,2,8,high,0x55B5,0,2,3,0,1,0,500114886,500114886,0,0,0,0,0,194,0,0,0,0
2026-09-23T09:20:18.202Z,0x0517,0x0104,50011,2,31,500121644,500121644,0,19363,1940120,0,0,3,0,0,1,0,8,8,0,3,2,8,high,0x55B5,0,2,3,0,1,0,500121644,500121644,0,0,0,0,0,195,0,0,0,0
2026-09-23T09:20:19.203Z,0x0517,0x0104,50011,2,31,500113760,500113760,0,19373,1941121,0,0,3,0,0,1,0,8,8,0,3,2,8,high,0x55B5,0,2,3,0,1,0,500113760,500113760,0,0,0,0,0,196,0,0,0,0
2026-09-23T09:20:20.206Z,0x0517,0x0104,50011,2,31,500116012,500116012,0,19383,1942123,0,0,3,0,0,1,0,8,8,0,3,2,8,high,0x55B5,0,2,3,0,1,0,500114886,500114886,0,0,0,0,0,197,0,0,0,0
2026-09-23T09:20:21.208Z,0x0517,0x0104,50011,2,31,500107002,500107002,0,19394,1943224,0,0,3,0,0,1,0,8,8,0,3,2,8,high,0x55B5,0,2,3,0,1,0,500107002,500107002,0,0,0,0,0,198,0,0,0,0
2026-09-23T09:20:22.209Z,0x0517,0x0104,50011,2,31,500108128,500108128,0,19404,1944226,0,0,3,0,0,1,0,8,8,0,3,2,8,high,0x55B5,0,2,3,0,1,0,500107002,500107002,0,0,0,0,0,199,0,0,0,0
2026-09-23T09:20:23.215Z,0x0517,0x0104,50011,2,31,500109254,500109254,0,19414,1945227,0,0,3,0,0,1,0,8,8,0,3,2,8,high,0x55B5,0,2,3,0,1,0,500110381,500110381,0,0,0,0,0,200,0,0,0,0
2026-09-23T09:20:24.200Z,0x0517,0x0104,50011,2,31,500110381,500110381,0,19423,1946128,0,0,3,0,0,1,0,8,8,0,3,2,8,high,0x55B5,0,2,3,0,1,0,500110381,500110381,0,0,0,0,0,201,0,0,0,0
2026-09-23T09:20:25.203Z,0x0517,0x0104,50011,2,31,500105875,500105875,0,19433,1947130,0,0,3,0,0,1,0,8,8,0,3,2,8,high,0x55B5,0,2,3,0,1,0,500104749,500104749,0,0,0,0,0,202,0,0,0,0
2026-09-23T09:20:26.207Z,0x0517,0x0104,50011,2,31,500103623,500103623,0,19443,1948132,0,0,3,0,0,1,0,8,8,0,3,2,8,high,0x55B5,0,2,3,0,1,0,500103623,500103623,0,0,0,0,0,203,0,0,0,0
2026-09-23T09:20:27.209Z,0x0517,0x0104,50011,2,31,500105875,500105875,0,19453,1949133,0,0,3,0,0,1,0,8,8,0,3,2,8,high,0x55B5,0,2,3,0,1,0,500105875,500105875,0,0,0,0,0,204,0,0,0,0
2026-09-23T09:20:28.196Z,0x0517,0x0104,50011,2,31,500108128,500108128,0,19463,1950134,0,0,3,0,0,1,0,8,8,0,3,2,8,high,0x55B5,0,2,3,0,1,0,500107002,500107002,0,0,0,0,0,205,0,0,0,0
2026-09-23T09:20:29.200Z,0x0517,0x0104,50011,2,31,500103623,500103623,0,19473,1951136,0,0,3,0,0,1,0,8,8,0,3,2,8,high,0x55B5,0,2,3,0,1,0,500103623,500103623,0,0,0,0,0,206,0,0,0,0
2026-09-23T09:20:30.203Z,0x0517,0x0104,50011,2,31,500109254,500109254,0,19483,1952137,0,0,3,0,0,1,0,8,8,0,3,2,8,high,0x55B5,0,2,3,0,1,0,500109254,500109254,0,0,0,0,0,207,0,0,0,0
2026-09-23T09:20:31.206Z,0x0517,0x0104,50011,2,31,500105875,500105875,0,19493,1953139,0,0,3,0,0,1,0,8,8,0,3,2,8,high,0x55B5,0,2,3,0,1,0,500105875,500105875,0,0,0,0,0,208,0,0,0,0
2026-09-23T09:20:32.212Z,0x0517,0x0104,50011,2,31,500100244,500100244,0,19503,1954140,0,0,3,0,0,1,0,8,8,0,3,2,8,high,0x55B5,0,2,3,0,1,0,500100244,500100244,0,0,0,0,0,209,0,0,0,0
2026-09-23T09:20:33.198Z,0x0517,0x0104,50011,2,31,500105875,500105875,0,19513,1955141,0,0,3,0,0,1,0,8,8,0,3,2,8,high,0x55B5,0,2,3,0,1,0,500107002,500107002,0,0,0,0,0,210,0,0,0,0
2026-09-23T09:20:34.200Z,0x0517,0x0104,50011,2,31,500103623,500103623,0,19523,1956143,0,0,3,0,0,1,0,8,8,0,3,2,8,high,0x55B5,0,2,3,0,1,0,500102496,500102496,0,0,0,0,0,211,0,0,0,0
2026-09-23T09:20:35.203Z,0x0517,0x0104,50011,2,31,500101370,500101370,0,19533,1957145,0,0,3,0,0,1,0,8,8,0,3,2,8,high,0x55B5,0,2,3,0,1,0,500101370,500101370,0,0,0,0,0,212,0,0,0,0
2026-09-23T09:20:36.204Z,0x0517,0x0104,50011,2,31,500104749,500104749,0,19543,1958146,0,0,3,0,0,1,0,8,8,0,3,2,8,high,0x55B5,0,2,3,0,1,0,500103623,500103623,0,0,0,0,0,213,0,0,0,0
2026-09-23T09:20:37.207Z,0x0517,0x0104,50011,2,31,500095738,500095738,0,19553,1959148,0,0,3,0,0,1,0,8,8,0,3,2,8,high,0x55B5,0,2,3,0,1,0,500095738,500095738,0,0,0,0,0,214,0,0,0,0
2026-09-23T09:20:38.210Z,0x0517,0x0104,50011,2,31,500110381,500110381,0,19563,1960149,0,0,3,0,0,1,0,8,8,0,3,2,8,high,0x55B5,0,2,3,0,1,0,500110381,500110381,0,0,0,0,0,215,0,0,0,0
2026-09-23T09:20:39.201Z,0x0517,0x0104,50011,2,31,500102496,500102496,0,19573,1961151,0,0,3,0,0,1,0,8,8,0,3,2,8,high,0x55B5,0,2,3,0,1,0,500100244,500100244,0,0,0,0,0,216,0,0,0,0
2026-09-23T09:20:40.202Z,0x0517,0x0104,50011,2,31,500105875,500105875,0,19583,1962153,0,0,3,0,0,1,0,8,8,0,3,2,8,high,0x55B5,0,2,3,0,1,0,500105875,500105875,0,0,0,0,0,217,0,0,0,0
2026-09-23T09:20:41.203Z,0x0517,0x0104,50011,2,31,500104749,500104749,0,19593,1963154,0,0,3,0,0,1,0,8,8,0,3,2,8,high,0x55B5,0,2,3,0,1,0,500104749,500104749,0,0,0,0,0,218,0,0,0,0
2026-09-23T09:20:42.205Z,0x0517,0x0104,50011,2,31,500108128,500108128,0,19603,1964155,0,0,3,0,0,1,0,8,8,0,3,2,8,high,0x55B5,0,2,3,0,1,0,500108128,500108128,0,0,0,0,0,219,0,0,0,0
2026-09-23T09:20:43.206Z,0x0517,0x0104,50011,2,31,500107002,500107002,0,19613,1965157,0,0,3,0,0,1,0,8,8,0,3,2,8,high,0x55B5,0,2,3,0,1,0,500107002,500107002,0,0,0,0,0,220,0,0,0,0
2026-09-23T09:20:44.209Z,0x0517,0x0104,50011,2,31,500114886,500114886,0,19623,1966158,0,0,3,0,0,1,0,8,8,0,3,2,8,high,0x55B5,0,2,3,0,1,0,500116012,500116012,0,0,0,0,0,221,0,0,0,0
2026-09-23T09:20:45.195Z,0x0517,0x0104,50011,2,31,500107002,500107002,0,19633,1967200,0,0,3,0,0,1,0,8,8,0,3,2,8,high,0x55B5,0,2,3,0,1,0,500107002,500107002,0,0,0,0,0,222,0,0,0,0
2026-09-23T09:20:46.202Z,0x0517,0x0104,50011,2,31,500107002,500107002,0,19643,1968204,0,0,3,0,0,1,0,8,8,0,3,2,8,high,0x55B5,0,2,3,0,1,0,500104749,500104749,0,0,0,0,0,223,0,0,0,0
2026-09-23T09:20:47.213Z,0x0517,0x0104,50011,2,31,500102496,500102496,0,19653,1969210,0,0,3,0,0,1,0,8,8,0,3,2,8,high,0x55B5,0,2,3,0,1,0,500101370,500101370,0,0,0,0,0,224,0,0,0,0
2026-09-23T09:20:48.198Z,0x0517,0x0104,50011,2,31,500105875,500105875,0,19663,1970205,0,0,3,0,0,1,0,8,8,0,3,2,8,high,0x55B5,0,2,3,0,1,0,500105875,500105875,0,0,0,0,0,225,0,0,0,0
2026-09-23T09:20:49.200Z,0x0517,0x0104,50011,2,31,500097991,500097991,0,19673,1971206,0,0,3,0,0,1,0,8,8,0,3,2,8,high,0x55B5,0,2,3,0,1,0,500099117,500099117,0,0,0,0,0,226,0,0,0,0
2026-09-23T09:20:50.204Z,0x0517,0x0104,50011,2,31,500100244,500100244,0,19683,1972208,0,0,3,0,0,1,0,8,8,0,3,2,8,high,0x55B5,0,2,3,0,1,0,500101370,500101370,0,0,0,0,0,227,0,0,0,0
2026-09-23T09:20:51.210Z,0x0517,0x0104,50011,2,31,500105875,500105875,0,19693,1973212,0,0,3,0,0,1,0,8,8,0,3,2,8,high,0x55B5,0,2,3,0,1,0,500103623,500103623,0,0,0,0,0,228,0,0,0,0
2026-09-23T09:20:52.200Z,0x0517,0x0104,50011,2,31,500103623,500103623,0,19703,1974204,0,0,3,0,0,1,0,8,8,0,3,2,8,high,0x55B5,0,2,3,0,1,0,500103623,500103623,0,0,0,0,0,229,0,0,0,0
2026-09-23T09:20:53.202Z,0x0517,0x0104,50011,2,31,500095738,500095738,0,19713,1975208,0,0,3,0,0,1,0,8,8,0,3,2,8,high,0x55B5,0,2,3,0,1,0,500095738,500095738,0,0,0,0,0,230,0,0,0,0
2026-09-23T09:20:54.205Z,0x0517,0x0104,50011,2,31,500097991,500097991,0,19723,1976210,0,0,3,0,0,1,0,8,8,0,3,2,8,high,0x55B5,0,2,3,0,1,0,500099117,500099117,0,0,0,0,0,231,0,0,0,0
2026-09-23T09:20:55.207Z,0x0517,0x0104,50011,2,31,500097991,500097991,0,19733,1977214,0,0,3,0,0,1,0,8,8,0,3,2,8,high,0x55B5,0,2,3,0,1,0,500097991,500097991,0,0,0,0,0,232,0,0,0,0
2026-09-23T09:20:56.210Z,0x0517,0x0104,50011,2,31,500097991,500097991,0,19743,1978216,0,0,3,0,0,1,0,8,8,0,3,2,8,high,0x55B5,0,2,3,0,1,0,500101370,500101370,0,0,0,0,0,233,0,0,0,0
2026-09-23T09:20:57.197Z,0x0517,0x0104,50011,2,31,500103623,500103623,0,19753,1979202,0,0,3,0,0,1,0,8,8,0,3,2,8,high,0x55B5,0,2,3,0,1,0,500103623,500103623,0,0,0,0,0,234,0,0,0,0
2026-09-23T09:20:58.197Z,0x0517,0x0104,50011,2,31,500103623,500103623,0,19763,1980205,0,0,3,0,0,1,0,8,8,0,3,2,8,high,0x55B5,0,2,3,0,1,0,500103623,500103623,0,0,0,0,0,235,0,0,0,0
2026-09-23T09:20:59.200Z,0x0517,0x0104,50011,2,31,500102496,500102496,0,19773,1981206,0,0,3,0,0,1,0,8,8,0,3,2,8,high,0x55B5,0,2,3,0,1,0,500101370,500101370,0,0,0,0,0,236,0,0,0,0
2026-09-23T09:21:00.202Z,0x0517,0x0104,50011,2,31,500105875,500105875,0,19783,1982209,0,0,3,0,0,1,0,8,8,0,3,2,8,high,0x55B5,0,2,3,0,1,0,500103623,500103623,0,0,0,0,0,237,0,0,0,0
2026-09-23T09:21:01.209Z,0x0517,0x0104,50011,2,31,500104749,500104749,0,19793,1983211,0,0,3,0,0,1,0,8,8,0,3,2,8,high,0x55B5,0,2,3,0,1,0,500102496,500102496,0,0,0,0,0,238,0,0,0,0
2026-09-23T09:21:02.198Z,0x0517,0x0104,50011,2,31,500105875,500105875,0,19803,1984202,0,0,3,0,0,1,0,8,8,0,3,2,8,high,0x55B5,0,2,3,0,1,0,500105875,500105875,0,0,0,0,0,239,0,0,0,0
2026-09-23T09:21:03.200Z,0x0517,0x0104,50011,2,31,500097991,500097991,0,19813,1985206,0,0,3,0,0,1,0,8,8,0,3,2,8,high,0x55B5,0,2,3,0,1,0,500099117,500099117,0,0,0,0,0,240,0,0,0,0
2026-09-23T09:21:04.208Z,0x0517,0x0104,50011,2,31,500100244,500100244,0,19823,1986209,0,0,3,0,0,1,0,8,8,0,3,2,8,high,0x55B5,0,2,3,0,1,0,500095738,500095738,0,0,0,0,0,241,0,0,0,0
2026-09-23T09:21:05.215Z,0x0517,0x0104,50011,2,31,500099117,500099117,0,19833,1987217,0,0,3,0,0,1,0,8,8,0,3,2,8,high,0x55B5,0,2,3,0,1,0,500099117,500099117,0,0,0,0,0,242,0,0,0,0
2026-09-23T09:21:06.203Z,0x0517,0x0104,50011,2,31,500101370,500101370,0,19843,1988209,0,0,3,0,0,1,0,8,8,0,3,2,8,high,0x55B5,0,2,3,0,1,0,500102496,500102496,0,0,0,0,0,243,0,0,0,0
2026-09-23T09:21:07.207Z,0x0517,0x0104,50011,2,31,500101370,500101370,0,19853,1989212,0,0,3,0,0,1,0,8,8,0,3,2,8,high,0x55B5,0,2,3,0,1,0,500102496,500102496,0,0,0,0,0,244,0,0,0,0
2026-09-23T09:21:08.207Z,0x0517,0x0104,50011,2,31,500108128,500108128,0,19863,1990216,0,0,3,0,0,1,0,8,8,0,3,2,8,high,0x55B5,0,2,3,0,1,0,500107002,500107002,0,0,0,0,0,245,0,0,0,0
2026-09-23T09:21:09.210Z,0x0517,0x0104,50011,2,31,500107002,500107002,0,19873,1991217,0,0,3,0,0,1,0,8,8,0,3,2,8,high,0x55B5,0,2,3,0,1,0,500105875,500105875,0,0,0,0,0,246,0,0,0,0
2026-09-23T09:21:10.194Z,0x0517,0x0104,50011,2,31,500103623,500103623,0,19883,1992204,0,0,3,0,0,1,0,8,8,0,3,2,8,high,0x55B5,0,2,3,0,1,0,500103623,500103623,0,0,0,0,0,247,0,0,0,0
2026-09-23T09:21:11.192Z,0x0517,0x0104,50011,2,31,500099117,500099117,0,19893,1993204,0,0,3,0,0,1,0,8,8,0,3,2,8,high,0x55B5,0,2,3,0,1,0,500096865,500096865,0,0,0,0,0,248,0,0,0,0
2026-09-23T09:21:12.193Z,0x0517,0x0104,50011,2,31,500105875,500105875,0,19903,1994204,0,0,3,0,0,1,0,8,8,0,3,2,8,high,0x55B5,0,2,3,0,1,0,500110381,500110381,0,0,0,0,0,249,0,0,0,0
2026-09-23T09:21:13.197Z,0x0517,0x0104,50011,2,31,500104749,500104749,0,19913,1995204,0,0,3,0,0,1,0,8,8,0,3,2,8,high,0x55B5,0,2,3,0,1,0,500100244,500100244,0,0,0,0,0,250,0,0,0,0
2026-09-23T09:21:14.197Z,0x0517,0x0104,50011,2,31,500108128,500108128,0,19923,1996207,0,0,3,0,0,1,0,8,8,0,3,2,8,high,0x55B5,0,2,3,0,1,0,500107002,500107002,0,0,0,0,0,251,0,0,0,0
2026-09-23T09:21:15.197Z,0x0517,0x0104,50011,2,31,500104749,500104749,0,19933,1997207,0,0,3,0,0,1,0,8,8,0,3,2,8,high,0x55B5,0,2,3,0,1,0,500102496,500102496,0,0,0,0,0,252,0,0,0,0
2026-09-23T09:21:16.199Z,0x0517,0x0104,50011,2,31,500104749,500104749,0,19943,1998208,0,0,3,0,0,1,0,8,8,0,3,2,8,high,0x55B5,0,2,3,0,1,0,500104749,500104749,0,0,0,0,0,253,0,0,0,0
2026-09-23T09:21:17.200Z,0x0517,0x0104,50011,2,31,500107002,500107002,0,19953,1999209,0,0,3,0,0,1,0,8,8,0,3,2,8,high,0x55B5,0,2,3,0,1,0,500108128,500108128,0,0,0,0,0,254,0,0,0,0
2026-09-23T09:21:18.200Z,0x0517,0x0104,50011,2,31,500107002,500107002,0,19963,2000210,0,0,3,0,0,1,0,8,8,0,3,2,8,high,0x55B5,0,2,3,0,1,0,500112633,500112633,0,0,0,0,0,255,0,0,0,0
2026-09-23T09:21:19.203Z,0x0517,0x0104,50011,2,31,500108128,500108128,0,19973,2001210,0,0,3,0,0,1,0,8,8,0,3,2,8,high,0x55B5,0,2,3,0,1,0,500107002,500107002,0,0,0,0,0,256,0,0,0,0
2026-09-23T09:21:20.204Z,0x0517,0x0104,50011,2,31,500107002,500107002,0,19983,2002214,0,0,3,0,0,1,0,8,8,0,3,2,8,high,0x55B5,0,2,3,0,1,0,500108128,500108128,0,0,0,0,0,257,0,0,0,0
2026-09-23T09:21:21.206Z,0x0517,0x0104,50011,2,31,500109254,500109254,0,19993,2003214,0,0,3,0,0,1,0,8,8,0,3,2,8,high,0x55B5,0,2,3,0,1,0,500105875,500105875,0,0,0,0,0,258,0,0,0,0
2026-09-23T09:21:22.206Z,0x0517,0x0104,50011,2,31,500099117,500099117,0,20003,2004216,0,0,3,0,0,1,0,8,8,0,3,2,8,high,0x55B5,0,2,3,0,1,0,500096865,500096865,0,0,0,0,0,259,0,0,0,0
2026-09-23T09:21:23.207Z,0x0517,0x0104,50011,2,31,500097991,500097991,0,20013,2005218,0,0,3,0,0,1,0,8,8,0,3,2,8,high,0x55B5,0,2,3,0,1,0,500096865,500096865,0,0,0,0,0,260,0,0,0,0
2026-09-23T09:21:24.208Z,0x0517,0x0104,50011,2,31,500101370,500101370,0,20023,2006218,0,0,3,0,0,1,0,8,8,0,3,2,8,high,0x55B5,0,2,3,0,1,0,500103623,500103623,0,0,0,0,0,261,0,0,0,0
2026-09-23T09:21:25.210Z,0x0517,0x0104,50011,2,31,500104749,500104749,0,20033,2007219,0,0,3,0,0,1,0,8,8,0,3,2,8,high,0x55B5,0,2,3,0,1,0,500107002,500107002,0,0,0,0,0,262,0,0,0,0
2026-09-23T09:21:26.196Z,0x0517,0x0104,50011,2,31,500111507,500111507,0,20043,2008216,0,0,3,0,0,1,0,8,8,0,3,2,8,high,0x55B5,0,2,3,0,1,0,500110381,500110381,0,0,0,0,0,263,0,0,0,0
2026-09-23T09:21:27.196Z,0x0517,0x0104,50011,2,31,500109254,500109254,0,20053,2009218,0,0,3,0,0,1,0,8,8,0,3,2,8,high,0x55B5,0,2,3,0,1,0,500110381,500110381,0,0,0,0,0,264,0,0,0,0
2026-09-23T09:21:28.198Z,0x0517,0x0104,50011,2,31,500114886,500114886,0,20063,2010219,0,0,3,0,0,1,0,8,8,0,3,2,8,high,0x55B5,0,2,3,0,1,0,500113760,500113760,0,0,0,0,0,265,0,0,0,0
2026-09-23T09:21:29.198Z,0x0517,0x0104,50011,2,31,500109254,500109254,0,20073,2011220,0,0,3,0,0,1,0,8,8,0,3,2,8,high,0x55B5,0,2,3,0,1,0,500109254,500109254,0,0,0,0,0,266,0,0,0,0
2026-09-23T09:21:30.200Z,0x0517,0x0104,50011,2,31,500117139,500117139,0,20083,2012222,0,0,3,0,0,1,0,8,8,0,3,2,8,high,0x55B5,0,2,3,0,1,0,500116012,500116012,0,0,0,0,0,267,0,0,0,0
2026-09-23T09:21:31.201Z,0x0517,0x0104,50011,2,31,500108128,500108128,0,20093,2013223,0,0,3,0,0,1,0,8,8,0,3,2,8,high,0x55B5,0,2,3,0,1,0,500109254,500109254,0,0,0,0,0,268,0,0,0,0
2026-09-23T09:21:32.202Z,0x0517,0x0104,50011,2,31,500114886,500114886,0,20103,2014225,0,0,3,0,0,1,0,8,8,0,3,2,8,high,0x55B5,0,2,3,0,1,0,500113760,500113760,0,0,0,0,0,269,0,0,0,0
2026-09-23T09:21:33.204Z,0x0517,0x0104,50011,2,31,500108128,500108128,0,20113,2015226,0,0,3,0,0,1,0,8,8,0,3,2,8,high,0x55B5,0,2,3,0,1,0,500107002,500107002,0,0,0,0,0,270,0,0,0,0
2026-09-23T09:21:34.206Z,0x0517,0x0104,50011,2,31,500103623,500103623,0,20123,2016228,0,0,3,0,0,1,0,8,8,0,3,2,8,high,0x55B5,0,2,3,0,1,0,500105875,500105875,0,0,0,0,0,271,0,0,0,0
2026-09-23T09:21:35.208Z,0x0517,0x0104,50011,2,31,500107002,500107002,0,20133,2017229,0,0,3,0,0,1,0,8,8,0,3,2,8,high,0x55B5,0,2,3,0,1,0,500105875,500105875,0,0,0,0,0,272,0,0,0,0
2026-09-23T09:21:36.208Z,0x0517,0x0104,50011,2,31,500107002,500107002,0,20143,2018231,0,0,3,0,0,1,0,8,8,0,3,2,8,high,0x55B5,0,2,3,0,1,0,500108128,500108128,0,0,0,0,0,273,0,0,0,0
2026-09-23T09:21:37.210Z,0x0517,0x0104,50011,2,31,500109254,500109254,0,20153,2019233,0,0,3,0,0,1,0,8,8,0,3,2,8,high,0x55B5,0,2,3,0,1,0,500108128,500108128,0,0,0,0,0,274,0,0,0,0
2026-09-23T09:21:38.196Z,0x0517,0x0104,50011,2,31,500104749,500104749,0,20162,2020133,0,0,3,0,0,1,0,8,8,0,3,2,8,high,0x55B5,0,2,3,0,1,0,500104749,500104749,0,0,0,0,0,275,0,0,0,0
2026-09-23T09:21:39.198Z,0x0517,0x0104,50011,2,31,500104749,500104749,0,20172,2021135,0,0,3,0,0,1,0,8,8,0,3,2,8,high,0x55B5,0,2,3,0,1,0,500105875,500105875,0,0,0,0,0,276,0,0,0,0
2026-09-23T09:21:40.199Z,0x0517,0x0104,50011,2,31,500102496,500102496,0,20182,2022136,0,0,3,0,0,1,0,8,8,0,3,2,8,high,0x55B5,0,2,3,0,1,0,500101370,500101370,0,0,0,0,0,277,0,0,0,0
2026-09-23T09:21:41.204Z,0x0517,0x0104,50011,2,31,500102496,500102496,0,20192,2023138,0,0,3,0,0,1,0,8,8,0,3,2,8,high,0x55B5,0,2,3,0,1,0,500102496,500102496,0,0,0,0,0,278,0,0,0,0
2026-09-23T09:21:42.206Z,0x0517,0x0104,50011,2,31,500096865,500096865,0,20202,2024139,0,0,3,0,0,1,0,8,8,0,3,2,8,high,0x55B5,0,2,3,0,1,0,500095738,500095738,0,0,0,0,0,279,0,0,0,0
2026-09-23T09:21:43.214Z,0x0517,0x0104,50011,2,31,500109254,500109254,0,20212,2025141,0,0,3,0,0,1,0,8,8,0,3,2,8,high,0x55B5,0,2,3,0,1,0,500109254,500109254,0,0,0,0,0,280,0,0,0,0
2026-09-23T09:21:44.199Z,0x0517,0x0104,50011,2,31,500107002,500107002,0,20222,2026142,0,0,3,0,0,1,0,8,8,0,3,2,8,high,0x55B5,0,2,3,0,1,0,500107002,500107002,0,0,0,0,0,281,0,0,0,0
2026-09-23T09:21:45.205Z,0x0517,0x0104,50011,2,31,500105875,500105875,0,20232,2027144,0,0,3,0,0,1,0,8,8,0,3,2,8,high,0x55B5,0,2,3,0,1,0,500105875,500105875,0,0,0,0,0,282,0,0,0,0
2026-09-23T09:21:46.205Z,0x0517,0x0104,50011,2,31,500104749,500104749,0,20242,2028145,0,0,3,0,0,1,0,8,8,0,3,2,8,high,0x55B5,0,2,3,0,1,0,500104749,500104749,0,0,0,0,0,283,0,0,0,0
2026-09-23T09:21:47.210Z,0x0517,0x0104,50011,2,31,500110381,500110381,0,20252,2029147,0,0,3,0,0,1,0,8,8,0,3,2,8,high,0x55B5,0,2,3,0,1,0,500111507,500111507,0,0,0,0,0,284,0,0,0,0
2026-09-23T09:21:48.197Z,0x0517,0x0104,50011,2,31,500117139,500117139,0,20262,2030148,0,0,3,0,0,1,0,8,8,0,3,2,8,high,0x55B5,0,2,3,0,1,0,500116012,500116012,0,0,0,0,0,285,0,0,0,0
2026-09-23T09:21:49.205Z,0x0517,0x0104,50011,2,31,500113760,500113760,0,20272,2031150,0,0,3,0,0,1,0,8,8,0,3,2,8,high,0x55B5,0,2,3,0,1,0,500114886,500114886,0,0,0,0,0,286,0,0,0,0
2026-09-23T09:21:50.207Z,0x0517,0x0104,50011,2,31,500117139,500117139,0,20282,2032151,0,0,3,0,0,1,0,8,8,0,3,2,8,high,0x55B5,0,2,3,0,1,0,500116012,500116012,0,0,0,0,0,287,0,0,0,0
2026-09-23T09:21:51.210Z,0x0517,0x0104,50011,2,31,500109254,500109254,0,20292,2033153,0,0,3,0,0,1,0,8,8,0,3,2,8,high,0x55B5,0,2,3,0,1,0,500107002,500107002,0,0,0,0,0,288,0,0,0,0
2026-09-23T09:21:52.198Z,0x0517,0x0104,50011,2,31,500112633,500112633,0,20302,2034154,0,0,3,0,0,1,0,8,8,0,3,2,8,high,0x55B5,0,2,3,0,1,0,500113760,500113760,0,0,0,0,0,289,0,0,0,0
2026-09-23T09:21:53.204Z,0x0517,0x0104,50011,2,31,500113760,500113760,0,20312,2035156,0,0,3,0,0,1,0,8,8,0,3,2,8,high,0x55B5,0,2,3,0,1,0,500112633,500112633,0,0,0,0,0,290,0,0,0,0
2026-09-23T09:21:54.207Z,0x0517,0x0104,50011,2,31,500116012,500116012,0,20322,2036157,0,0,3,0,0,1,0,8,8,0,3,2,8,high,0x55B5,0,2,3,0,1,0,500116012,500116012,0,0,0,0,0,291,0,0,0,0
2026-09-23T09:21:55.213Z,0x0517,0x0104,50011,2,31,500109254,500109254,0,20332,2037158,0,0,3,0,0,1,0,8,8,0,3,2,8,high,0x55B5,0,2,3,0,1,0,500109254,500109254,0,0,0,0,0,292,0,0,0,0
2026-09-23T09:21:56.205Z,0x0517,0x0104,50011,2,31,500108128,500108128,0,20342,2038160,0,0,3,0,0,1,0,8,8,0,3,2,8,high,0x55B5,0,2,3,0,1,0,500109254,500109254,0,0,0,0,0,293,0,0,0,0
2026-09-23T09:21:57.209Z,0x0517,0x0104,50011,2,31,500111507,500111507,0,20352,2039161,0,0,3,0,0,1,0,8,8,0,3,2,8,high,0x55B5,0,2,3,0,1,0,500111507,500111507,0,0,0,0,0,294,0,0,0,0
2026-09-23T09:21:58.200Z,0x0517,0x0104,50011,2,31,500114886,500114886,0,20362,2040207,0,0,3,0,0,1,0,8,8,0,3,2,8,high,0x55B5,0,2,3,0,1,0,500113760,500113760,0,0,0,0,0,295,0,0,0,0
2026-09-23T09:21:59.207Z,0x0517,0x0104,50011,2,31,500111507,500111507,0,20372,2041164,0,0,3,0,0,1,0,8,8,0,3,2,8,high,0x55B5,0,2,3,0,1,0,500111507,500111507,0,0,0,0,0,296,0,0,0,0
2026-09-23T09:22:00.211Z,0x0517,0x0104,50011,2,31,500116012,500116012,0,20382,2042166,0,0,3,0,0,1,0,8,8,0,3,2,8,high,0x55B5,0,2,3,0,1,0,500117139,500117139,0,0,0,0,0,297,0,0,0,0
2026-09-23T09:22:01.203Z,0x0517,0x0104,50011,2,31,500113760,500113760,0,20392,2043209,0,0,3,0,0,1,0,8,8,0,3,2,8,high,0x55B5,0,2,3,0,1,0,500109254,500109254,0,0,0,0,0,298,0,0,0,0
2026-09-23T09:22:02.210Z,0x0517,0x0104,50011,2,31,500105875,500105875,0,20402,2044217,0,0,3,0,0,1,0,8,8,0,3,2,8,high,0x55B5,0,2,3,0,1,0,500105875,500105875,0,0,0,0,0,299,0,0,0,0
2026-09-23T09:22:03.198Z,0x0517,0x0104,50011,2,31,500114886,500114886,0,20412,2045208,0,0,3,0,0,1,0,8,8,0,3,2,8,high,0x55B5,0,2,4,0,1,0,500114886,500114886,500103059,0,0,0,0,300,0,0,0,0
2026-09-23T09:22:04.206Z,0x0517,0x0104,50011,2,31,500111507,500111507,0,20422,2046212,0,0,3,0,0,1,0,8,8,0,3,2,8,high,0x55B5,0,2,4,0,1,0,500112633,500112633,500103059,0,0,0,0,300,1,0,0,0
2026-09-23T09:22:05.212Z,0x0517,0x0104,50011,2,31,500112633,500112633,0,20432,2047220,0,0,3,0,0,1,0,8,8,0,3,2,8,high,0x55B5,0,2,4,0,1,0,500108128,500108128,500103059,0,0,0,0,300,2,0,0,0
2026-09-23T09:22:06.198Z,0x0517,0x0104,50011,2,31,500104749,500104749,0,20442,2048209,0,0,3,0,0,1,0,8,8,0,3,2,8,high,0x55B5,0,2,4,0,1,0,500104749,500104749,500103059,0,0,0,0,300,3,0,0,0
2026-09-23T09:22:07.203Z,0x0517,0x0104,50011,2,31,500104749,500104749,0,20452,2049214,0,0,3,0,0,1,0,8,8,0,3,2,8,high,0x55B5,0,2,4,0,1,0,500103623,500103623,500103059,0,0,0,0,300,4,0,0,0
2026-09-23T09:22:08.210Z,0x0517,0x0104,50011,2,31,500105875,500105875,0,20462,2050218,0,0,3,0,0,1,0,8,8,0,3,2,8,high,0x55B5,0,2,4,0,1,0,500104749,500104749,500103059,0,0,0,0,300,5,0,0,0
2026-09-23T09:22:09.200Z,0x0517,0x0104,50011,2,31,500113760,500113760,0,20472,2051209,0,0,3,0,0,1,0,8,8,0,3,2,8,high,0x55B5,0,2,4,0,1,0,500111507,500111507,500103059,0,0,0,0,300,6,0,0,0
2026-09-23T09:22:10.204Z,0x0517,0x0104,50011,2,31,500112633,500112633,0,20482,2052215,0,0,3,0,0,1,0,8,8,0,3,2,8,high,0x55B5,0,2,4,0,1,0,500114886,500114886,500103059,0,0,0,0,300,7,0,0,0
2026-09-23T09:22:11.209Z,0x0517,0x0104,50011,2,31,500107002,500107002,0,20492,2053219,0,0,3,0,0,1,0,8,8,0,3,2,8,high,0x55B5,0,2,4,0,1,0,500105875,500105875,500103059,0,0,0,0,300,8,0,0,0
2026-09-23T09:22:12.216Z,0x0517,0x0104,50011,2,31,500095738,500095738,0,20502,2054224,0,0,3,0,0,1,0,8,8,0,3,2,8,high,0x55B5,0,2,4,0,1,0,500096865,500096865,500103059,0,0,0,0,300,9,0,0,0
2026-09-23T09:22:13.204Z,0x0517,0x0104,50011,2,31,500108128,500108128,0,20512,2055214,0,0,3,0,0,1,0,8,8,0,3,2,8,high,0x55B5,0,2,4,0,1,0,500109254,500109254,500103059,0,0,0,0,300,10,0,0,0
2026-09-23T09:22:14.210Z,0x0517,0x0104,50011,2,31,500114886,500114886,0,20522,2056219,0,0,3,0,0,1,0,8,8,0,3,2,8,high,0x55B5,0,2,4,0,1,0,500114886,500114886,500103059,0,0,0,0,300,11,0,0,0
2026-09-23T09:22:15.199Z,0x0517,0x0104,50011,2,31,500113760,500113760,0,20532,2057208,0,0,3,0,0,1,0,8,8,0,3,2,8,high,0x55B5,0,2,4,0,1,0,500111507,500111507,500103059,0,0,0,0,300,12,0,0,0
2026-09-23T09:22:16.201Z,0x0517,0x0104,50011,2,31,500110381,500110381,0,20542,2058214,0,0,3,0,0,1,0,8,8,0,3,2,8,high,0x55B5,0,2,4,0,1,0,500107002,500107002,500103059,0,0,0,0,300,13,0,0,0
2026-09-23T09:22:17.208Z,0x0517,0x0104,50011,2,31,500109254,500109254,0,20552,2059217,0,0,3,0,0,1,0,8,8,0,3,2,8,high,0x55B5,0,2,4,0,1,0,500110381,500110381,500103059,0,0,0,0,300,14,0,0,0
2026-09-23T09:22:18.211Z,0x0517,0x0104,50011,2,31,500110381,500110381,0,20562,2060224,0,0,3,0,0,1,0,8,8,0,3,2,8,high,0x55B5,0,2,4,0,1,0,500109254,500109254,500103059,0,0,0,0,300,15,0,0,0
2026-09-23T09:22:19.199Z,0x0517,0x0104,50011,2,31,500109254,500109254,0,20572,2061211,0,0,3,0,0,1,0,8,8,0,3,2,8,high,0x55B5,0,2,4,0,1,0,500109254,500109254,500103059,0,0,0,0,300,16,0,0,0
2026-09-23T09:22:20.202Z,0x0517,0x0104,50011,2,31,500114886,500114886,0,20582,2062214,0,0,3,0,0,1,0,8,8,0,3,2,8,high,0x55B5,0,2,4,0,1,0,500116012,500116012,500103059,0,0,0,0,300,17,0,0,0
2026-09-23T09:22:21.205Z,0x0517,0x0104,50011,2,31,500117139,500117139,0,20592,2063217,0,0,3,0,0,1,0,8,8,0,3,2,8,high,0x55B5,0,2,4,0,1,0,500119391,500119391,500103059,0,0,0,0,300,18,0,0,0
2026-09-23T09:22:22.210Z,0x0517,0x0104,50011,2,31,500111507,500111507,0,20602,2064221,0,0,3,0,0,1,0,8,8,0,3,2,8,high,0x55B5,0,2,4,0,1,0,500108128,500108128,500103059,0,0,0,0,300,19,0,0,0
2026-09-23T09:22:23.199Z,0x0517,0x0104,50011,2,31,500103623,500103623,0,20612,2065209,0,0,3,0,0,1,0,8,8,0,3,2,8,high,0x55B5,0,2,4,0,1,0,500101370,500101370,500103059,0,0,0,0,300,20,0,0,0
2026-09-23T09:22:24.202Z,0x0517,0x0104,50010,2,31,500094612,500094612,0,20622,2066214,0,0,3,0,0,1,0,8,8,0,3,2,8,high,0x55B5,0,2,4,0,1,0,500096865,500096865,500103059,0,0,0,0,300,21,0,0,0
2026-09-23T09:22:25.205Z,0x0517,0x0104,50010,2,31,500111507,500111507,0,20632,2067217,0,0,3,0,0,1,0,8,8,0,3,2,8,high,0x55B5,0,2,4,0,1,0,500112633,500112633,500103059,0,0,0,0,300,22,0,0,0
2026-09-23T09:22:26.207Z,0x0517,0x0104,50010,2,31,500109254,500109254,0,20642,2068221,0,0,3,0,0,1,0,8,8,0,3,2,8,high,0x55B5,0,2,4,0,1,0,500111507,500111507,500103059,0,0,0,0,300,23,0,0,0
2026-09-23T09:22:27.211Z,0x0517,0x0104,50011,2,31,500117139,500117139,0,20652,2069224,0,0,3,0,0,1,0,8,8,0,3,2,8,high,0x55B5,0,2,4,0,1,0,500119391,500119391,500103059,0,0,0,0,300,24,0,0,0
2026-09-23T09:22:28.195Z,0x0517,0x0104,50011,2,31,500112633,500112633,0,20662,2070211,0,0,3,0,0,1,0,8,8,0,3,2,8,high,0x55B5,0,2,4,0,1,0,500111507,500111507,500103059,0,0,0,0,300,25,0,0,0
2026-09-23T09:22:29.199Z,0x0517,0x0104,50011,2,31,500109254,500109254,0,20672,2071212,0,0,3,0,0,1,0,8,8,0,3,2,8,high,0x55B5,0,2,4,0,1,0,500111507,500111507,500103059,0,0,0,0,300,26,0,0,0
2026-09-23T09:22:30.198Z,0x0517,0x0104,50011,2,31,500105875,500105875,0,20682,2072215,0,0,3,0,0,1,0,8,8,0,3,2,8,high,0x55B5,0,2,4,0,1,0,500104749,500104749,500103059,0,0,0,0,300,27,0,0,0
2026-09-23T09:22:31.198Z,0x0517,0x0104,50011,2,31,500099117,500099117,0,20692,2073214,0,0,3,0,0,1,0,8,8,0,3,2,8,high,0x55B5,0,2,4,0,1,0,500099117,500099117,500103059,0,0,0,0,300,28,0,0,0
2026-09-23T09:22:32.200Z,0x0517,0x0104,50011,2,31,500099117,500099117,0,20702,2074214,0,0,3,0,0,1,0,8,8,0,3,2,8,high,0x55B5,0,2,4,0,1,0,500099117,500099117,500103059,0,0,0,0,300,29,0,0,0
2026-09-23T09:22:33.201Z,0x0517,0x0104,50011,2,31,500103623,500103623,0,20712,2075216,0,0,3,0,0,1,0,8,8,0,3,2,8,high,0x55B5,0,2,4,0,1,0,500108128,500108128,500103059,0,0,0,0,300,30,0,0,0
2026-09-23T09:22:34.202Z,0x0517,0x0104,50011,2,31,500107002,500107002,0,20722,2076217,0,0,3,0,0,1,0,8,8,0,3,2,8,high,0x55B5,0,2,4,0,1,0,500105875,500105875,500103059,0,0,0,0,300,31,0,0,0
2026-09-23T09:22:35.203Z,0x0517,0x0104,50011,2,31,500108128,500108128,0,20732,2077218,0,0,3,0,0,1,0,8,8,0,3,2,8,high,0x55B5,0,2,4,0,1,0,500109254,500109254,500103059,0,0,0,0,300,32,0,0,0
2026-09-23T09:22:36.204Z,0x0517,0x0104,50011,2,31,500110381,500110381,0,20742,2078220,0,0,3,0,0,1,0,8,8,0,3,2,8,high,0x55B5,0,2,4,0,1,0,500110381,500110381,500103059,0,0,0,0,300,33,0,0,0
2026-09-23T09:22:37.206Z,0x0517,0x0104,50011,2,31,500111507,500111507,0,20752,2079221,0,0,3,0,0,1,0,8,8,0,3,2,8,high,0x55B5,0,2,4,0,1,0,500109254,500109254,500103059,0,0,0,0,300,34,0,0,0
2026-09-23T09:22:38.208Z,0x0517,0x0104,50011,2,31,500107002,500107002,0,20762,2080223,0,0,3,0,0,1,0,8,8,0,3,2,8,high,0x55B5,0,2,4,0,1,0,500103623,500103623,500103059,0,0,0,0,300,35,0,0,0
2026-09-23T09:22:39.208Z,0x0517,0x0104,50011,2,31,500101370,500101370,0,20772,2081225,0,0,3,0,0,1,0,8,8,0,3,2,8,high,0x55B5,0,2,4,0,1,0,500103623,500103623,500103059,0,0,0,0,300,36,0,0,0
2026-09-23T09:22:40.211Z,0x0517,0x0104,50011,2,31,500102496,500102496,0,20782,2082225,0,0,3,0,0,1,0,8,8,0,3,2,8,high,0x55B5,0,2,4,0,1,0,500103623,500103623,500103059,0,0,0,0,300,37,0,0,0
2026-09-23T09:22:41.196Z,0x0517,0x0104,50011,2,31,500111507,500111507,0,20792,2083222,0,0,3,0,0,1,0,8,8,0,3,2,8,high,0x55B5,0,2,4,0,1,0,500110381,500110381,500103059,0,0,0,0,300,38,0,0,0
2026-09-23T09:22:42.197Z,0x0517,0x0104,50011,2,31,500110381,500110381,0,20802,2084224,0,0,3,0,0,1,0,8,8,0,3,2,8,high,0x55B5,0,2,4,0,1,0,500109254,500109254,500103059,0,0,0,0,300,39,0,0,0
2026-09-23T09:22:43.200Z,0x0517,0x0104,50011,2,31,500112633,500112633,0,20812,2085225,0,0,3,0,0,1,0,8,8,0,3,2,8,high,0x55B5,0,2,4,0,1,0,500113760,500113760,500103059,0,0,0,0,300,40,0,0,0
2026-09-23T09:22:44.201Z,0x0517,0x0104,50011,2,31,500110381,500110381,0,20822,2086226,0,0,3,0,0,1,0,8,8,0,3,2,8,high,0x55B5,0,2,4,0,1,0,500110381,500110381,500103059,0,0,0,0,300,41,0,0,0
2026-09-23T09:22:45.202Z,0x0517,0x0104,50011,2,31,500112633,500112633,0,20832,2087228,0,0,3,0,0,1,0,8,8,0,3,2,8,high,0x55B5,0,2,4,0,1,0,500113760,500113760,500103059,0,0,0,0,300,42,0,0,0
2026-09-23T09:22:46.202Z,0x0517,0x0104,50011,2,31,500112633,500112633,0,20842,2088229,0,0,3,0,0,1,0,8,8,0,3,2,8,high,0x55B5,0,2,4,0,1,0,500111507,500111507,500103059,0,0,0,0,300,43,0,0,0
2026-09-23T09:22:47.203Z,0x0517,0x0104,50011,2,31,500111507,500111507,0,20852,2089230,0,0,3,0,0,1,0,8,8,0,3,2,8,high,0x55B5,0,2,4,0,1,0,500111507,500111507,500103059,0,0,0,0,300,44,0,0,0
2026-09-23T09:22:48.205Z,0x0517,0x0104,50011,2,31,500116012,500116012,0,20862,2090233,0,0,3,0,0,1,0,8,8,0,3,2,8,high,0x55B5,0,2,4,0,1,0,500114886,500114886,500103059,0,0,0,0,300,45,0,0,0
2026-09-23T09:22:49.208Z,0x0517,0x0104,50011,2,31,500111507,500111507,0,20872,2091233,0,0,3,0,0,1,0,8,8,0,3,2,8,high,0x55B5,0,2,4,0,1,0,500112633,500112633,500103059,0,0,0,0,300,46,0,0,0
2026-09-23T09:22:50.207Z,0x0517,0x0104,50011,2,31,500114886,500114886,0,20882,2092235,0,0,3,0,0,1,0,8,8,0,3,2,8,high,0x55B5,0,2,4,0,1,0,500112633,500112633,500103059,0,0,0,0,300,47,0,0,0
2026-09-23T09:22:51.207Z,0x0517,0x0104,50011,2,31,500112633,500112633,0,20892,2093236,0,0,3,0,0,1,0,8,8,0,3,2,8,high,0x55B5,0,2,4,0,1,0,500112633,500112633,500103059,0,0,0,0,300,48,0,0,0
2026-09-23T09:22:52.208Z,0x0517,0x0104,50011,2,31,500114886,500114886,0,20902,2094237,0,0,3,0,0,1,0,8,8,0,3,2,8,high,0x55B5,0,2,4,0,1,0,500114886,500114886,500103059,0,0,0,0,300,49,0,0,0
2026-09-23T09:22:53.210Z,0x0517,0x0104,50011,2,31,500105875,500105875,0,20912,2095238,0,0,3,0,0,1,0,8,8,0,3,2,8,high,0x55B5,0,2,4,0,1,0,500104749,500104749,500103059,0,0,0,0,300,50,0,0,0
2026-09-23T09:22:54.200Z,0x0517,0x0104,50011,2,31,500100244,500100244,0,20921,2096140,0,0,3,0,0,1,0,8,8,0,3,2,8,high,0x55B5,0,2,4,0,1,0,500100244,500100244,500103059,0,0,0,0,300,51,0,0,0
2026-09-23T09:22:55.201Z,0x0517,0x0104,50011,2,31,500097991,500097991,0,20931,2097141,0,0,3,0,0,1,0,8,8,0,3,2,8,high,0x55B5,0,2,4,0,1,0,500097991,500097991,500103059,0,0,0,0,300,52,0,0,0
2026-09-23T09:22:56.203Z,0x0517,0x0104,50011,2,31,500100244,500100244,0,20941,2098142,0,0,3,0,0,1,0,8,8,0,3,2,8,high,0x55B5,0,2,4,0,1,0,500103623,500103623,500103059,0,0,0,0,300,53,0,0,0
2026-09-23T09:22:57.207Z,0x0517,0x0104,50011,2,31,500101370,500101370,0,20951,2099143,0,0,3,0,0,1,0,8,8,0,3,2,8,high,0x55B5,0,2,4,0,1,0,500102496,500102496,500103059,0,0,0,0,300,54,0,0,0
2026-09-23T09:22:58.210Z,0x0517,0x0104,50011,2,31,500111507,500111507,0,20961,2100145,0,0,3,0,0,1,0,8,8,0,3,2,8,high,0x55B5,0,2,4,0,1,0,500112633,500112633,500103059,0,0,0,0,300,55,0,0,0
2026-09-23T09:22:59.198Z,0x0517,0x0104,50011,2,31,500118265,500118265,0,20971,2101146,0,0,3,0,0,1,0,8,8,0,3,2,8,high,0x55B5,0,2,4,0,1,0,500120518,500120518,500103059,0,0,0,0,300,56,0,0,0
2026-09-23T09:23:00.201Z,0x0517,0x0104,50011,2,31,500117139,500117139,0,20981,2102147,0,0,3,0,0,1,0,8,8,0,3,2,8,high,0x55B5,0,2,4,0,1,0,500117139,500117139,500103059,0,0,0,0,300,57,0,0,0
2026-09-23T09:23:01.205Z,0x0517,0x0104,50011,2,31,500117139,500117139,0,20991,2103149,0,0,3,0,0,1,0,8,8,0,3,2,8,high,0x55B5,0,2,4,0,1,0,500114886,500114886,500103059,0,0,0,0,300,58,0,0,0
2026-09-23T09:23:02.208Z,0x0517,0x0104,50011,2,31,500111507,500111507,0,21001,2104150,0,0,3,0,0,1,0,8,8,0,3,2,8,high,0x55B5,0,2,4,0,1,0,500111507,500111507,500103059,0,0,0,0,300,59,0,0,0
2026-09-23T09:23:03.212Z,0x0517,0x0104,50011,2,31,500105875,500105875,0,21011,2105152,0,0,3,0,0,1,0,8,8,0,3,2,8,high,0x55B5,0,2,4,0,1,0,500107002,500107002,500103059,0,0,0,0,300,60,0,0,0
2026-09-23T09:23:04.200Z,0x0517,0x0104,50011,2,31,500105875,500105875,0,21021,2106153,0,0,3,0,0,1,0,8,8,0,3,2,8,high,0x55B5,0,2,4,0,1,0,500104749,500104749,500103059,0,0,0,0,300,61,0,0,0
2026-09-23T09:23:05.206Z,0x0517,0x0104,50011,2,31,500108128,500108128,0,21031,2107154,0,0,3,0,0,1,0,8,8,0,3,2,8,high,0x55B5,0,2,4,0,1,0,500111507,500111507,500103059,0,0,0,0,300,62,0,0,0
2026-09-23T09:23:06.209Z,0x0517,0x0104,50011,2,31,500108128,500108128,0,21041,2108156,0,0,3,0,0,1,0,8,8,0,3,2,8,high,0x55B5,0,2,4,0,1,0,500107002,500107002,500103059,0,0,0,0,300,63,0,0,0
2026-09-23T09:23:07.198Z,0x0517,0x0104,50011,2,31,500105875,500105875,0,21051,2109157,0,0,3,0,0,1,0,8,8,0,3,2,8,high,0x55B5,0,2,4,0,1,0,500105875,500105875,500103059,0,0,0,0,300,64,0,0,0
2026-09-23T09:23:08.201Z,0x0517,0x0104,50011,2,31,500113760,500113760,0,21061,2110158,0,0,3,0,0,1,0,8,8,0,3,2,8,high,0x55B5,0,2,4,0,1,0,500113760,500113760,500103059,0,0,0,0,300,65,0,0,0
2026-09-23T09:23:09.205Z,0x0517,0x0104,50011,2,31,500116012,500116012,0,21071,2111160,0,0,3,0,0,1,0,8,8,0,3,2,8,high,0x55B5,0,2,4,0,1,0,500116012,500116012,500103059,0,0,0,0,300,66,0,0,0
2026-09-23T09:23:10.210Z,0x0517,0x0104,50011,2,31,500105875,500105875,0,21081,2112161,0,0,3,0,0,1,0,8,8,0,3,2,8,high,0x55B5,0,2,4,0,1,0,500105875,500105875,500103059,0,0,0,0,300,67,0,0,0
2026-09-23T09:23:11.200Z,0x0517,0x0104,50011,2,31,500104749,500104749,0,21091,2113162,0,0,3,0,0,1,0,8,8,0,3,2,8,high,0x55B5,0,2,4,0,1,0,500104749,500104749,500103059,0,0,0,0,300,68,0,0,0
2026-09-23T09:23:12.204Z,0x0517,0x0104,50011,2,31,500103623,500103623,0,21101,2114163,0,0,3,0,0,1,0,8,8,0,3,2,8,high,0x55B5,0,2,4,0,1,0,500103623,500103623,500103059,0,0,0,0,300,69,0,0,0
2026-09-23T09:23:13.209Z,0x0517,0x0104,50011,2,31,500107002,500107002,0,21111,2115165,0,0,3,0,0,1,0,8,8,0,3,2,8,high,0x55B5,0,2,4,0,1,0,500107002,500107002,500103059,0,0,0,0,300,70,0,0,0
2026-09-23T09:23:14.213Z,0x0517,0x0104,50011,2,31,500107002,500107002,0,21121,2116166,0,0,3,0,0,1,0,8,8,0,3,2,8,high,0x55B5,0,2,4,0,1,0,500107002,500107002,500103059,0,0,0,0,300,71,0,0,0
2026-09-23T09:23:15.204Z,0x0517,0x0104,50011,2,31,500105875,500105875,0,21131,2117167,0,0,3,0,0,1,0,8,8,0,3,2,8,high,0x55B5,0,2,4,0,1,0,500107002,500107002,500103059,0,0,0,0,300,72,0,0,0
2026-09-23T09:23:16.206Z,0x0517,0x0104,50011,2,31,500112633,500112633,0,21141,2118168,0,0,3,0,0,1,0,8,8,0,3,2,8,high,0x55B5,0,2,4,0,1,0,500111507,500111507,500103059,0,0,0,0,300,73,0,0,0
2026-09-23T09:23:17.208Z,0x0517,0x0104,50011,2,31,500111507,500111507,0,21151,2119170,0,0,3,0,0,1,0,8,8,0,3,2,8,high,0x55B5,0,2,4,0,1,0,500111507,500111507,500103059,0,0,0,0,300,74,0,0,0
2026-09-23T09:23:18.210Z,0x0517,0x0104,50011,2,31,500112633,500112633,0,21161,2120171,0,0,3,0,0,1,0,8,8,0,3,2,8,high,0x55B5,0,2,4,0,1,0,500111507,500111507,500103059,0,0,0,0,300,75,0,0,0
2026-09-23T09:23:19.200Z,0x0517,0x0104,50011,2,31,500112633,500112633,0,21171,2121214,0,0,3,0,0,1,0,8,8,0,3,2,8,high,0x55B5,0,2,4,0,1,0,500112633,500112633,500103059,0,0,0,0,300,76,0,0,0
2026-09-23T09:23:20.207Z,0x0517,0x0104,50011,2,31,500107002,500107002,0,21181,2122219,0,0,3,0,0,1,0,8,8,0,3,2,8,high,0x55B5,0,2,4,0,1,0,500108128,500108128,500103059,0,0,0,0,300,77,0,0,0
2026-09-23T09:23:21.211Z,0x0517,0x0104,50011,2,31,500112633,500112633,0,21191,2123175,0,0,3,0,0,1,0,8,8,0,3,2,8,high,0x55B5,0,2,4,0,1,0,500111507,500111507,500103059,0,0,0,0,300,78,0,0,0
2026-09-23T09:23:22.198Z,0x0517,0x0104,50011,2,31,500105875,500105875,0,21201,2124215,0,0,3,0,0,1,0,8,8,0,3,2,8,high,0x55B5,0,2,4,0,1,0,500108128,500108128,500103059,0,0,0,0,300,79,0,0,0
2026-09-23T09:23:23.201Z,0x0517,0x0104,50011,2,31,500105875,500105875,0,21211,2125218,0,0,3,0,0,1,0,8,8,0,3,2,8,high,0x55B5,0,2,4,0,1,0,500104749,500104749,500103059,0,0,0,0,300,80,0,0,0
2026-09-23T09:23:24.209Z,0x0517,0x0104,50011,2,31,500105875,500105875,0,21221,2126222,0,0,3,0,0,1,0,8,8,0,3,2,8,high,0x55B5,0,2,4,0,1,0,500110381,500110381,500103059,0,0,0,0,300,81,0,0,0
2026-09-23T09:23:25.196Z,0x0517,0x0104,50011,2,31,500111507,500111507,0,21231,2127214,0,0,3,0,0,1,0,8,8,0,3,2,8,high,0x55B5,0,2,4,0,1,0,500113760,500113760,500103059,0,0,0,0,300,82,0,0,0
2026-09-23T09:23:26.200Z,0x0517,0x0104,50011,2,31,500114886,500114886,0,21241,2128216,0,0,3,0,0,1,0,8,8,0,3,2,8,high,0x55B5,0,2,4,0,1,0,500116012,500116012,500103059,0,0,0,0,300,83,0,0,0
2026-09-23T09:23:27.203Z,0x0517,0x0104,50011,2,31,500112633,500112633,0,21251,2129220,0,0,3,0,0,1,0,8,8,0,3,2,8,high,0x55B5,0,2,4,0,1,0,500110381,500110381,500103059,0,0,0,0,300,84,0,0,0
2026-09-23T09:23:28.206Z,0x0517,0x0104,50011,2,31,500112633,500112633,0,21261,2130224,0,0,3,0,0,1,0,8,8,0,3,2,8,high,0x55B5,0,2,4,0,1,0,500111507,500111507,500103059,0,0,0,0,300,85,0,0,0
2026-09-23T09:23:29.211Z,0x0517,0x0104,50011,2,31,500117139,500117139,0,21271,2131226,0,0,3,0,0,1,0,8,8,0,3,2,8,high,0x55B5,0,2,4,0,1,0,500114886,500114886,500103059,0,0,0,0,300,86,0,0,0
2026-09-23T09:23:30.202Z,0x0517,0x0104,50011,2,31,500109254,500109254,0,21281,2132216,0,0,3,0,0,1,0,8,8,0,3,2,8,high,0x55B5,0,2,4,0,1,0,500109254,500109254,500103059,0,0,0,0,300,87,0,0,0
2026-09-23T09:23:31.206Z,0x0517,0x0104,50011,2,31,500105875,500105875,0,21291,2133223,0,0,3,0,0,1,0,8,8,0,3,2,8,high,0x55B5,0,2,4,0,1,0,500104749,500104749,500103059,0,0,0,0,300,88,0,0,0
2026-09-23T09:23:32.207Z,0x0517,0x0104,50011,2,31,500110381,500110381,0,21301,2134226,0,0,3,0,0,1,0,8,8,0,3,2,8,high,0x55B5,0,2,4,0,1,0,500110381,500110381,500103059,0,0,0,0,300,89,0,0,0
2026-09-23T09:23:33.209Z,0x0517,0x0104,50011,2,31,500112633,500112633,0,21311,2135228,0,0,3,0,0,1,0,8,8,0,3,2,8,high,0x55B5,0,2,4,0,1,0,500111507,500111507,500103059,0,0,0,0,300,90,0,0,0
2026-09-23T09:23:34.197Z,0x0517,0x0104,50011,2,31,500107002,500107002,0,21321,2136215,0,0,3,0,0,1,0,8,8,0,3,2,8,high,0x55B5,0,2,4,0,1,0,500105875,500105875,500103059,0,0,0,0,300,91,0,0,0
2026-09-23T09:23:35.207Z,0x0517,0x0104,50011,2,31,500095738,500095738,0,21331,2137219,0,0,3,0,0,1,0,8,8,0,3,2,8,high,0x55B5,0,2,4,0,1,0,500100244,500100244,500103059,0,0,0,0,300,92,0,0,0
2026-09-23T09:23:36.209Z,0x0517,0x0104,50011,2,31,500111507,500111507,0,21341,2138228,0,0,3,0,0,1,0,8,8,0,3,2,8,high,0x55B5,0,2,4,0,1,0,500113760,500113760,500103059,0,0,0,0,300,93,0,0,0
2026-09-23T09:23:37.196Z,0x0517,0x0104,50011,2,31,500113760,500113760,0,21351,2139215,0,0,3,0,0,1,0,8,8,0,3,2,8,high,0x55B5,0,2,4,0,1,0,500113760,500113760,500103059,0,0,0,0,300,94,0,0,0
2026-09-23T09:23:38.199Z,0x0517,0x0104,50011,2,31,500109254,500109254,0,21361,2140217,0,0,3,0,0,1,0,8,8,0,3,2,8,high,0x55B5,0,2,4,0,1,0,500109254,500109254,500103059,0,0,0,0,300,95,0,0,0
2026-09-23T09:23:39.201Z,0x0517,0x0104,50011,2,31,500111507,500111507,0,21371,2141220,0,0,3,0,0,1,0,8,8,0,3,2,8,high,0x55B5,0,2,4,0,1,0,500111507,500111507,500103059,0,0,0,0,300,96,0,0,0
2026-09-23T09:23:40.204Z,0x0517,0x0104,50011,2,31,500109254,500109254,0,21381,2142223,0,0,3,0,0,1,0,8,8,0,3,2,8,high,0x55B5,0,2,4,0,1,0,500109254,500109254,500103059,0,0,0,0,300,97,0,0,0
2026-09-23T09:23:41.206Z,0x0517,0x0104,50011,2,31,500112633,500112633,0,21391,2143226,0,0,3,0,0,1,0,8,8,0,3,2,8,high,0x55B5,0,2,4,0,1,0,500112633,500112633,500103059,0,0,0,0,300,98,0,0,0
2026-09-23T09:23:42.207Z,0x0517,0x0104,50011,2,31,500118265,500118265,0,21401,2144227,0,0,3,0,0,1,0,8,8,0,3,2,8,high,0x55B5,0,2,4,0,1,0,500117139,500117139,500103059,0,0,0,0,300,99,0,0,0
2026-09-23T09:23:43.215Z,0x0517,0x0104,50011,2,31,500113760,500113760,0,21411,2145229,0,0,3,0,0,1,0,8,8,0,3,2,8,high,0x55B5,0,2,4,0,1,0,500116012,500116012,500103059,0,0,0,0,300,100,0,0,0
2026-09-23T09:23:44.203Z,0x0517,0x0104,50011,2,31,500109254,500109254,0,21421,2146221,0,0,3,0,0,1,0,8,8,0,3,2,8,high,0x55B5,0,2,4,0,1,0,500112633,500112633,500103059,0,0,0,0,300,101,0,0,0
2026-09-23T09:23:45.203Z,0x0517,0x0104,50011,2,31,500108128,500108128,0,21431,2147225,0,0,3,0,0,1,0,8,8,0,3,2,8,high,0x55B5,0,2,4,0,1,0,500105875,500105875,500103059,0,0,0,0,300,102,0,0,0
2026-09-23T09:23:46.206Z,0x0517,0x0104,50011,2,31,500104749,500104749,0,21441,2148226,0,0,3,0,0,1,0,8,8,0,3,2,8,high,0x55B5,0,2,4,0,1,0,500104749,500104749,500103059,0,0,0,0,300,103,0,0,0
2026-09-23T09:23:47.209Z,0x0517,0x0104,50011,2,31,500102496,500102496,0,21451,2149228,0,0,3,0,0,1,0,8,8,0,3,2,8,high,0x55B5,0,2,4,0,1,0,500102496,500102496,500103059,0,0,0,0,300,104,0,0,0
2026-09-23T09:23:48.195Z,0x0517,0x0104,50011,2,31,500100244,500100244,0,21461,2150215,0,0,3,0,0,1,0,8,8,0,3,2,8,high,0x55B5,0,2,4,0,1,0,500100244,500100244,500103059,0,0,0,0,300,105,0,0,0
2026-09-23T09:23:49.196Z,0x0517,0x0104,50011,2,31,500100244,500100244,0,21471,2151217,0,0,3,0,0,1,0,8,8,0,3,2,8,high,0x55B5,0,2,4,0,1,0,500099117,500099117,500103059,0,0,0,0,300,106,0,0,0
2026-09-23T09:23:50.197Z,0x0517,0x0104,50011,2,31,500101370,500101370,0,21481,2152219,0,0,3,0,0,1,0,8,8,0,3,2,8,high,0x55B5,0,2,4,0,1,0,500104749,500104749,500103059,0,0,0,0,300,107,0,0,0
2026-09-23T09:23:51.198Z,0x0517,0x0104,50011,2,31,500107002,500107002,0,21491,2153220,0,0,3,0,0,1,0,8,8,0,3,2,8,high,0x55B5,0,2,4,0,1,0,500108128,500108128,500103059,0,0,0,0,300,108,0,0,0
2026-09-23T09:23:52.199Z,0x0517,0x0104,50011,2,31,500102496,500102496,0,21501,2154221,0,0,3,0,0,1,0,8,8,0,3,2,8,high,0x55B5,0,2,4,0,1,0,500101370,500101370,500103059,0,0,0,0,300,109,0,0,0
2026-09-23T09:23:53.200Z,0x0517,0x0104,50011,2,31,500102496,500102496,0,21511,2155221,0,0,3,0,0,1,0,8,8,0,3,2,8,high,0x55B5,0,2,4,0,1,0,500100244,500100244,500103059,0,0,0,0,300,110,0,0,0
2026-09-23T09:23:54.200Z,0x0517,0x0104,50011,2,31,500105875,500105875,0,21521,2156223,0,0,3,0,0,1,0,8,8,0,3,2,8,high,0x55B5,0,2,4,0,1,0,500104749,500104749,500103059,0,0,0,0,300,111,0,0,0
2026-09-23T09:23:55.203Z,0x0517,0x0104,50011,2,31,500105875,500105875,0,21531,2157224,0,0,3,0,0,1,0,8,8,0,3,2,8,high,0x55B5,0,2,4,0,1,0,500100244,500100244,500103059,0,0,0,0,300,112,0,0,0
2026-09-23T09:23:56.203Z,0x0517,0x0104,50011,2,31,500107002,500107002,0,21541,2158226,0,0,3,0,0,1,0,8,8,0,3,2,8,high,0x55B5,0,2,4,0,1,0,500104749,500104749,500103059,0,0,0,0,300,113,0,0,0
2026-09-23T09:23:57.205Z,0x0517,0x0104,50011,2,31,500102496,500102496,0,21551,2159226,0,0,3,0,0,1,0,8,8,0,3,2,8,high,0x55B5,0,2,4,0,1,0,500102496,500102496,500103059,0,0,0,0,300,114,0,0,0
2026-09-23T09:23:58.205Z,0x0517,0x0104,50011,2,31,500108128,500108128,0,21561,2160228,0,0,3,0,0,1,0,8,8,0,3,2,8,high,0x55B5,0,2,4,0,1,0,500104749,500104749,500103059,0,0,0,0,300,115,0,0,0
2026-09-23T09:23:59.207Z,0x0517,0x0104,50011,2,31,500103623,500103623,0,21571,2161228,0,0,3,0,0,1,0,8,8,0,3,2,8,high,0x55B5,0,2,4,0,1,0,500103623,500103623,500103059,0,0,0,0,300,116,0,0,0
2026-09-23T09:24:00.209Z,0x0517,0x0104,50011,2,31,500102496,500102496,0,21581,2162229,0,0,3,0,0,1,0,8,8,0,3,2,8,high,0x55B5,0,2,4,0,1,0,500097991,500097991,500103059,0,0,0,0,300,117,0,0,0
2026-09-23T09:24:01.212Z,0x0517,0x0104,50011,2,31,500103623,500103623,0,21591,2163232,0,0,3,0,0,1,0,8,8,0,3,2,8,high,0x55B5,0,2,4,0,1,0,500107002,500107002,500103059,0,0,0,0,300,118,0,0,0
2026-09-23T09:24:02.197Z,0x0517,0x0104,50011,2,31,500111507,500111507,0,21601,2164227,0,0,3,0,0,1,0,8,8,0,3,2,8,high,0x55B5,0,2,4,0,1,0,500109254,500109254,500103059,0,0,0,0,300,119,0,0,0
2026-09-23T09:24:03.196Z,0x0517,0x0104,50011,2,31,500102496,500102496,0,21611,2165228,0,0,3,0,0,1,0,8,8,0,3,2,8,high,0x55B5,0,2,4,0,1,0,500103623,500103623,500103059,0,0,0,0,300,120,0,0,0
2026-09-23T09:24:04.196Z,0x0517,0x0104,50011,2,31,500111507,500111507,0,21621,2166229,0,0,3,0,0,1,0,8,8,0,3,2,8,high,0x55B5,0,2,4,0,1,0,500111507,500111507,500103059,0,0,0,0,300,121,0,0,0
2026-09-23T09:24:05.196Z,0x0517,0x0104,50011,2,31,500105875,500105875,0,21631,2167231,0,0,3,0,0,1,0,8,8,0,3,2,8,high,0x55B5,0,2,4,0,1,0,500108128,500108128,500103059,0,0,0,0,300,122,0,0,0
2026-09-23T09:24:06.200Z,0x0517,0x0104,50011,2,31,500111507,500111507,0,21641,2168233,0,0,3,0,0,1,0,8,8,0,3,2,8,high,0x55B5,0,2,4,0,1,0,500111507,500111507,500103059,0,0,0,0,300,123,0,0,0
2026-09-23T09:24:07.201Z,0x0517,0x0104,50011,2,31,500112633,500112633,0,21651,2169233,0,0,3,0,0,1,0,8,8,0,3,2,8,high,0x55B5,0,2,4,0,1,0,500111507,500111507,500103059,0,0,0,0,300,124,0,0,0
2026-09-23T09:24:08.202Z,0x0517,0x0104,50011,2,31,500103623,500103623,0,21661,2170235,0,0,3,0,0,1,0,8,8,0,3,2,8,high,0x55B5,0,2,4,0,1,0,500103623,500103623,500103059,0,0,0,0,300,125,0,0,0
2026-09-23T09:24:09.205Z,0x0517,0x0104,50011,2,31,500104749,500104749,0,21671,2171236,0,0,3,0,0,1,0,8,8,0,3,2,8,high,0x55B5,0,2,4,0,1,0,500105875,500105875,500103059,0,0,0,0,300,126,0,0,0
2026-09-23T09:24:10.206Z,0x0517,0x0104,50011,2,31,500109254,500109254,0,21681,2172237,0,0,3,0,0,1,0,8,8,0,3,2,8,high,0x55B5,0,2,4,0,1,0,500109254,500109254,500103059,0,0,0,0,300,127,0,0,0
2026-09-23T09:24:11.205Z,0x0517,0x0104,50011,2,31,500116012,500116012,0,21691,2173238,0,0,3,0,0,1,0,8,8,0,3,2,8,high,0x55B5,0,2,4,0,1,0,500116012,500116012,500103059,0,0,0,0,300,128,0,0,0
2026-09-23T09:24:12.204Z,0x0517,0x0104,50011,2,31,500116012,500116012,0,21701,2174240,0,0,3,0,0,1,0,8,8,0,3,2,8,high,0x55B5,0,2,4,0,1,0,500114886,500114886,500103059,0,0,0,0,300,129,0,0,0
2026-09-23T09:24:13.207Z,0x0517,0x0104,50011,2,31,500110381,500110381,0,21711,2175241,0,0,3,0,0,1,0,8,8,0,3,2,8,high,0x55B5,0,2,4,0,1,0,500110381,500110381,500103059,0,0,0,0,300,130,0,0,0
2026-09-23T09:24:14.207Z,0x0517,0x0104,50011,2,31,500104749,500104749,0,21721,2176242,0,0,3,0,0,1,0,8,8,0,3,2,8,high,0x55B5,0,2,4,0,1,0,500105875,500105875,500103059,0,0,0,0,300,131,0,0,0
2026-09-23T09:24:15.210Z,0x0517,0x0104,50011,2,31,500105875,500105875,0,21731,2177243,0,0,3,0,0,1,0,8,8,0,3,2,8,high,0x55B5,0,2,4,0,1,0,500104749,500104749,500103059,0,0,0,0,300,132,0,0,0
2026-09-23T09:24:16.195Z,0x0517,0x0104,50011,2,31,500109254,500109254,0,21740,2178145,0,0,3,0,0,1,0,8,8,0,3,2,8,high,0x55B5,0,2,4,0,1,0,500108128,500108128,500103059,0,0,0,0,300,133,0,0,0
2026-09-23T09:24:17.200Z,0x0517,0x0104,50011,2,31,500107002,500107002,0,21750,2179146,0,0,3,0,0,1,0,8,8,0,3,2,8,high,0x55B5,0,2,4,0,1,0,500107002,500107002,500103059,0,0,0,0,300,134,0,0,0
2026-09-23T09:24:18.204Z,0x0517,0x0104,50011,2,31,500102496,500102496,0,21760,2180147,0,0,3,0,0,1,0,8,8,0,3,2,8,high,0x55B5,0,2,4,0,1,0,500100244,500100244,500103059,0,0,0,0,300,135,0,0,0
2026-09-23T09:24:19.205Z,0x0517,0x0104,50011,2,31,500102496,500102496,0,21770,2181149,0,0,3,0,0,1,0,8,8,0,3,2,8,high,0x55B5,0,2,4,0,1,0,500102496,500102496,500103059,0,0,0,0,300,136,0,0,0
2026-09-23T09:24:20.206Z,0x0517,0x0104,50011,2,31,500104749,500104749,0,21780,2182150,0,0,3,0,0,1,0,8,8,0,3,2,8,high,0x55B5,0,2,4,0,1,0,500104749,500104749,500103059,0,0,0,0,300,137,0,0,0
2026-09-23T09:24:21.210Z,0x0517,0x0104,50011,2,31,500102496,500102496,0,21790,2183151,0,0,3,0,0,1,0,8,8,0,3,2,8,high,0x55B5,0,2,4,0,1,0,500101370,500101370,500103059,0,0,0,0,300,138,0,0,0
2026-09-23T09:24:22.196Z,0x0517,0x0104,50011,2,31,500109254,500109254,0,21800,2184153,0,0,3,0,0,1,0,8,8,0,3,2,8,high,0x55B5,0,2,4,0,1,0,500110381,500110381,500103059,0,0,0,0,300,139,0,0,0
2026-09-23T09:24:23.201Z,0x0517,0x0104,50011,2,31,500104749,500104749,0,21810,2185154,0,0,3,0,0,1,0,8,8,0,3,2,8,high,0x55B5,0,2,4,0,1,0,500104749,500104749,500103059,0,0,0,0,300,140,0,0,0
2026-09-23T09:24:24.205Z,0x0517,0x0104,50011,2,31,500101370,500101370,0,21820,2186155,0,0,3,0,0,1,0,8,8,0,3,2,8,high,0x55B5,0,2,4,0,1,0,500102496,500102496,500103059,0,0,0,0,300,141,0,0,0
2026-09-23T09:24:25.208Z,0x0517,0x0104,50011,2,31,500111507,500111507,0,21830,2187156,0,0,3,0,0,1,0,8,8,0,3,2,8,high,0x55B5,0,2,4,0,1,0,500110381,500110381,500103059,0,0,0,0,300,142,0,0,0
2026-09-23T09:24:26.210Z,0x0517,0x0104,50011,2,31,500108128,500108128,0,21840,2188158,0,0,3,0,0,1,0,8,8,0,3,2,8,high,0x55B5,0,2,4,0,1,0,500107002,500107002,500103059,0,0,0,0,300,143,0,0,0
2026-09-23T09:24:27.196Z,0x0517,0x0104,50011,2,31,500109254,500109254,0,21850,2189159,0,0,3,0,0,1,0,8,8,0,3,2,8,high,0x55B5,0,2,4,0,1,0,500110381,500110381,500103059,0,0,0,0,300,144,0,0,0
2026-09-23T09:24:28.201Z,0x0517,0x0104,50011,2,31,500114886,500114886,0,21860,2190160,0,0,3,0,0,1,0,8,8,0,3,2,8,high,0x55B5,0,2,4,0,1,0,500114886,500114886,500103059,0,0,0,0,300,145,0,0,0
2026-09-23T09:24:29.205Z,0x0517,0x0104,50011,2,31,500109254,500109254,0,21870,2191162,0,0,3,0,0,1,0,8,8,0,3,2,8,high,0x55B5,0,2,4,0,1,0,500108128,500108128,500103059,0,0,0,0,300,146,0,0,0
2026-09-23T09:24:30.210Z,0x0517,0x0104,50011,2,31,500110381,500110381,0,21880,2192163,0,0,3,0,0,1,0,8,8,0,3,2,8,high,0x55B5,0,2,4,0,1,0,500109254,500109254,500103059,0,0,0,0,300,147,0,0,0
2026-09-23T09:24:31.198Z,0x0517,0x0104,50011,2,31,500111507,500111507,0,21890,2193164,0,0,3,0,0,1,0,8,8,0,3,2,8,high,0x55B5,0,2,4,0,1,0,500111507,500111507,500103059,0,0,0,0,300,148,0,0,0
2026-09-23T09:24:32.201Z,0x0517,0x0104,50011,2,31,500111507,500111507,0,21900,2194166,0,0,3,0,0,1,0,8,8,0,3,2,8,high,0x55B5,0,2,4,0,1,0,500112633,500112633,500103059,0,0,0,0,300,149,0,0,0
2026-09-23T09:24:33.205Z,0x0517,0x0104,50011,2,31,500111507,500111507,0,21910,2195167,0,0,3,0,0,1,0,8,8,0,3,2,8,high,0x55B5,0,2,4,0,1,0,500112633,500112633,500103059,0,0,0,0,300,150,0,0,0
2026-09-23T09:24:34.207Z,0x0517,0x0104,50011,2,31,500117139,500117139,0,21920,2196168,0,0,3,0,0,1,0,8,8,0,3,2,8,high,0x55B5,0,2,4,0,1,0,500117139,500117139,500103059,0,0,0,0,300,151,0,0,0
2026-09-23T09:24:35.206Z,0x0517,0x0104,50011,2,31,500118265,500118265,0,21930,2197169,0,0,3,0,0,1,0,8,8,0,3,2,8,high,0x55B5,0,2,4,0,1,0,500117139,500117139,500103059,0,0,0,0,300,152,0,0,0
2026-09-23T09:24:36.211Z,0x0517,0x0104,50011,2,31,500122770,500122770,0,21940,2198171,0,0,3,0,0,1,0,8,8,0,3,2,8,high,0x55B5,0,2,4,0,1,0,500122770,500122770,500103059,0,0,0,0,300,153,0,0,0
2026-09-23T09:24:37.202Z,0x0517,0x0104,50012,2,31,500125023,500125023,0,21950,2199173,0,0,3,0,0,1,0,8,8,0,3,2,8,high,0x55B5,0,2,4,0,1,0,500125023,500125023,500103059,0,0,0,0,300,154,0,0,0
2026-09-23T09:24:38.205Z,0x0517,0x0104,50012,2,31,500121644,500121644,0,21960,2200174,0,0,3,0,0,1,0,8,8,0,3,2,8,high,0x55B5,0,2,4,0,1,0,500121644,500121644,500103059,0,0,0,0,300,155,0,0,0
2026-09-23T09:24:39.207Z,0x0517,0x0104,50012,2,31,500120518,500120518,0,21970,2201175,0,0,3,0,0,1,0,8,8,0,3,2,8,high,0x55B5,0,2,4,0,1,0,500120518,500120518,500103059,0,0,0,0,300,156,0,0,0
2026-09-23T09:24:40.215Z,0x0517,0x0104,50012,2,31,500117139,500117139,0,21980,2202176,0,0,3,0,0,1,0,8,8,0,3,2,8,high,0x55B5,0,2,4,0,1,0,500117139,500117139,500103059,0,0,0,0,300,157,0,0,0
2026-09-23T09:24:41.208Z,0x0517,0x0104,50012,2,31,500117139,500117139,0,21990,2203225,0,0,3,0,0,1,0,8,8,0,3,2,8,high,0x55B5,0,2,4,0,1,0,500117139,500117139,500103059,0,0,0,0,300,158,0,0,0
2026-09-23T09:24:42.214Z,0x0517,0x0104,50012,2,31,500112633,500112633,0,22000,2204179,0,0,3,0,0,1,0,8,8,0,3,2,8,high,0x55B5,0,2,4,0,1,0,500111507,500111507,500103059,0,0,0,0,300,159,0,0,0
2026-09-23T09:24:43.204Z,0x0517,0x0104,50012,2,31,500108128,500108128,0,22010,2205225,0,0,3,0,0,1,0,8,8,0,3,2,8,high,0x55B5,0,2,4,0,1,0,500108128,500108128,500103059,0,0,0,0,300,160,0,0,0
2026-09-23T09:24:44.211Z,0x0517,0x0104,50012,2,31,500111507,500111507,0,22020,2206230,0,0,3,0,0,1,0,8,8,0,3,2,8,high,0x55B5,0,2,4,0,1,0,500109254,500109254,500103059,0,0,0,0,300,161,0,0,0
2026-09-23T09:24:45.203Z,0x0517,0x0104,50012,2,31,500102496,500102496,0,22030,2207223,0,0,3,0,0,1,0,8,8,0,3,2,8,high,0x55B5,0,2,4,0,1,0,500102496,500102496,500103059,0,0,0,0,300,162,0,0,0
2026-09-23T09:24:46.213Z,0x0517,0x0104,50011,2,31,500103623,500103623,0,22040,2208230,0,0,3,0,0,1,0,8,8,0,3,2,8,high,0x55B5,0,2,4,0,1,0,500105875,500105875,500103059,0,0,0,0,300,163,0,0,0
2026-09-23T09:24:47.199Z,0x0517,0x0104,50011,2,31,500107002,500107002,0,22050,2209224,0,0,3,0,0,1,0,8,8,0,3,2,8,high,0x55B5,0,2,4,0,1,0,500107002,500107002,500103059,0,0,0,0,300,164,0,0,0
2026-09-23T09:24:48.201Z,0x0517,0x0104,50011,2,31,500111507,500111507,0,22060,2210226,0,0,3,0,0,1,0,8,8,0,3,2,8,high,0x55B5,0,2,4,0,1,0,500107002,500107002,500103059,0,0,0,0,300,165,0,0,0
2026-09-23T09:24:49.210Z,0x0517,0x0104,50011,2,31,500112633,500112633,0,22070,2211229,0,0,3,0,0,1,0,8,8,0,3,2,8,high,0x55B5,0,2,4,0,1,0,500117139,500117139,500103059,0,0,0,0,300,166,0,0,0
2026-09-23T09:24:50.199Z,0x0517,0x0104,50011,2,31,500116012,500116012,0,22080,2212221,0,0,3,0,0,1,0,8,8,0,3,2,8,high,0x55B5,0,2,4,0,1,0,500118265,500118265,500103059,0,0,0,0,300,167,0,0,0
2026-09-23T09:24:51.200Z,0x0517,0x0104,50011,2,31,500117139,500117139,0,22090,2213226,0,0,3,0,0,1,0,8,8,0,3,2,8,high,0x55B5,0,2,4,0,1,0,500112633,500112633,500103059,0,0,0,0,300,168,0,0,0
2026-09-23T09:24:52.204Z,0x0517,0x0104,50011,2,31,500103623,500103623,0,22100,2214227,0,0,3,0,0,1,0,8,8,0,3,2,8,high,0x55B5,0,2,4,0,1,0,500103623,500103623,500103059,0,0,0,0,300,169,0,0,0
2026-09-23T09:24:53.210Z,0x0517,0x0104,50011,2,31,500109254,500109254,0,22110,2215232,0,0,3,0,0,1,0,8,8,0,3,2,8,high,0x55B5,0,2,4,0,1,0,500109254,500109254,500103059,0,0,0,0,300,170,0,0,0
2026-09-23T09:24:54.203Z,0x0517,0x0104,50011,2,31,500109254,500109254,0,22120,2216222,0,0,3,0,0,1,0,8,8,0,3,2,8,high,0x55B5,0,2,4,0,1,0,500111507,500111507,500103059,0,0,0,0,300,171,0,0,0
2026-09-23T09:24:55.206Z,0x0517,0x0104,50011,2,31,500111507,500111507,0,22130,2217230,0,0,3,0,0,1,0,8,8,0,3,2,8,high,0x55B5,0,2,4,0,1,0,500111507,500111507,500103059,0,0,0,0,300,172,0,0,0
2026-09-23T09:24:56.210Z,0x0517,0x0104,50011,2,31,500111507,500111507,0,22140,2218234,0,0,3,0,0,1,0,8,8,0,3,2,8,high,0x55B5,0,2,4,0,1,0,500113760,500113760,500103059,0,0,0,0,300,173,0,0,0
2026-09-23T09:24:57.200Z,0x0517,0x0104,50011,2,31,500118265,500118265,0,22150,2219222,0,0,3,0,0,1,0,8,8,0,3,2,8,high,0x55B5,0,2,4,0,1,0,500116012,500116012,500103059,0,0,0,0,300,174,0,0,0
2026-09-23T09:24:58.201Z,0x0517,0x0104,50011,2,31,500121644,500121644,0,22160,2220228,0,0,3,0,0,1,0,8,8,0,3,2,8,high,0x55B5,0,2,4,0,1,0,500119391,500119391,500103059,0,0,0,0,300,175,0,0,0
2026-09-23T09:24:59.205Z,0x0517,0x0104,50011,2,31,500120518,500120518,0,22170,2221229,0,0,3,0,0,1,0,8,8,0,3,2,8,high,0x55B5,0,2,4,0,1,0,500118265,500118265,500103059,0,0,0,0,300,176,0,0,0
2026-09-23T09:25:00.212Z,0x0517,0x0104,50011,2,31,500122770,500122770,0,22180,2222233,0,0,3,0,0,1,0,8,8,0,3,2,8,high,0x55B5,0,2,4,0,1,0,500120518,500120518,500103059,0,0,0,0,300,177,0,0,0
2026-09-23T09:25:01.198Z,0x0517,0x0104,50011,2,31,500117139,500117139,0,22190,2223224,0,0,3,0,0,1,0,8,8,0,3,2,8,high,0x55B5,0,2,4,0,1,0,500117139,500117139,500103059,0,0,0,0,300,178,0,0,0
2026-09-23T09:25:02.200Z,0x0517,0x0104,50011,2,31,500121644,500121644,0,22200,2224226,0,0,3,0,0,1,0,8,8,0,3,2,8,high,0x55B5,0,2,4,0,1,0,500119391,500119391,500103059,0,0,0,0,300,179,0,0,0
2026-09-23T09:25:03.205Z,0x0517,0x0104,50011,2,31,500107002,500107002,0,22210,2225229,0,0,3,0,0,1,0,8,8,0,3,2,8,high,0x55B5,0,2,4,0,1,0,500110381,500110381,500103059,0,0,0,0,300,180,0,0,0
2026-09-23T09:25:04.207Z,0x0517,0x0104,50011,2,31,500110381,500110381,0,22220,2226233,0,0,3,0,0,1,0,8,8,0,3,2,8,high,0x55B5,0,2,4,0,1,0,500109254,500109254,500103059,0,0,0,0,300,181,0,0,0
2026-09-23T09:25:05.208Z,0x0517,0x0104,50011,2,31,500105875,500105875,0,22230,2227236,0,0,3,0,0,1,0,8,8,0,3,2,8,high,0x55B5,0,2,4,0,1,0,500108128,500108128,500103059,0,0,0,0,300,182,0,0,0
2026-09-23T09:25:06.211Z,0x0517,0x0104,50011,2,31,500114886,500114886,0,22240,2228237,0,0,3,0,0,1,0,8,8,0,3,2,8,high,0x55B5,0,2,4,0,1,0,500117139,500117139,500103059,0,0,0,0,300,183,0,0,0
2026-09-23T09:25:07.195Z,0x0517,0x0104,50011,2,31,500113760,500113760,0,22250,2229224,0,0,3,0,0,1,0,8,8,0,3,2,8,high,0x55B5,0,2,4,0,1,0,500113760,500113760,500103059,0,0,0,0,300,184,0,0,0
2026-09-23T09:25:08.196Z,0x0517,0x0104,50011,2,31,500113760,500113760,0,22260,2230224,0,0,3,0,0,1,0,8,8,0,3,2,8,high,0x55B5,0,2,4,0,1,0,500112633,500112633,500103059,0,0,0,0,300,185,0,0,0
2026-09-23T09:25:09.195Z,0x0517,0x0104,50011,2,31,500116012,500116012,0,22270,2231224,0,0,3,0,0,1,0,8,8,0,3,2,8,high,0x55B5,0,2,4,0,1,0,500117139,500117139,500103059,0,0,0,0,300,186,0,0,0
2026-09-23T09:25:10.197Z,0x0517,0x0104,50011,2,31,500116012,500116012,0,22280,2232222,0,0,3,0,0,1,0,8,8,0,3,2,8,high,0x55B5,0,2,4,0,1,0,500114886,500114886,500103059,0,0,0,0,300,187,0,0,0
2026-09-23T09:25:11.196Z,0x0517,0x0104,50011,2,31,500114886,500114886,0,22290,2233225,0,0,3,0,0,1,0,8,8,0,3,2,8,high,0x55B5,0,2,4,0,1,0,500114886,500114886,500103059,0,0,0,0,300,188,0,0,0
2026-09-23T09:25:12.198Z,0x0517,0x0104,50011,2,31,500122770,500122770,0,22300,2234227,0,0,3,0,0,1,0,8,8,0,3,2,8,high,0x55B5,0,2,4,0,1,0,500122770,500122770,500103059,0,0,0,0,300,189,0,0,0
2026-09-23T09:25:13.200Z,0x0517,0x0104,50011,2,31,500120518,500120518,0,22310,2235227,0,0,3,0,0,1,0,8,8,0,3,2,8,high,0x55B5,0,2,4,0,1,0,500119391,500119391,500103059,0,0,0,0,300,190,0,0,0
2026-09-23T09:25:14.199Z,0x0517,0x0104,50011,2,31,500108128,500108128,0,22320,2236228,0,0,3,0,0,1,0,8,8,0,3,2,8,high,0x55B5,0,2,4,0,1,0,500108128,500108128,500103059,0,0,0,0,300,191,0,0,0
2026-09-23T09:25:15.205Z,0x0517,0x0104,50011,2,31,500105875,500105875,0,22330,2237230,0,0,3,0,0,1,0,8,8,0,3,2,8,high,0x55B5,0,2,4,0,1,0,500104749,500104749,500103059,0,0,0,0,300,192,0,0,0
2026-09-23T09:25:16.205Z,0x0517,0x0104,50011,2,31,500105875,500105875,0,22340,2238234,0,0,3,0,0,1,0,8,8,0,3,2,8,high,0x55B5,0,2,4,0,1,0,500108128,500108128,500103059,0,0,0,0,300,193,0,0,0
2026-09-23T09:25:17.205Z,0x0517,0x0104,50011,2,31,500116012,500116012,0,22350,2239234,0,0,3,0,0,1,0,8,8,0,3,2,8,high,0x55B5,0,2,4,0,1,0,500113760,500113760,500103059,0,0,0,0,300,194,0,0,0
2026-09-23T09:25:18.205Z,0x0517,0x0104,50011,2,31,500110381,500110381,0,22360,2240235,0,0,3,0,0,1,0,8,8,0,3,2,8,high,0x55B5,0,2,4,0,1,0,500110381,500110381,500103059,0,0,0,0,300,195,0,0,0
2026-09-23T09:25:19.208Z,0x0517,0x0104,50011,2,31,500107002,500107002,0,22370,2241234,0,0,3,0,0,1,0,8,8,0,3,2,8,high,0x55B5,0,2,4,0,1,0,500107002,500107002,500103059,0,0,0,0,300,196,0,0,0
2026-09-23T09:25:20.210Z,0x0517,0x0104,50011,2,31,500105875,500105875,0,22380,2242238,0,0,3,0,0,1,0,8,8,0,3,2,8,high,0x55B5,0,2,4,0,1,0,500108128,500108128,500103059,0,0,0,0,300,197,0,0,0
2026-09-23T09:25:21.195Z,0x0517,0x0104,50011,2,31,500108128,500108128,0,22390,2243233,0,0,3,0,0,1,0,8,8,0,3,2,8,high,0x55B5,0,2,4,0,1,0,500108128,500108128,500103059,0,0,0,0,300,198,0,0,0
2026-09-23T09:25:22.195Z,0x0517,0x0104,50011,2,31,500110381,500110381,0,22400,2244235,0,0,3,0,0,1,0,8,8,0,3,2,8,high,0x55B5,0,2,4,0,1,0,500111507,500111507,500103059,0,0,0,0,300,199,0,0,0
2026-09-23T09:25:23.199Z,0x0517,0x0104,50011,2,31,500109254,500109254,0,22410,2245236,0,0,3,0,0,1,0,8,8,0,3,2,8,high,0x55B5,0,2,4,0,1,0,500109254,500109254,500103059,0,0,0,0,300,200,0,0,0
2026-09-23T09:25:24.197Z,0x0517,0x0104,50011,2,31,500109254,500109254,0,22420,2246237,0,0,3,0,0,1,0,8,8,0,3,2,8,high,0x55B5,0,2,4,0,1,0,500107002,500107002,500103059,0,0,0,0,300,201,0,0,0
2026-09-23T09:25:25.200Z,0x0517,0x0104,50011,2,31,500103623,500103623,0,22430,2247239,0,0,3,0,0,1,0,8,8,0,3,2,8,high,0x55B5,0,2,4,0,1,0,500103623,500103623,500103059,0,0,0,0,300,202,0,0,0
2026-09-23T09:25:26.200Z,0x0517,0x0104,50011,2,31,500110381,500110381,0,22440,2248240,0,0,3,0,0,1,0,8,8,0,3,2,8,high,0x55B5,0,2,4,0,1,0,500111507,500111507,500103059,0,0,0,0,300,203,0,0,0
2026-09-23T09:25:27.200Z,0x0517,0x0104,50011,2,31,500110381,500110381,0,22450,2249242,0,0,3,0,0,1,0,8,8,0,3,2,8,high,0x55B5,0,2,4,0,1,0,500110381,500110381,500103059,0,0,0,0,300,204,0,0,0
2026-09-23T09:25:28.200Z,0x0517,0x0104,50011,2,31,500112633,500112633,0,22459,2250143,0,0,3,0,0,1,0,8,8,0,3,2,8,high,0x55B5,0,2,4,0,1,0,500110381,500110381,500103059,0,0,0,0,300,205,0,0,0
2026-09-23T09:25:29.201Z,0x0517,0x0104,50011,2,31,500119391,500119391,0,22469,2251144,0,0,3,0,0,1,0,8,8,0,3,2,8,high,0x55B5,0,2,4,0,1,0,500119391,500119391,500103059,0,0,0,0,300,206,0,0,0
2026-09-23T09:25:30.201Z,0x0517,0x0104,50011,2,31,500105875,500105875,0,22479,2252146,0,0,3,0,0,1,0,8,8,0,3,2,8,high,0x55B5,0,2,4,0,1,0,500103623,500103623,500103059,0,0,0,0,300,207,0,0,0
2026-09-23T09:25:31.207Z,0x0517,0x0104,50011,2,31,500105875,500105875,0,22489,2253147,0,0,3,0,0,1,0,8,8,0,3,2,8,high,0x55B5,0,2,4,0,1,0,500105875,500105875,500103059,0,0,0,0,300,208,0,0,0
2026-09-23T09:25:32.209Z,0x0517,0x0104,50011,2,31,500112633,500112633,0,22500,2254249,0,0,3,0,0,1,0,8,8,0,3,2,8,high,0x55B5,0,2,4,0,1,0,500113760,500113760,500103059,0,0,0,0,300,209,0,0,0
2026-09-23T09:25:33.196Z,0x0517,0x0104,50011,2,31,500114886,500114886,0,22509,2255150,0,0,3,0,0,1,0,8,8,0,3,2,8,high,0x55B5,0,2,4,0,1,0,500114886,500114886,500103059,0,0,0,0,300,210,0,0,0
2026-09-23T09:25:34.200Z,0x0517,0x0104,50011,2,31,500116012,500116012,0,22519,2256153,0,0,3,0,0,1,0,8,8,0,3,2,8,high,0x55B5,0,2,4,0,1,0,500116012,500116012,500103059,0,0,0,0,300,211,0,0,0
2026-09-23T09:25:35.202Z,0x0517,0x0104,50011,2,31,500108128,500108128,0,22529,2257153,0,0,3,0,0,1,0,8,8,0,3,2,8,high,0x55B5,0,2,4,0,1,0,500108128,500108128,500103059,0,0,0,0,300,212,0,0,0
2026-09-23T09:25:36.204Z,0x0517,0x0104,50011,2,31,500105875,500105875,0,22539,2258155,0,0,3,0,0,1,0,8,8,0,3,2,8,high,0x55B5,0,2,4,0,1,0,500105875,500105875,500103059,0,0,0,0,300,213,0,0,0
2026-09-23T09:25:37.209Z,0x0517,0x0104,50011,2,31,500105875,500105875,0,22549,2259156,0,0,3,0,0,1,0,8,8,0,3,2,8,high,0x55B5,0,2,4,0,1,0,500103623,500103623,500103059,0,0,0,0,300,214,0,0,0
2026-09-23T09:25:38.212Z,0x0517,0x0104,50011,2,31,500099117,500099117,0,22559,2260158,0,0,3,0,0,1,0,8,8,0,3,2,8,high,0x55B5,0,2,4,0,1,0,500100244,500100244,500103059,0,0,0,0,300,215,0,0,0
2026-09-23T09:25:39.199Z,0x0517,0x0104,50011,2,31,500109254,500109254,0,22569,2261159,0,0,3,0,0,1,0,8,8,0,3,2,8,high,0x55B5,0,2,4,0,1,0,500109254,500109254,500103059,0,0,0,0,300,216,0,0,0
2026-09-23T09:25:40.202Z,0x0517,0x0104,50011,2,31,500102496,500102496,0,22579,2262161,0,0,3,0,0,1,0,8,8,0,3,2,8,high,0x55B5,0,2,4,0,1,0,500104749,500104749,500103059,0,0,0,0,300,217,0,0,0
2026-09-23T09:25:41.207Z,0x0517,0x0104,50011,2,31,500110381,500110381,0,22589,2263162,0,0,3,0,0,1,0,8,8,0,3,2,8,high,0x55B5,0,2,4,0,1,0,500110381,500110381,500103059,0,0,0,0,300,218,0,0,0
2026-09-23T09:25:42.210Z,0x0517,0x0104,50011,2,31,500113760,500113760,0,22599,2264163,0,0,3,0,0,1,0,8,8,0,3,2,8,high,0x55B5,0,2,4,0,1,0,500117139,500117139,500103059,0,0,0,0,300,219,0,0,0
2026-09-23T09:25:43.199Z,0x0517,0x0104,50011,2,31,500114886,500114886,0,22609,2265165,0,0,3,0,0,1,0,8,8,0,3,2,8,high,0x55B5,0,2,4,0,1,0,500112633,500112633,500103059,0,0,0,0,300,220,0,0,0
2026-09-23T09:25:44.203Z,0x0517,0x0104,50011,2,31,500108128,500108128,0,22619,2266166,0,0,3,0,0,1,0,8,8,0,3,2,8,high,0x55B5,0,2,4,0,1,0,500108128,500108128,500103059,0,0,0,0,300,221,0,0,0
2026-09-23T09:25:45.208Z,0x0517,0x0104,50011,2,31,500110381,500110381,0,22629,2267168,0,0,3,0,0,1,0,8,8,0,3,2,8,high,0x55B5,0,2,4,0,1,0,500110381,500110381,500103059,0,0,0,0,300,222,0,0,0
2026-09-23T09:25:46.212Z,0x0517,0x0104,50011,2,31,500109254,500109254,0,22639,2268169,0,0,3,0,0,1,0,8,8,0,3,2,8,high,0x55B5,0,2,4,0,1,0,500108128,500108128,500103059,0,0,0,0,300,223,0,0,0
2026-09-23T09:25:47.201Z,0x0517,0x0104,50011,2,31,500105875,500105875,0,22649,2269171,0,0,3,0,0,1,0,8,8,0,3,2,8,high,0x55B5,0,2,4,0,1,0,500105875,500105875,500103059,0,0,0,0,300,224,0,0,0
2026-09-23T09:25:48.207Z,0x0517,0x0104,50011,2,31,500107002,500107002,0,22659,2270173,0,0,3,0,0,1,0,8,8,0,3,2,8,high,0x55B5,0,2,4,0,1,0,500105875,500105875,500103059,0,0,0,0,300,225,0,0,0
2026-09-23T09:25:49.208Z,0x0517,0x0104,50011,2,31,500096865,500096865,0,22669,2271173,0,0,3,0,0,1,0,8,8,0,3,2,8,high,0x55B5,0,2,4,0,1,0,500097991,500097991,500103059,0,0,0,0,300,226,0,0,0
2026-09-23T09:25:50.212Z,0x0517,0x0104,50011,2,31,500108128,500108128,0,22679,2272174,0,0,3,0,0,1,0,8,8,0,3,2,8,high,0x55B5,0,2,4,0,1,0,500109254,500109254,500103059,0,0,0,0,300,227,0,0,0
2026-09-23T09:25:51.201Z,0x0517,0x0104,50011,2,31,500102496,500102496,0,22689,2273176,0,0,3,0,0,1,0,8,8,0,3,2,8,high,0x55B5,0,2,4,0,1,0,500102496,500102496,500103059,0,0,0,0,300,228,0,0,0
2026-09-23T09:25:52.206Z,0x0517,0x0104,50011,2,31,500108128,500108128,0,22699,2274177,0,0,3,0,0,1,0,8,8,0,3,2,8,high,0x55B5,0,2,4,0,1,0,500108128,500108128,500103059,0,0,0,0,300,229,0,0,0
2026-09-23T09:25:53.206Z,0x0517,0x0104,50011,2,31,500103623,500103623,0,22709,2275178,0,0,3,0,0,1,0,8,8,0,3,2,8,high,0x55B5,0,2,4,0,1,0,500102496,500102496,500103059,0,0,0,0,300,230,0,0,0
2026-09-23T09:25:54.208Z,0x0517,0x0104,50011,2,31,500100244,500100244,0,22719,2276180,0,0,3,0,0,1,0,8,8,0,3,2,8,high,0x55B5,0,2,4,0,1,0,500101370,500101370,500103059,0,0,0,0,300,231,0,0,0
2026-09-23T09:25:55.213Z,0x0517,0x0104,50011,2,31,500109254,500109254,0,22729,2277181,0,0,3,0,0,1,0,8,8,0,3,2,8,high,0x55B5,0,2,4,0,1,0,500110381,500110381,500103059,0,0,0,0,300,232,0,0,0
2026-09-23T09:25:56.208Z,0x0517,0x0104,50011,2,31,500112633,500112633,0,22739,2278229,0,0,3,0,0,1,0,8,8,0,3,2,8,high,0x55B5,0,2,4,0,1,0,500112633,500112633,500103059,0,0,0,0,300,233,0,0,0
2026-09-23T09:25:57.214Z,0x0517,0x0104,50011,2,31,500108128,500108128,0,22749,2279183,0,0,3,0,0,1,0,8,8,0,3,2,8,high,0x55B5,0,2,4,0,1,0,500107002,500107002,500103059,0,0,0,0,300,234,0,0,0
2026-09-23T09:25:58.207Z,0x0517,0x0104,50011,2,31,500110381,500110381,0,22759,2280230,0,0,3,0,0,1,0,8,8,0,3,2,8,high,0x55B5,0,2,4,0,1,0,500111507,500111507,500103059,0,0,0,0,300,234,0,0,0
2026-09-23T09:25:59.212Z,0x0517,0x0104,50011,2,31,500110381,500110381,0,22769,2281186,0,0,3,0,0,1,0,8,8,0,3,2,8,high,0x55B5,0,2,4,0,1,0,500110381,500110381,500103059,0,0,0,0,300,235,0,0,0
2026-09-23T09:26:00.206Z,0x0517,0x0104,50011,2,31,500108128,500108128,0,22779,2282229,0,0,3,0,0,1,0,8,8,0,3,2,8,high,0x55B5,0,2,4,0,1,0,500108128,500108128,500103059,0,0,0,0,300,236,0,0,0
2026-09-23T09:26:01.214Z,0x0517,0x0104,50011,2,31,500103623,500103623,0,22789,2283189,0,0,3,0,0,1,0,8,8,0,3,2,8,high,0x55B5,0,2,4,0,1,0,500102496,500102496,500103059,0,0,0,0,300,237,0,0,0
2026-09-23T09:26:02.208Z,0x0517,0x0104,50011,2,31,500112633,500112633,0,22799,2284231,0,0,3,0,0,1,0,8,8,0,3,2,8,high,0x55B5,0,2,4,0,1,0,500111507,500111507,500103059,0,0,0,0,300,238,0,0,0
2026-09-23T09:26:03.214Z,0x0517,0x0104,50011,2,31,500114886,500114886,0,22809,2285241,0,0,3,0,0,1,0,8,8,0,3,2,8,high,0x55B5,0,2,4,0,1,0,500117139,500117139,500103059,0,0,0,0,300,239,0,0,0
2026-09-23T09:26:04.201Z,0x0517,0x0104,50011,2,31,500119391,500119391,0,22819,2286230,0,0,3,0,0,1,0,8,8,0,3,2,8,high,0x55B5,0,2,4,0,1,0,500118265,500118265,500103059,0,0,0,0,300,240,0,0,0
2026-09-23T09:26:05.201Z,0x0517,0x0104,50011,2,31,500122770,500122770,0,22829,2287234,0,0,3,0,0,1,0,8,8,0,3,2,8,high,0x55B5,0,2,4,0,1,0,500121644,500121644,500103059,0,0,0,0,300,241,0,0,0
2026-09-23T09:26:06.204Z,0x0517,0x0104,50011,2,31,500118265,500118265,0,22839,2288234,0,0,3,0,0,1,0,8,8,0,3,2,8,high,0x55B5,0,2,4,0,1,0,500117139,500117139,500103059,0,0,0,0,300,242,0,0,0
2026-09-23T09:26:07.207Z,0x0517,0x0104,50011,2,31,500107002,500107002,0,22849,2289237,0,0,3,0,0,1,0,8,8,0,3,2,8,high,0x55B5,0,2,4,0,1,0,500105875,500105875,500103059,0,0,0,0,300,243,0,0,0
2026-09-23T09:26:08.213Z,0x0517,0x0104,50011,2,31,500110381,500110381,0,22859,2290240,0,0,3,0,0,1,0,8,8,0,3,2,8,high,0x55B5,0,2,4,0,1,0,500111507,500111507,500103059,0,0,0,0,300,244,0,0,0
2026-09-23T09:26:09.202Z,0x0517,0x0104,50011,2,31,500103623,500103623,0,22869,2291230,0,0,3,0,0,1,0,8,8,0,3,2,8,high,0x55B5,0,2,4,0,1,0,500103623,500103623,500103059,0,0,0,0,300,245,0,0,0
2026-09-23T09:26:10.208Z,0x0517,0x0104,50011,2,31,500107002,500107002,0,22879,2292236,0,0,3,0,0,1,0,8,8,0,3,2,8,high,0x55B5,0,2,4,0,1,0,500107002,500107002,500103059,0,0,0,0,300,246,0,0,0
2026-09-23T09:26:11.211Z,0x0517,0x0104,50011,2,31,500110381,500110381,0,22889,2293240,0,0,3,0,0,1,0,8,8,0,3,2,8,high,0x55B5,0,2,4,0,1,0,500110381,500110381,500103059,0,0,0,0,300,247,0,0,0
2026-09-23T09:26:12.199Z,0x0517,0x0104,50011,2,31,500111507,500111507,0,22899,2294228,0,0,3,0,0,1,0,8,8,0,3,2,8,high,0x55B5,0,2,4,0,1,0,500110381,500110381,500103059,0,0,0,0,300,248,0,0,0
2026-09-23T09:26:13.206Z,0x0517,0x0104,50011,2,31,500108128,500108128,0,22909,2295232,0,0,3,0,0,1,0,8,8,0,3,2,8,high,0x55B5,0,2,4,0,1,0,500103623,500103623,500103059,0,0,0,0,300,249,0,0,0
2026-09-23T09:26:14.209Z,0x0517,0x0104,50011,2,31,500104749,500104749,0,22919,2296240,0,0,3,0,0,1,0,8,8,0,3,2,8,high,0x55B5,0,2,4,0,1,0,500105875,500105875,500103059,0,0,0,0,300,250,0,0,0
2026-09-23T09:26:15.195Z,0x0517,0x0104,50011,2,31,500108128,500108128,0,22929,2297226,0,0,3,0,0,1,0,8,8,0,3,2,8,high,0x55B5,0,2,4,0,1,0,500112633,500112633,500103059,0,0,0,0,300,251,0,0,0
2026-09-23T09:26:16.200Z,0x0517,0x0104,50011,2,31,500113760,500113760,0,22939,2298228,0,0,3,0,0,1,0,8,8,0,3,2,8,high,0x55B5,0,2,4,0,1,0,500111507,500111507,500103059,0,0,0,0,300,252,0,0,0
2026-09-23T09:26:17.203Z,0x0517,0x0104,50011,2,31,500112633,500112633,0,22949,2299234,0,0,3,0,0,1,0,8,8,0,3,2,8,high,0x55B5,0,2,4,0,1,0,500111507,500111507,500103059,0,0,0,0,300,253,0,0,0
2026-09-23T09:26:18.212Z,0x0517,0x0104,50011,2,31,500104749,500104749,0,22959,2300236,0,0,3,0,0,1,0,8,8,0,3,2,8,high,0x55B5,0,2,4,0,1,0,500103623,500103623,500103059,0,0,0,0,300,254,0,0,0
2026-09-23T09:26:19.206Z,0x0517,0x0104,50011,2,31,500107002,500107002,0,22969,2301230,0,0,3,0,0,1,0,8,8,0,3,2,8,high,0x55B5,0,2,4,0,1,0,500104749,500104749,500103059,0,0,0,0,300,255,0,0,0
2026-09-23T09:26:20.209Z,0x0517,0x0104,50011,2,31,500109254,500109254,0,22979,2302240,0,0,3,0,0,1,0,8,8,0,3,2,8,high,0x55B5,0,2,4,0,1,0,500105875,500105875,500103059,0,0,0,0,300,256,0,0,0
2026-09-23T09:26:21.216Z,0x0517,0x0104,50011,2,31,500109254,500109254,0,22989,2303243,0,0,3,0,0,1,0,8,8,0,3,2,8,high,0x55B5,0,2,4,0,1,0,500107002,500107002,500103059,0,0,0,0,300,257,0,0,0
2026-09-23T09:26:22.204Z,0x0517,0x0104,50011,2,31,500105875,500105875,0,22999,2304234,0,0,3,0,0,1,0,8,8,0,3,2,8,high,0x55B5,0,2,4,0,1,0,500103623,500103623,500103059,0,0,0,0,300,258,0,0,0
2026-09-23T09:26:23.206Z,0x0517,0x0104,50011,2,31,500104749,500104749,0,23009,2305238,0,0,3,0,0,1,0,8,8,0,3,2,8,high,0x55B5,0,2,4,0,1,0,500105875,500105875,500103059,0,0,0,0,300,259,0,0,0
2026-09-23T09:26:24.209Z,0x0517,0x0104,50011,2,31,500109254,500109254,0,23019,2306240,0,0,3,0,0,1,0,8,8,0,3,2,8,high,0x55B5,0,2,4,0,1,0,500109254,500109254,500103059,0,0,0,0,300,260,0,0,0
2026-09-23T09:26:25.210Z,0x0517,0x0104,50011,2,31,500107002,500107002,0,23029,2307244,0,0,3,0,0,1,0,8,8,0,3,2,8,high,0x55B5,0,2,4,0,1,0,500105875,500105875,500103059,0,0,0,0,300,261,0,0,0
2026-09-23T09:26:26.194Z,0x0517,0x0104,50011,2,31,500105875,500105875,0,23039,2308229,0,0,3,0,0,1,0,8,8,0,3,2,8,high,0x55B5,0,2,4,0,1,0,500104749,500104749,500103059,0,0,0,0,300,262,0,0,0
2026-09-23T09:26:27.193Z,0x0517,0x0104,50011,2,31,500112633,500112633,0,23049,2309229,0,0,3,0,0,1,0,8,8,0,3,2,8,high,0x55B5,0,2,4,0,1,0,500111507,500111507,500103059,0,0,0,0,300,263,0,0,0
2026-09-23T09:26:28.212Z,0x0517,0x0104,50011,2,31,500102496,500102496,0,23059,2310244,0,0,3,0,0,1,0,8,8,0,3,2,8,high,0x55B5,0,2,4,0,1,0,500104749,500104749,500103059,0,0,0,0,300,264,0,0,0
2026-09-23T09:26:29.199Z,0x0517,0x0104,50011,2,31,500111507,500111507,0,23069,2311231,0,0,3,0,0,1,0,8,8,0,3,2,8,high,0x55B5,0,2,4,0,1,0,500111507,500111507,500103059,0,0,0,0,300,265,0,0,0
2026-09-23T09:26:30.200Z,0x0517,0x0104,50011,2,31,500107002,500107002,0,23079,2312235,0,0,3,0,0,1,0,8,8,0,3,2,8,high,0x55B5,0,2,4,0,1,0,500109254,500109254,500103059,0,0,0,0,300,266,0,0,0
2026-09-23T09:26:31.200Z,0x0517,0x0104,50011,2,31,500105875,500105875,0,23089,2313235,0,0,3,0,0,1,0,8,8,0,3,2,8,high,0x55B5,0,2,4,0,1,0,500105875,500105875,500103059,0,0,0,0,300,267,0,0,0
2026-09-23T09:26:32.201Z,0x0517,0x0104,50011,2,31,500105875,500105875,0,23099,2314235,0,0,3,0,0,1,0,8,8,0,3,2,8,high,0x55B5,0,2,4,0,1,0,500105875,500105875,500103059,0,0,0,0,300,268,0,0,0
2026-09-23T09:26:33.203Z,0x0517,0x0104,50011,2,31,500108128,500108128,0,23109,2315236,0,0,3,0,0,1,0,8,8,0,3,2,8,high,0x55B5,0,2,4,0,1,0,500108128,500108128,500103059,0,0,0,0,300,269,0,0,0
2026-09-23T09:26:34.204Z,0x0517,0x0104,50011,2,31,500105875,500105875,0,23119,2316239,0,0,3,0,0,1,0,8,8,0,3,2,8,high,0x55B5,0,2,4,0,1,0,500108128,500108128,500103059,0,0,0,0,300,270,0,0,0
2026-09-23T09:26:35.204Z,0x0517,0x0104,50011,2,31,500114886,500114886,0,23129,2317239,0,0,3,0,0,1,0,8,8,0,3,2,8,high,0x55B5,0,2,4,0,1,0,500114886,500114886,500103059,0,0,0,0,300,271,0,0,0
2026-09-23T09:26:36.205Z,0x0517,0x0104,50011,2,31,500111507,500111507,0,23139,2318241,0,0,3,0,0,1,0,8,8,0,3,2,8,high,0x55B5,0,2,4,0,1,0,500108128,500108128,500103059,0,0,0,0,300,272,0,0,0
2026-09-23T09:26:37.208Z,0x0517,0x0104,50011,2,31,500111507,500111507,0,23149,2319241,0,0,3,0,0,1,0,8,8,0,3,2,8,high,0x55B5,0,2,4,0,1,0,500112633,500112633,500103059,0,0,0,0,300,273,0,0,0
2026-09-23T09:26:38.211Z,0x0517,0x0104,50011,2,31,500104749,500104749,0,23159,2320244,0,0,3,0,0,1,0,8,8,0,3,2,8,high,0x55B5,0,2,4,0,1,0,500102496,500102496,500103059,0,0,0,0,300,274,0,0,0
2026-09-23T09:26:39.196Z,0x0517,0x0104,50011,2,31,500113760,500113760,0,23169,2321239,0,0,3,0,0,1,0,8,8,0,3,2,8,high,0x55B5,0,2,4,0,1,0,500116012,500116012,500103059,0,0,0,0,300,275,0,0,0
2026-09-23T09:26:40.196Z,0x0517,0x0104,50011,2,31,500113760,500113760,0,23179,2322240,0,0,3,0,0,1,0,8,8,0,3,2,8,high,0x55B5,0,2,4,0,1,0,500113760,500113760,500103059,0,0,0,0,300,276,0,0,0
2026-09-23T09:26:41.196Z,0x0517,0x0104,50011,2,31,500109254,500109254,0,23189,2323242,0,0,3,0,0,1,0,8,8,0,3,2,8,high,0x55B5,0,2,4,0,1,0,500107002,500107002,500103059,0,0,0,0,300,277,0,0,0
2026-09-23T09:26:42.196Z,0x0517,0x0104,50011,2,31,500111507,500111507,0,23199,2324243,0,0,3,0,0,1,0,8,8,0,3,2,8,high,0x55B5,0,2,4,0,1,0,500112633,500112633,500103059,0,0,0,0,300,278,0,0,0
2026-09-23T09:26:43.198Z,0x0517,0x0104,50011,2,31,500114886,500114886,0,23209,2325244,0,0,3,0,0,1,0,8,8,0,3,2,8,high,0x55B5,0,2,4,0,1,0,500113760,500113760,500103059,0,0,0,0,300,279,0,0,0
2026-09-23T09:26:44.198Z,0x0517,0x0104,50011,2,31,500118265,500118265,0,23219,2326246,0,0,3,0,0,1,0,8,8,0,3,2,8,high,0x55B5,0,2,4,0,1,0,500116012,500116012,500103059,0,0,0,0,300,280,0,0,0
2026-09-23T09:26:45.202Z,0x0517,0x0104,50011,2,31,500116012,500116012,0,23228,2327147,0,0,3,0,0,1,0,8,8,0,3,2,8,high,0x55B5,0,2,4,0,1,0,500116012,500116012,500103059,0,0,0,0,300,281,0,0,0
2026-09-23T09:26:46.203Z,0x0517,0x0104,50011,2,31,500117139,500117139,0,23239,2328248,0,0,3,0,0,1,0,8,8,0,3,2,8,high,0x55B5,0,2,4,0,1,0,500117139,500117139,500103059,0,0,0,0,300,282,0,0,0
2026-09-23T09:26:47.204Z,0x0517,0x0104,50011,2,31,500118265,500118265,0,23249,2329250,0,0,3,0,0,1,0,8,8,0,3,2,8,high,0x55B5,0,2,4,0,1,0,500118265,500118265,500103059,0,0,0,0,300,283,0,0,0
2026-09-23T09:26:48.207Z,0x0517,0x0104,50011,2,31,500114886,500114886,0,23259,2330251,0,0,3,0,0,1,0,8,8,0,3,2,8,high,0x55B5,0,2,4,0,1,0,500113760,500113760,500103059,0,0,0,0,300,284,0,0,0
2026-09-23T09:26:49.207Z,0x0517,0x0104,50011,2,31,500114886,500114886,0,23269,2331253,0,0,3,0,0,1,0,8,8,0,3,2,8,high,0x55B5,0,2,4,0,1,0,500116012,500116012,500103059,0,0,0,0,300,285,0,0,0
2026-09-23T09:26:50.208Z,0x0517,0x0104,50011,2,31,500117139,500117139,0,23279,2332254,0,0,3,0,0,1,0,8,8,0,3,2,8,high,0x55B5,0,2,4,0,1,0,500117139,500117139,500103059,0,0,0,0,300,286,0,0,0
2026-09-23T09:26:51.210Z,0x0517,0x0104,50011,2,31,500110381,500110381,0,23289,2333255,0,0,3,0,0,1,0,8,8,0,3,2,8,high,0x55B5,0,2,4,0,1,0,500108128,500108128,500103059,0,0,0,0,300,287,0,0,0
2026-09-23T09:26:52.197Z,0x0517,0x0104,50011,2,31,500109254,500109254,0,23298,2334156,0,0,3,0,0,1,0,8,8,0,3,2,8,high,0x55B5,0,2,4,0,1,0,500108128,500108128,500103059,0,0,0,0,300,288,0,0,0
2026-09-23T09:26:53.200Z,0x0517,0x0104,50011,2,31,500112633,500112633,0,23308,2335158,0,0,3,0,0,1,0,8,8,0,3,2,8,high,0x55B5,0,2,4,0,1,0,500111507,500111507,500103059,0,0,0,0,300,289,0,0,0
2026-09-23T09:26:54.204Z,0x0517,0x0104,50011,2,31,500108128,500108128,0,23318,2336159,0,0,3,0,0,1,0,8,8,0,3,2,8,high,0x55B5,0,2,4,0,1,0,500109254,500109254,500103059,0,0,0,0,300,290,0,0,0
2026-09-23T09:26:55.210Z,0x0517,0x0104,50011,2,31,500113760,500113760,0,23328,2337161,0,0,3,0,0,1,0,8,8,0,3,2,8,high,0x55B5,0,2,4,0,1,0,500114886,500114886,500103059,0,0,0,0,300,291,0,0,0
2026-09-23T09:26:56.199Z,0x0517,0x0104,50011,2,31,500109254,500109254,0,23338,2338162,0,0,3,0,0,1,0,8,8,0,3,2,8,high,0x55B5,0,2,4,0,1,0,500108128,500108128,500103059,0,0,0,0,300,292,0,0,0
2026-09-23T09:26:57.202Z,0x0517,0x0104,50011,2,31,500108128,500108128,0,23348,2339163,0,0,3,0,0,1,0,8,8,0,3,2,8,high,0x55B5,0,2,4,0,1,0,500109254,500109254,500103059,0,0,0,0,300,293,0,0,0
2026-09-23T09:26:58.208Z,0x0517,0x0104,50011,2,31,500114886,500114886,0,23358,2340165,0,0,3,0,0,1,0,8,8,0,3,2,8,high,0x55B5,0,2,4,0,1,0,500114886,500114886,500103059,0,0,0,0,300,294,0,0,0
2026-09-23T09:26:59.210Z,0x0517,0x0104,50011,2,31,500113760,500113760,0,23368,2341166,0,0,3,0,0,1,0,8,8,0,3,2,8,high,0x55B5,0,2,4,0,1,0,500112633,500112633,500103059,0,0,0,0,300,295,0,0,0
2026-09-23T09:27:00.198Z,0x0517,0x0104,50011,2,31,500114886,500114886,0,23378,2342168,0,0,3,0,0,1,0,8,8,0,3,2,8,high,0x55B5,0,2,4,0,1,0,500113760,500113760,500103059,0,0,0,0,300,296,0,0,0
2026-09-23T09:27:01.201Z,0x0517,0x0104,50011,2,31,500104749,500104749,0,23388,2343169,0,0,3,0,0,1,0,8,8,0,3,2,8,high,0x55B5,0,2,4,0,1,0,500105875,500105875,500103059,0,0,0,0,300,297,0,0,0
2026-09-23T09:27:02.207Z,0x0517,0x0104,50011,2,31,500119391,500119391,0,23398,2344170,0,0,3,0,0,1,0,8,8,0,3,2,8,high,0x55B5,0,2,4,0,1,0,500118265,500118265,500103059,0,0,0,0,300,298,0,0,0
2026-09-23T09:27:03.209Z,0x0517,0x0104,50011,2,31,500116012,500116012,0,23408,2345172,0,0,3,0,0,1,0,8,8,0,3,2,8,high,0x55B5,0,2,4,0,1,0,500117139,500117139,500103059,0,0,0,0,300,299,0,0,0
2026-09-23T09:27:04.200Z,0x0517,0x0104,50011,2,31,500113760,500113760,0,23418,2346173,0,0,3,0,0,1,0,8,8,0,3,2,8,high,0x55B5,0,2,4,0,1,0,500112633,500112633,500103059,0,0,0,0,300,300,0,0,0
2026-09-23T09:27:05.204Z,0x0517,0x0104,50011,2,31,500113760,500113760,0,23428,2347175,0,0,3,0,0,1,0,8,8,0,3,2,8,high,0x55B5,0,2,4,0,1,0,500112633,500112633,500103059,0,0,0,0,300,301,0,0,0
2026-09-23T09:27:06.206Z,0x0517,0x0104,50011,2,31,500117139,500117139,0,23438,2348176,0,0,3,0,0,1,0,8,8,0,3,2,8,high,0x55B5,0,2,4,0,1,0,500117139,500117139,500103059,0,0,0,0,300,302,0,0,0
2026-09-23T09:27:07.209Z,0x0517,0x0104,50011,2,31,500114886,500114886,0,23448,2349178,0,0,3,0,0,1,0,8,8,0,3,2,8,high,0x55B5,0,2,4,0,1,0,500114886,500114886,500103059,0,0,0,0,300,303,0,0,0
2026-09-23T09:27:08.200Z,0x0517,0x0104,50011,2,31,500123897,500123897,0,23458,2350179,0,0,3,0,0,1,0,8,8,0,3,2,8,high,0x55B5,0,2,4,0,1,0,500123897,500123897,500103059,0,0,0,0,300,304,0,0,0
2026-09-23T09:27:09.203Z,0x0517,0x0104,50011,2,31,500113760,500113760,0,23468,2351180,0,0,3,0,0,1,0,8,8,0,3,2,8,high,0x55B5,0,2,4,0,1,0,500116012,500116012,500103059,0,0,0,0,300,305,0,0,0
2026-09-23T09:27:10.207Z,0x0517,0x0104,50011,2,31,500119391,500119391,0,23478,2352182,0,0,3,0,0,1,0,8,8,0,3,2,8,high,0x55B5,0,2,4,0,1,0,500119391,500119391,500103059,0,0,0,0,300,306,0,0,0
2026-09-23T09:27:11.211Z,0x0517,0x0104,50011,2,31,500118265,500118265,0,23488,2353183,0,0,3,0,0,1,0,8,8,0,3,2,8,high,0x55B5,0,2,4,0,1,0,500118265,500118265,500103059,0,0,0,0,300,307,0,0,0
2026-09-23T09:27:12.202Z,0x0517,0x0104,50011,2,31,500116012,500116012,0,23498,2354234,0,0,3,0,0,1,0,8,8,0,3,2,8,high,0x55B5,0,2,4,0,1,0,500114886,500114886,500103059,0,0,0,0,300,308,0,0,0
2026-09-23T09:27:13.207Z,0x0517,0x0104,50011,2,31,500122770,500122770,0,23508,2355186,0,0,3,0,0,1,0,8,8,0,3,2,8,high,0x55B5,0,2,4,0,1,0,500122770,500122770,500103059,0,0,0,0,300,309,0,0,0
2026-09-23T09:27:14.208Z,0x0517,0x0104,50011,2,31,500117139,500117139,0,23518,2356187,0,0,3,0,0,1,0,8,8,0,3,2,8,high,0x55B5,0,2,4,0,1,0,500116012,500116012,500103059,0,0,0,0,300,310,0,0,0
2026-09-23T09:27:15.212Z,0x0517,0x0104,50011,2,31,500112633,500112633,0,23528,2357189,0,0,3,0,0,1,0,8,8,0,3,2,8,high,0x55B5,0,2,4,0,1,0,500113760,500113760,500103059,0,0,0,0,300,311,0,0,0
2026-09-23T09:27:16.202Z,0x0517,0x0104,50011,2,31,500119391,500119391,0,23538,2358235,0,0,3,0,0,1,0,8,8,0,3,2,8,high,0x55B5,0,2,4,0,1,0,500119391,500119391,500103059,0,0,0,0,300,312,0,0,0
2026-09-23T09:27:17.209Z,0x0517,0x0104,50011,2,31,500118265,500118265,0,23548,2359240,0,0,3,0,0,1,0,8,8,0,3,2,8,high,0x55B5,0,2,4,0,1,0,500118265,500118265,500103059,0,0,0,0,300,313,0,0,0
2026-09-23T09:27:18.216Z,0x0517,0x0104,50011,2,31,500119391,500119391,0,23558,2360193,0,0,3,0,0,1,0,8,8,0,3,2,8,high,0x55B5,0,2,4,0,1,0,500118265,500118265,500103059,0,0,0,0,300,314,0,0,0
2026-09-23T09:27:19.205Z,0x0517,0x0104,50011,2,31,500110381,500110381,0,23568,2361239,0,0,3,0,0,1,0,8,8,0,3,2,8,high,0x55B5,0,2,4,0,1,0,500113760,500113760,500103059,0,0,0,0,300,315,0,0,0
2026-09-23T09:27:20.212Z,0x0517,0x0104,50011,2,31,500113760,500113760,0,23578,2362245,0,0,3,0,0,1,0,8,8,0,3,2,8,high,0x55B5,0,2,4,0,1,0,500114886,500114886,500103059,0,0,0,0,300,316,0,0,0
2026-09-23T09:27:21.200Z,0x0517,0x0104,50011,2,31,500116012,500116012,0,23588,2363234,0,0,3,0,0,1,0,8,8,0,3,2,8,high,0x55B5,0,2,4,0,1,0,500116012,500116012,500103059,0,0,0,0,300,317,0,0,0
2026-09-23T09:27:22.208Z,0x0517,0x0104,50011,2,31,500110381,500110381,0,23598,2364240,0,0,3,0,0,1,0,8,8,0,3,2,8,high,0x55B5,0,2,4,0,1,0,500109254,500109254,500103059,0,0,0,0,300,318,0,0,0
2026-09-23T09:27:23.215Z,0x0517,0x0104,50011,2,31,500110381,500110381,0,23608,2365247,0,0,3,0,0,1,0,8,8,0,3,2,8,high,0x55B5,0,2,4,0,1,0,500111507,500111507,500103059,0,0,0,0,300,319,0,0,0
2026-09-23T09:27:24.202Z,0x0517,0x0104,50011,2,31,500116012,500116012,0,23618,2366239,0,0,3,0,0,1,0,8,8,0,3,2,8,high,0x55B5,0,2,4,0,1,0,500118265,500118265,500103059,0,0,0,0,300,320,0,0,0
2026-09-23T09:27:25.204Z,0x0517,0x0104,50011,2,31,500110381,500110381,0,23628,2367241,0,0,3,0,0,1,0,8,8,0,3,2,8,high,0x55B5,0,2,4,0,1,0,500110381,500110381,500103059,0,0,0,0,300,321,0,0,0
2026-09-23T09:27:26.208Z,0x0517,0x0104,50011,2,31,500110381,500110381,0,23638,2368243,0,0,3,0,0,1,0,8,8,0,3,2,8,high,0x55B5,0,2,4,0,1,0,500109254,500109254,500103059,0,0,0,0,300,322,0,0,0
2026-09-23T09:27:27.215Z,0x0517,0x0104,50011,2,31,500113760,500113760,0,23648,2369247,0,0,3,0,0,1,0,8,8,0,3,2,8,high,0x55B5,0,2,4,0,1,0,500113760,500113760,500103059,0,0,0,0,300,323,0,0,0
2026-09-23T09:27:28.202Z,0x0517,0x0104,50011,2,31,500118265,500118265,0,23658,2370238,0,0,3,0,0,1,0,8,8,0,3,2,8,high,0x55B5,0,2,4,0,1,0,500118265,500118265,500103059,0,0,0,0,300,324,0,0,0
2026-09-23T09:27:29.206Z,0x0517,0x0104,50011,2,31,500114886,500114886,0,23668,2371242,0,0,3,0,0,1,0,8,8,0,3,2,8,high,0x55B5,0,2,4,0,1,0,500116012,500116012,500103059,0,0,0,0,300,325,0,0,0
2026-09-23T09:27:30.209Z,0x0517,0x0104,50011,2,31,500117139,500117139,0,23678,2372245,0,0,3,0,0,1,0,8,8,0,3,2,8,high,0x55B5,0,2,4,0,1,0,500114886,500114886,500103059,0,0,0,0,300,326,0,0,0
2026-09-23T09:27:31.197Z,0x0517,0x0104,50011,2,31,500116012,500116012,0,23688,2373233,0,0,3,0,0,1,0,8,8,0,3,2,8,high,0x55B5,0,2,4,0,1,0,500117139,500117139,500103059,0,0,0,0,300,327,0,0,0
2026-09-23T09:27:32.201Z,0x0517,0x0104,50011,2,31,500110381,500110381,0,23698,2374237,0,0,3,0,0,1,0,8,8,0,3,2,8,high,0x55B5,0,2,4,0,1,0,500112633,500112633,500103059,0,0,0,0,300,328,0,0,0
2026-09-23T09:27:33.209Z,0x0517,0x0104,50011,2,31,500112633,500112633,0,23708,2375242,0,0,3,0,0,1,0,8,8,0,3,2,8,high,0x55B5,0,2,4,0,1,0,500110381,500110381,500103059,0,0,0,0,300,329,0,0,0
2026-09-23T09:27:34.197Z,0x0517,0x0104,50011,2,31,500104749,500104749,0,23718,2376234,0,0,3,0,0,1,0,8,8,0,3,2,8,high,0x55B5,0,2,4,0,1,0,500107002,500107002,500103059,0,0,0,0,300,330,0,0,0
2026-09-23T09:27:35.201Z,0x0517,0x0104,50011,2,31,500110381,500110381,0,23728,2377237,0,0,3,0,0,1,0,8,8,0,3,2,8,high,0x55B5,0,2,4,0,1,0,500110381,500110381,500103059,0,0,0,0,300,331,0,0,0
2026-09-23T09:27:36.211Z,0x0517,0x0104,50011,2,31,500114886,500114886,0,23738,2378242,0,0,3,0,0,1,0,8,8,0,3,2,8,high,0x55B5,0,2,4,0,1,0,500113760,500113760,500103059,0,0,0,0,300,332,0,0,0
2026-09-23T09:27:37.198Z,0x0517,0x0104,50011,2,31,500109254,500109254,0,23748,2379235,0,0,3,0,0,1,0,8,8,0,3,2,8,high,0x55B5,0,2,4,0,1,0,500109254,500109254,500103059,0,0,0,0,300,333,0,0,0
2026-09-23T09:27:38.200Z,0x0517,0x0104,50011,2,31,500116012,500116012,0,23758,2380238,0,0,3,0,0,1,0,8,8,0,3,2,8,high,0x55B5,0,2,4,0,1,0,500119391,500119391,500103059,0,0,0,0,300,334,0,0,0
2026-09-23T09:27:39.204Z,0x0517,0x0104,50011,2,31,500108128,500108128,0,23768,2381240,0,0,3,0,0,1,0,8,8,0,3,2,8,high,0x55B5,0,2,4,0,1,0,500104749,500104749,500103059,0,0,0,0,300,335,0,0,0
2026-09-23T09:27:40.209Z,0x0517,0x0104,50011,2,31,500101370,500101370,0,23778,2382245,0,0,3,0,0,1,0,8,8,0,3,2,8,high,0x55B5,0,2,4,0,1,0,500103623,500103623,500103059,0,0,0,0,300,336,0,0,0
2026-09-23T09:27:41.193Z,0x0517,0x0104,50011,2,31,500108128,500108128,0,23788,2383233,0,0,3,0,0,1,0,8,8,0,3,2,8,high,0x55B5,0,2,4,0,1,0,500105875,500105875,500103059,0,0,0,0,300,337,0,0,0
2026-09-23T09:27:42.210Z,0x0517,0x0104,50011,2,31,500108128,500108128,0,23798,2384249,0,0,3,0,0,1,0,8,8,0,3,2,8,high,0x55B5,0,2,4,0,1,0,500108128,500108128,500103059,0,0,0,0,300,338,0,0,0
2026-09-23T09:27:43.194Z,0x0517,0x0104,50011,2,31,500117139,500117139,0,23808,2385234,0,0,3,0,0,1,0,8,8,0,3,2,8,high,0x55B5,0,2,4,0,1,0,500118265,500118265,500103059,0,0,0,0,300,339,0,0,0
2026-09-23T09:27:44.196Z,0x0517,0x0104,50011,2,31,500118265,500118265,0,23818,2386235,0,0,3,0,0,1,0,8,8,0,3,2,8,high,0x55B5,0,2,4,0,1,0,500116012,500116012,500103059,0,0,0,0,300,340,0,0,0
2026-09-23T09:27:45.197Z,0x0517,0x0104,50011,2,31,500112633,500112633,0,23828,2387240,0,0,3,0,0,1,0,8,8,0,3,2,8,high,0x55B5,0,2,4,0,1,0,500117139,500117139,500103059,0,0,0,0,300,341,0,0,0
2026-09-23T09:27:46.198Z,0x0517,0x0104,50011,2,31,500114886,500114886,0,23838,2388238,0,0,3,0,0,1,0,8,8,0,3,2,8,high,0x55B5,0,2,4,0,1,0,500114886,500114886,500103059,0,0,0,0,300,342,0,0,0
2026-09-23T09:27:47.195Z,0x0517,0x0104,50011,2,31,500120518,500120518,0,23848,2389238,0,0,3,0,0,1,0,8,8,0,3,2,8,high,0x55B5,0,2,4,0,1,0,500121644,500121644,500103059,0,0,0,0,300,343,0,0,0
2026-09-23T09:27:48.197Z,0x0517,0x0104,50011,2,31,500118265,500118265,0,23858,2390237,0,0,3,0,0,1,0,8,8,0,3,2,8,high,0x55B5,0,2,4,0,1,0,500113760,500113760,500103059,0,0,0,0,300,344,0,0,0
2026-09-23T09:27:49.197Z,0x0517,0x0104,50011,2,31,500119391,500119391,0,23868,2391238,0,0,3,0,0,1,0,8,8,0,3,2,8,high,0x55B5,0,2,4,0,1,0,500121644,500121644,500103059,0,0,0,0,300,345,0,0,0
2026-09-23T09:27:50.199Z,0x0517,0x0104,50011,2,31,500121644,500121644,0,23878,2392238,0,0,3,0,0,1,0,8,8,0,3,2,8,high,0x55B5,0,2,4,0,1,0,500119391,500119391,500103059,0,0,0,0,300,346,0,0,0
2026-09-23T09:27:51.202Z,0x0517,0x0104,50011,2,31,500122770,500122770,0,23888,2393239,0,0,3,0,0,1,0,8,8,0,3,2,8,high,0x55B5,0,2,4,0,1,0,500120518,500120518,500103059,0,0,0,0,300,347,0,0,0
2026-09-23T09:27:52.204Z,0x0517,0x0104,50011,2,31,500114886,500114886,0,23898,2394243,0,0,3,0,0,1,0,8,8,0,3,2,8,high,0x55B5,0,2,4,0,1,0,500112633,500112633,500103059,0,0,0,0,300,348,0,0,0
2026-09-23T09:27:53.204Z,0x0517,0x0104,50011,2,31,500114886,500114886,0,23908,2395245,0,0,3,0,0,1,0,8,8,0,3,2,8,high,0x55B5,0,2,4,0,1,0,500117139,500117139,500103059,0,0,0,0,300,349,0,0,0
2026-09-23T09:27:54.206Z,0x0517,0x0104,50011,2,31,500111507,500111507,0,23918,2396246,0,0,3,0,0,1,0,8,8,0,3,2,8,high,0x55B5,0,2,4,0,1,0,500109254,500109254,500103059,0,0,0,0,300,350,0,0,0
2026-09-23T09:27:55.206Z,0x0517,0x0104,50011,2,31,500107002,500107002,0,23928,2397248,0,0,3,0,0,1,0,8,8,0,3,2,8,high,0x55B5,0,2,4,0,1,0,500107002,500107002,500103059,0,0,0,0,300,351,0,0,0
2026-09-23T09:27:56.207Z,0x0517,0x0104,50011,2,31,500104749,500104749,0,23938,2398248,0,0,3,0,0,1,0,8,8,0,3,2,8,high,0x55B5,0,2,4,0,1,0,500102496,500102496,500103059,0,0,0,0,300,352,0,0,0
2026-09-23T09:27:57.208Z,0x0517,0x0104,50011,2,31,500107002,500107002,0,23948,2399249,0,0,3,0,0,1,0,8,8,0,3,2,8,high,0x55B5,0,2,4,0,1,0,500104749,500104749,500103059,0,0,0,0,300,353,0,0,0
2026-09-23T09:27:58.209Z,0x0517,0x0104,50011,2,31,500112633,500112633,0,23958,2400250,0,0,3,0,0,1,0,8,8,0,3,2,8,high,0x55B5,0,2,4,0,1,0,500110381,500110381,500103059,0,0,0,0,300,354,0,0,0
2026-09-23T09:27:59.196Z,0x0517,0x0104,50011,2,31,500107002,500107002,0,23968,2401246,0,0,3,0,0,1,0,8,8,0,3,2,8,high,0x55B5,0,2,4,0,1,0,500105875,500105875,500103059,0,0,0,0,300,355,0,0,0
2026-09-23T09:28:00.196Z,0x0517,0x0104,50011,2,31,500110381,500110381,0,23978,2402248,0,0,3,0,0,1,0,8,8,0,3,2,8,high,0x55B5,0,2,4,0,1,0,500110381,500110381,500103059,0,0,0,0,300,356,0,0,0
2026-09-23T09:28:01.199Z,0x0517,0x0104,50011,2,31,500114886,500114886,0,23988,2403249,0,0,3,0,0,1,0,8,8,0,3,2,8,high,0x55B5,0,2,4,0,1,0,500116012,500116012,500103059,0,0,0,0,300,357,0,0,0
2026-09-23T09:28:02.201Z,0x0517,0x0104,50011,2,31,500109254,500109254,0,23998,2404250,0,0,3,0,0,1,0,8,8,0,3,2,8,high,0x55B5,0,2,4,0,1,0,500109254,500109254,500103059,0,0,0,0,300,358,0,0,0
2026-09-23T09:28:03.203Z,0x0517,0x0104,50011,2,31,500107002,500107002,0,24008,2405253,0,0,3,0,0,1,0,8,8,0,3,2,8,high,0x55B5,0,2,4,0,1,0,500105875,500105875,500103059,0,0,0,0,300,359,0,0,0
2026-09-23T09:28:04.203Z,0x0517,0x0104,50011,2,31,500116012,500116012,0,24018,2406253,0,0,3,0,0,1,0,8,8,0,3,2,8,high,0x55B5,0,2,4,0,1,0,500118265,500118265,500103059,0,0,0,0,300,360,0,0,0
2026-09-23T09:28:05.204Z,0x0517,0x0104,50011,2,31,500109254,500109254,0,24028,2407255,0,0,3,0,0,1,0,8,8,0,3,2,8,high,0x55B5,0,2,4,0,1,0,500110381,500110381,500103059,0,0,0,0,300,361,0,0,0
2026-09-23T09:28:06.203Z,0x0517,0x0104,50011,2,31,500103623,500103623,0,24038,2408256,0,0,3,0,0,1,0,8,8,0,3,2,8,high,0x55B5,0,2,4,0,1,0,500104749,500104749,500103059,0,0,0,0,300,362,0,0,0
2026-09-23T09:28:07.206Z,0x0517,0x0104,50011,2,31,500107002,500107002,0,24048,2409258,0,0,3,0,0,1,0,8,8,0,3,2,8,high,0x55B5,0,2,4,0,1,0,500105875,500105875,500103059,0,0,0,0,300,363,0,0,0
2026-09-23T09:28:08.207Z,0x0517,0x0104,50011,2,31,500099117,500099117,0,24058,2410259,0,0,3,0,0,1,0,8,8,0,3,2,8,high,0x55B5,0,2,4,0,1,0,500097991,500097991,500103059,0,0,0,0,300,364,0,0,0
2026-09-23T09:28:09.208Z,0x0517,0x0104,50011,2,31,500105875,500105875,0,24068,2411261,0,0,3,0,0,1,0,8,8,0,3,2,8,high,0x55B5,0,2,4,0,1,0,500107002,500107002,500103059,0,0,0,0,300,365,0,0,0
2026-09-23T09:28:10.209Z,0x0517,0x0104,50011,2,31,500108128,500108128,0,24078,2412262,0,0,3,0,0,1,0,8,8,0,3,2,8,high,0x55B5,0,2,4,0,1,0,500108128,500108128,500103059,0,0,0,0,300,366,0,0,0
2026-09-23T09:28:11.197Z,0x0517,0x0104,50011,2,31,500109254,500109254,0,24087,2413163,0,0,3,0,0,1,0,8,8,0,3,2,8,high,0x55B5,0,2,4,0,1,0,500110381,500110381,500103059,0,0,0,0,300,367,0,0,0
2026-09-23T09:28:12.202Z,0x0517,0x0104,50011,2,31,500111507,500111507,0,24097,2414165,0,0,3,0,0,1,0,8,8,0,3,2,8,high,0x55B5,0,2,4,0,1,0,500111507,500111507,500103059,0,0,0,0,300,368,0,0,0
2026-09-23T09:28:13.204Z,0x0517,0x0104,50011,2,31,500107002,500107002,0,24107,2415166,0,0,3,0,0,1,0,8,8,0,3,2,8,high,0x55B5,0,2,4,0,1,0,500105875,500105875,500103059,0,0,0,0,300,369,0,0,0
2026-09-23T09:28:14.209Z,0x0517,0x0104,50011,2,31,500112633,500112633,0,24117,2416168,0,0,3,0,0,1,0,8,8,0,3,2,8,high,0x55B5,0,2,4,0,1,0,500113760,500113760,500103059,0,0,0,0,300,370,0,0,0
2026-09-23T09:28:15.213Z,0x0517,0x0104,50011,2,31,500112633,500112633,0,24127,2417169,0,0,3,0,0,1,0,8,8,0,3,2,8,high,0x55B5,0,2,4,0,1,0,500112633,500112633,500103059,0,0,0,0,300,371,0,0,0
2026-09-23T09:28:16.200Z,0x0517,0x0104,50011,2,31,500110381,500110381,0,24137,2418170,0,0,3,0,0,1,0,8,8,0,3,2,8,high,0x55B5,0,2,4,0,1,0,500110381,500110381,500103059,0,0,0,0,300,372,0,0,0
2026-09-23T09:28:17.206Z,0x0517,0x0104,50011,2,31,500113760,500113760,0,24147,2419173,0,0,3,0,0,1,0,8,8,0,3,2,8,high,0x55B5,0,2,4,0,1,0,500113760,500113760,500103059,0,0,0,0,300,373,0,0,0
2026-09-23T09:28:18.208Z,0x0517,0x0104,50011,2,31,500114886,500114886,0,24157,2420173,0,0,3,0,0,1,0,8,8,0,3,2,8,high,0x55B5,0,2,4,0,1,0,500113760,500113760,500103059,0,0,0,0,300,374,0,0,0
2026-09-23T09:28:19.210Z,0x0517,0x0104,50011,2,31,500113760,500113760,0,24167,2421175,0,0,3,0,0,1,0,8,8,0,3,2,8,high,0x55B5,0,2,4,0,1,0,500113760,500113760,500103059,0,0,0,0,300,375,0,0,0
2026-09-23T09:28:20.197Z,0x0517,0x0104,50011,2,31,500118265,500118265,0,24177,2422176,0,0,3,0,0,1,0,8,8,0,3,2,8,high,0x55B5,0,2,4,0,1,0,500116012,500116012,500103059,0,0,0,0,300,376,0,0,0
2026-09-23T09:28:21.202Z,0x0517,0x0104,50011,2,31,500108128,500108128,0,24187,2423178,0,0,3,0,0,1,0,8,8,0,3,2,8,high,0x55B5,0,2,4,0,1,0,500109254,500109254,500103059,0,0,0,0,300,377,0,0,0
2026-09-23T09:28:22.206Z,0x0517,0x0104,50011,2,31,500105875,500105875,0,24197,2424179,0,0,3,0,0,1,0,8,8,0,3,2,8,high,0x55B5,0,2,4,0,1,0,500104749,500104749,500103059,0,0,0,0,300,378,0,0,0
2026-09-23T09:28:23.208Z,0x0517,0x0104,50011,2,31,500110381,500110381,0,24207,2425181,0,0,3,0,0,1,0,8,8,0,3,2,8,high,0x55B5,0,2,4,0,1,0,500110381,500110381,500103059,0,0,0,0,300,379,0,0,0
2026-09-23T09:28:24.210Z,0x0517,0x0104,50011,2,31,500107002,500107002,0,24217,2426182,0,0,3,0,0,1,0,8,8,0,3,2,8,high,0x55B5,0,2,4,0,1,0,500107002,500107002,500103059,0,0,0,0,300,380,0,0,0
2026-09-23T09:28:25.197Z,0x0517,0x0104,50011,2,31,500104749,500104749,0,24227,2427184,0,0,3,0,0,1,0,8,8,0,3,2,8,high,0x55B5,0,2,4,0,1,0,500103623,500103623,500103059,0,0,0,0,300,381,0,0,0
2026-09-23T09:28:26.199Z,0x0517,0x0104,50011,2,31,500101370,500101370,0,24237,2428185,0,0,3,0,0,1,0,8,8,0,3,2,8,high,0x55B5,0,2,4,0,1,0,500101370,500101370,500103059,0,0,0,0,300,382,0,0,0
2026-09-23T09:28:27.203Z,0x0517,0x0104,50011,2,31,500103623,500103623,0,24247,2429186,0,0,3,0,0,1,0,8,8,0,3,2,8,high,0x55B5,0,2,4,0,1,0,500103623,500103623,500103059,0,0,0,0,300,383,0,0,0
2026-09-23T09:28:28.205Z,0x0517,0x0104,50011,2,31,500107002,500107002,0,24257,2430188,0,0,3,0,0,1,0,8,8,0,3,2,8,high,0x55B5,0,2,4,0,1,0,500108128,500108128,500103059,0,0,0,0,300,384,0,0,0
2026-09-23T09:28:29.207Z,0x0517,0x0104,50011,2,31,500111507,500111507,0,24267,2431189,0,0,3,0,0,1,0,8,8,0,3,2,8,high,0x55B5,0,2,4,0,1,0,500111507,500111507,500103059,0,0,0,0,300,385,0,0,0
2026-09-23T09:28:30.210Z,0x0517,0x0104,50011,2,31,500111507,500111507,0,24277,2432190,0,0,3,0,0,1,0,8,8,0,3,2,8,high,0x55B5,0,2,4,0,1,0,500110381,500110381,500103059,0,0,0,0,300,386,0,0,0
2026-09-23T09:28:31.202Z,0x0517,0x0104,50011,2,31,500110381,500110381,0,24287,2433239,0,0,3,0,0,1,0,8,8,0,3,2,8,high,0x55B5,0,2,4,0,1,0,500107002,500107002,500103059,0,0,0,0,300,387,0,0,0
2026-09-23T09:28:32.208Z,0x0517,0x0104,50011,2,31,500103623,500103623,0,24297,2434193,0,0,3,0,0,1,0,8,8,0,3,2,8,high,0x55B5,0,2,4,0,1,0,500102496,500102496,500103059,0,0,0,0,300,388,0,0,0
2026-09-23T09:28:33.203Z,0x0517,0x0104,50011,2,31,500109254,500109254,0,24307,2435238,0,0,3,0,0,1,0,8,8,0,3,2,8,high,0x55B5,0,2,4,0,1,0,500111507,500111507,500103059,0,0,0,0,300,389,0,0,0
2026-09-23T09:28:34.214Z,0x0517,0x0104,50011,2,31,500107002,500107002,0,24317,2436196,0,0,3,0,0,1,0,8,8,0,3,2,8,high,0x55B5,0,2,4,0,1,0,500107002,500107002,500103059,0,0,0,0,300,390,0,0,0
2026-09-23T09:28:35.204Z,0x0517,0x0104,50011,2,31,500108128,500108128,0,24327,2437242,0,0,3,0,0,1,0,8,8,0,3,2,8,high,0x55B5,0,2,4,0,1,0,500108128,500108128,500103059,0,0,0,0,300,391,0,0,0
2026-09-23T09:28:36.210Z,0x0517,0x0104,50011,2,31,500105875,500105875,0,24337,2438248,0,0,3,0,0,1,0,8,8,0,3,2,8,high,0x55B5,0,2,4,0,1,0,500104749,500104749,500103059,0,0,0,0,300,392,0,0,0
2026-09-23T09:28:37.195Z,0x0517,0x0104,50011,2,31,500112633,500112633,0,24347,2439238,0,0,3,0,0,1,0,8,8,0,3,2,8,high,0x55B5,0,2,4,0,1,0,500114886,500114886,500103059,0,0,0,0,300,393,0,0,0
2026-09-23T09:28:38.197Z,0x0517,0x0104,50011,2,31,500113760,500113760,0,24357,2440241,0,0,3,0,0,1,0,8,8,0,3,2,8,high,0x55B5,0,2,4,0,1,0,500111507,500111507,500103059,0,0,0,0,300,394,0,0,0
2026-09-23T09:28:39.202Z,0x0517,0x0104,50011,2,31,500107002,500107002,0,24367,2441244,0,0,3,0,0,1,0,8,8,0,3,2,8,high,0x55B5,0,2,4,0,1,0,500108128,500108128,500103059,0,0,0,0,300,395,0,0,0
2026-09-23T09:28:40.201Z,0x0517,0x0104,50011,2,31,500108128,500108128,0,24377,2442247,0,0,3,0,0,1,0,8,8,0,3,2,8,high,0x55B5,0,2,4,0,1,0,500109254,500109254,500103059,0,0,0,0,300,396,0,0,0
2026-09-23T09:28:41.209Z,0x0517,0x0104,50011,2,31,500105875,500105875,0,24387,2443247,0,0,3,0,0,1,0,8,8,0,3,2,8,high,0x55B5,0,2,4,0,1,0,500107002,500107002,500103059,0,0,0,0,300,397,0,0,0
2026-09-23T09:28:42.200Z,0x0517,0x0104,50011,2,31,500105875,500105875,0,24397,2444238,0,0,3,0,0,1,0,8,8,0,3,2,8,high,0x55B5,0,2,4,0,1,0,500108128,500108128,500103059,0,0,0,0,300,398,0,0,0
2026-09-23T09:28:43.203Z,0x0517,0x0104,50011,2,31,500109254,500109254,0,24407,2445245,0,0,3,0,0,1,0,8,8,0,3,2,8,high,0x55B5,0,2,4,0,1,0,500109254,500109254,500103059,0,0,0,0,300,399,0,0,0
2026-09-23T09:28:44.204Z,0x0517,0x0104,50011,2,31,500110381,500110381,0,24417,2446248,0,0,3,0,0,1,0,8,8,0,3,2,8,high,0x55B5,0,2,4,0,1,0,500110381,500110381,500103059,0,0,0,0,300,400,0,0,0
2026-09-23T09:28:45.207Z,0x0517,0x0104,50011,2,31,500103623,500103623,0,24427,2447250,0,0,3,0,0,1,0,8,8,0,3,2,8,high,0x55B5,0,2,4,0,1,0,500105875,500105875,500103059,0,0,0,0,300,401,0,0,0
2026-09-23T09:28:46.208Z,0x0517,0x0104,50011,2,31,500104749,500104749,0,24437,2448253,0,0,3,0,0,1,0,8,8,0,3,2,8,high,0x55B5,0,2,4,0,1,0,500104749,500104749,500103059,0,0,0,0,300,402,0,0,0
2026-09-23T09:28:47.211Z,0x0517,0x0104,50011,2,31,500112633,500112633,0,24447,2449254,0,0,3,0,0,1,0,8,8,0,3,2,8,high,0x55B5,0,2,4,0,1,0,500117139,500117139,500103059,0,0,0,0,300,403,0,0,0
2026-09-23T09:28:48.204Z,0x0517,0x0104,50011,2,31,500113760,500113760,0,24457,2450242,0,0,3,0,0,1,0,8,8,0,3,2,8,high,0x55B5,0,2,4,0,1,0,500116012,500116012,500103059,0,0,0,0,300,404,0,0,0
2026-09-23T09:28:49.210Z,0x0517,0x0104,50011,2,31,500113760,500113760,0,24467,2451250,0,0,3,0,0,1,0,8,8,0,3,2,8,high,0x55B5,0,2,4,0,1,0,500110381,500110381,500103059,0,0,0,0,300,405,0,0,0
2026-09-23T09:28:50.194Z,0x0517,0x0104,50011,2,31,500107002,500107002,0,24477,2452240,0,0,3,0,0,1,0,8,8,0,3,2,8,high,0x55B5,0,2,4,0,1,0,500108128,500108128,500103059,0,0,0,0,300,406,0,0,0
2026-09-23T09:28:51.195Z,0x0517,0x0104,50011,2,31,500104749,500104749,0,24487,2453240,0,0,3,0,0,1,0,8,8,0,3,2,8,high,0x55B5,0,2,4,0,1,0,500105875,500105875,500103059,0,0,0,0,300,407,0,0,0
2026-09-23T09:28:52.200Z,0x0517,0x0104,50011,2,31,500102496,500102496,0,24497,2454242,0,0,3,0,0,1,0,8,8,0,3,2,8,high,0x55B5,0,2,4,0,1,0,500101370,500101370,500103059,0,0,0,0,300,408,0,0,0
2026-09-23T09:28:53.202Z,0x0517,0x0104,50011,2,31,500102496,500102496,0,24507,2455245,0,0,3,0,0,1,0,8,8,0,3,2,8,high,0x55B5,0,2,4,0,1,0,500102496,500102496,500103059,0,0,0,0,300,409,0,0,0
2026-09-23T09:28:54.207Z,0x0517,0x0104,50011,2,31,500108128,500108128,0,24517,2456249,0,0,3,0,0,1,0,8,8,0,3,2,8,high,0x55B5,0,2,4,0,1,0,500108128,500108128,500103059,0,0,0,0,300,410,0,0,0
2026-09-23T09:28:55.215Z,0x0517,0x0104,50011,2,31,500112633,500112633,0,24527,2457254,0,0,3,0,0,1,0,8,8,0,3,2,8,high,0x55B5,0,2,4,0,1,0,500112633,500112633,500103059,0,0,0,0,300,411,0,0,0
2026-09-23T09:28:56.200Z,0x0517,0x0104,50011,2,31,500107002,500107002,0,24537,2458245,0,0,3,0,0,1,0,8,8,0,3,2,8,high,0x55B5,0,2,4,0,1,0,500104749,500104749,500103059,0,0,0,0,300,412,0,0,0
2026-09-23T09:28:57.203Z,0x0517,0x0104,50011,2,31,500112633,500112633,0,24547,2459248,0,0,3,0,0,1,0,8,8,0,3,2,8,high,0x55B5,0,2,4,0,1,0,500110381,500110381,500103059,0,0,0,0,300,413,0,0,0
2026-09-23T09:28:58.208Z,0x0517,0x0104,50011,2,31,500108128,500108128,0,24557,2460250,0,0,3,0,0,1,0,8,8,0,3,2,8,high,0x55B5,0,2,4,0,1,0,500104749,500104749,500103059,0,0,0,0,300,414,0,0,0
2026-09-23T09:28:59.212Z,0x0517,0x0104,50011,2,31,500105875,500105875,0,24567,2461255,0,0,3,0,0,1,0,8,8,0,3,2,8,high,0x55B5,0,2,4,0,1,0,500108128,500108128,500103059,0,0,0,0,300,415,0,0,0
2026-09-23T09:29:00.196Z,0x0517,0x0104,50011,2,31,500117139,500117139,0,24577,2462243,0,0,3,0,0,1,0,8,8,0,3,2,8,high,0x55B5,0,2,4,0,1,0,500119391,500119391,500103059,0,0,0,0,300,416,0,0,0
2026-09-23T09:29:01.200Z,0x0517,0x0104,50011,2,31,500110381,500110381,0,24587,2463244,0,0,3,0,0,1,0,8,8,0,3,2,8,high,0x55B5,0,2,4,0,1,0,500108128,500108128,500103059,0,0,0,0,300,417,0,0,0
2026-09-23T09:29:02.200Z,0x0517,0x0104,50011,2,31,500110381,500110381,0,24597,2464246,0,0,3,0,0,1,0,8,8,0,3,2,8,high,0x55B5,0,2,4,0,1,0,500110381,500110381,500103059,0,0,0,0,300,418,0,0,0
2026-09-23T09:29:03.200Z,0x0517,0x0104,50011,2,31,500102496,500102496,0,24607,2465247,0,0,3,0,0,1,0,8,8,0,3,2,8,high,0x55B5,0,2,4,0,1,0,500102496,500102496,500103059,0,0,0,0,300,419,0,0,0
2026-09-23T09:29:04.200Z,0x0517,0x0104,50011,2,31,500108128,500108128,0,24617,2466247,0,0,3,0,0,1,0,8,8,0,3,2,8,high,0x55B5,0,2,4,0,1,0,500105875,500105875,500103059,0,0,0,0,300,420,0,0,0
2026-09-23T09:29:05.200Z,0x0517,0x0104,50011,2,31,500102496,500102496,0,24627,2467247,0,0,3,0,0,1,0,8,8,0,3,2,8,high,0x55B5,0,2,4,0,1,0,500102496,500102496,500103059,0,0,0,0,300,421,0,0,0
2026-09-23T09:29:06.200Z,0x0517,0x0104,50011,2,31,500100244,500100244,0,24637,2468246,0,0,3,0,0,1,0,8,8,0,3,2,8,high,0x55B5,0,2,4,0,1,0,500100244,500100244,500103059,0,0,0,0,300,422,0,0,0
2026-09-23T09:29:07.202Z,0x0517,0x0104,50011,2,31,500107002,500107002,0,24647,2469247,0,0,3,0,0,1,0,8,8,0,3,2,8,high,0x55B5,0,2,4,0,1,0,500110381,500110381,500103059,0,0,0,0,300,423,0,0,0
2026-09-23T09:29:08.203Z,0x0517,0x0104,50011,2,31,500119391,500119391,0,24657,2470250,0,0,3,0,0,1,0,8,8,0,3,2,8,high,0x55B5,0,2,4,0,1,0,500118265,500118265,500103059,0,0,0,0,300,424,0,0,0
2026-09-23T09:29:09.206Z,0x0517,0x0104,50011,2,31,500108128,500108128,0,24667,2471250,0,0,3,0,0,1,0,8,8,0,3,2,8,high,0x55B5,0,2,4,0,1,0,500105875,500105875,500103059,0,0,0,0,300,425,0,0,0
2026-09-23T09:29:10.208Z,0x0517,0x0104,50011,2,31,500105875,500105875,0,24677,2472253,0,0,3,0,0,1,0,8,8,0,3,2,8,high,0x55B5,0,2,4,0,1,0,500107002,500107002,500103059,0,0,0,0,300,426,0,0,0
2026-09-23T09:29:11.210Z,0x0517,0x0104,50011,2,31,500102496,500102496,0,24687,2473255,0,0,3,0,0,1,0,8,8,0,3,2,8,high,0x55B5,0,2,4,0,1,0,500103623,500103623,500103059,0,0,0,0,300,427,0,0,0
2026-09-23T09:29:12.193Z,0x0517,0x0104,50011,2,31,500105875,500105875,0,24697,2474249,0,0,3,0,0,1,0,8,8,0,3,2,8,high,0x55B5,0,2,4,0,1,0,500107002,500107002,500103059,0,0,0,0,300,428,0,0,0
2026-09-23T09:29:13.196Z,0x0517,0x0104,50011,2,31,500113760,500113760,0,24707,2475251,0,0,3,0,0,1,0,8,8,0,3,2,8,high,0x55B5,0,2,4,0,1,0,500112633,500112633,500103059,0,0,0,0,300,429,0,0,0
2026-09-23T09:29:14.197Z,0x0517,0x0104,50011,2,31,500113760,500113760,0,24717,2476253,0,0,3,0,0,1,0,8,8,0,3,2,8,high,0x55B5,0,2,4,0,1,0,500114886,500114886,500103059,0,0,0,0,300,430,0,0,0
2026-09-23T09:29:15.197Z,0x0517,0x0104,50011,2,31,500113760,500113760,0,24727,2477254,0,0,3,0,0,1,0,8,8,0,3,2,8,high,0x55B5,0,2,4,0,1,0,500112633,500112633,500103059,0,0,0,0,300,431,0,0,0
2026-09-23T09:29:16.199Z,0x0517,0x0104,50011,2,31,500110381,500110381,0,24737,2478255,0,0,3,0,0,1,0,8,8,0,3,2,8,high,0x55B5,0,2,4,0,1,0,500109254,500109254,500103059,0,0,0,0,300,432,0,0,0
2026-09-23T09:29:17.202Z,0x0517,0x0104,50011,2,31,500110381,500110381,0,24747,2479256,0,0,3,0,0,1,0,8,8,0,3,2,8,high,0x55B5,0,2,4,0,1,0,500111507,500111507,500103059,0,0,0,0,300,433,0,0,0
2026-09-23T09:29:18.202Z,0x0517,0x0104,50011,2,31,500114886,500114886,0,24757,2480258,0,0,3,0,0,1,0,8,8,0,3,2,8,high,0x55B5,0,2,4,0,1,0,500114886,500114886,500103059,0,0,0,0,300,434,0,0,0
2026-09-23T09:29:19.203Z,0x0517,0x0104,50011,2,31,500111507,500111507,0,24767,2481259,0,0,3,0,0,1,0,8,8,0,3,2,8,high,0x55B5,0,2,4,0,1,0,500111507,500111507,500103059,0,0,0,0,300,435,0,0,0
2026-09-23T09:29:20.205Z,0x0517,0x0104,50011,2,31,500113760,500113760,0,24777,2482261,0,0,3,0,0,1,0,8,8,0,3,2,8,high,0x55B5,0,2,4,0,1,0,500113760,500113760,500103059,0,0,0,0,300,436,0,0,0
2026-09-23T09:29:21.205Z,0x0517,0x0104,50011,2,31,500117139,500117139,0,24787,2483262,0,0,3,0,0,1,0,8,8,0,3,2,8,high,0x55B5,0,2,4,0,1,0,500114886,500114886,500103059,0,0,0,0,300,437,0,0,0
2026-09-23T09:29:22.204Z,0x0517,0x0104,50011,2,31,500109254,500109254,0,24797,2484263,0,0,3,0,0,1,0,8,8,0,3,2,8,high,0x55B5,0,2,4,0,1,0,500108128,500108128,500103059,0,0,0,0,300,438,0,0,0
2026-09-23T09:29:23.206Z,0x0517,0x0104,50011,2,31,500109254,500109254,0,24807,2485265,0,0,3,0,0,1,0,8,8,0,3,2,8,high,0x55B5,0,2,4,0,1,0,500105875,500105875,500103059,0,0,0,0,300,439,0,0,0
2026-09-23T09:29:24.208Z,0x0517,0x0104,50011,2,31,500102496,500102496,0,24817,2486266,0,0,3,0,0,1,0,8,8,0,3,2,8,high,0x55B5,0,2,4,0,1,0,500103623,500103623,500103059,0,0,0,0,300,440,0,0,0
2026-09-23T09:29:25.208Z,0x0517,0x0104,50011,2,31,500111507,500111507,0,24827,2487267,0,0,3,0,0,1,0,8,8,0,3,2,8,high,0x55B5,0,2,4,0,1,0,500112633,500112633,500103059,0,0,0,0,300,441,0,0,0
2026-09-23T09:29:26.210Z,0x0517,0x0104,50011,2,31,500109254,500109254,0,24837,2488269,0,0,3,0,0,1,0,8,8,0,3,2,8,high,0x55B5,0,2,4,0,1,0,500107002,500107002,500103059,0,0,0,0,300,442,0,0,0
2026-09-23T09:29:27.197Z,0x0517,0x0104,50011,2,31,500110381,500110381,0,24846,2489170,0,0,3,0,0,1,0,8,8,0,3,2,8,high,0x55B5,0,2,4,0,1,0,500109254,500109254,500103059,0,0,0,0,300,443,0,0,0
2026-09-23T09:29:28.199Z,0x0517,0x0104,50011,2,31,500103623,500103623,0,24856,2490171,0,0,3,0,0,1,0,8,8,0,3,2,8,high,0x55B5,0,2,4,0,1,0,500104749,500104749,500103059,0,0,0,0,300,444,0,0,0
2026-09-23T09:29:29.203Z,0x0517,0x0104,50011,2,31,500108128,500108128,0,24866,2491173,0,0,3,0,0,1,0,8,8,0,3,2,8,high,0x55B5,0,2,4,0,1,0,500110381,500110381,500103059,0,0,0,0,300,445,0,0,0
2026-09-23T09:29:30.210Z,0x0517,0x0104,50011,2,31,500112633,500112633,0,24876,2492174,0,0,3,0,0,1,0,8,8,0,3,2,8,high,0x55B5,0,2,4,0,1,0,500111507,500111507,500103059,0,0,0,0,300,446,0,0,0
2026-09-23T09:29:31.198Z,0x0517,0x0104,50011,2,31,500108128,500108128,0,24886,2493175,0,0,3,0,0,1,0,8,8,0,3,2,8,high,0x55B5,0,2,4,0,1,0,500109254,500109254,500103059,0,0,0,0,300,447,0,0,0
2026-09-23T09:29:32.202Z,0x0517,0x0104,50011,2,31,500116012,500116012,0,24896,2494177,0,0,3,0,0,1,0,8,8,0,3,2,8,high,0x55B5,0,2,4,0,1,0,500117139,500117139,500103059,0,0,0,0,300,448,0,0,0
2026-09-23T09:29:33.206Z,0x0517,0x0104,50011,2,31,500119391,500119391,0,24906,2495178,0,0,3,0,0,1,0,8,8,0,3,2,8,high,0x55B5,0,2,4,0,1,0,500120518,500120518,500103059,0,0,0,0,300,449,0,0,0
2026-09-23T09:29:34.208Z,0x0517,0x0104,50011,2,31,500116012,500116012,0,24916,2496180,0,0,3,0,0,1,0,8,8,0,3,2,8,high,0x55B5,0,2,4,0,1,0,500116012,500116012,500103059,0,0,0,0,300,450,0,0,0
2026-09-23T09:29:35.195Z,0x0517,0x0104,50011,2,31,500118265,500118265,0,24926,2497181,0,0,3,0,0,1,0,8,8,0,3,2,8,high,0x55B5,0,2,4,0,1,0,500118265,500118265,500103059,0,0,0,0,300,451,0,0,0
2026-09-23T09:29:36.199Z,0x0517,0x0104,50011,2,31,500120518,500120518,0,24936,2498183,0,0,3,0,0,1,0,8,8,0,3,2,8,high,0x55B5,0,2,4,0,1,0,500120518,500120518,500103059,0,0,0,0,300,452,0,0,0
2026-09-23T09:29:37.201Z,0x0517,0x0104,50011,2,31,500117139,500117139,0,24946,2499184,0,0,3,0,0,1,0,8,8,0,3,2,8,high,0x55B5,0,2,4,0,1,0,500116012,500116012,500103059,0,0,0,0,300,453,0,0,0
2026-09-23T09:29:38.204Z,0x0517,0x0104,50011,2,31,500113760,500113760,0,24956,2500186,0,0,3,0,0,1,0,8,8,0,3,2,8,high,0x55B5,0,2,4,0,1,0,500113760,500113760,500103059,0,0,0,0,300,454,0,0,0
2026-09-23T09:29:39.210Z,0x0517,0x0104,50011,2,31,500103623,500103623,0,24966,2501187,0,0,3,0,0,1,0,8,8,0,3,2,8,high,0x55B5,0,2,4,0,1,0,500104749,500104749,500103059,0,0,0,0,300,455,0,0,0
2026-09-23T09:29:40.199Z,0x0517,0x0104,50011,2,31,500111507,500111507,0,24976,2502188,0,0,3,0,0,1,0,8,8,0,3,2,8,high,0x55B5,0,2,4,0,1,0,500111507,500111507,500103059,0,0,0,0,300,456,0,0,0
2026-09-23T09:29:41.200Z,0x0517,0x0104,50011,2,31,500109254,500109254,0,24986,2503190,0,0,3,0,0,1,0,8,8,0,3,2,8,high,0x55B5,0,2,4,0,1,0,500108128,500108128,500103059,0,0,0,0,300,457,0,0,0
2026-09-23T09:29:42.207Z,0x0517,0x0104,50011,2,31,500120518,500120518,0,24996,2504191,0,0,3,0,0,1,0,8,8,0,3,2,8,high,0x55B5,0,2,4,0,1,0,500120518,500120518,500103059,0,0,0,0,300,458,0,0,0
2026-09-23T09:29:43.210Z,0x0517,0x0104,50011,2,31,500114886,500114886,0,25006,2505193,0,0,3,0,0,1,0,8,8,0,3,2,8,high,0x55B5,0,2,4,0,1,0,500114886,500114886,500103059,0,0,0,0,300,459,0,0,0
2026-09-23T09:29:44.202Z,0x0517,0x0104,50011,2,31,500111507,500111507,0,25016,2506194,0,0,3,0,0,1,0,8,8,0,3,2,8,high,0x55B5,0,2,4,0,1,0,500112633,500112633,500103059,0,0,0,0,300,460,0,0,0
2026-09-23T09:29:45.208Z,0x0517,0x0104,50011,2,31,500116012,500116012,0,25026,2507195,0,0,3,0,0,1,0,8,8,0,3,2,8,high,0x55B5,0,2,4,0,1,0,500114886,500114886,500103059,0,0,0,0,300,461,0,0,0
2026-09-23T09:29:46.214Z,0x0517,0x0104,50011,2,31,500117139,500117139,0,25036,2508197,0,0,3,0,0,1,0,8,8,0,3,2,8,high,0x55B5,0,2,4,0,1,0,500118265,500118265,500103059,0,0,0,0,300,462,0,0,0
2026-09-23T09:29:47.206Z,0x0517,0x0104,50011,2,31,500119391,500119391,0,25046,2509198,0,0,3,0,0,1,0,8,8,0,3,2,8,high,0x55B5,0,2,4,0,1,0,500120518,500120518,500103059,0,0,0,0,300,463,0,0,0
2026-09-23T09:29:48.209Z,0x0517,0x0104,50011,2,31,500110381,500110381,0,25056,2510199,0,0,3,0,0,1,0,8,8,0,3,2,8,high,0x55B5,0,2,4,0,1,0,500109254,500109254,500103059,0,0,0,0,300,464,0,0,0
2026-09-23T09:29:49.213Z,0x0517,0x0104,50011,2,31,500114886,500114886,0,25066,2511201,0,0,3,0,0,1,0,8,8,0,3,2,8,high,0x55B5,0,2,4,0,1,0,500112633,500112633,500103059,0,0,0,0,300,465,0,0,0
2026-09-23T09:29:50.202Z,0x0517,0x0104,50011,2,31,500117139,500117139,0,25076,2512247,0,0,3,0,0,1,0,8,8,0,3,2,8,high,0x55B5,0,2,4,0,1,0,500116012,500116012,500103059,0,0,0,0,300,466,0,0,0
2026-09-23T09:29:51.208Z,0x0517,0x0104,50011,2,31,500113760,500113760,0,25086,2513203,0,0,3,0,0,1,0,8,8,0,3,2,8,high,0x55B5,0,2,4,0,1,0,500113760,500113760,500103059,0,0,0,0,300,467,0,0,0
2026-09-23T09:29:52.211Z,0x0517,0x0104,50011,2,31,500112633,500112633,0,25096,2514205,0,0,3,0,0,1,0,8,8,0,3,2,8,high,0x55B5,0,2,4,0,1,0,500111507,500111507,500103059,0,0,0,0,300,468,0,0,0
2026-09-23T09:29:53.196Z,0x0517,0x0104,50011,2,31,500109254,500109254,0,25106,2515246,0,0,3,0,0,1,0,8,8,0,3,2,8,high,0x55B5,0,2,4,0,1,0,500109254,500109254,500103059,0,0,0,0,300,469,0,0,0
2026-09-23T09:29:54.200Z,0x0517,0x0104,50011,2,31,500108128,500108128,0,25116,2516246,0,0,3,0,0,1,0,8,8,0,3,2,8,high,0x55B5,0,2,4,0,1,0,500108128,500108128,500103059,0,0,0,0,300,470,0,0,0
2026-09-23T09:29:55.206Z,0x0517,0x0104,50011,2,31,500105875,500105875,0,25126,2517251,0,0,3,0,0,1,0,8,8,0,3,2,8,high,0x55B5,0,2,4,0,1,0,500105875,500105875,500103059,0,0,0,0,300,471,0,0,0
2026-09-23T09:29:56.213Z,0x0517,0x0104,50011,2,31,500105875,500105875,0,25136,2518258,0,0,3,0,0,1,0,8,8,0,3,2,8,high,0x55B5,0,2,4,0,1,0,500105875,500105875,500103059,0,0,0,0,300,472,0,0,0
2026-09-23T09:29:57.200Z,0x0517,0x0104,50011,2,31,500109254,500109254,0,25146,2519248,0,0,3,0,0,1,0,8,8,0,3,2,8,high,0x55B5,0,2,4,0,1,0,500110381,500110381,500103059,0,0,0,0,300,473,0,0,0
2026-09-23T09:29:58.209Z,0x0517,0x0104,50011,2,31,500110381,500110381,0,25156,2520252,0,0,3,0,0,1,0,8,8,0,3,2,8,high,0x55B5,0,2,4,0,1,0,500113760,500113760,500103059,0,0,0,0,300,474,0,0,0
2026-09-23T09:29:59.197Z,0x0517,0x0104,50011,2,31,500118265,500118265,0,25166,2521244,0,0,3,0,0,1,0,8,8,0,3,2,8,high,0x55B5,0,2,4,0,1,0,500111507,500111507,500103059,0,0,0,0,300,475,0,0,0
2026-09-23T09:30:00.202Z,0x0517,0x0104,50011,2,31,500111507,500111507,0,25176,2522249,0,0,3,0,0,1,0,8,8,0,3,2,8,high,0x55B5,0,2,4,0,1,0,500111507,500111507,500103059,0,0,0,0,300,476,0,0,0
2026-09-23T09:30:01.206Z,0x0517,0x0104,50011,2,31,500109254,500109254,0,25186,2523254,0,0,3,0,0,1,0,8,8,0,3,2,8,high,0x55B5,0,2,4,0,1,0,500111507,500111507,500103059,0,0,0,0,300,477,0,0,0
2026-09-23T09:30:02.208Z,0x0517,0x0104,50011,2,31,500105875,500105875,0,25196,2524257,0,0,3,0,0,1,0,8,8,0,3,2,8,high,0x55B5,0,2,4,0,1,0,500107002,500107002,500103059,0,0,0,0,300,478,0,0,0
2026-09-23T09:30:03.215Z,0x0517,0x0104,50011,2,31,500107002,500107002,0,25206,2525260,0,0,3,0,0,1,0,8,8,0,3,2,8,high,0x55B5,0,2,4,0,1,0,500110381,500110381,500103059,0,0,0,0,300,479,0,0,0
2026-09-23T09:30:04.206Z,0x0517,0x0104,50011,2,31,500114886,500114886,0,25216,2526251,0,0,3,0,0,1,0,8,8,0,3,2,8,high,0x55B5,0,2,4,0,1,0,500117139,500117139,500103059,0,0,0,0,300,480,0,0,0
2026-09-23T09:30:05.209Z,0x0517,0x0104,50011,2,31,500109254,500109254,0,25226,2527258,0,0,3,0,0,1,0,8,8,0,3,2,8,high,0x55B5,0,2,4,0,1,0,500109254,500109254,500103059,0,0,0,0,300,481,0,0,0
2026-09-23T09:30:06.196Z,0x0517,0x0104,50011,2,31,500122770,500122770,0,25236,2528246,0,0,3,0,0,1,0,8,8,0,3,2,8,high,0x55B5,0,2,4,0,1,0,500123897,500123897,500103059,0,0,0,0,300,482,0,0,0
2026-09-23T09:30:07.196Z,0x0517,0x0104,50011,2,31,500119391,500119391,0,25246,2529248,0,0,3,0,0,1,0,8,8,0,3,2,8,high,0x55B5,0,2,4,0,1,0,500117139,500117139,500103059,0,0,0,0,300,483,0,0,0
2026-09-23T09:30:08.201Z,0x0517,0x0104,50011,2,31,500121644,500121644,0,25256,2530248,0,0,3,0,0,1,0,8,8,0,3,2,8,high,0x55B5,0,2,4,0,1,0,500121644,500121644,500103059,0,0,0,0,300,484,0,0,0
2026-09-23T09:30:09.206Z,0x0517,0x0104,50011,2,31,500121644,500121644,0,25266,2531253,0,0,3,0,0,1,0,8,8,0,3,2,8,high,0x55B5,0,2,4,0,1,0,500120518,500120518,500103059,0,0,0,0,300,485,0,0,0
2026-09-23T09:30:10.207Z,0x0517,0x0104,50011,2,31,500113760,500113760,0,25276,2532258,0,0,3,0,0,1,0,8,8,0,3,2,8,high,0x55B5,0,2,4,0,1,0,500112633,500112633,500103059,0,0,0,0,300,486,0,0,0
2026-09-23T09:30:11.214Z,0x0517,0x0104,50011,2,31,500121644,500121644,0,25286,2533259,0,0,3,0,0,1,0,8,8,0,3,2,8,high,0x55B5,0,2,4,0,1,0,500123897,500123897,500103059,0,0,0,0,300,487,0,0,0
2026-09-23T09:30:12.202Z,0x0517,0x0104,50011,2,31,500120518,500120518,0,25296,2534250,0,0,3,0,0,1,0,8,8,0,3,2,8,high,0x55B5,0,2,4,0,1,0,500121644,500121644,500103059,0,0,0,0,300,488,0,0,0
2026-09-23T09:30:13.205Z,0x0517,0x0104,50011,2,31,500119391,500119391,0,25306,2535254,0,0,3,0,0,1,0,8,8,0,3,2,8,high,0x55B5,0,2,4,0,1,0,500117139,500117139,500103059,0,0,0,0,300,489,0,0,0
2026-09-23T09:30:14.208Z,0x0517,0x0104,50011,2,31,500117139,500117139,0,25316,2536257,0,0,3,0,0,1,0,8,8,0,3,2,8,high,0x55B5,0,2,4,0,1,0,500118265,500118265,500103059,0,0,0,0,300,490,0,0,0
2026-09-23T09:30:15.221Z,0x0517,0x0104,50012,2,31,500125023,500125023,0,25326,2537261,0,0,3,0,0,1,0,8,8,0,3,2,8,high,0x55B5,0,2,4,0,1,0,500125023,500125023,500103059,0,0,0,0,300,491,0,0,0
2026-09-23T09:30:16.208Z,0x0517,0x0104,50012,2,31,500121644,500121644,0,25336,2538258,0,0,3,0,0,1,0,8,8,0,3,2,8,high,0x55B5,0,2,4,0,1,0,500122770,500122770,500103059,0,0,0,0,300,492,0,0,0
2026-09-23T09:30:17.211Z,0x0517,0x0104,50012,2,31,500125023,500125023,0,25346,2539260,0,0,3,0,0,1,0,8,8,0,3,2,8,high,0x55B5,0,2,4,0,1,0,500125023,500125023,500103059,0,0,0,0,300,493,0,0,0
2026-09-23T09:30:18.194Z,0x0517,0x0104,50012,2,31,500123897,500123897,0,25356,2540248,0,0,3,0,0,1,0,8,8,0,3,2,8,high,0x55B5,0,2,4,0,1,0,500126149,500126149,500103059,0,0,0,0,300,494,0,0,0
2026-09-23T09:30:19.197Z,0x0517,0x0104,50012,2,31,500126149,500126149,0,25366,2541247,0,0,3,0,0,1,0,8,8,0,3,2,8,high,0x55B5,0,2,4,0,1,0,500126149,500126149,500103059,0,0,0,0,300,495,0,0,0
2026-09-23T09:30:20.196Z,0x0517,0x0104,50012,2,31,500134034,500134034,0,25376,2542249,0,0,3,0,0,1,0,8,8,0,3,2,8,high,0x55B5,0,2,4,0,1,0,500134034,500134034,500103059,0,0,0,0,300,496,0,0,0
2026-09-23T09:30:21.196Z,0x0517,0x0104,50012,2,31,500132907,500132907,0,25386,2543249,0,0,3,0,0,1,0,8,8,0,3,2,8,high,0x55B5,0,2,4,0,1,0,500130655,500130655,500103059,0,0,0,0,300,497,0,0,0
2026-09-23T09:30:22.198Z,0x0517,0x0104,50013,2,31,500132907,500132907,0,25396,2544250,0,0,3,0,0,1,0,8,8,0,3,2,8,high,0x55B5,0,2,4,0,1,0,500131781,500131781,500103059,0,0,0,0,300,498,0,0,0
2026-09-23T09:30:23.203Z,0x0517,0x0104,50013,2,31,500130655,500130655,0,25406,2545252,0,0,3,0,0,1,0,8,8,0,3,2,8,high,0x55B5,0,2,4,0,1,0,500130655,500130655,500103059,0,0,0,0,300,499,0,0,0
2026-09-23T09:30:24.203Z,0x0517,0x0104,50013,2,31,500129528,500129528,0,25416,2546256,0,0,3,0,0,1,0,8,8,0,3,2,8,high,0x55B5,0,2,4,0,1,0,500129528,500129528,500103059,0,0,0,0,300,500,0,0,0
2026-09-23T09:30:25.203Z,0x0517,0x0104,50013,2,31,500129528,500129528,0,25426,2547256,0,0,3,0,0,1,0,8,8,0,3,2,8,high,0x55B5,0,2,4,0,1,0,500129528,500129528,500103059,0,0,0,0,300,501,0,0,0
2026-09-23T09:30:26.206Z,0x0517,0x0104,50013,2,31,500129528,500129528,0,25436,2548256,0,0,3,0,0,1,0,8,8,0,3,2,8,high,0x55B5,0,2,4,0,1,0,500126149,500126149,500103059,0,0,0,0,300,502,0,0,0
2026-09-23T09:30:27.207Z,0x0517,0x0104,50013,2,31,500137413,500137413,0,25446,2549259,0,0,3,0,0,1,0,8,8,0,3,2,8,high,0x55B5,0,2,4,0,1,0,500137413,500137413,500103059,0,0,0,0,300,503,0,0,0
2026-09-23T09:30:28.209Z,0x0517,0x0104,50013,2,31,500130655,500130655,0,25456,2550260,0,0,3,0,0,1,0,8,8,0,3,2,8,high,0x55B5,0,2,4,0,1,0,500130655,500130655,500103059,0,0,0,0,300,504,0,0,0
2026-09-23T09:30:29.209Z,0x0517,0x0104,50013,2,31,500130655,500130655,0,25466,2551263,0,0,3,0,0,1,0,8,8,0,3,2,8,high,0x55B5,0,2,4,0,1,0,500130655,500130655,500103059,0,0,0,0,300,505,0,0,0
2026-09-23T09:30:30.193Z,0x0517,0x0104,50013,2,31,500128402,500128402,0,25476,2552257,0,0,3,0,0,1,0,8,8,0,3,2,8,high,0x55B5,0,2,4,0,1,0,500128402,500128402,500103059,0,0,0,0,300,506,0,0,0
2026-09-23T09:30:31.211Z,0x0517,0x0104,50013,2,31,500132907,500132907,0,25486,2553264,0,0,3,0,0,1,0,8,8,0,3,2,8,high,0x55B5,0,2,4,0,1,0,500134034,500134034,500103059,0,0,0,0,300,507,0,0,0
2026-09-23T09:30:32.196Z,0x0517,0x0104,50013,2,31,500128402,500128402,0,25496,2554260,0,0,3,0,0,1,0,8,8,0,3,2,8,high,0x55B5,0,2,4,0,1,0,500128402,500128402,500103059,0,0,0,0,300,508,0,0,0
2026-09-23T09:30:33.198Z,0x0517,0x0104,50013,2,31,500122770,500122770,0,25506,2555261,0,0,3,0,0,1,0,8,8,0,3,2,8,high,0x55B5,0,2,4,0,1,0,500125023,500125023,500103059,0,0,0,0,300,509,0,0,0
2026-09-23T09:30:34.199Z,0x0517,0x0104,50013,2,31,500121644,500121644,0,25516,2556262,0,0,3,0,0,1,0,8,8,0,3,2,8,high,0x55B5,0,2,4,0,1,0,500120518,500120518,500103059,0,0,0,0,300,510,0,0,0
2026-09-23T09:30:35.201Z,0x0517,0x0104,50013,2,31,500129528,500129528,0,25526,2557264,0,0,3,0,0,1,0,8,8,0,3,2,8,high,0x55B5,0,2,4,0,1,0,500130655,500130655,500103059,0,0,0,0,300,511,0,0,0
2026-09-23T09:30:36.200Z,0x0517,0x0104,50013,2,31,500134034,500134034,0,25536,2558265,0,0,3,0,0,1,0,8,8,0,3,2,8,high,0x55B5,0,2,4,0,1,0,500134034,500134034,500103059,0,0,0,0,300,512,0,0,0
2026-09-23T09:30:37.204Z,0x0517,0x0104,50013,2,31,500132907,500132907,0,25546,2559267,0,0,3,0,0,1,0,8,8,0,3,2,8,high,0x55B5,0,2,4,0,1,0,500131781,500131781,500103059,0,0,0,0,300,513,0,0,0
2026-09-23T09:30:38.207Z,0x0517,0x0104,50013,2,31,500135160,500135160,0,25556,2560268,0,0,3,0,0,1,0,8,8,0,3,2,8,high,0x55B5,0,2,4,0,1,0,500138539,500138539,500103059,0,0,0,0,300,514,0,0,0
2026-09-23T09:30:39.205Z,0x0517,0x0104,50013,2,31,500131781,500131781,0,25566,2561270,0,0,3,0,0,1,0,8,8,0,3,2,8,high,0x55B5,0,2,4,0,1,0,500130655,500130655,500103059,0,0,0,0,300,515,0,0,0
2026-09-23T09:30:40.209Z,0x0517,0x0104,50013,2,31,500137413,500137413,0,25576,2562271,0,0,3,0,0,1,0,8,8,0,3,2,8,high,0x55B5,0,2,4,0,1,0,500139665,500139665,500103059,0,0,0,0,300,516,0,0,0
2026-09-23T09:30:41.197Z,0x0517,0x0104,50013,2,31,500141918,500141918,0,25585,2563173,0,0,3,0,0,1,0,8,8,0,3,2,8,high,0x55B5,0,2,4,0,1,0,500140792,500140792,500103059,0,0,0,0,300,517,0,0,0
2026-09-23T09:30:42.202Z,0x0517,0x0104,50013,2,31,500131781,500131781,0,25595,2564174,0,0,3,0,0,1,0,8,8,0,3,2,8,high,0x55B5,0,2,4,0,1,0,500130655,500130655,500103059,0,0,0,0,300,518,0,0,0
2026-09-23T09:30:43.207Z,0x0517,0x0104,50013,2,31,500131781,500131781,0,25605,2565175,0,0,3,0,0,1,0,8,8,0,3,2,8,high,0x55B5,0,2,4,0,1,0,500130655,500130655,500103059,0,0,0,0,300,519,0,0,0
2026-09-23T09:30:44.212Z,0x0517,0x0104,50013,2,31,500131781,500131781,0,25615,2566176,0,0,3,0,0,1,0,8,8,0,3,2,8,high,0x55B5,0,2,4,0,1,0,500131781,500131781,500103059,0,0,0,0,300,520,0,0,0
2026-09-23T09:30:45.199Z,0x0517,0x0104,50013,2,31,500132907,500132907,0,25625,2567178,0,0,3,0,0,1,0,8,8,0,3,2,8,high,0x55B5,0,2,4,0,1,0,500131781,500131781,500103059,0,0,0,0,300,521,0,0,0
2026-09-23T09:30:46.203Z,0x0517,0x0104,50013,2,31,500135160,500135160,0,25635,2568179,0,0,3,0,0,1,0,8,8,0,3,2,8,high,0x55B5,0,2,4,0,1,0,500135160,500135160,500103059,0,0,0,0,300,522,0,0,0
2026-09-23T09:30:47.205Z,0x0517,0x0104,50013,2,31,500139665,500139665,0,25645,2569180,0,0,3,0,0,1,0,8,8,0,3,2,8,high,0x55B5,0,2,4,0,1,0,500138539,500138539,500103059,0,0,0,0,300,523,0,0,0
2026-09-23T09:30:48.208Z,0x0517,0x0104,50013,2,31,500138539,500138539,0,25655,2570182,0,0,3,0,0,1,0,8,8,0,3,2,8,high,0x55B5,0,2,4,0,1,0,500139665,500139665,500103059,0,0,0,0,300,524,0,0,0
2026-09-23T09:30:49.212Z,0x0517,0x0104,50013,2,31,500136286,500136286,0,25665,2571183,0,0,3,0,0,1,0,8,8,0,3,2,8,high,0x55B5,0,2,4,0,1,0,500135160,500135160,500103059,0,0,0,0,300,525,0,0,0
2026-09-23T09:30:50.196Z,0x0517,0x0104,50013,2,31,500129528,500129528,0,25675,2572185,0,0,3,0,0,1,0,8,8,0,3,2,8,high,0x55B5,0,2,4,0,1,0,500130655,500130655,500103059,0,0,0,0,300,526,0,0,0
2026-09-23T09:30:51.198Z,0x0517,0x0104,50013,2,31,500130655,500130655,0,25685,2573186,0,0,3,0,0,1,0,8,8,0,3,2,8,high,0x55B5,0,2,4,0,1,0,500129528,500129528,500103059,0,0,0,0,300,527,0,0,0
2026-09-23T09:30:52.202Z,0x0517,0x0104,50013,2,31,500123897,500123897,0,25695,2574188,0,0,3,0,0,1,0,8,8,0,3,2,8,high,0x55B5,0,2,4,0,1,0,500123897,500123897,500103059,0,0,0,0,300,528,0,0,0
2026-09-23T09:30:53.205Z,0x0517,0x0104,50013,2,31,500127276,500127276,0,25705,2575189,0,0,3,0,0,1,0,8,8,0,3,2,8,high,0x55B5,0,2,4,0,1,0,500128402,500128402,500103059,0,0,0,0,300,529,0,0,0
2026-09-23T09:30:54.210Z,0x0517,0x0104,50013,2,31,500130655,500130655,0,25715,2576191,0,0,3,0,0,1,0,8,8,0,3,2,8,high,0x55B5,0,2,4,0,1,0,500131781,500131781,500103059,0,0,0,0,300,530,0,0,0
2026-09-23T09:30:55.198Z,0x0517,0x0104,50013,2,31,500132907,500132907,0,25725,2577193,0,0,3,0,0,1,0,8,8,0,3,2,8,high,0x55B5,0,2,4,0,1,0,500132907,500132907,500103059,0,0,0,0,300,531,0,0,0
2026-09-23T09:30:56.200Z,0x0517,0x0104,50013,2,31,500130655,500130655,0,25735,2578193,0,0,3,0,0,1,0,8,8,0,3,2,8,high,0x55B5,0,2,4,0,1,0,500129528,500129528,500103059,0,0,0,0,300,532,0,0,0
2026-09-23T09:30:57.203Z,0x0517,0x0104,50013,2,31,500131781,500131781,0,25745,2579195,0,0,3,0,0,1,0,8,8,0,3,2,8,high,0x55B5,0,2,4,0,1,0,500131781,500131781,500103059,0,0,0,0,300,533,0,0,0
2026-09-23T09:30:58.208Z,0x0517,0x0104,50013,2,31,500135160,500135160,0,25755,2580196,0,0,3,0,0,1,0,8,8,0,3,2,8,high,0x55B5,0,2,4,0,1,0,500137413,500137413,500103059,0,0,0,0,300,534,0,0,0
2026-09-23T09:30:59.211Z,0x0517,0x0104,50013,2,31,500132907,500132907,0,25765,2581197,0,0,3,0,0,1,0,8,8,0,3,2,8,high,0x55B5,0,2,4,0,1,0,500132907,500132907,500103059,0,0,0,0,300,535,0,0,0
2026-09-23T09:31:00.202Z,0x0517,0x0104,50013,2,31,500135160,500135160,0,25775,2582199,0,0,3,0,0,1,0,8,8,0,3,2,8,high,0x55B5,0,2,4,0,1,0,500135160,500135160,500103059,0,0,0,0,300,536,0,0,0
2026-09-23T09:31:01.204Z,0x0517,0x0104,50013,2,31,500134034,500134034,0,25785,2583200,0,0,3,0,0,1,0,8,8,0,3,2,8,high,0x55B5,0,2,4,0,1,0,500134034,500134034,500103059,0,0,0,0,300,537,0,0,0
2026-09-23T09:31:02.208Z,0x0517,0x0104,50013,2,31,500139665,500139665,0,25795,2584201,0,0,3,0,0,1,0,8,8,0,3,2,8,high,0x55B5,0,2,4,0,1,0,500139665,500139665,500103059,0,0,0,0,300,538,0,0,0
2026-09-23T09:31:03.211Z,0x0517,0x0104,50013,2,31,500136286,500136286,0,25805,2585203,0,0,3,0,0,1,0,8,8,0,3,2,8,high,0x55B5,0,2,4,0,1,0,500132907,500132907,500103059,0,0,0,0,300,539,0,0,0
2026-09-23T09:31:04.203Z,0x0517,0x0104,50013,2,31,500131781,500131781,0,25815,2586252,0,0,3,0,0,1,0,8,8,0,3,2,8,high,0x55B5,0,2,4,0,1,0,500132907,500132907,500103059,0,0,0,0,300,540,0,0,0
2026-09-23T09:31:05.204Z,0x0517,0x0104,50013,2,31,500138539,500138539,0,25825,2587205,0,0,3,0,0,1,0,8,8,0,3,2,8,high,0x55B5,0,2,4,0,1,0,500138539,500138539,500103059,0,0,0,0,300,541,0,0,0
2026-09-23T09:31:06.209Z,0x0517,0x0104,50013,2,31,500139665,500139665,0,25835,2588207,0,0,3,0,0,1,0,8,8,0,3,2,8,high,0x55B5,0,2,4,0,1,0,500138539,500138539,500103059,0,0,0,0,300,542,0,0,0
2026-09-23T09:31:07.212Z,0x0517,0x0104,50013,2,31,500135160,500135160,0,25845,2589208,0,0,3,0,0,1,0,8,8,0,3,2,8,high,0x55B5,0,2,4,0,1,0,500135160,500135160,500103059,0,0,0,0,300,543,0,0,0
2026-09-23T09:31:08.203Z,0x0517,0x0104,50013,2,31,500140792,500140792,0,25855,2590253,0,0,3,0,0,1,0,8,8,0,3,2,8,high,0x55B5,0,2,4,0,1,0,500141918,500141918,500103059,0,0,0,0,300,544,0,0,0
2026-09-23T09:31:09.209Z,0x0517,0x0104,50013,2,31,500136286,500136286,0,25865,2591260,0,0,3,0,0,1,0,8,8,0,3,2,8,high,0x55B5,0,2,4,0,1,0,500137413,500137413,500103059,0,0,0,0,300,545,0,0,0
2026-09-23T09:31:10.198Z,0x0517,0x0104,50013,2,31,500132907,500132907,0,25875,2592250,0,0,3,0,0,1,0,8,8,0,3,2,8,high,0x55B5,0,2,4,0,1,0,500135160,500135160,500103059,0,0,0,0,300,546,0,0,0
2026-09-23T09:31:11.204Z,0x0517,0x0104,50013,2,31,500130655,500130655,0,25885,2593255,0,0,3,0,0,1,0,8,8,0,3,2,8,high,0x55B5,0,2,4,0,1,0,500132907,500132907,500103059,0,0,0,0,300,547,0,0,0
2026-09-23T09:31:12.211Z,0x0517,0x0104,50013,2,31,500137413,500137413,0,25895,2594260,0,0,3,0,0,1,0,8,8,0,3,2,8,high,0x55B5,0,2,4,0,1,0,500138539,500138539,500103059,0,0,0,0,300,548,0,0,0
2026-09-23T09:31:13.199Z,0x0517,0x0104,50013,2,31,500131781,500131781,0,25905,2595252,0,0,3,0,0,1,0,8,8,0,3,2,8,high,0x55B5,0,2,4,0,1,0,500131781,500131781,500103059,0,0,0,0,300,549,0,0,0
2026-09-23T09:31:14.202Z,0x0517,0x0104,50013,2,31,500122770,500122770,0,25915,2596256,0,0,3,0,0,1,0,8,8,0,3,2,8,high,0x55B5,0,2,4,0,1,0,500129528,500129528,500103059,0,0,0,0,300,550,0,0,0
2026-09-23T09:31:15.208Z,0x0517,0x0104,50013,2,31,500132907,500132907,0,25925,2597258,0,0,3,0,0,1,0,8,8,0,3,2,8,high,0x55B5,0,2,4,0,1,0,500130655,500130655,500103059,0,0,0,0,300,551,0,0,0
2026-09-23T09:31:16.214Z,0x0517,0x0104,50013,2,31,500128402,500128402,0,25935,2598266,0,0,3,0,0,1,0,8,8,0,3,2,8,high,0x55B5,0,2,4,0,1,0,500130655,500130655,500103059,0,0,0,0,300,552,0,0,0
2026-09-23T09:31:17.200Z,0x0517,0x0104,50013,2,31,500128402,500128402,0,25945,2599255,0,0,3,0,0,1,0,8,8,0,3,2,8,high,0x55B5,0,2,4,0,1,0,500128402,500128402,500103059,0,0,0,0,300,553,0,0,0
2026-09-23T09:31:18.202Z,0x0517,0x0104,50013,2,31,500123897,500123897,0,25955,2600257,0,0,3,0,0,1,0,8,8,0,3,2,8,high,0x55B5,0,2,4,0,1,0,500126149,500126149,500103059,0,0,0,0,300,554,0,0,0
2026-09-23T09:31:19.204Z,0x0517,0x0104,50013,2,31,500126149,500126149,0,25965,2601260,0,0,3,0,0,1,0,8,8,0,3,2,8,high,0x55B5,0,2,4,0,1,0,500125023,500125023,500103059,0,0,0,0,300,555,0,0,0
2026-09-23T09:31:20.207Z,0x0517,0x0104,50013,2,31,500125023,500125023,0,25975,2602261,0,0,3,0,0,1,0,8,8,0,3,2,8,high,0x55B5,0,2,4,0,1,0,500126149,500126149,500103059,0,0,0,0,300,556,0,0,0
2026-09-23T09:31:21.208Z,0x0517,0x0104,50013,2,31,500129528,500129528,0,25985,2603265,0,0,3,0,0,1,0,8,8,0,3,2,8,high,0x55B5,0,2,4,0,1,0,500131781,500131781,500103059,0,0,0,0,300,557,0,0,0
2026-09-23T09:31:22.209Z,0x0517,0x0104,50013,2,31,500128402,500128402,0,25995,2604266,0,0,3,0,0,1,0,8,8,0,3,2,8,high,0x55B5,0,2,4,0,1,0,500129528,500129528,500103059,0,0,0,0,300,558,0,0,0
2026-09-23T09:31:23.199Z,0x0517,0x0104,50013,2,31,500129528,500129528,0,26005,2605252,0,0,3,0,0,1,0,8,8,0,3,2,8,high,0x55B5,0,2,4,0,1,0,500129528,500129528,500103059,0,0,0,0,300,559,0,0,0
2026-09-23T09:31:24.200Z,0x0517,0x0104,50013,2,31,500130655,500130655,0,26015,2606257,0,0,3,0,0,1,0,8,8,0,3,2,8,high,0x55B5,0,2,4,0,1,0,500128402,500128402,500103059,0,0,0,0,300,560,0,0,0
2026-09-23T09:31:25.202Z,0x0517,0x0104,50013,2,31,500123897,500123897,0,26025,2607258,0,0,3,0,0,1,0,8,8,0,3,2,8,high,0x55B5,0,2,4,0,1,0,500120518,500120518,500103059,0,0,0,0,300,561,0,0,0
2026-09-23T09:31:26.204Z,0x0517,0x0104,50013,2,31,500130655,500130655,0,26035,2608260,0,0,3,0,0,1,0,8,8,0,3,2,8,high,0x55B5,0,2,4,0,1,0,500132907,500132907,500103059,0,0,0,0,300,562,0,0,0
2026-09-23T09:31:27.211Z,0x0517,0x0104,50013,2,31,500134034,500134034,0,26045,2609263,0,0,3,0,0,1,0,8,8,0,3,2,8,high,0x55B5,0,2,4,0,1,0,500134034,500134034,500103059,0,0,0,0,300,563,0,0,0
2026-09-23T09:31:28.195Z,0x0517,0x0104,50013,2,31,500136286,500136286,0,26055,2610253,0,0,3,0,0,1,0,8,8,0,3,2,8,high,0x55B5,0,2,4,0,1,0,500137413,500137413,500103059,0,0,0,0,300,564,0,0,0
2026-09-23T09:31:29.199Z,0x0517,0x0104,50013,2,31,500131781,500131781,0,26065,2611254,0,0,3,0,0,1,0,8,8,0,3,2,8,high,0x55B5,0,2,4,0,1,0,500130655,500130655,500103059,0,0,0,0,300,565,0,0,0
2026-09-23T09:31:30.201Z,0x0517,0x0104,50013,2,31,500125023,500125023,0,26075,2612256,0,0,3,0,0,1,0,8,8,0,3,2,8,high,0x55B5,0,2,4,0,1,0,500122770,500122770,500103059,0,0,0,0,300,566,0,0,0
2026-09-23T09:31:31.207Z,0x0517,0x0104,50013,2,31,500127276,500127276,0,26085,2613259,0,0,3,0,0,1,0,8,8,0,3,2,8,high,0x55B5,0,2,4,0,1,0,500129528,500129528,500103059,0,0,0,0,300,567,0,0,0
2026-09-23T09:31:32.210Z,0x0517,0x0104,50013,2,31,500130655,500130655,0,26095,2614265,0,0,3,0,0,1,0,8,8,0,3,2,8,high,0x55B5,0,2,4,0,1,0,500128402,500128402,500103059,0,0,0,0,300,568,0,0,0
2026-09-23T09:31:33.192Z,0x0517,0x0104,50013,2,31,500123897,500123897,0,26105,2615253,0,0,3,0,0,1,0,8,8,0,3,2,8,high,0x55B5,0,2,4,0,1,0,500126149,500126149,500103059,0,0,0,0,300,569,0,0,0
2026-09-23T09:31:34.211Z,0x0517,0x0104,50013,2,31,500137413,500137413,0,26115,2616267,0,0,3,0,0,1,0,8,8,0,3,2,8,high,0x55B5,0,2,4,0,1,0,500131781,500131781,500103059,0,0,0,0,300,570,0,0,0
2026-09-23T09:31:35.196Z,0x0517,0x0104,50013,2,31,500137413,500137413,0,26125,2617253,0,0,3,0,0,1,0,8,8,0,3,2,8,high,0x55B5,0,2,4,0,1,0,500135160,500135160,500103059,0,0,0,0,300,571,0,0,0
2026-09-23T09:31:36.197Z,0x0517,0x0104,50013,2,31,500138539,500138539,0,26135,2618255,0,0,3,0,0,1,0,8,8,0,3,2,8,high,0x55B5,0,2,4,0,1,0,500134034,500134034,500103059,0,0,0,0,300,572,0,0,0
2026-09-23T09:31:37.198Z,0x0517,0x0104,50013,2,31,500127276,500127276,0,26145,2619256,0,0,3,0,0,1,0,8,8,0,3,2,8,high,0x55B5,0,2,4,0,1,0,500123897,500123897,500103059,0,0,0,0,300,573,0,0,0
2026-09-23T09:31:38.201Z,0x0517,0x0104,50013,2,31,500127276,500127276,0,26155,2620256,0,0,3,0,0,1,0,8,8,0,3,2,8,high,0x55B5,0,2,4,0,1,0,500127276,500127276,500103059,0,0,0,0,300,574,0,0,0
2026-09-23T09:31:39.201Z,0x0517,0x0104,50013,2,31,500127276,500127276,0,26165,2621260,0,0,3,0,0,1,0,8,8,0,3,2,8,high,0x55B5,0,2,4,0,1,0,500129528,500129528,500103059,0,0,0,0,300,575,0,0,0
2026-09-23T09:31:40.202Z,0x0517,0x0104,50013,2,31,500126149,500126149,0,26175,2622261,0,0,3,0,0,1,0,8,8,0,3,2,8,high,0x55B5,0,2,4,0,1,0,500126149,500126149,500103059,0,0,0,0,300,576,0,0,0
2026-09-23T09:31:41.201Z,0x0517,0x0104,50013,2,31,500127276,500127276,0,26185,2623261,0,0,3,0,0,1,0,8,8,0,3,2,8,high,0x55B5,0,2,4,0,1,0,500129528,500129528,500103059,0,0,0,0,300,577,0,0,0
2026-09-23T09:31:42.203Z,0x0517,0x0104,50013,2,31,500127276,500127276,0,26195,2624260,0,0,3,0,0,1,0,8,8,0,3,2,8,high,0x55B5,0,2,4,0,1,0,500125023,500125023,500103059,0,0,0,0,300,578,0,0,0
2026-09-23T09:31:43.204Z,0x0517,0x0104,50013,2,31,500120518,500120518,0,26205,2625263,0,0,3,0,0,1,0,8,8,0,3,2,8,high,0x55B5,0,2,4,0,1,0,500118265,500118265,500103059,0,0,0,0,300,579,0,0,0
2026-09-23T09:31:44.207Z,0x0517,0x0104,50013,2,31,500119391,500119391,0,26215,2626264,0,0,3,0,0,1,0,8,8,0,3,2,8,high,0x55B5,0,2,4,0,1,0,500123897,500123897,500103059,0,0,0,0,300,580,0,0,0
2026-09-23T09:31:45.208Z,0x0517,0x0104,50013,2,31,500122770,500122770,0,26225,2627267,0,0,3,0,0,1,0,8,8,0,3,2,8,high,0x55B5,0,2,4,0,1,0,500123897,500123897,500103059,0,0,0,0,300,581,0,0,0
2026-09-23T09:31:46.209Z,0x0517,0x0104,50013,2,31,500126149,500126149,0,26235,2628267,0,0,3,0,0,1,0,8,8,0,3,2,8,high,0x55B5,0,2,4,0,1,0,500127276,500127276,500103059,0,0,0,0,300,582,0,0,0
2026-09-23T09:31:47.193Z,0x0517,0x0104,50013,2,31,500120518,500120518,0,26245,2629263,0,0,3,0,0,1,0,8,8,0,3,2,8,high,0x55B5,0,2,4,0,1,0,500119391,500119391,500103059,0,0,0,0,300,583,0,0,0
2026-09-23T09:31:48.194Z,0x0517,0x0104,50013,2,31,500120518,500120518,0,26255,2630265,0,0,3,0,0,1,0,8,8,0,3,2,8,high,0x55B5,0,2,4,0,1,0,500119391,500119391,500103059,0,0,0,0,300,584,0,0,0
2026-09-23T09:31:49.195Z,0x0517,0x0104,50013,2,31,500121644,500121644,0,26265,2631266,0,0,3,0,0,1,0,8,8,0,3,2,8,high,0x55B5,0,2,4,0,1,0,500121644,500121644,500103059,0,0,0,0,300,585,0,0,0
2026-09-23T09:31:50.198Z,0x0517,0x0104,50013,2,31,500121644,500121644,0,26274,2632167,0,0,3,0,0,1,0,8,8,0,3,2,8,high,0x55B5,0,2,4,0,1,0,500120518,500120518,500103059,0,0,0,0,300,586,0,0,0
2026-09-23T09:31:51.200Z,0x0517,0x0104,50013,2,31,500131781,500131781,0,26285,2633269,0,0,3,0,0,1,0,8,8,0,3,2,8,high,0x55B5,0,2,4,0,1,0,500134034,500134034,500103059,0,0,0,0,300,587,0,0,0
2026-09-23T09:31:52.201Z,0x0517,0x0104,50013,2,31,500131781,500131781,0,26295,2634271,0,0,3,0,0,1,0,8,8,0,3,2,8,high,0x55B5,0,2,4,0,1,0,500131781,500131781,500103059,0,0,0,0,300,588,0,0,0
2026-09-23T09:31:53.203Z,0x0517,0x0104,50013,2,31,500130655,500130655,0,26305,2635273,0,0,3,0,0,1,0,8,8,0,3,2,8,high,0x55B5,0,2,4,0,1,0,500130655,500130655,500103059,0,0,0,0,300,589,0,0,0
2026-09-23T09:31:54.203Z,0x0517,0x0104,50013,2,31,500132907,500132907,0,26315,2636274,0,0,3,0,0,1,0,8,8,0,3,2,8,high,0x55B5,0,2,4,0,1,0,500132907,500132907,500103059,0,0,0,0,300,590,0,0,0
2026-09-23T09:31:55.207Z,0x0517,0x0104,50013,2,31,500127276,500127276,0,26325,2637275,0,0,3,0,0,1,0,8,8,0,3,2,8,high,0x55B5,0,2,4,0,1,0,500126149,500126149,500103059,0,0,0,0,300,591,0,0,0
2026-09-23T09:31:56.208Z,0x0517,0x0104,50013,2,31,500129528,500129528,0,26335,2638276,0,0,3,0,0,1,0,8,8,0,3,2,8,high,0x55B5,0,2,4,0,1,0,500130655,500130655,500103059,0,0,0,0,300,592,0,0,0
2026-09-23T09:31:57.196Z,0x0517,0x0104,50013,2,31,500136286,500136286,0,26344,2639178,0,0,3,0,0,1,0,8,8,0,3,2,8,high,0x55B5,0,2,4,0,1,0,500136286,500136286,500103059,0,0,0,0,300,593,0,0,0
2026-09-23T09:31:58.200Z,0x0517,0x0104,50013,2,31,500134034,500134034,0,26354,2640179,0,0,3,0,0,1,0,8,8,0,3,2,8,high,0x55B5,0,2,4,0,1,0,500135160,500135160,500103059,0,0,0,0,300,594,0,0,0
2026-09-23T09:31:59.205Z,0x0517,0x0104,50013,2,31,500137413,500137413,0,26364,2641181,0,0,3,0,0,1,0,8,8,0,3,2,8,high,0x55B5,0,2,4,0,1,0,500137413,500137413,500103059,0,0,0,0,300,595,0,0,0
2026-09-23T09:32:00.207Z,0x0517,0x0104,50013,2,31,500140792,500140792,0,26374,2642182,0,0,3,0,0,1,0,8,8,0,3,2,8,high,0x55B5,0,2,4,0,1,0,500138539,500138539,500103059,0,0,0,0,300,596,0,0,0
2026-09-23T09:32:01.210Z,0x0517,0x0104,50013,2,31,500130655,500130655,0,26384,2643184,0,0,3,0,0,1,0,8,8,0,3,2,8,high,0x55B5,0,2,4,0,1,0,500129528,500129528,500103059,0,0,0,0,300,597,0,0,0
2026-09-23T09:32:02.199Z,0x0517,0x0104,50013,2,31,500134034,500134034,0,26394,2644185,0,0,3,0,0,1,0,8,8,0,3,2,8,high,0x55B5,0,2,4,0,1,0,500136286,500136286,500103059,0,0,0,0,300,598,0,0,0
2026-09-23T09:32:03.200Z,0x0517,0x0104,50013,2,31,500131781,500131781,0,26404,2645187,0,0,3,0,0,1,0,8,8,0,3,2,8,high,0x55B5,0,2,4,0,1,0,500132907,500132907,500103059,0,0,0,0,300,599,0,0,0
2026-09-23T09:32:04.202Z,0x0517,0x0104,50013,2,31,500138539,500138539,0,26414,2646188,0,0,3,0,0,1,0,8,8,0,3,2,8,high,0x55B5,0,2,5,0,1,0,500136286,500136286,500103059,500110944,7885,0,0,300,600,0,1,0
2026-09-23T09:32:05.205Z,0x0517,0x0104,50013,2,31,500127276,500127276,0,26424,2647189,0,0,3,0,0,1,0,8,8,0,3,2,8,high,0x55B5,0,2,5,0,1,0,500127276,500127276,500103059,500110944,7885,0,0,300,600,0,1,0
2026-09-23T09:32:06.210Z,0x0517,0x0104,50013,2,31,500132907,500132907,0,26434,2648191,0,0,3,0,0,1,0,8,8,0,3,2,8,high,0x55B5,0,2,5,0,1,0,500130655,500130655,500103059,500110944,7885,0,0,300,600,0,1,0
2026-09-23T09:32:07.197Z,0x0517,0x0104,50013,2,31,500134034,500134034,0,26444,2649193,0,0,3,0,0,1,0,8,8,0,3,2,8,high,0x55B5,0,2,5,0,1,0,500136286,500136286,500103059,500110944,7885,0,0,300,600,0,1,0
2026-09-23T09:32:08.202Z,0x0517,0x0104,50013,2,31,500132907,500132907,0,26454,2650194,0,0,3,0,0,1,0,8,8,0,3,2,8,high,0x55B5,0,2,5,0,1,0,500134034,500134034,500103059,500110944,7885,0,0,300,600,0,1,0
2026-09-23T09:32:09.205Z,0x0517,0x0104,50013,2,31,500134034,500134034,0,26464,2651195,0,0,3,0,0,1,0,8,8,0,3,2,8,high,0x55B5,0,2,5,0,1,0,500134034,500134034,500103059,500110944,7885,0,0,300,600,0,1,0
2026-09-23T09:32:10.209Z,0x0517,0x0104,50013,2,31,500131781,500131781,0,26474,2652196,0,0,3,0,0,1,0,8,8,0,3,2,8,high,0x55B5,0,2,5,0,1,0,500131781,500131781,500103059,500110944,7885,0,0,300,600,0,1,0
2026-09-23T09:32:11.197Z,0x0517,0x0104,50013,2,31,500135160,500135160,0,26484,2653198,0,0,3,0,0,1,0,8,8,0,3,2,8,high,0x55B5,0,2,5,0,1,0,500132907,500132907,500103059,500110944,7885,0,0,300,600,0,1,0
2026-09-23T09:32:12.202Z,0x0517,0x0104,50013,2,31,500128402,500128402,0,26494,2654199,0,0,3,0,0,1,0,8,8,0,3,2,8,high,0x55B5,0,2,5,0,1,0,500128402,500128402,500103059,500110944,7885,0,0,300,600,0,1,0
2026-09-23T09:32:13.205Z,0x0517,0x0104,50013,2,31,500134034,500134034,0,26504,2655201,0,0,3,0,0,1,0,8,8,0,3,2,8,high,0x55B5,0,2,5,0,1,0,500136286,500136286,500103059,500110944,7885,0,0,300,600,0,1,0
2026-09-23T09:32:14.208Z,0x0517,0x0104,50013,2,31,500127276,500127276,0,26514,2656202,0,0,3,0,0,1,0,8,8,0,3,2,8,high,0x55B5,0,2,5,0,1,0,500126149,500126149,500103059,500110944,7885,0,0,300,600,0,1,0
2026-09-23T09:32:15.212Z,0x0517,0x0104,50013,2,31,500131781,500131781,0,26524,2657203,0,0,3,0,0,1,0,8,8,0,3,2,8,high,0x55B5,0,2,5,0,1,0,500132907,500132907,500103059,500110944,7885,0,0,300,600,0,1,0
2026-09-23T09:32:16.203Z,0x0517,0x0104,50013,2,31,500141918,500141918,0,26534,2658205,0,0,3,0,0,1,0,8,8,0,3,2,8,high,0x55B5,0,2,5,0,1,0,500141918,500141918,500103059,500110944,7885,0,0,300,600,0,1,0
2026-09-23T09:32:17.207Z,0x0517,0x0104,50013,2,31,500140792,500140792,0,26544,2659206,0,0,3,0,0,1,0,8,8,0,3,2,8,high,0x55B5,0,2,5,0,1,0,500139665,500139665,500103059,500110944,7885,0,0,300,600,0,1,0
2026-09-23T09:32:18.208Z,0x0517,0x0104,50013,2,31,500137413,500137413,0,26554,2660207,0,0,3,0,0,1,0,8,8,0,3,2,8,high,0x55B5,0,2,5,0,1,0,500136286,500136286,500103059,500110944,7885,0,0,300,600,0,1,0
2026-09-23T09:32:19.209Z,0x0517,0x0104,50013,2,31,500130655,500130655,0,26564,2661209,0,0,3,0,0,1,0,8,8,0,3,2,8,high,0x55B5,0,2,5,0,1,0,500131781,500131781,500103059,500110944,7885,0,0,300,600,0,1,0
2026-09-23T09:32:20.202Z,0x0517,0x0104,50013,2,31,500136286,500136286,0,26574,2662256,0,0,3,0,0,1,0,8,8,0,3,2,8,high,0x55B5,0,2,5,0,1,0,500134034,500134034,500103059,500110944,7885,0,0,300,600,0,1,0
2026-09-23T09:32:21.206Z,0x0517,0x0104,50013,2,31,500132907,500132907,0,26584,2663211,0,0,3,0,0,1,0,8,8,0,3,2,8,high,0x55B5,0,2,5,0,1,0,500132907,500132907,500103059,500110944,7885,0,0,300,600,0,1,0
2026-09-23T09:32:22.208Z,0x0517,0x0104,50013,2,31,500132907,500132907,0,26594,2664213,0,0,3,0,0,1,0,8,8,0,3,2,8,high,0x55B5,0,2,5,0,1,0,500131781,500131781,500103059,500110944,7885,0,0,300,600,0,1,0
2026-09-23T09:32:23.208Z,0x0517,0x0104,50013,2,31,500130655,500130655,0,26604,2665214,0,0,3,0,0,1,0,8,8,0,3,2,8,high,0x55B5,0,2,5,0,1,0,500130655,500130655,500103059,500110944,7885,0,0,300,600,0,1,0
2026-09-23T09:32:24.211Z,0x0517,0x0104,50013,2,31,500131781,500131781,0,26614,2666215,0,0,3,0,0,1,0,8,8,0,3,2,8,high,0x55B5,0,2,5,0,1,0,500132907,500132907,500103059,500110944,7885,0,0,300,600,0,1,0
2026-09-23T09:32:25.201Z,0x0517,0x0104,50013,2,31,500130655,500130655,0,26624,2667258,0,0,3,0,0,1,0,8,8,0,3,2,8,high,0x55B5,0,2,5,0,1,0,500128402,500128402,500103059,500110944,7885,0,0,300,600,0,1,0
2026-09-23T09:32:26.206Z,0x0517,0x0104,50013,2,31,500136286,500136286,0,26634,2668264,0,0,3,0,0,1,0,8,8,0,3,2,8,high,0x55B5,0,2,5,0,1,0,500138539,500138539,500103059,500110944,7885,0,0,300,600,0,1,0
2026-09-23T09:32:27.214Z,0x0517,0x0104,50013,2,31,500141918,500141918,0,26644,2669219,0,0,3,0,0,1,0,8,8,0,3,2,8,high,0x55B5,0,2,5,0,1,0,500139665,500139665,500103059,500110944,7885,0,0,300,600,0,1,0
2026-09-23T09:32:28.201Z,0x0517,0x0104,50013,2,31,500132907,500132907,0,26654,2670260,0,0,3,0,0,1,0,8,8,0,3,2,8,high,0x55B5,0,2,5,0,1,0,500131781,500131781,500103059,500110944,7885,0,0,300,600,0,1,0
2026-09-23T09:32:29.208Z,0x0517,0x0104,50013,2,31,500131781,500131781,0,26664,2671264,0,0,3,0,0,1,0,8,8,0,3,2,8,high,0x55B5,0,2,5,0,1,0,500129528,500129528,500103059,500110944,7885,0,0,300,600,0,1,0
2026-09-23T09:32:30.216Z,0x0517,0x0104,50013,2,31,500129528,500129528,0,26674,2672271,0,0,3,0,0,1,0,8,8,0,3,2,8,high,0x55B5,0,2,5,0,1,0,500128402,500128402,500103059,500110944,7885,0,0,300,600,0,1,0
2026-09-23T09:32:31.203Z,0x0517,0x0104,50013,2,31,500129528,500129528,0,26684,2673264,0,0,3,0,0,1,0,8,8,0,3,2,8,high,0x55B5,0,2,5,0,1,0,500129528,500129528,500103059,500110944,7885,0,0,300,600,0,1,0
2026-09-23T09:32:32.204Z,0x0517,0x0104,50013,2,31,500128402,500128402,0,26694,2674266,0,0,3,0,0,1,0,8,8,0,3,2,8,high,0x55B5,0,2,5,0,1,0,500129528,500129528,500103059,500110944,7885,0,0,300,600,0,1,0
2026-09-23T09:32:33.207Z,0x0517,0x0104,50013,2,31,500125023,500125023,0,26704,2675267,0,0,3,0,0,1,0,8,8,0,3,2,8,high,0x55B5,0,2,5,0,1,0,500126149,500126149,500103059,500110944,7885,0,0,300,600,0,1,0
2026-09-23T09:32:34.216Z,0x0517,0x0104,50013,2,31,500134034,500134034,0,26714,2676270,0,0,3,0,0,1,0,8,8,0,3,2,8,high,0x55B5,0,2,5,0,1,0,500132907,500132907,500103059,500110944,7885,0,0,300,600,0,1,0
2026-09-23T09:32:35.205Z,0x0517,0x0104,50013,2,31,500129528,500129528,0,26724,2677264,0,0,3,0,0,1,0,8,8,0,3,2,8,high,0x55B5,0,2,5,0,1,0,500125023,500125023,500103059,500110944,7885,0,0,300,600,0,1,0
2026-09-23T09:32:36.207Z,0x0517,0x0104,50013,2,31,500130655,500130655,0,26734,2678268,0,0,3,0,0,1,0,8,8,0,3,2,8,high,0x55B5,0,2,5,0,1,0,500131781,500131781,500103059,500110944,7885,0,0,300,600,0,1,0
2026-09-23T09:32:37.212Z,0x0517,0x0104,50013,2,31,500135160,500135160,0,26744,2679271,0,0,3,0,0,1,0,8,8,0,3,2,8,high,0x55B5,0,2,5,0,1,0,500132907,500132907,500103059,500110944,7885,0,0,300,600,0,1,0
2026-09-23T09:32:38.206Z,0x0517,0x0104,50013,2,31,500127276,500127276,0,26754,2680261,0,0,3,0,0,1,0,8,8,0,3,2,8,high,0x55B5,0,2,5,0,1,0,500127276,500127276,500103059,500110944,7885,0,0,300,600,0,1,0
2026-09-23T09:32:39.208Z,0x0517,0x0104,50013,2,31,500127276,500127276,0,26764,2681269,0,0,3,0,0,1,0,8,8,0,3,2,8,high,0x55B5,0,2,5,0,1,0,500128402,500128402,500103059,500110944,7885,0,0,300,600,0,1,0
2026-09-23T09:32:40.213Z,0x0517,0x0104,50013,2,31,500134034,500134034,0,26774,2682272,0,0,3,0,0,1,0,8,8,0,3,2,8,high,0x55B5,0,2,5,0,1,0,500129528,500129528,500103059,500110944,7885,0,0,300,600,0,1,0
2026-09-23T09:32:41.202Z,0x0517,0x0104,50013,2,31,500131781,500131781,0,26784,2683261,0,0,3,0,0,1,0,8,8,0,3,2,8,high,0x55B5,0,2,5,0,1,0,500134034,500134034,500103059,500110944,7885,0,0,300,600,0,1,0
2026-09-23T09:32:42.204Z,0x0517,0x0104,50013,2,31,500129528,500129528,0,26794,2684266,0,0,3,0,0,1,0,8,8,0,3,2,8,high,0x55B5,0,2,5,0,1,0,500131781,500131781,500103059,500110944,7885,0,0,300,600,0,1,0
2026-09-23T09:32:43.206Z,0x0517,0x0104,50013,2,31,500130655,500130655,0,26804,2685268,0,0,3,0,0,1,0,8,8,0,3,2,8,high,0x55B5,0,2,5,0,1,0,500129528,500129528,500103059,500110944,7885,0,0,300,600,0,1,0
2026-09-23T09:32:44.212Z,0x0517,0x0104,50013,2,31,500122770,500122770,0,26814,2686270,0,0,3,0,0,1,0,8,8,0,3,2,8,high,0x55B5,0,2,5,0,1,0,500123897,500123897,500103059,500110944,7885,0,0,300,600,0,1,0
2026-09-23T09:32:45.199Z,0x0517,0x0104,50013,2,31,500131781,500131781,0,26824,2687260,0,0,3,0,0,1,0,8,8,0,3,2,8,high,0x55B5,0,2,5,0,1,0,500131781,500131781,500103059,500110944,7885,0,0,300,600,0,1,0
2026-09-23T09:32:46.203Z,0x0517,0x0104,50013,2,31,500129528,500129528,0,26834,2688264,0,0,3,0,0,1,0,8,8,0,3,2,8,high,0x55B5,0,2,5,0,1,0,500127276,500127276,500103059,500110944,7885,0,0,300,600,0,1,0
2026-09-23T09:32:47.204Z,0x0517,0x0104,50013,2,31,500128402,500128402,0,26844,2689267,0,0,3,0,0,1,0,8,8,0,3,2,8,high,0x55B5,0,2,5,0,1,0,500128402,500128402,500103059,500110944,7885,0,0,300,600,0,1,0
2026-09-23T09:32:48.208Z,0x0517,0x0104,50013,2,31,500132907,500132907,0,26854,2690268,0,0,3,0,0,1,0,8,8,0,3,2,8,high,0x55B5,0,2,5,0,1,0,500130655,500130655,500103059,500110944,7885,0,0,300,600,0,1,0
2026-09-23T09:32:49.192Z,0x0517,0x0104,50013,2,31,500130655,500130655,0,26864,2691258,0,0,3,0,0,1,0,8,8,0,3,2,8,high,0x55B5,0,2,5,0,1,0,500129528,500129528,500103059,500110944,7885,0,0,300,600,0,1,0
2026-09-23T09:32:50.210Z,0x0517,0x0104,50013,2,31,500128402,500128402,0,26874,2692272,0,0,3,0,0,1,0,8,8,0,3,2,8,high,0x55B5,0,2,5,0,1,0,500126149,500126149,500103059,500110944,7885,0,0,300,600,0,1,0
2026-09-23T09:32:51.195Z,0x0517,0x0104,50013,2,31,500128402,500128402,0,26884,2693259,0,0,3,0,0,1,0,8,8,0,3,2,8,high,0x55B5,0,2,5,0,1,0,500130655,500130655,500103059,500110944,7885,0,0,300,600,0,1,0
2026-09-23T09:32:52.195Z,0x0517,0x0104,50013,2,31,500138539,500138539,0,26894,2694260,0,0,3,0,0,1,0,8,8,0,3,2,8,high,0x55B5,0,2,5,0,1,0,500137413,500137413,500103059,500110944,7885,0,0,300,600,0,1,0
2026-09-23T09:32:53.196Z,0x0517,0x0104,50013,2,31,500135160,500135160,0,26904,2695260,0,0,3,0,0,1,0,8,8,0,3,2,8,high,0x55B5,0,2,5,0,1,0,500137413,500137413,500103059,500110944,7885,0,0,300,600,0,1,0
2026-09-23T09:32:54.197Z,0x0517,0x0104,50013,2,31,500135160,500135160,0,26914,2696260,0,0,3,0,0,1,0,8,8,0,3,2,8,high,0x55B5,0,2,5,0,1,0,500139665,500139665,500103059,500110944,7885,0,0,300,600,0,1,0
2026-09-23T09:32:55.198Z,0x0517,0x0104,50013,2,31,500138539,500138539,0,26924,2697263,0,0,3,0,0,1,0,8,8,0,3,2,8,high,0x55B5,0,2,5,0,1,0,500140792,500140792,500103059,500110944,7885,0,0,300,600,0,1,0
2026-09-23T09:32:56.198Z,0x0517,0x0104,50013,2,31,500140792,500140792,0,26934,2698263,0,0,3,0,0,1,0,8,8,0,3,2,8,high,0x55B5,0,2,5,0,1,0,500139665,500139665,500103059,500110944,7885,0,0,300,600,0,1,0
2026-09-23T09:32:57.202Z,0x0517,0x0104,50013,2,31,500140792,500140792,0,26944,2699264,0,0,3,0,0,1,0,8,8,0,3,2,8,high,0x55B5,0,2,5,0,1,0,500137413,500137413,500103059,500110944,7885,0,0,300,600,0,1,0
2026-09-23T09:32:58.202Z,0x0517,0x0104,50013,2,31,500128402,500128402,0,26954,2700267,0,0,3,0,0,1,0,8,8,0,3,2,8,high,0x55B5,0,2,5,0,1,0,500129528,500129528,500103059,500110944,7885,0,0,300,600,0,1,0
2026-09-23T09:32:59.203Z,0x0517,0x0104,50013,2,31,500134034,500134034,0,26964,2701267,0,0,3,0,0,1,0,8,8,0,3,2,8,high,0x55B5,0,2,5,0,1,0,500134034,500134034,500103059,500110944,7885,0,0,300,600,0,1,0
2026-09-23T09:33:00.203Z,0x0517,0x0104,50013,2,31,500129528,500129528,0,26974,2702268,0,0,3,0,0,1,0,8,8,0,3,2,8,high,0x55B5,0,2,5,0,1,0,500130655,500130655,500103059,500110944,7885,0,0,300,600,0,1,0
2026-09-23T09:33:01.204Z,0x0517,0x0104,50013,2,31,500128402,500128402,0,26984,2703269,0,0,3,0,0,1,0,8,8,0,3,2,8,high,0x55B5,0,2,5,0,1,0,500128402,500128402,500103059,500110944,7885,0,0,300,600,0,1,0
2026-09-23T09:33:02.206Z,0x0517,0x0104,50013,2,31,500123897,500123897,0,26994,2704269,0,0,3,0,0,1,0,8,8,0,3,2,8,high,0x55B5,0,2,5,0,1,0,500128402,500128402,500103059,500110944,7885,0,0,300,600,0,1,0
2026-09-23T09:33:03.208Z,0x0517,0x0104,50013,2,31,500130655,500130655,0,27004,2705272,0,0,3,0,0,1,0,8,8,0,3,2,8,high,0x55B5,0,2,5,0,1,0,500131781,500131781,500103059,500110944,7885,0,0,300,600,0,1,0
2026-09-23T09:33:04.209Z,0x0517,0x0104,50013,2,31,500134034,500134034,0,27014,2706274,0,0,3,0,0,1,0,8,8,0,3,2,8,high,0x55B5,0,2,5,0,1,0,500136286,500136286,500103059,500112633,9574,0,0,300,600,0,2,0
2026-09-23T09:33:05.210Z,0x0517,0x0104,50013,2,31,500140792,500140792,0,27024,2707274,0,0,3,0,0,1,0,8,8,0,3,2,8,high,0x55B5,0,2,5,0,1,0,500138539,500138539,500103059,500112633,9574,0,0,300,600,0,2,0
2026-09-23T09:33:06.197Z,0x0517,0x0104,50013,2,31,500137413,500137413,0,27034,2708271,0,0,3,0,0,1,0,8,8,0,3,2,8,high,0x55B5,0,2,5,0,1,0,500136286,500136286,500103059,500112633,9574,0,0,300,600,0,2,0
2026-09-23T09:33:07.198Z,0x0517,0x0104,50013,2,31,500134034,500134034,0,27044,2709273,0,0,3,0,0,1,0,8,8,0,3,2,8,high,0x55B5,0,2,5,0,1,0,500136286,500136286,500103059,500112633,9574,0,0,300,600,0,2,0
2026-09-23T09:33:08.201Z,0x0517,0x0104,50013,2,31,500136286,500136286,0,27054,2710274,0,0,3,0,0,1,0,8,8,0,3,2,8,high,0x55B5,0,2,5,0,1,0,500135160,500135160,500103059,500112633,9574,0,0,300,600,0,2,0
2026-09-23T09:33:09.201Z,0x0517,0x0104,50013,2,31,500136286,500136286,0,27064,2711275,0,0,3,0,0,1,0,8,8,0,3,2,8,high,0x55B5,0,2,5,0,1,0,500135160,500135160,500103059,500112633,9574,0,0,300,600,0,2,0
2026-09-23T09:33:10.204Z,0x0517,0x0104,50013,2,31,500132907,500132907,0,27074,2712276,0,0,3,0,0,1,0,8,8,0,3,2,8,high,0x55B5,0,2,5,0,1,0,500132907,500132907,500103059,500112633,9574,0,0,300,600,0,2,0
