utc,host_monotonic_ns,firmware,map,display_count,display_decimals,status_flags,net_ug,gross_ug,tare_ug,raw_adc,filtered_raw,sample_sequence,mcu_uptime_ms,official_stable,official_overload,profile,sample_rate,gain,cs1237_state,buffered_samples,overrun_count,dirty,revision,saved_revision,fault_mask,calibration_valid,primary_sample_sequence,display_condition_state,display_locked,conditioned_display_ug,display_anchor_ug,application,mode,state,limited,reason,offset_ug,reference_ug,evaluation_count,automatic_rebase_count,save_request_count_low,signature,static_input_ug,dynamic_input_ug,low_limit_ug,high_limit_ug,event_count,static_immediate,static_class,dynamic_immediate,dynamic_confirmed,static_stable_count,static_reason,dynamic_candidate,dynamic_confirm_count,dynamic_reason,process_active,valid,formal_state,formal_alarm_active,formal_green,formal_yellow,formal_red,formal_internal_buzzer,formal_external_buzzer,save_count,fault,overrun,r5_input_ug,timestamp_ms
2026-09-25T07:02:11.985Z,63030625000000,0x051C,0x0104,1,2,63,15769,15769,0,-44011,-44017,417983,43243701,1,0,0,0,3,4,0,0,0,15,15,0,1,417983,2,1,10000,10000,0,0,0,0,5,0,0,0,0,6,0x5AA5,15769,9011,0,0,33042,2,4,2,4,255,0,4,15,0,0,1,0,0,0,0,0,0,0,6,0,0,15700,43243701
2026-09-25T07:02:12.460Z,63031109000000,0x051C,0x0104,1,2,63,18021,18021,0,-44038,-44019,417988,43244202,1,0,0,0,3,4,0,0,0,15,15,0,1,417988,2,1,10000,10000,0,0,0,0,5,0,0,0,0,6,0x5AA5,18021,39422,0,0,33042,2,4,2,4,255,0,4,15,0,0,1,0,0,0,0,0,0,0,6,0,0,18000,43244202
2026-09-25T07:02:12.983Z,63031625000000,0x051C,0x0104,1,2,63,21400,21400,0,-44012,-44022,417992,43244705,1,0,0,0,3,4,0,0,0,15,15,0,1,417993,2,1,10000,10000,0,0,0,0,5,0,0,0,0,6,0x5AA5,22527,1126,0,0,33042,2,4,2,4,255,0,4,15,0,0,1,0,0,0,0,0,0,0,6,0,0,22500,43244603
2026-09-25T07:02:13.461Z,63032109000000,0x051C,0x0104,1,2,63,20274,20274,0,-44025,-44021,417998,43245204,1,0,0,0,3,4,0,0,0,15,15,0,1,417998,2,1,10000,10000,0,0,0,0,5,0,0,0,0,6,0x5AA5,20274,24779,0,0,33042,2,4,2,4,255,0,4,15,0,0,1,0,0,0,0,0,0,0,6,0,0,20200,43245204
2026-09-25T07:02:13.982Z,63032625000000,0x051C,0x0104,1,2,63,20274,20274,0,-44024,-44021,418002,43245706,1,0,0,0,3,4,0,0,0,15,15,0,1,418003,2,1,10000,10000,0,0,0,0,5,0,0,0,0,6,0x5AA5,20274,23653,0,0,33042,2,4,2,4,255,0,4,15,0,0,1,0,0,0,0,0,0,0,6,0,0,20200,43245605
2026-09-25T07:02:14.460Z,63033109000000,0x051C,0x0104,1,2,63,19148,19148,0,-44036,-44020,418007,43246210,1,0,0,0,3,4,0,0,0,15,15,0,1,418008,2,1,10000,10000,0,0,0,0,5,0,0,0,0,6,0x5AA5,19148,16895,0,0,33042,2,4,2,4,255,0,4,15,0,0,1,0,0,0,0,0,0,0,6,0,0,19100,43246106
2026-09-25T07:02:14.976Z,63033625000000,0x051C,0x0104,1,2,63,15769,15769,0,-44005,-44017,418012,43246707,1,0,0,0,3,4,0,0,0,15,15,0,1,418013,2,1,10000,10000,0,0,0,0,5,0,0,0,0,6,0x5AA5,16895,7884,0,0,33044,2,4,2,4,255,0,4,15,0,0,1,0,0,0,0,0,0,0,6,0,0,16800,43246606
2026-09-25T07:02:15.449Z,63034093000000,0x051C,0x0104,1,2,63,15769,15769,0,-44026,-44017,418017,43247207,1,0,0,0,3,4,0,0,0,15,15,0,1,418018,2,1,10000,10000,0,0,0,0,5,0,0,0,0,6,0x5AA5,14642,34916,0,0,33044,2,4,2,4,255,0,4,15,0,0,1,0,0,0,0,0,0,0,6,0,0,14600,43247107
2026-09-25T07:02:15.982Z,63034625000000,0x051C,0x0104,1,2,63,20274,20274,0,-44024,-44021,418022,43247708,1,0,0,0,3,4,0,0,0,15,15,0,1,418023,2,1,10000,10000,0,0,0,0,5,0,0,0,0,6,0x5AA5,19148,14642,0,0,33044,2,4,2,4,255,0,4,15,0,0,1,0,0,0,0,0,0,0,6,0,0,19100,43247608
2026-09-25T07:02:16.460Z,63035109000000,0x051C,0x0104,1,2,63,14642,14642,0,-44033,-44016,418027,43248210,1,0,0,0,3,4,0,0,0,15,15,0,1,418028,2,1,10000,10000,0,0,0,0,5,0,0,0,0,6,0x5AA5,13516,24779,0,0,33044,2,4,2,4,255,0,4,15,0,0,1,0,0,0,0,0,0,0,6,0,0,13500,43248109
2026-09-25T07:02:16.977Z,63035625000000,0x051C,0x0104,1,2,63,20274,20274,0,-44024,-44021,418032,43248710,1,0,0,0,3,4,0,0,0,15,15,0,1,418033,2,1,10000,10000,0,0,0,0,5,0,0,0,0,6,0x5AA5,19148,11263,0,0,33044,2,4,2,4,255,0,4,15,0,0,1,0,0,0,0,0,0,0,6,0,0,19100,43248610
2026-09-25T07:02:17.451Z,63036093000000,0x051C,0x0104,1,2,63,20274,20274,0,-44038,-44021,418037,43249211,1,0,0,0,3,4,0,0,0,15,15,0,1,418038,2,1,10000,10000,0,0,0,0,5,0,0,0,0,6,0x5AA5,20274,16895,0,0,33044,2,4,2,4,255,0,4,15,0,0,1,0,0,0,0,0,0,0,6,0,0,20200,43249111
2026-09-25T07:02:17.983Z,63036625000000,0x051C,0x0104,1,2,63,23653,23653,0,-44015,-44024,418042,43249712,1,0,0,0,3,4,0,0,0,15,15,0,1,418043,2,1,10000,10000,0,0,0,0,5,0,0,0,0,6,0x5AA5,24779,28158,0,0,33044,2,4,2,4,255,0,4,15,0,0,1,0,0,0,0,0,0,0,6,0,0,24700,43249611
2026-09-25T07:02:18.457Z,63037109000000,0x051C,0x0104,1,2,63,22527,22527,0,-44031,-44023,418047,43250213,1,0,0,0,3,4,0,0,0,15,15,0,1,418048,2,1,10000,10000,0,0,0,0,5,0,0,0,0,6,0x5AA5,21400,27032,0,0,33044,2,4,2,4,255,0,4,15,0,0,1,0,0,0,0,0,0,0,6,0,0,21400,43250113
2026-09-25T07:02:18.977Z,63037625000000,0x051C,0x0104,1,2,63,18021,18021,0,-44020,-44019,418052,43250713,1,0,0,0,3,4,0,0,0,15,15,0,1,418053,2,1,10000,10000,0,0,0,0,5,0,0,0,0,6,0x5AA5,18021,24779,0,0,33046,2,4,2,4,255,0,4,15,0,0,1,0,0,0,0,0,0,0,6,0,0,18000,43250613
2026-09-25T07:02:19.452Z,63038093000000,0x051C,0x0104,1,2,63,16895,16895,0,-44014,-44018,418057,43251214,1,0,0,0,3,4,0,0,0,15,15,0,1,418058,2,1,10000,10000,0,0,0,0,5,0,0,0,0,6,0x5AA5,18021,12390,0,0,33046,2,4,2,4,255,0,4,15,0,0,1,0,0,0,0,0,0,0,6,0,0,18000,43251114
2026-09-25T07:02:19.985Z,63038625000000,0x051C,0x0104,1,2,63,14642,14642,0,-44044,-44016,418062,43251715,1,0,0,0,3,4,0,0,0,15,15,0,1,418063,2,1,10000,10000,0,0,0,0,5,0,0,0,0,6,0x5AA5,13516,25906,0,0,33046,2,4,2,4,255,0,4,15,0,0,1,0,0,0,0,0,0,0,6,0,0,13500,43251615
2026-09-25T07:02:20.460Z,63039109000000,0x051C,0x0104,1,2,63,21400,21400,0,-44025,-44022,418067,43252216,1,0,0,0,3,4,0,0,0,15,15,0,1,418068,2,1,10000,10000,0,0,0,0,5,0,0,0,0,6,0x5AA5,21400,22527,0,0,33046,2,4,2,4,255,0,4,15,0,0,1,0,0,0,0,0,0,0,6,0,0,21400,43252116
2026-09-25T07:02:20.982Z,63039625000000,0x051C,0x0104,1,2,63,19148,19148,0,-44019,-44020,418072,43252717,1,0,0,0,3,4,0,0,0,15,15,0,1,418073,2,1,10000,10000,0,0,0,0,5,0,0,0,0,6,0x5AA5,20274,10137,0,0,33046,2,4,2,4,255,0,4,15,0,0,1,0,0,0,0,0,0,0,6,0,0,20200,43252617
2026-09-25T07:02:21.458Z,63040109000000,0x051C,0x0104,1,2,63,15769,15769,0,-44026,-44017,418077,43253218,1,0,0,0,3,4,0,0,0,15,15,0,1,418078,2,1,10000,10000,0,0,0,0,5,0,0,0,0,6,0x5AA5,14642,25906,0,0,33046,2,4,2,4,255,0,4,15,0,0,1,0,0,0,0,0,0,0,6,0,0,14600,43253118
2026-09-25T07:02:21.973Z,63040625000000,0x051C,0x0104,1,2,63,20274,20274,0,-44024,-44021,418082,43253618,1,0,0,0,3,4,0,0,0,15,15,0,1,418082,2,1,10000,10000,0,0,0,0,5,0,0,0,0,6,0x5AA5,20274,23653,0,0,33046,2,4,2,4,255,0,4,15,0,0,1,0,0,0,0,0,0,0,6,0,0,20200,43253618
2026-09-25T07:02:22.448Z,63041093000000,0x051C,0x0104,1,2,63,15769,15769,0,-44018,-44017,418087,43254119,1,0,0,0,3,4,0,0,0,15,15,0,1,418087,2,1,10000,10000,0,0,0,0,5,0,0,0,0,6,0x5AA5,15769,16895,0,0,33046,2,4,2,4,255,0,4,15,0,0,1,0,0,0,0,0,0,0,6,0,0,15700,43254119
2026-09-25T07:02:22.982Z,63041625000000,0x051C,0x0104,1,2,63,21400,21400,0,-44023,-44022,418092,43254720,1,0,0,0,3,4,0,0,0,15,15,0,1,418093,2,1,10000,10000,0,0,0,0,5,0,0,0,0,6,0x5AA5,21400,11263,0,0,33046,2,4,2,4,255,0,4,15,0,0,1,0,0,0,0,0,0,0,6,0,0,21400,43254620
2026-09-25T07:02:23.459Z,63042109000000,0x051C,0x0104,1,2,63,21400,21400,0,-44019,-44022,418097,43255221,1,0,0,0,3,4,0,0,0,15,15,0,1,418098,2,1,10000,10000,0,0,0,0,5,0,0,0,0,6,0x5AA5,21400,15769,0,0,33046,2,4,2,4,255,0,4,15,0,0,1,0,0,0,0,0,0,0,6,0,0,21400,43255121
2026-09-25T07:02:23.978Z,63042625000000,0x051C,0x0104,1,2,63,18021,18021,0,-44002,-44019,418102,43255622,1,0,0,0,3,4,0,0,0,15,15,0,1,418102,2,1,10000,10000,0,0,0,0,5,0,0,0,0,6,0x5AA5,18021,-1126,0,0,33047,2,4,2,2,255,0,2,15,0,0,1,0,0,0,0,0,0,0,6,0,0,18000,43255622
2026-09-25T07:02:24.452Z,63043093000000,0x051C,0x0104,1,2,63,14642,14642,0,-44012,-44016,418107,43256123,1,0,0,0,3,4,0,0,0,15,15,0,1,418107,2,1,10000,10000,0,0,0,0,5,0,0,0,0,6,0x5AA5,14642,10137,0,0,33048,2,4,2,4,255,0,4,15,0,0,1,0,0,0,0,0,0,0,6,0,0,14600,43256123
2026-09-25T07:02:24.986Z,63043625000000,0x051C,0x0104,1,2,63,19148,19148,0,-44027,-44020,418112,43256724,1,0,0,0,3,4,0,0,0,15,15,0,1,418113,2,1,10000,10000,0,0,0,0,5,0,0,0,0,6,0x5AA5,18021,23653,0,0,33048,2,4,2,4,255,0,4,15,0,0,1,0,0,0,0,0,0,0,6,0,0,18000,43256624
2026-09-25T07:02:25.462Z,63044109000000,0x051C,0x0104,1,2,63,18021,18021,0,-44016,-44019,418117,43257225,1,0,0,0,3,4,0,0,0,15,15,0,1,418118,2,1,10000,10000,0,0,0,0,5,0,0,0,0,6,0x5AA5,19148,14642,0,0,33048,2,4,2,4,255,0,4,15,0,0,1,0,0,0,0,0,0,0,6,0,0,19100,43257125
2026-09-25T07:02:25.980Z,63044625000000,0x051C,0x0104,1,2,63,15769,15769,0,-44002,-44017,418122,43257625,1,0,0,0,3,4,0,0,0,15,15,0,1,418122,2,1,10000,10000,0,0,0,0,5,0,0,0,0,6,0x5AA5,15769,-1126,0,0,33049,2,4,2,2,255,0,2,15,0,0,1,0,0,0,0,0,0,0,6,0,0,15700,43257625
2026-09-25T07:02:26.453Z,63045093000000,0x051C,0x0104,1,2,63,11263,11263,0,-44017,-44013,418127,43258126,1,0,0,0,3,4,0,0,0,15,15,0,1,418127,2,1,10000,10000,0,0,0,0,5,0,0,0,0,6,0x5AA5,11263,15769,0,0,33050,2,4,2,4,255,0,4,15,0,0,1,0,0,0,0,0,0,0,6,0,0,11200,43258126
2026-09-25T07:02:26.991Z,63045640000000,0x051C,0x0104,1,2,63,6758,6758,0,-44016,-44009,418132,43258627,1,0,0,0,3,4,0,0,0,15,15,0,1,418132,2,1,10000,10000,0,0,0,0,5,0,0,0,0,6,0x5AA5,6758,14642,0,0,33052,2,4,2,4,255,0,4,15,0,0,1,0,0,0,0,0,0,0,6,0,0,6700,43258627
2026-09-25T07:02:27.450Z,63046093000000,0x051C,0x0104,1,2,63,9011,9011,0,-44008,-44011,418137,43259128,1,0,0,0,3,4,0,0,0,15,15,0,1,418137,2,1,10000,10000,0,0,0,0,5,0,0,0,0,6,0x5AA5,9011,5632,0,0,33052,2,4,2,4,255,0,4,15,0,0,1,0,0,0,0,0,0,0,6,0,0,9000,43259128
2026-09-25T07:02:27.982Z,63046625000000,0x051C,0x0104,1,2,63,6758,6758,0,-44018,-44009,418142,43259629,1,0,0,0,3,4,0,0,0,15,15,0,1,418142,2,1,10000,10000,0,0,0,0,5,0,0,0,0,6,0x5AA5,6758,16895,0,0,33054,2,4,2,4,255,0,4,15,0,0,1,0,0,0,0,0,0,0,6,0,0,6700,43259629
2026-09-25T07:02:28.457Z,63047109000000,0x051C,0x0104,1,2,63,15769,15769,0,-44017,-44017,418147,43260130,1,0,0,0,3,4,0,0,0,15,15,0,1,418147,2,1,10000,10000,0,0,0,0,5,0,0,0,0,6,0x5AA5,15769,15769,0,0,33054,2,4,2,4,255,0,4,15,0,0,1,0,0,0,0,0,0,0,6,0,0,15700,43260130
2026-09-25T07:02:28.975Z,63047625000000,0x051C,0x0104,1,2,63,12390,12390,0,-44019,-44014,418152,43260631,1,0,0,0,3,4,0,0,0,15,15,0,1,418152,2,1,10000,10000,0,0,0,0,5,0,0,0,0,6,0x5AA5,12390,18021,0,0,33056,2,4,2,4,255,0,4,15,0,0,1,0,0,0,0,0,0,0,6,0,0,12300,43260631
2026-09-25T07:02:29.448Z,63048093000000,0x051C,0x0104,1,2,63,9011,9011,0,-44024,-44011,418157,43261133,1,0,0,0,3,4,0,0,0,15,15,0,1,418157,2,1,10000,10000,0,0,0,0,5,0,0,0,0,6,0x5AA5,9011,23653,0,0,33058,2,4,2,4,255,0,4,15,0,0,1,0,0,0,0,0,0,0,6,0,0,9000,43261133
2026-09-25T07:02:29.981Z,63048625000000,0x051C,0x0104,1,2,63,18021,18021,0,-44026,-44019,418162,43261633,1,0,0,0,3,4,0,0,0,15,15,0,1,418162,2,1,10000,10000,0,0,0,0,5,0,0,0,0,6,0x5AA5,18021,25906,0,0,33058,2,4,2,4,255,0,4,15,0,0,1,0,0,0,0,0,0,0,6,0,0,18000,43261633
2026-09-25T07:02:30.455Z,63049093000000,0x051C,0x0104,1,2,63,16895,16895,0,-44017,-44018,418167,43262134,1,0,0,0,3,4,0,0,0,15,15,0,1,418167,2,1,10000,10000,0,0,0,0,5,0,0,0,0,6,0x5AA5,16895,15769,0,0,33058,2,4,2,4,255,0,4,15,0,0,1,0,0,0,0,0,0,0,6,0,0,16800,43262134
2026-09-25T07:02:30.989Z,63049640000000,0x051C,0x0104,1,2,63,22527,22527,0,-44024,-44023,418172,43262635,1,0,0,0,3,4,0,0,0,15,15,0,1,418172,2,1,10000,10000,0,0,0,0,5,0,0,0,0,6,0x5AA5,22527,23653,0,0,33058,2,4,2,4,255,0,4,15,0,0,1,0,0,0,0,0,0,0,6,0,0,22500,43262635
2026-09-25T07:02:31.469Z,63050109000000,0x051C,0x0104,1,2,63,20274,20274,0,-44029,-44021,418177,43263135,1,0,0,0,3,4,0,0,0,15,15,0,1,418177,2,1,10000,10000,0,0,0,0,5,0,0,0,0,6,0x5AA5,20274,29285,0,0,33058,2,4,2,4,255,0,4,15,0,0,1,0,0,0,0,0,0,0,6,0,0,20200,43263135
2026-09-25T07:02:32.002Z,63050640000000,0x051C,0x0104,1,2,63,18021,18021,0,-44012,-44019,418182,43263736,1,0,0,0,3,4,0,0,0,15,15,0,1,418183,2,1,10000,10000,0,0,0,0,5,0,0,0,0,6,0x5AA5,18021,23653,0,0,33058,2,4,2,4,255,0,4,15,0,0,1,0,0,0,0,0,0,0,6,0,0,18000,43263636
2026-09-25T07:02:32.479Z,63051125000000,0x051C,0x0104,1,2,63,15769,15769,0,-44027,-44017,418187,43264237,1,0,0,0,3,4,0,0,0,15,15,0,1,418188,2,1,10000,10000,0,0,0,0,5,0,0,0,0,6,0x5AA5,15769,18021,0,0,33060,2,4,2,4,255,0,4,15,0,0,1,0,0,0,0,0,0,0,6,0,0,15700,43264137
2026-09-25T07:02:33.013Z,63051656000000,0x051C,0x0104,1,2,63,18021,18021,0,-44016,-44019,418192,43264740,1,0,0,0,3,4,0,0,0,15,15,0,1,418193,2,1,10000,10000,0,0,0,0,5,0,0,0,0,6,0x5AA5,16895,25906,0,0,33060,2,4,2,4,255,0,4,15,0,0,1,0,0,0,0,0,0,0,6,0,0,16800,43264638
2026-09-25T07:02:33.489Z,63052140000000,0x051C,0x0104,1,2,63,18021,18021,0,-44009,-44019,418197,43265242,1,0,0,0,3,4,0,0,0,15,15,0,1,418198,2,1,10000,10000,0,0,0,0,5,0,0,0,0,6,0x5AA5,19148,7884,0,0,33060,2,4,2,4,255,0,4,15,0,0,1,0,0,0,0,0,0,0,6,0,0,19100,43265139
2026-09-25T07:02:34.006Z,63052656000000,0x051C,0x0104,1,2,63,7884,7884,0,-44001,-44010,418202,43265740,1,0,0,0,3,4,0,0,0,15,15,0,1,418203,2,1,10000,10000,0,0,0,0,5,0,0,0,0,6,0x5AA5,9011,-5632,0,0,33063,2,4,2,2,255,0,2,15,0,0,1,0,0,0,0,0,0,0,6,0,0,9000,43265640
2026-09-25T07:02:34.483Z,63053125000000,0x051C,0x0104,1,2,63,7884,7884,0,-44025,-44010,418207,43266241,1,0,0,0,3,4,0,0,0,15,15,0,1,418208,2,1,10000,10000,0,0,0,0,5,0,0,0,0,6,0x5AA5,6758,15769,0,0,33066,2,4,2,4,255,0,4,15,0,0,1,0,0,0,0,0,0,0,6,0,0,6700,43266141
2026-09-25T07:02:35.019Z,63053671000000,0x051C,0x0104,1,2,63,11263,11263,0,-44009,-44013,418212,43266745,1,0,0,0,3,4,0,0,0,15,15,0,1,418213,2,1,10000,10000,0,0,0,0,5,0,0,0,0,6,0x5AA5,12390,7884,0,0,33066,2,4,2,4,255,0,4,15,0,0,1,0,0,0,0,0,0,0,6,0,0,12300,43266642
2026-09-25T07:02:35.480Z,63054125000000,0x051C,0x0104,1,2,63,14642,14642,0,-44028,-44016,418217,43267243,1,0,0,0,3,4,0,0,0,15,15,0,1,418218,2,1,10000,10000,0,0,0,0,5,0,0,0,0,6,0x5AA5,12390,12390,0,0,33066,2,4,2,4,255,0,4,15,0,0,1,0,0,0,0,0,0,0,6,0,0,12300,43267143
2026-09-25T07:02:36.013Z,63054656000000,0x051C,0x0104,1,2,63,16895,16895,0,-44017,-44018,418222,43267744,1,0,0,0,3,4,0,0,0,15,15,0,1,418223,2,1,10000,10000,0,0,0,0,5,0,0,0,0,6,0x5AA5,16895,24779,0,0,33066,2,4,2,4,255,0,4,15,0,0,1,0,0,0,0,0,0,0,6,0,0,16800,43267643
2026-09-25T07:02:36.487Z,63055140000000,0x051C,0x0104,1,2,63,16895,16895,0,-44009,-44018,418227,43268245,1,0,0,0,3,4,0,0,0,15,15,0,1,418228,2,1,10000,10000,0,0,0,0,5,0,0,0,0,6,0x5AA5,16895,21400,0,0,33066,2,4,2,4,255,0,4,15,0,0,1,0,0,0,0,0,0,0,6,0,0,16800,43268144
2026-09-25T07:02:37.006Z,63055656000000,0x051C,0x0104,1,2,63,18021,18021,0,-44027,-44019,418232,43268745,1,0,0,0,3,4,0,0,0,15,15,0,1,418233,2,1,10000,10000,0,0,0,0,5,0,0,0,0,6,0x5AA5,18021,15769,0,0,33066,2,4,2,4,255,0,4,15,0,0,1,0,0,0,0,0,0,0,6,0,0,18000,43268645
2026-09-25T07:02:37.483Z,63056125000000,0x051C,0x0104,1,2,63,12390,12390,0,-43999,-44014,418237,43269246,1,0,0,0,3,4,0,0,0,15,15,0,1,418238,2,1,10000,10000,0,0,0,0,5,0,0,0,0,6,0x5AA5,13516,13516,0,0,33068,2,4,2,4,255,0,4,15,0,0,1,0,0,0,0,0,0,0,6,0,0,13500,43269146
2026-09-25T07:02:38.014Z,63056656000000,0x051C,0x0104,1,2,63,13516,13516,0,-44005,-44015,418242,43269747,1,0,0,0,3,4,0,0,0,15,15,0,1,418243,2,1,10000,10000,0,0,0,0,5,0,0,0,0,6,0x5AA5,14642,6758,0,0,33070,2,4,2,4,255,0,4,15,0,0,1,0,0,0,0,0,0,0,6,0,0,14600,43269647
2026-09-25T07:02:38.487Z,63057125000000,0x051C,0x0104,1,2,63,11263,11263,0,-43999,-44013,418247,43270248,1,0,0,0,3,4,0,0,0,15,15,0,1,418248,2,1,10000,10000,0,0,0,0,5,0,0,0,0,6,0x5AA5,11263,14642,0,0,33070,2,4,2,4,255,0,4,15,0,0,1,0,0,0,0,0,0,0,6,0,0,11200,43270148
2026-09-25T07:02:39.022Z,63057671000000,0x051C,0x0104,1,2,63,9011,9011,0,-44004,-44011,418252,43270749,1,0,0,0,3,4,0,0,0,15,15,0,1,418253,2,1,10000,10000,0,0,0,0,5,0,0,0,0,6,0x5AA5,9011,20274,0,0,33072,2,4,2,4,255,0,4,15,0,0,1,0,0,0,0,0,0,0,6,0,0,9000,43270649
2026-09-25T07:02:39.500Z,63058140000000,0x051C,0x0104,1,2,63,3379,3379,0,-44006,-44006,418257,43271253,1,0,0,0,3,4,0,0,0,15,15,0,1,418258,2,1,10000,10000,0,0,0,0,5,0,0,0,0,6,0x5AA5,4505,-13516,0,0,33073,2,4,2,2,255,0,2,15,0,0,1,0,0,0,0,0,0,0,6,0,0,4500,43271150
2026-09-25T07:02:40.032Z,63058671000000,0x051C,0x0104,1,2,63,10137,10137,0,-44009,-44012,418263,43271751,1,0,0,0,3,4,0,0,0,15,15,0,1,418263,2,1,10000,10000,0,0,0,0,5,0,0,0,0,6,0x5AA5,10137,6758,0,0,33074,2,4,2,4,255,0,4,15,0,0,1,0,0,0,0,0,0,0,6,0,0,10100,43271751
2026-09-25T07:02:40.508Z,63059156000000,0x051C,0x0104,1,2,63,9011,9011,0,-44003,-44011,418268,43272252,1,0,0,0,3,4,0,0,0,15,15,0,1,418268,2,1,10000,10000,0,0,0,0,5,0,0,0,0,6,0x5AA5,9011,0,0,0,33074,2,4,2,4,255,0,4,15,0,0,1,0,0,0,0,0,0,0,6,0,0,9000,43272252
2026-09-25T07:02:41.031Z,63059671000000,0x051C,0x0104,1,2,63,10137,10137,0,-44005,-44012,418272,43272755,1,0,0,0,3,4,0,0,0,15,15,0,1,418273,2,1,10000,10000,0,0,0,0,5,0,0,0,0,6,0x5AA5,10137,21400,0,0,33074,2,4,2,4,255,0,4,15,0,0,1,0,0,0,0,0,0,0,6,0,0,10100,43272653
2026-09-25T07:02:41.506Z,63060156000000,0x051C,0x0104,1,2,63,9011,9011,0,-44017,-44011,418278,43273253,1,0,0,0,3,4,0,0,0,15,15,0,1,418278,2,1,10000,10000,0,0,0,0,5,0,0,0,0,6,0x5AA5,9011,15769,0,0,33076,2,4,2,4,255,0,4,15,0,0,1,0,0,0,0,0,0,0,6,0,0,9000,43273253
2026-09-25T07:02:42.024Z,63060671000000,0x051C,0x0104,1,2,63,16895,16895,0,-44027,-44018,418282,43273754,1,0,0,0,3,4,0,0,0,15,15,0,1,418283,2,1,10000,10000,0,0,0,0,5,0,0,0,0,6,0x5AA5,15769,24779,0,0,33076,2,4,2,4,255,0,4,15,0,0,1,0,0,0,0,0,0,0,6,0,0,15700,43273654
2026-09-25T07:02:42.504Z,63061156000000,0x051C,0x0104,1,2,63,13516,13516,0,-44017,-44015,418287,43274255,1,0,0,0,3,4,0,0,0,15,15,0,1,418288,2,1,10000,10000,0,0,0,0,5,0,0,0,0,6,0x5AA5,14642,-2253,0,0,33077,2,4,2,2,255,0,2,15,0,0,1,0,0,0,0,0,0,0,6,0,0,14600,43274155
2026-09-25T07:02:43.021Z,63061671000000,0x051C,0x0104,1,2,63,4505,4505,0,-44004,-44007,418292,43274756,1,0,0,0,3,4,0,0,0,15,15,0,1,418293,2,1,10000,10000,0,0,0,0,5,0,0,0,0,6,0x5AA5,4505,19148,0,0,33080,2,4,2,4,255,0,4,15,0,0,1,0,0,0,0,0,0,0,6,0,0,4500,43274656
2026-09-25T07:02:43.497Z,63062140000000,0x051C,0x0104,1,2,63,7884,7884,0,-44003,-44010,418297,43275257,1,0,0,0,3,4,0,0,0,15,15,0,1,418298,2,1,10000,10000,0,0,0,0,5,0,0,0,0,6,0x5AA5,6758,12390,0,0,33080,2,4,2,4,255,0,4,15,0,0,1,0,0,0,0,0,0,0,6,0,0,6700,43275157
2026-09-25T07:02:44.030Z,63062671000000,0x051C,0x0104,1,2,63,4505,4505,0,-44010,-44007,418302,43275758,1,0,0,0,3,4,0,0,0,15,15,0,1,418303,2,1,10000,10000,0,0,0,0,5,0,0,0,0,6,0x5AA5,4505,3379,0,0,33082,2,4,2,4,255,0,4,15,0,0,1,0,0,0,0,0,0,0,6,0,0,4500,43275658
2026-09-25T07:02:44.511Z,63063156000000,0x051C,0x0104,1,2,63,5632,5632,0,-44019,-44008,418307,43276263,1,0,0,0,3,4,0,0,0,15,15,0,1,418308,2,1,10000,10000,0,0,0,0,5,0,0,0,0,6,0x5AA5,4505,13516,0,0,33082,2,4,2,4,255,0,4,15,0,0,1,0,0,0,0,0,0,0,6,0,0,4500,43276158
2026-09-25T07:02:45.028Z,63063671000000,0x051C,0x0104,1,2,63,6758,6758,0,-44006,-44009,418312,43276759,1,0,0,0,3,4,0,0,0,15,15,0,1,418313,2,1,10000,10000,0,0,0,0,5,0,0,0,0,6,0x5AA5,6758,0,0,0,33082,2,4,2,4,255,0,4,15,0,0,1,0,0,0,0,0,0,0,6,0,0,6700,43276659
2026-09-25T07:02:45.504Z,63064156000000,0x051C,0x0104,1,2,63,5632,5632,0,-44001,-44008,418317,43277260,1,0,0,0,3,4,0,0,0,15,15,0,1,418318,2,1,10000,10000,0,0,0,0,5,0,0,0,0,6,0x5AA5,5632,18021,0,0,33084,2,4,2,4,255,0,4,15,0,0,1,0,0,0,0,0,0,0,6,0,0,5600,43277160
2026-09-25T07:02:46.022Z,63064671000000,0x051C,0x0104,1,2,63,3379,3379,0,-43999,-44006,418322,43277761,1,0,0,0,3,4,0,0,0,15,15,0,1,418323,2,1,10000,10000,0,0,0,0,5,0,0,0,0,6,0x5AA5,3379,1126,0,0,33086,2,4,2,4,255,0,4,15,0,0,1,0,0,0,0,0,0,0,6,0,0,3300,43277661
2026-09-25T07:02:46.499Z,63065140000000,0x051C,0x0104,1,2,63,-2253,-2253,0,-43994,-44001,418327,43278262,1,0,0,0,3,4,0,0,0,15,15,0,1,418328,2,1,10000,10000,0,0,0,0,5,0,0,0,0,6,0x5AA5,-1126,-5632,0,0,33087,2,2,2,2,255,0,2,15,0,0,1,0,0,0,0,0,0,0,6,0,0,-1100,43278162
2026-09-25T07:02:47.032Z,63065671000000,0x051C,0x0104,1,2,63,4505,4505,0,-44008,-44007,418332,43278763,1,0,0,0,3,4,0,0,0,15,15,0,1,418333,2,1,10000,10000,0,0,0,0,5,0,0,0,0,6,0x5AA5,1126,27032,0,0,33088,2,4,2,4,255,0,4,15,0,0,1,0,0,0,0,0,0,0,6,0,0,1100,43278663
2026-09-25T07:02:47.511Z,63066156000000,0x051C,0x0104,1,2,63,13516,13516,0,-44016,-44015,418337,43279264,1,0,0,0,3,4,0,0,0,15,15,0,1,418338,2,1,10000,10000,0,0,0,0,5,0,0,0,0,6,0x5AA5,11263,36043,0,0,33088,2,4,2,4,255,0,4,15,0,0,1,0,0,0,0,0,0,0,6,0,0,11200,43279164
2026-09-25T07:02:48.030Z,63066671000000,0x051C,0x0104,1,2,63,10137,10137,0,-43999,-44012,418342,43279765,1,0,0,0,3,4,0,0,0,15,15,0,1,418343,2,1,10000,10000,0,0,0,0,5,0,0,0,0,6,0x5AA5,11263,13516,0,0,33088,2,4,2,4,255,0,4,15,0,0,1,0,0,0,0,0,0,0,6,0,0,11200,43279665
2026-09-25T07:02:48.505Z,63067156000000,0x051C,0x0104,1,2,63,3379,3379,0,-44016,-44006,418347,43280266,1,0,0,0,3,4,0,0,0,15,15,0,1,418348,2,1,10000,10000,0,0,0,0,5,0,0,0,0,6,0x5AA5,2253,11263,0,0,33090,2,4,2,4,255,0,4,15,0,0,1,0,0,0,0,0,0,0,6,0,0,2200,43280166
2026-09-25T07:02:49.025Z,63067671000000,0x051C,0x0104,1,2,63,9011,9011,0,-44023,-44011,418352,43280667,1,0,0,0,3,4,0,0,0,15,15,0,1,418352,2,1,10000,10000,0,0,0,0,5,0,0,0,0,6,0x5AA5,9011,22527,0,0,33090,2,4,2,4,255,0,4,15,0,0,1,0,0,0,0,0,0,0,6,0,0,9000,43280667
2026-09-25T07:02:49.504Z,63068156000000,0x051C,0x0104,1,2,63,14642,14642,0,-44009,-44016,418357,43281268,1,0,0,0,3,4,0,0,0,15,15,0,1,418358,2,1,10000,10000,0,0,0,0,5,0,0,0,0,6,0x5AA5,13516,18021,0,0,33090,2,4,2,4,255,0,4,15,0,0,1,0,0,0,0,0,0,0,6,0,0,13500,43281167
2026-09-25T07:02:50.022Z,63068671000000,0x051C,0x0104,1,2,63,14642,14642,0,-44019,-44016,418362,43281668,1,0,0,0,3,4,0,0,0,15,15,0,1,418362,2,1,10000,10000,0,0,0,0,5,0,0,0,0,6,0x5AA5,14642,18021,0,0,33090,2,4,2,4,255,0,4,15,0,0,1,0,0,0,0,0,0,0,6,0,0,14600,43281668
2026-09-25T07:02:50.496Z,63069140000000,0x051C,0x0104,1,2,63,12390,12390,0,-44021,-44014,418367,43282169,1,0,0,0,3,4,0,0,0,15,15,0,1,418367,2,1,10000,10000,0,0,0,0,5,0,0,0,0,6,0x5AA5,12390,20274,0,0,33092,2,4,2,4,255,0,4,15,0,0,1,0,0,0,0,0,0,0,6,0,0,12300,43282169
2026-09-25T07:02:51.032Z,63069671000000,0x051C,0x0104,1,2,63,15769,15769,0,-44017,-44017,418372,43282770,1,0,0,0,3,4,0,0,0,15,15,0,1,418373,2,1,10000,10000,0,0,0,0,5,0,0,0,0,6,0x5AA5,15769,14642,0,0,33092,2,4,2,4,255,0,4,15,0,0,1,0,0,0,0,0,0,0,6,0,0,15700,43282670
2026-09-25T07:02:51.509Z,63070156000000,0x051C,0x0104,1,2,63,15769,15769,0,-44003,-44017,418377,43283271,1,0,0,0,3,4,0,0,0,15,15,0,1,418378,2,1,10000,10000,0,0,0,0,5,0,0,0,0,6,0x5AA5,15769,18021,0,0,33092,2,4,2,4,255,0,4,15,0,0,1,0,0,0,0,0,0,0,6,0,0,15700,43283171
2026-09-25T07:02:52.024Z,63070671000000,0x051C,0x0104,1,2,63,11263,11263,0,-44008,-44013,418382,43283673,1,0,0,0,3,4,0,0,0,15,15,0,1,418382,2,1,10000,10000,0,0,0,0,5,0,0,0,0,6,0x5AA5,11263,5632,0,0,33092,2,4,2,4,255,0,4,15,0,0,1,0,0,0,0,0,0,0,6,0,0,11200,43283673
2026-09-25T07:02:52.499Z,63071140000000,0x051C,0x0104,1,2,63,15769,15769,0,-44002,-44017,418387,43284173,1,0,0,0,3,4,0,0,0,15,15,0,1,418387,2,1,10000,10000,0,0,0,0,5,0,0,0,0,6,0x5AA5,15769,-1126,0,0,33093,2,4,2,2,255,0,2,15,0,0,1,0,0,0,0,0,0,0,6,0,0,15700,43284173
2026-09-25T07:02:53.034Z,63071671000000,0x051C,0x0104,1,2,63,10137,10137,0,-44009,-44012,418392,43284774,1,0,0,0,3,4,0,0,0,15,15,0,1,418393,2,1,10000,10000,0,0,0,0,5,0,0,0,0,6,0x5AA5,10137,13516,0,0,33094,2,4,2,4,255,0,4,15,0,0,1,0,0,0,0,0,0,0,6,0,0,10100,43284674
2026-09-25T07:02:53.512Z,63072156000000,0x051C,0x0104,1,2,63,7884,7884,0,-44014,-44010,418397,43285275,1,0,0,0,3,4,0,0,0,15,15,0,1,418398,2,1,10000,10000,0,0,0,0,5,0,0,0,0,6,0x5AA5,6758,19148,0,0,33096,2,4,2,4,255,0,4,15,0,0,1,0,0,0,0,0,0,0,6,0,0,6700,43285175
2026-09-25T07:02:54.044Z,63072687000000,0x051C,0x0104,1,2,63,12390,12390,0,-44001,-44014,418402,43285776,1,0,0,0,3,4,0,0,0,15,15,0,1,418403,2,1,10000,10000,0,0,0,0,5,0,0,0,0,6,0x5AA5,11263,18021,0,0,33096,2,4,2,4,255,0,4,15,0,0,1,0,0,0,0,0,0,0,6,0,0,11200,43285675
2026-09-25T07:02:54.526Z,63073171000000,0x051C,0x0104,1,2,63,15769,15769,0,-44015,-44017,418407,43286278,1,0,0,0,3,4,0,0,0,15,15,0,1,418408,2,1,10000,10000,0,0,0,0,5,0,0,0,0,6,0x5AA5,14642,21400,0,0,33098,2,4,2,4,255,0,4,15,0,0,1,0,0,0,0,0,0,0,6,0,0,14600,43286176
2026-09-25T07:02:55.043Z,63073687000000,0x051C,0x0104,1,2,63,14642,14642,0,-44016,-44016,418412,43286777,1,0,0,0,3,4,0,0,0,15,15,0,1,418413,2,1,10000,10000,0,0,0,0,5,0,0,0,0,6,0x5AA5,15769,11263,0,0,33100,2,4,2,4,255,0,4,15,0,0,1,0,0,0,0,0,0,0,6,0,0,15700,43286677
2026-09-25T07:02:55.519Z,63074171000000,0x051C,0x0104,1,2,63,14642,14642,0,-44023,-44016,418417,43287278,1,0,0,0,3,4,0,0,0,15,15,0,1,418418,2,1,10000,10000,0,0,0,0,5,0,0,0,0,6,0x5AA5,14642,9011,0,0,33100,2,4,2,4,255,0,4,15,0,0,1,0,0,0,0,0,0,0,6,0,0,14600,43287178
2026-09-25T07:02:56.039Z,63074687000000,0x051C,0x0104,1,2,63,14642,14642,0,-44014,-44016,418422,43287679,1,0,0,0,3,4,0,0,0,15,15,0,1,418422,2,1,10000,10000,0,0,0,0,5,0,0,0,0,6,0x5AA5,14642,12390,0,0,33100,2,4,2,4,255,0,4,15,0,0,1,0,0,0,0,0,0,0,6,0,0,14600,43287679
2026-09-25T07:02:56.515Z,63075156000000,0x051C,0x0104,1,2,63,16895,16895,0,-44012,-44018,418427,43288280,1,0,0,0,3,4,0,0,0,15,15,0,1,418428,2,1,10000,10000,0,0,0,0,5,0,0,0,0,6,0x5AA5,16895,20274,0,0,33100,2,4,2,4,255,0,4,15,0,0,1,0,0,0,0,0,0,0,6,0,0,16800,43288180
2026-09-25T07:02:57.051Z,63075703000000,0x051C,0x0104,1,2,63,13516,13516,0,-44016,-44015,418432,43288781,1,0,0,0,3,4,0,0,0,15,15,0,1,418433,2,1,10000,10000,0,0,0,0,5,0,0,0,0,6,0x5AA5,13516,14642,0,0,33102,2,4,2,4,255,0,4,15,0,0,1,0,0,0,0,0,0,0,6,0,0,13500,43288681
2026-09-25T07:02:57.510Z,63076156000000,0x051C,0x0104,1,2,63,12390,12390,0,-44010,-44014,418437,43289182,1,0,0,0,3,4,0,0,0,15,15,0,1,418437,2,1,10000,10000,0,0,0,0,5,0,0,0,0,6,0x5AA5,12390,7884,0,0,33102,2,4,2,4,255,0,4,15,0,0,1,0,0,0,0,0,0,0,6,0,0,12300,43289182
2026-09-25T07:02:58.042Z,63076687000000,0x051C,0x0104,1,2,63,16895,16895,0,-44024,-44018,418442,43289783,1,0,0,0,3,4,0,0,0,15,15,0,1,418443,2,1,10000,10000,0,0,0,0,5,0,0,0,0,6,0x5AA5,15769,40548,0,0,33102,2,4,2,4,255,0,4,15,0,0,1,0,0,0,0,0,0,0,6,0,0,15700,43289682
2026-09-25T07:02:58.519Z,63077171000000,0x051C,0x0104,1,2,63,14642,14642,0,-44001,-44016,418447,43290284,1,0,0,0,3,4,0,0,0,15,15,0,1,418448,2,1,10000,10000,0,0,0,0,5,0,0,0,0,6,0x5AA5,16895,5632,0,0,33102,2,4,2,4,255,0,4,15,0,0,1,0,0,0,0,0,0,0,6,0,0,16800,43290183
2026-09-25T07:02:59.035Z,63077687000000,0x051C,0x0104,1,2,63,14642,14642,0,-43999,-44016,418452,43290684,1,0,0,0,3,4,0,0,0,15,15,0,1,418452,2,1,10000,10000,0,0,0,0,5,0,0,0,0,6,0x5AA5,14642,-4505,0,0,33105,2,4,2,2,255,0,2,15,0,0,1,0,0,0,0,0,0,0,6,0,0,14600,43290684
2026-09-25T07:02:59.511Z,63078156000000,0x051C,0x0104,1,2,63,15769,15769,0,-44014,-44017,418457,43291185,1,0,0,0,3,4,0,0,0,15,15,0,1,418457,2,1,10000,10000,0,0,0,0,5,0,0,0,0,6,0x5AA5,15769,12390,0,0,33106,2,4,2,4,255,0,4,15,0,0,1,0,0,0,0,0,0,0,6,0,0,15700,43291185
2026-09-25T07:03:00.048Z,63078687000000,0x051C,0x0104,1,2,63,13516,13516,0,-44001,-44015,418462,43291786,1,0,0,0,3,4,0,0,0,15,15,0,1,418463,2,1,10000,10000,0,0,0,0,5,0,0,0,0,6,0x5AA5,14642,11263,0,0,33106,2,4,2,4,255,0,4,15,0,0,1,0,0,0,0,0,0,0,6,0,0,14600,43291686
2026-09-25T07:03:00.526Z,63079171000000,0x051C,0x0104,1,2,63,10137,10137,0,-44000,-44012,418467,43292287,1,0,0,0,3,4,0,0,0,15,15,0,1,418468,2,1,10000,10000,0,0,0,0,5,0,0,0,0,6,0x5AA5,11263,2253,0,0,33108,2,4,2,4,255,0,4,15,0,0,1,0,0,0,0,0,0,0,6,0,0,11200,43292187
2026-09-25T07:03:01.061Z,63079703000000,0x051C,0x0104,1,2,63,12390,12390,0,-44050,-44014,418472,43292789,1,0,0,0,3,4,0,0,0,15,15,0,1,418473,2,1,10000,10000,0,0,0,0,5,0,0,0,0,6,0x5AA5,11263,23653,0,0,33110,2,4,2,4,255,0,4,15,0,0,1,0,0,0,0,0,0,0,6,0,0,11200,43292688
2026-09-25T07:03:01.539Z,63080187000000,0x051C,0x0104,1,2,63,15769,15769,0,-44018,-44017,418477,43293293,1,0,0,0,3,4,0,0,0,15,15,0,1,418478,2,1,10000,10000,0,0,0,0,5,0,0,0,0,6,0x5AA5,15769,23653,0,0,33110,2,4,2,4,255,0,4,15,0,0,1,0,0,0,0,0,0,0,6,0,0,15700,43293188
2026-09-25T07:03:02.059Z,63080703000000,0x051C,0x0104,1,2,63,20274,20274,0,-44006,-44021,418482,43293789,1,0,0,0,3,4,0,0,0,15,15,0,1,418483,2,1,10000,10000,0,0,0,0,5,0,0,0,0,6,0x5AA5,21400,13516,0,0,33110,2,4,2,4,255,0,4,15,0,0,1,0,0,0,0,0,0,0,6,0,0,21400,43293689
2026-09-25T07:03:02.533Z,63081171000000,0x051C,0x0104,1,2,63,21400,21400,0,-44027,-44022,418487,43294290,1,0,0,0,3,4,0,0,0,15,15,0,1,418488,2,1,10000,10000,0,0,0,0,5,0,0,0,0,6,0x5AA5,20274,27032,0,0,33110,2,4,2,4,255,0,4,15,0,0,1,0,0,0,0,0,0,0,6,0,0,20200,43294190
2026-09-25T07:03:03.070Z,63081718000000,0x051C,0x0104,1,2,63,27032,27032,0,-44023,-44027,418493,43294791,1,0,0,0,3,4,0,0,0,15,15,0,1,418493,2,1,10000,10000,0,0,0,0,5,0,0,0,0,6,0x5AA5,27032,22527,0,0,33110,2,4,2,4,255,0,4,15,0,0,1,0,0,0,0,0,0,0,6,0,0,27000,43294791
2026-09-25T07:03:03.547Z,63082187000000,0x051C,0x0104,1,2,63,20274,20274,0,-44025,-44021,418498,43295292,1,0,0,0,3,4,0,0,0,15,15,0,1,418498,2,1,10000,10000,0,0,0,0,5,0,0,0,0,6,0x5AA5,20274,24779,0,0,33112,2,4,2,4,255,0,4,15,0,0,1,0,0,0,0,0,0,0,6,0,0,20200,43295292
2026-09-25T07:03:04.080Z,63082718000000,0x051C,0x0104,1,2,63,18021,18021,0,-44022,-44019,418503,43295793,1,0,0,0,3,4,0,0,0,15,15,0,1,418503,2,1,10000,10000,0,0,0,0,5,0,0,0,0,6,0x5AA5,18021,21400,0,0,33112,2,4,2,4,255,0,4,15,0,0,1,0,0,0,0,0,0,0,6,0,0,18000,43295793
2026-09-25T07:03:04.556Z,63083203000000,0x051C,0x0104,1,2,63,11263,11263,0,-44006,-44013,418508,43296294,1,0,0,0,3,4,0,0,0,15,15,0,1,418508,2,1,10000,10000,0,0,0,0,5,0,0,0,0,6,0x5AA5,11263,3379,0,0,33114,2,4,2,4,255,0,4,15,0,0,1,0,0,0,0,0,0,0,6,0,0,11200,43296294
2026-09-25T07:03:05.091Z,63083734000000,0x051C,0x0104,1,2,63,5632,5632,0,-44013,-44008,418513,43296795,1,0,0,0,3,4,0,0,0,15,15,0,1,418513,2,1,10000,10000,0,0,0,0,5,0,0,0,0,6,0x5AA5,5632,11263,0,0,33114,2,4,2,4,255,0,4,15,0,0,1,0,0,0,0,0,0,0,6,0,0,5600,43296795
2026-09-25T07:03:05.565Z,63084203000000,0x051C,0x0104,1,2,63,7884,7884,0,-44029,-44010,418518,43297295,1,0,0,0,3,4,0,0,0,15,15,0,1,418518,2,1,10000,10000,0,0,0,0,5,0,0,0,0,6,0x5AA5,7884,29285,0,0,33116,2,4,2,4,255,0,4,15,0,0,1,0,0,0,0,0,0,0,6,0,0,7800,43297295
2026-09-25T07:03:06.084Z,63084734000000,0x051C,0x0104,1,2,63,15769,15769,0,-44012,-44017,418523,43297796,1,0,0,0,3,4,0,0,0,15,15,0,1,418523,2,1,10000,10000,0,0,0,0,5,0,0,0,0,6,0x5AA5,15769,10137,0,0,33116,2,4,2,4,255,0,4,15,0,0,1,0,0,0,0,0,0,0,6,0,0,15700,43297796
2026-09-25T07:03:06.558Z,63085203000000,0x051C,0x0104,1,2,63,14642,14642,0,-44004,-44016,418528,43298297,1,0,0,0,3,4,0,0,0,15,15,0,1,418528,2,1,10000,10000,0,0,0,0,5,0,0,0,0,6,0x5AA5,14642,1126,0,0,33116,2,4,2,4,255,0,4,15,0,0,1,0,0,0,0,0,0,0,6,0,0,14600,43298297
2026-09-25T07:03:07.092Z,63085734000000,0x051C,0x0104,1,2,63,11263,11263,0,-43995,-44013,418533,43298798,1,0,0,0,3,4,0,0,0,15,15,0,1,418533,2,1,10000,10000,0,0,0,0,5,0,0,0,0,6,0x5AA5,11263,-9011,0,0,33117,2,4,2,2,255,0,2,15,0,0,1,0,0,0,0,0,0,0,6,0,0,11200,43298798
2026-09-25T07:03:07.566Z,63086218000000,0x051C,0x0104,1,2,63,5632,5632,0,-44001,-44008,418538,43299299,1,0,0,0,3,4,0,0,0,15,15,0,1,418538,2,1,10000,10000,0,0,0,0,5,0,0,0,0,6,0x5AA5,5632,-2253,0,0,33119,2,4,2,2,255,0,2,15,0,0,1,0,0,0,0,0,0,0,6,0,0,5600,43299299
2026-09-25T07:03:08.082Z,63086734000000,0x051C,0x0104,1,2,63,2253,2253,0,-44000,-44005,418543,43299800,1,0,0,0,3,4,0,0,0,15,15,0,1,418543,2,1,10000,10000,0,0,0,0,5,0,0,0,0,6,0x5AA5,2253,-3379,0,0,33121,2,4,2,2,255,0,2,15,0,0,1,0,0,0,0,0,0,0,6,0,0,2200,43299800
2026-09-25T07:03:08.558Z,63087203000000,0x051C,0x0104,1,2,63,4505,4505,0,-44006,-44007,418548,43300301,1,0,0,0,3,4,0,0,0,15,15,0,1,418548,2,1,10000,10000,0,0,0,0,5,0,0,0,0,6,0x5AA5,4505,3379,0,0,33122,2,4,2,4,255,0,4,15,0,0,1,0,0,0,0,0,0,0,6,0,0,4500,43300301
2026-09-25T07:03:09.092Z,63087734000000,0x051C,0x0104,1,2,63,10137,10137,0,-44004,-44012,418553,43300801,1,0,0,0,3,4,0,0,0,15,15,0,1,418553,2,1,10000,10000,0,0,0,0,5,0,0,0,0,6,0x5AA5,10137,1126,0,0,33122,2,4,2,4,255,0,4,15,0,0,1,0,0,0,0,0,0,0,6,0,0,10100,43300801
2026-09-25T07:03:09.567Z,63088218000000,0x051C,0x0104,1,2,63,7884,7884,0,-44024,-44010,418558,43301302,1,0,0,0,3,4,0,0,0,15,15,0,1,418558,2,1,10000,10000,0,0,0,0,5,0,0,0,0,6,0x5AA5,7884,23653,0,0,33124,2,4,2,4,255,0,4,15,0,0,1,0,0,0,0,0,0,0,6,0,0,7800,43301302
2026-09-25T07:03:10.086Z,63088734000000,0x051C,0x0104,1,2,63,5632,5632,0,-44006,-44008,418563,43301803,1,0,0,0,3,4,0,0,0,15,15,0,1,418563,2,1,10000,10000,0,0,0,0,5,0,0,0,0,6,0x5AA5,5632,3379,0,0,33124,2,4,2,4,255,0,4,15,0,0,1,0,0,0,0,0,0,0,6,0,0,5600,43301803
2026-09-25T07:03:10.562Z,63089203000000,0x051C,0x0104,1,2,63,10137,10137,0,-44026,-44012,418568,43302304,1,0,0,0,3,4,0,0,0,15,15,0,1,418568,2,1,10000,10000,0,0,0,0,5,0,0,0,0,6,0x5AA5,10137,25906,0,0,33126,2,4,2,4,255,0,4,15,0,0,1,0,0,0,0,0,0,0,6,0,0,10100,43302304
2026-09-25T07:03:11.093Z,63089734000000,0x051C,0x0104,1,2,63,11263,11263,0,-44010,-44013,418573,43302805,1,0,0,0,3,4,0,0,0,15,15,0,1,418573,2,1,10000,10000,0,0,0,0,5,0,0,0,0,6,0x5AA5,11263,7884,0,0,33126,2,4,2,4,255,0,4,15,0,0,1,0,0,0,0,0,0,0,6,0,0,11200,43302805
2026-09-25T07:03:11.569Z,63090218000000,0x051C,0x0104,1,2,63,15769,15769,0,-44024,-44017,418578,43303306,1,0,0,0,3,4,0,0,0,15,15,0,1,418578,2,1,10000,10000,0,0,0,0,5,0,0,0,0,6,0x5AA5,15769,23653,0,0,33126,2,4,2,4,255,0,4,15,0,0,1,0,0,0,0,0,0,0,6,0,0,15700,43303306
2026-09-25T07:03:12.087Z,63090734000000,0x051C,0x0104,1,2,63,15769,15769,0,-44020,-44017,418583,43303806,1,0,0,0,3,4,0,0,0,15,15,0,1,418583,2,1,10000,10000,0,0,0,0,5,0,0,0,0,6,0x5AA5,15769,19148,0,0,33126,2,4,2,4,255,0,4,15,0,0,1,0,0,0,0,0,0,0,6,0,0,15700,43303806
2026-09-25T07:03:12.564Z,63091203000000,0x051C,0x0104,1,2,63,13516,13516,0,-43998,-44015,418588,43304307,1,0,0,0,3,4,0,0,0,15,15,0,1,418588,2,1,10000,10000,0,0,0,0,5,0,0,0,0,6,0x5AA5,13516,-5632,0,0,33127,2,4,2,2,255,0,2,15,0,0,1,0,0,0,0,0,0,0,6,0,0,13500,43304307
2026-09-25T07:03:13.097Z,63091734000000,0x051C,0x0104,1,2,63,11263,11263,0,-44012,-44013,418593,43304808,1,0,0,0,3,4,0,0,0,15,15,0,1,418593,2,1,10000,10000,0,0,0,0,5,0,0,0,0,6,0x5AA5,11263,10137,0,0,33128,2,4,2,4,255,0,4,15,0,0,1,0,0,0,0,0,0,0,6,0,0,11200,43304808
2026-09-25T07:03:13.572Z,63092218000000,0x051C,0x0104,1,2,63,9011,9011,0,-44012,-44011,418598,43305309,1,0,0,0,3,4,0,0,0,15,15,0,1,418598,2,1,10000,10000,0,0,0,0,5,0,0,0,0,6,0x5AA5,9011,10137,0,0,33130,2,4,2,4,255,0,4,15,0,0,1,0,0,0,0,0,0,0,6,0,0,9000,43305309
2026-09-25T07:03:14.103Z,63092750000000,0x051C,0x0104,1,2,63,9011,9011,0,-44001,-44011,418603,43305810,1,0,0,0,3,4,0,0,0,15,15,0,1,418603,2,1,10000,10000,0,0,0,0,5,0,0,0,0,6,0x5AA5,9011,-2253,0,0,33131,2,4,2,2,255,0,2,15,0,0,1,0,0,0,0,0,0,0,6,0,0,9000,43305810
2026-09-25T07:03:14.578Z,63093218000000,0x051C,0x0104,1,2,63,9011,9011,0,-44004,-44011,418608,43306311,1,0,0,0,3,4,0,0,0,15,15,0,1,418608,2,1,10000,10000,0,0,0,0,5,0,0,0,0,6,0x5AA5,9011,1126,0,0,33132,2,4,2,4,255,0,4,15,0,0,1,0,0,0,0,0,0,0,6,0,0,9000,43306311
2026-09-25T07:03:15.110Z,63093750000000,0x051C,0x0104,1,2,63,11263,11263,0,-44007,-44013,418613,43306811,1,0,0,0,3,4,0,0,0,15,15,0,1,418613,2,1,10000,10000,0,0,0,0,5,0,0,0,0,6,0x5AA5,11263,4505,0,0,33132,2,4,2,4,255,0,4,15,0,0,1,0,0,0,0,0,0,0,6,0,0,11200,43306811
2026-09-25T07:03:15.585Z,63094234000000,0x051C,0x0104,1,2,63,14642,14642,0,-44015,-44016,418618,43307313,1,0,0,0,3,4,0,0,0,15,15,0,1,418618,2,1,10000,10000,0,0,0,0,5,0,0,0,0,6,0x5AA5,14642,13516,0,0,33132,2,4,2,4,255,0,4,15,0,0,1,0,0,0,0,0,0,0,6,0,0,14600,43307313
2026-09-25T07:03:16.101Z,63094750000000,0x051C,0x0104,1,2,63,10137,10137,0,-44004,-44012,418623,43307813,1,0,0,0,3,4,0,0,0,15,15,0,1,418623,2,1,10000,10000,0,0,0,0,5,0,0,0,0,6,0x5AA5,10137,1126,0,0,33134,2,4,2,4,255,0,4,15,0,0,1,0,0,0,0,0,0,0,6,0,0,10100,43307813
2026-09-25T07:03:16.576Z,63095218000000,0x051C,0x0104,1,2,63,6758,6758,0,-44018,-44009,418628,43308314,1,0,0,0,3,4,0,0,0,15,15,0,1,418628,2,1,10000,10000,0,0,0,0,5,0,0,0,0,6,0x5AA5,6758,16895,0,0,33136,2,4,2,4,255,0,4,15,0,0,1,0,0,0,0,0,0,0,6,0,0,6700,43308314
2026-09-25T07:03:17.107Z,63095750000000,0x051C,0x0104,1,2,63,7884,7884,0,-43998,-44010,418633,43308815,1,0,0,0,3,4,0,0,0,15,15,0,1,418633,2,1,10000,10000,0,0,0,0,5,0,0,0,0,6,0x5AA5,7884,-5632,0,0,33137,2,4,2,2,255,0,2,15,0,0,1,0,0,0,0,0,0,0,6,0,0,7800,43308815
2026-09-25T07:03:17.581Z,63096234000000,0x051C,0x0104,1,2,63,9011,9011,0,-44008,-44011,418638,43309316,1,0,0,0,3,4,0,0,0,15,15,0,1,418638,2,1,10000,10000,0,0,0,0,5,0,0,0,0,6,0x5AA5,9011,5632,0,0,33138,2,4,2,4,255,0,4,15,0,0,1,0,0,0,0,0,0,0,6,0,0,9000,43309316
2026-09-25T07:03:18.098Z,63096750000000,0x051C,0x0104,1,2,63,7884,7884,0,-43995,-44010,418643,43309817,1,0,0,0,3,4,0,0,0,15,15,0,1,418643,2,1,10000,10000,0,0,0,0,5,0,0,0,0,6,0x5AA5,7884,-9011,0,0,33139,2,4,2,2,255,0,2,15,0,0,1,0,0,0,0,0,0,0,6,0,0,7800,43309817
2026-09-25T07:03:18.572Z,63097218000000,0x051C,0x0104,1,2,63,5632,5632,0,-43996,-44008,418648,43310317,1,0,0,0,3,4,0,0,0,15,15,0,1,418648,2,1,10000,10000,0,0,0,0,5,0,0,0,0,6,0x5AA5,5632,-7884,0,0,33141,2,4,2,2,255,0,2,15,0,0,1,0,0,0,0,0,0,0,6,0,0,5600,43310317
2026-09-25T07:03:19.104Z,63097750000000,0x051C,0x0104,1,2,63,9011,9011,0,-44015,-44011,418653,43310818,1,0,0,0,3,4,0,0,0,15,15,0,1,418653,2,1,10000,10000,0,0,0,0,5,0,0,0,0,6,0x5AA5,9011,13516,0,0,33144,2,4,2,4,255,0,4,15,0,0,1,0,0,0,0,0,0,0,6,0,0,9000,43310818
2026-09-25T07:03:19.580Z,63098218000000,0x051C,0x0104,1,2,63,6758,6758,0,-44004,-44009,418658,43311319,1,0,0,0,3,4,0,0,0,15,15,0,1,418658,2,1,10000,10000,0,0,0,0,5,0,0,0,0,6,0x5AA5,6758,1126,0,0,33146,2,4,2,4,255,0,4,15,0,0,1,0,0,0,0,0,0,0,6,0,0,6700,43311319
2026-09-25T07:03:20.112Z,63098750000000,0x051C,0x0104,1,2,63,10137,10137,0,-44012,-44012,418663,43311820,1,0,0,0,3,4,0,0,0,15,15,0,1,418663,2,1,10000,10000,0,0,0,0,5,0,0,0,0,6,0x5AA5,10137,10137,0,0,33146,2,4,2,4,255,0,4,15,0,0,1,0,0,0,0,0,0,0,6,0,0,10100,43311820
2026-09-25T07:03:20.586Z,63099234000000,0x051C,0x0104,1,2,63,9011,9011,0,-44008,-44011,418668,43312321,1,0,0,0,3,4,0,0,0,15,15,0,1,418668,2,1,10000,10000,0,0,0,0,5,0,0,0,0,6,0x5AA5,9011,5632,0,0,33148,2,4,2,4,255,0,4,15,0,0,1,0,0,0,0,0,0,0,6,0,0,9000,43312321
2026-09-25T07:03:21.101Z,63099750000000,0x051C,0x0104,1,2,63,10137,10137,0,-43996,-44012,418673,43312822,1,0,0,0,3,4,0,0,0,15,15,0,1,418673,2,1,10000,10000,0,0,0,0,5,0,0,0,0,6,0x5AA5,10137,-7884,0,0,33149,2,4,2,2,255,0,2,15,0,0,1,0,0,0,0,0,0,0,6,0,0,10100,43312822
2026-09-25T07:03:21.576Z,63100218000000,0x051C,0x0104,1,2,63,4505,4505,0,-43997,-44007,418678,43313323,1,0,0,0,3,4,0,0,0,15,15,0,1,418678,2,1,10000,10000,0,0,0,0,5,0,0,0,0,6,0x5AA5,4505,-6758,0,0,33151,2,4,2,2,255,0,2,15,0,0,1,0,0,0,0,0,0,0,6,0,0,4500,43313323
2026-09-25T07:03:22.109Z,63100750000000,0x051C,0x0104,1,2,63,0,0,0,-44022,-44003,418683,43313823,1,0,0,0,3,4,0,0,0,15,15,0,1,418683,2,1,10000,10000,0,0,0,0,5,0,0,0,0,6,0x5AA5,0,21400,0,0,33152,2,3,2,4,255,0,4,15,0,0,1,0,0,0,0,0,0,0,6,0,0,0,43313823
2026-09-25T07:03:22.585Z,63101234000000,0x051C,0x0104,1,2,63,9011,9011,0,-44010,-44011,418688,43314324,1,0,0,0,3,4,0,0,0,15,15,0,1,418688,2,1,10000,10000,0,0,0,0,5,0,0,0,0,6,0x5AA5,9011,7884,0,0,33152,2,4,2,4,255,0,4,15,0,0,1,0,0,0,0,0,0,0,6,0,0,9000,43314324
2026-09-25T07:03:23.102Z,63101750000000,0x051C,0x0104,1,2,63,6758,6758,0,-44011,-44009,418693,43314825,1,0,0,0,3,4,0,0,0,15,15,0,1,418693,2,1,10000,10000,0,0,0,0,5,0,0,0,0,6,0x5AA5,6758,9011,0,0,33154,2,4,2,4,255,0,4,15,0,0,1,0,0,0,0,0,0,0,6,0,0,6700,43314825
2026-09-25T07:03:23.576Z,63102218000000,0x051C,0x0104,1,2,63,14642,14642,0,-44021,-44016,418698,43315326,1,0,0,0,3,4,0,0,0,15,15,0,1,418698,2,1,10000,10000,0,0,0,0,5,0,0,0,0,6,0x5AA5,14642,20274,0,0,33154,2,4,2,4,255,0,4,15,0,0,1,0,0,0,0,0,0,0,6,0,0,14600,43315326
2026-09-25T07:03:24.109Z,63102750000000,0x051C,0x0104,1,2,63,9011,9011,0,-43996,-44011,418703,43315827,1,0,0,0,3,4,0,0,0,15,15,0,1,418703,2,1,10000,10000,0,0,0,0,5,0,0,0,0,6,0x5AA5,9011,-7884,0,0,33155,2,4,2,2,255,0,2,15,0,0,1,0,0,0,0,0,0,0,6,0,0,9000,43315827
2026-09-25T07:03:24.584Z,63103234000000,0x051C,0x0104,1,2,63,9011,9011,0,-44005,-44011,418708,43316328,1,0,0,0,3,4,0,0,0,15,15,0,1,418708,2,1,10000,10000,0,0,0,0,5,0,0,0,0,6,0x5AA5,9011,2253,0,0,33156,2,4,2,4,255,0,4,15,0,0,1,0,0,0,0,0,0,0,6,0,0,9000,43316328
2026-09-25T07:03:25.106Z,63103750000000,0x051C,0x0104,1,2,63,7884,7884,0,-44030,-44010,418712,43316834,1,0,0,0,3,4,0,0,0,15,15,0,1,418713,2,1,10000,10000,0,0,0,0,5,0,0,0,0,6,0x5AA5,5632,27032,0,0,33156,2,4,2,4,255,0,4,15,0,0,1,0,0,0,0,0,0,0,6,0,0,5600,43316728
2026-09-25T07:03:25.581Z,63104218000000,0x051C,0x0104,1,2,63,10137,10137,0,-43976,-44012,418718,43317330,1,0,0,0,3,4,0,0,0,15,15,0,1,418718,2,1,10000,10000,0,0,0,0,5,0,0,0,0,6,0x5AA5,10137,-30411,0,0,33157,2,4,2,2,255,0,2,15,0,0,1,0,0,0,0,0,0,0,6,0,0,10100,43317330
2026-09-25T07:03:26.112Z,63104750000000,0x051C,0x0104,1,2,63,6758,6758,0,-43996,-44009,418723,43317830,1,0,0,0,3,4,0,0,0,15,15,0,1,418723,2,1,10000,10000,0,0,0,0,5,0,0,0,0,6,0x5AA5,6758,-7884,0,0,33159,2,4,2,2,255,0,2,15,0,0,1,0,0,0,0,0,0,0,6,0,0,6700,43317830
2026-09-25T07:03:26.603Z,63105250000000,0x051C,0x0104,1,2,63,3379,3379,0,-44010,-44006,418728,43318331,1,0,0,0,3,4,0,0,0,15,15,0,1,418728,2,1,10000,10000,0,0,0,0,5,0,0,0,0,6,0x5AA5,3379,7884,0,0,33160,2,4,2,4,255,0,4,15,0,0,1,0,0,0,0,0,0,0,6,0,0,3300,43318331
2026-09-25T07:03:27.136Z,63105781000000,0x051C,0x0104,1,2,63,3379,3379,0,-44005,-44006,418733,43318833,1,0,0,0,3,4,0,0,0,15,15,0,1,418733,2,1,10000,10000,0,0,0,0,5,0,0,0,0,6,0x5AA5,3379,2253,0,0,33164,2,4,2,4,255,0,4,15,0,0,1,0,0,0,0,0,0,0,6,0,0,3300,43318833
2026-09-25T07:03:27.609Z,63106250000000,0x051C,0x0104,1,2,63,6758,6758,0,-44020,-44009,418738,43319333,1,0,0,0,3,4,0,0,0,15,15,0,1,418738,2,1,10000,10000,0,0,0,0,5,0,0,0,0,6,0x5AA5,6758,19148,0,0,33164,2,4,2,4,255,0,4,15,0,0,1,0,0,0,0,0,0,0,6,0,0,6700,43319333
2026-09-25T07:03:28.143Z,63106781000000,0x051C,0x0104,1,2,63,6758,6758,0,-44020,-44009,418743,43319834,1,0,0,0,3,4,0,0,0,15,15,0,1,418743,2,1,10000,10000,0,0,0,0,5,0,0,0,0,6,0x5AA5,6758,19148,0,0,33166,2,4,2,4,255,0,4,15,0,0,1,0,0,0,0,0,0,0,6,0,0,6700,43319834
2026-09-25T07:03:28.619Z,63107265000000,0x051C,0x0104,1,2,63,10137,10137,0,-44011,-44012,418748,43320335,1,0,0,0,3,4,0,0,0,15,15,0,1,418748,2,1,10000,10000,0,0,0,0,5,0,0,0,0,6,0x5AA5,10137,9011,0,0,33168,2,4,2,4,255,0,4,15,0,0,1,0,0,0,0,0,0,0,6,0,0,10100,43320335
2026-09-25T07:03:29.135Z,63107781000000,0x051C,0x0104,1,2,63,4505,4505,0,-43992,-44007,418753,43320836,1,0,0,0,3,4,0,0,0,15,15,0,1,418753,2,1,10000,10000,0,0,0,0,5,0,0,0,0,6,0x5AA5,4505,-12390,0,0,33169,2,4,2,2,255,0,2,15,0,0,1,0,0,0,0,0,0,0,6,0,0,4500,43320836
2026-09-25T07:03:29.610Z,63108250000000,0x051C,0x0104,1,2,63,0,0,0,-44020,-44003,418758,43321337,1,0,0,0,3,4,0,0,0,15,15,0,1,418758,2,1,10000,10000,0,0,0,0,5,0,0,0,0,6,0x5AA5,0,19148,0,0,33170,2,3,2,4,255,0,4,15,0,0,1,0,0,0,0,0,0,0,6,0,0,0,43321337
2026-09-25T07:03:30.142Z,63108781000000,0x051C,0x0104,1,2,63,1126,1126,0,-44024,-44004,418763,43321837,1,0,0,0,3,4,0,0,0,15,15,0,1,418763,2,1,10000,10000,0,0,0,0,5,0,0,0,0,6,0x5AA5,1126,23653,0,0,33172,2,4,2,4,255,0,4,15,0,0,1,0,0,0,0,0,0,0,6,0,0,1100,43321837
2026-09-25T07:03:30.616Z,63109265000000,0x051C,0x0104,1,2,63,9011,9011,0,-44019,-44011,418768,43322338,1,0,0,0,3,4,0,0,0,15,15,0,1,418768,2,1,10000,10000,0,0,0,0,5,0,0,0,0,6,0x5AA5,9011,18021,0,0,33172,2,4,2,4,255,0,4,15,0,0,1,0,0,0,0,0,0,0,6,0,0,9000,43322338
2026-09-25T07:03:31.131Z,63109781000000,0x051C,0x0104,1,2,63,12390,12390,0,-44024,-44014,418773,43322839,1,0,0,0,3,4,0,0,0,15,15,0,1,418773,2,1,10000,10000,0,0,0,0,5,0,0,0,0,6,0x5AA5,12390,23653,0,0,33172,2,4,2,4,255,0,4,15,0,0,1,0,0,0,0,0,0,0,6,0,0,12300,43322839
2026-09-25T07:03:31.606Z,63110250000000,0x051C,0x0104,1,2,63,10137,10137,0,-44015,-44012,418778,43323340,1,0,0,0,3,4,0,0,0,15,15,0,1,418778,2,1,10000,10000,0,0,0,0,5,0,0,0,0,6,0x5AA5,10137,13516,0,0,33174,2,4,2,4,255,0,4,15,0,0,1,0,0,0,0,0,0,0,6,0,0,10100,43323340
2026-09-25T07:03:32.138Z,63110781000000,0x051C,0x0104,1,2,63,7884,7884,0,-43998,-44010,418783,43323841,1,0,0,0,3,4,0,0,0,15,15,0,1,418783,2,1,10000,10000,0,0,0,0,5,0,0,0,0,6,0x5AA5,7884,-5632,0,0,33175,2,4,2,2,255,0,2,15,0,0,1,0,0,0,0,0,0,0,6,0,0,7800,43323841
2026-09-25T07:03:32.614Z,63111265000000,0x051C,0x0104,1,2,63,6758,6758,0,-44008,-44009,418788,43324342,1,0,0,0,3,4,0,0,0,15,15,0,1,418788,2,1,10000,10000,0,0,0,0,5,0,0,0,0,6,0x5AA5,6758,5632,0,0,33176,2,4,2,4,255,0,4,15,0,0,1,0,0,0,0,0,0,0,6,0,0,6700,43324342
2026-09-25T07:03:33.132Z,63111781000000,0x051C,0x0104,1,2,63,6758,6758,0,-44005,-44009,418793,43324843,1,0,0,0,3,4,0,0,0,15,15,0,1,418793,2,1,10000,10000,0,0,0,0,5,0,0,0,0,6,0x5AA5,6758,2253,0,0,33176,2,4,2,4,255,0,4,15,0,0,1,0,0,0,0,0,0,0,6,0,0,6700,43324843
2026-09-25T07:03:33.606Z,63112250000000,0x051C,0x0104,1,2,63,2253,2253,0,-44018,-44005,418798,43325343,1,0,0,0,3,4,0,0,0,15,15,0,1,418798,2,1,10000,10000,0,0,0,0,5,0,0,0,0,6,0x5AA5,2253,16895,0,0,33178,2,4,2,4,255,0,4,15,0,0,1,0,0,0,0,0,0,0,6,0,0,2200,43325343
2026-09-25T07:03:34.140Z,63112781000000,0x051C,0x0104,1,2,63,6758,6758,0,-44026,-44009,418803,43325844,1,0,0,0,3,4,0,0,0,15,15,0,1,418803,2,1,10000,10000,0,0,0,0,5,0,0,0,0,6,0x5AA5,6758,25906,0,0,33178,2,4,2,4,255,0,4,15,0,0,1,0,0,0,0,0,0,0,6,0,0,6700,43325844
2026-09-25T07:03:34.615Z,63113265000000,0x051C,0x0104,1,2,63,14642,14642,0,-44030,-44016,418808,43326345,1,0,0,0,3,4,0,0,0,15,15,0,1,418808,2,1,10000,10000,0,0,0,0,5,0,0,0,0,6,0x5AA5,14642,30411,0,0,33178,2,4,2,4,255,0,4,15,0,0,1,0,0,0,0,0,0,0,6,0,0,14600,43326345
2026-09-25T07:03:35.131Z,63113781000000,0x051C,0x0104,1,2,63,18021,18021,0,-44011,-44019,418813,43326846,1,0,0,0,3,4,0,0,0,15,15,0,1,418813,2,1,10000,10000,0,0,0,0,5,0,0,0,0,6,0x5AA5,18021,9011,0,0,33178,2,4,2,4,255,0,4,15,0,0,1,0,0,0,0,0,0,0,6,0,0,18000,43326846
2026-09-25T07:03:35.606Z,63114250000000,0x051C,0x0104,1,2,63,18021,18021,0,-44004,-44019,418818,43327347,1,0,0,0,3,4,0,0,0,15,15,0,1,418818,2,1,10000,10000,0,0,0,0,5,0,0,0,0,6,0x5AA5,18021,1126,0,0,33178,2,4,2,4,255,0,4,15,0,0,1,0,0,0,0,0,0,0,6,0,0,18000,43327347
2026-09-25T07:03:36.137Z,63114781000000,0x051C,0x0104,1,2,63,7884,7884,0,-44021,-44010,418823,43327848,1,0,0,0,3,4,0,0,0,15,15,0,1,418823,2,1,10000,10000,0,0,0,0,5,0,0,0,0,6,0x5AA5,7884,20274,0,0,33182,2,4,2,4,255,0,4,15,0,0,1,0,0,0,0,0,0,0,6,0,0,7800,43327848
2026-09-25T07:03:36.610Z,63115250000000,0x051C,0x0104,1,2,63,11263,11263,0,-44013,-44013,418828,43328348,1,0,0,0,3,4,0,0,0,15,15,0,1,418828,2,1,10000,10000,0,0,0,0,5,0,0,0,0,6,0x5AA5,11263,11263,0,0,33182,2,4,2,4,255,0,4,15,0,0,1,0,0,0,0,0,0,0,6,0,0,11200,43328348
2026-09-25T07:03:37.141Z,63115781000000,0x051C,0x0104,1,2,63,7884,7884,0,-44014,-44010,418833,43328849,1,0,0,0,3,4,0,0,0,15,15,0,1,418833,2,1,10000,10000,0,0,0,0,5,0,0,0,0,6,0x5AA5,7884,12390,0,0,33184,2,4,2,4,255,0,4,15,0,0,1,0,0,0,0,0,0,0,6,0,0,7800,43328849
2026-09-25T07:03:37.615Z,63116265000000,0x051C,0x0104,1,2,63,11263,11263,0,-44006,-44013,418838,43329350,1,0,0,0,3,4,0,0,0,15,15,0,1,418838,2,1,10000,10000,0,0,0,0,5,0,0,0,0,6,0x5AA5,11263,3379,0,0,33184,2,4,2,4,255,0,4,15,0,0,1,0,0,0,0,0,0,0,6,0,0,11200,43329350
2026-09-25T07:03:38.131Z,63116781000000,0x051C,0x0104,1,2,63,12390,12390,0,-44013,-44014,418843,43329851,1,0,0,0,3,4,0,0,0,15,15,0,1,418843,2,1,10000,10000,0,0,0,0,5,0,0,0,0,6,0x5AA5,12390,11263,0,0,33184,2,4,2,4,255,0,4,15,0,0,1,0,0,0,0,0,0,0,6,0,0,12300,43329851
2026-09-25T07:03:38.606Z,63117250000000,0x051C,0x0104,1,2,63,14642,14642,0,-44018,-44016,418848,43330353,1,0,0,0,3,4,0,0,0,15,15,0,1,418848,2,1,10000,10000,0,0,0,0,5,0,0,0,0,6,0x5AA5,14642,16895,0,0,33184,2,4,2,4,255,0,4,15,0,0,1,0,0,0,0,0,0,0,6,0,0,14600,43330353
2026-09-25T07:03:39.139Z,63117781000000,0x051C,0x0104,1,2,63,12390,12390,0,-44007,-44014,418853,43330853,1,0,0,0,3,4,0,0,0,15,15,0,1,418853,2,1,10000,10000,0,0,0,0,5,0,0,0,0,6,0x5AA5,12390,4505,0,0,33184,2,4,2,4,255,0,4,15,0,0,1,0,0,0,0,0,0,0,6,0,0,12300,43330853
2026-09-25T07:03:39.615Z,63118265000000,0x051C,0x0104,1,2,63,10137,10137,0,-44015,-44012,418858,43331353,1,0,0,0,3,4,0,0,0,15,15,0,1,418858,2,1,10000,10000,0,0,0,0,5,0,0,0,0,6,0x5AA5,10137,13516,0,0,33186,2,4,2,4,255,0,4,15,0,0,1,0,0,0,0,0,0,0,6,0,0,10100,43331353
2026-09-25T07:03:40.131Z,63118781000000,0x051C,0x0104,1,2,63,13516,13516,0,-43997,-44015,418863,43331854,1,0,0,0,3,4,0,0,0,15,15,0,1,418863,2,1,10000,10000,0,0,0,0,5,0,0,0,0,6,0x5AA5,13516,-6758,0,0,33187,2,4,2,2,255,0,2,15,0,0,1,0,0,0,0,0,0,0,6,0,0,13500,43331854
2026-09-25T07:03:40.606Z,63119250000000,0x051C,0x0104,1,2,63,5632,5632,0,-44002,-44008,418868,43332355,1,0,0,0,3,4,0,0,0,15,15,0,1,418868,2,1,10000,10000,0,0,0,0,5,0,0,0,0,6,0x5AA5,5632,-1126,0,0,33189,2,4,2,2,255,0,2,15,0,0,1,0,0,0,0,0,0,0,6,0,0,5600,43332355
2026-09-25T07:03:41.139Z,63119781000000,0x051C,0x0104,1,2,63,7884,7884,0,-44005,-44010,418873,43332856,1,0,0,0,3,4,0,0,0,15,15,0,1,418873,2,1,10000,10000,0,0,0,0,5,0,0,0,0,6,0x5AA5,7884,2253,0,0,33190,2,4,2,4,255,0,4,15,0,0,1,0,0,0,0,0,0,0,6,0,0,7800,43332856
2026-09-25T07:03:41.615Z,63120265000000,0x051C,0x0104,1,2,63,10137,10137,0,-44014,-44012,418878,43333357,1,0,0,0,3,4,0,0,0,15,15,0,1,418878,2,1,10000,10000,0,0,0,0,5,0,0,0,0,6,0x5AA5,10137,12390,0,0,33190,2,4,2,4,255,0,4,15,0,0,1,0,0,0,0,0,0,0,6,0,0,10100,43333357
2026-09-25T07:03:42.132Z,63120781000000,0x051C,0x0104,1,2,63,10137,10137,0,-44003,-44012,418883,43333858,1,0,0,0,3,4,0,0,0,15,15,0,1,418883,2,1,10000,10000,0,0,0,0,5,0,0,0,0,6,0x5AA5,10137,0,0,0,33190,2,4,2,4,255,0,4,15,0,0,1,0,0,0,0,0,0,0,6,0,0,10100,43333858
2026-09-25T07:03:42.607Z,63121250000000,0x051C,0x0104,1,2,63,7884,7884,0,-43995,-44010,418888,43334358,1,0,0,0,3,4,0,0,0,15,15,0,1,418888,2,1,10000,10000,0,0,0,0,5,0,0,0,0,6,0x5AA5,7884,-9011,0,0,33191,2,4,2,2,255,0,2,15,0,0,1,0,0,0,0,0,0,0,6,0,0,7800,43334358
2026-09-25T07:03:43.140Z,63121781000000,0x051C,0x0104,1,2,63,3379,3379,0,-44015,-44006,418893,43334859,1,0,0,0,3,4,0,0,0,15,15,0,1,418893,2,1,10000,10000,0,0,0,0,5,0,0,0,0,6,0x5AA5,3379,13516,0,0,33192,2,4,2,4,255,0,4,15,0,0,1,0,0,0,0,0,0,0,6,0,0,3300,43334859
2026-09-25T07:03:43.615Z,63122265000000,0x051C,0x0104,1,2,63,9011,9011,0,-43999,-44011,418898,43335360,1,0,0,0,3,4,0,0,0,15,15,0,1,418898,2,1,10000,10000,0,0,0,0,5,0,0,0,0,6,0x5AA5,9011,-4505,0,0,33195,2,4,2,2,255,0,2,15,0,0,1,0,0,0,0,0,0,0,6,0,0,9000,43335360
2026-09-25T07:03:44.134Z,63122781000000,0x051C,0x0104,1,2,63,12390,12390,0,-44021,-44014,418903,43335861,1,0,0,0,3,4,0,0,0,15,15,0,1,418903,2,1,10000,10000,0,0,0,0,5,0,0,0,0,6,0x5AA5,12390,20274,0,0,33196,2,4,2,4,255,0,4,15,0,0,1,0,0,0,0,0,0,0,6,0,0,12300,43335861
2026-09-25T07:03:44.612Z,63123265000000,0x051C,0x0104,1,2,63,18021,18021,0,-44005,-44019,418908,43336362,1,0,0,0,3,4,0,0,0,15,15,0,1,418908,2,1,10000,10000,0,0,0,0,5,0,0,0,0,6,0x5AA5,18021,2253,0,0,33196,2,4,2,4,255,0,4,15,0,0,1,0,0,0,0,0,0,0,6,0,0,18000,43336362
2026-09-25T07:03:45.134Z,63123781000000,0x051C,0x0104,1,2,63,14642,14642,0,-44019,-44016,418912,43336864,1,0,0,0,3,4,0,0,0,15,15,0,1,418913,2,1,10000,10000,0,0,0,0,5,0,0,0,0,6,0x5AA5,14642,23653,0,0,33198,2,4,2,4,255,0,4,15,0,0,1,0,0,0,0,0,0,0,6,0,0,14600,43336762
2026-09-25T07:03:45.612Z,63124250000000,0x051C,0x0104,1,2,63,16895,16895,0,-44021,-44018,418918,43337363,1,0,0,0,3,4,0,0,0,15,15,0,1,418918,2,1,10000,10000,0,0,0,0,5,0,0,0,0,6,0x5AA5,16895,20274,0,0,33198,2,4,2,4,255,0,4,15,0,0,1,0,0,0,0,0,0,0,6,0,0,16800,43337363
2026-09-25T07:03:46.146Z,63124796000000,0x051C,0x0104,1,2,63,14642,14642,0,-44001,-44016,418923,43337864,1,0,0,0,3,4,0,0,0,15,15,0,1,418923,2,1,10000,10000,0,0,0,0,5,0,0,0,0,6,0x5AA5,14642,-2253,0,0,33199,2,4,2,2,255,0,2,15,0,0,1,0,0,0,0,0,0,0,6,0,0,14600,43337864
2026-09-25T07:03:46.621Z,63125265000000,0x051C,0x0104,1,2,63,12390,12390,0,-43996,-44014,418928,43338365,1,0,0,0,3,4,0,0,0,15,15,0,1,418928,2,1,10000,10000,0,0,0,0,5,0,0,0,0,6,0x5AA5,12390,-7884,0,0,33201,2,4,2,2,255,0,2,15,0,0,1,0,0,0,0,0,0,0,6,0,0,12300,43338365
2026-09-25T07:03:47.151Z,63125796000000,0x051C,0x0104,1,2,63,13516,13516,0,-44015,-44015,418933,43338866,1,0,0,0,3,4,0,0,0,15,15,0,1,418933,2,1,10000,10000,0,0,0,0,5,0,0,0,0,6,0x5AA5,13516,13516,0,0,33202,2,4,2,4,255,0,4,15,0,0,1,0,0,0,0,0,0,0,6,0,0,13500,43338866
2026-09-25T07:03:47.626Z,63126265000000,0x051C,0x0104,1,2,63,14642,14642,0,-43993,-44016,418938,43339367,1,0,0,0,3,4,0,0,0,15,15,0,1,418938,2,1,10000,10000,0,0,0,0,5,0,0,0,0,6,0x5AA5,14642,-11263,0,0,33203,2,4,2,2,255,0,2,15,0,0,1,0,0,0,0,0,0,0,6,0,0,14600,43339367
2026-09-25T07:03:48.157Z,63126796000000,0x051C,0x0104,1,2,63,11263,11263,0,-44032,-44013,418943,43339868,1,0,0,0,3,4,0,0,0,15,15,0,1,418943,2,1,10000,10000,0,0,0,0,5,0,0,0,0,6,0x5AA5,11263,32664,0,0,33204,2,4,2,4,255,0,4,15,0,0,1,0,0,0,0,0,0,0,6,0,0,11200,43339868
2026-09-25T07:03:48.634Z,63127281000000,0x051C,0x0104,1,2,63,7884,7884,0,-44017,-44010,418948,43340368,1,0,0,0,3,4,0,0,0,15,15,0,1,418948,2,1,10000,10000,0,0,0,0,5,0,0,0,0,6,0x5AA5,7884,15769,0,0,33206,2,4,2,4,255,0,4,15,0,0,1,0,0,0,0,0,0,0,6,0,0,7800,43340368
2026-09-25T07:03:49.149Z,63127796000000,0x051C,0x0104,1,2,63,10137,10137,0,-44027,-44012,418953,43340869,1,0,0,0,3,4,0,0,0,15,15,0,1,418953,2,1,10000,10000,0,0,0,0,5,0,0,0,0,6,0x5AA5,10137,27032,0,0,33206,2,4,2,4,255,0,4,15,0,0,1,0,0,0,0,0,0,0,6,0,0,10100,43340869
2026-09-25T07:03:49.625Z,63128265000000,0x051C,0x0104,1,2,63,14642,14642,0,-44015,-44016,418958,43341370,1,0,0,0,3,4,0,0,0,15,15,0,1,418958,2,1,10000,10000,0,0,0,0,5,0,0,0,0,6,0x5AA5,14642,13516,0,0,33206,2,4,2,4,255,0,4,15,0,0,1,0,0,0,0,0,0,0,6,0,0,14600,43341370
2026-09-25T07:03:50.157Z,63128796000000,0x051C,0x0104,1,2,63,18021,18021,0,-44000,-44019,418963,43341871,1,0,0,0,3,4,0,0,0,15,15,0,1,418963,2,1,10000,10000,0,0,0,0,5,0,0,0,0,6,0x5AA5,18021,-3379,0,0,33207,2,4,2,2,255,0,2,15,0,0,1,0,0,0,0,0,0,0,6,0,0,18000,43341871
2026-09-25T07:03:50.632Z,63129281000000,0x051C,0x0104,1,2,63,9011,9011,0,-44001,-44011,418968,43342373,1,0,0,0,3,4,0,0,0,15,15,0,1,418968,2,1,10000,10000,0,0,0,0,5,0,0,0,0,6,0x5AA5,9011,-2253,0,0,33209,2,4,2,2,255,0,2,15,0,0,1,0,0,0,0,0,0,0,6,0,0,9000,43342373
2026-09-25T07:03:51.150Z,63129796000000,0x051C,0x0104,1,2,63,10137,10137,0,-44021,-44012,418973,43342873,1,0,0,0,3,4,0,0,0,15,15,0,1,418973,2,1,10000,10000,0,0,0,0,5,0,0,0,0,6,0x5AA5,10137,20274,0,0,33210,2,4,2,4,255,0,4,15,0,0,1,0,0,0,0,0,0,0,6,0,0,10100,43342873
2026-09-25T07:03:51.625Z,63130265000000,0x051C,0x0104,1,2,63,10137,10137,0,-44017,-44012,418978,43343373,1,0,0,0,3,4,0,0,0,15,15,0,1,418978,2,1,10000,10000,0,0,0,0,5,0,0,0,0,6,0x5AA5,10137,15769,0,0,33210,2,4,2,4,255,0,4,15,0,0,1,0,0,0,0,0,0,0,6,0,0,10100,43343373
2026-09-25T07:03:52.158Z,63130796000000,0x051C,0x0104,1,2,63,16895,16895,0,-44020,-44018,418983,43343874,1,0,0,0,3,4,0,0,0,15,15,0,1,418983,2,1,10000,10000,0,0,0,0,5,0,0,0,0,6,0x5AA5,16895,19148,0,0,33210,2,4,2,4,255,0,4,15,0,0,1,0,0,0,0,0,0,0,6,0,0,16800,43343874
2026-09-25T07:03:52.634Z,63131281000000,0x051C,0x0104,1,2,63,11263,11263,0,-44010,-44013,418988,43344375,1,0,0,0,3,4,0,0,0,15,15,0,1,418988,2,1,10000,10000,0,0,0,0,5,0,0,0,0,6,0x5AA5,11263,7884,0,0,33212,2,4,2,4,255,0,4,15,0,0,1,0,0,0,0,0,0,0,6,0,0,11200,43344375
2026-09-25T07:03:53.151Z,63131796000000,0x051C,0x0104,1,2,63,11263,11263,0,-44013,-44013,418993,43344876,1,0,0,0,3,4,0,0,0,15,15,0,1,418993,2,1,10000,10000,0,0,0,0,5,0,0,0,0,6,0x5AA5,11263,11263,0,0,33212,2,4,2,4,255,0,4,15,0,0,1,0,0,0,0,0,0,0,6,0,0,11200,43344876
2026-09-25T07:03:53.626Z,63132265000000,0x051C,0x0104,1,2,63,11263,11263,0,-44019,-44013,418998,43345377,1,0,0,0,3,4,0,0,0,15,15,0,1,418998,2,1,10000,10000,0,0,0,0,5,0,0,0,0,6,0x5AA5,11263,18021,0,0,33212,2,4,2,4,255,0,4,15,0,0,1,0,0,0,0,0,0,0,6,0,0,11200,43345377
2026-09-25T07:03:54.157Z,63132796000000,0x051C,0x0104,1,2,63,14642,14642,0,-44026,-44016,419003,43345878,1,0,0,0,3,4,0,0,0,15,15,0,1,419003,2,1,10000,10000,0,0,0,0,5,0,0,0,0,6,0x5AA5,14642,25906,0,0,33212,2,4,2,4,255,0,4,15,0,0,1,0,0,0,0,0,0,0,6,0,0,14600,43345878
2026-09-25T07:03:54.632Z,63133281000000,0x051C,0x0104,1,2,63,16895,16895,0,-44015,-44018,419008,43346379,1,0,0,0,3,4,0,0,0,15,15,0,1,419008,2,1,10000,10000,0,0,0,0,5,0,0,0,0,6,0x5AA5,16895,13516,0,0,33212,2,4,2,4,255,0,4,15,0,0,1,0,0,0,0,0,0,0,6,0,0,16800,43346379
2026-09-25T07:03:55.151Z,63133796000000,0x051C,0x0104,1,2,63,12390,12390,0,-44014,-44014,419012,43346883,1,0,0,0,3,4,0,0,0,15,15,0,1,419013,2,1,10000,10000,0,0,0,0,5,0,0,0,0,6,0x5AA5,13516,0,0,0,33212,2,4,2,4,255,0,4,15,0,0,1,0,0,0,0,0,0,0,6,0,0,13500,43346779
2026-09-25T07:03:55.628Z,63134265000000,0x051C,0x0104,1,2,63,13516,13516,0,-44003,-44015,419018,43347380,1,0,0,0,3,4,0,0,0,15,15,0,1,419018,2,1,10000,10000,0,0,0,0,5,0,0,0,0,6,0x5AA5,13516,0,0,0,33212,2,4,2,4,255,0,4,15,0,0,1,0,0,0,0,0,0,0,6,0,0,13500,43347380
2026-09-25T07:03:56.160Z,63134812000000,0x051C,0x0104,1,2,63,11263,11263,0,-44001,-44013,419023,43347881,1,0,0,0,3,4,0,0,0,15,15,0,1,419023,2,1,10000,10000,0,0,0,0,5,0,0,0,0,6,0x5AA5,11263,-2253,0,0,33215,2,4,2,2,255,0,2,15,0,0,1,0,0,0,0,0,0,0,6,0,0,11200,43347881
2026-09-25T07:03:56.638Z,63135281000000,0x051C,0x0104,1,2,63,10137,10137,0,-44018,-44012,419028,43348382,1,0,0,0,3,4,0,0,0,15,15,0,1,419028,2,1,10000,10000,0,0,0,0,5,0,0,0,0,6,0x5AA5,10137,16895,0,0,33216,2,4,2,4,255,0,4,15,0,0,1,0,0,0,0,0,0,0,6,0,0,10100,43348382
2026-09-25T07:03:57.171Z,63135812000000,0x051C,0x0104,1,2,63,15769,15769,0,-44006,-44017,419033,43348883,1,0,0,0,3,4,0,0,0,15,15,0,1,419033,2,1,10000,10000,0,0,0,0,5,0,0,0,0,6,0x5AA5,15769,3379,0,0,33216,2,4,2,4,255,0,4,15,0,0,1,0,0,0,0,0,0,0,6,0,0,15700,43348883
2026-09-25T07:03:57.647Z,63136296000000,0x051C,0x0104,1,2,63,6758,6758,0,-44017,-44009,419038,43349384,1,0,0,0,3,4,0,0,0,15,15,0,1,419038,2,1,10000,10000,0,0,0,0,5,0,0,0,0,6,0x5AA5,6758,15769,0,0,33218,2,4,2,4,255,0,4,15,0,0,1,0,0,0,0,0,0,0,6,0,0,6700,43349384
2026-09-25T07:03:58.165Z,63136812000000,0x051C,0x0104,1,2,63,4505,4505,0,-44005,-44007,419043,43349885,1,0,0,0,3,4,0,0,0,15,15,0,1,419043,2,1,10000,10000,0,0,0,0,5,0,0,0,0,6,0x5AA5,4505,2253,0,0,33222,2,4,2,4,255,0,4,15,0,0,1,0,0,0,0,0,0,0,6,0,0,4500,43349885
2026-09-25T07:03:58.641Z,63137281000000,0x051C,0x0104,1,2,63,7884,7884,0,-43997,-44010,419048,43350386,1,0,0,0,3,4,0,0,0,15,15,0,1,419048,2,1,10000,10000,0,0,0,0,5,0,0,0,0,6,0x5AA5,7884,-6758,0,0,33223,2,4,2,2,255,0,2,15,0,0,1,0,0,0,0,0,0,0,6,0,0,7800,43350386
2026-09-25T07:03:59.173Z,63137812000000,0x051C,0x0104,1,2,63,11263,11263,0,-43990,-44013,419053,43350886,1,0,0,0,3,4,0,0,0,15,15,0,1,419053,2,1,10000,10000,0,0,0,0,5,0,0,0,0,6,0x5AA5,11263,-14642,0,0,33225,2,4,2,2,255,0,2,15,0,0,1,0,0,0,0,0,0,0,6,0,0,11200,43350886
2026-09-25T07:03:59.648Z,63138296000000,0x051C,0x0104,1,2,63,4505,4505,0,-44020,-44007,419058,43351387,1,0,0,0,3,4,0,0,0,15,15,0,1,419058,2,1,10000,10000,0,0,0,0,5,0,0,0,0,6,0x5AA5,4505,19148,0,0,33226,2,4,2,4,255,0,4,15,0,0,1,0,0,0,0,0,0,0,6,0,0,4500,43351387
2026-09-25T07:04:00.165Z,63138812000000,0x051C,0x0104,1,2,63,13516,13516,0,-44014,-44015,419063,43351888,1,0,0,0,3,4,0,0,0,15,15,0,1,419063,2,1,10000,10000,0,0,0,0,5,0,0,0,0,6,0x5AA5,13516,12390,0,0,33226,2,4,2,4,255,0,4,15,0,0,1,0,0,0,0,0,0,0,6,0,0,13500,43351888
2026-09-25T07:04:00.642Z,63139281000000,0x051C,0x0104,1,2,63,13516,13516,0,-44007,-44015,419068,43352389,1,0,0,0,3,4,0,0,0,15,15,0,1,419068,2,1,10000,10000,0,0,0,0,5,0,0,0,0,6,0x5AA5,13516,4505,0,0,33226,2,4,2,4,255,0,4,15,0,0,1,0,0,0,0,0,0,0,6,0,0,13500,43352389
2026-09-25T07:04:01.173Z,63139812000000,0x051C,0x0104,1,2,63,12390,12390,0,-44023,-44014,419073,43352890,1,0,0,0,3,4,0,0,0,15,15,0,1,419073,2,1,10000,10000,0,0,0,0,5,0,0,0,0,6,0x5AA5,12390,22527,0,0,33226,2,4,2,4,255,0,4,15,0,0,1,0,0,0,0,0,0,0,6,0,0,12300,43352890
2026-09-25T07:04:01.649Z,63140296000000,0x051C,0x0104,1,2,63,10137,10137,0,-44013,-44012,419078,43353391,1,0,0,0,3,4,0,0,0,15,15,0,1,419078,2,1,10000,10000,0,0,0,0,5,0,0,0,0,6,0x5AA5,10137,11263,0,0,33228,2,4,2,4,255,0,4,15,0,0,1,0,0,0,0,0,0,0,6,0,0,10100,43353391
2026-09-25T07:04:02.184Z,63140828000000,0x051C,0x0104,1,2,63,10137,10137,0,-44021,-44012,419083,43353892,1,0,0,0,3,4,0,0,0,15,15,0,1,419083,2,1,10000,10000,0,0,0,0,5,0,0,0,0,6,0x5AA5,10137,20274,0,0,33228,2,4,2,4,255,0,4,15,0,0,1,0,0,0,0,0,0,0,6,0,0,10100,43353892
2026-09-25T07:04:02.658Z,63141296000000,0x051C,0x0104,1,2,63,6758,6758,0,-44005,-44009,419088,43354393,1,0,0,0,3,4,0,0,0,15,15,0,1,419088,2,1,10000,10000,0,0,0,0,5,0,0,0,0,6,0x5AA5,6758,2253,0,0,33230,2,4,2,4,255,0,4,15,0,0,1,0,0,0,0,0,0,0,6,0,0,6700,43354393
2026-09-25T07:04:03.191Z,63141843000000,0x051C,0x0104,1,2,63,6758,6758,0,-44012,-44009,419093,43354893,1,0,0,0,3,4,0,0,0,15,15,0,1,419093,2,1,10000,10000,0,0,0,0,5,0,0,0,0,6,0x5AA5,6758,10137,0,0,33232,2,4,2,4,255,0,4,15,0,0,1,0,0,0,0,0,0,0,6,0,0,6700,43354893
2026-09-25T07:04:03.666Z,63142312000000,0x051C,0x0104,1,2,63,10137,10137,0,-44012,-44012,419098,43355394,1,0,0,0,3,4,0,0,0,15,15,0,1,419098,2,1,10000,10000,0,0,0,0,5,0,0,0,0,6,0x5AA5,10137,10137,0,0,33232,2,4,2,4,255,0,4,15,0,0,1,0,0,0,0,0,0,0,6,0,0,10100,43355394
2026-09-25T07:04:04.199Z,63142843000000,0x051C,0x0104,1,2,63,11263,11263,0,-43997,-44013,419103,43355895,1,0,0,0,3,4,0,0,0,15,15,0,1,419103,2,1,10000,10000,0,0,0,0,5,0,0,0,0,6,0x5AA5,11263,-6758,0,0,33233,2,4,2,2,255,0,2,15,0,0,1,0,0,0,0,0,0,0,6,0,0,11200,43355895
2026-09-25T07:04:04.676Z,63143328000000,0x051C,0x0104,1,2,63,3379,3379,0,-43996,-44006,419108,43356396,1,0,0,0,3,4,0,0,0,15,15,0,1,419108,2,1,10000,10000,0,0,0,0,5,0,0,0,0,6,0x5AA5,3379,-7884,0,0,33233,2,4,2,2,255,0,2,15,0,0,1,0,0,0,0,0,0,0,6,0,0,3300,43356396
2026-09-25T07:04:05.194Z,63143843000000,0x051C,0x0104,1,2,63,6758,6758,0,-44007,-44009,419113,43356897,1,0,0,0,3,4,0,0,0,15,15,0,1,419113,2,1,10000,10000,0,0,0,0,5,0,0,0,0,6,0x5AA5,6758,4505,0,0,33234,2,4,2,4,255,0,4,15,0,0,1,0,0,0,0,0,0,0,6,0,0,6700,43356897
2026-09-25T07:04:05.671Z,63144312000000,0x051C,0x0104,1,2,63,5632,5632,0,-44001,-44008,419118,43357398,1,0,0,0,3,4,0,0,0,15,15,0,1,419118,2,1,10000,10000,0,0,0,0,5,0,0,0,0,6,0x5AA5,5632,-2253,0,0,33237,2,4,2,2,255,0,2,15,0,0,1,0,0,0,0,0,0,0,6,0,0,5600,43357398
2026-09-25T07:04:06.205Z,63144843000000,0x051C,0x0104,1,2,63,5632,5632,0,-44022,-44008,419123,43357899,1,0,0,0,3,4,0,0,0,15,15,0,1,419123,2,1,10000,10000,0,0,0,0,5,0,0,0,0,6,0x5AA5,5632,21400,0,0,33238,2,4,2,4,255,0,4,15,0,0,1,0,0,0,0,0,0,0,6,0,0,5600,43357899
2026-09-25T07:04:06.680Z,63145328000000,0x051C,0x0104,1,2,63,9011,9011,0,-44002,-44011,419128,43358399,1,0,0,0,3,4,0,0,0,15,15,0,1,419128,2,1,10000,10000,0,0,0,0,5,0,0,0,0,6,0x5AA5,9011,-1126,0,0,33239,2,4,2,2,255,0,2,15,0,0,1,0,0,0,0,0,0,0,6,0,0,9000,43358399
2026-09-25T07:04:07.210Z,63145859000000,0x051C,0x0104,1,2,63,4505,4505,0,-44007,-44007,419133,43358900,1,0,0,0,3,4,0,0,0,15,15,0,1,419133,2,1,10000,10000,0,0,0,0,5,0,0,0,0,6,0x5AA5,4505,4505,0,0,33240,2,4,2,4,255,0,4,15,0,0,1,0,0,0,0,0,0,0,6,0,0,4500,43358900
2026-09-25T07:04:07.687Z,63146328000000,0x051C,0x0104,1,2,63,10137,10137,0,-44013,-44012,419138,43359401,1,0,0,0,3,4,0,0,0,15,15,0,1,419138,2,1,10000,10000,0,0,0,0,5,0,0,0,0,6,0x5AA5,10137,11263,0,0,33240,2,4,2,4,255,0,4,15,0,0,1,0,0,0,0,0,0,0,6,0,0,10100,43359401
2026-09-25T07:04:08.224Z,63146875000000,0x051C,0x0104,1,2,63,14642,14642,0,-44014,-44016,419143,43359902,1,0,0,0,3,4,0,0,0,15,15,0,1,419143,2,1,10000,10000,0,0,0,0,5,0,0,0,0,6,0x5AA5,14642,12390,0,0,33240,2,4,2,4,255,0,4,15,0,0,1,0,0,0,0,0,0,0,6,0,0,14600,43359902
2026-09-25T07:04:08.683Z,63147328000000,0x051C,0x0104,1,2,63,14642,14642,0,-44012,-44016,419148,43360403,1,0,0,0,3,4,0,0,0,15,15,0,1,419148,2,1,10000,10000,0,0,0,0,5,0,0,0,0,6,0x5AA5,14642,10137,0,0,33240,2,4,2,4,255,0,4,15,0,0,1,0,0,0,0,0,0,0,6,0,0,14600,43360403
2026-09-25T07:04:09.216Z,63147859000000,0x051C,0x0104,1,2,63,11263,11263,0,-44006,-44013,419153,43360904,1,0,0,0,3,4,0,0,0,15,15,0,1,419153,2,1,10000,10000,0,0,0,0,5,0,0,0,0,6,0x5AA5,11263,3379,0,0,33240,2,4,2,4,255,0,4,15,0,0,1,0,0,0,0,0,0,0,6,0,0,11200,43360904
2026-09-25T07:04:09.692Z,63148343000000,0x051C,0x0104,1,2,63,15769,15769,0,-44020,-44017,419158,43361404,1,0,0,0,3,4,0,0,0,15,15,0,1,419158,2,1,10000,10000,0,0,0,0,5,0,0,0,0,6,0x5AA5,15769,19148,0,0,33240,2,4,2,4,255,0,4,15,0,0,1,0,0,0,0,0,0,0,6,0,0,15700,43361404
2026-09-25T07:04:10.209Z,63148859000000,0x051C,0x0104,1,2,63,15769,15769,0,-43994,-44017,419163,43361905,1,0,0,0,3,4,0,0,0,15,15,0,1,419163,2,1,10000,10000,0,0,0,0,5,0,0,0,0,6,0x5AA5,15769,-10137,0,0,33241,2,4,2,2,255,0,2,15,0,0,1,0,0,0,0,0,0,0,6,0,0,15700,43361905
2026-09-25T07:04:10.684Z,63149328000000,0x051C,0x0104,1,2,63,9011,9011,0,-44001,-44011,419168,43362406,1,0,0,0,3,4,0,0,0,15,15,0,1,419168,2,1,10000,10000,0,0,0,0,5,0,0,0,0,6,0x5AA5,9011,-2253,0,0,33243,2,4,2,2,255,0,2,15,0,0,1,0,0,0,0,0,0,0,6,0,0,9000,43362406
2026-09-25T07:04:11.217Z,63149859000000,0x051C,0x0104,1,2,63,7884,7884,0,-44005,-44010,419173,43362907,1,0,0,0,3,4,0,0,0,15,15,0,1,419173,2,1,10000,10000,0,0,0,0,5,0,0,0,0,6,0x5AA5,7884,2253,0,0,33244,2,4,2,4,255,0,4,15,0,0,1,0,0,0,0,0,0,0,6,0,0,7800,43362907
2026-09-25T07:04:11.693Z,63150343000000,0x051C,0x0104,1,2,63,7884,7884,0,-44003,-44010,419178,43363408,1,0,0,0,3,4,0,0,0,15,15,0,1,419178,2,1,10000,10000,0,0,0,0,5,0,0,0,0,6,0x5AA5,7884,0,0,0,33245,2,4,2,2,255,0,2,15,0,0,1,0,0,0,0,0,0,0,6,0,0,7800,43363408
2026-09-25T07:04:12.209Z,63150859000000,0x051C,0x0104,1,2,63,7884,7884,0,-44023,-44010,419183,43363909,1,0,0,0,3,4,0,0,0,15,15,0,1,419183,2,1,10000,10000,0,0,0,0,5,0,0,0,0,6,0x5AA5,7884,22527,0,0,33246,2,4,2,4,255,0,4,15,0,0,1,0,0,0,0,0,0,0,6,0,0,7800,43363909
2026-09-25T07:04:12.686Z,63151328000000,0x051C,0x0104,1,2,63,15769,15769,0,-44011,-44017,419188,43364410,1,0,0,0,3,4,0,0,0,15,15,0,1,419188,2,1,10000,10000,0,0,0,0,5,0,0,0,0,6,0x5AA5,15769,9011,0,0,33246,2,4,2,4,255,0,4,15,0,0,1,0,0,0,0,0,0,0,6,0,0,15700,43364410
2026-09-25T07:04:13.218Z,63151859000000,0x051C,0x0104,1,2,63,14642,14642,0,-44014,-44016,419193,43364910,1,0,0,0,3,4,0,0,0,15,15,0,1,419193,2,1,10000,10000,0,0,0,0,5,0,0,0,0,6,0x5AA5,14642,12390,0,0,33246,2,4,2,4,255,0,4,15,0,0,1,0,0,0,0,0,0,0,6,0,0,14600,43364910
2026-09-25T07:04:13.694Z,63152343000000,0x051C,0x0104,1,2,63,18021,18021,0,-44011,-44019,419198,43365411,1,0,0,0,3,4,0,0,0,15,15,0,1,419198,2,1,10000,10000,0,0,0,0,5,0,0,0,0,6,0x5AA5,18021,9011,0,0,33246,2,4,2,4,255,0,4,15,0,0,1,0,0,0,0,0,0,0,6,0,0,18000,43365411
2026-09-25T07:04:14.213Z,63152859000000,0x051C,0x0104,1,2,63,14642,14642,0,-44014,-44016,419203,43365913,1,0,0,0,3,4,0,0,0,15,15,0,1,419203,2,1,10000,10000,0,0,0,0,5,0,0,0,0,6,0x5AA5,14642,12390,0,0,33248,2,4,2,4,255,0,4,15,0,0,1,0,0,0,0,0,0,0,6,0,0,14600,43365913
2026-09-25T07:04:14.687Z,63153328000000,0x051C,0x0104,1,2,63,11263,11263,0,-44023,-44013,419208,43366413,1,0,0,0,3,4,0,0,0,15,15,0,1,419208,2,1,10000,10000,0,0,0,0,5,0,0,0,0,6,0x5AA5,11263,22527,0,0,33248,2,4,2,4,255,0,4,15,0,0,1,0,0,0,0,0,0,0,6,0,0,11200,43366413
2026-09-25T07:04:15.220Z,63153859000000,0x051C,0x0104,1,2,63,13516,13516,0,-44023,-44015,419213,43366914,1,0,0,0,3,4,0,0,0,15,15,0,1,419213,2,1,10000,10000,0,0,0,0,5,0,0,0,0,6,0x5AA5,13516,22527,0,0,33248,2,4,2,4,255,0,4,15,0,0,1,0,0,0,0,0,0,0,6,0,0,13500,43366914
2026-09-25T07:04:15.697Z,63154343000000,0x051C,0x0104,1,2,63,11263,11263,0,-44018,-44013,419218,43367415,1,0,0,0,3,4,0,0,0,15,15,0,1,419218,2,1,10000,10000,0,0,0,0,5,0,0,0,0,6,0x5AA5,11263,16895,0,0,33250,2,4,2,4,255,0,4,15,0,0,1,0,0,0,0,0,0,0,6,0,0,11200,43367415
2026-09-25T07:04:16.212Z,63154859000000,0x051C,0x0104,1,2,63,11263,11263,0,-44011,-44013,419223,43367916,1,0,0,0,3,4,0,0,0,15,15,0,1,419223,2,1,10000,10000,0,0,0,0,5,0,0,0,0,6,0x5AA5,11263,9011,0,0,33250,2,4,2,4,255,0,4,15,0,0,1,0,0,0,0,0,0,0,6,0,0,11200,43367916
2026-09-25T07:04:16.688Z,63155328000000,0x051C,0x0104,1,2,63,9011,9011,0,-44015,-44011,419228,43368417,1,0,0,0,3,4,0,0,0,15,15,0,1,419228,2,1,10000,10000,0,0,0,0,5,0,0,0,0,6,0x5AA5,9011,13516,0,0,33252,2,4,2,4,255,0,4,15,0,0,1,0,0,0,0,0,0,0,6,0,0,9000,43368417
2026-09-25T07:04:17.222Z,63155875000000,0x051C,0x0104,1,2,63,11263,11263,0,-44009,-44013,419233,43368918,1,0,0,0,3,4,0,0,0,15,15,0,1,419233,2,1,10000,10000,0,0,0,0,5,0,0,0,0,6,0x5AA5,11263,6758,0,0,33252,2,4,2,4,255,0,4,15,0,0,1,0,0,0,0,0,0,0,6,0,0,11200,43368918
2026-09-25T07:04:17.681Z,63156328000000,0x051C,0x0104,1,2,63,5632,5632,0,-44017,-44008,419238,43369418,1,0,0,0,3,4,0,0,0,15,15,0,1,419238,2,1,10000,10000,0,0,0,0,5,0,0,0,0,6,0x5AA5,5632,15769,0,0,33254,2,4,2,4,255,0,4,15,0,0,1,0,0,0,0,0,0,0,6,0,0,5600,43369418
2026-09-25T07:04:18.213Z,63156859000000,0x051C,0x0104,1,2,63,6758,6758,0,-44010,-44009,419243,43369919,1,0,0,0,3,4,0,0,0,15,15,0,1,419243,2,1,10000,10000,0,0,0,0,5,0,0,0,0,6,0x5AA5,6758,7884,0,0,33254,2,4,2,4,255,0,4,15,0,0,1,0,0,0,0,0,0,0,6,0,0,6700,43369919
2026-09-25T07:04:18.688Z,63157328000000,0x051C,0x0104,1,2,63,4505,4505,0,-44010,-44007,419248,43370420,1,0,0,0,3,4,0,0,0,15,15,0,1,419248,2,1,10000,10000,0,0,0,0,5,0,0,0,0,6,0x5AA5,4505,7884,0,0,33256,2,4,2,4,255,0,4,15,0,0,1,0,0,0,0,0,0,0,6,0,0,4500,43370420
2026-09-25T07:04:19.223Z,63157875000000,0x051C,0x0104,1,2,63,0,0,0,-44001,-44003,419253,43370921,1,0,0,0,3,4,0,0,0,15,15,0,1,419253,2,1,10000,10000,0,0,0,0,5,0,0,0,0,6,0x5AA5,0,-2253,0,0,33257,2,3,2,2,255,0,2,15,0,0,1,0,0,0,0,0,0,0,6,0,0,0,43370921
2026-09-25T07:04:19.682Z,63158328000000,0x051C,0x0104,1,2,63,3379,3379,0,-44011,-44006,419258,43371422,1,0,0,0,3,4,0,0,0,15,15,0,1,419258,2,1,10000,10000,0,0,0,0,5,0,0,0,0,6,0x5AA5,3379,9011,0,0,33258,2,4,2,4,255,0,4,15,0,0,1,0,0,0,0,0,0,0,6,0,0,3300,43371422
2026-09-25T07:04:20.213Z,63158859000000,0x051C,0x0104,1,2,63,6758,6758,0,-44003,-44009,419263,43371923,1,0,0,0,3,4,0,0,0,15,15,0,1,419263,2,1,10000,10000,0,0,0,0,5,0,0,0,0,6,0x5AA5,6758,0,0,0,33258,2,4,2,4,255,0,4,15,0,0,1,0,0,0,0,0,0,0,6,0,0,6700,43371923
2026-09-25T07:04:20.690Z,63159328000000,0x051C,0x0104,1,2,63,0,0,0,-43989,-44003,419268,43372424,1,0,0,0,3,4,0,0,0,15,15,0,1,419268,2,1,10000,10000,0,0,0,0,5,0,0,0,0,6,0x5AA5,0,-15769,0,0,33261,2,3,2,2,255,0,2,15,0,0,1,0,0,0,0,0,0,0,6,0,0,0,43372424
2026-09-25T07:04:21.222Z,63159875000000,0x051C,0x0104,1,2,63,-1126,-1126,0,-43997,-44002,419273,43372925,1,0,0,0,3,4,0,0,0,15,15,0,1,419273,2,1,10000,10000,0,0,0,0,5,0,0,0,0,6,0x5AA5,-1126,-6758,0,0,33263,2,2,2,2,255,0,2,15,0,0,1,0,0,0,0,0,0,0,6,0,0,-1100,43372925
2026-09-25T07:04:21.697Z,63160343000000,0x051C,0x0104,1,2,63,0,0,0,-44007,-44003,419278,43373426,1,0,0,0,3,4,0,0,0,15,15,0,1,419278,2,1,10000,10000,0,0,0,0,5,0,0,0,0,6,0x5AA5,0,4505,0,0,33264,2,3,2,4,255,0,4,15,0,0,1,0,0,0,0,0,0,0,6,0,0,0,43373426
2026-09-25T07:04:22.232Z,63160875000000,0x051C,0x0104,1,2,63,4505,4505,0,-44009,-44007,419283,43373926,1,0,0,0,3,4,0,0,0,15,15,0,1,419283,2,1,10000,10000,0,0,0,0,5,0,0,0,0,6,0x5AA5,4505,6758,0,0,33266,2,4,2,4,255,0,4,15,0,0,1,0,0,0,0,0,0,0,6,0,0,4500,43373926
2026-09-25T07:04:22.705Z,63161343000000,0x051C,0x0104,1,2,63,5632,5632,0,-44013,-44008,419288,43374427,1,0,0,0,3,4,0,0,0,15,15,0,1,419288,2,1,10000,10000,0,0,0,0,5,0,0,0,0,6,0x5AA5,5632,11263,0,0,33268,2,4,2,4,255,0,4,15,0,0,1,0,0,0,0,0,0,0,6,0,0,5600,43374427
2026-09-25T07:04:23.224Z,63161875000000,0x051C,0x0104,1,2,63,5632,5632,0,-44007,-44008,419293,43374928,1,0,0,0,3,4,0,0,0,15,15,0,1,419293,2,1,10000,10000,0,0,0,0,5,0,0,0,0,6,0x5AA5,5632,4505,0,0,33270,2,4,2,4,255,0,4,15,0,0,1,0,0,0,0,0,0,0,6,0,0,5600,43374928
2026-09-25T07:04:23.698Z,63162343000000,0x051C,0x0104,1,2,63,3379,3379,0,-43998,-44006,419298,43375429,1,0,0,0,3,4,0,0,0,15,15,0,1,419298,2,1,10000,10000,0,0,0,0,5,0,0,0,0,6,0x5AA5,3379,-5632,0,0,33273,2,4,2,2,255,0,2,15,0,0,1,0,0,0,0,0,0,0,6,0,0,3300,43375429
2026-09-25T07:04:24.232Z,63162875000000,0x051C,0x0104,1,2,63,4505,4505,0,-44017,-44007,419303,43375930,1,0,0,0,3,4,0,0,0,15,15,0,1,419303,2,1,10000,10000,0,0,0,0,5,0,0,0,0,6,0x5AA5,4505,15769,0,0,33276,2,4,2,4,255,0,4,15,0,0,1,0,0,0,0,0,0,0,6,0,0,4500,43375930
2026-09-25T07:04:24.705Z,63163343000000,0x051C,0x0104,1,2,63,5632,5632,0,-44010,-44008,419308,43376431,1,0,0,0,3,4,0,0,0,15,15,0,1,419308,2,1,10000,10000,0,0,0,0,5,0,0,0,0,6,0x5AA5,5632,7884,0,0,33278,2,4,2,4,255,0,4,15,0,0,1,0,0,0,0,0,0,0,6,0,0,5600,43376431
2026-09-25T07:04:25.238Z,63163890000000,0x051C,0x0104,1,2,63,9011,9011,0,-44029,-44011,419313,43376933,1,0,0,0,3,4,0,0,0,15,15,0,1,419313,2,1,10000,10000,0,0,0,0,5,0,0,0,0,6,0x5AA5,9011,29285,0,0,33278,2,4,2,4,255,0,4,15,0,0,1,0,0,0,0,0,0,0,6,0,0,9000,43376933
2026-09-25T07:04:25.715Z,63164359000000,0x051C,0x0104,1,2,63,12390,12390,0,-43994,-44014,419318,43377433,1,0,0,0,3,4,0,0,0,15,15,0,1,419318,2,1,10000,10000,0,0,0,0,5,0,0,0,0,6,0x5AA5,12390,-10137,0,0,33279,2,4,2,2,255,0,2,15,0,0,1,0,0,0,0,0,0,0,6,0,0,12300,43377433
2026-09-25T07:04:26.248Z,63164890000000,0x051C,0x0104,1,2,63,10137,10137,0,-44014,-44012,419323,43377934,1,0,0,0,3,4,0,0,0,15,15,0,1,419323,2,1,10000,10000,0,0,0,0,5,0,0,0,0,6,0x5AA5,10137,12390,0,0,33282,2,4,2,4,255,0,4,15,0,0,1,0,0,0,0,0,0,0,6,0,0,10100,43377934
2026-09-25T07:04:26.726Z,63165375000000,0x051C,0x0104,1,2,63,9011,9011,0,-44033,-44011,419328,43378435,1,0,0,0,3,4,0,0,0,15,15,0,1,419328,2,1,10000,10000,0,0,0,0,5,0,0,0,0,6,0x5AA5,9011,33790,0,0,33282,2,4,2,4,255,0,4,15,0,0,1,0,0,0,0,0,0,0,6,0,0,9000,43378435
2026-09-25T07:04:27.244Z,63165890000000,0x051C,0x0104,1,2,63,18021,18021,0,-44020,-44019,419333,43378935,1,0,0,0,3,4,0,0,0,15,15,0,1,419333,2,1,10000,10000,0,0,0,0,5,0,0,0,0,6,0x5AA5,18021,19148,0,0,33282,2,4,2,4,255,0,4,15,0,0,1,0,0,0,0,0,0,0,6,0,0,18000,43378935
2026-09-25T07:04:27.720Z,63166359000000,0x051C,0x0104,1,2,63,12390,12390,0,-44013,-44014,419338,43379436,1,0,0,0,3,4,0,0,0,15,15,0,1,419338,2,1,10000,10000,0,0,0,0,5,0,0,0,0,6,0x5AA5,12390,11263,0,0,33284,2,4,2,4,255,0,4,15,0,0,1,0,0,0,0,0,0,0,6,0,0,12300,43379436
2026-09-25T07:04:28.252Z,63166890000000,0x051C,0x0104,1,2,63,11263,11263,0,-44023,-44013,419343,43379937,1,0,0,0,3,4,0,0,0,15,15,0,1,419343,2,1,10000,10000,0,0,0,0,5,0,0,0,0,6,0x5AA5,11263,22527,0,0,33284,2,4,2,4,255,0,4,15,0,0,1,0,0,0,0,0,0,0,6,0,0,11200,43379937
2026-09-25T07:04:28.745Z,63167390000000,0x051C,0x0104,1,2,63,10137,10137,0,-44001,-44012,419348,43380438,1,0,0,0,3,4,0,0,0,15,15,0,1,419348,2,1,10000,10000,0,0,0,0,5,0,0,0,0,6,0x5AA5,10137,-2253,0,0,33285,2,4,2,2,255,0,2,15,0,0,1,0,0,0,0,0,0,0,6,0,0,10100,43380438
2026-09-25T07:04:29.281Z,63167921000000,0x051C,0x0104,1,2,63,10137,10137,0,-44029,-44012,419353,43380939,1,0,0,0,3,4,0,0,0,15,15,0,1,419353,2,1,10000,10000,0,0,0,0,5,0,0,0,0,6,0x5AA5,10137,29285,0,0,33288,2,4,2,4,255,0,4,15,0,0,1,0,0,0,0,0,0,0,6,0,0,10100,43380939
2026-09-25T07:04:29.756Z,63168406000000,0x051C,0x0104,1,2,63,14642,14642,0,-44011,-44016,419358,43381440,1,0,0,0,3,4,0,0,0,15,15,0,1,419358,2,1,10000,10000,0,0,0,0,5,0,0,0,0,6,0x5AA5,14642,9011,0,0,33288,2,4,2,4,255,0,4,15,0,0,1,0,0,0,0,0,0,0,6,0,0,14600,43381440
2026-09-25T07:04:30.275Z,63168921000000,0x051C,0x0104,1,2,63,13516,13516,0,-44005,-44015,419363,43381941,1,0,0,0,3,4,0,0,0,15,15,0,1,419363,2,1,10000,10000,0,0,0,0,5,0,0,0,0,6,0x5AA5,13516,2253,0,0,33288,2,4,2,4,255,0,4,15,0,0,1,0,0,0,0,0,0,0,6,0,0,13500,43381941
2026-09-25T07:04:30.750Z,63169390000000,0x051C,0x0104,1,2,63,11263,11263,0,-44016,-44013,419368,43382442,1,0,0,0,3,4,0,0,0,15,15,0,1,419368,2,1,10000,10000,0,0,0,0,5,0,0,0,0,6,0x5AA5,11263,14642,0,0,33288,2,4,2,4,255,0,4,15,0,0,1,0,0,0,0,0,0,0,6,0,0,11200,43382442
2026-09-25T07:04:31.283Z,63169921000000,0x051C,0x0104,1,2,63,14642,14642,0,-44009,-44016,419373,43382943,1,0,0,0,3,4,0,0,0,15,15,0,1,419373,2,1,10000,10000,0,0,0,0,5,0,0,0,0,6,0x5AA5,14642,6758,0,0,33288,2,4,2,4,255,0,4,15,0,0,1,0,0,0,0,0,0,0,6,0,0,14600,43382943
2026-09-25T07:04:31.758Z,63170406000000,0x051C,0x0104,1,2,63,6758,6758,0,-44002,-44009,419378,43383444,1,0,0,0,3,4,0,0,0,15,15,0,1,419378,2,1,10000,10000,0,0,0,0,5,0,0,0,0,6,0x5AA5,6758,-1126,0,0,33291,2,4,2,2,255,0,2,15,0,0,1,0,0,0,0,0,0,0,6,0,0,6700,43383444
2026-09-25T07:04:32.276Z,63170921000000,0x051C,0x0104,1,2,63,7884,7884,0,-44024,-44010,419383,43383945,1,0,0,0,3,4,0,0,0,15,15,0,1,419383,2,1,10000,10000,0,0,0,0,5,0,0,0,0,6,0x5AA5,7884,23653,0,0,33292,2,4,2,4,255,0,4,15,0,0,1,0,0,0,0,0,0,0,6,0,0,7800,43383945
2026-09-25T07:04:32.751Z,63171390000000,0x051C,0x0104,1,2,63,12390,12390,0,-44034,-44014,419388,43384446,1,0,0,0,3,4,0,0,0,15,15,0,1,419388,2,1,10000,10000,0,0,0,0,5,0,0,0,0,6,0x5AA5,12390,34916,0,0,33292,2,4,2,4,255,0,4,15,0,0,1,0,0,0,0,0,0,0,6,0,0,12300,43384446
2026-09-25T07:04:33.287Z,63171937000000,0x051C,0x0104,1,2,63,11263,11263,0,-44004,-44013,419393,43384946,1,0,0,0,3,4,0,0,0,15,15,0,1,419393,2,1,10000,10000,0,0,0,0,5,0,0,0,0,6,0x5AA5,11263,1126,0,0,33292,2,4,2,4,255,0,4,15,0,0,1,0,0,0,0,0,0,0,6,0,0,11200,43384946
2026-09-25T07:04:33.745Z,63172390000000,0x051C,0x0104,1,2,63,9011,9011,0,-44006,-44011,419398,43385447,1,0,0,0,3,4,0,0,0,15,15,0,1,419398,2,1,10000,10000,0,0,0,0,5,0,0,0,0,6,0x5AA5,9011,3379,0,0,33292,2,4,2,4,255,0,4,15,0,0,1,0,0,0,0,0,0,0,6,0,0,9000,43385447
2026-09-25T07:04:34.280Z,63172921000000,0x051C,0x0104,1,2,63,10137,10137,0,-44027,-44012,419403,43385948,1,0,0,0,3,4,0,0,0,15,15,0,1,419403,2,1,10000,10000,0,0,0,0,5,0,0,0,0,6,0x5AA5,10137,27032,0,0,33294,2,4,2,4,255,0,4,15,0,0,1,0,0,0,0,0,0,0,6,0,0,10100,43385948
2026-09-25T07:04:34.756Z,63173406000000,0x051C,0x0104,1,2,63,10137,10137,0,-44016,-44012,419408,43386449,1,0,0,0,3,4,0,0,0,15,15,0,1,419408,2,1,10000,10000,0,0,0,0,5,0,0,0,0,6,0x5AA5,10137,14642,0,0,33294,2,4,2,4,255,0,4,15,0,0,1,0,0,0,0,0,0,0,6,0,0,10100,43386449
2026-09-25T07:04:35.273Z,63173921000000,0x051C,0x0104,1,2,63,5632,5632,0,-43997,-44008,419413,43386950,1,0,0,0,3,4,0,0,0,15,15,0,1,419413,2,1,10000,10000,0,0,0,0,5,0,0,0,0,6,0x5AA5,5632,-6758,0,0,33297,2,4,2,2,255,0,2,15,0,0,1,0,0,0,0,0,0,0,6,0,0,5600,43386950
2026-09-25T07:04:35.747Z,63174390000000,0x051C,0x0104,1,2,63,5632,5632,0,-44005,-44008,419418,43387451,1,0,0,0,3,4,0,0,0,15,15,0,1,419418,2,1,10000,10000,0,0,0,0,5,0,0,0,0,6,0x5AA5,5632,2253,0,0,33300,2,4,2,4,255,0,4,15,0,0,1,0,0,0,0,0,0,0,6,0,0,5600,43387451
2026-09-25T07:04:36.285Z,63174937000000,0x051C,0x0104,1,2,63,4505,4505,0,-44006,-44007,419423,43387952,1,0,0,0,3,4,0,0,0,15,15,0,1,419423,2,1,10000,10000,0,0,0,0,5,0,0,0,0,6,0x5AA5,4505,3379,0,0,33302,2,4,2,4,255,0,4,15,0,0,1,0,0,0,0,0,0,0,6,0,0,4500,43387952
2026-09-25T07:04:36.745Z,63175390000000,0x051C,0x0104,1,2,63,6758,6758,0,-43994,-44009,419428,43388453,1,0,0,0,3,4,0,0,0,15,15,0,1,419428,2,1,10000,10000,0,0,0,0,5,0,0,0,0,6,0x5AA5,6758,-10137,0,0,33303,2,4,2,2,255,0,2,15,0,0,1,0,0,0,0,0,0,0,6,0,0,6700,43388453
2026-09-25T07:04:37.281Z,63175921000000,0x051C,0x0104,1,2,63,4505,4505,0,-44001,-44007,419433,43388953,1,0,0,0,3,4,0,0,0,15,15,0,1,419433,2,1,10000,10000,0,0,0,0,5,0,0,0,0,6,0x5AA5,4505,-2253,0,0,33305,2,4,2,2,255,0,2,15,0,0,1,0,0,0,0,0,0,0,6,0,0,4500,43388953
2026-09-25T07:04:37.755Z,63176406000000,0x051C,0x0104,1,2,63,3379,3379,0,-43993,-44006,419438,43389454,1,0,0,0,3,4,0,0,0,15,15,0,1,419438,2,1,10000,10000,0,0,0,0,5,0,0,0,0,6,0x5AA5,3379,-11263,0,0,33307,2,4,2,2,255,0,2,15,0,0,1,0,0,0,0,0,0,0,6,0,0,3300,43389454
2026-09-25T07:04:38.270Z,63176921000000,0x051C,0x0104,1,2,63,3379,3379,0,-44007,-44006,419443,43389955,1,0,0,0,3,4,0,0,0,15,15,0,1,419443,2,1,10000,10000,0,0,0,0,5,0,0,0,0,6,0x5AA5,3379,4505,0,0,33308,2,4,2,4,255,0,4,15,0,0,1,0,0,0,0,0,0,0,6,0,0,3300,43389955
2026-09-25T07:04:38.745Z,63177390000000,0x051C,0x0104,1,2,63,2253,2253,0,-43982,-44005,419448,43390456,1,0,0,0,3,4,0,0,0,15,15,0,1,419448,2,1,10000,10000,0,0,0,0,5,0,0,0,0,6,0x5AA5,2253,-23653,0,0,33309,2,4,2,2,255,0,2,15,0,0,1,0,0,0,0,0,0,0,6,0,0,2200,43390456
2026-09-25T07:04:39.280Z,63177921000000,0x051C,0x0104,1,2,63,1126,1126,0,-44004,-44004,419453,43390957,1,0,0,0,3,4,0,0,0,15,15,0,1,419453,2,1,10000,10000,0,0,0,0,5,0,0,0,0,6,0x5AA5,1126,1126,0,0,33310,2,4,2,4,255,0,4,15,0,0,1,0,0,0,0,0,0,0,6,0,0,1100,43390957
2026-09-25T07:04:39.755Z,63178406000000,0x051C,0x0104,1,2,63,-6758,-6758,0,-43983,-43997,419458,43391458,1,0,0,0,3,4,0,0,0,15,15,0,1,419458,2,1,10000,10000,0,0,0,0,5,0,0,0,0,6,0x5AA5,-6758,-22527,0,0,33311,2,2,2,2,255,0,2,15,0,0,1,0,0,0,0,0,0,0,6,0,0,-6700,43391458
2026-09-25T07:04:40.272Z,63178921000000,0x051C,0x0104,0,2,63,-9011,-9011,0,-43986,-43995,419463,43391959,1,0,0,0,3,4,0,0,0,15,15,0,1,419463,2,1,0,0,0,0,0,0,5,0,0,0,0,6,0x5AA5,-9011,-19148,0,0,33311,2,2,2,2,255,0,2,15,0,0,1,0,0,0,0,0,0,0,6,0,0,-9000,43391959
2026-09-25T07:04:40.746Z,63179390000000,0x051C,0x0104,0,2,63,-7884,-7884,0,-43996,-43996,419468,43392460,1,0,0,0,3,4,0,0,0,15,15,0,1,419468,2,1,0,0,0,0,0,0,5,0,0,0,0,6,0x5AA5,-7884,-7884,0,0,33313,2,2,2,2,255,0,2,15,0,0,1,0,0,0,0,0,0,0,6,0,0,-7800,43392460
2026-09-25T07:04:41.282Z,63179921000000,0x051C,0x0104,0,2,63,-7884,-7884,0,-43989,-43996,419473,43392960,1,0,0,0,3,4,0,0,0,15,15,0,1,419473,2,1,0,0,0,0,0,0,5,0,0,0,0,6,0x5AA5,-7884,-15769,0,0,33313,2,2,2,2,255,0,2,15,0,0,1,0,0,0,0,0,0,0,6,0,0,-7800,43392960
2026-09-25T07:04:41.756Z,63180406000000,0x051C,0x0104,0,2,63,-1126,-1126,0,-44013,-44002,419478,43393461,1,0,0,0,3,4,0,0,0,15,15,0,1,419478,2,1,0,0,0,0,0,0,5,0,0,0,0,6,0x5AA5,-1126,11263,0,0,33314,2,2,2,4,255,0,4,15,0,0,1,0,0,0,0,0,0,0,6,0,0,-1100,43393461
2026-09-25T07:04:42.272Z,63180921000000,0x051C,0x0104,0,2,63,1126,1126,0,-44017,-44004,419483,43393962,1,0,0,0,3,4,0,0,0,15,15,0,1,419483,2,1,0,0,0,0,0,0,5,0,0,0,0,6,0x5AA5,1126,15769,0,0,33314,2,4,2,4,255,0,4,15,0,0,1,0,0,0,0,0,0,0,6,0,0,1100,43393962
2026-09-25T07:04:42.750Z,63181390000000,0x051C,0x0104,0,2,63,2253,2253,0,-44012,-44005,419488,43394463,1,0,0,0,3,4,0,0,0,15,15,0,1,419488,2,1,0,0,0,0,0,0,5,0,0,0,0,6,0x5AA5,2253,10137,0,0,33318,2,4,2,4,255,0,4,15,0,0,1,0,0,0,0,0,0,0,6,0,0,2200,43394463
2026-09-25T07:04:43.284Z,63181921000000,0x051C,0x0104,0,2,63,4505,4505,0,-44010,-44007,419493,43394964,1,0,0,0,3,4,0,0,0,15,15,0,1,419493,2,1,0,0,0,0,0,0,5,0,0,0,0,6,0x5AA5,4505,7884,0,0,33320,2,4,2,4,255,0,4,15,0,0,1,0,0,0,0,0,0,0,6,0,0,4500,43394964
2026-09-25T07:04:43.744Z,63182390000000,0x051C,0x0104,0,2,63,5632,5632,0,-44014,-44008,419498,43395465,1,0,0,0,3,4,0,0,0,15,15,0,1,419498,2,1,0,0,0,0,0,0,5,0,0,0,0,6,0x5AA5,5632,12390,0,0,33322,2,4,2,4,255,0,4,15,0,0,1,0,0,0,0,0,0,0,6,0,0,5600,43395465
2026-09-25T07:04:44.281Z,63182921000000,0x051C,0x0104,0,2,63,13516,13516,0,-44019,-44015,419503,43395966,1,0,0,0,3,4,0,0,0,15,15,0,1,419503,2,1,0,0,0,0,0,0,5,0,0,0,0,6,0x5AA5,13516,18021,0,0,33322,2,4,2,4,255,0,4,15,0,0,1,0,0,0,0,0,0,0,6,0,0,13500,43395966
2026-09-25T07:04:44.757Z,63183406000000,0x051C,0x0104,0,2,63,12390,12390,0,-44009,-44014,419508,43396466,1,0,0,0,3,4,0,0,0,15,15,0,1,419508,2,1,0,0,0,0,0,0,5,0,0,0,0,6,0x5AA5,12390,6758,0,0,33324,2,4,2,4,255,0,4,15,0,0,1,0,0,0,0,0,0,0,6,0,0,12300,43396466
2026-09-25T07:04:45.272Z,63183921000000,0x051C,0x0104,0,2,63,7884,7884,0,-44004,-44010,419513,43396967,1,0,0,0,3,4,0,0,0,15,15,0,1,419513,2,1,0,0,0,0,0,0,5,0,0,0,0,6,0x5AA5,7884,1126,0,0,33324,2,4,2,4,255,0,4,15,0,0,1,0,0,0,0,0,0,0,6,0,0,7800,43396967
2026-09-25T07:04:45.746Z,63184390000000,0x051C,0x0104,0,2,63,10137,10137,0,-44027,-44012,419518,43397468,1,0,0,0,3,4,0,0,0,15,15,0,1,419518,2,1,0,0,0,0,0,0,5,0,0,0,0,6,0x5AA5,10137,27032,0,0,33324,2,4,2,4,255,0,4,15,0,0,1,0,0,0,0,0,0,0,6,0,0,10100,43397468
2026-09-25T07:04:46.282Z,63184921000000,0x051C,0x0104,0,2,63,12390,12390,0,-44020,-44014,419523,43397969,1,0,0,0,3,4,0,0,0,15,15,0,1,419523,2,1,0,0,0,0,0,0,5,0,0,0,0,6,0x5AA5,12390,19148,0,0,33324,2,4,2,4,255,0,4,15,0,0,1,0,0,0,0,0,0,0,6,0,0,12300,43397969
2026-09-25T07:04:46.757Z,63185406000000,0x051C,0x0104,0,2,63,18021,18021,0,-44022,-44019,419528,43398470,1,0,0,0,3,4,0,0,0,15,15,0,1,419528,2,1,0,0,0,0,0,0,5,0,0,0,0,6,0x5AA5,18021,21400,0,0,33324,2,4,2,4,255,0,4,15,0,0,1,0,0,0,0,0,0,0,6,0,0,18000,43398470
2026-09-25T07:04:47.276Z,63185921000000,0x051C,0x0104,1,2,63,7884,7884,0,-43998,-44010,419533,43398971,1,0,0,0,3,4,0,0,0,15,15,0,1,419533,2,1,10000,10000,0,0,0,0,5,0,0,0,0,6,0x5AA5,7884,-5632,0,0,33327,2,4,2,2,255,0,2,15,0,0,1,0,0,0,0,0,0,0,6,0,0,7800,43398971
2026-09-25T07:04:47.750Z,63186390000000,0x051C,0x0104,1,2,63,13516,13516,0,-44042,-44015,419538,43399473,1,0,0,0,3,4,0,0,0,15,15,0,1,419538,2,1,10000,10000,0,0,0,0,5,0,0,0,0,6,0x5AA5,13516,43927,0,0,33328,2,4,2,4,255,0,4,15,0,0,1,0,0,0,0,0,0,0,6,0,0,13500,43399473
2026-09-25T07:04:48.283Z,63186921000000,0x051C,0x0104,1,2,63,16895,16895,0,-44010,-44018,419543,43399973,1,0,0,0,3,4,0,0,0,15,15,0,1,419543,2,1,10000,10000,0,0,0,0,5,0,0,0,0,6,0x5AA5,16895,7884,0,0,33330,2,4,2,4,255,0,4,15,0,0,1,0,0,0,0,0,0,0,6,0,0,16800,43399973
2026-09-25T07:04:48.757Z,63187406000000,0x051C,0x0104,1,2,63,13516,13516,0,-44006,-44015,419548,43400474,1,0,0,0,3,4,0,0,0,15,15,0,1,419548,2,1,10000,10000,0,0,0,0,5,0,0,0,0,6,0x5AA5,13516,3379,0,0,33330,2,4,2,4,255,0,4,15,0,0,1,0,0,0,0,0,0,0,6,0,0,13500,43400474
2026-09-25T07:04:49.274Z,63187921000000,0x051C,0x0104,1,2,63,10137,10137,0,-44009,-44012,419553,43400975,1,0,0,0,3,4,0,0,0,15,15,0,1,419553,2,1,10000,10000,0,0,0,0,5,0,0,0,0,6,0x5AA5,10137,6758,0,0,33332,2,4,2,4,255,0,4,15,0,0,1,0,0,0,0,0,0,0,6,0,0,10100,43400975
2026-09-25T07:04:49.750Z,63188390000000,0x051C,0x0104,1,2,63,7884,7884,0,-44010,-44010,419558,43401476,1,0,0,0,3,4,0,0,0,15,15,0,1,419558,2,1,10000,10000,0,0,0,0,5,0,0,0,0,6,0x5AA5,7884,7884,0,0,33334,2,4,2,4,255,0,4,15,0,0,1,0,0,0,0,0,0,0,6,0,0,7800,43401476
2026-09-25T07:04:50.282Z,63188921000000,0x051C,0x0104,1,2,63,12390,12390,0,-44013,-44014,419563,43401976,1,0,0,0,3,4,0,0,0,15,15,0,1,419563,2,1,10000,10000,0,0,0,0,5,0,0,0,0,6,0x5AA5,12390,11263,0,0,33334,2,4,2,4,255,0,4,15,0,0,1,0,0,0,0,0,0,0,6,0,0,12300,43401976
2026-09-25T07:04:50.758Z,63189406000000,0x051C,0x0104,1,2,63,13516,13516,0,-44011,-44015,419568,43402477,1,0,0,0,3,4,0,0,0,15,15,0,1,419568,2,1,10000,10000,0,0,0,0,5,0,0,0,0,6,0x5AA5,13516,9011,0,0,33334,2,4,2,4,255,0,4,15,0,0,1,0,0,0,0,0,0,0,6,0,0,13500,43402477
2026-09-25T07:04:51.276Z,63189921000000,0x051C,0x0104,1,2,63,16895,16895,0,-44008,-44018,419573,43402978,1,0,0,0,3,4,0,0,0,15,15,0,1,419573,2,1,10000,10000,0,0,0,0,5,0,0,0,0,6,0x5AA5,16895,5632,0,0,33334,2,4,2,4,255,0,4,15,0,0,1,0,0,0,0,0,0,0,6,0,0,16800,43402978
2026-09-25T07:04:51.750Z,63190390000000,0x051C,0x0104,1,2,63,9011,9011,0,-44010,-44011,419578,43403479,1,0,0,0,3,4,0,0,0,15,15,0,1,419578,2,1,10000,10000,0,0,0,0,5,0,0,0,0,6,0x5AA5,9011,7884,0,0,33336,2,4,2,4,255,0,4,15,0,0,1,0,0,0,0,0,0,0,6,0,0,9000,43403479
2026-09-25T07:04:52.282Z,63190921000000,0x051C,0x0104,1,2,63,10137,10137,0,-43994,-44012,419583,43403980,1,0,0,0,3,4,0,0,0,15,15,0,1,419583,2,1,10000,10000,0,0,0,0,5,0,0,0,0,6,0x5AA5,10137,-10137,0,0,33337,2,4,2,2,255,0,2,15,0,0,1,0,0,0,0,0,0,0,6,0,0,10100,43403980
2026-09-25T07:04:52.756Z,63191406000000,0x051C,0x0104,1,2,63,6758,6758,0,-44013,-44009,419588,43404481,1,0,0,0,3,4,0,0,0,15,15,0,1,419588,2,1,10000,10000,0,0,0,0,5,0,0,0,0,6,0x5AA5,6758,11263,0,0,33338,2,4,2,4,255,0,4,15,0,0,1,0,0,0,0,0,0,0,6,0,0,6700,43404481
2026-09-25T07:04:53.273Z,63191921000000,0x051C,0x0104,1,2,63,6758,6758,0,-44014,-44009,419593,43404982,1,0,0,0,3,4,0,0,0,15,15,0,1,419593,2,1,10000,10000,0,0,0,0,5,0,0,0,0,6,0x5AA5,6758,12390,0,0,33338,2,4,2,4,255,0,4,15,0,0,1,0,0,0,0,0,0,0,6,0,0,6700,43404982
2026-09-25T07:04:53.749Z,63192390000000,0x051C,0x0104,1,2,63,-2253,-2253,0,-43993,-44001,419598,43405483,1,0,0,0,3,4,0,0,0,15,15,0,1,419598,2,1,10000,10000,0,0,0,0,5,0,0,0,0,6,0x5AA5,-2253,-11263,0,0,33339,2,2,2,2,255,0,2,15,0,0,1,0,0,0,0,0,0,0,6,0,0,-2200,43405483
2026-09-25T07:04:54.281Z,63192921000000,0x051C,0x0104,1,2,63,-3379,-3379,0,-44015,-44000,419603,43405983,1,0,0,0,3,4,0,0,0,15,15,0,1,419603,2,1,10000,10000,0,0,0,0,5,0,0,0,0,6,0x5AA5,-3379,13516,0,0,33340,2,2,2,4,255,0,4,15,0,0,1,0,0,0,0,0,0,0,6,0,0,-3300,43405983
2026-09-25T07:04:54.757Z,63193406000000,0x051C,0x0104,1,2,63,-2253,-2253,0,-44003,-44001,419608,43406484,1,0,0,0,3,4,0,0,0,15,15,0,1,419608,2,1,10000,10000,0,0,0,0,5,0,0,0,0,6,0x5AA5,-2253,0,0,0,33342,2,2,2,4,255,0,4,15,0,0,1,0,0,0,0,0,0,0,6,0,0,-2200,43406484
2026-09-25T07:04:55.273Z,63193921000000,0x051C,0x0104,1,2,63,1126,1126,0,-44003,-44004,419613,43406985,1,0,0,0,3,4,0,0,0,15,15,0,1,419613,2,1,10000,10000,0,0,0,0,5,0,0,0,0,6,0x5AA5,1126,0,0,0,33344,2,4,2,4,255,0,4,15,0,0,1,0,0,0,0,0,0,0,6,0,0,1100,43406985
2026-09-25T07:04:55.749Z,63194390000000,0x051C,0x0104,1,2,63,5632,5632,0,-44006,-44008,419618,43407486,1,0,0,0,3,4,0,0,0,15,15,0,1,419618,2,1,10000,10000,0,0,0,0,5,0,0,0,0,6,0x5AA5,5632,3379,0,0,33344,2,4,2,4,255,0,4,15,0,0,1,0,0,0,0,0,0,0,6,0,0,5600,43407486
2026-09-25T07:04:56.282Z,63194921000000,0x051C,0x0104,1,2,63,0,0,0,-43991,-44003,419623,43407987,1,0,0,0,3,4,0,0,0,15,15,0,1,419623,2,1,10000,10000,0,0,0,0,5,0,0,0,0,6,0x5AA5,0,-13516,0,0,33347,2,3,2,2,255,0,2,15,0,0,1,0,0,0,0,0,0,0,6,0,0,0,43407987
2026-09-25T07:04:56.757Z,63195406000000,0x051C,0x0104,1,2,63,2253,2253,0,-44006,-44005,419628,43408488,1,0,0,0,3,4,0,0,0,15,15,0,1,419628,2,1,10000,10000,0,0,0,0,5,0,0,0,0,6,0x5AA5,2253,3379,0,0,33348,2,4,2,4,255,0,4,15,0,0,1,0,0,0,0,0,0,0,6,0,0,2200,43408488
2026-09-25T07:04:57.272Z,63195921000000,0x051C,0x0104,1,2,63,4505,4505,0,-44003,-44007,419633,43408989,1,0,0,0,3,4,0,0,0,15,15,0,1,419633,2,1,10000,10000,0,0,0,0,5,0,0,0,0,6,0x5AA5,4505,0,0,0,33350,2,4,2,4,255,0,4,15,0,0,1,0,0,0,0,0,0,0,6,0,0,4500,43408989
2026-09-25T07:04:57.747Z,63196390000000,0x051C,0x0104,1,2,63,4505,4505,0,-44011,-44007,419638,43409489,1,0,0,0,3,4,0,0,0,15,15,0,1,419638,2,1,10000,10000,0,0,0,0,5,0,0,0,0,6,0x5AA5,4505,9011,0,0,33352,2,4,2,4,255,0,4,15,0,0,1,0,0,0,0,0,0,0,6,0,0,4500,43409489
2026-09-25T07:04:58.279Z,63196921000000,0x051C,0x0104,1,2,63,5632,5632,0,-44019,-44008,419643,43409990,1,0,0,0,3,4,0,0,0,15,15,0,1,419643,2,1,10000,10000,0,0,0,0,5,0,0,0,0,6,0x5AA5,5632,18021,0,0,33354,2,4,2,4,255,0,4,15,0,0,1,0,0,0,0,0,0,0,6,0,0,5600,43409990
2026-09-25T07:04:58.755Z,63197406000000,0x051C,0x0104,1,2,63,5632,5632,0,-44006,-44008,419648,43410491,1,0,0,0,3,4,0,0,0,15,15,0,1,419648,2,1,10000,10000,0,0,0,0,5,0,0,0,0,6,0x5AA5,5632,3379,0,0,33356,2,4,2,4,255,0,4,15,0,0,1,0,0,0,0,0,0,0,6,0,0,5600,43410491
2026-09-25T07:04:59.272Z,63197921000000,0x051C,0x0104,1,2,63,13516,13516,0,-44027,-44015,419653,43410993,1,0,0,0,3,4,0,0,0,15,15,0,1,419653,2,1,10000,10000,0,0,0,0,5,0,0,0,0,6,0x5AA5,13516,27032,0,0,33356,2,4,2,4,255,0,4,15,0,0,1,0,0,0,0,0,0,0,6,0,0,13500,43410993
2026-09-25T07:04:59.748Z,63198390000000,0x051C,0x0104,1,2,63,12390,12390,0,-44011,-44014,419658,43411493,1,0,0,0,3,4,0,0,0,15,15,0,1,419658,2,1,10000,10000,0,0,0,0,5,0,0,0,0,6,0x5AA5,12390,9011,0,0,33356,2,4,2,4,255,0,4,15,0,0,1,0,0,0,0,0,0,0,6,0,0,12300,43411493
2026-09-25T07:05:00.278Z,63198921000000,0x051C,0x0104,1,2,63,12390,12390,0,-44008,-44014,419663,43411994,1,0,0,0,3,4,0,0,0,15,15,0,1,419663,2,1,10000,10000,0,0,0,0,5,0,0,0,0,6,0x5AA5,12390,5632,0,0,33356,2,4,2,4,255,0,4,15,0,0,1,0,0,0,0,0,0,0,6,0,0,12300,43411994
2026-09-25T07:05:00.754Z,63199406000000,0x051C,0x0104,1,2,63,9011,9011,0,-44013,-44011,419668,43412495,1,0,0,0,3,4,0,0,0,15,15,0,1,419668,2,1,10000,10000,0,0,0,0,5,0,0,0,0,6,0x5AA5,9011,11263,0,0,33358,2,4,2,4,255,0,4,15,0,0,1,0,0,0,0,0,0,0,6,0,0,9000,43412495
2026-09-25T07:05:01.270Z,63199921000000,0x051C,0x0104,1,2,63,5632,5632,0,-44014,-44008,419673,43412996,1,0,0,0,3,4,0,0,0,15,15,0,1,419673,2,1,10000,10000,0,0,0,0,5,0,0,0,0,6,0x5AA5,5632,12390,0,0,33360,2,4,2,4,255,0,4,15,0,0,1,0,0,0,0,0,0,0,6,0,0,5600,43412996
2026-09-25T07:05:01.745Z,63200390000000,0x051C,0x0104,1,2,63,9011,9011,0,-44008,-44011,419678,43413496,1,0,0,0,3,4,0,0,0,15,15,0,1,419678,2,1,10000,10000,0,0,0,0,5,0,0,0,0,6,0x5AA5,9011,5632,0,0,33360,2,4,2,4,255,0,4,15,0,0,1,0,0,0,0,0,0,0,6,0,0,9000,43413496
2026-09-25T07:05:02.279Z,63200921000000,0x051C,0x0104,1,2,63,10137,10137,0,-44007,-44012,419683,43413997,1,0,0,0,3,4,0,0,0,15,15,0,1,419683,2,1,10000,10000,0,0,0,0,5,0,0,0,0,6,0x5AA5,10137,4505,0,0,33360,2,4,2,4,255,0,4,15,0,0,1,0,0,0,0,0,0,0,6,0,0,10100,43413997
2026-09-25T07:05:02.754Z,63201406000000,0x051C,0x0104,1,2,63,10137,10137,0,-44001,-44012,419688,43414498,1,0,0,0,3,4,0,0,0,15,15,0,1,419688,2,1,10000,10000,0,0,0,0,5,0,0,0,0,6,0x5AA5,10137,-2253,0,0,33361,2,4,2,2,255,0,2,15,0,0,1,0,0,0,0,0,0,0,6,0,0,10100,43414498
2026-09-25T07:05:03.269Z,63201921000000,0x051C,0x0104,1,2,63,1126,1126,0,-44013,-44004,419693,43414999,1,0,0,0,3,4,0,0,0,15,15,0,1,419693,2,1,10000,10000,0,0,0,0,5,0,0,0,0,6,0x5AA5,1126,11263,0,0,33362,2,4,2,4,255,0,4,15,0,0,1,0,0,0,0,0,0,0,6,0,0,1100,43414999
2026-09-25T07:05:03.745Z,63202390000000,0x051C,0x0104,1,2,63,7884,7884,0,-44027,-44010,419698,43415500,1,0,0,0,3,4,0,0,0,15,15,0,1,419698,2,1,10000,10000,0,0,0,0,5,0,0,0,0,6,0x5AA5,7884,27032,0,0,33364,2,4,2,4,255,0,4,15,0,0,1,0,0,0,0,0,0,0,6,0,0,7800,43415500
2026-09-25T07:05:04.278Z,63202921000000,0x051C,0x0104,1,2,63,5632,5632,0,-43991,-44008,419703,43416001,1,0,0,0,3,4,0,0,0,15,15,0,1,419703,2,1,10000,10000,0,0,0,0,5,0,0,0,0,6,0x5AA5,5632,-13516,0,0,33365,2,4,2,2,255,0,2,15,0,0,1,0,0,0,0,0,0,0,6,0,0,5600,43416001
2026-09-25T07:05:04.755Z,63203406000000,0x051C,0x0104,1,2,63,7884,7884,0,-44024,-44010,419708,43416502,1,0,0,0,3,4,0,0,0,15,15,0,1,419708,2,1,10000,10000,0,0,0,0,5,0,0,0,0,6,0x5AA5,7884,23653,0,0,33366,2,4,2,4,255,0,4,15,0,0,1,0,0,0,0,0,0,0,6,0,0,7800,43416502
2026-09-25T07:05:05.272Z,63203921000000,0x051C,0x0104,1,2,63,5632,5632,0,-44002,-44008,419713,43417003,1,0,0,0,3,4,0,0,0,15,15,0,1,419713,2,1,10000,10000,0,0,0,0,5,0,0,0,0,6,0x5AA5,5632,-1126,0,0,33367,2,4,2,2,255,0,2,15,0,0,1,0,0,0,0,0,0,0,6,0,0,5600,43417003
2026-09-25T07:05:05.750Z,63204390000000,0x051C,0x0104,1,2,63,5632,5632,0,-44006,-44008,419718,43417504,1,0,0,0,3,4,0,0,0,15,15,0,1,419718,2,1,10000,10000,0,0,0,0,5,0,0,0,0,6,0x5AA5,5632,3379,0,0,33368,2,4,2,4,255,0,4,15,0,0,1,0,0,0,0,0,0,0,6,0,0,5600,43417504
2026-09-25T07:05:06.281Z,63204921000000,0x051C,0x0104,1,2,63,11263,11263,0,-44014,-44013,419723,43418005,1,0,0,0,3,4,0,0,0,15,15,0,1,419723,2,1,10000,10000,0,0,0,0,5,0,0,0,0,6,0x5AA5,11263,12390,0,0,33368,2,4,2,4,255,0,4,15,0,0,1,0,0,0,0,0,0,0,6,0,0,11200,43418005
2026-09-25T07:05:06.756Z,63205406000000,0x051C,0x0104,1,2,63,12390,12390,0,-44000,-44014,419728,43418506,1,0,0,0,3,4,0,0,0,15,15,0,1,419728,2,1,10000,10000,0,0,0,0,5,0,0,0,0,6,0x5AA5,12390,-3379,0,0,33369,2,4,2,2,255,0,2,15,0,0,1,0,0,0,0,0,0,0,6,0,0,12300,43418506
2026-09-25T07:05:07.280Z,63205921000000,0x051C,0x0104,1,2,63,5632,5632,0,-44005,-44008,419733,43419007,1,0,0,0,3,4,0,0,0,15,15,0,1,419733,2,1,10000,10000,0,0,0,0,5,0,0,0,0,6,0x5AA5,5632,2253,0,0,33372,2,4,2,4,255,0,4,15,0,0,1,0,0,0,0,0,0,0,6,0,0,5600,43419007
2026-09-25T07:05:07.755Z,63206406000000,0x051C,0x0104,1,2,63,7884,7884,0,-43988,-44010,419738,43419507,1,0,0,0,3,4,0,0,0,15,15,0,1,419738,2,1,10000,10000,0,0,0,0,5,0,0,0,0,6,0x5AA5,7884,-16895,0,0,33373,2,4,2,2,255,0,2,15,0,0,1,0,0,0,0,0,0,0,6,0,0,7800,43419507
2026-09-25T07:05:08.276Z,63206921000000,0x051C,0x0104,1,2,63,5632,5632,0,-44035,-44008,419742,43420011,1,0,0,0,3,4,0,0,0,15,15,0,1,419743,2,1,10000,10000,0,0,0,0,5,0,0,0,0,6,0x5AA5,3379,19148,0,0,33374,2,4,2,4,255,0,4,15,0,0,1,0,0,0,0,0,0,0,6,0,0,3300,43419908
2026-09-25T07:05:08.754Z,63207406000000,0x051C,0x0104,1,2,63,12390,12390,0,-44015,-44014,419748,43420509,1,0,0,0,3,4,0,0,0,15,15,0,1,419748,2,1,10000,10000,0,0,0,0,5,0,0,0,0,6,0x5AA5,12390,13516,0,0,33374,2,4,2,4,255,0,4,15,0,0,1,0,0,0,0,0,0,0,6,0,0,12300,43420509
2026-09-25T07:05:09.273Z,63207921000000,0x051C,0x0104,1,2,63,9011,9011,0,-43997,-44011,419752,43421010,1,0,0,0,3,4,0,0,0,15,15,0,1,419753,2,1,10000,10000,0,0,0,0,5,0,0,0,0,6,0x5AA5,10137,4505,0,0,33376,2,4,2,4,255,0,4,15,0,0,1,0,0,0,0,0,0,0,6,0,0,10100,43420910
2026-09-25T07:05:09.753Z,63208406000000,0x051C,0x0104,1,2,63,11263,11263,0,-44002,-44013,419757,43421515,1,0,0,0,3,4,0,0,0,15,15,0,1,419758,2,1,10000,10000,0,0,0,0,5,0,0,0,0,6,0x5AA5,10137,14642,0,0,33378,2,4,2,4,255,0,4,15,0,0,1,0,0,0,0,0,0,0,6,0,0,10100,43421411
2026-09-25T07:05:10.270Z,63208921000000,0x051C,0x0104,1,2,63,11263,11263,0,-44016,-44013,419762,43422013,1,0,0,0,3,4,0,0,0,15,15,0,1,419763,2,1,10000,10000,0,0,0,0,5,0,0,0,0,6,0x5AA5,10137,10137,0,0,33380,2,4,2,4,255,0,4,15,0,0,1,0,0,0,0,0,0,0,6,0,0,10100,43421913
2026-09-25T07:05:10.751Z,63209390000000,0x051C,0x0104,1,2,63,7884,7884,0,-44004,-44010,419767,43422513,1,0,0,0,3,4,0,0,0,15,15,0,1,419768,2,1,10000,10000,0,0,0,0,5,0,0,0,0,6,0x5AA5,9011,1126,0,0,33380,2,4,2,4,255,0,4,15,0,0,1,0,0,0,0,0,0,0,6,0,0,9000,43422413
2026-09-25T07:05:11.283Z,63209921000000,0x051C,0x0104,1,2,63,7884,7884,0,-44001,-44010,419773,43423014,1,0,0,0,3,4,0,0,0,15,15,0,1,419773,2,1,10000,10000,0,0,0,0,5,0,0,0,0,6,0x5AA5,7884,-2253,0,0,33383,2,4,2,2,255,0,2,15,0,0,1,0,0,0,0,0,0,0,6,0,0,7800,43423014
2026-09-25T07:05:11.758Z,63210406000000,0x051C,0x0104,1,2,63,9011,9011,0,-44024,-44011,419778,43423515,1,0,0,0,3,4,0,0,0,15,15,0,1,419778,2,1,10000,10000,0,0,0,0,5,0,0,0,0,6,0x5AA5,9011,23653,0,0,33384,2,4,2,4,255,0,4,15,0,0,1,0,0,0,0,0,0,0,6,0,0,9000,43423515
2026-09-25T07:05:12.279Z,63210921000000,0x051C,0x0104,1,2,63,12390,12390,0,-44004,-44014,419782,43424017,1,0,0,0,3,4,0,0,0,15,15,0,1,419783,2,1,10000,10000,0,0,0,0,5,0,0,0,0,6,0x5AA5,12390,9011,0,0,33386,2,4,2,4,255,0,4,15,0,0,1,0,0,0,0,0,0,0,6,0,0,12300,43423916
2026-09-25T07:05:12.757Z,63211406000000,0x051C,0x0104,1,2,63,7884,7884,0,-44008,-44010,419787,43424521,1,0,0,0,3,4,0,0,0,15,15,0,1,419788,2,1,10000,10000,0,0,0,0,5,0,0,0,0,6,0x5AA5,7884,13516,0,0,33386,2,4,2,4,255,0,4,15,0,0,1,0,0,0,0,0,0,0,6,0,0,7800,43424416
2026-09-25T07:05:13.274Z,63211921000000,0x051C,0x0104,1,2,63,12390,12390,0,-44012,-44014,419792,43425018,1,0,0,0,3,4,0,0,0,15,15,0,1,419793,2,1,10000,10000,0,0,0,0,5,0,0,0,0,6,0x5AA5,12390,11263,0,0,33386,2,4,2,4,255,0,4,15,0,0,1,0,0,0,0,0,0,0,6,0,0,12300,43424917
2026-09-25T07:05:13.755Z,63212406000000,0x051C,0x0104,1,2,63,9011,9011,0,-44007,-44011,419797,43425518,1,0,0,0,3,4,0,0,0,15,15,0,1,419798,2,1,10000,10000,0,0,0,0,5,0,0,0,0,6,0x5AA5,10137,10137,0,0,33386,2,4,2,4,255,0,4,15,0,0,1,0,0,0,0,0,0,0,6,0,0,10100,43425418
2026-09-25T07:05:14.271Z,63212921000000,0x051C,0x0104,1,2,63,9011,9011,0,-44008,-44011,419802,43426019,1,0,0,0,3,4,0,0,0,15,15,0,1,419803,2,1,10000,10000,0,0,0,0,5,0,0,0,0,6,0x5AA5,9011,12390,0,0,33386,2,4,2,4,255,0,4,15,0,0,1,0,0,0,0,0,0,0,6,0,0,9000,43425919
2026-09-25T07:05:14.746Z,63213390000000,0x051C,0x0104,1,2,63,10137,10137,0,-44029,-44012,419807,43426520,1,0,0,0,3,4,0,0,0,15,15,0,1,419808,2,1,10000,10000,0,0,0,0,5,0,0,0,0,6,0x5AA5,9011,13516,0,0,33390,2,4,2,4,255,0,4,15,0,0,1,0,0,0,0,0,0,0,6,0,0,9000,43426420
2026-09-25T07:05:15.278Z,63213921000000,0x051C,0x0104,1,2,63,11263,11263,0,-44003,-44013,419812,43427021,1,0,0,0,3,4,0,0,0,15,15,0,1,419813,2,1,10000,10000,0,0,0,0,5,0,0,0,0,6,0x5AA5,12390,20274,0,0,33390,2,4,2,4,255,0,4,15,0,0,1,0,0,0,0,0,0,0,6,0,0,12300,43426921
2026-09-25T07:05:15.755Z,63214406000000,0x051C,0x0104,1,2,63,11263,11263,0,-44016,-44013,419817,43427522,1,0,0,0,3,4,0,0,0,15,15,0,1,419818,2,1,10000,10000,0,0,0,0,5,0,0,0,0,6,0x5AA5,11263,2253,0,0,33390,2,4,2,4,255,0,4,15,0,0,1,0,0,0,0,0,0,0,6,0,0,11200,43427422
2026-09-25T07:05:16.274Z,63214921000000,0x051C,0x0104,1,2,63,3379,3379,0,-43990,-44006,419822,43428023,1,0,0,0,3,4,0,0,0,15,15,0,1,419823,2,1,10000,10000,0,0,0,0,5,0,0,0,0,6,0x5AA5,6758,-28158,0,0,33391,2,4,2,2,255,0,2,15,0,0,1,0,0,0,0,0,0,0,6,0,0,6700,43427923
2026-09-25T07:05:16.749Z,63215390000000,0x051C,0x0104,1,2,63,6758,6758,0,-44023,-44009,419827,43428524,1,0,0,0,3,4,0,0,0,15,15,0,1,419828,2,1,10000,10000,0,0,0,0,5,0,0,0,0,6,0x5AA5,4505,22527,0,0,33392,2,4,2,4,255,0,4,15,0,0,1,0,0,0,0,0,0,0,6,0,0,4500,43428424
2026-09-25T07:05:17.280Z,63215921000000,0x051C,0x0104,1,2,63,13516,13516,0,-44005,-44015,419832,43429025,1,0,0,0,3,4,0,0,0,15,15,0,1,419833,2,1,10000,10000,0,0,0,0,5,0,0,0,0,6,0x5AA5,12390,20274,0,0,33392,2,4,2,4,255,0,4,15,0,0,1,0,0,0,0,0,0,0,6,0,0,12300,43428925
2026-09-25T07:05:17.755Z,63216406000000,0x051C,0x0104,1,2,63,6758,6758,0,-43998,-44009,419837,43429526,1,0,0,0,3,4,0,0,0,15,15,0,1,419838,2,1,10000,10000,0,0,0,0,5,0,0,0,0,6,0x5AA5,9011,0,0,0,33393,2,4,2,2,255,0,2,15,0,0,1,0,0,0,0,0,0,0,6,0,0,9000,43429425
2026-09-25T07:05:18.278Z,63216921000000,0x051C,0x0104,1,2,63,7884,7884,0,-44030,-44010,419842,43429926,1,0,0,0,3,4,0,0,0,15,15,0,1,419842,2,1,10000,10000,0,0,0,0,5,0,0,0,0,6,0x5AA5,7884,30411,0,0,33394,2,4,2,4,255,0,4,15,0,0,1,0,0,0,0,0,0,0,6,0,0,7800,43429926
2026-09-25T07:05:18.754Z,63217406000000,0x051C,0x0104,1,2,63,10137,10137,0,-44007,-44012,419847,43430527,1,0,0,0,3,4,0,0,0,15,15,0,1,419848,2,1,10000,10000,0,0,0,0,5,0,0,0,0,6,0x5AA5,10137,20274,0,0,33396,2,4,2,4,255,0,4,15,0,0,1,0,0,0,0,0,0,0,6,0,0,10100,43430427
2026-09-25T07:05:19.269Z,63217906000000,0x051C,0x0104,1,2,63,10137,10137,0,-44020,-44012,419852,43430928,1,0,0,0,3,4,0,0,0,15,15,0,1,419852,2,1,10000,10000,0,0,0,0,5,0,0,0,0,6,0x5AA5,10137,19148,0,0,33396,2,4,2,4,255,0,4,15,0,0,1,0,0,0,0,0,0,0,6,0,0,10100,43430928
2026-09-25T07:05:19.744Z,63218390000000,0x051C,0x0104,1,2,63,3379,3379,0,-44001,-44006,419857,43431429,1,0,0,0,3,4,0,0,0,15,15,0,1,419857,2,1,10000,10000,0,0,0,0,5,0,0,0,0,6,0x5AA5,3379,-2253,0,0,33397,2,4,2,2,255,0,2,15,0,0,1,0,0,0,0,0,0,0,6,0,0,3300,43431429
2026-09-25T07:05:20.279Z,63218921000000,0x051C,0x0104,1,2,63,7884,7884,0,-44021,-44010,419862,43432030,1,0,0,0,3,4,0,0,0,15,15,0,1,419863,2,1,10000,10000,0,0,0,0,5,0,0,0,0,6,0x5AA5,6758,7884,0,0,33398,2,4,2,4,255,0,4,15,0,0,1,0,0,0,0,0,0,0,6,0,0,6700,43431930
2026-09-25T07:05:20.755Z,63219406000000,0x051C,0x0104,1,2,63,11263,11263,0,-44022,-44013,419867,43432531,1,0,0,0,3,4,0,0,0,15,15,0,1,419868,2,1,10000,10000,0,0,0,0,5,0,0,0,0,6,0x5AA5,10137,14642,0,0,33398,2,4,2,4,255,0,4,15,0,0,1,0,0,0,0,0,0,0,6,0,0,10100,43432431
2026-09-25T07:05:21.271Z,63219921000000,0x051C,0x0104,1,2,63,12390,12390,0,-44010,-44014,419872,43432931,1,0,0,0,3,4,0,0,0,15,15,0,1,419872,2,1,10000,10000,0,0,0,0,5,0,0,0,0,6,0x5AA5,12390,7884,0,0,33398,2,4,2,4,255,0,4,15,0,0,1,0,0,0,0,0,0,0,6,0,0,12300,43432931
2026-09-25T07:05:21.747Z,63220390000000,0x051C,0x0104,1,2,63,14642,14642,0,-44022,-44016,419877,43433433,1,0,0,0,3,4,0,0,0,15,15,0,1,419877,2,1,10000,10000,0,0,0,0,5,0,0,0,0,6,0x5AA5,14642,21400,0,0,33398,2,4,2,4,255,0,4,15,0,0,1,0,0,0,0,0,0,0,6,0,0,14600,43433433
2026-09-25T07:05:22.282Z,63220921000000,0x051C,0x0104,1,2,63,14642,14642,0,-43994,-44016,419882,43434033,1,0,0,0,3,4,0,0,0,15,15,0,1,419883,2,1,10000,10000,0,0,0,0,5,0,0,0,0,6,0x5AA5,15769,7884,0,0,33398,2,4,2,4,255,0,4,15,0,0,1,0,0,0,0,0,0,0,6,0,0,15700,43433933
2026-09-25T07:05:22.758Z,63221406000000,0x051C,0x0104,1,2,63,7884,7884,0,-44009,-44010,419887,43434534,1,0,0,0,3,4,0,0,0,15,15,0,1,419888,2,1,10000,10000,0,0,0,0,5,0,0,0,0,6,0x5AA5,7884,6758,0,0,33400,2,4,2,4,255,0,4,15,0,0,1,0,0,0,0,0,0,0,6,0,0,7800,43434434
2026-09-25T07:05:23.278Z,63221921000000,0x051C,0x0104,1,2,63,4505,4505,0,-43991,-44007,419892,43434935,1,0,0,0,3,4,0,0,0,15,15,0,1,419892,2,1,10000,10000,0,0,0,0,5,0,0,0,0,6,0x5AA5,4505,-13516,0,0,33403,2,4,2,2,255,0,2,15,0,0,1,0,0,0,0,0,0,0,6,0,0,4500,43434935
2026-09-25T07:05:23.757Z,63222406000000,0x051C,0x0104,1,2,63,6758,6758,0,-44022,-44009,419897,43435436,1,0,0,0,3,4,0,0,0,15,15,0,1,419897,2,1,10000,10000,0,0,0,0,5,0,0,0,0,6,0x5AA5,6758,21400,0,0,33404,2,4,2,4,255,0,4,15,0,0,1,0,0,0,0,0,0,0,6,0,0,6700,43435436
2026-09-25T07:05:24.279Z,63222921000000,0x051C,0x0104,1,2,63,6758,6758,0,-44011,-44009,419902,43435937,1,0,0,0,3,4,0,0,0,15,15,0,1,419902,2,1,10000,10000,0,0,0,0,5,0,0,0,0,6,0x5AA5,6758,9011,0,0,33406,2,4,2,4,255,0,4,15,0,0,1,0,0,0,0,0,0,0,6,0,0,6700,43435937
2026-09-25T07:05:24.754Z,63223406000000,0x051C,0x0104,1,2,63,6758,6758,0,-44016,-44009,419907,43436438,1,0,0,0,3,4,0,0,0,15,15,0,1,419907,2,1,10000,10000,0,0,0,0,5,0,0,0,0,6,0x5AA5,6758,14642,0,0,33408,2,4,2,4,255,0,4,15,0,0,1,0,0,0,0,0,0,0,6,0,0,6700,43436438
2026-09-25T07:05:25.271Z,63223921000000,0x051C,0x0104,1,2,63,3379,3379,0,-44004,-44006,419912,43436939,1,0,0,0,3,4,0,0,0,15,15,0,1,419912,2,1,10000,10000,0,0,0,0,5,0,0,0,0,6,0x5AA5,3379,1126,0,0,33410,2,4,2,4,255,0,4,15,0,0,1,0,0,0,0,0,0,0,6,0,0,3300,43436939
2026-09-25T07:05:25.747Z,63224390000000,0x051C,0x0104,1,2,63,7884,7884,0,-44023,-44010,419917,43437439,1,0,0,0,3,4,0,0,0,15,15,0,1,419917,2,1,10000,10000,0,0,0,0,5,0,0,0,0,6,0x5AA5,7884,22527,0,0,33410,2,4,2,4,255,0,4,15,0,0,1,0,0,0,0,0,0,0,6,0,0,7800,43437439
2026-09-25T07:05:26.279Z,63224921000000,0x051C,0x0104,1,2,63,13516,13516,0,-44029,-44015,419922,43437940,1,0,0,0,3,4,0,0,0,15,15,0,1,419922,2,1,10000,10000,0,0,0,0,5,0,0,0,0,6,0x5AA5,13516,29285,0,0,33410,2,4,2,4,255,0,4,15,0,0,1,0,0,0,0,0,0,0,6,0,0,13500,43437940
2026-09-25T07:05:26.754Z,63225406000000,0x051C,0x0104,1,2,63,13516,13516,0,-44009,-44015,419927,43438441,1,0,0,0,3,4,0,0,0,15,15,0,1,419927,2,1,10000,10000,0,0,0,0,5,0,0,0,0,6,0x5AA5,13516,6758,0,0,33410,2,4,2,4,255,0,4,15,0,0,1,0,0,0,0,0,0,0,6,0,0,13500,43438441
2026-09-25T07:05:27.272Z,63225921000000,0x051C,0x0104,1,2,63,14642,14642,0,-44010,-44016,419932,43438942,1,0,0,0,3,4,0,0,0,15,15,0,1,419932,2,1,10000,10000,0,0,0,0,5,0,0,0,0,6,0x5AA5,14642,7884,0,0,33412,2,4,2,4,255,0,4,15,0,0,1,0,0,0,0,0,0,0,6,0,0,14600,43438942
2026-09-25T07:05:27.748Z,63226390000000,0x051C,0x0104,1,2,63,13516,13516,0,-44022,-44015,419937,43439443,1,0,0,0,3,4,0,0,0,15,15,0,1,419937,2,1,10000,10000,0,0,0,0,5,0,0,0,0,6,0x5AA5,13516,21400,0,0,33412,2,4,2,4,255,0,4,15,0,0,1,0,0,0,0,0,0,0,6,0,0,13500,43439443
2026-09-25T07:05:28.280Z,63226921000000,0x051C,0x0104,1,2,63,9011,9011,0,-43993,-44011,419942,43439944,1,0,0,0,3,4,0,0,0,15,15,0,1,419942,2,1,10000,10000,0,0,0,0,5,0,0,0,0,6,0x5AA5,9011,-11263,0,0,33413,2,4,2,2,255,0,2,15,0,0,1,0,0,0,0,0,0,0,6,0,0,9000,43439944
2026-09-25T07:05:28.754Z,63227406000000,0x051C,0x0104,1,2,63,3379,3379,0,-44007,-44006,419947,43440445,1,0,0,0,3,4,0,0,0,15,15,0,1,419947,2,1,10000,10000,0,0,0,0,5,0,0,0,0,6,0x5AA5,3379,4505,0,0,33414,2,4,2,4,255,0,4,15,0,0,1,0,0,0,0,0,0,0,6,0,0,3300,43440445
2026-09-25T07:05:29.273Z,63227921000000,0x051C,0x0104,1,2,63,1126,1126,0,-44004,-44004,419952,43440946,1,0,0,0,3,4,0,0,0,15,15,0,1,419952,2,1,10000,10000,0,0,0,0,5,0,0,0,0,6,0x5AA5,1126,1126,0,0,33416,2,4,2,4,255,0,4,15,0,0,1,0,0,0,0,0,0,0,6,0,0,1100,43440946
2026-09-25T07:05:29.751Z,63228390000000,0x051C,0x0104,1,2,63,0,0,0,-44012,-44003,419957,43441447,1,0,0,0,3,4,0,0,0,15,15,0,1,419957,2,1,10000,10000,0,0,0,0,5,0,0,0,0,6,0x5AA5,0,10137,0,0,33420,2,3,2,4,255,0,4,15,0,0,1,0,0,0,0,0,0,0,6,0,0,0,43441447
2026-09-25T07:05:30.281Z,63228921000000,0x051C,0x0104,1,2,63,9011,9011,0,-44014,-44011,419962,43441947,1,0,0,0,3,4,0,0,0,15,15,0,1,419962,2,1,10000,10000,0,0,0,0,5,0,0,0,0,6,0x5AA5,9011,12390,0,0,33420,2,4,2,4,255,0,4,15,0,0,1,0,0,0,0,0,0,0,6,0,0,9000,43441947
2026-09-25T07:05:30.755Z,63229406000000,0x051C,0x0104,1,2,63,7884,7884,0,-44004,-44010,419967,43442448,1,0,0,0,3,4,0,0,0,15,15,0,1,419967,2,1,10000,10000,0,0,0,0,5,0,0,0,0,6,0x5AA5,7884,1126,0,0,33422,2,4,2,4,255,0,4,15,0,0,1,0,0,0,0,0,0,0,6,0,0,7800,43442448
2026-09-25T07:05:31.271Z,63229921000000,0x051C,0x0104,1,2,63,3379,3379,0,-44003,-44006,419972,43442949,1,0,0,0,3,4,0,0,0,15,15,0,1,419972,2,1,10000,10000,0,0,0,0,5,0,0,0,0,6,0x5AA5,3379,0,0,0,33423,2,4,2,2,255,0,2,15,0,0,1,0,0,0,0,0,0,0,6,0,0,3300,43442949
2026-09-25T07:05:31.747Z,63230390000000,0x051C,0x0104,1,2,63,2253,2253,0,-44020,-44005,419977,43443450,1,0,0,0,3,4,0,0,0,15,15,0,1,419977,2,1,10000,10000,0,0,0,0,5,0,0,0,0,6,0x5AA5,2253,19148,0,0,33426,2,4,2,4,255,0,4,15,0,0,1,0,0,0,0,0,0,0,6,0,0,2200,43443450
2026-09-25T07:05:32.280Z,63230921000000,0x051C,0x0104,1,2,63,10137,10137,0,-44011,-44012,419982,43443951,1,0,0,0,3,4,0,0,0,15,15,0,1,419982,2,1,10000,10000,0,0,0,0,5,0,0,0,0,6,0x5AA5,10137,9011,0,0,33426,2,4,2,4,255,0,4,15,0,0,1,0,0,0,0,0,0,0,6,0,0,10100,43443951
2026-09-25T07:05:32.756Z,63231406000000,0x051C,0x0104,1,2,63,5632,5632,0,-43994,-44008,419987,43444452,1,0,0,0,3,4,0,0,0,15,15,0,1,419987,2,1,10000,10000,0,0,0,0,5,0,0,0,0,6,0x5AA5,5632,-10137,0,0,33429,2,4,2,2,255,0,2,15,0,0,1,0,0,0,0,0,0,0,6,0,0,5600,43444452
2026-09-25T07:05:33.272Z,63231921000000,0x051C,0x0104,1,2,63,1126,1126,0,-44002,-44004,419992,43444953,1,0,0,0,3,4,0,0,0,15,15,0,1,419992,2,1,10000,10000,0,0,0,0,5,0,0,0,0,6,0x5AA5,1126,-1126,0,0,33431,2,4,2,2,255,0,2,15,0,0,1,0,0,0,0,0,0,0,6,0,0,1100,43444953
2026-09-25T07:05:33.747Z,63232390000000,0x051C,0x0104,1,2,63,5632,5632,0,-44029,-44008,419997,43445453,1,0,0,0,3,4,0,0,0,15,15,0,1,419997,2,1,10000,10000,0,0,0,0,5,0,0,0,0,6,0x5AA5,5632,29285,0,0,33434,2,4,2,4,255,0,4,15,0,0,1,0,0,0,0,0,0,0,6,0,0,5600,43445453
2026-09-25T07:05:34.282Z,63232921000000,0x051C,0x0104,1,2,63,6758,6758,0,-44014,-44009,420002,43445954,1,0,0,0,3,4,0,0,0,15,15,0,1,420002,2,1,10000,10000,0,0,0,0,5,0,0,0,0,6,0x5AA5,6758,12390,0,0,33436,2,4,2,4,255,0,4,15,0,0,1,0,0,0,0,0,0,0,6,0,0,6700,43445954
2026-09-25T07:05:34.757Z,63233406000000,0x051C,0x0104,1,2,63,4505,4505,0,-44000,-44007,420007,43446455,1,0,0,0,3,4,0,0,0,15,15,0,1,420007,2,1,10000,10000,0,0,0,0,5,0,0,0,0,6,0x5AA5,4505,-3379,0,0,33437,2,4,2,2,255,0,2,15,0,0,1,0,0,0,0,0,0,0,6,0,0,4500,43446455
2026-09-25T07:05:35.275Z,63233921000000,0x051C,0x0104,1,2,63,-1126,-1126,0,-44000,-44002,420012,43446956,1,0,0,0,3,4,0,0,0,15,15,0,1,420012,2,1,10000,10000,0,0,0,0,5,0,0,0,0,6,0x5AA5,-1126,-3379,0,0,33439,2,2,2,2,255,0,2,15,0,0,1,0,0,0,0,0,0,0,6,0,0,-1100,43446956
2026-09-25T07:05:35.751Z,63234390000000,0x051C,0x0104,1,2,63,2253,2253,0,-43997,-44005,420017,43447457,1,0,0,0,3,4,0,0,0,15,15,0,1,420017,2,1,10000,10000,0,0,0,0,5,0,0,0,0,6,0x5AA5,2253,-6758,0,0,33443,2,4,2,2,255,0,2,15,0,0,1,0,0,0,0,0,0,0,6,0,0,2200,43447457
2026-09-25T07:05:36.286Z,63234937000000,0x051C,0x0104,1,2,63,11263,11263,0,-44017,-44013,420022,43447958,1,0,0,0,3,4,0,0,0,15,15,0,1,420022,2,1,10000,10000,0,0,0,0,5,0,0,0,0,6,0x5AA5,11263,15769,0,0,33444,2,4,2,4,255,0,4,15,0,0,1,0,0,0,0,0,0,0,6,0,0,11200,43447958
2026-09-25T07:05:36.746Z,63235390000000,0x051C,0x0104,1,2,63,6758,6758,0,-43993,-44009,420027,43448458,1,0,0,0,3,4,0,0,0,15,15,0,1,420027,2,1,10000,10000,0,0,0,0,5,0,0,0,0,6,0x5AA5,6758,-11263,0,0,33447,2,4,2,2,255,0,2,15,0,0,1,0,0,0,0,0,0,0,6,0,0,6700,43448458
2026-09-25T07:05:37.278Z,63235921000000,0x051C,0x0104,1,2,63,5632,5632,0,-44006,-44008,420032,43448959,1,0,0,0,3,4,0,0,0,15,15,0,1,420032,2,1,10000,10000,0,0,0,0,5,0,0,0,0,6,0x5AA5,5632,3379,0,0,33448,2,4,2,4,255,0,4,15,0,0,1,0,0,0,0,0,0,0,6,0,0,5600,43448959
2026-09-25T07:05:37.753Z,63236406000000,0x051C,0x0104,1,2,63,9011,9011,0,-44028,-44011,420037,43449460,1,0,0,0,3,4,0,0,0,15,15,0,1,420037,2,1,10000,10000,0,0,0,0,5,0,0,0,0,6,0x5AA5,9011,28158,0,0,33450,2,4,2,4,255,0,4,15,0,0,1,0,0,0,0,0,0,0,6,0,0,9000,43449460
2026-09-25T07:05:38.269Z,63236906000000,0x051C,0x0104,1,2,63,10137,10137,0,-44007,-44012,420042,43449961,1,0,0,0,3,4,0,0,0,15,15,0,1,420042,2,1,10000,10000,0,0,0,0,5,0,0,0,0,6,0x5AA5,10137,4505,0,0,33450,2,4,2,4,255,0,4,15,0,0,1,0,0,0,0,0,0,0,6,0,0,10100,43449961
2026-09-25T07:05:38.759Z,63237406000000,0x051C,0x0104,1,2,63,10137,10137,0,-44011,-44012,420047,43450462,1,0,0,0,3,4,0,0,0,15,15,0,1,420047,2,1,10000,10000,0,0,0,0,5,0,0,0,0,6,0x5AA5,10137,9011,0,0,33450,2,4,2,4,255,0,4,15,0,0,1,0,0,0,0,0,0,0,6,0,0,10100,43450462
2026-09-25T07:05:39.289Z,63237937000000,0x051C,0x0104,1,2,63,12390,12390,0,-44005,-44014,420052,43450963,1,0,0,0,3,4,0,0,0,15,15,0,1,420052,2,1,10000,10000,0,0,0,0,5,0,0,0,0,6,0x5AA5,12390,2253,0,0,33450,2,4,2,4,255,0,4,15,0,0,1,0,0,0,0,0,0,0,6,0,0,12300,43450963
2026-09-25T07:05:39.766Z,63238406000000,0x051C,0x0104,1,2,63,5632,5632,0,-44005,-44008,420057,43451463,1,0,0,0,3,4,0,0,0,15,15,0,1,420057,2,1,10000,10000,0,0,0,0,5,0,0,0,0,6,0x5AA5,5632,2253,0,0,33454,2,4,2,4,255,0,4,15,0,0,1,0,0,0,0,0,0,0,6,0,0,5600,43451463
2026-09-25T07:05:40.297Z,63238937000000,0x051C,0x0104,1,2,63,3379,3379,0,-44022,-44006,420062,43451964,1,0,0,0,3,4,0,0,0,15,15,0,1,420062,2,1,10000,10000,0,0,0,0,5,0,0,0,0,6,0x5AA5,3379,21400,0,0,33458,2,4,2,4,255,0,4,15,0,0,1,0,0,0,0,0,0,0,6,0,0,3300,43451964
2026-09-25T07:05:40.773Z,63239421000000,0x051C,0x0104,1,2,63,10137,10137,0,-44012,-44012,420067,43452465,1,0,0,0,3,4,0,0,0,15,15,0,1,420067,2,1,10000,10000,0,0,0,0,5,0,0,0,0,6,0x5AA5,10137,10137,0,0,33458,2,4,2,4,255,0,4,15,0,0,1,0,0,0,0,0,0,0,6,0,0,10100,43452465
2026-09-25T07:05:41.292Z,63239937000000,0x051C,0x0104,1,2,63,5632,5632,0,-43995,-44008,420072,43452966,1,0,0,0,3,4,0,0,0,15,15,0,1,420072,2,1,10000,10000,0,0,0,0,5,0,0,0,0,6,0x5AA5,5632,-9011,0,0,33459,2,4,2,2,255,0,2,15,0,0,1,0,0,0,0,0,0,0,6,0,0,5600,43452966
2026-09-25T07:05:41.770Z,63240421000000,0x051C,0x0104,1,2,63,5632,5632,0,-44012,-44008,420077,43453467,1,0,0,0,3,4,0,0,0,15,15,0,1,420077,2,1,10000,10000,0,0,0,0,5,0,0,0,0,6,0x5AA5,5632,10137,0,0,33460,2,4,2,4,255,0,4,15,0,0,1,0,0,0,0,0,0,0,6,0,0,5600,43453467
2026-09-25T07:05:42.286Z,63240937000000,0x051C,0x0104,1,2,63,5632,5632,0,-44000,-44008,420082,43453968,1,0,0,0,3,4,0,0,0,15,15,0,1,420082,2,1,10000,10000,0,0,0,0,5,0,0,0,0,6,0x5AA5,5632,-3379,0,0,33461,2,4,2,2,255,0,2,15,0,0,1,0,0,0,0,0,0,0,6,0,0,5600,43453968
2026-09-25T07:05:42.764Z,63241406000000,0x051C,0x0104,1,2,63,3379,3379,0,-43999,-44006,420087,43454469,1,0,0,0,3,4,0,0,0,15,15,0,1,420087,2,1,10000,10000,0,0,0,0,5,0,0,0,0,6,0x5AA5,3379,-4505,0,0,33465,2,4,2,2,255,0,2,15,0,0,1,0,0,0,0,0,0,0,6,0,0,3300,43454469
2026-09-25T07:05:43.298Z,63241937000000,0x051C,0x0104,1,2,63,6758,6758,0,-44020,-44009,420092,43454969,1,0,0,0,3,4,0,0,0,15,15,0,1,420092,2,1,10000,10000,0,0,0,0,5,0,0,0,0,6,0x5AA5,6758,19148,0,0,33466,2,4,2,4,255,0,4,15,0,0,1,0,0,0,0,0,0,0,6,0,0,6700,43454969
2026-09-25T07:05:43.773Z,63242421000000,0x051C,0x0104,1,2,63,10137,10137,0,-44023,-44012,420097,43455470,1,0,0,0,3,4,0,0,0,15,15,0,1,420097,2,1,10000,10000,0,0,0,0,5,0,0,0,0,6,0x5AA5,10137,22527,0,0,33466,2,4,2,4,255,0,4,15,0,0,1,0,0,0,0,0,0,0,6,0,0,10100,43455470
2026-09-25T07:05:44.291Z,63242937000000,0x051C,0x0104,1,2,63,5632,5632,0,-43992,-44008,420102,43455971,1,0,0,0,3,4,0,0,0,15,15,0,1,420102,2,1,10000,10000,0,0,0,0,5,0,0,0,0,6,0x5AA5,5632,-12390,0,0,33469,2,4,2,2,255,0,2,15,0,0,1,0,0,0,0,0,0,0,6,0,0,5600,43455971
2026-09-25T07:05:44.767Z,63243406000000,0x051C,0x0104,1,2,63,5632,5632,0,-44008,-44008,420107,43456473,1,0,0,0,3,4,0,0,0,15,15,0,1,420107,2,1,10000,10000,0,0,0,0,5,0,0,0,0,6,0x5AA5,5632,5632,0,0,33470,2,4,2,4,255,0,4,15,0,0,1,0,0,0,0,0,0,0,6,0,0,5600,43456473
2026-09-25T07:05:45.300Z,63243937000000,0x051C,0x0104,1,2,63,5632,5632,0,-44005,-44008,420112,43456973,1,0,0,0,3,4,0,0,0,15,15,0,1,420112,2,1,10000,10000,0,0,0,0,5,0,0,0,0,6,0x5AA5,5632,2253,0,0,33470,2,4,2,4,255,0,4,15,0,0,1,0,0,0,0,0,0,0,6,0,0,5600,43456973
2026-09-25T07:05:45.775Z,63244421000000,0x051C,0x0104,1,2,63,10137,10137,0,-44015,-44012,420117,43457474,1,0,0,0,3,4,0,0,0,15,15,0,1,420117,2,1,10000,10000,0,0,0,0,5,0,0,0,0,6,0x5AA5,10137,13516,0,0,33470,2,4,2,4,255,0,4,15,0,0,1,0,0,0,0,0,0,0,6,0,0,10100,43457474
2026-09-25T07:05:46.309Z,63244953000000,0x051C,0x0104,1,2,63,9011,9011,0,-44016,-44011,420122,43457974,1,0,0,0,3,4,0,0,0,15,15,0,1,420122,2,1,10000,10000,0,0,0,0,5,0,0,0,0,6,0x5AA5,9011,14642,0,0,33472,2,4,2,4,255,0,4,15,0,0,1,0,0,0,0,0,0,0,6,0,0,9000,43457974
2026-09-25T07:05:46.784Z,63245421000000,0x051C,0x0104,1,2,63,9011,9011,0,-43997,-44011,420127,43458475,1,0,0,0,3,4,0,0,0,15,15,0,1,420127,2,1,10000,10000,0,0,0,0,5,0,0,0,0,6,0x5AA5,9011,-6758,0,0,33475,2,4,2,2,255,0,2,15,0,0,1,0,0,0,0,0,0,0,6,0,0,9000,43458475
2026-09-25T07:05:47.320Z,63245968000000,0x051C,0x0104,1,2,63,15769,15769,0,-44018,-44017,420132,43458976,1,0,0,0,3,4,0,0,0,15,15,0,1,420132,2,1,10000,10000,0,0,0,0,5,0,0,0,0,6,0x5AA5,15769,16895,0,0,33476,2,4,2,4,255,0,4,15,0,0,1,0,0,0,0,0,0,0,6,0,0,15700,43458976
2026-09-25T07:05:47.799Z,63246437000000,0x051C,0x0104,1,2,63,12390,12390,0,-44008,-44014,420137,43459577,1,0,0,0,3,4,0,0,0,15,15,0,1,420138,2,1,10000,10000,0,0,0,0,5,0,0,0,0,6,0x5AA5,13516,7884,0,0,33478,2,4,2,4,255,0,4,15,0,0,1,0,0,0,0,0,0,0,6,0,0,13500,43459477
2026-09-25T07:05:48.319Z,63246968000000,0x051C,0x0104,1,2,63,13516,13516,0,-44029,-44015,420142,43459978,1,0,0,0,3,4,0,0,0,15,15,0,1,420142,2,1,10000,10000,0,0,0,0,5,0,0,0,0,6,0x5AA5,13516,29285,0,0,33478,2,4,2,4,255,0,4,15,0,0,1,0,0,0,0,0,0,0,6,0,0,13500,43459978
2026-09-25T07:05:48.798Z,63247437000000,0x051C,0x0104,1,2,63,13516,13516,0,-44025,-44015,420147,43460479,1,0,0,0,3,4,0,0,0,15,15,0,1,420147,2,1,10000,10000,0,0,0,0,5,0,0,0,0,6,0x5AA5,13516,24779,0,0,33480,2,4,2,4,255,0,4,15,0,0,1,0,0,0,0,0,0,0,6,0,0,13500,43460479
2026-09-25T07:05:49.329Z,63247968000000,0x051C,0x0104,1,2,63,12390,12390,0,-44009,-44014,420152,43461080,1,0,0,0,3,4,0,0,0,15,15,0,1,420153,2,1,10000,10000,0,0,0,0,5,0,0,0,0,6,0x5AA5,13516,6758,0,0,33480,2,4,2,4,255,0,4,15,0,0,1,0,0,0,0,0,0,0,6,0,0,13500,43460979
2026-09-25T07:05:49.804Z,63248453000000,0x051C,0x0104,1,2,63,12390,12390,0,-44011,-44014,420157,43461580,1,0,0,0,3,4,0,0,0,15,15,0,1,420158,2,1,10000,10000,0,0,0,0,5,0,0,0,0,6,0x5AA5,12390,14642,0,0,33480,2,4,2,4,255,0,4,15,0,0,1,0,0,0,0,0,0,0,6,0,0,12300,43461480
2026-09-25T07:05:50.319Z,63248968000000,0x051C,0x0104,1,2,63,15769,15769,0,-44005,-44017,420162,43461981,1,0,0,0,3,4,0,0,0,15,15,0,1,420162,2,1,10000,10000,0,0,0,0,5,0,0,0,0,6,0x5AA5,15769,2253,0,0,33480,2,4,2,4,255,0,4,15,0,0,1,0,0,0,0,0,0,0,6,0,0,15700,43461981
2026-09-25T07:05:50.794Z,63249437000000,0x051C,0x0104,1,2,63,9011,9011,0,-44021,-44011,420167,43462482,1,0,0,0,3,4,0,0,0,15,15,0,1,420167,2,1,10000,10000,0,0,0,0,5,0,0,0,0,6,0x5AA5,9011,20274,0,0,33482,2,4,2,4,255,0,4,15,0,0,1,0,0,0,0,0,0,0,6,0,0,9000,43462482
2026-09-25T07:05:51.329Z,63249968000000,0x051C,0x0104,1,2,63,11263,11263,0,-44016,-44013,420172,43463083,1,0,0,0,3,4,0,0,0,15,15,0,1,420173,2,1,10000,10000,0,0,0,0,5,0,0,0,0,6,0x5AA5,10137,14642,0,0,33482,2,4,2,4,255,0,4,15,0,0,1,0,0,0,0,0,0,0,6,0,0,10100,43462983
2026-09-25T07:05:51.804Z,63250453000000,0x051C,0x0104,1,2,63,11263,11263,0,-44007,-44013,420177,43463584,1,0,0,0,3,4,0,0,0,15,15,0,1,420178,2,1,10000,10000,0,0,0,0,5,0,0,0,0,6,0x5AA5,11263,15769,0,0,33482,2,4,2,4,255,0,4,15,0,0,1,0,0,0,0,0,0,0,6,0,0,11200,43463483
2026-09-25T07:05:52.320Z,63250968000000,0x051C,0x0104,1,2,63,6758,6758,0,-43998,-44009,420182,43463984,1,0,0,0,3,4,0,0,0,15,15,0,1,420182,2,1,10000,10000,0,0,0,0,5,0,0,0,0,6,0x5AA5,6758,-5632,0,0,33485,2,4,2,2,255,0,2,15,0,0,1,0,0,0,0,0,0,0,6,0,0,6700,43463984
2026-09-25T07:05:52.796Z,63251437000000,0x051C,0x0104,1,2,63,4505,4505,0,-44014,-44007,420187,43464485,1,0,0,0,3,4,0,0,0,15,15,0,1,420187,2,1,10000,10000,0,0,0,0,5,0,0,0,0,6,0x5AA5,4505,12390,0,0,33486,2,4,2,4,255,0,4,15,0,0,1,0,0,0,0,0,0,0,6,0,0,4500,43464485
2026-09-25T07:05:53.332Z,63251984000000,0x051C,0x0104,1,2,63,9011,9011,0,-44020,-44011,420192,43464986,1,0,0,0,3,4,0,0,0,15,15,0,1,420192,2,1,10000,10000,0,0,0,0,5,0,0,0,0,6,0x5AA5,9011,19148,0,0,33486,2,4,2,4,255,0,4,15,0,0,1,0,0,0,0,0,0,0,6,0,0,9000,43464986
2026-09-25T07:05:53.792Z,63252437000000,0x051C,0x0104,1,2,63,11263,11263,0,-44031,-44013,420197,43465487,1,0,0,0,3,4,0,0,0,15,15,0,1,420197,2,1,10000,10000,0,0,0,0,5,0,0,0,0,6,0x5AA5,11263,31537,0,0,33486,2,4,2,4,255,0,4,15,0,0,1,0,0,0,0,0,0,0,6,0,0,11200,43465487
2026-09-25T07:05:54.325Z,63252968000000,0x051C,0x0104,1,2,63,10137,10137,0,-44014,-44012,420202,43465988,1,0,0,0,3,4,0,0,0,15,15,0,1,420202,2,1,10000,10000,0,0,0,0,5,0,0,0,0,6,0x5AA5,10137,12390,0,0,33488,2,4,2,4,255,0,4,15,0,0,1,0,0,0,0,0,0,0,6,0,0,10100,43465988
2026-09-25T07:05:54.802Z,63253453000000,0x051C,0x0104,1,2,63,4505,4505,0,-44008,-44007,420207,43466488,1,0,0,0,3,4,0,0,0,15,15,0,1,420207,2,1,10000,10000,0,0,0,0,5,0,0,0,0,6,0x5AA5,4505,5632,0,0,33490,2,4,2,4,255,0,4,15,0,0,1,0,0,0,0,0,0,0,6,0,0,4500,43466488
2026-09-25T07:05:55.320Z,63253968000000,0x051C,0x0104,1,2,63,5632,5632,0,-44021,-44008,420212,43466989,1,0,0,0,3,4,0,0,0,15,15,0,1,420212,2,1,10000,10000,0,0,0,0,5,0,0,0,0,6,0x5AA5,5632,20274,0,0,33490,2,4,2,4,255,0,4,15,0,0,1,0,0,0,0,0,0,0,6,0,0,5600,43466989
2026-09-25T07:05:55.796Z,63254437000000,0x051C,0x0104,1,2,63,7884,7884,0,-44014,-44010,420217,43467490,1,0,0,0,3,4,0,0,0,15,15,0,1,420217,2,1,10000,10000,0,0,0,0,5,0,0,0,0,6,0x5AA5,7884,12390,0,0,33492,2,4,2,4,255,0,4,15,0,0,1,0,0,0,0,0,0,0,6,0,0,7800,43467490
2026-09-25T07:05:56.330Z,63254968000000,0x051C,0x0104,1,2,63,12390,12390,0,-44007,-44014,420222,43467991,1,0,0,0,3,4,0,0,0,15,15,0,1,420222,2,1,10000,10000,0,0,0,0,5,0,0,0,0,6,0x5AA5,12390,4505,0,0,33492,2,4,2,4,255,0,4,15,0,0,1,0,0,0,0,0,0,0,6,0,0,12300,43467991
2026-09-25T07:05:56.810Z,63255453000000,0x051C,0x0104,1,2,63,12390,12390,0,-44015,-44014,420227,43468493,1,0,0,0,3,4,0,0,0,15,15,0,1,420227,2,1,10000,10000,0,0,0,0,5,0,0,0,0,6,0x5AA5,12390,13516,0,0,33492,2,4,2,4,255,0,4,15,0,0,1,0,0,0,0,0,0,0,6,0,0,12300,43468493
2026-09-25T07:05:57.344Z,63255984000000,0x051C,0x0104,1,2,63,11263,11263,0,-44011,-44013,420232,43469093,1,0,0,0,3,4,0,0,0,15,15,0,1,420233,2,1,10000,10000,0,0,0,0,5,0,0,0,0,6,0x5AA5,11263,-2253,0,0,33493,2,4,2,2,255,0,2,15,0,0,1,0,0,0,0,0,0,0,6,0,0,11200,43468993
2026-09-25T07:05:57.819Z,63256468000000,0x051C,0x0104,1,2,63,6758,6758,0,-43996,-44009,420237,43469594,1,0,0,0,3,4,0,0,0,15,15,0,1,420238,2,1,10000,10000,0,0,0,0,5,0,0,0,0,6,0x5AA5,9011,-10137,0,0,33495,2,4,2,2,255,0,2,15,0,0,1,0,0,0,0,0,0,0,6,0,0,9000,43469493
2026-09-25T07:05:58.340Z,63256984000000,0x051C,0x0104,1,2,63,1126,1126,0,-43999,-44004,420242,43469994,1,0,0,0,3,4,0,0,0,15,15,0,1,420242,2,1,10000,10000,0,0,0,0,5,0,0,0,0,6,0x5AA5,1126,-4505,0,0,33497,2,4,2,2,255,0,2,15,0,0,1,0,0,0,0,0,0,0,6,0,0,1100,43469994
2026-09-25T07:05:58.816Z,63257468000000,0x051C,0x0104,1,2,63,2253,2253,0,-44007,-44005,420247,43470595,1,0,0,0,3,4,0,0,0,15,15,0,1,420248,2,1,10000,10000,0,0,0,0,5,0,0,0,0,6,0x5AA5,3379,-13516,0,0,33499,2,4,2,2,255,0,2,15,0,0,1,0,0,0,0,0,0,0,6,0,0,3300,43470495
2026-09-25T07:05:59.334Z,63257984000000,0x051C,0x0104,1,2,63,4505,4505,0,-44002,-44007,420252,43470996,1,0,0,0,3,4,0,0,0,15,15,0,1,420252,2,1,10000,10000,0,0,0,0,5,0,0,0,0,6,0x5AA5,4505,-1126,0,0,33501,2,4,2,2,255,0,2,15,0,0,1,0,0,0,0,0,0,0,6,0,0,4500,43470996
2026-09-25T07:05:59.810Z,63258453000000,0x051C,0x0104,1,2,63,7884,7884,0,-43992,-44010,420257,43471497,1,0,0,0,3,4,0,0,0,15,15,0,1,420257,2,1,10000,10000,0,0,0,0,5,0,0,0,0,6,0x5AA5,7884,-12390,0,0,33503,2,4,2,2,255,0,2,15,0,0,1,0,0,0,0,0,0,0,6,0,0,7800,43471497
2026-09-25T07:06:00.345Z,63258984000000,0x051C,0x0104,1,2,63,7884,7884,0,-44005,-44010,420262,43472098,1,0,0,0,3,4,0,0,0,15,15,0,1,420263,2,1,10000,10000,0,0,0,0,5,0,0,0,0,6,0x5AA5,9011,-5632,0,0,33505,2,4,2,2,255,0,2,15,0,0,1,0,0,0,0,0,0,0,6,0,0,9000,43471998
2026-09-25T07:06:00.821Z,63259468000000,0x051C,0x0104,1,2,63,4505,4505,0,-44003,-44007,420267,43472599,1,0,0,0,3,4,0,0,0,15,15,0,1,420268,2,1,10000,10000,0,0,0,0,5,0,0,0,0,6,0x5AA5,5632,1126,0,0,33508,2,4,2,4,255,0,4,15,0,0,1,0,0,0,0,0,0,0,6,0,0,5600,43472498
2026-09-25T07:06:01.339Z,63259984000000,0x051C,0x0104,1,2,63,7884,7884,0,-44003,-44010,420272,43472999,1,0,0,0,3,4,0,0,0,15,15,0,1,420272,2,1,10000,10000,0,0,0,0,5,0,0,0,0,6,0x5AA5,7884,0,0,0,33508,2,4,2,4,255,0,4,15,0,0,1,0,0,0,0,0,0,0,6,0,0,7800,43472999
2026-09-25T07:06:01.814Z,63260453000000,0x051C,0x0104,1,2,63,7884,7884,0,-44012,-44010,420277,43473500,1,0,0,0,3,4,0,0,0,15,15,0,1,420277,2,1,10000,10000,0,0,0,0,5,0,0,0,0,6,0x5AA5,7884,10137,0,0,33510,2,4,2,4,255,0,4,15,0,0,1,0,0,0,0,0,0,0,6,0,0,7800,43473500
2026-09-25T07:06:02.348Z,63261000000000,0x051C,0x0104,1,2,63,10137,10137,0,-44021,-44012,420282,43474101,1,0,0,0,3,4,0,0,0,15,15,0,1,420283,2,1,10000,10000,0,0,0,0,5,0,0,0,0,6,0x5AA5,10137,3379,0,0,33510,2,4,2,4,255,0,4,15,0,0,1,0,0,0,0,0,0,0,6,0,0,10100,43474001
2026-09-25T07:06:02.809Z,63261453000000,0x051C,0x0104,1,2,63,12390,12390,0,-44016,-44014,420287,43474502,1,0,0,0,3,4,0,0,0,15,15,0,1,420287,2,1,10000,10000,0,0,0,0,5,0,0,0,0,6,0x5AA5,12390,14642,0,0,33512,2,4,2,4,255,0,4,15,0,0,1,0,0,0,0,0,0,0,6,0,0,12300,43474502
2026-09-25T07:06:03.340Z,63261984000000,0x051C,0x0104,1,2,63,9011,9011,0,-44010,-44011,420292,43475003,1,0,0,0,3,4,0,0,0,15,15,0,1,420292,2,1,10000,10000,0,0,0,0,5,0,0,0,0,6,0x5AA5,9011,7884,0,0,33514,2,4,2,4,255,0,4,15,0,0,1,0,0,0,0,0,0,0,6,0,0,9000,43475003
2026-09-25T07:06:03.815Z,63262453000000,0x051C,0x0104,1,2,63,6758,6758,0,-44019,-44009,420297,43475503,1,0,0,0,3,4,0,0,0,15,15,0,1,420297,2,1,10000,10000,0,0,0,0,5,0,0,0,0,6,0x5AA5,6758,18021,0,0,33516,2,4,2,4,255,0,4,15,0,0,1,0,0,0,0,0,0,0,6,0,0,6700,43475503
2026-09-25T07:06:04.352Z,63263000000000,0x051C,0x0104,1,2,63,7884,7884,0,-44011,-44010,420302,43476105,1,0,0,0,3,4,0,0,0,15,15,0,1,420303,2,1,10000,10000,0,0,0,0,5,0,0,0,0,6,0x5AA5,7884,11263,0,0,33516,2,4,2,4,255,0,4,15,0,0,1,0,0,0,0,0,0,0,6,0,0,7800,43476004
2026-09-25T07:06:04.828Z,63263468000000,0x051C,0x0104,1,2,63,5632,5632,0,-44002,-44008,420307,43476605,1,0,0,0,3,4,0,0,0,15,15,0,1,420308,2,1,10000,10000,0,0,0,0,5,0,0,0,0,6,0x5AA5,6758,4505,0,0,33520,2,4,2,4,255,0,4,15,0,0,1,0,0,0,0,0,0,0,6,0,0,6700,43476505
2026-09-25T07:06:05.358Z,63264000000000,0x051C,0x0104,1,2,63,5632,5632,0,-44008,-44008,420312,43477106,1,0,0,0,3,4,0,0,0,15,15,0,1,420313,2,1,10000,10000,0,0,0,0,5,0,0,0,0,6,0x5AA5,5632,5632,0,0,33522,2,4,2,4,255,0,4,15,0,0,1,0,0,0,0,0,0,0,6,0,0,5600,43477006
2026-09-25T07:06:05.832Z,63264484000000,0x051C,0x0104,1,2,63,3379,3379,0,-44019,-44006,420317,43477607,1,0,0,0,3,4,0,0,0,15,15,0,1,420318,2,1,10000,10000,0,0,0,0,5,0,0,0,0,6,0x5AA5,3379,3379,0,0,33524,2,4,2,4,255,0,4,15,0,0,1,0,0,0,0,0,0,0,6,0,0,3300,43477507
2026-09-25T07:06:06.353Z,63265000000000,0x051C,0x0104,1,2,63,5632,5632,0,-44016,-44008,420322,43478008,1,0,0,0,3,4,0,0,0,15,15,0,1,420322,2,1,10000,10000,0,0,0,0,5,0,0,0,0,6,0x5AA5,5632,14642,0,0,33524,2,4,2,4,255,0,4,15,0,0,1,0,0,0,0,0,0,0,6,0,0,5600,43478008
2026-09-25T07:06:06.829Z,63265468000000,0x051C,0x0104,1,2,63,9011,9011,0,-44035,-44011,420327,43478609,1,0,0,0,3,4,0,0,0,15,15,0,1,420328,2,1,10000,10000,0,0,0,0,5,0,0,0,0,6,0x5AA5,7884,16895,0,0,33524,2,4,2,4,255,0,4,15,0,0,1,0,0,0,0,0,0,0,6,0,0,7800,43478509
2026-09-25T07:06:07.361Z,63266000000000,0x051C,0x0104,1,2,63,15769,15769,0,-44017,-44017,420332,43479110,1,0,0,0,3,4,0,0,0,15,15,0,1,420333,2,1,10000,10000,0,0,0,0,5,0,0,0,0,6,0x5AA5,15769,31537,0,0,33524,2,4,2,4,255,0,4,15,0,0,1,0,0,0,0,0,0,0,6,0,0,15700,43479010
2026-09-25T07:06:07.835Z,63266484000000,0x051C,0x0104,1,2,63,13516,13516,0,-44021,-44015,420337,43479611,1,0,0,0,3,4,0,0,0,15,15,0,1,420338,2,1,10000,10000,0,0,0,0,5,0,0,0,0,6,0x5AA5,13516,15769,0,0,33524,2,4,2,4,255,0,4,15,0,0,1,0,0,0,0,0,0,0,6,0,0,13500,43479510
2026-09-25T07:06:08.358Z,63267000000000,0x051C,0x0104,1,2,63,12390,12390,0,-44001,-44014,420342,43480011,1,0,0,0,3,4,0,0,0,15,15,0,1,420342,2,1,10000,10000,0,0,0,0,5,0,0,0,0,6,0x5AA5,12390,-2253,0,0,33525,2,4,2,2,255,0,2,15,0,0,1,0,0,0,0,0,0,0,6,0,0,12300,43480011
2026-09-25T07:06:08.833Z,63267484000000,0x051C,0x0104,1,2,63,9011,9011,0,-44005,-44011,420347,43480613,1,0,0,0,3,4,0,0,0,15,15,0,1,420348,2,1,10000,10000,0,0,0,0,5,0,0,0,0,6,0x5AA5,9011,16895,0,0,33526,2,4,2,4,255,0,4,15,0,0,1,0,0,0,0,0,0,0,6,0,0,9000,43480513
2026-09-25T07:06:09.348Z,63268000000000,0x051C,0x0104,1,2,63,4505,4505,0,-44010,-44007,420352,43481013,1,0,0,0,3,4,0,0,0,15,15,0,1,420352,2,1,10000,10000,0,0,0,0,5,0,0,0,0,6,0x5AA5,4505,7884,0,0,33528,2,4,2,4,255,0,4,15,0,0,1,0,0,0,0,0,0,0,6,0,0,4500,43481013
2026-09-25T07:06:09.823Z,63268468000000,0x051C,0x0104,1,2,63,4505,4505,0,-44007,-44007,420357,43481514,1,0,0,0,3,4,0,0,0,15,15,0,1,420357,2,1,10000,10000,0,0,0,0,5,0,0,0,0,6,0x5AA5,4505,4505,0,0,33528,2,4,2,4,255,0,4,15,0,0,1,0,0,0,0,0,0,0,6,0,0,4500,43481514
2026-09-25T07:06:10.359Z,63269000000000,0x051C,0x0104,1,2,63,-1126,-1126,0,-44008,-44002,420362,43482015,1,0,0,0,3,4,0,0,0,15,15,0,1,420362,2,1,10000,10000,0,0,0,0,5,0,0,0,0,6,0x5AA5,-1126,5632,0,0,33530,2,2,2,4,255,0,4,15,0,0,1,0,0,0,0,0,0,0,6,0,0,-1100,43482015
2026-09-25T07:06:10.836Z,63269484000000,0x051C,0x0104,1,2,63,-2253,-2253,0,-44015,-44001,420367,43482616,1,0,0,0,3,4,0,0,0,15,15,0,1,420368,2,1,10000,10000,0,0,0,0,5,0,0,0,0,6,0x5AA5,-2253,-9011,0,0,33531,2,2,2,2,255,0,2,15,0,0,1,0,0,0,0,0,0,0,6,0,0,-2200,43482516
2026-09-25T07:06:11.353Z,63270000000000,0x051C,0x0104,1,2,63,0,0,0,-44013,-44003,420372,43483017,1,0,0,0,3,4,0,0,0,15,15,0,1,420372,2,1,10000,10000,0,0,0,0,5,0,0,0,0,6,0x5AA5,0,11263,0,0,33534,2,3,2,4,255,0,4,15,0,0,1,0,0,0,0,0,0,0,6,0,0,0,43483017
2026-09-25T07:06:11.828Z,63270468000000,0x051C,0x0104,1,2,63,1126,1126,0,-44005,-44004,420377,43483517,1,0,0,0,3,4,0,0,0,15,15,0,1,420377,2,1,10000,10000,0,0,0,0,5,0,0,0,0,6,0x5AA5,1126,2253,0,0,33538,2,4,2,4,255,0,4,15,0,0,1,0,0,0,0,0,0,0,6,0,0,1100,43483517
2026-09-25T07:06:12.363Z,63271015000000,0x051C,0x0104,1,2,63,5632,5632,0,-44022,-44008,420382,43484118,1,0,0,0,3,4,0,0,0,15,15,0,1,420383,2,1,10000,10000,0,0,0,0,5,0,0,0,0,6,0x5AA5,4505,10137,0,0,33538,2,4,2,4,255,0,4,15,0,0,1,0,0,0,0,0,0,0,6,0,0,4500,43484018
2026-09-25T07:06:12.822Z,63271468000000,0x051C,0x0104,1,2,63,11263,11263,0,-44022,-44013,420387,43484519,1,0,0,0,3,4,0,0,0,15,15,0,1,420387,2,1,10000,10000,0,0,0,0,5,0,0,0,0,6,0x5AA5,11263,21400,0,0,33538,2,4,2,4,255,0,4,15,0,0,1,0,0,0,0,0,0,0,6,0,0,11200,43484519
2026-09-25T07:06:13.355Z,63272000000000,0x051C,0x0104,1,2,63,9011,9011,0,-44003,-44011,420392,43485020,1,0,0,0,3,4,0,0,0,15,15,0,1,420392,2,1,10000,10000,0,0,0,0,5,0,0,0,0,6,0x5AA5,9011,0,0,0,33540,2,4,2,4,255,0,4,15,0,0,1,0,0,0,0,0,0,0,6,0,0,9000,43485020
2026-09-25T07:06:13.831Z,63272468000000,0x051C,0x0104,1,2,63,4505,4505,0,-43996,-44007,420397,43485521,1,0,0,0,3,4,0,0,0,15,15,0,1,420397,2,1,10000,10000,0,0,0,0,5,0,0,0,0,6,0x5AA5,4505,-7884,0,0,33543,2,4,2,2,255,0,2,15,0,0,1,0,0,0,0,0,0,0,6,0,0,4500,43485521
2026-09-25T07:06:14.368Z,63273015000000,0x051C,0x0104,1,2,63,3379,3379,0,-44018,-44006,420402,43486122,1,0,0,0,3,4,0,0,0,15,15,0,1,420403,2,1,10000,10000,0,0,0,0,5,0,0,0,0,6,0x5AA5,2253,9011,0,0,33546,2,4,2,4,255,0,4,15,0,0,1,0,0,0,0,0,0,0,6,0,0,2200,43486022
2026-09-25T07:06:14.845Z,63273484000000,0x051C,0x0104,1,2,63,5632,5632,0,-44015,-44008,420407,43486623,1,0,0,0,3,4,0,0,0,15,15,0,1,420408,2,1,10000,10000,0,0,0,0,5,0,0,0,0,6,0x5AA5,5632,9011,0,0,33548,2,4,2,4,255,0,4,15,0,0,1,0,0,0,0,0,0,0,6,0,0,5600,43486523
2026-09-25T07:06:15.382Z,63274031000000,0x051C,0x0104,1,2,63,9011,9011,0,-44006,-44011,420412,43487124,1,0,0,0,3,4,0,0,0,15,15,0,1,420413,2,1,10000,10000,0,0,0,0,5,0,0,0,0,6,0x5AA5,9011,27032,0,0,33548,2,4,2,4,255,0,4,15,0,0,1,0,0,0,0,0,0,0,6,0,0,9000,43487024
2026-09-25T07:06:15.861Z,63274500000000,0x051C,0x0104,1,2,63,0,0,0,-43992,-44003,420417,43487629,1,0,0,0,3,4,0,0,0,15,15,0,1,420418,2,1,10000,10000,0,0,0,0,5,0,0,0,0,6,0x5AA5,2253,-25906,0,0,33549,2,4,2,2,255,0,2,15,0,0,1,0,0,0,0,0,0,0,6,0,0,2200,43487525
2026-09-25T07:06:16.394Z,63275046000000,0x051C,0x0104,1,2,63,-5632,-5632,0,-43991,-43998,420423,43488126,1,0,0,0,3,4,0,0,0,15,15,0,1,420423,2,1,10000,10000,0,0,0,0,5,0,0,0,0,6,0x5AA5,-5632,-13516,0,0,33549,2,2,2,2,255,0,2,15,0,0,1,0,0,0,0,0,0,0,6,0,0,-5600,43488126
2026-09-25T07:06:16.852Z,63275500000000,0x051C,0x0104,1,2,63,-2253,-2253,0,-44011,-44001,420427,43488627,1,0,0,0,3,4,0,0,0,15,15,0,1,420428,2,1,10000,10000,0,0,0,0,5,0,0,0,0,6,0x5AA5,-3379,9011,0,0,33550,2,2,2,4,255,0,4,15,0,0,1,0,0,0,0,0,0,0,6,0,0,-3300,43488526
2026-09-25T07:06:17.387Z,63276031000000,0x051C,0x0104,1,2,63,5632,5632,0,-44008,-44008,420432,43489131,1,0,0,0,3,4,0,0,0,15,15,0,1,420433,2,1,10000,10000,0,0,0,0,5,0,0,0,0,6,0x5AA5,3379,19148,0,0,33550,2,4,2,4,255,0,4,15,0,0,1,0,0,0,0,0,0,0,6,0,0,3300,43489027
2026-09-25T07:06:17.866Z,63276515000000,0x051C,0x0104,1,2,63,4505,4505,0,-44004,-44007,420437,43489634,1,0,0,0,3,4,0,0,0,15,15,0,1,420438,2,1,10000,10000,0,0,0,0,5,0,0,0,0,6,0x5AA5,3379,7884,0,0,33552,2,4,2,4,255,0,4,15,0,0,1,0,0,0,0,0,0,0,6,0,0,3300,43489528
2026-09-25T07:06:18.387Z,63277031000000,0x051C,0x0104,1,2,63,0,0,0,-43993,-44003,420442,43490129,1,0,0,0,3,4,0,0,0,15,15,0,1,420443,2,1,10000,10000,0,0,0,0,5,0,0,0,0,6,0x5AA5,1126,3379,0,0,33554,2,4,2,4,255,0,4,15,0,0,1,0,0,0,0,0,0,0,6,0,0,1100,43490029
2026-09-25T07:06:18.867Z,63277515000000,0x051C,0x0104,1,2,63,0,0,0,-43978,-44003,420447,43490635,1,0,0,0,3,4,0,0,0,15,15,0,1,420448,2,1,10000,10000,0,0,0,0,5,0,0,0,0,6,0x5AA5,0,3379,0,0,33556,2,3,2,4,255,0,4,15,0,0,1,0,0,0,0,0,0,0,6,0,0,0,43490530
2026-09-25T07:06:19.382Z,63278031000000,0x051C,0x0104,1,2,63,2253,2253,0,-43984,-44005,420452,43491131,1,0,0,0,3,4,0,0,0,15,15,0,1,420453,2,1,10000,10000,0,0,0,0,5,0,0,0,0,6,0x5AA5,1126,7884,0,0,33558,2,4,2,4,255,0,4,15,0,0,1,0,0,0,0,0,0,0,6,0,0,1100,43491031
2026-09-25T07:06:19.856Z,63278500000000,0x051C,0x0104,1,2,63,-1126,-1126,0,-44001,-44002,420457,43491632,1,0,0,0,3,4,0,0,0,15,15,0,1,420458,2,1,10000,10000,0,0,0,0,5,0,0,0,0,6,0x5AA5,-2253,6758,0,0,33560,2,2,2,4,255,0,4,15,0,0,1,0,0,0,0,0,0,0,6,0,0,-2200,43491531
2026-09-25T07:06:20.393Z,63279031000000,0x051C,0x0104,1,2,63,0,0,0,-44011,-44003,420462,43492136,1,0,0,0,3,4,0,0,0,15,15,0,1,420463,2,1,10000,10000,0,0,0,0,5,0,0,0,0,6,0x5AA5,-1126,3379,0,0,33562,2,2,2,4,255,0,4,15,0,0,1,0,0,0,0,0,0,0,6,0,0,-1100,43492033
2026-09-25T07:06:20.872Z,63279515000000,0x051C,0x0104,1,2,63,-2253,-2253,0,-44002,-44001,420468,43492633,1,0,0,0,3,4,0,0,0,15,15,0,1,420468,2,1,10000,10000,0,0,0,0,5,0,0,0,0,6,0x5AA5,-2253,-1126,0,0,33563,2,2,2,2,255,0,2,15,0,0,1,0,0,0,0,0,0,0,6,0,0,-2200,43492633
2026-09-25T07:06:21.394Z,63280046000000,0x051C,0x0104,1,2,63,-2253,-2253,0,-44018,-44001,420472,43493136,1,0,0,0,3,4,0,0,0,15,15,0,1,420473,2,1,10000,10000,0,0,0,0,5,0,0,0,0,6,0x5AA5,-5632,22527,0,0,33564,2,2,2,4,255,0,4,15,0,0,1,0,0,0,0,0,0,0,6,0,0,-5600,43493034
2026-09-25T07:06:21.854Z,63280500000000,0x051C,0x0104,1,2,63,0,0,0,-44001,-44003,420477,43493635,1,0,0,0,3,4,0,0,0,15,15,0,1,420478,2,1,10000,10000,0,0,0,0,5,0,0,0,0,6,0x5AA5,0,-20274,0,0,33565,2,3,2,2,255,0,2,15,0,0,1,0,0,0,0,0,0,0,6,0,0,0,43493535
2026-09-25T07:06:22.385Z,63281031000000,0x051C,0x0104,1,2,63,0,0,0,-43991,-44003,420482,43494136,1,0,0,0,3,4,0,0,0,15,15,0,1,420483,2,1,10000,10000,0,0,0,0,5,0,0,0,0,6,0x5AA5,0,14642,0,0,33568,2,3,2,4,255,0,4,15,0,0,1,0,0,0,0,0,0,0,6,0,0,0,43494036
2026-09-25T07:06:22.861Z,63281500000000,0x051C,0x0104,1,2,63,-1126,-1126,0,-43997,-44002,420487,43494637,1,0,0,0,3,4,0,0,0,15,15,0,1,420488,2,1,10000,10000,0,0,0,0,5,0,0,0,0,6,0x5AA5,0,-9011,0,0,33571,2,3,2,2,255,0,2,15,0,0,1,0,0,0,0,0,0,0,6,0,0,0,43494537
2026-09-25T07:06:23.397Z,63282046000000,0x051C,0x0104,1,2,63,1126,1126,0,-44010,-44004,420492,43495140,1,0,0,0,3,4,0,0,0,15,15,0,1,420493,2,1,10000,10000,0,0,0,0,5,0,0,0,0,6,0x5AA5,0,11263,0,0,33574,2,3,2,4,255,0,4,15,0,0,1,0,0,0,0,0,0,0,6,0,0,0,43495037
2026-09-25T07:06:23.857Z,63282500000000,0x051C,0x0104,1,2,63,4505,4505,0,-44019,-44007,420497,43495638,1,0,0,0,3,4,0,0,0,15,15,0,1,420498,2,1,10000,10000,0,0,0,0,5,0,0,0,0,6,0x5AA5,3379,10137,0,0,33574,2,4,2,4,255,0,4,15,0,0,1,0,0,0,0,0,0,0,6,0,0,3300,43495538
2026-09-25T07:06:24.388Z,63283031000000,0x051C,0x0104,1,2,63,5632,5632,0,-43995,-44008,420502,43496139,1,0,0,0,3,4,0,0,0,15,15,0,1,420503,2,1,10000,10000,0,0,0,0,5,0,0,0,0,6,0x5AA5,6758,-3379,0,0,33575,2,4,2,2,255,0,2,15,0,0,1,0,0,0,0,0,0,0,6,0,0,6700,43496039
2026-09-25T07:06:24.863Z,63283515000000,0x051C,0x0104,1,2,63,1126,1126,0,-44016,-44004,420507,43496640,1,0,0,0,3,4,0,0,0,15,15,0,1,420508,2,1,10000,10000,0,0,0,0,5,0,0,0,0,6,0x5AA5,1126,1126,0,0,33576,2,4,2,4,255,0,4,15,0,0,1,0,0,0,0,0,0,0,6,0,0,1100,43496540
2026-09-25T07:06:25.385Z,63284031000000,0x051C,0x0104,1,2,63,2253,2253,0,-44017,-44005,420512,43497041,1,0,0,0,3,4,0,0,0,15,15,0,1,420512,2,1,10000,10000,0,0,0,0,5,0,0,0,0,6,0x5AA5,2253,15769,0,0,33578,2,4,2,4,255,0,4,15,0,0,1,0,0,0,0,0,0,0,6,0,0,2200,43497041
2026-09-25T07:06:25.860Z,63284500000000,0x051C,0x0104,1,2,63,3379,3379,0,-43997,-44006,420517,43497642,1,0,0,0,3,4,0,0,0,15,15,0,1,420518,2,1,10000,10000,0,0,0,0,5,0,0,0,0,6,0x5AA5,4505,-13516,0,0,33581,2,4,2,2,255,0,2,15,0,0,1,0,0,0,0,0,0,0,6,0,0,4500,43497542
2026-09-25T07:06:26.392Z,63285031000000,0x051C,0x0104,1,2,63,1126,1126,0,-44007,-44004,420522,43498143,1,0,0,0,3,4,0,0,0,15,15,0,1,420523,2,1,10000,10000,0,0,0,0,5,0,0,0,0,6,0x5AA5,1126,12390,0,0,33582,2,4,2,4,255,0,4,15,0,0,1,0,0,0,0,0,0,0,6,0,0,1100,43498043
2026-09-25T07:06:26.868Z,63285515000000,0x051C,0x0104,1,2,63,6758,6758,0,-44011,-44009,420527,43498644,1,0,0,0,3,4,0,0,0,15,15,0,1,420528,2,1,10000,10000,0,0,0,0,5,0,0,0,0,6,0x5AA5,6758,10137,0,0,33582,2,4,2,4,255,0,4,15,0,0,1,0,0,0,0,0,0,0,6,0,0,6700,43498543
2026-09-25T07:06:27.387Z,63286031000000,0x051C,0x0104,1,2,63,6758,6758,0,-44007,-44009,420532,43499145,1,0,0,0,3,4,0,0,0,15,15,0,1,420533,2,1,10000,10000,0,0,0,0,5,0,0,0,0,6,0x5AA5,6758,12390,0,0,33584,2,4,2,4,255,0,4,15,0,0,1,0,0,0,0,0,0,0,6,0,0,6700,43499044
2026-09-25T07:06:27.864Z,63286515000000,0x051C,0x0104,1,2,63,-2253,-2253,0,-43983,-44001,420537,43499645,1,0,0,0,3,4,0,0,0,15,15,0,1,420538,2,1,10000,10000,0,0,0,0,5,0,0,0,0,6,0x5AA5,0,-16895,0,0,33585,2,3,2,2,255,0,2,15,0,0,1,0,0,0,0,0,0,0,6,0,0,0,43499545
2026-09-25T07:06:28.381Z,63287031000000,0x051C,0x0104,1,2,63,-1126,-1126,0,-44016,-44002,420542,43500046,1,0,0,0,3,4,0,0,0,15,15,0,1,420542,2,1,10000,10000,0,0,0,0,5,0,0,0,0,6,0x5AA5,-1126,14642,0,0,33586,2,2,2,4,255,0,4,15,0,0,1,0,0,0,0,0,0,0,6,0,0,-1100,43500046
2026-09-25T07:06:28.856Z,63287500000000,0x051C,0x0104,1,2,63,-1126,-1126,0,-43999,-44002,420547,43500547,1,0,0,0,3,4,0,0,0,15,15,0,1,420547,2,1,10000,10000,0,0,0,0,5,0,0,0,0,6,0x5AA5,-1126,-4505,0,0,33587,2,2,2,2,255,0,2,15,0,0,1,0,0,0,0,0,0,0,6,0,0,-1100,43500547
2026-09-25T07:06:29.393Z,63288031000000,0x051C,0x0104,1,2,63,2253,2253,0,-44008,-44005,420552,43501148,1,0,0,0,3,4,0,0,0,15,15,0,1,420553,2,1,10000,10000,0,0,0,0,5,0,0,0,0,6,0x5AA5,2253,13516,0,0,33588,2,4,2,4,255,0,4,15,0,0,1,0,0,0,0,0,0,0,6,0,0,2200,43501048
2026-09-25T07:06:29.869Z,63288515000000,0x051C,0x0104,1,2,63,5632,5632,0,-44008,-44008,420557,43501649,1,0,0,0,3,4,0,0,0,15,15,0,1,420558,2,1,10000,10000,0,0,0,0,5,0,0,0,0,6,0x5AA5,4505,9011,0,0,33588,2,4,2,4,255,0,4,15,0,0,1,0,0,0,0,0,0,0,6,0,0,4500,43501549
2026-09-25T07:06:30.402Z,63289046000000,0x051C,0x0104,1,2,63,1126,1126,0,-43999,-44004,420562,43502150,1,0,0,0,3,4,0,0,0,15,15,0,1,420563,2,1,10000,10000,0,0,0,0,5,0,0,0,0,6,0x5AA5,3379,-13516,0,0,33589,2,4,2,2,255,0,2,15,0,0,1,0,0,0,0,0,0,0,6,0,0,3300,43502050
2026-09-25T07:06:30.875Z,63289515000000,0x051C,0x0104,1,2,63,-3379,-3379,0,-43997,-44000,420567,43502651,1,0,0,0,3,4,0,0,0,15,15,0,1,420568,2,1,10000,10000,0,0,0,0,5,0,0,0,0,6,0x5AA5,-2253,0,0,0,33589,2,2,2,2,255,0,2,15,0,0,1,0,0,0,0,0,0,0,6,0,0,-2200,43502550
2026-09-25T07:06:31.413Z,63290062000000,0x051C,0x0104,1,2,63,3379,3379,0,-44015,-44006,420572,43503155,1,0,0,0,3,4,0,0,0,15,15,0,1,420573,2,1,10000,10000,0,0,0,0,5,0,0,0,0,6,0x5AA5,2253,-1126,0,0,33591,2,4,2,2,255,0,2,15,0,0,1,0,0,0,0,0,0,0,6,0,0,2200,43503051
2026-09-25T07:06:31.872Z,63290515000000,0x051C,0x0104,1,2,63,12390,12390,0,-44017,-44014,420577,43503653,1,0,0,0,3,4,0,0,0,15,15,0,1,420578,2,1,10000,10000,0,0,0,0,5,0,0,0,0,6,0x5AA5,11263,16895,0,0,33592,2,4,2,4,255,0,4,15,0,0,1,0,0,0,0,0,0,0,6,0,0,11200,43503553
2026-09-25T07:06:32.404Z,63291046000000,0x051C,0x0104,1,2,63,12390,12390,0,-43994,-44014,420582,43504153,1,0,0,0,3,4,0,0,0,15,15,0,1,420583,2,1,10000,10000,0,0,0,0,5,0,0,0,0,6,0x5AA5,12390,15769,0,0,33592,2,4,2,4,255,0,4,15,0,0,1,0,0,0,0,0,0,0,6,0,0,12300,43504053
2026-09-25T07:06:32.879Z,63291531000000,0x051C,0x0104,1,2,63,5632,5632,0,-44011,-44008,420587,43504654,1,0,0,0,3,4,0,0,0,15,15,0,1,420588,2,1,10000,10000,0,0,0,0,5,0,0,0,0,6,0x5AA5,5632,7884,0,0,33596,2,4,2,4,255,0,4,15,0,0,1,0,0,0,0,0,0,0,6,0,0,5600,43504554
2026-09-25T07:06:33.397Z,63292046000000,0x051C,0x0104,1,2,63,6758,6758,0,-44019,-44009,420592,43505055,1,0,0,0,3,4,0,0,0,15,15,0,1,420592,2,1,10000,10000,0,0,0,0,5,0,0,0,0,6,0x5AA5,6758,18021,0,0,33596,2,4,2,4,255,0,4,15,0,0,1,0,0,0,0,0,0,0,6,0,0,6700,43505055
2026-09-25T07:06:33.874Z,63292515000000,0x051C,0x0104,1,2,63,5632,5632,0,-44012,-44008,420597,43505656,1,0,0,0,3,4,0,0,0,15,15,0,1,420598,2,1,10000,10000,0,0,0,0,5,0,0,0,0,6,0x5AA5,5632,5632,0,0,33596,2,4,2,4,255,0,4,15,0,0,1,0,0,0,0,0,0,0,6,0,0,5600,43505555
2026-09-25T07:06:34.407Z,63293046000000,0x051C,0x0104,1,2,63,6758,6758,0,-44011,-44009,420602,43506156,1,0,0,0,3,4,0,0,0,15,15,0,1,420603,2,1,10000,10000,0,0,0,0,5,0,0,0,0,6,0x5AA5,6758,24779,0,0,33596,2,4,2,4,255,0,4,15,0,0,1,0,0,0,0,0,0,0,6,0,0,6700,43506056
2026-09-25T07:06:34.883Z,63293531000000,0x051C,0x0104,1,2,63,3379,3379,0,-43995,-44006,420607,43506657,1,0,0,0,3,4,0,0,0,15,15,0,1,420608,2,1,10000,10000,0,0,0,0,5,0,0,0,0,6,0x5AA5,5632,-4505,0,0,33597,2,4,2,2,255,0,2,15,0,0,1,0,0,0,0,0,0,0,6,0,0,5600,43506557
2026-09-25T07:06:35.403Z,63294046000000,0x051C,0x0104,1,2,63,4505,4505,0,-44010,-44007,420612,43507158,1,0,0,0,3,4,0,0,0,15,15,0,1,420613,2,1,10000,10000,0,0,0,0,5,0,0,0,0,6,0x5AA5,4505,6758,0,0,33598,2,4,2,4,255,0,4,15,0,0,1,0,0,0,0,0,0,0,6,0,0,4500,43507058
2026-09-25T07:06:35.879Z,63294531000000,0x051C,0x0104,1,2,63,5632,5632,0,-44016,-44008,420617,43507659,1,0,0,0,3,4,0,0,0,15,15,0,1,420618,2,1,10000,10000,0,0,0,0,5,0,0,0,0,6,0x5AA5,4505,16895,0,0,33600,2,4,2,4,255,0,4,15,0,0,1,0,0,0,0,0,0,0,6,0,0,4500,43507559
2026-09-25T07:06:36.397Z,63295046000000,0x051C,0x0104,1,2,63,6758,6758,0,-44015,-44009,420622,43508060,1,0,0,0,3,4,0,0,0,15,15,0,1,420622,2,1,10000,10000,0,0,0,0,5,0,0,0,0,6,0x5AA5,6758,13516,0,0,33600,2,4,2,4,255,0,4,15,0,0,1,0,0,0,0,0,0,0,6,0,0,6700,43508060
2026-09-25T07:06:36.871Z,63295515000000,0x051C,0x0104,1,2,63,7884,7884,0,-44002,-44010,420627,43508561,1,0,0,0,3,4,0,0,0,15,15,0,1,420627,2,1,10000,10000,0,0,0,0,5,0,0,0,0,6,0x5AA5,7884,-1126,0,0,33601,2,4,2,2,255,0,2,15,0,0,1,0,0,0,0,0,0,0,6,0,0,7800,43508561
2026-09-25T07:06:37.406Z,63296046000000,0x051C,0x0104,1,2,63,7884,7884,0,-44005,-44010,420632,43509162,1,0,0,0,3,4,0,0,0,15,15,0,1,420633,2,1,10000,10000,0,0,0,0,5,0,0,0,0,6,0x5AA5,7884,10137,0,0,33602,2,4,2,4,255,0,4,15,0,0,1,0,0,0,0,0,0,0,6,0,0,7800,43509061
2026-09-25T07:06:37.882Z,63296531000000,0x051C,0x0104,1,2,63,11263,11263,0,-44012,-44013,420637,43509662,1,0,0,0,3,4,0,0,0,15,15,0,1,420638,2,1,10000,10000,0,0,0,0,5,0,0,0,0,6,0x5AA5,9011,27032,0,0,33604,2,4,2,4,255,0,4,15,0,0,1,0,0,0,0,0,0,0,6,0,0,9000,43509562
2026-09-25T07:06:38.396Z,63297046000000,0x051C,0x0104,1,2,63,12390,12390,0,-44033,-44014,420642,43510063,1,0,0,0,3,4,0,0,0,15,15,0,1,420642,2,1,10000,10000,0,0,0,0,5,0,0,0,0,6,0x5AA5,12390,33790,0,0,33604,2,4,2,4,255,0,4,15,0,0,1,0,0,0,0,0,0,0,6,0,0,12300,43510063
2026-09-25T07:06:38.872Z,63297515000000,0x051C,0x0104,1,2,63,11263,11263,0,-44005,-44013,420647,43510564,1,0,0,0,3,4,0,0,0,15,15,0,1,420647,2,1,10000,10000,0,0,0,0,5,0,0,0,0,6,0x5AA5,11263,2253,0,0,33606,2,4,2,4,255,0,4,15,0,0,1,0,0,0,0,0,0,0,6,0,0,11200,43510564
2026-09-25T07:06:39.407Z,63298046000000,0x051C,0x0104,1,2,63,7884,7884,0,-44009,-44010,420652,43511165,1,0,0,0,3,4,0,0,0,15,15,0,1,420653,2,1,10000,10000,0,0,0,0,5,0,0,0,0,6,0x5AA5,7884,10137,0,0,33608,2,4,2,4,255,0,4,15,0,0,1,0,0,0,0,0,0,0,6,0,0,7800,43511065
2026-09-25T07:06:39.884Z,63298531000000,0x051C,0x0104,1,2,63,6758,6758,0,-44003,-44009,420657,43511666,1,0,0,0,3,4,0,0,0,15,15,0,1,420658,2,1,10000,10000,0,0,0,0,5,0,0,0,0,6,0x5AA5,7884,1126,0,0,33608,2,4,2,4,255,0,4,15,0,0,1,0,0,0,0,0,0,0,6,0,0,7800,43511566
2026-09-25T07:06:40.401Z,63299046000000,0x051C,0x0104,1,2,63,10137,10137,0,-44004,-44012,420662,43512067,1,0,0,0,3,4,0,0,0,15,15,0,1,420662,2,1,10000,10000,0,0,0,0,5,0,0,0,0,6,0x5AA5,10137,1126,0,0,33608,2,4,2,4,255,0,4,15,0,0,1,0,0,0,0,0,0,0,6,0,0,10100,43512067
2026-09-25T07:06:40.876Z,63299515000000,0x051C,0x0104,1,2,63,7884,7884,0,-44006,-44010,420667,43512568,1,0,0,0,3,4,0,0,0,15,15,0,1,420667,2,1,10000,10000,0,0,0,0,5,0,0,0,0,6,0x5AA5,7884,3379,0,0,33610,2,4,2,4,255,0,4,15,0,0,1,0,0,0,0,0,0,0,6,0,0,7800,43512568
2026-09-25T07:06:41.412Z,63300062000000,0x051C,0x0104,1,2,63,4505,4505,0,-44001,-44007,420672,43513169,1,0,0,0,3,4,0,0,0,15,15,0,1,420673,2,1,10000,10000,0,0,0,0,5,0,0,0,0,6,0x5AA5,5632,-5632,0,0,33611,2,4,2,2,255,0,2,15,0,0,1,0,0,0,0,0,0,0,6,0,0,5600,43513068
2026-09-25T07:06:41.871Z,63300515000000,0x051C,0x0104,1,2,63,5632,5632,0,-44005,-44008,420677,43513569,1,0,0,0,3,4,0,0,0,15,15,0,1,420677,2,1,10000,10000,0,0,0,0,5,0,0,0,0,6,0x5AA5,5632,2253,0,0,33612,2,4,2,4,255,0,4,15,0,0,1,0,0,0,0,0,0,0,6,0,0,5600,43513569
2026-09-25T07:06:42.402Z,63301046000000,0x051C,0x0104,1,2,63,1126,1126,0,-44006,-44004,420682,43514070,1,0,0,0,3,4,0,0,0,15,15,0,1,420682,2,1,10000,10000,0,0,0,0,5,0,0,0,0,6,0x5AA5,1126,3379,0,0,33614,2,4,2,4,255,0,4,15,0,0,1,0,0,0,0,0,0,0,6,0,0,1100,43514070
2026-09-25T07:06:42.878Z,63301515000000,0x051C,0x0104,1,2,63,0,0,0,-43998,-44003,420687,43514571,1,0,0,0,3,4,0,0,0,15,15,0,1,420687,2,1,10000,10000,0,0,0,0,5,0,0,0,0,6,0x5AA5,0,-5632,0,0,33617,2,3,2,2,255,0,2,15,0,0,1,0,0,0,0,0,0,0,6,0,0,0,43514571
2026-09-25T07:06:43.415Z,63302062000000,0x051C,0x0104,1,2,63,1126,1126,0,-44007,-44004,420692,43515073,1,0,0,0,3,4,0,0,0,15,15,0,1,420692,2,1,10000,10000,0,0,0,0,5,0,0,0,0,6,0x5AA5,1126,4505,0,0,33620,2,4,2,4,255,0,4,15,0,0,1,0,0,0,0,0,0,0,6,0,0,1100,43515073
2026-09-25T07:06:43.892Z,63302531000000,0x051C,0x0104,1,2,63,4505,4505,0,-44006,-44007,420697,43515673,1,0,0,0,3,4,0,0,0,15,15,0,1,420698,2,1,10000,10000,0,0,0,0,5,0,0,0,0,6,0x5AA5,4505,7884,0,0,33622,2,4,2,4,255,0,4,15,0,0,1,0,0,0,0,0,0,0,6,0,0,4500,43515573
2026-09-25T07:06:44.423Z,63303062000000,0x051C,0x0104,1,2,63,11263,11263,0,-44007,-44013,420702,43516174,1,0,0,0,3,4,0,0,0,15,15,0,1,420703,2,1,10000,10000,0,0,0,0,5,0,0,0,0,6,0x5AA5,10137,14642,0,0,33622,2,4,2,4,255,0,4,15,0,0,1,0,0,0,0,0,0,0,6,0,0,10100,43516074
2026-09-25T07:06:44.905Z,63303546000000,0x051C,0x0104,1,2,63,10137,10137,0,-44032,-44012,420707,43516675,1,0,0,0,3,4,0,0,0,15,15,0,1,420708,2,1,10000,10000,0,0,0,0,5,0,0,0,0,6,0x5AA5,10137,-3379,0,0,33623,2,4,2,2,255,0,2,15,0,0,1,0,0,0,0,0,0,0,6,0,0,10100,43516575
2026-09-25T07:06:45.437Z,63304078000000,0x051C,0x0104,1,2,63,10137,10137,0,-44012,-44012,420713,43517176,1,0,0,0,3,4,0,0,0,15,15,0,1,420713,2,1,10000,10000,0,0,0,0,5,0,0,0,0,6,0x5AA5,10137,10137,0,0,33626,2,4,2,4,255,0,4,15,0,0,1,0,0,0,0,0,0,0,6,0,0,10100,43517176
2026-09-25T07:06:45.911Z,63304562000000,0x051C,0x0104,1,2,63,10137,10137,0,-44015,-44012,420718,43517676,1,0,0,0,3,4,0,0,0,15,15,0,1,420718,2,1,10000,10000,0,0,0,0,5,0,0,0,0,6,0x5AA5,10137,13516,0,0,33626,2,4,2,4,255,0,4,15,0,0,1,0,0,0,0,0,0,0,6,0,0,10100,43517676
2026-09-25T07:06:46.427Z,63305078000000,0x051C,0x0104,1,2,63,11263,11263,0,-43999,-44013,420722,43518177,1,0,0,0,3,4,0,0,0,15,15,0,1,420723,2,1,10000,10000,0,0,0,0,5,0,0,0,0,6,0x5AA5,11263,11263,0,0,33626,2,4,2,4,255,0,4,15,0,0,1,0,0,0,0,0,0,0,6,0,0,11200,43518077
2026-09-25T07:06:46.901Z,63305546000000,0x051C,0x0104,1,2,63,6758,6758,0,-44013,-44009,420727,43518678,1,0,0,0,3,4,0,0,0,15,15,0,1,420728,2,1,10000,10000,0,0,0,0,5,0,0,0,0,6,0x5AA5,6758,3379,0,0,33628,2,4,2,4,255,0,4,15,0,0,1,0,0,0,0,0,0,0,6,0,0,6700,43518578
2026-09-25T07:06:47.437Z,63306078000000,0x051C,0x0104,1,2,63,10137,10137,0,-44020,-44012,420732,43519181,1,0,0,0,3,4,0,0,0,15,15,0,1,420733,2,1,10000,10000,0,0,0,0,5,0,0,0,0,6,0x5AA5,10137,7884,0,0,33628,2,4,2,4,255,0,4,15,0,0,1,0,0,0,0,0,0,0,6,0,0,10100,43519079
2026-09-25T07:06:47.914Z,63306562000000,0x051C,0x0104,1,2,63,11263,11263,0,-44013,-44013,420738,43519680,1,0,0,0,3,4,0,0,0,15,15,0,1,420738,2,1,10000,10000,0,0,0,0,5,0,0,0,0,6,0x5AA5,11263,11263,0,0,33628,2,4,2,4,255,0,4,15,0,0,1,0,0,0,0,0,0,0,6,0,0,11200,43519680
2026-09-25T07:06:48.433Z,63307078000000,0x051C,0x0104,1,2,63,13516,13516,0,-44015,-44015,420742,43520181,1,0,0,0,3,4,0,0,0,15,15,0,1,420743,2,1,10000,10000,0,0,0,0,5,0,0,0,0,6,0x5AA5,13516,10137,0,0,33630,2,4,2,4,255,0,4,15,0,0,1,0,0,0,0,0,0,0,6,0,0,13500,43520081
2026-09-25T07:06:48.907Z,63307546000000,0x051C,0x0104,1,2,63,7884,7884,0,-44010,-44010,420747,43520682,1,0,0,0,3,4,0,0,0,15,15,0,1,420748,2,1,10000,10000,0,0,0,0,5,0,0,0,0,6,0x5AA5,10137,-9011,0,0,33631,2,4,2,2,255,0,2,15,0,0,1,0,0,0,0,0,0,0,6,0,0,10100,43520581
2026-09-25T07:06:49.442Z,63308093000000,0x051C,0x0104,1,2,63,10137,10137,0,-44018,-44012,420752,43521188,1,0,0,0,3,4,0,0,0,15,15,0,1,420753,2,1,10000,10000,0,0,0,0,5,0,0,0,0,6,0x5AA5,9011,10137,0,0,33632,2,4,2,4,255,0,4,15,0,0,1,0,0,0,0,0,0,0,6,0,0,9000,43521082
2026-09-25T07:06:49.902Z,63308546000000,0x051C,0x0104,1,2,63,9011,9011,0,-44014,-44011,420757,43521683,1,0,0,0,3,4,0,0,0,15,15,0,1,420758,2,1,10000,10000,0,0,0,0,5,0,0,0,0,6,0x5AA5,7884,7884,0,0,33632,2,4,2,4,255,0,4,15,0,0,1,0,0,0,0,0,0,0,6,0,0,7800,43521583
2026-09-25T07:06:50.433Z,63309078000000,0x051C,0x0104,1,2,63,11263,11263,0,-44016,-44013,420762,43522184,1,0,0,0,3,4,0,0,0,15,15,0,1,420763,2,1,10000,10000,0,0,0,0,5,0,0,0,0,6,0x5AA5,11263,12390,0,0,33632,2,4,2,4,255,0,4,15,0,0,1,0,0,0,0,0,0,0,6,0,0,11200,43522084
2026-09-25T07:06:50.907Z,63309546000000,0x051C,0x0104,1,2,63,7884,7884,0,-44009,-44010,420767,43522685,1,0,0,0,3,4,0,0,0,15,15,0,1,420768,2,1,10000,10000,0,0,0,0,5,0,0,0,0,6,0x5AA5,9011,-5632,0,0,33633,2,4,2,2,255,0,2,15,0,0,1,0,0,0,0,0,0,0,6,0,0,9000,43522585
2026-09-25T07:06:51.443Z,63310093000000,0x051C,0x0104,1,2,63,4505,4505,0,-44003,-44007,420772,43523188,1,0,0,0,3,4,0,0,0,15,15,0,1,420773,2,1,10000,10000,0,0,0,0,5,0,0,0,0,6,0x5AA5,5632,-4505,0,0,33635,2,4,2,2,255,0,2,15,0,0,1,0,0,0,0,0,0,0,6,0,0,5600,43523086
2026-09-25T07:06:51.904Z,63310546000000,0x051C,0x0104,1,2,63,2253,2253,0,-43998,-44005,420777,43523687,1,0,0,0,3,4,0,0,0,15,15,0,1,420778,2,1,10000,10000,0,0,0,0,5,0,0,0,0,6,0x5AA5,3379,-9011,0,0,33637,2,4,2,2,255,0,2,15,0,0,1,0,0,0,0,0,0,0,6,0,0,3300,43523587
2026-09-25T07:06:52.438Z,63311078000000,0x051C,0x0104,1,2,63,2253,2253,0,-44014,-44005,420782,43524188,1,0,0,0,3,4,0,0,0,15,15,0,1,420783,2,1,10000,10000,0,0,0,0,5,0,0,0,0,6,0x5AA5,2253,-4505,0,0,33639,2,4,2,2,255,0,2,15,0,0,1,0,0,0,0,0,0,0,6,0,0,2200,43524087
2026-09-25T07:06:52.911Z,63311562000000,0x051C,0x0104,1,2,63,3379,3379,0,-43997,-44006,420787,43524688,1,0,0,0,3,4,0,0,0,15,15,0,1,420788,2,1,10000,10000,0,0,0,0,5,0,0,0,0,6,0x5AA5,4505,-10137,0,0,33641,2,4,2,2,255,0,2,15,0,0,1,0,0,0,0,0,0,0,6,0,0,4500,43524588
2026-09-25T07:06:53.433Z,63312078000000,0x051C,0x0104,1,2,63,4505,4505,0,-44031,-44007,420792,43525189,1,0,0,0,3,4,0,0,0,15,15,0,1,420793,2,1,10000,10000,0,0,0,0,5,0,0,0,0,6,0x5AA5,4505,1126,0,0,33644,2,4,2,4,255,0,4,15,0,0,1,0,0,0,0,0,0,0,6,0,0,4500,43525089
2026-09-25T07:06:53.908Z,63312546000000,0x051C,0x0104,1,2,63,5632,5632,0,-44014,-44008,420797,43525690,1,0,0,0,3,4,0,0,0,15,15,0,1,420798,2,1,10000,10000,0,0,0,0,5,0,0,0,0,6,0x5AA5,4505,20274,0,0,33646,2,4,2,4,255,0,4,15,0,0,1,0,0,0,0,0,0,0,6,0,0,4500,43525590
2026-09-25T07:06:54.440Z,63313078000000,0x051C,0x0104,1,2,63,6758,6758,0,-44001,-44009,420802,43526191,1,0,0,0,3,4,0,0,0,15,15,0,1,420803,2,1,10000,10000,0,0,0,0,5,0,0,0,0,6,0x5AA5,5632,10137,0,0,33648,2,4,2,4,255,0,4,15,0,0,1,0,0,0,0,0,0,0,6,0,0,5600,43526091
2026-09-25T07:06:54.931Z,63313578000000,0x051C,0x0104,1,2,63,9011,9011,0,-44017,-44011,420808,43526693,1,0,0,0,3,4,0,0,0,15,15,0,1,420808,2,1,10000,10000,0,0,0,0,5,0,0,0,0,6,0x5AA5,9011,15769,0,0,33650,2,4,2,4,255,0,4,15,0,0,1,0,0,0,0,0,0,0,6,0,0,9000,43526693
2026-09-25T07:06:55.462Z,63314109000000,0x051C,0x0104,1,2,63,12390,12390,0,-44024,-44014,420813,43527193,1,0,0,0,3,4,0,0,0,15,15,0,1,420813,2,1,10000,10000,0,0,0,0,5,0,0,0,0,6,0x5AA5,12390,23653,0,0,33650,2,4,2,4,255,0,4,15,0,0,1,0,0,0,0,0,0,0,6,0,0,12300,43527193
2026-09-25T07:06:55.940Z,63314578000000,0x051C,0x0104,1,2,63,13516,13516,0,-44008,-44015,420818,43527694,1,0,0,0,3,4,0,0,0,15,15,0,1,420818,2,1,10000,10000,0,0,0,0,5,0,0,0,0,6,0x5AA5,13516,5632,0,0,33652,2,4,2,4,255,0,4,15,0,0,1,0,0,0,0,0,0,0,6,0,0,13500,43527694
2026-09-25T07:06:56.471Z,63315109000000,0x051C,0x0104,1,2,63,15769,15769,0,-44011,-44017,420823,43528195,1,0,0,0,3,4,0,0,0,15,15,0,1,420823,2,1,10000,10000,0,0,0,0,5,0,0,0,0,6,0x5AA5,15769,9011,0,0,33652,2,4,2,4,255,0,4,15,0,0,1,0,0,0,0,0,0,0,6,0,0,15700,43528195
2026-09-25T07:06:56.945Z,63315593000000,0x051C,0x0104,1,2,63,13516,13516,0,-44027,-44015,420828,43528695,1,0,0,0,3,4,0,0,0,15,15,0,1,420828,2,1,10000,10000,0,0,0,0,5,0,0,0,0,6,0x5AA5,13516,27032,0,0,33652,2,4,2,4,255,0,4,15,0,0,1,0,0,0,0,0,0,0,6,0,0,13500,43528695
2026-09-25T07:06:57.462Z,63316109000000,0x051C,0x0104,1,2,63,15769,15769,0,-44019,-44017,420833,43529196,1,0,0,0,3,4,0,0,0,15,15,0,1,420833,2,1,10000,10000,0,0,0,0,5,0,0,0,0,6,0x5AA5,15769,18021,0,0,33652,2,4,2,4,255,0,4,15,0,0,1,0,0,0,0,0,0,0,6,0,0,15700,43529196
2026-09-25T07:06:57.935Z,63316578000000,0x051C,0x0104,1,2,63,13516,13516,0,-44008,-44015,420838,43529697,1,0,0,0,3,4,0,0,0,15,15,0,1,420838,2,1,10000,10000,0,0,0,0,5,0,0,0,0,6,0x5AA5,13516,5632,0,0,33654,2,4,2,4,255,0,4,15,0,0,1,0,0,0,0,0,0,0,6,0,0,13500,43529697
2026-09-25T07:06:58.468Z,63317109000000,0x051C,0x0104,1,2,63,7884,7884,0,-44022,-44010,420843,43530198,1,0,0,0,3,4,0,0,0,15,15,0,1,420843,2,1,10000,10000,0,0,0,0,5,0,0,0,0,6,0x5AA5,7884,21400,0,0,33656,2,4,2,4,255,0,4,15,0,0,1,0,0,0,0,0,0,0,6,0,0,7800,43530198
2026-09-25T07:06:58.943Z,63317593000000,0x051C,0x0104,1,2,63,10137,10137,0,-44007,-44012,420848,43530699,1,0,0,0,3,4,0,0,0,15,15,0,1,420848,2,1,10000,10000,0,0,0,0,5,0,0,0,0,6,0x5AA5,10137,4505,0,0,33656,2,4,2,4,255,0,4,15,0,0,1,0,0,0,0,0,0,0,6,0,0,10100,43530699
2026-09-25T07:06:59.461Z,63318109000000,0x051C,0x0104,1,2,63,7884,7884,0,-44007,-44010,420853,43531200,1,0,0,0,3,4,0,0,0,15,15,0,1,420853,2,1,10000,10000,0,0,0,0,5,0,0,0,0,6,0x5AA5,7884,4505,0,0,33656,2,4,2,4,255,0,4,15,0,0,1,0,0,0,0,0,0,0,6,0,0,7800,43531200
2026-09-25T07:06:59.936Z,63318578000000,0x051C,0x0104,1,2,63,11263,11263,0,-44031,-44013,420858,43531701,1,0,0,0,3,4,0,0,0,15,15,0,1,420858,2,1,10000,10000,0,0,0,0,5,0,0,0,0,6,0x5AA5,11263,31537,0,0,33656,2,4,2,4,255,0,4,15,0,0,1,0,0,0,0,0,0,0,6,0,0,11200,43531701
2026-09-25T07:07:00.469Z,63319109000000,0x051C,0x0104,1,2,63,14642,14642,0,-44020,-44016,420863,43532202,1,0,0,0,3,4,0,0,0,15,15,0,1,420863,2,1,10000,10000,0,0,0,0,5,0,0,0,0,6,0x5AA5,14642,19148,0,0,33656,2,4,2,4,255,0,4,15,0,0,1,0,0,0,0,0,0,0,6,0,0,14600,43532202
2026-09-25T07:07:00.944Z,63319593000000,0x051C,0x0104,1,2,63,13516,13516,0,-44003,-44015,420868,43532703,1,0,0,0,3,4,0,0,0,15,15,0,1,420868,2,1,10000,10000,0,0,0,0,5,0,0,0,0,6,0x5AA5,13516,0,0,0,33656,2,4,2,4,255,0,4,15,0,0,1,0,0,0,0,0,0,0,6,0,0,13500,43532703
2026-09-25T07:07:01.463Z,63320109000000,0x051C,0x0104,1,2,63,6758,6758,0,-43992,-44009,420873,43533203,1,0,0,0,3,4,0,0,0,15,15,0,1,420873,2,1,10000,10000,0,0,0,0,5,0,0,0,0,6,0x5AA5,6758,-12390,0,0,33659,2,4,2,2,255,0,2,15,0,0,1,0,0,0,0,0,0,0,6,0,0,6700,43533203
2026-09-25T07:07:01.942Z,63320593000000,0x051C,0x0104,1,2,63,3379,3379,0,-44011,-44006,420878,43533704,1,0,0,0,3,4,0,0,0,15,15,0,1,420878,2,1,10000,10000,0,0,0,0,5,0,0,0,0,6,0x5AA5,3379,9011,0,0,33662,2,4,2,4,255,0,4,15,0,0,1,0,0,0,0,0,0,0,6,0,0,3300,43533704
2026-09-25T07:07:02.463Z,63321109000000,0x051C,0x0104,1,2,63,9011,9011,0,-44007,-44011,420882,43534209,1,0,0,0,3,4,0,0,0,15,15,0,1,420883,2,1,10000,10000,0,0,0,0,5,0,0,0,0,6,0x5AA5,7884,13516,0,0,33662,2,4,2,4,255,0,4,15,0,0,1,0,0,0,0,0,0,0,6,0,0,7800,43534105
2026-09-25T07:07:02.941Z,63321593000000,0x051C,0x0104,1,2,63,9011,9011,0,-44022,-44011,420888,43534706,1,0,0,0,3,4,0,0,0,15,15,0,1,420888,2,1,10000,10000,0,0,0,0,5,0,0,0,0,6,0x5AA5,9011,21400,0,0,33662,2,4,2,4,255,0,4,15,0,0,1,0,0,0,0,0,0,0,6,0,0,9000,43534706
2026-09-25T07:07:03.460Z,63322109000000,0x051C,0x0104,1,2,63,2253,2253,0,-44013,-44005,420892,43535207,1,0,0,0,3,4,0,0,0,15,15,0,1,420893,2,1,10000,10000,0,0,0,0,5,0,0,0,0,6,0x5AA5,4505,-14642,0,0,33663,2,4,2,2,255,0,2,15,0,0,1,0,0,0,0,0,0,0,6,0,0,4500,43535107
2026-09-25T07:07:03.940Z,63322578000000,0x051C,0x0104,1,2,63,6758,6758,0,-44010,-44009,420897,43535710,1,0,0,0,3,4,0,0,0,15,15,0,1,420898,2,1,10000,10000,0,0,0,0,5,0,0,0,0,6,0x5AA5,6758,-1126,0,0,33665,2,4,2,2,255,0,2,15,0,0,1,0,0,0,0,0,0,0,6,0,0,6700,43535608
2026-09-25T07:07:04.472Z,63323125000000,0x051C,0x0104,1,2,63,10137,10137,0,-44025,-44012,420903,43536209,1,0,0,0,3,4,0,0,0,15,15,0,1,420903,2,1,10000,10000,0,0,0,0,5,0,0,0,0,6,0x5AA5,10137,24779,0,0,33666,2,4,2,4,255,0,4,15,0,0,1,0,0,0,0,0,0,0,6,0,0,10100,43536209
2026-09-25T07:07:04.947Z,63323593000000,0x051C,0x0104,1,2,63,18021,18021,0,-44013,-44019,420908,43536710,1,0,0,0,3,4,0,0,0,15,15,0,1,420908,2,1,10000,10000,0,0,0,0,5,0,0,0,0,6,0x5AA5,18021,11263,0,0,33666,2,4,2,4,255,0,4,15,0,0,1,0,0,0,0,0,0,0,6,0,0,18000,43536710
2026-09-25T07:07:05.444Z,63324093000000,0x051C,0x0104,1,2,63,14642,14642,0,-44000,-44016,420912,43537215,1,0,0,0,3,4,0,0,0,15,15,0,1,420913,2,1,10000,10000,0,0,0,0,5,0,0,0,0,6,0x5AA5,15769,5632,0,0,33666,2,4,2,4,255,0,4,15,0,0,1,0,0,0,0,0,0,0,6,0,0,15700,43537111
2026-09-25T07:07:05.959Z,63324609000000,0x051C,0x0104,1,2,63,10137,10137,0,-44010,-44012,420917,43537712,1,0,0,0,3,4,0,0,0,15,15,0,1,420918,2,1,10000,10000,0,0,0,0,5,0,0,0,0,6,0x5AA5,10137,20274,0,0,33668,2,4,2,4,255,0,4,15,0,0,1,0,0,0,0,0,0,0,6,0,0,10100,43537611
2026-09-25T07:07:06.433Z,63325078000000,0x051C,0x0104,1,2,63,10137,10137,0,-44008,-44012,420922,43538213,1,0,0,0,3,4,0,0,0,15,15,0,1,420923,2,1,10000,10000,0,0,0,0,5,0,0,0,0,6,0x5AA5,9011,15769,0,0,33670,2,4,2,4,255,0,4,15,0,0,1,0,0,0,0,0,0,0,6,0,0,9000,43538113
2026-09-25T07:07:06.970Z,63325609000000,0x051C,0x0104,1,2,63,10137,10137,0,-44009,-44012,420927,43538716,1,0,0,0,3,4,0,0,0,15,15,0,1,420928,2,1,10000,10000,0,0,0,0,5,0,0,0,0,6,0x5AA5,11263,-2253,0,0,33671,2,4,2,2,255,0,2,15,0,0,1,0,0,0,0,0,0,0,6,0,0,11200,43538613
2026-09-25T07:07:07.447Z,63326093000000,0x051C,0x0104,1,2,63,6758,6758,0,-43997,-44009,420933,43539214,1,0,0,0,3,4,0,0,0,15,15,0,1,420933,2,1,10000,10000,0,0,0,0,5,0,0,0,0,6,0x5AA5,6758,-6758,0,0,33675,2,4,2,2,255,0,2,15,0,0,1,0,0,0,0,0,0,0,6,0,0,6700,43539214
2026-09-25T07:07:07.964Z,63326609000000,0x051C,0x0104,1,2,63,4505,4505,0,-44025,-44007,420937,43539715,1,0,0,0,3,4,0,0,0,15,15,0,1,420938,2,1,10000,10000,0,0,0,0,5,0,0,0,0,6,0x5AA5,3379,11263,0,0,33678,2,4,2,4,255,0,4,15,0,0,1,0,0,0,0,0,0,0,6,0,0,3300,43539615
2026-09-25T07:07:08.444Z,63327093000000,0x051C,0x0104,1,2,63,2253,2253,0,-44012,-44005,420942,43540217,1,0,0,0,3,4,0,0,0,15,15,0,1,420943,2,1,10000,10000,0,0,0,0,5,0,0,0,0,6,0x5AA5,1126,6758,0,0,33680,2,4,2,4,255,0,4,15,0,0,1,0,0,0,0,0,0,0,6,0,0,1100,43540116
2026-09-25T07:07:08.963Z,63327609000000,0x051C,0x0104,1,2,63,5632,5632,0,-44022,-44008,420947,43540717,1,0,0,0,3,4,0,0,0,15,15,0,1,420948,2,1,10000,10000,0,0,0,0,5,0,0,0,0,6,0x5AA5,4505,15769,0,0,33680,2,4,2,4,255,0,4,15,0,0,1,0,0,0,0,0,0,0,6,0,0,4500,43540617
2026-09-25T07:07:09.438Z,63328078000000,0x051C,0x0104,1,2,63,13516,13516,0,-44005,-44015,420952,43541218,1,0,0,0,3,4,0,0,0,15,15,0,1,420953,2,1,10000,10000,0,0,0,0,5,0,0,0,0,6,0x5AA5,12390,16895,0,0,33680,2,4,2,4,255,0,4,15,0,0,1,0,0,0,0,0,0,0,6,0,0,12300,43541118
2026-09-25T07:07:09.975Z,63328625000000,0x051C,0x0104,1,2,63,5632,5632,0,-44010,-44008,420957,43541720,1,0,0,0,3,4,0,0,0,15,15,0,1,420958,2,1,10000,10000,0,0,0,0,5,0,0,0,0,6,0x5AA5,6758,1126,0,0,33682,2,4,2,4,255,0,4,15,0,0,1,0,0,0,0,0,0,0,6,0,0,6700,43541619
2026-09-25T07:07:10.435Z,63329078000000,0x051C,0x0104,1,2,63,4505,4505,0,-43996,-44007,420962,43542220,1,0,0,0,3,4,0,0,0,15,15,0,1,420963,2,1,10000,10000,0,0,0,0,5,0,0,0,0,6,0x5AA5,4505,6758,0,0,33684,2,4,2,4,255,0,4,15,0,0,1,0,0,0,0,0,0,0,6,0,0,4500,43542120
2026-09-25T07:07:10.969Z,63329609000000,0x051C,0x0104,1,2,63,3379,3379,0,-44010,-44006,420967,43542721,1,0,0,0,3,4,0,0,0,15,15,0,1,420968,2,1,10000,10000,0,0,0,0,5,0,0,0,0,6,0x5AA5,2253,-7884,0,0,33687,2,4,2,2,255,0,2,15,0,0,1,0,0,0,0,0,0,0,6,0,0,2200,43542621
2026-09-25T07:07:11.444Z,63330093000000,0x051C,0x0104,1,2,63,3379,3379,0,-44000,-44006,420972,43543222,1,0,0,0,3,4,0,0,0,15,15,0,1,420973,2,1,10000,10000,0,0,0,0,5,0,0,0,0,6,0x5AA5,2253,6758,0,0,33690,2,4,2,4,255,0,4,15,0,0,1,0,0,0,0,0,0,0,6,0,0,2200,43543122
2026-09-25T07:07:11.965Z,63330609000000,0x051C,0x0104,1,2,63,5632,5632,0,-44014,-44008,420977,43543723,1,0,0,0,3,4,0,0,0,15,15,0,1,420978,2,1,10000,10000,0,0,0,0,5,0,0,0,0,6,0x5AA5,4505,14642,0,0,33692,2,4,2,4,255,0,4,15,0,0,1,0,0,0,0,0,0,0,6,0,0,4500,43543623
2026-09-25T07:07:12.442Z,63331093000000,0x051C,0x0104,1,2,63,9011,9011,0,-43999,-44011,420982,43544224,1,0,0,0,3,4,0,0,0,15,15,0,1,420983,2,1,10000,10000,0,0,0,0,5,0,0,0,0,6,0x5AA5,10137,4505,0,0,33694,2,4,2,4,255,0,4,15,0,0,1,0,0,0,0,0,0,0,6,0,0,10100,43544124
2026-09-25T07:07:12.958Z,63331609000000,0x051C,0x0104,1,2,63,3379,3379,0,-44004,-44006,420987,43544625,1,0,0,0,3,4,0,0,0,15,15,0,1,420987,2,1,10000,10000,0,0,0,0,5,0,0,0,0,6,0x5AA5,3379,1126,0,0,33696,2,4,2,4,255,0,4,15,0,0,1,0,0,0,0,0,0,0,6,0,0,3300,43544625
2026-09-25T07:07:13.434Z,63332078000000,0x051C,0x0104,1,2,63,6758,6758,0,-44009,-44009,420992,43545125,1,0,0,0,3,4,0,0,0,15,15,0,1,420992,2,1,10000,10000,0,0,0,0,5,0,0,0,0,6,0x5AA5,6758,6758,0,0,33696,2,4,2,4,255,0,4,15,0,0,1,0,0,0,0,0,0,0,6,0,0,6700,43545125
2026-09-25T07:07:13.967Z,63332609000000,0x051C,0x0104,1,2,63,11263,11263,0,-44014,-44013,420997,43545727,1,0,0,0,3,4,0,0,0,15,15,0,1,420998,2,1,10000,10000,0,0,0,0,5,0,0,0,0,6,0x5AA5,10137,20274,0,0,33696,2,4,2,4,255,0,4,15,0,0,1,0,0,0,0,0,0,0,6,0,0,10100,43545626
2026-09-25T07:07:14.444Z,63333093000000,0x051C,0x0104,1,2,63,7884,7884,0,-44008,-44010,421002,43546227,1,0,0,0,3,4,0,0,0,15,15,0,1,421003,2,1,10000,10000,0,0,0,0,5,0,0,0,0,6,0x5AA5,7884,9011,0,0,33698,2,4,2,4,255,0,4,15,0,0,1,0,0,0,0,0,0,0,6,0,0,7800,43546127
2026-09-25T07:07:14.961Z,63333609000000,0x051C,0x0104,1,2,63,5632,5632,0,-44029,-44008,421007,43546628,1,0,0,0,3,4,0,0,0,15,15,0,1,421007,2,1,10000,10000,0,0,0,0,5,0,0,0,0,6,0x5AA5,5632,29285,0,0,33698,2,4,2,4,255,0,4,15,0,0,1,0,0,0,0,0,0,0,6,0,0,5600,43546628
2026-09-25T07:07:15.437Z,63334078000000,0x051C,0x0104,1,2,63,10137,10137,0,-44008,-44012,421012,43547129,1,0,0,0,3,4,0,0,0,15,15,0,1,421012,2,1,10000,10000,0,0,0,0,5,0,0,0,0,6,0x5AA5,10137,5632,0,0,33700,2,4,2,4,255,0,4,15,0,0,1,0,0,0,0,0,0,0,6,0,0,10100,43547129
2026-09-25T07:07:15.971Z,63334609000000,0x051C,0x0104,1,2,63,10137,10137,0,-44009,-44012,421017,43547730,1,0,0,0,3,4,0,0,0,15,15,0,1,421018,2,1,10000,10000,0,0,0,0,5,0,0,0,0,6,0x5AA5,10137,-4505,0,0,33701,2,4,2,2,255,0,2,15,0,0,1,0,0,0,0,0,0,0,6,0,0,10100,43547630
2026-09-25T07:07:16.447Z,63335093000000,0x051C,0x0104,1,2,63,4505,4505,0,-44016,-44007,421022,43548231,1,0,0,0,3,4,0,0,0,15,15,0,1,421023,2,1,10000,10000,0,0,0,0,5,0,0,0,0,6,0x5AA5,4505,1126,0,0,33704,2,4,2,4,255,0,4,15,0,0,1,0,0,0,0,0,0,0,6,0,0,4500,43548131
2026-09-25T07:07:16.980Z,63335625000000,0x051C,0x0104,1,2,63,12390,12390,0,-44023,-44014,421027,43548733,1,0,0,0,3,4,0,0,0,15,15,0,1,421028,2,1,10000,10000,0,0,0,0,5,0,0,0,0,6,0x5AA5,10137,30411,0,0,33704,2,4,2,4,255,0,4,15,0,0,1,0,0,0,0,0,0,0,6,0,0,10100,43548633
2026-09-25T07:07:17.453Z,63336093000000,0x051C,0x0104,1,2,63,14642,14642,0,-44013,-44016,421032,43549233,1,0,0,0,3,4,0,0,0,15,15,0,1,421033,2,1,10000,10000,0,0,0,0,5,0,0,0,0,6,0x5AA5,14642,7884,0,0,33704,2,4,2,4,255,0,4,15,0,0,1,0,0,0,0,0,0,0,6,0,0,14600,43549133
2026-09-25T07:07:17.989Z,63336640000000,0x051C,0x0104,1,2,63,12390,12390,0,-44004,-44014,421037,43549736,1,0,0,0,3,4,0,0,0,15,15,0,1,421038,2,1,10000,10000,0,0,0,0,5,0,0,0,0,6,0x5AA5,13516,1126,0,0,33704,2,4,2,4,255,0,4,15,0,0,1,0,0,0,0,0,0,0,6,0,0,13500,43549634
2026-09-25T07:07:18.449Z,63337093000000,0x051C,0x0104,1,2,63,12390,12390,0,-44007,-44014,421042,43550235,1,0,0,0,3,4,0,0,0,15,15,0,1,421043,2,1,10000,10000,0,0,0,0,5,0,0,0,0,6,0x5AA5,12390,15769,0,0,33704,2,4,2,4,255,0,4,15,0,0,1,0,0,0,0,0,0,0,6,0,0,12300,43550135
2026-09-25T07:07:18.982Z,63337625000000,0x051C,0x0104,1,2,63,9011,9011,0,-44002,-44011,421047,43550736,1,0,0,0,3,4,0,0,0,15,15,0,1,421048,2,1,10000,10000,0,0,0,0,5,0,0,0,0,6,0x5AA5,9011,7884,0,0,33706,2,4,2,4,255,0,4,15,0,0,1,0,0,0,0,0,0,0,6,0,0,9000,43550635
2026-09-25T07:07:19.457Z,63338109000000,0x051C,0x0104,1,2,63,7884,7884,0,-44016,-44010,421052,43551236,1,0,0,0,3,4,0,0,0,15,15,0,1,421053,2,1,10000,10000,0,0,0,0,5,0,0,0,0,6,0x5AA5,6758,18021,0,0,33708,2,4,2,4,255,0,4,15,0,0,1,0,0,0,0,0,0,0,6,0,0,6700,43551136
2026-09-25T07:07:19.977Z,63338625000000,0x051C,0x0104,1,2,63,7884,7884,0,-44016,-44010,421057,43551637,1,0,0,0,3,4,0,0,0,15,15,0,1,421057,2,1,10000,10000,0,0,0,0,5,0,0,0,0,6,0x5AA5,7884,14642,0,0,33710,2,4,2,4,255,0,4,15,0,0,1,0,0,0,0,0,0,0,6,0,0,7800,43551637
2026-09-25T07:07:20.452Z,63339093000000,0x051C,0x0104,1,2,63,6758,6758,0,-44011,-44009,421062,43552238,1,0,0,0,3,4,0,0,0,15,15,0,1,421063,2,1,10000,10000,0,0,0,0,5,0,0,0,0,6,0x5AA5,6758,6758,0,0,33712,2,4,2,4,255,0,4,15,0,0,1,0,0,0,0,0,0,0,6,0,0,6700,43552138
2026-09-25T07:07:20.987Z,63339625000000,0x051C,0x0104,1,2,63,13516,13516,0,-44012,-44015,421067,43552739,1,0,0,0,3,4,0,0,0,15,15,0,1,421068,2,1,10000,10000,0,0,0,0,5,0,0,0,0,6,0x5AA5,11263,34916,0,0,33712,2,4,2,4,255,0,4,15,0,0,1,0,0,0,0,0,0,0,6,0,0,11200,43552639
2026-09-25T07:07:21.463Z,63340109000000,0x051C,0x0104,1,2,63,16895,16895,0,-44015,-44018,421072,43553240,1,0,0,0,3,4,0,0,0,15,15,0,1,421073,2,1,10000,10000,0,0,0,0,5,0,0,0,0,6,0x5AA5,18021,18021,0,0,33712,2,4,2,4,255,0,4,15,0,0,1,0,0,0,0,0,0,0,6,0,0,18000,43553140
2026-09-25T07:07:21.982Z,63340625000000,0x051C,0x0104,1,2,63,22527,22527,0,-44005,-44023,421077,43553741,1,0,0,0,3,4,0,0,0,15,15,0,1,421078,2,1,10000,10000,0,0,0,0,5,0,0,0,0,6,0x5AA5,22527,22527,0,0,33712,2,4,2,4,255,0,4,15,0,0,1,0,0,0,0,0,0,0,6,0,0,22500,43553641
2026-09-25T07:07:22.455Z,63341093000000,0x051C,0x0104,1,2,63,12390,12390,0,-43999,-44014,421082,43554242,1,0,0,0,3,4,0,0,0,15,15,0,1,421083,2,1,10000,10000,0,0,0,0,5,0,0,0,0,6,0x5AA5,14642,-14642,0,0,33713,2,4,2,2,255,0,2,15,0,0,1,0,0,0,0,0,0,0,6,0,0,14600,43554142
2026-09-25T07:07:22.972Z,63341625000000,0x051C,0x0104,1,2,63,6758,6758,0,-43993,-44009,421087,43554643,1,0,0,0,3,4,0,0,0,15,15,0,1,421087,2,1,10000,10000,0,0,0,0,5,0,0,0,0,6,0x5AA5,6758,-11263,0,0,33715,2,4,2,2,255,0,2,15,0,0,1,0,0,0,0,0,0,0,6,0,0,6700,43554643
2026-09-25T07:07:23.447Z,63342093000000,0x051C,0x0104,1,2,63,6758,6758,0,-44009,-44009,421092,43555144,1,0,0,0,3,4,0,0,0,15,15,0,1,421092,2,1,10000,10000,0,0,0,0,5,0,0,0,0,6,0x5AA5,6758,6758,0,0,33716,2,4,2,4,255,0,4,15,0,0,1,0,0,0,0,0,0,0,6,0,0,6700,43555144
2026-09-25T07:07:23.977Z,63342625000000,0x051C,0x0104,1,2,63,7884,7884,0,-43997,-44010,421097,43555644,1,0,0,0,3,4,0,0,0,15,15,0,1,421097,2,1,10000,10000,0,0,0,0,5,0,0,0,0,6,0x5AA5,7884,-6758,0,0,33717,2,4,2,2,255,0,2,15,0,0,1,0,0,0,0,0,0,0,6,0,0,7800,43555644
2026-09-25T07:07:24.451Z,63343093000000,0x051C,0x0104,1,2,63,10137,10137,0,-44019,-44012,421102,43556145,1,0,0,0,3,4,0,0,0,15,15,0,1,421102,2,1,10000,10000,0,0,0,0,5,0,0,0,0,6,0x5AA5,10137,18021,0,0,33720,2,4,2,4,255,0,4,15,0,0,1,0,0,0,0,0,0,0,6,0,0,10100,43556145
2026-09-25T07:07:24.988Z,63343640000000,0x051C,0x0104,1,2,63,9011,9011,0,-44012,-44011,421107,43556746,1,0,0,0,3,4,0,0,0,15,15,0,1,421108,2,1,10000,10000,0,0,0,0,5,0,0,0,0,6,0x5AA5,9011,9011,0,0,33722,2,4,2,4,255,0,4,15,0,0,1,0,0,0,0,0,0,0,6,0,0,9000,43556646
2026-09-25T07:07:25.447Z,63344093000000,0x051C,0x0104,1,2,63,9011,9011,0,-44017,-44011,421112,43557147,1,0,0,0,3,4,0,0,0,15,15,0,1,421112,2,1,10000,10000,0,0,0,0,5,0,0,0,0,6,0x5AA5,9011,15769,0,0,33724,2,4,2,4,255,0,4,15,0,0,1,0,0,0,0,0,0,0,6,0,0,9000,43557147
2026-09-25T07:07:25.978Z,63344625000000,0x051C,0x0104,1,2,63,12390,12390,0,-44027,-44014,421117,43557648,1,0,0,0,3,4,0,0,0,15,15,0,1,421117,2,1,10000,10000,0,0,0,0,5,0,0,0,0,6,0x5AA5,12390,27032,0,0,33724,2,4,2,4,255,0,4,15,0,0,1,0,0,0,0,0,0,0,6,0,0,12300,43557648
2026-09-25T07:07:26.452Z,63345093000000,0x051C,0x0104,1,2,63,9011,9011,0,-44001,-44011,421122,43558149,1,0,0,0,3,4,0,0,0,15,15,0,1,421122,2,1,10000,10000,0,0,0,0,5,0,0,0,0,6,0x5AA5,9011,-2253,0,0,33725,2,4,2,2,255,0,2,15,0,0,1,0,0,0,0,0,0,0,6,0,0,9000,43558149
2026-09-25T07:07:26.989Z,63345640000000,0x051C,0x0104,1,2,63,12390,12390,0,-44005,-44014,421127,43558750,1,0,0,0,3,4,0,0,0,15,15,0,1,421128,2,1,10000,10000,0,0,0,0,5,0,0,0,0,6,0x5AA5,13516,4505,0,0,33726,2,4,2,4,255,0,4,15,0,0,1,0,0,0,0,0,0,0,6,0,0,13500,43558650
2026-09-25T07:07:27.448Z,63346093000000,0x051C,0x0104,1,2,63,7884,7884,0,-44020,-44010,421132,43559151,1,0,0,0,3,4,0,0,0,15,15,0,1,421132,2,1,10000,10000,0,0,0,0,5,0,0,0,0,6,0x5AA5,7884,19148,0,0,33728,2,4,2,4,255,0,4,15,0,0,1,0,0,0,0,0,0,0,6,0,0,7800,43559151
2026-09-25T07:07:27.981Z,63346625000000,0x051C,0x0104,1,2,63,7884,7884,0,-44006,-44010,421137,43559652,1,0,0,0,3,4,0,0,0,15,15,0,1,421137,2,1,10000,10000,0,0,0,0,5,0,0,0,0,6,0x5AA5,7884,3379,0,0,33730,2,4,2,4,255,0,4,15,0,0,1,0,0,0,0,0,0,0,6,0,0,7800,43559652
2026-09-25T07:07:28.456Z,63347093000000,0x051C,0x0104,1,2,63,11263,11263,0,-44002,-44013,421142,43560153,1,0,0,0,3,4,0,0,0,15,15,0,1,421142,2,1,10000,10000,0,0,0,0,5,0,0,0,0,6,0x5AA5,11263,-1126,0,0,33731,2,4,2,2,255,0,2,15,0,0,1,0,0,0,0,0,0,0,6,0,0,11200,43560153
2026-09-25T07:07:28.990Z,63347640000000,0x051C,0x0104,1,2,63,9011,9011,0,-44018,-44011,421147,43560653,1,0,0,0,3,4,0,0,0,15,15,0,1,421147,2,1,10000,10000,0,0,0,0,5,0,0,0,0,6,0x5AA5,9011,16895,0,0,33732,2,4,2,4,255,0,4,15,0,0,1,0,0,0,0,0,0,0,6,0,0,9000,43560653
2026-09-25T07:07:29.450Z,63348093000000,0x051C,0x0104,1,2,63,11263,11263,0,-44006,-44013,421152,43561154,1,0,0,0,3,4,0,0,0,15,15,0,1,421152,2,1,10000,10000,0,0,0,0,5,0,0,0,0,6,0x5AA5,11263,3379,0,0,33734,2,4,2,4,255,0,4,15,0,0,1,0,0,0,0,0,0,0,6,0,0,11200,43561154
2026-09-25T07:07:29.983Z,63348625000000,0x051C,0x0104,1,2,63,7884,7884,0,-44012,-44010,421157,43561655,1,0,0,0,3,4,0,0,0,15,15,0,1,421157,2,1,10000,10000,0,0,0,0,5,0,0,0,0,6,0x5AA5,7884,10137,0,0,33736,2,4,2,4,255,0,4,15,0,0,1,0,0,0,0,0,0,0,6,0,0,7800,43561655
2026-09-25T07:07:30.456Z,63349109000000,0x051C,0x0104,1,2,63,11263,11263,0,-44010,-44013,421162,43562156,1,0,0,0,3,4,0,0,0,15,15,0,1,421162,2,1,10000,10000,0,0,0,0,5,0,0,0,0,6,0x5AA5,11263,7884,0,0,33736,2,4,2,4,255,0,4,15,0,0,1,0,0,0,0,0,0,0,6,0,0,11200,43562156
2026-09-25T07:07:30.976Z,63349625000000,0x051C,0x0104,1,2,63,16895,16895,0,-44014,-44018,421167,43562657,1,0,0,0,3,4,0,0,0,15,15,0,1,421167,2,1,10000,10000,0,0,0,0,5,0,0,0,0,6,0x5AA5,16895,12390,0,0,33736,2,4,2,4,255,0,4,15,0,0,1,0,0,0,0,0,0,0,6,0,0,16800,43562657
2026-09-25T07:07:31.451Z,63350093000000,0x051C,0x0104,1,2,63,13516,13516,0,-44023,-44015,421172,43563158,1,0,0,0,3,4,0,0,0,15,15,0,1,421172,2,1,10000,10000,0,0,0,0,5,0,0,0,0,6,0x5AA5,13516,22527,0,0,33738,2,4,2,4,255,0,4,15,0,0,1,0,0,0,0,0,0,0,6,0,0,13500,43563158
2026-09-25T07:07:31.985Z,63350625000000,0x051C,0x0104,1,2,63,11263,11263,0,-44010,-44013,421177,43563659,1,0,0,0,3,4,0,0,0,15,15,0,1,421177,2,1,10000,10000,0,0,0,0,5,0,0,0,0,6,0x5AA5,11263,7884,0,0,33740,2,4,2,4,255,0,4,15,0,0,1,0,0,0,0,0,0,0,6,0,0,11200,43563659
2026-09-25T07:07:32.461Z,63351109000000,0x051C,0x0104,1,2,63,13516,13516,0,-44030,-44015,421182,43564160,1,0,0,0,3,4,0,0,0,15,15,0,1,421182,2,1,10000,10000,0,0,0,0,5,0,0,0,0,6,0x5AA5,13516,30411,0,0,33740,2,4,2,4,255,0,4,15,0,0,1,0,0,0,0,0,0,0,6,0,0,13500,43564160
2026-09-25T07:07:32.980Z,63351625000000,0x051C,0x0104,1,2,63,10137,10137,0,-44004,-44012,421187,43564661,1,0,0,0,3,4,0,0,0,15,15,0,1,421187,2,1,10000,10000,0,0,0,0,5,0,0,0,0,6,0x5AA5,10137,1126,0,0,33742,2,4,2,4,255,0,4,15,0,0,1,0,0,0,0,0,0,0,6,0,0,10100,43564661
2026-09-25T07:07:33.454Z,63352093000000,0x051C,0x0104,1,2,63,6758,6758,0,-44015,-44009,421192,43565162,1,0,0,0,3,4,0,0,0,15,15,0,1,421192,2,1,10000,10000,0,0,0,0,5,0,0,0,0,6,0x5AA5,6758,13516,0,0,33744,2,4,2,4,255,0,4,15,0,0,1,0,0,0,0,0,0,0,6,0,0,6700,43565162
2026-09-25T07:07:33.989Z,63352640000000,0x051C,0x0104,1,2,63,10137,10137,0,-44015,-44012,421197,43565663,1,0,0,0,3,4,0,0,0,15,15,0,1,421197,2,1,10000,10000,0,0,0,0,5,0,0,0,0,6,0x5AA5,10137,13516,0,0,33744,2,4,2,4,255,0,4,15,0,0,1,0,0,0,0,0,0,0,6,0,0,10100,43565663
2026-09-25T07:07:34.466Z,63353109000000,0x051C,0x0104,1,2,63,6758,6758,0,-44002,-44009,421202,43566163,1,0,0,0,3,4,0,0,0,15,15,0,1,421202,2,1,10000,10000,0,0,0,0,5,0,0,0,0,6,0x5AA5,6758,-1126,0,0,33747,2,4,2,2,255,0,2,15,0,0,1,0,0,0,0,0,0,0,6,0,0,6700,43566163
2026-09-25T07:07:35.005Z,63353656000000,0x051C,0x0104,1,2,63,3379,3379,0,-44013,-44006,421207,43566765,1,0,0,0,3,4,0,0,0,15,15,0,1,421208,2,1,10000,10000,0,0,0,0,5,0,0,0,0,6,0x5AA5,3379,5632,0,0,33748,2,4,2,4,255,0,4,15,0,0,1,0,0,0,0,0,0,0,6,0,0,3300,43566664
2026-09-25T07:07:35.464Z,63354109000000,0x051C,0x0104,1,2,63,2253,2253,0,-44028,-44005,421212,43567165,1,0,0,0,3,4,0,0,0,15,15,0,1,421212,2,1,10000,10000,0,0,0,0,5,0,0,0,0,6,0x5AA5,2253,28158,0,0,33750,2,4,2,4,255,0,4,15,0,0,1,0,0,0,0,0,0,0,6,0,0,2200,43567165
2026-09-25T07:07:35.997Z,63354640000000,0x051C,0x0104,1,2,63,4505,4505,0,-43984,-44007,421217,43567666,1,0,0,0,3,4,0,0,0,15,15,0,1,421217,2,1,10000,10000,0,0,0,0,5,0,0,0,0,6,0x5AA5,4505,-21400,0,0,33751,2,4,2,2,255,0,2,15,0,0,1,0,0,0,0,0,0,0,6,0,0,4500,43567666
2026-09-25T07:07:36.473Z,63355125000000,0x051C,0x0104,1,2,63,1126,1126,0,-44000,-44004,421222,43568167,1,0,0,0,3,4,0,0,0,15,15,0,1,421222,2,1,10000,10000,0,0,0,0,5,0,0,0,0,6,0x5AA5,1126,-3379,0,0,33753,2,4,2,2,255,0,2,15,0,0,1,0,0,0,0,0,0,0,6,0,0,1100,43568167
2026-09-25T07:07:36.991Z,63355640000000,0x051C,0x0104,1,2,63,1126,1126,0,-44011,-44004,421227,43568668,1,0,0,0,3,4,0,0,0,15,15,0,1,421227,2,1,10000,10000,0,0,0,0,5,0,0,0,0,6,0x5AA5,1126,9011,0,0,33756,2,4,2,4,255,0,4,15,0,0,1,0,0,0,0,0,0,0,6,0,0,1100,43568668
2026-09-25T07:07:37.466Z,63356109000000,0x051C,0x0104,1,2,63,7884,7884,0,-44006,-44010,421232,43569169,1,0,0,0,3,4,0,0,0,15,15,0,1,421232,2,1,10000,10000,0,0,0,0,5,0,0,0,0,6,0x5AA5,7884,3379,0,0,33756,2,4,2,4,255,0,4,15,0,0,1,0,0,0,0,0,0,0,6,0,0,7800,43569169
2026-09-25T07:07:37.998Z,63356640000000,0x051C,0x0104,1,2,63,6758,6758,0,-44005,-44009,421237,43569670,1,0,0,0,3,4,0,0,0,15,15,0,1,421237,2,1,10000,10000,0,0,0,0,5,0,0,0,0,6,0x5AA5,6758,2253,0,0,33758,2,4,2,4,255,0,4,15,0,0,1,0,0,0,0,0,0,0,6,0,0,6700,43569670
2026-09-25T07:07:38.475Z,63357125000000,0x051C,0x0104,1,2,63,11263,11263,0,-43997,-44013,421242,43570171,1,0,0,0,3,4,0,0,0,15,15,0,1,421242,2,1,10000,10000,0,0,0,0,5,0,0,0,0,6,0x5AA5,11263,-6758,0,0,33759,2,4,2,2,255,0,2,15,0,0,1,0,0,0,0,0,0,0,6,0,0,11200,43570171
2026-09-25T07:07:38.992Z,63357640000000,0x051C,0x0104,1,2,63,9011,9011,0,-44024,-44011,421247,43570672,1,0,0,0,3,4,0,0,0,15,15,0,1,421247,2,1,10000,10000,0,0,0,0,5,0,0,0,0,6,0x5AA5,9011,23653,0,0,33760,2,4,2,4,255,0,4,15,0,0,1,0,0,0,0,0,0,0,6,0,0,9000,43570672
2026-09-25T07:07:39.469Z,63358109000000,0x051C,0x0104,1,2,63,3379,3379,0,-44017,-44006,421252,43571173,1,0,0,0,3,4,0,0,0,15,15,0,1,421252,2,1,10000,10000,0,0,0,0,5,0,0,0,0,6,0x5AA5,3379,15769,0,0,33762,2,4,2,4,255,0,4,15,0,0,1,0,0,0,0,0,0,0,6,0,0,3300,43571173
2026-09-25T07:07:40.002Z,63358640000000,0x051C,0x0104,1,2,63,6758,6758,0,-44011,-44009,421257,43571674,1,0,0,0,3,4,0,0,0,15,15,0,1,421257,2,1,10000,10000,0,0,0,0,5,0,0,0,0,6,0x5AA5,6758,9011,0,0,33762,2,4,2,4,255,0,4,15,0,0,1,0,0,0,0,0,0,0,6,0,0,6700,43571674
2026-09-25T07:07:40.481Z,63359125000000,0x051C,0x0104,1,2,63,6758,6758,0,-44011,-44009,421262,43572175,1,0,0,0,3,4,0,0,0,15,15,0,1,421262,2,1,10000,10000,0,0,0,0,5,0,0,0,0,6,0x5AA5,6758,9011,0,0,33764,2,4,2,4,255,0,4,15,0,0,1,0,0,0,0,0,0,0,6,0,0,6700,43572175
2026-09-25T07:07:41.014Z,63359656000000,0x051C,0x0104,1,2,63,0,0,0,-44000,-44003,421267,43572776,1,0,0,0,3,4,0,0,0,15,15,0,1,421268,2,1,10000,10000,0,0,0,0,5,0,0,0,0,6,0x5AA5,0,16895,0,0,33766,2,3,2,4,255,0,4,15,0,0,1,0,0,0,0,0,0,0,6,0,0,0,43572676
2026-09-25T07:07:41.489Z,63360140000000,0x051C,0x0104,1,2,63,3379,3379,0,-44004,-44006,421272,43573277,1,0,0,0,3,4,0,0,0,15,15,0,1,421273,2,1,10000,10000,0,0,0,0,5,0,0,0,0,6,0x5AA5,2253,13516,0,0,33770,2,4,2,4,255,0,4,15,0,0,1,0,0,0,0,0,0,0,6,0,0,2200,43573176
2026-09-25T07:07:42.006Z,63360656000000,0x051C,0x0104,1,2,63,2253,2253,0,-43997,-44005,421277,43573677,1,0,0,0,3,4,0,0,0,15,15,0,1,421277,2,1,10000,10000,0,0,0,0,5,0,0,0,0,6,0x5AA5,2253,-6758,0,0,33771,2,4,2,2,255,0,2,15,0,0,1,0,0,0,0,0,0,0,6,0,0,2200,43573677
2026-09-25T07:07:42.482Z,63361125000000,0x051C,0x0104,1,2,63,0,0,0,-44008,-44003,421282,43574178,1,0,0,0,3,4,0,0,0,15,15,0,1,421282,2,1,10000,10000,0,0,0,0,5,0,0,0,0,6,0x5AA5,0,5632,0,0,33774,2,3,2,4,255,0,4,15,0,0,1,0,0,0,0,0,0,0,6,0,0,0,43574178
2026-09-25T07:07:43.018Z,63361656000000,0x051C,0x0104,1,2,63,1126,1126,0,-43978,-44004,421287,43574679,1,0,0,0,3,4,0,0,0,15,15,0,1,421287,2,1,10000,10000,0,0,0,0,5,0,0,0,0,6,0x5AA5,1126,-28158,0,0,33775,2,4,2,2,255,0,2,15,0,0,1,0,0,0,0,0,0,0,6,0,0,1100,43574679
2026-09-25T07:07:43.493Z,63362140000000,0x051C,0x0104,1,2,63,-2253,-2253,0,-43998,-44001,421292,43575280,1,0,0,0,3,4,0,0,0,15,15,0,1,421293,2,1,10000,10000,0,0,0,0,5,0,0,0,0,6,0x5AA5,-3379,9011,0,0,33776,2,2,2,4,255,0,4,15,0,0,1,0,0,0,0,0,0,0,6,0,0,-3300,43575180
2026-09-25T07:07:44.010Z,63362656000000,0x051C,0x0104,1,2,63,-3379,-3379,0,-43998,-44000,421297,43575681,1,0,0,0,3,4,0,0,0,15,15,0,1,421297,2,1,10000,10000,0,0,0,0,5,0,0,0,0,6,0x5AA5,-3379,-5632,0,0,33779,2,2,2,2,255,0,2,15,0,0,1,0,0,0,0,0,0,0,6,0,0,-3300,43575681
2026-09-25T07:07:44.484Z,63363125000000,0x051C,0x0104,1,2,63,-4505,-4505,0,-43986,-43999,421302,43576182,1,0,0,0,3,4,0,0,0,15,15,0,1,421302,2,1,10000,10000,0,0,0,0,5,0,0,0,0,6,0x5AA5,-4505,-19148,0,0,33779,2,2,2,2,255,0,2,15,0,0,1,0,0,0,0,0,0,0,6,0,0,-4500,43576182
2026-09-25T07:07:45.021Z,63363671000000,0x051C,0x0104,1,2,63,-5632,-5632,0,-44014,-43998,421307,43576683,1,0,0,0,3,4,0,0,0,15,15,0,1,421307,2,1,10000,10000,0,0,0,0,5,0,0,0,0,6,0x5AA5,-5632,12390,0,0,33782,2,2,2,4,255,0,4,15,0,0,1,0,0,0,0,0,0,0,6,0,0,-5600,43576683
2026-09-25T07:07:45.480Z,63364125000000,0x051C,0x0104,1,2,63,-1126,-1126,0,-44013,-44002,421312,43577184,1,0,0,0,3,4,0,0,0,15,15,0,1,421312,2,1,10000,10000,0,0,0,0,5,0,0,0,0,6,0x5AA5,-1126,11263,0,0,33784,2,2,2,4,255,0,4,15,0,0,1,0,0,0,0,0,0,0,6,0,0,-1100,43577184
2026-09-25T07:07:46.013Z,63364656000000,0x051C,0x0104,1,2,63,3379,3379,0,-44001,-44006,421317,43577685,1,0,0,0,3,4,0,0,0,15,15,0,1,421317,2,1,10000,10000,0,0,0,0,5,0,0,0,0,6,0x5AA5,3379,-2253,0,0,33787,2,4,2,2,255,0,2,15,0,0,1,0,0,0,0,0,0,0,6,0,0,3300,43577685
2026-09-25T07:07:46.486Z,63365125000000,0x051C,0x0104,1,2,63,-1126,-1126,0,-43998,-44002,421322,43578186,1,0,0,0,3,4,0,0,0,15,15,0,1,421322,2,1,10000,10000,0,0,0,0,5,0,0,0,0,6,0x5AA5,-1126,-5632,0,0,33789,2,2,2,2,255,0,2,15,0,0,1,0,0,0,0,0,0,0,6,0,0,-1100,43578186
2026-09-25T07:07:47.017Z,63365656000000,0x051C,0x0104,1,2,63,2253,2253,0,-44009,-44005,421327,43578687,1,0,0,0,3,4,0,0,0,15,15,0,1,421327,2,1,10000,10000,0,0,0,0,5,0,0,0,0,6,0x5AA5,2253,6758,0,0,33790,2,4,2,4,255,0,4,15,0,0,1,0,0,0,0,0,0,0,6,0,0,2200,43578687
2026-09-25T07:07:47.491Z,63366140000000,0x051C,0x0104,1,2,63,6758,6758,0,-44020,-44009,421332,43579187,1,0,0,0,3,4,0,0,0,15,15,0,1,421332,2,1,10000,10000,0,0,0,0,5,0,0,0,0,6,0x5AA5,6758,19148,0,0,33790,2,4,2,4,255,0,4,15,0,0,1,0,0,0,0,0,0,0,6,0,0,6700,43579187
2026-09-25T07:07:48.009Z,63366656000000,0x051C,0x0104,1,2,63,2253,2253,0,-43989,-44005,421337,43579688,1,0,0,0,3,4,0,0,0,15,15,0,1,421337,2,1,10000,10000,0,0,0,0,5,0,0,0,0,6,0x5AA5,2253,-15769,0,0,33791,2,4,2,2,255,0,2,15,0,0,1,0,0,0,0,0,0,0,6,0,0,2200,43579688
2026-09-25T07:07:48.483Z,63367125000000,0x051C,0x0104,1,2,63,4505,4505,0,-44014,-44007,421342,43580189,1,0,0,0,3,4,0,0,0,15,15,0,1,421342,2,1,10000,10000,0,0,0,0,5,0,0,0,0,6,0x5AA5,4505,12390,0,0,33792,2,4,2,4,255,0,4,15,0,0,1,0,0,0,0,0,0,0,6,0,0,4500,43580189
2026-09-25T07:07:49.017Z,63367656000000,0x051C,0x0104,1,2,63,12390,12390,0,-44020,-44014,421347,43580690,1,0,0,0,3,4,0,0,0,15,15,0,1,421347,2,1,10000,10000,0,0,0,0,5,0,0,0,0,6,0x5AA5,12390,19148,0,0,33792,2,4,2,4,255,0,4,15,0,0,1,0,0,0,0,0,0,0,6,0,0,12300,43580690
2026-09-25T07:07:49.492Z,63368140000000,0x051C,0x0104,1,2,63,16895,16895,0,-44015,-44018,421352,43581191,1,0,0,0,3,4,0,0,0,15,15,0,1,421352,2,1,10000,10000,0,0,0,0,5,0,0,0,0,6,0x5AA5,16895,13516,0,0,33792,2,4,2,4,255,0,4,15,0,0,1,0,0,0,0,0,0,0,6,0,0,16800,43581191
2026-09-25T07:07:50.011Z,63368656000000,0x051C,0x0104,1,2,63,15769,15769,0,-44013,-44017,421357,43581693,1,0,0,0,3,4,0,0,0,15,15,0,1,421357,2,1,10000,10000,0,0,0,0,5,0,0,0,0,6,0x5AA5,15769,11263,0,0,33792,2,4,2,4,255,0,4,15,0,0,1,0,0,0,0,0,0,0,6,0,0,15700,43581693
2026-09-25T07:07:50.485Z,63369125000000,0x051C,0x0104,1,2,63,11263,11263,0,-43995,-44013,421362,43582193,1,0,0,0,3,4,0,0,0,15,15,0,1,421362,2,1,10000,10000,0,0,0,0,5,0,0,0,0,6,0x5AA5,11263,-9011,0,0,33793,2,4,2,2,255,0,2,15,0,0,1,0,0,0,0,0,0,0,6,0,0,11200,43582193
2026-09-25T07:07:51.018Z,63369656000000,0x051C,0x0104,1,2,63,14642,14642,0,-44016,-44016,421367,43582694,1,0,0,0,3,4,0,0,0,15,15,0,1,421367,2,1,10000,10000,0,0,0,0,5,0,0,0,0,6,0x5AA5,14642,14642,0,0,33794,2,4,2,4,255,0,4,15,0,0,1,0,0,0,0,0,0,0,6,0,0,14600,43582694
2026-09-25T07:07:51.492Z,63370140000000,0x051C,0x0104,1,2,63,12390,12390,0,-44002,-44014,421372,43583195,1,0,0,0,3,4,0,0,0,15,15,0,1,421372,2,1,10000,10000,0,0,0,0,5,0,0,0,0,6,0x5AA5,12390,-1126,0,0,33795,2,4,2,2,255,0,2,15,0,0,1,0,0,0,0,0,0,0,6,0,0,12300,43583195
2026-09-25T07:07:52.008Z,63370656000000,0x051C,0x0104,1,2,63,5632,5632,0,-44020,-44008,421377,43583696,1,0,0,0,3,4,0,0,0,15,15,0,1,421377,2,1,10000,10000,0,0,0,0,5,0,0,0,0,6,0x5AA5,5632,19148,0,0,33796,2,4,2,4,255,0,4,15,0,0,1,0,0,0,0,0,0,0,6,0,0,5600,43583696
2026-09-25T07:07:52.481Z,63371125000000,0x051C,0x0104,1,2,63,12390,12390,0,-44010,-44014,421382,43584197,1,0,0,0,3,4,0,0,0,15,15,0,1,421382,2,1,10000,10000,0,0,0,0,5,0,0,0,0,6,0x5AA5,12390,7884,0,0,33796,2,4,2,4,255,0,4,15,0,0,1,0,0,0,0,0,0,0,6,0,0,12300,43584197
2026-09-25T07:07:53.015Z,63371656000000,0x051C,0x0104,1,2,63,15769,15769,0,-44020,-44017,421387,43584698,1,0,0,0,3,4,0,0,0,15,15,0,1,421387,2,1,10000,10000,0,0,0,0,5,0,0,0,0,6,0x5AA5,15769,19148,0,0,33796,2,4,2,4,255,0,4,15,0,0,1,0,0,0,0,0,0,0,6,0,0,15700,43584698
2026-09-25T07:07:53.490Z,63372140000000,0x051C,0x0104,1,2,63,12390,12390,0,-43996,-44014,421392,43585198,1,0,0,0,3,4,0,0,0,15,15,0,1,421392,2,1,10000,10000,0,0,0,0,5,0,0,0,0,6,0x5AA5,12390,-7884,0,0,33797,2,4,2,2,255,0,2,15,0,0,1,0,0,0,0,0,0,0,6,0,0,12300,43585198
2026-09-25T07:07:54.006Z,63372656000000,0x051C,0x0104,1,2,63,7884,7884,0,-44011,-44010,421397,43585699,1,0,0,0,3,4,0,0,0,15,15,0,1,421397,2,1,10000,10000,0,0,0,0,5,0,0,0,0,6,0x5AA5,7884,9011,0,0,33798,2,4,2,4,255,0,4,15,0,0,1,0,0,0,0,0,0,0,6,0,0,7800,43585699
2026-09-25T07:07:54.481Z,63373125000000,0x051C,0x0104,1,2,63,4505,4505,0,-44018,-44007,421402,43586200,1,0,0,0,3,4,0,0,0,15,15,0,1,421402,2,1,10000,10000,0,0,0,0,5,0,0,0,0,6,0x5AA5,4505,16895,0,0,33800,2,4,2,4,255,0,4,15,0,0,1,0,0,0,0,0,0,0,6,0,0,4500,43586200
2026-09-25T07:07:55.011Z,63373656000000,0x051C,0x0104,1,2,63,4505,4505,0,-44008,-44007,421407,43586701,1,0,0,0,3,4,0,0,0,15,15,0,1,421407,2,1,10000,10000,0,0,0,0,5,0,0,0,0,6,0x5AA5,4505,5632,0,0,33800,2,4,2,4,255,0,4,15,0,0,1,0,0,0,0,0,0,0,6,0,0,4500,43586701
2026-09-25T07:07:55.486Z,63374125000000,0x051C,0x0104,1,2,63,6758,6758,0,-44001,-44009,421412,43587202,1,0,0,0,3,4,0,0,0,15,15,0,1,421412,2,1,10000,10000,0,0,0,0,5,0,0,0,0,6,0x5AA5,6758,-2253,0,0,33801,2,4,2,2,255,0,2,15,0,0,1,0,0,0,0,0,0,0,6,0,0,6700,43587202
2026-09-25T07:07:56.020Z,63374671000000,0x051C,0x0104,1,2,63,6758,6758,0,-44019,-44009,421417,43587703,1,0,0,0,3,4,0,0,0,15,15,0,1,421417,2,1,10000,10000,0,0,0,0,5,0,0,0,0,6,0x5AA5,6758,18021,0,0,33804,2,4,2,4,255,0,4,15,0,0,1,0,0,0,0,0,0,0,6,0,0,6700,43587703
2026-09-25T07:07:56.480Z,63375125000000,0x051C,0x0104,1,2,63,7884,7884,0,-44020,-44010,421422,43588204,1,0,0,0,3,4,0,0,0,15,15,0,1,421422,2,1,10000,10000,0,0,0,0,5,0,0,0,0,6,0x5AA5,7884,19148,0,0,33804,2,4,2,4,255,0,4,15,0,0,1,0,0,0,0,0,0,0,6,0,0,7800,43588204
2026-09-25T07:07:57.013Z,63375656000000,0x051C,0x0104,1,2,63,11263,11263,0,-44010,-44013,421427,43588705,1,0,0,0,3,4,0,0,0,15,15,0,1,421427,2,1,10000,10000,0,0,0,0,5,0,0,0,0,6,0x5AA5,11263,7884,0,0,33804,2,4,2,4,255,0,4,15,0,0,1,0,0,0,0,0,0,0,6,0,0,11200,43588705
2026-09-25T07:07:57.487Z,63376125000000,0x051C,0x0104,1,2,63,7884,7884,0,-44028,-44010,421432,43589205,1,0,0,0,3,4,0,0,0,15,15,0,1,421432,2,1,10000,10000,0,0,0,0,5,0,0,0,0,6,0x5AA5,7884,28158,0,0,33806,2,4,2,4,255,0,4,15,0,0,1,0,0,0,0,0,0,0,6,0,0,7800,43589205
2026-09-25T07:07:58.018Z,63376656000000,0x051C,0x0104,1,2,63,9011,9011,0,-44007,-44011,421437,43589706,1,0,0,0,3,4,0,0,0,15,15,0,1,421437,2,1,10000,10000,0,0,0,0,5,0,0,0,0,6,0x5AA5,9011,4505,0,0,33806,2,4,2,4,255,0,4,15,0,0,1,0,0,0,0,0,0,0,6,0,0,9000,43589706
2026-09-25T07:07:58.507Z,63377156000000,0x051C,0x0104,1,2,63,3379,3379,0,-44013,-44006,421442,43590207,1,0,0,0,3,4,0,0,0,15,15,0,1,421442,2,1,10000,10000,0,0,0,0,5,0,0,0,0,6,0x5AA5,3379,11263,0,0,33808,2,4,2,4,255,0,4,15,0,0,1,0,0,0,0,0,0,0,6,0,0,3300,43590207
2026-09-25T07:07:59.025Z,63377671000000,0x051C,0x0104,1,2,63,3379,3379,0,-43992,-44006,421447,43590708,1,0,0,0,3,4,0,0,0,15,15,0,1,421447,2,1,10000,10000,0,0,0,0,5,0,0,0,0,6,0x5AA5,3379,-12390,0,0,33811,2,4,2,2,255,0,2,15,0,0,1,0,0,0,0,0,0,0,6,0,0,3300,43590708
2026-09-25T07:07:59.500Z,63378140000000,0x051C,0x0104,1,2,63,0,0,0,-44010,-44003,421452,43591209,1,0,0,0,3,4,0,0,0,15,15,0,1,421452,2,1,10000,10000,0,0,0,0,5,0,0,0,0,6,0x5AA5,0,7884,0,0,33812,2,3,2,4,255,0,4,15,0,0,1,0,0,0,0,0,0,0,6,0,0,0,43591209
2026-09-25T07:08:00.031Z,63378671000000,0x051C,0x0104,1,2,63,0,0,0,-44007,-44003,421457,43591710,1,0,0,0,3,4,0,0,0,15,15,0,1,421457,2,1,10000,10000,0,0,0,0,5,0,0,0,0,6,0x5AA5,0,4505,0,0,33814,2,3,2,4,255,0,4,15,0,0,1,0,0,0,0,0,0,0,6,0,0,0,43591710
2026-09-25T07:08:00.506Z,63379156000000,0x051C,0x0104,1,2,63,9011,9011,0,-44011,-44011,421462,43592211,1,0,0,0,3,4,0,0,0,15,15,0,1,421462,2,1,10000,10000,0,0,0,0,5,0,0,0,0,6,0x5AA5,9011,9011,0,0,33814,2,4,2,4,255,0,4,15,0,0,1,0,0,0,0,0,0,0,6,0,0,9000,43592211
2026-09-25T07:08:01.021Z,63379671000000,0x051C,0x0104,1,2,63,4505,4505,0,-44004,-44007,421467,43592711,1,0,0,0,3,4,0,0,0,15,15,0,1,421467,2,1,10000,10000,0,0,0,0,5,0,0,0,0,6,0x5AA5,4505,1126,0,0,33816,2,4,2,4,255,0,4,15,0,0,1,0,0,0,0,0,0,0,6,0,0,4500,43592711
2026-09-25T07:08:01.498Z,63380140000000,0x051C,0x0104,1,2,63,3379,3379,0,-44015,-44006,421472,43593213,1,0,0,0,3,4,0,0,0,15,15,0,1,421472,2,1,10000,10000,0,0,0,0,5,0,0,0,0,6,0x5AA5,3379,13516,0,0,33818,2,4,2,4,255,0,4,15,0,0,1,0,0,0,0,0,0,0,6,0,0,3300,43593213
2026-09-25T07:08:02.032Z,63380671000000,0x051C,0x0104,1,2,63,6758,6758,0,-44002,-44009,421477,43593713,1,0,0,0,3,4,0,0,0,15,15,0,1,421477,2,1,10000,10000,0,0,0,0,5,0,0,0,0,6,0x5AA5,6758,-1126,0,0,33819,2,4,2,2,255,0,2,15,0,0,1,0,0,0,0,0,0,0,6,0,0,6700,43593713
2026-09-25T07:08:02.505Z,63381156000000,0x051C,0x0104,1,2,63,5632,5632,0,-44015,-44008,421482,43594214,1,0,0,0,3,4,0,0,0,15,15,0,1,421482,2,1,10000,10000,0,0,0,0,5,0,0,0,0,6,0x5AA5,5632,13516,0,0,33820,2,4,2,4,255,0,4,15,0,0,1,0,0,0,0,0,0,0,6,0,0,5600,43594214
2026-09-25T07:08:03.022Z,63381671000000,0x051C,0x0104,1,2,63,6758,6758,0,-44008,-44009,421487,43594715,1,0,0,0,3,4,0,0,0,15,15,0,1,421487,2,1,10000,10000,0,0,0,0,5,0,0,0,0,6,0x5AA5,6758,5632,0,0,33820,2,4,2,4,255,0,4,15,0,0,1,0,0,0,0,0,0,0,6,0,0,6700,43594715
2026-09-25T07:08:03.498Z,63382140000000,0x051C,0x0104,1,2,63,7884,7884,0,-44020,-44010,421492,43595216,1,0,0,0,3,4,0,0,0,15,15,0,1,421492,2,1,10000,10000,0,0,0,0,5,0,0,0,0,6,0x5AA5,7884,19148,0,0,33822,2,4,2,4,255,0,4,15,0,0,1,0,0,0,0,0,0,0,6,0,0,7800,43595216
2026-09-25T07:08:04.032Z,63382671000000,0x051C,0x0104,1,2,63,4505,4505,0,-43979,-44007,421497,43595717,1,0,0,0,3,4,0,0,0,15,15,0,1,421497,2,1,10000,10000,0,0,0,0,5,0,0,0,0,6,0x5AA5,4505,-27032,0,0,33823,2,4,2,2,255,0,2,15,0,0,1,0,0,0,0,0,0,0,6,0,0,4500,43595717
2026-09-25T07:08:04.507Z,63383156000000,0x051C,0x0104,1,2,63,5632,5632,0,-44017,-44008,421502,43596218,1,0,0,0,3,4,0,0,0,15,15,0,1,421502,2,1,10000,10000,0,0,0,0,5,0,0,0,0,6,0x5AA5,5632,15769,0,0,33826,2,4,2,4,255,0,4,15,0,0,1,0,0,0,0,0,0,0,6,0,0,5600,43596218
2026-09-25T07:08:05.025Z,63383671000000,0x051C,0x0104,1,2,63,10137,10137,0,-44023,-44012,421507,43596719,1,0,0,0,3,4,0,0,0,15,15,0,1,421507,2,1,10000,10000,0,0,0,0,5,0,0,0,0,6,0x5AA5,10137,22527,0,0,33826,2,4,2,4,255,0,4,15,0,0,1,0,0,0,0,0,0,0,6,0,0,10100,43596719
2026-09-25T07:08:05.500Z,63384140000000,0x051C,0x0104,1,2,63,10137,10137,0,-44016,-44012,421512,43597220,1,0,0,0,3,4,0,0,0,15,15,0,1,421512,2,1,10000,10000,0,0,0,0,5,0,0,0,0,6,0x5AA5,10137,14642,0,0,33826,2,4,2,4,255,0,4,15,0,0,1,0,0,0,0,0,0,0,6,0,0,10100,43597220
2026-09-25T07:08:06.031Z,63384671000000,0x051C,0x0104,1,2,63,12390,12390,0,-44010,-44014,421517,43597720,1,0,0,0,3,4,0,0,0,15,15,0,1,421517,2,1,10000,10000,0,0,0,0,5,0,0,0,0,6,0x5AA5,12390,7884,0,0,33826,2,4,2,4,255,0,4,15,0,0,1,0,0,0,0,0,0,0,6,0,0,12300,43597720
2026-09-25T07:08:06.506Z,63385156000000,0x051C,0x0104,1,2,63,15769,15769,0,-44013,-44017,421522,43598221,1,0,0,0,3,4,0,0,0,15,15,0,1,421522,2,1,10000,10000,0,0,0,0,5,0,0,0,0,6,0x5AA5,15769,11263,0,0,33826,2,4,2,4,255,0,4,15,0,0,1,0,0,0,0,0,0,0,6,0,0,15700,43598221
2026-09-25T07:08:07.021Z,63385671000000,0x051C,0x0104,1,2,63,11263,11263,0,-44005,-44013,421527,43598722,1,0,0,0,3,4,0,0,0,15,15,0,1,421527,2,1,10000,10000,0,0,0,0,5,0,0,0,0,6,0x5AA5,11263,2253,0,0,33826,2,4,2,4,255,0,4,15,0,0,1,0,0,0,0,0,0,0,6,0,0,11200,43598722
2026-09-25T07:08:07.498Z,63386140000000,0x051C,0x0104,1,2,63,2253,2253,0,-43990,-44005,421532,43599223,1,0,0,0,3,4,0,0,0,15,15,0,1,421532,2,1,10000,10000,0,0,0,0,5,0,0,0,0,6,0x5AA5,2253,-14642,0,0,33829,2,4,2,2,255,0,2,15,0,0,1,0,0,0,0,0,0,0,6,0,0,2200,43599223
2026-09-25T07:08:08.031Z,63386671000000,0x051C,0x0104,1,2,63,-2253,-2253,0,-44014,-44001,421537,43599724,1,0,0,0,3,4,0,0,0,15,15,0,1,421537,2,1,10000,10000,0,0,0,0,5,0,0,0,0,6,0x5AA5,-2253,12390,0,0,33832,2,2,2,4,255,0,4,15,0,0,1,0,0,0,0,0,0,0,6,0,0,-2200,43599724
2026-09-25T07:08:08.507Z,63387156000000,0x051C,0x0104,1,2,63,-1126,-1126,0,-44017,-44002,421542,43600225,1,0,0,0,3,4,0,0,0,15,15,0,1,421542,2,1,10000,10000,0,0,0,0,5,0,0,0,0,6,0x5AA5,-1126,15769,0,0,33834,2,2,2,4,255,0,4,15,0,0,1,0,0,0,0,0,0,0,6,0,0,-1100,43600225
2026-09-25T07:08:09.025Z,63387671000000,0x051C,0x0104,1,2,63,2253,2253,0,-44000,-44005,421547,43600726,1,0,0,0,3,4,0,0,0,15,15,0,1,421547,2,1,10000,10000,0,0,0,0,5,0,0,0,0,6,0x5AA5,2253,-3379,0,0,33835,2,4,2,2,255,0,2,15,0,0,1,0,0,0,0,0,0,0,6,0,0,2200,43600726
2026-09-25T07:08:09.500Z,63388140000000,0x051C,0x0104,1,2,63,4505,4505,0,-43995,-44007,421552,43601226,1,0,0,0,3,4,0,0,0,15,15,0,1,421552,2,1,10000,10000,0,0,0,0,5,0,0,0,0,6,0x5AA5,4505,-9011,0,0,33837,2,4,2,2,255,0,2,15,0,0,1,0,0,0,0,0,0,0,6,0,0,4500,43601226
2026-09-25T07:08:10.033Z,63388671000000,0x051C,0x0104,1,2,63,7884,7884,0,-44007,-44010,421557,43601727,1,0,0,0,3,4,0,0,0,15,15,0,1,421557,2,1,10000,10000,0,0,0,0,5,0,0,0,0,6,0x5AA5,7884,4505,0,0,33838,2,4,2,4,255,0,4,15,0,0,1,0,0,0,0,0,0,0,6,0,0,7800,43601727
2026-09-25T07:08:10.509Z,63389156000000,0x051C,0x0104,1,2,63,2253,2253,0,-44014,-44005,421562,43602228,1,0,0,0,3,4,0,0,0,15,15,0,1,421562,2,1,10000,10000,0,0,0,0,5,0,0,0,0,6,0x5AA5,2253,12390,0,0,33840,2,4,2,4,255,0,4,15,0,0,1,0,0,0,0,0,0,0,6,0,0,2200,43602228
2026-09-25T07:08:11.045Z,63389687000000,0x051C,0x0104,1,2,63,7884,7884,0,-44008,-44010,421567,43602729,1,0,0,0,3,4,0,0,0,15,15,0,1,421567,2,1,10000,10000,0,0,0,0,5,0,0,0,0,6,0x5AA5,7884,5632,0,0,33840,2,4,2,4,255,0,4,15,0,0,1,0,0,0,0,0,0,0,6,0,0,7800,43602729
2026-09-25T07:08:11.521Z,63390171000000,0x051C,0x0104,1,2,63,4505,4505,0,-44003,-44007,421572,43603230,1,0,0,0,3,4,0,0,0,15,15,0,1,421572,2,1,10000,10000,0,0,0,0,5,0,0,0,0,6,0x5AA5,4505,0,0,0,33842,2,4,2,4,255,0,4,15,0,0,1,0,0,0,0,0,0,0,6,0,0,4500,43603230
2026-09-25T07:08:12.037Z,63390687000000,0x051C,0x0104,1,2,63,1126,1126,0,-44016,-44004,421577,43603731,1,0,0,0,3,4,0,0,0,15,15,0,1,421577,2,1,10000,10000,0,0,0,0,5,0,0,0,0,6,0x5AA5,1126,14642,0,0,33844,2,4,2,4,255,0,4,15,0,0,1,0,0,0,0,0,0,0,6,0,0,1100,43603731
2026-09-25T07:08:12.514Z,63391156000000,0x051C,0x0104,1,2,63,5632,5632,0,-44011,-44008,421582,43604233,1,0,0,0,3,4,0,0,0,15,15,0,1,421582,2,1,10000,10000,0,0,0,0,5,0,0,0,0,6,0x5AA5,5632,9011,0,0,33844,2,4,2,4,255,0,4,15,0,0,1,0,0,0,0,0,0,0,6,0,0,5600,43604233
2026-09-25T07:08:13.049Z,63391687000000,0x051C,0x0104,1,2,63,-1126,-1126,0,-44000,-44002,421587,43604733,1,0,0,0,3,4,0,0,0,15,15,0,1,421587,2,1,10000,10000,0,0,0,0,5,0,0,0,0,6,0x5AA5,-1126,-3379,0,0,33845,2,2,2,2,255,0,2,15,0,0,1,0,0,0,0,0,0,0,6,0,0,-1100,43604733
2026-09-25T07:08:13.525Z,63392171000000,0x051C,0x0104,1,2,63,-1126,-1126,0,-44007,-44002,421592,43605234,1,0,0,0,3,4,0,0,0,15,15,0,1,421592,2,1,10000,10000,0,0,0,0,5,0,0,0,0,6,0x5AA5,-1126,4505,0,0,33848,2,2,2,4,255,0,4,15,0,0,1,0,0,0,0,0,0,0,6,0,0,-1100,43605234
2026-09-25T07:08:14.059Z,63392703000000,0x051C,0x0104,1,2,63,-7884,-7884,0,-44009,-43996,421597,43605734,1,0,0,0,3,4,0,0,0,15,15,0,1,421597,2,1,10000,10000,0,0,0,0,5,0,0,0,0,6,0x5AA5,-7884,6758,0,0,33850,2,2,2,4,255,0,4,15,0,0,1,0,0,0,0,0,0,0,6,0,0,-7800,43605734
2026-09-25T07:08:14.533Z,63393171000000,0x051C,0x0104,1,2,63,-2253,-2253,0,-43989,-44001,421602,43606235,1,0,0,0,3,4,0,0,0,15,15,0,1,421602,2,1,10000,10000,0,0,0,0,5,0,0,0,0,6,0x5AA5,-2253,-15769,0,0,33851,2,2,2,2,255,0,2,15,0,0,1,0,0,0,0,0,0,0,6,0,0,-2200,43606235
2026-09-25T07:08:15.066Z,63393718000000,0x051C,0x0104,1,2,63,-1126,-1126,0,-44004,-44002,421607,43606736,1,0,0,0,3,4,0,0,0,15,15,0,1,421607,2,1,10000,10000,0,0,0,0,5,0,0,0,0,6,0x5AA5,-1126,1126,0,0,33852,2,2,2,4,255,0,4,15,0,0,1,0,0,0,0,0,0,0,6,0,0,-1100,43606736
2026-09-25T07:08:15.524Z,63394171000000,0x051C,0x0104,1,2,63,-2253,-2253,0,-43983,-44001,421612,43607237,1,0,0,0,3,4,0,0,0,15,15,0,1,421612,2,1,10000,10000,0,0,0,0,5,0,0,0,0,6,0x5AA5,-2253,-22527,0,0,33855,2,2,2,2,255,0,2,15,0,0,1,0,0,0,0,0,0,0,6,0,0,-2200,43607237
2026-09-25T07:08:16.056Z,63394703000000,0x051C,0x0104,1,2,63,-4505,-4505,0,-44019,-43999,421617,43607738,1,0,0,0,3,4,0,0,0,15,15,0,1,421617,2,1,10000,10000,0,0,0,0,5,0,0,0,0,6,0x5AA5,-4505,18021,0,0,33856,2,2,2,4,255,0,4,15,0,0,1,0,0,0,0,0,0,0,6,0,0,-4500,43607738
2026-09-25T07:08:16.529Z,63395171000000,0x051C,0x0104,1,2,63,-1126,-1126,0,-44010,-44002,421622,43608239,1,0,0,0,3,4,0,0,0,15,15,0,1,421622,2,1,10000,10000,0,0,0,0,5,0,0,0,0,6,0x5AA5,-1126,7884,0,0,33858,2,2,2,4,255,0,4,15,0,0,1,0,0,0,0,0,0,0,6,0,0,-1100,43608239
2026-09-25T07:08:17.063Z,63395703000000,0x051C,0x0104,1,2,63,2253,2253,0,-44010,-44005,421627,43608740,1,0,0,0,3,4,0,0,0,15,15,0,1,421627,2,1,10000,10000,0,0,0,0,5,0,0,0,0,6,0x5AA5,2253,7884,0,0,33860,2,4,2,4,255,0,4,15,0,0,1,0,0,0,0,0,0,0,6,0,0,2200,43608740
2026-09-25T07:08:17.540Z,63396187000000,0x051C,0x0104,1,2,63,4505,4505,0,-44018,-44007,421632,43609241,1,0,0,0,3,4,0,0,0,15,15,0,1,421632,2,1,10000,10000,0,0,0,0,5,0,0,0,0,6,0x5AA5,4505,16895,0,0,33862,2,4,2,4,255,0,4,15,0,0,1,0,0,0,0,0,0,0,6,0,0,4500,43609241
2026-09-25T07:08:18.057Z,63396703000000,0x051C,0x0104,1,2,63,5632,5632,0,-43999,-44008,421637,43609742,1,0,0,0,3,4,0,0,0,15,15,0,1,421637,2,1,10000,10000,0,0,0,0,5,0,0,0,0,6,0x5AA5,5632,-4505,0,0,33865,2,4,2,2,255,0,2,15,0,0,1,0,0,0,0,0,0,0,6,0,0,5600,43609742
2026-09-25T07:08:18.530Z,63397171000000,0x051C,0x0104,1,2,63,6758,6758,0,-44011,-44009,421642,43610243,1,0,0,0,3,4,0,0,0,15,15,0,1,421642,2,1,10000,10000,0,0,0,0,5,0,0,0,0,6,0x5AA5,6758,9011,0,0,33866,2,4,2,4,255,0,4,15,0,0,1,0,0,0,0,0,0,0,6,0,0,6700,43610243
2026-09-25T07:08:19.065Z,63397703000000,0x051C,0x0104,1,2,63,9011,9011,0,-44015,-44011,421647,43610744,1,0,0,0,3,4,0,0,0,15,15,0,1,421647,2,1,10000,10000,0,0,0,0,5,0,0,0,0,6,0x5AA5,9011,13516,0,0,33866,2,4,2,4,255,0,4,15,0,0,1,0,0,0,0,0,0,0,6,0,0,9000,43610744
2026-09-25T07:08:19.524Z,63398171000000,0x051C,0x0104,1,2,63,13516,13516,0,-44009,-44015,421652,43611244,1,0,0,0,3,4,0,0,0,15,15,0,1,421652,2,1,10000,10000,0,0,0,0,5,0,0,0,0,6,0x5AA5,13516,6758,0,0,33868,2,4,2,4,255,0,4,15,0,0,1,0,0,0,0,0,0,0,6,0,0,13500,43611244
2026-09-25T07:08:20.055Z,63398703000000,0x051C,0x0104,1,2,63,10137,10137,0,-44013,-44012,421657,43611745,1,0,0,0,3,4,0,0,0,15,15,0,1,421657,2,1,10000,10000,0,0,0,0,5,0,0,0,0,6,0x5AA5,10137,11263,0,0,33870,2,4,2,4,255,0,4,15,0,0,1,0,0,0,0,0,0,0,6,0,0,10100,43611745
2026-09-25T07:08:20.531Z,63399171000000,0x051C,0x0104,1,2,63,12390,12390,0,-44033,-44014,421662,43612246,1,0,0,0,3,4,0,0,0,15,15,0,1,421662,2,1,10000,10000,0,0,0,0,5,0,0,0,0,6,0x5AA5,12390,33790,0,0,33870,2,4,2,4,255,0,4,15,0,0,1,0,0,0,0,0,0,0,6,0,0,12300,43612246
2026-09-25T07:08:21.065Z,63399703000000,0x051C,0x0104,1,2,63,11263,11263,0,-44013,-44013,421667,43612747,1,0,0,0,3,4,0,0,0,15,15,0,1,421667,2,1,10000,10000,0,0,0,0,5,0,0,0,0,6,0x5AA5,11263,11263,0,0,33872,2,4,2,4,255,0,4,15,0,0,1,0,0,0,0,0,0,0,6,0,0,11200,43612747
2026-09-25T07:08:21.540Z,63400187000000,0x051C,0x0104,1,2,63,14642,14642,0,-44016,-44016,421672,43613248,1,0,0,0,3,4,0,0,0,15,15,0,1,421672,2,1,10000,10000,0,0,0,0,5,0,0,0,0,6,0x5AA5,14642,14642,0,0,33872,2,4,2,4,255,0,4,15,0,0,1,0,0,0,0,0,0,0,6,0,0,14600,43613248
2026-09-25T07:08:22.055Z,63400703000000,0x051C,0x0104,1,2,63,12390,12390,0,-43998,-44014,421677,43613749,1,0,0,0,3,4,0,0,0,15,15,0,1,421677,2,1,10000,10000,0,0,0,0,5,0,0,0,0,6,0x5AA5,12390,-5632,0,0,33873,2,4,2,2,255,0,2,15,0,0,1,0,0,0,0,0,0,0,6,0,0,12300,43613749
2026-09-25T07:08:22.529Z,63401171000000,0x051C,0x0104,1,2,63,6758,6758,0,-44009,-44009,421682,43614250,1,0,0,0,3,4,0,0,0,15,15,0,1,421682,2,1,10000,10000,0,0,0,0,5,0,0,0,0,6,0x5AA5,6758,6758,0,0,33876,2,4,2,4,255,0,4,15,0,0,1,0,0,0,0,0,0,0,6,0,0,6700,43614250
2026-09-25T07:08:23.062Z,63401703000000,0x051C,0x0104,1,2,63,14642,14642,0,-44017,-44016,421687,43614751,1,0,0,0,3,4,0,0,0,15,15,0,1,421687,2,1,10000,10000,0,0,0,0,5,0,0,0,0,6,0x5AA5,14642,15769,0,0,33876,2,4,2,4,255,0,4,15,0,0,1,0,0,0,0,0,0,0,6,0,0,14600,43614751
2026-09-25T07:08:23.537Z,63402187000000,0x051C,0x0104,1,2,63,18021,18021,0,-44007,-44019,421692,43615252,1,0,0,0,3,4,0,0,0,15,15,0,1,421692,2,1,10000,10000,0,0,0,0,5,0,0,0,0,6,0x5AA5,18021,4505,0,0,33876,2,4,2,4,255,0,4,15,0,0,1,0,0,0,0,0,0,0,6,0,0,18000,43615252
2026-09-25T07:08:24.057Z,63402703000000,0x051C,0x0104,1,2,63,12390,12390,0,-44018,-44014,421697,43615753,1,0,0,0,3,4,0,0,0,15,15,0,1,421697,2,1,10000,10000,0,0,0,0,5,0,0,0,0,6,0x5AA5,12390,16895,0,0,33878,2,4,2,4,255,0,4,15,0,0,1,0,0,0,0,0,0,0,6,0,0,12300,43615753
2026-09-25T07:08:24.532Z,63403171000000,0x051C,0x0104,1,2,63,18021,18021,0,-44029,-44019,421702,43616253,1,0,0,0,3,4,0,0,0,15,15,0,1,421702,2,1,10000,10000,0,0,0,0,5,0,0,0,0,6,0x5AA5,18021,29285,0,0,33878,2,4,2,4,255,0,4,15,0,0,1,0,0,0,0,0,0,0,6,0,0,18000,43616253
2026-09-25T07:08:25.068Z,63403718000000,0x051C,0x0104,1,2,63,15769,15769,0,-44010,-44017,421707,43616754,1,0,0,0,3,4,0,0,0,15,15,0,1,421707,2,1,10000,10000,0,0,0,0,5,0,0,0,0,6,0x5AA5,15769,7884,0,0,33880,2,4,2,4,255,0,4,15,0,0,1,0,0,0,0,0,0,0,6,0,0,15700,43616754
2026-09-25T07:08:25.527Z,63404171000000,0x051C,0x0104,1,2,63,11263,11263,0,-44022,-44013,421712,43617255,1,0,0,0,3,4,0,0,0,15,15,0,1,421712,2,1,10000,10000,0,0,0,0,5,0,0,0,0,6,0x5AA5,11263,21400,0,0,33880,2,4,2,4,255,0,4,15,0,0,1,0,0,0,0,0,0,0,6,0,0,11200,43617255
2026-09-25T07:08:26.060Z,63404703000000,0x051C,0x0104,1,2,63,12390,12390,0,-44013,-44014,421717,43617756,1,0,0,0,3,4,0,0,0,15,15,0,1,421717,2,1,10000,10000,0,0,0,0,5,0,0,0,0,6,0x5AA5,12390,11263,0,0,33882,2,4,2,4,255,0,4,15,0,0,1,0,0,0,0,0,0,0,6,0,0,12300,43617756
2026-09-25T07:08:26.535Z,63405187000000,0x051C,0x0104,1,2,63,12390,12390,0,-44024,-44014,421722,43618257,1,0,0,0,3,4,0,0,0,15,15,0,1,421722,2,1,10000,10000,0,0,0,0,5,0,0,0,0,6,0x5AA5,12390,23653,0,0,33882,2,4,2,4,255,0,4,15,0,0,1,0,0,0,0,0,0,0,6,0,0,12300,43618257
2026-09-25T07:08:27.052Z,63405703000000,0x051C,0x0104,1,2,63,10137,10137,0,-44011,-44012,421727,43618758,1,0,0,0,3,4,0,0,0,15,15,0,1,421727,2,1,10000,10000,0,0,0,0,5,0,0,0,0,6,0x5AA5,10137,9011,0,0,33884,2,4,2,4,255,0,4,15,0,0,1,0,0,0,0,0,0,0,6,0,0,10100,43618758
2026-09-25T07:08:27.527Z,63406171000000,0x051C,0x0104,1,2,63,16895,16895,0,-44023,-44018,421732,43619259,1,0,0,0,3,4,0,0,0,15,15,0,1,421732,2,1,10000,10000,0,0,0,0,5,0,0,0,0,6,0x5AA5,16895,22527,0,0,33884,2,4,2,4,255,0,4,15,0,0,1,0,0,0,0,0,0,0,6,0,0,16800,43619259
2026-09-25T07:08:28.063Z,63406703000000,0x051C,0x0104,1,2,63,21400,21400,0,-44038,-44022,421737,43619760,1,0,0,0,3,4,0,0,0,15,15,0,1,421737,2,1,10000,10000,0,0,0,0,5,0,0,0,0,6,0x5AA5,21400,39422,0,0,33884,2,4,2,4,255,0,4,15,0,0,1,0,0,0,0,0,0,0,6,0,0,21400,43619760
2026-09-25T07:08:28.539Z,63407187000000,0x051C,0x0104,1,2,63,22527,22527,0,-44023,-44023,421742,43620260,1,0,0,0,3,4,0,0,0,15,15,0,1,421742,2,1,10000,10000,0,0,0,0,5,0,0,0,0,6,0x5AA5,22527,22527,0,0,33884,2,4,2,4,255,0,4,15,0,0,1,0,0,0,0,0,0,0,6,0,0,22500,43620260
2026-09-25T07:08:29.056Z,63407703000000,0x051C,0x0104,1,2,63,22527,22527,0,-44014,-44023,421747,43620761,1,0,0,0,3,4,0,0,0,15,15,0,1,421747,2,1,10000,10000,0,0,0,0,5,0,0,0,0,6,0x5AA5,22527,12390,0,0,33884,2,4,2,4,255,0,4,15,0,0,1,0,0,0,0,0,0,0,6,0,0,22500,43620761
2026-09-25T07:08:29.531Z,63408171000000,0x051C,0x0104,1,2,63,20274,20274,0,-44014,-44021,421752,43621262,1,0,0,0,3,4,0,0,0,15,15,0,1,421752,2,1,10000,10000,0,0,0,0,5,0,0,0,0,6,0x5AA5,20274,12390,0,0,33884,2,4,2,4,255,0,4,15,0,0,1,0,0,0,0,0,0,0,6,0,0,20200,43621262
2026-09-25T07:08:30.068Z,63408718000000,0x051C,0x0104,1,2,63,13516,13516,0,-44016,-44015,421757,43621763,1,0,0,0,3,4,0,0,0,15,15,0,1,421757,2,1,10000,10000,0,0,0,0,5,0,0,0,0,6,0x5AA5,13516,14642,0,0,33884,2,4,2,4,255,0,4,15,0,0,1,0,0,0,0,0,0,0,6,0,0,13500,43621763
2026-09-25T07:08:30.527Z,63409171000000,0x051C,0x0104,1,2,63,10137,10137,0,-44007,-44012,421762,43622264,1,0,0,0,3,4,0,0,0,15,15,0,1,421762,2,1,10000,10000,0,0,0,0,5,0,0,0,0,6,0x5AA5,10137,4505,0,0,33884,2,4,2,4,255,0,4,15,0,0,1,0,0,0,0,0,0,0,6,0,0,10100,43622264
2026-09-25T07:08:31.061Z,63409703000000,0x051C,0x0104,1,2,63,3379,3379,0,-44010,-44006,421767,43622765,1,0,0,0,3,4,0,0,0,15,15,0,1,421767,2,1,10000,10000,0,0,0,0,5,0,0,0,0,6,0x5AA5,3379,7884,0,0,33886,2,4,2,4,255,0,4,15,0,0,1,0,0,0,0,0,0,0,6,0,0,3300,43622765
2026-09-25T07:08:31.534Z,63410187000000,0x051C,0x0104,1,2,63,9011,9011,0,-44024,-44011,421772,43623266,1,0,0,0,3,4,0,0,0,15,15,0,1,421772,2,1,10000,10000,0,0,0,0,5,0,0,0,0,6,0x5AA5,9011,23653,0,0,33886,2,4,2,4,255,0,4,15,0,0,1,0,0,0,0,0,0,0,6,0,0,9000,43623266
2026-09-25T07:08:32.053Z,63410703000000,0x051C,0x0104,1,2,63,12390,12390,0,-44009,-44014,421777,43623767,1,0,0,0,3,4,0,0,0,15,15,0,1,421777,2,1,10000,10000,0,0,0,0,5,0,0,0,0,6,0x5AA5,12390,6758,0,0,33888,2,4,2,4,255,0,4,15,0,0,1,0,0,0,0,0,0,0,6,0,0,12300,43623767
2026-09-25T07:08:32.526Z,63411171000000,0x051C,0x0104,1,2,63,7884,7884,0,-44016,-44010,421782,43624268,1,0,0,0,3,4,0,0,0,15,15,0,1,421782,2,1,10000,10000,0,0,0,0,5,0,0,0,0,6,0x5AA5,7884,14642,0,0,33888,2,4,2,4,255,0,4,15,0,0,1,0,0,0,0,0,0,0,6,0,0,7800,43624268
2026-09-25T07:08:33.059Z,63411703000000,0x051C,0x0104,1,2,63,6758,6758,0,-43994,-44009,421787,43624769,1,0,0,0,3,4,0,0,0,15,15,0,1,421787,2,1,10000,10000,0,0,0,0,5,0,0,0,0,6,0x5AA5,6758,-10137,0,0,33889,2,4,2,2,255,0,2,15,0,0,1,0,0,0,0,0,0,0,6,0,0,6700,43624769
2026-09-25T07:08:33.533Z,63412171000000,0x051C,0x0104,1,2,63,4505,4505,0,-44023,-44007,421792,43625270,1,0,0,0,3,4,0,0,0,15,15,0,1,421792,2,1,10000,10000,0,0,0,0,5,0,0,0,0,6,0x5AA5,4505,22527,0,0,33890,2,4,2,4,255,0,4,15,0,0,1,0,0,0,0,0,0,0,6,0,0,4500,43625270
2026-09-25T07:08:34.065Z,63412703000000,0x051C,0x0104,1,2,63,7884,7884,0,-44023,-44010,421797,43625770,1,0,0,0,3,4,0,0,0,15,15,0,1,421797,2,1,10000,10000,0,0,0,0,5,0,0,0,0,6,0x5AA5,7884,22527,0,0,33892,2,4,2,4,255,0,4,15,0,0,1,0,0,0,0,0,0,0,6,0,0,7800,43625770
2026-09-25T07:08:34.539Z,63413187000000,0x051C,0x0104,1,2,63,11263,11263,0,-44007,-44013,421802,43626271,1,0,0,0,3,4,0,0,0,15,15,0,1,421802,2,1,10000,10000,0,0,0,0,5,0,0,0,0,6,0x5AA5,11263,4505,0,0,33892,2,4,2,4,255,0,4,15,0,0,1,0,0,0,0,0,0,0,6,0,0,11200,43626271
2026-09-25T07:08:35.056Z,63413703000000,0x051C,0x0104,1,2,63,11263,11263,0,-44021,-44013,421807,43626773,1,0,0,0,3,4,0,0,0,15,15,0,1,421807,2,1,10000,10000,0,0,0,0,5,0,0,0,0,6,0x5AA5,11263,20274,0,0,33894,2,4,2,4,255,0,4,15,0,0,1,0,0,0,0,0,0,0,6,0,0,11200,43626773
2026-09-25T07:08:35.531Z,63414171000000,0x051C,0x0104,1,2,63,4505,4505,0,-43985,-44007,421812,43627273,1,0,0,0,3,4,0,0,0,15,15,0,1,421812,2,1,10000,10000,0,0,0,0,5,0,0,0,0,6,0x5AA5,4505,-20274,0,0,33897,2,4,2,2,255,0,2,15,0,0,1,0,0,0,0,0,0,0,6,0,0,4500,43627273
2026-09-25T07:08:36.065Z,63414703000000,0x051C,0x0104,1,2,63,4505,4505,0,-44002,-44007,421817,43627774,1,0,0,0,3,4,0,0,0,15,15,0,1,421817,2,1,10000,10000,0,0,0,0,5,0,0,0,0,6,0x5AA5,4505,-1126,0,0,33899,2,4,2,2,255,0,2,15,0,0,1,0,0,0,0,0,0,0,6,0,0,4500,43627774
2026-09-25T07:08:36.539Z,63415187000000,0x051C,0x0104,1,2,63,4505,4505,0,-44010,-44007,421822,43628275,1,0,0,0,3,4,0,0,0,15,15,0,1,421822,2,1,10000,10000,0,0,0,0,5,0,0,0,0,6,0x5AA5,4505,7884,0,0,33900,2,4,2,4,255,0,4,15,0,0,1,0,0,0,0,0,0,0,6,0,0,4500,43628275
2026-09-25T07:08:37.057Z,63415703000000,0x051C,0x0104,1,2,63,0,0,0,-43999,-44003,421827,43628776,1,0,0,0,3,4,0,0,0,15,15,0,1,421827,2,1,10000,10000,0,0,0,0,5,0,0,0,0,6,0x5AA5,0,-4505,0,0,33901,2,3,2,2,255,0,2,15,0,0,1,0,0,0,0,0,0,0,6,0,0,0,43628776
2026-09-25T07:08:37.532Z,63416171000000,0x051C,0x0104,1,2,63,2253,2253,0,-44002,-44005,421832,43629277,1,0,0,0,3,4,0,0,0,15,15,0,1,421832,2,1,10000,10000,0,0,0,0,5,0,0,0,0,6,0x5AA5,2253,-1126,0,0,33903,2,4,2,2,255,0,2,15,0,0,1,0,0,0,0,0,0,0,6,0,0,2200,43629277
2026-09-25T07:08:38.065Z,63416703000000,0x051C,0x0104,1,2,63,7884,7884,0,-43997,-44010,421837,43629778,1,0,0,0,3,4,0,0,0,15,15,0,1,421837,2,1,10000,10000,0,0,0,0,5,0,0,0,0,6,0x5AA5,7884,-6758,0,0,33905,2,4,2,2,255,0,2,15,0,0,1,0,0,0,0,0,0,0,6,0,0,7800,43629778
2026-09-25T07:08:38.539Z,63417187000000,0x051C,0x0104,1,2,63,3379,3379,0,-44019,-44006,421842,43630278,1,0,0,0,3,4,0,0,0,15,15,0,1,421842,2,1,10000,10000,0,0,0,0,5,0,0,0,0,6,0x5AA5,3379,18021,0,0,33908,2,4,2,4,255,0,4,15,0,0,1,0,0,0,0,0,0,0,6,0,0,3300,43630278
2026-09-25T07:08:39.058Z,63417703000000,0x051C,0x0104,1,2,63,7884,7884,0,-43995,-44010,421847,43630779,1,0,0,0,3,4,0,0,0,15,15,0,1,421847,2,1,10000,10000,0,0,0,0,5,0,0,0,0,6,0x5AA5,7884,-9011,0,0,33909,2,4,2,2,255,0,2,15,0,0,1,0,0,0,0,0,0,0,6,0,0,7800,43630779
2026-09-25T07:08:39.533Z,63418171000000,0x051C,0x0104,1,2,63,4505,4505,0,-44004,-44007,421852,43631280,1,0,0,0,3,4,0,0,0,15,15,0,1,421852,2,1,10000,10000,0,0,0,0,5,0,0,0,0,6,0x5AA5,4505,1126,0,0,33910,2,4,2,4,255,0,4,15,0,0,1,0,0,0,0,0,0,0,6,0,0,4500,43631280
2026-09-25T07:08:40.064Z,63418703000000,0x051C,0x0104,1,2,63,9011,9011,0,-44004,-44011,421857,43631781,1,0,0,0,3,4,0,0,0,15,15,0,1,421857,2,1,10000,10000,0,0,0,0,5,0,0,0,0,6,0x5AA5,9011,1126,0,0,33910,2,4,2,4,255,0,4,15,0,0,1,0,0,0,0,0,0,0,6,0,0,9000,43631781
2026-09-25T07:08:40.539Z,63419187000000,0x051C,0x0104,1,2,63,12390,12390,0,-44012,-44014,421862,43632282,1,0,0,0,3,4,0,0,0,15,15,0,1,421862,2,1,10000,10000,0,0,0,0,5,0,0,0,0,6,0x5AA5,12390,10137,0,0,33910,2,4,2,4,255,0,4,15,0,0,1,0,0,0,0,0,0,0,6,0,0,12300,43632282
2026-09-25T07:08:41.056Z,63419703000000,0x051C,0x0104,1,2,63,14642,14642,0,-44010,-44016,421867,43632783,1,0,0,0,3,4,0,0,0,15,15,0,1,421867,2,1,10000,10000,0,0,0,0,5,0,0,0,0,6,0x5AA5,14642,7884,0,0,33910,2,4,2,4,255,0,4,15,0,0,1,0,0,0,0,0,0,0,6,0,0,14600,43632783
2026-09-25T07:08:41.531Z,63420171000000,0x051C,0x0104,1,2,63,7884,7884,0,-44005,-44010,421872,43633284,1,0,0,0,3,4,0,0,0,15,15,0,1,421872,2,1,10000,10000,0,0,0,0,5,0,0,0,0,6,0x5AA5,7884,2253,0,0,33912,2,4,2,4,255,0,4,15,0,0,1,0,0,0,0,0,0,0,6,0,0,7800,43633284
2026-09-25T07:08:42.064Z,63420703000000,0x051C,0x0104,1,2,63,9011,9011,0,-44016,-44011,421877,43633785,1,0,0,0,3,4,0,0,0,15,15,0,1,421877,2,1,10000,10000,0,0,0,0,5,0,0,0,0,6,0x5AA5,9011,14642,0,0,33914,2,4,2,4,255,0,4,15,0,0,1,0,0,0,0,0,0,0,6,0,0,9000,43633785
2026-09-25T07:08:42.539Z,63421187000000,0x051C,0x0104,1,2,63,15769,15769,0,-44027,-44017,421882,43634285,1,0,0,0,3,4,0,0,0,15,15,0,1,421882,2,1,10000,10000,0,0,0,0,5,0,0,0,0,6,0x5AA5,15769,27032,0,0,33914,2,4,2,4,255,0,4,15,0,0,1,0,0,0,0,0,0,0,6,0,0,15700,43634285
2026-09-25T07:08:43.057Z,63421703000000,0x051C,0x0104,1,2,63,16895,16895,0,-44016,-44018,421887,43634786,1,0,0,0,3,4,0,0,0,15,15,0,1,421887,2,1,10000,10000,0,0,0,0,5,0,0,0,0,6,0x5AA5,16895,14642,0,0,33916,2,4,2,4,255,0,4,15,0,0,1,0,0,0,0,0,0,0,6,0,0,16800,43634786
2026-09-25T07:08:43.531Z,63422171000000,0x051C,0x0104,1,2,63,11263,11263,0,-43993,-44013,421892,43635287,1,0,0,0,3,4,0,0,0,15,15,0,1,421892,2,1,10000,10000,0,0,0,0,5,0,0,0,0,6,0x5AA5,11263,-11263,0,0,33917,2,4,2,2,255,0,2,15,0,0,1,0,0,0,0,0,0,0,6,0,0,11200,43635287
2026-09-25T07:08:44.064Z,63422703000000,0x051C,0x0104,1,2,63,4505,4505,0,-43980,-44007,421897,43635788,1,0,0,0,3,4,0,0,0,15,15,0,1,421897,2,1,10000,10000,0,0,0,0,5,0,0,0,0,6,0x5AA5,4505,-25906,0,0,33919,2,4,2,2,255,0,2,15,0,0,1,0,0,0,0,0,0,0,6,0,0,4500,43635788
2026-09-25T07:08:44.539Z,63423187000000,0x051C,0x0104,1,2,63,3379,3379,0,-44016,-44006,421902,43636289,1,0,0,0,3,4,0,0,0,15,15,0,1,421902,2,1,10000,10000,0,0,0,0,5,0,0,0,0,6,0x5AA5,3379,14642,0,0,33920,2,4,2,4,255,0,4,15,0,0,1,0,0,0,0,0,0,0,6,0,0,3300,43636289
2026-09-25T07:08:45.056Z,63423703000000,0x051C,0x0104,1,2,63,6758,6758,0,-44019,-44009,421907,43636790,1,0,0,0,3,4,0,0,0,15,15,0,1,421907,2,1,10000,10000,0,0,0,0,5,0,0,0,0,6,0x5AA5,6758,18021,0,0,33922,2,4,2,4,255,0,4,15,0,0,1,0,0,0,0,0,0,0,6,0,0,6700,43636790
2026-09-25T07:08:45.531Z,63424171000000,0x051C,0x0104,1,2,63,10137,10137,0,-44034,-44012,421912,43637291,1,0,0,0,3,4,0,0,0,15,15,0,1,421912,2,1,10000,10000,0,0,0,0,5,0,0,0,0,6,0x5AA5,10137,34916,0,0,33924,2,4,2,4,255,0,4,15,0,0,1,0,0,0,0,0,0,0,6,0,0,10100,43637291
2026-09-25T07:08:46.063Z,63424703000000,0x051C,0x0104,1,2,63,9011,9011,0,-43997,-44011,421917,43637792,1,0,0,0,3,4,0,0,0,15,15,0,1,421917,2,1,10000,10000,0,0,0,0,5,0,0,0,0,6,0x5AA5,9011,-6758,0,0,33925,2,4,2,2,255,0,2,15,0,0,1,0,0,0,0,0,0,0,6,0,0,9000,43637792
2026-09-25T07:08:46.538Z,63425187000000,0x051C,0x0104,1,2,63,4505,4505,0,-44005,-44007,421922,43638293,1,0,0,0,3,4,0,0,0,15,15,0,1,421922,2,1,10000,10000,0,0,0,0,5,0,0,0,0,6,0x5AA5,4505,2253,0,0,33928,2,4,2,4,255,0,4,15,0,0,1,0,0,0,0,0,0,0,6,0,0,4500,43638293
2026-09-25T07:08:47.056Z,63425703000000,0x051C,0x0104,1,2,63,3379,3379,0,-44012,-44006,421927,43638793,1,0,0,0,3,4,0,0,0,15,15,0,1,421927,2,1,10000,10000,0,0,0,0,5,0,0,0,0,6,0x5AA5,3379,10137,0,0,33930,2,4,2,4,255,0,4,15,0,0,1,0,0,0,0,0,0,0,6,0,0,3300,43638793
2026-09-25T07:08:47.531Z,63426171000000,0x051C,0x0104,1,2,63,6758,6758,0,-43984,-44009,421932,43639294,1,0,0,0,3,4,0,0,0,15,15,0,1,421932,2,1,10000,10000,0,0,0,0,5,0,0,0,0,6,0x5AA5,6758,-21400,0,0,33931,2,4,2,2,255,0,2,15,0,0,1,0,0,0,0,0,0,0,6,0,0,6700,43639294
2026-09-25T07:08:48.063Z,63426703000000,0x051C,0x0104,1,2,63,3379,3379,0,-44011,-44006,421937,43639795,1,0,0,0,3,4,0,0,0,15,15,0,1,421937,2,1,10000,10000,0,0,0,0,5,0,0,0,0,6,0x5AA5,3379,9011,0,0,33932,2,4,2,4,255,0,4,15,0,0,1,0,0,0,0,0,0,0,6,0,0,3300,43639795
2026-09-25T07:08:48.539Z,63427187000000,0x051C,0x0104,1,2,63,4505,4505,0,-44026,-44007,421942,43640296,1,0,0,0,3,4,0,0,0,15,15,0,1,421942,2,1,10000,10000,0,0,0,0,5,0,0,0,0,6,0x5AA5,4505,25906,0,0,33934,2,4,2,4,255,0,4,15,0,0,1,0,0,0,0,0,0,0,6,0,0,4500,43640296
2026-09-25T07:08:49.057Z,63427703000000,0x051C,0x0104,1,2,63,3379,3379,0,-44008,-44006,421947,43640797,1,0,0,0,3,4,0,0,0,15,15,0,1,421947,2,1,10000,10000,0,0,0,0,5,0,0,0,0,6,0x5AA5,3379,5632,0,0,33936,2,4,2,4,255,0,4,15,0,0,1,0,0,0,0,0,0,0,6,0,0,3300,43640797
2026-09-25T07:08:49.532Z,63428171000000,0x051C,0x0104,1,2,63,4505,4505,0,-44009,-44007,421952,43641298,1,0,0,0,3,4,0,0,0,15,15,0,1,421952,2,1,10000,10000,0,0,0,0,5,0,0,0,0,6,0x5AA5,4505,6758,0,0,33938,2,4,2,4,255,0,4,15,0,0,1,0,0,0,0,0,0,0,6,0,0,4500,43641298
2026-09-25T07:08:50.064Z,63428703000000,0x051C,0x0104,1,2,63,2253,2253,0,-44009,-44005,421957,43641799,1,0,0,0,3,4,0,0,0,15,15,0,1,421957,2,1,10000,10000,0,0,0,0,5,0,0,0,0,6,0x5AA5,2253,6758,0,0,33940,2,4,2,4,255,0,4,15,0,0,1,0,0,0,0,0,0,0,6,0,0,2200,43641799
2026-09-25T07:08:50.539Z,63429187000000,0x051C,0x0104,1,2,63,-1126,-1126,0,-44004,-44002,421962,43642299,1,0,0,0,3,4,0,0,0,15,15,0,1,421962,2,1,10000,10000,0,0,0,0,5,0,0,0,0,6,0x5AA5,-1126,1126,0,0,33942,2,2,2,4,255,0,4,15,0,0,1,0,0,0,0,0,0,0,6,0,0,-1100,43642299
2026-09-25T07:08:51.055Z,63429703000000,0x051C,0x0104,1,2,63,-4505,-4505,0,-43995,-43999,421967,43642800,1,0,0,0,3,4,0,0,0,15,15,0,1,421967,2,1,10000,10000,0,0,0,0,5,0,0,0,0,6,0x5AA5,-4505,-9011,0,0,33945,2,2,2,2,255,0,2,15,0,0,1,0,0,0,0,0,0,0,6,0,0,-4500,43642800
2026-09-25T07:08:51.529Z,63430171000000,0x051C,0x0104,1,2,63,-4505,-4505,0,-44000,-43999,421972,43643301,1,0,0,0,3,4,0,0,0,15,15,0,1,421972,2,1,10000,10000,0,0,0,0,5,0,0,0,0,6,0x5AA5,-4505,-3379,0,0,33947,2,2,2,2,255,0,2,15,0,0,1,0,0,0,0,0,0,0,6,0,0,-4500,43643301
2026-09-25T07:08:52.063Z,63430703000000,0x051C,0x0104,1,2,63,-4505,-4505,0,-43996,-43999,421977,43643802,1,0,0,0,3,4,0,0,0,15,15,0,1,421977,2,1,10000,10000,0,0,0,0,5,0,0,0,0,6,0x5AA5,-4505,-7884,0,0,33947,2,2,2,2,255,0,2,15,0,0,1,0,0,0,0,0,0,0,6,0,0,-4500,43643802
2026-09-25T07:08:52.538Z,63431187000000,0x051C,0x0104,1,2,63,1126,1126,0,-43998,-44004,421982,43644303,1,0,0,0,3,4,0,0,0,15,15,0,1,421982,2,1,10000,10000,0,0,0,0,5,0,0,0,0,6,0x5AA5,1126,-5632,0,0,33949,2,4,2,2,255,0,2,15,0,0,1,0,0,0,0,0,0,0,6,0,0,1100,43644303
2026-09-25T07:08:53.057Z,63431703000000,0x051C,0x0104,1,2,63,-3379,-3379,0,-44003,-44000,421987,43644803,1,0,0,0,3,4,0,0,0,15,15,0,1,421987,2,1,10000,10000,0,0,0,0,5,0,0,0,0,6,0x5AA5,-3379,0,0,0,33950,2,2,2,4,255,0,4,15,0,0,1,0,0,0,0,0,0,0,6,0,0,-3300,43644803
2026-09-25T07:08:53.532Z,63432171000000,0x051C,0x0104,1,2,63,-1126,-1126,0,-44012,-44002,421992,43645304,1,0,0,0,3,4,0,0,0,15,15,0,1,421992,2,1,10000,10000,0,0,0,0,5,0,0,0,0,6,0x5AA5,-1126,10137,0,0,33952,2,2,2,4,255,0,4,15,0,0,1,0,0,0,0,0,0,0,6,0,0,-1100,43645304
2026-09-25T07:08:54.064Z,63432703000000,0x051C,0x0104,1,2,63,3379,3379,0,-44010,-44006,421997,43645805,1,0,0,0,3,4,0,0,0,15,15,0,1,421997,2,1,10000,10000,0,0,0,0,5,0,0,0,0,6,0x5AA5,3379,7884,0,0,33952,2,4,2,4,255,0,4,15,0,0,1,0,0,0,0,0,0,0,6,0,0,3300,43645805
2026-09-25T07:08:54.538Z,63433187000000,0x051C,0x0104,1,2,63,5632,5632,0,-44009,-44008,422002,43646306,1,0,0,0,3,4,0,0,0,15,15,0,1,422002,2,1,10000,10000,0,0,0,0,5,0,0,0,0,6,0x5AA5,5632,6758,0,0,33952,2,4,2,4,255,0,4,15,0,0,1,0,0,0,0,0,0,0,6,0,0,5600,43646306
2026-09-25T07:08:55.062Z,63433703000000,0x051C,0x0104,1,2,63,3379,3379,0,-44034,-44006,422007,43646807,1,0,0,0,3,4,0,0,0,15,15,0,1,422007,2,1,10000,10000,0,0,0,0,5,0,0,0,0,6,0x5AA5,3379,34916,0,0,33954,2,4,2,4,255,0,4,15,0,0,1,0,0,0,0,0,0,0,6,0,0,3300,43646807
2026-09-25T07:08:55.537Z,63434187000000,0x051C,0x0104,1,2,63,16895,16895,0,-44016,-44018,422012,43647307,1,0,0,0,3,4,0,0,0,15,15,0,1,422012,2,1,10000,10000,0,0,0,0,5,0,0,0,0,6,0x5AA5,16895,14642,0,0,33954,2,4,2,4,255,0,4,15,0,0,1,0,0,0,0,0,0,0,6,0,0,16800,43647307
2026-09-25T07:08:56.056Z,63434703000000,0x051C,0x0104,1,2,63,9011,9011,0,-44014,-44011,422016,43647812,1,0,0,0,3,4,0,0,0,15,15,0,1,422017,2,1,10000,10000,0,0,0,0,5,0,0,0,0,6,0x5AA5,11263,-11263,0,0,33957,2,4,2,2,255,0,2,15,0,0,1,0,0,0,0,0,0,0,6,0,0,11200,43647708
2026-09-25T07:08:56.535Z,63435187000000,0x051C,0x0104,1,2,63,9011,9011,0,-43994,-44011,422021,43648315,1,0,0,0,3,4,0,0,0,15,15,0,1,422022,2,1,10000,10000,0,0,0,0,5,0,0,0,0,6,0x5AA5,10137,-1126,0,0,33959,2,4,2,2,255,0,2,15,0,0,1,0,0,0,0,0,0,0,6,0,0,10100,43648209
2026-09-25T07:08:57.054Z,63435703000000,0x051C,0x0104,1,2,63,6758,6758,0,-44004,-44009,422026,43648811,1,0,0,0,3,4,0,0,0,15,15,0,1,422027,2,1,10000,10000,0,0,0,0,5,0,0,0,0,6,0x5AA5,6758,4505,0,0,33960,2,4,2,4,255,0,4,15,0,0,1,0,0,0,0,0,0,0,6,0,0,6700,43648710
2026-09-25T07:08:57.534Z,63436171000000,0x051C,0x0104,1,2,63,6758,6758,0,-44014,-44009,422031,43649313,1,0,0,0,3,4,0,0,0,15,15,0,1,422032,2,1,10000,10000,0,0,0,0,5,0,0,0,0,6,0x5AA5,6758,1126,0,0,33960,2,4,2,4,255,0,4,15,0,0,1,0,0,0,0,0,0,0,6,0,0,6700,43649211
2026-09-25T07:08:58.065Z,63436703000000,0x051C,0x0104,1,2,63,2253,2253,0,-44007,-44005,422037,43649812,1,0,0,0,3,4,0,0,0,15,15,0,1,422037,2,1,10000,10000,0,0,0,0,5,0,0,0,0,6,0x5AA5,2253,4505,0,0,33962,2,4,2,4,255,0,4,15,0,0,1,0,0,0,0,0,0,0,6,0,0,2200,43649812
2026-09-25T07:08:58.556Z,63437203000000,0x051C,0x0104,1,2,63,0,0,0,-44012,-44003,422042,43650313,1,0,0,0,3,4,0,0,0,15,15,0,1,422042,2,1,10000,10000,0,0,0,0,5,0,0,0,0,6,0x5AA5,0,10137,0,0,33964,2,3,2,4,255,0,4,15,0,0,1,0,0,0,0,0,0,0,6,0,0,0,43650313
2026-09-25T07:08:59.087Z,63437734000000,0x051C,0x0104,1,2,63,9011,9011,0,-44019,-44011,422047,43650813,1,0,0,0,3,4,0,0,0,15,15,0,1,422047,2,1,10000,10000,0,0,0,0,5,0,0,0,0,6,0x5AA5,9011,18021,0,0,33964,2,4,2,4,255,0,4,15,0,0,1,0,0,0,0,0,0,0,6,0,0,9000,43650813
2026-09-25T07:08:59.562Z,63438203000000,0x051C,0x0104,1,2,63,10137,10137,0,-43992,-44012,422052,43651314,1,0,0,0,3,4,0,0,0,15,15,0,1,422052,2,1,10000,10000,0,0,0,0,5,0,0,0,0,6,0x5AA5,10137,-12390,0,0,33965,2,4,2,2,255,0,2,15,0,0,1,0,0,0,0,0,0,0,6,0,0,10100,43651314
2026-09-25T07:09:00.095Z,63438734000000,0x051C,0x0104,1,2,63,2253,2253,0,-44008,-44005,422057,43651815,1,0,0,0,3,4,0,0,0,15,15,0,1,422057,2,1,10000,10000,0,0,0,0,5,0,0,0,0,6,0x5AA5,2253,5632,0,0,33966,2,4,2,4,255,0,4,15,0,0,1,0,0,0,0,0,0,0,6,0,0,2200,43651815
2026-09-25T07:09:00.569Z,63439218000000,0x051C,0x0104,1,2,63,-2253,-2253,0,-44000,-44001,422062,43652316,1,0,0,0,3,4,0,0,0,15,15,0,1,422062,2,1,10000,10000,0,0,0,0,5,0,0,0,0,6,0x5AA5,-2253,-3379,0,0,33969,2,2,2,2,255,0,2,15,0,0,1,0,0,0,0,0,0,0,6,0,0,-2200,43652316
2026-09-25T07:09:01.085Z,63439734000000,0x051C,0x0104,1,2,63,-1126,-1126,0,-44013,-44002,422067,43652817,1,0,0,0,3,4,0,0,0,15,15,0,1,422067,2,1,10000,10000,0,0,0,0,5,0,0,0,0,6,0x5AA5,-1126,11263,0,0,33972,2,2,2,4,255,0,4,15,0,0,1,0,0,0,0,0,0,0,6,0,0,-1100,43652817
2026-09-25T07:09:01.559Z,63440203000000,0x051C,0x0104,1,2,63,2253,2253,0,-43999,-44005,422072,43653317,1,0,0,0,3,4,0,0,0,15,15,0,1,422072,2,1,10000,10000,0,0,0,0,5,0,0,0,0,6,0x5AA5,2253,-4505,0,0,33973,2,4,2,2,255,0,2,15,0,0,1,0,0,0,0,0,0,0,6,0,0,2200,43653317
2026-09-25T07:09:02.093Z,63440734000000,0x051C,0x0104,1,2,63,-1126,-1126,0,-44028,-44002,422077,43653818,1,0,0,0,3,4,0,0,0,15,15,0,1,422077,2,1,10000,10000,0,0,0,0,5,0,0,0,0,6,0x5AA5,-1126,28158,0,0,33974,2,2,2,4,255,0,4,15,0,0,1,0,0,0,0,0,0,0,6,0,0,-1100,43653818
2026-09-25T07:09:02.570Z,63441218000000,0x051C,0x0104,1,2,63,7884,7884,0,-44011,-44010,422082,43654319,1,0,0,0,3,4,0,0,0,15,15,0,1,422082,2,1,10000,10000,0,0,0,0,5,0,0,0,0,6,0x5AA5,7884,9011,0,0,33974,2,4,2,4,255,0,4,15,0,0,1,0,0,0,0,0,0,0,6,0,0,7800,43654319
2026-09-25T07:09:03.085Z,63441734000000,0x051C,0x0104,1,2,63,5632,5632,0,-43996,-44008,422087,43654820,1,0,0,0,3,4,0,0,0,15,15,0,1,422087,2,1,10000,10000,0,0,0,0,5,0,0,0,0,6,0x5AA5,5632,-7884,0,0,33975,2,4,2,2,255,0,2,15,0,0,1,0,0,0,0,0,0,0,6,0,0,5600,43654820
2026-09-25T07:09:03.560Z,63442203000000,0x051C,0x0104,1,2,63,10137,10137,0,-44016,-44012,422092,43655321,1,0,0,0,3,4,0,0,0,15,15,0,1,422092,2,1,10000,10000,0,0,0,0,5,0,0,0,0,6,0x5AA5,10137,14642,0,0,33976,2,4,2,4,255,0,4,15,0,0,1,0,0,0,0,0,0,0,6,0,0,10100,43655321
2026-09-25T07:09:04.090Z,63442734000000,0x051C,0x0104,1,2,63,9011,9011,0,-44020,-44011,422097,43655822,1,0,0,0,3,4,0,0,0,15,15,0,1,422097,2,1,10000,10000,0,0,0,0,5,0,0,0,0,6,0x5AA5,9011,19148,0,0,33978,2,4,2,4,255,0,4,15,0,0,1,0,0,0,0,0,0,0,6,0,0,9000,43655822
2026-09-25T07:09:04.566Z,63443218000000,0x051C,0x0104,1,2,63,14642,14642,0,-44010,-44016,422102,43656323,1,0,0,0,3,4,0,0,0,15,15,0,1,422102,2,1,10000,10000,0,0,0,0,5,0,0,0,0,6,0x5AA5,14642,7884,0,0,33978,2,4,2,4,255,0,4,15,0,0,1,0,0,0,0,0,0,0,6,0,0,14600,43656323
2026-09-25T07:09:05.083Z,63443734000000,0x051C,0x0104,1,2,63,4505,4505,0,-44006,-44007,422107,43656823,1,0,0,0,3,4,0,0,0,15,15,0,1,422107,2,1,10000,10000,0,0,0,0,5,0,0,0,0,6,0x5AA5,4505,3379,0,0,33980,2,4,2,4,255,0,4,15,0,0,1,0,0,0,0,0,0,0,6,0,0,4500,43656823
2026-09-25T07:09:05.558Z,63444203000000,0x051C,0x0104,1,2,63,5632,5632,0,-44022,-44008,422112,43657324,1,0,0,0,3,4,0,0,0,15,15,0,1,422112,2,1,10000,10000,0,0,0,0,5,0,0,0,0,6,0x5AA5,5632,21400,0,0,33980,2,4,2,4,255,0,4,15,0,0,1,0,0,0,0,0,0,0,6,0,0,5600,43657324
2026-09-25T07:09:06.090Z,63444734000000,0x051C,0x0104,1,2,63,7884,7884,0,-44003,-44010,422117,43657825,1,0,0,0,3,4,0,0,0,15,15,0,1,422117,2,1,10000,10000,0,0,0,0,5,0,0,0,0,6,0x5AA5,7884,0,0,0,33980,2,4,2,4,255,0,4,15,0,0,1,0,0,0,0,0,0,0,6,0,0,7800,43657825
2026-09-25T07:09:06.564Z,63445203000000,0x051C,0x0104,1,2,63,6758,6758,0,-44009,-44009,422122,43658326,1,0,0,0,3,4,0,0,0,15,15,0,1,422122,2,1,10000,10000,0,0,0,0,5,0,0,0,0,6,0x5AA5,6758,6758,0,0,33980,2,4,2,4,255,0,4,15,0,0,1,0,0,0,0,0,0,0,6,0,0,6700,43658326
2026-09-25T07:09:07.083Z,63445734000000,0x051C,0x0104,1,2,63,9011,9011,0,-44010,-44011,422127,43658827,1,0,0,0,3,4,0,0,0,15,15,0,1,422127,2,1,10000,10000,0,0,0,0,5,0,0,0,0,6,0x5AA5,9011,7884,0,0,33980,2,4,2,4,255,0,4,15,0,0,1,0,0,0,0,0,0,0,6,0,0,9000,43658827
2026-09-25T07:09:07.557Z,63446203000000,0x051C,0x0104,1,2,63,7884,7884,0,-44005,-44010,422132,43659328,1,0,0,0,3,4,0,0,0,15,15,0,1,422132,2,1,10000,10000,0,0,0,0,5,0,0,0,0,6,0x5AA5,7884,2253,0,0,33980,2,4,2,4,255,0,4,15,0,0,1,0,0,0,0,0,0,0,6,0,0,7800,43659328
2026-09-25T07:09:08.089Z,63446734000000,0x051C,0x0104,1,2,63,11263,11263,0,-44010,-44013,422137,43659829,1,0,0,0,3,4,0,0,0,15,15,0,1,422137,2,1,10000,10000,0,0,0,0,5,0,0,0,0,6,0x5AA5,11263,7884,0,0,33980,2,4,2,4,255,0,4,15,0,0,1,0,0,0,0,0,0,0,6,0,0,11200,43659829
2026-09-25T07:09:08.564Z,63447203000000,0x051C,0x0104,1,2,63,12390,12390,0,-44021,-44014,422142,43660330,1,0,0,0,3,4,0,0,0,15,15,0,1,422142,2,1,10000,10000,0,0,0,0,5,0,0,0,0,6,0x5AA5,12390,20274,0,0,33980,2,4,2,4,255,0,4,15,0,0,1,0,0,0,0,0,0,0,6,0,0,12300,43660330
2026-09-25T07:09:09.097Z,63447734000000,0x051C,0x0104,1,2,63,6758,6758,0,-44008,-44009,422147,43660831,1,0,0,0,3,4,0,0,0,15,15,0,1,422147,2,1,10000,10000,0,0,0,0,5,0,0,0,0,6,0x5AA5,6758,5632,0,0,33982,2,4,2,4,255,0,4,15,0,0,1,0,0,0,0,0,0,0,6,0,0,6700,43660831
2026-09-25T07:09:09.573Z,63448218000000,0x051C,0x0104,1,2,63,14642,14642,0,-44044,-44016,422152,43661332,1,0,0,0,3,4,0,0,0,15,15,0,1,422152,2,1,10000,10000,0,0,0,0,5,0,0,0,0,6,0x5AA5,14642,46180,0,0,33982,2,4,2,4,255,0,4,15,0,0,1,0,0,0,0,0,0,0,6,0,0,14600,43661332
2026-09-25T07:09:10.104Z,63448750000000,0x051C,0x0104,1,2,63,19148,19148,0,-44034,-44020,422157,43661833,1,0,0,0,3,4,0,0,0,15,15,0,1,422157,2,1,10000,10000,0,0,0,0,5,0,0,0,0,6,0x5AA5,19148,34916,0,0,33984,2,4,2,4,255,0,4,15,0,0,1,0,0,0,0,0,0,0,6,0,0,19100,43661833
2026-09-25T07:09:10.579Z,63449218000000,0x051C,0x0104,1,2,63,23653,23653,0,-44019,-44024,422162,43662333,1,0,0,0,3,4,0,0,0,15,15,0,1,422162,2,1,10000,10000,0,0,0,0,5,0,0,0,0,6,0x5AA5,23653,18021,0,0,33984,2,4,2,4,255,0,4,15,0,0,1,0,0,0,0,0,0,0,6,0,0,23600,43662333
2026-09-25T07:09:11.111Z,63449750000000,0x051C,0x0104,1,2,63,20274,20274,0,-43997,-44021,422167,43662834,1,0,0,0,3,4,0,0,0,15,15,0,1,422167,2,1,10000,10000,0,0,0,0,5,0,0,0,0,6,0x5AA5,20274,-6758,0,0,33985,2,4,2,2,255,0,2,15,0,0,1,0,0,0,0,0,0,0,6,0,0,20200,43662834
2026-09-25T07:09:11.584Z,63450234000000,0x051C,0x0104,1,2,63,16895,16895,0,-44043,-44018,422172,43663335,1,0,0,0,3,4,0,0,0,15,15,0,1,422172,2,1,10000,10000,0,0,0,0,5,0,0,0,0,6,0x5AA5,16895,45053,0,0,33986,2,4,2,4,255,0,4,15,0,0,1,0,0,0,0,0,0,0,6,0,0,16800,43663335
2026-09-25T07:09:12.103Z,63450750000000,0x051C,0x0104,1,2,63,14642,14642,0,-44013,-44016,422177,43663836,1,0,0,0,3,4,0,0,0,15,15,0,1,422177,2,1,10000,10000,0,0,0,0,5,0,0,0,0,6,0x5AA5,14642,11263,0,0,33986,2,4,2,4,255,0,4,15,0,0,1,0,0,0,0,0,0,0,6,0,0,14600,43663836
2026-09-25T07:09:12.577Z,63451218000000,0x051C,0x0104,1,2,63,15769,15769,0,-44017,-44017,422182,43664337,1,0,0,0,3,4,0,0,0,15,15,0,1,422182,2,1,10000,10000,0,0,0,0,5,0,0,0,0,6,0x5AA5,15769,15769,0,0,33986,2,4,2,4,255,0,4,15,0,0,1,0,0,0,0,0,0,0,6,0,0,15700,43664337
2026-09-25T07:09:13.107Z,63451750000000,0x051C,0x0104,1,2,63,16895,16895,0,-44014,-44018,422187,43664838,1,0,0,0,3,4,0,0,0,15,15,0,1,422187,2,1,10000,10000,0,0,0,0,5,0,0,0,0,6,0x5AA5,16895,12390,0,0,33986,2,4,2,4,255,0,4,15,0,0,1,0,0,0,0,0,0,0,6,0,0,16800,43664838
2026-09-25T07:09:13.581Z,63452234000000,0x051C,0x0104,1,2,63,14642,14642,0,-44002,-44016,422192,43665339,1,0,0,0,3,4,0,0,0,15,15,0,1,422192,2,1,10000,10000,0,0,0,0,5,0,0,0,0,6,0x5AA5,14642,-1126,0,0,33987,2,4,2,2,255,0,2,15,0,0,1,0,0,0,0,0,0,0,6,0,0,14600,43665339
2026-09-25T07:09:14.100Z,63452750000000,0x051C,0x0104,1,2,63,10137,10137,0,-43994,-44012,422197,43665840,1,0,0,0,3,4,0,0,0,15,15,0,1,422197,2,1,10000,10000,0,0,0,0,5,0,0,0,0,6,0x5AA5,10137,-10137,0,0,33989,2,4,2,2,255,0,2,15,0,0,1,0,0,0,0,0,0,0,6,0,0,10100,43665840
2026-09-25T07:09:14.576Z,63453218000000,0x051C,0x0104,1,2,63,6758,6758,0,-44007,-44009,422202,43666341,1,0,0,0,3,4,0,0,0,15,15,0,1,422202,2,1,10000,10000,0,0,0,0,5,0,0,0,0,6,0x5AA5,6758,4505,0,0,33990,2,4,2,4,255,0,4,15,0,0,1,0,0,0,0,0,0,0,6,0,0,6700,43666341
2026-09-25T07:09:15.107Z,63453750000000,0x051C,0x0104,1,2,63,6758,6758,0,-44016,-44009,422207,43666842,1,0,0,0,3,4,0,0,0,15,15,0,1,422207,2,1,10000,10000,0,0,0,0,5,0,0,0,0,6,0x5AA5,6758,14642,0,0,33990,2,4,2,4,255,0,4,15,0,0,1,0,0,0,0,0,0,0,6,0,0,6700,43666842
2026-09-25T07:09:15.581Z,63454218000000,0x051C,0x0104,1,2,63,12390,12390,0,-44021,-44014,422212,43667342,1,0,0,0,3,4,0,0,0,15,15,0,1,422212,2,1,10000,10000,0,0,0,0,5,0,0,0,0,6,0x5AA5,12390,20274,0,0,33990,2,4,2,4,255,0,4,15,0,0,1,0,0,0,0,0,0,0,6,0,0,12300,43667342
2026-09-25T07:09:16.114Z,63454765000000,0x051C,0x0104,1,2,63,7884,7884,0,-44006,-44010,422217,43667843,1,0,0,0,3,4,0,0,0,15,15,0,1,422217,2,1,10000,10000,0,0,0,0,5,0,0,0,0,6,0x5AA5,7884,3379,0,0,33992,2,4,2,4,255,0,4,15,0,0,1,0,0,0,0,0,0,0,6,0,0,7800,43667843
2026-09-25T07:09:16.591Z,63455234000000,0x051C,0x0104,1,2,63,11263,11263,0,-44035,-44013,422222,43668344,1,0,0,0,3,4,0,0,0,15,15,0,1,422222,2,1,10000,10000,0,0,0,0,5,0,0,0,0,6,0x5AA5,11263,36043,0,0,33992,2,4,2,4,255,0,4,15,0,0,1,0,0,0,0,0,0,0,6,0,0,11200,43668344
2026-09-25T07:09:17.124Z,63455765000000,0x051C,0x0104,1,2,63,15769,15769,0,-44004,-44017,422227,43668845,1,0,0,0,3,4,0,0,0,15,15,0,1,422227,2,1,10000,10000,0,0,0,0,5,0,0,0,0,6,0x5AA5,15769,1126,0,0,33994,2,4,2,4,255,0,4,15,0,0,1,0,0,0,0,0,0,0,6,0,0,15700,43668845
2026-09-25T07:09:17.599Z,63456250000000,0x051C,0x0104,1,2,63,11263,11263,0,-44003,-44013,422232,43669346,1,0,0,0,3,4,0,0,0,15,15,0,1,422232,2,1,10000,10000,0,0,0,0,5,0,0,0,0,6,0x5AA5,11263,0,0,0,33996,2,4,2,4,255,0,4,15,0,0,1,0,0,0,0,0,0,0,6,0,0,11200,43669346
2026-09-25T07:09:18.120Z,63456765000000,0x051C,0x0104,1,2,63,7884,7884,0,-43999,-44010,422237,43669847,1,0,0,0,3,4,0,0,0,15,15,0,1,422237,2,1,10000,10000,0,0,0,0,5,0,0,0,0,6,0x5AA5,7884,-4505,0,0,33997,2,4,2,2,255,0,2,15,0,0,1,0,0,0,0,0,0,0,6,0,0,7800,43669847
2026-09-25T07:09:18.597Z,63457250000000,0x051C,0x0104,1,2,63,6758,6758,0,-44015,-44009,422242,43670348,1,0,0,0,3,4,0,0,0,15,15,0,1,422242,2,1,10000,10000,0,0,0,0,5,0,0,0,0,6,0x5AA5,6758,13516,0,0,34000,2,4,2,4,255,0,4,15,0,0,1,0,0,0,0,0,0,0,6,0,0,6700,43670348
2026-09-25T07:09:19.113Z,63457765000000,0x051C,0x0104,1,2,63,6758,6758,0,-43996,-44009,422247,43670849,1,0,0,0,3,4,0,0,0,15,15,0,1,422247,2,1,10000,10000,0,0,0,0,5,0,0,0,0,6,0x5AA5,6758,-7884,0,0,34003,2,4,2,2,255,0,2,15,0,0,1,0,0,0,0,0,0,0,6,0,0,6700,43670849
2026-09-25T07:09:19.589Z,63458234000000,0x051C,0x0104,1,2,63,7884,7884,0,-44023,-44010,422252,43671350,1,0,0,0,3,4,0,0,0,15,15,0,1,422252,2,1,10000,10000,0,0,0,0,5,0,0,0,0,6,0x5AA5,7884,22527,0,0,34004,2,4,2,4,255,0,4,15,0,0,1,0,0,0,0,0,0,0,6,0,0,7800,43671350
2026-09-25T07:09:20.122Z,63458765000000,0x051C,0x0104,1,2,63,13516,13516,0,-44014,-44015,422257,43671851,1,0,0,0,3,4,0,0,0,15,15,0,1,422257,2,1,10000,10000,0,0,0,0,5,0,0,0,0,6,0x5AA5,13516,12390,0,0,34004,2,4,2,4,255,0,4,15,0,0,1,0,0,0,0,0,0,0,6,0,0,13500,43671851
2026-09-25T07:09:20.598Z,63459250000000,0x051C,0x0104,1,2,63,13516,13516,0,-44007,-44015,422262,43672351,1,0,0,0,3,4,0,0,0,15,15,0,1,422262,2,1,10000,10000,0,0,0,0,5,0,0,0,0,6,0x5AA5,13516,4505,0,0,34006,2,4,2,4,255,0,4,15,0,0,1,0,0,0,0,0,0,0,6,0,0,13500,43672351
2026-09-25T07:09:21.116Z,63459765000000,0x051C,0x0104,1,2,63,10137,10137,0,-44002,-44012,422267,43672853,1,0,0,0,3,4,0,0,0,15,15,0,1,422267,2,1,10000,10000,0,0,0,0,5,0,0,0,0,6,0x5AA5,10137,-1126,0,0,34009,2,4,2,2,255,0,2,15,0,0,1,0,0,0,0,0,0,0,6,0,0,10100,43672853
2026-09-25T07:09:21.593Z,63460234000000,0x051C,0x0104,1,2,63,9011,9011,0,-44002,-44011,422272,43673353,1,0,0,0,3,4,0,0,0,15,15,0,1,422272,2,1,10000,10000,0,0,0,0,5,0,0,0,0,6,0x5AA5,9011,-1126,0,0,34011,2,4,2,2,255,0,2,15,0,0,1,0,0,0,0,0,0,0,6,0,0,9000,43673353
2026-09-25T07:09:22.126Z,63460765000000,0x051C,0x0104,1,2,63,2253,2253,0,-44014,-44005,422277,43673854,1,0,0,0,3,4,0,0,0,15,15,0,1,422277,2,1,10000,10000,0,0,0,0,5,0,0,0,0,6,0x5AA5,2253,12390,0,0,34014,2,4,2,4,255,0,4,15,0,0,1,0,0,0,0,0,0,0,6,0,0,2200,43673854
2026-09-25T07:09:22.602Z,63461250000000,0x051C,0x0104,1,2,63,3379,3379,0,-44014,-44006,422282,43674355,1,0,0,0,3,4,0,0,0,15,15,0,1,422282,2,1,10000,10000,0,0,0,0,5,0,0,0,0,6,0x5AA5,3379,12390,0,0,34018,2,4,2,4,255,0,4,15,0,0,1,0,0,0,0,0,0,0,6,0,0,3300,43674355
2026-09-25T07:09:23.121Z,63461765000000,0x051C,0x0104,1,2,63,2253,2253,0,-43985,-44005,422287,43674856,1,0,0,0,3,4,0,0,0,15,15,0,1,422287,2,1,10000,10000,0,0,0,0,5,0,0,0,0,6,0x5AA5,2253,-20274,0,0,34019,2,4,2,2,255,0,2,15,0,0,1,0,0,0,0,0,0,0,6,0,0,2200,43674856
2026-09-25T07:09:23.597Z,63462250000000,0x051C,0x0104,1,2,63,-4505,-4505,0,-43992,-43999,422292,43675357,1,0,0,0,3,4,0,0,0,15,15,0,1,422292,2,1,10000,10000,0,0,0,0,5,0,0,0,0,6,0x5AA5,-4505,-12390,0,0,34021,2,2,2,2,255,0,2,15,0,0,1,0,0,0,0,0,0,0,6,0,0,-4500,43675357
2026-09-25T07:09:24.114Z,63462765000000,0x051C,0x0104,1,2,63,-2253,-2253,0,-44012,-44001,422297,43675858,1,0,0,0,3,4,0,0,0,15,15,0,1,422297,2,1,10000,10000,0,0,0,0,5,0,0,0,0,6,0x5AA5,-2253,10137,0,0,34024,2,2,2,4,255,0,4,15,0,0,1,0,0,0,0,0,0,0,6,0,0,-2200,43675858
2026-09-25T07:09:24.592Z,63463234000000,0x051C,0x0104,1,2,63,-4505,-4505,0,-44009,-43999,422302,43676359,1,0,0,0,3,4,0,0,0,15,15,0,1,422302,2,1,10000,10000,0,0,0,0,5,0,0,0,0,6,0x5AA5,-4505,6758,0,0,34026,2,2,2,4,255,0,4,15,0,0,1,0,0,0,0,0,0,0,6,0,0,-4500,43676359
2026-09-25T07:09:25.124Z,63463765000000,0x051C,0x0104,1,2,63,-1126,-1126,0,-44016,-44002,422307,43676859,1,0,0,0,3,4,0,0,0,15,15,0,1,422307,2,1,10000,10000,0,0,0,0,5,0,0,0,0,6,0x5AA5,-1126,14642,0,0,34028,2,2,2,4,255,0,4,15,0,0,1,0,0,0,0,0,0,0,6,0,0,-1100,43676859
2026-09-25T07:09:25.599Z,63464250000000,0x051C,0x0104,1,2,63,4505,4505,0,-44012,-44007,422312,43677360,1,0,0,0,3,4,0,0,0,15,15,0,1,422312,2,1,10000,10000,0,0,0,0,5,0,0,0,0,6,0x5AA5,4505,10137,0,0,34030,2,4,2,4,255,0,4,15,0,0,1,0,0,0,0,0,0,0,6,0,0,4500,43677360
2026-09-25T07:09:26.114Z,63464765000000,0x051C,0x0104,1,2,63,9011,9011,0,-44002,-44011,422317,43677861,1,0,0,0,3,4,0,0,0,15,15,0,1,422317,2,1,10000,10000,0,0,0,0,5,0,0,0,0,6,0x5AA5,9011,-1126,0,0,34031,2,4,2,2,255,0,2,15,0,0,1,0,0,0,0,0,0,0,6,0,0,9000,43677861
2026-09-25T07:09:26.592Z,63465234000000,0x051C,0x0104,1,2,63,5632,5632,0,-43998,-44008,422322,43678362,1,0,0,0,3,4,0,0,0,15,15,0,1,422322,2,1,10000,10000,0,0,0,0,5,0,0,0,0,6,0x5AA5,5632,-5632,0,0,34033,2,4,2,2,255,0,2,15,0,0,1,0,0,0,0,0,0,0,6,0,0,5600,43678362
2026-09-25T07:09:27.124Z,63465765000000,0x051C,0x0104,1,2,63,0,0,0,-44013,-44003,422327,43678863,1,0,0,0,3,4,0,0,0,15,15,0,1,422327,2,1,10000,10000,0,0,0,0,5,0,0,0,0,6,0x5AA5,0,11263,0,0,34036,2,3,2,4,255,0,4,15,0,0,1,0,0,0,0,0,0,0,6,0,0,0,43678863
2026-09-25T07:09:27.600Z,63466250000000,0x051C,0x0104,1,2,63,9011,9011,0,-44010,-44011,422332,43679364,1,0,0,0,3,4,0,0,0,15,15,0,1,422332,2,1,10000,10000,0,0,0,0,5,0,0,0,0,6,0x5AA5,9011,7884,0,0,34036,2,4,2,4,255,0,4,15,0,0,1,0,0,0,0,0,0,0,6,0,0,9000,43679364
2026-09-25T07:09:28.119Z,63466765000000,0x051C,0x0104,1,2,63,6758,6758,0,-44011,-44009,422337,43679865,1,0,0,0,3,4,0,0,0,15,15,0,1,422337,2,1,10000,10000,0,0,0,0,5,0,0,0,0,6,0x5AA5,6758,9011,0,0,34036,2,4,2,4,255,0,4,15,0,0,1,0,0,0,0,0,0,0,6,0,0,6700,43679865
2026-09-25T07:09:28.597Z,63467250000000,0x051C,0x0104,1,2,63,0,0,0,-44003,-44003,422342,43680366,1,0,0,0,3,4,0,0,0,15,15,0,1,422342,2,1,10000,10000,0,0,0,0,5,0,0,0,0,6,0x5AA5,0,0,0,0,34038,2,3,2,4,255,0,4,15,0,0,1,0,0,0,0,0,0,0,6,0,0,0,43680366
2026-09-25T07:09:29.115Z,63467765000000,0x051C,0x0104,1,2,63,0,0,0,-44013,-44003,422347,43680867,1,0,0,0,3,4,0,0,0,15,15,0,1,422347,2,1,10000,10000,0,0,0,0,5,0,0,0,0,6,0x5AA5,0,11263,0,0,34040,2,3,2,4,255,0,4,15,0,0,1,0,0,0,0,0,0,0,6,0,0,0,43680867
2026-09-25T07:09:29.593Z,63468234000000,0x051C,0x0104,1,2,63,5632,5632,0,-44028,-44008,422352,43681367,1,0,0,0,3,4,0,0,0,15,15,0,1,422352,2,1,10000,10000,0,0,0,0,5,0,0,0,0,6,0x5AA5,5632,28158,0,0,34040,2,4,2,4,255,0,4,15,0,0,1,0,0,0,0,0,0,0,6,0,0,5600,43681367
2026-09-25T07:09:30.126Z,63468765000000,0x051C,0x0104,1,2,63,7884,7884,0,-44013,-44010,422357,43681868,1,0,0,0,3,4,0,0,0,15,15,0,1,422357,2,1,10000,10000,0,0,0,0,5,0,0,0,0,6,0x5AA5,7884,11263,0,0,34042,2,4,2,4,255,0,4,15,0,0,1,0,0,0,0,0,0,0,6,0,0,7800,43681868
2026-09-25T07:09:30.603Z,63469250000000,0x051C,0x0104,1,2,63,1126,1126,0,-43987,-44004,422362,43682369,1,0,0,0,3,4,0,0,0,15,15,0,1,422362,2,1,10000,10000,0,0,0,0,5,0,0,0,0,6,0x5AA5,1126,-18021,0,0,34045,2,4,2,2,255,0,2,15,0,0,1,0,0,0,0,0,0,0,6,0,0,1100,43682369
2026-09-25T07:09:31.121Z,63469765000000,0x051C,0x0104,1,2,63,-5632,-5632,0,-43997,-43998,422367,43682870,1,0,0,0,3,4,0,0,0,15,15,0,1,422367,2,1,10000,10000,0,0,0,0,5,0,0,0,0,6,0x5AA5,-5632,-6758,0,0,34045,2,2,2,2,255,0,2,15,0,0,1,0,0,0,0,0,0,0,6,0,0,-5600,43682870
2026-09-25T07:09:31.598Z,63470250000000,0x051C,0x0104,1,2,63,-3379,-3379,0,-43992,-44000,422372,43683371,1,0,0,0,3,4,0,0,0,15,15,0,1,422372,2,1,10000,10000,0,0,0,0,5,0,0,0,0,6,0x5AA5,-3379,-12390,0,0,34047,2,2,2,2,255,0,2,15,0,0,1,0,0,0,0,0,0,0,6,0,0,-3300,43683371
2026-09-25T07:09:32.121Z,63470765000000,0x051C,0x0104,1,2,63,0,0,0,-44001,-44003,422376,43683877,1,0,0,0,3,4,0,0,0,15,15,0,1,422377,2,1,10000,10000,0,0,0,0,5,0,0,0,0,6,0x5AA5,-1126,24779,0,0,34048,2,2,2,4,255,0,4,15,0,0,1,0,0,0,0,0,0,0,6,0,0,-1100,43683773
2026-09-25T07:09:32.597Z,63471250000000,0x051C,0x0104,1,2,63,-1126,-1126,0,-43995,-44002,422382,43684373,1,0,0,0,3,4,0,0,0,15,15,0,1,422382,2,1,10000,10000,0,0,0,0,5,0,0,0,0,6,0x5AA5,-1126,-9011,0,0,34049,2,2,2,2,255,0,2,15,0,0,1,0,0,0,0,0,0,0,6,0,0,-1100,43684373
2026-09-25T07:09:33.117Z,63471765000000,0x051C,0x0104,1,2,63,-3379,-3379,0,-44016,-44000,422386,43684876,1,0,0,0,3,4,0,0,0,15,15,0,1,422387,2,1,10000,10000,0,0,0,0,5,0,0,0,0,6,0x5AA5,-2253,-6758,0,0,34051,2,2,2,2,255,0,2,15,0,0,1,0,0,0,0,0,0,0,6,0,0,-2200,43684774
2026-09-25T07:09:33.598Z,63472250000000,0x051C,0x0104,1,2,63,2253,2253,0,-44028,-44005,422391,43685380,1,0,0,0,3,4,0,0,0,15,15,0,1,422392,2,1,10000,10000,0,0,0,0,5,0,0,0,0,6,0x5AA5,2253,5632,0,0,34054,2,4,2,4,255,0,4,15,0,0,1,0,0,0,0,0,0,0,6,0,0,2200,43685275
2026-09-25T07:09:34.118Z,63472765000000,0x051C,0x0104,1,2,63,9011,9011,0,-44016,-44011,422396,43685876,1,0,0,0,3,4,0,0,0,15,15,0,1,422397,2,1,10000,10000,0,0,0,0,5,0,0,0,0,6,0x5AA5,7884,9011,0,0,34054,2,4,2,4,255,0,4,15,0,0,1,0,0,0,0,0,0,0,6,0,0,7800,43685775
2026-09-25T07:09:34.598Z,63473250000000,0x051C,0x0104,1,2,63,11263,11263,0,-43995,-44013,422401,43686381,1,0,0,0,3,4,0,0,0,15,15,0,1,422402,2,1,10000,10000,0,0,0,0,5,0,0,0,0,6,0x5AA5,10137,15769,0,0,34054,2,4,2,4,255,0,4,15,0,0,1,0,0,0,0,0,0,0,6,0,0,10100,43686276
2026-09-25T07:09:35.115Z,63473765000000,0x051C,0x0104,1,2,63,16895,16895,0,-44028,-44018,422406,43686877,1,0,0,0,3,4,0,0,0,15,15,0,1,422407,2,1,10000,10000,0,0,0,0,5,0,0,0,0,6,0x5AA5,14642,29285,0,0,34056,2,4,2,4,255,0,4,15,0,0,1,0,0,0,0,0,0,0,6,0,0,14600,43686777
2026-09-25T07:09:35.595Z,63474234000000,0x051C,0x0104,1,2,63,14642,14642,0,-43989,-44016,422411,43687378,1,0,0,0,3,4,0,0,0,15,15,0,1,422412,2,1,10000,10000,0,0,0,0,5,0,0,0,0,6,0x5AA5,18021,-10137,0,0,34057,2,4,2,2,255,0,2,15,0,0,1,0,0,0,0,0,0,0,6,0,0,18000,43687278
2026-09-25T07:09:36.128Z,63474765000000,0x051C,0x0104,1,2,63,6758,6758,0,-43989,-44009,422417,43687879,1,0,0,0,3,4,0,0,0,15,15,0,1,422417,2,1,10000,10000,0,0,0,0,5,0,0,0,0,6,0x5AA5,6758,-15769,0,0,34059,2,4,2,2,255,0,2,15,0,0,1,0,0,0,0,0,0,0,6,0,0,6700,43687879
2026-09-25T07:09:36.604Z,63475250000000,0x051C,0x0104,1,2,63,14642,14642,0,-43990,-44016,422422,43688380,1,0,0,0,3,4,0,0,0,15,15,0,1,422422,2,1,10000,10000,0,0,0,0,5,0,0,0,0,6,0x5AA5,14642,-14642,0,0,34061,2,4,2,2,255,0,2,15,0,0,1,0,0,0,0,0,0,0,6,0,0,14600,43688380
2026-09-25T07:09:37.136Z,63475781000000,0x051C,0x0104,1,2,63,10137,10137,0,-44022,-44012,422427,43688881,1,0,0,0,3,4,0,0,0,15,15,0,1,422427,2,1,10000,10000,0,0,0,0,5,0,0,0,0,6,0x5AA5,10137,21400,0,0,34062,2,4,2,4,255,0,4,15,0,0,1,0,0,0,0,0,0,0,6,0,0,10100,43688881
2026-09-25T07:09:37.612Z,63476250000000,0x051C,0x0104,1,2,63,10137,10137,0,-44001,-44012,422432,43689382,1,0,0,0,3,4,0,0,0,15,15,0,1,422432,2,1,10000,10000,0,0,0,0,5,0,0,0,0,6,0x5AA5,10137,-2253,0,0,34063,2,4,2,2,255,0,2,15,0,0,1,0,0,0,0,0,0,0,6,0,0,10100,43689382
2026-09-25T07:09:38.142Z,63476781000000,0x051C,0x0104,1,2,63,6758,6758,0,-43997,-44009,422437,43689883,1,0,0,0,3,4,0,0,0,15,15,0,1,422437,2,1,10000,10000,0,0,0,0,5,0,0,0,0,6,0x5AA5,6758,-6758,0,0,34067,2,4,2,2,255,0,2,15,0,0,1,0,0,0,0,0,0,0,6,0,0,6700,43689883
2026-09-25T07:09:38.632Z,63477281000000,0x051C,0x0104,1,2,63,2253,2253,0,-44009,-44005,422442,43690384,1,0,0,0,3,4,0,0,0,15,15,0,1,422442,2,1,10000,10000,0,0,0,0,5,0,0,0,0,6,0x5AA5,2253,6758,0,0,34070,2,4,2,4,255,0,4,15,0,0,1,0,0,0,0,0,0,0,6,0,0,2200,43690384
2026-09-25T07:09:39.148Z,63477796000000,0x051C,0x0104,1,2,63,2253,2253,0,-44008,-44005,422447,43690885,1,0,0,0,3,4,0,0,0,15,15,0,1,422447,2,1,10000,10000,0,0,0,0,5,0,0,0,0,6,0x5AA5,2253,5632,0,0,34072,2,4,2,4,255,0,4,15,0,0,1,0,0,0,0,0,0,0,6,0,0,2200,43690885
2026-09-25T07:09:39.623Z,63478265000000,0x051C,0x0104,1,2,63,7884,7884,0,-44006,-44010,422452,43691385,1,0,0,0,3,4,0,0,0,15,15,0,1,422452,2,1,10000,10000,0,0,0,0,5,0,0,0,0,6,0x5AA5,7884,3379,0,0,34072,2,4,2,4,255,0,4,15,0,0,1,0,0,0,0,0,0,0,6,0,0,7800,43691385
2026-09-25T07:09:40.157Z,63478796000000,0x051C,0x0104,1,2,63,11263,11263,0,-44010,-44013,422457,43691886,1,0,0,0,3,4,0,0,0,15,15,0,1,422457,2,1,10000,10000,0,0,0,0,5,0,0,0,0,6,0x5AA5,11263,7884,0,0,34074,2,4,2,4,255,0,4,15,0,0,1,0,0,0,0,0,0,0,6,0,0,11200,43691886
2026-09-25T07:09:40.632Z,63479281000000,0x051C,0x0104,1,2,63,13516,13516,0,-44026,-44015,422462,43692387,1,0,0,0,3,4,0,0,0,15,15,0,1,422462,2,1,10000,10000,0,0,0,0,5,0,0,0,0,6,0x5AA5,13516,25906,0,0,34074,2,4,2,4,255,0,4,15,0,0,1,0,0,0,0,0,0,0,6,0,0,13500,43692387
2026-09-25T07:09:41.147Z,63479796000000,0x051C,0x0104,1,2,63,9011,9011,0,-44000,-44011,422467,43692888,1,0,0,0,3,4,0,0,0,15,15,0,1,422467,2,1,10000,10000,0,0,0,0,5,0,0,0,0,6,0x5AA5,9011,-3379,0,0,34077,2,4,2,2,255,0,2,15,0,0,1,0,0,0,0,0,0,0,6,0,0,9000,43692888
2026-09-25T07:09:41.621Z,63480265000000,0x051C,0x0104,1,2,63,9011,9011,0,-44016,-44011,422472,43693389,1,0,0,0,3,4,0,0,0,15,15,0,1,422472,2,1,10000,10000,0,0,0,0,5,0,0,0,0,6,0x5AA5,9011,14642,0,0,34078,2,4,2,4,255,0,4,15,0,0,1,0,0,0,0,0,0,0,6,0,0,9000,43693389
2026-09-25T07:09:42.153Z,63480796000000,0x051C,0x0104,1,2,63,5632,5632,0,-44009,-44008,422477,43693890,1,0,0,0,3,4,0,0,0,15,15,0,1,422477,2,1,10000,10000,0,0,0,0,5,0,0,0,0,6,0x5AA5,5632,6758,0,0,34080,2,4,2,4,255,0,4,15,0,0,1,0,0,0,0,0,0,0,6,0,0,5600,43693890
2026-09-25T07:09:42.629Z,63481281000000,0x051C,0x0104,1,2,63,1126,1126,0,-44004,-44004,422482,43694391,1,0,0,0,3,4,0,0,0,15,15,0,1,422482,2,1,10000,10000,0,0,0,0,5,0,0,0,0,6,0x5AA5,1126,1126,0,0,34082,2,4,2,4,255,0,4,15,0,0,1,0,0,0,0,0,0,0,6,0,0,1100,43694391
2026-09-25T07:09:43.144Z,63481796000000,0x051C,0x0104,1,2,63,5632,5632,0,-44015,-44008,422487,43694892,1,0,0,0,3,4,0,0,0,15,15,0,1,422487,2,1,10000,10000,0,0,0,0,5,0,0,0,0,6,0x5AA5,5632,13516,0,0,34082,2,4,2,4,255,0,4,15,0,0,1,0,0,0,0,0,0,0,6,0,0,5600,43694892
2026-09-25T07:09:43.618Z,63482265000000,0x051C,0x0104,1,2,63,6758,6758,0,-44014,-44009,422492,43695393,1,0,0,0,3,4,0,0,0,15,15,0,1,422492,2,1,10000,10000,0,0,0,0,5,0,0,0,0,6,0x5AA5,6758,12390,0,0,34084,2,4,2,4,255,0,4,15,0,0,1,0,0,0,0,0,0,0,6,0,0,6700,43695393
2026-09-25T07:09:44.152Z,63482796000000,0x051C,0x0104,1,2,63,13516,13516,0,-43990,-44015,422497,43695893,1,0,0,0,3,4,0,0,0,15,15,0,1,422497,2,1,10000,10000,0,0,0,0,5,0,0,0,0,6,0x5AA5,13516,-14642,0,0,34085,2,4,2,2,255,0,2,15,0,0,1,0,0,0,0,0,0,0,6,0,0,13500,43695893
2026-09-25T07:09:44.629Z,63483281000000,0x051C,0x0104,1,2,63,15769,15769,0,-44038,-44017,422502,43696394,1,0,0,0,3,4,0,0,0,15,15,0,1,422502,2,1,10000,10000,0,0,0,0,5,0,0,0,0,6,0x5AA5,15769,39422,0,0,34086,2,4,2,4,255,0,4,15,0,0,1,0,0,0,0,0,0,0,6,0,0,15700,43696394
2026-09-25T07:09:45.144Z,63483796000000,0x051C,0x0104,1,2,63,12390,12390,0,-43995,-44014,422507,43696895,1,0,0,0,3,4,0,0,0,15,15,0,1,422507,2,1,10000,10000,0,0,0,0,5,0,0,0,0,6,0x5AA5,12390,-9011,0,0,34087,2,4,2,2,255,0,2,15,0,0,1,0,0,0,0,0,0,0,6,0,0,12300,43696895
2026-09-25T07:09:45.620Z,63484265000000,0x051C,0x0104,1,2,63,13516,13516,0,-44011,-44015,422512,43697396,1,0,0,0,3,4,0,0,0,15,15,0,1,422512,2,1,10000,10000,0,0,0,0,5,0,0,0,0,6,0x5AA5,13516,9011,0,0,34088,2,4,2,4,255,0,4,15,0,0,1,0,0,0,0,0,0,0,6,0,0,13500,43697396
2026-09-25T07:09:46.152Z,63484796000000,0x051C,0x0104,1,2,63,14642,14642,0,-44000,-44016,422517,43697897,1,0,0,0,3,4,0,0,0,15,15,0,1,422517,2,1,10000,10000,0,0,0,0,5,0,0,0,0,6,0x5AA5,14642,-3379,0,0,34089,2,4,2,2,255,0,2,15,0,0,1,0,0,0,0,0,0,0,6,0,0,14600,43697897
2026-09-25T07:09:46.628Z,63485265000000,0x051C,0x0104,1,2,63,14642,14642,0,-44012,-44016,422522,43698398,1,0,0,0,3,4,0,0,0,15,15,0,1,422522,2,1,10000,10000,0,0,0,0,5,0,0,0,0,6,0x5AA5,14642,10137,0,0,34090,2,4,2,4,255,0,4,15,0,0,1,0,0,0,0,0,0,0,6,0,0,14600,43698398
2026-09-25T07:09:47.159Z,63485812000000,0x051C,0x0104,1,2,63,14642,14642,0,-44010,-44016,422527,43698898,1,0,0,0,3,4,0,0,0,15,15,0,1,422527,2,1,10000,10000,0,0,0,0,5,0,0,0,0,6,0x5AA5,14642,7884,0,0,34090,2,4,2,4,255,0,4,15,0,0,1,0,0,0,0,0,0,0,6,0,0,14600,43698898
2026-09-25T07:09:47.621Z,63486265000000,0x051C,0x0104,1,2,63,16895,16895,0,-44022,-44018,422532,43699399,1,0,0,0,3,4,0,0,0,15,15,0,1,422532,2,1,10000,10000,0,0,0,0,5,0,0,0,0,6,0x5AA5,16895,21400,0,0,34090,2,4,2,4,255,0,4,15,0,0,1,0,0,0,0,0,0,0,6,0,0,16800,43699399
2026-09-25T07:09:48.152Z,63486796000000,0x051C,0x0104,1,2,63,13516,13516,0,-43993,-44015,422537,43699900,1,0,0,0,3,4,0,0,0,15,15,0,1,422537,2,1,10000,10000,0,0,0,0,5,0,0,0,0,6,0x5AA5,13516,-11263,0,0,34091,2,4,2,2,255,0,2,15,0,0,1,0,0,0,0,0,0,0,6,0,0,13500,43699900
2026-09-25T07:09:48.627Z,63487265000000,0x051C,0x0104,1,2,63,12390,12390,0,-44019,-44014,422542,43700401,1,0,0,0,3,4,0,0,0,15,15,0,1,422542,2,1,10000,10000,0,0,0,0,5,0,0,0,0,6,0x5AA5,12390,18021,0,0,34092,2,4,2,4,255,0,4,15,0,0,1,0,0,0,0,0,0,0,6,0,0,12300,43700401
2026-09-25T07:09:49.159Z,63487796000000,0x051C,0x0104,1,2,63,20274,20274,0,-44023,-44021,422547,43700902,1,0,0,0,3,4,0,0,0,15,15,0,1,422547,2,1,10000,10000,0,0,0,0,5,0,0,0,0,6,0x5AA5,20274,22527,0,0,34092,2,4,2,4,255,0,4,15,0,0,1,0,0,0,0,0,0,0,6,0,0,20200,43700902
2026-09-25T07:09:49.633Z,63488281000000,0x051C,0x0104,1,2,63,20274,20274,0,-44023,-44021,422552,43701403,1,0,0,0,3,4,0,0,0,15,15,0,1,422552,2,1,10000,10000,0,0,0,0,5,0,0,0,0,6,0x5AA5,20274,22527,0,0,34092,2,4,2,4,255,0,4,15,0,0,1,0,0,0,0,0,0,0,6,0,0,20200,43701403
2026-09-25T07:09:50.167Z,63488812000000,0x051C,0x0104,1,2,63,15769,15769,0,-44013,-44017,422557,43701904,1,0,0,0,3,4,0,0,0,15,15,0,1,422557,2,1,10000,10000,0,0,0,0,5,0,0,0,0,6,0x5AA5,15769,11263,0,0,34092,2,4,2,4,255,0,4,15,0,0,1,0,0,0,0,0,0,0,6,0,0,15700,43701904
2026-09-25T07:09:50.642Z,63489281000000,0x051C,0x0104,1,2,63,12390,12390,0,-44017,-44014,422562,43702405,1,0,0,0,3,4,0,0,0,15,15,0,1,422562,2,1,10000,10000,0,0,0,0,5,0,0,0,0,6,0x5AA5,12390,15769,0,0,34092,2,4,2,4,255,0,4,15,0,0,1,0,0,0,0,0,0,0,6,0,0,12300,43702405
2026-09-25T07:09:51.175Z,63489828000000,0x051C,0x0104,1,2,63,6758,6758,0,-44008,-44009,422567,43702905,1,0,0,0,3,4,0,0,0,15,15,0,1,422567,2,1,10000,10000,0,0,0,0,5,0,0,0,0,6,0x5AA5,6758,5632,0,0,34094,2,4,2,4,255,0,4,15,0,0,1,0,0,0,0,0,0,0,6,0,0,6700,43702905
2026-09-25T07:09:51.634Z,63490281000000,0x051C,0x0104,1,2,63,4505,4505,0,-44013,-44007,422572,43703406,1,0,0,0,3,4,0,0,0,15,15,0,1,422572,2,1,10000,10000,0,0,0,0,5,0,0,0,0,6,0x5AA5,4505,11263,0,0,34096,2,4,2,4,255,0,4,15,0,0,1,0,0,0,0,0,0,0,6,0,0,4500,43703406
2026-09-25T07:09:52.164Z,63490812000000,0x051C,0x0104,1,2,63,9011,9011,0,-44014,-44011,422577,43703907,1,0,0,0,3,4,0,0,0,15,15,0,1,422577,2,1,10000,10000,0,0,0,0,5,0,0,0,0,6,0x5AA5,9011,12390,0,0,34096,2,4,2,4,255,0,4,15,0,0,1,0,0,0,0,0,0,0,6,0,0,9000,43703907
2026-09-25T07:09:52.640Z,63491281000000,0x051C,0x0104,1,2,63,7884,7884,0,-44019,-44010,422582,43704408,1,0,0,0,3,4,0,0,0,15,15,0,1,422582,2,1,10000,10000,0,0,0,0,5,0,0,0,0,6,0x5AA5,7884,18021,0,0,34096,2,4,2,4,255,0,4,15,0,0,1,0,0,0,0,0,0,0,6,0,0,7800,43704408
2026-09-25T07:09:53.173Z,63491812000000,0x051C,0x0104,1,2,63,13516,13516,0,-44011,-44015,422587,43704909,1,0,0,0,3,4,0,0,0,15,15,0,1,422587,2,1,10000,10000,0,0,0,0,5,0,0,0,0,6,0x5AA5,13516,9011,0,0,34096,2,4,2,4,255,0,4,15,0,0,1,0,0,0,0,0,0,0,6,0,0,13500,43704909
2026-09-25T07:09:53.650Z,63492296000000,0x051C,0x0104,1,2,63,16895,16895,0,-44026,-44018,422592,43705410,1,0,0,0,3,4,0,0,0,15,15,0,1,422592,2,1,10000,10000,0,0,0,0,5,0,0,0,0,6,0x5AA5,16895,25906,0,0,34096,2,4,2,4,255,0,4,15,0,0,1,0,0,0,0,0,0,0,6,0,0,16800,43705410
2026-09-25T07:09:54.166Z,63492812000000,0x051C,0x0104,1,2,63,12390,12390,0,-43996,-44014,422597,43705911,1,0,0,0,3,4,0,0,0,15,15,0,1,422597,2,1,10000,10000,0,0,0,0,5,0,0,0,0,6,0x5AA5,12390,-7884,0,0,34097,2,4,2,2,255,0,2,15,0,0,1,0,0,0,0,0,0,0,6,0,0,12300,43705911
2026-09-25T07:09:54.641Z,63493281000000,0x051C,0x0104,1,2,63,9011,9011,0,-44012,-44011,422602,43706412,1,0,0,0,3,4,0,0,0,15,15,0,1,422602,2,1,10000,10000,0,0,0,0,5,0,0,0,0,6,0x5AA5,9011,10137,0,0,34098,2,4,2,4,255,0,4,15,0,0,1,0,0,0,0,0,0,0,6,0,0,9000,43706412
2026-09-25T07:09:55.173Z,63493812000000,0x051C,0x0104,1,2,63,9011,9011,0,-44024,-44011,422607,43706913,1,0,0,0,3,4,0,0,0,15,15,0,1,422607,2,1,10000,10000,0,0,0,0,5,0,0,0,0,6,0x5AA5,9011,23653,0,0,34098,2,4,2,4,255,0,4,15,0,0,1,0,0,0,0,0,0,0,6,0,0,9000,43706913
2026-09-25T07:09:55.651Z,63494296000000,0x051C,0x0104,1,2,63,16895,16895,0,-44022,-44018,422612,43707413,1,0,0,0,3,4,0,0,0,15,15,0,1,422612,2,1,10000,10000,0,0,0,0,5,0,0,0,0,6,0x5AA5,16895,21400,0,0,34098,2,4,2,4,255,0,4,15,0,0,1,0,0,0,0,0,0,0,6,0,0,16800,43707413
2026-09-25T07:09:56.182Z,63494828000000,0x051C,0x0104,1,2,63,14642,14642,0,-44006,-44016,422617,43707914,1,0,0,0,3,4,0,0,0,15,15,0,1,422617,2,1,10000,10000,0,0,0,0,5,0,0,0,0,6,0x5AA5,14642,3379,0,0,34098,2,4,2,4,255,0,4,15,0,0,1,0,0,0,0,0,0,0,6,0,0,14600,43707914
2026-09-25T07:09:56.655Z,63495296000000,0x051C,0x0104,1,2,63,15769,15769,0,-44009,-44017,422622,43708415,1,0,0,0,3,4,0,0,0,15,15,0,1,422622,2,1,10000,10000,0,0,0,0,5,0,0,0,0,6,0x5AA5,15769,6758,0,0,34098,2,4,2,4,255,0,4,15,0,0,1,0,0,0,0,0,0,0,6,0,0,15700,43708415
2026-09-25T07:09:57.186Z,63495828000000,0x051C,0x0104,1,2,63,7884,7884,0,-44014,-44010,422627,43708916,1,0,0,0,3,4,0,0,0,15,15,0,1,422627,2,1,10000,10000,0,0,0,0,5,0,0,0,0,6,0x5AA5,7884,12390,0,0,34100,2,4,2,4,255,0,4,15,0,0,1,0,0,0,0,0,0,0,6,0,0,7800,43708916
2026-09-25T07:09:57.661Z,63496312000000,0x051C,0x0104,1,2,63,6758,6758,0,-44009,-44009,422632,43709417,1,0,0,0,3,4,0,0,0,15,15,0,1,422632,2,1,10000,10000,0,0,0,0,5,0,0,0,0,6,0x5AA5,6758,6758,0,0,34102,2,4,2,4,255,0,4,15,0,0,1,0,0,0,0,0,0,0,6,0,0,6700,43709417
2026-09-25T07:09:58.178Z,63496828000000,0x051C,0x0104,1,2,63,5632,5632,0,-44020,-44008,422637,43709918,1,0,0,0,3,4,0,0,0,15,15,0,1,422637,2,1,10000,10000,0,0,0,0,5,0,0,0,0,6,0x5AA5,5632,19148,0,0,34104,2,4,2,4,255,0,4,15,0,0,1,0,0,0,0,0,0,0,6,0,0,5600,43709918
2026-09-25T07:09:58.654Z,63497296000000,0x051C,0x0104,1,2,63,11263,11263,0,-44023,-44013,422642,43710419,1,0,0,0,3,4,0,0,0,15,15,0,1,422642,2,1,10000,10000,0,0,0,0,5,0,0,0,0,6,0x5AA5,11263,22527,0,0,34106,2,4,2,4,255,0,4,15,0,0,1,0,0,0,0,0,0,0,6,0,0,11200,43710419
2026-09-25T07:09:59.188Z,63497828000000,0x051C,0x0104,1,2,63,9011,9011,0,-43989,-44011,422647,43710919,1,0,0,0,3,4,0,0,0,15,15,0,1,422647,2,1,10000,10000,0,0,0,0,5,0,0,0,0,6,0x5AA5,9011,-15769,0,0,34107,2,4,2,2,255,0,2,15,0,0,1,0,0,0,0,0,0,0,6,0,0,9000,43710919
2026-09-25T07:09:59.661Z,63498312000000,0x051C,0x0104,1,2,63,6758,6758,0,-43994,-44009,422652,43711420,1,0,0,0,3,4,0,0,0,15,15,0,1,422652,2,1,10000,10000,0,0,0,0,5,0,0,0,0,6,0x5AA5,6758,-10137,0,0,34109,2,4,2,2,255,0,2,15,0,0,1,0,0,0,0,0,0,0,6,0,0,6700,43711420
2026-09-25T07:10:00.176Z,63498828000000,0x051C,0x0104,1,2,63,3379,3379,0,-44006,-44006,422657,43711921,1,0,0,0,3,4,0,0,0,15,15,0,1,422657,2,1,10000,10000,0,0,0,0,5,0,0,0,0,6,0x5AA5,3379,3379,0,0,34112,2,4,2,4,255,0,4,15,0,0,1,0,0,0,0,0,0,0,6,0,0,3300,43711921
2026-09-25T07:10:00.650Z,63499296000000,0x051C,0x0104,1,2,63,6758,6758,0,-44011,-44009,422662,43712422,1,0,0,0,3,4,0,0,0,15,15,0,1,422662,2,1,10000,10000,0,0,0,0,5,0,0,0,0,6,0x5AA5,6758,9011,0,0,34112,2,4,2,4,255,0,4,15,0,0,1,0,0,0,0,0,0,0,6,0,0,6700,43712422
2026-09-25T07:10:01.182Z,63499828000000,0x051C,0x0104,1,2,63,4505,4505,0,-44004,-44007,422667,43712923,1,0,0,0,3,4,0,0,0,15,15,0,1,422667,2,1,10000,10000,0,0,0,0,5,0,0,0,0,6,0x5AA5,4505,1126,0,0,34112,2,4,2,4,255,0,4,15,0,0,1,0,0,0,0,0,0,0,6,0,0,4500,43712923
2026-09-25T07:10:01.656Z,63500296000000,0x051C,0x0104,1,2,63,2253,2253,0,-44011,-44005,422672,43713424,1,0,0,0,3,4,0,0,0,15,15,0,1,422672,2,1,10000,10000,0,0,0,0,5,0,0,0,0,6,0x5AA5,2253,9011,0,0,34114,2,4,2,4,255,0,4,15,0,0,1,0,0,0,0,0,0,0,6,0,0,2200,43713424
2026-09-25T07:10:02.189Z,63500828000000,0x051C,0x0104,1,2,63,3379,3379,0,-43995,-44006,422677,43713925,1,0,0,0,3,4,0,0,0,15,15,0,1,422677,2,1,10000,10000,0,0,0,0,5,0,0,0,0,6,0x5AA5,3379,-9011,0,0,34115,2,4,2,2,255,0,2,15,0,0,1,0,0,0,0,0,0,0,6,0,0,3300,43713925
2026-09-25T07:10:02.664Z,63501312000000,0x051C,0x0104,1,2,63,4505,4505,0,-44002,-44007,422682,43714425,1,0,0,0,3,4,0,0,0,15,15,0,1,422682,2,1,10000,10000,0,0,0,0,5,0,0,0,0,6,0x5AA5,4505,-1126,0,0,34117,2,4,2,2,255,0,2,15,0,0,1,0,0,0,0,0,0,0,6,0,0,4500,43714425
2026-09-25T07:10:03.181Z,63501828000000,0x051C,0x0104,1,2,63,1126,1126,0,-44020,-44004,422687,43714926,1,0,0,0,3,4,0,0,0,15,15,0,1,422687,2,1,10000,10000,0,0,0,0,5,0,0,0,0,6,0x5AA5,1126,19148,0,0,34120,2,4,2,4,255,0,4,15,0,0,1,0,0,0,0,0,0,0,6,0,0,1100,43714926
2026-09-25T07:10:03.657Z,63502296000000,0x051C,0x0104,1,2,63,3379,3379,0,-43992,-44006,422692,43715427,1,0,0,0,3,4,0,0,0,15,15,0,1,422692,2,1,10000,10000,0,0,0,0,5,0,0,0,0,6,0x5AA5,3379,-12390,0,0,34121,2,4,2,2,255,0,2,15,0,0,1,0,0,0,0,0,0,0,6,0,0,3300,43715427
2026-09-25T07:10:04.189Z,63502828000000,0x051C,0x0104,1,2,63,0,0,0,-44016,-44003,422697,43715928,1,0,0,0,3,4,0,0,0,15,15,0,1,422697,2,1,10000,10000,0,0,0,0,5,0,0,0,0,6,0x5AA5,0,14642,0,0,34122,2,3,2,4,255,0,4,15,0,0,1,0,0,0,0,0,0,0,6,0,0,0,43715928
2026-09-25T07:10:04.664Z,63503312000000,0x051C,0x0104,1,2,63,10137,10137,0,-44009,-44012,422702,43716429,1,0,0,0,3,4,0,0,0,15,15,0,1,422702,2,1,10000,10000,0,0,0,0,5,0,0,0,0,6,0x5AA5,10137,6758,0,0,34122,2,4,2,4,255,0,4,15,0,0,1,0,0,0,0,0,0,0,6,0,0,10100,43716429
2026-09-25T07:10:05.181Z,63503828000000,0x051C,0x0104,1,2,63,13516,13516,0,-44019,-44015,422707,43716930,1,0,0,0,3,4,0,0,0,15,15,0,1,422707,2,1,10000,10000,0,0,0,0,5,0,0,0,0,6,0x5AA5,13516,18021,0,0,34122,2,4,2,4,255,0,4,15,0,0,1,0,0,0,0,0,0,0,6,0,0,13500,43716930
2026-09-25T07:10:05.655Z,63504296000000,0x051C,0x0104,1,2,63,11263,11263,0,-44023,-44013,422712,43717431,1,0,0,0,3,4,0,0,0,15,15,0,1,422712,2,1,10000,10000,0,0,0,0,5,0,0,0,0,6,0x5AA5,11263,22527,0,0,34122,2,4,2,4,255,0,4,15,0,0,1,0,0,0,0,0,0,0,6,0,0,11200,43717431
2026-09-25T07:10:06.188Z,63504828000000,0x051C,0x0104,1,2,63,5632,5632,0,-44018,-44008,422717,43717933,1,0,0,0,3,4,0,0,0,15,15,0,1,422717,2,1,10000,10000,0,0,0,0,5,0,0,0,0,6,0x5AA5,5632,16895,0,0,34124,2,4,2,4,255,0,4,15,0,0,1,0,0,0,0,0,0,0,6,0,0,5600,43717933
2026-09-25T07:10:06.661Z,63505312000000,0x051C,0x0104,1,2,63,7884,7884,0,-44002,-44010,422722,43718433,1,0,0,0,3,4,0,0,0,15,15,0,1,422722,2,1,10000,10000,0,0,0,0,5,0,0,0,0,6,0x5AA5,7884,-1126,0,0,34127,2,4,2,2,255,0,2,15,0,0,1,0,0,0,0,0,0,0,6,0,0,7800,43718433
2026-09-25T07:10:07.179Z,63505828000000,0x051C,0x0104,1,2,63,4505,4505,0,-44004,-44007,422727,43718934,1,0,0,0,3,4,0,0,0,15,15,0,1,422727,2,1,10000,10000,0,0,0,0,5,0,0,0,0,6,0x5AA5,4505,1126,0,0,34128,2,4,2,4,255,0,4,15,0,0,1,0,0,0,0,0,0,0,6,0,0,4500,43718934
2026-09-25T07:10:07.653Z,63506296000000,0x051C,0x0104,1,2,63,2253,2253,0,-44003,-44005,422732,43719434,1,0,0,0,3,4,0,0,0,15,15,0,1,422732,2,1,10000,10000,0,0,0,0,5,0,0,0,0,6,0x5AA5,2253,0,0,0,34130,2,4,2,4,255,0,4,15,0,0,1,0,0,0,0,0,0,0,6,0,0,2200,43719434
2026-09-25T07:10:08.184Z,63506828000000,0x051C,0x0104,1,2,63,2253,2253,0,-44008,-44005,422737,43719935,1,0,0,0,3,4,0,0,0,15,15,0,1,422737,2,1,10000,10000,0,0,0,0,5,0,0,0,0,6,0x5AA5,2253,5632,0,0,34130,2,4,2,4,255,0,4,15,0,0,1,0,0,0,0,0,0,0,6,0,0,2200,43719935
2026-09-25T07:10:08.659Z,63507296000000,0x051C,0x0104,1,2,63,2253,2253,0,-43995,-44005,422742,43720436,1,0,0,0,3,4,0,0,0,15,15,0,1,422742,2,1,10000,10000,0,0,0,0,5,0,0,0,0,6,0x5AA5,2253,-9011,0,0,34133,2,4,2,2,255,0,2,15,0,0,1,0,0,0,0,0,0,0,6,0,0,2200,43720436
2026-09-25T07:10:09.192Z,63507843000000,0x051C,0x0104,1,2,63,5632,5632,0,-44014,-44008,422747,43720937,1,0,0,0,3,4,0,0,0,15,15,0,1,422747,2,1,10000,10000,0,0,0,0,5,0,0,0,0,6,0x5AA5,5632,12390,0,0,34134,2,4,2,4,255,0,4,15,0,0,1,0,0,0,0,0,0,0,6,0,0,5600,43720937
2026-09-25T07:10:09.655Z,63508296000000,0x051C,0x0104,1,2,63,6758,6758,0,-44003,-44009,422751,43721441,1,0,0,0,3,4,0,0,0,15,15,0,1,422752,2,1,10000,10000,0,0,0,0,5,0,0,0,0,6,0x5AA5,7884,5632,0,0,34134,2,4,2,4,255,0,4,15,0,0,1,0,0,0,0,0,0,0,6,0,0,7800,43721338
2026-09-25T07:10:10.185Z,63508828000000,0x051C,0x0104,1,2,63,2253,2253,0,-43998,-44005,422757,43721939,1,0,0,0,3,4,0,0,0,15,15,0,1,422757,2,1,10000,10000,0,0,0,0,5,0,0,0,0,6,0x5AA5,2253,-5632,0,0,34135,2,4,2,2,255,0,2,15,0,0,1,0,0,0,0,0,0,0,6,0,0,2200,43721939
2026-09-25T07:10:10.660Z,63509312000000,0x051C,0x0104,1,2,63,0,0,0,-44006,-44003,422762,43722440,1,0,0,0,3,4,0,0,0,15,15,0,1,422762,2,1,10000,10000,0,0,0,0,5,0,0,0,0,6,0x5AA5,0,3379,0,0,34138,2,3,2,4,255,0,4,15,0,0,1,0,0,0,0,0,0,0,6,0,0,0,43722440
2026-09-25T07:10:11.182Z,63509828000000,0x051C,0x0104,1,2,63,0,0,0,-44020,-44003,422766,43722941,1,0,0,0,3,4,0,0,0,15,15,0,1,422767,2,1,10000,10000,0,0,0,0,5,0,0,0,0,6,0x5AA5,0,2253,0,0,34140,2,3,2,4,255,0,4,15,0,0,1,0,0,0,0,0,0,0,6,0,0,0,43722840
2026-09-25T07:10:11.661Z,63510312000000,0x051C,0x0104,1,2,63,7884,7884,0,-44015,-44010,422771,43723447,1,0,0,0,3,4,0,0,0,15,15,0,1,422772,2,1,10000,10000,0,0,0,0,5,0,0,0,0,6,0x5AA5,7884,6758,0,0,34140,2,4,2,4,255,0,4,15,0,0,1,0,0,0,0,0,0,0,6,0,0,7800,43723341
2026-09-25T07:10:12.180Z,63510828000000,0x051C,0x0104,1,2,63,10137,10137,0,-44006,-44012,422776,43723942,1,0,0,0,3,4,0,0,0,15,15,0,1,422777,2,1,10000,10000,0,0,0,0,5,0,0,0,0,6,0x5AA5,10137,6758,0,0,34140,2,4,2,4,255,0,4,15,0,0,1,0,0,0,0,0,0,0,6,0,0,10100,43723842
2026-09-25T07:10:12.659Z,63511296000000,0x051C,0x0104,1,2,63,7884,7884,0,-44017,-44010,422781,43724445,1,0,0,0,3,4,0,0,0,15,15,0,1,422782,2,1,10000,10000,0,0,0,0,5,0,0,0,0,6,0x5AA5,7884,9011,0,0,34142,2,4,2,4,255,0,4,15,0,0,1,0,0,0,0,0,0,0,6,0,0,7800,43724343
2026-09-25T07:10:13.191Z,63511843000000,0x051C,0x0104,1,2,63,7884,7884,0,-44010,-44010,422787,43724944,1,0,0,0,3,4,0,0,0,15,15,0,1,422787,2,1,10000,10000,0,0,0,0,5,0,0,0,0,6,0x5AA5,7884,7884,0,0,34142,2,4,2,4,255,0,4,15,0,0,1,0,0,0,0,0,0,0,6,0,0,7800,43724944
2026-09-25T07:10:13.668Z,63512312000000,0x051C,0x0104,1,2,63,5632,5632,0,-44008,-44008,422792,43725445,1,0,0,0,3,4,0,0,0,15,15,0,1,422792,2,1,10000,10000,0,0,0,0,5,0,0,0,0,6,0x5AA5,5632,5632,0,0,34144,2,4,2,4,255,0,4,15,0,0,1,0,0,0,0,0,0,0,6,0,0,5600,43725445
2026-09-25T07:10:14.201Z,63512843000000,0x051C,0x0104,1,2,63,1126,1126,0,-44015,-44004,422797,43725946,1,0,0,0,3,4,0,0,0,15,15,0,1,422797,2,1,10000,10000,0,0,0,0,5,0,0,0,0,6,0x5AA5,1126,13516,0,0,34146,2,4,2,4,255,0,4,15,0,0,1,0,0,0,0,0,0,0,6,0,0,1100,43725946
2026-09-25T07:10:14.677Z,63513328000000,0x051C,0x0104,1,2,63,-1126,-1126,0,-44021,-44002,422802,43726446,1,0,0,0,3,4,0,0,0,15,15,0,1,422802,2,1,10000,10000,0,0,0,0,5,0,0,0,0,6,0x5AA5,-1126,20274,0,0,34148,2,2,2,4,255,0,4,15,0,0,1,0,0,0,0,0,0,0,6,0,0,-1100,43726446
2026-09-25T07:10:15.198Z,63513843000000,0x051C,0x0104,1,2,63,3379,3379,0,-44022,-44006,422807,43726947,1,0,0,0,3,4,0,0,0,15,15,0,1,422807,2,1,10000,10000,0,0,0,0,5,0,0,0,0,6,0x5AA5,3379,21400,0,0,34150,2,4,2,4,255,0,4,15,0,0,1,0,0,0,0,0,0,0,6,0,0,3300,43726947
2026-09-25T07:10:15.673Z,63514312000000,0x051C,0x0104,1,2,63,5632,5632,0,-44006,-44008,422812,43727448,1,0,0,0,3,4,0,0,0,15,15,0,1,422812,2,1,10000,10000,0,0,0,0,5,0,0,0,0,6,0x5AA5,5632,3379,0,0,34152,2,4,2,4,255,0,4,15,0,0,1,0,0,0,0,0,0,0,6,0,0,5600,43727448
2026-09-25T07:10:16.206Z,63514843000000,0x051C,0x0104,1,2,63,6758,6758,0,-44019,-44009,422817,43727949,1,0,0,0,3,4,0,0,0,15,15,0,1,422817,2,1,10000,10000,0,0,0,0,5,0,0,0,0,6,0x5AA5,6758,18021,0,0,34154,2,4,2,4,255,0,4,15,0,0,1,0,0,0,0,0,0,0,6,0,0,6700,43727949
2026-09-25T07:10:16.698Z,63515343000000,0x051C,0x0104,1,2,63,3379,3379,0,-43998,-44006,422822,43728450,1,0,0,0,3,4,0,0,0,15,15,0,1,422822,2,1,10000,10000,0,0,0,0,5,0,0,0,0,6,0x5AA5,3379,-5632,0,0,34157,2,4,2,2,255,0,2,15,0,0,1,0,0,0,0,0,0,0,6,0,0,3300,43728450
2026-09-25T07:10:17.231Z,63515875000000,0x051C,0x0104,1,2,63,2253,2253,0,-44008,-44005,422827,43728951,1,0,0,0,3,4,0,0,0,15,15,0,1,422827,2,1,10000,10000,0,0,0,0,5,0,0,0,0,6,0x5AA5,2253,5632,0,0,34160,2,4,2,4,255,0,4,15,0,0,1,0,0,0,0,0,0,0,6,0,0,2200,43728951
2026-09-25T07:10:17.706Z,63516343000000,0x051C,0x0104,1,2,63,1126,1126,0,-43999,-44004,422832,43729452,1,0,0,0,3,4,0,0,0,15,15,0,1,422832,2,1,10000,10000,0,0,0,0,5,0,0,0,0,6,0x5AA5,1126,-4505,0,0,34161,2,4,2,2,255,0,2,15,0,0,1,0,0,0,0,0,0,0,6,0,0,1100,43729452
2026-09-25T07:10:18.237Z,63516875000000,0x051C,0x0104,1,2,63,2253,2253,0,-44000,-44005,422837,43729953,1,0,0,0,3,4,0,0,0,15,15,0,1,422837,2,1,10000,10000,0,0,0,0,5,0,0,0,0,6,0x5AA5,2253,-3379,0,0,34165,2,4,2,2,255,0,2,15,0,0,1,0,0,0,0,0,0,0,6,0,0,2200,43729953
2026-09-25T07:10:18.711Z,63517359000000,0x051C,0x0104,1,2,63,2253,2253,0,-44013,-44005,422842,43730453,1,0,0,0,3,4,0,0,0,15,15,0,1,422842,2,1,10000,10000,0,0,0,0,5,0,0,0,0,6,0x5AA5,2253,11263,0,0,34168,2,4,2,4,255,0,4,15,0,0,1,0,0,0,0,0,0,0,6,0,0,2200,43730453
2026-09-25T07:10:19.229Z,63517875000000,0x051C,0x0104,1,2,63,5632,5632,0,-44001,-44008,422847,43730954,1,0,0,0,3,4,0,0,0,15,15,0,1,422847,2,1,10000,10000,0,0,0,0,5,0,0,0,0,6,0x5AA5,5632,-2253,0,0,34169,2,4,2,2,255,0,2,15,0,0,1,0,0,0,0,0,0,0,6,0,0,5600,43730954
2026-09-25T07:10:19.703Z,63518343000000,0x051C,0x0104,1,2,63,2253,2253,0,-44023,-44005,422852,43731455,1,0,0,0,3,4,0,0,0,15,15,0,1,422852,2,1,10000,10000,0,0,0,0,5,0,0,0,0,6,0x5AA5,2253,22527,0,0,34170,2,4,2,4,255,0,4,15,0,0,1,0,0,0,0,0,0,0,6,0,0,2200,43731455
2026-09-25T07:10:20.236Z,63518875000000,0x051C,0x0104,1,2,63,7884,7884,0,-44014,-44010,422857,43731956,1,0,0,0,3,4,0,0,0,15,15,0,1,422857,2,1,10000,10000,0,0,0,0,5,0,0,0,0,6,0x5AA5,7884,12390,0,0,34172,2,4,2,4,255,0,4,15,0,0,1,0,0,0,0,0,0,0,6,0,0,7800,43731956
2026-09-25T07:10:20.710Z,63519359000000,0x051C,0x0104,1,2,63,7884,7884,0,-44007,-44010,422862,43732457,1,0,0,0,3,4,0,0,0,15,15,0,1,422862,2,1,10000,10000,0,0,0,0,5,0,0,0,0,6,0x5AA5,7884,4505,0,0,34172,2,4,2,4,255,0,4,15,0,0,1,0,0,0,0,0,0,0,6,0,0,7800,43732457
2026-09-25T07:10:21.226Z,63519875000000,0x051C,0x0104,1,2,63,11263,11263,0,-44001,-44013,422867,43732958,1,0,0,0,3,4,0,0,0,15,15,0,1,422867,2,1,10000,10000,0,0,0,0,5,0,0,0,0,6,0x5AA5,11263,-2253,0,0,34173,2,4,2,2,255,0,2,15,0,0,1,0,0,0,0,0,0,0,6,0,0,11200,43732958
2026-09-25T07:10:21.700Z,63520343000000,0x051C,0x0104,1,2,63,4505,4505,0,-44011,-44007,422872,43733459,1,0,0,0,3,4,0,0,0,15,15,0,1,422872,2,1,10000,10000,0,0,0,0,5,0,0,0,0,6,0x5AA5,4505,9011,0,0,34176,2,4,2,4,255,0,4,15,0,0,1,0,0,0,0,0,0,0,6,0,0,4500,43733459
2026-09-25T07:10:22.235Z,63520875000000,0x051C,0x0104,1,2,63,5632,5632,0,-44015,-44008,422877,43733960,1,0,0,0,3,4,0,0,0,15,15,0,1,422877,2,1,10000,10000,0,0,0,0,5,0,0,0,0,6,0x5AA5,5632,13516,0,0,34178,2,4,2,4,255,0,4,15,0,0,1,0,0,0,0,0,0,0,6,0,0,5600,43733960
2026-09-25T07:10:22.710Z,63521359000000,0x051C,0x0104,1,2,63,11263,11263,0,-44016,-44013,422882,43734460,1,0,0,0,3,4,0,0,0,15,15,0,1,422882,2,1,10000,10000,0,0,0,0,5,0,0,0,0,6,0x5AA5,11263,14642,0,0,34178,2,4,2,4,255,0,4,15,0,0,1,0,0,0,0,0,0,0,6,0,0,11200,43734460
2026-09-25T07:10:23.229Z,63521875000000,0x051C,0x0104,1,2,63,12390,12390,0,-44009,-44014,422887,43734961,1,0,0,0,3,4,0,0,0,15,15,0,1,422887,2,1,10000,10000,0,0,0,0,5,0,0,0,0,6,0x5AA5,12390,6758,0,0,34178,2,4,2,4,255,0,4,15,0,0,1,0,0,0,0,0,0,0,6,0,0,12300,43734961
2026-09-25T07:10:23.704Z,63522343000000,0x051C,0x0104,1,2,63,15769,15769,0,-44016,-44017,422892,43735462,1,0,0,0,3,4,0,0,0,15,15,0,1,422892,2,1,10000,10000,0,0,0,0,5,0,0,0,0,6,0x5AA5,15769,14642,0,0,34178,2,4,2,4,255,0,4,15,0,0,1,0,0,0,0,0,0,0,6,0,0,15700,43735462
2026-09-25T07:10:24.237Z,63522875000000,0x051C,0x0104,1,2,63,13516,13516,0,-44014,-44015,422897,43735963,1,0,0,0,3,4,0,0,0,15,15,0,1,422897,2,1,10000,10000,0,0,0,0,5,0,0,0,0,6,0x5AA5,13516,12390,0,0,34180,2,4,2,4,255,0,4,15,0,0,1,0,0,0,0,0,0,0,6,0,0,13500,43735963
2026-09-25T07:10:24.711Z,63523359000000,0x051C,0x0104,1,2,63,13516,13516,0,-44004,-44015,422902,43736464,1,0,0,0,3,4,0,0,0,15,15,0,1,422902,2,1,10000,10000,0,0,0,0,5,0,0,0,0,6,0x5AA5,13516,1126,0,0,34180,2,4,2,4,255,0,4,15,0,0,1,0,0,0,0,0,0,0,6,0,0,13500,43736464
2026-09-25T07:10:25.228Z,63523875000000,0x051C,0x0104,1,2,63,15769,15769,0,-44007,-44017,422907,43736965,1,0,0,0,3,4,0,0,0,15,15,0,1,422907,2,1,10000,10000,0,0,0,0,5,0,0,0,0,6,0x5AA5,15769,4505,0,0,34180,2,4,2,4,255,0,4,15,0,0,1,0,0,0,0,0,0,0,6,0,0,15700,43736965
2026-09-25T07:10:25.703Z,63524343000000,0x051C,0x0104,1,2,63,11263,11263,0,-43996,-44013,422912,43737466,1,0,0,0,3,4,0,0,0,15,15,0,1,422912,2,1,10000,10000,0,0,0,0,5,0,0,0,0,6,0x5AA5,11263,-7884,0,0,34181,2,4,2,2,255,0,2,15,0,0,1,0,0,0,0,0,0,0,6,0,0,11200,43737466
2026-09-25T07:10:26.235Z,63524875000000,0x051C,0x0104,1,2,63,10137,10137,0,-44010,-44012,422917,43737966,1,0,0,0,3,4,0,0,0,15,15,0,1,422917,2,1,10000,10000,0,0,0,0,5,0,0,0,0,6,0x5AA5,10137,7884,0,0,34182,2,4,2,4,255,0,4,15,0,0,1,0,0,0,0,0,0,0,6,0,0,10100,43737966
2026-09-25T07:10:26.710Z,63525359000000,0x051C,0x0104,1,2,63,12390,12390,0,-44023,-44014,422922,43738467,1,0,0,0,3,4,0,0,0,15,15,0,1,422922,2,1,10000,10000,0,0,0,0,5,0,0,0,0,6,0x5AA5,12390,22527,0,0,34182,2,4,2,4,255,0,4,15,0,0,1,0,0,0,0,0,0,0,6,0,0,12300,43738467
2026-09-25T07:10:27.227Z,63525875000000,0x051C,0x0104,1,2,63,15769,15769,0,-44010,-44017,422927,43738968,1,0,0,0,3,4,0,0,0,15,15,0,1,422927,2,1,10000,10000,0,0,0,0,5,0,0,0,0,6,0x5AA5,15769,7884,0,0,34182,2,4,2,4,255,0,4,15,0,0,1,0,0,0,0,0,0,0,6,0,0,15700,43738968
2026-09-25T07:10:27.701Z,63526343000000,0x051C,0x0104,1,2,63,6758,6758,0,-43999,-44009,422932,43739469,1,0,0,0,3,4,0,0,0,15,15,0,1,422932,2,1,10000,10000,0,0,0,0,5,0,0,0,0,6,0x5AA5,6758,-4505,0,0,34183,2,4,2,2,255,0,2,15,0,0,1,0,0,0,0,0,0,0,6,0,0,6700,43739469
2026-09-25T07:10:28.235Z,63526875000000,0x051C,0x0104,1,2,63,3379,3379,0,-44021,-44006,422937,43739970,1,0,0,0,3,4,0,0,0,15,15,0,1,422937,2,1,10000,10000,0,0,0,0,5,0,0,0,0,6,0x5AA5,3379,20274,0,0,34186,2,4,2,4,255,0,4,15,0,0,1,0,0,0,0,0,0,0,6,0,0,3300,43739970
2026-09-25T07:10:28.709Z,63527359000000,0x051C,0x0104,1,2,63,3379,3379,0,-43995,-44006,422942,43740471,1,0,0,0,3,4,0,0,0,15,15,0,1,422942,2,1,10000,10000,0,0,0,0,5,0,0,0,0,6,0x5AA5,3379,-9011,0,0,34187,2,4,2,2,255,0,2,15,0,0,1,0,0,0,0,0,0,0,6,0,0,3300,43740471
2026-09-25T07:10:29.227Z,63527875000000,0x051C,0x0104,1,2,63,3379,3379,0,-43992,-44006,422947,43740972,1,0,0,0,3,4,0,0,0,15,15,0,1,422947,2,1,10000,10000,0,0,0,0,5,0,0,0,0,6,0x5AA5,3379,-12390,0,0,34191,2,4,2,2,255,0,2,15,0,0,1,0,0,0,0,0,0,0,6,0,0,3300,43740972
2026-09-25T07:10:29.702Z,63528343000000,0x051C,0x0104,1,2,63,-1126,-1126,0,-44008,-44002,422952,43741473,1,0,0,0,3,4,0,0,0,15,15,0,1,422952,2,1,10000,10000,0,0,0,0,5,0,0,0,0,6,0x5AA5,-1126,5632,0,0,34192,2,2,2,4,255,0,4,15,0,0,1,0,0,0,0,0,0,0,6,0,0,-1100,43741473
2026-09-25T07:10:30.235Z,63528875000000,0x051C,0x0104,1,2,63,5632,5632,0,-44005,-44008,422957,43741973,1,0,0,0,3,4,0,0,0,15,15,0,1,422957,2,1,10000,10000,0,0,0,0,5,0,0,0,0,6,0x5AA5,5632,2253,0,0,34194,2,4,2,4,255,0,4,15,0,0,1,0,0,0,0,0,0,0,6,0,0,5600,43741973
2026-09-25T07:10:30.710Z,63529359000000,0x051C,0x0104,1,2,63,2253,2253,0,-44016,-44005,422962,43742474,1,0,0,0,3,4,0,0,0,15,15,0,1,422962,2,1,10000,10000,0,0,0,0,5,0,0,0,0,6,0x5AA5,2253,14642,0,0,34196,2,4,2,4,255,0,4,15,0,0,1,0,0,0,0,0,0,0,6,0,0,2200,43742474
2026-09-25T07:10:31.226Z,63529875000000,0x051C,0x0104,1,2,63,7884,7884,0,-44010,-44010,422967,43742975,1,0,0,0,3,4,0,0,0,15,15,0,1,422967,2,1,10000,10000,0,0,0,0,5,0,0,0,0,6,0x5AA5,7884,7884,0,0,34196,2,4,2,4,255,0,4,15,0,0,1,0,0,0,0,0,0,0,6,0,0,7800,43742975
2026-09-25T07:10:31.701Z,63530343000000,0x051C,0x0104,1,2,63,4505,4505,0,-43996,-44007,422972,43743476,1,0,0,0,3,4,0,0,0,15,15,0,1,422972,2,1,10000,10000,0,0,0,0,5,0,0,0,0,6,0x5AA5,4505,-7884,0,0,34197,2,4,2,2,255,0,2,15,0,0,1,0,0,0,0,0,0,0,6,0,0,4500,43743476
2026-09-25T07:10:32.234Z,63530875000000,0x051C,0x0104,1,2,63,2253,2253,0,-44015,-44005,422977,43743977,1,0,0,0,3,4,0,0,0,15,15,0,1,422977,2,1,10000,10000,0,0,0,0,5,0,0,0,0,6,0x5AA5,2253,13516,0,0,34198,2,4,2,4,255,0,4,15,0,0,1,0,0,0,0,0,0,0,6,0,0,2200,43743977
2026-09-25T07:10:32.708Z,63531359000000,0x051C,0x0104,1,2,63,1126,1126,0,-44011,-44004,422982,43744477,1,0,0,0,3,4,0,0,0,15,15,0,1,422982,2,1,10000,10000,0,0,0,0,5,0,0,0,0,6,0x5AA5,1126,9011,0,0,34200,2,4,2,4,255,0,4,15,0,0,1,0,0,0,0,0,0,0,6,0,0,1100,43744477
2026-09-25T07:10:33.224Z,63531875000000,0x051C,0x0104,1,2,63,1126,1126,0,-44009,-44004,422987,43744978,1,0,0,0,3,4,0,0,0,15,15,0,1,422987,2,1,10000,10000,0,0,0,0,5,0,0,0,0,6,0x5AA5,1126,6758,0,0,34202,2,4,2,4,255,0,4,15,0,0,1,0,0,0,0,0,0,0,6,0,0,1100,43744978
2026-09-25T07:10:33.698Z,63532343000000,0x051C,0x0104,1,2,63,0,0,0,-44013,-44003,422992,43745479,1,0,0,0,3,4,0,0,0,15,15,0,1,422992,2,1,10000,10000,0,0,0,0,5,0,0,0,0,6,0x5AA5,0,11263,0,0,34204,2,3,2,4,255,0,4,15,0,0,1,0,0,0,0,0,0,0,6,0,0,0,43745479
2026-09-25T07:10:34.235Z,63532875000000,0x051C,0x0104,1,2,63,7884,7884,0,-44009,-44010,422997,43745980,1,0,0,0,3,4,0,0,0,15,15,0,1,422997,2,1,10000,10000,0,0,0,0,5,0,0,0,0,6,0x5AA5,7884,6758,0,0,34204,2,4,2,4,255,0,4,15,0,0,1,0,0,0,0,0,0,0,6,0,0,7800,43745980
2026-09-25T07:10:34.710Z,63533359000000,0x051C,0x0104,1,2,63,5632,5632,0,-44016,-44008,423002,43746481,1,0,0,0,3,4,0,0,0,15,15,0,1,423002,2,1,10000,10000,0,0,0,0,5,0,0,0,0,6,0x5AA5,5632,14642,0,0,34206,2,4,2,4,255,0,4,15,0,0,1,0,0,0,0,0,0,0,6,0,0,5600,43746481
2026-09-25T07:10:35.230Z,63533875000000,0x051C,0x0104,1,2,63,7884,7884,0,-44001,-44010,423007,43746982,1,0,0,0,3,4,0,0,0,15,15,0,1,423007,2,1,10000,10000,0,0,0,0,5,0,0,0,0,6,0x5AA5,7884,-2253,0,0,34209,2,4,2,2,255,0,2,15,0,0,1,0,0,0,0,0,0,0,6,0,0,7800,43746982
2026-09-25T07:10:35.704Z,63534343000000,0x051C,0x0104,1,2,63,6758,6758,0,-44004,-44009,423012,43747482,1,0,0,0,3,4,0,0,0,15,15,0,1,423012,2,1,10000,10000,0,0,0,0,5,0,0,0,0,6,0x5AA5,6758,1126,0,0,34212,2,4,2,4,255,0,4,15,0,0,1,0,0,0,0,0,0,0,6,0,0,6700,43747482
2026-09-25T07:10:36.237Z,63534875000000,0x051C,0x0104,1,2,63,3379,3379,0,-44000,-44006,423017,43747983,1,0,0,0,3,4,0,0,0,15,15,0,1,423017,2,1,10000,10000,0,0,0,0,5,0,0,0,0,6,0x5AA5,3379,-3379,0,0,34215,2,4,2,2,255,0,2,15,0,0,1,0,0,0,0,0,0,0,6,0,0,3300,43747983
2026-09-25T07:10:36.712Z,63535359000000,0x051C,0x0104,1,2,63,5632,5632,0,-44013,-44008,423022,43748484,1,0,0,0,3,4,0,0,0,15,15,0,1,423022,2,1,10000,10000,0,0,0,0,5,0,0,0,0,6,0x5AA5,5632,11263,0,0,34218,2,4,2,4,255,0,4,15,0,0,1,0,0,0,0,0,0,0,6,0,0,5600,43748484
2026-09-25T07:10:37.230Z,63535875000000,0x051C,0x0104,1,2,63,7884,7884,0,-44001,-44010,423027,43748985,1,0,0,0,3,4,0,0,0,15,15,0,1,423027,2,1,10000,10000,0,0,0,0,5,0,0,0,0,6,0x5AA5,7884,-2253,0,0,34219,2,4,2,2,255,0,2,15,0,0,1,0,0,0,0,0,0,0,6,0,0,7800,43748985
2026-09-25T07:10:37.707Z,63536359000000,0x051C,0x0104,1,2,63,5632,5632,0,-43995,-44008,423032,43749486,1,0,0,0,3,4,0,0,0,15,15,0,1,423032,2,1,10000,10000,0,0,0,0,5,0,0,0,0,6,0x5AA5,5632,-9011,0,0,34221,2,4,2,2,255,0,2,15,0,0,1,0,0,0,0,0,0,0,6,0,0,5600,43749486
2026-09-25T07:10:38.228Z,63536875000000,0x051C,0x0104,1,2,63,3379,3379,0,-44017,-44006,423036,43749990,1,0,0,0,3,4,0,0,0,15,15,0,1,423037,2,1,10000,10000,0,0,0,0,5,0,0,0,0,6,0x5AA5,2253,-11263,0,0,34223,2,4,2,2,255,0,2,15,0,0,1,0,0,0,0,0,0,0,6,0,0,2200,43749886
2026-09-25T07:10:38.707Z,63537359000000,0x051C,0x0104,1,2,63,3379,3379,0,-43999,-44006,423042,43750487,1,0,0,0,3,4,0,0,0,15,15,0,1,423042,2,1,10000,10000,0,0,0,0,5,0,0,0,0,6,0x5AA5,3379,-4505,0,0,34227,2,4,2,2,255,0,2,15,0,0,1,0,0,0,0,0,0,0,6,0,0,3300,43750487
2026-09-25T07:10:39.227Z,63537875000000,0x051C,0x0104,1,2,63,3379,3379,0,-44009,-44006,423046,43750990,1,0,0,0,3,4,0,0,0,15,15,0,1,423047,2,1,10000,10000,0,0,0,0,5,0,0,0,0,6,0x5AA5,3379,-14642,0,0,34229,2,4,2,2,255,0,2,15,0,0,1,0,0,0,0,0,0,0,6,0,0,3300,43750888
2026-09-25T07:10:39.704Z,63538343000000,0x051C,0x0104,1,2,63,4505,4505,0,-44018,-44007,423051,43751493,1,0,0,0,3,4,0,0,0,15,15,0,1,423052,2,1,10000,10000,0,0,0,0,5,0,0,0,0,6,0x5AA5,3379,6758,0,0,34230,2,4,2,4,255,0,4,15,0,0,1,0,0,0,0,0,0,0,6,0,0,3300,43751389
2026-09-25T07:10:40.237Z,63538875000000,0x051C,0x0104,1,2,63,12390,12390,0,-44008,-44014,423057,43751990,1,0,0,0,3,4,0,0,0,15,15,0,1,423057,2,1,10000,10000,0,0,0,0,5,0,0,0,0,6,0x5AA5,12390,5632,0,0,34230,2,4,2,4,255,0,4,15,0,0,1,0,0,0,0,0,0,0,6,0,0,12300,43751990
2026-09-25T07:10:40.710Z,63539359000000,0x051C,0x0104,1,2,63,4505,4505,0,-43994,-44007,423062,43752491,1,0,0,0,3,4,0,0,0,15,15,0,1,423062,2,1,10000,10000,0,0,0,0,5,0,0,0,0,6,0x5AA5,4505,-10137,0,0,34233,2,4,2,2,255,0,2,15,0,0,1,0,0,0,0,0,0,0,6,0,0,4500,43752491
2026-09-25T07:10:41.233Z,63539875000000,0x051C,0x0104,1,2,63,2253,2253,0,-44008,-44005,423066,43752994,1,0,0,0,3,4,0,0,0,15,15,0,1,423067,2,1,10000,10000,0,0,0,0,5,0,0,0,0,6,0x5AA5,1126,6758,0,0,34234,2,4,2,4,255,0,4,15,0,0,1,0,0,0,0,0,0,0,6,0,0,1100,43752891
2026-09-25T07:10:41.711Z,63540359000000,0x051C,0x0104,1,2,63,5632,5632,0,-44014,-44008,423072,43753493,1,0,0,0,3,4,0,0,0,15,15,0,1,423072,2,1,10000,10000,0,0,0,0,5,0,0,0,0,6,0x5AA5,5632,12390,0,0,34234,2,4,2,4,255,0,4,15,0,0,1,0,0,0,0,0,0,0,6,0,0,5600,43753493
2026-09-25T07:10:42.234Z,63540875000000,0x051C,0x0104,1,2,63,5632,5632,0,-44013,-44008,423076,43753994,1,0,0,0,3,4,0,0,0,15,15,0,1,423077,2,1,10000,10000,0,0,0,0,5,0,0,0,0,6,0x5AA5,4505,11263,0,0,34236,2,4,2,4,255,0,4,15,0,0,1,0,0,0,0,0,0,0,6,0,0,4500,43753893
2026-09-25T07:10:42.710Z,63541359000000,0x051C,0x0104,1,2,63,6758,6758,0,-43996,-44009,423082,43754494,1,0,0,0,3,4,0,0,0,15,15,0,1,423082,2,1,10000,10000,0,0,0,0,5,0,0,0,0,6,0x5AA5,6758,-7884,0,0,34237,2,4,2,2,255,0,2,15,0,0,1,0,0,0,0,0,0,0,6,0,0,6700,43754494
2026-09-25T07:10:43.226Z,63541875000000,0x051C,0x0104,1,2,63,3379,3379,0,-44019,-44006,423086,43754995,1,0,0,0,3,4,0,0,0,15,15,0,1,423087,2,1,10000,10000,0,0,0,0,5,0,0,0,0,6,0x5AA5,2253,7884,0,0,34238,2,4,2,4,255,0,4,15,0,0,1,0,0,0,0,0,0,0,6,0,0,2200,43754895
2026-09-25T07:10:43.700Z,63542343000000,0x051C,0x0104,1,2,63,5632,5632,0,-44006,-44008,423091,43755496,1,0,0,0,3,4,0,0,0,15,15,0,1,423092,2,1,10000,10000,0,0,0,0,5,0,0,0,0,6,0x5AA5,6758,-9011,0,0,34239,2,4,2,2,255,0,2,15,0,0,1,0,0,0,0,0,0,0,6,0,0,6700,43755396
2026-09-25T07:10:44.237Z,63542875000000,0x051C,0x0104,1,2,63,5632,5632,0,-44011,-44008,423096,43755998,1,0,0,0,3,4,0,0,0,15,15,0,1,423097,2,1,10000,10000,0,0,0,0,5,0,0,0,0,6,0x5AA5,4505,-6758,0,0,34243,2,4,2,2,255,0,2,15,0,0,1,0,0,0,0,0,0,0,6,0,0,4500,43755896
2026-09-25T07:10:44.716Z,63543359000000,0x051C,0x0104,1,2,63,9011,9011,0,-44010,-44011,423102,43756497,1,0,0,0,3,4,0,0,0,15,15,0,1,423102,2,1,10000,10000,0,0,0,0,5,0,0,0,0,6,0x5AA5,9011,7884,0,0,34244,2,4,2,4,255,0,4,15,0,0,1,0,0,0,0,0,0,0,6,0,0,9000,43756497
2026-09-25T07:10:45.236Z,63543875000000,0x051C,0x0104,1,2,63,10137,10137,0,-44004,-44012,423106,43756999,1,0,0,0,3,4,0,0,0,15,15,0,1,423107,2,1,10000,10000,0,0,0,0,5,0,0,0,0,6,0x5AA5,11263,3379,0,0,34244,2,4,2,4,255,0,4,15,0,0,1,0,0,0,0,0,0,0,6,0,0,11200,43756898
2026-09-25T07:10:45.714Z,63544359000000,0x051C,0x0104,1,2,63,4505,4505,0,-44000,-44007,423111,43757503,1,0,0,0,3,4,0,0,0,15,15,0,1,423112,2,1,10000,10000,0,0,0,0,5,0,0,0,0,6,0x5AA5,5632,-2253,0,0,34245,2,4,2,2,255,0,2,15,0,0,1,0,0,0,0,0,0,0,6,0,0,5600,43757399
2026-09-25T07:10:46.235Z,63544875000000,0x051C,0x0104,1,2,63,2253,2253,0,-44002,-44005,423116,43758000,1,0,0,0,3,4,0,0,0,15,15,0,1,423117,2,1,10000,10000,0,0,0,0,5,0,0,0,0,6,0x5AA5,2253,-10137,0,0,34247,2,4,2,2,255,0,2,15,0,0,1,0,0,0,0,0,0,0,6,0,0,2200,43757900
2026-09-25T07:10:46.713Z,63545359000000,0x051C,0x0104,1,2,63,6758,6758,0,-44007,-44009,423121,43758501,1,0,0,0,3,4,0,0,0,15,15,0,1,423122,2,1,10000,10000,0,0,0,0,5,0,0,0,0,6,0x5AA5,6758,33790,0,0,34248,2,4,2,4,255,0,4,15,0,0,1,0,0,0,0,0,0,0,6,0,0,6700,43758401
2026-09-25T07:10:47.228Z,63545875000000,0x051C,0x0104,1,2,63,6758,6758,0,-44006,-44009,423126,43759002,1,0,0,0,3,4,0,0,0,15,15,0,1,423127,2,1,10000,10000,0,0,0,0,5,0,0,0,0,6,0x5AA5,6758,-4505,0,0,34251,2,4,2,2,255,0,2,15,0,0,1,0,0,0,0,0,0,0,6,0,0,6700,43758901
2026-09-25T07:10:47.703Z,63546343000000,0x051C,0x0104,1,2,63,11263,11263,0,-44011,-44013,423131,43759502,1,0,0,0,3,4,0,0,0,15,15,0,1,423132,2,1,10000,10000,0,0,0,0,5,0,0,0,0,6,0x5AA5,9011,31537,0,0,34252,2,4,2,4,255,0,4,15,0,0,1,0,0,0,0,0,0,0,6,0,0,9000,43759402
2026-09-25T07:10:48.237Z,63546875000000,0x051C,0x0104,1,2,63,11263,11263,0,-44011,-44013,423136,43760003,1,0,0,0,3,4,0,0,0,15,15,0,1,423137,2,1,10000,10000,0,0,0,0,5,0,0,0,0,6,0x5AA5,11263,6758,0,0,34254,2,4,2,4,255,0,4,15,0,0,1,0,0,0,0,0,0,0,6,0,0,11200,43759903
2026-09-25T07:10:48.716Z,63547359000000,0x051C,0x0104,1,2,63,11263,11263,0,-44010,-44013,423141,43760504,1,0,0,0,3,4,0,0,0,15,15,0,1,423142,2,1,10000,10000,0,0,0,0,5,0,0,0,0,6,0x5AA5,11263,5632,0,0,34254,2,4,2,4,255,0,4,15,0,0,1,0,0,0,0,0,0,0,6,0,0,11200,43760404
2026-09-25T07:10:49.233Z,63547875000000,0x051C,0x0104,1,2,63,11263,11263,0,-44011,-44013,423146,43761005,1,0,0,0,3,4,0,0,0,15,15,0,1,423147,2,1,10000,10000,0,0,0,0,5,0,0,0,0,6,0x5AA5,11263,5632,0,0,34254,2,4,2,4,255,0,4,15,0,0,1,0,0,0,0,0,0,0,6,0,0,11200,43760905
2026-09-25T07:10:49.707Z,63548359000000,0x051C,0x0104,1,2,63,15769,15769,0,-44030,-44017,423151,43761506,1,0,0,0,3,4,0,0,0,15,15,0,1,423152,2,1,10000,10000,0,0,0,0,5,0,0,0,0,6,0x5AA5,13516,24779,0,0,34254,2,4,2,4,255,0,4,15,0,0,1,0,0,0,0,0,0,0,6,0,0,13500,43761405
2026-09-25T07:10:50.228Z,63548875000000,0x051C,0x0104,1,2,63,14642,14642,0,-44015,-44016,423156,43761906,1,0,0,0,3,4,0,0,0,15,15,0,1,423156,2,1,10000,10000,0,0,0,0,5,0,0,0,0,6,0x5AA5,14642,13516,0,0,34254,2,4,2,4,255,0,4,15,0,0,1,0,0,0,0,0,0,0,6,0,0,14600,43761906
2026-09-25T07:10:50.707Z,63549359000000,0x051C,0x0104,1,2,63,12390,12390,0,-44007,-44014,423161,43762507,1,0,0,0,3,4,0,0,0,15,15,0,1,423162,2,1,10000,10000,0,0,0,0,5,0,0,0,0,6,0x5AA5,13516,7884,0,0,34254,2,4,2,4,255,0,4,15,0,0,1,0,0,0,0,0,0,0,6,0,0,13500,43762407
2026-09-25T07:10:51.224Z,63549875000000,0x051C,0x0104,1,2,63,14642,14642,0,-44021,-44016,423166,43762908,1,0,0,0,3,4,0,0,0,15,15,0,1,423166,2,1,10000,10000,0,0,0,0,5,0,0,0,0,6,0x5AA5,14642,20274,0,0,34254,2,4,2,4,255,0,4,15,0,0,1,0,0,0,0,0,0,0,6,0,0,14600,43762908
2026-09-25T07:10:51.698Z,63550343000000,0x051C,0x0104,1,2,63,14642,14642,0,-44026,-44016,423171,43763409,1,0,0,0,3,4,0,0,0,15,15,0,1,423171,2,1,10000,10000,0,0,0,0,5,0,0,0,0,6,0x5AA5,14642,25906,0,0,34254,2,4,2,4,255,0,4,15,0,0,1,0,0,0,0,0,0,0,6,0,0,14600,43763409
2026-09-25T07:10:52.235Z,63550875000000,0x051C,0x0104,1,2,63,13516,13516,0,-44010,-44015,423176,43764010,1,0,0,0,3,4,0,0,0,15,15,0,1,423177,2,1,10000,10000,0,0,0,0,5,0,0,0,0,6,0x5AA5,14642,1126,0,0,34254,2,4,2,4,255,0,4,15,0,0,1,0,0,0,0,0,0,0,6,0,0,14600,43763909
2026-09-25T07:10:52.711Z,63551359000000,0x051C,0x0104,1,2,63,16895,16895,0,-44023,-44018,423181,43764510,1,0,0,0,3,4,0,0,0,15,15,0,1,423182,2,1,10000,10000,0,0,0,0,5,0,0,0,0,6,0x5AA5,16895,18021,0,0,34254,2,4,2,4,255,0,4,15,0,0,1,0,0,0,0,0,0,0,6,0,0,16800,43764410
2026-09-25T07:10:53.228Z,63551875000000,0x051C,0x0104,1,2,63,16895,16895,0,-44031,-44018,423186,43764911,1,0,0,0,3,4,0,0,0,15,15,0,1,423186,2,1,10000,10000,0,0,0,0,5,0,0,0,0,6,0x5AA5,16895,31537,0,0,34254,2,4,2,4,255,0,4,15,0,0,1,0,0,0,0,0,0,0,6,0,0,16800,43764911
2026-09-25T07:10:53.702Z,63552343000000,0x051C,0x0104,1,2,63,18021,18021,0,-44011,-44019,423191,43765413,1,0,0,0,3,4,0,0,0,15,15,0,1,423191,2,1,10000,10000,0,0,0,0,5,0,0,0,0,6,0x5AA5,18021,9011,0,0,34254,2,4,2,4,255,0,4,15,0,0,1,0,0,0,0,0,0,0,6,0,0,18000,43765413
2026-09-25T07:10:54.236Z,63552875000000,0x051C,0x0104,1,2,63,22527,22527,0,-44012,-44023,423196,43766013,1,0,0,0,3,4,0,0,0,15,15,0,1,423197,2,1,10000,10000,0,0,0,0,5,0,0,0,0,6,0x5AA5,21400,30411,0,0,34254,2,4,2,4,255,0,4,15,0,0,1,0,0,0,0,0,0,0,6,0,0,21400,43765913
2026-09-25T07:10:54.713Z,63553359000000,0x051C,0x0104,1,2,63,14642,14642,0,-44025,-44016,423201,43766514,1,0,0,0,3,4,0,0,0,15,15,0,1,423202,2,1,10000,10000,0,0,0,0,5,0,0,0,0,6,0x5AA5,15769,3379,0,0,34254,2,4,2,4,255,0,4,15,0,0,1,0,0,0,0,0,0,0,6,0,0,15700,43766414
2026-09-25T07:10:55.238Z,63553890000000,0x051C,0x0104,1,2,63,13516,13516,0,-44008,-44015,423206,43766914,1,0,0,0,3,4,0,0,0,15,15,0,1,423206,2,1,10000,10000,0,0,0,0,5,0,0,0,0,6,0x5AA5,13516,5632,0,0,34254,2,4,2,4,255,0,4,15,0,0,1,0,0,0,0,0,0,0,6,0,0,13500,43766914
2026-09-25T07:10:55.697Z,63554343000000,0x051C,0x0104,1,2,63,14642,14642,0,-44035,-44016,423211,43767415,1,0,0,0,3,4,0,0,0,15,15,0,1,423211,2,1,10000,10000,0,0,0,0,5,0,0,0,0,6,0x5AA5,14642,36043,0,0,34256,2,4,2,4,255,0,4,15,0,0,1,0,0,0,0,0,0,0,6,0,0,14600,43767415
2026-09-25T07:10:56.230Z,63554875000000,0x051C,0x0104,1,2,63,16895,16895,0,-44001,-44018,423216,43767916,1,0,0,0,3,4,0,0,0,15,15,0,1,423216,2,1,10000,10000,0,0,0,0,5,0,0,0,0,6,0x5AA5,16895,-2253,0,0,34257,2,4,2,2,255,0,2,15,0,0,1,0,0,0,0,0,0,0,6,0,0,16800,43767916
2026-09-25T07:10:56.703Z,63555343000000,0x051C,0x0104,1,2,63,14642,14642,0,-44012,-44016,423221,43768417,1,0,0,0,3,4,0,0,0,15,15,0,1,423221,2,1,10000,10000,0,0,0,0,5,0,0,0,0,6,0x5AA5,14642,10137,0,0,34258,2,4,2,4,255,0,4,15,0,0,1,0,0,0,0,0,0,0,6,0,0,14600,43768417
2026-09-25T07:10:57.242Z,63555890000000,0x051C,0x0104,1,2,63,12390,12390,0,-44018,-44014,423226,43768918,1,0,0,0,3,4,0,0,0,15,15,0,1,423226,2,1,10000,10000,0,0,0,0,5,0,0,0,0,6,0x5AA5,12390,16895,0,0,34258,2,4,2,4,255,0,4,15,0,0,1,0,0,0,0,0,0,0,6,0,0,12300,43768918
2026-09-25T07:10:57.702Z,63556343000000,0x051C,0x0104,1,2,63,9011,9011,0,-44004,-44011,423231,43769419,1,0,0,0,3,4,0,0,0,15,15,0,1,423231,2,1,10000,10000,0,0,0,0,5,0,0,0,0,6,0x5AA5,9011,1126,0,0,34260,2,4,2,4,255,0,4,15,0,0,1,0,0,0,0,0,0,0,6,0,0,9000,43769419
2026-09-25T07:10:58.234Z,63556875000000,0x051C,0x0104,1,2,63,11263,11263,0,-44023,-44013,423236,43769920,1,0,0,0,3,4,0,0,0,15,15,0,1,423236,2,1,10000,10000,0,0,0,0,5,0,0,0,0,6,0x5AA5,11263,22527,0,0,34260,2,4,2,4,255,0,4,15,0,0,1,0,0,0,0,0,0,0,6,0,0,11200,43769920
2026-09-25T07:10:58.709Z,63557359000000,0x051C,0x0104,1,2,63,11263,11263,0,-44008,-44013,423241,43770420,1,0,0,0,3,4,0,0,0,15,15,0,1,423241,2,1,10000,10000,0,0,0,0,5,0,0,0,0,6,0x5AA5,11263,5632,0,0,34260,2,4,2,4,255,0,4,15,0,0,1,0,0,0,0,0,0,0,6,0,0,11200,43770420
2026-09-25T07:10:59.225Z,63557875000000,0x051C,0x0104,1,2,63,9011,9011,0,-44022,-44011,423246,43770921,1,0,0,0,3,4,0,0,0,15,15,0,1,423246,2,1,10000,10000,0,0,0,0,5,0,0,0,0,6,0x5AA5,9011,21400,0,0,34262,2,4,2,4,255,0,4,15,0,0,1,0,0,0,0,0,0,0,6,0,0,9000,43770921
2026-09-25T07:10:59.700Z,63558343000000,0x051C,0x0104,1,2,63,13516,13516,0,-44012,-44015,423251,43771422,1,0,0,0,3,4,0,0,0,15,15,0,1,423251,2,1,10000,10000,0,0,0,0,5,0,0,0,0,6,0x5AA5,13516,10137,0,0,34264,2,4,2,4,255,0,4,15,0,0,1,0,0,0,0,0,0,0,6,0,0,13500,43771422
2026-09-25T07:11:00.234Z,63558875000000,0x051C,0x0104,1,2,63,13516,13516,0,-44014,-44015,423256,43771923,1,0,0,0,3,4,0,0,0,15,15,0,1,423256,2,1,10000,10000,0,0,0,0,5,0,0,0,0,6,0x5AA5,13516,12390,0,0,34264,2,4,2,4,255,0,4,15,0,0,1,0,0,0,0,0,0,0,6,0,0,13500,43771923
2026-09-25T07:11:00.709Z,63559359000000,0x051C,0x0104,1,2,63,16895,16895,0,-44004,-44018,423261,43772424,1,0,0,0,3,4,0,0,0,15,15,0,1,423261,2,1,10000,10000,0,0,0,0,5,0,0,0,0,6,0x5AA5,16895,1126,0,0,34264,2,4,2,4,255,0,4,15,0,0,1,0,0,0,0,0,0,0,6,0,0,16800,43772424
2026-09-25T07:11:01.229Z,63559875000000,0x051C,0x0104,1,2,63,13516,13516,0,-44019,-44015,423266,43772925,1,0,0,0,3,4,0,0,0,15,15,0,1,423266,2,1,10000,10000,0,0,0,0,5,0,0,0,0,6,0x5AA5,13516,18021,0,0,34264,2,4,2,4,255,0,4,15,0,0,1,0,0,0,0,0,0,0,6,0,0,13500,43772925
2026-09-25T07:11:01.706Z,63560343000000,0x051C,0x0104,1,2,63,15769,15769,0,-44032,-44017,423271,43773426,1,0,0,0,3,4,0,0,0,15,15,0,1,423271,2,1,10000,10000,0,0,0,0,5,0,0,0,0,6,0x5AA5,15769,32664,0,0,34264,2,4,2,4,255,0,4,15,0,0,1,0,0,0,0,0,0,0,6,0,0,15700,43773426
2026-09-25T07:11:02.238Z,63560890000000,0x051C,0x0104,1,2,63,18021,18021,0,-44010,-44019,423276,43773926,1,0,0,0,3,4,0,0,0,15,15,0,1,423276,2,1,10000,10000,0,0,0,0,5,0,0,0,0,6,0x5AA5,18021,7884,0,0,34264,2,4,2,4,255,0,4,15,0,0,1,0,0,0,0,0,0,0,6,0,0,18000,43773926
2026-09-25T07:11:02.714Z,63561359000000,0x051C,0x0104,1,2,63,12390,12390,0,-44011,-44014,423281,43774427,1,0,0,0,3,4,0,0,0,15,15,0,1,423281,2,1,10000,10000,0,0,0,0,5,0,0,0,0,6,0x5AA5,12390,9011,0,0,34264,2,4,2,4,255,0,4,15,0,0,1,0,0,0,0,0,0,0,6,0,0,12300,43774427
2026-09-25T07:11:03.251Z,63561890000000,0x051C,0x0104,1,2,63,16895,16895,0,-44020,-44018,423286,43775028,1,0,0,0,3,4,0,0,0,15,15,0,1,423287,2,1,10000,10000,0,0,0,0,5,0,0,0,0,6,0x5AA5,16895,2253,0,0,34264,2,4,2,4,255,0,4,15,0,0,1,0,0,0,0,0,0,0,6,0,0,16800,43774928
2026-09-25T07:11:03.727Z,63562375000000,0x051C,0x0104,1,2,63,19148,19148,0,-44022,-44020,423291,43775529,1,0,0,0,3,4,0,0,0,15,15,0,1,423292,2,1,10000,10000,0,0,0,0,5,0,0,0,0,6,0x5AA5,20274,12390,0,0,34264,2,4,2,4,255,0,4,15,0,0,1,0,0,0,0,0,0,0,6,0,0,20200,43775429
2026-09-25T07:11:04.245Z,63562890000000,0x051C,0x0104,1,2,63,19148,19148,0,-44021,-44020,423296,43775930,1,0,0,0,3,4,0,0,0,15,15,0,1,423296,2,1,10000,10000,0,0,0,0,5,0,0,0,0,6,0x5AA5,19148,20274,0,0,34264,2,4,2,4,255,0,4,15,0,0,1,0,0,0,0,0,0,0,6,0,0,19100,43775930
2026-09-25T07:11:04.726Z,63563375000000,0x051C,0x0104,1,2,63,15769,15769,0,-44014,-44017,423301,43776430,1,0,0,0,3,4,0,0,0,15,15,0,1,423301,2,1,10000,10000,0,0,0,0,5,0,0,0,0,6,0x5AA5,15769,12390,0,0,34264,2,4,2,4,255,0,4,15,0,0,1,0,0,0,0,0,0,0,6,0,0,15700,43776430
2026-09-25T07:11:05.241Z,63563890000000,0x051C,0x0104,1,2,63,15769,15769,0,-44040,-44017,423306,43776931,1,0,0,0,3,4,0,0,0,15,15,0,1,423306,2,1,10000,10000,0,0,0,0,5,0,0,0,0,6,0x5AA5,15769,41674,0,0,34264,2,4,2,4,255,0,4,15,0,0,1,0,0,0,0,0,0,0,6,0,0,15700,43776931
2026-09-25T07:11:05.719Z,63564359000000,0x051C,0x0104,1,2,63,18021,18021,0,-43994,-44019,423311,43777433,1,0,0,0,3,4,0,0,0,15,15,0,1,423311,2,1,10000,10000,0,0,0,0,5,0,0,0,0,6,0x5AA5,18021,-10137,0,0,34265,2,4,2,2,255,0,2,15,0,0,1,0,0,0,0,0,0,0,6,0,0,18000,43777433
2026-09-25T07:11:06.256Z,63564906000000,0x051C,0x0104,1,2,63,10137,10137,0,-44011,-44012,423316,43778033,1,0,0,0,3,4,0,0,0,15,15,0,1,423317,2,1,10000,10000,0,0,0,0,5,0,0,0,0,6,0x5AA5,10137,27032,0,0,34268,2,4,2,4,255,0,4,15,0,0,1,0,0,0,0,0,0,0,6,0,0,10100,43777933
2026-09-25T07:11:06.715Z,63565359000000,0x051C,0x0104,1,2,63,10137,10137,0,-44022,-44012,423321,43778434,1,0,0,0,3,4,0,0,0,15,15,0,1,423321,2,1,10000,10000,0,0,0,0,5,0,0,0,0,6,0x5AA5,10137,21400,0,0,34268,2,4,2,4,255,0,4,15,0,0,1,0,0,0,0,0,0,0,6,0,0,10100,43778434
2026-09-25T07:11:07.251Z,63565890000000,0x051C,0x0104,1,2,63,7884,7884,0,-44017,-44010,423326,43778935,1,0,0,0,3,4,0,0,0,15,15,0,1,423326,2,1,10000,10000,0,0,0,0,5,0,0,0,0,6,0x5AA5,7884,15769,0,0,34270,2,4,2,4,255,0,4,15,0,0,1,0,0,0,0,0,0,0,6,0,0,7800,43778935
2026-09-25T07:11:07.730Z,63566375000000,0x051C,0x0104,1,2,63,10137,10137,0,-44013,-44012,423331,43779435,1,0,0,0,3,4,0,0,0,15,15,0,1,423331,2,1,10000,10000,0,0,0,0,5,0,0,0,0,6,0x5AA5,10137,11263,0,0,34270,2,4,2,4,255,0,4,15,0,0,1,0,0,0,0,0,0,0,6,0,0,10100,43779435
2026-09-25T07:11:08.262Z,63566906000000,0x051C,0x0104,1,2,63,9011,9011,0,-44002,-44011,423336,43780036,1,0,0,0,3,4,0,0,0,15,15,0,1,423337,2,1,10000,10000,0,0,0,0,5,0,0,0,0,6,0x5AA5,11263,-7884,0,0,34271,2,4,2,2,255,0,2,15,0,0,1,0,0,0,0,0,0,0,6,0,0,11200,43779936
2026-09-25T07:11:08.736Z,63567375000000,0x051C,0x0104,1,2,63,9011,9011,0,-44010,-44011,423341,43780537,1,0,0,0,3,4,0,0,0,15,15,0,1,423342,2,1,10000,10000,0,0,0,0,5,0,0,0,0,6,0x5AA5,9011,6758,0,0,34272,2,4,2,4,255,0,4,15,0,0,1,0,0,0,0,0,0,0,6,0,0,9000,43780437
2026-09-25T07:11:09.269Z,63567921000000,0x051C,0x0104,1,2,63,11263,11263,0,-44014,-44013,423346,43781038,1,0,0,0,3,4,0,0,0,15,15,0,1,423347,2,1,10000,10000,0,0,0,0,5,0,0,0,0,6,0x5AA5,11263,11263,0,0,34272,2,4,2,4,255,0,4,15,0,0,1,0,0,0,0,0,0,0,6,0,0,11200,43780938
2026-09-25T07:11:09.728Z,63568375000000,0x051C,0x0104,1,2,63,14642,14642,0,-44031,-44016,423351,43781439,1,0,0,0,3,4,0,0,0,15,15,0,1,423351,2,1,10000,10000,0,0,0,0,5,0,0,0,0,6,0x5AA5,14642,31537,0,0,34272,2,4,2,4,255,0,4,15,0,0,1,0,0,0,0,0,0,0,6,0,0,14600,43781439
2026-09-25T07:11:10.263Z,63568906000000,0x051C,0x0104,1,2,63,13516,13516,0,-44010,-44015,423356,43782040,1,0,0,0,3,4,0,0,0,15,15,0,1,423357,2,1,10000,10000,0,0,0,0,5,0,0,0,0,6,0x5AA5,14642,2253,0,0,34274,2,4,2,4,255,0,4,15,0,0,1,0,0,0,0,0,0,0,6,0,0,14600,43781940
2026-09-25T07:11:10.737Z,63569375000000,0x051C,0x0104,1,2,63,10137,10137,0,-44016,-44012,423361,43782541,1,0,0,0,3,4,0,0,0,15,15,0,1,423362,2,1,10000,10000,0,0,0,0,5,0,0,0,0,6,0x5AA5,10137,10137,0,0,34274,2,4,2,4,255,0,4,15,0,0,1,0,0,0,0,0,0,0,6,0,0,10100,43782441
2026-09-25T07:11:11.271Z,63569921000000,0x051C,0x0104,1,2,63,7884,7884,0,-44000,-44010,423366,43783042,1,0,0,0,3,4,0,0,0,15,15,0,1,423367,2,1,10000,10000,0,0,0,0,5,0,0,0,0,6,0x5AA5,9011,4505,0,0,34274,2,4,2,4,255,0,4,15,0,0,1,0,0,0,0,0,0,0,6,0,0,9000,43782941
2026-09-25T07:11:11.746Z,63570390000000,0x051C,0x0104,1,2,63,2253,2253,0,-44003,-44005,423371,43783542,1,0,0,0,3,4,0,0,0,15,15,0,1,423372,2,1,10000,10000,0,0,0,0,5,0,0,0,0,6,0x5AA5,3379,-5632,0,0,34275,2,4,2,2,255,0,2,15,0,0,1,0,0,0,0,0,0,0,6,0,0,3300,43783442
2026-09-25T07:11:12.282Z,63570921000000,0x051C,0x0104,1,2,63,1126,1126,0,-44006,-44004,423376,43784047,1,0,0,0,3,4,0,0,0,15,15,0,1,423377,2,1,10000,10000,0,0,0,0,5,0,0,0,0,6,0x5AA5,1126,4505,0,0,34276,2,4,2,4,255,0,4,15,0,0,1,0,0,0,0,0,0,0,6,0,0,1100,43783943
2026-09-25T07:11:12.759Z,63571406000000,0x051C,0x0104,1,2,63,1126,1126,0,-43998,-44004,423382,43784544,1,0,0,0,3,4,0,0,0,15,15,0,1,423382,2,1,10000,10000,0,0,0,0,5,0,0,0,0,6,0x5AA5,1126,-5632,0,0,34277,2,4,2,2,255,0,2,15,0,0,1,0,0,0,0,0,0,0,6,0,0,1100,43784544
2026-09-25T07:11:13.275Z,63571921000000,0x051C,0x0104,1,2,63,1126,1126,0,-44000,-44004,423386,43785045,1,0,0,0,3,4,0,0,0,15,15,0,1,423387,2,1,10000,10000,0,0,0,0,5,0,0,0,0,6,0x5AA5,0,4505,0,0,34278,2,3,2,4,255,0,4,15,0,0,1,0,0,0,0,0,0,0,6,0,0,0,43784945
2026-09-25T07:11:13.749Z,63572390000000,0x051C,0x0104,1,2,63,3379,3379,0,-43998,-44006,423391,43785546,1,0,0,0,3,4,0,0,0,15,15,0,1,423392,2,1,10000,10000,0,0,0,0,5,0,0,0,0,6,0x5AA5,4505,-3379,0,0,34281,2,4,2,2,255,0,2,15,0,0,1,0,0,0,0,0,0,0,6,0,0,4500,43785446
2026-09-25T07:11:14.283Z,63572921000000,0x051C,0x0104,1,2,63,3379,3379,0,-44011,-44006,423396,43786049,1,0,0,0,3,4,0,0,0,15,15,0,1,423397,2,1,10000,10000,0,0,0,0,5,0,0,0,0,6,0x5AA5,2253,9011,0,0,34282,2,4,2,4,255,0,4,15,0,0,1,0,0,0,0,0,0,0,6,0,0,2200,43785947
2026-09-25T07:11:14.763Z,63573406000000,0x051C,0x0104,1,2,63,4505,4505,0,-43997,-44007,423401,43786553,1,0,0,0,3,4,0,0,0,15,15,0,1,423402,2,1,10000,10000,0,0,0,0,5,0,0,0,0,6,0x5AA5,4505,6758,0,0,34282,2,4,2,4,255,0,4,15,0,0,1,0,0,0,0,0,0,0,6,0,0,4500,43786448
2026-09-25T07:11:15.277Z,63573921000000,0x051C,0x0104,1,2,63,5632,5632,0,-44006,-44008,423406,43787049,1,0,0,0,3,4,0,0,0,15,15,0,1,423407,2,1,10000,10000,0,0,0,0,5,0,0,0,0,6,0x5AA5,5632,-5632,0,0,34285,2,4,2,2,255,0,2,15,0,0,1,0,0,0,0,0,0,0,6,0,0,5600,43786948
2026-09-25T07:11:15.752Z,63574390000000,0x051C,0x0104,1,2,63,7884,7884,0,-44007,-44010,423411,43787550,1,0,0,0,3,4,0,0,0,15,15,0,1,423412,2,1,10000,10000,0,0,0,0,5,0,0,0,0,6,0x5AA5,9011,2253,0,0,34286,2,4,2,4,255,0,4,15,0,0,1,0,0,0,0,0,0,0,6,0,0,9000,43787449
2026-09-25T07:11:16.291Z,63574937000000,0x051C,0x0104,1,2,63,10137,10137,0,-44011,-44012,423416,43788054,1,0,0,0,3,4,0,0,0,15,15,0,1,423417,2,1,10000,10000,0,0,0,0,5,0,0,0,0,6,0x5AA5,10137,4505,0,0,34286,2,4,2,4,255,0,4,15,0,0,1,0,0,0,0,0,0,0,6,0,0,10100,43787950
2026-09-25T07:11:16.767Z,63575406000000,0x051C,0x0104,1,2,63,9011,9011,0,-44014,-44011,423422,43788551,1,0,0,0,3,4,0,0,0,15,15,0,1,423422,2,1,10000,10000,0,0,0,0,5,0,0,0,0,6,0x5AA5,9011,12390,0,0,34286,2,4,2,4,255,0,4,15,0,0,1,0,0,0,0,0,0,0,6,0,0,9000,43788551
2026-09-25T07:11:17.301Z,63575953000000,0x051C,0x0104,1,2,63,9011,9011,0,-44021,-44011,423427,43789053,1,0,0,0,3,4,0,0,0,15,15,0,1,423427,2,1,10000,10000,0,0,0,0,5,0,0,0,0,6,0x5AA5,9011,20274,0,0,34286,2,4,2,4,255,0,4,15,0,0,1,0,0,0,0,0,0,0,6,0,0,9000,43789053
2026-09-25T07:11:17.765Z,63576406000000,0x051C,0x0104,1,2,63,9011,9011,0,-44009,-44011,423431,43789556,1,0,0,0,3,4,0,0,0,15,15,0,1,423432,2,1,10000,10000,0,0,0,0,5,0,0,0,0,6,0x5AA5,10137,3379,0,0,34286,2,4,2,4,255,0,4,15,0,0,1,0,0,0,0,0,0,0,6,0,0,10100,43789453
2026-09-25T07:11:18.296Z,63576937000000,0x051C,0x0104,1,2,63,9011,9011,0,-44004,-44011,423437,43790054,1,0,0,0,3,4,0,0,0,15,15,0,1,423437,2,1,10000,10000,0,0,0,0,5,0,0,0,0,6,0x5AA5,9011,1126,0,0,34286,2,4,2,4,255,0,4,15,0,0,1,0,0,0,0,0,0,0,6,0,0,9000,43790054
2026-09-25T07:11:18.773Z,63577421000000,0x051C,0x0104,1,2,63,5632,5632,0,-44013,-44008,423442,43790555,1,0,0,0,3,4,0,0,0,15,15,0,1,423442,2,1,10000,10000,0,0,0,0,5,0,0,0,0,6,0x5AA5,5632,11263,0,0,34286,2,4,2,4,255,0,4,15,0,0,1,0,0,0,0,0,0,0,6,0,0,5600,43790555
2026-09-25T07:11:19.292Z,63577937000000,0x051C,0x0104,1,2,63,6758,6758,0,-44020,-44009,423446,43791059,1,0,0,0,3,4,0,0,0,15,15,0,1,423447,2,1,10000,10000,0,0,0,0,5,0,0,0,0,6,0x5AA5,5632,15769,0,0,34286,2,4,2,4,255,0,4,15,0,0,1,0,0,0,0,0,0,0,6,0,0,5600,43790956
2026-09-25T07:11:19.771Z,63578421000000,0x051C,0x0104,1,2,63,10137,10137,0,-44019,-44012,423452,43791557,1,0,0,0,3,4,0,0,0,15,15,0,1,423452,2,1,10000,10000,0,0,0,0,5,0,0,0,0,6,0x5AA5,10137,18021,0,0,34286,2,4,2,4,255,0,4,15,0,0,1,0,0,0,0,0,0,0,6,0,0,10100,43791557
2026-09-25T07:11:20.293Z,63578937000000,0x051C,0x0104,1,2,63,9011,9011,0,-44016,-44011,423456,43792058,1,0,0,0,3,4,0,0,0,15,15,0,1,423457,2,1,10000,10000,0,0,0,0,5,0,0,0,0,6,0x5AA5,10137,2253,0,0,34288,2,4,2,4,255,0,4,15,0,0,1,0,0,0,0,0,0,0,6,0,0,10100,43791957
2026-09-25T07:11:20.773Z,63579421000000,0x051C,0x0104,1,2,63,1126,1126,0,-43999,-44004,423462,43792558,1,0,0,0,3,4,0,0,0,15,15,0,1,423462,2,1,10000,10000,0,0,0,0,5,0,0,0,0,6,0x5AA5,1126,-4505,0,0,34289,2,4,2,2,255,0,2,15,0,0,1,0,0,0,0,0,0,0,6,0,0,1100,43792558
2026-09-25T07:11:21.294Z,63579937000000,0x051C,0x0104,1,2,63,1126,1126,0,-44003,-44004,423466,43793059,1,0,0,0,3,4,0,0,0,15,15,0,1,423467,2,1,10000,10000,0,0,0,0,5,0,0,0,0,6,0x5AA5,1126,-10137,0,0,34291,2,4,2,2,255,0,2,15,0,0,1,0,0,0,0,0,0,0,6,0,0,1100,43792959
2026-09-25T07:11:21.774Z,63580421000000,0x051C,0x0104,1,2,63,3379,3379,0,-43995,-44006,423472,43793560,1,0,0,0,3,4,0,0,0,15,15,0,1,423472,2,1,10000,10000,0,0,0,0,5,0,0,0,0,6,0x5AA5,3379,-9011,0,0,34293,2,4,2,2,255,0,2,15,0,0,1,0,0,0,0,0,0,0,6,0,0,3300,43793560
2026-09-25T07:11:22.291Z,63580937000000,0x051C,0x0104,1,2,63,5632,5632,0,-44011,-44008,423476,43794061,1,0,0,0,3,4,0,0,0,15,15,0,1,423477,2,1,10000,10000,0,0,0,0,5,0,0,0,0,6,0x5AA5,4505,-3379,0,0,34295,2,4,2,2,255,0,2,15,0,0,1,0,0,0,0,0,0,0,6,0,0,4500,43793961
2026-09-25T07:11:22.771Z,63581421000000,0x051C,0x0104,1,2,63,6758,6758,0,-44003,-44009,423481,43794563,1,0,0,0,3,4,0,0,0,15,15,0,1,423482,2,1,10000,10000,0,0,0,0,5,0,0,0,0,6,0x5AA5,6758,6758,0,0,34296,2,4,2,4,255,0,4,15,0,0,1,0,0,0,0,0,0,0,6,0,0,6700,43794462
2026-09-25T07:11:23.289Z,63581937000000,0x051C,0x0104,1,2,63,12390,12390,0,-44012,-44014,423486,43795063,1,0,0,0,3,4,0,0,0,15,15,0,1,423487,2,1,10000,10000,0,0,0,0,5,0,0,0,0,6,0x5AA5,11263,24779,0,0,34296,2,4,2,4,255,0,4,15,0,0,1,0,0,0,0,0,0,0,6,0,0,11200,43794962
2026-09-25T07:11:23.767Z,63582406000000,0x051C,0x0104,1,2,63,6758,6758,0,-43986,-44009,423491,43795563,1,0,0,0,3,4,0,0,0,15,15,0,1,423492,2,1,10000,10000,0,0,0,0,5,0,0,0,0,6,0x5AA5,9011,-5632,0,0,34297,2,4,2,2,255,0,2,15,0,0,1,0,0,0,0,0,0,0,6,0,0,9000,43795463
2026-09-25T07:11:24.301Z,63582953000000,0x051C,0x0104,1,2,63,4505,4505,0,-43998,-44007,423496,43796068,1,0,0,0,3,4,0,0,0,15,15,0,1,423497,2,1,10000,10000,0,0,0,0,5,0,0,0,0,6,0x5AA5,3379,15769,0,0,34298,2,4,2,4,255,0,4,15,0,0,1,0,0,0,0,0,0,0,6,0,0,3300,43795964
2026-09-25T07:11:24.761Z,63583406000000,0x051C,0x0104,1,2,63,4505,4505,0,-44012,-44007,423501,43796565,1,0,0,0,3,4,0,0,0,15,15,0,1,423502,2,1,10000,10000,0,0,0,0,5,0,0,0,0,6,0x5AA5,4505,1126,0,0,34302,2,4,2,4,255,0,4,15,0,0,1,0,0,0,0,0,0,0,6,0,0,4500,43796465
2026-09-25T07:11:25.294Z,63583937000000,0x051C,0x0104,1,2,63,7884,7884,0,-44008,-44010,423506,43797066,1,0,0,0,3,4,0,0,0,15,15,0,1,423507,2,1,10000,10000,0,0,0,0,5,0,0,0,0,6,0x5AA5,7884,11263,0,0,34302,2,4,2,4,255,0,4,15,0,0,1,0,0,0,0,0,0,0,6,0,0,7800,43796966
2026-09-25T07:11:25.769Z,63584421000000,0x051C,0x0104,1,2,63,9011,9011,0,-44005,-44011,423511,43797567,1,0,0,0,3,4,0,0,0,15,15,0,1,423512,2,1,10000,10000,0,0,0,0,5,0,0,0,0,6,0x5AA5,10137,-10137,0,0,34303,2,4,2,2,255,0,2,15,0,0,1,0,0,0,0,0,0,0,6,0,0,10100,43797467
2026-09-25T07:11:26.291Z,63584937000000,0x051C,0x0104,1,2,63,5632,5632,0,-44003,-44008,423516,43798068,1,0,0,0,3,4,0,0,0,15,15,0,1,423517,2,1,10000,10000,0,0,0,0,5,0,0,0,0,6,0x5AA5,6758,2253,0,0,34304,2,4,2,4,255,0,4,15,0,0,1,0,0,0,0,0,0,0,6,0,0,6700,43797968
2026-09-25T07:11:26.766Z,63585406000000,0x051C,0x0104,1,2,63,5632,5632,0,-44016,-44008,423521,43798569,1,0,0,0,3,4,0,0,0,15,15,0,1,423522,2,1,10000,10000,0,0,0,0,5,0,0,0,0,6,0x5AA5,5632,4505,0,0,34304,2,4,2,4,255,0,4,15,0,0,1,0,0,0,0,0,0,0,6,0,0,5600,43798468
2026-09-25T07:11:27.301Z,63585953000000,0x051C,0x0104,1,2,63,3379,3379,0,-44014,-44006,423526,43799069,1,0,0,0,3,4,0,0,0,15,15,0,1,423527,2,1,10000,10000,0,0,0,0,5,0,0,0,0,6,0x5AA5,3379,-6758,0,0,34305,2,4,2,2,255,0,2,15,0,0,1,0,0,0,0,0,0,0,6,0,0,3300,43798969
2026-09-25T07:11:27.766Z,63586406000000,0x051C,0x0104,1,2,63,9011,9011,0,-44004,-44011,423531,43799470,1,0,0,0,3,4,0,0,0,15,15,0,1,423531,2,1,10000,10000,0,0,0,0,5,0,0,0,0,6,0x5AA5,9011,1126,0,0,34306,2,4,2,4,255,0,4,15,0,0,1,0,0,0,0,0,0,0,6,0,0,9000,43799470
2026-09-25T07:11:28.300Z,63586937000000,0x051C,0x0104,1,2,63,11263,11263,0,-44019,-44013,423536,43800071,1,0,0,0,3,4,0,0,0,15,15,0,1,423537,2,1,10000,10000,0,0,0,0,5,0,0,0,0,6,0x5AA5,10137,15769,0,0,34308,2,4,2,4,255,0,4,15,0,0,1,0,0,0,0,0,0,0,6,0,0,10100,43799971
2026-09-25T07:11:28.781Z,63587421000000,0x051C,0x0104,1,2,63,11263,11263,0,-43993,-44013,423541,43800573,1,0,0,0,3,4,0,0,0,15,15,0,1,423542,2,1,10000,10000,0,0,0,0,5,0,0,0,0,6,0x5AA5,12390,0,0,0,34310,2,4,2,4,255,0,4,15,0,0,1,0,0,0,0,0,0,0,6,0,0,12300,43800473
2026-09-25T07:11:29.313Z,63587953000000,0x051C,0x0104,1,2,63,10137,10137,0,-44007,-44012,423547,43801073,1,0,0,0,3,4,0,0,0,15,15,0,1,423547,2,1,10000,10000,0,0,0,0,5,0,0,0,0,6,0x5AA5,10137,4505,0,0,34312,2,4,2,4,255,0,4,15,0,0,1,0,0,0,0,0,0,0,6,0,0,10100,43801073
2026-09-25T07:11:29.787Z,63588437000000,0x051C,0x0104,1,2,63,7884,7884,0,-44007,-44010,423552,43801574,1,0,0,0,3,4,0,0,0,15,15,0,1,423552,2,1,10000,10000,0,0,0,0,5,0,0,0,0,6,0x5AA5,7884,4505,0,0,34312,2,4,2,4,255,0,4,15,0,0,1,0,0,0,0,0,0,0,6,0,0,7800,43801574
2026-09-25T07:11:30.310Z,63588953000000,0x051C,0x0104,1,2,63,9011,9011,0,-44023,-44011,423556,43802075,1,0,0,0,3,4,0,0,0,15,15,0,1,423557,2,1,10000,10000,0,0,0,0,5,0,0,0,0,6,0x5AA5,9011,6758,0,0,34314,2,4,2,4,255,0,4,15,0,0,1,0,0,0,0,0,0,0,6,0,0,9000,43801974
2026-09-25T07:11:30.787Z,63589437000000,0x051C,0x0104,1,2,63,9011,9011,0,-44004,-44011,423561,43802580,1,0,0,0,3,4,0,0,0,15,15,0,1,423562,2,1,10000,10000,0,0,0,0,5,0,0,0,0,6,0x5AA5,9011,7884,0,0,34314,2,4,2,4,255,0,4,15,0,0,1,0,0,0,0,0,0,0,6,0,0,9000,43802475
2026-09-25T07:11:31.304Z,63589953000000,0x051C,0x0104,1,2,63,6758,6758,0,-44017,-44009,423566,43803076,1,0,0,0,3,4,0,0,0,15,15,0,1,423567,2,1,10000,10000,0,0,0,0,5,0,0,0,0,6,0x5AA5,5632,22527,0,0,34316,2,4,2,4,255,0,4,15,0,0,1,0,0,0,0,0,0,0,6,0,0,5600,43802976
2026-09-25T07:11:31.779Z,63590421000000,0x051C,0x0104,1,2,63,7884,7884,0,-43998,-44010,423571,43803577,1,0,0,0,3,4,0,0,0,15,15,0,1,423572,2,1,10000,10000,0,0,0,0,5,0,0,0,0,6,0x5AA5,10137,13516,0,0,34318,2,4,2,4,255,0,4,15,0,0,1,0,0,0,0,0,0,0,6,0,0,10100,43803477
2026-09-25T07:11:32.314Z,63590953000000,0x051C,0x0104,1,2,63,11263,11263,0,-44018,-44013,423576,43804080,1,0,0,0,3,4,0,0,0,15,15,0,1,423577,2,1,10000,10000,0,0,0,0,5,0,0,0,0,6,0x5AA5,9011,34916,0,0,34320,2,4,2,4,255,0,4,15,0,0,1,0,0,0,0,0,0,0,6,0,0,9000,43803978
2026-09-25T07:11:32.792Z,63591437000000,0x051C,0x0104,1,2,63,9011,9011,0,-43994,-44011,423582,43804579,1,0,0,0,3,4,0,0,0,15,15,0,1,423582,2,1,10000,10000,0,0,0,0,5,0,0,0,0,6,0x5AA5,9011,-10137,0,0,34321,2,4,2,2,255,0,2,15,0,0,1,0,0,0,0,0,0,0,6,0,0,9000,43804579
2026-09-25T07:11:33.312Z,63591953000000,0x051C,0x0104,1,2,63,5632,5632,0,-44011,-44008,423586,43805080,1,0,0,0,3,4,0,0,0,15,15,0,1,423587,2,1,10000,10000,0,0,0,0,5,0,0,0,0,6,0x5AA5,5632,0,0,0,34322,2,4,2,4,255,0,4,15,0,0,1,0,0,0,0,0,0,0,6,0,0,5600,43804979
2026-09-25T07:11:33.789Z,63592437000000,0x051C,0x0104,1,2,63,11263,11263,0,-44006,-44013,423591,43805582,1,0,0,0,3,4,0,0,0,15,15,0,1,423592,2,1,10000,10000,0,0,0,0,5,0,0,0,0,6,0x5AA5,11263,9011,0,0,34322,2,4,2,4,255,0,4,15,0,0,1,0,0,0,0,0,0,0,6,0,0,11200,43805480
2026-09-25T07:11:34.310Z,63592953000000,0x051C,0x0104,1,2,63,6758,6758,0,-43998,-44009,423596,43806081,1,0,0,0,3,4,0,0,0,15,15,0,1,423597,2,1,10000,10000,0,0,0,0,5,0,0,0,0,6,0x5AA5,9011,-9011,0,0,34325,2,4,2,2,255,0,2,15,0,0,1,0,0,0,0,0,0,0,6,0,0,9000,43805981
2026-09-25T07:11:34.785Z,63593437000000,0x051C,0x0104,1,2,63,3379,3379,0,-44000,-44006,423601,43806582,1,0,0,0,3,4,0,0,0,15,15,0,1,423602,2,1,10000,10000,0,0,0,0,5,0,0,0,0,6,0x5AA5,4505,-12390,0,0,34327,2,4,2,2,255,0,2,15,0,0,1,0,0,0,0,0,0,0,6,0,0,4500,43806482
2026-09-25T07:11:35.304Z,63593953000000,0x051C,0x0104,1,2,63,1126,1126,0,-44010,-44004,423606,43807083,1,0,0,0,3,4,0,0,0,15,15,0,1,423607,2,1,10000,10000,0,0,0,0,5,0,0,0,0,6,0x5AA5,1126,-2253,0,0,34329,2,4,2,2,255,0,2,15,0,0,1,0,0,0,0,0,0,0,6,0,0,1100,43806983
2026-09-25T07:11:35.781Z,63594421000000,0x051C,0x0104,1,2,63,6758,6758,0,-44013,-44009,423611,43807584,1,0,0,0,3,4,0,0,0,15,15,0,1,423612,2,1,10000,10000,0,0,0,0,5,0,0,0,0,6,0x5AA5,5632,23653,0,0,34332,2,4,2,4,255,0,4,15,0,0,1,0,0,0,0,0,0,0,6,0,0,5600,43807484
2026-09-25T07:11:36.312Z,63594953000000,0x051C,0x0104,1,2,63,2253,2253,0,-43989,-44005,423616,43808085,1,0,0,0,3,4,0,0,0,15,15,0,1,423617,2,1,10000,10000,0,0,0,0,5,0,0,0,0,6,0x5AA5,4505,-28158,0,0,34333,2,4,2,2,255,0,2,15,0,0,1,0,0,0,0,0,0,0,6,0,0,4500,43807985
2026-09-25T07:11:36.786Z,63595437000000,0x051C,0x0104,1,2,63,-1126,-1126,0,-44013,-44002,423621,43808586,1,0,0,0,3,4,0,0,0,15,15,0,1,423622,2,1,10000,10000,0,0,0,0,5,0,0,0,0,6,0x5AA5,-2253,10137,0,0,34334,2,2,2,4,255,0,4,15,0,0,1,0,0,0,0,0,0,0,6,0,0,-2200,43808486
2026-09-25T07:11:37.307Z,63595953000000,0x051C,0x0104,1,2,63,3379,3379,0,-44016,-44006,423626,43808986,1,0,0,0,3,4,0,0,0,15,15,0,1,423626,2,1,10000,10000,0,0,0,0,5,0,0,0,0,6,0x5AA5,3379,14642,0,0,34336,2,4,2,4,255,0,4,15,0,0,1,0,0,0,0,0,0,0,6,0,0,3300,43808986
2026-09-25T07:11:37.783Z,63596421000000,0x051C,0x0104,1,2,63,2253,2253,0,-43990,-44005,423631,43809588,1,0,0,0,3,4,0,0,0,15,15,0,1,423632,2,1,10000,10000,0,0,0,0,5,0,0,0,0,6,0x5AA5,3379,0,0,0,34337,2,4,2,2,255,0,2,15,0,0,1,0,0,0,0,0,0,0,6,0,0,3300,43809487
2026-09-25T07:11:38.315Z,63596953000000,0x051C,0x0104,1,2,63,3379,3379,0,-44010,-44006,423636,43810088,1,0,0,0,3,4,0,0,0,15,15,0,1,423637,2,1,10000,10000,0,0,0,0,5,0,0,0,0,6,0x5AA5,2253,6758,0,0,34338,2,4,2,4,255,0,4,15,0,0,1,0,0,0,0,0,0,0,6,0,0,2200,43809988
2026-09-25T07:11:38.789Z,63597437000000,0x051C,0x0104,1,2,63,0,0,0,-43997,-44003,423641,43810589,1,0,0,0,3,4,0,0,0,15,15,0,1,423642,2,1,10000,10000,0,0,0,0,5,0,0,0,0,6,0x5AA5,1126,-10137,0,0,34339,2,4,2,2,255,0,2,15,0,0,1,0,0,0,0,0,0,0,6,0,0,1100,43810489
2026-09-25T07:11:39.310Z,63597953000000,0x051C,0x0104,1,2,63,-2253,-2253,0,-44002,-44001,423646,43811090,1,0,0,0,3,4,0,0,0,15,15,0,1,423647,2,1,10000,10000,0,0,0,0,5,0,0,0,0,6,0x5AA5,-2253,-9011,0,0,34341,2,2,2,2,255,0,2,15,0,0,1,0,0,0,0,0,0,0,6,0,0,-2200,43810990
2026-09-25T07:11:39.787Z,63598437000000,0x051C,0x0104,1,2,63,-9011,-9011,0,-43998,-43995,423651,43811591,1,0,0,0,3,4,0,0,0,15,15,0,1,423652,2,1,10000,10000,0,0,0,0,5,0,0,0,0,6,0x5AA5,-7884,-27032,0,0,34341,2,2,2,2,255,0,2,15,0,0,1,0,0,0,0,0,0,0,6,0,0,-7800,43811491
2026-09-25T07:11:40.304Z,63598953000000,0x051C,0x0104,0,2,63,-1126,-1126,0,-43993,-44002,423656,43811993,1,0,0,0,3,4,0,0,0,15,15,0,1,423656,2,1,0,0,0,0,0,0,5,0,0,0,0,6,0x5AA5,-1126,-11263,0,0,34343,2,2,2,2,255,0,2,15,0,0,1,0,0,0,0,0,0,0,6,0,0,-1100,43811993
2026-09-25T07:11:40.779Z,63599421000000,0x051C,0x0104,0,2,63,-3379,-3379,0,-44017,-44000,423661,43812493,1,0,0,0,3,4,0,0,0,15,15,0,1,423661,2,1,0,0,0,0,0,0,5,0,0,0,0,6,0x5AA5,-3379,15769,0,0,34346,2,2,2,4,255,0,4,15,0,0,1,0,0,0,0,0,0,0,6,0,0,-3300,43812493
2026-09-25T07:11:41.314Z,63599953000000,0x051C,0x0104,0,2,63,-1126,-1126,0,-44012,-44002,423666,43813094,1,0,0,0,3,4,0,0,0,15,15,0,1,423667,2,1,0,0,0,0,0,0,5,0,0,0,0,6,0x5AA5,-2253,-9011,0,0,34349,2,2,2,2,255,0,2,15,0,0,1,0,0,0,0,0,0,0,6,0,0,-2200,43812994
2026-09-25T07:11:41.790Z,63600437000000,0x051C,0x0104,0,2,63,2253,2253,0,-43989,-44005,423671,43813595,1,0,0,0,3,4,0,0,0,15,15,0,1,423672,2,1,0,0,0,0,0,0,5,0,0,0,0,6,0x5AA5,2253,3379,0,0,34350,2,4,2,4,255,0,4,15,0,0,1,0,0,0,0,0,0,0,6,0,0,2200,43813495
2026-09-25T07:11:42.309Z,63600953000000,0x051C,0x0104,0,2,63,-4505,-4505,0,-44006,-43999,423676,43813996,1,0,0,0,3,4,0,0,0,15,15,0,1,423676,2,1,0,0,0,0,0,0,5,0,0,0,0,6,0x5AA5,-4505,3379,0,0,34352,2,2,2,4,255,0,4,15,0,0,1,0,0,0,0,0,0,0,6,0,0,-4500,43813996
2026-09-25T07:11:42.784Z,63601421000000,0x051C,0x0104,0,2,63,3379,3379,0,-44023,-44006,423681,43814496,1,0,0,0,3,4,0,0,0,15,15,0,1,423681,2,1,0,0,0,0,0,0,5,0,0,0,0,6,0x5AA5,3379,22527,0,0,34352,2,4,2,4,255,0,4,15,0,0,1,0,0,0,0,0,0,0,6,0,0,3300,43814496
2026-09-25T07:11:43.318Z,63601968000000,0x051C,0x0104,0,2,63,2253,2253,0,-44016,-44005,423686,43815098,1,0,0,0,3,4,0,0,0,15,15,0,1,423687,2,1,0,0,0,0,0,0,5,0,0,0,0,6,0x5AA5,3379,-4505,0,0,34353,2,4,2,2,255,0,2,15,0,0,1,0,0,0,0,0,0,0,6,0,0,3300,43814997
2026-09-25T07:11:43.794Z,63602437000000,0x051C,0x0104,0,2,63,2253,2253,0,-44003,-44005,423691,43815598,1,0,0,0,3,4,0,0,0,15,15,0,1,423692,2,1,0,0,0,0,0,0,5,0,0,0,0,6,0x5AA5,3379,-11263,0,0,34355,2,4,2,2,255,0,2,15,0,0,1,0,0,0,0,0,0,0,6,0,0,3300,43815498
2026-09-25T07:11:44.329Z,63602968000000,0x051C,0x0104,0,2,63,3379,3379,0,-44023,-44006,423696,43816099,1,0,0,0,3,4,0,0,0,15,15,0,1,423697,2,1,0,0,0,0,0,0,5,0,0,0,0,6,0x5AA5,2253,10137,0,0,34356,2,4,2,4,255,0,4,15,0,0,1,0,0,0,0,0,0,0,6,0,0,2200,43815999
2026-09-25T07:11:44.807Z,63603453000000,0x051C,0x0104,0,2,63,4505,4505,0,-44010,-44007,423701,43816601,1,0,0,0,3,4,0,0,0,15,15,0,1,423702,2,1,0,0,0,0,0,0,5,0,0,0,0,6,0x5AA5,4505,-2253,0,0,34357,2,4,2,2,255,0,2,15,0,0,1,0,0,0,0,0,0,0,6,0,0,4500,43816500
2026-09-25T07:11:45.327Z,63603968000000,0x051C,0x0104,0,2,63,6758,6758,0,-44021,-44009,423706,43817101,1,0,0,0,3,4,0,0,0,15,15,0,1,423707,2,1,0,0,0,0,0,0,5,0,0,0,0,6,0x5AA5,6758,7884,0,0,34358,2,4,2,4,255,0,4,15,0,0,1,0,0,0,0,0,0,0,6,0,0,6700,43817001
2026-09-25T07:11:45.805Z,63604453000000,0x051C,0x0104,0,2,63,7884,7884,0,-44027,-44010,423711,43817602,1,0,0,0,3,4,0,0,0,15,15,0,1,423712,2,1,0,0,0,0,0,0,5,0,0,0,0,6,0x5AA5,7884,4505,0,0,34360,2,4,2,4,255,0,4,15,0,0,1,0,0,0,0,0,0,0,6,0,0,7800,43817502
2026-09-25T07:11:46.322Z,63604968000000,0x051C,0x0104,0,2,63,7884,7884,0,-43991,-44010,423716,43818103,1,0,0,0,3,4,0,0,0,15,15,0,1,423717,2,1,0,0,0,0,0,0,5,0,0,0,0,6,0x5AA5,11263,-14642,0,0,34361,2,4,2,2,255,0,2,15,0,0,1,0,0,0,0,0,0,0,6,0,0,11200,43818003
2026-09-25T07:11:46.798Z,63605437000000,0x051C,0x0104,0,2,63,3379,3379,0,-43999,-44006,423721,43818604,1,0,0,0,3,4,0,0,0,15,15,0,1,423722,2,1,0,0,0,0,0,0,5,0,0,0,0,6,0x5AA5,3379,0,0,0,34362,2,4,2,4,255,0,4,15,0,0,1,0,0,0,0,0,0,0,6,0,0,3300,43818504
2026-09-25T07:11:47.331Z,63605968000000,0x051C,0x0104,0,2,63,0,0,0,-44006,-44003,423726,43819105,1,0,0,0,3,4,0,0,0,15,15,0,1,423727,2,1,0,0,0,0,0,0,5,0,0,0,0,6,0x5AA5,0,11263,0,0,34364,2,3,2,4,255,0,4,15,0,0,1,0,0,0,0,0,0,0,6,0,0,0,43819004
2026-09-25T07:11:47.805Z,63606453000000,0x051C,0x0104,0,2,63,-6758,-6758,0,-44007,-43997,423731,43819606,1,0,0,0,3,4,0,0,0,15,15,0,1,423732,2,1,0,0,0,0,0,0,5,0,0,0,0,6,0x5AA5,-5632,-12390,0,0,34365,2,2,2,2,255,0,2,15,0,0,1,0,0,0,0,0,0,0,6,0,0,-5600,43819505
2026-09-25T07:11:48.341Z,63606984000000,0x051C,0x0104,0,2,63,-3379,-3379,0,-43997,-44000,423736,43820109,1,0,0,0,3,4,0,0,0,15,15,0,1,423737,2,1,0,0,0,0,0,0,5,0,0,0,0,6,0x5AA5,-2253,-7884,0,0,34367,2,2,2,2,255,0,2,15,0,0,1,0,0,0,0,0,0,0,6,0,0,-2200,43820006
2026-09-25T07:11:48.821Z,63607468000000,0x051C,0x0104,0,2,63,-3379,-3379,0,-44002,-44000,423741,43820613,1,0,0,0,3,4,0,0,0,15,15,0,1,423742,2,1,0,0,0,0,0,0,5,0,0,0,0,6,0x5AA5,-3379,-3379,0,0,34369,2,2,2,2,255,0,2,15,0,0,1,0,0,0,0,0,0,0,6,0,0,-3300,43820507
2026-09-25T07:11:49.341Z,63607984000000,0x051C,0x0104,0,2,63,-3379,-3379,0,-44002,-44000,423746,43821109,1,0,0,0,3,4,0,0,0,15,15,0,1,423747,2,1,0,0,0,0,0,0,5,0,0,0,0,6,0x5AA5,-3379,-2253,0,0,34371,2,2,2,2,255,0,2,15,0,0,1,0,0,0,0,0,0,0,6,0,0,-3300,43821008
2026-09-25T07:11:49.819Z,63608468000000,0x051C,0x0104,0,2,63,2253,2253,0,-44003,-44005,423751,43821614,1,0,0,0,3,4,0,0,0,15,15,0,1,423752,2,1,0,0,0,0,0,0,5,0,0,0,0,6,0x5AA5,1126,7884,0,0,34372,2,4,2,4,255,0,4,15,0,0,1,0,0,0,0,0,0,0,6,0,0,1100,43821509
2026-09-25T07:11:50.337Z,63608984000000,0x051C,0x0104,0,2,63,-1126,-1126,0,-44013,-44002,423756,43822110,1,0,0,0,3,4,0,0,0,15,15,0,1,423757,2,1,0,0,0,0,0,0,5,0,0,0,0,6,0x5AA5,-1126,2253,0,0,34374,2,2,2,4,255,0,4,15,0,0,1,0,0,0,0,0,0,0,6,0,0,-1100,43822010
2026-09-25T07:11:50.813Z,63609453000000,0x051C,0x0104,0,2,63,3379,3379,0,-43995,-44006,423761,43822611,1,0,0,0,3,4,0,0,0,15,15,0,1,423762,2,1,0,0,0,0,0,0,5,0,0,0,0,6,0x5AA5,2253,7884,0,0,34376,2,4,2,4,255,0,4,15,0,0,1,0,0,0,0,0,0,0,6,0,0,2200,43822511
2026-09-25T07:11:51.350Z,63610000000000,0x051C,0x0104,0,2,63,1126,1126,0,-44007,-44004,423766,43823117,1,0,0,0,3,4,0,0,0,15,15,0,1,423767,2,1,0,0,0,0,0,0,5,0,0,0,0,6,0x5AA5,1126,-1126,0,0,34379,2,4,2,2,255,0,2,15,0,0,1,0,0,0,0,0,0,0,6,0,0,1100,43823011
2026-09-25T07:11:51.810Z,63610453000000,0x051C,0x0104,0,2,63,-1126,-1126,0,-43998,-44002,423771,43823613,1,0,0,0,3,4,0,0,0,15,15,0,1,423772,2,1,0,0,0,0,0,0,5,0,0,0,0,6,0x5AA5,-1126,0,0,0,34382,2,2,2,4,255,0,4,15,0,0,1,0,0,0,0,0,0,0,6,0,0,-1100,43823513
2026-09-25T07:11:52.347Z,63610984000000,0x051C,0x0104,0,2,63,-2253,-2253,0,-43984,-44001,423776,43824115,1,0,0,0,3,4,0,0,0,15,15,0,1,423777,2,1,0,0,0,0,0,0,5,0,0,0,0,6,0x5AA5,1126,-24779,0,0,34385,2,4,2,2,255,0,2,15,0,0,1,0,0,0,0,0,0,0,6,0,0,1100,43824013
2026-09-25T07:11:52.826Z,63611468000000,0x051C,0x0104,0,2,63,-3379,-3379,0,-44012,-44000,423782,43824614,1,0,0,0,3,4,0,0,0,15,15,0,1,423782,2,1,0,0,0,0,0,0,5,0,0,0,0,6,0x5AA5,-3379,10137,0,0,34388,2,2,2,4,255,0,4,15,0,0,1,0,0,0,0,0,0,0,6,0,0,-3300,43824614
2026-09-25T07:11:53.357Z,63612000000000,0x051C,0x0104,0,2,63,-3379,-3379,0,-43984,-44000,423787,43825115,1,0,0,0,3,4,0,0,0,15,15,0,1,423787,2,1,0,0,0,0,0,0,5,0,0,0,0,6,0x5AA5,-3379,-21400,0,0,34391,2,2,2,2,255,0,2,15,0,0,1,0,0,0,0,0,0,0,6,0,0,-3300,43825115
2026-09-25T07:11:53.832Z,63612484000000,0x051C,0x0104,0,2,63,-3379,-3379,0,-44007,-44000,423792,43825616,1,0,0,0,3,4,0,0,0,15,15,0,1,423792,2,1,0,0,0,0,0,0,5,0,0,0,0,6,0x5AA5,-3379,4505,0,0,34394,2,2,2,4,255,0,4,15,0,0,1,0,0,0,0,0,0,0,6,0,0,-3300,43825616
2026-09-25T07:11:54.353Z,63613000000000,0x051C,0x0104,0,2,63,0,0,0,-44008,-44003,423796,43826121,1,0,0,0,3,4,0,0,0,15,15,0,1,423797,2,1,0,0,0,0,0,0,5,0,0,0,0,6,0x5AA5,-1126,13516,0,0,34394,2,2,2,4,255,0,4,15,0,0,1,0,0,0,0,0,0,0,6,0,0,-1100,43826017
2026-09-25T07:11:54.831Z,63613468000000,0x051C,0x0104,0,2,63,4505,4505,0,-44000,-44007,423802,43826618,1,0,0,0,3,4,0,0,0,15,15,0,1,423802,2,1,0,0,0,0,0,0,5,0,0,0,0,6,0x5AA5,4505,-3379,0,0,34397,2,4,2,2,255,0,2,15,0,0,1,0,0,0,0,0,0,0,6,0,0,4500,43826618
2026-09-25T07:11:55.364Z,63614015000000,0x051C,0x0104,0,2,63,4505,4505,0,-44013,-44007,423807,43827119,1,0,0,0,3,4,0,0,0,15,15,0,1,423807,2,1,0,0,0,0,0,0,5,0,0,0,0,6,0x5AA5,4505,11263,0,0,34398,2,4,2,4,255,0,4,15,0,0,1,0,0,0,0,0,0,0,6,0,0,4500,43827119
2026-09-25T07:11:55.841Z,63614484000000,0x051C,0x0104,0,2,63,9011,9011,0,-44010,-44011,423812,43827619,1,0,0,0,3,4,0,0,0,15,15,0,1,423812,2,1,0,0,0,0,0,0,5,0,0,0,0,6,0x5AA5,9011,7884,0,0,34398,2,4,2,4,255,0,4,15,0,0,1,0,0,0,0,0,0,0,6,0,0,9000,43827619
2026-09-25T07:11:56.371Z,63615015000000,0x051C,0x0104,0,2,63,4505,4505,0,-44001,-44007,423817,43828120,1,0,0,0,3,4,0,0,0,15,15,0,1,423817,2,1,0,0,0,0,0,0,5,0,0,0,0,6,0x5AA5,4505,-2253,0,0,34401,2,4,2,2,255,0,2,15,0,0,1,0,0,0,0,0,0,0,6,0,0,4500,43828120
2026-09-25T07:11:56.846Z,63615484000000,0x051C,0x0104,0,2,63,4505,4505,0,-44014,-44007,423822,43828621,1,0,0,0,3,4,0,0,0,15,15,0,1,423822,2,1,0,0,0,0,0,0,5,0,0,0,0,6,0x5AA5,4505,12390,0,0,34402,2,4,2,4,255,0,4,15,0,0,1,0,0,0,0,0,0,0,6,0,0,4500,43828621
2026-09-25T07:11:57.381Z,63616031000000,0x051C,0x0104,0,2,63,7884,7884,0,-44009,-44010,423827,43829122,1,0,0,0,3,4,0,0,0,15,15,0,1,423827,2,1,0,0,0,0,0,0,5,0,0,0,0,6,0x5AA5,7884,6758,0,0,34404,2,4,2,4,255,0,4,15,0,0,1,0,0,0,0,0,0,0,6,0,0,7800,43829122
2026-09-25T07:11:57.855Z,63616500000000,0x051C,0x0104,0,2,63,7884,7884,0,-44016,-44010,423832,43829623,1,0,0,0,3,4,0,0,0,15,15,0,1,423832,2,1,0,0,0,0,0,0,5,0,0,0,0,6,0x5AA5,7884,14642,0,0,34404,2,4,2,4,255,0,4,15,0,0,1,0,0,0,0,0,0,0,6,0,0,7800,43829623
2026-09-25T07:11:58.389Z,63617031000000,0x051C,0x0104,0,2,63,2253,2253,0,-43994,-44005,423837,43830124,1,0,0,0,3,4,0,0,0,15,15,0,1,423837,2,1,0,0,0,0,0,0,5,0,0,0,0,6,0x5AA5,2253,-10137,0,0,34405,2,4,2,2,255,0,2,15,0,0,1,0,0,0,0,0,0,0,6,0,0,2200,43830124
2026-09-25T07:11:58.864Z,63617515000000,0x051C,0x0104,0,2,63,2253,2253,0,-44001,-44005,423842,43830625,1,0,0,0,3,4,0,0,0,15,15,0,1,423842,2,1,0,0,0,0,0,0,5,0,0,0,0,6,0x5AA5,2253,-2253,0,0,34407,2,4,2,2,255,0,2,15,0,0,1,0,0,0,0,0,0,0,6,0,0,2200,43830625
2026-09-25T07:11:59.382Z,63618031000000,0x051C,0x0104,0,2,63,-2253,-2253,0,-44010,-44001,423847,43831126,1,0,0,0,3,4,0,0,0,15,15,0,1,423847,2,1,0,0,0,0,0,0,5,0,0,0,0,6,0x5AA5,-2253,7884,0,0,34408,2,2,2,4,255,0,4,15,0,0,1,0,0,0,0,0,0,0,6,0,0,-2200,43831126
2026-09-25T07:11:59.855Z,63618500000000,0x051C,0x0104,0,2,63,3379,3379,0,-44010,-44006,423852,43831626,1,0,0,0,3,4,0,0,0,15,15,0,1,423852,2,1,0,0,0,0,0,0,5,0,0,0,0,6,0x5AA5,3379,7884,0,0,34410,2,4,2,4,255,0,4,15,0,0,1,0,0,0,0,0,0,0,6,0,0,3300,43831626
2026-09-25T07:12:00.387Z,63619031000000,0x051C,0x0104,0,2,63,6758,6758,0,-44025,-44009,423857,43832127,1,0,0,0,3,4,0,0,0,15,15,0,1,423857,2,1,0,0,0,0,0,0,5,0,0,0,0,6,0x5AA5,6758,24779,0,0,34410,2,4,2,4,255,0,4,15,0,0,1,0,0,0,0,0,0,0,6,0,0,6700,43832127
2026-09-25T07:12:00.862Z,63619500000000,0x051C,0x0104,0,2,63,3379,3379,0,-43995,-44006,423862,43832628,1,0,0,0,3,4,0,0,0,15,15,0,1,423862,2,1,0,0,0,0,0,0,5,0,0,0,0,6,0x5AA5,3379,-9011,0,0,34413,2,4,2,2,255,0,2,15,0,0,1,0,0,0,0,0,0,0,6,0,0,3300,43832628
2026-09-25T07:12:01.391Z,63620031000000,0x051C,0x0104,0,2,63,0,0,0,-44010,-44003,423867,43833129,1,0,0,0,3,4,0,0,0,15,15,0,1,423867,2,1,0,0,0,0,0,0,5,0,0,0,0,6,0x5AA5,0,7884,0,0,34414,2,3,2,4,255,0,4,15,0,0,1,0,0,0,0,0,0,0,6,0,0,0,43833129
2026-09-25T07:12:01.882Z,63620531000000,0x051C,0x0104,0,2,63,0,0,0,-43993,-44003,423872,43833630,1,0,0,0,3,4,0,0,0,15,15,0,1,423872,2,1,0,0,0,0,0,0,5,0,0,0,0,6,0x5AA5,0,-11263,0,0,34415,2,3,2,2,255,0,2,15,0,0,1,0,0,0,0,0,0,0,6,0,0,0,43833630
2026-09-25T07:12:02.397Z,63621046000000,0x051C,0x0104,0,2,63,2253,2253,0,-44007,-44005,423877,43834131,1,0,0,0,3,4,0,0,0,15,15,0,1,423877,2,1,0,0,0,0,0,0,5,0,0,0,0,6,0x5AA5,2253,4505,0,0,34418,2,4,2,4,255,0,4,15,0,0,1,0,0,0,0,0,0,0,6,0,0,2200,43834131
2026-09-25T07:12:02.872Z,63621515000000,0x051C,0x0104,0,2,63,5632,5632,0,-44003,-44008,423882,43834633,1,0,0,0,3,4,0,0,0,15,15,0,1,423882,2,1,0,0,0,0,0,0,5,0,0,0,0,6,0x5AA5,5632,0,0,0,34420,2,4,2,4,255,0,4,15,0,0,1,0,0,0,0,0,0,0,6,0,0,5600,43834633
2026-09-25T07:12:03.404Z,63622046000000,0x051C,0x0104,0,2,63,1126,1126,0,-44005,-44004,423887,43835133,1,0,0,0,3,4,0,0,0,15,15,0,1,423887,2,1,0,0,0,0,0,0,5,0,0,0,0,6,0x5AA5,1126,2253,0,0,34422,2,4,2,4,255,0,4,15,0,0,1,0,0,0,0,0,0,0,6,0,0,1100,43835133
2026-09-25T07:12:03.880Z,63622531000000,0x051C,0x0104,0,2,63,1126,1126,0,-43998,-44004,423892,43835634,1,0,0,0,3,4,0,0,0,15,15,0,1,423892,2,1,0,0,0,0,0,0,5,0,0,0,0,6,0x5AA5,1126,-5632,0,0,34425,2,4,2,2,255,0,2,15,0,0,1,0,0,0,0,0,0,0,6,0,0,1100,43835634
2026-09-25T07:12:04.396Z,63623046000000,0x051C,0x0104,0,2,63,-3379,-3379,0,-43997,-44000,423897,43836134,1,0,0,0,3,4,0,0,0,15,15,0,1,423897,2,1,0,0,0,0,0,0,5,0,0,0,0,6,0x5AA5,-3379,-6758,0,0,34425,2,2,2,2,255,0,2,15,0,0,1,0,0,0,0,0,0,0,6,0,0,-3300,43836134
2026-09-25T07:12:04.871Z,63623515000000,0x051C,0x0104,0,2,63,-3379,-3379,0,-44003,-44000,423902,43836635,1,0,0,0,3,4,0,0,0,15,15,0,1,423902,2,1,0,0,0,0,0,0,5,0,0,0,0,6,0x5AA5,-3379,0,0,0,34427,2,2,2,2,255,0,2,15,0,0,1,0,0,0,0,0,0,0,6,0,0,-3300,43836635
2026-09-25T07:12:05.401Z,63624046000000,0x051C,0x0104,0,2,63,-2253,-2253,0,-44008,-44001,423907,43837136,1,0,0,0,3,4,0,0,0,15,15,0,1,423907,2,1,0,0,0,0,0,0,5,0,0,0,0,6,0x5AA5,-2253,5632,0,0,34430,2,2,2,4,255,0,4,15,0,0,1,0,0,0,0,0,0,0,6,0,0,-2200,43837136
2026-09-25T07:12:05.876Z,63624515000000,0x051C,0x0104,0,2,63,1126,1126,0,-44000,-44004,423912,43837637,1,0,0,0,3,4,0,0,0,15,15,0,1,423912,2,1,0,0,0,0,0,0,5,0,0,0,0,6,0x5AA5,1126,-3379,0,0,34431,2,4,2,2,255,0,2,15,0,0,1,0,0,0,0,0,0,0,6,0,0,1100,43837637
2026-09-25T07:12:06.409Z,63625046000000,0x051C,0x0104,0,2,63,2253,2253,0,-44011,-44005,423917,43838138,1,0,0,0,3,4,0,0,0,15,15,0,1,423917,2,1,0,0,0,0,0,0,5,0,0,0,0,6,0x5AA5,2253,9011,0,0,34432,2,4,2,4,255,0,4,15,0,0,1,0,0,0,0,0,0,0,6,0,0,2200,43838138
2026-09-25T07:12:06.883Z,63625531000000,0x051C,0x0104,0,2,63,5632,5632,0,-44007,-44008,423922,43838639,1,0,0,0,3,4,0,0,0,15,15,0,1,423922,2,1,0,0,0,0,0,0,5,0,0,0,0,6,0x5AA5,5632,4505,0,0,34434,2,4,2,4,255,0,4,15,0,0,1,0,0,0,0,0,0,0,6,0,0,5600,43838639
2026-09-25T07:12:07.418Z,63626062000000,0x051C,0x0104,0,2,63,5632,5632,0,-44005,-44008,423927,43839140,1,0,0,0,3,4,0,0,0,15,15,0,1,423927,2,1,0,0,0,0,0,0,5,0,0,0,0,6,0x5AA5,5632,2253,0,0,34434,2,4,2,4,255,0,4,15,0,0,1,0,0,0,0,0,0,0,6,0,0,5600,43839140
2026-09-25T07:12:07.896Z,63626546000000,0x051C,0x0104,0,2,63,3379,3379,0,-43997,-44006,423932,43839641,1,0,0,0,3,4,0,0,0,15,15,0,1,423932,2,1,0,0,0,0,0,0,5,0,0,0,0,6,0x5AA5,3379,-6758,0,0,34437,2,4,2,2,255,0,2,15,0,0,1,0,0,0,0,0,0,0,6,0,0,3300,43839641
2026-09-25T07:12:08.410Z,63627062000000,0x051C,0x0104,0,2,63,6758,6758,0,-43999,-44009,423937,43840141,1,0,0,0,3,4,0,0,0,15,15,0,1,423937,2,1,0,0,0,0,0,0,5,0,0,0,0,6,0x5AA5,6758,-4505,0,0,34439,2,4,2,2,255,0,2,15,0,0,1,0,0,0,0,0,0,0,6,0,0,6700,43840141
2026-09-25T07:12:08.886Z,63627531000000,0x051C,0x0104,0,2,63,6758,6758,0,-44001,-44009,423942,43840642,1,0,0,0,3,4,0,0,0,15,15,0,1,423942,2,1,0,0,0,0,0,0,5,0,0,0,0,6,0x5AA5,6758,-2253,0,0,34441,2,4,2,2,255,0,2,15,0,0,1,0,0,0,0,0,0,0,6,0,0,6700,43840642
2026-09-25T07:12:09.416Z,63628062000000,0x051C,0x0104,0,2,63,4505,4505,0,-44004,-44007,423947,43841143,1,0,0,0,3,4,0,0,0,15,15,0,1,423947,2,1,0,0,0,0,0,0,5,0,0,0,0,6,0x5AA5,4505,1126,0,0,34444,2,4,2,4,255,0,4,15,0,0,1,0,0,0,0,0,0,0,6,0,0,4500,43841143
2026-09-25T07:12:09.892Z,63628531000000,0x051C,0x0104,0,2,63,4505,4505,0,-44002,-44007,423952,43841644,1,0,0,0,3,4,0,0,0,15,15,0,1,423952,2,1,0,0,0,0,0,0,5,0,0,0,0,6,0x5AA5,4505,-1126,0,0,34447,2,4,2,2,255,0,2,15,0,0,1,0,0,0,0,0,0,0,6,0,0,4500,43841644
2026-09-25T07:12:10.432Z,63629078000000,0x051C,0x0104,0,2,63,11263,11263,0,-44019,-44013,423957,43842145,1,0,0,0,3,4,0,0,0,15,15,0,1,423957,2,1,0,0,0,0,0,0,5,0,0,0,0,6,0x5AA5,11263,18021,0,0,34448,2,4,2,4,255,0,4,15,0,0,1,0,0,0,0,0,0,0,6,0,0,11200,43842145
2026-09-25T07:12:10.891Z,63629531000000,0x051C,0x0104,0,2,63,12390,12390,0,-44009,-44014,423962,43842646,1,0,0,0,3,4,0,0,0,15,15,0,1,423962,2,1,0,0,0,0,0,0,5,0,0,0,0,6,0x5AA5,12390,6758,0,0,34450,2,4,2,4,255,0,4,15,0,0,1,0,0,0,0,0,0,0,6,0,0,12300,43842646
2026-09-25T07:12:11.423Z,63630062000000,0x051C,0x0104,0,2,63,6758,6758,0,-44002,-44009,423967,43843147,1,0,0,0,3,4,0,0,0,15,15,0,1,423967,2,1,0,0,0,0,0,0,5,0,0,0,0,6,0x5AA5,6758,-1126,0,0,34451,2,4,2,2,255,0,2,15,0,0,1,0,0,0,0,0,0,0,6,0,0,6700,43843147
2026-09-25T07:12:11.901Z,63630546000000,0x051C,0x0104,0,2,63,2253,2253,0,-44004,-44005,423972,43843648,1,0,0,0,3,4,0,0,0,15,15,0,1,423972,2,1,0,0,0,0,0,0,5,0,0,0,0,6,0x5AA5,2253,1126,0,0,34452,2,4,2,4,255,0,4,15,0,0,1,0,0,0,0,0,0,0,6,0,0,2200,43843648
2026-09-25T07:12:12.436Z,63631078000000,0x051C,0x0104,0,2,63,7884,7884,0,-44004,-44010,423977,43844149,1,0,0,0,3,4,0,0,0,15,15,0,1,423977,2,1,0,0,0,0,0,0,5,0,0,0,0,6,0x5AA5,7884,1126,0,0,34452,2,4,2,4,255,0,4,15,0,0,1,0,0,0,0,0,0,0,6,0,0,7800,43844149
2026-09-25T07:12:12.910Z,63631562000000,0x051C,0x0104,0,2,63,10137,10137,0,-44011,-44012,423982,43844649,1,0,0,0,3,4,0,0,0,15,15,0,1,423982,2,1,0,0,0,0,0,0,5,0,0,0,0,6,0x5AA5,10137,9011,0,0,34452,2,4,2,4,255,0,4,15,0,0,1,0,0,0,0,0,0,0,6,0,0,10100,43844649
2026-09-25T07:12:13.429Z,63632078000000,0x051C,0x0104,0,2,63,9011,9011,0,-43999,-44011,423987,43845150,1,0,0,0,3,4,0,0,0,15,15,0,1,423987,2,1,0,0,0,0,0,0,5,0,0,0,0,6,0x5AA5,9011,-4505,0,0,34453,2,4,2,2,255,0,2,15,0,0,1,0,0,0,0,0,0,0,6,0,0,9000,43845150
2026-09-25T07:12:13.903Z,63632546000000,0x051C,0x0104,0,2,63,4505,4505,0,-44010,-44007,423992,43845651,1,0,0,0,3,4,0,0,0,15,15,0,1,423992,2,1,0,0,0,0,0,0,5,0,0,0,0,6,0x5AA5,4505,7884,0,0,34456,2,4,2,4,255,0,4,15,0,0,1,0,0,0,0,0,0,0,6,0,0,4500,43845651
2026-09-25T07:12:14.439Z,63633078000000,0x051C,0x0104,0,2,63,1126,1126,0,-44009,-44004,423997,43846153,1,0,0,0,3,4,0,0,0,15,15,0,1,423997,2,1,0,0,0,0,0,0,5,0,0,0,0,6,0x5AA5,1126,6758,0,0,34458,2,4,2,4,255,0,4,15,0,0,1,0,0,0,0,0,0,0,6,0,0,1100,43846153
2026-09-25T07:12:14.914Z,63633562000000,0x051C,0x0104,0,2,63,3379,3379,0,-44023,-44006,424002,43846653,1,0,0,0,3,4,0,0,0,15,15,0,1,424002,2,1,0,0,0,0,0,0,5,0,0,0,0,6,0x5AA5,3379,22527,0,0,34460,2,4,2,4,255,0,4,15,0,0,1,0,0,0,0,0,0,0,6,0,0,3300,43846653
2026-09-25T07:12:15.431Z,63634078000000,0x051C,0x0104,0,2,63,11263,11263,0,-44034,-44013,424007,43847154,1,0,0,0,3,4,0,0,0,15,15,0,1,424007,2,1,0,0,0,0,0,0,5,0,0,0,0,6,0x5AA5,11263,34916,0,0,34460,2,4,2,4,255,0,4,15,0,0,1,0,0,0,0,0,0,0,6,0,0,11200,43847154
2026-09-25T07:12:15.905Z,63634546000000,0x051C,0x0104,0,2,63,14642,14642,0,-43991,-44016,424012,43847655,1,0,0,0,3,4,0,0,0,15,15,0,1,424012,2,1,0,0,0,0,0,0,5,0,0,0,0,6,0x5AA5,14642,-13516,0,0,34461,2,4,2,2,255,0,2,15,0,0,1,0,0,0,0,0,0,0,6,0,0,14600,43847655
2026-09-25T07:12:16.436Z,63635078000000,0x051C,0x0104,0,2,63,7884,7884,0,-43999,-44010,424017,43848156,1,0,0,0,3,4,0,0,0,15,15,0,1,424017,2,1,0,0,0,0,0,0,5,0,0,0,0,6,0x5AA5,7884,-4505,0,0,34463,2,4,2,2,255,0,2,15,0,0,1,0,0,0,0,0,0,0,6,0,0,7800,43848156
2026-09-25T07:12:16.909Z,63635562000000,0x051C,0x0104,0,2,63,4505,4505,0,-43996,-44007,424022,43848657,1,0,0,0,3,4,0,0,0,15,15,0,1,424022,2,1,0,0,0,0,0,0,5,0,0,0,0,6,0x5AA5,4505,-7884,0,0,34465,2,4,2,2,255,0,2,15,0,0,1,0,0,0,0,0,0,0,6,0,0,4500,43848657
2026-09-25T07:12:17.428Z,63636078000000,0x051C,0x0104,0,2,63,-1126,-1126,0,-43994,-44002,424027,43849157,1,0,0,0,3,4,0,0,0,15,15,0,1,424027,2,1,0,0,0,0,0,0,5,0,0,0,0,6,0x5AA5,-1126,-10137,0,0,34465,2,2,2,2,255,0,2,15,0,0,1,0,0,0,0,0,0,0,6,0,0,-1100,43849157
2026-09-25T07:12:17.901Z,63636546000000,0x051C,0x0104,0,2,63,0,0,0,-44002,-44003,424032,43849658,1,0,0,0,3,4,0,0,0,15,15,0,1,424032,2,1,0,0,0,0,0,0,5,0,0,0,0,6,0x5AA5,0,-1126,0,0,34467,2,3,2,2,255,0,2,15,0,0,1,0,0,0,0,0,0,0,6,0,0,0,43849658
2026-09-25T07:12:18.432Z,63637078000000,0x051C,0x0104,0,2,63,2253,2253,0,-44016,-44005,424037,43850159,1,0,0,0,3,4,0,0,0,15,15,0,1,424037,2,1,0,0,0,0,0,0,5,0,0,0,0,6,0x5AA5,2253,14642,0,0,34470,2,4,2,4,255,0,4,15,0,0,1,0,0,0,0,0,0,0,6,0,0,2200,43850159
2026-09-25T07:12:18.906Z,63637546000000,0x051C,0x0104,0,2,63,2253,2253,0,-44004,-44005,424042,43850660,1,0,0,0,3,4,0,0,0,15,15,0,1,424042,2,1,0,0,0,0,0,0,5,0,0,0,0,6,0x5AA5,2253,1126,0,0,34472,2,4,2,4,255,0,4,15,0,0,1,0,0,0,0,0,0,0,6,0,0,2200,43850660
2026-09-25T07:12:19.439Z,63638078000000,0x051C,0x0104,0,2,63,5632,5632,0,-44007,-44008,424047,43851161,1,0,0,0,3,4,0,0,0,15,15,0,1,424047,2,1,0,0,0,0,0,0,5,0,0,0,0,6,0x5AA5,5632,4505,0,0,34472,2,4,2,4,255,0,4,15,0,0,1,0,0,0,0,0,0,0,6,0,0,5600,43851161
2026-09-25T07:12:19.914Z,63638562000000,0x051C,0x0104,0,2,63,7884,7884,0,-43997,-44010,424052,43851662,1,0,0,0,3,4,0,0,0,15,15,0,1,424052,2,1,0,0,0,0,0,0,5,0,0,0,0,6,0x5AA5,7884,-6758,0,0,34473,2,4,2,2,255,0,2,15,0,0,1,0,0,0,0,0,0,0,6,0,0,7800,43851662
2026-09-25T07:12:20.432Z,63639078000000,0x051C,0x0104,0,2,63,1126,1126,0,-44000,-44004,424057,43852162,1,0,0,0,3,4,0,0,0,15,15,0,1,424057,2,1,0,0,0,0,0,0,5,0,0,0,0,6,0x5AA5,1126,-3379,0,0,34475,2,4,2,2,255,0,2,15,0,0,1,0,0,0,0,0,0,0,6,0,0,1100,43852162
2026-09-25T07:12:20.906Z,63639546000000,0x051C,0x0104,0,2,63,-1126,-1126,0,-43998,-44002,424062,43852663,1,0,0,0,3,4,0,0,0,15,15,0,1,424062,2,1,0,0,0,0,0,0,5,0,0,0,0,6,0x5AA5,-1126,-5632,0,0,34477,2,2,2,2,255,0,2,15,0,0,1,0,0,0,0,0,0,0,6,0,0,-1100,43852663
2026-09-25T07:12:21.437Z,63640078000000,0x051C,0x0104,0,2,63,1126,1126,0,-44018,-44004,424067,43853164,1,0,0,0,3,4,0,0,0,15,15,0,1,424067,2,1,0,0,0,0,0,0,5,0,0,0,0,6,0x5AA5,1126,16895,0,0,34478,2,4,2,4,255,0,4,15,0,0,1,0,0,0,0,0,0,0,6,0,0,1100,43853164
2026-09-25T07:12:21.911Z,63640562000000,0x051C,0x0104,0,2,63,1126,1126,0,-44006,-44004,424072,43853665,1,0,0,0,3,4,0,0,0,15,15,0,1,424072,2,1,0,0,0,0,0,0,5,0,0,0,0,6,0x5AA5,1126,3379,0,0,34480,2,4,2,4,255,0,4,15,0,0,1,0,0,0,0,0,0,0,6,0,0,1100,43853665
2026-09-25T07:12:22.429Z,63641078000000,0x051C,0x0104,0,2,63,1126,1126,0,-44003,-44004,424077,43854166,1,0,0,0,3,4,0,0,0,15,15,0,1,424077,2,1,0,0,0,0,0,0,5,0,0,0,0,6,0x5AA5,1126,0,0,0,34481,2,4,2,2,255,0,2,15,0,0,1,0,0,0,0,0,0,0,6,0,0,1100,43854166
2026-09-25T07:12:22.904Z,63641546000000,0x051C,0x0104,0,2,63,4505,4505,0,-44022,-44007,424082,43854666,1,0,0,0,3,4,0,0,0,15,15,0,1,424082,2,1,0,0,0,0,0,0,5,0,0,0,0,6,0x5AA5,4505,21400,0,0,34482,2,4,2,4,255,0,4,15,0,0,1,0,0,0,0,0,0,0,6,0,0,4500,43854666
2026-09-25T07:12:23.436Z,63642078000000,0x051C,0x0104,0,2,63,7884,7884,0,-44023,-44010,424087,43855167,1,0,0,0,3,4,0,0,0,15,15,0,1,424087,2,1,0,0,0,0,0,0,5,0,0,0,0,6,0x5AA5,7884,22527,0,0,34482,2,4,2,4,255,0,4,15,0,0,1,0,0,0,0,0,0,0,6,0,0,7800,43855167
2026-09-25T07:12:23.910Z,63642562000000,0x051C,0x0104,0,2,63,12390,12390,0,-43995,-44014,424092,43855668,1,0,0,0,3,4,0,0,0,15,15,0,1,424092,2,1,0,0,0,0,0,0,5,0,0,0,0,6,0x5AA5,12390,-9011,0,0,34483,2,4,2,2,255,0,2,15,0,0,1,0,0,0,0,0,0,0,6,0,0,12300,43855668
2026-09-25T07:12:24.428Z,63643078000000,0x051C,0x0104,0,2,63,9011,9011,0,-43996,-44011,424097,43856169,1,0,0,0,3,4,0,0,0,15,15,0,1,424097,2,1,0,0,0,0,0,0,5,0,0,0,0,6,0x5AA5,9011,-7884,0,0,34487,2,4,2,2,255,0,2,15,0,0,1,0,0,0,0,0,0,0,6,0,0,9000,43856169
2026-09-25T07:12:24.902Z,63643546000000,0x051C,0x0104,0,2,63,7884,7884,0,-44028,-44010,424102,43856670,1,0,0,0,3,4,0,0,0,15,15,0,1,424102,2,1,0,0,0,0,0,0,5,0,0,0,0,6,0x5AA5,7884,28158,0,0,34488,2,4,2,4,255,0,4,15,0,0,1,0,0,0,0,0,0,0,6,0,0,7800,43856670
2026-09-25T07:12:25.434Z,63644078000000,0x051C,0x0104,0,2,63,11263,11263,0,-44011,-44013,424107,43857171,1,0,0,0,3,4,0,0,0,15,15,0,1,424107,2,1,0,0,0,0,0,0,5,0,0,0,0,6,0x5AA5,11263,9011,0,0,34490,2,4,2,4,255,0,4,15,0,0,1,0,0,0,0,0,0,0,6,0,0,11200,43857171
2026-09-25T07:12:25.908Z,63644546000000,0x051C,0x0104,0,2,63,11263,11263,0,-44019,-44013,424112,43857671,1,0,0,0,3,4,0,0,0,15,15,0,1,424112,2,1,0,0,0,0,0,0,5,0,0,0,0,6,0x5AA5,11263,18021,0,0,34490,2,4,2,4,255,0,4,15,0,0,1,0,0,0,0,0,0,0,6,0,0,11200,43857671
2026-09-25T07:12:26.439Z,63645078000000,0x051C,0x0104,0,2,63,16895,16895,0,-44020,-44018,424117,43858173,1,0,0,0,3,4,0,0,0,15,15,0,1,424117,2,1,0,0,0,0,0,0,5,0,0,0,0,6,0x5AA5,16895,19148,0,0,34490,2,4,2,4,255,0,4,15,0,0,1,0,0,0,0,0,0,0,6,0,0,16800,43858173
2026-09-25T07:12:26.914Z,63645562000000,0x051C,0x0104,0,2,63,13516,13516,0,-44014,-44015,424122,43858673,1,0,0,0,3,4,0,0,0,15,15,0,1,424122,2,1,0,0,0,0,0,0,5,0,0,0,0,6,0x5AA5,13516,12390,0,0,34492,2,4,2,4,255,0,4,15,0,0,1,0,0,0,0,0,0,0,6,0,0,13500,43858673
2026-09-25T07:12:27.428Z,63646078000000,0x051C,0x0104,0,2,63,14642,14642,0,-44026,-44016,424127,43859174,1,0,0,0,3,4,0,0,0,15,15,0,1,424127,2,1,0,0,0,0,0,0,5,0,0,0,0,6,0x5AA5,14642,25906,0,0,34494,2,4,2,4,255,0,4,15,0,0,1,0,0,0,0,0,0,0,6,0,0,14600,43859174
2026-09-25T07:12:27.902Z,63646546000000,0x051C,0x0104,0,2,63,14642,14642,0,-44019,-44016,424132,43859675,1,0,0,0,3,4,0,0,0,15,15,0,1,424132,2,1,0,0,0,0,0,0,5,0,0,0,0,6,0x5AA5,14642,18021,0,0,34494,2,4,2,4,255,0,4,15,0,0,1,0,0,0,0,0,0,0,6,0,0,14600,43859675
2026-09-25T07:12:28.432Z,63647078000000,0x051C,0x0104,0,2,63,10137,10137,0,-44012,-44012,424137,43860176,1,0,0,0,3,4,0,0,0,15,15,0,1,424137,2,1,0,0,0,0,0,0,5,0,0,0,0,6,0x5AA5,10137,10137,0,0,34496,2,4,2,4,255,0,4,15,0,0,1,0,0,0,0,0,0,0,6,0,0,10100,43860176
2026-09-25T07:12:28.906Z,63647546000000,0x051C,0x0104,0,2,63,6758,6758,0,-44016,-44009,424142,43860677,1,0,0,0,3,4,0,0,0,15,15,0,1,424142,2,1,0,0,0,0,0,0,5,0,0,0,0,6,0x5AA5,6758,14642,0,0,34500,2,4,2,4,255,0,4,15,0,0,1,0,0,0,0,0,0,0,6,0,0,6700,43860677
2026-09-25T07:12:29.438Z,63648078000000,0x051C,0x0104,0,2,63,11263,11263,0,-44024,-44013,424147,43861177,1,0,0,0,3,4,0,0,0,15,15,0,1,424147,2,1,0,0,0,0,0,0,5,0,0,0,0,6,0x5AA5,11263,23653,0,0,34502,2,4,2,4,255,0,4,15,0,0,1,0,0,0,0,0,0,0,6,0,0,11200,43861177
2026-09-25T07:12:29.913Z,63648562000000,0x051C,0x0104,0,2,63,14642,14642,0,-44019,-44016,424152,43861678,1,0,0,0,3,4,0,0,0,15,15,0,1,424152,2,1,0,0,0,0,0,0,5,0,0,0,0,6,0x5AA5,14642,18021,0,0,34502,2,4,2,4,255,0,4,15,0,0,1,0,0,0,0,0,0,0,6,0,0,14600,43861678
2026-09-25T07:12:30.430Z,63649078000000,0x051C,0x0104,0,2,63,15769,15769,0,-44020,-44017,424157,43862179,1,0,0,0,3,4,0,0,0,15,15,0,1,424157,2,1,0,0,0,0,0,0,5,0,0,0,0,6,0x5AA5,15769,19148,0,0,34502,2,4,2,4,255,0,4,15,0,0,1,0,0,0,0,0,0,0,6,0,0,15700,43862179
2026-09-25T07:12:30.903Z,63649546000000,0x051C,0x0104,1,2,63,14642,14642,0,-44013,-44016,424162,43862680,1,0,0,0,3,4,0,0,0,15,15,0,1,424162,2,1,0,0,0,0,0,0,5,0,0,0,0,6,0x5AA5,14642,11263,0,0,34502,2,4,2,4,255,0,4,15,0,0,1,0,0,0,0,0,0,0,6,0,0,14600,43862680
2026-09-25T07:12:31.436Z,63650078000000,0x051C,0x0104,1,2,63,14642,14642,0,-44013,-44016,424167,43863181,1,0,0,0,3,4,0,0,0,15,15,0,1,424167,2,1,10000,10000,0,0,0,0,5,0,0,0,0,6,0x5AA5,14642,11263,0,0,34502,2,4,2,4,255,0,4,15,0,0,1,0,0,0,0,0,0,0,6,0,0,14600,43863181
2026-09-25T07:12:31.910Z,63650562000000,0x051C,0x0104,1,2,63,12390,12390,0,-44014,-44014,424172,43863682,1,0,0,0,3,4,0,0,0,15,15,0,1,424172,2,1,10000,10000,0,0,0,0,5,0,0,0,0,6,0x5AA5,12390,12390,0,0,34502,2,4,2,4,255,0,4,15,0,0,1,0,0,0,0,0,0,0,6,0,0,12300,43863682
2026-09-25T07:12:32.428Z,63651078000000,0x051C,0x0104,1,2,63,10137,10137,0,-44018,-44012,424177,43864183,1,0,0,0,3,4,0,0,0,15,15,0,1,424177,2,1,10000,10000,0,0,0,0,5,0,0,0,0,6,0x5AA5,10137,16895,0,0,34504,2,4,2,4,255,0,4,15,0,0,1,0,0,0,0,0,0,0,6,0,0,10100,43864183
2026-09-25T07:12:32.901Z,63651546000000,0x051C,0x0104,1,2,63,5632,5632,0,-44002,-44008,424182,43864683,1,0,0,0,3,4,0,0,0,15,15,0,1,424182,2,1,10000,10000,0,0,0,0,5,0,0,0,0,6,0x5AA5,5632,-1126,0,0,34507,2,4,2,2,255,0,2,15,0,0,1,0,0,0,0,0,0,0,6,0,0,5600,43864683
2026-09-25T07:12:33.434Z,63652078000000,0x051C,0x0104,1,2,63,9011,9011,0,-44005,-44011,424187,43865184,1,0,0,0,3,4,0,0,0,15,15,0,1,424187,2,1,10000,10000,0,0,0,0,5,0,0,0,0,6,0x5AA5,9011,2253,0,0,34508,2,4,2,4,255,0,4,15,0,0,1,0,0,0,0,0,0,0,6,0,0,9000,43865184
2026-09-25T07:12:33.908Z,63652546000000,0x051C,0x0104,1,2,63,7884,7884,0,-44032,-44010,424192,43865685,1,0,0,0,3,4,0,0,0,15,15,0,1,424192,2,1,10000,10000,0,0,0,0,5,0,0,0,0,6,0x5AA5,7884,32664,0,0,34510,2,4,2,4,255,0,4,15,0,0,1,0,0,0,0,0,0,0,6,0,0,7800,43865685
2026-09-25T07:12:34.440Z,63653078000000,0x051C,0x0104,1,2,63,4505,4505,0,-43998,-44007,424197,43866186,1,0,0,0,3,4,0,0,0,15,15,0,1,424197,2,1,10000,10000,0,0,0,0,5,0,0,0,0,6,0x5AA5,4505,-5632,0,0,34511,2,4,2,2,255,0,2,15,0,0,1,0,0,0,0,0,0,0,6,0,0,4500,43866186
2026-09-25T07:12:34.913Z,63653562000000,0x051C,0x0104,1,2,63,5632,5632,0,-44005,-44008,424202,43866687,1,0,0,0,3,4,0,0,0,15,15,0,1,424202,2,1,10000,10000,0,0,0,0,5,0,0,0,0,6,0x5AA5,5632,2253,0,0,34512,2,4,2,4,255,0,4,15,0,0,1,0,0,0,0,0,0,0,6,0,0,5600,43866687
2026-09-25T07:12:35.430Z,63654078000000,0x051C,0x0104,1,2,63,0,0,0,-44009,-44003,424207,43867188,1,0,0,0,3,4,0,0,0,15,15,0,1,424207,2,1,10000,10000,0,0,0,0,5,0,0,0,0,6,0x5AA5,0,6758,0,0,34514,2,3,2,4,255,0,4,15,0,0,1,0,0,0,0,0,0,0,6,0,0,0,43867188
2026-09-25T07:12:35.905Z,63654546000000,0x051C,0x0104,1,2,63,5632,5632,0,-43998,-44008,424212,43867689,1,0,0,0,3,4,0,0,0,15,15,0,1,424212,2,1,10000,10000,0,0,0,0,5,0,0,0,0,6,0x5AA5,5632,-5632,0,0,34515,2,4,2,2,255,0,2,15,0,0,1,0,0,0,0,0,0,0,6,0,0,5600,43867689
2026-09-25T07:12:36.436Z,63655078000000,0x051C,0x0104,1,2,63,4505,4505,0,-44009,-44007,424217,43868190,1,0,0,0,3,4,0,0,0,15,15,0,1,424217,2,1,10000,10000,0,0,0,0,5,0,0,0,0,6,0x5AA5,4505,6758,0,0,34518,2,4,2,4,255,0,4,15,0,0,1,0,0,0,0,0,0,0,6,0,0,4500,43868190
2026-09-25T07:12:36.909Z,63655562000000,0x051C,0x0104,1,2,63,6758,6758,0,-44017,-44009,424222,43868691,1,0,0,0,3,4,0,0,0,15,15,0,1,424222,2,1,10000,10000,0,0,0,0,5,0,0,0,0,6,0x5AA5,6758,15769,0,0,34518,2,4,2,4,255,0,4,15,0,0,1,0,0,0,0,0,0,0,6,0,0,6700,43868691
2026-09-25T07:12:37.427Z,63656078000000,0x051C,0x0104,1,2,63,2253,2253,0,-43995,-44005,424227,43869191,1,0,0,0,3,4,0,0,0,15,15,0,1,424227,2,1,10000,10000,0,0,0,0,5,0,0,0,0,6,0x5AA5,2253,-9011,0,0,34523,2,4,2,2,255,0,2,15,0,0,1,0,0,0,0,0,0,0,6,0,0,2200,43869191
2026-09-25T07:12:37.901Z,63656546000000,0x051C,0x0104,1,2,63,-3379,-3379,0,-43992,-44000,424232,43869693,1,0,0,0,3,4,0,0,0,15,15,0,1,424232,2,1,10000,10000,0,0,0,0,5,0,0,0,0,6,0x5AA5,-3379,-12390,0,0,34523,2,2,2,2,255,0,2,15,0,0,1,0,0,0,0,0,0,0,6,0,0,-3300,43869693
2026-09-25T07:12:38.430Z,63657078000000,0x051C,0x0104,1,2,63,-4505,-4505,0,-43994,-43999,424237,43870193,1,0,0,0,3,4,0,0,0,15,15,0,1,424237,2,1,10000,10000,0,0,0,0,5,0,0,0,0,6,0x5AA5,-4505,-10137,0,0,34525,2,2,2,2,255,0,2,15,0,0,1,0,0,0,0,0,0,0,6,0,0,-4500,43870193
2026-09-25T07:12:38.904Z,63657546000000,0x051C,0x0104,1,2,63,-5632,-5632,0,-43990,-43998,424242,43870694,1,0,0,0,3,4,0,0,0,15,15,0,1,424242,2,1,10000,10000,0,0,0,0,5,0,0,0,0,6,0x5AA5,-5632,-14642,0,0,34529,2,2,2,2,255,0,2,15,0,0,1,0,0,0,0,0,0,0,6,0,0,-5600,43870694
2026-09-25T07:12:39.435Z,63658078000000,0x051C,0x0104,0,2,63,-5632,-5632,0,-43998,-43998,424247,43871195,1,0,0,0,3,4,0,0,0,15,15,0,1,424247,2,1,0,0,0,0,0,0,5,0,0,0,0,6,0x5AA5,-5632,-5632,0,0,34531,2,2,2,2,255,0,2,15,0,0,1,0,0,0,0,0,0,0,6,0,0,-5600,43871195
2026-09-25T07:12:39.909Z,63658546000000,0x051C,0x0104,0,2,63,-1126,-1126,0,-43987,-44002,424252,43871696,1,0,0,0,3,4,0,0,0,15,15,0,1,424252,2,1,0,0,0,0,0,0,5,0,0,0,0,6,0x5AA5,-1126,-18021,0,0,34533,2,2,2,2,255,0,2,15,0,0,1,0,0,0,0,0,0,0,6,0,0,-1100,43871696
2026-09-25T07:12:40.443Z,63659093000000,0x051C,0x0104,0,2,63,-6758,-6758,0,-44002,-43997,424257,43872197,1,0,0,0,3,4,0,0,0,15,15,0,1,424257,2,1,0,0,0,0,0,0,5,0,0,0,0,6,0x5AA5,-6758,-1126,0,0,34533,2,2,2,2,255,0,2,15,0,0,1,0,0,0,0,0,0,0,6,0,0,-6700,43872197
2026-09-25T07:12:40.919Z,63659562000000,0x051C,0x0104,0,2,63,0,0,0,-43987,-44003,424262,43872698,1,0,0,0,3,4,0,0,0,15,15,0,1,424262,2,1,0,0,0,0,0,0,5,0,0,0,0,6,0x5AA5,0,-18021,0,0,34537,2,3,2,2,255,0,2,15,0,0,1,0,0,0,0,0,0,0,6,0,0,0,43872698
2026-09-25T07:12:41.450Z,63660093000000,0x051C,0x0104,0,2,63,-3379,-3379,0,-44009,-44000,424267,43873199,1,0,0,0,3,4,0,0,0,15,15,0,1,424267,2,1,0,0,0,0,0,0,5,0,0,0,0,6,0x5AA5,-3379,6758,0,0,34538,2,2,2,4,255,0,4,15,0,0,1,0,0,0,0,0,0,0,6,0,0,-3300,43873199
2026-09-25T07:12:41.926Z,63660578000000,0x051C,0x0104,0,2,63,0,0,0,-44007,-44003,424272,43873700,1,0,0,0,3,4,0,0,0,15,15,0,1,424272,2,1,0,0,0,0,0,0,5,0,0,0,0,6,0x5AA5,0,4505,0,0,34540,2,3,2,4,255,0,4,15,0,0,1,0,0,0,0,0,0,0,6,0,0,0,43873700
2026-09-25T07:12:42.445Z,63661093000000,0x051C,0x0104,0,2,63,0,0,0,-44000,-44003,424277,43874200,1,0,0,0,3,4,0,0,0,15,15,0,1,424277,2,1,0,0,0,0,0,0,5,0,0,0,0,6,0x5AA5,0,-3379,0,0,34543,2,3,2,2,255,0,2,15,0,0,1,0,0,0,0,0,0,0,6,0,0,0,43874200
2026-09-25T07:12:42.921Z,63661562000000,0x051C,0x0104,0,2,63,-2253,-2253,0,-43985,-44001,424282,43874701,1,0,0,0,3,4,0,0,0,15,15,0,1,424282,2,1,0,0,0,0,0,0,5,0,0,0,0,6,0x5AA5,-2253,-20274,0,0,34545,2,2,2,2,255,0,2,15,0,0,1,0,0,0,0,0,0,0,6,0,0,-2200,43874701
2026-09-25T07:12:43.453Z,63662093000000,0x051C,0x0104,0,2,63,-3379,-3379,0,-44005,-44000,424287,43875202,1,0,0,0,3,4,0,0,0,15,15,0,1,424287,2,1,0,0,0,0,0,0,5,0,0,0,0,6,0x5AA5,-3379,2253,0,0,34548,2,2,2,4,255,0,4,15,0,0,1,0,0,0,0,0,0,0,6,0,0,-3300,43875202
2026-09-25T07:12:43.929Z,63662578000000,0x051C,0x0104,0,2,63,-3379,-3379,0,-43986,-44000,424292,43875703,1,0,0,0,3,4,0,0,0,15,15,0,1,424292,2,1,0,0,0,0,0,0,5,0,0,0,0,6,0x5AA5,-3379,-19148,0,0,34549,2,2,2,2,255,0,2,15,0,0,1,0,0,0,0,0,0,0,6,0,0,-3300,43875703
2026-09-25T07:12:44.446Z,63663093000000,0x051C,0x0104,0,2,63,-2253,-2253,0,-44004,-44001,424297,43876204,1,0,0,0,3,4,0,0,0,15,15,0,1,424297,2,1,0,0,0,0,0,0,5,0,0,0,0,6,0x5AA5,-2253,1126,0,0,34552,2,2,2,4,255,0,4,15,0,0,1,0,0,0,0,0,0,0,6,0,0,-2200,43876204
2026-09-25T07:12:44.923Z,63663562000000,0x051C,0x0104,0,2,63,-1126,-1126,0,-44003,-44002,424302,43876705,1,0,0,0,3,4,0,0,0,15,15,0,1,424302,2,1,0,0,0,0,0,0,5,0,0,0,0,6,0x5AA5,-1126,0,0,0,34554,2,2,2,4,255,0,4,15,0,0,1,0,0,0,0,0,0,0,6,0,0,-1100,43876705
2026-09-25T07:12:45.455Z,63664093000000,0x051C,0x0104,0,2,63,1126,1126,0,-44013,-44004,424307,43877206,1,0,0,0,3,4,0,0,0,15,15,0,1,424307,2,1,0,0,0,0,0,0,5,0,0,0,0,6,0x5AA5,1126,11263,0,0,34556,2,4,2,4,255,0,4,15,0,0,1,0,0,0,0,0,0,0,6,0,0,1100,43877206
2026-09-25T07:12:45.932Z,63664578000000,0x051C,0x0104,0,2,63,-1126,-1126,0,-44005,-44002,424312,43877707,1,0,0,0,3,4,0,0,0,15,15,0,1,424312,2,1,0,0,0,0,0,0,5,0,0,0,0,6,0x5AA5,-1126,2253,0,0,34558,2,2,2,4,255,0,4,15,0,0,1,0,0,0,0,0,0,0,6,0,0,-1100,43877707
2026-09-25T07:12:46.465Z,63665109000000,0x051C,0x0104,0,2,63,1126,1126,0,-44006,-44004,424317,43878208,1,0,0,0,3,4,0,0,0,15,15,0,1,424317,2,1,0,0,0,0,0,0,5,0,0,0,0,6,0x5AA5,1126,3379,0,0,34560,2,4,2,4,255,0,4,15,0,0,1,0,0,0,0,0,0,0,6,0,0,1100,43878208
2026-09-25T07:12:46.940Z,63665578000000,0x051C,0x0104,0,2,63,4505,4505,0,-44005,-44007,424322,43878708,1,0,0,0,3,4,0,0,0,15,15,0,1,424322,2,1,0,0,0,0,0,0,5,0,0,0,0,6,0x5AA5,4505,2253,0,0,34560,2,4,2,4,255,0,4,15,0,0,1,0,0,0,0,0,0,0,6,0,0,4500,43878708
2026-09-25T07:12:47.472Z,63666125000000,0x051C,0x0104,0,2,63,1126,1126,0,-44006,-44004,424327,43879209,1,0,0,0,3,4,0,0,0,15,15,0,1,424327,2,1,0,0,0,0,0,0,5,0,0,0,0,6,0x5AA5,1126,3379,0,0,34562,2,4,2,4,255,0,4,15,0,0,1,0,0,0,0,0,0,0,6,0,0,1100,43879209
2026-09-25T07:12:47.946Z,63666593000000,0x051C,0x0104,0,2,63,3379,3379,0,-44015,-44006,424332,43879710,1,0,0,0,3,4,0,0,0,15,15,0,1,424332,2,1,0,0,0,0,0,0,5,0,0,0,0,6,0x5AA5,3379,13516,0,0,34562,2,4,2,4,255,0,4,15,0,0,1,0,0,0,0,0,0,0,6,0,0,3300,43879710
2026-09-25T07:12:48.479Z,63667125000000,0x051C,0x0104,0,2,63,0,0,0,-43998,-44003,424337,43880211,1,0,0,0,3,4,0,0,0,15,15,0,1,424337,2,1,0,0,0,0,0,0,5,0,0,0,0,6,0x5AA5,0,-5632,0,0,34565,2,3,2,2,255,0,2,15,0,0,1,0,0,0,0,0,0,0,6,0,0,0,43880211
2026-09-25T07:12:48.953Z,63667593000000,0x051C,0x0104,0,2,63,6758,6758,0,-43989,-44009,424342,43880713,1,0,0,0,3,4,0,0,0,15,15,0,1,424342,2,1,0,0,0,0,0,0,5,0,0,0,0,6,0x5AA5,6758,-15769,0,0,34567,2,4,2,2,255,0,2,15,0,0,1,0,0,0,0,0,0,0,6,0,0,6700,43880713
2026-09-25T07:12:49.486Z,63668125000000,0x051C,0x0104,0,2,63,10137,10137,0,-44016,-44012,424347,43881213,1,0,0,0,3,4,0,0,0,15,15,0,1,424347,2,1,0,0,0,0,0,0,5,0,0,0,0,6,0x5AA5,10137,14642,0,0,34568,2,4,2,4,255,0,4,15,0,0,1,0,0,0,0,0,0,0,6,0,0,10100,43881213
2026-09-25T07:12:49.961Z,63668609000000,0x051C,0x0104,0,2,63,10137,10137,0,-43998,-44012,424352,43881714,1,0,0,0,3,4,0,0,0,15,15,0,1,424352,2,1,0,0,0,0,0,0,5,0,0,0,0,6,0x5AA5,10137,-5632,0,0,34569,2,4,2,2,255,0,2,15,0,0,1,0,0,0,0,0,0,0,6,0,0,10100,43881714
2026-09-25T07:12:50.475Z,63669125000000,0x051C,0x0104,0,2,63,5632,5632,0,-44006,-44008,424357,43882215,1,0,0,0,3,4,0,0,0,15,15,0,1,424357,2,1,0,0,0,0,0,0,5,0,0,0,0,6,0x5AA5,5632,3379,0,0,34570,2,4,2,4,255,0,4,15,0,0,1,0,0,0,0,0,0,0,6,0,0,5600,43882215
2026-09-25T07:12:50.949Z,63669593000000,0x051C,0x0104,0,2,63,5632,5632,0,-44008,-44008,424362,43882715,1,0,0,0,3,4,0,0,0,15,15,0,1,424362,2,1,0,0,0,0,0,0,5,0,0,0,0,6,0x5AA5,5632,5632,0,0,34570,2,4,2,4,255,0,4,15,0,0,1,0,0,0,0,0,0,0,6,0,0,5600,43882715
2026-09-25T07:12:51.483Z,63670125000000,0x051C,0x0104,0,2,63,5632,5632,0,-43980,-44008,424367,43883216,1,0,0,0,3,4,0,0,0,15,15,0,1,424367,2,1,0,0,0,0,0,0,5,0,0,0,0,6,0x5AA5,5632,-25906,0,0,34571,2,4,2,2,255,0,2,15,0,0,1,0,0,0,0,0,0,0,6,0,0,5600,43883216
2026-09-25T07:12:51.958Z,63670609000000,0x051C,0x0104,0,2,63,3379,3379,0,-44015,-44006,424372,43883717,1,0,0,0,3,4,0,0,0,15,15,0,1,424372,2,1,0,0,0,0,0,0,5,0,0,0,0,6,0x5AA5,3379,13516,0,0,34572,2,4,2,4,255,0,4,15,0,0,1,0,0,0,0,0,0,0,6,0,0,3300,43883717
2026-09-25T07:12:52.475Z,63671125000000,0x051C,0x0104,0,2,63,2253,2253,0,-43989,-44005,424377,43884218,1,0,0,0,3,4,0,0,0,15,15,0,1,424377,2,1,0,0,0,0,0,0,5,0,0,0,0,6,0x5AA5,2253,-15769,0,0,34573,2,4,2,2,255,0,2,15,0,0,1,0,0,0,0,0,0,0,6,0,0,2200,43884218
2026-09-25T07:12:52.948Z,63671593000000,0x051C,0x0104,0,2,63,2253,2253,0,-44005,-44005,424382,43884719,1,0,0,0,3,4,0,0,0,15,15,0,1,424382,2,1,0,0,0,0,0,0,5,0,0,0,0,6,0x5AA5,2253,2253,0,0,34576,2,4,2,4,255,0,4,15,0,0,1,0,0,0,0,0,0,0,6,0,0,2200,43884719
2026-09-25T07:12:53.478Z,63672125000000,0x051C,0x0104,0,2,63,3379,3379,0,-43988,-44006,424387,43885220,1,0,0,0,3,4,0,0,0,15,15,0,1,424387,2,1,0,0,0,0,0,0,5,0,0,0,0,6,0x5AA5,3379,-16895,0,0,34579,2,4,2,2,255,0,2,15,0,0,1,0,0,0,0,0,0,0,6,0,0,3300,43885220
2026-09-25T07:12:53.953Z,63672593000000,0x051C,0x0104,0,2,63,-6758,-6758,0,-43988,-43997,424392,43885721,1,0,0,0,3,4,0,0,0,15,15,0,1,424392,2,1,0,0,0,0,0,0,5,0,0,0,0,6,0x5AA5,-6758,-16895,0,0,34579,2,2,2,2,255,0,2,15,0,0,1,0,0,0,0,0,0,0,6,0,0,-6700,43885721
2026-09-25T07:12:54.485Z,63673125000000,0x051C,0x0104,0,2,63,-6758,-6758,0,-43999,-43997,424397,43886222,1,0,0,0,3,4,0,0,0,15,15,0,1,424397,2,1,0,0,0,0,0,0,5,0,0,0,0,6,0x5AA5,-6758,-4505,0,0,34579,2,2,2,2,255,0,2,15,0,0,1,0,0,0,0,0,0,0,6,0,0,-6700,43886222
2026-09-25T07:12:54.960Z,63673609000000,0x051C,0x0104,0,2,63,-1126,-1126,0,-44015,-44002,424402,43886723,1,0,0,0,3,4,0,0,0,15,15,0,1,424402,2,1,0,0,0,0,0,0,5,0,0,0,0,6,0x5AA5,-1126,13516,0,0,34580,2,2,2,4,255,0,4,15,0,0,1,0,0,0,0,0,0,0,6,0,0,-1100,43886723
2026-09-25T07:12:55.479Z,63674125000000,0x051C,0x0104,0,2,63,4505,4505,0,-44009,-44007,424407,43887224,1,0,0,0,3,4,0,0,0,15,15,0,1,424407,2,1,0,0,0,0,0,0,5,0,0,0,0,6,0x5AA5,4505,6758,0,0,34580,2,4,2,4,255,0,4,15,0,0,1,0,0,0,0,0,0,0,6,0,0,4500,43887224
2026-09-25T07:12:55.954Z,63674593000000,0x051C,0x0104,0,2,63,7884,7884,0,-44014,-44010,424412,43887724,1,0,0,0,3,4,0,0,0,15,15,0,1,424412,2,1,0,0,0,0,0,0,5,0,0,0,0,6,0x5AA5,7884,12390,0,0,34580,2,4,2,4,255,0,4,15,0,0,1,0,0,0,0,0,0,0,6,0,0,7800,43887724
2026-09-25T07:12:56.485Z,63675125000000,0x051C,0x0104,0,2,63,0,0,0,-44004,-44003,424417,43888225,1,0,0,0,3,4,0,0,0,15,15,0,1,424417,2,1,0,0,0,0,0,0,5,0,0,0,0,6,0x5AA5,0,1126,0,0,34582,2,3,2,4,255,0,4,15,0,0,1,0,0,0,0,0,0,0,6,0,0,0,43888225
2026-09-25T07:12:56.959Z,63675609000000,0x051C,0x0104,0,2,63,1126,1126,0,-44034,-44004,424422,43888726,1,0,0,0,3,4,0,0,0,15,15,0,1,424422,2,1,0,0,0,0,0,0,5,0,0,0,0,6,0x5AA5,1126,34916,0,0,34586,2,4,2,4,255,0,4,15,0,0,1,0,0,0,0,0,0,0,6,0,0,1100,43888726
2026-09-25T07:12:57.475Z,63676125000000,0x051C,0x0104,0,2,63,5632,5632,0,-44013,-44008,424427,43889227,1,0,0,0,3,4,0,0,0,15,15,0,1,424427,2,1,0,0,0,0,0,0,5,0,0,0,0,6,0x5AA5,5632,11263,0,0,34588,2,4,2,4,255,0,4,15,0,0,1,0,0,0,0,0,0,0,6,0,0,5600,43889227
2026-09-25T07:12:57.948Z,63676593000000,0x051C,0x0104,0,2,63,0,0,0,-43997,-44003,424432,43889728,1,0,0,0,3,4,0,0,0,15,15,0,1,424432,2,1,0,0,0,0,0,0,5,0,0,0,0,6,0x5AA5,0,-6758,0,0,34591,2,3,2,2,255,0,2,15,0,0,1,0,0,0,0,0,0,0,6,0,0,0,43889728
2026-09-25T07:12:58.479Z,63677125000000,0x051C,0x0104,0,2,63,-4505,-4505,0,-44000,-43999,424437,43890229,1,0,0,0,3,4,0,0,0,15,15,0,1,424437,2,1,0,0,0,0,0,0,5,0,0,0,0,6,0x5AA5,-4505,-3379,0,0,34591,2,2,2,2,255,0,2,15,0,0,1,0,0,0,0,0,0,0,6,0,0,-4500,43890229
2026-09-25T07:12:58.954Z,63677593000000,0x051C,0x0104,0,2,63,0,0,0,-44023,-44003,424442,43890729,1,0,0,0,3,4,0,0,0,15,15,0,1,424442,2,1,0,0,0,0,0,0,5,0,0,0,0,6,0x5AA5,0,22527,0,0,34592,2,3,2,4,255,0,4,15,0,0,1,0,0,0,0,0,0,0,6,0,0,0,43890729
2026-09-25T07:12:59.485Z,63678125000000,0x051C,0x0104,0,2,63,-2253,-2253,0,-44014,-44001,424447,43891230,1,0,0,0,3,4,0,0,0,15,15,0,1,424447,2,1,0,0,0,0,0,0,5,0,0,0,0,6,0x5AA5,-2253,12390,0,0,34594,2,2,2,4,255,0,4,15,0,0,1,0,0,0,0,0,0,0,6,0,0,-2200,43891230
2026-09-25T07:12:59.959Z,63678609000000,0x051C,0x0104,0,2,63,-5632,-5632,0,-44008,-43998,424452,43891731,1,0,0,0,3,4,0,0,0,15,15,0,1,424452,2,1,0,0,0,0,0,0,5,0,0,0,0,6,0x5AA5,-5632,5632,0,0,34598,2,2,2,4,255,0,4,15,0,0,1,0,0,0,0,0,0,0,6,0,0,-5600,43891731
2026-09-25T07:13:00.475Z,63679125000000,0x051C,0x0104,0,2,63,-6758,-6758,0,-43982,-43997,424457,43892233,1,0,0,0,3,4,0,0,0,15,15,0,1,424457,2,1,0,0,0,0,0,0,5,0,0,0,0,6,0x5AA5,-6758,-23653,0,0,34601,2,2,2,2,255,0,2,15,0,0,1,0,0,0,0,0,0,0,6,0,0,-6700,43892233
2026-09-25T07:13:00.948Z,63679593000000,0x051C,0x0104,0,2,63,-11263,-11263,0,-44002,-43993,424462,43892733,1,0,0,0,3,4,0,0,0,15,15,0,1,424462,2,1,0,0,0,0,0,0,5,0,0,0,0,6,0x5AA5,-11263,-1126,0,0,34603,2,2,2,2,255,0,2,15,0,0,1,0,0,0,0,0,0,0,6,0,0,-11200,43892733
2026-09-25T07:13:01.483Z,63680125000000,0x051C,0x0104,0,2,63,-2253,-2253,0,-44001,-44001,424467,43893234,1,0,0,0,3,4,0,0,0,15,15,0,1,424467,2,1,0,0,0,0,0,0,5,0,0,0,0,6,0x5AA5,-2253,-2253,0,0,34605,2,2,2,2,255,0,2,15,0,0,1,0,0,0,0,0,0,0,6,0,0,-2200,43893234
2026-09-25T07:13:01.957Z,63680609000000,0x051C,0x0104,0,2,63,-3379,-3379,0,-44010,-44000,424472,43893734,1,0,0,0,3,4,0,0,0,15,15,0,1,424472,2,1,0,0,0,0,0,0,5,0,0,0,0,6,0x5AA5,-3379,7884,0,0,34606,2,2,2,4,255,0,4,15,0,0,1,0,0,0,0,0,0,0,6,0,0,-3300,43893734
2026-09-25T07:13:02.472Z,63681109000000,0x051C,0x0104,0,2,63,-2253,-2253,0,-44005,-44001,424477,43894235,1,0,0,0,3,4,0,0,0,15,15,0,1,424477,2,1,0,0,0,0,0,0,5,0,0,0,0,6,0x5AA5,-2253,2253,0,0,34608,2,2,2,4,255,0,4,15,0,0,1,0,0,0,0,0,0,0,6,0,0,-2200,43894235
2026-09-25T07:13:02.963Z,63681609000000,0x051C,0x0104,0,2,63,3379,3379,0,-44011,-44006,424482,43894736,1,0,0,0,3,4,0,0,0,15,15,0,1,424482,2,1,0,0,0,0,0,0,5,0,0,0,0,6,0x5AA5,3379,9011,0,0,34608,2,4,2,4,255,0,4,15,0,0,1,0,0,0,0,0,0,0,6,0,0,3300,43894736
2026-09-25T07:13:03.497Z,63682140000000,0x051C,0x0104,0,2,63,6758,6758,0,-44012,-44009,424487,43895237,1,0,0,0,3,4,0,0,0,15,15,0,1,424487,2,1,0,0,0,0,0,0,5,0,0,0,0,6,0x5AA5,6758,10137,0,0,34610,2,4,2,4,255,0,4,15,0,0,1,0,0,0,0,0,0,0,6,0,0,6700,43895237
2026-09-25T07:13:03.974Z,63682625000000,0x051C,0x0104,0,2,63,6758,6758,0,-43991,-44009,424492,43895738,1,0,0,0,3,4,0,0,0,15,15,0,1,424492,2,1,0,0,0,0,0,0,5,0,0,0,0,6,0x5AA5,6758,-13516,0,0,34613,2,4,2,2,255,0,2,15,0,0,1,0,0,0,0,0,0,0,6,0,0,6700,43895738
2026-09-25T07:13:04.491Z,63683140000000,0x051C,0x0104,0,2,63,-3379,-3379,0,-43995,-44000,424497,43896239,1,0,0,0,3,4,0,0,0,15,15,0,1,424497,2,1,0,0,0,0,0,0,5,0,0,0,0,6,0x5AA5,-3379,-9011,0,0,34613,2,2,2,2,255,0,2,15,0,0,1,0,0,0,0,0,0,0,6,0,0,-3300,43896239
2026-09-25T07:13:04.967Z,63683609000000,0x051C,0x0104,0,2,63,0,0,0,-44006,-44003,424502,43896739,1,0,0,0,3,4,0,0,0,15,15,0,1,424502,2,1,0,0,0,0,0,0,5,0,0,0,0,6,0x5AA5,0,3379,0,0,34614,2,3,2,4,255,0,4,15,0,0,1,0,0,0,0,0,0,0,6,0,0,0,43896739
2026-09-25T07:13:05.501Z,63684140000000,0x051C,0x0104,0,2,63,5632,5632,0,-44012,-44008,424507,43897240,1,0,0,0,3,4,0,0,0,15,15,0,1,424507,2,1,0,0,0,0,0,0,5,0,0,0,0,6,0x5AA5,5632,10137,0,0,34616,2,4,2,4,255,0,4,15,0,0,1,0,0,0,0,0,0,0,6,0,0,5600,43897240
2026-09-25T07:13:05.977Z,63684625000000,0x051C,0x0104,0,2,63,4505,4505,0,-44000,-44007,424512,43897741,1,0,0,0,3,4,0,0,0,15,15,0,1,424512,2,1,0,0,0,0,0,0,5,0,0,0,0,6,0x5AA5,4505,-3379,0,0,34619,2,4,2,2,255,0,2,15,0,0,1,0,0,0,0,0,0,0,6,0,0,4500,43897741
2026-09-25T07:13:06.495Z,63685140000000,0x051C,0x0104,0,2,63,1126,1126,0,-44012,-44004,424517,43898242,1,0,0,0,3,4,0,0,0,15,15,0,1,424517,2,1,0,0,0,0,0,0,5,0,0,0,0,6,0x5AA5,1126,10137,0,0,34620,2,4,2,4,255,0,4,15,0,0,1,0,0,0,0,0,0,0,6,0,0,1100,43898242
2026-09-25T07:13:06.973Z,63685625000000,0x051C,0x0104,0,2,63,1126,1126,0,-43998,-44004,424522,43898743,1,0,0,0,3,4,0,0,0,15,15,0,1,424522,2,1,0,0,0,0,0,0,5,0,0,0,0,6,0x5AA5,1126,-5632,0,0,34623,2,4,2,2,255,0,2,15,0,0,1,0,0,0,0,0,0,0,6,0,0,1100,43898743
2026-09-25T07:13:07.491Z,63686140000000,0x051C,0x0104,0,2,63,3379,3379,0,-44016,-44006,424527,43899244,1,0,0,0,3,4,0,0,0,15,15,0,1,424527,2,1,0,0,0,0,0,0,5,0,0,0,0,6,0x5AA5,3379,14642,0,0,34626,2,4,2,4,255,0,4,15,0,0,1,0,0,0,0,0,0,0,6,0,0,3300,43899244
2026-09-25T07:13:07.967Z,63686609000000,0x051C,0x0104,0,2,63,3379,3379,0,-44010,-44006,424532,43899744,1,0,0,0,3,4,0,0,0,15,15,0,1,424532,2,1,0,0,0,0,0,0,5,0,0,0,0,6,0x5AA5,3379,7884,0,0,34628,2,4,2,4,255,0,4,15,0,0,1,0,0,0,0,0,0,0,6,0,0,3300,43899744
2026-09-25T07:13:08.501Z,63687140000000,0x051C,0x0104,0,2,63,3379,3379,0,-43988,-44006,424537,43900245,1,0,0,0,3,4,0,0,0,15,15,0,1,424537,2,1,0,0,0,0,0,0,5,0,0,0,0,6,0x5AA5,3379,-16895,0,0,34631,2,4,2,2,255,0,2,15,0,0,1,0,0,0,0,0,0,0,6,0,0,3300,43900245
2026-09-25T07:13:08.977Z,63687625000000,0x051C,0x0104,0,2,63,0,0,0,-43983,-44003,424542,43900746,1,0,0,0,3,4,0,0,0,15,15,0,1,424542,2,1,0,0,0,0,0,0,5,0,0,0,0,6,0x5AA5,0,-22527,0,0,34633,2,3,2,2,255,0,2,15,0,0,1,0,0,0,0,0,0,0,6,0,0,0,43900746
2026-09-25T07:13:09.510Z,63688156000000,0x051C,0x0104,0,2,63,2253,2253,0,-44010,-44005,424547,43901247,1,0,0,0,3,4,0,0,0,15,15,0,1,424547,2,1,0,0,0,0,0,0,5,0,0,0,0,6,0x5AA5,2253,7884,0,0,34634,2,4,2,4,255,0,4,15,0,0,1,0,0,0,0,0,0,0,6,0,0,2200,43901247
2026-09-25T07:13:09.985Z,63688625000000,0x051C,0x0104,0,2,63,3379,3379,0,-44002,-44006,424552,43901748,1,0,0,0,3,4,0,0,0,15,15,0,1,424552,2,1,0,0,0,0,0,0,5,0,0,0,0,6,0x5AA5,3379,-1126,0,0,34637,2,4,2,2,255,0,2,15,0,0,1,0,0,0,0,0,0,0,6,0,0,3300,43901748
2026-09-25T07:13:10.518Z,63689156000000,0x051C,0x0104,0,2,63,1126,1126,0,-43969,-44004,424557,43902249,1,0,0,0,3,4,0,0,0,15,15,0,1,424557,2,1,0,0,0,0,0,0,5,0,0,0,0,6,0x5AA5,1126,-38295,0,0,34639,2,4,2,2,255,0,2,15,0,0,1,0,0,0,0,0,0,0,6,0,0,1100,43902249
2026-09-25T07:13:10.993Z,63689640000000,0x051C,0x0104,0,2,63,-6758,-6758,0,-44000,-43997,424562,43902749,1,0,0,0,3,4,0,0,0,15,15,0,1,424562,2,1,0,0,0,0,0,0,5,0,0,0,0,6,0x5AA5,-6758,-3379,0,0,34639,2,2,2,2,255,0,2,15,0,0,1,0,0,0,0,0,0,0,6,0,0,-6700,43902749
2026-09-25T07:13:11.511Z,63690156000000,0x051C,0x0104,0,2,63,-3379,-3379,0,-44008,-44000,424567,43903250,1,0,0,0,3,4,0,0,0,15,15,0,1,424567,2,1,0,0,0,0,0,0,5,0,0,0,0,6,0x5AA5,-3379,5632,0,0,34642,2,2,2,4,255,0,4,15,0,0,1,0,0,0,0,0,0,0,6,0,0,-3300,43903250
2026-09-25T07:13:11.984Z,63690625000000,0x051C,0x0104,0,2,63,-2253,-2253,0,-43993,-44001,424572,43903751,1,0,0,0,3,4,0,0,0,15,15,0,1,424572,2,1,0,0,0,0,0,0,5,0,0,0,0,6,0x5AA5,-2253,-11263,0,0,34643,2,2,2,2,255,0,2,15,0,0,1,0,0,0,0,0,0,0,6,0,0,-2200,43903751
2026-09-25T07:13:12.517Z,63691156000000,0x051C,0x0104,0,2,63,-2253,-2253,0,-44015,-44001,424577,43904253,1,0,0,0,3,4,0,0,0,15,15,0,1,424577,2,1,0,0,0,0,0,0,5,0,0,0,0,6,0x5AA5,-2253,13516,0,0,34648,2,2,2,4,255,0,4,15,0,0,1,0,0,0,0,0,0,0,6,0,0,-2200,43904253
2026-09-25T07:13:12.993Z,63691640000000,0x051C,0x0104,0,2,63,-2253,-2253,0,-43988,-44001,424582,43904753,1,0,0,0,3,4,0,0,0,15,15,0,1,424582,2,1,0,0,0,0,0,0,5,0,0,0,0,6,0x5AA5,-2253,-16895,0,0,34649,2,2,2,2,255,0,2,15,0,0,1,0,0,0,0,0,0,0,6,0,0,-2200,43904753
2026-09-25T07:13:13.508Z,63692156000000,0x051C,0x0104,0,2,63,-4505,-4505,0,-43994,-43999,424587,43905254,1,0,0,0,3,4,0,0,0,15,15,0,1,424587,2,1,0,0,0,0,0,0,5,0,0,0,0,6,0x5AA5,-4505,-10137,0,0,34651,2,2,2,2,255,0,2,15,0,0,1,0,0,0,0,0,0,0,6,0,0,-4500,43905254
2026-09-25T07:13:13.982Z,63692625000000,0x051C,0x0104,0,2,63,-3379,-3379,0,-43994,-44000,424592,43905754,1,0,0,0,3,4,0,0,0,15,15,0,1,424592,2,1,0,0,0,0,0,0,5,0,0,0,0,6,0x5AA5,-3379,-10137,0,0,34653,2,2,2,2,255,0,2,15,0,0,1,0,0,0,0,0,0,0,6,0,0,-3300,43905754
2026-09-25T07:13:14.514Z,63693156000000,0x051C,0x0104,0,2,63,-2253,-2253,0,-43981,-44001,424597,43906255,1,0,0,0,3,4,0,0,0,15,15,0,1,424597,2,1,0,0,0,0,0,0,5,0,0,0,0,6,0x5AA5,-2253,-24779,0,0,34655,2,2,2,2,255,0,2,15,0,0,1,0,0,0,0,0,0,0,6,0,0,-2200,43906255
2026-09-25T07:13:14.990Z,63693640000000,0x051C,0x0104,0,2,63,-7884,-7884,0,-44000,-43996,424602,43906756,1,0,0,0,3,4,0,0,0,15,15,0,1,424602,2,1,0,0,0,0,0,0,5,0,0,0,0,6,0x5AA5,-7884,-3379,0,0,34657,2,2,2,2,255,0,2,15,0,0,1,0,0,0,0,0,0,0,6,0,0,-7800,43906756
2026-09-25T07:13:15.508Z,63694156000000,0x051C,0x0104,0,2,63,-7884,-7884,0,-44004,-43996,424607,43907257,1,0,0,0,3,4,0,0,0,15,15,0,1,424607,2,1,0,0,0,0,0,0,5,0,0,0,0,6,0x5AA5,-7884,1126,0,0,34658,2,2,2,4,255,0,4,15,0,0,1,0,0,0,0,0,0,0,6,0,0,-7800,43907257
2026-09-25T07:13:15.983Z,63694625000000,0x051C,0x0104,0,2,63,-3379,-3379,0,-44004,-44000,424612,43907758,1,0,0,0,3,4,0,0,0,15,15,0,1,424612,2,1,0,0,0,0,0,0,5,0,0,0,0,6,0x5AA5,-3379,1126,0,0,34658,2,2,2,4,255,0,4,15,0,0,1,0,0,0,0,0,0,0,6,0,0,-3300,43907758
2026-09-25T07:13:16.514Z,63695156000000,0x051C,0x0104,0,2,63,3379,3379,0,-43990,-44006,424617,43908259,1,0,0,0,3,4,0,0,0,15,15,0,1,424617,2,1,0,0,0,0,0,0,5,0,0,0,0,6,0x5AA5,3379,-14642,0,0,34659,2,4,2,2,255,0,2,15,0,0,1,0,0,0,0,0,0,0,6,0,0,3300,43908259
2026-09-25T07:13:16.990Z,63695640000000,0x051C,0x0104,0,2,63,1126,1126,0,-43995,-44004,424622,43908759,1,0,0,0,3,4,0,0,0,15,15,0,1,424622,2,1,0,0,0,0,0,0,5,0,0,0,0,6,0x5AA5,1126,-9011,0,0,34661,2,4,2,2,255,0,2,15,0,0,1,0,0,0,0,0,0,0,6,0,0,1100,43908759
2026-09-25T07:13:17.508Z,63696156000000,0x051C,0x0104,0,2,63,3379,3379,0,-44018,-44006,424627,43909260,1,0,0,0,3,4,0,0,0,15,15,0,1,424627,2,1,0,0,0,0,0,0,5,0,0,0,0,6,0x5AA5,3379,16895,0,0,34662,2,4,2,4,255,0,4,15,0,0,1,0,0,0,0,0,0,0,6,0,0,3300,43909260
2026-09-25T07:13:17.982Z,63696625000000,0x051C,0x0104,0,2,63,-2253,-2253,0,-44002,-44001,424632,43909761,1,0,0,0,3,4,0,0,0,15,15,0,1,424632,2,1,0,0,0,0,0,0,5,0,0,0,0,6,0x5AA5,-2253,-1126,0,0,34663,2,2,2,2,255,0,2,15,0,0,1,0,0,0,0,0,0,0,6,0,0,-2200,43909761
2026-09-25T07:13:18.515Z,63697156000000,0x051C,0x0104,0,2,63,-2253,-2253,0,-43986,-44001,424637,43910262,1,0,0,0,3,4,0,0,0,15,15,0,1,424637,2,1,0,0,0,0,0,0,5,0,0,0,0,6,0x5AA5,-2253,-19148,0,0,34665,2,2,2,2,255,0,2,15,0,0,1,0,0,0,0,0,0,0,6,0,0,-2200,43910262
2026-09-25T07:13:18.988Z,63697640000000,0x051C,0x0104,0,2,63,1126,1126,0,-44014,-44004,424642,43910763,1,0,0,0,3,4,0,0,0,15,15,0,1,424642,2,1,0,0,0,0,0,0,5,0,0,0,0,6,0x5AA5,1126,12390,0,0,34666,2,4,2,4,255,0,4,15,0,0,1,0,0,0,0,0,0,0,6,0,0,1100,43910763
2026-09-25T07:13:19.505Z,63698156000000,0x051C,0x0104,0,2,63,-1126,-1126,0,-44011,-44002,424647,43911264,1,0,0,0,3,4,0,0,0,15,15,0,1,424647,2,1,0,0,0,0,0,0,5,0,0,0,0,6,0x5AA5,-1126,9011,0,0,34668,2,2,2,4,255,0,4,15,0,0,1,0,0,0,0,0,0,0,6,0,0,-1100,43911264
2026-09-25T07:13:19.980Z,63698625000000,0x051C,0x0104,0,2,63,3379,3379,0,-44011,-44006,424652,43911765,1,0,0,0,3,4,0,0,0,15,15,0,1,424652,2,1,0,0,0,0,0,0,5,0,0,0,0,6,0x5AA5,3379,9011,0,0,34668,2,4,2,4,255,0,4,15,0,0,1,0,0,0,0,0,0,0,6,0,0,3300,43911765
2026-09-25T07:13:20.512Z,63699156000000,0x051C,0x0104,0,2,63,12390,12390,0,-44011,-44014,424657,43912266,1,0,0,0,3,4,0,0,0,15,15,0,1,424657,2,1,0,0,0,0,0,0,5,0,0,0,0,6,0x5AA5,12390,9011,0,0,34668,2,4,2,4,255,0,4,15,0,0,1,0,0,0,0,0,0,0,6,0,0,12300,43912266
2026-09-25T07:13:20.985Z,63699625000000,0x051C,0x0104,0,2,63,7884,7884,0,-44014,-44010,424662,43912766,1,0,0,0,3,4,0,0,0,15,15,0,1,424662,2,1,0,0,0,0,0,0,5,0,0,0,0,6,0x5AA5,7884,12390,0,0,34670,2,4,2,4,255,0,4,15,0,0,1,0,0,0,0,0,0,0,6,0,0,7800,43912766
2026-09-25T07:13:21.520Z,63700171000000,0x051C,0x0104,0,2,63,6758,6758,0,-43990,-44009,424667,43913267,1,0,0,0,3,4,0,0,0,15,15,0,1,424667,2,1,0,0,0,0,0,0,5,0,0,0,0,6,0x5AA5,6758,-14642,0,0,34671,2,4,2,2,255,0,2,15,0,0,1,0,0,0,0,0,0,0,6,0,0,6700,43913267
2026-09-25T07:13:21.979Z,63700625000000,0x051C,0x0104,0,2,63,5632,5632,0,-44010,-44008,424672,43913768,1,0,0,0,3,4,0,0,0,15,15,0,1,424672,2,1,0,0,0,0,0,0,5,0,0,0,0,6,0x5AA5,5632,7884,0,0,34672,2,4,2,4,255,0,4,15,0,0,1,0,0,0,0,0,0,0,6,0,0,5600,43913768
2026-09-25T07:13:22.510Z,63701156000000,0x051C,0x0104,0,2,63,6758,6758,0,-43997,-44009,424677,43914269,1,0,0,0,3,4,0,0,0,15,15,0,1,424677,2,1,0,0,0,0,0,0,5,0,0,0,0,6,0x5AA5,6758,-6758,0,0,34673,2,4,2,2,255,0,2,15,0,0,1,0,0,0,0,0,0,0,6,0,0,6700,43914269
2026-09-25T07:13:22.985Z,63701625000000,0x051C,0x0104,0,2,63,2253,2253,0,-44013,-44005,424682,43914770,1,0,0,0,3,4,0,0,0,15,15,0,1,424682,2,1,0,0,0,0,0,0,5,0,0,0,0,6,0x5AA5,2253,11263,0,0,34676,2,4,2,4,255,0,4,15,0,0,1,0,0,0,0,0,0,0,6,0,0,2200,43914770
2026-09-25T07:13:23.516Z,63702156000000,0x051C,0x0104,0,2,63,4505,4505,0,-44008,-44007,424687,43915271,1,0,0,0,3,4,0,0,0,15,15,0,1,424687,2,1,0,0,0,0,0,0,5,0,0,0,0,6,0x5AA5,4505,5632,0,0,34678,2,4,2,4,255,0,4,15,0,0,1,0,0,0,0,0,0,0,6,0,0,4500,43915271
2026-09-25T07:13:23.990Z,63702640000000,0x051C,0x0104,0,2,63,3379,3379,0,-44014,-44006,424692,43915772,1,0,0,0,3,4,0,0,0,15,15,0,1,424692,2,1,0,0,0,0,0,0,5,0,0,0,0,6,0x5AA5,3379,12390,0,0,34680,2,4,2,4,255,0,4,15,0,0,1,0,0,0,0,0,0,0,6,0,0,3300,43915772
2026-09-25T07:13:24.506Z,63703156000000,0x051C,0x0104,0,2,63,1126,1126,0,-44002,-44004,424697,43916273,1,0,0,0,3,4,0,0,0,15,15,0,1,424697,2,1,0,0,0,0,0,0,5,0,0,0,0,6,0x5AA5,1126,-1126,0,0,34683,2,4,2,2,255,0,2,15,0,0,1,0,0,0,0,0,0,0,6,0,0,1100,43916273
2026-09-25T07:13:24.980Z,63703625000000,0x051C,0x0104,0,2,63,3379,3379,0,-43998,-44006,424702,43916773,1,0,0,0,3,4,0,0,0,15,15,0,1,424702,2,1,0,0,0,0,0,0,5,0,0,0,0,6,0x5AA5,3379,-5632,0,0,34685,2,4,2,2,255,0,2,15,0,0,1,0,0,0,0,0,0,0,6,0,0,3300,43916773
2026-09-25T07:13:25.512Z,63704156000000,0x051C,0x0104,0,2,63,-1126,-1126,0,-43996,-44002,424707,43917274,1,0,0,0,3,4,0,0,0,15,15,0,1,424707,2,1,0,0,0,0,0,0,5,0,0,0,0,6,0x5AA5,-1126,-7884,0,0,34689,2,2,2,2,255,0,2,15,0,0,1,0,0,0,0,0,0,0,6,0,0,-1100,43917274
2026-09-25T07:13:25.985Z,63704625000000,0x051C,0x0104,0,2,63,-1126,-1126,0,-43998,-44002,424712,43917775,1,0,0,0,3,4,0,0,0,15,15,0,1,424712,2,1,0,0,0,0,0,0,5,0,0,0,0,6,0x5AA5,-1126,-5632,0,0,34691,2,2,2,2,255,0,2,15,0,0,1,0,0,0,0,0,0,0,6,0,0,-1100,43917775
2026-09-25T07:13:26.519Z,63705171000000,0x051C,0x0104,0,2,63,-1126,-1126,0,-44010,-44002,424717,43918276,1,0,0,0,3,4,0,0,0,15,15,0,1,424717,2,1,0,0,0,0,0,0,5,0,0,0,0,6,0x5AA5,-1126,7884,0,0,34694,2,2,2,4,255,0,4,15,0,0,1,0,0,0,0,0,0,0,6,0,0,-1100,43918276
2026-09-25T07:13:26.982Z,63705625000000,0x051C,0x0104,0,2,63,-1126,-1126,0,-44017,-44002,424722,43918777,1,0,0,0,3,4,0,0,0,15,15,0,1,424722,2,1,0,0,0,0,0,0,5,0,0,0,0,6,0x5AA5,-1126,15769,0,0,34696,2,2,2,4,255,0,4,15,0,0,1,0,0,0,0,0,0,0,6,0,0,-1100,43918777
2026-09-25T07:13:27.514Z,63706156000000,0x051C,0x0104,0,2,63,-2253,-2253,0,-43998,-44001,424727,43919278,1,0,0,0,3,4,0,0,0,15,15,0,1,424727,2,1,0,0,0,0,0,0,5,0,0,0,0,6,0x5AA5,-2253,-5632,0,0,34697,2,2,2,2,255,0,2,15,0,0,1,0,0,0,0,0,0,0,6,0,0,-2200,43919278
2026-09-25T07:13:27.989Z,63706640000000,0x051C,0x0104,0,2,63,-11263,-11263,0,-43991,-43993,424732,43919778,1,0,0,0,3,4,0,0,0,15,15,0,1,424732,2,1,0,0,0,0,0,0,5,0,0,0,0,6,0x5AA5,-11263,-13516,0,0,34697,2,2,2,2,255,0,2,15,0,0,1,0,0,0,0,0,0,0,6,0,0,-11200,43919778
2026-09-25T07:13:28.511Z,63707156000000,0x051C,0x0104,0,2,63,-3379,-3379,0,-44025,-44000,424737,43920279,1,0,0,0,3,4,0,0,0,15,15,0,1,424737,2,1,0,0,0,0,0,0,5,0,0,0,0,6,0x5AA5,-3379,24779,0,0,34698,2,2,2,4,255,0,4,15,0,0,1,0,0,0,0,0,0,0,6,0,0,-3300,43920279
2026-09-25T07:13:28.986Z,63707625000000,0x051C,0x0104,0,2,63,-1126,-1126,0,-43998,-44002,424742,43920780,1,0,0,0,3,4,0,0,0,15,15,0,1,424742,2,1,0,0,0,0,0,0,5,0,0,0,0,6,0x5AA5,-1126,-5632,0,0,34701,2,2,2,2,255,0,2,15,0,0,1,0,0,0,0,0,0,0,6,0,0,-1100,43920780
2026-09-25T07:13:29.521Z,63708171000000,0x051C,0x0104,0,2,63,3379,3379,0,-44003,-44006,424747,43921281,1,0,0,0,3,4,0,0,0,15,15,0,1,424747,2,1,0,0,0,0,0,0,5,0,0,0,0,6,0x5AA5,3379,0,0,0,34704,2,4,2,4,255,0,4,15,0,0,1,0,0,0,0,0,0,0,6,0,0,3300,43921281
2026-09-25T07:13:29.983Z,63708625000000,0x051C,0x0104,0,2,63,-1126,-1126,0,-43988,-44002,424751,43921785,1,0,0,0,3,4,0,0,0,15,15,0,1,424752,2,1,0,0,0,0,0,0,5,0,0,0,0,6,0x5AA5,0,-10137,0,0,34705,2,3,2,2,255,0,2,15,0,0,1,0,0,0,0,0,0,0,6,0,0,0,43921682
2026-09-25T07:13:30.516Z,63709156000000,0x051C,0x0104,0,2,63,-1126,-1126,0,-44014,-44002,424757,43922283,1,0,0,0,3,4,0,0,0,15,15,0,1,424757,2,1,0,0,0,0,0,0,5,0,0,0,0,6,0x5AA5,-1126,12390,0,0,34708,2,2,2,4,255,0,4,15,0,0,1,0,0,0,0,0,0,0,6,0,0,-1100,43922283
2026-09-25T07:13:30.993Z,63709640000000,0x051C,0x0104,0,2,63,0,0,0,-44016,-44003,424762,43922784,1,0,0,0,3,4,0,0,0,15,15,0,1,424762,2,1,0,0,0,0,0,0,5,0,0,0,0,6,0x5AA5,0,14642,0,0,34710,2,3,2,4,255,0,4,15,0,0,1,0,0,0,0,0,0,0,6,0,0,0,43922784
2026-09-25T07:13:31.512Z,63710156000000,0x051C,0x0104,0,2,63,4505,4505,0,-43997,-44007,424766,43923289,1,0,0,0,3,4,0,0,0,15,15,0,1,424767,2,1,0,0,0,0,0,0,5,0,0,0,0,6,0x5AA5,5632,-5632,0,0,34711,2,4,2,2,255,0,2,15,0,0,1,0,0,0,0,0,0,0,6,0,0,5600,43923184
2026-09-25T07:13:31.990Z,63710640000000,0x051C,0x0104,0,2,63,2253,2253,0,-44006,-44005,424772,43923785,1,0,0,0,3,4,0,0,0,15,15,0,1,424772,2,1,0,0,0,0,0,0,5,0,0,0,0,6,0x5AA5,2253,3379,0,0,34712,2,4,2,4,255,0,4,15,0,0,1,0,0,0,0,0,0,0,6,0,0,2200,43923785
2026-09-25T07:13:32.510Z,63711156000000,0x051C,0x0104,0,2,63,2253,2253,0,-44015,-44005,424776,43924286,1,0,0,0,3,4,0,0,0,15,15,0,1,424777,2,1,0,0,0,0,0,0,5,0,0,0,0,6,0x5AA5,0,13516,0,0,34714,2,3,2,4,255,0,4,15,0,0,1,0,0,0,0,0,0,0,6,0,0,0,43924186
2026-09-25T07:13:32.988Z,63711640000000,0x051C,0x0104,0,2,63,4505,4505,0,-44001,-44007,424781,43924790,1,0,0,0,3,4,0,0,0,15,15,0,1,424782,2,1,0,0,0,0,0,0,5,0,0,0,0,6,0x5AA5,5632,10137,0,0,34716,2,4,2,4,255,0,4,15,0,0,1,0,0,0,0,0,0,0,6,0,0,5600,43924687
2026-09-25T07:13:33.504Z,63712156000000,0x051C,0x0104,0,2,63,3379,3379,0,-44006,-44006,424786,43925288,1,0,0,0,3,4,0,0,0,15,15,0,1,424787,2,1,0,0,0,0,0,0,5,0,0,0,0,6,0x5AA5,3379,2253,0,0,34720,2,4,2,4,255,0,4,15,0,0,1,0,0,0,0,0,0,0,6,0,0,3300,43925188
2026-09-25T07:13:33.978Z,63712625000000,0x051C,0x0104,0,2,63,3379,3379,0,-43989,-44006,424791,43925789,1,0,0,0,3,4,0,0,0,15,15,0,1,424792,2,1,0,0,0,0,0,0,5,0,0,0,0,6,0x5AA5,3379,15769,0,0,34722,2,4,2,4,255,0,4,15,0,0,1,0,0,0,0,0,0,0,6,0,0,3300,43925688
2026-09-25T07:13:34.515Z,63713156000000,0x051C,0x0104,0,2,63,1126,1126,0,-44007,-44004,424796,43926289,1,0,0,0,3,4,0,0,0,15,15,0,1,424797,2,1,0,0,0,0,0,0,5,0,0,0,0,6,0x5AA5,1126,-1126,0,0,34725,2,4,2,2,255,0,2,15,0,0,1,0,0,0,0,0,0,0,6,0,0,1100,43926189
2026-09-25T07:13:34.994Z,63713640000000,0x051C,0x0104,0,2,63,-3379,-3379,0,-44006,-44000,424801,43926795,1,0,0,0,3,4,0,0,0,15,15,0,1,424802,2,1,0,0,0,0,0,0,5,0,0,0,0,6,0x5AA5,-3379,0,0,0,34727,2,2,2,2,255,0,2,15,0,0,1,0,0,0,0,0,0,0,6,0,0,-3300,43926690
2026-09-25T07:13:35.510Z,63714156000000,0x051C,0x0104,0,2,63,3379,3379,0,-44012,-44006,424806,43927291,1,0,0,0,3,4,0,0,0,15,15,0,1,424807,2,1,0,0,0,0,0,0,5,0,0,0,0,6,0x5AA5,2253,13516,0,0,34728,2,4,2,4,255,0,4,15,0,0,1,0,0,0,0,0,0,0,6,0,0,2200,43927191
2026-09-25T07:13:35.984Z,63714625000000,0x051C,0x0104,0,2,63,10137,10137,0,-44016,-44012,424811,43927793,1,0,0,0,3,4,0,0,0,15,15,0,1,424812,2,1,0,0,0,0,0,0,5,0,0,0,0,6,0x5AA5,9011,16895,0,0,34728,2,4,2,4,255,0,4,15,0,0,1,0,0,0,0,0,0,0,6,0,0,9000,43927693
2026-09-25T07:13:36.522Z,63715171000000,0x051C,0x0104,0,2,63,6758,6758,0,-43989,-44009,424816,43928297,1,0,0,0,3,4,0,0,0,15,15,0,1,424817,2,1,0,0,0,0,0,0,5,0,0,0,0,6,0x5AA5,10137,-13516,0,0,34729,2,4,2,2,255,0,2,15,0,0,1,0,0,0,0,0,0,0,6,0,0,10100,43928193
2026-09-25T07:13:36.981Z,63715625000000,0x051C,0x0104,0,2,63,4505,4505,0,-43994,-44007,424821,43928794,1,0,0,0,3,4,0,0,0,15,15,0,1,424822,2,1,0,0,0,0,0,0,5,0,0,0,0,6,0x5AA5,4505,7884,0,0,34730,2,4,2,4,255,0,4,15,0,0,1,0,0,0,0,0,0,0,6,0,0,4500,43928693
2026-09-25T07:13:37.511Z,63716156000000,0x051C,0x0104,0,2,63,0,0,0,-44000,-44003,424826,43929294,1,0,0,0,3,4,0,0,0,15,15,0,1,424827,2,1,0,0,0,0,0,0,5,0,0,0,0,6,0x5AA5,1126,-11263,0,0,34733,2,4,2,2,255,0,2,15,0,0,1,0,0,0,0,0,0,0,6,0,0,1100,43929194
2026-09-25T07:13:37.984Z,63716625000000,0x051C,0x0104,0,2,63,3379,3379,0,-44020,-44006,424831,43929795,1,0,0,0,3,4,0,0,0,15,15,0,1,424832,2,1,0,0,0,0,0,0,5,0,0,0,0,6,0x5AA5,2253,12390,0,0,34736,2,4,2,4,255,0,4,15,0,0,1,0,0,0,0,0,0,0,6,0,0,2200,43929695
2026-09-25T07:13:38.521Z,63717171000000,0x051C,0x0104,0,2,63,11263,11263,0,-44010,-44013,424836,43930296,1,0,0,0,3,4,0,0,0,15,15,0,1,424837,2,1,0,0,0,0,0,0,5,0,0,0,0,6,0x5AA5,10137,16895,0,0,34736,2,4,2,4,255,0,4,15,0,0,1,0,0,0,0,0,0,0,6,0,0,10100,43930196
2026-09-25T07:13:38.983Z,63717625000000,0x051C,0x0104,0,2,63,9011,9011,0,-43991,-44011,424841,43930797,1,0,0,0,3,4,0,0,0,15,15,0,1,424842,2,1,0,0,0,0,0,0,5,0,0,0,0,6,0x5AA5,11263,-3379,0,0,34739,2,4,2,2,255,0,2,15,0,0,1,0,0,0,0,0,0,0,6,0,0,11200,43930697
2026-09-25T07:13:39.516Z,63718156000000,0x051C,0x0104,0,2,63,11263,11263,0,-44026,-44013,424846,43931298,1,0,0,0,3,4,0,0,0,15,15,0,1,424847,2,1,0,0,0,0,0,0,5,0,0,0,0,6,0x5AA5,9011,-1126,0,0,34741,2,4,2,2,255,0,2,15,0,0,1,0,0,0,0,0,0,0,6,0,0,9000,43931198
2026-09-25T07:13:39.993Z,63718640000000,0x051C,0x0104,0,2,63,3379,3379,0,-44001,-44006,424851,43931799,1,0,0,0,3,4,0,0,0,15,15,0,1,424852,2,1,0,0,0,0,0,0,5,0,0,0,0,6,0x5AA5,4505,-2253,0,0,34745,2,4,2,2,255,0,2,15,0,0,1,0,0,0,0,0,0,0,6,0,0,4500,43931699
2026-09-25T07:13:40.510Z,63719156000000,0x051C,0x0104,0,2,63,1126,1126,0,-44005,-44004,424856,43932299,1,0,0,0,3,4,0,0,0,15,15,0,1,424857,2,1,0,0,0,0,0,0,5,0,0,0,0,6,0x5AA5,2253,-7884,0,0,34747,2,4,2,2,255,0,2,15,0,0,1,0,0,0,0,0,0,0,6,0,0,2200,43932199
2026-09-25T07:13:40.986Z,63719625000000,0x051C,0x0104,0,2,63,0,0,0,-44007,-44003,424861,43932800,1,0,0,0,3,4,0,0,0,15,15,0,1,424862,2,1,0,0,0,0,0,0,5,0,0,0,0,6,0x5AA5,-1126,18021,0,0,34750,2,2,2,4,255,0,4,15,0,0,1,0,0,0,0,0,0,0,6,0,0,-1100,43932700
2026-09-25T07:13:41.519Z,63720171000000,0x051C,0x0104,0,2,63,1126,1126,0,-44017,-44004,424866,43933301,1,0,0,0,3,4,0,0,0,15,15,0,1,424867,2,1,0,0,0,0,0,0,5,0,0,0,0,6,0x5AA5,0,12390,0,0,34752,2,3,2,4,255,0,4,15,0,0,1,0,0,0,0,0,0,0,6,0,0,0,43933201
2026-09-25T07:13:41.977Z,63720625000000,0x051C,0x0104,0,2,63,6758,6758,0,-44010,-44009,424871,43933702,1,0,0,0,3,4,0,0,0,15,15,0,1,424871,2,1,0,0,0,0,0,0,5,0,0,0,0,6,0x5AA5,6758,7884,0,0,34752,2,4,2,4,255,0,4,15,0,0,1,0,0,0,0,0,0,0,6,0,0,6700,43933702
2026-09-25T07:13:42.513Z,63721156000000,0x051C,0x0104,0,2,63,6758,6758,0,-44006,-44009,424876,43934203,1,0,0,0,3,4,0,0,0,15,15,0,1,424876,2,1,0,0,0,0,0,0,5,0,0,0,0,6,0x5AA5,6758,3379,0,0,34754,2,4,2,4,255,0,4,15,0,0,1,0,0,0,0,0,0,0,6,0,0,6700,43934203
2026-09-25T07:13:42.990Z,63721640000000,0x051C,0x0104,0,2,63,5632,5632,0,-44000,-44008,424881,43934804,1,0,0,0,3,4,0,0,0,15,15,0,1,424882,2,1,0,0,0,0,0,0,5,0,0,0,0,6,0x5AA5,6758,0,0,0,34754,2,4,2,4,255,0,4,15,0,0,1,0,0,0,0,0,0,0,6,0,0,6700,43934704
2026-09-25T07:13:43.508Z,63722156000000,0x051C,0x0104,0,2,63,1126,1126,0,-44016,-44004,424886,43935204,1,0,0,0,3,4,0,0,0,15,15,0,1,424886,2,1,0,0,0,0,0,0,5,0,0,0,0,6,0x5AA5,1126,14642,0,0,34758,2,4,2,4,255,0,4,15,0,0,1,0,0,0,0,0,0,0,6,0,0,1100,43935204
2026-09-25T07:13:43.983Z,63722625000000,0x051C,0x0104,0,2,63,5632,5632,0,-44033,-44008,424891,43935705,1,0,0,0,3,4,0,0,0,15,15,0,1,424891,2,1,0,0,0,0,0,0,5,0,0,0,0,6,0x5AA5,5632,33790,0,0,34758,2,4,2,4,255,0,4,15,0,0,1,0,0,0,0,0,0,0,6,0,0,5600,43935705
2026-09-25T07:13:44.516Z,63723156000000,0x051C,0x0104,0,2,63,14642,14642,0,-44032,-44016,424896,43936306,1,0,0,0,3,4,0,0,0,15,15,0,1,424897,2,1,0,0,0,0,0,0,5,0,0,0,0,6,0x5AA5,13516,25906,0,0,34758,2,4,2,4,255,0,4,15,0,0,1,0,0,0,0,0,0,0,6,0,0,13500,43936206
2026-09-25T07:13:44.993Z,63723640000000,0x051C,0x0104,0,2,63,13516,13516,0,-44008,-44015,424901,43936807,1,0,0,0,3,4,0,0,0,15,15,0,1,424902,2,1,0,0,0,0,0,0,5,0,0,0,0,6,0x5AA5,14642,-6758,0,0,34759,2,4,2,2,255,0,2,15,0,0,1,0,0,0,0,0,0,0,6,0,0,14600,43936707
2026-09-25T07:13:45.508Z,63724156000000,0x051C,0x0104,0,2,63,10137,10137,0,-44017,-44012,424906,43937208,1,0,0,0,3,4,0,0,0,15,15,0,1,424906,2,1,0,0,0,0,0,0,5,0,0,0,0,6,0x5AA5,10137,15769,0,0,34762,2,4,2,4,255,0,4,15,0,0,1,0,0,0,0,0,0,0,6,0,0,10100,43937208
2026-09-25T07:13:45.983Z,63724625000000,0x051C,0x0104,0,2,63,7884,7884,0,-44015,-44010,424911,43937709,1,0,0,0,3,4,0,0,0,15,15,0,1,424911,2,1,0,0,0,0,0,0,5,0,0,0,0,6,0x5AA5,7884,13516,0,0,34762,2,4,2,4,255,0,4,15,0,0,1,0,0,0,0,0,0,0,6,0,0,7800,43937709
2026-09-25T07:13:46.519Z,63725171000000,0x051C,0x0104,0,2,63,13516,13516,0,-44024,-44015,424916,43938209,1,0,0,0,3,4,0,0,0,15,15,0,1,424916,2,1,0,0,0,0,0,0,5,0,0,0,0,6,0x5AA5,13516,23653,0,0,34762,2,4,2,4,255,0,4,15,0,0,1,0,0,0,0,0,0,0,6,0,0,13500,43938209
2026-09-25T07:13:46.978Z,63725625000000,0x051C,0x0104,0,2,63,10137,10137,0,-43994,-44012,424921,43938710,1,0,0,0,3,4,0,0,0,15,15,0,1,424921,2,1,0,0,0,0,0,0,5,0,0,0,0,6,0x5AA5,10137,-10137,0,0,34763,2,4,2,2,255,0,2,15,0,0,1,0,0,0,0,0,0,0,6,0,0,10100,43938710
2026-09-25T07:13:47.511Z,63726156000000,0x051C,0x0104,0,2,63,3379,3379,0,-44014,-44006,424926,43939211,1,0,0,0,3,4,0,0,0,15,15,0,1,424926,2,1,0,0,0,0,0,0,5,0,0,0,0,6,0x5AA5,3379,12390,0,0,34764,2,4,2,4,255,0,4,15,0,0,1,0,0,0,0,0,0,0,6,0,0,3300,43939211
2026-09-25T07:13:47.985Z,63726625000000,0x051C,0x0104,0,2,63,12390,12390,0,-44007,-44014,424931,43939712,1,0,0,0,3,4,0,0,0,15,15,0,1,424931,2,1,0,0,0,0,0,0,5,0,0,0,0,6,0x5AA5,12390,4505,0,0,34764,2,4,2,4,255,0,4,15,0,0,1,0,0,0,0,0,0,0,6,0,0,12300,43939712
2026-09-25T07:13:48.522Z,63727171000000,0x051C,0x0104,0,2,63,10137,10137,0,-44014,-44012,424936,43940213,1,0,0,0,3,4,0,0,0,15,15,0,1,424936,2,1,0,0,0,0,0,0,5,0,0,0,0,6,0x5AA5,10137,12390,0,0,34764,2,4,2,4,255,0,4,15,0,0,1,0,0,0,0,0,0,0,6,0,0,10100,43940213
2026-09-25T07:13:48.983Z,63727625000000,0x051C,0x0104,0,2,63,13516,13516,0,-44021,-44015,424941,43940714,1,0,0,0,3,4,0,0,0,15,15,0,1,424941,2,1,0,0,0,0,0,0,5,0,0,0,0,6,0x5AA5,13516,20274,0,0,34764,2,4,2,4,255,0,4,15,0,0,1,0,0,0,0,0,0,0,6,0,0,13500,43940714
2026-09-25T07:13:49.517Z,63728156000000,0x051C,0x0104,0,2,63,7884,7884,0,-44005,-44010,424946,43941214,1,0,0,0,3,4,0,0,0,15,15,0,1,424946,2,1,0,0,0,0,0,0,5,0,0,0,0,6,0x5AA5,7884,2253,0,0,34766,2,4,2,4,255,0,4,15,0,0,1,0,0,0,0,0,0,0,6,0,0,7800,43941214
2026-09-25T07:13:49.993Z,63728640000000,0x051C,0x0104,0,2,63,3379,3379,0,-44013,-44006,424951,43941715,1,0,0,0,3,4,0,0,0,15,15,0,1,424951,2,1,0,0,0,0,0,0,5,0,0,0,0,6,0x5AA5,3379,11263,0,0,34770,2,4,2,4,255,0,4,15,0,0,1,0,0,0,0,0,0,0,6,0,0,3300,43941715
2026-09-25T07:13:50.510Z,63729156000000,0x051C,0x0104,0,2,63,3379,3379,0,-43999,-44006,424956,43942216,1,0,0,0,3,4,0,0,0,15,15,0,1,424956,2,1,0,0,0,0,0,0,5,0,0,0,0,6,0x5AA5,3379,-4505,0,0,34771,2,4,2,2,255,0,2,15,0,0,1,0,0,0,0,0,0,0,6,0,0,3300,43942216
2026-09-25T07:13:50.983Z,63729625000000,0x051C,0x0104,0,2,63,-2253,-2253,0,-44000,-44001,424961,43942717,1,0,0,0,3,4,0,0,0,15,15,0,1,424961,2,1,0,0,0,0,0,0,5,0,0,0,0,6,0x5AA5,-2253,-3379,0,0,34773,2,2,2,2,255,0,2,15,0,0,1,0,0,0,0,0,0,0,6,0,0,-2200,43942717
2026-09-25T07:13:51.516Z,63730156000000,0x051C,0x0104,0,2,63,0,0,0,-44010,-44003,424966,43943218,1,0,0,0,3,4,0,0,0,15,15,0,1,424966,2,1,0,0,0,0,0,0,5,0,0,0,0,6,0x5AA5,0,7884,0,0,34774,2,3,2,4,255,0,4,15,0,0,1,0,0,0,0,0,0,0,6,0,0,0,43943218
2026-09-25T07:13:51.994Z,63730640000000,0x051C,0x0104,0,2,63,1126,1126,0,-43998,-44004,424971,43943719,1,0,0,0,3,4,0,0,0,15,15,0,1,424971,2,1,0,0,0,0,0,0,5,0,0,0,0,6,0x5AA5,1126,-5632,0,0,34777,2,4,2,2,255,0,2,15,0,0,1,0,0,0,0,0,0,0,6,0,0,1100,43943719
2026-09-25T07:13:52.511Z,63731156000000,0x051C,0x0104,0,2,63,0,0,0,-43992,-44003,424976,43944219,1,0,0,0,3,4,0,0,0,15,15,0,1,424976,2,1,0,0,0,0,0,0,5,0,0,0,0,6,0x5AA5,0,-12390,0,0,34781,2,3,2,2,255,0,2,15,0,0,1,0,0,0,0,0,0,0,6,0,0,0,43944219
2026-09-25T07:13:52.984Z,63731625000000,0x051C,0x0104,0,2,63,-6758,-6758,0,-43986,-43997,424981,43944720,1,0,0,0,3,4,0,0,0,15,15,0,1,424981,2,1,0,0,0,0,0,0,5,0,0,0,0,6,0x5AA5,-6758,-19148,0,0,34781,2,2,2,2,255,0,2,15,0,0,1,0,0,0,0,0,0,0,6,0,0,-6700,43944720
2026-09-25T07:13:53.518Z,63732156000000,0x051C,0x0104,0,2,63,-2253,-2253,0,-44012,-44001,424986,43945221,1,0,0,0,3,4,0,0,0,15,15,0,1,424986,2,1,0,0,0,0,0,0,5,0,0,0,0,6,0x5AA5,-2253,10137,0,0,34782,2,2,2,4,255,0,4,15,0,0,1,0,0,0,0,0,0,0,6,0,0,-2200,43945221
2026-09-25T07:13:53.994Z,63732640000000,0x051C,0x0104,0,2,63,5632,5632,0,-43996,-44008,424991,43945722,1,0,0,0,3,4,0,0,0,15,15,0,1,424991,2,1,0,0,0,0,0,0,5,0,0,0,0,6,0x5AA5,5632,-7884,0,0,34783,2,4,2,2,255,0,2,15,0,0,1,0,0,0,0,0,0,0,6,0,0,5600,43945722
2026-09-25T07:13:54.513Z,63733156000000,0x051C,0x0104,0,2,63,2253,2253,0,-43990,-44005,424996,43946223,1,0,0,0,3,4,0,0,0,15,15,0,1,424996,2,1,0,0,0,0,0,0,5,0,0,0,0,6,0x5AA5,2253,-14642,0,0,34785,2,4,2,2,255,0,2,15,0,0,1,0,0,0,0,0,0,0,6,0,0,2200,43946223
2026-09-25T07:13:54.986Z,63733625000000,0x051C,0x0104,0,2,63,-4505,-4505,0,-44003,-43999,425001,43946723,1,0,0,0,3,4,0,0,0,15,15,0,1,425001,2,1,0,0,0,0,0,0,5,0,0,0,0,6,0x5AA5,-4505,0,0,0,34785,2,2,2,2,255,0,2,15,0,0,1,0,0,0,0,0,0,0,6,0,0,-4500,43946723
2026-09-25T07:13:55.517Z,63734156000000,0x051C,0x0104,0,2,63,0,0,0,-44003,-44003,425006,43947224,1,0,0,0,3,4,0,0,0,15,15,0,1,425006,2,1,0,0,0,0,0,0,5,0,0,0,0,6,0x5AA5,0,0,0,0,34786,2,3,2,4,255,0,4,15,0,0,1,0,0,0,0,0,0,0,6,0,0,0,43947224
2026-09-25T07:13:55.994Z,63734640000000,0x051C,0x0104,0,2,63,4505,4505,0,-44013,-44007,425011,43947725,1,0,0,0,3,4,0,0,0,15,15,0,1,425011,2,1,0,0,0,0,0,0,5,0,0,0,0,6,0x5AA5,4505,11263,0,0,34788,2,4,2,4,255,0,4,15,0,0,1,0,0,0,0,0,0,0,6,0,0,4500,43947725
2026-09-25T07:13:56.517Z,63735156000000,0x051C,0x0104,0,2,63,0,0,0,-44000,-44003,425016,43948226,1,0,0,0,3,4,0,0,0,15,15,0,1,425016,2,1,0,0,0,0,0,0,5,0,0,0,0,6,0x5AA5,0,-3379,0,0,34789,2,3,2,2,255,0,2,15,0,0,1,0,0,0,0,0,0,0,6,0,0,0,43948226
2026-09-25T07:13:56.993Z,63735640000000,0x051C,0x0104,0,2,63,1126,1126,0,-43998,-44004,425021,43948727,1,0,0,0,3,4,0,0,0,15,15,0,1,425021,2,1,0,0,0,0,0,0,5,0,0,0,0,6,0x5AA5,1126,-5632,0,0,34791,2,4,2,2,255,0,2,15,0,0,1,0,0,0,0,0,0,0,6,0,0,1100,43948727
2026-09-25T07:13:57.510Z,63736156000000,0x051C,0x0104,0,2,63,-1126,-1126,0,-44011,-44002,425026,43949227,1,0,0,0,3,4,0,0,0,15,15,0,1,425026,2,1,0,0,0,0,0,0,5,0,0,0,0,6,0x5AA5,-1126,9011,0,0,34792,2,2,2,4,255,0,4,15,0,0,1,0,0,0,0,0,0,0,6,0,0,-1100,43949227
2026-09-25T07:13:57.984Z,63736625000000,0x051C,0x0104,0,2,63,2253,2253,0,-44021,-44005,425031,43949728,1,0,0,0,3,4,0,0,0,15,15,0,1,425031,2,1,0,0,0,0,0,0,5,0,0,0,0,6,0x5AA5,2253,20274,0,0,34794,2,4,2,4,255,0,4,15,0,0,1,0,0,0,0,0,0,0,6,0,0,2200,43949728
2026-09-25T07:13:58.518Z,63737156000000,0x051C,0x0104,0,2,63,6758,6758,0,-44008,-44009,425036,43950229,1,0,0,0,3,4,0,0,0,15,15,0,1,425036,2,1,0,0,0,0,0,0,5,0,0,0,0,6,0x5AA5,6758,5632,0,0,34796,2,4,2,4,255,0,4,15,0,0,1,0,0,0,0,0,0,0,6,0,0,6700,43950229
2026-09-25T07:13:58.993Z,63737640000000,0x051C,0x0104,0,2,63,10137,10137,0,-44014,-44012,425041,43950730,1,0,0,0,3,4,0,0,0,15,15,0,1,425041,2,1,0,0,0,0,0,0,5,0,0,0,0,6,0x5AA5,10137,12390,0,0,34796,2,4,2,4,255,0,4,15,0,0,1,0,0,0,0,0,0,0,6,0,0,10100,43950730
2026-09-25T07:13:59.528Z,63738171000000,0x051C,0x0104,0,2,63,10137,10137,0,-44005,-44012,425046,43951231,1,0,0,0,3,4,0,0,0,15,15,0,1,425046,2,1,0,0,0,0,0,0,5,0,0,0,0,6,0x5AA5,10137,2253,0,0,34796,2,4,2,4,255,0,4,15,0,0,1,0,0,0,0,0,0,0,6,0,0,10100,43951231
2026-09-25T07:14:00.003Z,63738640000000,0x051C,0x0104,0,2,63,5632,5632,0,-44003,-44008,425051,43951732,1,0,0,0,3,4,0,0,0,15,15,0,1,425051,2,1,0,0,0,0,0,0,5,0,0,0,0,6,0x5AA5,5632,0,0,0,34796,2,4,2,4,255,0,4,15,0,0,1,0,0,0,0,0,0,0,6,0,0,5600,43951732
2026-09-25T07:14:00.541Z,63739187000000,0x051C,0x0104,0,2,63,12390,12390,0,-44027,-44014,425056,43952233,1,0,0,0,3,4,0,0,0,15,15,0,1,425056,2,1,0,0,0,0,0,0,5,0,0,0,0,6,0x5AA5,12390,27032,0,0,34796,2,4,2,4,255,0,4,15,0,0,1,0,0,0,0,0,0,0,6,0,0,12300,43952233
2026-09-25T07:14:01.019Z,63739671000000,0x051C,0x0104,0,2,63,14642,14642,0,-43992,-44016,425061,43952834,1,0,0,0,3,4,0,0,0,15,15,0,1,425062,2,1,0,0,0,0,0,0,5,0,0,0,0,6,0x5AA5,16895,-3379,0,0,34797,2,4,2,2,255,0,2,15,0,0,1,0,0,0,0,0,0,0,6,0,0,16800,43952733
2026-09-25T07:14:01.540Z,63740187000000,0x051C,0x0104,0,2,63,4505,4505,0,-44000,-44007,425066,43953234,1,0,0,0,3,4,0,0,0,15,15,0,1,425066,2,1,0,0,0,0,0,0,5,0,0,0,0,6,0x5AA5,4505,-3379,0,0,34797,2,4,2,2,255,0,2,15,0,0,1,0,0,0,0,0,0,0,6,0,0,4500,43953234
2026-09-25T07:14:02.018Z,63740656000000,0x051C,0x0104,0,2,63,1126,1126,0,-44009,-44004,425071,43953835,1,0,0,0,3,4,0,0,0,15,15,0,1,425072,2,1,0,0,0,0,0,0,5,0,0,0,0,6,0x5AA5,2253,-2253,0,0,34799,2,4,2,2,255,0,2,15,0,0,1,0,0,0,0,0,0,0,6,0,0,2200,43953735
2026-09-25T07:14:02.551Z,63741203000000,0x051C,0x0104,0,2,63,-2253,-2253,0,-43998,-44001,425076,43954336,1,0,0,0,3,4,0,0,0,15,15,0,1,425077,2,1,0,0,0,0,0,0,5,0,0,0,0,6,0x5AA5,-1126,-12390,0,0,34801,2,2,2,2,255,0,2,15,0,0,1,0,0,0,0,0,0,0,6,0,0,-1100,43954236
2026-09-25T07:14:03.027Z,63741671000000,0x051C,0x0104,0,2,63,-6758,-6758,0,-44003,-43997,425081,43954837,1,0,0,0,3,4,0,0,0,15,15,0,1,425082,2,1,0,0,0,0,0,0,5,0,0,0,0,6,0x5AA5,-4505,-19148,0,0,34803,2,2,2,2,255,0,2,15,0,0,1,0,0,0,0,0,0,0,6,0,0,-4500,43954737
2026-09-25T07:14:03.563Z,63742203000000,0x051C,0x0104,0,2,63,-5632,-5632,0,-44008,-43998,425086,43955340,1,0,0,0,3,4,0,0,0,15,15,0,1,425087,2,1,0,0,0,0,0,0,5,0,0,0,0,6,0x5AA5,-5632,-3379,0,0,34805,2,2,2,2,255,0,2,15,0,0,1,0,0,0,0,0,0,0,6,0,0,-5600,43955238
2026-09-25T07:14:04.041Z,63742687000000,0x051C,0x0104,0,2,63,0,0,0,-44002,-44003,425092,43955839,1,0,0,0,3,4,0,0,0,15,15,0,1,425092,2,1,0,0,0,0,0,0,5,0,0,0,0,6,0x5AA5,0,-1126,0,0,34809,2,3,2,2,255,0,2,15,0,0,1,0,0,0,0,0,0,0,6,0,0,0,43955839
2026-09-25T07:14:04.560Z,63743203000000,0x051C,0x0104,0,2,63,-2253,-2253,0,-44024,-44001,425096,43956340,1,0,0,0,3,4,0,0,0,15,15,0,1,425097,2,1,0,0,0,0,0,0,5,0,0,0,0,6,0x5AA5,-1126,-14642,0,0,34811,2,2,2,2,255,0,2,15,0,0,1,0,0,0,0,0,0,0,6,0,0,-1100,43956239
2026-09-25T07:14:05.037Z,63743687000000,0x051C,0x0104,0,2,63,0,0,0,-44003,-44003,425101,43956841,1,0,0,0,3,4,0,0,0,15,15,0,1,425102,2,1,0,0,0,0,0,0,5,0,0,0,0,6,0x5AA5,0,-11263,0,0,34813,2,3,2,2,255,0,2,15,0,0,1,0,0,0,0,0,0,0,6,0,0,0,43956740
2026-09-25T07:14:05.558Z,63744203000000,0x051C,0x0104,0,2,63,-4505,-4505,0,-44007,-43999,425106,43957341,1,0,0,0,3,4,0,0,0,15,15,0,1,425107,2,1,0,0,0,0,0,0,5,0,0,0,0,6,0x5AA5,-5632,-6758,0,0,34815,2,2,2,2,255,0,2,15,0,0,1,0,0,0,0,0,0,0,6,0,0,-5600,43957241
2026-09-25T07:14:06.032Z,63744671000000,0x051C,0x0104,0,2,63,-3379,-3379,0,-43987,-44000,425111,43957842,1,0,0,0,3,4,0,0,0,15,15,0,1,425112,2,1,0,0,0,0,0,0,5,0,0,0,0,6,0x5AA5,-3379,-6758,0,0,34817,2,2,2,2,255,0,2,15,0,0,1,0,0,0,0,0,0,0,6,0,0,-3300,43957742
2026-09-25T07:14:06.568Z,63745218000000,0x051C,0x0104,0,2,63,-2253,-2253,0,-44014,-44001,425116,43958346,1,0,0,0,3,4,0,0,0,15,15,0,1,425117,2,1,0,0,0,0,0,0,5,0,0,0,0,6,0x5AA5,-2253,-2253,0,0,34819,2,2,2,2,255,0,2,15,0,0,1,0,0,0,0,0,0,0,6,0,0,-2200,43958243
2026-09-25T07:14:07.029Z,63745671000000,0x051C,0x0104,0,2,63,4505,4505,0,-44015,-44007,425121,43958844,1,0,0,0,3,4,0,0,0,15,15,0,1,425122,2,1,0,0,0,0,0,0,5,0,0,0,0,6,0x5AA5,3379,-10137,0,0,34821,2,4,2,2,255,0,2,15,0,0,1,0,0,0,0,0,0,0,6,0,0,3300,43958744
2026-09-25T07:14:07.560Z,63746203000000,0x051C,0x0104,0,2,63,7884,7884,0,-44013,-44010,425126,43959345,1,0,0,0,3,4,0,0,0,15,15,0,1,425127,2,1,0,0,0,0,0,0,5,0,0,0,0,6,0x5AA5,7884,3379,0,0,34822,2,4,2,4,255,0,4,15,0,0,1,0,0,0,0,0,0,0,6,0,0,7800,43959245
2026-09-25T07:14:08.036Z,63746687000000,0x051C,0x0104,0,2,63,10137,10137,0,-44010,-44012,425131,43959846,1,0,0,0,3,4,0,0,0,15,15,0,1,425132,2,1,0,0,0,0,0,0,5,0,0,0,0,6,0x5AA5,10137,-2253,0,0,34823,2,4,2,2,255,0,2,15,0,0,1,0,0,0,0,0,0,0,6,0,0,10100,43959745
2026-09-25T07:14:08.557Z,63747203000000,0x051C,0x0104,0,2,63,4505,4505,0,-44017,-44007,425136,43960347,1,0,0,0,3,4,0,0,0,15,15,0,1,425137,2,1,0,0,0,0,0,0,5,0,0,0,0,6,0x5AA5,5632,-1126,0,0,34825,2,4,2,2,255,0,2,15,0,0,1,0,0,0,0,0,0,0,6,0,0,5600,43960246
2026-09-25T07:14:09.032Z,63747671000000,0x051C,0x0104,0,2,63,4505,4505,0,-43997,-44007,425141,43960847,1,0,0,0,3,4,0,0,0,15,15,0,1,425142,2,1,0,0,0,0,0,0,5,0,0,0,0,6,0x5AA5,5632,-4505,0,0,34829,2,4,2,2,255,0,2,15,0,0,1,0,0,0,0,0,0,0,6,0,0,5600,43960747
2026-09-25T07:14:09.567Z,63748218000000,0x051C,0x0104,0,2,63,9011,9011,0,-44016,-44011,425146,43961348,1,0,0,0,3,4,0,0,0,15,15,0,1,425147,2,1,0,0,0,0,0,0,5,0,0,0,0,6,0x5AA5,6758,23653,0,0,34830,2,4,2,4,255,0,4,15,0,0,1,0,0,0,0,0,0,0,6,0,0,6700,43961248
2026-09-25T07:14:10.026Z,63748671000000,0x051C,0x0104,0,2,63,9011,9011,0,-44024,-44011,425151,43961749,1,0,0,0,3,4,0,0,0,15,15,0,1,425151,2,1,0,0,0,0,0,0,5,0,0,0,0,6,0x5AA5,9011,23653,0,0,34832,2,4,2,4,255,0,4,15,0,0,1,0,0,0,0,0,0,0,6,0,0,9000,43961749
2026-09-25T07:14:10.559Z,63749203000000,0x051C,0x0104,0,2,63,6758,6758,0,-43994,-44009,425156,43962350,1,0,0,0,3,4,0,0,0,15,15,0,1,425157,2,1,0,0,0,0,0,0,5,0,0,0,0,6,0x5AA5,9011,-6758,0,0,34833,2,4,2,2,255,0,2,15,0,0,1,0,0,0,0,0,0,0,6,0,0,9000,43962250
2026-09-25T07:14:11.034Z,63749671000000,0x051C,0x0104,0,2,63,-4505,-4505,0,-43992,-43999,425161,43962851,1,0,0,0,3,4,0,0,0,15,15,0,1,425162,2,1,0,0,0,0,0,0,5,0,0,0,0,6,0x5AA5,-2253,-33790,0,0,34833,2,2,2,2,255,0,2,15,0,0,1,0,0,0,0,0,0,0,6,0,0,-2200,43962751
2026-09-25T07:14:11.568Z,63750218000000,0x051C,0x0104,0,2,63,-2253,-2253,0,-44001,-44001,425166,43963352,1,0,0,0,3,4,0,0,0,15,15,0,1,425167,2,1,0,0,0,0,0,0,5,0,0,0,0,6,0x5AA5,-2253,3379,0,0,34836,2,2,2,4,255,0,4,15,0,0,1,0,0,0,0,0,0,0,6,0,0,-2200,43963251
2026-09-25T07:14:12.048Z,63750687000000,0x051C,0x0104,0,2,63,-1126,-1126,0,-43999,-44002,425171,43963853,1,0,0,0,3,4,0,0,0,15,15,0,1,425172,2,1,0,0,0,0,0,0,5,0,0,0,0,6,0x5AA5,0,-5632,0,0,34839,2,3,2,2,255,0,2,15,0,0,1,0,0,0,0,0,0,0,6,0,0,0,43963753
2026-09-25T07:14:12.581Z,63751218000000,0x051C,0x0104,0,2,63,2253,2253,0,-44008,-44005,425177,43964353,1,0,0,0,3,4,0,0,0,15,15,0,1,425177,2,1,0,0,0,0,0,0,5,0,0,0,0,6,0x5AA5,2253,5632,0,0,34840,2,4,2,4,255,0,4,15,0,0,1,0,0,0,0,0,0,0,6,0,0,2200,43964353
2026-09-25T07:14:13.056Z,63751703000000,0x051C,0x0104,0,2,63,0,0,0,-43996,-44003,425182,43964854,1,0,0,0,3,4,0,0,0,15,15,0,1,425182,2,1,0,0,0,0,0,0,5,0,0,0,0,6,0x5AA5,0,-7884,0,0,34841,2,3,2,2,255,0,2,15,0,0,1,0,0,0,0,0,0,0,6,0,0,0,43964854
2026-09-25T07:14:13.587Z,63752234000000,0x051C,0x0104,0,2,63,0,0,0,-43993,-44003,425187,43965355,1,0,0,0,3,4,0,0,0,15,15,0,1,425187,2,1,0,0,0,0,0,0,5,0,0,0,0,6,0x5AA5,0,-11263,0,0,34843,2,3,2,2,255,0,2,15,0,0,1,0,0,0,0,0,0,0,6,0,0,0,43965355
2026-09-25T07:14:14.062Z,63752703000000,0x051C,0x0104,0,2,63,-2253,-2253,0,-44023,-44001,425192,43965856,1,0,0,0,3,4,0,0,0,15,15,0,1,425192,2,1,0,0,0,0,0,0,5,0,0,0,0,6,0x5AA5,-2253,22527,0,0,34844,2,2,2,4,255,0,4,15,0,0,1,0,0,0,0,0,0,0,6,0,0,-2200,43965856
2026-09-25T07:14:14.594Z,63753234000000,0x051C,0x0104,0,2,63,1126,1126,0,-44013,-44004,425197,43966357,1,0,0,0,3,4,0,0,0,15,15,0,1,425197,2,1,0,0,0,0,0,0,5,0,0,0,0,6,0x5AA5,1126,11263,0,0,34848,2,4,2,4,255,0,4,15,0,0,1,0,0,0,0,0,0,0,6,0,0,1100,43966357
2026-09-25T07:14:15.071Z,63753718000000,0x051C,0x0104,0,2,63,3379,3379,0,-44011,-44006,425202,43966857,1,0,0,0,3,4,0,0,0,15,15,0,1,425202,2,1,0,0,0,0,0,0,5,0,0,0,0,6,0x5AA5,3379,9011,0,0,34850,2,4,2,4,255,0,4,15,0,0,1,0,0,0,0,0,0,0,6,0,0,3300,43966857
2026-09-25T07:14:15.588Z,63754234000000,0x051C,0x0104,0,2,63,3379,3379,0,-44013,-44006,425207,43967358,1,0,0,0,3,4,0,0,0,15,15,0,1,425207,2,1,0,0,0,0,0,0,5,0,0,0,0,6,0x5AA5,3379,11263,0,0,34852,2,4,2,4,255,0,4,15,0,0,1,0,0,0,0,0,0,0,6,0,0,3300,43967358
2026-09-25T07:14:16.062Z,63754703000000,0x051C,0x0104,0,2,63,3379,3379,0,-44008,-44006,425212,43967859,1,0,0,0,3,4,0,0,0,15,15,0,1,425212,2,1,0,0,0,0,0,0,5,0,0,0,0,6,0x5AA5,3379,5632,0,0,34854,2,4,2,4,255,0,4,15,0,0,1,0,0,0,0,0,0,0,6,0,0,3300,43967859
2026-09-25T07:14:16.596Z,63755234000000,0x051C,0x0104,0,2,63,6758,6758,0,-44021,-44009,425217,43968360,1,0,0,0,3,4,0,0,0,15,15,0,1,425217,2,1,0,0,0,0,0,0,5,0,0,0,0,6,0x5AA5,6758,20274,0,0,34856,2,4,2,4,255,0,4,15,0,0,1,0,0,0,0,0,0,0,6,0,0,6700,43968360
2026-09-25T07:14:17.072Z,63755718000000,0x051C,0x0104,0,2,63,5632,5632,0,-44021,-44008,425222,43968861,1,0,0,0,3,4,0,0,0,15,15,0,1,425222,2,1,0,0,0,0,0,0,5,0,0,0,0,6,0x5AA5,5632,20274,0,0,34858,2,4,2,4,255,0,4,15,0,0,1,0,0,0,0,0,0,0,6,0,0,5600,43968861
2026-09-25T07:14:17.590Z,63756234000000,0x051C,0x0104,0,2,63,2253,2253,0,-44001,-44005,425227,43969362,1,0,0,0,3,4,0,0,0,15,15,0,1,425227,2,1,0,0,0,0,0,0,5,0,0,0,0,6,0x5AA5,2253,-2253,0,0,34859,2,4,2,2,255,0,2,15,0,0,1,0,0,0,0,0,0,0,6,0,0,2200,43969362
2026-09-25T07:14:18.066Z,63756718000000,0x051C,0x0104,0,2,63,3379,3379,0,-44009,-44006,425232,43969863,1,0,0,0,3,4,0,0,0,15,15,0,1,425232,2,1,0,0,0,0,0,0,5,0,0,0,0,6,0x5AA5,3379,6758,0,0,34860,2,4,2,4,255,0,4,15,0,0,1,0,0,0,0,0,0,0,6,0,0,3300,43969863
2026-09-25T07:14:18.589Z,63757234000000,0x051C,0x0104,0,2,63,6758,6758,0,-44018,-44009,425236,43970366,1,0,0,0,3,4,0,0,0,15,15,0,1,425237,2,1,0,0,0,0,0,0,5,0,0,0,0,6,0x5AA5,5632,15769,0,0,34860,2,4,2,4,255,0,4,15,0,0,1,0,0,0,0,0,0,0,6,0,0,5600,43970263
2026-09-25T07:14:19.065Z,63757703000000,0x051C,0x0104,0,2,63,9011,9011,0,-44031,-44011,425242,43970864,1,0,0,0,3,4,0,0,0,15,15,0,1,425242,2,1,0,0,0,0,0,0,5,0,0,0,0,6,0x5AA5,9011,31537,0,0,34860,2,4,2,4,255,0,4,15,0,0,1,0,0,0,0,0,0,0,6,0,0,9000,43970864
2026-09-25T07:14:19.597Z,63758250000000,0x051C,0x0104,0,2,63,1126,1126,0,-43996,-44004,425247,43971365,1,0,0,0,3,4,0,0,0,15,15,0,1,425247,2,1,0,0,0,0,0,0,5,0,0,0,0,6,0x5AA5,1126,-7884,0,0,34861,2,4,2,2,255,0,2,15,0,0,1,0,0,0,0,0,0,0,6,0,0,1100,43971365
2026-09-25T07:14:20.071Z,63758718000000,0x051C,0x0104,0,2,63,1126,1126,0,-44024,-44004,425252,43971866,1,0,0,0,3,4,0,0,0,15,15,0,1,425252,2,1,0,0,0,0,0,0,5,0,0,0,0,6,0x5AA5,1126,23653,0,0,34864,2,4,2,4,255,0,4,15,0,0,1,0,0,0,0,0,0,0,6,0,0,1100,43971866
2026-09-25T07:14:20.604Z,63759250000000,0x051C,0x0104,0,2,63,0,0,0,-44004,-44003,425257,43972367,1,0,0,0,3,4,0,0,0,15,15,0,1,425257,2,1,0,0,0,0,0,0,5,0,0,0,0,6,0x5AA5,0,1126,0,0,34866,2,3,2,4,255,0,4,15,0,0,1,0,0,0,0,0,0,0,6,0,0,0,43972367
2026-09-25T07:14:21.078Z,63759718000000,0x051C,0x0104,0,2,63,-3379,-3379,0,-44015,-44000,425262,43972867,1,0,0,0,3,4,0,0,0,15,15,0,1,425262,2,1,0,0,0,0,0,0,5,0,0,0,0,6,0x5AA5,-3379,13516,0,0,34870,2,2,2,4,255,0,4,15,0,0,1,0,0,0,0,0,0,0,6,0,0,-3300,43972867
2026-09-25T07:14:21.609Z,63760250000000,0x051C,0x0104,0,2,63,-4505,-4505,0,-44007,-43999,425267,43973368,1,0,0,0,3,4,0,0,0,15,15,0,1,425267,2,1,0,0,0,0,0,0,5,0,0,0,0,6,0x5AA5,-4505,4505,0,0,34872,2,2,2,4,255,0,4,15,0,0,1,0,0,0,0,0,0,0,6,0,0,-4500,43973368
2026-09-25T07:14:22.083Z,63760734000000,0x051C,0x0104,0,2,63,-1126,-1126,0,-44001,-44002,425272,43973869,1,0,0,0,3,4,0,0,0,15,15,0,1,425272,2,1,0,0,0,0,0,0,5,0,0,0,0,6,0x5AA5,-1126,-2253,0,0,34875,2,2,2,2,255,0,2,15,0,0,1,0,0,0,0,0,0,0,6,0,0,-1100,43973869
2026-09-25T07:14:22.599Z,63761250000000,0x051C,0x0104,0,2,63,-1126,-1126,0,-44005,-44002,425277,43974370,1,0,0,0,3,4,0,0,0,15,15,0,1,425277,2,1,0,0,0,0,0,0,5,0,0,0,0,6,0x5AA5,-1126,2253,0,0,34876,2,2,2,4,255,0,4,15,0,0,1,0,0,0,0,0,0,0,6,0,0,-1100,43974370
2026-09-25T07:14:23.074Z,63761718000000,0x051C,0x0104,0,2,63,4505,4505,0,-44019,-44007,425282,43974870,1,0,0,0,3,4,0,0,0,15,15,0,1,425282,2,1,0,0,0,0,0,0,5,0,0,0,0,6,0x5AA5,4505,18021,0,0,34876,2,4,2,4,255,0,4,15,0,0,1,0,0,0,0,0,0,0,6,0,0,4500,43974870
2026-09-25T07:14:23.607Z,63762250000000,0x051C,0x0104,0,2,63,5632,5632,0,-43999,-44008,425287,43975371,1,0,0,0,3,4,0,0,0,15,15,0,1,425287,2,1,0,0,0,0,0,0,5,0,0,0,0,6,0x5AA5,5632,-4505,0,0,34879,2,4,2,2,255,0,2,15,0,0,1,0,0,0,0,0,0,0,6,0,0,5600,43975371
2026-09-25T07:14:24.081Z,63762718000000,0x051C,0x0104,0,2,63,1126,1126,0,-43990,-44004,425292,43975873,1,0,0,0,3,4,0,0,0,15,15,0,1,425292,2,1,0,0,0,0,0,0,5,0,0,0,0,6,0x5AA5,1126,-14642,0,0,34881,2,4,2,2,255,0,2,15,0,0,1,0,0,0,0,0,0,0,6,0,0,1100,43975873
2026-09-25T07:14:24.617Z,63763265000000,0x051C,0x0104,0,2,63,-1126,-1126,0,-44013,-44002,425297,43976373,1,0,0,0,3,4,0,0,0,15,15,0,1,425297,2,1,0,0,0,0,0,0,5,0,0,0,0,6,0x5AA5,-1126,11263,0,0,34882,2,2,2,4,255,0,4,15,0,0,1,0,0,0,0,0,0,0,6,0,0,-1100,43976373
2026-09-25T07:14:25.093Z,63763734000000,0x051C,0x0104,0,2,63,1126,1126,0,-43989,-44004,425302,43976874,1,0,0,0,3,4,0,0,0,15,15,0,1,425302,2,1,0,0,0,0,0,0,5,0,0,0,0,6,0x5AA5,1126,-15769,0,0,34883,2,4,2,2,255,0,2,15,0,0,1,0,0,0,0,0,0,0,6,0,0,1100,43976874
2026-09-25T07:14:25.627Z,63764265000000,0x051C,0x0104,0,2,63,-1126,-1126,0,-44013,-44002,425307,43977374,1,0,0,0,3,4,0,0,0,15,15,0,1,425307,2,1,0,0,0,0,0,0,5,0,0,0,0,6,0x5AA5,-1126,11263,0,0,34884,2,2,2,4,255,0,4,15,0,0,1,0,0,0,0,0,0,0,6,0,0,-1100,43977374
2026-09-25T07:14:26.103Z,63764750000000,0x051C,0x0104,0,2,63,-3379,-3379,0,-43994,-44000,425312,43977875,1,0,0,0,3,4,0,0,0,15,15,0,1,425312,2,1,0,0,0,0,0,0,5,0,0,0,0,6,0x5AA5,-3379,-10137,0,0,34887,2,2,2,2,255,0,2,15,0,0,1,0,0,0,0,0,0,0,6,0,0,-3300,43977875
2026-09-25T07:14:26.637Z,63765281000000,0x051C,0x0104,0,2,63,-5632,-5632,0,-43994,-43998,425317,43978376,1,0,0,0,3,4,0,0,0,15,15,0,1,425317,2,1,0,0,0,0,0,0,5,0,0,0,0,6,0x5AA5,-5632,-10137,0,0,34889,2,2,2,2,255,0,2,15,0,0,1,0,0,0,0,0,0,0,6,0,0,-5600,43978376
2026-09-25T07:14:27.113Z,63765765000000,0x051C,0x0104,0,2,63,-7884,-7884,0,-43992,-43996,425322,43978877,1,0,0,0,3,4,0,0,0,15,15,0,1,425322,2,1,0,0,0,0,0,0,5,0,0,0,0,6,0x5AA5,-7884,-12390,0,0,34891,2,2,2,2,255,0,2,15,0,0,1,0,0,0,0,0,0,0,6,0,0,-7800,43978877
2026-09-25T07:14:27.629Z,63766281000000,0x051C,0x0104,0,2,63,-7884,-7884,0,-43996,-43996,425327,43979378,1,0,0,0,3,4,0,0,0,15,15,0,1,425327,2,1,0,0,0,0,0,0,5,0,0,0,0,6,0x5AA5,-7884,-7884,0,0,34895,2,2,2,2,255,0,2,15,0,0,1,0,0,0,0,0,0,0,6,0,0,-7800,43979378
2026-09-25T07:14:28.104Z,63766750000000,0x051C,0x0104,0,2,63,-4505,-4505,0,-44005,-43999,425332,43979878,1,0,0,0,3,4,0,0,0,15,15,0,1,425332,2,1,0,0,0,0,0,0,5,0,0,0,0,6,0x5AA5,-4505,2253,0,0,34900,2,2,2,4,255,0,4,15,0,0,1,0,0,0,0,0,0,0,6,0,0,-4500,43979878
2026-09-25T07:14:28.637Z,63767281000000,0x051C,0x0104,0,2,63,-1126,-1126,0,-43990,-44002,425337,43980379,1,0,0,0,3,4,0,0,0,15,15,0,1,425337,2,1,0,0,0,0,0,0,5,0,0,0,0,6,0x5AA5,-1126,-14642,0,0,34903,2,2,2,2,255,0,2,15,0,0,1,0,0,0,0,0,0,0,6,0,0,-1100,43980379
2026-09-25T07:14:29.112Z,63767750000000,0x051C,0x0104,0,2,63,2253,2253,0,-44013,-44005,425342,43980880,1,0,0,0,3,4,0,0,0,15,15,0,1,425342,2,1,0,0,0,0,0,0,5,0,0,0,0,6,0x5AA5,2253,11263,0,0,34904,2,4,2,4,255,0,4,15,0,0,1,0,0,0,0,0,0,0,6,0,0,2200,43980880
2026-09-25T07:14:29.645Z,63768296000000,0x051C,0x0104,0,2,63,4505,4505,0,-44005,-44007,425347,43981381,1,0,0,0,3,4,0,0,0,15,15,0,1,425347,2,1,0,0,0,0,0,0,5,0,0,0,0,6,0x5AA5,4505,2253,0,0,34906,2,4,2,4,255,0,4,15,0,0,1,0,0,0,0,0,0,0,6,0,0,4500,43981381
2026-09-25T07:14:30.121Z,63768765000000,0x051C,0x0104,0,2,63,3379,3379,0,-44001,-44006,425352,43981882,1,0,0,0,3,4,0,0,0,15,15,0,1,425352,2,1,0,0,0,0,0,0,5,0,0,0,0,6,0x5AA5,3379,-2253,0,0,34909,2,4,2,2,255,0,2,15,0,0,1,0,0,0,0,0,0,0,6,0,0,3300,43981882
2026-09-25T07:14:30.660Z,63769312000000,0x051C,0x0104,0,2,63,1126,1126,0,-44017,-44004,425357,43982382,1,0,0,0,3,4,0,0,0,15,15,0,1,425357,2,1,0,0,0,0,0,0,5,0,0,0,0,6,0x5AA5,1126,15769,0,0,34910,2,4,2,4,255,0,4,15,0,0,1,0,0,0,0,0,0,0,6,0,0,1100,43982382
2026-09-25T07:14:31.119Z,63769765000000,0x051C,0x0104,0,2,63,3379,3379,0,-43997,-44006,425362,43982883,1,0,0,0,3,4,0,0,0,15,15,0,1,425362,2,1,0,0,0,0,0,0,5,0,0,0,0,6,0x5AA5,3379,-6758,0,0,34911,2,4,2,2,255,0,2,15,0,0,1,0,0,0,0,0,0,0,6,0,0,3300,43982883
2026-09-25T07:14:31.653Z,63770296000000,0x051C,0x0104,0,2,63,3379,3379,0,-44006,-44006,425367,43983384,1,0,0,0,3,4,0,0,0,15,15,0,1,425367,2,1,0,0,0,0,0,0,5,0,0,0,0,6,0x5AA5,3379,3379,0,0,34912,2,4,2,4,255,0,4,15,0,0,1,0,0,0,0,0,0,0,6,0,0,3300,43983384
2026-09-25T07:14:32.129Z,63770781000000,0x051C,0x0104,0,2,63,7884,7884,0,-44004,-44010,425372,43983885,1,0,0,0,3,4,0,0,0,15,15,0,1,425372,2,1,0,0,0,0,0,0,5,0,0,0,0,6,0x5AA5,7884,1126,0,0,34912,2,4,2,4,255,0,4,15,0,0,1,0,0,0,0,0,0,0,6,0,0,7800,43983885
2026-09-25T07:14:32.644Z,63771296000000,0x051C,0x0104,0,2,63,9011,9011,0,-44018,-44011,425377,43984386,1,0,0,0,3,4,0,0,0,15,15,0,1,425377,2,1,0,0,0,0,0,0,5,0,0,0,0,6,0x5AA5,9011,16895,0,0,34914,2,4,2,4,255,0,4,15,0,0,1,0,0,0,0,0,0,0,6,0,0,9000,43984386
2026-09-25T07:14:33.119Z,63771765000000,0x051C,0x0104,0,2,63,3379,3379,0,-44018,-44006,425382,43984886,1,0,0,0,3,4,0,0,0,15,15,0,1,425382,2,1,0,0,0,0,0,0,5,0,0,0,0,6,0x5AA5,3379,16895,0,0,34916,2,4,2,4,255,0,4,15,0,0,1,0,0,0,0,0,0,0,6,0,0,3300,43984886
2026-09-25T07:14:33.650Z,63772296000000,0x051C,0x0104,0,2,63,1126,1126,0,-44001,-44004,425387,43985387,1,0,0,0,3,4,0,0,0,15,15,0,1,425387,2,1,0,0,0,0,0,0,5,0,0,0,0,6,0x5AA5,1126,-2253,0,0,34919,2,4,2,2,255,0,2,15,0,0,1,0,0,0,0,0,0,0,6,0,0,1100,43985387
2026-09-25T07:14:34.125Z,63772765000000,0x051C,0x0104,0,2,63,1126,1126,0,-44025,-44004,425392,43985888,1,0,0,0,3,4,0,0,0,15,15,0,1,425392,2,1,0,0,0,0,0,0,5,0,0,0,0,6,0x5AA5,1126,24779,0,0,34920,2,4,2,4,255,0,4,15,0,0,1,0,0,0,0,0,0,0,6,0,0,1100,43985888
2026-09-25T07:14:34.657Z,63773296000000,0x051C,0x0104,0,2,63,2253,2253,0,-44010,-44005,425397,43986389,1,0,0,0,3,4,0,0,0,15,15,0,1,425397,2,1,0,0,0,0,0,0,5,0,0,0,0,6,0x5AA5,2253,7884,0,0,34920,2,4,2,4,255,0,4,15,0,0,1,0,0,0,0,0,0,0,6,0,0,2200,43986389
2026-09-25T07:14:35.132Z,63773781000000,0x051C,0x0104,0,2,63,7884,7884,0,-44030,-44010,425402,43986890,1,0,0,0,3,4,0,0,0,15,15,0,1,425402,2,1,0,0,0,0,0,0,5,0,0,0,0,6,0x5AA5,7884,30411,0,0,34920,2,4,2,4,255,0,4,15,0,0,1,0,0,0,0,0,0,0,6,0,0,7800,43986890
2026-09-25T07:14:35.649Z,63774296000000,0x051C,0x0104,0,2,63,12390,12390,0,-44029,-44014,425407,43987391,1,0,0,0,3,4,0,0,0,15,15,0,1,425407,2,1,0,0,0,0,0,0,5,0,0,0,0,6,0x5AA5,12390,29285,0,0,34922,2,4,2,4,255,0,4,15,0,0,1,0,0,0,0,0,0,0,6,0,0,12300,43987391
2026-09-25T07:14:36.125Z,63774765000000,0x051C,0x0104,0,2,63,9011,9011,0,-44010,-44011,425412,43987891,1,0,0,0,3,4,0,0,0,15,15,0,1,425412,2,1,0,0,0,0,0,0,5,0,0,0,0,6,0x5AA5,9011,7884,0,0,34924,2,4,2,4,255,0,4,15,0,0,1,0,0,0,0,0,0,0,6,0,0,9000,43987891
2026-09-25T07:14:36.659Z,63775296000000,0x051C,0x0104,0,2,63,11263,11263,0,-44018,-44013,425417,43988393,1,0,0,0,3,4,0,0,0,15,15,0,1,425417,2,1,0,0,0,0,0,0,5,0,0,0,0,6,0x5AA5,11263,16895,0,0,34924,2,4,2,4,255,0,4,15,0,0,1,0,0,0,0,0,0,0,6,0,0,11200,43988393
2026-09-25T07:14:37.134Z,63775781000000,0x051C,0x0104,0,2,63,5632,5632,0,-44013,-44008,425422,43988893,1,0,0,0,3,4,0,0,0,15,15,0,1,425422,2,1,0,0,0,0,0,0,5,0,0,0,0,6,0x5AA5,5632,11263,0,0,34926,2,4,2,4,255,0,4,15,0,0,1,0,0,0,0,0,0,0,6,0,0,5600,43988893
2026-09-25T07:14:37.670Z,63776312000000,0x051C,0x0104,0,2,63,11263,11263,0,-44013,-44013,425427,43989394,1,0,0,0,3,4,0,0,0,15,15,0,1,425427,2,1,0,0,0,0,0,0,5,0,0,0,0,6,0x5AA5,11263,11263,0,0,34926,2,4,2,4,255,0,4,15,0,0,1,0,0,0,0,0,0,0,6,0,0,11200,43989394
2026-09-25T07:14:38.146Z,63776796000000,0x051C,0x0104,0,2,63,9011,9011,0,-44019,-44011,425432,43989894,1,0,0,0,3,4,0,0,0,15,15,0,1,425432,2,1,0,0,0,0,0,0,5,0,0,0,0,6,0x5AA5,9011,18021,0,0,34928,2,4,2,4,255,0,4,15,0,0,1,0,0,0,0,0,0,0,6,0,0,9000,43989894
2026-09-25T07:14:38.664Z,63777312000000,0x051C,0x0104,0,2,63,12390,12390,0,-44017,-44014,425437,43990395,1,0,0,0,3,4,0,0,0,15,15,0,1,425437,2,1,0,0,0,0,0,0,5,0,0,0,0,6,0x5AA5,12390,15769,0,0,34928,2,4,2,4,255,0,4,15,0,0,1,0,0,0,0,0,0,0,6,0,0,12300,43990395
2026-09-25T07:14:39.141Z,63777781000000,0x051C,0x0104,0,2,63,13516,13516,0,-44009,-44015,425442,43990896,1,0,0,0,3,4,0,0,0,15,15,0,1,425442,2,1,0,0,0,0,0,0,5,0,0,0,0,6,0x5AA5,13516,6758,0,0,34928,2,4,2,4,255,0,4,15,0,0,1,0,0,0,0,0,0,0,6,0,0,13500,43990896
2026-09-25T07:14:39.676Z,63778328000000,0x051C,0x0104,0,2,63,10137,10137,0,-44019,-44012,425447,43991397,1,0,0,0,3,4,0,0,0,15,15,0,1,425447,2,1,0,0,0,0,0,0,5,0,0,0,0,6,0x5AA5,10137,18021,0,0,34928,2,4,2,4,255,0,4,15,0,0,1,0,0,0,0,0,0,0,6,0,0,10100,43991397
2026-09-25T07:14:40.134Z,63778781000000,0x051C,0x0104,0,2,63,12390,12390,0,-44016,-44014,425452,43991898,1,0,0,0,3,4,0,0,0,15,15,0,1,425452,2,1,0,0,0,0,0,0,5,0,0,0,0,6,0x5AA5,12390,14642,0,0,34928,2,4,2,4,255,0,4,15,0,0,1,0,0,0,0,0,0,0,6,0,0,12300,43991898
2026-09-25T07:14:40.666Z,63779312000000,0x051C,0x0104,0,2,63,11263,11263,0,-44007,-44013,425457,43992398,1,0,0,0,3,4,0,0,0,15,15,0,1,425457,2,1,0,0,0,0,0,0,5,0,0,0,0,6,0x5AA5,11263,4505,0,0,34928,2,4,2,4,255,0,4,15,0,0,1,0,0,0,0,0,0,0,6,0,0,11200,43992398
2026-09-25T07:14:41.142Z,63779781000000,0x051C,0x0104,0,2,63,9011,9011,0,-44005,-44011,425462,43992899,1,0,0,0,3,4,0,0,0,15,15,0,1,425462,2,1,0,0,0,0,0,0,5,0,0,0,0,6,0x5AA5,9011,2253,0,0,34930,2,4,2,4,255,0,4,15,0,0,1,0,0,0,0,0,0,0,6,0,0,9000,43992899
2026-09-25T07:14:41.677Z,63780328000000,0x051C,0x0104,0,2,63,2253,2253,0,-44020,-44005,425467,43993400,1,0,0,0,3,4,0,0,0,15,15,0,1,425467,2,1,0,0,0,0,0,0,5,0,0,0,0,6,0x5AA5,2253,19148,0,0,34932,2,4,2,4,255,0,4,15,0,0,1,0,0,0,0,0,0,0,6,0,0,2200,43993400
2026-09-25T07:14:42.137Z,63780781000000,0x051C,0x0104,0,2,63,3379,3379,0,-44017,-44006,425472,43993901,1,0,0,0,3,4,0,0,0,15,15,0,1,425472,2,1,0,0,0,0,0,0,5,0,0,0,0,6,0x5AA5,3379,15769,0,0,34934,2,4,2,4,255,0,4,15,0,0,1,0,0,0,0,0,0,0,6,0,0,3300,43993901
2026-09-25T07:14:42.669Z,63781312000000,0x051C,0x0104,0,2,63,6758,6758,0,-44030,-44009,425477,43994402,1,0,0,0,3,4,0,0,0,15,15,0,1,425477,2,1,0,0,0,0,0,0,5,0,0,0,0,6,0x5AA5,6758,30411,0,0,34936,2,4,2,4,255,0,4,15,0,0,1,0,0,0,0,0,0,0,6,0,0,6700,43994402
2026-09-25T07:14:43.145Z,63781796000000,0x051C,0x0104,0,2,63,5632,5632,0,-44004,-44008,425482,43994902,1,0,0,0,3,4,0,0,0,15,15,0,1,425482,2,1,0,0,0,0,0,0,5,0,0,0,0,6,0x5AA5,5632,1126,0,0,34938,2,4,2,4,255,0,4,15,0,0,1,0,0,0,0,0,0,0,6,0,0,5600,43994902
2026-09-25T07:14:43.661Z,63782312000000,0x051C,0x0104,0,2,63,12390,12390,0,-44010,-44014,425487,43995403,1,0,0,0,3,4,0,0,0,15,15,0,1,425487,2,1,0,0,0,0,0,0,5,0,0,0,0,6,0x5AA5,12390,7884,0,0,34938,2,4,2,4,255,0,4,15,0,0,1,0,0,0,0,0,0,0,6,0,0,12300,43995403
2026-09-25T07:14:44.137Z,63782781000000,0x051C,0x0104,0,2,63,3379,3379,0,-44001,-44006,425492,43995904,1,0,0,0,3,4,0,0,0,15,15,0,1,425492,2,1,0,0,0,0,0,0,5,0,0,0,0,6,0x5AA5,3379,-2253,0,0,34939,2,4,2,2,255,0,2,15,0,0,1,0,0,0,0,0,0,0,6,0,0,3300,43995904
2026-09-25T07:14:44.669Z,63783312000000,0x051C,0x0104,0,2,63,-1126,-1126,0,-44014,-44002,425497,43996405,1,0,0,0,3,4,0,0,0,15,15,0,1,425497,2,1,0,0,0,0,0,0,5,0,0,0,0,6,0x5AA5,-1126,12390,0,0,34940,2,2,2,4,255,0,4,15,0,0,1,0,0,0,0,0,0,0,6,0,0,-1100,43996405
2026-09-25T07:14:45.145Z,63783796000000,0x051C,0x0104,0,2,63,6758,6758,0,-44014,-44009,425502,43996906,1,0,0,0,3,4,0,0,0,15,15,0,1,425502,2,1,0,0,0,0,0,0,5,0,0,0,0,6,0x5AA5,6758,12390,0,0,34942,2,4,2,4,255,0,4,15,0,0,1,0,0,0,0,0,0,0,6,0,0,6700,43996906
2026-09-25T07:14:45.663Z,63784312000000,0x051C,0x0104,0,2,63,7884,7884,0,-44000,-44010,425507,43997406,1,0,0,0,3,4,0,0,0,15,15,0,1,425507,2,1,0,0,0,0,0,0,5,0,0,0,0,6,0x5AA5,7884,-3379,0,0,34943,2,4,2,2,255,0,2,15,0,0,1,0,0,0,0,0,0,0,6,0,0,7800,43997406
2026-09-25T07:14:46.139Z,63784781000000,0x051C,0x0104,0,2,63,6758,6758,0,-44015,-44009,425512,43997907,1,0,0,0,3,4,0,0,0,15,15,0,1,425512,2,1,0,0,0,0,0,0,5,0,0,0,0,6,0x5AA5,6758,13516,0,0,34946,2,4,2,4,255,0,4,15,0,0,1,0,0,0,0,0,0,0,6,0,0,6700,43997907
2026-09-25T07:14:46.672Z,63785312000000,0x051C,0x0104,0,2,63,10137,10137,0,-44005,-44012,425517,43998408,1,0,0,0,3,4,0,0,0,15,15,0,1,425517,2,1,0,0,0,0,0,0,5,0,0,0,0,6,0x5AA5,10137,2253,0,0,34946,2,4,2,4,255,0,4,15,0,0,1,0,0,0,0,0,0,0,6,0,0,10100,43998408
2026-09-25T07:14:47.148Z,63785796000000,0x051C,0x0104,0,2,63,9011,9011,0,-44017,-44011,425522,43998909,1,0,0,0,3,4,0,0,0,15,15,0,1,425522,2,1,0,0,0,0,0,0,5,0,0,0,0,6,0x5AA5,9011,15769,0,0,34946,2,4,2,4,255,0,4,15,0,0,1,0,0,0,0,0,0,0,6,0,0,9000,43998909
2026-09-25T07:14:47.665Z,63786312000000,0x051C,0x0104,0,2,63,9011,9011,0,-44010,-44011,425527,43999409,1,0,0,0,3,4,0,0,0,15,15,0,1,425527,2,1,0,0,0,0,0,0,5,0,0,0,0,6,0x5AA5,9011,7884,0,0,34946,2,4,2,4,255,0,4,15,0,0,1,0,0,0,0,0,0,0,6,0,0,9000,43999409
2026-09-25T07:14:48.142Z,63786781000000,0x051C,0x0104,0,2,63,4505,4505,0,-44002,-44007,425532,43999910,1,0,0,0,3,4,0,0,0,15,15,0,1,425532,2,1,0,0,0,0,0,0,5,0,0,0,0,6,0x5AA5,4505,-1126,0,0,34949,2,4,2,2,255,0,2,15,0,0,1,0,0,0,0,0,0,0,6,0,0,4500,43999910
2026-09-25T07:14:48.675Z,63787328000000,0x051C,0x0104,0,2,63,4505,4505,0,-44006,-44007,425537,44000411,1,0,0,0,3,4,0,0,0,15,15,0,1,425537,2,1,0,0,0,0,0,0,5,0,0,0,0,6,0x5AA5,4505,3379,0,0,34950,2,4,2,4,255,0,4,15,0,0,1,0,0,0,0,0,0,0,6,0,0,4500,44000411
2026-09-25T07:14:49.136Z,63787781000000,0x051C,0x0104,0,2,63,3379,3379,0,-44009,-44006,425542,44000912,1,0,0,0,3,4,0,0,0,15,15,0,1,425542,2,1,0,0,0,0,0,0,5,0,0,0,0,6,0x5AA5,3379,6758,0,0,34952,2,4,2,4,255,0,4,15,0,0,1,0,0,0,0,0,0,0,6,0,0,3300,44000912
2026-09-25T07:14:49.666Z,63788312000000,0x051C,0x0104,0,2,63,1126,1126,0,-44004,-44004,425547,44001413,1,0,0,0,3,4,0,0,0,15,15,0,1,425547,2,1,0,0,0,0,0,0,5,0,0,0,0,6,0x5AA5,1126,1126,0,0,34956,2,4,2,4,255,0,4,15,0,0,1,0,0,0,0,0,0,0,6,0,0,1100,44001413
2026-09-25T07:14:50.142Z,63788781000000,0x051C,0x0104,0,2,63,5632,5632,0,-44004,-44008,425552,44001913,1,0,0,0,3,4,0,0,0,15,15,0,1,425552,2,1,0,0,0,0,0,0,5,0,0,0,0,6,0x5AA5,5632,1126,0,0,34958,2,4,2,4,255,0,4,15,0,0,1,0,0,0,0,0,0,0,6,0,0,5600,44001913
2026-09-25T07:14:50.676Z,63789328000000,0x051C,0x0104,0,2,63,7884,7884,0,-44023,-44010,425557,44002414,1,0,0,0,3,4,0,0,0,15,15,0,1,425557,2,1,0,0,0,0,0,0,5,0,0,0,0,6,0x5AA5,7884,22527,0,0,34958,2,4,2,4,255,0,4,15,0,0,1,0,0,0,0,0,0,0,6,0,0,7800,44002414
2026-09-25T07:14:51.135Z,63789781000000,0x051C,0x0104,0,2,63,9011,9011,0,-44003,-44011,425562,44002915,1,0,0,0,3,4,0,0,0,15,15,0,1,425562,2,1,0,0,0,0,0,0,5,0,0,0,0,6,0x5AA5,9011,0,0,0,34958,2,4,2,4,255,0,4,15,0,0,1,0,0,0,0,0,0,0,6,0,0,9000,44002915
2026-09-25T07:14:51.667Z,63790312000000,0x051C,0x0104,0,2,63,9011,9011,0,-44014,-44011,425567,44003415,1,0,0,0,3,4,0,0,0,15,15,0,1,425567,2,1,0,0,0,0,0,0,5,0,0,0,0,6,0x5AA5,9011,12390,0,0,34958,2,4,2,4,255,0,4,15,0,0,1,0,0,0,0,0,0,0,6,0,0,9000,44003415
2026-09-25T07:14:52.143Z,63790781000000,0x051C,0x0104,0,2,63,7884,7884,0,-43998,-44010,425572,44003916,1,0,0,0,3,4,0,0,0,15,15,0,1,425572,2,1,0,0,0,0,0,0,5,0,0,0,0,6,0x5AA5,7884,-5632,0,0,34959,2,4,2,2,255,0,2,15,0,0,1,0,0,0,0,0,0,0,6,0,0,7800,44003916
2026-09-25T07:14:52.677Z,63791328000000,0x051C,0x0104,0,2,63,1126,1126,0,-44006,-44004,425577,44004417,1,0,0,0,3,4,0,0,0,15,15,0,1,425577,2,1,0,0,0,0,0,0,5,0,0,0,0,6,0x5AA5,1126,3379,0,0,34962,2,4,2,4,255,0,4,15,0,0,1,0,0,0,0,0,0,0,6,0,0,1100,44004417
2026-09-25T07:14:53.137Z,63791781000000,0x051C,0x0104,0,2,63,-2253,-2253,0,-43993,-44001,425582,44004918,1,0,0,0,3,4,0,0,0,15,15,0,1,425582,2,1,0,0,0,0,0,0,5,0,0,0,0,6,0x5AA5,-2253,-11263,0,0,34963,2,2,2,2,255,0,2,15,0,0,1,0,0,0,0,0,0,0,6,0,0,-2200,44004918
2026-09-25T07:14:53.668Z,63792312000000,0x051C,0x0104,0,2,63,3379,3379,0,-44000,-44006,425587,44005419,1,0,0,0,3,4,0,0,0,15,15,0,1,425587,2,1,0,0,0,0,0,0,5,0,0,0,0,6,0x5AA5,3379,-3379,0,0,34965,2,4,2,2,255,0,2,15,0,0,1,0,0,0,0,0,0,0,6,0,0,3300,44005419
2026-09-25T07:14:54.144Z,63792796000000,0x051C,0x0104,0,2,63,-1126,-1126,0,-44000,-44002,425592,44005920,1,0,0,0,3,4,0,0,0,15,15,0,1,425592,2,1,0,0,0,0,0,0,5,0,0,0,0,6,0x5AA5,-1126,-3379,0,0,34967,2,2,2,2,255,0,2,15,0,0,1,0,0,0,0,0,0,0,6,0,0,-1100,44005920
2026-09-25T07:14:54.663Z,63793312000000,0x051C,0x0104,0,2,63,1126,1126,0,-43989,-44004,425597,44006420,1,0,0,0,3,4,0,0,0,15,15,0,1,425597,2,1,0,0,0,0,0,0,5,0,0,0,0,6,0x5AA5,1126,-15769,0,0,34969,2,4,2,2,255,0,2,15,0,0,1,0,0,0,0,0,0,0,6,0,0,1100,44006420
2026-09-25T07:14:55.140Z,63793781000000,0x051C,0x0104,0,2,63,2253,2253,0,-44016,-44005,425602,44006921,1,0,0,0,3,4,0,0,0,15,15,0,1,425602,2,1,0,0,0,0,0,0,5,0,0,0,0,6,0x5AA5,2253,14642,0,0,34970,2,4,2,4,255,0,4,15,0,0,1,0,0,0,0,0,0,0,6,0,0,2200,44006921
2026-09-25T07:14:55.674Z,63794312000000,0x051C,0x0104,0,2,63,5632,5632,0,-44014,-44008,425607,44007422,1,0,0,0,3,4,0,0,0,15,15,0,1,425607,2,1,0,0,0,0,0,0,5,0,0,0,0,6,0x5AA5,5632,12390,0,0,34970,2,4,2,4,255,0,4,15,0,0,1,0,0,0,0,0,0,0,6,0,0,5600,44007422
2026-09-25T07:14:56.151Z,63794796000000,0x051C,0x0104,0,2,63,3379,3379,0,-43992,-44006,425612,44007923,1,0,0,0,3,4,0,0,0,15,15,0,1,425612,2,1,0,0,0,0,0,0,5,0,0,0,0,6,0x5AA5,3379,-12390,0,0,34971,2,4,2,2,255,0,2,15,0,0,1,0,0,0,0,0,0,0,6,0,0,3300,44007923
2026-09-25T07:14:56.683Z,63795328000000,0x051C,0x0104,0,2,63,0,0,0,-44020,-44003,425617,44008423,1,0,0,0,3,4,0,0,0,15,15,0,1,425617,2,1,0,0,0,0,0,0,5,0,0,0,0,6,0x5AA5,0,19148,0,0,34972,2,3,2,4,255,0,4,15,0,0,1,0,0,0,0,0,0,0,6,0,0,0,44008423
2026-09-25T07:14:57.157Z,63795796000000,0x051C,0x0104,0,2,63,3379,3379,0,-43999,-44006,425622,44008924,1,0,0,0,3,4,0,0,0,15,15,0,1,425622,2,1,0,0,0,0,0,0,5,0,0,0,0,6,0x5AA5,3379,-4505,0,0,34973,2,4,2,2,255,0,2,15,0,0,1,0,0,0,0,0,0,0,6,0,0,3300,44008924
2026-09-25T07:14:57.691Z,63796343000000,0x051C,0x0104,0,2,63,1126,1126,0,-44005,-44004,425627,44009425,1,0,0,0,3,4,0,0,0,15,15,0,1,425627,2,1,0,0,0,0,0,0,5,0,0,0,0,6,0x5AA5,1126,2253,0,0,34976,2,4,2,4,255,0,4,15,0,0,1,0,0,0,0,0,0,0,6,0,0,1100,44009425
2026-09-25T07:14:58.151Z,63796796000000,0x051C,0x0104,0,2,63,3379,3379,0,-44015,-44006,425632,44009926,1,0,0,0,3,4,0,0,0,15,15,0,1,425632,2,1,0,0,0,0,0,0,5,0,0,0,0,6,0x5AA5,3379,13516,0,0,34978,2,4,2,4,255,0,4,15,0,0,1,0,0,0,0,0,0,0,6,0,0,3300,44009926
2026-09-25T07:14:58.680Z,63797328000000,0x051C,0x0104,0,2,63,1126,1126,0,-44017,-44004,425637,44010427,1,0,0,0,3,4,0,0,0,15,15,0,1,425637,2,1,0,0,0,0,0,0,5,0,0,0,0,6,0x5AA5,1126,15769,0,0,34980,2,4,2,4,255,0,4,15,0,0,1,0,0,0,0,0,0,0,6,0,0,1100,44010427
2026-09-25T07:14:59.156Z,63797796000000,0x051C,0x0104,0,2,63,6758,6758,0,-44016,-44009,425642,44010927,1,0,0,0,3,4,0,0,0,15,15,0,1,425642,2,1,0,0,0,0,0,0,5,0,0,0,0,6,0x5AA5,6758,14642,0,0,34980,2,4,2,4,255,0,4,15,0,0,1,0,0,0,0,0,0,0,6,0,0,6700,44010927
2026-09-25T07:14:59.687Z,63798328000000,0x051C,0x0104,0,2,63,14642,14642,0,-44016,-44016,425647,44011428,1,0,0,0,3,4,0,0,0,15,15,0,1,425647,2,1,0,0,0,0,0,0,5,0,0,0,0,6,0x5AA5,14642,14642,0,0,34980,2,4,2,4,255,0,4,15,0,0,1,0,0,0,0,0,0,0,6,0,0,14600,44011428
2026-09-25T07:15:00.161Z,63798812000000,0x051C,0x0104,0,2,63,6758,6758,0,-44016,-44009,425652,44011929,1,0,0,0,3,4,0,0,0,15,15,0,1,425652,2,1,0,0,0,0,0,0,5,0,0,0,0,6,0x5AA5,6758,14642,0,0,34982,2,4,2,4,255,0,4,15,0,0,1,0,0,0,0,0,0,0,6,0,0,6700,44011929
2026-09-25T07:15:00.678Z,63799328000000,0x051C,0x0104,0,2,63,1126,1126,0,-44005,-44004,425657,44012430,1,0,0,0,3,4,0,0,0,15,15,0,1,425657,2,1,0,0,0,0,0,0,5,0,0,0,0,6,0x5AA5,1126,2253,0,0,34984,2,4,2,4,255,0,4,15,0,0,1,0,0,0,0,0,0,0,6,0,0,1100,44012430
2026-09-25T07:15:01.151Z,63799796000000,0x051C,0x0104,0,2,63,3379,3379,0,-44016,-44006,425662,44012931,1,0,0,0,3,4,0,0,0,15,15,0,1,425662,2,1,0,0,0,0,0,0,5,0,0,0,0,6,0x5AA5,3379,14642,0,0,34986,2,4,2,4,255,0,4,15,0,0,1,0,0,0,0,0,0,0,6,0,0,3300,44012931
2026-09-25T07:15:01.682Z,63800328000000,0x051C,0x0104,0,2,63,2253,2253,0,-44012,-44005,425667,44013431,1,0,0,0,3,4,0,0,0,15,15,0,1,425667,2,1,0,0,0,0,0,0,5,0,0,0,0,6,0x5AA5,2253,10137,0,0,34988,2,4,2,4,255,0,4,15,0,0,1,0,0,0,0,0,0,0,6,0,0,2200,44013431
2026-09-25T07:15:02.156Z,63800796000000,0x051C,0x0104,0,2,63,5632,5632,0,-44003,-44008,425672,44013933,1,0,0,0,3,4,0,0,0,15,15,0,1,425672,2,1,0,0,0,0,0,0,5,0,0,0,0,6,0x5AA5,5632,0,0,0,34989,2,4,2,2,255,0,2,15,0,0,1,0,0,0,0,0,0,0,6,0,0,5600,44013933
2026-09-25T07:15:02.689Z,63801328000000,0x051C,0x0104,0,2,63,1126,1126,0,-44018,-44004,425677,44014433,1,0,0,0,3,4,0,0,0,15,15,0,1,425677,2,1,0,0,0,0,0,0,5,0,0,0,0,6,0x5AA5,1126,16895,0,0,34992,2,4,2,4,255,0,4,15,0,0,1,0,0,0,0,0,0,0,6,0,0,1100,44014433
2026-09-25T07:15:03.163Z,63801812000000,0x051C,0x0104,0,2,63,4505,4505,0,-44018,-44007,425682,44014934,1,0,0,0,3,4,0,0,0,15,15,0,1,425682,2,1,0,0,0,0,0,0,5,0,0,0,0,6,0x5AA5,4505,16895,0,0,34994,2,4,2,4,255,0,4,15,0,0,1,0,0,0,0,0,0,0,6,0,0,4500,44014934
2026-09-25T07:15:03.678Z,63802328000000,0x051C,0x0104,0,2,63,7884,7884,0,-43994,-44010,425687,44015435,1,0,0,0,3,4,0,0,0,15,15,0,1,425687,2,1,0,0,0,0,0,0,5,0,0,0,0,6,0x5AA5,7884,-10137,0,0,34995,2,4,2,2,255,0,2,15,0,0,1,0,0,0,0,0,0,0,6,0,0,7800,44015435
2026-09-25T07:15:04.151Z,63802796000000,0x051C,0x0104,0,2,63,5632,5632,0,-44008,-44008,425692,44015935,1,0,0,0,3,4,0,0,0,15,15,0,1,425692,2,1,0,0,0,0,0,0,5,0,0,0,0,6,0x5AA5,5632,5632,0,0,34998,2,4,2,4,255,0,4,15,0,0,1,0,0,0,0,0,0,0,6,0,0,5600,44015935
2026-09-25T07:15:04.685Z,63803328000000,0x051C,0x0104,0,2,63,1126,1126,0,-44007,-44004,425697,44016436,1,0,0,0,3,4,0,0,0,15,15,0,1,425697,2,1,0,0,0,0,0,0,5,0,0,0,0,6,0x5AA5,1126,4505,0,0,35000,2,4,2,4,255,0,4,15,0,0,1,0,0,0,0,0,0,0,6,0,0,1100,44016436
2026-09-25T07:15:05.158Z,63803796000000,0x051C,0x0104,0,2,63,2253,2253,0,-44010,-44005,425702,44016937,1,0,0,0,3,4,0,0,0,15,15,0,1,425702,2,1,0,0,0,0,0,0,5,0,0,0,0,6,0x5AA5,2253,7884,0,0,35004,2,4,2,4,255,0,4,15,0,0,1,0,0,0,0,0,0,0,6,0,0,2200,44016937
2026-09-25T07:15:05.692Z,63804343000000,0x051C,0x0104,0,2,63,5632,5632,0,-43998,-44008,425707,44017438,1,0,0,0,3,4,0,0,0,15,15,0,1,425707,2,1,0,0,0,0,0,0,5,0,0,0,0,6,0x5AA5,5632,-5632,0,0,35005,2,4,2,2,255,0,2,15,0,0,1,0,0,0,0,0,0,0,6,0,0,5600,44017438
2026-09-25T07:15:06.150Z,63804796000000,0x051C,0x0104,0,2,63,0,0,0,-43998,-44003,425712,44017939,1,0,0,0,3,4,0,0,0,15,15,0,1,425712,2,1,0,0,0,0,0,0,5,0,0,0,0,6,0x5AA5,0,-5632,0,0,35007,2,3,2,2,255,0,2,15,0,0,1,0,0,0,0,0,0,0,6,0,0,0,44017939
2026-09-25T07:15:06.683Z,63805328000000,0x051C,0x0104,0,2,63,-1126,-1126,0,-44000,-44002,425717,44018440,1,0,0,0,3,4,0,0,0,15,15,0,1,425717,2,1,0,0,0,0,0,0,5,0,0,0,0,6,0x5AA5,-1126,-3379,0,0,35009,2,2,2,2,255,0,2,15,0,0,1,0,0,0,0,0,0,0,6,0,0,-1100,44018440
2026-09-25T07:15:07.158Z,63805796000000,0x051C,0x0104,0,2,63,0,0,0,-44023,-44003,425722,44018940,1,0,0,0,3,4,0,0,0,15,15,0,1,425722,2,1,0,0,0,0,0,0,5,0,0,0,0,6,0x5AA5,0,22527,0,0,35010,2,3,2,4,255,0,4,15,0,0,1,0,0,0,0,0,0,0,6,0,0,0,44018940
2026-09-25T07:15:07.694Z,63806343000000,0x051C,0x0104,0,2,63,2253,2253,0,-44020,-44005,425727,44019441,1,0,0,0,3,4,0,0,0,15,15,0,1,425727,2,1,0,0,0,0,0,0,5,0,0,0,0,6,0x5AA5,2253,19148,0,0,35012,2,4,2,4,255,0,4,15,0,0,1,0,0,0,0,0,0,0,6,0,0,2200,44019441
2026-09-25T07:15:08.154Z,63806796000000,0x051C,0x0104,0,2,63,3379,3379,0,-44004,-44006,425732,44019942,1,0,0,0,3,4,0,0,0,15,15,0,1,425732,2,1,0,0,0,0,0,0,5,0,0,0,0,6,0x5AA5,3379,1126,0,0,35014,2,4,2,4,255,0,4,15,0,0,1,0,0,0,0,0,0,0,6,0,0,3300,44019942
2026-09-25T07:15:08.685Z,63807328000000,0x051C,0x0104,0,2,63,3379,3379,0,-43994,-44006,425737,44020443,1,0,0,0,3,4,0,0,0,15,15,0,1,425737,2,1,0,0,0,0,0,0,5,0,0,0,0,6,0x5AA5,3379,-10137,0,0,35017,2,4,2,2,255,0,2,15,0,0,1,0,0,0,0,0,0,0,6,0,0,3300,44020443
2026-09-25T07:15:09.159Z,63807812000000,0x051C,0x0104,0,2,63,3379,3379,0,-44000,-44006,425742,44020944,1,0,0,0,3,4,0,0,0,15,15,0,1,425742,2,1,0,0,0,0,0,0,5,0,0,0,0,6,0x5AA5,3379,-3379,0,0,35019,2,4,2,2,255,0,2,15,0,0,1,0,0,0,0,0,0,0,6,0,0,3300,44020944
2026-09-25T07:15:09.676Z,63808328000000,0x051C,0x0104,0,2,63,-1126,-1126,0,-44020,-44002,425747,44021445,1,0,0,0,3,4,0,0,0,15,15,0,1,425747,2,1,0,0,0,0,0,0,5,0,0,0,0,6,0x5AA5,-1126,19148,0,0,35020,2,2,2,4,255,0,4,15,0,0,1,0,0,0,0,0,0,0,6,0,0,-1100,44021445
2026-09-25T07:15:10.150Z,63808796000000,0x051C,0x0104,0,2,63,5632,5632,0,-44001,-44008,425752,44021945,1,0,0,0,3,4,0,0,0,15,15,0,1,425752,2,1,0,0,0,0,0,0,5,0,0,0,0,6,0x5AA5,5632,-2253,0,0,35021,2,4,2,2,255,0,2,15,0,0,1,0,0,0,0,0,0,0,6,0,0,5600,44021945
2026-09-25T07:15:10.682Z,63809328000000,0x051C,0x0104,0,2,63,2253,2253,0,-43995,-44005,425757,44022446,1,0,0,0,3,4,0,0,0,15,15,0,1,425757,2,1,0,0,0,0,0,0,5,0,0,0,0,6,0x5AA5,2253,-9011,0,0,35023,2,4,2,2,255,0,2,15,0,0,1,0,0,0,0,0,0,0,6,0,0,2200,44022446
2026-09-25T07:15:11.156Z,63809796000000,0x051C,0x0104,0,2,63,1126,1126,0,-44002,-44004,425762,44022947,1,0,0,0,3,4,0,0,0,15,15,0,1,425762,2,1,0,0,0,0,0,0,5,0,0,0,0,6,0x5AA5,1126,-1126,0,0,35025,2,4,2,2,255,0,2,15,0,0,1,0,0,0,0,0,0,0,6,0,0,1100,44022947
2026-09-25T07:15:11.688Z,63810328000000,0x051C,0x0104,0,2,63,7884,7884,0,-44007,-44010,425767,44023448,1,0,0,0,3,4,0,0,0,15,15,0,1,425767,2,1,0,0,0,0,0,0,5,0,0,0,0,6,0x5AA5,7884,4505,0,0,35026,2,4,2,4,255,0,4,15,0,0,1,0,0,0,0,0,0,0,6,0,0,7800,44023448
2026-09-25T07:15:12.161Z,63810812000000,0x051C,0x0104,0,2,63,4505,4505,0,-43995,-44007,425772,44023949,1,0,0,0,3,4,0,0,0,15,15,0,1,425772,2,1,0,0,0,0,0,0,5,0,0,0,0,6,0x5AA5,4505,-9011,0,0,35027,2,4,2,2,255,0,2,15,0,0,1,0,0,0,0,0,0,0,6,0,0,4500,44023949
2026-09-25T07:15:12.675Z,63811328000000,0x051C,0x0104,0,2,63,2253,2253,0,-44000,-44005,425777,44024449,1,0,0,0,3,4,0,0,0,15,15,0,1,425777,2,1,0,0,0,0,0,0,5,0,0,0,0,6,0x5AA5,2253,-3379,0,0,35029,2,4,2,2,255,0,2,15,0,0,1,0,0,0,0,0,0,0,6,0,0,2200,44024449
2026-09-25T07:15:13.149Z,63811796000000,0x051C,0x0104,0,2,63,-2253,-2253,0,-44002,-44001,425782,44024950,1,0,0,0,3,4,0,0,0,15,15,0,1,425782,2,1,0,0,0,0,0,0,5,0,0,0,0,6,0x5AA5,-2253,-1126,0,0,35029,2,2,2,2,255,0,2,15,0,0,1,0,0,0,0,0,0,0,6,0,0,-2200,44024950
2026-09-25T07:15:13.682Z,63812328000000,0x051C,0x0104,0,2,63,3379,3379,0,-44005,-44006,425787,44025451,1,0,0,0,3,4,0,0,0,15,15,0,1,425787,2,1,0,0,0,0,0,0,5,0,0,0,0,6,0x5AA5,3379,2253,0,0,35032,2,4,2,4,255,0,4,15,0,0,1,0,0,0,0,0,0,0,6,0,0,3300,44025451
2026-09-25T07:15:14.155Z,63812796000000,0x051C,0x0104,0,2,63,2253,2253,0,-44012,-44005,425792,44025953,1,0,0,0,3,4,0,0,0,15,15,0,1,425792,2,1,0,0,0,0,0,0,5,0,0,0,0,6,0x5AA5,2253,10137,0,0,35034,2,4,2,4,255,0,4,15,0,0,1,0,0,0,0,0,0,0,6,0,0,2200,44025953
2026-09-25T07:15:14.686Z,63813328000000,0x051C,0x0104,0,2,63,1126,1126,0,-43999,-44004,425797,44026453,1,0,0,0,3,4,0,0,0,15,15,0,1,425797,2,1,0,0,0,0,0,0,5,0,0,0,0,6,0x5AA5,1126,-4505,0,0,35039,2,4,2,2,255,0,2,15,0,0,1,0,0,0,0,0,0,0,6,0,0,1100,44026453
2026-09-25T07:15:15.161Z,63813812000000,0x051C,0x0104,0,2,63,3379,3379,0,-44007,-44006,425802,44026953,1,0,0,0,3,4,0,0,0,15,15,0,1,425802,2,1,0,0,0,0,0,0,5,0,0,0,0,6,0x5AA5,3379,4505,0,0,35040,2,4,2,4,255,0,4,15,0,0,1,0,0,0,0,0,0,0,6,0,0,3300,44026953
2026-09-25T07:15:15.676Z,63814328000000,0x051C,0x0104,0,2,63,1126,1126,0,-44005,-44004,425807,44027454,1,0,0,0,3,4,0,0,0,15,15,0,1,425807,2,1,0,0,0,0,0,0,5,0,0,0,0,6,0x5AA5,1126,2253,0,0,35042,2,4,2,4,255,0,4,15,0,0,1,0,0,0,0,0,0,0,6,0,0,1100,44027454
2026-09-25T07:15:16.151Z,63814796000000,0x051C,0x0104,0,2,63,2253,2253,0,-44022,-44005,425812,44027955,1,0,0,0,3,4,0,0,0,15,15,0,1,425812,2,1,0,0,0,0,0,0,5,0,0,0,0,6,0x5AA5,2253,21400,0,0,35044,2,4,2,4,255,0,4,15,0,0,1,0,0,0,0,0,0,0,6,0,0,2200,44027955
2026-09-25T07:15:16.683Z,63815328000000,0x051C,0x0104,0,2,63,0,0,0,-44005,-44003,425817,44028456,1,0,0,0,3,4,0,0,0,15,15,0,1,425817,2,1,0,0,0,0,0,0,5,0,0,0,0,6,0x5AA5,0,2253,0,0,35046,2,3,2,4,255,0,4,15,0,0,1,0,0,0,0,0,0,0,6,0,0,0,44028456
2026-09-25T07:15:17.157Z,63815796000000,0x051C,0x0104,0,2,63,3379,3379,0,-43997,-44006,425822,44028956,1,0,0,0,3,4,0,0,0,15,15,0,1,425822,2,1,0,0,0,0,0,0,5,0,0,0,0,6,0x5AA5,3379,-6758,0,0,35049,2,4,2,2,255,0,2,15,0,0,1,0,0,0,0,0,0,0,6,0,0,3300,44028956
2026-09-25T07:15:17.688Z,63816328000000,0x051C,0x0104,0,2,63,-4505,-4505,0,-43990,-43999,425827,44029457,1,0,0,0,3,4,0,0,0,15,15,0,1,425827,2,1,0,0,0,0,0,0,5,0,0,0,0,6,0x5AA5,-4505,-14642,0,0,35049,2,2,2,2,255,0,2,15,0,0,1,0,0,0,0,0,0,0,6,0,0,-4500,44029457
2026-09-25T07:15:18.163Z,63816812000000,0x051C,0x0104,0,2,63,-2253,-2253,0,-44005,-44001,425832,44029958,1,0,0,0,3,4,0,0,0,15,15,0,1,425832,2,1,0,0,0,0,0,0,5,0,0,0,0,6,0x5AA5,-2253,2253,0,0,35052,2,2,2,4,255,0,4,15,0,0,1,0,0,0,0,0,0,0,6,0,0,-2200,44029958
2026-09-25T07:15:18.681Z,63817328000000,0x051C,0x0104,0,2,63,2253,2253,0,-44007,-44005,425837,44030459,1,0,0,0,3,4,0,0,0,15,15,0,1,425837,2,1,0,0,0,0,0,0,5,0,0,0,0,6,0x5AA5,2253,4505,0,0,35054,2,4,2,4,255,0,4,15,0,0,1,0,0,0,0,0,0,0,6,0,0,2200,44030459
2026-09-25T07:15:19.155Z,63817796000000,0x051C,0x0104,0,2,63,2253,2253,0,-44001,-44005,425842,44030959,1,0,0,0,3,4,0,0,0,15,15,0,1,425842,2,1,0,0,0,0,0,0,5,0,0,0,0,6,0x5AA5,2253,-2253,0,0,35057,2,4,2,2,255,0,2,15,0,0,1,0,0,0,0,0,0,0,6,0,0,2200,44030959
2026-09-25T07:15:19.685Z,63818328000000,0x051C,0x0104,0,2,63,-4505,-4505,0,-44005,-43999,425847,44031460,1,0,0,0,3,4,0,0,0,15,15,0,1,425847,2,1,0,0,0,0,0,0,5,0,0,0,0,6,0x5AA5,-4505,2253,0,0,35058,2,2,2,4,255,0,4,15,0,0,1,0,0,0,0,0,0,0,6,0,0,-4500,44031460
2026-09-25T07:15:20.160Z,63818812000000,0x051C,0x0104,0,2,63,0,0,0,-44008,-44003,425852,44031961,1,0,0,0,3,4,0,0,0,15,15,0,1,425852,2,1,0,0,0,0,0,0,5,0,0,0,0,6,0x5AA5,0,5632,0,0,35058,2,3,2,4,255,0,4,15,0,0,1,0,0,0,0,0,0,0,6,0,0,0,44031961
2026-09-25T07:15:20.683Z,63819328000000,0x051C,0x0104,0,2,63,0,0,0,-43998,-44003,425856,44032465,1,0,0,0,3,4,0,0,0,15,15,0,1,425857,2,1,0,0,0,0,0,0,5,0,0,0,0,6,0x5AA5,0,1126,0,0,35060,2,3,2,4,255,0,4,15,0,0,1,0,0,0,0,0,0,0,6,0,0,0,44032362
2026-09-25T07:15:21.159Z,63819812000000,0x051C,0x0104,0,2,63,2253,2253,0,-44011,-44005,425862,44032962,1,0,0,0,3,4,0,0,0,15,15,0,1,425862,2,1,0,0,0,0,0,0,5,0,0,0,0,6,0x5AA5,2253,9011,0,0,35062,2,4,2,4,255,0,4,15,0,0,1,0,0,0,0,0,0,0,6,0,0,2200,44032962
2026-09-25T07:15:21.679Z,63820328000000,0x051C,0x0104,0,2,63,5632,5632,0,-44011,-44008,425866,44033464,1,0,0,0,3,4,0,0,0,15,15,0,1,425867,2,1,0,0,0,0,0,0,5,0,0,0,0,6,0x5AA5,4505,13516,0,0,35062,2,4,2,4,255,0,4,15,0,0,1,0,0,0,0,0,0,0,6,0,0,4500,44033363
2026-09-25T07:15:22.157Z,63820796000000,0x051C,0x0104,0,2,63,5632,5632,0,-44015,-44008,425871,44033966,1,0,0,0,3,4,0,0,0,15,15,0,1,425872,2,1,0,0,0,0,0,0,5,0,0,0,0,6,0x5AA5,5632,6758,0,0,35064,2,4,2,4,255,0,4,15,0,0,1,0,0,0,0,0,0,0,6,0,0,5600,44033864
2026-09-25T07:15:22.693Z,63821343000000,0x051C,0x0104,0,2,63,5632,5632,0,-44013,-44008,425877,44034465,1,0,0,0,3,4,0,0,0,15,15,0,1,425877,2,1,0,0,0,0,0,0,5,0,0,0,0,6,0x5AA5,5632,11263,0,0,35066,2,4,2,4,255,0,4,15,0,0,1,0,0,0,0,0,0,0,6,0,0,5600,44034465
2026-09-25T07:15:23.156Z,63821796000000,0x051C,0x0104,0,2,63,-1126,-1126,0,-44013,-44002,425881,44034965,1,0,0,0,3,4,0,0,0,15,15,0,1,425882,2,1,0,0,0,0,0,0,5,0,0,0,0,6,0x5AA5,0,-5632,0,0,35067,2,3,2,2,255,0,2,15,0,0,1,0,0,0,0,0,0,0,6,0,0,0,44034865
2026-09-25T07:15:23.693Z,63822343000000,0x051C,0x0104,0,2,63,-1126,-1126,0,-43999,-44002,425887,44035466,1,0,0,0,3,4,0,0,0,15,15,0,1,425887,2,1,0,0,0,0,0,0,5,0,0,0,0,6,0x5AA5,-1126,-4505,0,0,35071,2,2,2,2,255,0,2,15,0,0,1,0,0,0,0,0,0,0,6,0,0,-1100,44035466
2026-09-25T07:15:24.151Z,63822796000000,0x051C,0x0104,0,2,63,-4505,-4505,0,-44013,-43999,425891,44035967,1,0,0,0,3,4,0,0,0,15,15,0,1,425892,2,1,0,0,0,0,0,0,5,0,0,0,0,6,0x5AA5,-4505,-7884,0,0,35071,2,2,2,2,255,0,2,15,0,0,1,0,0,0,0,0,0,0,6,0,0,-4500,44035867
2026-09-25T07:15:24.686Z,63823328000000,0x051C,0x0104,0,2,63,-2253,-2253,0,-44002,-44001,425896,44036471,1,0,0,0,3,4,0,0,0,15,15,0,1,425897,2,1,0,0,0,0,0,0,5,0,0,0,0,6,0x5AA5,-2253,-6758,0,0,35073,2,2,2,2,255,0,2,15,0,0,1,0,0,0,0,0,0,0,6,0,0,-2200,44036368
2026-09-25T07:15:25.165Z,63823812000000,0x051C,0x0104,0,2,63,-4505,-4505,0,-43995,-43999,425901,44036974,1,0,0,0,3,4,0,0,0,15,15,0,1,425902,2,1,0,0,0,0,0,0,5,0,0,0,0,6,0x5AA5,-3379,-10137,0,0,35075,2,2,2,2,255,0,2,15,0,0,1,0,0,0,0,0,0,0,6,0,0,-3300,44036869
2026-09-25T07:15:25.686Z,63824328000000,0x051C,0x0104,0,2,63,-3379,-3379,0,-44012,-44000,425906,44037470,1,0,0,0,3,4,0,0,0,15,15,0,1,425907,2,1,0,0,0,0,0,0,5,0,0,0,0,6,0x5AA5,-5632,-4505,0,0,35077,2,2,2,2,255,0,2,15,0,0,1,0,0,0,0,0,0,0,6,0,0,-5600,44037369
2026-09-25T07:15:26.165Z,63824812000000,0x051C,0x0104,0,2,63,-3379,-3379,0,-43996,-44000,425911,44037975,1,0,0,0,3,4,0,0,0,15,15,0,1,425912,2,1,0,0,0,0,0,0,5,0,0,0,0,6,0x5AA5,-2253,-7884,0,0,35079,2,2,2,2,255,0,2,15,0,0,1,0,0,0,0,0,0,0,6,0,0,-2200,44037870
2026-09-25T07:15:26.682Z,63825328000000,0x051C,0x0104,0,2,63,-1126,-1126,0,-44000,-44002,425916,44038471,1,0,0,0,3,4,0,0,0,15,15,0,1,425917,2,1,0,0,0,0,0,0,5,0,0,0,0,6,0x5AA5,-1126,-7884,0,0,35081,2,2,2,2,255,0,2,15,0,0,1,0,0,0,0,0,0,0,6,0,0,-1100,44038371
2026-09-25T07:15:27.156Z,63825796000000,0x051C,0x0104,0,2,63,-7884,-7884,0,-44000,-43996,425921,44038973,1,0,0,0,3,4,0,0,0,15,15,0,1,425922,2,1,0,0,0,0,0,0,5,0,0,0,0,6,0x5AA5,-7884,-10137,0,0,35081,2,2,2,2,255,0,2,15,0,0,1,0,0,0,0,0,0,0,6,0,0,-7800,44038873
2026-09-25T07:15:27.695Z,63826343000000,0x051C,0x0104,0,2,63,-6758,-6758,0,-44007,-43997,425926,44039477,1,0,0,0,3,4,0,0,0,15,15,0,1,425927,2,1,0,0,0,0,0,0,5,0,0,0,0,6,0x5AA5,-6758,-3379,0,0,35083,2,2,2,2,255,0,2,15,0,0,1,0,0,0,0,0,0,0,6,0,0,-6700,44039373
2026-09-25T07:15:28.154Z,63826796000000,0x051C,0x0104,0,2,63,-1126,-1126,0,-43994,-44002,425931,44039974,1,0,0,0,3,4,0,0,0,15,15,0,1,425932,2,1,0,0,0,0,0,0,5,0,0,0,0,6,0x5AA5,-1126,10137,0,0,35086,2,2,2,4,255,0,4,15,0,0,1,0,0,0,0,0,0,0,6,0,0,-1100,44039873
2026-09-25T07:15:28.685Z,63827328000000,0x051C,0x0104,0,2,63,-2253,-2253,0,-44010,-44001,425936,44040474,1,0,0,0,3,4,0,0,0,15,15,0,1,425937,2,1,0,0,0,0,0,0,5,0,0,0,0,6,0x5AA5,-3379,2253,0,0,35088,2,2,2,4,255,0,4,15,0,0,1,0,0,0,0,0,0,0,6,0,0,-3300,44040374
2026-09-25T07:15:29.160Z,63827812000000,0x051C,0x0104,0,2,63,-1126,-1126,0,-43998,-44002,425941,44040975,1,0,0,0,3,4,0,0,0,15,15,0,1,425942,2,1,0,0,0,0,0,0,5,0,0,0,0,6,0x5AA5,-1126,-3379,0,0,35089,2,2,2,2,255,0,2,15,0,0,1,0,0,0,0,0,0,0,6,0,0,-1100,44040875
2026-09-25T07:15:29.681Z,63828328000000,0x051C,0x0104,0,2,63,1126,1126,0,-43998,-44004,425946,44041476,1,0,0,0,3,4,0,0,0,15,15,0,1,425947,2,1,0,0,0,0,0,0,5,0,0,0,0,6,0x5AA5,1126,-2253,0,0,35091,2,4,2,2,255,0,2,15,0,0,1,0,0,0,0,0,0,0,6,0,0,1100,44041376
2026-09-25T07:15:30.156Z,63828796000000,0x051C,0x0104,0,2,63,-2253,-2253,0,-43997,-44001,425951,44041977,1,0,0,0,3,4,0,0,0,15,15,0,1,425952,2,1,0,0,0,0,0,0,5,0,0,0,0,6,0x5AA5,-2253,-4505,0,0,35093,2,2,2,2,255,0,2,15,0,0,1,0,0,0,0,0,0,0,6,0,0,-2200,44041877
2026-09-25T07:15:30.689Z,63829328000000,0x051C,0x0104,0,2,63,-3379,-3379,0,-44014,-44000,425956,44042478,1,0,0,0,3,4,0,0,0,15,15,0,1,425957,2,1,0,0,0,0,0,0,5,0,0,0,0,6,0x5AA5,-3379,-1126,0,0,35095,2,2,2,2,255,0,2,15,0,0,1,0,0,0,0,0,0,0,6,0,0,-3300,44042378
2026-09-25T07:15:31.163Z,63829812000000,0x051C,0x0104,0,2,63,0,0,0,-43996,-44003,425961,44042978,1,0,0,0,3,4,0,0,0,15,15,0,1,425962,2,1,0,0,0,0,0,0,5,0,0,0,0,6,0x5AA5,1126,-6758,0,0,35097,2,4,2,2,255,0,2,15,0,0,1,0,0,0,0,0,0,0,6,0,0,1100,44042878
2026-09-25T07:15:31.683Z,63830328000000,0x051C,0x0104,0,2,63,-1126,-1126,0,-44006,-44002,425966,44043479,1,0,0,0,3,4,0,0,0,15,15,0,1,425967,2,1,0,0,0,0,0,0,5,0,0,0,0,6,0x5AA5,-2253,6758,0,0,35098,2,2,2,4,255,0,4,15,0,0,1,0,0,0,0,0,0,0,6,0,0,-2200,44043379
2026-09-25T07:15:32.158Z,63830796000000,0x051C,0x0104,0,2,63,0,0,0,-44019,-44003,425971,44043980,1,0,0,0,3,4,0,0,0,15,15,0,1,425972,2,1,0,0,0,0,0,0,5,0,0,0,0,6,0x5AA5,-2253,19148,0,0,35100,2,2,2,4,255,0,4,15,0,0,1,0,0,0,0,0,0,0,6,0,0,-2200,44043880
2026-09-25T07:15:32.692Z,63831343000000,0x051C,0x0104,0,2,63,6758,6758,0,-43992,-44009,425976,44044481,1,0,0,0,3,4,0,0,0,15,15,0,1,425977,2,1,0,0,0,0,0,0,5,0,0,0,0,6,0x5AA5,4505,24779,0,0,35102,2,4,2,4,255,0,4,15,0,0,1,0,0,0,0,0,0,0,6,0,0,4500,44044381
2026-09-25T07:15:33.151Z,63831796000000,0x051C,0x0104,0,2,63,2253,2253,0,-43999,-44005,425981,44044882,1,0,0,0,3,4,0,0,0,15,15,0,1,425981,2,1,0,0,0,0,0,0,5,0,0,0,0,6,0x5AA5,2253,-4505,0,0,35105,2,4,2,2,255,0,2,15,0,0,1,0,0,0,0,0,0,0,6,0,0,2200,44044882
2026-09-25T07:15:33.685Z,63832328000000,0x051C,0x0104,0,2,63,4505,4505,0,-43998,-44007,425986,44045483,1,0,0,0,3,4,0,0,0,15,15,0,1,425987,2,1,0,0,0,0,0,0,5,0,0,0,0,6,0x5AA5,4505,5632,0,0,35106,2,4,2,4,255,0,4,15,0,0,1,0,0,0,0,0,0,0,6,0,0,4500,44045382
2026-09-25T07:15:34.160Z,63832812000000,0x051C,0x0104,0,2,63,2253,2253,0,-44019,-44005,425991,44045983,1,0,0,0,3,4,0,0,0,15,15,0,1,425992,2,1,0,0,0,0,0,0,5,0,0,0,0,6,0x5AA5,2253,-4505,0,0,35109,2,4,2,2,255,0,2,15,0,0,1,0,0,0,0,0,0,0,6,0,0,2200,44045883
2026-09-25T07:15:34.676Z,63833328000000,0x051C,0x0104,0,2,63,4505,4505,0,-44010,-44007,425996,44046384,1,0,0,0,3,4,0,0,0,15,15,0,1,425996,2,1,0,0,0,0,0,0,5,0,0,0,0,6,0x5AA5,4505,7884,0,0,35110,2,4,2,4,255,0,4,15,0,0,1,0,0,0,0,0,0,0,6,0,0,4500,44046384
2026-09-25T07:15:35.150Z,63833796000000,0x051C,0x0104,0,2,63,2253,2253,0,-44010,-44005,426001,44046885,1,0,0,0,3,4,0,0,0,15,15,0,1,426001,2,1,0,0,0,0,0,0,5,0,0,0,0,6,0x5AA5,2253,7884,0,0,35112,2,4,2,4,255,0,4,15,0,0,1,0,0,0,0,0,0,0,6,0,0,2200,44046885
2026-09-25T07:15:35.681Z,63834328000000,0x051C,0x0104,0,2,63,2253,2253,0,-44001,-44005,426006,44047386,1,0,0,0,3,4,0,0,0,15,15,0,1,426006,2,1,0,0,0,0,0,0,5,0,0,0,0,6,0x5AA5,2253,-2253,0,0,35115,2,4,2,2,255,0,2,15,0,0,1,0,0,0,0,0,0,0,6,0,0,2200,44047386
2026-09-25T07:15:36.156Z,63834796000000,0x051C,0x0104,0,2,63,1126,1126,0,-43998,-44004,426011,44047887,1,0,0,0,3,4,0,0,0,15,15,0,1,426011,2,1,0,0,0,0,0,0,5,0,0,0,0,6,0x5AA5,1126,-5632,0,0,35117,2,4,2,2,255,0,2,15,0,0,1,0,0,0,0,0,0,0,6,0,0,1100,44047887
2026-09-25T07:15:36.692Z,63835343000000,0x051C,0x0104,0,2,63,1126,1126,0,-43998,-44004,426016,44048488,1,0,0,0,3,4,0,0,0,15,15,0,1,426017,2,1,0,0,0,0,0,0,5,0,0,0,0,6,0x5AA5,0,11263,0,0,35118,2,3,2,4,255,0,4,15,0,0,1,0,0,0,0,0,0,0,6,0,0,0,44048387
2026-09-25T07:15:37.151Z,63835796000000,0x051C,0x0104,0,2,63,-1126,-1126,0,-44007,-44002,426021,44048888,1,0,0,0,3,4,0,0,0,15,15,0,1,426021,2,1,0,0,0,0,0,0,5,0,0,0,0,6,0x5AA5,-1126,4505,0,0,35122,2,2,2,4,255,0,4,15,0,0,1,0,0,0,0,0,0,0,6,0,0,-1100,44048888
2026-09-25T07:15:37.682Z,63836328000000,0x051C,0x0104,0,2,63,2253,2253,0,-44030,-44005,426026,44049389,1,0,0,0,3,4,0,0,0,15,15,0,1,426026,2,1,0,0,0,0,0,0,5,0,0,0,0,6,0x5AA5,2253,30411,0,0,35124,2,4,2,4,255,0,4,15,0,0,1,0,0,0,0,0,0,0,6,0,0,2200,44049389
2026-09-25T07:15:38.155Z,63836796000000,0x051C,0x0104,0,2,63,11263,11263,0,-44028,-44013,426031,44049890,1,0,0,0,3,4,0,0,0,15,15,0,1,426031,2,1,0,0,0,0,0,0,5,0,0,0,0,6,0x5AA5,11263,28158,0,0,35126,2,4,2,4,255,0,4,15,0,0,1,0,0,0,0,0,0,0,6,0,0,11200,44049890
2026-09-25T07:15:38.694Z,63837343000000,0x051C,0x0104,0,2,63,14642,14642,0,-44004,-44016,426036,44050391,1,0,0,0,3,4,0,0,0,15,15,0,1,426036,2,1,0,0,0,0,0,0,5,0,0,0,0,6,0x5AA5,14642,1126,0,0,35126,2,4,2,4,255,0,4,15,0,0,1,0,0,0,0,0,0,0,6,0,0,14600,44050391
2026-09-25T07:15:39.154Z,63837796000000,0x051C,0x0104,0,2,63,4505,4505,0,-43993,-44007,426041,44050891,1,0,0,0,3,4,0,0,0,15,15,0,1,426041,2,1,0,0,0,0,0,0,5,0,0,0,0,6,0x5AA5,4505,-11263,0,0,35127,2,4,2,2,255,0,2,15,0,0,1,0,0,0,0,0,0,0,6,0,0,4500,44050891
2026-09-25T07:15:39.683Z,63838328000000,0x051C,0x0104,0,2,63,2253,2253,0,-43998,-44005,426046,44051393,1,0,0,0,3,4,0,0,0,15,15,0,1,426046,2,1,0,0,0,0,0,0,5,0,0,0,0,6,0x5AA5,2253,-5632,0,0,35129,2,4,2,2,255,0,2,15,0,0,1,0,0,0,0,0,0,0,6,0,0,2200,44051393
2026-09-25T07:15:40.157Z,63838796000000,0x051C,0x0104,0,2,63,4505,4505,0,-43998,-44007,426051,44051893,1,0,0,0,3,4,0,0,0,15,15,0,1,426051,2,1,0,0,0,0,0,0,5,0,0,0,0,6,0x5AA5,4505,-5632,0,0,35131,2,4,2,2,255,0,2,15,0,0,1,0,0,0,0,0,0,0,6,0,0,4500,44051893
2026-09-25T07:15:40.694Z,63839343000000,0x051C,0x0104,0,2,63,0,0,0,-44008,-44003,426056,44052394,1,0,0,0,3,4,0,0,0,15,15,0,1,426056,2,1,0,0,0,0,0,0,5,0,0,0,0,6,0x5AA5,0,5632,0,0,35132,2,3,2,4,255,0,4,15,0,0,1,0,0,0,0,0,0,0,6,0,0,0,44052394
2026-09-25T07:15:41.152Z,63839796000000,0x051C,0x0104,0,2,63,3379,3379,0,-44015,-44006,426061,44052895,1,0,0,0,3,4,0,0,0,15,15,0,1,426061,2,1,0,0,0,0,0,0,5,0,0,0,0,6,0x5AA5,3379,13516,0,0,35132,2,4,2,4,255,0,4,15,0,0,1,0,0,0,0,0,0,0,6,0,0,3300,44052895
2026-09-25T07:15:41.685Z,63840328000000,0x051C,0x0104,0,2,63,1126,1126,0,-44014,-44004,426066,44053395,1,0,0,0,3,4,0,0,0,15,15,0,1,426066,2,1,0,0,0,0,0,0,5,0,0,0,0,6,0x5AA5,1126,12390,0,0,35134,2,4,2,4,255,0,4,15,0,0,1,0,0,0,0,0,0,0,6,0,0,1100,44053395
2026-09-25T07:15:42.159Z,63840812000000,0x051C,0x0104,0,2,63,2253,2253,0,-44007,-44005,426071,44053896,1,0,0,0,3,4,0,0,0,15,15,0,1,426071,2,1,0,0,0,0,0,0,5,0,0,0,0,6,0x5AA5,2253,4505,0,0,35136,2,4,2,4,255,0,4,15,0,0,1,0,0,0,0,0,0,0,6,0,0,2200,44053896
2026-09-25T07:15:42.680Z,63841328000000,0x051C,0x0104,0,2,63,4505,4505,0,-44009,-44007,426076,44054397,1,0,0,0,3,4,0,0,0,15,15,0,1,426076,2,1,0,0,0,0,0,0,5,0,0,0,0,6,0x5AA5,4505,6758,0,0,35136,2,4,2,4,255,0,4,15,0,0,1,0,0,0,0,0,0,0,6,0,0,4500,44054397
2026-09-25T07:15:43.154Z,63841796000000,0x051C,0x0104,0,2,63,5632,5632,0,-43995,-44008,426081,44054898,1,0,0,0,3,4,0,0,0,15,15,0,1,426081,2,1,0,0,0,0,0,0,5,0,0,0,0,6,0x5AA5,5632,-9011,0,0,35137,2,4,2,2,255,0,2,15,0,0,1,0,0,0,0,0,0,0,6,0,0,5600,44054898
2026-09-25T07:15:43.687Z,63842328000000,0x051C,0x0104,0,2,63,2253,2253,0,-44016,-44005,426086,44055399,1,0,0,0,3,4,0,0,0,15,15,0,1,426086,2,1,0,0,0,0,0,0,5,0,0,0,0,6,0x5AA5,2253,14642,0,0,35140,2,4,2,4,255,0,4,15,0,0,1,0,0,0,0,0,0,0,6,0,0,2200,44055399
2026-09-25T07:15:44.161Z,63842812000000,0x051C,0x0104,0,2,63,0,0,0,-44003,-44003,426091,44055899,1,0,0,0,3,4,0,0,0,15,15,0,1,426091,2,1,0,0,0,0,0,0,5,0,0,0,0,6,0x5AA5,0,0,0,0,35142,2,3,2,4,255,0,4,15,0,0,1,0,0,0,0,0,0,0,6,0,0,0,44055899
2026-09-25T07:15:44.676Z,63843328000000,0x051C,0x0104,0,2,63,5632,5632,0,-44012,-44008,426096,44056400,1,0,0,0,3,4,0,0,0,15,15,0,1,426096,2,1,0,0,0,0,0,0,5,0,0,0,0,6,0x5AA5,5632,10137,0,0,35144,2,4,2,4,255,0,4,15,0,0,1,0,0,0,0,0,0,0,6,0,0,5600,44056400
2026-09-25T07:15:45.150Z,63843796000000,0x051C,0x0104,0,2,63,12390,12390,0,-44009,-44014,426101,44056901,1,0,0,0,3,4,0,0,0,15,15,0,1,426101,2,1,0,0,0,0,0,0,5,0,0,0,0,6,0x5AA5,12390,6758,0,0,35144,2,4,2,4,255,0,4,15,0,0,1,0,0,0,0,0,0,0,6,0,0,12300,44056901
2026-09-25T07:15:45.684Z,63844328000000,0x051C,0x0104,0,2,63,12390,12390,0,-44008,-44014,426106,44057402,1,0,0,0,3,4,0,0,0,15,15,0,1,426106,2,1,0,0,0,0,0,0,5,0,0,0,0,6,0x5AA5,12390,5632,0,0,35144,2,4,2,4,255,0,4,15,0,0,1,0,0,0,0,0,0,0,6,0,0,12300,44057402
2026-09-25T07:15:46.159Z,63844796000000,0x051C,0x0104,0,2,63,2253,2253,0,-44003,-44005,426111,44057902,1,0,0,0,3,4,0,0,0,15,15,0,1,426111,2,1,0,0,0,0,0,0,5,0,0,0,0,6,0x5AA5,2253,0,0,0,35145,2,4,2,2,255,0,2,15,0,0,1,0,0,0,0,0,0,0,6,0,0,2200,44057902
2026-09-25T07:15:46.694Z,63845343000000,0x051C,0x0104,0,2,63,4505,4505,0,-44023,-44007,426116,44058403,1,0,0,0,3,4,0,0,0,15,15,0,1,426116,2,1,0,0,0,0,0,0,5,0,0,0,0,6,0x5AA5,4505,22527,0,0,35146,2,4,2,4,255,0,4,15,0,0,1,0,0,0,0,0,0,0,6,0,0,4500,44058403
2026-09-25T07:15:47.170Z,63845812000000,0x051C,0x0104,0,2,63,5632,5632,0,-44007,-44008,426121,44058904,1,0,0,0,3,4,0,0,0,15,15,0,1,426121,2,1,0,0,0,0,0,0,5,0,0,0,0,6,0x5AA5,5632,4505,0,0,35148,2,4,2,4,255,0,4,15,0,0,1,0,0,0,0,0,0,0,6,0,0,5600,44058904
2026-09-25T07:15:47.705Z,63846343000000,0x051C,0x0104,0,2,63,2253,2253,0,-44028,-44005,426126,44059505,1,0,0,0,3,4,0,0,0,15,15,0,1,426127,2,1,0,0,0,0,0,0,5,0,0,0,0,6,0x5AA5,2253,4505,0,0,35150,2,4,2,4,255,0,4,15,0,0,1,0,0,0,0,0,0,0,6,0,0,2200,44059405
2026-09-25T07:15:48.183Z,63846828000000,0x051C,0x0104,0,2,63,5632,5632,0,-44018,-44008,426131,44060006,1,0,0,0,3,4,0,0,0,15,15,0,1,426132,2,1,0,0,0,0,0,0,5,0,0,0,0,6,0x5AA5,5632,2253,0,0,35152,2,4,2,4,255,0,4,15,0,0,1,0,0,0,0,0,0,0,6,0,0,5600,44059906
2026-09-25T07:15:48.714Z,63847359000000,0x051C,0x0104,0,2,63,-1126,-1126,0,-43989,-44002,426136,44060507,1,0,0,0,3,4,0,0,0,15,15,0,1,426137,2,1,0,0,0,0,0,0,5,0,0,0,0,6,0x5AA5,1126,-1126,0,0,35153,2,4,2,2,255,0,2,15,0,0,1,0,0,0,0,0,0,0,6,0,0,1100,44060407
2026-09-25T07:15:49.189Z,63847828000000,0x051C,0x0104,0,2,63,-1126,-1126,0,-43990,-44002,426141,44061007,1,0,0,0,3,4,0,0,0,15,15,0,1,426142,2,1,0,0,0,0,0,0,5,0,0,0,0,6,0x5AA5,-2253,2253,0,0,35154,2,2,2,4,255,0,4,15,0,0,1,0,0,0,0,0,0,0,6,0,0,-2200,44060907
2026-09-25T07:15:49.724Z,63848375000000,0x051C,0x0104,0,2,63,0,0,0,-44016,-44003,426146,44061510,1,0,0,0,3,4,0,0,0,15,15,0,1,426147,2,1,0,0,0,0,0,0,5,0,0,0,0,6,0x5AA5,-1126,1126,0,0,35156,2,2,2,4,255,0,4,15,0,0,1,0,0,0,0,0,0,0,6,0,0,-1100,44061408
2026-09-25T07:15:50.185Z,63848828000000,0x051C,0x0104,0,2,63,0,0,0,-44000,-44003,426151,44062009,1,0,0,0,3,4,0,0,0,15,15,0,1,426152,2,1,0,0,0,0,0,0,5,0,0,0,0,6,0x5AA5,1126,-6758,0,0,35157,2,4,2,2,255,0,2,15,0,0,1,0,0,0,0,0,0,0,6,0,0,1100,44061909
2026-09-25T07:15:50.719Z,63849359000000,0x051C,0x0104,0,2,63,-2253,-2253,0,-44009,-44001,426156,44062510,1,0,0,0,3,4,0,0,0,15,15,0,1,426157,2,1,0,0,0,0,0,0,5,0,0,0,0,6,0x5AA5,-3379,12390,0,0,35158,2,2,2,4,255,0,4,15,0,0,1,0,0,0,0,0,0,0,6,0,0,-3300,44062410
2026-09-25T07:15:51.194Z,63849843000000,0x051C,0x0104,0,2,63,2253,2253,0,-44020,-44005,426161,44063011,1,0,0,0,3,4,0,0,0,15,15,0,1,426162,2,1,0,0,0,0,0,0,5,0,0,0,0,6,0x5AA5,2253,5632,0,0,35160,2,4,2,4,255,0,4,15,0,0,1,0,0,0,0,0,0,0,6,0,0,2200,44062910
2026-09-25T07:15:51.714Z,63850359000000,0x051C,0x0104,0,2,63,5632,5632,0,-44007,-44008,426166,44063511,1,0,0,0,3,4,0,0,0,15,15,0,1,426167,2,1,0,0,0,0,0,0,5,0,0,0,0,6,0x5AA5,4505,21400,0,0,35160,2,4,2,4,255,0,4,15,0,0,1,0,0,0,0,0,0,0,6,0,0,4500,44063411
2026-09-25T07:15:52.190Z,63850828000000,0x051C,0x0104,0,2,63,1126,1126,0,-44001,-44004,426171,44064013,1,0,0,0,3,4,0,0,0,15,15,0,1,426172,2,1,0,0,0,0,0,0,5,0,0,0,0,6,0x5AA5,2253,-1126,0,0,35161,2,4,2,2,255,0,2,15,0,0,1,0,0,0,0,0,0,0,6,0,0,2200,44063913
2026-09-25T07:15:52.727Z,63851375000000,0x051C,0x0104,0,2,63,6758,6758,0,-44010,-44009,426176,44064513,1,0,0,0,3,4,0,0,0,15,15,0,1,426177,2,1,0,0,0,0,0,0,5,0,0,0,0,6,0x5AA5,5632,10137,0,0,35162,2,4,2,4,255,0,4,15,0,0,1,0,0,0,0,0,0,0,6,0,0,5600,44064413
2026-09-25T07:15:53.207Z,63851859000000,0x051C,0x0104,0,2,63,2253,2253,0,-44012,-44005,426181,44065018,1,0,0,0,3,4,0,0,0,15,15,0,1,426182,2,1,0,0,0,0,0,0,5,0,0,0,0,6,0x5AA5,3379,-6758,0,0,35165,2,4,2,2,255,0,2,15,0,0,1,0,0,0,0,0,0,0,6,0,0,3300,44064914
2026-09-25T07:15:53.729Z,63852375000000,0x051C,0x0104,0,2,63,4505,4505,0,-44015,-44007,426186,44065515,1,0,0,0,3,4,0,0,0,15,15,0,1,426187,2,1,0,0,0,0,0,0,5,0,0,0,0,6,0x5AA5,3379,7884,0,0,35166,2,4,2,4,255,0,4,15,0,0,1,0,0,0,0,0,0,0,6,0,0,3300,44065414
2026-09-25T07:15:54.210Z,63852859000000,0x051C,0x0104,0,2,63,5632,5632,0,-43991,-44008,426192,44066015,1,0,0,0,3,4,0,0,0,15,15,0,1,426192,2,1,0,0,0,0,0,0,5,0,0,0,0,6,0x5AA5,5632,-13516,0,0,35167,2,4,2,2,255,0,2,15,0,0,1,0,0,0,0,0,0,0,6,0,0,5600,44066015
2026-09-25T07:15:54.733Z,63853375000000,0x051C,0x0104,0,2,63,2253,2253,0,-44005,-44005,426196,44066518,1,0,0,0,3,4,0,0,0,15,15,0,1,426197,2,1,0,0,0,0,0,0,5,0,0,0,0,6,0x5AA5,2253,5632,0,0,35170,2,4,2,4,255,0,4,15,0,0,1,0,0,0,0,0,0,0,6,0,0,2200,44066416
2026-09-25T07:15:55.210Z,63853859000000,0x051C,0x0104,0,2,63,6758,6758,0,-43996,-44009,426202,44067017,1,0,0,0,3,4,0,0,0,15,15,0,1,426202,2,1,0,0,0,0,0,0,5,0,0,0,0,6,0x5AA5,6758,-7884,0,0,35171,2,4,2,2,255,0,2,15,0,0,1,0,0,0,0,0,0,0,6,0,0,6700,44067017
2026-09-25T07:15:55.732Z,63854375000000,0x051C,0x0104,0,2,63,0,0,0,-43997,-44003,426206,44067519,1,0,0,0,3,4,0,0,0,15,15,0,1,426207,2,1,0,0,0,0,0,0,5,0,0,0,0,6,0x5AA5,1126,-5632,0,0,35173,2,4,2,2,255,0,2,15,0,0,1,0,0,0,0,0,0,0,6,0,0,1100,44067418
2026-09-25T07:15:56.209Z,63854859000000,0x051C,0x0104,0,2,63,-1126,-1126,0,-44020,-44002,426211,44068022,1,0,0,0,3,4,0,0,0,15,15,0,1,426212,2,1,0,0,0,0,0,0,5,0,0,0,0,6,0x5AA5,-1126,-2253,0,0,35175,2,2,2,2,255,0,2,15,0,0,1,0,0,0,0,0,0,0,6,0,0,-1100,44067918
2026-09-25T07:15:56.726Z,63855375000000,0x051C,0x0104,0,2,63,6758,6758,0,-44005,-44009,426216,44068519,1,0,0,0,3,4,0,0,0,15,15,0,1,426217,2,1,0,0,0,0,0,0,5,0,0,0,0,6,0x5AA5,5632,22527,0,0,35176,2,4,2,4,255,0,4,15,0,0,1,0,0,0,0,0,0,0,6,0,0,5600,44068419
2026-09-25T07:15:57.202Z,63855843000000,0x051C,0x0104,0,2,63,6758,6758,0,-44024,-44009,426221,44069020,1,0,0,0,3,4,0,0,0,15,15,0,1,426222,2,1,0,0,0,0,0,0,5,0,0,0,0,6,0x5AA5,5632,4505,0,0,35176,2,4,2,4,255,0,4,15,0,0,1,0,0,0,0,0,0,0,6,0,0,5600,44068920
2026-09-25T07:15:57.735Z,63856375000000,0x051C,0x0104,0,2,63,7884,7884,0,-44013,-44010,426226,44069524,1,0,0,0,3,4,0,0,0,15,15,0,1,426227,2,1,0,0,0,0,0,0,5,0,0,0,0,6,0x5AA5,7884,0,0,0,35176,2,4,2,4,255,0,4,15,0,0,1,0,0,0,0,0,0,0,6,0,0,7800,44069421
2026-09-25T07:15:58.212Z,63856859000000,0x051C,0x0104,0,2,63,11263,11263,0,-44031,-44013,426231,44070026,1,0,0,0,3,4,0,0,0,15,15,0,1,426232,2,1,0,0,0,0,0,0,5,0,0,0,0,6,0x5AA5,10137,1126,0,0,35176,2,4,2,4,255,0,4,15,0,0,1,0,0,0,0,0,0,0,6,0,0,10100,44069922
2026-09-25T07:15:58.729Z,63857375000000,0x051C,0x0104,0,2,63,10137,10137,0,-44021,-44012,426236,44070523,1,0,0,0,3,4,0,0,0,15,15,0,1,426237,2,1,0,0,0,0,0,0,5,0,0,0,0,6,0x5AA5,9011,22527,0,0,35178,2,4,2,4,255,0,4,15,0,0,1,0,0,0,0,0,0,0,6,0,0,9000,44070422
2026-09-25T07:15:59.204Z,63857843000000,0x051C,0x0104,0,2,63,15769,15769,0,-44012,-44017,426241,44071023,1,0,0,0,3,4,0,0,0,15,15,0,1,426242,2,1,0,0,0,0,0,0,5,0,0,0,0,6,0x5AA5,16895,10137,0,0,35178,2,4,2,4,255,0,4,15,0,0,1,0,0,0,0,0,0,0,6,0,0,16800,44070923
2026-09-25T07:15:59.738Z,63858390000000,0x051C,0x0104,0,2,63,11263,11263,0,-44016,-44013,426246,44071526,1,0,0,0,3,4,0,0,0,15,15,0,1,426247,2,1,0,0,0,0,0,0,5,0,0,0,0,6,0x5AA5,11263,18021,0,0,35180,2,4,2,4,255,0,4,15,0,0,1,0,0,0,0,0,0,0,6,0,0,11200,44071424
2026-09-25T07:16:00.200Z,63858843000000,0x051C,0x0104,0,2,63,10137,10137,0,-44015,-44012,426251,44072025,1,0,0,0,3,4,0,0,0,15,15,0,1,426252,2,1,0,0,0,0,0,0,5,0,0,0,0,6,0x5AA5,10137,6758,0,0,35180,2,4,2,4,255,0,4,15,0,0,1,0,0,0,0,0,0,0,6,0,0,10100,44071925
2026-09-25T07:16:00.732Z,63859375000000,0x051C,0x0104,0,2,63,11263,11263,0,-43998,-44013,426256,44072526,1,0,0,0,3,4,0,0,0,15,15,0,1,426257,2,1,0,0,0,0,0,0,5,0,0,0,0,6,0x5AA5,12390,6758,0,0,35180,2,4,2,4,255,0,4,15,0,0,1,0,0,0,0,0,0,0,6,0,0,12300,44072426
2026-09-25T07:16:01.206Z,63859843000000,0x051C,0x0104,0,2,63,4505,4505,0,-43993,-44007,426261,44073027,1,0,0,0,3,4,0,0,0,15,15,0,1,426262,2,1,0,0,0,0,0,0,5,0,0,0,0,6,0x5AA5,5632,6758,0,0,35182,2,4,2,4,255,0,4,15,0,0,1,0,0,0,0,0,0,0,6,0,0,5600,44072926
2026-09-25T07:16:01.743Z,63860390000000,0x051C,0x0104,0,2,63,2253,2253,0,-44015,-44005,426266,44073528,1,0,0,0,3,4,0,0,0,15,15,0,1,426267,2,1,0,0,0,0,0,0,5,0,0,0,0,6,0x5AA5,1126,11263,0,0,35184,2,4,2,4,255,0,4,15,0,0,1,0,0,0,0,0,0,0,6,0,0,1100,44073427
2026-09-25T07:16:02.223Z,63860875000000,0x051C,0x0104,0,2,63,5632,5632,0,-44021,-44008,426272,44074028,1,0,0,0,3,4,0,0,0,15,15,0,1,426272,2,1,0,0,0,0,0,0,5,0,0,0,0,6,0x5AA5,5632,20274,0,0,35184,2,4,2,4,255,0,4,15,0,0,1,0,0,0,0,0,0,0,6,0,0,5600,44074028
2026-09-25T07:16:02.744Z,63861390000000,0x051C,0x0104,0,2,63,6758,6758,0,-43998,-44009,426276,44074530,1,0,0,0,3,4,0,0,0,15,15,0,1,426277,2,1,0,0,0,0,0,0,5,0,0,0,0,6,0x5AA5,6758,5632,0,0,35184,2,4,2,4,255,0,4,15,0,0,1,0,0,0,0,0,0,0,6,0,0,6700,44074429
2026-09-25T07:16:03.223Z,63861875000000,0x051C,0x0104,0,2,63,3379,3379,0,-44005,-44006,426282,44075030,1,0,0,0,3,4,0,0,0,15,15,0,1,426282,2,1,0,0,0,0,0,0,5,0,0,0,0,6,0x5AA5,3379,2253,0,0,35186,2,4,2,4,255,0,4,15,0,0,1,0,0,0,0,0,0,0,6,0,0,3300,44075030
2026-09-25T07:16:03.743Z,63862390000000,0x051C,0x0104,0,2,63,0,0,0,-43994,-44003,426286,44075531,1,0,0,0,3,4,0,0,0,15,15,0,1,426287,2,1,0,0,0,0,0,0,5,0,0,0,0,6,0x5AA5,1126,-2253,0,0,35187,2,4,2,2,255,0,2,15,0,0,1,0,0,0,0,0,0,0,6,0,0,1100,44075430
2026-09-25T07:16:04.225Z,63862875000000,0x051C,0x0104,0,2,63,3379,3379,0,-44021,-44006,426292,44076031,1,0,0,0,3,4,0,0,0,15,15,0,1,426292,2,1,0,0,0,0,0,0,5,0,0,0,0,6,0x5AA5,3379,20274,0,0,35188,2,4,2,4,255,0,4,15,0,0,1,0,0,0,0,0,0,0,6,0,0,3300,44076031
2026-09-25T07:16:04.748Z,63863390000000,0x051C,0x0104,0,2,63,7884,7884,0,-44012,-44010,426296,44076534,1,0,0,0,3,4,0,0,0,15,15,0,1,426297,2,1,0,0,0,0,0,0,5,0,0,0,0,6,0x5AA5,7884,23653,0,0,35188,2,4,2,4,255,0,4,15,0,0,1,0,0,0,0,0,0,0,6,0,0,7800,44076433
2026-09-25T07:16:05.225Z,63863875000000,0x051C,0x0104,0,2,63,5632,5632,0,-44004,-44008,426302,44077033,1,0,0,0,3,4,0,0,0,15,15,0,1,426302,2,1,0,0,0,0,0,0,5,0,0,0,0,6,0x5AA5,5632,1126,0,0,35190,2,4,2,4,255,0,4,15,0,0,1,0,0,0,0,0,0,0,6,0,0,5600,44077033
2026-09-25T07:16:05.747Z,63864390000000,0x051C,0x0104,0,2,63,-2253,-2253,0,-43999,-44001,426306,44077534,1,0,0,0,3,4,0,0,0,15,15,0,1,426307,2,1,0,0,0,0,0,0,5,0,0,0,0,6,0x5AA5,0,-14642,0,0,35191,2,3,2,2,255,0,2,15,0,0,1,0,0,0,0,0,0,0,6,0,0,0,44077434
2026-09-25T07:16:06.228Z,63864875000000,0x051C,0x0104,0,2,63,-3379,-3379,0,-44009,-44000,426312,44078035,1,0,0,0,3,4,0,0,0,15,15,0,1,426312,2,1,0,0,0,0,0,0,5,0,0,0,0,6,0x5AA5,-3379,6758,0,0,35192,2,2,2,4,255,0,4,15,0,0,1,0,0,0,0,0,0,0,6,0,0,-3300,44078035
2026-09-25T07:16:06.749Z,63865390000000,0x051C,0x0104,0,2,63,2253,2253,0,-44002,-44005,426316,44078537,1,0,0,0,3,4,0,0,0,15,15,0,1,426317,2,1,0,0,0,0,0,0,5,0,0,0,0,6,0x5AA5,1126,5632,0,0,35192,2,4,2,4,255,0,4,15,0,0,1,0,0,0,0,0,0,0,6,0,0,1100,44078435
2026-09-25T07:16:07.228Z,63865875000000,0x051C,0x0104,0,2,63,5632,5632,0,-44018,-44008,426321,44079041,1,0,0,0,3,4,0,0,0,15,15,0,1,426322,2,1,0,0,0,0,0,0,5,0,0,0,0,6,0x5AA5,4505,16895,0,0,35194,2,4,2,4,255,0,4,15,0,0,1,0,0,0,0,0,0,0,6,0,0,4500,44078936
2026-09-25T07:16:07.748Z,63866390000000,0x051C,0x0104,0,2,63,6758,6758,0,-44008,-44009,426326,44079537,1,0,0,0,3,4,0,0,0,15,15,0,1,426327,2,1,0,0,0,0,0,0,5,0,0,0,0,6,0x5AA5,6758,-12390,0,0,35195,2,4,2,2,255,0,2,15,0,0,1,0,0,0,0,0,0,0,6,0,0,6700,44079437
2026-09-25T07:16:08.229Z,63866875000000,0x051C,0x0104,0,2,63,2253,2253,0,-44010,-44005,426331,44080041,1,0,0,0,3,4,0,0,0,15,15,0,1,426332,2,1,0,0,0,0,0,0,5,0,0,0,0,6,0x5AA5,1126,12390,0,0,35198,2,4,2,4,255,0,4,15,0,0,1,0,0,0,0,0,0,0,6,0,0,1100,44079938
2026-09-25T07:16:08.745Z,63867390000000,0x051C,0x0104,0,2,63,5632,5632,0,-44015,-44008,426336,44080539,1,0,0,0,3,4,0,0,0,15,15,0,1,426337,2,1,0,0,0,0,0,0,5,0,0,0,0,6,0x5AA5,5632,7884,0,0,35200,2,4,2,4,255,0,4,15,0,0,1,0,0,0,0,0,0,0,6,0,0,5600,44080438
2026-09-25T07:16:09.222Z,63867859000000,0x051C,0x0104,0,2,63,5632,5632,0,-44019,-44008,426341,44081039,1,0,0,0,3,4,0,0,0,15,15,0,1,426342,2,1,0,0,0,0,0,0,5,0,0,0,0,6,0x5AA5,4505,15769,0,0,35202,2,4,2,4,255,0,4,15,0,0,1,0,0,0,0,0,0,0,6,0,0,4500,44080939
2026-09-25T07:16:09.758Z,63868406000000,0x051C,0x0104,0,2,63,3379,3379,0,-43993,-44006,426346,44081545,1,0,0,0,3,4,0,0,0,15,15,0,1,426347,2,1,0,0,0,0,0,0,5,0,0,0,0,6,0x5AA5,5632,-13516,0,0,35203,2,4,2,2,255,0,2,15,0,0,1,0,0,0,0,0,0,0,6,0,0,5600,44081440
2026-09-25T07:16:10.233Z,63868875000000,0x051C,0x0104,0,2,63,5632,5632,0,-43999,-44008,426352,44082041,1,0,0,0,3,4,0,0,0,15,15,0,1,426352,2,1,0,0,0,0,0,0,5,0,0,0,0,6,0x5AA5,5632,-4505,0,0,35205,2,4,2,2,255,0,2,15,0,0,1,0,0,0,0,0,0,0,6,0,0,5600,44082041
2026-09-25T07:16:10.767Z,63869406000000,0x051C,0x0104,0,2,63,5632,5632,0,-44004,-44008,426357,44082542,1,0,0,0,3,4,0,0,0,15,15,0,1,426357,2,1,0,0,0,0,0,0,5,0,0,0,0,6,0x5AA5,5632,1126,0,0,35206,2,4,2,4,255,0,4,15,0,0,1,0,0,0,0,0,0,0,6,0,0,5600,44082542
2026-09-25T07:16:11.242Z,63869890000000,0x051C,0x0104,0,2,63,9011,9011,0,-44014,-44011,426362,44083042,1,0,0,0,3,4,0,0,0,15,15,0,1,426362,2,1,0,0,0,0,0,0,5,0,0,0,0,6,0x5AA5,9011,12390,0,0,35208,2,4,2,4,255,0,4,15,0,0,1,0,0,0,0,0,0,0,6,0,0,9000,44083042
2026-09-25T07:16:11.763Z,63870406000000,0x051C,0x0104,0,2,63,4505,4505,0,-44023,-44007,426367,44083543,1,0,0,0,3,4,0,0,0,15,15,0,1,426367,2,1,0,0,0,0,0,0,5,0,0,0,0,6,0x5AA5,4505,22527,0,0,35210,2,4,2,4,255,0,4,15,0,0,1,0,0,0,0,0,0,0,6,0,0,4500,44083543
2026-09-25T07:16:12.239Z,63870890000000,0x051C,0x0104,0,2,63,4505,4505,0,-44004,-44007,426372,44084044,1,0,0,0,3,4,0,0,0,15,15,0,1,426372,2,1,0,0,0,0,0,0,5,0,0,0,0,6,0x5AA5,4505,1126,0,0,35212,2,4,2,4,255,0,4,15,0,0,1,0,0,0,0,0,0,0,6,0,0,4500,44084044
2026-09-25T07:16:12.761Z,63871406000000,0x051C,0x0104,0,2,63,-2253,-2253,0,-43999,-44001,426376,44084548,1,0,0,0,3,4,0,0,0,15,15,0,1,426377,2,1,0,0,0,0,0,0,5,0,0,0,0,6,0x5AA5,0,-27032,0,0,35213,2,3,2,2,255,0,2,15,0,0,1,0,0,0,0,0,0,0,6,0,0,0,44084445
2026-09-25T07:16:13.238Z,63871890000000,0x051C,0x0104,0,2,63,5632,5632,0,-44030,-44008,426382,44085046,1,0,0,0,3,4,0,0,0,15,15,0,1,426382,2,1,0,0,0,0,0,0,5,0,0,0,0,6,0x5AA5,5632,30411,0,0,35214,2,4,2,4,255,0,4,15,0,0,1,0,0,0,0,0,0,0,6,0,0,5600,44085046
2026-09-25T07:16:13.755Z,63872406000000,0x051C,0x0104,0,2,63,7884,7884,0,-44003,-44010,426386,44085547,1,0,0,0,3,4,0,0,0,15,15,0,1,426387,2,1,0,0,0,0,0,0,5,0,0,0,0,6,0x5AA5,7884,10137,0,0,35214,2,4,2,4,255,0,4,15,0,0,1,0,0,0,0,0,0,0,6,0,0,7800,44085446
2026-09-25T07:16:14.230Z,63872875000000,0x051C,0x0104,0,2,63,4505,4505,0,-44015,-44007,426391,44086047,1,0,0,0,3,4,0,0,0,15,15,0,1,426392,2,1,0,0,0,0,0,0,5,0,0,0,0,6,0x5AA5,5632,-1126,0,0,35215,2,4,2,2,255,0,2,15,0,0,1,0,0,0,0,0,0,0,6,0,0,5600,44085947
2026-09-25T07:16:14.767Z,63873406000000,0x051C,0x0104,0,2,63,2253,2253,0,-43998,-44005,426396,44086554,1,0,0,0,3,4,0,0,0,15,15,0,1,426397,2,1,0,0,0,0,0,0,5,0,0,0,0,6,0x5AA5,3379,-9011,0,0,35219,2,4,2,2,255,0,2,15,0,0,1,0,0,0,0,0,0,0,6,0,0,3300,44086448
2026-09-25T07:16:15.243Z,63873890000000,0x051C,0x0104,0,2,63,3379,3379,0,-44013,-44006,426402,44087049,1,0,0,0,3,4,0,0,0,15,15,0,1,426402,2,1,0,0,0,0,0,0,5,0,0,0,0,6,0x5AA5,3379,11263,0,0,35220,2,4,2,4,255,0,4,15,0,0,1,0,0,0,0,0,0,0,6,0,0,3300,44087049
2026-09-25T07:16:15.764Z,63874406000000,0x051C,0x0104,0,2,63,11263,11263,0,-44008,-44013,426406,44087553,1,0,0,0,3,4,0,0,0,15,15,0,1,426407,2,1,0,0,0,0,0,0,5,0,0,0,0,6,0x5AA5,9011,25906,0,0,35220,2,4,2,4,255,0,4,15,0,0,1,0,0,0,0,0,0,0,6,0,0,9000,44087450
2026-09-25T07:16:16.244Z,63874890000000,0x051C,0x0104,0,2,63,12390,12390,0,-44019,-44014,426412,44088051,1,0,0,0,3,4,0,0,0,15,15,0,1,426412,2,1,0,0,0,0,0,0,5,0,0,0,0,6,0x5AA5,12390,18021,0,0,35222,2,4,2,4,255,0,4,15,0,0,1,0,0,0,0,0,0,0,6,0,0,12300,44088051
2026-09-25T07:16:16.764Z,63875406000000,0x051C,0x0104,0,2,63,15769,15769,0,-44017,-44017,426416,44088553,1,0,0,0,3,4,0,0,0,15,15,0,1,426417,2,1,0,0,0,0,0,0,5,0,0,0,0,6,0x5AA5,15769,16895,0,0,35222,2,4,2,4,255,0,4,15,0,0,1,0,0,0,0,0,0,0,6,0,0,15700,44088451
2026-09-25T07:16:17.242Z,63875890000000,0x051C,0x0104,1,2,63,15769,15769,0,-43982,-44017,426421,44089056,1,0,0,0,3,4,0,0,0,15,15,0,1,426422,2,1,0,0,0,0,0,0,5,0,0,0,0,6,0x5AA5,15769,15769,0,0,35224,2,4,2,4,255,0,4,15,0,0,1,0,0,0,0,0,0,0,6,0,0,15700,44088953
2026-09-25T07:16:17.757Z,63876406000000,0x051C,0x0104,1,2,63,7884,7884,0,-44013,-44010,426426,44089553,1,0,0,0,3,4,0,0,0,15,15,0,1,426427,2,1,10000,10000,0,0,0,0,5,0,0,0,0,6,0x5AA5,7884,-4505,0,0,35227,2,4,2,2,255,0,2,15,0,0,1,0,0,0,0,0,0,0,6,0,0,7800,44089453
2026-09-25T07:16:18.231Z,63876875000000,0x051C,0x0104,1,2,63,5632,5632,0,-44011,-44008,426431,44090054,1,0,0,0,3,4,0,0,0,15,15,0,1,426432,2,1,10000,10000,0,0,0,0,5,0,0,0,0,6,0x5AA5,6758,-6758,0,0,35229,2,4,2,2,255,0,2,15,0,0,1,0,0,0,0,0,0,0,6,0,0,6700,44089954
2026-09-25T07:16:18.768Z,63877406000000,0x051C,0x0104,1,2,63,5632,5632,0,-44007,-44008,426436,44090556,1,0,0,0,3,4,0,0,0,15,15,0,1,426437,2,1,10000,10000,0,0,0,0,5,0,0,0,0,6,0x5AA5,5632,-5632,0,0,35233,2,4,2,2,255,0,2,15,0,0,1,0,0,0,0,0,0,0,6,0,0,5600,44090455
2026-09-25T07:16:19.245Z,63877890000000,0x051C,0x0104,1,2,63,3379,3379,0,-44006,-44006,426441,44091060,1,0,0,0,3,4,0,0,0,15,15,0,1,426442,2,1,10000,10000,0,0,0,0,5,0,0,0,0,6,0x5AA5,3379,-7884,0,0,35235,2,4,2,2,255,0,2,15,0,0,1,0,0,0,0,0,0,0,6,0,0,3300,44090956
2026-09-25T07:16:19.763Z,63878406000000,0x051C,0x0104,1,2,63,3379,3379,0,-44020,-44006,426446,44091557,1,0,0,0,3,4,0,0,0,15,15,0,1,426447,2,1,10000,10000,0,0,0,0,5,0,0,0,0,6,0x5AA5,3379,4505,0,0,35238,2,4,2,4,255,0,4,15,0,0,1,0,0,0,0,0,0,0,6,0,0,3300,44091457
2026-09-25T07:16:20.239Z,63878890000000,0x051C,0x0104,1,2,63,6758,6758,0,-44000,-44009,426451,44092058,1,0,0,0,3,4,0,0,0,15,15,0,1,426452,2,1,10000,10000,0,0,0,0,5,0,0,0,0,6,0x5AA5,7884,-2253,0,0,35239,2,4,2,2,255,0,2,15,0,0,1,0,0,0,0,0,0,0,6,0,0,7800,44091957
2026-09-25T07:16:20.756Z,63879406000000,0x051C,0x0104,1,2,63,7884,7884,0,-44001,-44010,426456,44092558,1,0,0,0,3,4,0,0,0,15,15,0,1,426457,2,1,10000,10000,0,0,0,0,5,0,0,0,0,6,0x5AA5,6758,14642,0,0,35240,2,4,2,4,255,0,4,15,0,0,1,0,0,0,0,0,0,0,6,0,0,6700,44092458
2026-09-25T07:16:21.234Z,63879875000000,0x051C,0x0104,1,2,63,6758,6758,0,-44023,-44009,426461,44093059,1,0,0,0,3,4,0,0,0,15,15,0,1,426462,2,1,10000,10000,0,0,0,0,5,0,0,0,0,6,0x5AA5,5632,13516,0,0,35242,2,4,2,4,255,0,4,15,0,0,1,0,0,0,0,0,0,0,6,0,0,5600,44092959
2026-09-25T07:16:21.766Z,63880406000000,0x051C,0x0104,1,2,63,10137,10137,0,-44017,-44012,426466,44093560,1,0,0,0,3,4,0,0,0,15,15,0,1,426467,2,1,10000,10000,0,0,0,0,5,0,0,0,0,6,0x5AA5,10137,9011,0,0,35242,2,4,2,4,255,0,4,15,0,0,1,0,0,0,0,0,0,0,6,0,0,10100,44093460
2026-09-25T07:16:22.240Z,63880890000000,0x051C,0x0104,1,2,63,7884,7884,0,-44011,-44010,426471,44094061,1,0,0,0,3,4,0,0,0,15,15,0,1,426472,2,1,10000,10000,0,0,0,0,5,0,0,0,0,6,0x5AA5,7884,-5632,0,0,35243,2,4,2,2,255,0,2,15,0,0,1,0,0,0,0,0,0,0,6,0,0,7800,44093961
2026-09-25T07:16:22.760Z,63881406000000,0x051C,0x0104,1,2,63,5632,5632,0,-44005,-44008,426476,44094562,1,0,0,0,3,4,0,0,0,15,15,0,1,426477,2,1,10000,10000,0,0,0,0,5,0,0,0,0,6,0x5AA5,5632,7884,0,0,35246,2,4,2,4,255,0,4,15,0,0,1,0,0,0,0,0,0,0,6,0,0,5600,44094462
2026-09-25T07:16:23.235Z,63881875000000,0x051C,0x0104,1,2,63,0,0,0,-43994,-44003,426481,44095063,1,0,0,0,3,4,0,0,0,15,15,0,1,426482,2,1,10000,10000,0,0,0,0,5,0,0,0,0,6,0x5AA5,2253,-14642,0,0,35247,2,4,2,2,255,0,2,15,0,0,1,0,0,0,0,0,0,0,6,0,0,2200,44094962
2026-09-25T07:16:23.767Z,63882406000000,0x051C,0x0104,1,2,63,1126,1126,0,-44001,-44004,426486,44095563,1,0,0,0,3,4,0,0,0,15,15,0,1,426487,2,1,10000,10000,0,0,0,0,5,0,0,0,0,6,0x5AA5,1126,2253,0,0,35248,2,4,2,4,255,0,4,15,0,0,1,0,0,0,0,0,0,0,6,0,0,1100,44095463
2026-09-25T07:16:24.241Z,63882890000000,0x051C,0x0104,1,2,63,4505,4505,0,-44008,-44007,426491,44096064,1,0,0,0,3,4,0,0,0,15,15,0,1,426492,2,1,10000,10000,0,0,0,0,5,0,0,0,0,6,0x5AA5,3379,10137,0,0,35250,2,4,2,4,255,0,4,15,0,0,1,0,0,0,0,0,0,0,6,0,0,3300,44095964
2026-09-25T07:16:24.756Z,63883406000000,0x051C,0x0104,1,2,63,1126,1126,0,-44025,-44004,426496,44096465,1,0,0,0,3,4,0,0,0,15,15,0,1,426496,2,1,10000,10000,0,0,0,0,5,0,0,0,0,6,0x5AA5,1126,24779,0,0,35252,2,4,2,4,255,0,4,15,0,0,1,0,0,0,0,0,0,0,6,0,0,1100,44096465
2026-09-25T07:16:25.230Z,63883875000000,0x051C,0x0104,1,2,63,11263,11263,0,-44017,-44013,426501,44096966,1,0,0,0,3,4,0,0,0,15,15,0,1,426501,2,1,10000,10000,0,0,0,0,5,0,0,0,0,6,0x5AA5,11263,15769,0,0,35252,2,4,2,4,255,0,4,15,0,0,1,0,0,0,0,0,0,0,6,0,0,11200,44096966
2026-09-25T07:16:25.768Z,63884406000000,0x051C,0x0104,1,2,63,11263,11263,0,-44001,-44013,426506,44097567,1,0,0,0,3,4,0,0,0,15,15,0,1,426507,2,1,10000,10000,0,0,0,0,5,0,0,0,0,6,0x5AA5,12390,3379,0,0,35254,2,4,2,4,255,0,4,15,0,0,1,0,0,0,0,0,0,0,6,0,0,12300,44097467
2026-09-25T07:16:26.243Z,63884890000000,0x051C,0x0104,1,2,63,11263,11263,0,-44016,-44013,426511,44098068,1,0,0,0,3,4,0,0,0,15,15,0,1,426512,2,1,10000,10000,0,0,0,0,5,0,0,0,0,6,0x5AA5,11263,-2253,0,0,35257,2,4,2,2,255,0,2,15,0,0,1,0,0,0,0,0,0,0,6,0,0,11200,44097968
2026-09-25T07:16:26.760Z,63885406000000,0x051C,0x0104,1,2,63,13516,13516,0,-44025,-44015,426516,44098468,1,0,0,0,3,4,0,0,0,15,15,0,1,426516,2,1,10000,10000,0,0,0,0,5,0,0,0,0,6,0x5AA5,13516,24779,0,0,35258,2,4,2,4,255,0,4,15,0,0,1,0,0,0,0,0,0,0,6,0,0,13500,44098468
2026-09-25T07:16:27.235Z,63885875000000,0x051C,0x0104,1,2,63,12390,12390,0,-44014,-44014,426521,44098969,1,0,0,0,3,4,0,0,0,15,15,0,1,426521,2,1,10000,10000,0,0,0,0,5,0,0,0,0,6,0x5AA5,12390,12390,0,0,35260,2,4,2,4,255,0,4,15,0,0,1,0,0,0,0,0,0,0,6,0,0,12300,44098969
2026-09-25T07:16:27.770Z,63886421000000,0x051C,0x0104,1,2,63,5632,5632,0,-43998,-44008,426526,44099570,1,0,0,0,3,4,0,0,0,15,15,0,1,426527,2,1,10000,10000,0,0,0,0,5,0,0,0,0,6,0x5AA5,7884,-10137,0,0,35261,2,4,2,2,255,0,2,15,0,0,1,0,0,0,0,0,0,0,6,0,0,7800,44099470
2026-09-25T07:16:28.230Z,63886875000000,0x051C,0x0104,1,2,63,3379,3379,0,-43986,-44006,426531,44099971,1,0,0,0,3,4,0,0,0,15,15,0,1,426531,2,1,10000,10000,0,0,0,0,5,0,0,0,0,6,0x5AA5,3379,-19148,0,0,35263,2,4,2,2,255,0,2,15,0,0,1,0,0,0,0,0,0,0,6,0,0,3300,44099971
2026-09-25T07:16:28.763Z,63887406000000,0x051C,0x0104,1,2,63,1126,1126,0,-43994,-44004,426536,44100473,1,0,0,0,3,4,0,0,0,15,15,0,1,426536,2,1,10000,10000,0,0,0,0,5,0,0,0,0,6,0x5AA5,1126,-10137,0,0,35267,2,4,2,2,255,0,2,15,0,0,1,0,0,0,0,0,0,0,6,0,0,1100,44100473
2026-09-25T07:16:29.243Z,63887890000000,0x051C,0x0104,1,2,63,5632,5632,0,-44025,-44008,426541,44100973,1,0,0,0,3,4,0,0,0,15,15,0,1,426541,2,1,10000,10000,0,0,0,0,5,0,0,0,0,6,0x5AA5,5632,24779,0,0,35268,2,4,2,4,255,0,4,15,0,0,1,0,0,0,0,0,0,0,6,0,0,5600,44100973
2026-09-25T07:16:29.759Z,63888406000000,0x051C,0x0104,1,2,63,11263,11263,0,-44015,-44013,426546,44101474,1,0,0,0,3,4,0,0,0,15,15,0,1,426546,2,1,10000,10000,0,0,0,0,5,0,0,0,0,6,0x5AA5,11263,13516,0,0,35270,2,4,2,4,255,0,4,15,0,0,1,0,0,0,0,0,0,0,6,0,0,11200,44101474
2026-09-25T07:16:30.235Z,63888875000000,0x051C,0x0104,1,2,63,11263,11263,0,-44013,-44013,426551,44101974,1,0,0,0,3,4,0,0,0,15,15,0,1,426551,2,1,10000,10000,0,0,0,0,5,0,0,0,0,6,0x5AA5,11263,11263,0,0,35272,2,4,2,4,255,0,4,15,0,0,1,0,0,0,0,0,0,0,6,0,0,11200,44101974
2026-09-25T07:16:30.768Z,63889406000000,0x051C,0x0104,1,2,63,15769,15769,0,-44017,-44017,426556,44102475,1,0,0,0,3,4,0,0,0,15,15,0,1,426556,2,1,10000,10000,0,0,0,0,5,0,0,0,0,6,0x5AA5,15769,15769,0,0,35272,2,4,2,4,255,0,4,15,0,0,1,0,0,0,0,0,0,0,6,0,0,15700,44102475
2026-09-25T07:16:31.242Z,63889890000000,0x051C,0x0104,1,2,63,12390,12390,0,-44019,-44014,426561,44102976,1,0,0,0,3,4,0,0,0,15,15,0,1,426561,2,1,10000,10000,0,0,0,0,5,0,0,0,0,6,0x5AA5,12390,18021,0,0,35274,2,4,2,4,255,0,4,15,0,0,1,0,0,0,0,0,0,0,6,0,0,12300,44102976
2026-09-25T07:16:31.758Z,63890406000000,0x051C,0x0104,1,2,63,14642,14642,0,-44004,-44016,426566,44103477,1,0,0,0,3,4,0,0,0,15,15,0,1,426566,2,1,10000,10000,0,0,0,0,5,0,0,0,0,6,0x5AA5,14642,1126,0,0,35276,2,4,2,4,255,0,4,15,0,0,1,0,0,0,0,0,0,0,6,0,0,14600,44103477
2026-09-25T07:16:32.232Z,63890875000000,0x051C,0x0104,1,2,63,6758,6758,0,-44007,-44009,426571,44103978,1,0,0,0,3,4,0,0,0,15,15,0,1,426571,2,1,10000,10000,0,0,0,0,5,0,0,0,0,6,0x5AA5,6758,4505,0,0,35278,2,4,2,4,255,0,4,15,0,0,1,0,0,0,0,0,0,0,6,0,0,6700,44103978
2026-09-25T07:16:32.766Z,63891406000000,0x051C,0x0104,1,2,63,6758,6758,0,-44011,-44009,426576,44104478,1,0,0,0,3,4,0,0,0,15,15,0,1,426576,2,1,10000,10000,0,0,0,0,5,0,0,0,0,6,0x5AA5,6758,9011,0,0,35278,2,4,2,4,255,0,4,15,0,0,1,0,0,0,0,0,0,0,6,0,0,6700,44104478
2026-09-25T07:16:33.241Z,63891890000000,0x051C,0x0104,1,2,63,7884,7884,0,-44014,-44010,426581,44104979,1,0,0,0,3,4,0,0,0,15,15,0,1,426581,2,1,10000,10000,0,0,0,0,5,0,0,0,0,6,0x5AA5,7884,12390,0,0,35280,2,4,2,4,255,0,4,15,0,0,1,0,0,0,0,0,0,0,6,0,0,7800,44104979
2026-09-25T07:16:33.758Z,63892406000000,0x051C,0x0104,1,2,63,11263,11263,0,-44015,-44013,426586,44105480,1,0,0,0,3,4,0,0,0,15,15,0,1,426586,2,1,10000,10000,0,0,0,0,5,0,0,0,0,6,0x5AA5,11263,13516,0,0,35280,2,4,2,4,255,0,4,15,0,0,1,0,0,0,0,0,0,0,6,0,0,11200,44105480
2026-09-25T07:16:34.232Z,63892875000000,0x051C,0x0104,1,2,63,11263,11263,0,-44020,-44013,426591,44105981,1,0,0,0,3,4,0,0,0,15,15,0,1,426591,2,1,10000,10000,0,0,0,0,5,0,0,0,0,6,0x5AA5,11263,19148,0,0,35280,2,4,2,4,255,0,4,15,0,0,1,0,0,0,0,0,0,0,6,0,0,11200,44105981
2026-09-25T07:16:34.766Z,63893406000000,0x051C,0x0104,1,2,63,10137,10137,0,-44029,-44012,426596,44106482,1,0,0,0,3,4,0,0,0,15,15,0,1,426596,2,1,10000,10000,0,0,0,0,5,0,0,0,0,6,0x5AA5,10137,29285,0,0,35282,2,4,2,4,255,0,4,15,0,0,1,0,0,0,0,0,0,0,6,0,0,10100,44106482
2026-09-25T07:16:35.241Z,63893890000000,0x051C,0x0104,1,2,63,13516,13516,0,-44008,-44015,426601,44106982,1,0,0,0,3,4,0,0,0,15,15,0,1,426601,2,1,10000,10000,0,0,0,0,5,0,0,0,0,6,0x5AA5,13516,5632,0,0,35284,2,4,2,4,255,0,4,15,0,0,1,0,0,0,0,0,0,0,6,0,0,13500,44106982
2026-09-25T07:16:35.757Z,63894406000000,0x051C,0x0104,1,2,63,9011,9011,0,-44022,-44011,426606,44107483,1,0,0,0,3,4,0,0,0,15,15,0,1,426606,2,1,10000,10000,0,0,0,0,5,0,0,0,0,6,0x5AA5,9011,21400,0,0,35286,2,4,2,4,255,0,4,15,0,0,1,0,0,0,0,0,0,0,6,0,0,9000,44107483
2026-09-25T07:16:36.231Z,63894875000000,0x051C,0x0104,1,2,63,14642,14642,0,-44019,-44016,426611,44107984,1,0,0,0,3,4,0,0,0,15,15,0,1,426611,2,1,10000,10000,0,0,0,0,5,0,0,0,0,6,0x5AA5,14642,18021,0,0,35286,2,4,2,4,255,0,4,15,0,0,1,0,0,0,0,0,0,0,6,0,0,14600,44107984
2026-09-25T07:16:36.765Z,63895406000000,0x051C,0x0104,1,2,63,12390,12390,0,-44025,-44014,426616,44108485,1,0,0,0,3,4,0,0,0,15,15,0,1,426616,2,1,10000,10000,0,0,0,0,5,0,0,0,0,6,0x5AA5,12390,24779,0,0,35286,2,4,2,4,255,0,4,15,0,0,1,0,0,0,0,0,0,0,6,0,0,12300,44108485
2026-09-25T07:16:37.240Z,63895890000000,0x051C,0x0104,1,2,63,11263,11263,0,-44005,-44013,426621,44108985,1,0,0,0,3,4,0,0,0,15,15,0,1,426621,2,1,10000,10000,0,0,0,0,5,0,0,0,0,6,0x5AA5,11263,2253,0,0,35286,2,4,2,4,255,0,4,15,0,0,1,0,0,0,0,0,0,0,6,0,0,11200,44108985
2026-09-25T07:16:37.756Z,63896406000000,0x051C,0x0104,1,2,63,5632,5632,0,-44023,-44008,426626,44109486,1,0,0,0,3,4,0,0,0,15,15,0,1,426626,2,1,10000,10000,0,0,0,0,5,0,0,0,0,6,0x5AA5,5632,22527,0,0,35286,2,4,2,4,255,0,4,15,0,0,1,0,0,0,0,0,0,0,6,0,0,5600,44109486
2026-09-25T07:16:38.230Z,63896875000000,0x051C,0x0104,1,2,63,10137,10137,0,-44008,-44012,426631,44109987,1,0,0,0,3,4,0,0,0,15,15,0,1,426631,2,1,10000,10000,0,0,0,0,5,0,0,0,0,6,0x5AA5,10137,5632,0,0,35286,2,4,2,4,255,0,4,15,0,0,1,0,0,0,0,0,0,0,6,0,0,10100,44109987
2026-09-25T07:16:38.766Z,63897406000000,0x051C,0x0104,1,2,63,9011,9011,0,-44018,-44011,426636,44110488,1,0,0,0,3,4,0,0,0,15,15,0,1,426636,2,1,10000,10000,0,0,0,0,5,0,0,0,0,6,0x5AA5,9011,16895,0,0,35286,2,4,2,4,255,0,4,15,0,0,1,0,0,0,0,0,0,0,6,0,0,9000,44110488
2026-09-25T07:16:39.240Z,63897890000000,0x051C,0x0104,1,2,63,10137,10137,0,-44015,-44012,426641,44110989,1,0,0,0,3,4,0,0,0,15,15,0,1,426641,2,1,10000,10000,0,0,0,0,5,0,0,0,0,6,0x5AA5,10137,13516,0,0,35288,2,4,2,4,255,0,4,15,0,0,1,0,0,0,0,0,0,0,6,0,0,10100,44110989
2026-09-25T07:16:39.757Z,63898406000000,0x051C,0x0104,1,2,63,21400,21400,0,-44013,-44022,426646,44111489,1,0,0,0,3,4,0,0,0,15,15,0,1,426646,2,1,10000,10000,0,0,0,0,5,0,0,0,0,6,0x5AA5,21400,11263,0,0,35288,2,4,2,4,255,0,4,15,0,0,1,0,0,0,0,0,0,0,6,0,0,21400,44111489
2026-09-25T07:16:40.230Z,63898875000000,0x051C,0x0104,1,2,63,19148,19148,0,-44020,-44020,426651,44111990,1,0,0,0,3,4,0,0,0,15,15,0,1,426651,2,1,10000,10000,0,0,0,0,5,0,0,0,0,6,0x5AA5,19148,19148,0,0,35288,2,4,2,4,255,0,4,15,0,0,1,0,0,0,0,0,0,0,6,0,0,19100,44111990
2026-09-25T07:16:40.770Z,63899421000000,0x051C,0x0104,1,2,63,11263,11263,0,-44008,-44013,426656,44112491,1,0,0,0,3,4,0,0,0,15,15,0,1,426656,2,1,10000,10000,0,0,0,0,5,0,0,0,0,6,0x5AA5,11263,5632,0,0,35292,2,4,2,4,255,0,4,15,0,0,1,0,0,0,0,0,0,0,6,0,0,11200,44112491
2026-09-25T07:16:41.229Z,63899875000000,0x051C,0x0104,1,2,63,7884,7884,0,-44000,-44010,426661,44112993,1,0,0,0,3,4,0,0,0,15,15,0,1,426661,2,1,10000,10000,0,0,0,0,5,0,0,0,0,6,0x5AA5,7884,-3379,0,0,35293,2,4,2,2,255,0,2,15,0,0,1,0,0,0,0,0,0,0,6,0,0,7800,44112993
2026-09-25T07:16:41.761Z,63900406000000,0x051C,0x0104,1,2,63,10137,10137,0,-44015,-44012,426666,44113493,1,0,0,0,3,4,0,0,0,15,15,0,1,426666,2,1,10000,10000,0,0,0,0,5,0,0,0,0,6,0x5AA5,10137,13516,0,0,35294,2,4,2,4,255,0,4,15,0,0,1,0,0,0,0,0,0,0,6,0,0,10100,44113493
2026-09-25T07:16:42.234Z,63900875000000,0x051C,0x0104,1,2,63,10137,10137,0,-44010,-44012,426671,44113993,1,0,0,0,3,4,0,0,0,15,15,0,1,426671,2,1,10000,10000,0,0,0,0,5,0,0,0,0,6,0x5AA5,10137,7884,0,0,35296,2,4,2,4,255,0,4,15,0,0,1,0,0,0,0,0,0,0,6,0,0,10100,44113993
2026-09-25T07:16:42.770Z,63901421000000,0x051C,0x0104,1,2,63,6758,6758,0,-43994,-44009,426676,44114494,1,0,0,0,3,4,0,0,0,15,15,0,1,426676,2,1,10000,10000,0,0,0,0,5,0,0,0,0,6,0x5AA5,6758,-10137,0,0,35299,2,4,2,2,255,0,2,15,0,0,1,0,0,0,0,0,0,0,6,0,0,6700,44114494
2026-09-25T07:16:43.230Z,63901875000000,0x051C,0x0104,1,2,63,7884,7884,0,-44013,-44010,426681,44114995,1,0,0,0,3,4,0,0,0,15,15,0,1,426681,2,1,10000,10000,0,0,0,0,5,0,0,0,0,6,0x5AA5,7884,11263,0,0,35300,2,4,2,4,255,0,4,15,0,0,1,0,0,0,0,0,0,0,6,0,0,7800,44114995
2026-09-25T07:16:43.764Z,63902406000000,0x051C,0x0104,1,2,63,3379,3379,0,-44013,-44006,426686,44115496,1,0,0,0,3,4,0,0,0,15,15,0,1,426686,2,1,10000,10000,0,0,0,0,5,0,0,0,0,6,0x5AA5,3379,11263,0,0,35302,2,4,2,4,255,0,4,15,0,0,1,0,0,0,0,0,0,0,6,0,0,3300,44115496
2026-09-25T07:16:44.239Z,63902890000000,0x051C,0x0104,1,2,63,6758,6758,0,-44004,-44009,426691,44115997,1,0,0,0,3,4,0,0,0,15,15,0,1,426691,2,1,10000,10000,0,0,0,0,5,0,0,0,0,6,0x5AA5,6758,1126,0,0,35302,2,4,2,4,255,0,4,15,0,0,1,0,0,0,0,0,0,0,6,0,0,6700,44115997
2026-09-25T07:16:44.755Z,63903406000000,0x051C,0x0104,1,2,63,7884,7884,0,-44004,-44010,426696,44116497,1,0,0,0,3,4,0,0,0,15,15,0,1,426696,2,1,10000,10000,0,0,0,0,5,0,0,0,0,6,0x5AA5,7884,1126,0,0,35304,2,4,2,4,255,0,4,15,0,0,1,0,0,0,0,0,0,0,6,0,0,7800,44116497
2026-09-25T07:16:45.229Z,63903875000000,0x051C,0x0104,1,2,63,7884,7884,0,-44020,-44010,426701,44116998,1,0,0,0,3,4,0,0,0,15,15,0,1,426701,2,1,10000,10000,0,0,0,0,5,0,0,0,0,6,0x5AA5,7884,19148,0,0,35304,2,4,2,4,255,0,4,15,0,0,1,0,0,0,0,0,0,0,6,0,0,7800,44116998
2026-09-25T07:16:45.765Z,63904406000000,0x051C,0x0104,1,2,63,2253,2253,0,-43996,-44005,426706,44117499,1,0,0,0,3,4,0,0,0,15,15,0,1,426706,2,1,10000,10000,0,0,0,0,5,0,0,0,0,6,0x5AA5,2253,-7884,0,0,35307,2,4,2,2,255,0,2,15,0,0,1,0,0,0,0,0,0,0,6,0,0,2200,44117499
2026-09-25T07:16:46.240Z,63904890000000,0x051C,0x0104,1,2,63,0,0,0,-44005,-44003,426711,44118000,1,0,0,0,3,4,0,0,0,15,15,0,1,426711,2,1,10000,10000,0,0,0,0,5,0,0,0,0,6,0x5AA5,0,2253,0,0,35310,2,3,2,4,255,0,4,15,0,0,1,0,0,0,0,0,0,0,6,0,0,0,44118000
2026-09-25T07:16:46.757Z,63905406000000,0x051C,0x0104,1,2,63,-1126,-1126,0,-44015,-44002,426716,44118501,1,0,0,0,3,4,0,0,0,15,15,0,1,426716,2,1,10000,10000,0,0,0,0,5,0,0,0,0,6,0x5AA5,-1126,13516,0,0,35312,2,2,2,4,255,0,4,15,0,0,1,0,0,0,0,0,0,0,6,0,0,-1100,44118501
2026-09-25T07:16:47.229Z,63905875000000,0x051C,0x0104,1,2,63,-2253,-2253,0,-43988,-44001,426721,44119001,1,0,0,0,3,4,0,0,0,15,15,0,1,426721,2,1,10000,10000,0,0,0,0,5,0,0,0,0,6,0x5AA5,-2253,-16895,0,0,35315,2,2,2,2,255,0,2,15,0,0,1,0,0,0,0,0,0,0,6,0,0,-2200,44119001
2026-09-25T07:16:47.769Z,63906406000000,0x051C,0x0104,1,2,63,-4505,-4505,0,-43994,-43999,426726,44119502,1,0,0,0,3,4,0,0,0,15,15,0,1,426726,2,1,10000,10000,0,0,0,0,5,0,0,0,0,6,0x5AA5,-4505,-10137,0,0,35317,2,2,2,2,255,0,2,15,0,0,1,0,0,0,0,0,0,0,6,0,0,-4500,44119502
2026-09-25T07:16:48.242Z,63906890000000,0x051C,0x0104,0,2,63,-10137,-10137,0,-43992,-43994,426731,44120003,1,0,0,0,3,4,0,0,0,15,15,0,1,426731,2,1,10000,10000,0,0,0,0,5,0,0,0,0,6,0x5AA5,-10137,-12390,0,0,35317,2,2,2,2,255,0,2,15,0,0,1,0,0,0,0,0,0,0,6,0,0,-10100,44120003
2026-09-25T07:16:48.759Z,63907406000000,0x051C,0x0104,0,2,63,-4505,-4505,0,-44010,-43999,426736,44120504,1,0,0,0,3,4,0,0,0,15,15,0,1,426736,2,1,0,0,0,0,0,0,5,0,0,0,0,6,0x5AA5,-4505,7884,0,0,35318,2,2,2,4,255,0,4,15,0,0,1,0,0,0,0,0,0,0,6,0,0,-4500,44120504
2026-09-25T07:16:49.234Z,63907875000000,0x051C,0x0104,0,2,63,1126,1126,0,-43990,-44004,426741,44121004,1,0,0,0,3,4,0,0,0,15,15,0,1,426741,2,1,0,0,0,0,0,0,5,0,0,0,0,6,0x5AA5,1126,-14642,0,0,35319,2,4,2,2,255,0,2,15,0,0,1,0,0,0,0,0,0,0,6,0,0,1100,44121004
2026-09-25T07:16:49.772Z,63908421000000,0x051C,0x0104,0,2,63,0,0,0,-44002,-44003,426746,44121505,1,0,0,0,3,4,0,0,0,15,15,0,1,426746,2,1,0,0,0,0,0,0,5,0,0,0,0,6,0x5AA5,0,-1126,0,0,35321,2,3,2,2,255,0,2,15,0,0,1,0,0,0,0,0,0,0,6,0,0,0,44121505
2026-09-25T07:16:50.230Z,63908875000000,0x051C,0x0104,0,2,63,0,0,0,-44002,-44003,426751,44122006,1,0,0,0,3,4,0,0,0,15,15,0,1,426751,2,1,0,0,0,0,0,0,5,0,0,0,0,6,0x5AA5,0,-1126,0,0,35323,2,3,2,2,255,0,2,15,0,0,1,0,0,0,0,0,0,0,6,0,0,0,44122006
2026-09-25T07:16:50.764Z,63909406000000,0x051C,0x0104,0,2,63,3379,3379,0,-43994,-44006,426756,44122507,1,0,0,0,3,4,0,0,0,15,15,0,1,426756,2,1,0,0,0,0,0,0,5,0,0,0,0,6,0x5AA5,3379,-10137,0,0,35325,2,4,2,2,255,0,2,15,0,0,1,0,0,0,0,0,0,0,6,0,0,3300,44122507
2026-09-25T07:16:51.239Z,63909890000000,0x051C,0x0104,0,2,63,2253,2253,0,-44009,-44005,426761,44123008,1,0,0,0,3,4,0,0,0,15,15,0,1,426761,2,1,0,0,0,0,0,0,5,0,0,0,0,6,0x5AA5,2253,6758,0,0,35326,2,4,2,4,255,0,4,15,0,0,1,0,0,0,0,0,0,0,6,0,0,2200,44123008
2026-09-25T07:16:51.754Z,63910406000000,0x051C,0x0104,0,2,63,6758,6758,0,-44003,-44009,426766,44123509,1,0,0,0,3,4,0,0,0,15,15,0,1,426766,2,1,0,0,0,0,0,0,5,0,0,0,0,6,0x5AA5,6758,0,0,0,35326,2,4,2,4,255,0,4,15,0,0,1,0,0,0,0,0,0,0,6,0,0,6700,44123509
2026-09-25T07:16:52.229Z,63910875000000,0x051C,0x0104,0,2,63,11263,11263,0,-44011,-44013,426771,44124009,1,0,0,0,3,4,0,0,0,15,15,0,1,426771,2,1,0,0,0,0,0,0,5,0,0,0,0,6,0x5AA5,11263,9011,0,0,35326,2,4,2,4,255,0,4,15,0,0,1,0,0,0,0,0,0,0,6,0,0,11200,44124009
2026-09-25T07:16:52.759Z,63911406000000,0x051C,0x0104,0,2,63,7884,7884,0,-44003,-44010,426776,44124510,1,0,0,0,3,4,0,0,0,15,15,0,1,426776,2,1,0,0,0,0,0,0,5,0,0,0,0,6,0x5AA5,7884,0,0,0,35328,2,4,2,4,255,0,4,15,0,0,1,0,0,0,0,0,0,0,6,0,0,7800,44124510
2026-09-25T07:16:53.234Z,63911875000000,0x051C,0x0104,0,2,63,4505,4505,0,-44004,-44007,426781,44125011,1,0,0,0,3,4,0,0,0,15,15,0,1,426781,2,1,0,0,0,0,0,0,5,0,0,0,0,6,0x5AA5,4505,1126,0,0,35332,2,4,2,4,255,0,4,15,0,0,1,0,0,0,0,0,0,0,6,0,0,4500,44125011
2026-09-25T07:16:53.767Z,63912406000000,0x051C,0x0104,0,2,63,2253,2253,0,-44010,-44005,426786,44125513,1,0,0,0,3,4,0,0,0,15,15,0,1,426786,2,1,0,0,0,0,0,0,5,0,0,0,0,6,0x5AA5,2253,7884,0,0,35334,2,4,2,4,255,0,4,15,0,0,1,0,0,0,0,0,0,0,6,0,0,2200,44125513
2026-09-25T07:16:54.242Z,63912890000000,0x051C,0x0104,0,2,63,2253,2253,0,-44025,-44005,426791,44126013,1,0,0,0,3,4,0,0,0,15,15,0,1,426791,2,1,0,0,0,0,0,0,5,0,0,0,0,6,0x5AA5,2253,24779,0,0,35336,2,4,2,4,255,0,4,15,0,0,1,0,0,0,0,0,0,0,6,0,0,2200,44126013
2026-09-25T07:16:54.758Z,63913406000000,0x051C,0x0104,0,2,63,10137,10137,0,-44001,-44012,426796,44126514,1,0,0,0,3,4,0,0,0,15,15,0,1,426796,2,1,0,0,0,0,0,0,5,0,0,0,0,6,0x5AA5,10137,-2253,0,0,35339,2,4,2,2,255,0,2,15,0,0,1,0,0,0,0,0,0,0,6,0,0,10100,44126514
2026-09-25T07:16:55.233Z,63913875000000,0x051C,0x0104,0,2,63,2253,2253,0,-43996,-44005,426801,44127015,1,0,0,0,3,4,0,0,0,15,15,0,1,426801,2,1,0,0,0,0,0,0,5,0,0,0,0,6,0x5AA5,2253,-7884,0,0,35341,2,4,2,2,255,0,2,15,0,0,1,0,0,0,0,0,0,0,6,0,0,2200,44127015
2026-09-25T07:16:55.764Z,63914406000000,0x051C,0x0104,0,2,63,4505,4505,0,-44004,-44007,426806,44127516,1,0,0,0,3,4,0,0,0,15,15,0,1,426806,2,1,0,0,0,0,0,0,5,0,0,0,0,6,0x5AA5,4505,1126,0,0,35344,2,4,2,4,255,0,4,15,0,0,1,0,0,0,0,0,0,0,6,0,0,4500,44127516
2026-09-25T07:16:56.239Z,63914890000000,0x051C,0x0104,0,2,63,4505,4505,0,-44007,-44007,426811,44128016,1,0,0,0,3,4,0,0,0,15,15,0,1,426811,2,1,0,0,0,0,0,0,5,0,0,0,0,6,0x5AA5,4505,4505,0,0,35344,2,4,2,4,255,0,4,15,0,0,1,0,0,0,0,0,0,0,6,0,0,4500,44128016
2026-09-25T07:16:56.756Z,63915406000000,0x051C,0x0104,0,2,63,3379,3379,0,-43979,-44006,426816,44128517,1,0,0,0,3,4,0,0,0,15,15,0,1,426816,2,1,0,0,0,0,0,0,5,0,0,0,0,6,0x5AA5,3379,-27032,0,0,35345,2,4,2,2,255,0,2,15,0,0,1,0,0,0,0,0,0,0,6,0,0,3300,44128517
2026-09-25T07:16:57.230Z,63915875000000,0x051C,0x0104,0,2,63,-1126,-1126,0,-44004,-44002,426821,44129018,1,0,0,0,3,4,0,0,0,15,15,0,1,426821,2,1,0,0,0,0,0,0,5,0,0,0,0,6,0x5AA5,-1126,1126,0,0,35348,2,2,2,4,255,0,4,15,0,0,1,0,0,0,0,0,0,0,6,0,0,-1100,44129018
2026-09-25T07:16:57.763Z,63916406000000,0x051C,0x0104,0,2,63,1126,1126,0,-44008,-44004,426826,44129519,1,0,0,0,3,4,0,0,0,15,15,0,1,426826,2,1,0,0,0,0,0,0,5,0,0,0,0,6,0x5AA5,1126,5632,0,0,35350,2,4,2,4,255,0,4,15,0,0,1,0,0,0,0,0,0,0,6,0,0,1100,44129519
2026-09-25T07:16:58.238Z,63916890000000,0x051C,0x0104,0,2,63,-3379,-3379,0,-44002,-44000,426831,44130020,1,0,0,0,3,4,0,0,0,15,15,0,1,426831,2,1,0,0,0,0,0,0,5,0,0,0,0,6,0x5AA5,-3379,-1126,0,0,35351,2,2,2,2,255,0,2,15,0,0,1,0,0,0,0,0,0,0,6,0,0,-3300,44130020
2026-09-25T07:16:58.756Z,63917406000000,0x051C,0x0104,0,2,63,-3379,-3379,0,-44000,-44000,426836,44130521,1,0,0,0,3,4,0,0,0,15,15,0,1,426836,2,1,0,0,0,0,0,0,5,0,0,0,0,6,0x5AA5,-3379,-3379,0,0,35353,2,2,2,2,255,0,2,15,0,0,1,0,0,0,0,0,0,0,6,0,0,-3300,44130521
2026-09-25T07:16:59.230Z,63917875000000,0x051C,0x0104,0,2,63,-9011,-9011,0,-44000,-43995,426841,44131022,1,0,0,0,3,4,0,0,0,15,15,0,1,426841,2,1,0,0,0,0,0,0,5,0,0,0,0,6,0x5AA5,-9011,-3379,0,0,35355,2,2,2,2,255,0,2,15,0,0,1,0,0,0,0,0,0,0,6,0,0,-9000,44131022
2026-09-25T07:16:59.766Z,63918406000000,0x051C,0x0104,0,2,63,-7884,-7884,0,-43996,-43996,426846,44131523,1,0,0,0,3,4,0,0,0,15,15,0,1,426846,2,1,0,0,0,0,0,0,5,0,0,0,0,6,0x5AA5,-7884,-7884,0,0,35355,2,2,2,2,255,0,2,15,0,0,1,0,0,0,0,0,0,0,6,0,0,-7800,44131523
2026-09-25T07:17:00.241Z,63918890000000,0x051C,0x0104,0,2,63,-10137,-10137,0,-43994,-43994,426851,44132024,1,0,0,0,3,4,0,0,0,15,15,0,1,426851,2,1,0,0,0,0,0,0,5,0,0,0,0,6,0x5AA5,-10137,-10137,0,0,35355,2,2,2,2,255,0,2,15,0,0,1,0,0,0,0,0,0,0,6,0,0,-10100,44132024
2026-09-25T07:17:00.757Z,63919406000000,0x051C,0x0104,0,2,63,-10137,-10137,0,-44013,-43994,426856,44132524,1,0,0,0,3,4,0,0,0,15,15,0,1,426856,2,1,0,0,0,0,0,0,5,0,0,0,0,6,0x5AA5,-10137,11263,0,0,35356,2,2,2,4,255,0,4,15,0,0,1,0,0,0,0,0,0,0,6,0,0,-10100,44132524
2026-09-25T07:17:01.232Z,63919875000000,0x051C,0x0104,0,2,63,-3379,-3379,0,-43997,-44000,426861,44133025,1,0,0,0,3,4,0,0,0,15,15,0,1,426861,2,1,0,0,0,0,0,0,5,0,0,0,0,6,0x5AA5,-3379,-6758,0,0,35359,2,2,2,2,255,0,2,15,0,0,1,0,0,0,0,0,0,0,6,0,0,-3300,44133025
2026-09-25T07:17:01.764Z,63920406000000,0x051C,0x0104,0,2,63,-7884,-7884,0,-43979,-43996,426866,44133526,1,0,0,0,3,4,0,0,0,15,15,0,1,426866,2,1,0,0,0,0,0,0,5,0,0,0,0,6,0x5AA5,-7884,-27032,0,0,35361,2,2,2,2,255,0,2,15,0,0,1,0,0,0,0,0,0,0,6,0,0,-7800,44133526
2026-09-25T07:17:02.240Z,63920890000000,0x051C,0x0104,0,2,63,-10137,-10137,0,-43970,-43994,426871,44134027,1,0,0,0,3,4,0,0,0,15,15,0,1,426871,2,1,0,0,0,0,0,0,5,0,0,0,0,6,0x5AA5,-10137,-37169,0,0,35361,2,2,2,2,255,0,2,15,0,0,1,0,0,0,0,0,0,0,6,0,0,-10100,44134027
2026-09-25T07:17:02.757Z,63921406000000,0x051C,0x0104,0,2,63,-9011,-9011,0,-44021,-43995,426876,44134528,1,0,0,0,3,4,0,0,0,15,15,0,1,426876,2,1,0,0,0,0,0,0,5,0,0,0,0,6,0x5AA5,-9011,20274,0,0,35362,2,2,2,4,255,0,4,15,0,0,1,0,0,0,0,0,0,0,6,0,0,-9000,44134528
2026-09-25T07:17:03.232Z,63921875000000,0x051C,0x0104,0,2,63,2253,2253,0,-44006,-44005,426881,44135029,1,0,0,0,3,4,0,0,0,15,15,0,1,426881,2,1,0,0,0,0,0,0,5,0,0,0,0,6,0x5AA5,2253,3379,0,0,35364,2,4,2,4,255,0,4,15,0,0,1,0,0,0,0,0,0,0,6,0,0,2200,44135029
2026-09-25T07:17:03.764Z,63922406000000,0x051C,0x0104,0,2,63,6758,6758,0,-44021,-44009,426886,44135530,1,0,0,0,3,4,0,0,0,15,15,0,1,426886,2,1,0,0,0,0,0,0,5,0,0,0,0,6,0x5AA5,6758,20274,0,0,35364,2,4,2,4,255,0,4,15,0,0,1,0,0,0,0,0,0,0,6,0,0,6700,44135530
2026-09-25T07:17:04.238Z,63922890000000,0x051C,0x0104,0,2,63,0,0,0,-43997,-44003,426891,44136031,1,0,0,0,3,4,0,0,0,15,15,0,1,426891,2,1,0,0,0,0,0,0,5,0,0,0,0,6,0x5AA5,0,-6758,0,0,35365,2,3,2,2,255,0,2,15,0,0,1,0,0,0,0,0,0,0,6,0,0,0,44136031
2026-09-25T07:17:04.756Z,63923406000000,0x051C,0x0104,0,2,63,-5632,-5632,0,-43990,-43998,426896,44136532,1,0,0,0,3,4,0,0,0,15,15,0,1,426896,2,1,0,0,0,0,0,0,5,0,0,0,0,6,0x5AA5,-5632,-14642,0,0,35365,2,2,2,2,255,0,2,15,0,0,1,0,0,0,0,0,0,0,6,0,0,-5600,44136532
2026-09-25T07:17:05.231Z,63923875000000,0x051C,0x0104,0,2,63,-12390,-12390,0,-44001,-43992,426901,44137033,1,0,0,0,3,4,0,0,0,15,15,0,1,426901,2,1,0,0,0,0,0,0,5,0,0,0,0,6,0x5AA5,-12390,-2253,0,0,35365,2,2,2,2,255,0,2,15,0,0,1,0,0,0,0,0,0,0,6,0,0,-12300,44137033
2026-09-25T07:17:05.765Z,63924406000000,0x051C,0x0104,0,2,63,-12390,-12390,0,-44001,-43992,426906,44137533,1,0,0,0,3,4,0,0,0,15,15,0,1,426906,2,1,0,0,0,0,0,0,5,0,0,0,0,6,0x5AA5,-12390,-2253,0,0,35365,2,2,2,2,255,0,2,15,0,0,1,0,0,0,0,0,0,0,6,0,0,-12300,44137533
2026-09-25T07:17:06.239Z,63924890000000,0x051C,0x0104,0,2,63,-11263,-11263,0,-43996,-43993,426911,44138034,1,0,0,0,3,4,0,0,0,15,15,0,1,426911,2,1,0,0,0,0,0,0,5,0,0,0,0,6,0x5AA5,-11263,-7884,0,0,35365,2,2,2,2,255,0,2,15,0,0,1,0,0,0,0,0,0,0,6,0,0,-11200,44138034
2026-09-25T07:17:06.755Z,63925406000000,0x051C,0x0104,0,2,63,-6758,-6758,0,-44006,-43997,426916,44138535,1,0,0,0,3,4,0,0,0,15,15,0,1,426916,2,1,0,0,0,0,0,0,5,0,0,0,0,6,0x5AA5,-6758,3379,0,0,35368,2,2,2,4,255,0,4,15,0,0,1,0,0,0,0,0,0,0,6,0,0,-6700,44138535
2026-09-25T07:17:07.229Z,63925875000000,0x051C,0x0104,0,2,63,-2253,-2253,0,-43997,-44001,426921,44139036,1,0,0,0,3,4,0,0,0,15,15,0,1,426921,2,1,0,0,0,0,0,0,5,0,0,0,0,6,0x5AA5,-2253,-6758,0,0,35371,2,2,2,2,255,0,2,15,0,0,1,0,0,0,0,0,0,0,6,0,0,-2200,44139036
2026-09-25T07:17:07.763Z,63926406000000,0x051C,0x0104,0,2,63,-5632,-5632,0,-43999,-43998,426926,44139537,1,0,0,0,3,4,0,0,0,15,15,0,1,426926,2,1,0,0,0,0,0,0,5,0,0,0,0,6,0x5AA5,-5632,-4505,0,0,35371,2,2,2,2,255,0,2,15,0,0,1,0,0,0,0,0,0,0,6,0,0,-5600,44139537
2026-09-25T07:17:08.238Z,63926890000000,0x051C,0x0104,0,2,63,-9011,-9011,0,-44002,-43995,426931,44140038,1,0,0,0,3,4,0,0,0,15,15,0,1,426931,2,1,0,0,0,0,0,0,5,0,0,0,0,6,0x5AA5,-9011,-1126,0,0,35371,2,2,2,2,255,0,2,15,0,0,1,0,0,0,0,0,0,0,6,0,0,-9000,44140038
2026-09-25T07:17:08.755Z,63927406000000,0x051C,0x0104,0,2,63,-4505,-4505,0,-44007,-43999,426936,44140539,1,0,0,0,3,4,0,0,0,15,15,0,1,426936,2,1,0,0,0,0,0,0,5,0,0,0,0,6,0x5AA5,-4505,4505,0,0,35374,2,2,2,4,255,0,4,15,0,0,1,0,0,0,0,0,0,0,6,0,0,-4500,44140539
2026-09-25T07:17:09.229Z,63927875000000,0x051C,0x0104,0,2,63,1126,1126,0,-43992,-44004,426941,44141039,1,0,0,0,3,4,0,0,0,15,15,0,1,426941,2,1,0,0,0,0,0,0,5,0,0,0,0,6,0x5AA5,1126,-12390,0,0,35375,2,4,2,2,255,0,2,15,0,0,1,0,0,0,0,0,0,0,6,0,0,1100,44141039
2026-09-25T07:17:09.760Z,63928406000000,0x051C,0x0104,0,2,63,0,0,0,-44000,-44003,426946,44141540,1,0,0,0,3,4,0,0,0,15,15,0,1,426946,2,1,0,0,0,0,0,0,5,0,0,0,0,6,0x5AA5,0,-3379,0,0,35377,2,3,2,2,255,0,2,15,0,0,1,0,0,0,0,0,0,0,6,0,0,0,44141540
2026-09-25T07:17:10.235Z,63928875000000,0x051C,0x0104,0,2,63,-3379,-3379,0,-44008,-44000,426951,44142041,1,0,0,0,3,4,0,0,0,15,15,0,1,426951,2,1,0,0,0,0,0,0,5,0,0,0,0,6,0x5AA5,-3379,5632,0,0,35378,2,2,2,4,255,0,4,15,0,0,1,0,0,0,0,0,0,0,6,0,0,-3300,44142041
2026-09-25T07:17:10.769Z,63929406000000,0x051C,0x0104,0,2,63,-4505,-4505,0,-44006,-43999,426956,44142542,1,0,0,0,3,4,0,0,0,15,15,0,1,426956,2,1,0,0,0,0,0,0,5,0,0,0,0,6,0x5AA5,-4505,3379,0,0,35380,2,2,2,4,255,0,4,15,0,0,1,0,0,0,0,0,0,0,6,0,0,-4500,44142542
2026-09-25T07:17:11.244Z,63929890000000,0x051C,0x0104,0,2,63,-2253,-2253,0,-44007,-44001,426961,44143043,1,0,0,0,3,4,0,0,0,15,15,0,1,426961,2,1,0,0,0,0,0,0,5,0,0,0,0,6,0x5AA5,-2253,4505,0,0,35382,2,2,2,4,255,0,4,15,0,0,1,0,0,0,0,0,0,0,6,0,0,-2200,44143043
2026-09-25T07:17:11.759Z,63930406000000,0x051C,0x0104,0,2,63,-1126,-1126,0,-44005,-44002,426966,44143544,1,0,0,0,3,4,0,0,0,15,15,0,1,426966,2,1,0,0,0,0,0,0,5,0,0,0,0,6,0x5AA5,-1126,2253,0,0,35384,2,2,2,4,255,0,4,15,0,0,1,0,0,0,0,0,0,0,6,0,0,-1100,44143544
2026-09-25T07:17:12.234Z,63930875000000,0x051C,0x0104,0,2,63,-3379,-3379,0,-43972,-44000,426971,44144044,1,0,0,0,3,4,0,0,0,15,15,0,1,426971,2,1,0,0,0,0,0,0,5,0,0,0,0,6,0x5AA5,-3379,-34916,0,0,35387,2,2,2,2,255,0,2,15,0,0,1,0,0,0,0,0,0,0,6,0,0,-3300,44144044
2026-09-25T07:17:12.765Z,63931406000000,0x051C,0x0104,0,2,63,-15769,-15769,0,-43997,-43989,426976,44144545,1,0,0,0,3,4,0,0,0,15,15,0,1,426976,2,1,0,0,0,0,0,0,5,0,0,0,0,6,0x5AA5,-15769,-6758,0,0,35387,2,2,2,2,255,0,2,15,0,0,1,0,0,0,0,0,0,0,6,0,0,-15700,44144545
2026-09-25T07:17:13.240Z,63931890000000,0x051C,0x0104,0,2,63,-9011,-9011,0,-43999,-43995,426981,44145046,1,0,0,0,3,4,0,0,0,15,15,0,1,426981,2,1,0,0,0,0,0,0,5,0,0,0,0,6,0x5AA5,-9011,-4505,0,0,35391,2,2,2,2,255,0,2,15,0,0,1,0,0,0,0,0,0,0,6,0,0,-9000,44145046
2026-09-25T07:17:13.763Z,63932406000000,0x051C,0x0104,0,2,63,-6758,-6758,0,-44008,-43997,426986,44145547,1,0,0,0,3,4,0,0,0,15,15,0,1,426986,2,1,0,0,0,0,0,0,5,0,0,0,0,6,0x5AA5,-6758,5632,0,0,35392,2,2,2,4,255,0,4,15,0,0,1,0,0,0,0,0,0,0,6,0,0,-6700,44145547
2026-09-25T07:17:14.238Z,63932890000000,0x051C,0x0104,0,2,63,-10137,-10137,0,-43972,-43994,426991,44146048,1,0,0,0,3,4,0,0,0,15,15,0,1,426991,2,1,0,0,0,0,0,0,5,0,0,0,0,6,0x5AA5,-10137,-34916,0,0,35395,2,2,2,2,255,0,2,15,0,0,1,0,0,0,0,0,0,0,6,0,0,-10100,44146048
2026-09-25T07:17:14.758Z,63933406000000,0x051C,0x0104,0,2,63,-13516,-13516,0,-44007,-43991,426995,44146550,1,0,0,0,3,4,0,0,0,15,15,0,1,426996,2,1,0,0,0,0,0,0,5,0,0,0,0,6,0x5AA5,-15769,9011,0,0,35396,2,2,2,4,255,0,4,15,0,0,1,0,0,0,0,0,0,0,6,0,0,-15700,44146448
2026-09-25T07:17:15.238Z,63933890000000,0x051C,0x0104,0,2,63,-7884,-7884,0,-44006,-43996,427000,44147054,1,0,0,0,3,4,0,0,0,15,15,0,1,427001,2,1,0,0,0,0,0,0,5,0,0,0,0,6,0x5AA5,-10137,13516,0,0,35398,2,2,2,4,255,0,4,15,0,0,1,0,0,0,0,0,0,0,6,0,0,-10100,44146949
2026-09-25T07:17:15.760Z,63934406000000,0x051C,0x0104,0,2,63,-3379,-3379,0,-44002,-44000,427005,44147551,1,0,0,0,3,4,0,0,0,15,15,0,1,427006,2,1,0,0,0,0,0,0,5,0,0,0,0,6,0x5AA5,-3379,-7884,0,0,35401,2,2,2,2,255,0,2,15,0,0,1,0,0,0,0,0,0,0,6,0,0,-3300,44147450
2026-09-25T07:17:16.239Z,63934890000000,0x051C,0x0104,0,2,63,-2253,-2253,0,-43991,-44001,427011,44148051,1,0,0,0,3,4,0,0,0,15,15,0,1,427011,2,1,0,0,0,0,0,0,5,0,0,0,0,6,0x5AA5,-2253,-13516,0,0,35403,2,2,2,2,255,0,2,15,0,0,1,0,0,0,0,0,0,0,6,0,0,-2200,44148051
2026-09-25T07:17:16.760Z,63935406000000,0x051C,0x0104,0,2,63,-1126,-1126,0,-44005,-44002,427015,44148554,1,0,0,0,3,4,0,0,0,15,15,0,1,427016,2,1,0,0,0,0,0,0,5,0,0,0,0,6,0x5AA5,-1126,-7884,0,0,35405,2,2,2,2,255,0,2,15,0,0,1,0,0,0,0,0,0,0,6,0,0,-1100,44148452
2026-09-25T07:17:17.238Z,63935890000000,0x051C,0x0104,0,2,63,-3379,-3379,0,-44002,-44000,427020,44149057,1,0,0,0,3,4,0,0,0,15,15,0,1,427021,2,1,0,0,0,0,0,0,5,0,0,0,0,6,0x5AA5,-3379,1126,0,0,35408,2,2,2,4,255,0,4,15,0,0,1,0,0,0,0,0,0,0,6,0,0,-3300,44148953
2026-09-25T07:17:17.756Z,63936406000000,0x051C,0x0104,0,2,63,-4505,-4505,0,-43992,-43999,427025,44149553,1,0,0,0,3,4,0,0,0,15,15,0,1,427026,2,1,0,0,0,0,0,0,5,0,0,0,0,6,0x5AA5,-3379,-5632,0,0,35409,2,2,2,2,255,0,2,15,0,0,1,0,0,0,0,0,0,0,6,0,0,-3300,44149453
2026-09-25T07:17:18.228Z,63936875000000,0x051C,0x0104,0,2,63,-3379,-3379,0,-44013,-44000,427030,44150054,1,0,0,0,3,4,0,0,0,15,15,0,1,427031,2,1,0,0,0,0,0,0,5,0,0,0,0,6,0x5AA5,-5632,12390,0,0,35410,2,2,2,4,255,0,4,15,0,0,1,0,0,0,0,0,0,0,6,0,0,-5600,44149954
2026-09-25T07:17:18.764Z,63937406000000,0x051C,0x0104,0,2,63,-5632,-5632,0,-43998,-43998,427035,44150558,1,0,0,0,3,4,0,0,0,15,15,0,1,427036,2,1,0,0,0,0,0,0,5,0,0,0,0,6,0x5AA5,-5632,-9011,0,0,35411,2,2,2,2,255,0,2,15,0,0,1,0,0,0,0,0,0,0,6,0,0,-5600,44150455
2026-09-25T07:17:19.241Z,63937890000000,0x051C,0x0104,0,2,63,-3379,-3379,0,-43997,-44000,427040,44151061,1,0,0,0,3,4,0,0,0,15,15,0,1,427041,2,1,0,0,0,0,0,0,5,0,0,0,0,6,0x5AA5,-3379,0,0,0,35412,2,2,2,4,255,0,4,15,0,0,1,0,0,0,0,0,0,0,6,0,0,-3300,44150956
2026-09-25T07:17:19.760Z,63938406000000,0x051C,0x0104,0,2,63,-6758,-6758,0,-44000,-43997,427045,44151557,1,0,0,0,3,4,0,0,0,15,15,0,1,427046,2,1,0,0,0,0,0,0,5,0,0,0,0,6,0x5AA5,-6758,5632,0,0,35414,2,2,2,4,255,0,4,15,0,0,1,0,0,0,0,0,0,0,6,0,0,-6700,44151457
2026-09-25T07:17:20.236Z,63938875000000,0x051C,0x0104,0,2,63,-6758,-6758,0,-44001,-43997,427050,44152058,1,0,0,0,3,4,0,0,0,15,15,0,1,427051,2,1,0,0,0,0,0,0,5,0,0,0,0,6,0x5AA5,-6758,-10137,0,0,35415,2,2,2,2,255,0,2,15,0,0,1,0,0,0,0,0,0,0,6,0,0,-6700,44151958
2026-09-25T07:17:20.773Z,63939421000000,0x051C,0x0104,0,2,63,-11263,-11263,0,-43986,-43993,427055,44152564,1,0,0,0,3,4,0,0,0,15,15,0,1,427056,2,1,0,0,0,0,0,0,5,0,0,0,0,6,0x5AA5,-10137,4505,0,0,35416,2,2,2,4,255,0,4,15,0,0,1,0,0,0,0,0,0,0,6,0,0,-10100,44152458
2026-09-25T07:17:21.231Z,63939875000000,0x051C,0x0104,0,2,63,-16895,-16895,0,-44002,-43988,427060,44153059,1,0,0,0,3,4,0,0,0,15,15,0,1,427061,2,1,0,0,0,0,0,0,5,0,0,0,0,6,0x5AA5,-16895,-14642,0,0,35417,2,2,2,2,255,0,2,15,0,0,1,0,0,0,0,0,0,0,6,0,0,-16800,44152959
2026-09-25T07:17:21.762Z,63940406000000,0x051C,0x0104,0,2,63,-11263,-11263,0,-43991,-43993,427065,44153560,1,0,0,0,3,4,0,0,0,15,15,0,1,427066,2,1,0,0,0,0,0,0,5,0,0,0,0,6,0x5AA5,-11263,-18021,0,0,35419,2,2,2,2,255,0,2,15,0,0,1,0,0,0,0,0,0,0,6,0,0,-11200,44153460
2026-09-25T07:17:22.238Z,63940890000000,0x051C,0x0104,0,2,63,-12390,-12390,0,-43990,-43992,427070,44154061,1,0,0,0,3,4,0,0,0,15,15,0,1,427071,2,1,0,0,0,0,0,0,5,0,0,0,0,6,0x5AA5,-13516,-2253,0,0,35419,2,2,2,2,255,0,2,15,0,0,1,0,0,0,0,0,0,0,6,0,0,-13500,44153961
2026-09-25T07:17:22.757Z,63941406000000,0x051C,0x0104,0,2,63,-11263,-11263,0,-44001,-43993,427075,44154562,1,0,0,0,3,4,0,0,0,15,15,0,1,427076,2,1,0,0,0,0,0,0,5,0,0,0,0,6,0x5AA5,-12390,-2253,0,0,35419,2,2,2,2,255,0,2,15,0,0,1,0,0,0,0,0,0,0,6,0,0,-12300,44154462
2026-09-25T07:17:23.232Z,63941875000000,0x051C,0x0104,0,2,63,-9011,-9011,0,-43997,-43995,427080,44155062,1,0,0,0,3,4,0,0,0,15,15,0,1,427081,2,1,0,0,0,0,0,0,5,0,0,0,0,6,0x5AA5,-9011,-14642,0,0,35421,2,2,2,2,255,0,2,15,0,0,1,0,0,0,0,0,0,0,6,0,0,-9000,44154962
2026-09-25T07:17:23.765Z,63942406000000,0x051C,0x0104,0,2,63,-10137,-10137,0,-44006,-43994,427085,44155563,1,0,0,0,3,4,0,0,0,15,15,0,1,427086,2,1,0,0,0,0,0,0,5,0,0,0,0,6,0x5AA5,-11263,0,0,0,35422,2,2,2,4,255,0,4,15,0,0,1,0,0,0,0,0,0,0,6,0,0,-11200,44155463
2026-09-25T07:17:24.240Z,63942890000000,0x051C,0x0104,0,2,63,-5632,-5632,0,-43995,-43998,427090,44156064,1,0,0,0,3,4,0,0,0,15,15,0,1,427091,2,1,0,0,0,0,0,0,5,0,0,0,0,6,0x5AA5,-4505,-12390,0,0,35423,2,2,2,2,255,0,2,15,0,0,1,0,0,0,0,0,0,0,6,0,0,-4500,44155964
2026-09-25T07:17:24.762Z,63943406000000,0x051C,0x0104,0,2,63,-5632,-5632,0,-44003,-43998,427095,44156565,1,0,0,0,3,4,0,0,0,15,15,0,1,427096,2,1,0,0,0,0,0,0,5,0,0,0,0,6,0x5AA5,-5632,-9011,0,0,35423,2,2,2,2,255,0,2,15,0,0,1,0,0,0,0,0,0,0,6,0,0,-5600,44156465
2026-09-25T07:17:25.238Z,63943890000000,0x051C,0x0104,0,2,63,0,0,0,-44003,-44003,427100,44157066,1,0,0,0,3,4,0,0,0,15,15,0,1,427101,2,1,0,0,0,0,0,0,5,0,0,0,0,6,0x5AA5,-1126,20274,0,0,35426,2,2,2,4,255,0,4,15,0,0,1,0,0,0,0,0,0,0,6,0,0,-1100,44156965
2026-09-25T07:17:25.753Z,63944406000000,0x051C,0x0104,0,2,63,-2253,-2253,0,-43993,-44001,427105,44157466,1,0,0,0,3,4,0,0,0,15,15,0,1,427105,2,1,0,0,0,0,0,0,5,0,0,0,0,6,0x5AA5,-2253,-11263,0,0,35427,2,2,2,2,255,0,2,15,0,0,1,0,0,0,0,0,0,0,6,0,0,-2200,44157466
2026-09-25T07:17:26.228Z,63944875000000,0x051C,0x0104,0,2,63,0,0,0,-44003,-44003,427110,44157967,1,0,0,0,3,4,0,0,0,15,15,0,1,427110,2,1,0,0,0,0,0,0,5,0,0,0,0,6,0x5AA5,0,0,0,0,35428,2,3,2,4,255,0,4,15,0,0,1,0,0,0,0,0,0,0,6,0,0,0,44157967
2026-09-25T07:17:26.764Z,63945406000000,0x051C,0x0104,0,2,63,4505,4505,0,-43984,-44007,427115,44158568,1,0,0,0,3,4,0,0,0,15,15,0,1,427116,2,1,0,0,0,0,0,0,5,0,0,0,0,6,0x5AA5,4505,6758,0,0,35430,2,4,2,4,255,0,4,15,0,0,1,0,0,0,0,0,0,0,6,0,0,4500,44158468
2026-09-25T07:17:27.239Z,63945890000000,0x051C,0x0104,0,2,63,1126,1126,0,-43989,-44004,427120,44159069,1,0,0,0,3,4,0,0,0,15,15,0,1,427121,2,1,0,0,0,0,0,0,5,0,0,0,0,6,0x5AA5,1126,-1126,0,0,35433,2,4,2,2,255,0,2,15,0,0,1,0,0,0,0,0,0,0,6,0,0,1100,44158969
2026-09-25T07:17:27.755Z,63946406000000,0x051C,0x0104,0,2,63,-2253,-2253,0,-43980,-44001,427125,44159470,1,0,0,0,3,4,0,0,0,15,15,0,1,427125,2,1,0,0,0,0,0,0,5,0,0,0,0,6,0x5AA5,-2253,-25906,0,0,35433,2,2,2,2,255,0,2,15,0,0,1,0,0,0,0,0,0,0,6,0,0,-2200,44159470
2026-09-25T07:17:28.229Z,63946875000000,0x051C,0x0104,0,2,63,-1126,-1126,0,-43993,-44002,427130,44159970,1,0,0,0,3,4,0,0,0,15,15,0,1,427130,2,1,0,0,0,0,0,0,5,0,0,0,0,6,0x5AA5,-1126,-11263,0,0,35435,2,2,2,2,255,0,2,15,0,0,1,0,0,0,0,0,0,0,6,0,0,-1100,44159970
2026-09-25T07:17:28.764Z,63947406000000,0x051C,0x0104,0,2,63,-1126,-1126,0,-44009,-44002,427135,44160471,1,0,0,0,3,4,0,0,0,15,15,0,1,427135,2,1,0,0,0,0,0,0,5,0,0,0,0,6,0x5AA5,-1126,6758,0,0,35436,2,2,2,4,255,0,4,15,0,0,1,0,0,0,0,0,0,0,6,0,0,-1100,44160471
2026-09-25T07:17:29.242Z,63947890000000,0x051C,0x0104,0,2,63,-5632,-5632,0,-44000,-43998,427140,44161073,1,0,0,0,3,4,0,0,0,15,15,0,1,427141,2,1,0,0,0,0,0,0,5,0,0,0,0,6,0x5AA5,-4505,-14642,0,0,35437,2,2,2,2,255,0,2,15,0,0,1,0,0,0,0,0,0,0,6,0,0,-4500,44160973
2026-09-25T07:17:29.759Z,63948406000000,0x051C,0x0104,0,2,63,-2253,-2253,0,-43984,-44001,427145,44161473,1,0,0,0,3,4,0,0,0,15,15,0,1,427145,2,1,0,0,0,0,0,0,5,0,0,0,0,6,0x5AA5,-2253,-21400,0,0,35439,2,2,2,2,255,0,2,15,0,0,1,0,0,0,0,0,0,0,6,0,0,-2200,44161473
2026-09-25T07:17:30.235Z,63948875000000,0x051C,0x0104,0,2,63,2253,2253,0,-44003,-44005,427150,44161973,1,0,0,0,3,4,0,0,0,15,15,0,1,427150,2,1,0,0,0,0,0,0,5,0,0,0,0,6,0x5AA5,2253,0,0,0,35440,2,4,2,4,255,0,4,15,0,0,1,0,0,0,0,0,0,0,6,0,0,2200,44161973
2026-09-25T07:17:30.769Z,63949421000000,0x051C,0x0104,0,2,63,-4505,-4505,0,-43996,-43999,427155,44162574,1,0,0,0,3,4,0,0,0,15,15,0,1,427156,2,1,0,0,0,0,0,0,5,0,0,0,0,6,0x5AA5,-3379,-19148,0,0,35441,2,2,2,2,255,0,2,15,0,0,1,0,0,0,0,0,0,0,6,0,0,-3300,44162474
2026-09-25T07:17:31.227Z,63949875000000,0x051C,0x0104,0,2,63,-4505,-4505,0,-44003,-43999,427160,44162975,1,0,0,0,3,4,0,0,0,15,15,0,1,427160,2,1,0,0,0,0,0,0,5,0,0,0,0,6,0x5AA5,-4505,0,0,0,35443,2,2,2,2,255,0,2,15,0,0,1,0,0,0,0,0,0,0,6,0,0,-4500,44162975
2026-09-25T07:17:31.761Z,63950406000000,0x051C,0x0104,0,2,63,-5632,-5632,0,-43997,-43998,427165,44163476,1,0,0,0,3,4,0,0,0,15,15,0,1,427165,2,1,0,0,0,0,0,0,5,0,0,0,0,6,0x5AA5,-5632,-6758,0,0,35445,2,2,2,2,255,0,2,15,0,0,1,0,0,0,0,0,0,0,6,0,0,-5600,44163476
2026-09-25T07:17:32.237Z,63950875000000,0x051C,0x0104,0,2,63,-4505,-4505,0,-43990,-43999,427170,44163977,1,0,0,0,3,4,0,0,0,15,15,0,1,427170,2,1,0,0,0,0,0,0,5,0,0,0,0,6,0x5AA5,-4505,-14642,0,0,35447,2,2,2,2,255,0,2,15,0,0,1,0,0,0,0,0,0,0,6,0,0,-4500,44163977
2026-09-25T07:17:32.772Z,63951421000000,0x051C,0x0104,0,2,63,-2253,-2253,0,-43985,-44001,427175,44164478,1,0,0,0,3,4,0,0,0,15,15,0,1,427175,2,1,0,0,0,0,0,0,5,0,0,0,0,6,0x5AA5,-2253,-20274,0,0,35449,2,2,2,2,255,0,2,15,0,0,1,0,0,0,0,0,0,0,6,0,0,-2200,44164478
2026-09-25T07:17:33.231Z,63951875000000,0x051C,0x0104,0,2,63,-6758,-6758,0,-43996,-43997,427180,44164978,1,0,0,0,3,4,0,0,0,15,15,0,1,427180,2,1,0,0,0,0,0,0,5,0,0,0,0,6,0x5AA5,-6758,-7884,0,0,35451,2,2,2,2,255,0,2,15,0,0,1,0,0,0,0,0,0,0,6,0,0,-6700,44164978
2026-09-25T07:17:33.764Z,63952406000000,0x051C,0x0104,0,2,63,-2253,-2253,0,-44009,-44001,427185,44165479,1,0,0,0,3,4,0,0,0,15,15,0,1,427185,2,1,0,0,0,0,0,0,5,0,0,0,0,6,0x5AA5,-2253,6758,0,0,35452,2,2,2,4,255,0,4,15,0,0,1,0,0,0,0,0,0,0,6,0,0,-2200,44165479
2026-09-25T07:17:34.239Z,63952890000000,0x051C,0x0104,0,2,63,3379,3379,0,-44015,-44006,427190,44165980,1,0,0,0,3,4,0,0,0,15,15,0,1,427190,2,1,0,0,0,0,0,0,5,0,0,0,0,6,0x5AA5,3379,13516,0,0,35452,2,4,2,4,255,0,4,15,0,0,1,0,0,0,0,0,0,0,6,0,0,3300,44165980
2026-09-25T07:17:34.756Z,63953406000000,0x051C,0x0104,0,2,63,5632,5632,0,-43997,-44008,427195,44166481,1,0,0,0,3,4,0,0,0,15,15,0,1,427195,2,1,0,0,0,0,0,0,5,0,0,0,0,6,0x5AA5,5632,-6758,0,0,35455,2,4,2,2,255,0,2,15,0,0,1,0,0,0,0,0,0,0,6,0,0,5600,44166481
2026-09-25T07:17:35.230Z,63953875000000,0x051C,0x0104,0,2,63,2253,2253,0,-44009,-44005,427200,44166982,1,0,0,0,3,4,0,0,0,15,15,0,1,427200,2,1,0,0,0,0,0,0,5,0,0,0,0,6,0x5AA5,2253,6758,0,0,35456,2,4,2,4,255,0,4,15,0,0,1,0,0,0,0,0,0,0,6,0,0,2200,44166982
2026-09-25T07:17:35.762Z,63954406000000,0x051C,0x0104,0,2,63,3379,3379,0,-44007,-44006,427205,44167483,1,0,0,0,3,4,0,0,0,15,15,0,1,427205,2,1,0,0,0,0,0,0,5,0,0,0,0,6,0x5AA5,3379,4505,0,0,35458,2,4,2,4,255,0,4,15,0,0,1,0,0,0,0,0,0,0,6,0,0,3300,44167483
2026-09-25T07:17:36.238Z,63954890000000,0x051C,0x0104,0,2,63,2253,2253,0,-43998,-44005,427210,44167984,1,0,0,0,3,4,0,0,0,15,15,0,1,427210,2,1,0,0,0,0,0,0,5,0,0,0,0,6,0x5AA5,2253,-5632,0,0,35461,2,4,2,2,255,0,2,15,0,0,1,0,0,0,0,0,0,0,6,0,0,2200,44167984
2026-09-25T07:17:36.759Z,63955406000000,0x051C,0x0104,0,2,63,4505,4505,0,-44017,-44007,427215,44168484,1,0,0,0,3,4,0,0,0,15,15,0,1,427215,2,1,0,0,0,0,0,0,5,0,0,0,0,6,0x5AA5,4505,15769,0,0,35462,2,4,2,4,255,0,4,15,0,0,1,0,0,0,0,0,0,0,6,0,0,4500,44168484
2026-09-25T07:17:37.232Z,63955875000000,0x051C,0x0104,0,2,63,3379,3379,0,-44003,-44006,427220,44168985,1,0,0,0,3,4,0,0,0,15,15,0,1,427220,2,1,0,0,0,0,0,0,5,0,0,0,0,6,0x5AA5,3379,0,0,0,35465,2,4,2,2,255,0,2,15,0,0,1,0,0,0,0,0,0,0,6,0,0,3300,44168985
2026-09-25T07:17:37.763Z,63956406000000,0x051C,0x0104,0,2,63,7884,7884,0,-44015,-44010,427225,44169486,1,0,0,0,3,4,0,0,0,15,15,0,1,427225,2,1,0,0,0,0,0,0,5,0,0,0,0,6,0x5AA5,7884,13516,0,0,35466,2,4,2,4,255,0,4,15,0,0,1,0,0,0,0,0,0,0,6,0,0,7800,44169486
2026-09-25T07:17:38.238Z,63956890000000,0x051C,0x0104,0,2,63,7884,7884,0,-44002,-44010,427230,44169987,1,0,0,0,3,4,0,0,0,15,15,0,1,427230,2,1,0,0,0,0,0,0,5,0,0,0,0,6,0x5AA5,7884,-1126,0,0,35467,2,4,2,2,255,0,2,15,0,0,1,0,0,0,0,0,0,0,6,0,0,7800,44169987
2026-09-25T07:17:38.762Z,63957406000000,0x051C,0x0104,0,2,63,4505,4505,0,-44007,-44007,427235,44170488,1,0,0,0,3,4,0,0,0,15,15,0,1,427235,2,1,0,0,0,0,0,0,5,0,0,0,0,6,0x5AA5,4505,4505,0,0,35470,2,4,2,4,255,0,4,15,0,0,1,0,0,0,0,0,0,0,6,0,0,4500,44170488
2026-09-25T07:17:39.236Z,63957875000000,0x051C,0x0104,0,2,63,6758,6758,0,-44001,-44009,427240,44170989,1,0,0,0,3,4,0,0,0,15,15,0,1,427240,2,1,0,0,0,0,0,0,5,0,0,0,0,6,0x5AA5,6758,-2253,0,0,35471,2,4,2,2,255,0,2,15,0,0,1,0,0,0,0,0,0,0,6,0,0,6700,44170989
2026-09-25T07:17:39.767Z,63958406000000,0x051C,0x0104,0,2,63,5632,5632,0,-43991,-44008,427245,44171490,1,0,0,0,3,4,0,0,0,15,15,0,1,427245,2,1,0,0,0,0,0,0,5,0,0,0,0,6,0x5AA5,5632,-13516,0,0,35473,2,4,2,2,255,0,2,15,0,0,1,0,0,0,0,0,0,0,6,0,0,5600,44171490
2026-09-25T07:17:40.242Z,63958890000000,0x051C,0x0104,0,2,63,0,0,0,-44010,-44003,427250,44171990,1,0,0,0,3,4,0,0,0,15,15,0,1,427250,2,1,0,0,0,0,0,0,5,0,0,0,0,6,0x5AA5,0,7884,0,0,35476,2,3,2,4,255,0,4,15,0,0,1,0,0,0,0,0,0,0,6,0,0,0,44171990
2026-09-25T07:17:40.758Z,63959406000000,0x051C,0x0104,0,2,63,6758,6758,0,-44021,-44009,427255,44172491,1,0,0,0,3,4,0,0,0,15,15,0,1,427255,2,1,0,0,0,0,0,0,5,0,0,0,0,6,0x5AA5,6758,20274,0,0,35478,2,4,2,4,255,0,4,15,0,0,1,0,0,0,0,0,0,0,6,0,0,6700,44172491
2026-09-25T07:17:41.232Z,63959875000000,0x051C,0x0104,0,2,63,2253,2253,0,-43981,-44005,427260,44172993,1,0,0,0,3,4,0,0,0,15,15,0,1,427260,2,1,0,0,0,0,0,0,5,0,0,0,0,6,0x5AA5,2253,-24779,0,0,35479,2,4,2,2,255,0,2,15,0,0,1,0,0,0,0,0,0,0,6,0,0,2200,44172993
2026-09-25T07:17:41.767Z,63960406000000,0x051C,0x0104,0,2,63,-4505,-4505,0,-43997,-43999,427265,44173493,1,0,0,0,3,4,0,0,0,15,15,0,1,427265,2,1,0,0,0,0,0,0,5,0,0,0,0,6,0x5AA5,-4505,-6758,0,0,35483,2,2,2,2,255,0,2,15,0,0,1,0,0,0,0,0,0,0,6,0,0,-4500,44173493
2026-09-25T07:17:42.241Z,63960890000000,0x051C,0x0104,0,2,63,-6758,-6758,0,-43996,-43997,427270,44173994,1,0,0,0,3,4,0,0,0,15,15,0,1,427270,2,1,0,0,0,0,0,0,5,0,0,0,0,6,0x5AA5,-6758,-7884,0,0,35483,2,2,2,2,255,0,2,15,0,0,1,0,0,0,0,0,0,0,6,0,0,-6700,44173994
2026-09-25T07:17:42.758Z,63961406000000,0x051C,0x0104,0,2,63,-5632,-5632,0,-43996,-43998,427275,44174495,1,0,0,0,3,4,0,0,0,15,15,0,1,427275,2,1,0,0,0,0,0,0,5,0,0,0,0,6,0x5AA5,-5632,-7884,0,0,35485,2,2,2,2,255,0,2,15,0,0,1,0,0,0,0,0,0,0,6,0,0,-5600,44174495
2026-09-25T07:17:43.233Z,63961875000000,0x051C,0x0104,0,2,63,-5632,-5632,0,-43993,-43998,427280,44174996,1,0,0,0,3,4,0,0,0,15,15,0,1,427280,2,1,0,0,0,0,0,0,5,0,0,0,0,6,0x5AA5,-5632,-11263,0,0,35487,2,2,2,2,255,0,2,15,0,0,1,0,0,0,0,0,0,0,6,0,0,-5600,44174996
2026-09-25T07:17:43.764Z,63962406000000,0x051C,0x0104,0,2,63,-9011,-9011,0,-43995,-43995,427285,44175496,1,0,0,0,3,4,0,0,0,15,15,0,1,427285,2,1,0,0,0,0,0,0,5,0,0,0,0,6,0x5AA5,-9011,-9011,0,0,35487,2,2,2,2,255,0,2,15,0,0,1,0,0,0,0,0,0,0,6,0,0,-9000,44175496
2026-09-25T07:17:44.238Z,63962890000000,0x051C,0x0104,0,2,63,-9011,-9011,0,-43972,-43995,427290,44175997,1,0,0,0,3,4,0,0,0,15,15,0,1,427290,2,1,0,0,0,0,0,0,5,0,0,0,0,6,0x5AA5,-9011,-34916,0,0,35487,2,2,2,2,255,0,2,15,0,0,1,0,0,0,0,0,0,0,6,0,0,-9000,44175997
2026-09-25T07:17:44.755Z,63963406000000,0x051C,0x0104,0,2,63,-6758,-6758,0,-44025,-43997,427295,44176498,1,0,0,0,3,4,0,0,0,15,15,0,1,427295,2,1,0,0,0,0,0,0,5,0,0,0,0,6,0x5AA5,-6758,24779,0,0,35488,2,2,2,4,255,0,4,15,0,0,1,0,0,0,0,0,0,0,6,0,0,-6700,44176498
2026-09-25T07:17:45.229Z,63963875000000,0x051C,0x0104,0,2,63,-1126,-1126,0,-44001,-44002,427300,44176999,1,0,0,0,3,4,0,0,0,15,15,0,1,427300,2,1,0,0,0,0,0,0,5,0,0,0,0,6,0x5AA5,-1126,-2253,0,0,35489,2,2,2,2,255,0,2,15,0,0,1,0,0,0,0,0,0,0,6,0,0,-1100,44176999
2026-09-25T07:17:45.763Z,63964406000000,0x051C,0x0104,0,2,63,-4505,-4505,0,-44005,-43999,427305,44177500,1,0,0,0,3,4,0,0,0,15,15,0,1,427305,2,1,0,0,0,0,0,0,5,0,0,0,0,6,0x5AA5,-4505,2253,0,0,35492,2,2,2,4,255,0,4,15,0,0,1,0,0,0,0,0,0,0,6,0,0,-4500,44177500
2026-09-25T07:17:46.238Z,63964890000000,0x051C,0x0104,0,2,63,3379,3379,0,-44006,-44006,427310,44178001,1,0,0,0,3,4,0,0,0,15,15,0,1,427310,2,1,0,0,0,0,0,0,5,0,0,0,0,6,0x5AA5,3379,3379,0,0,35494,2,4,2,4,255,0,4,15,0,0,1,0,0,0,0,0,0,0,6,0,0,3300,44178001
2026-09-25T07:17:46.755Z,63965406000000,0x051C,0x0104,0,2,63,0,0,0,-43998,-44003,427315,44178501,1,0,0,0,3,4,0,0,0,15,15,0,1,427315,2,1,0,0,0,0,0,0,5,0,0,0,0,6,0x5AA5,0,-5632,0,0,35495,2,3,2,2,255,0,2,15,0,0,1,0,0,0,0,0,0,0,6,0,0,0,44178501
2026-09-25T07:17:47.231Z,63965875000000,0x051C,0x0104,0,2,63,-5632,-5632,0,-43995,-43998,427320,44179002,1,0,0,0,3,4,0,0,0,15,15,0,1,427320,2,1,0,0,0,0,0,0,5,0,0,0,0,6,0x5AA5,-5632,-9011,0,0,35497,2,2,2,2,255,0,2,15,0,0,1,0,0,0,0,0,0,0,6,0,0,-5600,44179002
2026-09-25T07:17:47.766Z,63966406000000,0x051C,0x0104,0,2,63,-3379,-3379,0,-44010,-44000,427325,44179503,1,0,0,0,3,4,0,0,0,15,15,0,1,427325,2,1,0,0,0,0,0,0,5,0,0,0,0,6,0x5AA5,-3379,7884,0,0,35498,2,2,2,4,255,0,4,15,0,0,1,0,0,0,0,0,0,0,6,0,0,-3300,44179503
2026-09-25T07:17:48.238Z,63966890000000,0x051C,0x0104,0,2,63,2253,2253,0,-43994,-44005,427330,44180004,1,0,0,0,3,4,0,0,0,15,15,0,1,427330,2,1,0,0,0,0,0,0,5,0,0,0,0,6,0x5AA5,2253,-10137,0,0,35501,2,4,2,2,255,0,2,15,0,0,1,0,0,0,0,0,0,0,6,0,0,2200,44180004
2026-09-25T07:17:48.756Z,63967406000000,0x051C,0x0104,0,2,63,1126,1126,0,-44007,-44004,427335,44180505,1,0,0,0,3,4,0,0,0,15,15,0,1,427335,2,1,0,0,0,0,0,0,5,0,0,0,0,6,0x5AA5,1126,4505,0,0,35502,2,4,2,4,255,0,4,15,0,0,1,0,0,0,0,0,0,0,6,0,0,1100,44180505
2026-09-25T07:17:49.231Z,63967875000000,0x051C,0x0104,0,2,63,1126,1126,0,-44006,-44004,427340,44181006,1,0,0,0,3,4,0,0,0,15,15,0,1,427340,2,1,0,0,0,0,0,0,5,0,0,0,0,6,0x5AA5,1126,3379,0,0,35504,2,4,2,4,255,0,4,15,0,0,1,0,0,0,0,0,0,0,6,0,0,1100,44181006
2026-09-25T07:17:49.762Z,63968406000000,0x051C,0x0104,0,2,63,6758,6758,0,-44014,-44009,427345,44181507,1,0,0,0,3,4,0,0,0,15,15,0,1,427345,2,1,0,0,0,0,0,0,5,0,0,0,0,6,0x5AA5,6758,12390,0,0,35504,2,4,2,4,255,0,4,15,0,0,1,0,0,0,0,0,0,0,6,0,0,6700,44181507
2026-09-25T07:17:50.237Z,63968875000000,0x051C,0x0104,0,2,63,9011,9011,0,-44034,-44011,427350,44182007,1,0,0,0,3,4,0,0,0,15,15,0,1,427350,2,1,0,0,0,0,0,0,5,0,0,0,0,6,0x5AA5,9011,34916,0,0,35504,2,4,2,4,255,0,4,15,0,0,1,0,0,0,0,0,0,0,6,0,0,9000,44182007
2026-09-25T07:17:50.770Z,63969421000000,0x051C,0x0104,0,2,63,4505,4505,0,-43990,-44007,427355,44182508,1,0,0,0,3,4,0,0,0,15,15,0,1,427355,2,1,0,0,0,0,0,0,5,0,0,0,0,6,0x5AA5,4505,-14642,0,0,35505,2,4,2,2,255,0,2,15,0,0,1,0,0,0,0,0,0,0,6,0,0,4500,44182508
2026-09-25T07:17:51.247Z,63969890000000,0x051C,0x0104,0,2,63,2253,2253,0,-44002,-44005,427360,44183009,1,0,0,0,3,4,0,0,0,15,15,0,1,427360,2,1,0,0,0,0,0,0,5,0,0,0,0,6,0x5AA5,2253,-1126,0,0,35507,2,4,2,2,255,0,2,15,0,0,1,0,0,0,0,0,0,0,6,0,0,2200,44183009
2026-09-25T07:17:51.783Z,63970421000000,0x051C,0x0104,0,2,63,-1126,-1126,0,-44015,-44002,427365,44183510,1,0,0,0,3,4,0,0,0,15,15,0,1,427365,2,1,0,0,0,0,0,0,5,0,0,0,0,6,0x5AA5,-1126,13516,0,0,35510,2,2,2,4,255,0,4,15,0,0,1,0,0,0,0,0,0,0,6,0,0,-1100,44183510
2026-09-25T07:17:52.257Z,63970906000000,0x051C,0x0104,0,2,63,-1126,-1126,0,-44000,-44002,427370,44184011,1,0,0,0,3,4,0,0,0,15,15,0,1,427370,2,1,0,0,0,0,0,0,5,0,0,0,0,6,0x5AA5,-1126,-3379,0,0,35511,2,2,2,2,255,0,2,15,0,0,1,0,0,0,0,0,0,0,6,0,0,-1100,44184011
2026-09-25T07:17:52.775Z,63971421000000,0x051C,0x0104,0,2,63,0,0,0,-44010,-44003,427375,44184512,1,0,0,0,3,4,0,0,0,15,15,0,1,427375,2,1,0,0,0,0,0,0,5,0,0,0,0,6,0x5AA5,0,7884,0,0,35514,2,3,2,4,255,0,4,15,0,0,1,0,0,0,0,0,0,0,6,0,0,0,44184512
2026-09-25T07:17:53.250Z,63971890000000,0x051C,0x0104,0,2,63,3379,3379,0,-44003,-44006,427380,44185013,1,0,0,0,3,4,0,0,0,15,15,0,1,427380,2,1,0,0,0,0,0,0,5,0,0,0,0,6,0x5AA5,3379,0,0,0,35516,2,4,2,4,255,0,4,15,0,0,1,0,0,0,0,0,0,0,6,0,0,3300,44185013
2026-09-25T07:17:53.784Z,63972421000000,0x051C,0x0104,0,2,63,-1126,-1126,0,-43999,-44002,427385,44185513,1,0,0,0,3,4,0,0,0,15,15,0,1,427385,2,1,0,0,0,0,0,0,5,0,0,0,0,6,0x5AA5,-1126,-4505,0,0,35519,2,2,2,2,255,0,2,15,0,0,1,0,0,0,0,0,0,0,6,0,0,-1100,44185513
2026-09-25T07:17:54.258Z,63972906000000,0x051C,0x0104,0,2,63,3379,3379,0,-44005,-44006,427390,44186014,1,0,0,0,3,4,0,0,0,15,15,0,1,427390,2,1,0,0,0,0,0,0,5,0,0,0,0,6,0x5AA5,3379,2253,0,0,35520,2,4,2,4,255,0,4,15,0,0,1,0,0,0,0,0,0,0,6,0,0,3300,44186014
2026-09-25T07:17:54.791Z,63973437000000,0x051C,0x0104,0,2,63,1126,1126,0,-44003,-44004,427395,44186515,1,0,0,0,3,4,0,0,0,15,15,0,1,427395,2,1,0,0,0,0,0,0,5,0,0,0,0,6,0x5AA5,1126,0,0,0,35522,2,4,2,4,255,0,4,15,0,0,1,0,0,0,0,0,0,0,6,0,0,1100,44186515
2026-09-25T07:17:55.268Z,63973906000000,0x051C,0x0104,0,2,63,2253,2253,0,-43983,-44005,427400,44187016,1,0,0,0,3,4,0,0,0,15,15,0,1,427400,2,1,0,0,0,0,0,0,5,0,0,0,0,6,0x5AA5,2253,-22527,0,0,35523,2,4,2,2,255,0,2,15,0,0,1,0,0,0,0,0,0,0,6,0,0,2200,44187016
2026-09-25T07:17:55.801Z,63974453000000,0x051C,0x0104,0,2,63,-3379,-3379,0,-43999,-44000,427405,44187517,1,0,0,0,3,4,0,0,0,15,15,0,1,427405,2,1,0,0,0,0,0,0,5,0,0,0,0,6,0x5AA5,-3379,-4505,0,0,35523,2,2,2,2,255,0,2,15,0,0,1,0,0,0,0,0,0,0,6,0,0,-3300,44187517
2026-09-25T07:17:56.276Z,63974921000000,0x051C,0x0104,0,2,63,-2253,-2253,0,-43979,-44001,427410,44188017,1,0,0,0,3,4,0,0,0,15,15,0,1,427410,2,1,0,0,0,0,0,0,5,0,0,0,0,6,0x5AA5,-2253,-27032,0,0,35525,2,2,2,2,255,0,2,15,0,0,1,0,0,0,0,0,0,0,6,0,0,-2200,44188017
2026-09-25T07:17:56.812Z,63975453000000,0x051C,0x0104,0,2,63,-5632,-5632,0,-44004,-43998,427415,44188618,1,0,0,0,3,4,0,0,0,15,15,0,1,427416,2,1,0,0,0,0,0,0,5,0,0,0,0,6,0x5AA5,-6758,0,0,0,35526,2,2,2,4,255,0,4,15,0,0,1,0,0,0,0,0,0,0,6,0,0,-6700,44188518
2026-09-25T07:17:57.286Z,63975937000000,0x051C,0x0104,0,2,63,-4505,-4505,0,-44001,-43999,427420,44189119,1,0,0,0,3,4,0,0,0,15,15,0,1,427421,2,1,0,0,0,0,0,0,5,0,0,0,0,6,0x5AA5,-5632,1126,0,0,35528,2,2,2,4,255,0,4,15,0,0,1,0,0,0,0,0,0,0,6,0,0,-5600,44189019
2026-09-25T07:17:57.802Z,63976453000000,0x051C,0x0104,0,2,63,-4505,-4505,0,-44024,-43999,427425,44189520,1,0,0,0,3,4,0,0,0,15,15,0,1,427425,2,1,0,0,0,0,0,0,5,0,0,0,0,6,0x5AA5,-4505,23653,0,0,35530,2,2,2,4,255,0,4,15,0,0,1,0,0,0,0,0,0,0,6,0,0,-4500,44189520
2026-09-25T07:17:58.276Z,63976921000000,0x051C,0x0104,0,2,63,-4505,-4505,0,-44016,-43999,427430,44190021,1,0,0,0,3,4,0,0,0,15,15,0,1,427430,2,1,0,0,0,0,0,0,5,0,0,0,0,6,0x5AA5,-4505,14642,0,0,35532,2,2,2,4,255,0,4,15,0,0,1,0,0,0,0,0,0,0,6,0,0,-4500,44190021
2026-09-25T07:17:58.812Z,63977453000000,0x051C,0x0104,0,2,63,-3379,-3379,0,-44008,-44000,427435,44190522,1,0,0,0,3,4,0,0,0,15,15,0,1,427435,2,1,0,0,0,0,0,0,5,0,0,0,0,6,0x5AA5,-3379,5632,0,0,35534,2,2,2,4,255,0,4,15,0,0,1,0,0,0,0,0,0,0,6,0,0,-3300,44190522
2026-09-25T07:17:59.289Z,63977937000000,0x051C,0x0104,0,2,63,4505,4505,0,-43991,-44007,427440,44191123,1,0,0,0,3,4,0,0,0,15,15,0,1,427441,2,1,0,0,0,0,0,0,5,0,0,0,0,6,0x5AA5,3379,10137,0,0,35534,2,4,2,4,255,0,4,15,0,0,1,0,0,0,0,0,0,0,6,0,0,3300,44191023
2026-09-25T07:17:59.805Z,63978453000000,0x051C,0x0104,0,2,63,-5632,-5632,0,-43993,-43998,427445,44191524,1,0,0,0,3,4,0,0,0,15,15,0,1,427445,2,1,0,0,0,0,0,0,5,0,0,0,0,6,0x5AA5,-5632,-11263,0,0,35535,2,2,2,2,255,0,2,15,0,0,1,0,0,0,0,0,0,0,6,0,0,-5600,44191524
2026-09-25T07:18:00.279Z,63978921000000,0x051C,0x0104,0,2,63,-4505,-4505,0,-43994,-43999,427450,44192024,1,0,0,0,3,4,0,0,0,15,15,0,1,427450,2,1,0,0,0,0,0,0,5,0,0,0,0,6,0x5AA5,-4505,-10137,0,0,35537,2,2,2,2,255,0,2,15,0,0,1,0,0,0,0,0,0,0,6,0,0,-4500,44192024
2026-09-25T07:18:00.814Z,63979453000000,0x051C,0x0104,0,2,63,-5632,-5632,0,-43989,-43998,427455,44192525,1,0,0,0,3,4,0,0,0,15,15,0,1,427455,2,1,0,0,0,0,0,0,5,0,0,0,0,6,0x5AA5,-5632,-15769,0,0,35539,2,2,2,2,255,0,2,15,0,0,1,0,0,0,0,0,0,0,6,0,0,-5600,44192525
2026-09-25T07:18:01.292Z,63979937000000,0x051C,0x0104,0,2,63,-4505,-4505,0,-44001,-43999,427460,44193126,1,0,0,0,3,4,0,0,0,15,15,0,1,427461,2,1,0,0,0,0,0,0,5,0,0,0,0,6,0x5AA5,-6758,15769,0,0,35540,2,2,2,4,255,0,4,15,0,0,1,0,0,0,0,0,0,0,6,0,0,-6700,44193026
2026-09-25T07:18:01.811Z,63980453000000,0x051C,0x0104,0,2,63,-7884,-7884,0,-44004,-43996,427465,44193527,1,0,0,0,3,4,0,0,0,15,15,0,1,427465,2,1,0,0,0,0,0,0,5,0,0,0,0,6,0x5AA5,-7884,1126,0,0,35542,2,2,2,4,255,0,4,15,0,0,1,0,0,0,0,0,0,0,6,0,0,-7800,44193527
2026-09-25T07:18:02.284Z,63980921000000,0x051C,0x0104,0,2,63,-2253,-2253,0,-44009,-44001,427470,44194028,1,0,0,0,3,4,0,0,0,15,15,0,1,427470,2,1,0,0,0,0,0,0,5,0,0,0,0,6,0x5AA5,-2253,6758,0,0,35546,2,2,2,4,255,0,4,15,0,0,1,0,0,0,0,0,0,0,6,0,0,-2200,44194028
2026-09-25T07:18:02.821Z,63981468000000,0x051C,0x0104,0,2,63,-3379,-3379,0,-44012,-44000,427475,44194629,1,0,0,0,3,4,0,0,0,15,15,0,1,427476,2,1,0,0,0,0,0,0,5,0,0,0,0,6,0x5AA5,-4505,0,0,0,35547,2,2,2,2,255,0,2,15,0,0,1,0,0,0,0,0,0,0,6,0,0,-4500,44194529
2026-09-25T07:18:03.298Z,63981937000000,0x051C,0x0104,0,2,63,-1126,-1126,0,-44003,-44002,427480,44195130,1,0,0,0,3,4,0,0,0,15,15,0,1,427481,2,1,0,0,0,0,0,0,5,0,0,0,0,6,0x5AA5,-1126,-2253,0,0,35551,2,2,2,2,255,0,2,15,0,0,1,0,0,0,0,0,0,0,6,0,0,-1100,44195030
2026-09-25T07:18:03.835Z,63982484000000,0x051C,0x0104,0,2,63,1126,1126,0,-44002,-44004,427485,44195631,1,0,0,0,3,4,0,0,0,15,15,0,1,427486,2,1,0,0,0,0,0,0,5,0,0,0,0,6,0x5AA5,1126,-5632,0,0,35553,2,4,2,2,255,0,2,15,0,0,1,0,0,0,0,0,0,0,6,0,0,1100,44195531
2026-09-25T07:18:04.315Z,63982953000000,0x051C,0x0104,0,2,63,-1126,-1126,0,-43993,-44002,427490,44196136,1,0,0,0,3,4,0,0,0,15,15,0,1,427491,2,1,0,0,0,0,0,0,5,0,0,0,0,6,0x5AA5,0,-10137,0,0,35555,2,3,2,2,255,0,2,15,0,0,1,0,0,0,0,0,0,0,6,0,0,0,44196031
2026-09-25T07:18:04.845Z,63983484000000,0x051C,0x0104,0,2,63,-5632,-5632,0,-44002,-43998,427496,44196633,1,0,0,0,3,4,0,0,0,15,15,0,1,427496,2,1,0,0,0,0,0,0,5,0,0,0,0,6,0x5AA5,-5632,-1126,0,0,35555,2,2,2,2,255,0,2,15,0,0,1,0,0,0,0,0,0,0,6,0,0,-5600,44196633
2026-09-25T07:18:05.319Z,63983968000000,0x051C,0x0104,0,2,63,0,0,0,-44010,-44003,427501,44197133,1,0,0,0,3,4,0,0,0,15,15,0,1,427501,2,1,0,0,0,0,0,0,5,0,0,0,0,6,0x5AA5,0,7884,0,0,35556,2,3,2,4,255,0,4,15,0,0,1,0,0,0,0,0,0,0,6,0,0,0,44197133
2026-09-25T07:18:05.842Z,63984484000000,0x051C,0x0104,0,2,63,2253,2253,0,-43993,-44005,427505,44197637,1,0,0,0,3,4,0,0,0,15,15,0,1,427506,2,1,0,0,0,0,0,0,5,0,0,0,0,6,0x5AA5,2253,0,0,0,35558,2,4,2,4,255,0,4,15,0,0,1,0,0,0,0,0,0,0,6,0,0,2200,44197534
2026-09-25T07:18:06.318Z,63984968000000,0x051C,0x0104,0,2,63,0,0,0,-43989,-44003,427511,44198135,1,0,0,0,3,4,0,0,0,15,15,0,1,427511,2,1,0,0,0,0,0,0,5,0,0,0,0,6,0x5AA5,0,-15769,0,0,35561,2,3,2,2,255,0,2,15,0,0,1,0,0,0,0,0,0,0,6,0,0,0,44198135
2026-09-25T07:18:06.836Z,63985484000000,0x051C,0x0104,0,2,63,-1126,-1126,0,-43998,-44002,427515,44198636,1,0,0,0,3,4,0,0,0,15,15,0,1,427516,2,1,0,0,0,0,0,0,5,0,0,0,0,6,0x5AA5,-1126,2253,0,0,35564,2,2,2,4,255,0,4,15,0,0,1,0,0,0,0,0,0,0,6,0,0,-1100,44198536
2026-09-25T07:18:07.316Z,63985968000000,0x051C,0x0104,0,2,63,2253,2253,0,-43994,-44005,427520,44199138,1,0,0,0,3,4,0,0,0,15,15,0,1,427521,2,1,0,0,0,0,0,0,5,0,0,0,0,6,0x5AA5,4505,-16895,0,0,35567,2,4,2,2,255,0,2,15,0,0,1,0,0,0,0,0,0,0,6,0,0,4500,44199037
2026-09-25T07:18:07.840Z,63986484000000,0x051C,0x0104,0,2,63,3379,3379,0,-44023,-44006,427525,44199638,1,0,0,0,3,4,0,0,0,15,15,0,1,427526,2,1,0,0,0,0,0,0,5,0,0,0,0,6,0x5AA5,3379,2253,0,0,35568,2,4,2,4,255,0,4,15,0,0,1,0,0,0,0,0,0,0,6,0,0,3300,44199537
2026-09-25T07:18:08.319Z,63986968000000,0x051C,0x0104,0,2,63,9011,9011,0,-44020,-44011,427530,44200141,1,0,0,0,3,4,0,0,0,15,15,0,1,427531,2,1,0,0,0,0,0,0,5,0,0,0,0,6,0x5AA5,7884,20274,0,0,35568,2,4,2,4,255,0,4,15,0,0,1,0,0,0,0,0,0,0,6,0,0,7800,44200038
2026-09-25T07:18:08.834Z,63987484000000,0x051C,0x0104,0,2,63,5632,5632,0,-43986,-44008,427535,44200639,1,0,0,0,3,4,0,0,0,15,15,0,1,427536,2,1,0,0,0,0,0,0,5,0,0,0,0,6,0x5AA5,9011,-14642,0,0,35569,2,4,2,2,255,0,2,15,0,0,1,0,0,0,0,0,0,0,6,0,0,9000,44200539
2026-09-25T07:18:09.309Z,63987953000000,0x051C,0x0104,0,2,63,-1126,-1126,0,-43999,-44002,427540,44201140,1,0,0,0,3,4,0,0,0,15,15,0,1,427541,2,1,0,0,0,0,0,0,5,0,0,0,0,6,0x5AA5,0,2253,0,0,35570,2,3,2,4,255,0,4,15,0,0,1,0,0,0,0,0,0,0,6,0,0,0,44201040
2026-09-25T07:18:09.844Z,63988484000000,0x051C,0x0104,0,2,63,-3379,-3379,0,-44028,-44000,427545,44201641,1,0,0,0,3,4,0,0,0,15,15,0,1,427546,2,1,0,0,0,0,0,0,5,0,0,0,0,6,0x5AA5,-2253,-11263,0,0,35573,2,2,2,2,255,0,2,15,0,0,1,0,0,0,0,0,0,0,6,0,0,-2200,44201541
2026-09-25T07:18:10.322Z,63988968000000,0x051C,0x0104,0,2,63,1126,1126,0,-44013,-44004,427550,44202145,1,0,0,0,3,4,0,0,0,15,15,0,1,427551,2,1,0,0,0,0,0,0,5,0,0,0,0,6,0x5AA5,0,6758,0,0,35576,2,3,2,4,255,0,4,15,0,0,1,0,0,0,0,0,0,0,6,0,0,0,44202042
2026-09-25T07:18:10.842Z,63989484000000,0x051C,0x0104,0,2,63,0,0,0,-44021,-44003,427555,44202643,1,0,0,0,3,4,0,0,0,15,15,0,1,427556,2,1,0,0,0,0,0,0,5,0,0,0,0,6,0x5AA5,-1126,5632,0,0,35578,2,2,2,4,255,0,4,15,0,0,1,0,0,0,0,0,0,0,6,0,0,-1100,44202543
2026-09-25T07:18:11.322Z,63989968000000,0x051C,0x0104,0,2,63,2253,2253,0,-43992,-44005,427560,44203144,1,0,0,0,3,4,0,0,0,15,15,0,1,427561,2,1,0,0,0,0,0,0,5,0,0,0,0,6,0x5AA5,4505,-21400,0,0,35579,2,4,2,2,255,0,2,15,0,0,1,0,0,0,0,0,0,0,6,0,0,4500,44203043
2026-09-25T07:18:11.840Z,63990484000000,0x051C,0x0104,0,2,63,-2253,-2253,0,-43995,-44001,427565,44203644,1,0,0,0,3,4,0,0,0,15,15,0,1,427566,2,1,0,0,0,0,0,0,5,0,0,0,0,6,0x5AA5,-1126,-10137,0,0,35581,2,2,2,2,255,0,2,15,0,0,1,0,0,0,0,0,0,0,6,0,0,-1100,44203544
2026-09-25T07:18:12.315Z,63990953000000,0x051C,0x0104,0,2,63,-3379,-3379,0,-44004,-44000,427570,44204145,1,0,0,0,3,4,0,0,0,15,15,0,1,427571,2,1,0,0,0,0,0,0,5,0,0,0,0,6,0x5AA5,-3379,-3379,0,0,35581,2,2,2,2,255,0,2,15,0,0,1,0,0,0,0,0,0,0,6,0,0,-3300,44204045
2026-09-25T07:18:12.851Z,63991500000000,0x051C,0x0104,0,2,63,-3379,-3379,0,-44000,-44000,427575,44204648,1,0,0,0,3,4,0,0,0,15,15,0,1,427576,2,1,0,0,0,0,0,0,5,0,0,0,0,6,0x5AA5,-3379,7884,0,0,35584,2,2,2,4,255,0,4,15,0,0,1,0,0,0,0,0,0,0,6,0,0,-3300,44204546
2026-09-25T07:18:13.331Z,63991968000000,0x051C,0x0104,0,2,63,5632,5632,0,-44006,-44008,427581,44205147,1,0,0,0,3,4,0,0,0,15,15,0,1,427581,2,1,0,0,0,0,0,0,5,0,0,0,0,6,0x5AA5,5632,3379,0,0,35586,2,4,2,4,255,0,4,15,0,0,1,0,0,0,0,0,0,0,6,0,0,5600,44205147
2026-09-25T07:18:13.862Z,63992500000000,0x051C,0x0104,0,2,63,4505,4505,0,-43999,-44007,427586,44205648,1,0,0,0,3,4,0,0,0,15,15,0,1,427586,2,1,0,0,0,0,0,0,5,0,0,0,0,6,0x5AA5,4505,-4505,0,0,35589,2,4,2,2,255,0,2,15,0,0,1,0,0,0,0,0,0,0,6,0,0,4500,44205648
2026-09-25T07:18:14.336Z,63992984000000,0x051C,0x0104,0,2,63,0,0,0,-43986,-44003,427591,44206149,1,0,0,0,3,4,0,0,0,15,15,0,1,427591,2,1,0,0,0,0,0,0,5,0,0,0,0,6,0x5AA5,0,-19148,0,0,35591,2,3,2,2,255,0,2,15,0,0,1,0,0,0,0,0,0,0,6,0,0,0,44206149
2026-09-25T07:18:14.868Z,63993515000000,0x051C,0x0104,0,2,63,4505,4505,0,-44028,-44007,427596,44206650,1,0,0,0,3,4,0,0,0,15,15,0,1,427596,2,1,0,0,0,0,0,0,5,0,0,0,0,6,0x5AA5,4505,28158,0,0,35592,2,4,2,4,255,0,4,15,0,0,1,0,0,0,0,0,0,0,6,0,0,4500,44206650
2026-09-25T07:18:15.344Z,63993984000000,0x051C,0x0104,0,2,63,4505,4505,0,-43991,-44007,427601,44207151,1,0,0,0,3,4,0,0,0,15,15,0,1,427601,2,1,0,0,0,0,0,0,5,0,0,0,0,6,0x5AA5,4505,-13516,0,0,35593,2,4,2,2,255,0,2,15,0,0,1,0,0,0,0,0,0,0,6,0,0,4500,44207151
2026-09-25T07:18:15.880Z,63994531000000,0x051C,0x0104,0,2,63,-3379,-3379,0,-43989,-44000,427606,44207651,1,0,0,0,3,4,0,0,0,15,15,0,1,427606,2,1,0,0,0,0,0,0,5,0,0,0,0,6,0x5AA5,-3379,-15769,0,0,35593,2,2,2,2,255,0,2,15,0,0,1,0,0,0,0,0,0,0,6,0,0,-3300,44207651
2026-09-25T07:18:16.339Z,63994984000000,0x051C,0x0104,0,2,63,-2253,-2253,0,-43998,-44001,427611,44208153,1,0,0,0,3,4,0,0,0,15,15,0,1,427611,2,1,0,0,0,0,0,0,5,0,0,0,0,6,0x5AA5,-2253,-5632,0,0,35597,2,2,2,2,255,0,2,15,0,0,1,0,0,0,0,0,0,0,6,0,0,-2200,44208153
2026-09-25T07:18:16.874Z,63995515000000,0x051C,0x0104,0,2,63,-3379,-3379,0,-44006,-44000,427616,44208653,1,0,0,0,3,4,0,0,0,15,15,0,1,427616,2,1,0,0,0,0,0,0,5,0,0,0,0,6,0x5AA5,-3379,3379,0,0,35600,2,2,2,4,255,0,4,15,0,0,1,0,0,0,0,0,0,0,6,0,0,-3300,44208653
2026-09-25T07:18:17.352Z,63996000000000,0x051C,0x0104,0,2,63,5632,5632,0,-44021,-44008,427621,44209154,1,0,0,0,3,4,0,0,0,15,15,0,1,427621,2,1,0,0,0,0,0,0,5,0,0,0,0,6,0x5AA5,5632,20274,0,0,35600,2,4,2,4,255,0,4,15,0,0,1,0,0,0,0,0,0,0,6,0,0,5600,44209154
2026-09-25T07:18:17.869Z,63996515000000,0x051C,0x0104,0,2,63,11263,11263,0,-44021,-44013,427626,44209655,1,0,0,0,3,4,0,0,0,15,15,0,1,427626,2,1,0,0,0,0,0,0,5,0,0,0,0,6,0x5AA5,11263,20274,0,0,35602,2,4,2,4,255,0,4,15,0,0,1,0,0,0,0,0,0,0,6,0,0,11200,44209655
2026-09-25T07:18:18.346Z,63996984000000,0x051C,0x0104,0,2,63,11263,11263,0,-44011,-44013,427631,44210156,1,0,0,0,3,4,0,0,0,15,15,0,1,427631,2,1,0,0,0,0,0,0,5,0,0,0,0,6,0x5AA5,11263,9011,0,0,35602,2,4,2,4,255,0,4,15,0,0,1,0,0,0,0,0,0,0,6,0,0,11200,44210156
2026-09-25T07:18:18.880Z,63997531000000,0x051C,0x0104,0,2,63,12390,12390,0,-44023,-44014,427636,44210657,1,0,0,0,3,4,0,0,0,15,15,0,1,427636,2,1,0,0,0,0,0,0,5,0,0,0,0,6,0x5AA5,12390,22527,0,0,35602,2,4,2,4,255,0,4,15,0,0,1,0,0,0,0,0,0,0,6,0,0,12300,44210657
2026-09-25T07:18:19.354Z,63998000000000,0x051C,0x0104,0,2,63,14642,14642,0,-44003,-44016,427641,44211157,1,0,0,0,3,4,0,0,0,15,15,0,1,427641,2,1,0,0,0,0,0,0,5,0,0,0,0,6,0x5AA5,14642,0,0,0,35602,2,4,2,4,255,0,4,15,0,0,1,0,0,0,0,0,0,0,6,0,0,14600,44211157
2026-09-25T07:18:19.885Z,63998531000000,0x051C,0x0104,0,2,63,7884,7884,0,-44000,-44010,427646,44211658,1,0,0,0,3,4,0,0,0,15,15,0,1,427646,2,1,0,0,0,0,0,0,5,0,0,0,0,6,0x5AA5,7884,-3379,0,0,35605,2,4,2,2,255,0,2,15,0,0,1,0,0,0,0,0,0,0,6,0,0,7800,44211658
2026-09-25T07:18:20.359Z,63999000000000,0x051C,0x0104,0,2,63,2253,2253,0,-44005,-44005,427651,44212159,1,0,0,0,3,4,0,0,0,15,15,0,1,427651,2,1,0,0,0,0,0,0,5,0,0,0,0,6,0x5AA5,2253,2253,0,0,35608,2,4,2,4,255,0,4,15,0,0,1,0,0,0,0,0,0,0,6,0,0,2200,44212159
2026-09-25T07:18:20.892Z,63999531000000,0x051C,0x0104,0,2,63,2253,2253,0,-44004,-44005,427656,44212660,1,0,0,0,3,4,0,0,0,15,15,0,1,427656,2,1,0,0,0,0,0,0,5,0,0,0,0,6,0x5AA5,2253,1126,0,0,35612,2,4,2,4,255,0,4,15,0,0,1,0,0,0,0,0,0,0,6,0,0,2200,44212660
2026-09-25T07:18:21.367Z,64000015000000,0x051C,0x0104,0,2,63,5632,5632,0,-44019,-44008,427661,44213161,1,0,0,0,3,4,0,0,0,15,15,0,1,427661,2,1,0,0,0,0,0,0,5,0,0,0,0,6,0x5AA5,5632,18021,0,0,35614,2,4,2,4,255,0,4,15,0,0,1,0,0,0,0,0,0,0,6,0,0,5600,44213161
2026-09-25T07:18:21.881Z,64000531000000,0x051C,0x0104,0,2,63,5632,5632,0,-44012,-44008,427666,44213662,1,0,0,0,3,4,0,0,0,15,15,0,1,427666,2,1,0,0,0,0,0,0,5,0,0,0,0,6,0x5AA5,5632,10137,0,0,35614,2,4,2,4,255,0,4,15,0,0,1,0,0,0,0,0,0,0,6,0,0,5600,44213662
2026-09-25T07:18:22.356Z,64001000000000,0x051C,0x0104,0,2,63,6758,6758,0,-44004,-44009,427671,44214162,1,0,0,0,3,4,0,0,0,15,15,0,1,427671,2,1,0,0,0,0,0,0,5,0,0,0,0,6,0x5AA5,6758,1126,0,0,35614,2,4,2,4,255,0,4,15,0,0,1,0,0,0,0,0,0,0,6,0,0,6700,44214162
2026-09-25T07:18:22.889Z,64001531000000,0x051C,0x0104,0,2,63,2253,2253,0,-44008,-44005,427676,44214663,1,0,0,0,3,4,0,0,0,15,15,0,1,427676,2,1,0,0,0,0,0,0,5,0,0,0,0,6,0x5AA5,2253,5632,0,0,35616,2,4,2,4,255,0,4,15,0,0,1,0,0,0,0,0,0,0,6,0,0,2200,44214663
2026-09-25T07:18:23.362Z,64002000000000,0x051C,0x0104,0,2,63,5632,5632,0,-44009,-44008,427681,44215164,1,0,0,0,3,4,0,0,0,15,15,0,1,427681,2,1,0,0,0,0,0,0,5,0,0,0,0,6,0x5AA5,5632,6758,0,0,35616,2,4,2,4,255,0,4,15,0,0,1,0,0,0,0,0,0,0,6,0,0,5600,44215164
2026-09-25T07:18:23.892Z,64002531000000,0x051C,0x0104,0,2,63,5632,5632,0,-44002,-44008,427686,44215665,1,0,0,0,3,4,0,0,0,15,15,0,1,427686,2,1,0,0,0,0,0,0,5,0,0,0,0,6,0x5AA5,5632,-1126,0,0,35619,2,4,2,2,255,0,2,15,0,0,1,0,0,0,0,0,0,0,6,0,0,5600,44215665
2026-09-25T07:18:24.367Z,64003015000000,0x051C,0x0104,0,2,63,2253,2253,0,-44010,-44005,427691,44216166,1,0,0,0,3,4,0,0,0,15,15,0,1,427691,2,1,0,0,0,0,0,0,5,0,0,0,0,6,0x5AA5,2253,7884,0,0,35620,2,4,2,4,255,0,4,15,0,0,1,0,0,0,0,0,0,0,6,0,0,2200,44216166
2026-09-25T07:18:24.883Z,64003531000000,0x051C,0x0104,0,2,63,7884,7884,0,-43998,-44010,427696,44216667,1,0,0,0,3,4,0,0,0,15,15,0,1,427696,2,1,0,0,0,0,0,0,5,0,0,0,0,6,0x5AA5,7884,-5632,0,0,35623,2,4,2,2,255,0,2,15,0,0,1,0,0,0,0,0,0,0,6,0,0,7800,44216667
2026-09-25T07:18:25.357Z,64004000000000,0x051C,0x0104,0,2,63,11263,11263,0,-44026,-44013,427701,44217167,1,0,0,0,3,4,0,0,0,15,15,0,1,427701,2,1,0,0,0,0,0,0,5,0,0,0,0,6,0x5AA5,11263,25906,0,0,35624,2,4,2,4,255,0,4,15,0,0,1,0,0,0,0,0,0,0,6,0,0,11200,44217167
2026-09-25T07:18:25.888Z,64004531000000,0x051C,0x0104,0,2,63,7884,7884,0,-44005,-44010,427706,44217668,1,0,0,0,3,4,0,0,0,15,15,0,1,427706,2,1,0,0,0,0,0,0,5,0,0,0,0,6,0x5AA5,7884,2253,0,0,35626,2,4,2,4,255,0,4,15,0,0,1,0,0,0,0,0,0,0,6,0,0,7800,44217668
2026-09-25T07:18:26.362Z,64005000000000,0x051C,0x0104,0,2,63,6758,6758,0,-44009,-44009,427711,44218169,1,0,0,0,3,4,0,0,0,15,15,0,1,427711,2,1,0,0,0,0,0,0,5,0,0,0,0,6,0x5AA5,6758,6758,0,0,35626,2,4,2,4,255,0,4,15,0,0,1,0,0,0,0,0,0,0,6,0,0,6700,44218169
2026-09-25T07:18:26.894Z,64005546000000,0x051C,0x0104,0,2,63,1126,1126,0,-44003,-44004,427716,44218670,1,0,0,0,3,4,0,0,0,15,15,0,1,427716,2,1,0,0,0,0,0,0,5,0,0,0,0,6,0x5AA5,1126,0,0,0,35629,2,4,2,2,255,0,2,15,0,0,1,0,0,0,0,0,0,0,6,0,0,1100,44218670
2026-09-25T07:18:27.371Z,64006015000000,0x051C,0x0104,0,2,63,3379,3379,0,-44005,-44006,427721,44219171,1,0,0,0,3,4,0,0,0,15,15,0,1,427721,2,1,0,0,0,0,0,0,5,0,0,0,0,6,0x5AA5,3379,2253,0,0,35630,2,4,2,4,255,0,4,15,0,0,1,0,0,0,0,0,0,0,6,0,0,3300,44219171
2026-09-25T07:18:27.902Z,64006546000000,0x051C,0x0104,0,2,63,0,0,0,-44007,-44003,427726,44219672,1,0,0,0,3,4,0,0,0,15,15,0,1,427726,2,1,0,0,0,0,0,0,5,0,0,0,0,6,0x5AA5,0,4505,0,0,35632,2,3,2,4,255,0,4,15,0,0,1,0,0,0,0,0,0,0,6,0,0,0,44219672
2026-09-25T07:18:28.376Z,64007015000000,0x051C,0x0104,0,2,63,-4505,-4505,0,-43996,-43999,427731,44220173,1,0,0,0,3,4,0,0,0,15,15,0,1,427731,2,1,0,0,0,0,0,0,5,0,0,0,0,6,0x5AA5,-4505,-7884,0,0,35633,2,2,2,2,255,0,2,15,0,0,1,0,0,0,0,0,0,0,6,0,0,-4500,44220173
2026-09-25T07:18:28.907Z,64007546000000,0x051C,0x0104,0,2,63,-2253,-2253,0,-44017,-44001,427736,44220673,1,0,0,0,3,4,0,0,0,15,15,0,1,427736,2,1,0,0,0,0,0,0,5,0,0,0,0,6,0x5AA5,-2253,15769,0,0,35634,2,2,2,4,255,0,4,15,0,0,1,0,0,0,0,0,0,0,6,0,0,-2200,44220673
2026-09-25T07:18:29.382Z,64008031000000,0x051C,0x0104,0,2,63,-2253,-2253,0,-44013,-44001,427741,44221174,1,0,0,0,3,4,0,0,0,15,15,0,1,427741,2,1,0,0,0,0,0,0,5,0,0,0,0,6,0x5AA5,-2253,11263,0,0,35636,2,2,2,4,255,0,4,15,0,0,1,0,0,0,0,0,0,0,6,0,0,-2200,44221174
2026-09-25T07:18:29.900Z,64008546000000,0x051C,0x0104,0,2,63,-1126,-1126,0,-43988,-44002,427746,44221675,1,0,0,0,3,4,0,0,0,15,15,0,1,427746,2,1,0,0,0,0,0,0,5,0,0,0,0,6,0x5AA5,-1126,-16895,0,0,35639,2,2,2,2,255,0,2,15,0,0,1,0,0,0,0,0,0,0,6,0,0,-1100,44221675
2026-09-25T07:18:30.375Z,64009015000000,0x051C,0x0104,0,2,63,-4505,-4505,0,-44001,-43999,427751,44222176,1,0,0,0,3,4,0,0,0,15,15,0,1,427751,2,1,0,0,0,0,0,0,5,0,0,0,0,6,0x5AA5,-4505,-2253,0,0,35641,2,2,2,2,255,0,2,15,0,0,1,0,0,0,0,0,0,0,6,0,0,-4500,44222176
2026-09-25T07:18:30.907Z,64009546000000,0x051C,0x0104,0,2,63,-7884,-7884,0,-44003,-43996,427756,44222677,1,0,0,0,3,4,0,0,0,15,15,0,1,427756,2,1,0,0,0,0,0,0,5,0,0,0,0,6,0x5AA5,-7884,0,0,0,35643,2,2,2,2,255,0,2,15,0,0,1,0,0,0,0,0,0,0,6,0,0,-7800,44222677
2026-09-25T07:18:31.383Z,64010031000000,0x051C,0x0104,0,2,63,-1126,-1126,0,-44016,-44002,427761,44223177,1,0,0,0,3,4,0,0,0,15,15,0,1,427761,2,1,0,0,0,0,0,0,5,0,0,0,0,6,0x5AA5,-1126,14642,0,0,35646,2,2,2,4,255,0,4,15,0,0,1,0,0,0,0,0,0,0,6,0,0,-1100,44223177
2026-09-25T07:18:31.901Z,64010546000000,0x051C,0x0104,0,2,63,4505,4505,0,-44004,-44007,427766,44223678,1,0,0,0,3,4,0,0,0,15,15,0,1,427766,2,1,0,0,0,0,0,0,5,0,0,0,0,6,0x5AA5,4505,1126,0,0,35648,2,4,2,4,255,0,4,15,0,0,1,0,0,0,0,0,0,0,6,0,0,4500,44223678
2026-09-25T07:18:32.376Z,64011015000000,0x051C,0x0104,0,2,63,4505,4505,0,-44008,-44007,427771,44224179,1,0,0,0,3,4,0,0,0,15,15,0,1,427771,2,1,0,0,0,0,0,0,5,0,0,0,0,6,0x5AA5,4505,5632,0,0,35650,2,4,2,4,255,0,4,15,0,0,1,0,0,0,0,0,0,0,6,0,0,4500,44224179
2026-09-25T07:18:32.908Z,64011546000000,0x051C,0x0104,0,2,63,6758,6758,0,-43998,-44009,427776,44224680,1,0,0,0,3,4,0,0,0,15,15,0,1,427776,2,1,0,0,0,0,0,0,5,0,0,0,0,6,0x5AA5,6758,-5632,0,0,35651,2,4,2,2,255,0,2,15,0,0,1,0,0,0,0,0,0,0,6,0,0,6700,44224680
2026-09-25T07:18:33.383Z,64012031000000,0x051C,0x0104,0,2,63,4505,4505,0,-43982,-44007,427781,44225181,1,0,0,0,3,4,0,0,0,15,15,0,1,427781,2,1,0,0,0,0,0,0,5,0,0,0,0,6,0x5AA5,4505,-23653,0,0,35653,2,4,2,2,255,0,2,15,0,0,1,0,0,0,0,0,0,0,6,0,0,4500,44225181
2026-09-25T07:18:33.900Z,64012546000000,0x051C,0x0104,0,2,63,-5632,-5632,0,-43998,-43998,427786,44225682,1,0,0,0,3,4,0,0,0,15,15,0,1,427786,2,1,0,0,0,0,0,0,5,0,0,0,0,6,0x5AA5,-5632,-5632,0,0,35653,2,2,2,2,255,0,2,15,0,0,1,0,0,0,0,0,0,0,6,0,0,-5600,44225682
2026-09-25T07:18:34.375Z,64013015000000,0x051C,0x0104,0,2,63,-3379,-3379,0,-43997,-44000,427791,44226182,1,0,0,0,3,4,0,0,0,15,15,0,1,427791,2,1,0,0,0,0,0,0,5,0,0,0,0,6,0x5AA5,-3379,-6758,0,0,35655,2,2,2,2,255,0,2,15,0,0,1,0,0,0,0,0,0,0,6,0,0,-3300,44226182
2026-09-25T07:18:34.907Z,64013546000000,0x051C,0x0104,0,2,63,-9011,-9011,0,-43992,-43995,427796,44226683,1,0,0,0,3,4,0,0,0,15,15,0,1,427796,2,1,0,0,0,0,0,0,5,0,0,0,0,6,0x5AA5,-9011,-12390,0,0,35655,2,2,2,2,255,0,2,15,0,0,1,0,0,0,0,0,0,0,6,0,0,-9000,44226683
2026-09-25T07:18:35.382Z,64014031000000,0x051C,0x0104,0,2,63,-3379,-3379,0,-43997,-44000,427801,44227184,1,0,0,0,3,4,0,0,0,15,15,0,1,427801,2,1,0,0,0,0,0,0,5,0,0,0,0,6,0x5AA5,-3379,-6758,0,0,35657,2,2,2,2,255,0,2,15,0,0,1,0,0,0,0,0,0,0,6,0,0,-3300,44227184
2026-09-25T07:18:35.899Z,64014546000000,0x051C,0x0104,0,2,63,-6758,-6758,0,-43983,-43997,427806,44227685,1,0,0,0,3,4,0,0,0,15,15,0,1,427806,2,1,0,0,0,0,0,0,5,0,0,0,0,6,0x5AA5,-6758,-22527,0,0,35659,2,2,2,2,255,0,2,15,0,0,1,0,0,0,0,0,0,0,6,0,0,-6700,44227685
2026-09-25T07:18:36.374Z,64015015000000,0x051C,0x0104,0,2,63,-11263,-11263,0,-43985,-43993,427811,44228186,1,0,0,0,3,4,0,0,0,15,15,0,1,427811,2,1,0,0,0,0,0,0,5,0,0,0,0,6,0x5AA5,-11263,-20274,0,0,35659,2,2,2,2,255,0,2,15,0,0,1,0,0,0,0,0,0,0,6,0,0,-11200,44228186
2026-09-25T07:18:36.908Z,64015546000000,0x051C,0x0104,0,2,63,-14642,-14642,0,-43986,-43990,427816,44228687,1,0,0,0,3,4,0,0,0,15,15,0,1,427816,2,1,0,0,0,0,0,0,5,0,0,0,0,6,0x5AA5,-14642,-19148,0,0,35659,2,2,2,2,255,0,2,15,0,0,1,0,0,0,0,0,0,0,6,0,0,-14600,44228687
2026-09-25T07:18:37.385Z,64016031000000,0x051C,0x0104,0,2,63,-14642,-14642,0,-44005,-43990,427821,44229187,1,0,0,0,3,4,0,0,0,15,15,0,1,427821,2,1,0,0,0,0,0,0,5,0,0,0,0,6,0x5AA5,-14642,2253,0,0,35660,2,2,2,4,255,0,4,15,0,0,1,0,0,0,0,0,0,0,6,0,0,-14600,44229187
2026-09-25T07:18:37.920Z,64016562000000,0x051C,0x0104,0,2,63,-7884,-7884,0,-43995,-43996,427826,44229688,1,0,0,0,3,4,0,0,0,15,15,0,1,427826,2,1,0,0,0,0,0,0,5,0,0,0,0,6,0x5AA5,-7884,-9011,0,0,35661,2,2,2,2,255,0,2,15,0,0,1,0,0,0,0,0,0,0,6,0,0,-7800,44229688
2026-09-25T07:18:38.395Z,64017046000000,0x051C,0x0104,0,2,63,-5632,-5632,0,-44010,-43998,427831,44230189,1,0,0,0,3,4,0,0,0,15,15,0,1,427831,2,1,0,0,0,0,0,0,5,0,0,0,0,6,0x5AA5,-5632,7884,0,0,35662,2,2,2,4,255,0,4,15,0,0,1,0,0,0,0,0,0,0,6,0,0,-5600,44230189
2026-09-25T07:18:38.913Z,64017562000000,0x051C,0x0104,0,2,63,-3379,-3379,0,-43998,-44000,427836,44230690,1,0,0,0,3,4,0,0,0,15,15,0,1,427836,2,1,0,0,0,0,0,0,5,0,0,0,0,6,0x5AA5,-3379,-5632,0,0,35665,2,2,2,2,255,0,2,15,0,0,1,0,0,0,0,0,0,0,6,0,0,-3300,44230690
2026-09-25T07:18:39.390Z,64018031000000,0x051C,0x0104,0,2,63,-1126,-1126,0,-44004,-44002,427841,44231191,1,0,0,0,3,4,0,0,0,15,15,0,1,427841,2,1,0,0,0,0,0,0,5,0,0,0,0,6,0x5AA5,-1126,1126,0,0,35668,2,2,2,4,255,0,4,15,0,0,1,0,0,0,0,0,0,0,6,0,0,-1100,44231191
2026-09-25T07:18:39.921Z,64018562000000,0x051C,0x0104,0,2,63,-4505,-4505,0,-44007,-43999,427846,44231692,1,0,0,0,3,4,0,0,0,15,15,0,1,427846,2,1,0,0,0,0,0,0,5,0,0,0,0,6,0x5AA5,-4505,4505,0,0,35670,2,2,2,4,255,0,4,15,0,0,1,0,0,0,0,0,0,0,6,0,0,-4500,44231692
2026-09-25T07:18:40.396Z,64019046000000,0x051C,0x0104,0,2,63,-5632,-5632,0,-44003,-43998,427851,44232193,1,0,0,0,3,4,0,0,0,15,15,0,1,427851,2,1,0,0,0,0,0,0,5,0,0,0,0,6,0x5AA5,-5632,0,0,0,35671,2,2,2,2,255,0,2,15,0,0,1,0,0,0,0,0,0,0,6,0,0,-5600,44232193
2026-09-25T07:18:40.914Z,64019562000000,0x051C,0x0104,0,2,63,-4505,-4505,0,-43995,-43999,427856,44232693,1,0,0,0,3,4,0,0,0,15,15,0,1,427856,2,1,0,0,0,0,0,0,5,0,0,0,0,6,0x5AA5,-4505,-9011,0,0,35673,2,2,2,2,255,0,2,15,0,0,1,0,0,0,0,0,0,0,6,0,0,-4500,44232693
2026-09-25T07:18:41.389Z,64020031000000,0x051C,0x0104,0,2,63,-4505,-4505,0,-44016,-43999,427861,44233194,1,0,0,0,3,4,0,0,0,15,15,0,1,427861,2,1,0,0,0,0,0,0,5,0,0,0,0,6,0x5AA5,-4505,14642,0,0,35674,2,2,2,4,255,0,4,15,0,0,1,0,0,0,0,0,0,0,6,0,0,-4500,44233194
2026-09-25T07:18:41.923Z,64020562000000,0x051C,0x0104,0,2,63,1126,1126,0,-44003,-44004,427866,44233695,1,0,0,0,3,4,0,0,0,15,15,0,1,427866,2,1,0,0,0,0,0,0,5,0,0,0,0,6,0x5AA5,1126,0,0,0,35675,2,4,2,2,255,0,2,15,0,0,1,0,0,0,0,0,0,0,6,0,0,1100,44233695
2026-09-25T07:18:42.399Z,64021046000000,0x051C,0x0104,0,2,63,-4505,-4505,0,-43985,-43999,427871,44234196,1,0,0,0,3,4,0,0,0,15,15,0,1,427871,2,1,0,0,0,0,0,0,5,0,0,0,0,6,0x5AA5,-4505,-20274,0,0,35677,2,2,2,2,255,0,2,15,0,0,1,0,0,0,0,0,0,0,6,0,0,-4500,44234196
2026-09-25T07:18:42.917Z,64021562000000,0x051C,0x0104,0,2,63,-5632,-5632,0,-43996,-43998,427876,44234697,1,0,0,0,3,4,0,0,0,15,15,0,1,427876,2,1,0,0,0,0,0,0,5,0,0,0,0,6,0x5AA5,-5632,-7884,0,0,35677,2,2,2,2,255,0,2,15,0,0,1,0,0,0,0,0,0,0,6,0,0,-5600,44234697
2026-09-25T07:18:43.393Z,64022031000000,0x051C,0x0104,0,2,63,-5632,-5632,0,-43997,-43998,427881,44235198,1,0,0,0,3,4,0,0,0,15,15,0,1,427881,2,1,0,0,0,0,0,0,5,0,0,0,0,6,0x5AA5,-5632,-6758,0,0,35677,2,2,2,2,255,0,2,15,0,0,1,0,0,0,0,0,0,0,6,0,0,-5600,44235198
2026-09-25T07:18:43.926Z,64022578000000,0x051C,0x0104,0,2,63,-2253,-2253,0,-43991,-44001,427886,44235698,1,0,0,0,3,4,0,0,0,15,15,0,1,427886,2,1,0,0,0,0,0,0,5,0,0,0,0,6,0x5AA5,-2253,-13516,0,0,35679,2,2,2,2,255,0,2,15,0,0,1,0,0,0,0,0,0,0,6,0,0,-2200,44235698
2026-09-25T07:18:44.385Z,64023031000000,0x051C,0x0104,0,2,63,-5632,-5632,0,-43999,-43998,427891,44236199,1,0,0,0,3,4,0,0,0,15,15,0,1,427891,2,1,0,0,0,0,0,0,5,0,0,0,0,6,0x5AA5,-5632,-4505,0,0,35679,2,2,2,2,255,0,2,15,0,0,1,0,0,0,0,0,0,0,6,0,0,-5600,44236199
2026-09-25T07:18:44.919Z,64023562000000,0x051C,0x0104,0,2,63,-9011,-9011,0,-43993,-43995,427896,44236700,1,0,0,0,3,4,0,0,0,15,15,0,1,427896,2,1,0,0,0,0,0,0,5,0,0,0,0,6,0x5AA5,-9011,-11263,0,0,35679,2,2,2,2,255,0,2,15,0,0,1,0,0,0,0,0,0,0,6,0,0,-9000,44236700
2026-09-25T07:18:45.395Z,64024046000000,0x051C,0x0104,0,2,63,-6758,-6758,0,-44000,-43997,427901,44237201,1,0,0,0,3,4,0,0,0,15,15,0,1,427901,2,1,0,0,0,0,0,0,5,0,0,0,0,6,0x5AA5,-6758,-3379,0,0,35679,2,2,2,2,255,0,2,15,0,0,1,0,0,0,0,0,0,0,6,0,0,-6700,44237201
2026-09-25T07:18:45.914Z,64024562000000,0x051C,0x0104,0,2,63,-3379,-3379,0,-44000,-44000,427906,44237702,1,0,0,0,3,4,0,0,0,15,15,0,1,427906,2,1,0,0,0,0,0,0,5,0,0,0,0,6,0x5AA5,-3379,-3379,0,0,35681,2,2,2,2,255,0,2,15,0,0,1,0,0,0,0,0,0,0,6,0,0,-3300,44237702
2026-09-25T07:18:46.391Z,64025031000000,0x051C,0x0104,0,2,63,-6758,-6758,0,-43984,-43997,427911,44238203,1,0,0,0,3,4,0,0,0,15,15,0,1,427911,2,1,0,0,0,0,0,0,5,0,0,0,0,6,0x5AA5,-6758,-21400,0,0,35683,2,2,2,2,255,0,2,15,0,0,1,0,0,0,0,0,0,0,6,0,0,-6700,44238203
2026-09-25T07:18:46.923Z,64025562000000,0x051C,0x0104,0,2,63,-7884,-7884,0,-43979,-43996,427916,44238704,1,0,0,0,3,4,0,0,0,15,15,0,1,427916,2,1,0,0,0,0,0,0,5,0,0,0,0,6,0x5AA5,-7884,-27032,0,0,35685,2,2,2,2,255,0,2,15,0,0,1,0,0,0,0,0,0,0,6,0,0,-7800,44238704
2026-09-25T07:18:47.399Z,64026046000000,0x051C,0x0104,0,2,63,-7884,-7884,0,-44004,-43996,427921,44239205,1,0,0,0,3,4,0,0,0,15,15,0,1,427921,2,1,0,0,0,0,0,0,5,0,0,0,0,6,0x5AA5,-7884,1126,0,0,35688,2,2,2,4,255,0,4,15,0,0,1,0,0,0,0,0,0,0,6,0,0,-7800,44239205
2026-09-25T07:18:47.931Z,64026578000000,0x051C,0x0104,0,2,63,-9011,-9011,0,-43987,-43995,427926,44239706,1,0,0,0,3,4,0,0,0,15,15,0,1,427926,2,1,0,0,0,0,0,0,5,0,0,0,0,6,0x5AA5,-9011,-18021,0,0,35689,2,2,2,2,255,0,2,15,0,0,1,0,0,0,0,0,0,0,6,0,0,-9000,44239706
2026-09-25T07:18:48.405Z,64027046000000,0x051C,0x0104,0,2,63,-12390,-12390,0,-44009,-43992,427931,44240206,1,0,0,0,3,4,0,0,0,15,15,0,1,427931,2,1,0,0,0,0,0,0,5,0,0,0,0,6,0x5AA5,-12390,6758,0,0,35690,2,2,2,4,255,0,4,15,0,0,1,0,0,0,0,0,0,0,6,0,0,-12300,44240206
2026-09-25T07:18:48.937Z,64027578000000,0x051C,0x0104,0,2,63,-6758,-6758,0,-44007,-43997,427936,44240707,1,0,0,0,3,4,0,0,0,15,15,0,1,427936,2,1,0,0,0,0,0,0,5,0,0,0,0,6,0x5AA5,-6758,4505,0,0,35694,2,2,2,4,255,0,4,15,0,0,1,0,0,0,0,0,0,0,6,0,0,-6700,44240707
2026-09-25T07:18:49.412Z,64028062000000,0x051C,0x0104,0,2,63,-7884,-7884,0,-44003,-43996,427941,44241208,1,0,0,0,3,4,0,0,0,15,15,0,1,427941,2,1,0,0,0,0,0,0,5,0,0,0,0,6,0x5AA5,-7884,0,0,0,35695,2,2,2,2,255,0,2,15,0,0,1,0,0,0,0,0,0,0,6,0,0,-7800,44241208
2026-09-25T07:18:49.928Z,64028578000000,0x051C,0x0104,0,2,63,-6758,-6758,0,-43990,-43997,427946,44241709,1,0,0,0,3,4,0,0,0,15,15,0,1,427946,2,1,0,0,0,0,0,0,5,0,0,0,0,6,0x5AA5,-6758,-14642,0,0,35697,2,2,2,2,255,0,2,15,0,0,1,0,0,0,0,0,0,0,6,0,0,-6700,44241709
2026-09-25T07:18:50.402Z,64029046000000,0x051C,0x0104,0,2,63,-11263,-11263,0,-44009,-43993,427951,44242210,1,0,0,0,3,4,0,0,0,15,15,0,1,427951,2,1,0,0,0,0,0,0,5,0,0,0,0,6,0x5AA5,-11263,6758,0,0,35698,2,2,2,4,255,0,4,15,0,0,1,0,0,0,0,0,0,0,6,0,0,-11200,44242210
2026-09-25T07:18:50.936Z,64029578000000,0x051C,0x0104,0,2,63,-6758,-6758,0,-44000,-43997,427956,44242711,1,0,0,0,3,4,0,0,0,15,15,0,1,427956,2,1,0,0,0,0,0,0,5,0,0,0,0,6,0x5AA5,-6758,-3379,0,0,35701,2,2,2,2,255,0,2,15,0,0,1,0,0,0,0,0,0,0,6,0,0,-6700,44242711
2026-09-25T07:18:51.410Z,64030062000000,0x051C,0x0104,0,2,63,-6758,-6758,0,-44006,-43997,427961,44243213,1,0,0,0,3,4,0,0,0,15,15,0,1,427961,2,1,0,0,0,0,0,0,5,0,0,0,0,6,0x5AA5,-6758,3379,0,0,35704,2,2,2,4,255,0,4,15,0,0,1,0,0,0,0,0,0,0,6,0,0,-6700,44243213
2026-09-25T07:18:51.927Z,64030578000000,0x051C,0x0104,0,2,63,-3379,-3379,0,-44001,-44000,427966,44243713,1,0,0,0,3,4,0,0,0,15,15,0,1,427966,2,1,0,0,0,0,0,0,5,0,0,0,0,6,0x5AA5,-3379,-2253,0,0,35705,2,2,2,2,255,0,2,15,0,0,1,0,0,0,0,0,0,0,6,0,0,-3300,44243713
2026-09-25T07:18:52.404Z,64031046000000,0x051C,0x0104,0,2,63,-3379,-3379,0,-44002,-44000,427971,44244214,1,0,0,0,3,4,0,0,0,15,15,0,1,427971,2,1,0,0,0,0,0,0,5,0,0,0,0,6,0x5AA5,-3379,-1126,0,0,35707,2,2,2,2,255,0,2,15,0,0,1,0,0,0,0,0,0,0,6,0,0,-3300,44244214
2026-09-25T07:18:52.938Z,64031578000000,0x051C,0x0104,0,2,63,2253,2253,0,-43986,-44005,427976,44244715,1,0,0,0,3,4,0,0,0,15,15,0,1,427976,2,1,0,0,0,0,0,0,5,0,0,0,0,6,0x5AA5,2253,-19148,0,0,35709,2,4,2,2,255,0,2,15,0,0,1,0,0,0,0,0,0,0,6,0,0,2200,44244715
2026-09-25T07:18:53.413Z,64032062000000,0x051C,0x0104,0,2,63,-1126,-1126,0,-44003,-44002,427981,44245215,1,0,0,0,3,4,0,0,0,15,15,0,1,427981,2,1,0,0,0,0,0,0,5,0,0,0,0,6,0x5AA5,-1126,0,0,0,35710,2,2,2,4,255,0,4,15,0,0,1,0,0,0,0,0,0,0,6,0,0,-1100,44245215
2026-09-25T07:18:53.930Z,64032578000000,0x051C,0x0104,0,2,63,-3379,-3379,0,-44011,-44000,427986,44245716,1,0,0,0,3,4,0,0,0,15,15,0,1,427986,2,1,0,0,0,0,0,0,5,0,0,0,0,6,0x5AA5,-3379,9011,0,0,35714,2,2,2,4,255,0,4,15,0,0,1,0,0,0,0,0,0,0,6,0,0,-3300,44245716
2026-09-25T07:18:54.405Z,64033046000000,0x051C,0x0104,0,2,63,-5632,-5632,0,-43988,-43998,427991,44246217,1,0,0,0,3,4,0,0,0,15,15,0,1,427991,2,1,0,0,0,0,0,0,5,0,0,0,0,6,0x5AA5,-5632,-16895,0,0,35715,2,2,2,2,255,0,2,15,0,0,1,0,0,0,0,0,0,0,6,0,0,-5600,44246217
2026-09-25T07:18:54.936Z,64033578000000,0x051C,0x0104,0,2,63,-10137,-10137,0,-43994,-43994,427996,44246718,1,0,0,0,3,4,0,0,0,15,15,0,1,427996,2,1,0,0,0,0,0,0,5,0,0,0,0,6,0x5AA5,-10137,-10137,0,0,35715,2,2,2,2,255,0,2,15,0,0,1,0,0,0,0,0,0,0,6,0,0,-10100,44246718
2026-09-25T07:18:55.411Z,64034062000000,0x051C,0x0104,0,2,63,-10137,-10137,0,-43987,-43994,428001,44247219,1,0,0,0,3,4,0,0,0,15,15,0,1,428001,2,1,0,0,0,0,0,0,5,0,0,0,0,6,0x5AA5,-10137,-18021,0,0,35719,2,2,2,2,255,0,2,15,0,0,1,0,0,0,0,0,0,0,6,0,0,-10100,44247219
2026-09-25T07:18:55.929Z,64034578000000,0x051C,0x0104,0,2,63,-12390,-12390,0,-43994,-43992,428006,44247720,1,0,0,0,3,4,0,0,0,15,15,0,1,428006,2,1,0,0,0,0,0,0,5,0,0,0,0,6,0x5AA5,-12390,-10137,0,0,35719,2,2,2,2,255,0,2,15,0,0,1,0,0,0,0,0,0,0,6,0,0,-12300,44247720
2026-09-25T07:18:56.405Z,64035046000000,0x051C,0x0104,0,2,63,-10137,-10137,0,-44006,-43994,428011,44248221,1,0,0,0,3,4,0,0,0,15,15,0,1,428011,2,1,0,0,0,0,0,0,5,0,0,0,0,6,0x5AA5,-10137,3379,0,0,35720,2,2,2,4,255,0,4,15,0,0,1,0,0,0,0,0,0,0,6,0,0,-10100,44248221
2026-09-25T07:18:56.937Z,64035578000000,0x051C,0x0104,0,2,63,-5632,-5632,0,-43995,-43998,428016,44248722,1,0,0,0,3,4,0,0,0,15,15,0,1,428016,2,1,0,0,0,0,0,0,5,0,0,0,0,6,0x5AA5,-5632,-9011,0,0,35721,2,2,2,2,255,0,2,15,0,0,1,0,0,0,0,0,0,0,6,0,0,-5600,44248722
2026-09-25T07:18:57.412Z,64036062000000,0x051C,0x0104,0,2,63,-7884,-7884,0,-43990,-43996,428021,44249223,1,0,0,0,3,4,0,0,0,15,15,0,1,428021,2,1,0,0,0,0,0,0,5,0,0,0,0,6,0x5AA5,-7884,-14642,0,0,35723,2,2,2,2,255,0,2,15,0,0,1,0,0,0,0,0,0,0,6,0,0,-7800,44249223
2026-09-25T07:18:57.931Z,64036578000000,0x051C,0x0104,0,2,63,-9011,-9011,0,-44003,-43995,428026,44249724,1,0,0,0,3,4,0,0,0,15,15,0,1,428026,2,1,0,0,0,0,0,0,5,0,0,0,0,6,0x5AA5,-9011,0,0,0,35725,2,2,2,2,255,0,2,15,0,0,1,0,0,0,0,0,0,0,6,0,0,-9000,44249724
2026-09-25T07:18:58.406Z,64037046000000,0x051C,0x0104,0,2,63,-12390,-12390,0,-44004,-43992,428031,44250225,1,0,0,0,3,4,0,0,0,15,15,0,1,428031,2,1,0,0,0,0,0,0,5,0,0,0,0,6,0x5AA5,-12390,1126,0,0,35726,2,2,2,4,255,0,4,15,0,0,1,0,0,0,0,0,0,0,6,0,0,-12300,44250225
2026-09-25T07:18:58.937Z,64037578000000,0x051C,0x0104,0,2,63,-1126,-1126,0,-44013,-44002,428036,44250726,1,0,0,0,3,4,0,0,0,15,15,0,1,428036,2,1,0,0,0,0,0,0,5,0,0,0,0,6,0x5AA5,-1126,11263,0,0,35726,2,2,2,4,255,0,4,15,0,0,1,0,0,0,0,0,0,0,6,0,0,-1100,44250726
2026-09-25T07:18:59.410Z,64038062000000,0x051C,0x0104,0,2,63,-6758,-6758,0,-43996,-43997,428041,44251227,1,0,0,0,3,4,0,0,0,15,15,0,1,428041,2,1,0,0,0,0,0,0,5,0,0,0,0,6,0x5AA5,-6758,-7884,0,0,35727,2,2,2,2,255,0,2,15,0,0,1,0,0,0,0,0,0,0,6,0,0,-6700,44251227
2026-09-25T07:18:59.930Z,64038578000000,0x051C,0x0104,0,2,63,-9011,-9011,0,-43996,-43995,428045,44251730,1,0,0,0,3,4,0,0,0,15,15,0,1,428046,2,1,0,0,0,0,0,0,5,0,0,0,0,6,0x5AA5,-7884,-13516,0,0,35729,2,2,2,2,255,0,2,15,0,0,1,0,0,0,0,0,0,0,6,0,0,-7800,44251627
2026-09-25T07:19:00.409Z,64039046000000,0x051C,0x0104,0,2,63,-10137,-10137,0,-44005,-43994,428051,44252228,1,0,0,0,3,4,0,0,0,15,15,0,1,428051,2,1,0,0,0,0,0,0,5,0,0,0,0,6,0x5AA5,-10137,2253,0,0,35732,2,2,2,4,255,0,4,15,0,0,1,0,0,0,0,0,0,0,6,0,0,-10100,44252228
2026-09-25T07:19:00.940Z,64039578000000,0x051C,0x0104,0,2,63,-5632,-5632,0,-44007,-43998,428056,44252729,1,0,0,0,3,4,0,0,0,15,15,0,1,428056,2,1,0,0,0,0,0,0,5,0,0,0,0,6,0x5AA5,-5632,4505,0,0,35734,2,2,2,4,255,0,4,15,0,0,1,0,0,0,0,0,0,0,6,0,0,-5600,44252729
2026-09-25T07:19:01.418Z,64040062000000,0x051C,0x0104,0,2,63,-7884,-7884,0,-43996,-43996,428061,44253230,1,0,0,0,3,4,0,0,0,15,15,0,1,428061,2,1,0,0,0,0,0,0,5,0,0,0,0,6,0x5AA5,-7884,-7884,0,0,35735,2,2,2,2,255,0,2,15,0,0,1,0,0,0,0,0,0,0,6,0,0,-7800,44253230
2026-09-25T07:19:01.950Z,64040593000000,0x051C,0x0104,0,2,63,-3379,-3379,0,-44006,-44000,428066,44253731,1,0,0,0,3,4,0,0,0,15,15,0,1,428066,2,1,0,0,0,0,0,0,5,0,0,0,0,6,0x5AA5,-3379,3379,0,0,35738,2,2,2,4,255,0,4,15,0,0,1,0,0,0,0,0,0,0,6,0,0,-3300,44253731
2026-09-25T07:19:02.428Z,64041078000000,0x051C,0x0104,0,2,63,-2253,-2253,0,-44003,-44001,428071,44254233,1,0,0,0,3,4,0,0,0,15,15,0,1,428071,2,1,0,0,0,0,0,0,5,0,0,0,0,6,0x5AA5,-2253,0,0,0,35740,2,2,2,4,255,0,4,15,0,0,1,0,0,0,0,0,0,0,6,0,0,-2200,44254233
2026-09-25T07:19:02.945Z,64041593000000,0x051C,0x0104,0,2,63,0,0,0,-43994,-44003,428076,44254733,1,0,0,0,3,4,0,0,0,15,15,0,1,428076,2,1,0,0,0,0,0,0,5,0,0,0,0,6,0x5AA5,0,-10137,0,0,35743,2,3,2,2,255,0,2,15,0,0,1,0,0,0,0,0,0,0,6,0,0,0,44254733
2026-09-25T07:19:03.419Z,64042062000000,0x051C,0x0104,0,2,63,0,0,0,-44002,-44003,428081,44255234,1,0,0,0,3,4,0,0,0,15,15,0,1,428081,2,1,0,0,0,0,0,0,5,0,0,0,0,6,0x5AA5,0,-1126,0,0,35745,2,3,2,2,255,0,2,15,0,0,1,0,0,0,0,0,0,0,6,0,0,0,44255234
2026-09-25T07:19:03.951Z,64042593000000,0x051C,0x0104,0,2,63,-3379,-3379,0,-44020,-44000,428086,44255735,1,0,0,0,3,4,0,0,0,15,15,0,1,428086,2,1,0,0,0,0,0,0,5,0,0,0,0,6,0x5AA5,-3379,19148,0,0,35748,2,2,2,4,255,0,4,15,0,0,1,0,0,0,0,0,0,0,6,0,0,-3300,44255735
2026-09-25T07:19:04.428Z,64043078000000,0x051C,0x0104,0,2,63,-1126,-1126,0,-44002,-44002,428091,44256236,1,0,0,0,3,4,0,0,0,15,15,0,1,428091,2,1,0,0,0,0,0,0,5,0,0,0,0,6,0x5AA5,-1126,-1126,0,0,35749,2,2,2,2,255,0,2,15,0,0,1,0,0,0,0,0,0,0,6,0,0,-1100,44256236
2026-09-25T07:19:04.944Z,64043593000000,0x051C,0x0104,0,2,63,-3379,-3379,0,-44020,-44000,428096,44256737,1,0,0,0,3,4,0,0,0,15,15,0,1,428096,2,1,0,0,0,0,0,0,5,0,0,0,0,6,0x5AA5,-3379,19148,0,0,35750,2,2,2,4,255,0,4,15,0,0,1,0,0,0,0,0,0,0,6,0,0,-3300,44256737
2026-09-25T07:19:05.420Z,64044062000000,0x051C,0x0104,0,2,63,0,0,0,-44010,-44003,428101,44257237,1,0,0,0,3,4,0,0,0,15,15,0,1,428101,2,1,0,0,0,0,0,0,5,0,0,0,0,6,0x5AA5,0,7884,0,0,35752,2,3,2,4,255,0,4,15,0,0,1,0,0,0,0,0,0,0,6,0,0,0,44257237
2026-09-25T07:19:05.951Z,64044593000000,0x051C,0x0104,0,2,63,1126,1126,0,-44002,-44004,428106,44257738,1,0,0,0,3,4,0,0,0,15,15,0,1,428106,2,1,0,0,0,0,0,0,5,0,0,0,0,6,0x5AA5,1126,-1126,0,0,35755,2,4,2,2,255,0,2,15,0,0,1,0,0,0,0,0,0,0,6,0,0,1100,44257738
2026-09-25T07:19:06.428Z,64045078000000,0x051C,0x0104,0,2,63,-5632,-5632,0,-43990,-43998,428111,44258239,1,0,0,0,3,4,0,0,0,15,15,0,1,428111,2,1,0,0,0,0,0,0,5,0,0,0,0,6,0x5AA5,-5632,-14642,0,0,35757,2,2,2,2,255,0,2,15,0,0,1,0,0,0,0,0,0,0,6,0,0,-5600,44258239
2026-09-25T07:19:06.944Z,64045593000000,0x051C,0x0104,0,2,63,-11263,-11263,0,-43997,-43993,428116,44258740,1,0,0,0,3,4,0,0,0,15,15,0,1,428116,2,1,0,0,0,0,0,0,5,0,0,0,0,6,0x5AA5,-11263,-6758,0,0,35759,2,2,2,2,255,0,2,15,0,0,1,0,0,0,0,0,0,0,6,0,0,-11200,44258740
2026-09-25T07:19:07.421Z,64046062000000,0x051C,0x0104,0,2,63,-10137,-10137,0,-43990,-43994,428121,44259241,1,0,0,0,3,4,0,0,0,15,15,0,1,428121,2,1,0,0,0,0,0,0,5,0,0,0,0,6,0x5AA5,-10137,-14642,0,0,35759,2,2,2,2,255,0,2,15,0,0,1,0,0,0,0,0,0,0,6,0,0,-10100,44259241
2026-09-25T07:19:07.955Z,64046593000000,0x051C,0x0104,0,2,63,-16895,-16895,0,-43987,-43988,428126,44259742,1,0,0,0,3,4,0,0,0,15,15,0,1,428126,2,1,0,0,0,0,0,0,5,0,0,0,0,6,0x5AA5,-16895,-18021,0,0,35761,2,2,2,2,255,0,2,15,0,0,1,0,0,0,0,0,0,0,6,0,0,-16800,44259742
2026-09-25T07:19:08.432Z,64047078000000,0x051C,0x0104,0,2,63,-12390,-12390,0,-43996,-43992,428131,44260243,1,0,0,0,3,4,0,0,0,15,15,0,1,428131,2,1,0,0,0,0,0,0,5,0,0,0,0,6,0x5AA5,-12390,-7884,0,0,35761,2,2,2,2,255,0,2,15,0,0,1,0,0,0,0,0,0,0,6,0,0,-12300,44260243
2026-09-25T07:19:08.962Z,64047609000000,0x051C,0x0104,0,2,63,-7884,-7884,0,-44008,-43996,428136,44260744,1,0,0,0,3,4,0,0,0,15,15,0,1,428136,2,1,0,0,0,0,0,0,5,0,0,0,0,6,0x5AA5,-7884,5632,0,0,35762,2,2,2,4,255,0,4,15,0,0,1,0,0,0,0,0,0,0,6,0,0,-7800,44260744
2026-09-25T07:19:09.437Z,64048078000000,0x051C,0x0104,0,2,63,-9011,-9011,0,-43995,-43995,428141,44261245,1,0,0,0,3,4,0,0,0,15,15,0,1,428141,2,1,0,0,0,0,0,0,5,0,0,0,0,6,0x5AA5,-9011,-9011,0,0,35763,2,2,2,2,255,0,2,15,0,0,1,0,0,0,0,0,0,0,6,0,0,-9000,44261245
2026-09-25T07:19:09.970Z,64048609000000,0x051C,0x0104,0,2,63,-7884,-7884,0,-43989,-43996,428146,44261746,1,0,0,0,3,4,0,0,0,15,15,0,1,428146,2,1,0,0,0,0,0,0,5,0,0,0,0,6,0x5AA5,-7884,-15769,0,0,35765,2,2,2,2,255,0,2,15,0,0,1,0,0,0,0,0,0,0,6,0,0,-7800,44261746
2026-09-25T07:19:10.447Z,64049093000000,0x051C,0x0104,0,2,63,-5632,-5632,0,-44007,-43998,428151,44262247,1,0,0,0,3,4,0,0,0,15,15,0,1,428151,2,1,0,0,0,0,0,0,5,0,0,0,0,6,0x5AA5,-5632,4505,0,0,35768,2,2,2,4,255,0,4,15,0,0,1,0,0,0,0,0,0,0,6,0,0,-5600,44262247
2026-09-25T07:19:10.964Z,64049609000000,0x051C,0x0104,0,2,63,-2253,-2253,0,-44008,-44001,428156,44262748,1,0,0,0,3,4,0,0,0,15,15,0,1,428156,2,1,0,0,0,0,0,0,5,0,0,0,0,6,0x5AA5,-2253,5632,0,0,35770,2,2,2,4,255,0,4,15,0,0,1,0,0,0,0,0,0,0,6,0,0,-2200,44262748
2026-09-25T07:19:11.439Z,64050078000000,0x051C,0x0104,0,2,63,-2253,-2253,0,-44003,-44001,428161,44263248,1,0,0,0,3,4,0,0,0,15,15,0,1,428161,2,1,0,0,0,0,0,0,5,0,0,0,0,6,0x5AA5,-2253,0,0,0,35773,2,2,2,2,255,0,2,15,0,0,1,0,0,0,0,0,0,0,6,0,0,-2200,44263248
2026-09-25T07:19:11.971Z,64050609000000,0x051C,0x0104,0,2,63,-6758,-6758,0,-44010,-43997,428166,44263749,1,0,0,0,3,4,0,0,0,15,15,0,1,428166,2,1,0,0,0,0,0,0,5,0,0,0,0,6,0x5AA5,-6758,7884,0,0,35776,2,2,2,4,255,0,4,15,0,0,1,0,0,0,0,0,0,0,6,0,0,-6700,44263749
2026-09-25T07:19:12.448Z,64051093000000,0x051C,0x0104,0,2,63,-7884,-7884,0,-44001,-43996,428171,44264250,1,0,0,0,3,4,0,0,0,15,15,0,1,428171,2,1,0,0,0,0,0,0,5,0,0,0,0,6,0x5AA5,-7884,-2253,0,0,35777,2,2,2,2,255,0,2,15,0,0,1,0,0,0,0,0,0,0,6,0,0,-7800,44264250
2026-09-25T07:19:12.980Z,64051625000000,0x051C,0x0104,0,2,63,-9011,-9011,0,-44003,-43995,428176,44264751,1,0,0,0,3,4,0,0,0,15,15,0,1,428176,2,1,0,0,0,0,0,0,5,0,0,0,0,6,0x5AA5,-9011,0,0,0,35777,2,2,2,2,255,0,2,15,0,0,1,0,0,0,0,0,0,0,6,0,0,-9000,44264751
2026-09-25T07:19:13.454Z,64052093000000,0x051C,0x0104,0,2,63,-6758,-6758,0,-43982,-43997,428181,44265253,1,0,0,0,3,4,0,0,0,15,15,0,1,428181,2,1,0,0,0,0,0,0,5,0,0,0,0,6,0x5AA5,-6758,-23653,0,0,35779,2,2,2,2,255,0,2,15,0,0,1,0,0,0,0,0,0,0,6,0,0,-6700,44265253
2026-09-25T07:19:13.987Z,64052625000000,0x051C,0x0104,0,2,63,-4505,-4505,0,-44008,-43999,428186,44265753,1,0,0,0,3,4,0,0,0,15,15,0,1,428186,2,1,0,0,0,0,0,0,5,0,0,0,0,6,0x5AA5,-4505,5632,0,0,35780,2,2,2,4,255,0,4,15,0,0,1,0,0,0,0,0,0,0,6,0,0,-4500,44265753
2026-09-25T07:19:14.461Z,64053109000000,0x051C,0x0104,0,2,63,-5632,-5632,0,-44002,-43998,428191,44266254,1,0,0,0,3,4,0,0,0,15,15,0,1,428191,2,1,0,0,0,0,0,0,5,0,0,0,0,6,0x5AA5,-5632,-1126,0,0,35781,2,2,2,2,255,0,2,15,0,0,1,0,0,0,0,0,0,0,6,0,0,-5600,44266254
2026-09-25T07:19:14.978Z,64053625000000,0x051C,0x0104,0,2,63,-9011,-9011,0,-43992,-43995,428196,44266754,1,0,0,0,3,4,0,0,0,15,15,0,1,428196,2,1,0,0,0,0,0,0,5,0,0,0,0,6,0x5AA5,-9011,-12390,0,0,35781,2,2,2,2,255,0,2,15,0,0,1,0,0,0,0,0,0,0,6,0,0,-9000,44266754
2026-09-25T07:19:15.453Z,64054093000000,0x051C,0x0104,0,2,63,-7884,-7884,0,-43982,-43996,428201,44267255,1,0,0,0,3,4,0,0,0,15,15,0,1,428201,2,1,0,0,0,0,0,0,5,0,0,0,0,6,0x5AA5,-7884,-23653,0,0,35783,2,2,2,2,255,0,2,15,0,0,1,0,0,0,0,0,0,0,6,0,0,-7800,44267255
2026-09-25T07:19:15.984Z,64054625000000,0x051C,0x0104,0,2,63,-9011,-9011,0,-43997,-43995,428206,44267756,1,0,0,0,3,4,0,0,0,15,15,0,1,428206,2,1,0,0,0,0,0,0,5,0,0,0,0,6,0x5AA5,-9011,-6758,0,0,35783,2,2,2,2,255,0,2,15,0,0,1,0,0,0,0,0,0,0,6,0,0,-9000,44267756
2026-09-25T07:19:16.459Z,64055109000000,0x051C,0x0104,0,2,63,-11263,-11263,0,-44004,-43993,428211,44268257,1,0,0,0,3,4,0,0,0,15,15,0,1,428211,2,1,0,0,0,0,0,0,5,0,0,0,0,6,0x5AA5,-11263,1126,0,0,35786,2,2,2,4,255,0,4,15,0,0,1,0,0,0,0,0,0,0,6,0,0,-11200,44268257
2026-09-25T07:19:16.976Z,64055625000000,0x051C,0x0104,0,2,63,-9011,-9011,0,-43993,-43995,428216,44268758,1,0,0,0,3,4,0,0,0,15,15,0,1,428216,2,1,0,0,0,0,0,0,5,0,0,0,0,6,0x5AA5,-9011,-11263,0,0,35789,2,2,2,2,255,0,2,15,0,0,1,0,0,0,0,0,0,0,6,0,0,-9000,44268758
2026-09-25T07:19:17.452Z,64056093000000,0x051C,0x0104,0,2,63,-5632,-5632,0,-44002,-43998,428221,44269259,1,0,0,0,3,4,0,0,0,15,15,0,1,428221,2,1,0,0,0,0,0,0,5,0,0,0,0,6,0x5AA5,-5632,-1126,0,0,35793,2,2,2,2,255,0,2,15,0,0,1,0,0,0,0,0,0,0,6,0,0,-5600,44269259
2026-09-25T07:19:17.983Z,64056625000000,0x051C,0x0104,0,2,63,-4505,-4505,0,-44023,-43999,428226,44269760,1,0,0,0,3,4,0,0,0,15,15,0,1,428226,2,1,0,0,0,0,0,0,5,0,0,0,0,6,0x5AA5,-4505,22527,0,0,35794,2,2,2,4,255,0,4,15,0,0,1,0,0,0,0,0,0,0,6,0,0,-4500,44269760
2026-09-25T07:19:18.457Z,64057109000000,0x051C,0x0104,0,2,63,-1126,-1126,0,-43997,-44002,428231,44270260,1,0,0,0,3,4,0,0,0,15,15,0,1,428231,2,1,0,0,0,0,0,0,5,0,0,0,0,6,0x5AA5,-1126,-6758,0,0,35795,2,2,2,2,255,0,2,15,0,0,1,0,0,0,0,0,0,0,6,0,0,-1100,44270260
2026-09-25T07:19:18.977Z,64057625000000,0x051C,0x0104,0,2,63,-1126,-1126,0,-43990,-44002,428236,44270761,1,0,0,0,3,4,0,0,0,15,15,0,1,428236,2,1,0,0,0,0,0,0,5,0,0,0,0,6,0x5AA5,-1126,-14642,0,0,35797,2,2,2,2,255,0,2,15,0,0,1,0,0,0,0,0,0,0,6,0,0,-1100,44270761
2026-09-25T07:19:19.450Z,64058093000000,0x051C,0x0104,0,2,63,-2253,-2253,0,-43982,-44001,428241,44271262,1,0,0,0,3,4,0,0,0,15,15,0,1,428241,2,1,0,0,0,0,0,0,5,0,0,0,0,6,0x5AA5,-2253,-23653,0,0,35797,2,2,2,2,255,0,2,15,0,0,1,0,0,0,0,0,0,0,6,0,0,-2200,44271262
2026-09-25T07:19:19.985Z,64058625000000,0x051C,0x0104,0,2,63,-6758,-6758,0,-43997,-43997,428246,44271763,1,0,0,0,3,4,0,0,0,15,15,0,1,428246,2,1,0,0,0,0,0,0,5,0,0,0,0,6,0x5AA5,-6758,-6758,0,0,35797,2,2,2,2,255,0,2,15,0,0,1,0,0,0,0,0,0,0,6,0,0,-6700,44271763
2026-09-25T07:19:20.459Z,64059109000000,0x051C,0x0104,0,2,63,-3379,-3379,0,-44008,-44000,428251,44272264,1,0,0,0,3,4,0,0,0,15,15,0,1,428251,2,1,0,0,0,0,0,0,5,0,0,0,0,6,0x5AA5,-3379,5632,0,0,35798,2,2,2,4,255,0,4,15,0,0,1,0,0,0,0,0,0,0,6,0,0,-3300,44272264
2026-09-25T07:19:20.975Z,64059625000000,0x051C,0x0104,0,2,63,-3379,-3379,0,-44013,-44000,428256,44272765,1,0,0,0,3,4,0,0,0,15,15,0,1,428256,2,1,0,0,0,0,0,0,5,0,0,0,0,6,0x5AA5,-3379,11263,0,0,35802,2,2,2,4,255,0,4,15,0,0,1,0,0,0,0,0,0,0,6,0,0,-3300,44272765
2026-09-25T07:19:21.451Z,64060093000000,0x051C,0x0104,0,2,63,-4505,-4505,0,-44007,-43999,428261,44273266,1,0,0,0,3,4,0,0,0,15,15,0,1,428261,2,1,0,0,0,0,0,0,5,0,0,0,0,6,0x5AA5,-4505,4505,0,0,35804,2,2,2,4,255,0,4,15,0,0,1,0,0,0,0,0,0,0,6,0,0,-4500,44273266
2026-09-25T07:19:21.983Z,64060625000000,0x051C,0x0104,0,2,63,1126,1126,0,-44009,-44004,428266,44273767,1,0,0,0,3,4,0,0,0,15,15,0,1,428266,2,1,0,0,0,0,0,0,5,0,0,0,0,6,0x5AA5,1126,6758,0,0,35808,2,4,2,4,255,0,4,15,0,0,1,0,0,0,0,0,0,0,6,0,0,1100,44273767
2026-09-25T07:19:22.457Z,64061109000000,0x051C,0x0104,0,2,63,2253,2253,0,-44016,-44005,428271,44274267,1,0,0,0,3,4,0,0,0,15,15,0,1,428271,2,1,0,0,0,0,0,0,5,0,0,0,0,6,0x5AA5,2253,14642,0,0,35810,2,4,2,4,255,0,4,15,0,0,1,0,0,0,0,0,0,0,6,0,0,2200,44274267
2026-09-25T07:19:22.974Z,64061625000000,0x051C,0x0104,0,2,63,5632,5632,0,-44019,-44008,428276,44274768,1,0,0,0,3,4,0,0,0,15,15,0,1,428276,2,1,0,0,0,0,0,0,5,0,0,0,0,6,0x5AA5,5632,18021,0,0,35812,2,4,2,4,255,0,4,15,0,0,1,0,0,0,0,0,0,0,6,0,0,5600,44274768
2026-09-25T07:19:23.448Z,64062093000000,0x051C,0x0104,0,2,63,1126,1126,0,-43996,-44004,428281,44275269,1,0,0,0,3,4,0,0,0,15,15,0,1,428281,2,1,0,0,0,0,0,0,5,0,0,0,0,6,0x5AA5,1126,-7884,0,0,35813,2,4,2,2,255,0,2,15,0,0,1,0,0,0,0,0,0,0,6,0,0,1100,44275269
2026-09-25T07:19:23.982Z,64062625000000,0x051C,0x0104,0,2,63,-1126,-1126,0,-44003,-44002,428286,44275770,1,0,0,0,3,4,0,0,0,15,15,0,1,428286,2,1,0,0,0,0,0,0,5,0,0,0,0,6,0x5AA5,-1126,0,0,0,35816,2,2,2,4,255,0,4,15,0,0,1,0,0,0,0,0,0,0,6,0,0,-1100,44275770
2026-09-25T07:19:24.456Z,64063093000000,0x051C,0x0104,0,2,63,-2253,-2253,0,-44006,-44001,428291,44276271,1,0,0,0,3,4,0,0,0,15,15,0,1,428291,2,1,0,0,0,0,0,0,5,0,0,0,0,6,0x5AA5,-2253,3379,0,0,35818,2,2,2,4,255,0,4,15,0,0,1,0,0,0,0,0,0,0,6,0,0,-2200,44276271
2026-09-25T07:19:24.991Z,64063640000000,0x051C,0x0104,0,2,63,-1126,-1126,0,-44015,-44002,428296,44276773,1,0,0,0,3,4,0,0,0,15,15,0,1,428296,2,1,0,0,0,0,0,0,5,0,0,0,0,6,0x5AA5,-1126,13516,0,0,35820,2,2,2,4,255,0,4,15,0,0,1,0,0,0,0,0,0,0,6,0,0,-1100,44276773
2026-09-25T07:19:25.467Z,64064109000000,0x051C,0x0104,0,2,63,-1126,-1126,0,-44001,-44002,428301,44277273,1,0,0,0,3,4,0,0,0,15,15,0,1,428301,2,1,0,0,0,0,0,0,5,0,0,0,0,6,0x5AA5,-1126,-2253,0,0,35821,2,2,2,2,255,0,2,15,0,0,1,0,0,0,0,0,0,0,6,0,0,-1100,44277273
2026-09-25T07:19:26.000Z,64064640000000,0x051C,0x0104,0,2,63,-9011,-9011,0,-43987,-43995,428306,44277774,1,0,0,0,3,4,0,0,0,15,15,0,1,428306,2,1,0,0,0,0,0,0,5,0,0,0,0,6,0x5AA5,-9011,-18021,0,0,35821,2,2,2,2,255,0,2,15,0,0,1,0,0,0,0,0,0,0,6,0,0,-9000,44277774
2026-09-25T07:19:26.475Z,64065125000000,0x051C,0x0104,0,2,63,-10137,-10137,0,-43986,-43994,428311,44278275,1,0,0,0,3,4,0,0,0,15,15,0,1,428311,2,1,0,0,0,0,0,0,5,0,0,0,0,6,0x5AA5,-10137,-19148,0,0,35823,2,2,2,2,255,0,2,15,0,0,1,0,0,0,0,0,0,0,6,0,0,-10100,44278275
2026-09-25T07:19:26.992Z,64065640000000,0x051C,0x0104,0,2,63,-6758,-6758,0,-44001,-43997,428316,44278776,1,0,0,0,3,4,0,0,0,15,15,0,1,428316,2,1,0,0,0,0,0,0,5,0,0,0,0,6,0x5AA5,-6758,-2253,0,0,35825,2,2,2,2,255,0,2,15,0,0,1,0,0,0,0,0,0,0,6,0,0,-6700,44278776
2026-09-25T07:19:27.468Z,64066109000000,0x051C,0x0104,0,2,63,-6758,-6758,0,-44001,-43997,428321,44279276,1,0,0,0,3,4,0,0,0,15,15,0,1,428321,2,1,0,0,0,0,0,0,5,0,0,0,0,6,0x5AA5,-6758,-2253,0,0,35825,2,2,2,2,255,0,2,15,0,0,1,0,0,0,0,0,0,0,6,0,0,-6700,44279276
2026-09-25T07:19:28.000Z,64066640000000,0x051C,0x0104,0,2,63,-7884,-7884,0,-43989,-43996,428326,44279777,1,0,0,0,3,4,0,0,0,15,15,0,1,428326,2,1,0,0,0,0,0,0,5,0,0,0,0,6,0x5AA5,-7884,-15769,0,0,35827,2,2,2,2,255,0,2,15,0,0,1,0,0,0,0,0,0,0,6,0,0,-7800,44279777
2026-09-25T07:19:28.477Z,64067125000000,0x051C,0x0104,0,2,63,-10137,-10137,0,-44012,-43994,428331,44280278,1,0,0,0,3,4,0,0,0,15,15,0,1,428331,2,1,0,0,0,0,0,0,5,0,0,0,0,6,0x5AA5,-10137,10137,0,0,35828,2,2,2,4,255,0,4,15,0,0,1,0,0,0,0,0,0,0,6,0,0,-10100,44280278
2026-09-25T07:19:28.993Z,64067640000000,0x051C,0x0104,0,2,63,-12390,-12390,0,-43994,-43992,428336,44280779,1,0,0,0,3,4,0,0,0,15,15,0,1,428336,2,1,0,0,0,0,0,0,5,0,0,0,0,6,0x5AA5,-12390,-10137,0,0,35829,2,2,2,2,255,0,2,15,0,0,1,0,0,0,0,0,0,0,6,0,0,-12300,44280779
2026-09-25T07:19:29.470Z,64068109000000,0x051C,0x0104,0,2,63,-9011,-9011,0,-43983,-43995,428341,44281280,1,0,0,0,3,4,0,0,0,15,15,0,1,428341,2,1,0,0,0,0,0,0,5,0,0,0,0,6,0x5AA5,-9011,-22527,0,0,35831,2,2,2,2,255,0,2,15,0,0,1,0,0,0,0,0,0,0,6,0,0,-9000,44281280
2026-09-25T07:19:30.003Z,64068640000000,0x051C,0x0104,0,2,63,-9011,-9011,0,-43996,-43995,428346,44281781,1,0,0,0,3,4,0,0,0,15,15,0,1,428346,2,1,0,0,0,0,0,0,5,0,0,0,0,6,0x5AA5,-9011,-7884,0,0,35831,2,2,2,2,255,0,2,15,0,0,1,0,0,0,0,0,0,0,6,0,0,-9000,44281781
2026-09-25T07:19:30.495Z,64069140000000,0x051C,0x0104,0,2,63,-5632,-5632,0,-43983,-43998,428351,44282282,1,0,0,0,3,4,0,0,0,15,15,0,1,428351,2,1,0,0,0,0,0,0,5,0,0,0,0,6,0x5AA5,-5632,-22527,0,0,35833,2,2,2,2,255,0,2,15,0,0,1,0,0,0,0,0,0,0,6,0,0,-5600,44282282
2026-09-25T07:19:31.027Z,64069671000000,0x051C,0x0104,0,2,63,-5632,-5632,0,-44012,-43998,428356,44282783,1,0,0,0,3,4,0,0,0,15,15,0,1,428356,2,1,0,0,0,0,0,0,5,0,0,0,0,6,0x5AA5,-5632,10137,0,0,35834,2,2,2,4,255,0,4,15,0,0,1,0,0,0,0,0,0,0,6,0,0,-5600,44282783
2026-09-25T07:19:31.504Z,64070156000000,0x051C,0x0104,0,2,63,-6758,-6758,0,-43989,-43997,428361,44283284,1,0,0,0,3,4,0,0,0,15,15,0,1,428361,2,1,0,0,0,0,0,0,5,0,0,0,0,6,0x5AA5,-6758,-15769,0,0,35835,2,2,2,2,255,0,2,15,0,0,1,0,0,0,0,0,0,0,6,0,0,-6700,44283284
2026-09-25T07:19:32.022Z,64070671000000,0x051C,0x0104,0,2,63,-12390,-12390,0,-44001,-43992,428366,44283785,1,0,0,0,3,4,0,0,0,15,15,0,1,428366,2,1,0,0,0,0,0,0,5,0,0,0,0,6,0x5AA5,-12390,-2253,0,0,35835,2,2,2,2,255,0,2,15,0,0,1,0,0,0,0,0,0,0,6,0,0,-12300,44283785
2026-09-25T07:19:32.497Z,64071140000000,0x051C,0x0104,0,2,63,-11263,-11263,0,-43986,-43993,428371,44284286,1,0,0,0,3,4,0,0,0,15,15,0,1,428371,2,1,0,0,0,0,0,0,5,0,0,0,0,6,0x5AA5,-11263,-19148,0,0,35837,2,2,2,2,255,0,2,15,0,0,1,0,0,0,0,0,0,0,6,0,0,-11200,44284286
2026-09-25T07:19:33.029Z,64071671000000,0x051C,0x0104,0,2,63,-4505,-4505,0,-44004,-43999,428376,44284786,1,0,0,0,3,4,0,0,0,15,15,0,1,428376,2,1,0,0,0,0,0,0,5,0,0,0,0,6,0x5AA5,-4505,1126,0,0,35838,2,2,2,4,255,0,4,15,0,0,1,0,0,0,0,0,0,0,6,0,0,-4500,44284786
2026-09-25T07:19:33.506Z,64072156000000,0x051C,0x0104,0,2,63,-2253,-2253,0,-44007,-44001,428381,44285287,1,0,0,0,3,4,0,0,0,15,15,0,1,428381,2,1,0,0,0,0,0,0,5,0,0,0,0,6,0x5AA5,-2253,4505,0,0,35840,2,2,2,4,255,0,4,15,0,0,1,0,0,0,0,0,0,0,6,0,0,-2200,44285287
2026-09-25T07:19:34.020Z,64072671000000,0x051C,0x0104,0,2,63,0,0,0,-43989,-44003,428386,44285788,1,0,0,0,3,4,0,0,0,15,15,0,1,428386,2,1,0,0,0,0,0,0,5,0,0,0,0,6,0x5AA5,0,-15769,0,0,35843,2,3,2,2,255,0,2,15,0,0,1,0,0,0,0,0,0,0,6,0,0,0,44285788
2026-09-25T07:19:34.496Z,64073140000000,0x051C,0x0104,0,2,63,3379,3379,0,-44008,-44006,428391,44286289,1,0,0,0,3,4,0,0,0,15,15,0,1,428391,2,1,0,0,0,0,0,0,5,0,0,0,0,6,0x5AA5,3379,5632,0,0,35844,2,4,2,4,255,0,4,15,0,0,1,0,0,0,0,0,0,0,6,0,0,3300,44286289
2026-09-25T07:19:35.029Z,64073671000000,0x051C,0x0104,0,2,63,-2253,-2253,0,-44015,-44001,428396,44286790,1,0,0,0,3,4,0,0,0,15,15,0,1,428396,2,1,0,0,0,0,0,0,5,0,0,0,0,6,0x5AA5,-2253,13516,0,0,35846,2,2,2,4,255,0,4,15,0,0,1,0,0,0,0,0,0,0,6,0,0,-2200,44286790
2026-09-25T07:19:35.504Z,64074156000000,0x051C,0x0104,0,2,63,-3379,-3379,0,-43980,-44000,428401,44287291,1,0,0,0,3,4,0,0,0,15,15,0,1,428401,2,1,0,0,0,0,0,0,5,0,0,0,0,6,0x5AA5,-3379,-25906,0,0,35847,2,2,2,2,255,0,2,15,0,0,1,0,0,0,0,0,0,0,6,0,0,-3300,44287291
2026-09-25T07:19:36.022Z,64074671000000,0x051C,0x0104,0,2,63,-3379,-3379,0,-43991,-44000,428406,44287792,1,0,0,0,3,4,0,0,0,15,15,0,1,428406,2,1,0,0,0,0,0,0,5,0,0,0,0,6,0x5AA5,-3379,-13516,0,0,35849,2,2,2,2,255,0,2,15,0,0,1,0,0,0,0,0,0,0,6,0,0,-3300,44287792
2026-09-25T07:19:36.497Z,64075140000000,0x051C,0x0104,0,2,63,-10137,-10137,0,-43968,-43994,428411,44288293,1,0,0,0,3,4,0,0,0,15,15,0,1,428411,2,1,0,0,0,0,0,0,5,0,0,0,0,6,0x5AA5,-10137,-39422,0,0,35849,2,2,2,2,255,0,2,15,0,0,1,0,0,0,0,0,0,0,6,0,0,-10100,44288293
2026-09-25T07:19:37.030Z,64075671000000,0x051C,0x0104,0,2,63,-22527,-22527,0,-44006,-43983,428416,44288793,1,0,0,0,3,4,0,0,0,15,15,0,1,428416,2,1,0,0,0,0,0,0,5,0,0,0,0,6,0x5AA5,-22527,3379,0,0,35850,2,2,2,4,255,0,4,15,0,0,1,0,0,0,0,0,0,0,6,0,0,-22500,44288793
2026-09-25T07:19:37.506Z,64076156000000,0x051C,0x0104,-1,2,63,-16895,-16895,0,-43997,-43988,428421,44289294,1,0,0,0,3,4,0,0,0,15,15,0,1,428421,2,1,0,0,0,0,0,0,5,0,0,0,0,6,0x5AA5,-16895,-6758,0,0,35851,2,2,2,2,255,0,2,15,0,0,1,0,0,0,0,0,0,0,6,0,0,-16800,44289294
2026-09-25T07:19:38.023Z,64076671000000,0x051C,0x0104,-1,2,63,-15769,-15769,0,-43997,-43989,428426,44289795,1,0,0,0,3,4,0,0,0,15,15,0,1,428426,2,1,-10000,-10000,0,0,0,0,5,0,0,0,0,6,0x5AA5,-15769,-6758,0,0,35851,2,2,2,2,255,0,2,15,0,0,1,0,0,0,0,0,0,0,6,0,0,-15700,44289795
2026-09-25T07:19:38.498Z,64077140000000,0x051C,0x0104,-1,2,63,-11263,-11263,0,-43990,-43993,428431,44290296,1,0,0,0,3,4,0,0,0,15,15,0,1,428431,2,1,-10000,-10000,0,0,0,0,5,0,0,0,0,6,0x5AA5,-11263,-14642,0,0,35853,2,2,2,2,255,0,2,15,0,0,1,0,0,0,0,0,0,0,6,0,0,-11200,44290296
2026-09-25T07:19:39.029Z,64077671000000,0x051C,0x0104,-1,2,63,-10137,-10137,0,-43987,-43994,428436,44290797,1,0,0,0,3,4,0,0,0,15,15,0,1,428436,2,1,-10000,-10000,0,0,0,0,5,0,0,0,0,6,0x5AA5,-10137,-18021,0,0,35853,2,2,2,2,255,0,2,15,0,0,1,0,0,0,0,0,0,0,6,0,0,-10100,44290797
2026-09-25T07:19:39.505Z,64078156000000,0x051C,0x0104,-1,2,63,-6758,-6758,0,-43998,-43997,428441,44291298,1,0,0,0,3,4,0,0,0,15,15,0,1,428441,2,1,-10000,-10000,0,0,0,0,5,0,0,0,0,6,0x5AA5,-6758,-5632,0,0,35857,2,2,2,2,255,0,2,15,0,0,1,0,0,0,0,0,0,0,6,0,0,-6700,44291298
2026-09-25T07:19:40.021Z,64078671000000,0x051C,0x0104,-1,2,63,-1126,-1126,0,-43986,-44002,428446,44291799,1,0,0,0,3,4,0,0,0,15,15,0,1,428446,2,1,-10000,-10000,0,0,0,0,5,0,0,0,0,6,0x5AA5,-1126,-19148,0,0,35859,2,2,2,2,255,0,2,15,0,0,1,0,0,0,0,0,0,0,6,0,0,-1100,44291799
2026-09-25T07:19:40.495Z,64079140000000,0x051C,0x0104,-1,2,63,-12390,-12390,0,-43992,-43992,428451,44292300,1,0,0,0,3,4,0,0,0,15,15,0,1,428451,2,1,-10000,-10000,0,0,0,0,5,0,0,0,0,6,0x5AA5,-12390,-12390,0,0,35859,2,2,2,2,255,0,2,15,0,0,1,0,0,0,0,0,0,0,6,0,0,-12300,44292300
2026-09-25T07:19:41.027Z,64079671000000,0x051C,0x0104,-1,2,63,-10137,-10137,0,-44012,-43994,428456,44292800,1,0,0,0,3,4,0,0,0,15,15,0,1,428456,2,1,-10000,-10000,0,0,0,0,5,0,0,0,0,6,0x5AA5,-10137,10137,0,0,35860,2,2,2,4,255,0,4,15,0,0,1,0,0,0,0,0,0,0,6,0,0,-10100,44292800
2026-09-25T07:19:41.503Z,64080140000000,0x051C,0x0104,-1,2,63,-5632,-5632,0,-43995,-43998,428461,44293301,1,0,0,0,3,4,0,0,0,15,15,0,1,428461,2,1,-10000,-10000,0,0,0,0,5,0,0,0,0,6,0x5AA5,-5632,-9011,0,0,35863,2,2,2,2,255,0,2,15,0,0,1,0,0,0,0,0,0,0,6,0,0,-5600,44293301
2026-09-25T07:19:42.033Z,64080671000000,0x051C,0x0104,-1,2,63,-10137,-10137,0,-43987,-43994,428466,44293802,1,0,0,0,3,4,0,0,0,15,15,0,1,428466,2,1,-10000,-10000,0,0,0,0,5,0,0,0,0,6,0x5AA5,-10137,-18021,0,0,35863,2,2,2,2,255,0,2,15,0,0,1,0,0,0,0,0,0,0,6,0,0,-10100,44293802
2026-09-25T07:19:42.508Z,64081156000000,0x051C,0x0104,-1,2,63,-11263,-11263,0,-43988,-43993,428471,44294303,1,0,0,0,3,4,0,0,0,15,15,0,1,428471,2,1,-10000,-10000,0,0,0,0,5,0,0,0,0,6,0x5AA5,-11263,-16895,0,0,35863,2,2,2,2,255,0,2,15,0,0,1,0,0,0,0,0,0,0,6,0,0,-11200,44294303
2026-09-25T07:19:43.026Z,64081671000000,0x051C,0x0104,-1,2,63,-12390,-12390,0,-43984,-43992,428476,44294804,1,0,0,0,3,4,0,0,0,15,15,0,1,428476,2,1,-10000,-10000,0,0,0,0,5,0,0,0,0,6,0x5AA5,-12390,-21400,0,0,35863,2,2,2,2,255,0,2,15,0,0,1,0,0,0,0,0,0,0,6,0,0,-12300,44294804
2026-09-25T07:19:43.501Z,64082140000000,0x051C,0x0104,-1,2,63,-15769,-15769,0,-43986,-43989,428481,44295305,1,0,0,0,3,4,0,0,0,15,15,0,1,428481,2,1,-10000,-10000,0,0,0,0,5,0,0,0,0,6,0x5AA5,-15769,-19148,0,0,35865,2,2,2,2,255,0,2,15,0,0,1,0,0,0,0,0,0,0,6,0,0,-15700,44295305
2026-09-25T07:19:44.032Z,64082671000000,0x051C,0x0104,-1,2,63,-14642,-14642,0,-43980,-43990,428486,44295806,1,0,0,0,3,4,0,0,0,15,15,0,1,428486,2,1,-10000,-10000,0,0,0,0,5,0,0,0,0,6,0x5AA5,-14642,-25906,0,0,35865,2,2,2,2,255,0,2,15,0,0,1,0,0,0,0,0,0,0,6,0,0,-14600,44295806
2026-09-25T07:19:44.507Z,64083156000000,0x051C,0x0104,-1,2,63,-19148,-19148,0,-43988,-43986,428491,44296306,1,0,0,0,3,4,0,0,0,15,15,0,1,428491,2,1,-10000,-10000,0,0,0,0,5,0,0,0,0,6,0x5AA5,-19148,-16895,0,0,35865,2,2,2,2,255,0,2,15,0,0,1,0,0,0,0,0,0,0,6,0,0,-19100,44296306
2026-09-25T07:19:45.022Z,64083671000000,0x051C,0x0104,-1,2,63,-19148,-19148,0,-43989,-43986,428496,44296807,1,0,0,0,3,4,0,0,0,15,15,0,1,428496,2,1,-10000,-10000,0,0,0,0,5,0,0,0,0,6,0x5AA5,-19148,-15769,0,0,35865,2,2,2,2,255,0,2,15,0,0,1,0,0,0,0,0,0,0,6,0,0,-19100,44296807
2026-09-25T07:19:45.496Z,64084140000000,0x051C,0x0104,-1,2,63,-13516,-13516,0,-44009,-43991,428501,44297308,1,0,0,0,3,4,0,0,0,15,15,0,1,428501,2,1,-10000,-10000,0,0,0,0,5,0,0,0,0,6,0x5AA5,-13516,6758,0,0,35866,2,2,2,4,255,0,4,15,0,0,1,0,0,0,0,0,0,0,6,0,0,-13500,44297308
2026-09-25T07:19:46.029Z,64084671000000,0x051C,0x0104,-1,2,63,-12390,-12390,0,-43982,-43992,428506,44297809,1,0,0,0,3,4,0,0,0,15,15,0,1,428506,2,1,-10000,-10000,0,0,0,0,5,0,0,0,0,6,0x5AA5,-12390,-23653,0,0,35867,2,2,2,2,255,0,2,15,0,0,1,0,0,0,0,0,0,0,6,0,0,-12300,44297809
2026-09-25T07:19:46.505Z,64085156000000,0x051C,0x0104,-1,2,63,-10137,-10137,0,-43993,-43994,428511,44298310,1,0,0,0,3,4,0,0,0,15,15,0,1,428511,2,1,-10000,-10000,0,0,0,0,5,0,0,0,0,6,0x5AA5,-10137,-11263,0,0,35869,2,2,2,2,255,0,2,15,0,0,1,0,0,0,0,0,0,0,6,0,0,-10100,44298310
2026-09-25T07:19:47.023Z,64085671000000,0x051C,0x0104,-1,2,63,-7884,-7884,0,-43996,-43996,428516,44298811,1,0,0,0,3,4,0,0,0,15,15,0,1,428516,2,1,-10000,-10000,0,0,0,0,5,0,0,0,0,6,0x5AA5,-7884,-7884,0,0,35871,2,2,2,2,255,0,2,15,0,0,1,0,0,0,0,0,0,0,6,0,0,-7800,44298811
2026-09-25T07:19:47.499Z,64086140000000,0x051C,0x0104,-1,2,63,-5632,-5632,0,-44007,-43998,428521,44299313,1,0,0,0,3,4,0,0,0,15,15,0,1,428521,2,1,-10000,-10000,0,0,0,0,5,0,0,0,0,6,0x5AA5,-5632,4505,0,0,35874,2,2,2,4,255,0,4,15,0,0,1,0,0,0,0,0,0,0,6,0,0,-5600,44299313
2026-09-25T07:19:48.033Z,64086671000000,0x051C,0x0104,-1,2,63,-4505,-4505,0,-43998,-43999,428526,44299813,1,0,0,0,3,4,0,0,0,15,15,0,1,428526,2,1,-10000,-10000,0,0,0,0,5,0,0,0,0,6,0x5AA5,-4505,-5632,0,0,35875,2,2,2,2,255,0,2,15,0,0,1,0,0,0,0,0,0,0,6,0,0,-4500,44299813
2026-09-25T07:19:48.508Z,64087156000000,0x051C,0x0104,-1,2,63,-2253,-2253,0,-44008,-44001,428531,44300314,1,0,0,0,3,4,0,0,0,15,15,0,1,428531,2,1,-10000,-10000,0,0,0,0,5,0,0,0,0,6,0x5AA5,-2253,5632,0,0,35878,2,2,2,4,255,0,4,15,0,0,1,0,0,0,0,0,0,0,6,0,0,-2200,44300314
2026-09-25T07:19:49.022Z,64087671000000,0x051C,0x0104,-1,2,63,-4505,-4505,0,-43994,-43999,428536,44300815,1,0,0,0,3,4,0,0,0,15,15,0,1,428536,2,1,-10000,-10000,0,0,0,0,5,0,0,0,0,6,0x5AA5,-4505,-10137,0,0,35879,2,2,2,2,255,0,2,15,0,0,1,0,0,0,0,0,0,0,6,0,0,-4500,44300815
2026-09-25T07:19:49.497Z,64088140000000,0x051C,0x0104,-1,2,63,-6758,-6758,0,-43998,-43997,428541,44301316,1,0,0,0,3,4,0,0,0,15,15,0,1,428541,2,1,-10000,-10000,0,0,0,0,5,0,0,0,0,6,0x5AA5,-6758,-5632,0,0,35881,2,2,2,2,255,0,2,15,0,0,1,0,0,0,0,0,0,0,6,0,0,-6700,44301316
2026-09-25T07:19:50.032Z,64088671000000,0x051C,0x0104,-1,2,63,-6758,-6758,0,-43991,-43997,428546,44301817,1,0,0,0,3,4,0,0,0,15,15,0,1,428546,2,1,-10000,-10000,0,0,0,0,5,0,0,0,0,6,0x5AA5,-6758,-13516,0,0,35883,2,2,2,2,255,0,2,15,0,0,1,0,0,0,0,0,0,0,6,0,0,-6700,44301817
2026-09-25T07:19:50.506Z,64089156000000,0x051C,0x0104,-1,2,63,-6758,-6758,0,-43995,-43997,428551,44302318,1,0,0,0,3,4,0,0,0,15,15,0,1,428551,2,1,-10000,-10000,0,0,0,0,5,0,0,0,0,6,0x5AA5,-6758,-9011,0,0,35885,2,2,2,2,255,0,2,15,0,0,1,0,0,0,0,0,0,0,6,0,0,-6700,44302318
2026-09-25T07:19:51.021Z,64089671000000,0x051C,0x0104,-1,2,63,-3379,-3379,0,-44001,-44000,428556,44302819,1,0,0,0,3,4,0,0,0,15,15,0,1,428556,2,1,-10000,-10000,0,0,0,0,5,0,0,0,0,6,0x5AA5,-3379,-2253,0,0,35887,2,2,2,2,255,0,2,15,0,0,1,0,0,0,0,0,0,0,6,0,0,-3300,44302819
2026-09-25T07:19:51.496Z,64090140000000,0x051C,0x0104,-1,2,63,-3379,-3379,0,-43996,-44000,428561,44303319,1,0,0,0,3,4,0,0,0,15,15,0,1,428561,2,1,-10000,-10000,0,0,0,0,5,0,0,0,0,6,0x5AA5,-3379,-7884,0,0,35889,2,2,2,2,255,0,2,15,0,0,1,0,0,0,0,0,0,0,6,0,0,-3300,44303319
2026-09-25T07:19:52.029Z,64090671000000,0x051C,0x0104,-1,2,63,-3379,-3379,0,-43991,-44000,428566,44303820,1,0,0,0,3,4,0,0,0,15,15,0,1,428566,2,1,-10000,-10000,0,0,0,0,5,0,0,0,0,6,0x5AA5,-3379,-13516,0,0,35891,2,2,2,2,255,0,2,15,0,0,1,0,0,0,0,0,0,0,6,0,0,-3300,44303820
2026-09-25T07:19:52.505Z,64091156000000,0x051C,0x0104,-1,2,63,-3379,-3379,0,-44001,-44000,428571,44304321,1,0,0,0,3,4,0,0,0,15,15,0,1,428571,2,1,-10000,-10000,0,0,0,0,5,0,0,0,0,6,0x5AA5,-3379,-2253,0,0,35893,2,2,2,2,255,0,2,15,0,0,1,0,0,0,0,0,0,0,6,0,0,-3300,44304321
2026-09-25T07:19:53.023Z,64091671000000,0x051C,0x0104,-1,2,63,2253,2253,0,-44019,-44005,428576,44304822,1,0,0,0,3,4,0,0,0,15,15,0,1,428576,2,1,-10000,-10000,0,0,0,0,5,0,0,0,0,6,0x5AA5,2253,18021,0,0,35894,2,4,2,4,255,0,4,15,0,0,1,0,0,0,0,0,0,0,6,0,0,2200,44304822
2026-09-25T07:19:53.500Z,64092140000000,0x051C,0x0104,-1,2,63,3379,3379,0,-44000,-44006,428581,44305323,1,0,0,0,3,4,0,0,0,15,15,0,1,428581,2,1,-10000,-10000,0,0,0,0,5,0,0,0,0,6,0x5AA5,3379,-3379,0,0,35895,2,4,2,2,255,0,2,15,0,0,1,0,0,0,0,0,0,0,6,0,0,3300,44305323
2026-09-25T07:19:54.030Z,64092671000000,0x051C,0x0104,-1,2,63,-2253,-2253,0,-43981,-44001,428586,44305824,1,0,0,0,3,4,0,0,0,15,15,0,1,428586,2,1,-10000,-10000,0,0,0,0,5,0,0,0,0,6,0x5AA5,-2253,-24779,0,0,35897,2,2,2,2,255,0,2,15,0,0,1,0,0,0,0,0,0,0,6,0,0,-2200,44305824
2026-09-25T07:19:54.506Z,64093156000000,0x051C,0x0104,-1,2,63,-5632,-5632,0,-44001,-43998,428591,44306325,1,0,0,0,3,4,0,0,0,15,15,0,1,428591,2,1,-10000,-10000,0,0,0,0,5,0,0,0,0,6,0x5AA5,-5632,-2253,0,0,35899,2,2,2,2,255,0,2,15,0,0,1,0,0,0,0,0,0,0,6,0,0,-5600,44306325
2026-09-25T07:19:55.026Z,64093671000000,0x051C,0x0104,-1,2,63,-3379,-3379,0,-44018,-44000,428595,44306830,1,0,0,0,3,4,0,0,0,15,15,0,1,428596,2,1,-10000,-10000,0,0,0,0,5,0,0,0,0,6,0x5AA5,-4505,6758,0,0,35902,2,2,2,4,255,0,4,15,0,0,1,0,0,0,0,0,0,0,6,0,0,-4500,44306726
2026-09-25T07:19:55.502Z,64094140000000,0x051C,0x0104,-1,2,63,-3379,-3379,0,-44005,-44000,428601,44307327,1,0,0,0,3,4,0,0,0,15,15,0,1,428601,2,1,-10000,-10000,0,0,0,0,5,0,0,0,0,6,0x5AA5,-3379,2253,0,0,35904,2,2,2,4,255,0,4,15,0,0,1,0,0,0,0,0,0,0,6,0,0,-3300,44307327
2026-09-25T07:19:56.034Z,64094671000000,0x051C,0x0104,-1,2,63,-3379,-3379,0,-44000,-44000,428606,44307828,1,0,0,0,3,4,0,0,0,15,15,0,1,428606,2,1,-10000,-10000,0,0,0,0,5,0,0,0,0,6,0x5AA5,-3379,-3379,0,0,35905,2,2,2,2,255,0,2,15,0,0,1,0,0,0,0,0,0,0,6,0,0,-3300,44307828
2026-09-25T07:19:56.508Z,64095156000000,0x051C,0x0104,-1,2,63,-1126,-1126,0,-44004,-44002,428611,44308329,1,0,0,0,3,4,0,0,0,15,15,0,1,428611,2,1,-10000,-10000,0,0,0,0,5,0,0,0,0,6,0x5AA5,-1126,1126,0,0,35908,2,2,2,4,255,0,4,15,0,0,1,0,0,0,0,0,0,0,6,0,0,-1100,44308329
2026-09-25T07:19:57.029Z,64095671000000,0x051C,0x0104,-1,2,63,-4505,-4505,0,-44007,-43999,428615,44308833,1,0,0,0,3,4,0,0,0,15,15,0,1,428616,2,1,-10000,-10000,0,0,0,0,5,0,0,0,0,6,0x5AA5,-4505,-4505,0,0,35909,2,2,2,2,255,0,2,15,0,0,1,0,0,0,0,0,0,0,6,0,0,-4500,44308730
2026-09-25T07:19:57.507Z,64096156000000,0x051C,0x0104,-1,2,63,-4505,-4505,0,-44010,-43999,428621,44309331,1,0,0,0,3,4,0,0,0,15,15,0,1,428621,2,1,-10000,-10000,0,0,0,0,5,0,0,0,0,6,0x5AA5,-4505,7884,0,0,35912,2,2,2,4,255,0,4,15,0,0,1,0,0,0,0,0,0,0,6,0,0,-4500,44309331
2026-09-25T07:19:58.025Z,64096671000000,0x051C,0x0104,-1,2,63,-5632,-5632,0,-44057,-43998,428625,44309832,1,0,0,0,3,4,0,0,0,15,15,0,1,428626,2,1,-10000,-10000,0,0,0,0,5,0,0,0,0,6,0x5AA5,-5632,-4505,0,0,35913,2,2,2,2,255,0,2,15,0,0,1,0,0,0,0,0,0,0,6,0,0,-5600,44309731
2026-09-25T07:19:58.505Z,64097156000000,0x051C,0x0104,-1,2,63,-2253,-2253,0,-43983,-44001,428630,44310335,1,0,0,0,3,4,0,0,0,15,15,0,1,428631,2,1,-10000,-10000,0,0,0,0,5,0,0,0,0,6,0x5AA5,0,-11263,0,0,35915,2,3,2,2,255,0,2,15,0,0,1,0,0,0,0,0,0,0,6,0,0,0,44310233
2026-09-25T07:19:59.020Z,64097671000000,0x051C,0x0104,-1,2,63,-7884,-7884,0,-43986,-43996,428635,44310833,1,0,0,0,3,4,0,0,0,15,15,0,1,428636,2,1,-10000,-10000,0,0,0,0,5,0,0,0,0,6,0x5AA5,-6758,-16895,0,0,35915,2,2,2,2,255,0,2,15,0,0,1,0,0,0,0,0,0,0,6,0,0,-6700,44310733
2026-09-25T07:19:59.495Z,64098140000000,0x051C,0x0104,-1,2,63,-7884,-7884,0,-44000,-43996,428640,44311334,1,0,0,0,3,4,0,0,0,15,15,0,1,428641,2,1,-10000,-10000,0,0,0,0,5,0,0,0,0,6,0x5AA5,-9011,-4505,0,0,35915,2,2,2,2,255,0,2,15,0,0,1,0,0,0,0,0,0,0,6,0,0,-9000,44311234
2026-09-25T07:20:00.032Z,64098671000000,0x051C,0x0104,-1,2,63,-9011,-9011,0,-44005,-43995,428645,44311836,1,0,0,0,3,4,0,0,0,15,15,0,1,428646,2,1,-10000,-10000,0,0,0,0,5,0,0,0,0,6,0x5AA5,-10137,-5632,0,0,35915,2,2,2,2,255,0,2,15,0,0,1,0,0,0,0,0,0,0,6,0,0,-10100,44311735
2026-09-25T07:20:00.510Z,64099156000000,0x051C,0x0104,-1,2,63,-6758,-6758,0,-43977,-43997,428650,44312341,1,0,0,0,3,4,0,0,0,15,15,0,1,428651,2,1,-10000,-10000,0,0,0,0,5,0,0,0,0,6,0x5AA5,-5632,-10137,0,0,35917,2,2,2,2,255,0,2,15,0,0,1,0,0,0,0,0,0,0,6,0,0,-5600,44312236
2026-09-25T07:20:01.027Z,64099671000000,0x051C,0x0104,-1,2,63,-7884,-7884,0,-43991,-43996,428655,44312837,1,0,0,0,3,4,0,0,0,15,15,0,1,428656,2,1,-10000,-10000,0,0,0,0,5,0,0,0,0,6,0x5AA5,-6758,-10137,0,0,35919,2,2,2,2,255,0,2,15,0,0,1,0,0,0,0,0,0,0,6,0,0,-6700,44312737
2026-09-25T07:20:01.504Z,64100156000000,0x051C,0x0104,-1,2,63,-12390,-12390,0,-43992,-43992,428660,44313338,1,0,0,0,3,4,0,0,0,15,15,0,1,428661,2,1,-10000,-10000,0,0,0,0,5,0,0,0,0,6,0x5AA5,-12390,7884,0,0,35920,2,2,2,4,255,0,4,15,0,0,1,0,0,0,0,0,0,0,6,0,0,-12300,44313238
2026-09-25T07:20:02.021Z,64100671000000,0x051C,0x0104,-1,2,63,-15769,-15769,0,-43982,-43989,428665,44313839,1,0,0,0,3,4,0,0,0,15,15,0,1,428666,2,1,-10000,-10000,0,0,0,0,5,0,0,0,0,6,0x5AA5,-14642,-23653,0,0,35921,2,2,2,2,255,0,2,15,0,0,1,0,0,0,0,0,0,0,6,0,0,-14600,44313739
2026-09-25T07:20:02.496Z,64101140000000,0x051C,0x0104,-1,2,63,-15769,-15769,0,-43995,-43989,428670,44314340,1,0,0,0,3,4,0,0,0,15,15,0,1,428671,2,1,-10000,-10000,0,0,0,0,5,0,0,0,0,6,0x5AA5,-16895,-3379,0,0,35921,2,2,2,2,255,0,2,15,0,0,1,0,0,0,0,0,0,0,6,0,0,-16800,44314240
2026-09-25T07:20:03.031Z,64101671000000,0x051C,0x0104,-1,2,63,-9011,-9011,0,-44012,-43995,428675,44314841,1,0,0,0,3,4,0,0,0,15,15,0,1,428676,2,1,-10000,-10000,0,0,0,0,5,0,0,0,0,6,0x5AA5,-11263,-10137,0,0,35923,2,2,2,2,255,0,2,15,0,0,1,0,0,0,0,0,0,0,6,0,0,-11200,44314740
2026-09-25T07:20:03.506Z,64102156000000,0x051C,0x0104,-1,2,63,-7884,-7884,0,-43992,-43996,428680,44315342,1,0,0,0,3,4,0,0,0,15,15,0,1,428681,2,1,-10000,-10000,0,0,0,0,5,0,0,0,0,6,0x5AA5,-6758,-11263,0,0,35927,2,2,2,2,255,0,2,15,0,0,1,0,0,0,0,0,0,0,6,0,0,-6700,44315241
2026-09-25T07:20:04.025Z,64102671000000,0x051C,0x0104,-1,2,63,-13516,-13516,0,-43985,-43991,428685,44315842,1,0,0,0,3,4,0,0,0,15,15,0,1,428686,2,1,-10000,-10000,0,0,0,0,5,0,0,0,0,6,0x5AA5,-12390,-29285,0,0,35927,2,2,2,2,255,0,2,15,0,0,1,0,0,0,0,0,0,0,6,0,0,-12300,44315742
2026-09-25T07:20:04.501Z,64103140000000,0x051C,0x0104,-1,2,63,-9011,-9011,0,-43993,-43995,428690,44316343,1,0,0,0,3,4,0,0,0,15,15,0,1,428691,2,1,-10000,-10000,0,0,0,0,5,0,0,0,0,6,0x5AA5,-9011,-14642,0,0,35929,2,2,2,2,255,0,2,15,0,0,1,0,0,0,0,0,0,0,6,0,0,-9000,44316243
2026-09-25T07:20:05.033Z,64103671000000,0x051C,0x0104,-1,2,63,-4505,-4505,0,-44009,-43999,428695,44316844,1,0,0,0,3,4,0,0,0,15,15,0,1,428696,2,1,-10000,-10000,0,0,0,0,5,0,0,0,0,6,0x5AA5,-5632,2253,0,0,35930,2,2,2,4,255,0,4,15,0,0,1,0,0,0,0,0,0,0,6,0,0,-5600,44316744
2026-09-25T07:20:05.508Z,64104156000000,0x051C,0x0104,-1,2,63,-5632,-5632,0,-44003,-43998,428700,44317345,1,0,0,0,3,4,0,0,0,15,15,0,1,428701,2,1,-10000,-10000,0,0,0,0,5,0,0,0,0,6,0x5AA5,-4505,-27032,0,0,35931,2,2,2,2,255,0,2,15,0,0,1,0,0,0,0,0,0,0,6,0,0,-4500,44317245
2026-09-25T07:20:06.030Z,64104671000000,0x051C,0x0104,-1,2,63,-13516,-13516,0,-44003,-43991,428705,44317846,1,0,0,0,3,4,0,0,0,15,15,0,1,428706,2,1,-10000,-10000,0,0,0,0,5,0,0,0,0,6,0x5AA5,-12390,-22527,0,0,35931,2,2,2,2,255,0,2,15,0,0,1,0,0,0,0,0,0,0,6,0,0,-12300,44317746
2026-09-25T07:20:06.505Z,64105156000000,0x051C,0x0104,-1,2,63,-9011,-9011,0,-43998,-43995,428710,44318347,1,0,0,0,3,4,0,0,0,15,15,0,1,428711,2,1,-10000,-10000,0,0,0,0,5,0,0,0,0,6,0x5AA5,-9011,-12390,0,0,35933,2,2,2,2,255,0,2,15,0,0,1,0,0,0,0,0,0,0,6,0,0,-9000,44318247
2026-09-25T07:20:07.021Z,64105671000000,0x051C,0x0104,-1,2,63,-10137,-10137,0,-43991,-43994,428715,44318748,1,0,0,0,3,4,0,0,0,15,15,0,1,428715,2,1,-10000,-10000,0,0,0,0,5,0,0,0,0,6,0x5AA5,-10137,-13516,0,0,35935,2,2,2,2,255,0,2,15,0,0,1,0,0,0,0,0,0,0,6,0,0,-10100,44318748
2026-09-25T07:20:07.496Z,64106140000000,0x051C,0x0104,-1,2,63,-7884,-7884,0,-44002,-43996,428720,44319249,1,0,0,0,3,4,0,0,0,15,15,0,1,428720,2,1,-10000,-10000,0,0,0,0,5,0,0,0,0,6,0x5AA5,-7884,-1126,0,0,35937,2,2,2,2,255,0,2,15,0,0,1,0,0,0,0,0,0,0,6,0,0,-7800,44319249
2026-09-25T07:20:08.032Z,64106671000000,0x051C,0x0104,-1,2,63,-13516,-13516,0,-43977,-43991,428725,44319850,1,0,0,0,3,4,0,0,0,15,15,0,1,428726,2,1,-10000,-10000,0,0,0,0,5,0,0,0,0,6,0x5AA5,-11263,-28158,0,0,35937,2,2,2,2,255,0,2,15,0,0,1,0,0,0,0,0,0,0,6,0,0,-11200,44319749
2026-09-25T07:20:08.509Z,64107156000000,0x051C,0x0104,-1,2,63,-16895,-16895,0,-44018,-43988,428730,44320351,1,0,0,0,3,4,0,0,0,15,15,0,1,428731,2,1,-10000,-10000,0,0,0,0,5,0,0,0,0,6,0x5AA5,-18021,-11263,0,0,35937,2,2,2,2,255,0,2,15,0,0,1,0,0,0,0,0,0,0,6,0,0,-18000,44320250
2026-09-25T07:20:09.026Z,64107671000000,0x051C,0x0104,-1,2,63,-13516,-13516,0,-43986,-43991,428735,44320751,1,0,0,0,3,4,0,0,0,15,15,0,1,428735,2,1,-10000,-10000,0,0,0,0,5,0,0,0,0,6,0x5AA5,-13516,-19148,0,0,35939,2,2,2,2,255,0,2,15,0,0,1,0,0,0,0,0,0,0,6,0,0,-13500,44320751
2026-09-25T07:20:09.500Z,64108140000000,0x051C,0x0104,-1,2,63,-10137,-10137,0,-43999,-43994,428740,44321253,1,0,0,0,3,4,0,0,0,15,15,0,1,428740,2,1,-10000,-10000,0,0,0,0,5,0,0,0,0,6,0x5AA5,-10137,-4505,0,0,35941,2,2,2,2,255,0,2,15,0,0,1,0,0,0,0,0,0,0,6,0,0,-10100,44321253
2026-09-25T07:20:10.037Z,64108687000000,0x051C,0x0104,-1,2,63,-14642,-14642,0,-43997,-43990,428745,44321853,1,0,0,0,3,4,0,0,0,15,15,0,1,428746,2,1,-10000,-10000,0,0,0,0,5,0,0,0,0,6,0x5AA5,-14642,-14642,0,0,35941,2,2,2,2,255,0,2,15,0,0,1,0,0,0,0,0,0,0,6,0,0,-14600,44321753
2026-09-25T07:20:10.496Z,64109140000000,0x051C,0x0104,-1,2,63,-11263,-11263,0,-43994,-43993,428750,44322254,1,0,0,0,3,4,0,0,0,15,15,0,1,428750,2,1,-10000,-10000,0,0,0,0,5,0,0,0,0,6,0x5AA5,-11263,-10137,0,0,35941,2,2,2,2,255,0,2,15,0,0,1,0,0,0,0,0,0,0,6,0,0,-11200,44322254
2026-09-25T07:20:11.030Z,64109671000000,0x051C,0x0104,-1,2,63,-10137,-10137,0,-44002,-43994,428755,44322755,1,0,0,0,3,4,0,0,0,15,15,0,1,428755,2,1,-10000,-10000,0,0,0,0,5,0,0,0,0,6,0x5AA5,-10137,-1126,0,0,35941,2,2,2,2,255,0,2,15,0,0,1,0,0,0,0,0,0,0,6,0,0,-10100,44322755
2026-09-25T07:20:11.505Z,64110156000000,0x051C,0x0104,-1,2,63,-15769,-15769,0,-43979,-43989,428760,44323256,1,0,0,0,3,4,0,0,0,15,15,0,1,428760,2,1,-10000,-10000,0,0,0,0,5,0,0,0,0,6,0x5AA5,-15769,-27032,0,0,35941,2,2,2,2,255,0,2,15,0,0,1,0,0,0,0,0,0,0,6,0,0,-15700,44323256
2026-09-25T07:20:12.019Z,64110671000000,0x051C,0x0104,-1,2,63,-11263,-11263,0,-43990,-43993,428765,44323757,1,0,0,0,3,4,0,0,0,15,15,0,1,428765,2,1,-10000,-10000,0,0,0,0,5,0,0,0,0,6,0x5AA5,-11263,-14642,0,0,35943,2,2,2,2,255,0,2,15,0,0,1,0,0,0,0,0,0,0,6,0,0,-11200,44323757
2026-09-25T07:20:12.494Z,64111140000000,0x051C,0x0104,-1,2,63,-11263,-11263,0,-44001,-43993,428770,44324258,1,0,0,0,3,4,0,0,0,15,15,0,1,428770,2,1,-10000,-10000,0,0,0,0,5,0,0,0,0,6,0x5AA5,-11263,-2253,0,0,35943,2,2,2,2,255,0,2,15,0,0,1,0,0,0,0,0,0,0,6,0,0,-11200,44324258
2026-09-25T07:20:13.026Z,64111671000000,0x051C,0x0104,-1,2,63,-12390,-12390,0,-43989,-43992,428775,44324759,1,0,0,0,3,4,0,0,0,15,15,0,1,428775,2,1,-10000,-10000,0,0,0,0,5,0,0,0,0,6,0x5AA5,-12390,-15769,0,0,35943,2,2,2,2,255,0,2,15,0,0,1,0,0,0,0,0,0,0,6,0,0,-12300,44324759
2026-09-25T07:20:13.503Z,64112156000000,0x051C,0x0104,-1,2,63,-9011,-9011,0,-43986,-43995,428780,44325260,1,0,0,0,3,4,0,0,0,15,15,0,1,428780,2,1,-10000,-10000,0,0,0,0,5,0,0,0,0,6,0x5AA5,-9011,-19148,0,0,35943,2,2,2,2,255,0,2,15,0,0,1,0,0,0,0,0,0,0,6,0,0,-9000,44325260
2026-09-25T07:20:14.022Z,64112671000000,0x051C,0x0104,-1,2,63,-9011,-9011,0,-43999,-43995,428785,44325760,1,0,0,0,3,4,0,0,0,15,15,0,1,428785,2,1,-10000,-10000,0,0,0,0,5,0,0,0,0,6,0x5AA5,-9011,-4505,0,0,35945,2,2,2,2,255,0,2,15,0,0,1,0,0,0,0,0,0,0,6,0,0,-9000,44325760
2026-09-25T07:20:14.498Z,64113140000000,0x051C,0x0104,-1,2,63,-5632,-5632,0,-43989,-43998,428790,44326261,1,0,0,0,3,4,0,0,0,15,15,0,1,428790,2,1,-10000,-10000,0,0,0,0,5,0,0,0,0,6,0x5AA5,-5632,-15769,0,0,35947,2,2,2,2,255,0,2,15,0,0,1,0,0,0,0,0,0,0,6,0,0,-5600,44326261
2026-09-25T07:20:15.031Z,64113671000000,0x051C,0x0104,-1,2,63,-2253,-2253,0,-43997,-44001,428795,44326762,1,0,0,0,3,4,0,0,0,15,15,0,1,428795,2,1,-10000,-10000,0,0,0,0,5,0,0,0,0,6,0x5AA5,-2253,-6758,0,0,35949,2,2,2,2,255,0,2,15,0,0,1,0,0,0,0,0,0,0,6,0,0,-2200,44326762
2026-09-25T07:20:15.506Z,64114156000000,0x051C,0x0104,-1,2,63,-1126,-1126,0,-43991,-44002,428800,44327263,1,0,0,0,3,4,0,0,0,15,15,0,1,428800,2,1,-10000,-10000,0,0,0,0,5,0,0,0,0,6,0x5AA5,-1126,-13516,0,0,35951,2,2,2,2,255,0,2,15,0,0,1,0,0,0,0,0,0,0,6,0,0,-1100,44327263
2026-09-25T07:20:16.026Z,64114671000000,0x051C,0x0104,-1,2,63,-3379,-3379,0,-43993,-44000,428805,44327764,1,0,0,0,3,4,0,0,0,15,15,0,1,428805,2,1,-10000,-10000,0,0,0,0,5,0,0,0,0,6,0x5AA5,-3379,-11263,0,0,35955,2,2,2,2,255,0,2,15,0,0,1,0,0,0,0,0,0,0,6,0,0,-3300,44327764
2026-09-25T07:20:16.500Z,64115140000000,0x051C,0x0104,-1,2,63,-5632,-5632,0,-44007,-43998,428810,44328265,1,0,0,0,3,4,0,0,0,15,15,0,1,428810,2,1,-10000,-10000,0,0,0,0,5,0,0,0,0,6,0x5AA5,-5632,4505,0,0,35956,2,2,2,4,255,0,4,15,0,0,1,0,0,0,0,0,0,0,6,0,0,-5600,44328265
2026-09-25T07:20:17.032Z,64115671000000,0x051C,0x0104,-1,2,63,-3379,-3379,0,-44025,-44000,428815,44328766,1,0,0,0,3,4,0,0,0,15,15,0,1,428815,2,1,-10000,-10000,0,0,0,0,5,0,0,0,0,6,0x5AA5,-3379,24779,0,0,35958,2,2,2,4,255,0,4,15,0,0,1,0,0,0,0,0,0,0,6,0,0,-3300,44328766
2026-09-25T07:20:17.506Z,64116156000000,0x051C,0x0104,-1,2,63,1126,1126,0,-44012,-44004,428820,44329267,1,0,0,0,3,4,0,0,0,15,15,0,1,428820,2,1,-10000,-10000,0,0,0,0,5,0,0,0,0,6,0x5AA5,1126,10137,0,0,35960,2,4,2,4,255,0,4,15,0,0,1,0,0,0,0,0,0,0,6,0,0,1100,44329267
2026-09-25T07:20:18.022Z,64116671000000,0x051C,0x0104,-1,2,63,1126,1126,0,-44005,-44004,428825,44329768,1,0,0,0,3,4,0,0,0,15,15,0,1,428825,2,1,-10000,-10000,0,0,0,0,5,0,0,0,0,6,0x5AA5,1126,2253,0,0,35962,2,4,2,4,255,0,4,15,0,0,1,0,0,0,0,0,0,0,6,0,0,1100,44329768
2026-09-25T07:20:18.497Z,64117140000000,0x051C,0x0104,-1,2,63,-9011,-9011,0,-44004,-43995,428830,44330269,1,0,0,0,3,4,0,0,0,15,15,0,1,428830,2,1,-10000,-10000,0,0,0,0,5,0,0,0,0,6,0x5AA5,-9011,1126,0,0,35964,2,2,2,4,255,0,4,15,0,0,1,0,0,0,0,0,0,0,6,0,0,-9000,44330269
2026-09-25T07:20:19.030Z,64117671000000,0x051C,0x0104,-1,2,63,-6758,-6758,0,-44007,-43997,428835,44330770,1,0,0,0,3,4,0,0,0,15,15,0,1,428835,2,1,-10000,-10000,0,0,0,0,5,0,0,0,0,6,0x5AA5,-6758,4505,0,0,35966,2,2,2,4,255,0,4,15,0,0,1,0,0,0,0,0,0,0,6,0,0,-6700,44330770
2026-09-25T07:20:19.506Z,64118156000000,0x051C,0x0104,-1,2,63,-5632,-5632,0,-43985,-43998,428840,44331271,1,0,0,0,3,4,0,0,0,15,15,0,1,428840,2,1,-10000,-10000,0,0,0,0,5,0,0,0,0,6,0x5AA5,-5632,-20274,0,0,35967,2,2,2,2,255,0,2,15,0,0,1,0,0,0,0,0,0,0,6,0,0,-5600,44331271
2026-09-25T07:20:20.024Z,64118671000000,0x051C,0x0104,-1,2,63,-7884,-7884,0,-44003,-43996,428845,44331771,1,0,0,0,3,4,0,0,0,15,15,0,1,428845,2,1,-10000,-10000,0,0,0,0,5,0,0,0,0,6,0x5AA5,-7884,0,0,0,35968,2,2,2,4,255,0,4,15,0,0,1,0,0,0,0,0,0,0,6,0,0,-7800,44331771
2026-09-25T07:20:20.499Z,64119140000000,0x051C,0x0104,-1,2,63,-3379,-3379,0,-43990,-44000,428850,44332273,1,0,0,0,3,4,0,0,0,15,15,0,1,428850,2,1,-10000,-10000,0,0,0,0,5,0,0,0,0,6,0x5AA5,-3379,-14642,0,0,35969,2,2,2,2,255,0,2,15,0,0,1,0,0,0,0,0,0,0,6,0,0,-3300,44332273
2026-09-25T07:20:21.033Z,64119671000000,0x051C,0x0104,-1,2,63,-10137,-10137,0,-43968,-43994,428855,44332773,1,0,0,0,3,4,0,0,0,15,15,0,1,428855,2,1,-10000,-10000,0,0,0,0,5,0,0,0,0,6,0x5AA5,-10137,-39422,0,0,35969,2,2,2,2,255,0,2,15,0,0,1,0,0,0,0,0,0,0,6,0,0,-10100,44332773
2026-09-25T07:20:21.507Z,64120156000000,0x051C,0x0104,-1,2,63,-15769,-15769,0,-44003,-43989,428860,44333274,1,0,0,0,3,4,0,0,0,15,15,0,1,428860,2,1,-10000,-10000,0,0,0,0,5,0,0,0,0,6,0x5AA5,-15769,0,0,0,35969,2,2,2,2,255,0,2,15,0,0,1,0,0,0,0,0,0,0,6,0,0,-15700,44333274
2026-09-25T07:20:22.024Z,64120671000000,0x051C,0x0104,-1,2,63,-18021,-18021,0,-44009,-43987,428865,44333775,1,0,0,0,3,4,0,0,0,15,15,0,1,428865,2,1,-10000,-10000,0,0,0,0,5,0,0,0,0,6,0x5AA5,-18021,6758,0,0,35970,2,2,2,4,255,0,4,15,0,0,1,0,0,0,0,0,0,0,6,0,0,-18000,44333775
2026-09-25T07:20:22.499Z,64121140000000,0x051C,0x0104,-1,2,63,-9011,-9011,0,-43991,-43995,428870,44334276,1,0,0,0,3,4,0,0,0,15,15,0,1,428870,2,1,-10000,-10000,0,0,0,0,5,0,0,0,0,6,0x5AA5,-9011,-13516,0,0,35971,2,2,2,2,255,0,2,15,0,0,1,0,0,0,0,0,0,0,6,0,0,-9000,44334276
2026-09-25T07:20:23.032Z,64121671000000,0x051C,0x0104,-1,2,63,-9011,-9011,0,-43976,-43995,428875,44334777,1,0,0,0,3,4,0,0,0,15,15,0,1,428875,2,1,-10000,-10000,0,0,0,0,5,0,0,0,0,6,0x5AA5,-9011,-30411,0,0,35973,2,2,2,2,255,0,2,15,0,0,1,0,0,0,0,0,0,0,6,0,0,-9000,44334777
2026-09-25T07:20:23.508Z,64122156000000,0x051C,0x0104,-1,2,63,-13516,-13516,0,-43997,-43991,428880,44335278,1,0,0,0,3,4,0,0,0,15,15,0,1,428880,2,1,-10000,-10000,0,0,0,0,5,0,0,0,0,6,0x5AA5,-13516,-6758,0,0,35973,2,2,2,2,255,0,2,15,0,0,1,0,0,0,0,0,0,0,6,0,0,-13500,44335278
2026-09-25T07:20:24.023Z,64122671000000,0x051C,0x0104,-1,2,63,-10137,-10137,0,-44003,-43994,428885,44335778,1,0,0,0,3,4,0,0,0,15,15,0,1,428885,2,1,-10000,-10000,0,0,0,0,5,0,0,0,0,6,0x5AA5,-10137,0,0,0,35973,2,2,2,2,255,0,2,15,0,0,1,0,0,0,0,0,0,0,6,0,0,-10100,44335778
2026-09-25T07:20:24.498Z,64123140000000,0x051C,0x0104,-1,2,63,-6758,-6758,0,-43997,-43997,428890,44336279,1,0,0,0,3,4,0,0,0,15,15,0,1,428890,2,1,-10000,-10000,0,0,0,0,5,0,0,0,0,6,0x5AA5,-6758,-6758,0,0,35975,2,2,2,2,255,0,2,15,0,0,1,0,0,0,0,0,0,0,6,0,0,-6700,44336279
2026-09-25T07:20:25.032Z,64123671000000,0x051C,0x0104,-1,2,63,-7884,-7884,0,-43997,-43996,428895,44336780,1,0,0,0,3,4,0,0,0,15,15,0,1,428895,2,1,-10000,-10000,0,0,0,0,5,0,0,0,0,6,0x5AA5,-7884,-6758,0,0,35975,2,2,2,2,255,0,2,15,0,0,1,0,0,0,0,0,0,0,6,0,0,-7800,44336780
2026-09-25T07:20:25.506Z,64124156000000,0x051C,0x0104,-1,2,63,-5632,-5632,0,-44015,-43998,428900,44337281,1,0,0,0,3,4,0,0,0,15,15,0,1,428900,2,1,-10000,-10000,0,0,0,0,5,0,0,0,0,6,0x5AA5,-5632,13516,0,0,35976,2,2,2,4,255,0,4,15,0,0,1,0,0,0,0,0,0,0,6,0,0,-5600,44337281
2026-09-25T07:20:26.022Z,64124671000000,0x051C,0x0104,-1,2,63,-1126,-1126,0,-44004,-44002,428905,44337782,1,0,0,0,3,4,0,0,0,15,15,0,1,428905,2,1,-10000,-10000,0,0,0,0,5,0,0,0,0,6,0x5AA5,-1126,1126,0,0,35978,2,2,2,4,255,0,4,15,0,0,1,0,0,0,0,0,0,0,6,0,0,-1100,44337782
2026-09-25T07:20:26.497Z,64125140000000,0x051C,0x0104,-1,2,63,3379,3379,0,-44010,-44006,428910,44338283,1,0,0,0,3,4,0,0,0,15,15,0,1,428910,2,1,-10000,-10000,0,0,0,0,5,0,0,0,0,6,0x5AA5,3379,7884,0,0,35980,2,4,2,4,255,0,4,15,0,0,1,0,0,0,0,0,0,0,6,0,0,3300,44338283
2026-09-25T07:20:27.033Z,64125671000000,0x051C,0x0104,-1,2,63,4505,4505,0,-43999,-44007,428915,44338784,1,0,0,0,3,4,0,0,0,15,15,0,1,428915,2,1,-10000,-10000,0,0,0,0,5,0,0,0,0,6,0x5AA5,4505,-4505,0,0,35983,2,4,2,2,255,0,2,15,0,0,1,0,0,0,0,0,0,0,6,0,0,4500,44338784
2026-09-25T07:20:27.508Z,64126156000000,0x051C,0x0104,-1,2,63,3379,3379,0,-44003,-44006,428920,44339285,1,0,0,0,3,4,0,0,0,15,15,0,1,428920,2,1,-10000,-10000,0,0,0,0,5,0,0,0,0,6,0x5AA5,3379,0,0,0,35985,2,4,2,2,255,0,2,15,0,0,1,0,0,0,0,0,0,0,6,0,0,3300,44339285
2026-09-25T07:20:28.023Z,64126671000000,0x051C,0x0104,-1,2,63,3379,3379,0,-44000,-44006,428925,44339785,1,0,0,0,3,4,0,0,0,15,15,0,1,428925,2,1,-10000,-10000,0,0,0,0,5,0,0,0,0,6,0x5AA5,3379,-3379,0,0,35987,2,4,2,2,255,0,2,15,0,0,1,0,0,0,0,0,0,0,6,0,0,3300,44339785
2026-09-25T07:20:28.499Z,64127140000000,0x051C,0x0104,-1,2,63,0,0,0,-44011,-44003,428930,44340286,1,0,0,0,3,4,0,0,0,15,15,0,1,428930,2,1,-10000,-10000,0,0,0,0,5,0,0,0,0,6,0x5AA5,0,9011,0,0,35990,2,3,2,4,255,0,4,15,0,0,1,0,0,0,0,0,0,0,6,0,0,0,44340286
2026-09-25T07:20:29.032Z,64127671000000,0x051C,0x0104,-1,2,63,1126,1126,0,-43985,-44004,428935,44340787,1,0,0,0,3,4,0,0,0,15,15,0,1,428935,2,1,-10000,-10000,0,0,0,0,5,0,0,0,0,6,0x5AA5,1126,-20274,0,0,35993,2,4,2,2,255,0,2,15,0,0,1,0,0,0,0,0,0,0,6,0,0,1100,44340787
2026-09-25T07:20:29.506Z,64128156000000,0x051C,0x0104,-1,2,63,-7884,-7884,0,-43983,-43996,428940,44341288,1,0,0,0,3,4,0,0,0,15,15,0,1,428940,2,1,-10000,-10000,0,0,0,0,5,0,0,0,0,6,0x5AA5,-7884,-22527,0,0,35993,2,2,2,2,255,0,2,15,0,0,1,0,0,0,0,0,0,0,6,0,0,-7800,44341288
2026-09-25T07:20:30.023Z,64128671000000,0x051C,0x0104,-1,2,63,-14642,-14642,0,-43979,-43990,428945,44341789,1,0,0,0,3,4,0,0,0,15,15,0,1,428945,2,1,-10000,-10000,0,0,0,0,5,0,0,0,0,6,0x5AA5,-14642,-27032,0,0,35993,2,2,2,2,255,0,2,15,0,0,1,0,0,0,0,0,0,0,6,0,0,-14600,44341789
2026-09-25T07:20:30.499Z,64129140000000,0x051C,0x0104,-1,2,63,-13516,-13516,0,-43990,-43991,428950,44342289,1,0,0,0,3,4,0,0,0,15,15,0,1,428950,2,1,-10000,-10000,0,0,0,0,5,0,0,0,0,6,0x5AA5,-13516,-14642,0,0,35993,2,2,2,2,255,0,2,15,0,0,1,0,0,0,0,0,0,0,6,0,0,-13500,44342289
2026-09-25T07:20:31.032Z,64129671000000,0x051C,0x0104,-1,2,63,-9011,-9011,0,-43996,-43995,428955,44342790,1,0,0,0,3,4,0,0,0,15,15,0,1,428955,2,1,-10000,-10000,0,0,0,0,5,0,0,0,0,6,0x5AA5,-9011,-7884,0,0,35995,2,2,2,2,255,0,2,15,0,0,1,0,0,0,0,0,0,0,6,0,0,-9000,44342790
2026-09-25T07:20:31.506Z,64130156000000,0x051C,0x0104,-1,2,63,-11263,-11263,0,-43981,-43993,428960,44343291,1,0,0,0,3,4,0,0,0,15,15,0,1,428960,2,1,-10000,-10000,0,0,0,0,5,0,0,0,0,6,0x5AA5,-11263,-24779,0,0,35995,2,2,2,2,255,0,2,15,0,0,1,0,0,0,0,0,0,0,6,0,0,-11200,44343291
2026-09-25T07:20:32.021Z,64130671000000,0x051C,0x0104,-1,2,63,-7884,-7884,0,-44010,-43996,428965,44343793,1,0,0,0,3,4,0,0,0,15,15,0,1,428965,2,1,-10000,-10000,0,0,0,0,5,0,0,0,0,6,0x5AA5,-7884,7884,0,0,35996,2,2,2,4,255,0,4,15,0,0,1,0,0,0,0,0,0,0,6,0,0,-7800,44343793
2026-09-25T07:20:32.496Z,64131140000000,0x051C,0x0104,-1,2,63,-4505,-4505,0,-44004,-43999,428970,44344293,1,0,0,0,3,4,0,0,0,15,15,0,1,428970,2,1,-10000,-10000,0,0,0,0,5,0,0,0,0,6,0x5AA5,-4505,1126,0,0,35998,2,2,2,4,255,0,4,15,0,0,1,0,0,0,0,0,0,0,6,0,0,-4500,44344293
2026-09-25T07:20:33.031Z,64131671000000,0x051C,0x0104,-1,2,63,-10137,-10137,0,-44002,-43994,428975,44344794,1,0,0,0,3,4,0,0,0,15,15,0,1,428975,2,1,-10000,-10000,0,0,0,0,5,0,0,0,0,6,0x5AA5,-10137,-1126,0,0,35999,2,2,2,2,255,0,2,15,0,0,1,0,0,0,0,0,0,0,6,0,0,-10100,44344794
2026-09-25T07:20:33.506Z,64132156000000,0x051C,0x0104,-1,2,63,-12390,-12390,0,-43988,-43992,428980,44345295,1,0,0,0,3,4,0,0,0,15,15,0,1,428980,2,1,-10000,-10000,0,0,0,0,5,0,0,0,0,6,0x5AA5,-12390,-16895,0,0,35999,2,2,2,2,255,0,2,15,0,0,1,0,0,0,0,0,0,0,6,0,0,-12300,44345295
2026-09-25T07:20:34.021Z,64132671000000,0x051C,0x0104,-1,2,63,-11263,-11263,0,-43971,-43993,428985,44345795,1,0,0,0,3,4,0,0,0,15,15,0,1,428985,2,1,-10000,-10000,0,0,0,0,5,0,0,0,0,6,0x5AA5,-11263,-36043,0,0,36001,2,2,2,2,255,0,2,15,0,0,1,0,0,0,0,0,0,0,6,0,0,-11200,44345795
2026-09-25T07:20:34.497Z,64133140000000,0x051C,0x0104,-1,2,63,-9011,-9011,0,-43994,-43995,428990,44346296,1,0,0,0,3,4,0,0,0,15,15,0,1,428990,2,1,-10000,-10000,0,0,0,0,5,0,0,0,0,6,0x5AA5,-9011,-10137,0,0,36003,2,2,2,2,255,0,2,15,0,0,1,0,0,0,0,0,0,0,6,0,0,-9000,44346296
2026-09-25T07:20:35.032Z,64133671000000,0x051C,0x0104,-1,2,63,-5632,-5632,0,-43995,-43998,428995,44346797,1,0,0,0,3,4,0,0,0,15,15,0,1,428995,2,1,-10000,-10000,0,0,0,0,5,0,0,0,0,6,0x5AA5,-5632,-9011,0,0,36003,2,2,2,2,255,0,2,15,0,0,1,0,0,0,0,0,0,0,6,0,0,-5600,44346797
2026-09-25T07:20:35.508Z,64134156000000,0x051C,0x0104,-1,2,63,-9011,-9011,0,-43989,-43995,429000,44347298,1,0,0,0,3,4,0,0,0,15,15,0,1,429000,2,1,-10000,-10000,0,0,0,0,5,0,0,0,0,6,0x5AA5,-9011,-15769,0,0,36005,2,2,2,2,255,0,2,15,0,0,1,0,0,0,0,0,0,0,6,0,0,-9000,44347298
2026-09-25T07:20:36.023Z,64134671000000,0x051C,0x0104,-1,2,63,-19148,-19148,0,-43976,-43986,429005,44347799,1,0,0,0,3,4,0,0,0,15,15,0,1,429005,2,1,-10000,-10000,0,0,0,0,5,0,0,0,0,6,0x5AA5,-19148,-30411,0,0,36005,2,2,2,2,255,0,2,15,0,0,1,0,0,0,0,0,0,0,6,0,0,-19100,44347799
2026-09-25T07:20:36.499Z,64135140000000,0x051C,0x0104,-1,2,63,-20274,-20274,0,-43984,-43985,429010,44348300,1,0,0,0,3,4,0,0,0,15,15,0,1,429010,2,1,-10000,-10000,0,0,0,0,5,0,0,0,0,6,0x5AA5,-20274,-21400,0,0,36005,2,2,2,2,255,0,2,15,0,0,1,0,0,0,0,0,0,0,6,0,0,-20200,44348300
2026-09-25T07:20:37.031Z,64135671000000,0x051C,0x0104,-1,2,63,-7884,-7884,0,-44007,-43996,429015,44348801,1,0,0,0,3,4,0,0,0,15,15,0,1,429015,2,1,-10000,-10000,0,0,0,0,5,0,0,0,0,6,0x5AA5,-7884,4505,0,0,36006,2,2,2,4,255,0,4,15,0,0,1,0,0,0,0,0,0,0,6,0,0,-7800,44348801
2026-09-25T07:20:37.506Z,64136156000000,0x051C,0x0104,-1,2,63,-5632,-5632,0,-43999,-43998,429020,44349301,1,0,0,0,3,4,0,0,0,15,15,0,1,429020,2,1,-10000,-10000,0,0,0,0,5,0,0,0,0,6,0x5AA5,-5632,-4505,0,0,36007,2,2,2,2,255,0,2,15,0,0,1,0,0,0,0,0,0,0,6,0,0,-5600,44349301
2026-09-25T07:20:38.021Z,64136671000000,0x051C,0x0104,-1,2,63,-4505,-4505,0,-43995,-43999,429025,44349802,1,0,0,0,3,4,0,0,0,15,15,0,1,429025,2,1,-10000,-10000,0,0,0,0,5,0,0,0,0,6,0x5AA5,-4505,-9011,0,0,36011,2,2,2,2,255,0,2,15,0,0,1,0,0,0,0,0,0,0,6,0,0,-4500,44349802
2026-09-25T07:20:38.497Z,64137140000000,0x051C,0x0104,-1,2,63,-6758,-6758,0,-43985,-43997,429030,44350303,1,0,0,0,3,4,0,0,0,15,15,0,1,429030,2,1,-10000,-10000,0,0,0,0,5,0,0,0,0,6,0x5AA5,-6758,-20274,0,0,36013,2,2,2,2,255,0,2,15,0,0,1,0,0,0,0,0,0,0,6,0,0,-6700,44350303
2026-09-25T07:20:39.031Z,64137671000000,0x051C,0x0104,-1,2,63,-4505,-4505,0,-44002,-43999,429035,44350804,1,0,0,0,3,4,0,0,0,15,15,0,1,429035,2,1,-10000,-10000,0,0,0,0,5,0,0,0,0,6,0x5AA5,-4505,-1126,0,0,36013,2,2,2,2,255,0,2,15,0,0,1,0,0,0,0,0,0,0,6,0,0,-4500,44350804
2026-09-25T07:20:39.506Z,64138156000000,0x051C,0x0104,-1,2,63,-9011,-9011,0,-43993,-43995,429040,44351305,1,0,0,0,3,4,0,0,0,15,15,0,1,429040,2,1,-10000,-10000,0,0,0,0,5,0,0,0,0,6,0x5AA5,-9011,-11263,0,0,36013,2,2,2,2,255,0,2,15,0,0,1,0,0,0,0,0,0,0,6,0,0,-9000,44351305
2026-09-25T07:20:40.024Z,64138671000000,0x051C,0x0104,-1,2,63,-9011,-9011,0,-43999,-43995,429045,44351806,1,0,0,0,3,4,0,0,0,15,15,0,1,429045,2,1,-10000,-10000,0,0,0,0,5,0,0,0,0,6,0x5AA5,-9011,-4505,0,0,36013,2,2,2,2,255,0,2,15,0,0,1,0,0,0,0,0,0,0,6,0,0,-9000,44351806
2026-09-25T07:20:40.498Z,64139140000000,0x051C,0x0104,-1,2,63,-4505,-4505,0,-44002,-43999,429050,44352307,1,0,0,0,3,4,0,0,0,15,15,0,1,429050,2,1,-10000,-10000,0,0,0,0,5,0,0,0,0,6,0x5AA5,-4505,-1126,0,0,36015,2,2,2,2,255,0,2,15,0,0,1,0,0,0,0,0,0,0,6,0,0,-4500,44352307
2026-09-25T07:20:41.031Z,64139671000000,0x051C,0x0104,-1,2,63,-2253,-2253,0,-44003,-44001,429055,44352808,1,0,0,0,3,4,0,0,0,15,15,0,1,429055,2,1,-10000,-10000,0,0,0,0,5,0,0,0,0,6,0x5AA5,-2253,0,0,0,36017,2,2,2,2,255,0,2,15,0,0,1,0,0,0,0,0,0,0,6,0,0,-2200,44352808
2026-09-25T07:20:41.506Z,64140156000000,0x051C,0x0104,-1,2,63,-6758,-6758,0,-43987,-43997,429060,44353309,1,0,0,0,3,4,0,0,0,15,15,0,1,429060,2,1,-10000,-10000,0,0,0,0,5,0,0,0,0,6,0x5AA5,-6758,-18021,0,0,36017,2,2,2,2,255,0,2,15,0,0,1,0,0,0,0,0,0,0,6,0,0,-6700,44353309
2026-09-25T07:20:42.023Z,64140671000000,0x051C,0x0104,-1,2,63,-14642,-14642,0,-43992,-43990,429065,44353810,1,0,0,0,3,4,0,0,0,15,15,0,1,429065,2,1,-10000,-10000,0,0,0,0,5,0,0,0,0,6,0x5AA5,-14642,-12390,0,0,36017,2,2,2,2,255,0,2,15,0,0,1,0,0,0,0,0,0,0,6,0,0,-14600,44353810
2026-09-25T07:20:42.500Z,64141140000000,0x051C,0x0104,-1,2,63,-14642,-14642,0,-44000,-43990,429070,44354311,1,0,0,0,3,4,0,0,0,15,15,0,1,429070,2,1,-10000,-10000,0,0,0,0,5,0,0,0,0,6,0x5AA5,-14642,-3379,0,0,36017,2,2,2,2,255,0,2,15,0,0,1,0,0,0,0,0,0,0,6,0,0,-14600,44354311
2026-09-25T07:20:43.032Z,64141671000000,0x051C,0x0104,-1,2,63,-10137,-10137,0,-43994,-43994,429075,44354812,1,0,0,0,3,4,0,0,0,15,15,0,1,429075,2,1,-10000,-10000,0,0,0,0,5,0,0,0,0,6,0x5AA5,-10137,-10137,0,0,36019,2,2,2,2,255,0,2,15,0,0,1,0,0,0,0,0,0,0,6,0,0,-10100,44354812
2026-09-25T07:20:43.507Z,64142156000000,0x051C,0x0104,-1,2,63,-7884,-7884,0,-43992,-43996,429080,44355313,1,0,0,0,3,4,0,0,0,15,15,0,1,429080,2,1,-10000,-10000,0,0,0,0,5,0,0,0,0,6,0x5AA5,-7884,-12390,0,0,36021,2,2,2,2,255,0,2,15,0,0,1,0,0,0,0,0,0,0,6,0,0,-7800,44355313
2026-09-25T07:20:44.021Z,64142671000000,0x051C,0x0104,-1,2,63,-7884,-7884,0,-43993,-43996,429085,44355813,1,0,0,0,3,4,0,0,0,15,15,0,1,429085,2,1,-10000,-10000,0,0,0,0,5,0,0,0,0,6,0x5AA5,-7884,-11263,0,0,36021,2,2,2,2,255,0,2,15,0,0,1,0,0,0,0,0,0,0,6,0,0,-7800,44355813
2026-09-25T07:20:44.497Z,64143140000000,0x051C,0x0104,-1,2,63,-7884,-7884,0,-43993,-43996,429090,44356314,1,0,0,0,3,4,0,0,0,15,15,0,1,429090,2,1,-10000,-10000,0,0,0,0,5,0,0,0,0,6,0x5AA5,-7884,-11263,0,0,36023,2,2,2,2,255,0,2,15,0,0,1,0,0,0,0,0,0,0,6,0,0,-7800,44356314
2026-09-25T07:20:45.030Z,64143671000000,0x051C,0x0104,-1,2,63,-10137,-10137,0,-44011,-43994,429095,44356815,1,0,0,0,3,4,0,0,0,15,15,0,1,429095,2,1,-10000,-10000,0,0,0,0,5,0,0,0,0,6,0x5AA5,-10137,9011,0,0,36024,2,2,2,4,255,0,4,15,0,0,1,0,0,0,0,0,0,0,6,0,0,-10100,44356815
2026-09-25T07:20:45.503Z,64144156000000,0x051C,0x0104,-1,2,63,-10137,-10137,0,-43985,-43994,429100,44357316,1,0,0,0,3,4,0,0,0,15,15,0,1,429100,2,1,-10000,-10000,0,0,0,0,5,0,0,0,0,6,0x5AA5,-10137,-20274,0,0,36025,2,2,2,2,255,0,2,15,0,0,1,0,0,0,0,0,0,0,6,0,0,-10100,44357316
2026-09-25T07:20:46.019Z,64144671000000,0x051C,0x0104,-1,2,63,-9011,-9011,0,-43981,-43995,429105,44357817,1,0,0,0,3,4,0,0,0,15,15,0,1,429105,2,1,-10000,-10000,0,0,0,0,5,0,0,0,0,6,0x5AA5,-9011,-24779,0,0,36027,2,2,2,2,255,0,2,15,0,0,1,0,0,0,0,0,0,0,6,0,0,-9000,44357817
2026-09-25T07:20:46.495Z,64145140000000,0x051C,0x0104,-1,2,63,-14642,-14642,0,-43986,-43990,429110,44358318,1,0,0,0,3,4,0,0,0,15,15,0,1,429110,2,1,-10000,-10000,0,0,0,0,5,0,0,0,0,6,0x5AA5,-14642,-19148,0,0,36027,2,2,2,2,255,0,2,15,0,0,1,0,0,0,0,0,0,0,6,0,0,-14600,44358318
2026-09-25T07:20:47.029Z,64145671000000,0x051C,0x0104,-1,2,63,-11263,-11263,0,-43986,-43993,429115,44358819,1,0,0,0,3,4,0,0,0,15,15,0,1,429115,2,1,-10000,-10000,0,0,0,0,5,0,0,0,0,6,0x5AA5,-11263,-19148,0,0,36029,2,2,2,2,255,0,2,15,0,0,1,0,0,0,0,0,0,0,6,0,0,-11200,44358819
2026-09-25T07:20:47.504Z,64146156000000,0x051C,0x0104,-1,2,63,-12390,-12390,0,-43983,-43992,429120,44359320,1,0,0,0,3,4,0,0,0,15,15,0,1,429120,2,1,-10000,-10000,0,0,0,0,5,0,0,0,0,6,0x5AA5,-12390,-22527,0,0,36029,2,2,2,2,255,0,2,15,0,0,1,0,0,0,0,0,0,0,6,0,0,-12300,44359320
2026-09-25T07:20:48.021Z,64146671000000,0x051C,0x0104,-1,2,63,-13516,-13516,0,-43993,-43991,429125,44359821,1,0,0,0,3,4,0,0,0,15,15,0,1,429125,2,1,-10000,-10000,0,0,0,0,5,0,0,0,0,6,0x5AA5,-13516,-11263,0,0,36029,2,2,2,2,255,0,2,15,0,0,1,0,0,0,0,0,0,0,6,0,0,-13500,44359821
2026-09-25T07:20:48.496Z,64147140000000,0x051C,0x0104,-1,2,63,-16895,-16895,0,-43990,-43988,429130,44360322,1,0,0,0,3,4,0,0,0,15,15,0,1,429130,2,1,-10000,-10000,0,0,0,0,5,0,0,0,0,6,0x5AA5,-16895,-14642,0,0,36031,2,2,2,2,255,0,2,15,0,0,1,0,0,0,0,0,0,0,6,0,0,-16800,44360322
2026-09-25T07:20:49.029Z,64147671000000,0x051C,0x0104,-1,2,63,-20274,-20274,0,-43965,-43985,429135,44360823,1,0,0,0,3,4,0,0,0,15,15,0,1,429135,2,1,-10000,-10000,0,0,0,0,5,0,0,0,0,6,0x5AA5,-20274,-42801,0,0,36031,2,2,2,2,255,0,2,15,0,0,1,0,0,0,0,0,0,0,6,0,0,-20200,44360823
2026-09-25T07:20:49.504Z,64148156000000,0x051C,0x0104,-1,2,63,-24779,-24779,0,-43995,-43981,429140,44361323,1,0,0,0,3,4,0,0,0,15,15,0,1,429140,2,1,-10000,-10000,0,0,0,0,5,0,0,0,0,6,0x5AA5,-24779,-9011,0,0,36031,2,2,2,2,255,0,2,15,0,0,1,0,0,0,0,0,0,0,6,0,0,-24700,44361323
2026-09-25T07:20:50.020Z,64148671000000,0x051C,0x0104,-1,2,63,-22527,-22527,0,-43976,-43983,429145,44361824,1,0,0,0,3,4,0,0,0,15,15,0,1,429145,2,1,-10000,-10000,0,0,0,0,5,0,0,0,0,6,0x5AA5,-22527,-30411,0,0,36031,2,2,2,2,255,0,2,15,0,0,1,0,0,0,0,0,0,0,6,0,0,-22500,44361824
2026-09-25T07:20:50.496Z,64149140000000,0x051C,0x0104,-1,2,63,-23653,-23653,0,-43993,-43982,429150,44362325,1,0,0,0,3,4,0,0,0,15,15,0,1,429150,2,1,-10000,-10000,0,0,0,0,5,0,0,0,0,6,0x5AA5,-23653,-11263,0,0,36031,2,2,2,2,255,0,2,15,0,0,1,0,0,0,0,0,0,0,6,0,0,-23600,44362325
2026-09-25T07:20:51.029Z,64149671000000,0x051C,0x0104,-1,2,63,-22527,-22527,0,-43993,-43983,429155,44362826,1,0,0,0,3,4,0,0,0,15,15,0,1,429155,2,1,-10000,-10000,0,0,0,0,5,0,0,0,0,6,0x5AA5,-22527,-11263,0,0,36033,2,2,2,2,255,0,2,15,0,0,1,0,0,0,0,0,0,0,6,0,0,-22500,44362826
2026-09-25T07:20:51.505Z,64150156000000,0x051C,0x0104,-1,2,63,-20274,-20274,0,-43976,-43985,429160,44363327,1,0,0,0,3,4,0,0,0,15,15,0,1,429160,2,1,-10000,-10000,0,0,0,0,5,0,0,0,0,6,0x5AA5,-20274,-30411,0,0,36033,2,2,2,2,255,0,2,15,0,0,1,0,0,0,0,0,0,0,6,0,0,-20200,44363327
2026-09-25T07:20:52.025Z,64150671000000,0x051C,0x0104,-1,2,63,-21400,-21400,0,-43984,-43984,429165,44363828,1,0,0,0,3,4,0,0,0,15,15,0,1,429165,2,1,-10000,-10000,0,0,0,0,5,0,0,0,0,6,0x5AA5,-21400,-21400,0,0,36033,2,2,2,2,255,0,2,15,0,0,1,0,0,0,0,0,0,0,6,0,0,-21400,44363828
2026-09-25T07:20:52.503Z,64151140000000,0x051C,0x0104,-1,2,63,-21400,-21400,0,-43988,-43984,429170,44364329,1,0,0,0,3,4,0,0,0,15,15,0,1,429170,2,1,-10000,-10000,0,0,0,0,5,0,0,0,0,6,0x5AA5,-21400,-16895,0,0,36033,2,2,2,2,255,0,2,15,0,0,1,0,0,0,0,0,0,0,6,0,0,-21400,44364329
2026-09-25T07:20:53.039Z,64151687000000,0x051C,0x0104,-1,2,63,-19148,-19148,0,-43986,-43986,429175,44364830,1,0,0,0,3,4,0,0,0,15,15,0,1,429175,2,1,-10000,-10000,0,0,0,0,5,0,0,0,0,6,0x5AA5,-19148,-19148,0,0,36033,2,2,2,2,255,0,2,15,0,0,1,0,0,0,0,0,0,0,6,0,0,-19100,44364830
2026-09-25T07:20:53.515Z,64152156000000,0x051C,0x0104,-1,2,63,-19148,-19148,0,-43975,-43986,429180,44365331,1,0,0,0,3,4,0,0,0,15,15,0,1,429180,2,1,-10000,-10000,0,0,0,0,5,0,0,0,0,6,0x5AA5,-19148,-31537,0,0,36033,2,2,2,2,255,0,2,15,0,0,1,0,0,0,0,0,0,0,6,0,0,-19100,44365331
2026-09-25T07:20:54.048Z,64152687000000,0x051C,0x0104,-1,2,63,-16895,-16895,0,-43994,-43988,429185,44365831,1,0,0,0,3,4,0,0,0,15,15,0,1,429185,2,1,-10000,-10000,0,0,0,0,5,0,0,0,0,6,0x5AA5,-16895,-10137,0,0,36033,2,2,2,2,255,0,2,15,0,0,1,0,0,0,0,0,0,0,6,0,0,-16800,44365831
2026-09-25T07:20:54.524Z,64153171000000,0x051C,0x0104,-1,2,63,-21400,-21400,0,-43994,-43984,429190,44366333,1,0,0,0,3,4,0,0,0,15,15,0,1,429190,2,1,-10000,-10000,0,0,0,0,5,0,0,0,0,6,0x5AA5,-21400,-10137,0,0,36033,2,2,2,2,255,0,2,15,0,0,1,0,0,0,0,0,0,0,6,0,0,-21400,44366333
2026-09-25T07:20:55.056Z,64153703000000,0x051C,0x0104,-1,2,63,-20274,-20274,0,-43976,-43985,429195,44366833,1,0,0,0,3,4,0,0,0,15,15,0,1,429195,2,1,-10000,-10000,0,0,0,0,5,0,0,0,0,6,0x5AA5,-20274,-30411,0,0,36033,2,2,2,2,255,0,2,15,0,0,1,0,0,0,0,0,0,0,6,0,0,-20200,44366833
2026-09-25T07:20:55.528Z,64154171000000,0x051C,0x0104,-1,2,63,-21400,-21400,0,-43979,-43984,429200,44367334,1,0,0,0,3,4,0,0,0,15,15,0,1,429200,2,1,-10000,-10000,0,0,0,0,5,0,0,0,0,6,0x5AA5,-21400,-27032,0,0,36033,2,2,2,2,255,0,2,15,0,0,1,0,0,0,0,0,0,0,6,0,0,-21400,44367334
2026-09-25T07:20:56.061Z,64154703000000,0x051C,0x0104,-1,2,63,-24779,-24779,0,-44003,-43981,429205,44367835,1,0,0,0,3,4,0,0,0,15,15,0,1,429205,2,1,-10000,-10000,0,0,0,0,5,0,0,0,0,6,0x5AA5,-24779,0,0,0,36033,2,2,2,2,255,0,2,15,0,0,1,0,0,0,0,0,0,0,6,0,0,-24700,44367835
2026-09-25T07:20:56.536Z,64155187000000,0x051C,0x0104,-1,2,63,-18021,-18021,0,-43981,-43987,429210,44368336,1,0,0,0,3,4,0,0,0,15,15,0,1,429210,2,1,-10000,-10000,0,0,0,0,5,0,0,0,0,6,0x5AA5,-18021,-24779,0,0,36033,2,2,2,2,255,0,2,15,0,0,1,0,0,0,0,0,0,0,6,0,0,-18000,44368336
2026-09-25T07:20:57.053Z,64155703000000,0x051C,0x0104,-1,2,63,-14642,-14642,0,-43997,-43990,429215,44368837,1,0,0,0,3,4,0,0,0,15,15,0,1,429215,2,1,-10000,-10000,0,0,0,0,5,0,0,0,0,6,0x5AA5,-14642,-6758,0,0,36033,2,2,2,2,255,0,2,15,0,0,1,0,0,0,0,0,0,0,6,0,0,-14600,44368837
2026-09-25T07:20:57.527Z,64156171000000,0x051C,0x0104,-1,2,63,-14642,-14642,0,-43968,-43990,429220,44369338,1,0,0,0,3,4,0,0,0,15,15,0,1,429220,2,1,-10000,-10000,0,0,0,0,5,0,0,0,0,6,0x5AA5,-14642,-39422,0,0,36033,2,2,2,2,255,0,2,15,0,0,1,0,0,0,0,0,0,0,6,0,0,-14600,44369338
2026-09-25T07:20:58.060Z,64156703000000,0x051C,0x0104,-1,2,63,-18021,-18021,0,-44003,-43987,429225,44369839,1,0,0,0,3,4,0,0,0,15,15,0,1,429225,2,1,-10000,-10000,0,0,0,0,5,0,0,0,0,6,0x5AA5,-18021,0,0,0,36033,2,2,2,2,255,0,2,15,0,0,1,0,0,0,0,0,0,0,6,0,0,-18000,44369839
2026-09-25T07:20:58.535Z,64157187000000,0x051C,0x0104,-1,2,63,-13516,-13516,0,-43992,-43991,429230,44370339,1,0,0,0,3,4,0,0,0,15,15,0,1,429230,2,1,-10000,-10000,0,0,0,0,5,0,0,0,0,6,0x5AA5,-13516,-12390,0,0,36033,2,2,2,2,255,0,2,15,0,0,1,0,0,0,0,0,0,0,6,0,0,-13500,44370339
2026-09-25T07:20:59.055Z,64157703000000,0x051C,0x0104,-1,2,63,-11263,-11263,0,-43994,-43993,429235,44370840,1,0,0,0,3,4,0,0,0,15,15,0,1,429235,2,1,-10000,-10000,0,0,0,0,5,0,0,0,0,6,0x5AA5,-11263,-10137,0,0,36033,2,2,2,2,255,0,2,15,0,0,1,0,0,0,0,0,0,0,6,0,0,-11200,44370840
2026-09-25T07:20:59.530Z,64158171000000,0x051C,0x0104,-1,2,63,-13516,-13516,0,-43997,-43991,429240,44371341,1,0,0,0,3,4,0,0,0,15,15,0,1,429240,2,1,-10000,-10000,0,0,0,0,5,0,0,0,0,6,0x5AA5,-13516,-6758,0,0,36033,2,2,2,2,255,0,2,15,0,0,1,0,0,0,0,0,0,0,6,0,0,-13500,44371341
2026-09-25T07:21:00.063Z,64158703000000,0x051C,0x0104,-1,2,63,-12390,-12390,0,-43991,-43992,429245,44371842,1,0,0,0,3,4,0,0,0,15,15,0,1,429245,2,1,-10000,-10000,0,0,0,0,5,0,0,0,0,6,0x5AA5,-12390,-13516,0,0,36033,2,2,2,2,255,0,2,15,0,0,1,0,0,0,0,0,0,0,6,0,0,-12300,44371842
2026-09-25T07:21:00.537Z,64159187000000,0x051C,0x0104,-1,2,63,-11263,-11263,0,-43988,-43993,429250,44372343,1,0,0,0,3,4,0,0,0,15,15,0,1,429250,2,1,-10000,-10000,0,0,0,0,5,0,0,0,0,6,0x5AA5,-11263,-16895,0,0,36033,2,2,2,2,255,0,2,15,0,0,1,0,0,0,0,0,0,0,6,0,0,-11200,44372343
2026-09-25T07:21:01.053Z,64159703000000,0x051C,0x0104,-1,2,63,-10137,-10137,0,-43981,-43994,429255,44372844,1,0,0,0,3,4,0,0,0,15,15,0,1,429255,2,1,-10000,-10000,0,0,0,0,5,0,0,0,0,6,0x5AA5,-10137,-24779,0,0,36035,2,2,2,2,255,0,2,15,0,0,1,0,0,0,0,0,0,0,6,0,0,-10100,44372844
2026-09-25T07:21:01.526Z,64160171000000,0x051C,0x0104,-1,2,63,-11263,-11263,0,-43991,-43993,429260,44373345,1,0,0,0,3,4,0,0,0,15,15,0,1,429260,2,1,-10000,-10000,0,0,0,0,5,0,0,0,0,6,0x5AA5,-11263,-13516,0,0,36037,2,2,2,2,255,0,2,15,0,0,1,0,0,0,0,0,0,0,6,0,0,-11200,44373345
2026-09-25T07:21:02.058Z,64160703000000,0x051C,0x0104,-1,2,63,-13516,-13516,0,-43983,-43991,429265,44373846,1,0,0,0,3,4,0,0,0,15,15,0,1,429265,2,1,-10000,-10000,0,0,0,0,5,0,0,0,0,6,0x5AA5,-13516,-22527,0,0,36037,2,2,2,2,255,0,2,15,0,0,1,0,0,0,0,0,0,0,6,0,0,-13500,44373846
2026-09-25T07:21:02.533Z,64161171000000,0x051C,0x0104,-1,2,63,-14642,-14642,0,-43985,-43990,429270,44374347,1,0,0,0,3,4,0,0,0,15,15,0,1,429270,2,1,-10000,-10000,0,0,0,0,5,0,0,0,0,6,0x5AA5,-14642,-20274,0,0,36037,2,2,2,2,255,0,2,15,0,0,1,0,0,0,0,0,0,0,6,0,0,-14600,44374347
2026-09-25T07:21:03.065Z,64161703000000,0x051C,0x0104,-1,2,63,-19148,-19148,0,-43993,-43986,429275,44374847,1,0,0,0,3,4,0,0,0,15,15,0,1,429275,2,1,-10000,-10000,0,0,0,0,5,0,0,0,0,6,0x5AA5,-19148,-11263,0,0,36037,2,2,2,2,255,0,2,15,0,0,1,0,0,0,0,0,0,0,6,0,0,-19100,44374847
2026-09-25T07:21:03.539Z,64162187000000,0x051C,0x0104,-1,2,63,-10137,-10137,0,-43991,-43994,429280,44375348,1,0,0,0,3,4,0,0,0,15,15,0,1,429280,2,1,-10000,-10000,0,0,0,0,5,0,0,0,0,6,0x5AA5,-10137,-13516,0,0,36039,2,2,2,2,255,0,2,15,0,0,1,0,0,0,0,0,0,0,6,0,0,-10100,44375348
2026-09-25T07:21:04.058Z,64162703000000,0x051C,0x0104,-1,2,63,-9011,-9011,0,-44008,-43995,429285,44375849,1,0,0,0,3,4,0,0,0,15,15,0,1,429285,2,1,-10000,-10000,0,0,0,0,5,0,0,0,0,6,0x5AA5,-9011,5632,0,0,36040,2,2,2,4,255,0,4,15,0,0,1,0,0,0,0,0,0,0,6,0,0,-9000,44375849
2026-09-25T07:21:04.531Z,64163171000000,0x051C,0x0104,-1,2,63,-13516,-13516,0,-43995,-43991,429290,44376350,1,0,0,0,3,4,0,0,0,15,15,0,1,429290,2,1,-10000,-10000,0,0,0,0,5,0,0,0,0,6,0x5AA5,-13516,-9011,0,0,36041,2,2,2,2,255,0,2,15,0,0,1,0,0,0,0,0,0,0,6,0,0,-13500,44376350
2026-09-25T07:21:05.063Z,64163703000000,0x051C,0x0104,-1,2,63,-10137,-10137,0,-44008,-43994,429295,44376851,1,0,0,0,3,4,0,0,0,15,15,0,1,429295,2,1,-10000,-10000,0,0,0,0,5,0,0,0,0,6,0x5AA5,-10137,5632,0,0,36044,2,2,2,4,255,0,4,15,0,0,1,0,0,0,0,0,0,0,6,0,0,-10100,44376851
2026-09-25T07:21:05.539Z,64164187000000,0x051C,0x0104,-1,2,63,-5632,-5632,0,-43996,-43998,429300,44377353,1,0,0,0,3,4,0,0,0,15,15,0,1,429300,2,1,-10000,-10000,0,0,0,0,5,0,0,0,0,6,0x5AA5,-5632,-7884,0,0,36045,2,2,2,2,255,0,2,15,0,0,1,0,0,0,0,0,0,0,6,0,0,-5600,44377353
2026-09-25T07:21:06.059Z,64164703000000,0x051C,0x0104,-1,2,63,-5632,-5632,0,-43981,-43998,429305,44377853,1,0,0,0,3,4,0,0,0,15,15,0,1,429305,2,1,-10000,-10000,0,0,0,0,5,0,0,0,0,6,0x5AA5,-5632,-24779,0,0,36045,2,2,2,2,255,0,2,15,0,0,1,0,0,0,0,0,0,0,6,0,0,-5600,44377853
2026-09-25T07:21:06.533Z,64165171000000,0x051C,0x0104,-1,2,63,-7884,-7884,0,-43998,-43996,429310,44378354,1,0,0,0,3,4,0,0,0,15,15,0,1,429310,2,1,-10000,-10000,0,0,0,0,5,0,0,0,0,6,0x5AA5,-7884,-5632,0,0,36045,2,2,2,2,255,0,2,15,0,0,1,0,0,0,0,0,0,0,6,0,0,-7800,44378354
2026-09-25T07:21:07.067Z,64165718000000,0x051C,0x0104,-1,2,63,-6758,-6758,0,-43985,-43997,429315,44378854,1,0,0,0,3,4,0,0,0,15,15,0,1,429315,2,1,-10000,-10000,0,0,0,0,5,0,0,0,0,6,0x5AA5,-6758,-20274,0,0,36047,2,2,2,2,255,0,2,15,0,0,1,0,0,0,0,0,0,0,6,0,0,-6700,44378854
2026-09-25T07:21:07.526Z,64166171000000,0x051C,0x0104,-1,2,63,-10137,-10137,0,-43997,-43994,429320,44379355,1,0,0,0,3,4,0,0,0,15,15,0,1,429320,2,1,-10000,-10000,0,0,0,0,5,0,0,0,0,6,0x5AA5,-10137,-6758,0,0,36047,2,2,2,2,255,0,2,15,0,0,1,0,0,0,0,0,0,0,6,0,0,-10100,44379355
2026-09-25T07:21:08.058Z,64166703000000,0x051C,0x0104,-1,2,63,-9011,-9011,0,-43998,-43995,429325,44379856,1,0,0,0,3,4,0,0,0,15,15,0,1,429325,2,1,-10000,-10000,0,0,0,0,5,0,0,0,0,6,0x5AA5,-9011,-5632,0,0,36049,2,2,2,2,255,0,2,15,0,0,1,0,0,0,0,0,0,0,6,0,0,-9000,44379856
2026-09-25T07:21:08.532Z,64167171000000,0x051C,0x0104,-1,2,63,-6758,-6758,0,-44007,-43997,429330,44380357,1,0,0,0,3,4,0,0,0,15,15,0,1,429330,2,1,-10000,-10000,0,0,0,0,5,0,0,0,0,6,0x5AA5,-6758,4505,0,0,36050,2,2,2,4,255,0,4,15,0,0,1,0,0,0,0,0,0,0,6,0,0,-6700,44380357
2026-09-25T07:21:09.066Z,64167718000000,0x051C,0x0104,-1,2,63,-1126,-1126,0,-44001,-44002,429335,44380858,1,0,0,0,3,4,0,0,0,15,15,0,1,429335,2,1,-10000,-10000,0,0,0,0,5,0,0,0,0,6,0x5AA5,-1126,-2253,0,0,36053,2,2,2,2,255,0,2,15,0,0,1,0,0,0,0,0,0,0,6,0,0,-1100,44380858
2026-09-25T07:21:09.529Z,64168171000000,0x051C,0x0104,-1,2,63,0,0,0,-44000,-44003,429340,44381359,1,0,0,0,3,4,0,0,0,15,15,0,1,429340,2,1,-10000,-10000,0,0,0,0,5,0,0,0,0,6,0x5AA5,0,-3379,0,0,36057,2,3,2,2,255,0,2,15,0,0,1,0,0,0,0,0,0,0,6,0,0,0,44381359
2026-09-25T07:21:10.062Z,64168703000000,0x051C,0x0104,-1,2,63,-2253,-2253,0,-43992,-44001,429345,44381860,1,0,0,0,3,4,0,0,0,15,15,0,1,429345,2,1,-10000,-10000,0,0,0,0,5,0,0,0,0,6,0x5AA5,-2253,-12390,0,0,36059,2,2,2,2,255,0,2,15,0,0,1,0,0,0,0,0,0,0,6,0,0,-2200,44381860
2026-09-25T07:21:10.537Z,64169187000000,0x051C,0x0104,-1,2,63,-1126,-1126,0,-44000,-44002,429350,44382361,1,0,0,0,3,4,0,0,0,15,15,0,1,429350,2,1,-10000,-10000,0,0,0,0,5,0,0,0,0,6,0x5AA5,-1126,-3379,0,0,36061,2,2,2,2,255,0,2,15,0,0,1,0,0,0,0,0,0,0,6,0,0,-1100,44382361
2026-09-25T07:21:11.059Z,64169703000000,0x051C,0x0104,-1,2,63,-6758,-6758,0,-44012,-43997,429355,44382862,1,0,0,0,3,4,0,0,0,15,15,0,1,429355,2,1,-10000,-10000,0,0,0,0,5,0,0,0,0,6,0x5AA5,-6758,10137,0,0,36062,2,2,2,4,255,0,4,15,0,0,1,0,0,0,0,0,0,0,6,0,0,-6700,44382862
2026-09-25T07:21:11.535Z,64170187000000,0x051C,0x0104,-1,2,63,-3379,-3379,0,-44005,-44000,429360,44383362,1,0,0,0,3,4,0,0,0,15,15,0,1,429360,2,1,-10000,-10000,0,0,0,0,5,0,0,0,0,6,0x5AA5,-3379,2253,0,0,36064,2,2,2,4,255,0,4,15,0,0,1,0,0,0,0,0,0,0,6,0,0,-3300,44383362
2026-09-25T07:21:12.056Z,64170703000000,0x051C,0x0104,-1,2,63,-1126,-1126,0,-43990,-44002,429364,44383866,1,0,0,0,3,4,0,0,0,15,15,0,1,429365,2,1,-10000,-10000,0,0,0,0,5,0,0,0,0,6,0x5AA5,-1126,4505,0,0,36066,2,2,2,4,255,0,4,15,0,0,1,0,0,0,0,0,0,0,6,0,0,-1100,44383763
2026-09-25T07:21:12.535Z,64171187000000,0x051C,0x0104,-1,2,63,-3379,-3379,0,-44005,-44000,429370,44384364,1,0,0,0,3,4,0,0,0,15,15,0,1,429370,2,1,-10000,-10000,0,0,0,0,5,0,0,0,0,6,0x5AA5,-3379,2253,0,0,36068,2,2,2,4,255,0,4,15,0,0,1,0,0,0,0,0,0,0,6,0,0,-3300,44384364
2026-09-25T07:21:13.056Z,64171703000000,0x051C,0x0104,-1,2,63,2253,2253,0,-44012,-44005,429374,44384866,1,0,0,0,3,4,0,0,0,15,15,0,1,429375,2,1,-10000,-10000,0,0,0,0,5,0,0,0,0,6,0x5AA5,1126,5632,0,0,36068,2,4,2,4,255,0,4,15,0,0,1,0,0,0,0,0,0,0,6,0,0,1100,44384765
2026-09-25T07:21:13.535Z,64172187000000,0x051C,0x0104,-1,2,63,4505,4505,0,-44007,-44007,429379,44385370,1,0,0,0,3,4,0,0,0,15,15,0,1,429380,2,1,-10000,-10000,0,0,0,0,5,0,0,0,0,6,0x5AA5,4505,9011,0,0,36068,2,4,2,4,255,0,4,15,0,0,1,0,0,0,0,0,0,0,6,0,0,4500,44385266
2026-09-25T07:21:14.059Z,64172703000000,0x051C,0x0104,-1,2,63,-2253,-2253,0,-44007,-44001,429384,44385867,1,0,0,0,3,4,0,0,0,15,15,0,1,429385,2,1,-10000,-10000,0,0,0,0,5,0,0,0,0,6,0x5AA5,-2253,-15769,0,0,36069,2,2,2,2,255,0,2,15,0,0,1,0,0,0,0,0,0,0,6,0,0,-2200,44385766
2026-09-25T07:21:14.536Z,64173187000000,0x051C,0x0104,-1,2,63,-3379,-3379,0,-43995,-44000,429389,44386373,1,0,0,0,3,4,0,0,0,15,15,0,1,429390,2,1,-10000,-10000,0,0,0,0,5,0,0,0,0,6,0x5AA5,-3379,-3379,0,0,36071,2,2,2,2,255,0,2,15,0,0,1,0,0,0,0,0,0,0,6,0,0,-3300,44386267
2026-09-25T07:21:15.052Z,64173703000000,0x051C,0x0104,-1,2,63,0,0,0,-44006,-44003,429394,44386868,1,0,0,0,3,4,0,0,0,15,15,0,1,429395,2,1,-10000,-10000,0,0,0,0,5,0,0,0,0,6,0x5AA5,0,3379,0,0,36072,2,3,2,4,255,0,4,15,0,0,1,0,0,0,0,0,0,0,6,0,0,0,44386768
2026-09-25T07:21:15.525Z,64174171000000,0x051C,0x0104,-1,2,63,0,0,0,-44008,-44003,429399,44387369,1,0,0,0,3,4,0,0,0,15,15,0,1,429400,2,1,-10000,-10000,0,0,0,0,5,0,0,0,0,6,0x5AA5,-1126,3379,0,0,36074,2,2,2,4,255,0,4,15,0,0,1,0,0,0,0,0,0,0,6,0,0,-1100,44387269
2026-09-25T07:21:16.061Z,64174703000000,0x051C,0x0104,-1,2,63,0,0,0,-44006,-44003,429404,44387871,1,0,0,0,3,4,0,0,0,15,15,0,1,429405,2,1,-10000,-10000,0,0,0,0,5,0,0,0,0,6,0x5AA5,-1126,7884,0,0,36076,2,2,2,4,255,0,4,15,0,0,1,0,0,0,0,0,0,0,6,0,0,-1100,44387770
2026-09-25T07:21:16.540Z,64175187000000,0x051C,0x0104,-1,2,63,5632,5632,0,-44003,-44008,429409,44388376,1,0,0,0,3,4,0,0,0,15,15,0,1,429410,2,1,-10000,-10000,0,0,0,0,5,0,0,0,0,6,0x5AA5,4505,9011,0,0,36076,2,4,2,4,255,0,4,15,0,0,1,0,0,0,0,0,0,0,6,0,0,4500,44388270
2026-09-25T07:21:17.060Z,64175703000000,0x051C,0x0104,-1,2,63,-1126,-1126,0,-43999,-44002,429414,44388872,1,0,0,0,3,4,0,0,0,15,15,0,1,429415,2,1,-10000,-10000,0,0,0,0,5,0,0,0,0,6,0x5AA5,0,6758,0,0,36078,2,3,2,4,255,0,4,15,0,0,1,0,0,0,0,0,0,0,6,0,0,0,44388771
2026-09-25T07:21:17.540Z,64176187000000,0x051C,0x0104,-1,2,63,-1126,-1126,0,-43988,-44002,429419,44389376,1,0,0,0,3,4,0,0,0,15,15,0,1,429420,2,1,-10000,-10000,0,0,0,0,5,0,0,0,0,6,0x5AA5,-1126,1126,0,0,36080,2,2,2,4,255,0,4,15,0,0,1,0,0,0,0,0,0,0,6,0,0,-1100,44389273
2026-09-25T07:21:18.060Z,64176703000000,0x051C,0x0104,-1,2,63,-3379,-3379,0,-43987,-44000,429424,44389873,1,0,0,0,3,4,0,0,0,15,15,0,1,429425,2,1,-10000,-10000,0,0,0,0,5,0,0,0,0,6,0x5AA5,-3379,1126,0,0,36082,2,2,2,4,255,0,4,15,0,0,1,0,0,0,0,0,0,0,6,0,0,-3300,44389773
2026-09-25T07:21:18.539Z,64177187000000,0x051C,0x0104,-1,2,63,-6758,-6758,0,-44013,-43997,429429,44390376,1,0,0,0,3,4,0,0,0,15,15,0,1,429430,2,1,-10000,-10000,0,0,0,0,5,0,0,0,0,6,0x5AA5,-7884,3379,0,0,36084,2,2,2,4,255,0,4,15,0,0,1,0,0,0,0,0,0,0,6,0,0,-7800,44390274
2026-09-25T07:21:19.059Z,64177703000000,0x051C,0x0104,-1,2,63,-7884,-7884,0,-44008,-43996,429434,44390875,1,0,0,0,3,4,0,0,0,15,15,0,1,429435,2,1,-10000,-10000,0,0,0,0,5,0,0,0,0,6,0x5AA5,-6758,-11263,0,0,36085,2,2,2,2,255,0,2,15,0,0,1,0,0,0,0,0,0,0,6,0,0,-6700,44390775
2026-09-25T07:21:19.532Z,64178171000000,0x051C,0x0104,-1,2,63,-9011,-9011,0,-44007,-43995,429439,44391375,1,0,0,0,3,4,0,0,0,15,15,0,1,429440,2,1,-10000,-10000,0,0,0,0,5,0,0,0,0,6,0x5AA5,-10137,1126,0,0,36088,2,2,2,4,255,0,4,15,0,0,1,0,0,0,0,0,0,0,6,0,0,-10100,44391275
2026-09-25T07:21:20.070Z,64178718000000,0x051C,0x0104,-1,2,63,-5632,-5632,0,-43985,-43998,429444,44391879,1,0,0,0,3,4,0,0,0,15,15,0,1,429445,2,1,-10000,-10000,0,0,0,0,5,0,0,0,0,6,0x5AA5,-5632,-7884,0,0,36089,2,2,2,2,255,0,2,15,0,0,1,0,0,0,0,0,0,0,6,0,0,-5600,44391776
2026-09-25T07:21:20.531Z,64179171000000,0x051C,0x0104,-1,2,63,-11263,-11263,0,-43986,-43993,429449,44392377,1,0,0,0,3,4,0,0,0,15,15,0,1,429450,2,1,-10000,-10000,0,0,0,0,5,0,0,0,0,6,0x5AA5,-10137,-21400,0,0,36089,2,2,2,2,255,0,2,15,0,0,1,0,0,0,0,0,0,0,6,0,0,-10100,44392277
2026-09-25T07:21:21.068Z,64179718000000,0x051C,0x0104,-1,2,63,-13516,-13516,0,-43981,-43991,429454,44392878,1,0,0,0,3,4,0,0,0,15,15,0,1,429455,2,1,-10000,-10000,0,0,0,0,5,0,0,0,0,6,0x5AA5,-13516,-15769,0,0,36089,2,2,2,2,255,0,2,15,0,0,1,0,0,0,0,0,0,0,6,0,0,-13500,44392778
2026-09-25T07:21:21.530Z,64180171000000,0x051C,0x0104,-1,2,63,-10137,-10137,0,-43996,-43994,429459,44393379,1,0,0,0,3,4,0,0,0,15,15,0,1,429460,2,1,-10000,-10000,0,0,0,0,5,0,0,0,0,6,0x5AA5,-10137,-20274,0,0,36091,2,2,2,2,255,0,2,15,0,0,1,0,0,0,0,0,0,0,6,0,0,-10100,44393279
2026-09-25T07:21:22.065Z,64180703000000,0x051C,0x0104,-1,2,63,-10137,-10137,0,-43987,-43994,429464,44393880,1,0,0,0,3,4,0,0,0,15,15,0,1,429465,2,1,-10000,-10000,0,0,0,0,5,0,0,0,0,6,0x5AA5,-10137,-10137,0,0,36091,2,2,2,2,255,0,2,15,0,0,1,0,0,0,0,0,0,0,6,0,0,-10100,44393779
2026-09-25T07:21:22.528Z,64181171000000,0x051C,0x0104,-1,2,63,-5632,-5632,0,-44004,-43998,429469,44394280,1,0,0,0,3,4,0,0,0,15,15,0,1,429469,2,1,-10000,-10000,0,0,0,0,5,0,0,0,0,6,0x5AA5,-5632,1126,0,0,36092,2,2,2,4,255,0,4,15,0,0,1,0,0,0,0,0,0,0,6,0,0,-5600,44394280
2026-09-25T07:21:23.060Z,64181703000000,0x051C,0x0104,-1,2,63,-1126,-1126,0,-44007,-44002,429474,44394881,1,0,0,0,3,4,0,0,0,15,15,0,1,429475,2,1,-10000,-10000,0,0,0,0,5,0,0,0,0,6,0x5AA5,-2253,4505,0,0,36094,2,2,2,4,255,0,4,15,0,0,1,0,0,0,0,0,0,0,6,0,0,-2200,44394781
2026-09-25T07:21:23.535Z,64182187000000,0x051C,0x0104,-1,2,63,0,0,0,-43991,-44003,429479,44395382,1,0,0,0,3,4,0,0,0,15,15,0,1,429480,2,1,-10000,-10000,0,0,0,0,5,0,0,0,0,6,0x5AA5,0,2253,0,0,36096,2,3,2,4,255,0,4,15,0,0,1,0,0,0,0,0,0,0,6,0,0,0,44395282
2026-09-25T07:21:24.050Z,64182703000000,0x051C,0x0104,-1,2,63,-4505,-4505,0,-44012,-43999,429484,44395783,1,0,0,0,3,4,0,0,0,15,15,0,1,429484,2,1,-10000,-10000,0,0,0,0,5,0,0,0,0,6,0x5AA5,-4505,10137,0,0,36098,2,2,2,4,255,0,4,15,0,0,1,0,0,0,0,0,0,0,6,0,0,-4500,44395783
2026-09-25T07:21:24.525Z,64183171000000,0x051C,0x0104,-1,2,63,-2253,-2253,0,-43992,-44001,429489,44396284,1,0,0,0,3,4,0,0,0,15,15,0,1,429489,2,1,-10000,-10000,0,0,0,0,5,0,0,0,0,6,0x5AA5,-2253,-12390,0,0,36099,2,2,2,2,255,0,2,15,0,0,1,0,0,0,0,0,0,0,6,0,0,-2200,44396284
2026-09-25T07:21:25.060Z,64183703000000,0x051C,0x0104,-1,2,63,0,0,0,-44009,-44003,429494,44396784,1,0,0,0,3,4,0,0,0,15,15,0,1,429494,2,1,-10000,-10000,0,0,0,0,5,0,0,0,0,6,0x5AA5,0,6758,0,0,36102,2,3,2,4,255,0,4,15,0,0,1,0,0,0,0,0,0,0,6,0,0,0,44396784
2026-09-25T07:21:25.536Z,64184187000000,0x051C,0x0104,-1,2,63,-1126,-1126,0,-43996,-44002,429499,44397385,1,0,0,0,3,4,0,0,0,15,15,0,1,429500,2,1,-10000,-10000,0,0,0,0,5,0,0,0,0,6,0x5AA5,0,-7884,0,0,36103,2,3,2,2,255,0,2,15,0,0,1,0,0,0,0,0,0,0,6,0,0,0,44397285
2026-09-25T07:21:26.051Z,64184703000000,0x051C,0x0104,-1,2,63,-2253,-2253,0,-43989,-44001,429504,44397786,1,0,0,0,3,4,0,0,0,15,15,0,1,429504,2,1,-10000,-10000,0,0,0,0,5,0,0,0,0,6,0x5AA5,-2253,-15769,0,0,36105,2,2,2,2,255,0,2,15,0,0,1,0,0,0,0,0,0,0,6,0,0,-2200,44397786
2026-09-25T07:21:26.525Z,64185171000000,0x051C,0x0104,-1,2,63,-9011,-9011,0,-43984,-43995,429509,44398287,1,0,0,0,3,4,0,0,0,15,15,0,1,429509,2,1,-10000,-10000,0,0,0,0,5,0,0,0,0,6,0x5AA5,-9011,-21400,0,0,36105,2,2,2,2,255,0,2,15,0,0,1,0,0,0,0,0,0,0,6,0,0,-9000,44398287
2026-09-25T07:21:27.055Z,64185703000000,0x051C,0x0104,-1,2,63,-2253,-2253,0,-43997,-44001,429514,44398788,1,0,0,0,3,4,0,0,0,15,15,0,1,429514,2,1,-10000,-10000,0,0,0,0,5,0,0,0,0,6,0x5AA5,-2253,-6758,0,0,36107,2,2,2,2,255,0,2,15,0,0,1,0,0,0,0,0,0,0,6,0,0,-2200,44398788
2026-09-25T07:21:27.532Z,64186171000000,0x051C,0x0104,-1,2,63,-10137,-10137,0,-44000,-43994,429519,44399289,1,0,0,0,3,4,0,0,0,15,15,0,1,429519,2,1,-10000,-10000,0,0,0,0,5,0,0,0,0,6,0x5AA5,-10137,-3379,0,0,36109,2,2,2,2,255,0,2,15,0,0,1,0,0,0,0,0,0,0,6,0,0,-10100,44399289
2026-09-25T07:21:28.067Z,64186718000000,0x051C,0x0104,-1,2,63,-2253,-2253,0,-44005,-44001,429524,44399890,1,0,0,0,3,4,0,0,0,15,15,0,1,429525,2,1,-10000,-10000,0,0,0,0,5,0,0,0,0,6,0x5AA5,-3379,7884,0,0,36110,2,2,2,4,255,0,4,15,0,0,1,0,0,0,0,0,0,0,6,0,0,-3300,44399790
2026-09-25T07:21:28.526Z,64187171000000,0x051C,0x0104,-1,2,63,-3379,-3379,0,-44000,-44000,429529,44400291,1,0,0,0,3,4,0,0,0,15,15,0,1,429529,2,1,-10000,-10000,0,0,0,0,5,0,0,0,0,6,0x5AA5,-3379,-3379,0,0,36111,2,2,2,2,255,0,2,15,0,0,1,0,0,0,0,0,0,0,6,0,0,-3300,44400291
2026-09-25T07:21:29.059Z,64187703000000,0x051C,0x0104,-1,2,63,1126,1126,0,-43990,-44004,429534,44400791,1,0,0,0,3,4,0,0,0,15,15,0,1,429534,2,1,-10000,-10000,0,0,0,0,5,0,0,0,0,6,0x5AA5,1126,-14642,0,0,36113,2,4,2,2,255,0,2,15,0,0,1,0,0,0,0,0,0,0,6,0,0,1100,44400791
2026-09-25T07:21:29.535Z,64188187000000,0x051C,0x0104,-1,2,63,-6758,-6758,0,-44002,-43997,429539,44401293,1,0,0,0,3,4,0,0,0,15,15,0,1,429539,2,1,-10000,-10000,0,0,0,0,5,0,0,0,0,6,0x5AA5,-6758,-1126,0,0,36113,2,2,2,2,255,0,2,15,0,0,1,0,0,0,0,0,0,0,6,0,0,-6700,44401293
2026-09-25T07:21:30.052Z,64188703000000,0x051C,0x0104,-1,2,63,-6758,-6758,0,-43999,-43997,429544,44401793,1,0,0,0,3,4,0,0,0,15,15,0,1,429544,2,1,-10000,-10000,0,0,0,0,5,0,0,0,0,6,0x5AA5,-6758,-4505,0,0,36113,2,2,2,2,255,0,2,15,0,0,1,0,0,0,0,0,0,0,6,0,0,-6700,44401793
2026-09-25T07:21:30.527Z,64189171000000,0x051C,0x0104,-1,2,63,-5632,-5632,0,-44000,-43998,429549,44402294,1,0,0,0,3,4,0,0,0,15,15,0,1,429549,2,1,-10000,-10000,0,0,0,0,5,0,0,0,0,6,0x5AA5,-5632,-3379,0,0,36115,2,2,2,2,255,0,2,15,0,0,1,0,0,0,0,0,0,0,6,0,0,-5600,44402294
2026-09-25T07:21:31.059Z,64189703000000,0x051C,0x0104,-1,2,63,-3379,-3379,0,-44004,-44000,429554,44402795,1,0,0,0,3,4,0,0,0,15,15,0,1,429554,2,1,-10000,-10000,0,0,0,0,5,0,0,0,0,6,0x5AA5,-3379,1126,0,0,36118,2,2,2,4,255,0,4,15,0,0,1,0,0,0,0,0,0,0,6,0,0,-3300,44402795
2026-09-25T07:21:31.534Z,64190187000000,0x051C,0x0104,-1,2,63,-4505,-4505,0,-43985,-43999,429559,44403296,1,0,0,0,3,4,0,0,0,15,15,0,1,429559,2,1,-10000,-10000,0,0,0,0,5,0,0,0,0,6,0x5AA5,-4505,-20274,0,0,36119,2,2,2,2,255,0,2,15,0,0,1,0,0,0,0,0,0,0,6,0,0,-4500,44403296
2026-09-25T07:21:32.052Z,64190703000000,0x051C,0x0104,-1,2,63,-7884,-7884,0,-44000,-43996,429564,44403797,1,0,0,0,3,4,0,0,0,15,15,0,1,429564,2,1,-10000,-10000,0,0,0,0,5,0,0,0,0,6,0x5AA5,-7884,-3379,0,0,36119,2,2,2,2,255,0,2,15,0,0,1,0,0,0,0,0,0,0,6,0,0,-7800,44403797
2026-09-25T07:21:32.526Z,64191171000000,0x051C,0x0104,-1,2,63,-9011,-9011,0,-44011,-43995,429569,44404298,1,0,0,0,3,4,0,0,0,15,15,0,1,429569,2,1,-10000,-10000,0,0,0,0,5,0,0,0,0,6,0x5AA5,-9011,9011,0,0,36120,2,2,2,4,255,0,4,15,0,0,1,0,0,0,0,0,0,0,6,0,0,-9000,44404298
2026-09-25T07:21:33.060Z,64191703000000,0x051C,0x0104,-1,2,63,-3379,-3379,0,-44005,-44000,429574,44404798,1,0,0,0,3,4,0,0,0,15,15,0,1,429574,2,1,-10000,-10000,0,0,0,0,5,0,0,0,0,6,0x5AA5,-3379,2253,0,0,36124,2,2,2,4,255,0,4,15,0,0,1,0,0,0,0,0,0,0,6,0,0,-3300,44404798
2026-09-25T07:21:33.535Z,64192187000000,0x051C,0x0104,-1,2,63,-2253,-2253,0,-43985,-44001,429579,44405299,1,0,0,0,3,4,0,0,0,15,15,0,1,429579,2,1,-10000,-10000,0,0,0,0,5,0,0,0,0,6,0x5AA5,-2253,-20274,0,0,36125,2,2,2,2,255,0,2,15,0,0,1,0,0,0,0,0,0,0,6,0,0,-2200,44405299
2026-09-25T07:21:34.051Z,64192703000000,0x051C,0x0104,-1,2,63,-4505,-4505,0,-43995,-43999,429584,44405800,1,0,0,0,3,4,0,0,0,15,15,0,1,429584,2,1,-10000,-10000,0,0,0,0,5,0,0,0,0,6,0x5AA5,-4505,-9011,0,0,36127,2,2,2,2,255,0,2,15,0,0,1,0,0,0,0,0,0,0,6,0,0,-4500,44405800
2026-09-25T07:21:34.525Z,64193171000000,0x051C,0x0104,-1,2,63,0,0,0,-44017,-44003,429589,44406301,1,0,0,0,3,4,0,0,0,15,15,0,1,429589,2,1,-10000,-10000,0,0,0,0,5,0,0,0,0,6,0x5AA5,0,15769,0,0,36128,2,3,2,4,255,0,4,15,0,0,1,0,0,0,0,0,0,0,6,0,0,0,44406301
2026-09-25T07:21:35.060Z,64193703000000,0x051C,0x0104,-1,2,63,-2253,-2253,0,-44003,-44001,429594,44406802,1,0,0,0,3,4,0,0,0,15,15,0,1,429594,2,1,-10000,-10000,0,0,0,0,5,0,0,0,0,6,0x5AA5,-2253,0,0,0,36129,2,2,2,2,255,0,2,15,0,0,1,0,0,0,0,0,0,0,6,0,0,-2200,44406802
2026-09-25T07:21:35.535Z,64194187000000,0x051C,0x0104,-1,2,63,-5632,-5632,0,-43994,-43998,429599,44407303,1,0,0,0,3,4,0,0,0,15,15,0,1,429599,2,1,-10000,-10000,0,0,0,0,5,0,0,0,0,6,0x5AA5,-5632,-10137,0,0,36131,2,2,2,2,255,0,2,15,0,0,1,0,0,0,0,0,0,0,6,0,0,-5600,44407303
2026-09-25T07:21:36.052Z,64194703000000,0x051C,0x0104,-1,2,63,-5632,-5632,0,-43999,-43998,429604,44407804,1,0,0,0,3,4,0,0,0,15,15,0,1,429604,2,1,-10000,-10000,0,0,0,0,5,0,0,0,0,6,0x5AA5,-5632,-4505,0,0,36131,2,2,2,2,255,0,2,15,0,0,1,0,0,0,0,0,0,0,6,0,0,-5600,44407804
2026-09-25T07:21:36.526Z,64195171000000,0x051C,0x0104,-1,2,63,-4505,-4505,0,-44009,-43999,429609,44408305,1,0,0,0,3,4,0,0,0,15,15,0,1,429609,2,1,-10000,-10000,0,0,0,0,5,0,0,0,0,6,0x5AA5,-4505,6758,0,0,36134,2,2,2,4,255,0,4,15,0,0,1,0,0,0,0,0,0,0,6,0,0,-4500,44408305
2026-09-25T07:21:37.060Z,64195703000000,0x051C,0x0104,-1,2,63,-6758,-6758,0,-44012,-43997,429614,44408805,1,0,0,0,3,4,0,0,0,15,15,0,1,429614,2,1,-10000,-10000,0,0,0,0,5,0,0,0,0,6,0x5AA5,-6758,10137,0,0,36136,2,2,2,4,255,0,4,15,0,0,1,0,0,0,0,0,0,0,6,0,0,-6700,44408805
2026-09-25T07:21:37.535Z,64196187000000,0x051C,0x0104,-1,2,63,-2253,-2253,0,-44021,-44001,429619,44409306,1,0,0,0,3,4,0,0,0,15,15,0,1,429619,2,1,-10000,-10000,0,0,0,0,5,0,0,0,0,6,0x5AA5,-2253,20274,0,0,36138,2,2,2,4,255,0,4,15,0,0,1,0,0,0,0,0,0,0,6,0,0,-2200,44409306
2026-09-25T07:21:38.052Z,64196703000000,0x051C,0x0104,-1,2,63,-1126,-1126,0,-44005,-44002,429624,44409807,1,0,0,0,3,4,0,0,0,15,15,0,1,429624,2,1,-10000,-10000,0,0,0,0,5,0,0,0,0,6,0x5AA5,-1126,2253,0,0,36140,2,2,2,4,255,0,4,15,0,0,1,0,0,0,0,0,0,0,6,0,0,-1100,44409807
2026-09-25T07:21:38.525Z,64197171000000,0x051C,0x0104,-1,2,63,-2253,-2253,0,-44013,-44001,429629,44410308,1,0,0,0,3,4,0,0,0,15,15,0,1,429629,2,1,-10000,-10000,0,0,0,0,5,0,0,0,0,6,0x5AA5,-2253,11263,0,0,36142,2,2,2,4,255,0,4,15,0,0,1,0,0,0,0,0,0,0,6,0,0,-2200,44410308
2026-09-25T07:21:39.060Z,64197703000000,0x051C,0x0104,-1,2,63,0,0,0,-43992,-44003,429634,44410809,1,0,0,0,3,4,0,0,0,15,15,0,1,429634,2,1,-10000,-10000,0,0,0,0,5,0,0,0,0,6,0x5AA5,0,-12390,0,0,36145,2,3,2,2,255,0,2,15,0,0,1,0,0,0,0,0,0,0,6,0,0,0,44410809
2026-09-25T07:21:39.536Z,64198187000000,0x051C,0x0104,-1,2,63,0,0,0,-43998,-44003,429639,44411310,1,0,0,0,3,4,0,0,0,15,15,0,1,429639,2,1,-10000,-10000,0,0,0,0,5,0,0,0,0,6,0x5AA5,0,-5632,0,0,36147,2,3,2,2,255,0,2,15,0,0,1,0,0,0,0,0,0,0,6,0,0,0,44411310
2026-09-25T07:21:40.055Z,64198703000000,0x051C,0x0104,-1,2,63,-3379,-3379,0,-44001,-44000,429644,44411811,1,0,0,0,3,4,0,0,0,15,15,0,1,429644,2,1,-10000,-10000,0,0,0,0,5,0,0,0,0,6,0x5AA5,-3379,-2253,0,0,36149,2,2,2,2,255,0,2,15,0,0,1,0,0,0,0,0,0,0,6,0,0,-3300,44411811
2026-09-25T07:21:40.528Z,64199171000000,0x051C,0x0104,-1,2,63,-5632,-5632,0,-44006,-43998,429649,44412311,1,0,0,0,3,4,0,0,0,15,15,0,1,429649,2,1,-10000,-10000,0,0,0,0,5,0,0,0,0,6,0x5AA5,-5632,3379,0,0,36150,2,2,2,4,255,0,4,15,0,0,1,0,0,0,0,0,0,0,6,0,0,-5600,44412311
2026-09-25T07:21:41.061Z,64199703000000,0x051C,0x0104,-1,2,63,-4505,-4505,0,-43996,-43999,429654,44412813,1,0,0,0,3,4,0,0,0,15,15,0,1,429654,2,1,-10000,-10000,0,0,0,0,5,0,0,0,0,6,0x5AA5,-4505,-7884,0,0,36153,2,2,2,2,255,0,2,15,0,0,1,0,0,0,0,0,0,0,6,0,0,-4500,44412813
2026-09-25T07:21:41.537Z,64200187000000,0x051C,0x0104,-1,2,63,-1126,-1126,0,-43990,-44002,429659,44413313,1,0,0,0,3,4,0,0,0,15,15,0,1,429659,2,1,-10000,-10000,0,0,0,0,5,0,0,0,0,6,0x5AA5,-1126,-14642,0,0,36157,2,2,2,2,255,0,2,15,0,0,1,0,0,0,0,0,0,0,6,0,0,-1100,44413313
2026-09-25T07:21:42.052Z,64200703000000,0x051C,0x0104,-1,2,63,-6758,-6758,0,-44006,-43997,429664,44413814,1,0,0,0,3,4,0,0,0,15,15,0,1,429664,2,1,-10000,-10000,0,0,0,0,5,0,0,0,0,6,0x5AA5,-6758,3379,0,0,36160,2,2,2,4,255,0,4,15,0,0,1,0,0,0,0,0,0,0,6,0,0,-6700,44413814
2026-09-25T07:21:42.526Z,64201171000000,0x051C,0x0104,-1,2,63,-9011,-9011,0,-43997,-43995,429669,44414315,1,0,0,0,3,4,0,0,0,15,15,0,1,429669,2,1,-10000,-10000,0,0,0,0,5,0,0,0,0,6,0x5AA5,-9011,-6758,0,0,36161,2,2,2,2,255,0,2,15,0,0,1,0,0,0,0,0,0,0,6,0,0,-9000,44414315
2026-09-25T07:21:43.062Z,64201703000000,0x051C,0x0104,-1,2,63,-6758,-6758,0,-43994,-43997,429674,44414815,1,0,0,0,3,4,0,0,0,15,15,0,1,429674,2,1,-10000,-10000,0,0,0,0,5,0,0,0,0,6,0x5AA5,-6758,-10137,0,0,36163,2,2,2,2,255,0,2,15,0,0,1,0,0,0,0,0,0,0,6,0,0,-6700,44414815
2026-09-25T07:21:43.537Z,64202187000000,0x051C,0x0104,-1,2,63,-7884,-7884,0,-44014,-43996,429679,44415316,1,0,0,0,3,4,0,0,0,15,15,0,1,429679,2,1,-10000,-10000,0,0,0,0,5,0,0,0,0,6,0x5AA5,-7884,12390,0,0,36164,2,2,2,4,255,0,4,15,0,0,1,0,0,0,0,0,0,0,6,0,0,-7800,44415316
2026-09-25T07:21:44.052Z,64202703000000,0x051C,0x0104,-1,2,63,-5632,-5632,0,-44012,-43998,429684,44415817,1,0,0,0,3,4,0,0,0,15,15,0,1,429684,2,1,-10000,-10000,0,0,0,0,5,0,0,0,0,6,0x5AA5,-5632,10137,0,0,36166,2,2,2,4,255,0,4,15,0,0,1,0,0,0,0,0,0,0,6,0,0,-5600,44415817
2026-09-25T07:21:44.525Z,64203171000000,0x051C,0x0104,-1,2,63,-2253,-2253,0,-44005,-44001,429689,44416318,1,0,0,0,3,4,0,0,0,15,15,0,1,429689,2,1,-10000,-10000,0,0,0,0,5,0,0,0,0,6,0x5AA5,-2253,2253,0,0,36168,2,2,2,4,255,0,4,15,0,0,1,0,0,0,0,0,0,0,6,0,0,-2200,44416318
2026-09-25T07:21:45.062Z,64203703000000,0x051C,0x0104,-1,2,63,4505,4505,0,-43994,-44007,429694,44416819,1,0,0,0,3,4,0,0,0,15,15,0,1,429694,2,1,-10000,-10000,0,0,0,0,5,0,0,0,0,6,0x5AA5,4505,-10137,0,0,36169,2,4,2,2,255,0,2,15,0,0,1,0,0,0,0,0,0,0,6,0,0,4500,44416819
2026-09-25T07:21:45.537Z,64204187000000,0x051C,0x0104,-1,2,63,4505,4505,0,-44013,-44007,429699,44417320,1,0,0,0,3,4,0,0,0,15,15,0,1,429699,2,1,-10000,-10000,0,0,0,0,5,0,0,0,0,6,0x5AA5,4505,11263,0,0,36170,2,4,2,4,255,0,4,15,0,0,1,0,0,0,0,0,0,0,6,0,0,4500,44417320
2026-09-25T07:21:46.054Z,64204703000000,0x051C,0x0104,0,2,63,10137,10137,0,-44020,-44012,429704,44417820,1,0,0,0,3,4,0,0,0,15,15,0,1,429704,2,1,0,0,0,0,0,0,5,0,0,0,0,6,0x5AA5,10137,19148,0,0,36172,2,4,2,4,255,0,4,15,0,0,1,0,0,0,0,0,0,0,6,0,0,10100,44417820
2026-09-25T07:21:46.527Z,64205171000000,0x051C,0x0104,0,2,63,1126,1126,0,-43987,-44004,429709,44418321,1,0,0,0,3,4,0,0,0,15,15,0,1,429709,2,1,0,0,0,0,0,0,5,0,0,0,0,6,0x5AA5,1126,-18021,0,0,36173,2,4,2,2,255,0,2,15,0,0,1,0,0,0,0,0,0,0,6,0,0,1100,44418321
2026-09-25T07:21:47.065Z,64205703000000,0x051C,0x0104,0,2,63,-5632,-5632,0,-43991,-43998,429714,44418822,1,0,0,0,3,4,0,0,0,15,15,0,1,429714,2,1,0,0,0,0,0,0,5,0,0,0,0,6,0x5AA5,-5632,-13516,0,0,36173,2,2,2,2,255,0,2,15,0,0,1,0,0,0,0,0,0,0,6,0,0,-5600,44418822
2026-09-25T07:21:47.538Z,64206187000000,0x051C,0x0104,0,2,63,-7884,-7884,0,-44015,-43996,429719,44419323,1,0,0,0,3,4,0,0,0,15,15,0,1,429719,2,1,0,0,0,0,0,0,5,0,0,0,0,6,0x5AA5,-7884,13516,0,0,36174,2,2,2,4,255,0,4,15,0,0,1,0,0,0,0,0,0,0,6,0,0,-7800,44419323
2026-09-25T07:21:48.056Z,64206703000000,0x051C,0x0104,0,2,63,-9011,-9011,0,-43987,-43995,429724,44419824,1,0,0,0,3,4,0,0,0,15,15,0,1,429724,2,1,0,0,0,0,0,0,5,0,0,0,0,6,0x5AA5,-9011,-18021,0,0,36175,2,2,2,2,255,0,2,15,0,0,1,0,0,0,0,0,0,0,6,0,0,-9000,44419824
2026-09-25T07:21:48.531Z,64207171000000,0x051C,0x0104,0,2,63,-9011,-9011,0,-43992,-43995,429729,44420325,1,0,0,0,3,4,0,0,0,15,15,0,1,429729,2,1,0,0,0,0,0,0,5,0,0,0,0,6,0x5AA5,-9011,-12390,0,0,36177,2,2,2,2,255,0,2,15,0,0,1,0,0,0,0,0,0,0,6,0,0,-9000,44420325
2026-09-25T07:21:49.062Z,64207703000000,0x051C,0x0104,0,2,63,-10137,-10137,0,-43996,-43994,429734,44420826,1,0,0,0,3,4,0,0,0,15,15,0,1,429734,2,1,0,0,0,0,0,0,5,0,0,0,0,6,0x5AA5,-10137,-7884,0,0,36177,2,2,2,2,255,0,2,15,0,0,1,0,0,0,0,0,0,0,6,0,0,-10100,44420826
2026-09-25T07:21:49.536Z,64208187000000,0x051C,0x0104,0,2,63,-4505,-4505,0,-44016,-43999,429739,44421326,1,0,0,0,3,4,0,0,0,15,15,0,1,429739,2,1,0,0,0,0,0,0,5,0,0,0,0,6,0x5AA5,-4505,14642,0,0,36178,2,2,2,4,255,0,4,15,0,0,1,0,0,0,0,0,0,0,6,0,0,-4500,44421326
2026-09-25T07:21:50.052Z,64208703000000,0x051C,0x0104,0,2,63,3379,3379,0,-43996,-44006,429744,44421827,1,0,0,0,3,4,0,0,0,15,15,0,1,429744,2,1,0,0,0,0,0,0,5,0,0,0,0,6,0x5AA5,3379,-7884,0,0,36179,2,4,2,2,255,0,2,15,0,0,1,0,0,0,0,0,0,0,6,0,0,3300,44421827
2026-09-25T07:21:50.526Z,64209171000000,0x051C,0x0104,0,2,63,-4505,-4505,0,-43993,-43999,429749,44422328,1,0,0,0,3,4,0,0,0,15,15,0,1,429749,2,1,0,0,0,0,0,0,5,0,0,0,0,6,0x5AA5,-4505,-11263,0,0,36179,2,2,2,2,255,0,2,15,0,0,1,0,0,0,0,0,0,0,6,0,0,-4500,44422328
2026-09-25T07:21:51.061Z,64209703000000,0x051C,0x0104,0,2,63,-7884,-7884,0,-43992,-43996,429754,44422829,1,0,0,0,3,4,0,0,0,15,15,0,1,429754,2,1,0,0,0,0,0,0,5,0,0,0,0,6,0x5AA5,-7884,-12390,0,0,36181,2,2,2,2,255,0,2,15,0,0,1,0,0,0,0,0,0,0,6,0,0,-7800,44422829
2026-09-25T07:21:51.535Z,64210187000000,0x051C,0x0104,0,2,63,-4505,-4505,0,-43989,-43999,429759,44423330,1,0,0,0,3,4,0,0,0,15,15,0,1,429759,2,1,0,0,0,0,0,0,5,0,0,0,0,6,0x5AA5,-4505,-15769,0,0,36183,2,2,2,2,255,0,2,15,0,0,1,0,0,0,0,0,0,0,6,0,0,-4500,44423330
2026-09-25T07:21:52.051Z,64210703000000,0x051C,0x0104,0,2,63,-13516,-13516,0,-43991,-43991,429764,44423831,1,0,0,0,3,4,0,0,0,15,15,0,1,429764,2,1,0,0,0,0,0,0,5,0,0,0,0,6,0x5AA5,-13516,-13516,0,0,36183,2,2,2,2,255,0,2,15,0,0,1,0,0,0,0,0,0,0,6,0,0,-13500,44423831
2026-09-25T07:21:52.524Z,64211171000000,0x051C,0x0104,0,2,63,-11263,-11263,0,-44002,-43993,429769,44424333,1,0,0,0,3,4,0,0,0,15,15,0,1,429769,2,1,0,0,0,0,0,0,5,0,0,0,0,6,0x5AA5,-11263,-1126,0,0,36185,2,2,2,2,255,0,2,15,0,0,1,0,0,0,0,0,0,0,6,0,0,-11200,44424333
2026-09-25T07:21:53.059Z,64211703000000,0x051C,0x0104,0,2,63,-10137,-10137,0,-44006,-43994,429774,44424833,1,0,0,0,3,4,0,0,0,15,15,0,1,429774,2,1,0,0,0,0,0,0,5,0,0,0,0,6,0x5AA5,-10137,3379,0,0,36186,2,2,2,4,255,0,4,15,0,0,1,0,0,0,0,0,0,0,6,0,0,-10100,44424833
2026-09-25T07:21:53.535Z,64212187000000,0x051C,0x0104,0,2,63,-9011,-9011,0,-43999,-43995,429779,44425333,1,0,0,0,3,4,0,0,0,15,15,0,1,429779,2,1,0,0,0,0,0,0,5,0,0,0,0,6,0x5AA5,-9011,-4505,0,0,36187,2,2,2,2,255,0,2,15,0,0,1,0,0,0,0,0,0,0,6,0,0,-9000,44425333
2026-09-25T07:21:54.053Z,64212703000000,0x051C,0x0104,0,2,63,-12390,-12390,0,-43999,-43992,429784,44425834,1,0,0,0,3,4,0,0,0,15,15,0,1,429784,2,1,0,0,0,0,0,0,5,0,0,0,0,6,0x5AA5,-12390,-4505,0,0,36187,2,2,2,2,255,0,2,15,0,0,1,0,0,0,0,0,0,0,6,0,0,-12300,44425834
2026-09-25T07:21:54.527Z,64213171000000,0x051C,0x0104,0,2,63,-6758,-6758,0,-44004,-43997,429789,44426335,1,0,0,0,3,4,0,0,0,15,15,0,1,429789,2,1,0,0,0,0,0,0,5,0,0,0,0,6,0x5AA5,-6758,1126,0,0,36190,2,2,2,4,255,0,4,15,0,0,1,0,0,0,0,0,0,0,6,0,0,-6700,44426335
2026-09-25T07:21:55.060Z,64213703000000,0x051C,0x0104,0,2,63,-9011,-9011,0,-43992,-43995,429794,44426836,1,0,0,0,3,4,0,0,0,15,15,0,1,429794,2,1,0,0,0,0,0,0,5,0,0,0,0,6,0x5AA5,-9011,-12390,0,0,36191,2,2,2,2,255,0,2,15,0,0,1,0,0,0,0,0,0,0,6,0,0,-9000,44426836
2026-09-25T07:21:55.535Z,64214187000000,0x051C,0x0104,0,2,63,-7884,-7884,0,-43992,-43996,429799,44427337,1,0,0,0,3,4,0,0,0,15,15,0,1,429799,2,1,0,0,0,0,0,0,5,0,0,0,0,6,0x5AA5,-7884,-12390,0,0,36193,2,2,2,2,255,0,2,15,0,0,1,0,0,0,0,0,0,0,6,0,0,-7800,44427337
2026-09-25T07:21:56.051Z,64214703000000,0x051C,0x0104,0,2,63,-5632,-5632,0,-43999,-43998,429804,44427838,1,0,0,0,3,4,0,0,0,15,15,0,1,429804,2,1,0,0,0,0,0,0,5,0,0,0,0,6,0x5AA5,-5632,-4505,0,0,36193,2,2,2,2,255,0,2,15,0,0,1,0,0,0,0,0,0,0,6,0,0,-5600,44427838
2026-09-25T07:21:56.526Z,64215171000000,0x051C,0x0104,0,2,63,-4505,-4505,0,-44009,-43999,429809,44428339,1,0,0,0,3,4,0,0,0,15,15,0,1,429809,2,1,0,0,0,0,0,0,5,0,0,0,0,6,0x5AA5,-4505,6758,0,0,36196,2,2,2,4,255,0,4,15,0,0,1,0,0,0,0,0,0,0,6,0,0,-4500,44428339
2026-09-25T07:21:57.059Z,64215703000000,0x051C,0x0104,0,2,63,-1126,-1126,0,-44017,-44002,429814,44428839,1,0,0,0,3,4,0,0,0,15,15,0,1,429814,2,1,0,0,0,0,0,0,5,0,0,0,0,6,0x5AA5,-1126,15769,0,0,36198,2,2,2,4,255,0,4,15,0,0,1,0,0,0,0,0,0,0,6,0,0,-1100,44428839
2026-09-25T07:21:57.535Z,64216187000000,0x051C,0x0104,0,2,63,-1126,-1126,0,-43986,-44002,429819,44429340,1,0,0,0,3,4,0,0,0,15,15,0,1,429819,2,1,0,0,0,0,0,0,5,0,0,0,0,6,0x5AA5,-1126,-19148,0,0,36199,2,2,2,2,255,0,2,15,0,0,1,0,0,0,0,0,0,0,6,0,0,-1100,44429340
2026-09-25T07:21:58.052Z,64216703000000,0x051C,0x0104,0,2,63,-6758,-6758,0,-43990,-43997,429824,44429841,1,0,0,0,3,4,0,0,0,15,15,0,1,429824,2,1,0,0,0,0,0,0,5,0,0,0,0,6,0x5AA5,-6758,-14642,0,0,36199,2,2,2,2,255,0,2,15,0,0,1,0,0,0,0,0,0,0,6,0,0,-6700,44429841
2026-09-25T07:21:58.526Z,64217171000000,0x051C,0x0104,0,2,63,-9011,-9011,0,-43995,-43995,429829,44430342,1,0,0,0,3,4,0,0,0,15,15,0,1,429829,2,1,0,0,0,0,0,0,5,0,0,0,0,6,0x5AA5,-9011,-9011,0,0,36201,2,2,2,2,255,0,2,15,0,0,1,0,0,0,0,0,0,0,6,0,0,-9000,44430342
2026-09-25T07:21:59.058Z,64217703000000,0x051C,0x0104,0,2,63,-4505,-4505,0,-43986,-43999,429834,44430843,1,0,0,0,3,4,0,0,0,15,15,0,1,429834,2,1,0,0,0,0,0,0,5,0,0,0,0,6,0x5AA5,-4505,-19148,0,0,36203,2,2,2,2,255,0,2,15,0,0,1,0,0,0,0,0,0,0,6,0,0,-4500,44430843
2026-09-25T07:21:59.533Z,64218171000000,0x051C,0x0104,0,2,63,-1126,-1126,0,-44017,-44002,429839,44431344,1,0,0,0,3,4,0,0,0,15,15,0,1,429839,2,1,0,0,0,0,0,0,5,0,0,0,0,6,0x5AA5,-1126,15769,0,0,36206,2,2,2,4,255,0,4,15,0,0,1,0,0,0,0,0,0,0,6,0,0,-1100,44431344
2026-09-25T07:22:00.067Z,64218718000000,0x051C,0x0104,0,2,63,2253,2253,0,-43999,-44005,429844,44431844,1,0,0,0,3,4,0,0,0,15,15,0,1,429844,2,1,0,0,0,0,0,0,5,0,0,0,0,6,0x5AA5,2253,-4505,0,0,36207,2,4,2,2,255,0,2,15,0,0,1,0,0,0,0,0,0,0,6,0,0,2200,44431844
2026-09-25T07:22:00.525Z,64219171000000,0x051C,0x0104,0,2,63,-4505,-4505,0,-43994,-43999,429849,44432345,1,0,0,0,3,4,0,0,0,15,15,0,1,429849,2,1,0,0,0,0,0,0,5,0,0,0,0,6,0x5AA5,-4505,-10137,0,0,36207,2,2,2,2,255,0,2,15,0,0,1,0,0,0,0,0,0,0,6,0,0,-4500,44432345
2026-09-25T07:22:01.058Z,64219703000000,0x051C,0x0104,0,2,63,-5632,-5632,0,-44018,-43998,429854,44432846,1,0,0,0,3,4,0,0,0,15,15,0,1,429854,2,1,0,0,0,0,0,0,5,0,0,0,0,6,0x5AA5,-5632,16895,0,0,36208,2,2,2,4,255,0,4,15,0,0,1,0,0,0,0,0,0,0,6,0,0,-5600,44432846
2026-09-25T07:22:01.533Z,64220171000000,0x051C,0x0104,0,2,63,-9011,-9011,0,-43994,-43995,429859,44433347,1,0,0,0,3,4,0,0,0,15,15,0,1,429859,2,1,0,0,0,0,0,0,5,0,0,0,0,6,0x5AA5,-9011,-10137,0,0,36209,2,2,2,2,255,0,2,15,0,0,1,0,0,0,0,0,0,0,6,0,0,-9000,44433347
2026-09-25T07:22:02.066Z,64220718000000,0x051C,0x0104,0,2,63,-9011,-9011,0,-43977,-43995,429864,44433848,1,0,0,0,3,4,0,0,0,15,15,0,1,429864,2,1,0,0,0,0,0,0,5,0,0,0,0,6,0x5AA5,-9011,-29285,0,0,36211,2,2,2,2,255,0,2,15,0,0,1,0,0,0,0,0,0,0,6,0,0,-9000,44433848
2026-09-25T07:22:02.526Z,64221171000000,0x051C,0x0104,0,2,63,-12390,-12390,0,-43998,-43992,429869,44434349,1,0,0,0,3,4,0,0,0,15,15,0,1,429869,2,1,0,0,0,0,0,0,5,0,0,0,0,6,0x5AA5,-12390,-5632,0,0,36211,2,2,2,2,255,0,2,15,0,0,1,0,0,0,0,0,0,0,6,0,0,-12300,44434349
2026-09-25T07:22:03.062Z,64221703000000,0x051C,0x0104,0,2,63,-4505,-4505,0,-44008,-43999,429874,44434849,1,0,0,0,3,4,0,0,0,15,15,0,1,429874,2,1,0,0,0,0,0,0,5,0,0,0,0,6,0x5AA5,-4505,5632,0,0,36214,2,2,2,4,255,0,4,15,0,0,1,0,0,0,0,0,0,0,6,0,0,-4500,44434849
2026-09-25T07:22:03.536Z,64222187000000,0x051C,0x0104,0,2,63,-5632,-5632,0,-43990,-43998,429879,44435350,1,0,0,0,3,4,0,0,0,15,15,0,1,429879,2,1,0,0,0,0,0,0,5,0,0,0,0,6,0x5AA5,-5632,-14642,0,0,36215,2,2,2,2,255,0,2,15,0,0,1,0,0,0,0,0,0,0,6,0,0,-5600,44435350
2026-09-25T07:22:04.053Z,64222703000000,0x051C,0x0104,0,2,63,-2253,-2253,0,-43994,-44001,429884,44435851,1,0,0,0,3,4,0,0,0,15,15,0,1,429884,2,1,0,0,0,0,0,0,5,0,0,0,0,6,0x5AA5,-2253,-10137,0,0,36217,2,2,2,2,255,0,2,15,0,0,1,0,0,0,0,0,0,0,6,0,0,-2200,44435851
2026-09-25T07:22:04.526Z,64223171000000,0x051C,0x0104,0,2,63,-9011,-9011,0,-43979,-43995,429889,44436353,1,0,0,0,3,4,0,0,0,15,15,0,1,429889,2,1,0,0,0,0,0,0,5,0,0,0,0,6,0x5AA5,-9011,-27032,0,0,36217,2,2,2,2,255,0,2,15,0,0,1,0,0,0,0,0,0,0,6,0,0,-9000,44436353
2026-09-25T07:22:05.062Z,64223703000000,0x051C,0x0104,0,2,63,-15769,-15769,0,-43991,-43989,429894,44436853,1,0,0,0,3,4,0,0,0,15,15,0,1,429894,2,1,0,0,0,0,0,0,5,0,0,0,0,6,0x5AA5,-15769,-13516,0,0,36217,2,2,2,2,255,0,2,15,0,0,1,0,0,0,0,0,0,0,6,0,0,-15700,44436853
2026-09-25T07:22:05.536Z,64224187000000,0x051C,0x0104,0,2,63,-13516,-13516,0,-43986,-43991,429899,44437353,1,0,0,0,3,4,0,0,0,15,15,0,1,429899,2,1,0,0,0,0,0,0,5,0,0,0,0,6,0x5AA5,-13516,-19148,0,0,36219,2,2,2,2,255,0,2,15,0,0,1,0,0,0,0,0,0,0,6,0,0,-13500,44437353
2026-09-25T07:22:06.051Z,64224703000000,0x051C,0x0104,0,2,63,-16895,-16895,0,-43999,-43988,429904,44437854,1,0,0,0,3,4,0,0,0,15,15,0,1,429904,2,1,0,0,0,0,0,0,5,0,0,0,0,6,0x5AA5,-16895,-4505,0,0,36219,2,2,2,2,255,0,2,15,0,0,1,0,0,0,0,0,0,0,6,0,0,-16800,44437854
2026-09-25T07:22:06.525Z,64225171000000,0x051C,0x0104,0,2,63,-7884,-7884,0,-44004,-43996,429909,44438355,1,0,0,0,3,4,0,0,0,15,15,0,1,429909,2,1,0,0,0,0,0,0,5,0,0,0,0,6,0x5AA5,-7884,1126,0,0,36222,2,2,2,4,255,0,4,15,0,0,1,0,0,0,0,0,0,0,6,0,0,-7800,44438355
2026-09-25T07:22:07.060Z,64225703000000,0x051C,0x0104,0,2,63,-1126,-1126,0,-44017,-44002,429914,44438856,1,0,0,0,3,4,0,0,0,15,15,0,1,429914,2,1,0,0,0,0,0,0,5,0,0,0,0,6,0x5AA5,-1126,15769,0,0,36222,2,2,2,4,255,0,4,15,0,0,1,0,0,0,0,0,0,0,6,0,0,-1100,44438856
2026-09-25T07:22:07.536Z,64226187000000,0x051C,0x0104,0,2,63,1126,1126,0,-43994,-44004,429919,44439357,1,0,0,0,3,4,0,0,0,15,15,0,1,429919,2,1,0,0,0,0,0,0,5,0,0,0,0,6,0x5AA5,1126,-10137,0,0,36223,2,4,2,2,255,0,2,15,0,0,1,0,0,0,0,0,0,0,6,0,0,1100,44439357
2026-09-25T07:22:08.051Z,64226703000000,0x051C,0x0104,0,2,63,0,0,0,-43998,-44003,429924,44439858,1,0,0,0,3,4,0,0,0,15,15,0,1,429924,2,1,0,0,0,0,0,0,5,0,0,0,0,6,0x5AA5,0,-5632,0,0,36225,2,3,2,2,255,0,2,15,0,0,1,0,0,0,0,0,0,0,6,0,0,0,44439858
2026-09-25T07:22:08.525Z,64227171000000,0x051C,0x0104,0,2,63,-4505,-4505,0,-43999,-43999,429929,44440358,1,0,0,0,3,4,0,0,0,15,15,0,1,429929,2,1,0,0,0,0,0,0,5,0,0,0,0,6,0x5AA5,-4505,-4505,0,0,36225,2,2,2,2,255,0,2,15,0,0,1,0,0,0,0,0,0,0,6,0,0,-4500,44440358
2026-09-25T07:22:09.060Z,64227703000000,0x051C,0x0104,0,2,63,-4505,-4505,0,-44011,-43999,429934,44440859,1,0,0,0,3,4,0,0,0,15,15,0,1,429934,2,1,0,0,0,0,0,0,5,0,0,0,0,6,0x5AA5,-4505,9011,0,0,36226,2,2,2,4,255,0,4,15,0,0,1,0,0,0,0,0,0,0,6,0,0,-4500,44440859
2026-09-25T07:22:09.536Z,64228187000000,0x051C,0x0104,0,2,63,-5632,-5632,0,-43994,-43998,429939,44441360,1,0,0,0,3,4,0,0,0,15,15,0,1,429939,2,1,0,0,0,0,0,0,5,0,0,0,0,6,0x5AA5,-5632,-10137,0,0,36227,2,2,2,2,255,0,2,15,0,0,1,0,0,0,0,0,0,0,6,0,0,-5600,44441360
2026-09-25T07:22:10.054Z,64228703000000,0x051C,0x0104,0,2,63,-4505,-4505,0,-43996,-43999,429944,44441861,1,0,0,0,3,4,0,0,0,15,15,0,1,429944,2,1,0,0,0,0,0,0,5,0,0,0,0,6,0x5AA5,-4505,-7884,0,0,36229,2,2,2,2,255,0,2,15,0,0,1,0,0,0,0,0,0,0,6,0,0,-4500,44441861
2026-09-25T07:22:10.529Z,64229171000000,0x051C,0x0104,0,2,63,-9011,-9011,0,-44000,-43995,429949,44442362,1,0,0,0,3,4,0,0,0,15,15,0,1,429949,2,1,0,0,0,0,0,0,5,0,0,0,0,6,0x5AA5,-9011,-3379,0,0,36231,2,2,2,2,255,0,2,15,0,0,1,0,0,0,0,0,0,0,6,0,0,-9000,44442362
2026-09-25T07:22:11.063Z,64229703000000,0x051C,0x0104,0,2,63,-7884,-7884,0,-43998,-43996,429954,44442862,1,0,0,0,3,4,0,0,0,15,15,0,1,429954,2,1,0,0,0,0,0,0,5,0,0,0,0,6,0x5AA5,-7884,-5632,0,0,36231,2,2,2,2,255,0,2,15,0,0,1,0,0,0,0,0,0,0,6,0,0,-7800,44442862
2026-09-25T07:22:11.536Z,64230187000000,0x051C,0x0104,0,2,63,-7884,-7884,0,-43975,-43996,429959,44443363,1,0,0,0,3,4,0,0,0,15,15,0,1,429959,2,1,0,0,0,0,0,0,5,0,0,0,0,6,0x5AA5,-7884,-31537,0,0,36233,2,2,2,2,255,0,2,15,0,0,1,0,0,0,0,0,0,0,6,0,0,-7800,44443363
2026-09-25T07:22:12.056Z,64230703000000,0x051C,0x0104,0,2,63,-10137,-10137,0,-43976,-43994,429964,44443864,1,0,0,0,3,4,0,0,0,15,15,0,1,429964,2,1,0,0,0,0,0,0,5,0,0,0,0,6,0x5AA5,-10137,-30411,0,0,36235,2,2,2,2,255,0,2,15,0,0,1,0,0,0,0,0,0,0,6,0,0,-10100,44443864
2026-09-25T07:22:12.534Z,64231171000000,0x051C,0x0104,0,2,63,-12390,-12390,0,-44001,-43992,429969,44444365,1,0,0,0,3,4,0,0,0,15,15,0,1,429969,2,1,0,0,0,0,0,0,5,0,0,0,0,6,0x5AA5,-12390,-2253,0,0,36235,2,2,2,2,255,0,2,15,0,0,1,0,0,0,0,0,0,0,6,0,0,-12300,44444365
2026-09-25T07:22:13.066Z,64231718000000,0x051C,0x0104,0,2,63,-11263,-11263,0,-43974,-43993,429974,44444866,1,0,0,0,3,4,0,0,0,15,15,0,1,429974,2,1,0,0,0,0,0,0,5,0,0,0,0,6,0x5AA5,-11263,-32664,0,0,36235,2,2,2,2,255,0,2,15,0,0,1,0,0,0,0,0,0,0,6,0,0,-11200,44444866
2026-09-25T07:22:13.528Z,64232171000000,0x051C,0x0104,0,2,63,-10137,-10137,0,-44005,-43994,429978,44445369,1,0,0,0,3,4,0,0,0,15,15,0,1,429979,2,1,0,0,0,0,0,0,5,0,0,0,0,6,0x5AA5,-11263,-14642,0,0,36235,2,2,2,2,255,0,2,15,0,0,1,0,0,0,0,0,0,0,6,0,0,-11200,44445266
2026-09-25T07:22:14.061Z,64232703000000,0x051C,0x0104,0,2,63,-12390,-12390,0,-43999,-43992,429984,44445867,1,0,0,0,3,4,0,0,0,15,15,0,1,429984,2,1,0,0,0,0,0,0,5,0,0,0,0,6,0x5AA5,-12390,-4505,0,0,36237,2,2,2,2,255,0,2,15,0,0,1,0,0,0,0,0,0,0,6,0,0,-12300,44445867
2026-09-25T07:22:14.536Z,64233187000000,0x051C,0x0104,0,2,63,-2253,-2253,0,-44013,-44001,429989,44446368,1,0,0,0,3,4,0,0,0,15,15,0,1,429989,2,1,0,0,0,0,0,0,5,0,0,0,0,6,0x5AA5,-2253,11263,0,0,36240,2,2,2,4,255,0,4,15,0,0,1,0,0,0,0,0,0,0,6,0,0,-2200,44446368
2026-09-25T07:22:15.059Z,64233703000000,0x051C,0x0104,0,2,63,0,0,0,-43994,-44003,429993,44446871,1,0,0,0,3,4,0,0,0,15,15,0,1,429994,2,1,0,0,0,0,0,0,5,0,0,0,0,6,0x5AA5,0,9011,0,0,36242,2,3,2,4,255,0,4,15,0,0,1,0,0,0,0,0,0,0,6,0,0,0,44446769
2026-09-25T07:22:15.536Z,64234187000000,0x051C,0x0104,0,2,63,-9011,-9011,0,-44006,-43995,429999,44447370,1,0,0,0,3,4,0,0,0,15,15,0,1,429999,2,1,0,0,0,0,0,0,5,0,0,0,0,6,0x5AA5,-9011,3379,0,0,36244,2,2,2,4,255,0,4,15,0,0,1,0,0,0,0,0,0,0,6,0,0,-9000,44447370
2026-09-25T07:22:16.056Z,64234703000000,0x051C,0x0104,0,2,63,-9011,-9011,0,-44005,-43995,430003,44447871,1,0,0,0,3,4,0,0,0,15,15,0,1,430004,2,1,0,0,0,0,0,0,5,0,0,0,0,6,0x5AA5,-10137,1126,0,0,36246,2,2,2,4,255,0,4,15,0,0,1,0,0,0,0,0,0,0,6,0,0,-10100,44447771
2026-09-25T07:22:16.536Z,64235187000000,0x051C,0x0104,0,2,63,-14642,-14642,0,-43987,-43990,430008,44448375,1,0,0,0,3,4,0,0,0,15,15,0,1,430009,2,1,0,0,0,0,0,0,5,0,0,0,0,6,0x5AA5,-14642,-7884,0,0,36247,2,2,2,2,255,0,2,15,0,0,1,0,0,0,0,0,0,0,6,0,0,-14600,44448271
2026-09-25T07:22:17.051Z,64235703000000,0x051C,0x0104,0,2,63,-18021,-18021,0,-44003,-43987,430013,44448873,1,0,0,0,3,4,0,0,0,15,15,0,1,430014,2,1,0,0,0,0,0,0,5,0,0,0,0,6,0x5AA5,-18021,-18021,0,0,36247,2,2,2,2,255,0,2,15,0,0,1,0,0,0,0,0,0,0,6,0,0,-18000,44448773
2026-09-25T07:22:17.526Z,64236171000000,0x051C,0x0104,-1,2,63,-15769,-15769,0,-43991,-43989,430018,44449373,1,0,0,0,3,4,0,0,0,15,15,0,1,430019,2,1,0,0,0,0,0,0,5,0,0,0,0,6,0x5AA5,-15769,1126,0,0,36250,2,2,2,4,255,0,4,15,0,0,1,0,0,0,0,0,0,0,6,0,0,-15700,44449273
2026-09-25T07:22:18.061Z,64236703000000,0x051C,0x0104,-1,2,63,-13516,-13516,0,-44001,-43991,430023,44449877,1,0,0,0,3,4,0,0,0,15,15,0,1,430024,2,1,-10000,-10000,0,0,0,0,5,0,0,0,0,6,0x5AA5,-14642,-6758,0,0,36253,2,2,2,2,255,0,2,15,0,0,1,0,0,0,0,0,0,0,6,0,0,-14600,44449774
2026-09-25T07:22:18.539Z,64237187000000,0x051C,0x0104,-1,2,63,-15769,-15769,0,-43980,-43989,430028,44450380,1,0,0,0,3,4,0,0,0,15,15,0,1,430029,2,1,-10000,-10000,0,0,0,0,5,0,0,0,0,6,0x5AA5,-13516,-27032,0,0,36253,2,2,2,2,255,0,2,15,0,0,1,0,0,0,0,0,0,0,6,0,0,-13500,44450275
2026-09-25T07:22:19.061Z,64237703000000,0x051C,0x0104,-1,2,63,-11263,-11263,0,-44005,-43993,430033,44450876,1,0,0,0,3,4,0,0,0,15,15,0,1,430034,2,1,-10000,-10000,0,0,0,0,5,0,0,0,0,6,0x5AA5,-13516,6758,0,0,36254,2,2,2,4,255,0,4,15,0,0,1,0,0,0,0,0,0,0,6,0,0,-13500,44450776
2026-09-25T07:22:19.539Z,64238187000000,0x051C,0x0104,-1,2,63,-7884,-7884,0,-44001,-43996,430038,44451380,1,0,0,0,3,4,0,0,0,15,15,0,1,430039,2,1,-10000,-10000,0,0,0,0,5,0,0,0,0,6,0x5AA5,-9011,0,0,0,36255,2,2,2,2,255,0,2,15,0,0,1,0,0,0,0,0,0,0,6,0,0,-9000,44451276
2026-09-25T07:22:20.057Z,64238703000000,0x051C,0x0104,-1,2,63,-6758,-6758,0,-44007,-43997,430043,44451877,1,0,0,0,3,4,0,0,0,15,15,0,1,430044,2,1,-10000,-10000,0,0,0,0,5,0,0,0,0,6,0x5AA5,-7884,0,0,0,36255,2,2,2,2,255,0,2,15,0,0,1,0,0,0,0,0,0,0,6,0,0,-7800,44451777
2026-09-25T07:22:20.531Z,64239171000000,0x051C,0x0104,-1,2,63,-7884,-7884,0,-44003,-43996,430048,44452378,1,0,0,0,3,4,0,0,0,15,15,0,1,430049,2,1,-10000,-10000,0,0,0,0,5,0,0,0,0,6,0x5AA5,-7884,-10137,0,0,36257,2,2,2,2,255,0,2,15,0,0,1,0,0,0,0,0,0,0,6,0,0,-7800,44452278
2026-09-25T07:22:21.066Z,64239718000000,0x051C,0x0104,-1,2,63,-12390,-12390,0,-43993,-43992,430053,44452883,1,0,0,0,3,4,0,0,0,15,15,0,1,430054,2,1,-10000,-10000,0,0,0,0,5,0,0,0,0,6,0x5AA5,-11263,-27032,0,0,36257,2,2,2,2,255,0,2,15,0,0,1,0,0,0,0,0,0,0,6,0,0,-11200,44452779
2026-09-25T07:22:21.526Z,64240171000000,0x051C,0x0104,-1,2,63,-16895,-16895,0,-43973,-43988,430058,44453380,1,0,0,0,3,4,0,0,0,15,15,0,1,430059,2,1,-10000,-10000,0,0,0,0,5,0,0,0,0,6,0x5AA5,-16895,-2253,0,0,36257,2,2,2,2,255,0,2,15,0,0,1,0,0,0,0,0,0,0,6,0,0,-16800,44453280
2026-09-25T07:22:22.060Z,64240703000000,0x051C,0x0104,-1,2,63,-13516,-13516,0,-44012,-43991,430063,44453881,1,0,0,0,3,4,0,0,0,15,15,0,1,430064,2,1,-10000,-10000,0,0,0,0,5,0,0,0,0,6,0x5AA5,-16895,7884,0,0,36258,2,2,2,4,255,0,4,15,0,0,1,0,0,0,0,0,0,0,6,0,0,-16800,44453781
2026-09-25T07:22:22.535Z,64241187000000,0x051C,0x0104,-1,2,63,-6758,-6758,0,-43990,-43997,430068,44454382,1,0,0,0,3,4,0,0,0,15,15,0,1,430069,2,1,-10000,-10000,0,0,0,0,5,0,0,0,0,6,0x5AA5,-5632,-13516,0,0,36261,2,2,2,2,255,0,2,15,0,0,1,0,0,0,0,0,0,0,6,0,0,-5600,44454282
2026-09-25T07:22:23.056Z,64241703000000,0x051C,0x0104,-1,2,63,-11263,-11263,0,-43986,-43993,430073,44454883,1,0,0,0,3,4,0,0,0,15,15,0,1,430074,2,1,-10000,-10000,0,0,0,0,5,0,0,0,0,6,0x5AA5,-10137,-15769,0,0,36261,2,2,2,2,255,0,2,15,0,0,1,0,0,0,0,0,0,0,6,0,0,-10100,44454783
2026-09-25T07:22:23.533Z,64242171000000,0x051C,0x0104,-1,2,63,-9011,-9011,0,-43996,-43995,430078,44455384,1,0,0,0,3,4,0,0,0,15,15,0,1,430079,2,1,-10000,-10000,0,0,0,0,5,0,0,0,0,6,0x5AA5,-10137,13516,0,0,36262,2,2,2,4,255,0,4,15,0,0,1,0,0,0,0,0,0,0,6,0,0,-10100,44455284
2026-09-25T07:22:24.071Z,64242718000000,0x051C,0x0104,-1,2,63,-14642,-14642,0,-43990,-43990,430083,44455885,1,0,0,0,3,4,0,0,0,15,15,0,1,430084,2,1,-10000,-10000,0,0,0,0,5,0,0,0,0,6,0x5AA5,-14642,-14642,0,0,36263,2,2,2,2,255,0,2,15,0,0,1,0,0,0,0,0,0,0,6,0,0,-14600,44455784
2026-09-25T07:22:24.531Z,64243171000000,0x051C,0x0104,-1,2,63,-14642,-14642,0,-43977,-43990,430088,44456385,1,0,0,0,3,4,0,0,0,15,15,0,1,430089,2,1,-10000,-10000,0,0,0,0,5,0,0,0,0,6,0x5AA5,-14642,-12390,0,0,36263,2,2,2,2,255,0,2,15,0,0,1,0,0,0,0,0,0,0,6,0,0,-14600,44456285
2026-09-25T07:22:25.063Z,64243703000000,0x051C,0x0104,-1,2,63,-19148,-19148,0,-43993,-43986,430093,44456886,1,0,0,0,3,4,0,0,0,15,15,0,1,430094,2,1,-10000,-10000,0,0,0,0,5,0,0,0,0,6,0x5AA5,-20274,-14642,0,0,36263,2,2,2,2,255,0,2,15,0,0,1,0,0,0,0,0,0,0,6,0,0,-20200,44456786
2026-09-25T07:22:25.537Z,64244187000000,0x051C,0x0104,-1,2,63,-20274,-20274,0,-43988,-43985,430098,44457387,1,0,0,0,3,4,0,0,0,15,15,0,1,430099,2,1,-10000,-10000,0,0,0,0,5,0,0,0,0,6,0x5AA5,-20274,-14642,0,0,36263,2,2,2,2,255,0,2,15,0,0,1,0,0,0,0,0,0,0,6,0,0,-20200,44457287
2026-09-25T07:22:26.061Z,64244703000000,0x051C,0x0104,-1,2,63,-14642,-14642,0,-43994,-43990,430103,44457888,1,0,0,0,3,4,0,0,0,15,15,0,1,430104,2,1,-10000,-10000,0,0,0,0,5,0,0,0,0,6,0x5AA5,-15769,-13516,0,0,36263,2,2,2,2,255,0,2,15,0,0,1,0,0,0,0,0,0,0,6,0,0,-15700,44457788
2026-09-25T07:22:26.536Z,64245187000000,0x051C,0x0104,-1,2,63,-11263,-11263,0,-43989,-43993,430108,44458389,1,0,0,0,3,4,0,0,0,15,15,0,1,430109,2,1,-10000,-10000,0,0,0,0,5,0,0,0,0,6,0x5AA5,-11263,-12390,0,0,36263,2,2,2,2,255,0,2,15,0,0,1,0,0,0,0,0,0,0,6,0,0,-11200,44458289
2026-09-25T07:22:27.055Z,64245703000000,0x051C,0x0104,-1,2,63,-14642,-14642,0,-43993,-43990,430113,44458789,1,0,0,0,3,4,0,0,0,15,15,0,1,430113,2,1,-10000,-10000,0,0,0,0,5,0,0,0,0,6,0x5AA5,-14642,-11263,0,0,36263,2,2,2,2,255,0,2,15,0,0,1,0,0,0,0,0,0,0,6,0,0,-14600,44458789
2026-09-25T07:22:27.534Z,64246187000000,0x051C,0x0104,-1,2,63,-11263,-11263,0,-43980,-43993,430118,44459290,1,0,0,0,3,4,0,0,0,15,15,0,1,430118,2,1,-10000,-10000,0,0,0,0,5,0,0,0,0,6,0x5AA5,-11263,-25906,0,0,36265,2,2,2,2,255,0,2,15,0,0,1,0,0,0,0,0,0,0,6,0,0,-11200,44459290
2026-09-25T07:22:28.053Z,64246703000000,0x051C,0x0104,-1,2,63,-13516,-13516,0,-43993,-43991,430123,44459791,1,0,0,0,3,4,0,0,0,15,15,0,1,430123,2,1,-10000,-10000,0,0,0,0,5,0,0,0,0,6,0x5AA5,-13516,-11263,0,0,36265,2,2,2,2,255,0,2,15,0,0,1,0,0,0,0,0,0,0,6,0,0,-13500,44459791
2026-09-25T07:22:28.528Z,64247171000000,0x051C,0x0104,-1,2,63,-11263,-11263,0,-43996,-43993,430128,44460293,1,0,0,0,3,4,0,0,0,15,15,0,1,430128,2,1,-10000,-10000,0,0,0,0,5,0,0,0,0,6,0x5AA5,-11263,-7884,0,0,36265,2,2,2,2,255,0,2,15,0,0,1,0,0,0,0,0,0,0,6,0,0,-11200,44460293
2026-09-25T07:22:29.063Z,64247703000000,0x051C,0x0104,-1,2,63,-7884,-7884,0,-44000,-43996,430133,44460893,1,0,0,0,3,4,0,0,0,15,15,0,1,430134,2,1,-10000,-10000,0,0,0,0,5,0,0,0,0,6,0x5AA5,-9011,-5632,0,0,36267,2,2,2,2,255,0,2,15,0,0,1,0,0,0,0,0,0,0,6,0,0,-9000,44460793
2026-09-25T07:22:29.539Z,64248187000000,0x051C,0x0104,-1,2,63,-5632,-5632,0,-43994,-43998,430138,44461394,1,0,0,0,3,4,0,0,0,15,15,0,1,430139,2,1,-10000,-10000,0,0,0,0,5,0,0,0,0,6,0x5AA5,-6758,0,0,0,36268,2,2,2,4,255,0,4,15,0,0,1,0,0,0,0,0,0,0,6,0,0,-6700,44461294
2026-09-25T07:22:30.056Z,64248703000000,0x051C,0x0104,-1,2,63,-9011,-9011,0,-43994,-43995,430143,44461794,1,0,0,0,3,4,0,0,0,15,15,0,1,430143,2,1,-10000,-10000,0,0,0,0,5,0,0,0,0,6,0x5AA5,-9011,-10137,0,0,36269,2,2,2,2,255,0,2,15,0,0,1,0,0,0,0,0,0,0,6,0,0,-9000,44461794
2026-09-25T07:22:30.530Z,64249171000000,0x051C,0x0104,-1,2,63,-10137,-10137,0,-43985,-43994,430148,44462295,1,0,0,0,3,4,0,0,0,15,15,0,1,430148,2,1,-10000,-10000,0,0,0,0,5,0,0,0,0,6,0x5AA5,-10137,-20274,0,0,36271,2,2,2,2,255,0,2,15,0,0,1,0,0,0,0,0,0,0,6,0,0,-10100,44462295
2026-09-25T07:22:31.066Z,64249718000000,0x051C,0x0104,-1,2,63,-16895,-16895,0,-43985,-43988,430153,44462796,1,0,0,0,3,4,0,0,0,15,15,0,1,430153,2,1,-10000,-10000,0,0,0,0,5,0,0,0,0,6,0x5AA5,-16895,-20274,0,0,36271,2,2,2,2,255,0,2,15,0,0,1,0,0,0,0,0,0,0,6,0,0,-16800,44462796
2026-09-25T07:22:31.525Z,64250171000000,0x051C,0x0104,-1,2,63,-13516,-13516,0,-43992,-43991,430158,44463297,1,0,0,0,3,4,0,0,0,15,15,0,1,430158,2,1,-10000,-10000,0,0,0,0,5,0,0,0,0,6,0x5AA5,-13516,-12390,0,0,36271,2,2,2,2,255,0,2,15,0,0,1,0,0,0,0,0,0,0,6,0,0,-13500,44463297
2026-09-25T07:22:32.059Z,64250703000000,0x051C,0x0104,-1,2,63,-14642,-14642,0,-43983,-43990,430163,44463798,1,0,0,0,3,4,0,0,0,15,15,0,1,430163,2,1,-10000,-10000,0,0,0,0,5,0,0,0,0,6,0x5AA5,-14642,-22527,0,0,36273,2,2,2,2,255,0,2,15,0,0,1,0,0,0,0,0,0,0,6,0,0,-14600,44463798
2026-09-25T07:22:32.535Z,64251187000000,0x051C,0x0104,-1,2,63,-14642,-14642,0,-43987,-43990,430168,44464299,1,0,0,0,3,4,0,0,0,15,15,0,1,430168,2,1,-10000,-10000,0,0,0,0,5,0,0,0,0,6,0x5AA5,-14642,-18021,0,0,36273,2,2,2,2,255,0,2,15,0,0,1,0,0,0,0,0,0,0,6,0,0,-14600,44464299
2026-09-25T07:22:33.051Z,64251703000000,0x051C,0x0104,-1,2,63,-13516,-13516,0,-43984,-43991,430173,44464799,1,0,0,0,3,4,0,0,0,15,15,0,1,430173,2,1,-10000,-10000,0,0,0,0,5,0,0,0,0,6,0x5AA5,-13516,-21400,0,0,36273,2,2,2,2,255,0,2,15,0,0,1,0,0,0,0,0,0,0,6,0,0,-13500,44464799
2026-09-25T07:22:33.524Z,64252171000000,0x051C,0x0104,-1,2,63,-13516,-13516,0,-43995,-43991,430178,44465300,1,0,0,0,3,4,0,0,0,15,15,0,1,430178,2,1,-10000,-10000,0,0,0,0,5,0,0,0,0,6,0x5AA5,-13516,-9011,0,0,36273,2,2,2,2,255,0,2,15,0,0,1,0,0,0,0,0,0,0,6,0,0,-13500,44465300
2026-09-25T07:22:34.059Z,64252703000000,0x051C,0x0104,-1,2,63,-10137,-10137,0,-44001,-43994,430183,44465801,1,0,0,0,3,4,0,0,0,15,15,0,1,430183,2,1,-10000,-10000,0,0,0,0,5,0,0,0,0,6,0x5AA5,-10137,-2253,0,0,36273,2,2,2,2,255,0,2,15,0,0,1,0,0,0,0,0,0,0,6,0,0,-10100,44465801
2026-09-25T07:22:34.534Z,64253171000000,0x051C,0x0104,-1,2,63,-14642,-14642,0,-43988,-43990,430188,44466302,1,0,0,0,3,4,0,0,0,15,15,0,1,430188,2,1,-10000,-10000,0,0,0,0,5,0,0,0,0,6,0x5AA5,-14642,-16895,0,0,36275,2,2,2,2,255,0,2,15,0,0,1,0,0,0,0,0,0,0,6,0,0,-14600,44466302
2026-09-25T07:22:35.068Z,64253718000000,0x051C,0x0104,-1,2,63,-18021,-18021,0,-43993,-43987,430193,44466803,1,0,0,0,3,4,0,0,0,15,15,0,1,430193,2,1,-10000,-10000,0,0,0,0,5,0,0,0,0,6,0x5AA5,-18021,-11263,0,0,36275,2,2,2,2,255,0,2,15,0,0,1,0,0,0,0,0,0,0,6,0,0,-18000,44466803
2026-09-25T07:22:35.548Z,64254187000000,0x051C,0x0104,-1,2,63,-16895,-16895,0,-43991,-43988,430198,44467404,1,0,0,0,3,4,0,0,0,15,15,0,1,430199,2,1,-10000,-10000,0,0,0,0,5,0,0,0,0,6,0x5AA5,-16895,-13516,0,0,36275,2,2,2,2,255,0,2,15,0,0,1,0,0,0,0,0,0,0,6,0,0,-16800,44467304
2026-09-25T07:22:36.081Z,64254718000000,0x051C,0x0104,-1,2,63,-10137,-10137,0,-44013,-43994,430203,44467905,1,0,0,0,3,4,0,0,0,15,15,0,1,430204,2,1,-10000,-10000,0,0,0,0,5,0,0,0,0,6,0x5AA5,-11263,0,0,0,36276,2,2,2,4,255,0,4,15,0,0,1,0,0,0,0,0,0,0,6,0,0,-11200,44467804
2026-09-25T07:22:36.556Z,64255203000000,0x051C,0x0104,-1,2,63,-4505,-4505,0,-44002,-43999,430208,44468405,1,0,0,0,3,4,0,0,0,15,15,0,1,430209,2,1,-10000,-10000,0,0,0,0,5,0,0,0,0,6,0x5AA5,-3379,-10137,0,0,36277,2,2,2,2,255,0,2,15,0,0,1,0,0,0,0,0,0,0,6,0,0,-3300,44468305
2026-09-25T07:22:37.091Z,64255734000000,0x051C,0x0104,-1,2,63,-6758,-6758,0,-43997,-43997,430213,44468908,1,0,0,0,3,4,0,0,0,15,15,0,1,430214,2,1,-10000,-10000,0,0,0,0,5,0,0,0,0,6,0x5AA5,-6758,3379,0,0,36278,2,2,2,4,255,0,4,15,0,0,1,0,0,0,0,0,0,0,6,0,0,-6700,44468806
2026-09-25T07:22:37.572Z,64256218000000,0x051C,0x0104,-1,2,63,-3379,-3379,0,-44022,-44000,430219,44469407,1,0,0,0,3,4,0,0,0,15,15,0,1,430219,2,1,-10000,-10000,0,0,0,0,5,0,0,0,0,6,0x5AA5,-3379,21400,0,0,36282,2,2,2,4,255,0,4,15,0,0,1,0,0,0,0,0,0,0,6,0,0,-3300,44469407
2026-09-25T07:22:38.091Z,64256734000000,0x051C,0x0104,-1,2,63,-3379,-3379,0,-43986,-44000,430223,44469909,1,0,0,0,3,4,0,0,0,15,15,0,1,430224,2,1,-10000,-10000,0,0,0,0,5,0,0,0,0,6,0x5AA5,-2253,-14642,0,0,36283,2,2,2,2,255,0,2,15,0,0,1,0,0,0,0,0,0,0,6,0,0,-2200,44469808
2026-09-25T07:22:38.570Z,64257218000000,0x051C,0x0104,-1,2,63,-2253,-2253,0,-43995,-44001,430228,44470413,1,0,0,0,3,4,0,0,0,15,15,0,1,430229,2,1,-10000,-10000,0,0,0,0,5,0,0,0,0,6,0x5AA5,-1126,-10137,0,0,36285,2,2,2,2,255,0,2,15,0,0,1,0,0,0,0,0,0,0,6,0,0,-1100,44470309
2026-09-25T07:22:39.089Z,64257734000000,0x051C,0x0104,-1,2,63,-2253,-2253,0,-44002,-44001,430233,44470910,1,0,0,0,3,4,0,0,0,15,15,0,1,430234,2,1,-10000,-10000,0,0,0,0,5,0,0,0,0,6,0x5AA5,-2253,1126,0,0,36286,2,2,2,4,255,0,4,15,0,0,1,0,0,0,0,0,0,0,6,0,0,-2200,44470809
2026-09-25T07:22:39.567Z,64258218000000,0x051C,0x0104,-1,2,63,-3379,-3379,0,-43992,-44000,430238,44471410,1,0,0,0,3,4,0,0,0,15,15,0,1,430239,2,1,-10000,-10000,0,0,0,0,5,0,0,0,0,6,0x5AA5,-2253,-14642,0,0,36287,2,2,2,2,255,0,2,15,0,0,1,0,0,0,0,0,0,0,6,0,0,-2200,44471310
2026-09-25T07:22:40.086Z,64258734000000,0x051C,0x0104,-1,2,63,-5632,-5632,0,-44007,-43998,430243,44471911,1,0,0,0,3,4,0,0,0,15,15,0,1,430244,2,1,-10000,-10000,0,0,0,0,5,0,0,0,0,6,0x5AA5,-6758,3379,0,0,36288,2,2,2,4,255,0,4,15,0,0,1,0,0,0,0,0,0,0,6,0,0,-6700,44471811
2026-09-25T07:22:40.562Z,64259203000000,0x051C,0x0104,-1,2,63,-4505,-4505,0,-43995,-43999,430248,44472413,1,0,0,0,3,4,0,0,0,15,15,0,1,430249,2,1,-10000,-10000,0,0,0,0,5,0,0,0,0,6,0x5AA5,-3379,-16895,0,0,36289,2,2,2,2,255,0,2,15,0,0,1,0,0,0,0,0,0,0,6,0,0,-3300,44472313
2026-09-25T07:22:41.100Z,64259750000000,0x051C,0x0104,-1,2,63,-12390,-12390,0,-43968,-43992,430253,44472916,1,0,0,0,3,4,0,0,0,15,15,0,1,430254,2,1,-10000,-10000,0,0,0,0,5,0,0,0,0,6,0x5AA5,-9011,-37169,0,0,36291,2,2,2,2,255,0,2,15,0,0,1,0,0,0,0,0,0,0,6,0,0,-9000,44472813
2026-09-25T07:22:41.561Z,64260203000000,0x051C,0x0104,-1,2,63,-10137,-10137,0,-43997,-43994,430258,44473414,1,0,0,0,3,4,0,0,0,15,15,0,1,430259,2,1,-10000,-10000,0,0,0,0,5,0,0,0,0,6,0x5AA5,-11263,-3379,0,0,36293,2,2,2,2,255,0,2,15,0,0,1,0,0,0,0,0,0,0,6,0,0,-11200,44473313
2026-09-25T07:22:42.098Z,64260750000000,0x051C,0x0104,-1,2,63,-5632,-5632,0,-44009,-43998,430263,44473914,1,0,0,0,3,4,0,0,0,15,15,0,1,430264,2,1,-10000,-10000,0,0,0,0,5,0,0,0,0,6,0x5AA5,-6758,5632,0,0,36296,2,2,2,4,255,0,4,15,0,0,1,0,0,0,0,0,0,0,6,0,0,-6700,44473814
2026-09-25T07:22:42.560Z,64261203000000,0x051C,0x0104,-1,2,63,-5632,-5632,0,-43973,-43998,430268,44474415,1,0,0,0,3,4,0,0,0,15,15,0,1,430269,2,1,-10000,-10000,0,0,0,0,5,0,0,0,0,6,0x5AA5,-4505,-13516,0,0,36297,2,2,2,2,255,0,2,15,0,0,1,0,0,0,0,0,0,0,6,0,0,-4500,44474315
2026-09-25T07:22:43.093Z,64261734000000,0x051C,0x0104,-1,2,63,-7884,-7884,0,-43984,-43996,430273,44474916,1,0,0,0,3,4,0,0,0,15,15,0,1,430274,2,1,-10000,-10000,0,0,0,0,5,0,0,0,0,6,0x5AA5,-7884,-4505,0,0,36299,2,2,2,2,255,0,2,15,0,0,1,0,0,0,0,0,0,0,6,0,0,-7800,44474816
2026-09-25T07:22:43.571Z,64262218000000,0x051C,0x0104,-1,2,63,-7884,-7884,0,-43996,-43996,430278,44475417,1,0,0,0,3,4,0,0,0,15,15,0,1,430279,2,1,-10000,-10000,0,0,0,0,5,0,0,0,0,6,0x5AA5,-7884,-11263,0,0,36299,2,2,2,2,255,0,2,15,0,0,1,0,0,0,0,0,0,0,6,0,0,-7800,44475317
2026-09-25T07:22:44.090Z,64262734000000,0x051C,0x0104,-1,2,63,-9011,-9011,0,-43992,-43995,430283,44475918,1,0,0,0,3,4,0,0,0,15,15,0,1,430284,2,1,-10000,-10000,0,0,0,0,5,0,0,0,0,6,0x5AA5,-9011,-15769,0,0,36299,2,2,2,2,255,0,2,15,0,0,1,0,0,0,0,0,0,0,6,0,0,-9000,44475818
2026-09-25T07:22:44.567Z,64263218000000,0x051C,0x0104,-1,2,63,-10137,-10137,0,-43993,-43994,430288,44476419,1,0,0,0,3,4,0,0,0,15,15,0,1,430289,2,1,-10000,-10000,0,0,0,0,5,0,0,0,0,6,0x5AA5,-10137,-6758,0,0,36301,2,2,2,2,255,0,2,15,0,0,1,0,0,0,0,0,0,0,6,0,0,-10100,44476318
2026-09-25T07:22:45.088Z,64263734000000,0x051C,0x0104,-1,2,63,-9011,-9011,0,-44012,-43995,430293,44476819,1,0,0,0,3,4,0,0,0,15,15,0,1,430293,2,1,-10000,-10000,0,0,0,0,5,0,0,0,0,6,0x5AA5,-9011,10137,0,0,36302,2,2,2,4,255,0,4,15,0,0,1,0,0,0,0,0,0,0,6,0,0,-9000,44476819
2026-09-25T07:22:45.564Z,64264203000000,0x051C,0x0104,-1,2,63,-7884,-7884,0,-43995,-43996,430298,44477420,1,0,0,0,3,4,0,0,0,15,15,0,1,430299,2,1,-10000,-10000,0,0,0,0,5,0,0,0,0,6,0x5AA5,-6758,-21400,0,0,36303,2,2,2,2,255,0,2,15,0,0,1,0,0,0,0,0,0,0,6,0,0,-6700,44477320
2026-09-25T07:22:46.099Z,64264750000000,0x051C,0x0104,-1,2,63,-4505,-4505,0,-43992,-43999,430303,44477921,1,0,0,0,3,4,0,0,0,15,15,0,1,430304,2,1,-10000,-10000,0,0,0,0,5,0,0,0,0,6,0x5AA5,-3379,-14642,0,0,36305,2,2,2,2,255,0,2,15,0,0,1,0,0,0,0,0,0,0,6,0,0,-3300,44477821
2026-09-25T07:22:46.574Z,64265218000000,0x051C,0x0104,-1,2,63,-6758,-6758,0,-43957,-43997,430308,44478422,1,0,0,0,3,4,0,0,0,15,15,0,1,430309,2,1,-10000,-10000,0,0,0,0,5,0,0,0,0,6,0x5AA5,-4505,-24779,0,0,36307,2,2,2,2,255,0,2,15,0,0,1,0,0,0,0,0,0,0,6,0,0,-4500,44478322
2026-09-25T07:22:47.110Z,64265750000000,0x051C,0x0104,-1,2,63,-15769,-15769,0,-43973,-43989,430313,44478928,1,0,0,0,3,4,0,0,0,15,15,0,1,430314,2,1,-10000,-10000,0,0,0,0,5,0,0,0,0,6,0x5AA5,-13516,-38295,0,0,36307,2,2,2,2,255,0,2,15,0,0,1,0,0,0,0,0,0,0,6,0,0,-13500,44478823
2026-09-25T07:22:47.587Z,64266234000000,0x051C,0x0104,-1,2,63,-18021,-18021,0,-43965,-43987,430319,44479424,1,0,0,0,3,4,0,0,0,15,15,0,1,430319,2,1,-10000,-10000,0,0,0,0,5,0,0,0,0,6,0x5AA5,-18021,-42801,0,0,36307,2,2,2,2,255,0,2,15,0,0,1,0,0,0,0,0,0,0,6,0,0,-18000,44479424
2026-09-25T07:22:48.109Z,64266750000000,0x051C,0x0104,-1,2,63,-18021,-18021,0,-43983,-43987,430323,44479926,1,0,0,0,3,4,0,0,0,15,15,0,1,430324,2,1,-10000,-10000,0,0,0,0,5,0,0,0,0,6,0x5AA5,-18021,-5632,0,0,36307,2,2,2,2,255,0,2,15,0,0,1,0,0,0,0,0,0,0,6,0,0,-18000,44479824
2026-09-25T07:22:48.586Z,64267234000000,0x051C,0x0104,-1,2,63,-20274,-20274,0,-43970,-43985,430328,44480429,1,0,0,0,3,4,0,0,0,15,15,0,1,430329,2,1,-10000,-10000,0,0,0,0,5,0,0,0,0,6,0x5AA5,-19148,-29285,0,0,36307,2,2,2,2,255,0,2,15,0,0,1,0,0,0,0,0,0,0,6,0,0,-19100,44480325
2026-09-25T07:22:49.103Z,64267750000000,0x051C,0x0104,-1,2,63,-14642,-14642,0,-43984,-43990,430333,44480926,1,0,0,0,3,4,0,0,0,15,15,0,1,430334,2,1,-10000,-10000,0,0,0,0,5,0,0,0,0,6,0x5AA5,-15769,-7884,0,0,36309,2,2,2,2,255,0,2,15,0,0,1,0,0,0,0,0,0,0,6,0,0,-15700,44480826
2026-09-25T07:22:49.578Z,64268218000000,0x051C,0x0104,-1,2,63,-11263,-11263,0,-44000,-43993,430338,44481427,1,0,0,0,3,4,0,0,0,15,15,0,1,430339,2,1,-10000,-10000,0,0,0,0,5,0,0,0,0,6,0x5AA5,-12390,-9011,0,0,36309,2,2,2,2,255,0,2,15,0,0,1,0,0,0,0,0,0,0,6,0,0,-12300,44481327
2026-09-25T07:22:50.114Z,64268765000000,0x051C,0x0104,-1,2,63,-13516,-13516,0,-43976,-43991,430343,44481933,1,0,0,0,3,4,0,0,0,15,15,0,1,430344,2,1,-10000,-10000,0,0,0,0,5,0,0,0,0,6,0x5AA5,-11263,-33790,0,0,36309,2,2,2,2,255,0,2,15,0,0,1,0,0,0,0,0,0,0,6,0,0,-11200,44481827
2026-09-25T07:22:50.574Z,64269218000000,0x051C,0x0104,-1,2,63,-11263,-11263,0,-43990,-43993,430348,44482428,1,0,0,0,3,4,0,0,0,15,15,0,1,430349,2,1,-10000,-10000,0,0,0,0,5,0,0,0,0,6,0x5AA5,-12390,-6758,0,0,36309,2,2,2,2,255,0,2,15,0,0,1,0,0,0,0,0,0,0,6,0,0,-12300,44482328
2026-09-25T07:22:51.107Z,64269750000000,0x051C,0x0104,-1,2,63,-9011,-9011,0,-44000,-43995,430353,44482929,1,0,0,0,3,4,0,0,0,15,15,0,1,430354,2,1,-10000,-10000,0,0,0,0,5,0,0,0,0,6,0x5AA5,-10137,15769,0,0,36310,2,2,2,4,255,0,4,15,0,0,1,0,0,0,0,0,0,0,6,0,0,-10100,44482829
2026-09-25T07:22:51.580Z,64270218000000,0x051C,0x0104,-1,2,63,-3379,-3379,0,-44010,-44000,430358,44483430,1,0,0,0,3,4,0,0,0,15,15,0,1,430359,2,1,-10000,-10000,0,0,0,0,5,0,0,0,0,6,0x5AA5,-4505,2253,0,0,36312,2,2,2,4,255,0,4,15,0,0,1,0,0,0,0,0,0,0,6,0,0,-4500,44483330
2026-09-25T07:22:52.116Z,64270765000000,0x051C,0x0104,-1,2,63,-2253,-2253,0,-43996,-44001,430363,44483934,1,0,0,0,3,4,0,0,0,15,15,0,1,430364,2,1,-10000,-10000,0,0,0,0,5,0,0,0,0,6,0x5AA5,-2253,15769,0,0,36314,2,2,2,4,255,0,4,15,0,0,1,0,0,0,0,0,0,0,6,0,0,-2200,44483831
2026-09-25T07:22:52.576Z,64271218000000,0x051C,0x0104,-1,2,63,-6758,-6758,0,-43993,-43997,430368,44484433,1,0,0,0,3,4,0,0,0,15,15,0,1,430369,2,1,-10000,-10000,0,0,0,0,5,0,0,0,0,6,0x5AA5,-5632,-19148,0,0,36315,2,2,2,2,255,0,2,15,0,0,1,0,0,0,0,0,0,0,6,0,0,-5600,44484333
2026-09-25T07:22:53.108Z,64271750000000,0x051C,0x0104,-1,2,63,-10137,-10137,0,-43995,-43994,430373,44484933,1,0,0,0,3,4,0,0,0,15,15,0,1,430374,2,1,-10000,-10000,0,0,0,0,5,0,0,0,0,6,0x5AA5,-9011,-13516,0,0,36315,2,2,2,2,255,0,2,15,0,0,1,0,0,0,0,0,0,0,6,0,0,-9000,44484833
2026-09-25T07:22:53.582Z,64272234000000,0x051C,0x0104,-1,2,63,-6758,-6758,0,-43994,-43997,430378,44485434,1,0,0,0,3,4,0,0,0,15,15,0,1,430379,2,1,-10000,-10000,0,0,0,0,5,0,0,0,0,6,0x5AA5,-6758,-2253,0,0,36317,2,2,2,2,255,0,2,15,0,0,1,0,0,0,0,0,0,0,6,0,0,-6700,44485334
2026-09-25T07:22:54.103Z,64272750000000,0x051C,0x0104,-1,2,63,0,0,0,-43987,-44003,430383,44485834,1,0,0,0,3,4,0,0,0,15,15,0,1,430383,2,1,-10000,-10000,0,0,0,0,5,0,0,0,0,6,0x5AA5,0,-18021,0,0,36319,2,3,2,2,255,0,2,15,0,0,1,0,0,0,0,0,0,0,6,0,0,0,44485834
2026-09-25T07:22:54.579Z,64273218000000,0x051C,0x0104,-1,2,63,-9011,-9011,0,-44007,-43995,430388,44486435,1,0,0,0,3,4,0,0,0,15,15,0,1,430389,2,1,-10000,-10000,0,0,0,0,5,0,0,0,0,6,0x5AA5,-7884,-14642,0,0,36319,2,2,2,2,255,0,2,15,0,0,1,0,0,0,0,0,0,0,6,0,0,-7800,44486335
2026-09-25T07:22:55.109Z,64273750000000,0x051C,0x0104,-1,2,63,-3379,-3379,0,-44009,-44000,430393,44486936,1,0,0,0,3,4,0,0,0,15,15,0,1,430394,2,1,-10000,-10000,0,0,0,0,5,0,0,0,0,6,0x5AA5,-4505,11263,0,0,36322,2,2,2,4,255,0,4,15,0,0,1,0,0,0,0,0,0,0,6,0,0,-4500,44486836
2026-09-25T07:22:55.583Z,64274234000000,0x051C,0x0104,-1,2,63,-11263,-11263,0,-44005,-43993,430398,44487437,1,0,0,0,3,4,0,0,0,15,15,0,1,430399,2,1,-10000,-10000,0,0,0,0,5,0,0,0,0,6,0x5AA5,-9011,-30411,0,0,36323,2,2,2,2,255,0,2,15,0,0,1,0,0,0,0,0,0,0,6,0,0,-9000,44487337
2026-09-25T07:22:56.098Z,64274750000000,0x051C,0x0104,-1,2,63,-14642,-14642,0,-43984,-43990,430403,44487838,1,0,0,0,3,4,0,0,0,15,15,0,1,430403,2,1,-10000,-10000,0,0,0,0,5,0,0,0,0,6,0x5AA5,-14642,-21400,0,0,36325,2,2,2,2,255,0,2,15,0,0,1,0,0,0,0,0,0,0,6,0,0,-14600,44487838
2026-09-25T07:22:56.572Z,64275218000000,0x051C,0x0104,-1,2,63,-15769,-15769,0,-43981,-43989,430408,44488339,1,0,0,0,3,4,0,0,0,15,15,0,1,430408,2,1,-10000,-10000,0,0,0,0,5,0,0,0,0,6,0x5AA5,-15769,-24779,0,0,36327,2,2,2,2,255,0,2,15,0,0,1,0,0,0,0,0,0,0,6,0,0,-15700,44488339
2026-09-25T07:22:57.109Z,64275750000000,0x051C,0x0104,-1,2,63,-13516,-13516,0,-43989,-43991,430413,44488940,1,0,0,0,3,4,0,0,0,15,15,0,1,430414,2,1,-10000,-10000,0,0,0,0,5,0,0,0,0,6,0x5AA5,-14642,-9011,0,0,36329,2,2,2,2,255,0,2,15,0,0,1,0,0,0,0,0,0,0,6,0,0,-14600,44488839
2026-09-25T07:22:57.584Z,64276234000000,0x051C,0x0104,-1,2,63,-14642,-14642,0,-43980,-43990,430418,44489441,1,0,0,0,3,4,0,0,0,15,15,0,1,430419,2,1,-10000,-10000,0,0,0,0,5,0,0,0,0,6,0x5AA5,-14642,-18021,0,0,36329,2,2,2,2,255,0,2,15,0,0,1,0,0,0,0,0,0,0,6,0,0,-14600,44489340
2026-09-25T07:22:58.099Z,64276750000000,0x051C,0x0104,-1,2,63,-15769,-15769,0,-43983,-43989,430423,44489841,1,0,0,0,3,4,0,0,0,15,15,0,1,430423,2,1,-10000,-10000,0,0,0,0,5,0,0,0,0,6,0x5AA5,-15769,-22527,0,0,36329,2,2,2,2,255,0,2,15,0,0,1,0,0,0,0,0,0,0,6,0,0,-15700,44489841
2026-09-25T07:22:58.573Z,64277218000000,0x051C,0x0104,-1,2,63,-16895,-16895,0,-43991,-43988,430428,44490342,1,0,0,0,3,4,0,0,0,15,15,0,1,430428,2,1,-10000,-10000,0,0,0,0,5,0,0,0,0,6,0x5AA5,-16895,-13516,0,0,36331,2,2,2,2,255,0,2,15,0,0,1,0,0,0,0,0,0,0,6,0,0,-16800,44490342
2026-09-25T07:22:59.106Z,64277750000000,0x051C,0x0104,-1,2,63,-11263,-11263,0,-43988,-43993,430433,44490843,1,0,0,0,3,4,0,0,0,15,15,0,1,430433,2,1,-10000,-10000,0,0,0,0,5,0,0,0,0,6,0x5AA5,-11263,-16895,0,0,36333,2,2,2,2,255,0,2,15,0,0,1,0,0,0,0,0,0,0,6,0,0,-11200,44490843
2026-09-25T07:22:59.580Z,64278218000000,0x051C,0x0104,-1,2,63,-16895,-16895,0,-43973,-43988,430438,44491344,1,0,0,0,3,4,0,0,0,15,15,0,1,430438,2,1,-10000,-10000,0,0,0,0,5,0,0,0,0,6,0x5AA5,-16895,-33790,0,0,36333,2,2,2,2,255,0,2,15,0,0,1,0,0,0,0,0,0,0,6,0,0,-16800,44491344
2026-09-25T07:23:00.113Z,64278765000000,0x051C,0x0104,-1,2,63,-21400,-21400,0,-43978,-43984,430443,44491945,1,0,0,0,3,4,0,0,0,15,15,0,1,430444,2,1,-10000,-10000,0,0,0,0,5,0,0,0,0,6,0x5AA5,-20274,-29285,0,0,36333,2,2,2,2,255,0,2,15,0,0,1,0,0,0,0,0,0,0,6,0,0,-20200,44491845
2026-09-25T07:23:00.574Z,64279218000000,0x051C,0x0104,-1,2,63,-25906,-25906,0,-43991,-43980,430448,44492346,1,0,0,0,3,4,0,0,0,15,15,0,1,430448,2,1,-10000,-10000,0,0,0,0,5,0,0,0,0,6,0x5AA5,-25906,-13516,0,0,36333,2,2,2,2,255,0,2,15,0,0,1,0,0,0,0,0,0,0,6,0,0,-25900,44492346
2026-09-25T07:23:01.108Z,64279750000000,0x051C,0x0104,-1,2,63,-20274,-20274,0,-43989,-43985,430453,44492847,1,0,0,0,3,4,0,0,0,15,15,0,1,430453,2,1,-10000,-10000,0,0,0,0,5,0,0,0,0,6,0x5AA5,-20274,-15769,0,0,36333,2,2,2,2,255,0,2,15,0,0,1,0,0,0,0,0,0,0,6,0,0,-20200,44492847
2026-09-25T07:23:01.583Z,64280234000000,0x051C,0x0104,-1,2,63,-16895,-16895,0,-43985,-43988,430458,44493347,1,0,0,0,3,4,0,0,0,15,15,0,1,430458,2,1,-10000,-10000,0,0,0,0,5,0,0,0,0,6,0x5AA5,-16895,-20274,0,0,36333,2,2,2,2,255,0,2,15,0,0,1,0,0,0,0,0,0,0,6,0,0,-16800,44493347
2026-09-25T07:23:02.101Z,64280750000000,0x051C,0x0104,-1,2,63,-15769,-15769,0,-44006,-43989,430463,44493848,1,0,0,0,3,4,0,0,0,15,15,0,1,430463,2,1,-10000,-10000,0,0,0,0,5,0,0,0,0,6,0x5AA5,-15769,3379,0,0,36334,2,2,2,4,255,0,4,15,0,0,1,0,0,0,0,0,0,0,6,0,0,-15700,44493848
2026-09-25T07:23:02.574Z,64281218000000,0x051C,0x0104,-1,2,63,-16895,-16895,0,-43990,-43988,430468,44494349,1,0,0,0,3,4,0,0,0,15,15,0,1,430468,2,1,-10000,-10000,0,0,0,0,5,0,0,0,0,6,0x5AA5,-16895,-14642,0,0,36335,2,2,2,2,255,0,2,15,0,0,1,0,0,0,0,0,0,0,6,0,0,-16800,44494349
2026-09-25T07:23:03.109Z,64281750000000,0x051C,0x0104,-1,2,63,-14642,-14642,0,-43994,-43990,430473,44494850,1,0,0,0,3,4,0,0,0,15,15,0,1,430473,2,1,-10000,-10000,0,0,0,0,5,0,0,0,0,6,0x5AA5,-14642,-10137,0,0,36337,2,2,2,2,255,0,2,15,0,0,1,0,0,0,0,0,0,0,6,0,0,-14600,44494850
2026-09-25T07:23:03.583Z,64282234000000,0x051C,0x0104,-1,2,63,-11263,-11263,0,-44007,-43993,430478,44495351,1,0,0,0,3,4,0,0,0,15,15,0,1,430478,2,1,-10000,-10000,0,0,0,0,5,0,0,0,0,6,0x5AA5,-11263,4505,0,0,36338,2,2,2,4,255,0,4,15,0,0,1,0,0,0,0,0,0,0,6,0,0,-11200,44495351
2026-09-25T07:23:04.101Z,64282750000000,0x051C,0x0104,-1,2,63,-10137,-10137,0,-44004,-43994,430483,44495853,1,0,0,0,3,4,0,0,0,15,15,0,1,430483,2,1,-10000,-10000,0,0,0,0,5,0,0,0,0,6,0x5AA5,-10137,1126,0,0,36340,2,2,2,4,255,0,4,15,0,0,1,0,0,0,0,0,0,0,6,0,0,-10100,44495853
2026-09-25T07:23:04.575Z,64283218000000,0x051C,0x0104,-1,2,63,-9011,-9011,0,-44003,-43995,430488,44496353,1,0,0,0,3,4,0,0,0,15,15,0,1,430488,2,1,-10000,-10000,0,0,0,0,5,0,0,0,0,6,0x5AA5,-9011,0,0,0,36341,2,2,2,2,255,0,2,15,0,0,1,0,0,0,0,0,0,0,6,0,0,-9000,44496353
2026-09-25T07:23:05.106Z,64283750000000,0x051C,0x0104,-1,2,63,-11263,-11263,0,-44006,-43993,430493,44496854,1,0,0,0,3,4,0,0,0,15,15,0,1,430493,2,1,-10000,-10000,0,0,0,0,5,0,0,0,0,6,0x5AA5,-11263,3379,0,0,36342,2,2,2,4,255,0,4,15,0,0,1,0,0,0,0,0,0,0,6,0,0,-11200,44496854
2026-09-25T07:23:05.580Z,64284218000000,0x051C,0x0104,-1,2,63,-11263,-11263,0,-43975,-43993,430498,44497355,1,0,0,0,3,4,0,0,0,15,15,0,1,430498,2,1,-10000,-10000,0,0,0,0,5,0,0,0,0,6,0x5AA5,-11263,-31537,0,0,36345,2,2,2,2,255,0,2,15,0,0,1,0,0,0,0,0,0,0,6,0,0,-11200,44497355
2026-09-25T07:23:06.112Z,64284765000000,0x051C,0x0104,-1,2,63,-13516,-13516,0,-44000,-43991,430503,44497855,1,0,0,0,3,4,0,0,0,15,15,0,1,430503,2,1,-10000,-10000,0,0,0,0,5,0,0,0,0,6,0x5AA5,-13516,-3379,0,0,36347,2,2,2,2,255,0,2,15,0,0,1,0,0,0,0,0,0,0,6,0,0,-13500,44497855
2026-09-25T07:23:06.574Z,64285218000000,0x051C,0x0104,-1,2,63,-14642,-14642,0,-43993,-43990,430508,44498356,1,0,0,0,3,4,0,0,0,15,15,0,1,430508,2,1,-10000,-10000,0,0,0,0,5,0,0,0,0,6,0x5AA5,-14642,-11263,0,0,36347,2,2,2,2,255,0,2,15,0,0,1,0,0,0,0,0,0,0,6,0,0,-14600,44498356
2026-09-25T07:23:07.108Z,64285750000000,0x051C,0x0104,-1,2,63,-18021,-18021,0,-43992,-43987,430513,44498857,1,0,0,0,3,4,0,0,0,15,15,0,1,430513,2,1,-10000,-10000,0,0,0,0,5,0,0,0,0,6,0x5AA5,-18021,-12390,0,0,36347,2,2,2,2,255,0,2,15,0,0,1,0,0,0,0,0,0,0,6,0,0,-18000,44498857
2026-09-25T07:23:07.582Z,64286234000000,0x051C,0x0104,-1,2,63,-15769,-15769,0,-43993,-43989,430518,44499358,1,0,0,0,3,4,0,0,0,15,15,0,1,430518,2,1,-10000,-10000,0,0,0,0,5,0,0,0,0,6,0x5AA5,-15769,-11263,0,0,36347,2,2,2,2,255,0,2,15,0,0,1,0,0,0,0,0,0,0,6,0,0,-15700,44499358
2026-09-25T07:23:08.099Z,64286750000000,0x051C,0x0104,-1,2,63,-7884,-7884,0,-43996,-43996,430523,44499859,1,0,0,0,3,4,0,0,0,15,15,0,1,430523,2,1,-10000,-10000,0,0,0,0,5,0,0,0,0,6,0x5AA5,-7884,-7884,0,0,36349,2,2,2,2,255,0,2,15,0,0,1,0,0,0,0,0,0,0,6,0,0,-7800,44499859
2026-09-25T07:23:08.573Z,64287218000000,0x051C,0x0104,-1,2,63,-7884,-7884,0,-44000,-43996,430528,44500360,1,0,0,0,3,4,0,0,0,15,15,0,1,430528,2,1,-10000,-10000,0,0,0,0,5,0,0,0,0,6,0x5AA5,-7884,-3379,0,0,36349,2,2,2,2,255,0,2,15,0,0,1,0,0,0,0,0,0,0,6,0,0,-7800,44500360
2026-09-25T07:23:09.110Z,64287750000000,0x051C,0x0104,-1,2,63,-6758,-6758,0,-43979,-43997,430533,44500861,1,0,0,0,3,4,0,0,0,15,15,0,1,430533,2,1,-10000,-10000,0,0,0,0,5,0,0,0,0,6,0x5AA5,-6758,-27032,0,0,36351,2,2,2,2,255,0,2,15,0,0,1,0,0,0,0,0,0,0,6,0,0,-6700,44500861
2026-09-25T07:23:09.585Z,64288234000000,0x051C,0x0104,-1,2,63,-13516,-13516,0,-43992,-43991,430538,44501361,1,0,0,0,3,4,0,0,0,15,15,0,1,430538,2,1,-10000,-10000,0,0,0,0,5,0,0,0,0,6,0x5AA5,-13516,-12390,0,0,36351,2,2,2,2,255,0,2,15,0,0,1,0,0,0,0,0,0,0,6,0,0,-13500,44501361
2026-09-25T07:23:10.102Z,64288750000000,0x051C,0x0104,-1,2,63,-12390,-12390,0,-43997,-43992,430543,44501862,1,0,0,0,3,4,0,0,0,15,15,0,1,430543,2,1,-10000,-10000,0,0,0,0,5,0,0,0,0,6,0x5AA5,-12390,-6758,0,0,36351,2,2,2,2,255,0,2,15,0,0,1,0,0,0,0,0,0,0,6,0,0,-12300,44501862
2026-09-25T07:23:10.580Z,64289218000000,0x051C,0x0104,-1,2,63,-9011,-9011,0,-43998,-43995,430548,44502363,1,0,0,0,3,4,0,0,0,15,15,0,1,430548,2,1,-10000,-10000,0,0,0,0,5,0,0,0,0,6,0x5AA5,-9011,-5632,0,0,36351,2,2,2,2,255,0,2,15,0,0,1,0,0,0,0,0,0,0,6,0,0,-9000,44502363
2026-09-25T07:23:11.115Z,64289765000000,0x051C,0x0104,-1,2,63,-9011,-9011,0,-43999,-43995,430553,44502864,1,0,0,0,3,4,0,0,0,15,15,0,1,430553,2,1,-10000,-10000,0,0,0,0,5,0,0,0,0,6,0x5AA5,-9011,-4505,0,0,36353,2,2,2,2,255,0,2,15,0,0,1,0,0,0,0,0,0,0,6,0,0,-9000,44502864
2026-09-25T07:23:11.575Z,64290218000000,0x051C,0x0104,-1,2,63,-11263,-11263,0,-44006,-43993,430558,44503365,1,0,0,0,3,4,0,0,0,15,15,0,1,430558,2,1,-10000,-10000,0,0,0,0,5,0,0,0,0,6,0x5AA5,-11263,3379,0,0,36354,2,2,2,4,255,0,4,15,0,0,1,0,0,0,0,0,0,0,6,0,0,-11200,44503365
2026-09-25T07:23:12.105Z,64290750000000,0x051C,0x0104,-1,2,63,-9011,-9011,0,-44002,-43995,430563,44503866,1,0,0,0,3,4,0,0,0,15,15,0,1,430563,2,1,-10000,-10000,0,0,0,0,5,0,0,0,0,6,0x5AA5,-9011,-1126,0,0,36357,2,2,2,2,255,0,2,15,0,0,1,0,0,0,0,0,0,0,6,0,0,-9000,44503866
2026-09-25T07:23:12.580Z,64291218000000,0x051C,0x0104,-1,2,63,-3379,-3379,0,-44013,-44000,430568,44504367,1,0,0,0,3,4,0,0,0,15,15,0,1,430568,2,1,-10000,-10000,0,0,0,0,5,0,0,0,0,6,0x5AA5,-3379,11263,0,0,36358,2,2,2,4,255,0,4,15,0,0,1,0,0,0,0,0,0,0,6,0,0,-3300,44504367
2026-09-25T07:23:13.116Z,64291765000000,0x051C,0x0104,-1,2,63,-4505,-4505,0,-44001,-43999,430573,44504868,1,0,0,0,3,4,0,0,0,15,15,0,1,430573,2,1,-10000,-10000,0,0,0,0,5,0,0,0,0,6,0x5AA5,-4505,-2253,0,0,36361,2,2,2,2,255,0,2,15,0,0,1,0,0,0,0,0,0,0,6,0,0,-4500,44504868
2026-09-25T07:23:13.576Z,64292218000000,0x051C,0x0104,-1,2,63,-1126,-1126,0,-43998,-44002,430578,44505369,1,0,0,0,3,4,0,0,0,15,15,0,1,430578,2,1,-10000,-10000,0,0,0,0,5,0,0,0,0,6,0x5AA5,-1126,-5632,0,0,36363,2,2,2,2,255,0,2,15,0,0,1,0,0,0,0,0,0,0,6,0,0,-1100,44505369
2026-09-25T07:23:14.109Z,64292750000000,0x051C,0x0104,-1,2,63,-6758,-6758,0,-43992,-43997,430583,44505869,1,0,0,0,3,4,0,0,0,15,15,0,1,430583,2,1,-10000,-10000,0,0,0,0,5,0,0,0,0,6,0x5AA5,-6758,-12390,0,0,36365,2,2,2,2,255,0,2,15,0,0,1,0,0,0,0,0,0,0,6,0,0,-6700,44505869
2026-09-25T07:23:14.583Z,64293234000000,0x051C,0x0104,-1,2,63,-12390,-12390,0,-43989,-43992,430588,44506370,1,0,0,0,3,4,0,0,0,15,15,0,1,430588,2,1,-10000,-10000,0,0,0,0,5,0,0,0,0,6,0x5AA5,-12390,-15769,0,0,36365,2,2,2,2,255,0,2,15,0,0,1,0,0,0,0,0,0,0,6,0,0,-12300,44506370
2026-09-25T07:23:15.099Z,64293750000000,0x051C,0x0104,-1,2,63,-11263,-11263,0,-44008,-43993,430593,44506871,1,0,0,0,3,4,0,0,0,15,15,0,1,430593,2,1,-10000,-10000,0,0,0,0,5,0,0,0,0,6,0x5AA5,-11263,5632,0,0,36366,2,2,2,4,255,0,4,15,0,0,1,0,0,0,0,0,0,0,6,0,0,-11200,44506871
2026-09-25T07:23:15.575Z,64294218000000,0x051C,0x0104,-1,2,63,-10137,-10137,0,-43991,-43994,430598,44507373,1,0,0,0,3,4,0,0,0,15,15,0,1,430598,2,1,-10000,-10000,0,0,0,0,5,0,0,0,0,6,0x5AA5,-10137,-13516,0,0,36367,2,2,2,2,255,0,2,15,0,0,1,0,0,0,0,0,0,0,6,0,0,-10100,44507373
2026-09-25T07:23:16.108Z,64294750000000,0x051C,0x0104,-1,2,63,-10137,-10137,0,-43994,-43994,430603,44507873,1,0,0,0,3,4,0,0,0,15,15,0,1,430603,2,1,-10000,-10000,0,0,0,0,5,0,0,0,0,6,0x5AA5,-10137,-10137,0,0,36367,2,2,2,2,255,0,2,15,0,0,1,0,0,0,0,0,0,0,6,0,0,-10100,44507873
2026-09-25T07:23:16.583Z,64295234000000,0x051C,0x0104,-1,2,63,-9011,-9011,0,-43998,-43995,430608,44508374,1,0,0,0,3,4,0,0,0,15,15,0,1,430608,2,1,-10000,-10000,0,0,0,0,5,0,0,0,0,6,0x5AA5,-9011,-5632,0,0,36369,2,2,2,2,255,0,2,15,0,0,1,0,0,0,0,0,0,0,6,0,0,-9000,44508374
2026-09-25T07:23:17.100Z,64295750000000,0x051C,0x0104,-1,2,63,-12390,-12390,0,-43979,-43992,430613,44508875,1,0,0,0,3,4,0,0,0,15,15,0,1,430613,2,1,-10000,-10000,0,0,0,0,5,0,0,0,0,6,0x5AA5,-12390,-27032,0,0,36369,2,2,2,2,255,0,2,15,0,0,1,0,0,0,0,0,0,0,6,0,0,-12300,44508875
2026-09-25T07:23:17.573Z,64296218000000,0x051C,0x0104,-1,2,63,-21400,-21400,0,-43979,-43984,430618,44509376,1,0,0,0,3,4,0,0,0,15,15,0,1,430618,2,1,-10000,-10000,0,0,0,0,5,0,0,0,0,6,0x5AA5,-21400,-27032,0,0,36369,2,2,2,2,255,0,2,15,0,0,1,0,0,0,0,0,0,0,6,0,0,-21400,44509376
2026-09-25T07:23:18.105Z,64296750000000,0x051C,0x0104,-1,2,63,-20274,-20274,0,-43993,-43985,430623,44509876,1,0,0,0,3,4,0,0,0,15,15,0,1,430623,2,1,-10000,-10000,0,0,0,0,5,0,0,0,0,6,0x5AA5,-20274,-11263,0,0,36369,2,2,2,2,255,0,2,15,0,0,1,0,0,0,0,0,0,0,6,0,0,-20200,44509876
2026-09-25T07:23:18.580Z,64297218000000,0x051C,0x0104,-1,2,63,-16895,-16895,0,-43994,-43988,430628,44510377,1,0,0,0,3,4,0,0,0,15,15,0,1,430628,2,1,-10000,-10000,0,0,0,0,5,0,0,0,0,6,0x5AA5,-16895,-10137,0,0,36369,2,2,2,2,255,0,2,15,0,0,1,0,0,0,0,0,0,0,6,0,0,-16800,44510377
2026-09-25T07:23:19.115Z,64297765000000,0x051C,0x0104,-1,2,63,-12390,-12390,0,-44011,-43992,430633,44510878,1,0,0,0,3,4,0,0,0,15,15,0,1,430633,2,1,-10000,-10000,0,0,0,0,5,0,0,0,0,6,0x5AA5,-12390,9011,0,0,36370,2,2,2,4,255,0,4,15,0,0,1,0,0,0,0,0,0,0,6,0,0,-12300,44510878
2026-09-25T07:23:19.574Z,64298218000000,0x051C,0x0104,-1,2,63,-11263,-11263,0,-44009,-43993,430638,44511379,1,0,0,0,3,4,0,0,0,15,15,0,1,430638,2,1,-10000,-10000,0,0,0,0,5,0,0,0,0,6,0x5AA5,-11263,6758,0,0,36372,2,2,2,4,255,0,4,15,0,0,1,0,0,0,0,0,0,0,6,0,0,-11200,44511379
2026-09-25T07:23:20.107Z,64298750000000,0x051C,0x0104,-1,2,63,-14642,-14642,0,-43998,-43990,430643,44511880,1,0,0,0,3,4,0,0,0,15,15,0,1,430643,2,1,-10000,-10000,0,0,0,0,5,0,0,0,0,6,0x5AA5,-14642,-5632,0,0,36373,2,2,2,2,255,0,2,15,0,0,1,0,0,0,0,0,0,0,6,0,0,-14600,44511880
2026-09-25T07:23:20.580Z,64299218000000,0x051C,0x0104,-1,2,63,-15769,-15769,0,-43980,-43989,430648,44512381,1,0,0,0,3,4,0,0,0,15,15,0,1,430648,2,1,-10000,-10000,0,0,0,0,5,0,0,0,0,6,0x5AA5,-15769,-25906,0,0,36373,2,2,2,2,255,0,2,15,0,0,1,0,0,0,0,0,0,0,6,0,0,-15700,44512381
2026-09-25T07:23:21.112Z,64299750000000,0x051C,0x0104,-1,2,63,-13516,-13516,0,-43981,-43991,430653,44512881,1,0,0,0,3,4,0,0,0,15,15,0,1,430653,2,1,-10000,-10000,0,0,0,0,5,0,0,0,0,6,0x5AA5,-13516,-24779,0,0,36373,2,2,2,2,255,0,2,15,0,0,1,0,0,0,0,0,0,0,6,0,0,-13500,44512881
2026-09-25T07:23:21.586Z,64300234000000,0x051C,0x0104,-1,2,63,-18021,-18021,0,-43979,-43987,430658,44513382,1,0,0,0,3,4,0,0,0,15,15,0,1,430658,2,1,-10000,-10000,0,0,0,0,5,0,0,0,0,6,0x5AA5,-18021,-27032,0,0,36373,2,2,2,2,255,0,2,15,0,0,1,0,0,0,0,0,0,0,6,0,0,-18000,44513382
2026-09-25T07:23:22.107Z,64300750000000,0x051C,0x0104,-1,2,63,-16895,-16895,0,-44008,-43988,430663,44513883,1,0,0,0,3,4,0,0,0,15,15,0,1,430663,2,1,-10000,-10000,0,0,0,0,5,0,0,0,0,6,0x5AA5,-16895,5632,0,0,36374,2,2,2,4,255,0,4,15,0,0,1,0,0,0,0,0,0,0,6,0,0,-16800,44513883
2026-09-25T07:23:22.581Z,64301218000000,0x051C,0x0104,-1,2,63,-13516,-13516,0,-43996,-43991,430668,44514384,1,0,0,0,3,4,0,0,0,15,15,0,1,430668,2,1,-10000,-10000,0,0,0,0,5,0,0,0,0,6,0x5AA5,-13516,-7884,0,0,36375,2,2,2,2,255,0,2,15,0,0,1,0,0,0,0,0,0,0,6,0,0,-13500,44514384
2026-09-25T07:23:23.100Z,64301750000000,0x051C,0x0104,-1,2,63,-10137,-10137,0,-43996,-43994,430673,44514885,1,0,0,0,3,4,0,0,0,15,15,0,1,430673,2,1,-10000,-10000,0,0,0,0,5,0,0,0,0,6,0x5AA5,-10137,-7884,0,0,36375,2,2,2,2,255,0,2,15,0,0,1,0,0,0,0,0,0,0,6,0,0,-10100,44514885
2026-09-25T07:23:23.573Z,64302218000000,0x051C,0x0104,-1,2,63,-14642,-14642,0,-44000,-43990,430678,44515386,1,0,0,0,3,4,0,0,0,15,15,0,1,430678,2,1,-10000,-10000,0,0,0,0,5,0,0,0,0,6,0x5AA5,-14642,-3379,0,0,36375,2,2,2,2,255,0,2,15,0,0,1,0,0,0,0,0,0,0,6,0,0,-14600,44515386
2026-09-25T07:23:24.104Z,64302750000000,0x051C,0x0104,-1,2,63,-15769,-15769,0,-43996,-43989,430683,44515886,1,0,0,0,3,4,0,0,0,15,15,0,1,430683,2,1,-10000,-10000,0,0,0,0,5,0,0,0,0,6,0x5AA5,-15769,-7884,0,0,36375,2,2,2,2,255,0,2,15,0,0,1,0,0,0,0,0,0,0,6,0,0,-15700,44515886
2026-09-25T07:23:24.578Z,64303218000000,0x051C,0x0104,-1,2,63,-13516,-13516,0,-43988,-43991,430688,44516387,1,0,0,0,3,4,0,0,0,15,15,0,1,430688,2,1,-10000,-10000,0,0,0,0,5,0,0,0,0,6,0x5AA5,-13516,-16895,0,0,36375,2,2,2,2,255,0,2,15,0,0,1,0,0,0,0,0,0,0,6,0,0,-13500,44516387
2026-09-25T07:23:25.110Z,64303750000000,0x051C,0x0104,-1,2,63,-11263,-11263,0,-43996,-43993,430693,44516888,1,0,0,0,3,4,0,0,0,15,15,0,1,430693,2,1,-10000,-10000,0,0,0,0,5,0,0,0,0,6,0x5AA5,-11263,-7884,0,0,36375,2,2,2,2,255,0,2,15,0,0,1,0,0,0,0,0,0,0,6,0,0,-11200,44516888
2026-09-25T07:23:25.584Z,64304234000000,0x051C,0x0104,-1,2,63,-10137,-10137,0,-43996,-43994,430698,44517389,1,0,0,0,3,4,0,0,0,15,15,0,1,430698,2,1,-10000,-10000,0,0,0,0,5,0,0,0,0,6,0x5AA5,-10137,-7884,0,0,36375,2,2,2,2,255,0,2,15,0,0,1,0,0,0,0,0,0,0,6,0,0,-10100,44517389
2026-09-25T07:23:26.099Z,64304750000000,0x051C,0x0104,-1,2,63,-7884,-7884,0,-44006,-43996,430703,44517890,1,0,0,0,3,4,0,0,0,15,15,0,1,430703,2,1,-10000,-10000,0,0,0,0,5,0,0,0,0,6,0x5AA5,-7884,3379,0,0,36376,2,2,2,4,255,0,4,15,0,0,1,0,0,0,0,0,0,0,6,0,0,-7800,44517890
2026-09-25T07:23:26.573Z,64305218000000,0x051C,0x0104,-1,2,63,-7884,-7884,0,-43990,-43996,430708,44518390,1,0,0,0,3,4,0,0,0,15,15,0,1,430708,2,1,-10000,-10000,0,0,0,0,5,0,0,0,0,6,0x5AA5,-7884,-14642,0,0,36377,2,2,2,2,255,0,2,15,0,0,1,0,0,0,0,0,0,0,6,0,0,-7800,44518390
2026-09-25T07:23:27.108Z,64305750000000,0x051C,0x0104,-1,2,63,-11263,-11263,0,-43989,-43993,430713,44518891,1,0,0,0,3,4,0,0,0,15,15,0,1,430713,2,1,-10000,-10000,0,0,0,0,5,0,0,0,0,6,0x5AA5,-11263,-15769,0,0,36377,2,2,2,2,255,0,2,15,0,0,1,0,0,0,0,0,0,0,6,0,0,-11200,44518891
2026-09-25T07:23:27.582Z,64306234000000,0x051C,0x0104,-1,2,63,-10137,-10137,0,-43994,-43994,430718,44519393,1,0,0,0,3,4,0,0,0,15,15,0,1,430718,2,1,-10000,-10000,0,0,0,0,5,0,0,0,0,6,0x5AA5,-10137,-10137,0,0,36377,2,2,2,2,255,0,2,15,0,0,1,0,0,0,0,0,0,0,6,0,0,-10100,44519393
2026-09-25T07:23:28.099Z,64306750000000,0x051C,0x0104,-1,2,63,-15769,-15769,0,-43982,-43989,430723,44519893,1,0,0,0,3,4,0,0,0,15,15,0,1,430723,2,1,-10000,-10000,0,0,0,0,5,0,0,0,0,6,0x5AA5,-15769,-23653,0,0,36377,2,2,2,2,255,0,2,15,0,0,1,0,0,0,0,0,0,0,6,0,0,-15700,44519893
2026-09-25T07:23:28.572Z,64307218000000,0x051C,0x0104,-1,2,63,-14642,-14642,0,-43995,-43990,430728,44520394,1,0,0,0,3,4,0,0,0,15,15,0,1,430728,2,1,-10000,-10000,0,0,0,0,5,0,0,0,0,6,0x5AA5,-14642,-9011,0,0,36377,2,2,2,2,255,0,2,15,0,0,1,0,0,0,0,0,0,0,6,0,0,-14600,44520394
2026-09-25T07:23:29.106Z,64307750000000,0x051C,0x0104,-1,2,63,-13516,-13516,0,-44003,-43991,430733,44520894,1,0,0,0,3,4,0,0,0,15,15,0,1,430733,2,1,-10000,-10000,0,0,0,0,5,0,0,0,0,6,0x5AA5,-13516,0,0,0,36377,2,2,2,2,255,0,2,15,0,0,1,0,0,0,0,0,0,0,6,0,0,-13500,44520894
2026-09-25T07:23:29.580Z,64308218000000,0x051C,0x0104,-1,2,63,-11263,-11263,0,-44005,-43993,430738,44521395,1,0,0,0,3,4,0,0,0,15,15,0,1,430738,2,1,-10000,-10000,0,0,0,0,5,0,0,0,0,6,0x5AA5,-11263,2253,0,0,36378,2,2,2,4,255,0,4,15,0,0,1,0,0,0,0,0,0,0,6,0,0,-11200,44521395
2026-09-25T07:23:30.115Z,64308765000000,0x051C,0x0104,-1,2,63,-10137,-10137,0,-44002,-43994,430743,44521896,1,0,0,0,3,4,0,0,0,15,15,0,1,430743,2,1,-10000,-10000,0,0,0,0,5,0,0,0,0,6,0x5AA5,-10137,-1126,0,0,36379,2,2,2,2,255,0,2,15,0,0,1,0,0,0,0,0,0,0,6,0,0,-10100,44521896
2026-09-25T07:23:30.575Z,64309218000000,0x051C,0x0104,-1,2,63,-12390,-12390,0,-43972,-43992,430748,44522397,1,0,0,0,3,4,0,0,0,15,15,0,1,430748,2,1,-10000,-10000,0,0,0,0,5,0,0,0,0,6,0x5AA5,-12390,-34916,0,0,36379,2,2,2,2,255,0,2,15,0,0,1,0,0,0,0,0,0,0,6,0,0,-12300,44522397
2026-09-25T07:23:31.107Z,64309750000000,0x051C,0x0104,-1,2,63,-16895,-16895,0,-43979,-43988,430753,44522898,1,0,0,0,3,4,0,0,0,15,15,0,1,430753,2,1,-10000,-10000,0,0,0,0,5,0,0,0,0,6,0x5AA5,-16895,-27032,0,0,36379,2,2,2,2,255,0,2,15,0,0,1,0,0,0,0,0,0,0,6,0,0,-16800,44522898
2026-09-25T07:23:31.582Z,64310234000000,0x051C,0x0104,-1,2,63,-20274,-20274,0,-43993,-43985,430758,44523399,1,0,0,0,3,4,0,0,0,15,15,0,1,430758,2,1,-10000,-10000,0,0,0,0,5,0,0,0,0,6,0x5AA5,-20274,-11263,0,0,36379,2,2,2,2,255,0,2,15,0,0,1,0,0,0,0,0,0,0,6,0,0,-20200,44523399
2026-09-25T07:23:32.099Z,64310750000000,0x051C,0x0104,-1,2,63,-15769,-15769,0,-44011,-43989,430763,44523899,1,0,0,0,3,4,0,0,0,15,15,0,1,430763,2,1,-10000,-10000,0,0,0,0,5,0,0,0,0,6,0x5AA5,-15769,9011,0,0,36380,2,2,2,4,255,0,4,15,0,0,1,0,0,0,0,0,0,0,6,0,0,-15700,44523899
2026-09-25T07:23:32.572Z,64311218000000,0x051C,0x0104,-1,2,63,-11263,-11263,0,-44004,-43993,430768,44524400,1,0,0,0,3,4,0,0,0,15,15,0,1,430768,2,1,-10000,-10000,0,0,0,0,5,0,0,0,0,6,0x5AA5,-11263,1126,0,0,36382,2,2,2,4,255,0,4,15,0,0,1,0,0,0,0,0,0,0,6,0,0,-11200,44524400
2026-09-25T07:23:33.105Z,64311750000000,0x051C,0x0104,-1,2,63,-12390,-12390,0,-43989,-43992,430773,44524901,1,0,0,0,3,4,0,0,0,15,15,0,1,430773,2,1,-10000,-10000,0,0,0,0,5,0,0,0,0,6,0x5AA5,-12390,-15769,0,0,36383,2,2,2,2,255,0,2,15,0,0,1,0,0,0,0,0,0,0,6,0,0,-12300,44524901
2026-09-25T07:23:33.579Z,64312218000000,0x051C,0x0104,-1,2,63,-7884,-7884,0,-43975,-43996,430778,44525402,1,0,0,0,3,4,0,0,0,15,15,0,1,430778,2,1,-10000,-10000,0,0,0,0,5,0,0,0,0,6,0x5AA5,-7884,-31537,0,0,36385,2,2,2,2,255,0,2,15,0,0,1,0,0,0,0,0,0,0,6,0,0,-7800,44525402
2026-09-25T07:23:34.111Z,64312750000000,0x051C,0x0104,-1,2,63,-14642,-14642,0,-43992,-43990,430783,44525903,1,0,0,0,3,4,0,0,0,15,15,0,1,430783,2,1,-10000,-10000,0,0,0,0,5,0,0,0,0,6,0x5AA5,-14642,-12390,0,0,36385,2,2,2,2,255,0,2,15,0,0,1,0,0,0,0,0,0,0,6,0,0,-14600,44525903
2026-09-25T07:23:34.586Z,64313234000000,0x051C,0x0104,-1,2,63,-13516,-13516,0,-43994,-43991,430788,44526403,1,0,0,0,3,4,0,0,0,15,15,0,1,430788,2,1,-10000,-10000,0,0,0,0,5,0,0,0,0,6,0x5AA5,-13516,-10137,0,0,36385,2,2,2,2,255,0,2,15,0,0,1,0,0,0,0,0,0,0,6,0,0,-13500,44526403
2026-09-25T07:23:35.105Z,64313750000000,0x051C,0x0104,-1,2,63,-11263,-11263,0,-43988,-43993,430793,44526904,1,0,0,0,3,4,0,0,0,15,15,0,1,430793,2,1,-10000,-10000,0,0,0,0,5,0,0,0,0,6,0x5AA5,-11263,-16895,0,0,36387,2,2,2,2,255,0,2,15,0,0,1,0,0,0,0,0,0,0,6,0,0,-11200,44526904
2026-09-25T07:23:35.579Z,64314218000000,0x051C,0x0104,-1,2,63,-16895,-16895,0,-43988,-43988,430798,44527405,1,0,0,0,3,4,0,0,0,15,15,0,1,430798,2,1,-10000,-10000,0,0,0,0,5,0,0,0,0,6,0x5AA5,-16895,-16895,0,0,36387,2,2,2,2,255,0,2,15,0,0,1,0,0,0,0,0,0,0,6,0,0,-16800,44527405
2026-09-25T07:23:36.113Z,64314765000000,0x051C,0x0104,-1,2,63,-14642,-14642,0,-43977,-43990,430803,44527906,1,0,0,0,3,4,0,0,0,15,15,0,1,430803,2,1,-10000,-10000,0,0,0,0,5,0,0,0,0,6,0x5AA5,-14642,-29285,0,0,36389,2,2,2,2,255,0,2,15,0,0,1,0,0,0,0,0,0,0,6,0,0,-14600,44527906
2026-09-25T07:23:36.572Z,64315218000000,0x051C,0x0104,-1,2,63,-12390,-12390,0,-43999,-43992,430808,44528407,1,0,0,0,3,4,0,0,0,15,15,0,1,430808,2,1,-10000,-10000,0,0,0,0,5,0,0,0,0,6,0x5AA5,-12390,-4505,0,0,36389,2,2,2,2,255,0,2,15,0,0,1,0,0,0,0,0,0,0,6,0,0,-12300,44528407
2026-09-25T07:23:37.105Z,64315750000000,0x051C,0x0104,-1,2,63,-9011,-9011,0,-43979,-43995,430813,44528907,1,0,0,0,3,4,0,0,0,15,15,0,1,430813,2,1,-10000,-10000,0,0,0,0,5,0,0,0,0,6,0x5AA5,-9011,-27032,0,0,36389,2,2,2,2,255,0,2,15,0,0,1,0,0,0,0,0,0,0,6,0,0,-9000,44528907
2026-09-25T07:23:37.579Z,64316218000000,0x051C,0x0104,-1,2,63,-11263,-11263,0,-43997,-43993,430818,44529408,1,0,0,0,3,4,0,0,0,15,15,0,1,430818,2,1,-10000,-10000,0,0,0,0,5,0,0,0,0,6,0x5AA5,-11263,-6758,0,0,36391,2,2,2,2,255,0,2,15,0,0,1,0,0,0,0,0,0,0,6,0,0,-11200,44529408
2026-09-25T07:23:38.115Z,64316765000000,0x051C,0x0104,-1,2,63,-9011,-9011,0,-44000,-43995,430823,44529909,1,0,0,0,3,4,0,0,0,15,15,0,1,430823,2,1,-10000,-10000,0,0,0,0,5,0,0,0,0,6,0x5AA5,-9011,-3379,0,0,36391,2,2,2,2,255,0,2,15,0,0,1,0,0,0,0,0,0,0,6,0,0,-9000,44529909
2026-09-25T07:23:38.574Z,64317218000000,0x051C,0x0104,-1,2,63,-9011,-9011,0,-43980,-43995,430828,44530410,1,0,0,0,3,4,0,0,0,15,15,0,1,430828,2,1,-10000,-10000,0,0,0,0,5,0,0,0,0,6,0x5AA5,-9011,-25906,0,0,36391,2,2,2,2,255,0,2,15,0,0,1,0,0,0,0,0,0,0,6,0,0,-9000,44530410
2026-09-25T07:23:39.108Z,64317750000000,0x051C,0x0104,-1,2,63,-9011,-9011,0,-43996,-43995,430833,44530911,1,0,0,0,3,4,0,0,0,15,15,0,1,430833,2,1,-10000,-10000,0,0,0,0,5,0,0,0,0,6,0x5AA5,-9011,-7884,0,0,36393,2,2,2,2,255,0,2,15,0,0,1,0,0,0,0,0,0,0,6,0,0,-9000,44530911
2026-09-25T07:23:39.582Z,64318234000000,0x051C,0x0104,-1,2,63,-12390,-12390,0,-43996,-43992,430838,44531411,1,0,0,0,3,4,0,0,0,15,15,0,1,430838,2,1,-10000,-10000,0,0,0,0,5,0,0,0,0,6,0x5AA5,-12390,-7884,0,0,36395,2,2,2,2,255,0,2,15,0,0,1,0,0,0,0,0,0,0,6,0,0,-12300,44531411
2026-09-25T07:23:40.098Z,64318750000000,0x051C,0x0104,-1,2,63,-12390,-12390,0,-43986,-43992,430843,44531913,1,0,0,0,3,4,0,0,0,15,15,0,1,430843,2,1,-10000,-10000,0,0,0,0,5,0,0,0,0,6,0x5AA5,-12390,-19148,0,0,36397,2,2,2,2,255,0,2,15,0,0,1,0,0,0,0,0,0,0,6,0,0,-12300,44531913
2026-09-25T07:23:40.573Z,64319218000000,0x051C,0x0104,-1,2,63,-13516,-13516,0,-43983,-43991,430848,44532413,1,0,0,0,3,4,0,0,0,15,15,0,1,430848,2,1,-10000,-10000,0,0,0,0,5,0,0,0,0,6,0x5AA5,-13516,-22527,0,0,36397,2,2,2,2,255,0,2,15,0,0,1,0,0,0,0,0,0,0,6,0,0,-13500,44532413
2026-09-25T07:23:41.107Z,64319750000000,0x051C,0x0104,-1,2,63,-14642,-14642,0,-43994,-43990,430853,44532914,1,0,0,0,3,4,0,0,0,15,15,0,1,430853,2,1,-10000,-10000,0,0,0,0,5,0,0,0,0,6,0x5AA5,-14642,-10137,0,0,36397,2,2,2,2,255,0,2,15,0,0,1,0,0,0,0,0,0,0,6,0,0,-14600,44532914
2026-09-25T07:23:41.582Z,64320234000000,0x051C,0x0104,-1,2,63,-11263,-11263,0,-43994,-43993,430858,44533415,1,0,0,0,3,4,0,0,0,15,15,0,1,430858,2,1,-10000,-10000,0,0,0,0,5,0,0,0,0,6,0x5AA5,-11263,-10137,0,0,36397,2,2,2,2,255,0,2,15,0,0,1,0,0,0,0,0,0,0,6,0,0,-11200,44533415
2026-09-25T07:23:42.099Z,64320750000000,0x051C,0x0104,-1,2,63,-13516,-13516,0,-43981,-43991,430863,44533916,1,0,0,0,3,4,0,0,0,15,15,0,1,430863,2,1,-10000,-10000,0,0,0,0,5,0,0,0,0,6,0x5AA5,-13516,-24779,0,0,36397,2,2,2,2,255,0,2,15,0,0,1,0,0,0,0,0,0,0,6,0,0,-13500,44533916
2026-09-25T07:23:42.575Z,64321218000000,0x051C,0x0104,-1,2,63,-19148,-19148,0,-43983,-43986,430868,44534416,1,0,0,0,3,4,0,0,0,15,15,0,1,430868,2,1,-10000,-10000,0,0,0,0,5,0,0,0,0,6,0x5AA5,-19148,-22527,0,0,36397,2,2,2,2,255,0,2,15,0,0,1,0,0,0,0,0,0,0,6,0,0,-19100,44534416
2026-09-25T07:23:43.108Z,64321750000000,0x051C,0x0104,-1,2,63,-19148,-19148,0,-44010,-43986,430873,44534917,1,0,0,0,3,4,0,0,0,15,15,0,1,430873,2,1,-10000,-10000,0,0,0,0,5,0,0,0,0,6,0x5AA5,-19148,7884,0,0,36398,2,2,2,4,255,0,4,15,0,0,1,0,0,0,0,0,0,0,6,0,0,-19100,44534917
2026-09-25T07:23:43.582Z,64322234000000,0x051C,0x0104,-1,2,63,-13516,-13516,0,-43980,-43991,430878,44535418,1,0,0,0,3,4,0,0,0,15,15,0,1,430878,2,1,-10000,-10000,0,0,0,0,5,0,0,0,0,6,0x5AA5,-13516,-25906,0,0,36399,2,2,2,2,255,0,2,15,0,0,1,0,0,0,0,0,0,0,6,0,0,-13500,44535418
2026-09-25T07:23:44.105Z,64322750000000,0x051C,0x0104,-1,2,63,-15769,-15769,0,-43992,-43989,430882,44535924,1,0,0,0,3,4,0,0,0,15,15,0,1,430883,2,1,-10000,-10000,0,0,0,0,5,0,0,0,0,6,0x5AA5,-15769,-18021,0,0,36399,2,2,2,2,255,0,2,15,0,0,1,0,0,0,0,0,0,0,6,0,0,-15700,44535819
2026-09-25T07:23:44.579Z,64323218000000,0x051C,0x0104,-1,2,63,-11263,-11263,0,-44003,-43993,430888,44536420,1,0,0,0,3,4,0,0,0,15,15,0,1,430888,2,1,-10000,-10000,0,0,0,0,5,0,0,0,0,6,0x5AA5,-11263,0,0,0,36400,2,2,2,4,255,0,4,15,0,0,1,0,0,0,0,0,0,0,6,0,0,-11200,44536420
2026-09-25T07:23:45.115Z,64323765000000,0x051C,0x0104,-1,2,63,-12390,-12390,0,-44002,-43992,430893,44536921,1,0,0,0,3,4,0,0,0,15,15,0,1,430893,2,1,-10000,-10000,0,0,0,0,5,0,0,0,0,6,0x5AA5,-12390,-1126,0,0,36401,2,2,2,2,255,0,2,15,0,0,1,0,0,0,0,0,0,0,6,0,0,-12300,44536921
2026-09-25T07:23:45.577Z,64324218000000,0x051C,0x0104,-1,2,63,-13516,-13516,0,-43994,-43991,430897,44537425,1,0,0,0,3,4,0,0,0,15,15,0,1,430898,2,1,-10000,-10000,0,0,0,0,5,0,0,0,0,6,0x5AA5,-13516,-10137,0,0,36401,2,2,2,2,255,0,2,15,0,0,1,0,0,0,0,0,0,0,6,0,0,-13500,44537321
2026-09-25T07:23:46.109Z,64324750000000,0x051C,0x0104,-1,2,63,-20274,-20274,0,-43987,-43985,430903,44537922,1,0,0,0,3,4,0,0,0,15,15,0,1,430903,2,1,-10000,-10000,0,0,0,0,5,0,0,0,0,6,0x5AA5,-20274,-18021,0,0,36401,2,2,2,2,255,0,2,15,0,0,1,0,0,0,0,0,0,0,6,0,0,-20200,44537922
2026-09-25T07:23:46.583Z,64325234000000,0x051C,0x0104,-1,2,63,-23653,-23653,0,-43967,-43982,430908,44538423,1,0,0,0,3,4,0,0,0,15,15,0,1,430908,2,1,-10000,-10000,0,0,0,0,5,0,0,0,0,6,0x5AA5,-23653,-40548,0,0,36401,2,2,2,2,255,0,2,15,0,0,1,0,0,0,0,0,0,0,6,0,0,-23600,44538423
2026-09-25T07:23:47.105Z,64325750000000,0x051C,0x0104,-1,2,63,-27032,-27032,0,-43969,-43979,430912,44538926,1,0,0,0,3,4,0,0,0,15,15,0,1,430913,2,1,-10000,-10000,0,0,0,0,5,0,0,0,0,6,0x5AA5,-27032,-30411,0,0,36401,2,2,2,2,255,0,2,15,0,0,1,0,0,0,0,0,0,0,6,0,0,-27000,44538824
2026-09-25T07:23:47.583Z,64326234000000,0x051C,0x0104,-2,2,63,-30411,-30411,0,-43972,-43976,430918,44539425,1,0,0,0,3,4,0,0,0,15,15,0,1,430918,2,1,-10000,-10000,0,0,0,0,5,0,0,0,0,6,0x5AA5,-30411,-34916,0,0,36401,2,2,2,2,255,0,2,15,0,0,1,0,0,0,0,0,0,0,6,0,0,-30400,44539425
2026-09-25T07:23:48.103Z,64326750000000,0x051C,0x0104,-2,2,63,-29285,-29285,0,-43990,-43977,430922,44539926,1,0,0,0,3,4,0,0,0,15,15,0,1,430923,2,1,-20000,-20000,0,0,0,0,5,0,0,0,0,6,0x5AA5,-30411,-21400,0,0,36401,2,2,2,2,255,0,2,15,0,0,1,0,0,0,0,0,0,0,6,0,0,-30400,44539825
2026-09-25T07:23:48.582Z,64327234000000,0x051C,0x0104,-2,2,63,-25906,-25906,0,-43987,-43980,430927,44540429,1,0,0,0,3,4,0,0,0,15,15,0,1,430928,2,1,-20000,-20000,0,0,0,0,5,0,0,0,0,6,0x5AA5,-25906,-32664,0,0,36401,2,2,2,2,255,0,2,15,0,0,1,0,0,0,0,0,0,0,6,0,0,-25900,44540326
2026-09-25T07:23:49.098Z,64327750000000,0x051C,0x0104,-2,2,63,-18021,-18021,0,-43998,-43987,430932,44540927,1,0,0,0,3,4,0,0,0,15,15,0,1,430933,2,1,-20000,-20000,0,0,0,0,5,0,0,0,0,6,0x5AA5,-19148,-29285,0,0,36401,2,2,2,2,255,0,2,15,0,0,1,0,0,0,0,0,0,0,6,0,0,-19100,44540827
2026-09-25T07:23:49.572Z,64328218000000,0x051C,0x0104,-2,2,63,-7884,-7884,0,-43998,-43996,430937,44541428,1,0,0,0,3,4,0,0,0,15,15,0,1,430938,2,1,-20000,-20000,0,0,0,0,5,0,0,0,0,6,0x5AA5,-9011,-3379,0,0,36403,2,2,2,2,255,0,2,15,0,0,1,0,0,0,0,0,0,0,6,0,0,-9000,44541328
2026-09-25T07:23:50.107Z,64328750000000,0x051C,0x0104,-2,2,63,-2253,-2253,0,-43987,-44001,430942,44541930,1,0,0,0,3,4,0,0,0,15,15,0,1,430943,2,1,-20000,-20000,0,0,0,0,5,0,0,0,0,6,0x5AA5,-1126,-10137,0,0,36405,2,2,2,2,255,0,2,15,0,0,1,0,0,0,0,0,0,0,6,0,0,-1100,44541829
2026-09-25T07:23:50.586Z,64329234000000,0x051C,0x0104,-2,2,63,-12390,-12390,0,-44003,-43992,430947,44542434,1,0,0,0,3,4,0,0,0,15,15,0,1,430948,2,1,-20000,-20000,0,0,0,0,5,0,0,0,0,6,0x5AA5,-11263,-20274,0,0,36405,2,2,2,2,255,0,2,15,0,0,1,0,0,0,0,0,0,0,6,0,0,-11200,44542329
2026-09-25T07:23:51.105Z,64329750000000,0x051C,0x0104,-2,2,63,-11263,-11263,0,-43984,-43993,430952,44542930,1,0,0,0,3,4,0,0,0,15,15,0,1,430953,2,1,-20000,-20000,0,0,0,0,5,0,0,0,0,6,0x5AA5,-10137,-5632,0,0,36405,2,2,2,2,255,0,2,15,0,0,1,0,0,0,0,0,0,0,6,0,0,-10100,44542830
2026-09-25T07:23:51.578Z,64330218000000,0x051C,0x0104,-2,2,63,-13516,-13516,0,-43986,-43991,430957,44543431,1,0,0,0,3,4,0,0,0,15,15,0,1,430958,2,1,-20000,-20000,0,0,0,0,5,0,0,0,0,6,0x5AA5,-12390,-24779,0,0,36407,2,2,2,2,255,0,2,15,0,0,1,0,0,0,0,0,0,0,6,0,0,-12300,44543331
2026-09-25T07:23:52.115Z,64330765000000,0x051C,0x0104,-2,2,63,-11263,-11263,0,-43987,-43993,430962,44543937,1,0,0,0,3,4,0,0,0,15,15,0,1,430963,2,1,-20000,-20000,0,0,0,0,5,0,0,0,0,6,0x5AA5,-11263,-13516,0,0,36407,2,2,2,2,255,0,2,15,0,0,1,0,0,0,0,0,0,0,6,0,0,-11200,44543833
2026-09-25T07:23:52.574Z,64331218000000,0x051C,0x0104,-2,2,63,-11263,-11263,0,-44009,-43993,430967,44544433,1,0,0,0,3,4,0,0,0,15,15,0,1,430968,2,1,-20000,-20000,0,0,0,0,5,0,0,0,0,6,0x5AA5,-12390,-3379,0,0,36407,2,2,2,2,255,0,2,15,0,0,1,0,0,0,0,0,0,0,6,0,0,-12300,44544333
2026-09-25T07:23:53.105Z,64331750000000,0x051C,0x0104,-2,2,63,-5632,-5632,0,-44002,-43998,430972,44544934,1,0,0,0,3,4,0,0,0,15,15,0,1,430973,2,1,-20000,-20000,0,0,0,0,5,0,0,0,0,6,0x5AA5,-5632,-10137,0,0,36409,2,2,2,2,255,0,2,15,0,0,1,0,0,0,0,0,0,0,6,0,0,-5600,44544834
2026-09-25T07:23:53.578Z,64332218000000,0x051C,0x0104,-2,2,63,-6758,-6758,0,-44020,-43997,430977,44545435,1,0,0,0,3,4,0,0,0,15,15,0,1,430978,2,1,-20000,-20000,0,0,0,0,5,0,0,0,0,6,0x5AA5,-6758,-5632,0,0,36409,2,2,2,2,255,0,2,15,0,0,1,0,0,0,0,0,0,0,6,0,0,-6700,44545334
2026-09-25T07:23:54.114Z,64332765000000,0x051C,0x0104,-1,2,63,-3379,-3379,0,-44003,-44000,430982,44545937,1,0,0,0,3,4,0,0,0,15,15,0,1,430983,2,1,-10000,-10000,0,0,0,0,5,0,0,0,0,6,0x5AA5,-3379,6758,0,0,36412,2,2,2,4,255,0,4,15,0,0,1,0,0,0,0,0,0,0,6,0,0,-3300,44545835
2026-09-25T07:23:54.576Z,64333218000000,0x051C,0x0104,-1,2,63,-5632,-5632,0,-44000,-43998,430987,44546436,1,0,0,0,3,4,0,0,0,15,15,0,1,430988,2,1,-10000,-10000,0,0,0,0,5,0,0,0,0,6,0x5AA5,-4505,-18021,0,0,36415,2,2,2,2,255,0,2,15,0,0,1,0,0,0,0,0,0,0,6,0,0,-4500,44546336
2026-09-25T07:23:55.108Z,64333750000000,0x051C,0x0104,-1,2,63,-10137,-10137,0,-43992,-43994,430992,44546937,1,0,0,0,3,4,0,0,0,15,15,0,1,430993,2,1,-10000,-10000,0,0,0,0,5,0,0,0,0,6,0x5AA5,-10137,-9011,0,0,36415,2,2,2,2,255,0,2,15,0,0,1,0,0,0,0,0,0,0,6,0,0,-10100,44546837
2026-09-25T07:23:55.582Z,64334234000000,0x051C,0x0104,-1,2,63,-5632,-5632,0,-43991,-43998,430997,44547438,1,0,0,0,3,4,0,0,0,15,15,0,1,430998,2,1,-10000,-10000,0,0,0,0,5,0,0,0,0,6,0x5AA5,-6758,1126,0,0,36416,2,2,2,4,255,0,4,15,0,0,1,0,0,0,0,0,0,0,6,0,0,-6700,44547338
2026-09-25T07:23:56.103Z,64334750000000,0x051C,0x0104,-1,2,63,-12390,-12390,0,-43987,-43992,431002,44547838,1,0,0,0,3,4,0,0,0,15,15,0,1,431002,2,1,-10000,-10000,0,0,0,0,5,0,0,0,0,6,0x5AA5,-12390,-18021,0,0,36417,2,2,2,2,255,0,2,15,0,0,1,0,0,0,0,0,0,0,6,0,0,-12300,44547838
2026-09-25T07:23:56.578Z,64335218000000,0x051C,0x0104,-1,2,63,-11263,-11263,0,-43992,-43993,431007,44548439,1,0,0,0,3,4,0,0,0,15,15,0,1,431008,2,1,-10000,-10000,0,0,0,0,5,0,0,0,0,6,0x5AA5,-10137,-23653,0,0,36419,2,2,2,2,255,0,2,15,0,0,1,0,0,0,0,0,0,0,6,0,0,-10100,44548339
2026-09-25T07:23:57.112Z,64335750000000,0x051C,0x0104,-1,2,63,-14642,-14642,0,-43999,-43990,431012,44548940,1,0,0,0,3,4,0,0,0,15,15,0,1,431013,2,1,-10000,-10000,0,0,0,0,5,0,0,0,0,6,0x5AA5,-13516,-20274,0,0,36419,2,2,2,2,255,0,2,15,0,0,1,0,0,0,0,0,0,0,6,0,0,-13500,44548840
2026-09-25T07:23:57.587Z,64336234000000,0x051C,0x0104,-1,2,63,-12390,-12390,0,-43994,-43992,431017,44549441,1,0,0,0,3,4,0,0,0,15,15,0,1,431018,2,1,-10000,-10000,0,0,0,0,5,0,0,0,0,6,0x5AA5,-12390,-7884,0,0,36421,2,2,2,2,255,0,2,15,0,0,1,0,0,0,0,0,0,0,6,0,0,-12300,44549341
2026-09-25T07:23:58.108Z,64336750000000,0x051C,0x0104,-1,2,63,-12390,-12390,0,-43992,-43992,431022,44549942,1,0,0,0,3,4,0,0,0,15,15,0,1,431023,2,1,-10000,-10000,0,0,0,0,5,0,0,0,0,6,0x5AA5,-12390,-24779,0,0,36421,2,2,2,2,255,0,2,15,0,0,1,0,0,0,0,0,0,0,6,0,0,-12300,44549842
2026-09-25T07:23:58.583Z,64337234000000,0x051C,0x0104,-1,2,63,-11263,-11263,0,-43983,-43993,431027,44550443,1,0,0,0,3,4,0,0,0,15,15,0,1,431028,2,1,-10000,-10000,0,0,0,0,5,0,0,0,0,6,0x5AA5,-12390,-1126,0,0,36423,2,2,2,2,255,0,2,15,0,0,1,0,0,0,0,0,0,0,6,0,0,-12300,44550342
2026-09-25T07:23:59.098Z,64337750000000,0x051C,0x0104,-1,2,63,-14642,-14642,0,-44004,-43990,431032,44550843,1,0,0,0,3,4,0,0,0,15,15,0,1,431032,2,1,-10000,-10000,0,0,0,0,5,0,0,0,0,6,0x5AA5,-14642,1126,0,0,36424,2,2,2,4,255,0,4,15,0,0,1,0,0,0,0,0,0,0,6,0,0,-14600,44550843
2026-09-25T07:23:59.571Z,64338218000000,0x051C,0x0104,-1,2,63,-10137,-10137,0,-43980,-43994,431037,44551344,1,0,0,0,3,4,0,0,0,15,15,0,1,431037,2,1,-10000,-10000,0,0,0,0,5,0,0,0,0,6,0x5AA5,-10137,-25906,0,0,36425,2,2,2,2,255,0,2,15,0,0,1,0,0,0,0,0,0,0,6,0,0,-10100,44551344
2026-09-25T07:24:00.105Z,64338750000000,0x051C,0x0104,-1,2,63,-10137,-10137,0,-43969,-43994,431042,44551845,1,0,0,0,3,4,0,0,0,15,15,0,1,431042,2,1,-10000,-10000,0,0,0,0,5,0,0,0,0,6,0x5AA5,-10137,-38295,0,0,36425,2,2,2,2,255,0,2,15,0,0,1,0,0,0,0,0,0,0,6,0,0,-10100,44551845
2026-09-25T07:24:00.585Z,64339234000000,0x051C,0x0104,-1,2,63,-13516,-13516,0,-43994,-43991,431047,44552446,1,0,0,0,3,4,0,0,0,15,15,0,1,431048,2,1,-10000,-10000,0,0,0,0,5,0,0,0,0,6,0x5AA5,-13516,-20274,0,0,36425,2,2,2,2,255,0,2,15,0,0,1,0,0,0,0,0,0,0,6,0,0,-13500,44552346
2026-09-25T07:24:01.102Z,64339750000000,0x051C,0x0104,-1,2,63,-12390,-12390,0,-43997,-43992,431052,44552847,1,0,0,0,3,4,0,0,0,15,15,0,1,431052,2,1,-10000,-10000,0,0,0,0,5,0,0,0,0,6,0x5AA5,-12390,-6758,0,0,36425,2,2,2,2,255,0,2,15,0,0,1,0,0,0,0,0,0,0,6,0,0,-12300,44552847
2026-09-25T07:24:01.579Z,64340218000000,0x051C,0x0104,-1,2,63,-11263,-11263,0,-43994,-43993,431057,44553348,1,0,0,0,3,4,0,0,0,15,15,0,1,431057,2,1,-10000,-10000,0,0,0,0,5,0,0,0,0,6,0x5AA5,-11263,-10137,0,0,36425,2,2,2,2,255,0,2,15,0,0,1,0,0,0,0,0,0,0,6,0,0,-11200,44553348
2026-09-25T07:24:02.113Z,64340765000000,0x051C,0x0104,-1,2,63,-9011,-9011,0,-43994,-43995,431062,44553949,1,0,0,0,3,4,0,0,0,15,15,0,1,431063,2,1,-10000,-10000,0,0,0,0,5,0,0,0,0,6,0x5AA5,-9011,-6758,0,0,36425,2,2,2,2,255,0,2,15,0,0,1,0,0,0,0,0,0,0,6,0,0,-9000,44553848
2026-09-25T07:24:02.572Z,64341218000000,0x051C,0x0104,-1,2,63,-12390,-12390,0,-43995,-43992,431067,44554349,1,0,0,0,3,4,0,0,0,15,15,0,1,431067,2,1,-10000,-10000,0,0,0,0,5,0,0,0,0,6,0x5AA5,-12390,-9011,0,0,36425,2,2,2,2,255,0,2,15,0,0,1,0,0,0,0,0,0,0,6,0,0,-12300,44554349
2026-09-25T07:24:03.105Z,64341750000000,0x051C,0x0104,-1,2,63,-20274,-20274,0,-43980,-43985,431072,44554850,1,0,0,0,3,4,0,0,0,15,15,0,1,431072,2,1,-10000,-10000,0,0,0,0,5,0,0,0,0,6,0x5AA5,-20274,-25906,0,0,36425,2,2,2,2,255,0,2,15,0,0,1,0,0,0,0,0,0,0,6,0,0,-20200,44554850
2026-09-25T07:24:03.579Z,64342218000000,0x051C,0x0104,-1,2,63,-19148,-19148,0,-43990,-43986,431077,44555351,1,0,0,0,3,4,0,0,0,15,15,0,1,431077,2,1,-10000,-10000,0,0,0,0,5,0,0,0,0,6,0x5AA5,-19148,-14642,0,0,36425,2,2,2,2,255,0,2,15,0,0,1,0,0,0,0,0,0,0,6,0,0,-19100,44555351
2026-09-25T07:24:04.117Z,64342765000000,0x051C,0x0104,-1,2,63,-16895,-16895,0,-43997,-43988,431082,44555853,1,0,0,0,3,4,0,0,0,15,15,0,1,431082,2,1,-10000,-10000,0,0,0,0,5,0,0,0,0,6,0x5AA5,-16895,-6758,0,0,36425,2,2,2,2,255,0,2,15,0,0,1,0,0,0,0,0,0,0,6,0,0,-16800,44555853
2026-09-25T07:24:04.575Z,64343218000000,0x051C,0x0104,-1,2,63,-12390,-12390,0,-43990,-43992,431087,44556353,1,0,0,0,3,4,0,0,0,15,15,0,1,431087,2,1,-10000,-10000,0,0,0,0,5,0,0,0,0,6,0x5AA5,-12390,-14642,0,0,36427,2,2,2,2,255,0,2,15,0,0,1,0,0,0,0,0,0,0,6,0,0,-12300,44556353
2026-09-25T07:24:05.106Z,64343750000000,0x051C,0x0104,-1,2,63,-19148,-19148,0,-43991,-43986,431092,44556854,1,0,0,0,3,4,0,0,0,15,15,0,1,431092,2,1,-10000,-10000,0,0,0,0,5,0,0,0,0,6,0x5AA5,-19148,-13516,0,0,36427,2,2,2,2,255,0,2,15,0,0,1,0,0,0,0,0,0,0,6,0,0,-19100,44556854
2026-09-25T07:24:05.582Z,64344234000000,0x051C,0x0104,-1,2,63,-13516,-13516,0,-43995,-43991,431097,44557354,1,0,0,0,3,4,0,0,0,15,15,0,1,431097,2,1,-10000,-10000,0,0,0,0,5,0,0,0,0,6,0x5AA5,-13516,-9011,0,0,36429,2,2,2,2,255,0,2,15,0,0,1,0,0,0,0,0,0,0,6,0,0,-13500,44557354
2026-09-25T07:24:06.098Z,64344750000000,0x051C,0x0104,-1,2,63,-7884,-7884,0,-44010,-43996,431102,44557855,1,0,0,0,3,4,0,0,0,15,15,0,1,431102,2,1,-10000,-10000,0,0,0,0,5,0,0,0,0,6,0x5AA5,-7884,7884,0,0,36430,2,2,2,4,255,0,4,15,0,0,1,0,0,0,0,0,0,0,6,0,0,-7800,44557855
2026-09-25T07:24:06.572Z,64345218000000,0x051C,0x0104,-1,2,63,-9011,-9011,0,-43986,-43995,431107,44558356,1,0,0,0,3,4,0,0,0,15,15,0,1,431107,2,1,-10000,-10000,0,0,0,0,5,0,0,0,0,6,0x5AA5,-9011,-19148,0,0,36431,2,2,2,2,255,0,2,15,0,0,1,0,0,0,0,0,0,0,6,0,0,-9000,44558356
2026-09-25T07:24:07.104Z,64345750000000,0x051C,0x0104,-1,2,63,-12390,-12390,0,-43979,-43992,431112,44558857,1,0,0,0,3,4,0,0,0,15,15,0,1,431112,2,1,-10000,-10000,0,0,0,0,5,0,0,0,0,6,0x5AA5,-12390,-27032,0,0,36431,2,2,2,2,255,0,2,15,0,0,1,0,0,0,0,0,0,0,6,0,0,-12300,44558857
2026-09-25T07:24:07.577Z,64346218000000,0x051C,0x0104,-1,2,63,-9011,-9011,0,-44005,-43995,431117,44559358,1,0,0,0,3,4,0,0,0,15,15,0,1,431117,2,1,-10000,-10000,0,0,0,0,5,0,0,0,0,6,0x5AA5,-9011,2253,0,0,36434,2,2,2,4,255,0,4,15,0,0,1,0,0,0,0,0,0,0,6,0,0,-9000,44559358
2026-09-25T07:24:08.108Z,64346750000000,0x051C,0x0104,-1,2,63,-11263,-11263,0,-43966,-43993,431122,44559859,1,0,0,0,3,4,0,0,0,15,15,0,1,431122,2,1,-10000,-10000,0,0,0,0,5,0,0,0,0,6,0x5AA5,-11263,-41674,0,0,36435,2,2,2,2,255,0,2,15,0,0,1,0,0,0,0,0,0,0,6,0,0,-11200,44559859
2026-09-25T07:24:08.583Z,64347234000000,0x051C,0x0104,-1,2,63,-15769,-15769,0,-43993,-43989,431127,44560360,1,0,0,0,3,4,0,0,0,15,15,0,1,431127,2,1,-10000,-10000,0,0,0,0,5,0,0,0,0,6,0x5AA5,-15769,-11263,0,0,36437,2,2,2,2,255,0,2,15,0,0,1,0,0,0,0,0,0,0,6,0,0,-15700,44560360
2026-09-25T07:24:09.098Z,64347750000000,0x051C,0x0104,-1,2,63,-19148,-19148,0,-43977,-43986,431132,44560860,1,0,0,0,3,4,0,0,0,15,15,0,1,431132,2,1,-10000,-10000,0,0,0,0,5,0,0,0,0,6,0x5AA5,-19148,-29285,0,0,36437,2,2,2,2,255,0,2,15,0,0,1,0,0,0,0,0,0,0,6,0,0,-19100,44560860
2026-09-25T07:24:09.571Z,64348218000000,0x051C,0x0104,-1,2,63,-15769,-15769,0,-43994,-43989,431137,44561361,1,0,0,0,3,4,0,0,0,15,15,0,1,431137,2,1,-10000,-10000,0,0,0,0,5,0,0,0,0,6,0x5AA5,-15769,-10137,0,0,36437,2,2,2,2,255,0,2,15,0,0,1,0,0,0,0,0,0,0,6,0,0,-15700,44561361
2026-09-25T07:24:10.106Z,64348750000000,0x051C,0x0104,-1,2,63,-14642,-14642,0,-43998,-43990,431142,44561862,1,0,0,0,3,4,0,0,0,15,15,0,1,431142,2,1,-10000,-10000,0,0,0,0,5,0,0,0,0,6,0x5AA5,-14642,-5632,0,0,36437,2,2,2,2,255,0,2,15,0,0,1,0,0,0,0,0,0,0,6,0,0,-14600,44561862
2026-09-25T07:24:10.580Z,64349218000000,0x051C,0x0104,-1,2,63,-16895,-16895,0,-43975,-43988,431147,44562363,1,0,0,0,3,4,0,0,0,15,15,0,1,431147,2,1,-10000,-10000,0,0,0,0,5,0,0,0,0,6,0x5AA5,-16895,-31537,0,0,36437,2,2,2,2,255,0,2,15,0,0,1,0,0,0,0,0,0,0,6,0,0,-16800,44562363
2026-09-25T07:24:11.114Z,64349765000000,0x051C,0x0104,-1,2,63,-12390,-12390,0,-43989,-43992,431152,44562864,1,0,0,0,3,4,0,0,0,15,15,0,1,431152,2,1,-10000,-10000,0,0,0,0,5,0,0,0,0,6,0x5AA5,-12390,-15769,0,0,36439,2,2,2,2,255,0,2,15,0,0,1,0,0,0,0,0,0,0,6,0,0,-12300,44562864
2026-09-25T07:24:11.591Z,64350234000000,0x051C,0x0104,-1,2,63,-13516,-13516,0,-43984,-43991,431157,44563365,1,0,0,0,3,4,0,0,0,15,15,0,1,431157,2,1,-10000,-10000,0,0,0,0,5,0,0,0,0,6,0x5AA5,-13516,-21400,0,0,36439,2,2,2,2,255,0,2,15,0,0,1,0,0,0,0,0,0,0,6,0,0,-13500,44563365
2026-09-25T07:24:12.129Z,64350781000000,0x051C,0x0104,-1,2,63,-19148,-19148,0,-43992,-43986,431162,44563866,1,0,0,0,3,4,0,0,0,15,15,0,1,431162,2,1,-10000,-10000,0,0,0,0,5,0,0,0,0,6,0x5AA5,-19148,-12390,0,0,36439,2,2,2,2,255,0,2,15,0,0,1,0,0,0,0,0,0,0,6,0,0,-19100,44563866
2026-09-25T07:24:12.589Z,64351234000000,0x051C,0x0104,-1,2,63,-24779,-24779,0,-43995,-43981,431167,44564366,1,0,0,0,3,4,0,0,0,15,15,0,1,431167,2,1,-10000,-10000,0,0,0,0,5,0,0,0,0,6,0x5AA5,-24779,-9011,0,0,36439,2,2,2,2,255,0,2,15,0,0,1,0,0,0,0,0,0,0,6,0,0,-24700,44564366
2026-09-25T07:24:13.124Z,64351765000000,0x051C,0x0104,-1,2,63,-19148,-19148,0,-43993,-43986,431172,44564867,1,0,0,0,3,4,0,0,0,15,15,0,1,431172,2,1,-10000,-10000,0,0,0,0,5,0,0,0,0,6,0x5AA5,-19148,-11263,0,0,36439,2,2,2,2,255,0,2,15,0,0,1,0,0,0,0,0,0,0,6,0,0,-19100,44564867
2026-09-25T07:24:13.605Z,64352250000000,0x051C,0x0104,-1,2,63,-19148,-19148,0,-43981,-43986,431177,44565368,1,0,0,0,3,4,0,0,0,15,15,0,1,431177,2,1,-10000,-10000,0,0,0,0,5,0,0,0,0,6,0x5AA5,-19148,-24779,0,0,36439,2,2,2,2,255,0,2,15,0,0,1,0,0,0,0,0,0,0,6,0,0,-19100,44565368
2026-09-25T07:24:14.124Z,64352765000000,0x051C,0x0104,-1,2,63,-18021,-18021,0,-43994,-43987,431182,44565869,1,0,0,0,3,4,0,0,0,15,15,0,1,431182,2,1,-10000,-10000,0,0,0,0,5,0,0,0,0,6,0x5AA5,-18021,-10137,0,0,36439,2,2,2,2,255,0,2,15,0,0,1,0,0,0,0,0,0,0,6,0,0,-18000,44565869
2026-09-25T07:24:14.606Z,64353250000000,0x051C,0x0104,-1,2,63,-14642,-14642,0,-43981,-43990,431187,44566370,1,0,0,0,3,4,0,0,0,15,15,0,1,431187,2,1,-10000,-10000,0,0,0,0,5,0,0,0,0,6,0x5AA5,-14642,-24779,0,0,36439,2,2,2,2,255,0,2,15,0,0,1,0,0,0,0,0,0,0,6,0,0,-14600,44566370
2026-09-25T07:24:15.125Z,64353765000000,0x051C,0x0104,-1,2,63,-15769,-15769,0,-44002,-43989,431192,44566871,1,0,0,0,3,4,0,0,0,15,15,0,1,431192,2,1,-10000,-10000,0,0,0,0,5,0,0,0,0,6,0x5AA5,-15769,-1126,0,0,36439,2,2,2,2,255,0,2,15,0,0,1,0,0,0,0,0,0,0,6,0,0,-15700,44566871
2026-09-25T07:24:15.601Z,64354250000000,0x051C,0x0104,-1,2,63,-11263,-11263,0,-43996,-43993,431197,44567372,1,0,0,0,3,4,0,0,0,15,15,0,1,431197,2,1,-10000,-10000,0,0,0,0,5,0,0,0,0,6,0x5AA5,-11263,-7884,0,0,36439,2,2,2,2,255,0,2,15,0,0,1,0,0,0,0,0,0,0,6,0,0,-11200,44567372
2026-09-25T07:24:16.117Z,64354765000000,0x051C,0x0104,-1,2,63,-11263,-11263,0,-43999,-43993,431202,44567873,1,0,0,0,3,4,0,0,0,15,15,0,1,431202,2,1,-10000,-10000,0,0,0,0,5,0,0,0,0,6,0x5AA5,-11263,-4505,0,0,36439,2,2,2,2,255,0,2,15,0,0,1,0,0,0,0,0,0,0,6,0,0,-11200,44567873
2026-09-25T07:24:16.592Z,64355234000000,0x051C,0x0104,-1,2,63,-9011,-9011,0,-43973,-43995,431207,44568373,1,0,0,0,3,4,0,0,0,15,15,0,1,431207,2,1,-10000,-10000,0,0,0,0,5,0,0,0,0,6,0x5AA5,-9011,-33790,0,0,36441,2,2,2,2,255,0,2,15,0,0,1,0,0,0,0,0,0,0,6,0,0,-9000,44568373
2026-09-25T07:24:17.126Z,64355765000000,0x051C,0x0104,-1,2,63,-15769,-15769,0,-43981,-43989,431212,44568874,1,0,0,0,3,4,0,0,0,15,15,0,1,431212,2,1,-10000,-10000,0,0,0,0,5,0,0,0,0,6,0x5AA5,-15769,-24779,0,0,36441,2,2,2,2,255,0,2,15,0,0,1,0,0,0,0,0,0,0,6,0,0,-15700,44568874
2026-09-25T07:24:17.602Z,64356250000000,0x051C,0x0104,-1,2,63,-14642,-14642,0,-43998,-43990,431217,44569375,1,0,0,0,3,4,0,0,0,15,15,0,1,431217,2,1,-10000,-10000,0,0,0,0,5,0,0,0,0,6,0x5AA5,-14642,-5632,0,0,36441,2,2,2,2,255,0,2,15,0,0,1,0,0,0,0,0,0,0,6,0,0,-14600,44569375
2026-09-25T07:24:18.137Z,64356781000000,0x051C,0x0104,-1,2,63,-10137,-10137,0,-44010,-43994,431222,44569876,1,0,0,0,3,4,0,0,0,15,15,0,1,431222,2,1,-10000,-10000,0,0,0,0,5,0,0,0,0,6,0x5AA5,-10137,7884,0,0,36442,2,2,2,4,255,0,4,15,0,0,1,0,0,0,0,0,0,0,6,0,0,-10100,44569876
2026-09-25T07:24:18.614Z,64357265000000,0x051C,0x0104,-1,2,63,-7884,-7884,0,-44001,-43996,431227,44570477,1,0,0,0,3,4,0,0,0,15,15,0,1,431228,2,1,-10000,-10000,0,0,0,0,5,0,0,0,0,6,0x5AA5,-9011,-3379,0,0,36443,2,2,2,2,255,0,2,15,0,0,1,0,0,0,0,0,0,0,6,0,0,-9000,44570377
2026-09-25T07:24:19.133Z,64357781000000,0x051C,0x0104,-1,2,63,-9011,-9011,0,-43977,-43995,431232,44570878,1,0,0,0,3,4,0,0,0,15,15,0,1,431232,2,1,-10000,-10000,0,0,0,0,5,0,0,0,0,6,0x5AA5,-9011,-29285,0,0,36443,2,2,2,2,255,0,2,15,0,0,1,0,0,0,0,0,0,0,6,0,0,-9000,44570878
2026-09-25T07:24:19.608Z,64358250000000,0x051C,0x0104,-1,2,63,-14642,-14642,0,-44000,-43990,431237,44571379,1,0,0,0,3,4,0,0,0,15,15,0,1,431237,2,1,-10000,-10000,0,0,0,0,5,0,0,0,0,6,0x5AA5,-14642,-3379,0,0,36443,2,2,2,2,255,0,2,15,0,0,1,0,0,0,0,0,0,0,6,0,0,-14600,44571379
2026-09-25T07:24:20.144Z,64358796000000,0x051C,0x0104,-1,2,63,-12390,-12390,0,-43997,-43992,431242,44571980,1,0,0,0,3,4,0,0,0,15,15,0,1,431243,2,1,-10000,-10000,0,0,0,0,5,0,0,0,0,6,0x5AA5,-13516,-7884,0,0,36445,2,2,2,2,255,0,2,15,0,0,1,0,0,0,0,0,0,0,6,0,0,-13500,44571879
2026-09-25T07:24:20.604Z,64359250000000,0x051C,0x0104,-1,2,63,-12390,-12390,0,-43982,-43992,431247,44572380,1,0,0,0,3,4,0,0,0,15,15,0,1,431247,2,1,-10000,-10000,0,0,0,0,5,0,0,0,0,6,0x5AA5,-12390,-23653,0,0,36445,2,2,2,2,255,0,2,15,0,0,1,0,0,0,0,0,0,0,6,0,0,-12300,44572380
2026-09-25T07:24:21.136Z,64359781000000,0x051C,0x0104,-1,2,63,-10137,-10137,0,-43985,-43994,431252,44572881,1,0,0,0,3,4,0,0,0,15,15,0,1,431252,2,1,-10000,-10000,0,0,0,0,5,0,0,0,0,6,0x5AA5,-10137,-20274,0,0,36447,2,2,2,2,255,0,2,15,0,0,1,0,0,0,0,0,0,0,6,0,0,-10100,44572881
2026-09-25T07:24:21.611Z,64360250000000,0x051C,0x0104,-1,2,63,-13516,-13516,0,-43994,-43991,431257,44573382,1,0,0,0,3,4,0,0,0,15,15,0,1,431257,2,1,-10000,-10000,0,0,0,0,5,0,0,0,0,6,0x5AA5,-13516,-10137,0,0,36447,2,2,2,2,255,0,2,15,0,0,1,0,0,0,0,0,0,0,6,0,0,-13500,44573382
2026-09-25T07:24:22.147Z,64360796000000,0x051C,0x0104,-1,2,63,-12390,-12390,0,-44011,-43992,431262,44573983,1,0,0,0,3,4,0,0,0,15,15,0,1,431263,2,1,-10000,-10000,0,0,0,0,5,0,0,0,0,6,0x5AA5,-12390,-20274,0,0,36447,2,2,2,2,255,0,2,15,0,0,1,0,0,0,0,0,0,0,6,0,0,-12300,44573883
2026-09-25T07:24:22.607Z,64361250000000,0x051C,0x0104,-1,2,63,-12390,-12390,0,-43977,-43992,431267,44574384,1,0,0,0,3,4,0,0,0,15,15,0,1,431267,2,1,-10000,-10000,0,0,0,0,5,0,0,0,0,6,0x5AA5,-12390,-29285,0,0,36449,2,2,2,2,255,0,2,15,0,0,1,0,0,0,0,0,0,0,6,0,0,-12300,44574384
2026-09-25T07:24:23.137Z,64361781000000,0x051C,0x0104,-1,2,63,-16895,-16895,0,-43982,-43988,431272,44574885,1,0,0,0,3,4,0,0,0,15,15,0,1,431272,2,1,-10000,-10000,0,0,0,0,5,0,0,0,0,6,0x5AA5,-16895,-23653,0,0,36449,2,2,2,2,255,0,2,15,0,0,1,0,0,0,0,0,0,0,6,0,0,-16800,44574885
2026-09-25T07:24:23.612Z,64362250000000,0x051C,0x0104,-1,2,63,-15769,-15769,0,-43998,-43989,431277,44575386,1,0,0,0,3,4,0,0,0,15,15,0,1,431277,2,1,-10000,-10000,0,0,0,0,5,0,0,0,0,6,0x5AA5,-15769,-5632,0,0,36449,2,2,2,2,255,0,2,15,0,0,1,0,0,0,0,0,0,0,6,0,0,-15700,44575386
2026-09-25T07:24:24.146Z,64362796000000,0x051C,0x0104,-1,2,63,-19148,-19148,0,-43985,-43986,431282,44575887,1,0,0,0,3,4,0,0,0,15,15,0,1,431282,2,1,-10000,-10000,0,0,0,0,5,0,0,0,0,6,0x5AA5,-19148,-20274,0,0,36449,2,2,2,2,255,0,2,15,0,0,1,0,0,0,0,0,0,0,6,0,0,-19100,44575887
2026-09-25T07:24:24.606Z,64363250000000,0x051C,0x0104,-1,2,63,-16895,-16895,0,-44013,-43988,431287,44576388,1,0,0,0,3,4,0,0,0,15,15,0,1,431287,2,1,-10000,-10000,0,0,0,0,5,0,0,0,0,6,0x5AA5,-16895,11263,0,0,36450,2,2,2,4,255,0,4,15,0,0,1,0,0,0,0,0,0,0,6,0,0,-16800,44576388
2026-09-25T07:24:25.137Z,64363781000000,0x051C,0x0104,-1,2,63,-9011,-9011,0,-43999,-43995,431292,44576888,1,0,0,0,3,4,0,0,0,15,15,0,1,431292,2,1,-10000,-10000,0,0,0,0,5,0,0,0,0,6,0x5AA5,-9011,-4505,0,0,36451,2,2,2,2,255,0,2,15,0,0,1,0,0,0,0,0,0,0,6,0,0,-9000,44576888
2026-09-25T07:24:25.611Z,64364250000000,0x051C,0x0104,-1,2,63,-10137,-10137,0,-43997,-43994,431297,44577389,1,0,0,0,3,4,0,0,0,15,15,0,1,431297,2,1,-10000,-10000,0,0,0,0,5,0,0,0,0,6,0x5AA5,-10137,-6758,0,0,36453,2,2,2,2,255,0,2,15,0,0,1,0,0,0,0,0,0,0,6,0,0,-10100,44577389
2026-09-25T07:24:26.145Z,64364796000000,0x051C,0x0104,-1,2,63,-14642,-14642,0,-43984,-43990,431302,44577890,1,0,0,0,3,4,0,0,0,15,15,0,1,431302,2,1,-10000,-10000,0,0,0,0,5,0,0,0,0,6,0x5AA5,-14642,-21400,0,0,36453,2,2,2,2,255,0,2,15,0,0,1,0,0,0,0,0,0,0,6,0,0,-14600,44577890
2026-09-25T07:24:26.606Z,64365250000000,0x051C,0x0104,-1,2,63,-16895,-16895,0,-43989,-43988,431307,44578391,1,0,0,0,3,4,0,0,0,15,15,0,1,431307,2,1,-10000,-10000,0,0,0,0,5,0,0,0,0,6,0x5AA5,-16895,-15769,0,0,36453,2,2,2,2,255,0,2,15,0,0,1,0,0,0,0,0,0,0,6,0,0,-16800,44578391
2026-09-25T07:24:27.137Z,64365781000000,0x051C,0x0104,-1,2,63,-19148,-19148,0,-43984,-43986,431312,44578893,1,0,0,0,3,4,0,0,0,15,15,0,1,431312,2,1,-10000,-10000,0,0,0,0,5,0,0,0,0,6,0x5AA5,-19148,-21400,0,0,36453,2,2,2,2,255,0,2,15,0,0,1,0,0,0,0,0,0,0,6,0,0,-19100,44578893
2026-09-25T07:24:27.611Z,64366250000000,0x051C,0x0104,-1,2,63,-19148,-19148,0,-43991,-43986,431317,44579393,1,0,0,0,3,4,0,0,0,15,15,0,1,431317,2,1,-10000,-10000,0,0,0,0,5,0,0,0,0,6,0x5AA5,-19148,-13516,0,0,36453,2,2,2,2,255,0,2,15,0,0,1,0,0,0,0,0,0,0,6,0,0,-19100,44579393
2026-09-25T07:24:28.144Z,64366796000000,0x051C,0x0104,-1,2,63,-15769,-15769,0,-43985,-43989,431322,44579894,1,0,0,0,3,4,0,0,0,15,15,0,1,431322,2,1,-10000,-10000,0,0,0,0,5,0,0,0,0,6,0x5AA5,-15769,-20274,0,0,36453,2,2,2,2,255,0,2,15,0,0,1,0,0,0,0,0,0,0,6,0,0,-15700,44579894
2026-09-25T07:24:28.604Z,64367250000000,0x051C,0x0104,-1,2,63,-15769,-15769,0,-43999,-43989,431327,44580395,1,0,0,0,3,4,0,0,0,15,15,0,1,431327,2,1,-10000,-10000,0,0,0,0,5,0,0,0,0,6,0x5AA5,-15769,-4505,0,0,36453,2,2,2,2,255,0,2,15,0,0,1,0,0,0,0,0,0,0,6,0,0,-15700,44580395
2026-09-25T07:24:29.136Z,64367781000000,0x051C,0x0104,-1,2,63,-18021,-18021,0,-43998,-43987,431332,44580896,1,0,0,0,3,4,0,0,0,15,15,0,1,431332,2,1,-10000,-10000,0,0,0,0,5,0,0,0,0,6,0x5AA5,-18021,-5632,0,0,36453,2,2,2,2,255,0,2,15,0,0,1,0,0,0,0,0,0,0,6,0,0,-18000,44580896
2026-09-25T07:24:29.611Z,64368250000000,0x051C,0x0104,-1,2,63,-16895,-16895,0,-43983,-43988,431337,44581397,1,0,0,0,3,4,0,0,0,15,15,0,1,431337,2,1,-10000,-10000,0,0,0,0,5,0,0,0,0,6,0x5AA5,-16895,-22527,0,0,36453,2,2,2,2,255,0,2,15,0,0,1,0,0,0,0,0,0,0,6,0,0,-16800,44581397
2026-09-25T07:24:30.144Z,64368781000000,0x051C,0x0104,-1,2,63,-15769,-15769,0,-43985,-43989,431342,44581898,1,0,0,0,3,4,0,0,0,15,15,0,1,431342,2,1,-10000,-10000,0,0,0,0,5,0,0,0,0,6,0x5AA5,-15769,-20274,0,0,36453,2,2,2,2,255,0,2,15,0,0,1,0,0,0,0,0,0,0,6,0,0,-15700,44581898
2026-09-25T07:24:30.619Z,64369265000000,0x051C,0x0104,-1,2,63,-12390,-12390,0,-44006,-43992,431347,44582399,1,0,0,0,3,4,0,0,0,15,15,0,1,431347,2,1,-10000,-10000,0,0,0,0,5,0,0,0,0,6,0x5AA5,-12390,3379,0,0,36454,2,2,2,4,255,0,4,15,0,0,1,0,0,0,0,0,0,0,6,0,0,-12300,44582399
2026-09-25T07:24:31.136Z,64369781000000,0x051C,0x0104,-1,2,63,-11263,-11263,0,-43984,-43993,431352,44582900,1,0,0,0,3,4,0,0,0,15,15,0,1,431352,2,1,-10000,-10000,0,0,0,0,5,0,0,0,0,6,0x5AA5,-11263,-21400,0,0,36455,2,2,2,2,255,0,2,15,0,0,1,0,0,0,0,0,0,0,6,0,0,-11200,44582900
2026-09-25T07:24:31.611Z,64370250000000,0x051C,0x0104,-1,2,63,-20274,-20274,0,-43980,-43985,431357,44583400,1,0,0,0,3,4,0,0,0,15,15,0,1,431357,2,1,-10000,-10000,0,0,0,0,5,0,0,0,0,6,0x5AA5,-20274,-25906,0,0,36455,2,2,2,2,255,0,2,15,0,0,1,0,0,0,0,0,0,0,6,0,0,-20200,44583400
2026-09-25T07:24:32.144Z,64370781000000,0x051C,0x0104,-1,2,63,-19148,-19148,0,-43998,-43986,431362,44583901,1,0,0,0,3,4,0,0,0,15,15,0,1,431362,2,1,-10000,-10000,0,0,0,0,5,0,0,0,0,6,0x5AA5,-19148,-5632,0,0,36455,2,2,2,2,255,0,2,15,0,0,1,0,0,0,0,0,0,0,6,0,0,-19100,44583901
2026-09-25T07:24:32.618Z,64371265000000,0x051C,0x0104,-1,2,63,-18021,-18021,0,-43998,-43987,431367,44584402,1,0,0,0,3,4,0,0,0,15,15,0,1,431367,2,1,-10000,-10000,0,0,0,0,5,0,0,0,0,6,0x5AA5,-18021,-5632,0,0,36455,2,2,2,2,255,0,2,15,0,0,1,0,0,0,0,0,0,0,6,0,0,-18000,44584402
2026-09-25T07:24:33.136Z,64371781000000,0x051C,0x0104,-1,2,63,-11263,-11263,0,-44004,-43993,431372,44584903,1,0,0,0,3,4,0,0,0,15,15,0,1,431372,2,1,-10000,-10000,0,0,0,0,5,0,0,0,0,6,0x5AA5,-11263,1126,0,0,36456,2,2,2,4,255,0,4,15,0,0,1,0,0,0,0,0,0,0,6,0,0,-11200,44584903
2026-09-25T07:24:33.611Z,64372250000000,0x051C,0x0104,-1,2,63,-15769,-15769,0,-43976,-43989,431377,44585404,1,0,0,0,3,4,0,0,0,15,15,0,1,431377,2,1,-10000,-10000,0,0,0,0,5,0,0,0,0,6,0x5AA5,-15769,-30411,0,0,36457,2,2,2,2,255,0,2,15,0,0,1,0,0,0,0,0,0,0,6,0,0,-15700,44585404
2026-09-25T07:24:34.146Z,64372796000000,0x051C,0x0104,-1,2,63,-15769,-15769,0,-43998,-43989,431382,44585905,1,0,0,0,3,4,0,0,0,15,15,0,1,431382,2,1,-10000,-10000,0,0,0,0,5,0,0,0,0,6,0x5AA5,-15769,-5632,0,0,36457,2,2,2,2,255,0,2,15,0,0,1,0,0,0,0,0,0,0,6,0,0,-15700,44585905
2026-09-25T07:24:34.605Z,64373250000000,0x051C,0x0104,-1,2,63,-13516,-13516,0,-43995,-43991,431387,44586406,1,0,0,0,3,4,0,0,0,15,15,0,1,431387,2,1,-10000,-10000,0,0,0,0,5,0,0,0,0,6,0x5AA5,-13516,-9011,0,0,36457,2,2,2,2,255,0,2,15,0,0,1,0,0,0,0,0,0,0,6,0,0,-13500,44586406
2026-09-25T07:24:35.137Z,64373781000000,0x051C,0x0104,-1,2,63,-13516,-13516,0,-43999,-43991,431392,44586906,1,0,0,0,3,4,0,0,0,15,15,0,1,431392,2,1,-10000,-10000,0,0,0,0,5,0,0,0,0,6,0x5AA5,-13516,-4505,0,0,36457,2,2,2,2,255,0,2,15,0,0,1,0,0,0,0,0,0,0,6,0,0,-13500,44586906
2026-09-25T07:24:35.611Z,64374250000000,0x051C,0x0104,-1,2,63,-11263,-11263,0,-43982,-43993,431397,44587407,1,0,0,0,3,4,0,0,0,15,15,0,1,431397,2,1,-10000,-10000,0,0,0,0,5,0,0,0,0,6,0x5AA5,-11263,-23653,0,0,36459,2,2,2,2,255,0,2,15,0,0,1,0,0,0,0,0,0,0,6,0,0,-11200,44587407
2026-09-25T07:24:36.144Z,64374796000000,0x051C,0x0104,-1,2,63,-21400,-21400,0,-43984,-43984,431402,44587908,1,0,0,0,3,4,0,0,0,15,15,0,1,431402,2,1,-10000,-10000,0,0,0,0,5,0,0,0,0,6,0x5AA5,-21400,-21400,0,0,36459,2,2,2,2,255,0,2,15,0,0,1,0,0,0,0,0,0,0,6,0,0,-21400,44587908
2026-09-25T07:24:36.605Z,64375250000000,0x051C,0x0104,-1,2,63,-21400,-21400,0,-43987,-43984,431407,44588409,1,0,0,0,3,4,0,0,0,15,15,0,1,431407,2,1,-10000,-10000,0,0,0,0,5,0,0,0,0,6,0x5AA5,-21400,-18021,0,0,36459,2,2,2,2,255,0,2,15,0,0,1,0,0,0,0,0,0,0,6,0,0,-21400,44588409
2026-09-25T07:24:37.142Z,64375781000000,0x051C,0x0104,-1,2,63,-15769,-15769,0,-44010,-43989,431412,44588910,1,0,0,0,3,4,0,0,0,15,15,0,1,431412,2,1,-10000,-10000,0,0,0,0,5,0,0,0,0,6,0x5AA5,-15769,7884,0,0,36462,2,2,2,4,255,0,4,15,0,0,1,0,0,0,0,0,0,0,6,0,0,-15700,44588910
2026-09-25T07:24:37.618Z,64376265000000,0x051C,0x0104,-1,2,63,-12390,-12390,0,-43996,-43992,431417,44589411,1,0,0,0,3,4,0,0,0,15,15,0,1,431417,2,1,-10000,-10000,0,0,0,0,5,0,0,0,0,6,0x5AA5,-12390,-7884,0,0,36463,2,2,2,2,255,0,2,15,0,0,1,0,0,0,0,0,0,0,6,0,0,-12300,44589411
2026-09-25T07:24:38.136Z,64376781000000,0x051C,0x0104,-1,2,63,-7884,-7884,0,-43997,-43996,431422,44589913,1,0,0,0,3,4,0,0,0,15,15,0,1,431422,2,1,-10000,-10000,0,0,0,0,5,0,0,0,0,6,0x5AA5,-7884,-6758,0,0,36465,2,2,2,2,255,0,2,15,0,0,1,0,0,0,0,0,0,0,6,0,0,-7800,44589913
2026-09-25T07:24:38.611Z,64377250000000,0x051C,0x0104,-1,2,63,-7884,-7884,0,-43993,-43996,431427,44590413,1,0,0,0,3,4,0,0,0,15,15,0,1,431427,2,1,-10000,-10000,0,0,0,0,5,0,0,0,0,6,0x5AA5,-7884,-11263,0,0,36467,2,2,2,2,255,0,2,15,0,0,1,0,0,0,0,0,0,0,6,0,0,-7800,44590413
2026-09-25T07:24:39.143Z,64377781000000,0x051C,0x0104,-1,2,63,-11263,-11263,0,-43989,-43993,431432,44590914,1,0,0,0,3,4,0,0,0,15,15,0,1,431432,2,1,-10000,-10000,0,0,0,0,5,0,0,0,0,6,0x5AA5,-11263,-15769,0,0,36467,2,2,2,2,255,0,2,15,0,0,1,0,0,0,0,0,0,0,6,0,0,-11200,44590914
2026-09-25T07:24:39.618Z,64378265000000,0x051C,0x0104,-1,2,63,-15769,-15769,0,-43974,-43989,431437,44591414,1,0,0,0,3,4,0,0,0,15,15,0,1,431437,2,1,-10000,-10000,0,0,0,0,5,0,0,0,0,6,0x5AA5,-15769,-32664,0,0,36467,2,2,2,2,255,0,2,15,0,0,1,0,0,0,0,0,0,0,6,0,0,-15700,44591414
2026-09-25T07:24:40.134Z,64378781000000,0x051C,0x0104,-1,2,63,-20274,-20274,0,-43993,-43985,431442,44591915,1,0,0,0,3,4,0,0,0,15,15,0,1,431442,2,1,-10000,-10000,0,0,0,0,5,0,0,0,0,6,0x5AA5,-20274,-11263,0,0,36469,2,2,2,2,255,0,2,15,0,0,1,0,0,0,0,0,0,0,6,0,0,-20200,44591915
2026-09-25T07:24:40.608Z,64379250000000,0x051C,0x0104,-1,2,63,-16895,-16895,0,-43999,-43988,431447,44592416,1,0,0,0,3,4,0,0,0,15,15,0,1,431447,2,1,-10000,-10000,0,0,0,0,5,0,0,0,0,6,0x5AA5,-16895,-4505,0,0,36471,2,2,2,2,255,0,2,15,0,0,1,0,0,0,0,0,0,0,6,0,0,-16800,44592416
2026-09-25T07:24:41.141Z,64379781000000,0x051C,0x0104,-1,2,63,-13516,-13516,0,-44001,-43991,431452,44592917,1,0,0,0,3,4,0,0,0,15,15,0,1,431452,2,1,-10000,-10000,0,0,0,0,5,0,0,0,0,6,0x5AA5,-13516,-2253,0,0,36471,2,2,2,2,255,0,2,15,0,0,1,0,0,0,0,0,0,0,6,0,0,-13500,44592917
2026-09-25T07:24:41.614Z,64380265000000,0x051C,0x0104,-1,2,63,-15769,-15769,0,-44003,-43989,431457,44593418,1,0,0,0,3,4,0,0,0,15,15,0,1,431457,2,1,-10000,-10000,0,0,0,0,5,0,0,0,0,6,0x5AA5,-15769,0,0,0,36471,2,2,2,2,255,0,2,15,0,0,1,0,0,0,0,0,0,0,6,0,0,-15700,44593418
2026-09-25T07:24:42.131Z,64380781000000,0x051C,0x0104,-1,2,63,-11263,-11263,0,-43987,-43993,431462,44593919,1,0,0,0,3,4,0,0,0,15,15,0,1,431462,2,1,-10000,-10000,0,0,0,0,5,0,0,0,0,6,0x5AA5,-11263,-18021,0,0,36473,2,2,2,2,255,0,2,15,0,0,1,0,0,0,0,0,0,0,6,0,0,-11200,44593919
2026-09-25T07:24:42.605Z,64381250000000,0x051C,0x0104,-1,2,63,-11263,-11263,0,-43986,-43993,431467,44594420,1,0,0,0,3,4,0,0,0,15,15,0,1,431467,2,1,-10000,-10000,0,0,0,0,5,0,0,0,0,6,0x5AA5,-11263,-19148,0,0,36473,2,2,2,2,255,0,2,15,0,0,1,0,0,0,0,0,0,0,6,0,0,-11200,44594420
2026-09-25T07:24:43.139Z,64381781000000,0x051C,0x0104,-1,2,63,-16895,-16895,0,-43979,-43988,431472,44594921,1,0,0,0,3,4,0,0,0,15,15,0,1,431472,2,1,-10000,-10000,0,0,0,0,5,0,0,0,0,6,0x5AA5,-16895,-27032,0,0,36473,2,2,2,2,255,0,2,15,0,0,1,0,0,0,0,0,0,0,6,0,0,-16800,44594921
2026-09-25T07:24:43.613Z,64382265000000,0x051C,0x0104,-1,2,63,-20274,-20274,0,-43990,-43985,431477,44595422,1,0,0,0,3,4,0,0,0,15,15,0,1,431477,2,1,-10000,-10000,0,0,0,0,5,0,0,0,0,6,0x5AA5,-20274,-14642,0,0,36473,2,2,2,2,255,0,2,15,0,0,1,0,0,0,0,0,0,0,6,0,0,-20200,44595422
2026-09-25T07:24:44.131Z,64382781000000,0x051C,0x0104,-1,2,63,-13516,-13516,0,-43994,-43991,431482,44595922,1,0,0,0,3,4,0,0,0,15,15,0,1,431482,2,1,-10000,-10000,0,0,0,0,5,0,0,0,0,6,0x5AA5,-13516,-10137,0,0,36473,2,2,2,2,255,0,2,15,0,0,1,0,0,0,0,0,0,0,6,0,0,-13500,44595922
2026-09-25T07:24:44.605Z,64383250000000,0x051C,0x0104,-1,2,63,-12390,-12390,0,-43999,-43992,431487,44596423,1,0,0,0,3,4,0,0,0,15,15,0,1,431487,2,1,-10000,-10000,0,0,0,0,5,0,0,0,0,6,0x5AA5,-12390,-4505,0,0,36473,2,2,2,2,255,0,2,15,0,0,1,0,0,0,0,0,0,0,6,0,0,-12300,44596423
2026-09-25T07:24:45.140Z,64383781000000,0x051C,0x0104,-1,2,63,-6758,-6758,0,-43993,-43997,431492,44596924,1,0,0,0,3,4,0,0,0,15,15,0,1,431492,2,1,-10000,-10000,0,0,0,0,5,0,0,0,0,6,0x5AA5,-6758,-11263,0,0,36475,2,2,2,2,255,0,2,15,0,0,1,0,0,0,0,0,0,0,6,0,0,-6700,44596924
2026-09-25T07:24:45.612Z,64384265000000,0x051C,0x0104,-1,2,63,-11263,-11263,0,-43991,-43993,431497,44597425,1,0,0,0,3,4,0,0,0,15,15,0,1,431497,2,1,-10000,-10000,0,0,0,0,5,0,0,0,0,6,0x5AA5,-11263,-13516,0,0,36475,2,2,2,2,255,0,2,15,0,0,1,0,0,0,0,0,0,0,6,0,0,-11200,44597425
2026-09-25T07:24:46.132Z,64384781000000,0x051C,0x0104,-1,2,63,-10137,-10137,0,-44006,-43994,431502,44597926,1,0,0,0,3,4,0,0,0,15,15,0,1,431502,2,1,-10000,-10000,0,0,0,0,5,0,0,0,0,6,0x5AA5,-10137,3379,0,0,36476,2,2,2,4,255,0,4,15,0,0,1,0,0,0,0,0,0,0,6,0,0,-10100,44597926
2026-09-25T07:24:46.607Z,64385250000000,0x051C,0x0104,-1,2,63,-4505,-4505,0,-43988,-43999,431507,44598427,1,0,0,0,3,4,0,0,0,15,15,0,1,431507,2,1,-10000,-10000,0,0,0,0,5,0,0,0,0,6,0x5AA5,-4505,-16895,0,0,36477,2,2,2,2,255,0,2,15,0,0,1,0,0,0,0,0,0,0,6,0,0,-4500,44598427
2026-09-25T07:24:47.142Z,64385781000000,0x051C,0x0104,-1,2,63,-4505,-4505,0,-43984,-43999,431512,44598928,1,0,0,0,3,4,0,0,0,15,15,0,1,431512,2,1,-10000,-10000,0,0,0,0,5,0,0,0,0,6,0x5AA5,-4505,-21400,0,0,36479,2,2,2,2,255,0,2,15,0,0,1,0,0,0,0,0,0,0,6,0,0,-4500,44598928
2026-09-25T07:24:47.618Z,64386265000000,0x051C,0x0104,-1,2,63,-5632,-5632,0,-43986,-43998,431517,44599429,1,0,0,0,3,4,0,0,0,15,15,0,1,431517,2,1,-10000,-10000,0,0,0,0,5,0,0,0,0,6,0x5AA5,-5632,-19148,0,0,36481,2,2,2,2,255,0,2,15,0,0,1,0,0,0,0,0,0,0,6,0,0,-5600,44599429
2026-09-25T07:24:48.134Z,64386781000000,0x051C,0x0104,-1,2,63,-6758,-6758,0,-44005,-43997,431522,44599930,1,0,0,0,3,4,0,0,0,15,15,0,1,431522,2,1,-10000,-10000,0,0,0,0,5,0,0,0,0,6,0x5AA5,-6758,2253,0,0,36482,2,2,2,4,255,0,4,15,0,0,1,0,0,0,0,0,0,0,6,0,0,-6700,44599930
2026-09-25T07:24:48.609Z,64387250000000,0x051C,0x0104,-1,2,63,-10137,-10137,0,-43997,-43994,431527,44600431,1,0,0,0,3,4,0,0,0,15,15,0,1,431527,2,1,-10000,-10000,0,0,0,0,5,0,0,0,0,6,0x5AA5,-10137,-6758,0,0,36483,2,2,2,2,255,0,2,15,0,0,1,0,0,0,0,0,0,0,6,0,0,-10100,44600431
2026-09-25T07:24:49.142Z,64387781000000,0x051C,0x0104,-1,2,63,-10137,-10137,0,-44008,-43994,431532,44600933,1,0,0,0,3,4,0,0,0,15,15,0,1,431532,2,1,-10000,-10000,0,0,0,0,5,0,0,0,0,6,0x5AA5,-10137,5632,0,0,36484,2,2,2,4,255,0,4,15,0,0,1,0,0,0,0,0,0,0,6,0,0,-10100,44600933
2026-09-25T07:24:49.618Z,64388265000000,0x051C,0x0104,-1,2,63,-10137,-10137,0,-44005,-43994,431537,44601433,1,0,0,0,3,4,0,0,0,15,15,0,1,431537,2,1,-10000,-10000,0,0,0,0,5,0,0,0,0,6,0x5AA5,-10137,2253,0,0,36486,2,2,2,4,255,0,4,15,0,0,1,0,0,0,0,0,0,0,6,0,0,-10100,44601433
2026-09-25T07:24:50.133Z,64388781000000,0x051C,0x0104,-1,2,63,-6758,-6758,0,-43994,-43997,431542,44601934,1,0,0,0,3,4,0,0,0,15,15,0,1,431542,2,1,-10000,-10000,0,0,0,0,5,0,0,0,0,6,0x5AA5,-6758,-10137,0,0,36489,2,2,2,2,255,0,2,15,0,0,1,0,0,0,0,0,0,0,6,0,0,-6700,44601934
2026-09-25T07:24:50.608Z,64389250000000,0x051C,0x0104,-1,2,63,-12390,-12390,0,-43976,-43992,431547,44602435,1,0,0,0,3,4,0,0,0,15,15,0,1,431547,2,1,-10000,-10000,0,0,0,0,5,0,0,0,0,6,0x5AA5,-12390,-30411,0,0,36491,2,2,2,2,255,0,2,15,0,0,1,0,0,0,0,0,0,0,6,0,0,-12300,44602435
2026-09-25T07:24:51.139Z,64389781000000,0x051C,0x0104,-1,2,63,-16895,-16895,0,-43999,-43988,431552,44602936,1,0,0,0,3,4,0,0,0,15,15,0,1,431552,2,1,-10000,-10000,0,0,0,0,5,0,0,0,0,6,0x5AA5,-16895,-4505,0,0,36491,2,2,2,2,255,0,2,15,0,0,1,0,0,0,0,0,0,0,6,0,0,-16800,44602936
2026-09-25T07:24:51.613Z,64390265000000,0x051C,0x0104,-1,2,63,-14642,-14642,0,-43977,-43990,431557,44603436,1,0,0,0,3,4,0,0,0,15,15,0,1,431557,2,1,-10000,-10000,0,0,0,0,5,0,0,0,0,6,0x5AA5,-14642,-29285,0,0,36491,2,2,2,2,255,0,2,15,0,0,1,0,0,0,0,0,0,0,6,0,0,-14600,44603436
2026-09-25T07:24:52.133Z,64390781000000,0x051C,0x0104,-1,2,63,-19148,-19148,0,-43998,-43986,431562,44603937,1,0,0,0,3,4,0,0,0,15,15,0,1,431562,2,1,-10000,-10000,0,0,0,0,5,0,0,0,0,6,0x5AA5,-19148,-5632,0,0,36491,2,2,2,2,255,0,2,15,0,0,1,0,0,0,0,0,0,0,6,0,0,-19100,44603937
2026-09-25T07:24:52.607Z,64391250000000,0x051C,0x0104,-1,2,63,-16895,-16895,0,-43990,-43988,431567,44604438,1,0,0,0,3,4,0,0,0,15,15,0,1,431567,2,1,-10000,-10000,0,0,0,0,5,0,0,0,0,6,0x5AA5,-16895,-14642,0,0,36491,2,2,2,2,255,0,2,15,0,0,1,0,0,0,0,0,0,0,6,0,0,-16800,44604438
2026-09-25T07:24:53.139Z,64391781000000,0x051C,0x0104,-1,2,63,-18021,-18021,0,-43983,-43987,431572,44604939,1,0,0,0,3,4,0,0,0,15,15,0,1,431572,2,1,-10000,-10000,0,0,0,0,5,0,0,0,0,6,0x5AA5,-18021,-22527,0,0,36491,2,2,2,2,255,0,2,15,0,0,1,0,0,0,0,0,0,0,6,0,0,-18000,44604939
2026-09-25T07:24:53.613Z,64392265000000,0x051C,0x0104,-1,2,63,-19148,-19148,0,-43978,-43986,431577,44605440,1,0,0,0,3,4,0,0,0,15,15,0,1,431577,2,1,-10000,-10000,0,0,0,0,5,0,0,0,0,6,0x5AA5,-19148,-28158,0,0,36491,2,2,2,2,255,0,2,15,0,0,1,0,0,0,0,0,0,0,6,0,0,-19100,44605440
2026-09-25T07:24:54.128Z,64392781000000,0x051C,0x0104,-1,2,63,-21400,-21400,0,-43981,-43984,431582,44605941,1,0,0,0,3,4,0,0,0,15,15,0,1,431582,2,1,-10000,-10000,0,0,0,0,5,0,0,0,0,6,0x5AA5,-21400,-24779,0,0,36491,2,2,2,2,255,0,2,15,0,0,1,0,0,0,0,0,0,0,6,0,0,-21400,44605941
2026-09-25T07:24:54.604Z,64393250000000,0x051C,0x0104,-1,2,63,-13516,-13516,0,-43974,-43991,431587,44606442,1,0,0,0,3,4,0,0,0,15,15,0,1,431587,2,1,-10000,-10000,0,0,0,0,5,0,0,0,0,6,0x5AA5,-13516,-32664,0,0,36493,2,2,2,2,255,0,2,15,0,0,1,0,0,0,0,0,0,0,6,0,0,-13500,44606442
2026-09-25T07:24:55.135Z,64393781000000,0x051C,0x0104,-1,2,63,-11263,-11263,0,-43992,-43993,431592,44606943,1,0,0,0,3,4,0,0,0,15,15,0,1,431592,2,1,-10000,-10000,0,0,0,0,5,0,0,0,0,6,0x5AA5,-11263,-12390,0,0,36495,2,2,2,2,255,0,2,15,0,0,1,0,0,0,0,0,0,0,6,0,0,-11200,44606943
2026-09-25T07:24:55.611Z,64394250000000,0x051C,0x0104,-1,2,63,-9011,-9011,0,-43995,-43995,431597,44607444,1,0,0,0,3,4,0,0,0,15,15,0,1,431597,2,1,-10000,-10000,0,0,0,0,5,0,0,0,0,6,0x5AA5,-9011,-9011,0,0,36495,2,2,2,2,255,0,2,15,0,0,1,0,0,0,0,0,0,0,6,0,0,-9000,44607444
2026-09-25T07:24:56.142Z,64394781000000,0x051C,0x0104,-1,2,63,-12390,-12390,0,-43988,-43992,431602,44607945,1,0,0,0,3,4,0,0,0,15,15,0,1,431602,2,1,-10000,-10000,0,0,0,0,5,0,0,0,0,6,0x5AA5,-12390,-16895,0,0,36495,2,2,2,2,255,0,2,15,0,0,1,0,0,0,0,0,0,0,6,0,0,-12300,44607945
2026-09-25T07:24:56.618Z,64395265000000,0x051C,0x0104,-1,2,63,-18021,-18021,0,-43987,-43987,431607,44608446,1,0,0,0,3,4,0,0,0,15,15,0,1,431607,2,1,-10000,-10000,0,0,0,0,5,0,0,0,0,6,0x5AA5,-18021,-18021,0,0,36495,2,2,2,2,255,0,2,15,0,0,1,0,0,0,0,0,0,0,6,0,0,-18000,44608446
2026-09-25T07:24:57.136Z,64395781000000,0x051C,0x0104,-1,2,63,-23653,-23653,0,-43981,-43982,431612,44608947,1,0,0,0,3,4,0,0,0,15,15,0,1,431612,2,1,-10000,-10000,0,0,0,0,5,0,0,0,0,6,0x5AA5,-23653,-24779,0,0,36495,2,2,2,2,255,0,2,15,0,0,1,0,0,0,0,0,0,0,6,0,0,-23600,44608947
2026-09-25T07:24:57.611Z,64396250000000,0x051C,0x0104,-1,2,63,-18021,-18021,0,-43999,-43987,431617,44609448,1,0,0,0,3,4,0,0,0,15,15,0,1,431617,2,1,-10000,-10000,0,0,0,0,5,0,0,0,0,6,0x5AA5,-18021,-4505,0,0,36495,2,2,2,2,255,0,2,15,0,0,1,0,0,0,0,0,0,0,6,0,0,-18000,44609448
2026-09-25T07:24:58.143Z,64396781000000,0x051C,0x0104,-1,2,63,-14642,-14642,0,-43986,-43990,431622,44609949,1,0,0,0,3,4,0,0,0,15,15,0,1,431622,2,1,-10000,-10000,0,0,0,0,5,0,0,0,0,6,0x5AA5,-14642,-19148,0,0,36495,2,2,2,2,255,0,2,15,0,0,1,0,0,0,0,0,0,0,6,0,0,-14600,44609949
2026-09-25T07:24:58.617Z,64397265000000,0x051C,0x0104,-1,2,63,-19148,-19148,0,-43984,-43986,431627,44610450,1,0,0,0,3,4,0,0,0,15,15,0,1,431627,2,1,-10000,-10000,0,0,0,0,5,0,0,0,0,6,0x5AA5,-19148,-21400,0,0,36495,2,2,2,2,255,0,2,15,0,0,1,0,0,0,0,0,0,0,6,0,0,-19100,44610450
2026-09-25T07:24:59.135Z,64397781000000,0x051C,0x0104,-1,2,63,-16895,-16895,0,-43989,-43988,431632,44610951,1,0,0,0,3,4,0,0,0,15,15,0,1,431632,2,1,-10000,-10000,0,0,0,0,5,0,0,0,0,6,0x5AA5,-16895,-15769,0,0,36495,2,2,2,2,255,0,2,15,0,0,1,0,0,0,0,0,0,0,6,0,0,-16800,44610951
2026-09-25T07:24:59.610Z,64398250000000,0x051C,0x0104,-1,2,63,-10137,-10137,0,-44005,-43994,431637,44611453,1,0,0,0,3,4,0,0,0,15,15,0,1,431637,2,1,-10000,-10000,0,0,0,0,5,0,0,0,0,6,0x5AA5,-10137,2253,0,0,36496,2,2,2,4,255,0,4,15,0,0,1,0,0,0,0,0,0,0,6,0,0,-10100,44611453
2026-09-25T07:25:00.143Z,64398781000000,0x051C,0x0104,-1,2,63,-13516,-13516,0,-43979,-43991,431642,44611953,1,0,0,0,3,4,0,0,0,15,15,0,1,431642,2,1,-10000,-10000,0,0,0,0,5,0,0,0,0,6,0x5AA5,-13516,-27032,0,0,36497,2,2,2,2,255,0,2,15,0,0,1,0,0,0,0,0,0,0,6,0,0,-13500,44611953
2026-09-25T07:25:00.617Z,64399265000000,0x051C,0x0104,-1,2,63,-12390,-12390,0,-43991,-43992,431647,44612454,1,0,0,0,3,4,0,0,0,15,15,0,1,431647,2,1,-10000,-10000,0,0,0,0,5,0,0,0,0,6,0x5AA5,-12390,-13516,0,0,36497,2,2,2,2,255,0,2,15,0,0,1,0,0,0,0,0,0,0,6,0,0,-12300,44612454
2026-09-25T07:25:01.133Z,64399781000000,0x051C,0x0104,-1,2,63,-7884,-7884,0,-43991,-43996,431652,44612955,1,0,0,0,3,4,0,0,0,15,15,0,1,431652,2,1,-10000,-10000,0,0,0,0,5,0,0,0,0,6,0x5AA5,-7884,-13516,0,0,36499,2,2,2,2,255,0,2,15,0,0,1,0,0,0,0,0,0,0,6,0,0,-7800,44612955
2026-09-25T07:25:01.607Z,64400250000000,0x051C,0x0104,-1,2,63,-11263,-11263,0,-43999,-43993,431657,44613456,1,0,0,0,3,4,0,0,0,15,15,0,1,431657,2,1,-10000,-10000,0,0,0,0,5,0,0,0,0,6,0x5AA5,-11263,-4505,0,0,36499,2,2,2,2,255,0,2,15,0,0,1,0,0,0,0,0,0,0,6,0,0,-11200,44613456
2026-09-25T07:25:02.138Z,64400781000000,0x051C,0x0104,-1,2,63,-9011,-9011,0,-43989,-43995,431662,44613957,1,0,0,0,3,4,0,0,0,15,15,0,1,431662,2,1,-10000,-10000,0,0,0,0,5,0,0,0,0,6,0x5AA5,-9011,-15769,0,0,36499,2,2,2,2,255,0,2,15,0,0,1,0,0,0,0,0,0,0,6,0,0,-9000,44613957
2026-09-25T07:25:02.612Z,64401250000000,0x051C,0x0104,-1,2,63,-15769,-15769,0,-44003,-43989,431667,44614457,1,0,0,0,3,4,0,0,0,15,15,0,1,431667,2,1,-10000,-10000,0,0,0,0,5,0,0,0,0,6,0x5AA5,-15769,0,0,0,36499,2,2,2,2,255,0,2,15,0,0,1,0,0,0,0,0,0,0,6,0,0,-15700,44614457
2026-09-25T07:25:03.145Z,64401796000000,0x051C,0x0104,-1,2,63,-10137,-10137,0,-43999,-43994,431672,44614958,1,0,0,0,3,4,0,0,0,15,15,0,1,431672,2,1,-10000,-10000,0,0,0,0,5,0,0,0,0,6,0x5AA5,-10137,-4505,0,0,36501,2,2,2,2,255,0,2,15,0,0,1,0,0,0,0,0,0,0,6,0,0,-10100,44614958
2026-09-25T07:25:03.621Z,64402265000000,0x051C,0x0104,-1,2,63,-5632,-5632,0,-43994,-43998,431677,44615459,1,0,0,0,3,4,0,0,0,15,15,0,1,431677,2,1,-10000,-10000,0,0,0,0,5,0,0,0,0,6,0x5AA5,-5632,-10137,0,0,36505,2,2,2,2,255,0,2,15,0,0,1,0,0,0,0,0,0,0,6,0,0,-5600,44615459
2026-09-25T07:25:04.153Z,64402796000000,0x051C,0x0104,-1,2,63,-6758,-6758,0,-43975,-43997,431682,44615960,1,0,0,0,3,4,0,0,0,15,15,0,1,431682,2,1,-10000,-10000,0,0,0,0,5,0,0,0,0,6,0x5AA5,-6758,-31537,0,0,36507,2,2,2,2,255,0,2,15,0,0,1,0,0,0,0,0,0,0,6,0,0,-6700,44615960
2026-09-25T07:25:04.628Z,64403265000000,0x051C,0x0104,-1,2,63,-6758,-6758,0,-43999,-43997,431687,44616461,1,0,0,0,3,4,0,0,0,15,15,0,1,431687,2,1,-10000,-10000,0,0,0,0,5,0,0,0,0,6,0x5AA5,-6758,-4505,0,0,36509,2,2,2,2,255,0,2,15,0,0,1,0,0,0,0,0,0,0,6,0,0,-6700,44616461
2026-09-25T07:25:05.160Z,64403812000000,0x051C,0x0104,-1,2,63,-9011,-9011,0,-43996,-43995,431692,44616962,1,0,0,0,3,4,0,0,0,15,15,0,1,431692,2,1,-10000,-10000,0,0,0,0,5,0,0,0,0,6,0x5AA5,-9011,-7884,0,0,36509,2,2,2,2,255,0,2,15,0,0,1,0,0,0,0,0,0,0,6,0,0,-9000,44616962
2026-09-25T07:25:05.638Z,64404281000000,0x051C,0x0104,-1,2,63,-5632,-5632,0,-43994,-43998,431697,44617463,1,0,0,0,3,4,0,0,0,15,15,0,1,431697,2,1,-10000,-10000,0,0,0,0,5,0,0,0,0,6,0x5AA5,-5632,-10137,0,0,36511,2,2,2,2,255,0,2,15,0,0,1,0,0,0,0,0,0,0,6,0,0,-5600,44617463
2026-09-25T07:25:06.172Z,64404812000000,0x051C,0x0104,-1,2,63,-13516,-13516,0,-43984,-43991,431702,44617964,1,0,0,0,3,4,0,0,0,15,15,0,1,431702,2,1,-10000,-10000,0,0,0,0,5,0,0,0,0,6,0x5AA5,-13516,-21400,0,0,36511,2,2,2,2,255,0,2,15,0,0,1,0,0,0,0,0,0,0,6,0,0,-13500,44617964
2026-09-25T07:25:06.648Z,64405296000000,0x051C,0x0104,-1,2,63,-18021,-18021,0,-43987,-43987,431707,44618465,1,0,0,0,3,4,0,0,0,15,15,0,1,431707,2,1,-10000,-10000,0,0,0,0,5,0,0,0,0,6,0x5AA5,-18021,-18021,0,0,36511,2,2,2,2,255,0,2,15,0,0,1,0,0,0,0,0,0,0,6,0,0,-18000,44618465
2026-09-25T07:25:07.165Z,64405812000000,0x051C,0x0104,-1,2,63,-12390,-12390,0,-43988,-43992,431712,44618966,1,0,0,0,3,4,0,0,0,15,15,0,1,431712,2,1,-10000,-10000,0,0,0,0,5,0,0,0,0,6,0x5AA5,-12390,-16895,0,0,36513,2,2,2,2,255,0,2,15,0,0,1,0,0,0,0,0,0,0,6,0,0,-12300,44618966
2026-09-25T07:25:07.647Z,64406296000000,0x051C,0x0104,-1,2,63,-14642,-14642,0,-43993,-43990,431717,44619467,1,0,0,0,3,4,0,0,0,15,15,0,1,431717,2,1,-10000,-10000,0,0,0,0,5,0,0,0,0,6,0x5AA5,-14642,-11263,0,0,36513,2,2,2,2,255,0,2,15,0,0,1,0,0,0,0,0,0,0,6,0,0,-14600,44619467
2026-09-25T07:25:08.169Z,64406812000000,0x051C,0x0104,-1,2,63,-10137,-10137,0,-43995,-43994,431722,44619968,1,0,0,0,3,4,0,0,0,15,15,0,1,431722,2,1,-10000,-10000,0,0,0,0,5,0,0,0,0,6,0x5AA5,-10137,-9011,0,0,36513,2,2,2,2,255,0,2,15,0,0,1,0,0,0,0,0,0,0,6,0,0,-10100,44619968
2026-09-25T07:25:08.647Z,64407296000000,0x051C,0x0104,-1,2,63,-14642,-14642,0,-43972,-43990,431727,44620469,1,0,0,0,3,4,0,0,0,15,15,0,1,431727,2,1,-10000,-10000,0,0,0,0,5,0,0,0,0,6,0x5AA5,-14642,-34916,0,0,36513,2,2,2,2,255,0,2,15,0,0,1,0,0,0,0,0,0,0,6,0,0,-14600,44620469
2026-09-25T07:25:09.164Z,64407812000000,0x051C,0x0104,-1,2,63,-9011,-9011,0,-44016,-43995,431732,44620970,1,0,0,0,3,4,0,0,0,15,15,0,1,431732,2,1,-10000,-10000,0,0,0,0,5,0,0,0,0,6,0x5AA5,-9011,14642,0,0,36516,2,2,2,4,255,0,4,15,0,0,1,0,0,0,0,0,0,0,6,0,0,-9000,44620970
2026-09-25T07:25:09.642Z,64408281000000,0x051C,0x0104,-1,2,63,-4505,-4505,0,-43993,-43999,431737,44621471,1,0,0,0,3,4,0,0,0,15,15,0,1,431737,2,1,-10000,-10000,0,0,0,0,5,0,0,0,0,6,0x5AA5,-4505,-11263,0,0,36519,2,2,2,2,255,0,2,15,0,0,1,0,0,0,0,0,0,0,6,0,0,-4500,44621471
2026-09-25T07:25:10.177Z,64408828000000,0x051C,0x0104,-1,2,63,-1126,-1126,0,-44000,-44002,431742,44621972,1,0,0,0,3,4,0,0,0,15,15,0,1,431742,2,1,-10000,-10000,0,0,0,0,5,0,0,0,0,6,0x5AA5,-1126,-3379,0,0,36521,2,2,2,2,255,0,2,15,0,0,1,0,0,0,0,0,0,0,6,0,0,-1100,44621972
2026-09-25T07:25:10.637Z,64409281000000,0x051C,0x0104,-1,2,63,-1126,-1126,0,-44005,-44002,431747,44622473,1,0,0,0,3,4,0,0,0,15,15,0,1,431747,2,1,-10000,-10000,0,0,0,0,5,0,0,0,0,6,0x5AA5,-1126,2253,0,0,36522,2,2,2,4,255,0,4,15,0,0,1,0,0,0,0,0,0,0,6,0,0,-1100,44622473
2026-09-25T07:25:11.170Z,64409812000000,0x051C,0x0104,-1,2,63,-4505,-4505,0,-43988,-43999,431752,44622973,1,0,0,0,3,4,0,0,0,15,15,0,1,431752,2,1,-10000,-10000,0,0,0,0,5,0,0,0,0,6,0x5AA5,-4505,-16895,0,0,36523,2,2,2,2,255,0,2,15,0,0,1,0,0,0,0,0,0,0,6,0,0,-4500,44622973
2026-09-25T07:25:11.647Z,64410296000000,0x051C,0x0104,-1,2,63,-1126,-1126,0,-44012,-44002,431757,44623474,1,0,0,0,3,4,0,0,0,15,15,0,1,431757,2,1,-10000,-10000,0,0,0,0,5,0,0,0,0,6,0x5AA5,-1126,10137,0,0,36526,2,2,2,4,255,0,4,15,0,0,1,0,0,0,0,0,0,0,6,0,0,-1100,44623474
2026-09-25T07:25:12.163Z,64410812000000,0x051C,0x0104,-1,2,63,-7884,-7884,0,-43972,-43996,431762,44623975,1,0,0,0,3,4,0,0,0,15,15,0,1,431762,2,1,-10000,-10000,0,0,0,0,5,0,0,0,0,6,0x5AA5,-7884,-34916,0,0,36527,2,2,2,2,255,0,2,15,0,0,1,0,0,0,0,0,0,0,6,0,0,-7800,44623975
2026-09-25T07:25:12.641Z,64411281000000,0x051C,0x0104,-1,2,63,-5632,-5632,0,-44013,-43998,431767,44624476,1,0,0,0,3,4,0,0,0,15,15,0,1,431767,2,1,-10000,-10000,0,0,0,0,5,0,0,0,0,6,0x5AA5,-5632,11263,0,0,36528,2,2,2,4,255,0,4,15,0,0,1,0,0,0,0,0,0,0,6,0,0,-5600,44624476
2026-09-25T07:25:13.173Z,64411812000000,0x051C,0x0104,-1,2,63,-2253,-2253,0,-44004,-44001,431772,44624977,1,0,0,0,3,4,0,0,0,15,15,0,1,431772,2,1,-10000,-10000,0,0,0,0,5,0,0,0,0,6,0x5AA5,-2253,1126,0,0,36532,2,2,2,4,255,0,4,15,0,0,1,0,0,0,0,0,0,0,6,0,0,-2200,44624977
2026-09-25T07:25:13.647Z,64412296000000,0x051C,0x0104,-1,2,63,-1126,-1126,0,-44006,-44002,431777,44625478,1,0,0,0,3,4,0,0,0,15,15,0,1,431777,2,1,-10000,-10000,0,0,0,0,5,0,0,0,0,6,0x5AA5,-1126,3379,0,0,36534,2,2,2,4,255,0,4,15,0,0,1,0,0,0,0,0,0,0,6,0,0,-1100,44625478
2026-09-25T07:25:14.166Z,64412812000000,0x051C,0x0104,-1,2,63,-1126,-1126,0,-44001,-44002,431782,44625979,1,0,0,0,3,4,0,0,0,15,15,0,1,431782,2,1,-10000,-10000,0,0,0,0,5,0,0,0,0,6,0x5AA5,-1126,-2253,0,0,36537,2,2,2,2,255,0,2,15,0,0,1,0,0,0,0,0,0,0,6,0,0,-1100,44625979
2026-09-25T07:25:14.644Z,64413281000000,0x051C,0x0104,-1,2,63,-6758,-6758,0,-43984,-43997,431787,44626479,1,0,0,0,3,4,0,0,0,15,15,0,1,431787,2,1,-10000,-10000,0,0,0,0,5,0,0,0,0,6,0x5AA5,-6758,-21400,0,0,36539,2,2,2,2,255,0,2,15,0,0,1,0,0,0,0,0,0,0,6,0,0,-6700,44626479
2026-09-25T07:25:15.176Z,64413828000000,0x051C,0x0104,-1,2,63,-4505,-4505,0,-43999,-43999,431792,44626980,1,0,0,0,3,4,0,0,0,15,15,0,1,431792,2,1,-10000,-10000,0,0,0,0,5,0,0,0,0,6,0x5AA5,-4505,-4505,0,0,36543,2,2,2,2,255,0,2,15,0,0,1,0,0,0,0,0,0,0,6,0,0,-4500,44626980
2026-09-25T07:25:15.651Z,64414296000000,0x051C,0x0104,-1,2,63,-5632,-5632,0,-43988,-43998,431797,44627481,1,0,0,0,3,4,0,0,0,15,15,0,1,431797,2,1,-10000,-10000,0,0,0,0,5,0,0,0,0,6,0x5AA5,-5632,-16895,0,0,36545,2,2,2,2,255,0,2,15,0,0,1,0,0,0,0,0,0,0,6,0,0,-5600,44627481
2026-09-25T07:25:16.187Z,64414828000000,0x051C,0x0104,-1,2,63,-4505,-4505,0,-43997,-43999,431802,44627982,1,0,0,0,3,4,0,0,0,15,15,0,1,431802,2,1,-10000,-10000,0,0,0,0,5,0,0,0,0,6,0x5AA5,-4505,-6758,0,0,36547,2,2,2,2,255,0,2,15,0,0,1,0,0,0,0,0,0,0,6,0,0,-4500,44627982
2026-09-25T07:25:16.663Z,64415312000000,0x051C,0x0104,-1,2,63,-9011,-9011,0,-43987,-43995,431807,44628483,1,0,0,0,3,4,0,0,0,15,15,0,1,431807,2,1,-10000,-10000,0,0,0,0,5,0,0,0,0,6,0x5AA5,-9011,-18021,0,0,36547,2,2,2,2,255,0,2,15,0,0,1,0,0,0,0,0,0,0,6,0,0,-9000,44628483
2026-09-25T07:25:17.183Z,64415828000000,0x051C,0x0104,-1,2,63,-10137,-10137,0,-44003,-43994,431812,44628984,1,0,0,0,3,4,0,0,0,15,15,0,1,431812,2,1,-10000,-10000,0,0,0,0,5,0,0,0,0,6,0x5AA5,-10137,0,0,0,36547,2,2,2,2,255,0,2,15,0,0,1,0,0,0,0,0,0,0,6,0,0,-10100,44628984
2026-09-25T07:25:17.658Z,64416296000000,0x051C,0x0104,-1,2,63,-12390,-12390,0,-43986,-43992,431817,44629485,1,0,0,0,3,4,0,0,0,15,15,0,1,431817,2,1,-10000,-10000,0,0,0,0,5,0,0,0,0,6,0x5AA5,-12390,-19148,0,0,36547,2,2,2,2,255,0,2,15,0,0,1,0,0,0,0,0,0,0,6,0,0,-12300,44629485
2026-09-25T07:25:18.190Z,64416828000000,0x051C,0x0104,-1,2,63,-14642,-14642,0,-44002,-43990,431822,44629986,1,0,0,0,3,4,0,0,0,15,15,0,1,431822,2,1,-10000,-10000,0,0,0,0,5,0,0,0,0,6,0x5AA5,-14642,-1126,0,0,36547,2,2,2,2,255,0,2,15,0,0,1,0,0,0,0,0,0,0,6,0,0,-14600,44629986
2026-09-25T07:25:18.664Z,64417312000000,0x051C,0x0104,-1,2,63,-12390,-12390,0,-43996,-43992,431827,44630487,1,0,0,0,3,4,0,0,0,15,15,0,1,431827,2,1,-10000,-10000,0,0,0,0,5,0,0,0,0,6,0x5AA5,-12390,-7884,0,0,36549,2,2,2,2,255,0,2,15,0,0,1,0,0,0,0,0,0,0,6,0,0,-12300,44630487
2026-09-25T07:25:19.183Z,64417828000000,0x051C,0x0104,-1,2,63,-4505,-4505,0,-44000,-43999,431832,44630987,1,0,0,0,3,4,0,0,0,15,15,0,1,431832,2,1,-10000,-10000,0,0,0,0,5,0,0,0,0,6,0x5AA5,-4505,-3379,0,0,36551,2,2,2,2,255,0,2,15,0,0,1,0,0,0,0,0,0,0,6,0,0,-4500,44630987
2026-09-25T07:25:19.658Z,64418296000000,0x051C,0x0104,-1,2,63,-5632,-5632,0,-43999,-43998,431837,44631488,1,0,0,0,3,4,0,0,0,15,15,0,1,431837,2,1,-10000,-10000,0,0,0,0,5,0,0,0,0,6,0x5AA5,-5632,-4505,0,0,36553,2,2,2,2,255,0,2,15,0,0,1,0,0,0,0,0,0,0,6,0,0,-5600,44631488
2026-09-25T07:25:20.191Z,64418843000000,0x051C,0x0104,-1,2,63,-6758,-6758,0,-43987,-43997,431842,44631989,1,0,0,0,3,4,0,0,0,15,15,0,1,431842,2,1,-10000,-10000,0,0,0,0,5,0,0,0,0,6,0x5AA5,-6758,-18021,0,0,36557,2,2,2,2,255,0,2,15,0,0,1,0,0,0,0,0,0,0,6,0,0,-6700,44631989
2026-09-25T07:25:20.650Z,64419296000000,0x051C,0x0104,-1,2,63,-9011,-9011,0,-43995,-43995,431847,44632490,1,0,0,0,3,4,0,0,0,15,15,0,1,431847,2,1,-10000,-10000,0,0,0,0,5,0,0,0,0,6,0x5AA5,-9011,-9011,0,0,36557,2,2,2,2,255,0,2,15,0,0,1,0,0,0,0,0,0,0,6,0,0,-9000,44632490
2026-09-25T07:25:21.185Z,64419828000000,0x051C,0x0104,-1,2,63,-6758,-6758,0,-43999,-43997,431852,44632991,1,0,0,0,3,4,0,0,0,15,15,0,1,431852,2,1,-10000,-10000,0,0,0,0,5,0,0,0,0,6,0x5AA5,-6758,-4505,0,0,36559,2,2,2,2,255,0,2,15,0,0,1,0,0,0,0,0,0,0,6,0,0,-6700,44632991
2026-09-25T07:25:21.661Z,64420312000000,0x051C,0x0104,-1,2,63,-14642,-14642,0,-43989,-43990,431857,44633493,1,0,0,0,3,4,0,0,0,15,15,0,1,431857,2,1,-10000,-10000,0,0,0,0,5,0,0,0,0,6,0x5AA5,-14642,-15769,0,0,36559,2,2,2,2,255,0,2,15,0,0,1,0,0,0,0,0,0,0,6,0,0,-14600,44633493
2026-09-25T07:25:22.178Z,64420828000000,0x051C,0x0104,-1,2,63,-10137,-10137,0,-44009,-43994,431862,44633993,1,0,0,0,3,4,0,0,0,15,15,0,1,431862,2,1,-10000,-10000,0,0,0,0,5,0,0,0,0,6,0x5AA5,-10137,6758,0,0,36560,2,2,2,4,255,0,4,15,0,0,1,0,0,0,0,0,0,0,6,0,0,-10100,44633993
2026-09-25T07:25:22.654Z,64421296000000,0x051C,0x0104,-1,2,63,-5632,-5632,0,-43995,-43998,431867,44634494,1,0,0,0,3,4,0,0,0,15,15,0,1,431867,2,1,-10000,-10000,0,0,0,0,5,0,0,0,0,6,0x5AA5,-5632,-9011,0,0,36563,2,2,2,2,255,0,2,15,0,0,1,0,0,0,0,0,0,0,6,0,0,-5600,44634494
2026-09-25T07:25:23.187Z,64421828000000,0x051C,0x0104,-1,2,63,-4505,-4505,0,-44015,-43999,431872,44634994,1,0,0,0,3,4,0,0,0,15,15,0,1,431872,2,1,-10000,-10000,0,0,0,0,5,0,0,0,0,6,0x5AA5,-4505,13516,0,0,36564,2,2,2,4,255,0,4,15,0,0,1,0,0,0,0,0,0,0,6,0,0,-4500,44634994
2026-09-25T07:25:23.663Z,64422312000000,0x051C,0x0104,-1,2,63,0,0,0,-43995,-44003,431877,44635495,1,0,0,0,3,4,0,0,0,15,15,0,1,431877,2,1,-10000,-10000,0,0,0,0,5,0,0,0,0,6,0x5AA5,0,-9011,0,0,36565,2,3,2,2,255,0,2,15,0,0,1,0,0,0,0,0,0,0,6,0,0,0,44635495
2026-09-25T07:25:24.181Z,64422828000000,0x051C,0x0104,-1,2,63,-3379,-3379,0,-44003,-44000,431882,44635996,1,0,0,0,3,4,0,0,0,15,15,0,1,431882,2,1,-10000,-10000,0,0,0,0,5,0,0,0,0,6,0x5AA5,-3379,0,0,0,36566,2,2,2,4,255,0,4,15,0,0,1,0,0,0,0,0,0,0,6,0,0,-3300,44635996
2026-09-25T07:25:24.657Z,64423296000000,0x051C,0x0104,-1,2,63,-5632,-5632,0,-43993,-43998,431887,44636497,1,0,0,0,3,4,0,0,0,15,15,0,1,431887,2,1,-10000,-10000,0,0,0,0,5,0,0,0,0,6,0x5AA5,-5632,-11263,0,0,36569,2,2,2,2,255,0,2,15,0,0,1,0,0,0,0,0,0,0,6,0,0,-5600,44636497
2026-09-25T07:25:25.190Z,64423828000000,0x051C,0x0104,-1,2,63,-7884,-7884,0,-43992,-43996,431892,44636998,1,0,0,0,3,4,0,0,0,15,15,0,1,431892,2,1,-10000,-10000,0,0,0,0,5,0,0,0,0,6,0x5AA5,-7884,-12390,0,0,36569,2,2,2,2,255,0,2,15,0,0,1,0,0,0,0,0,0,0,6,0,0,-7800,44636998
2026-09-25T07:25:25.667Z,64424312000000,0x051C,0x0104,-1,2,63,-11263,-11263,0,-43979,-43993,431897,44637499,1,0,0,0,3,4,0,0,0,15,15,0,1,431897,2,1,-10000,-10000,0,0,0,0,5,0,0,0,0,6,0x5AA5,-11263,-27032,0,0,36571,2,2,2,2,255,0,2,15,0,0,1,0,0,0,0,0,0,0,6,0,0,-11200,44637499
2026-09-25T07:25:26.201Z,64424843000000,0x051C,0x0104,-1,2,63,-15769,-15769,0,-43995,-43989,431902,44638000,1,0,0,0,3,4,0,0,0,15,15,0,1,431902,2,1,-10000,-10000,0,0,0,0,5,0,0,0,0,6,0x5AA5,-15769,-9011,0,0,36571,2,2,2,2,255,0,2,15,0,0,1,0,0,0,0,0,0,0,6,0,0,-15700,44638000
2026-09-25T07:25:26.677Z,64425328000000,0x051C,0x0104,-1,2,63,-22527,-22527,0,-43972,-43983,431907,44638501,1,0,0,0,3,4,0,0,0,15,15,0,1,431907,2,1,-10000,-10000,0,0,0,0,5,0,0,0,0,6,0x5AA5,-22527,-34916,0,0,36571,2,2,2,2,255,0,2,15,0,0,1,0,0,0,0,0,0,0,6,0,0,-22500,44638501
2026-09-25T07:25:27.196Z,64425843000000,0x051C,0x0104,-1,2,63,-23653,-23653,0,-43987,-43982,431912,44639002,1,0,0,0,3,4,0,0,0,15,15,0,1,431912,2,1,-10000,-10000,0,0,0,0,5,0,0,0,0,6,0x5AA5,-23653,-18021,0,0,36571,2,2,2,2,255,0,2,15,0,0,1,0,0,0,0,0,0,0,6,0,0,-23600,44639002
2026-09-25T07:25:27.674Z,64426312000000,0x051C,0x0104,-1,2,63,-19148,-19148,0,-43985,-43986,431917,44639502,1,0,0,0,3,4,0,0,0,15,15,0,1,431917,2,1,-10000,-10000,0,0,0,0,5,0,0,0,0,6,0x5AA5,-19148,-20274,0,0,36571,2,2,2,2,255,0,2,15,0,0,1,0,0,0,0,0,0,0,6,0,0,-19100,44639502
2026-09-25T07:25:28.207Z,64426859000000,0x051C,0x0104,-1,2,63,-13516,-13516,0,-43994,-43991,431922,44640003,1,0,0,0,3,4,0,0,0,15,15,0,1,431922,2,1,-10000,-10000,0,0,0,0,5,0,0,0,0,6,0x5AA5,-13516,-10137,0,0,36573,2,2,2,2,255,0,2,15,0,0,1,0,0,0,0,0,0,0,6,0,0,-13500,44640003
2026-09-25T07:25:28.682Z,64427328000000,0x051C,0x0104,-1,2,63,-10137,-10137,0,-43996,-43994,431927,44640504,1,0,0,0,3,4,0,0,0,15,15,0,1,431927,2,1,-10000,-10000,0,0,0,0,5,0,0,0,0,6,0x5AA5,-10137,-7884,0,0,36575,2,2,2,2,255,0,2,15,0,0,1,0,0,0,0,0,0,0,6,0,0,-10100,44640504
2026-09-25T07:25:29.215Z,64427859000000,0x051C,0x0104,-1,2,63,-14642,-14642,0,-43997,-43990,431932,44641005,1,0,0,0,3,4,0,0,0,15,15,0,1,431932,2,1,-10000,-10000,0,0,0,0,5,0,0,0,0,6,0x5AA5,-14642,-6758,0,0,36575,2,2,2,2,255,0,2,15,0,0,1,0,0,0,0,0,0,0,6,0,0,-14600,44641005
2026-09-25T07:25:29.690Z,64428328000000,0x051C,0x0104,-1,2,63,-13516,-13516,0,-44001,-43991,431937,44641506,1,0,0,0,3,4,0,0,0,15,15,0,1,431937,2,1,-10000,-10000,0,0,0,0,5,0,0,0,0,6,0x5AA5,-13516,-2253,0,0,36577,2,2,2,2,255,0,2,15,0,0,1,0,0,0,0,0,0,0,6,0,0,-13500,44641506
2026-09-25T07:25:30.222Z,64428875000000,0x051C,0x0104,-1,2,63,-16895,-16895,0,-43998,-43988,431942,44642007,1,0,0,0,3,4,0,0,0,15,15,0,1,431942,2,1,-10000,-10000,0,0,0,0,5,0,0,0,0,6,0x5AA5,-16895,-5632,0,0,36577,2,2,2,2,255,0,2,15,0,0,1,0,0,0,0,0,0,0,6,0,0,-16800,44642007
2026-09-25T07:25:30.680Z,64429328000000,0x051C,0x0104,-1,2,63,-15769,-15769,0,-43982,-43989,431947,44642508,1,0,0,0,3,4,0,0,0,15,15,0,1,431947,2,1,-10000,-10000,0,0,0,0,5,0,0,0,0,6,0x5AA5,-15769,-23653,0,0,36579,2,2,2,2,255,0,2,15,0,0,1,0,0,0,0,0,0,0,6,0,0,-15700,44642508
2026-09-25T07:25:31.214Z,64429859000000,0x051C,0x0104,-1,2,63,-22527,-22527,0,-43977,-43983,431952,44643008,1,0,0,0,3,4,0,0,0,15,15,0,1,431952,2,1,-10000,-10000,0,0,0,0,5,0,0,0,0,6,0x5AA5,-22527,-29285,0,0,36579,2,2,2,2,255,0,2,15,0,0,1,0,0,0,0,0,0,0,6,0,0,-22500,44643008
2026-09-25T07:25:31.689Z,64430328000000,0x051C,0x0104,-1,2,63,-16895,-16895,0,-43980,-43988,431957,44643509,1,0,0,0,3,4,0,0,0,15,15,0,1,431957,2,1,-10000,-10000,0,0,0,0,5,0,0,0,0,6,0x5AA5,-16895,-25906,0,0,36579,2,2,2,2,255,0,2,15,0,0,1,0,0,0,0,0,0,0,6,0,0,-16800,44643509
2026-09-25T07:25:32.221Z,64430859000000,0x051C,0x0104,-1,2,63,-16895,-16895,0,-43985,-43988,431962,44644010,1,0,0,0,3,4,0,0,0,15,15,0,1,431962,2,1,-10000,-10000,0,0,0,0,5,0,0,0,0,6,0x5AA5,-16895,-20274,0,0,36579,2,2,2,2,255,0,2,15,0,0,1,0,0,0,0,0,0,0,6,0,0,-16800,44644010
2026-09-25T07:25:32.681Z,64431328000000,0x051C,0x0104,-1,2,63,-12390,-12390,0,-43997,-43992,431967,44644511,1,0,0,0,3,4,0,0,0,15,15,0,1,431967,2,1,-10000,-10000,0,0,0,0,5,0,0,0,0,6,0x5AA5,-12390,-6758,0,0,36581,2,2,2,2,255,0,2,15,0,0,1,0,0,0,0,0,0,0,6,0,0,-12300,44644511
2026-09-25T07:25:33.212Z,64431859000000,0x051C,0x0104,-1,2,63,-7884,-7884,0,-44000,-43996,431972,44645013,1,0,0,0,3,4,0,0,0,15,15,0,1,431972,2,1,-10000,-10000,0,0,0,0,5,0,0,0,0,6,0x5AA5,-7884,-3379,0,0,36583,2,2,2,2,255,0,2,15,0,0,1,0,0,0,0,0,0,0,6,0,0,-7800,44645013
2026-09-25T07:25:33.688Z,64432328000000,0x051C,0x0104,-1,2,63,-9011,-9011,0,-43990,-43995,431977,44645513,1,0,0,0,3,4,0,0,0,15,15,0,1,431977,2,1,-10000,-10000,0,0,0,0,5,0,0,0,0,6,0x5AA5,-9011,-14642,0,0,36583,2,2,2,2,255,0,2,15,0,0,1,0,0,0,0,0,0,0,6,0,0,-9000,44645513
2026-09-25T07:25:34.222Z,64432875000000,0x051C,0x0104,-1,2,63,-13516,-13516,0,-43977,-43991,431982,44646014,1,0,0,0,3,4,0,0,0,15,15,0,1,431982,2,1,-10000,-10000,0,0,0,0,5,0,0,0,0,6,0x5AA5,-13516,-29285,0,0,36585,2,2,2,2,255,0,2,15,0,0,1,0,0,0,0,0,0,0,6,0,0,-13500,44646014
2026-09-25T07:25:34.682Z,64433328000000,0x051C,0x0104,-1,2,63,-16895,-16895,0,-43969,-43988,431987,44646514,1,0,0,0,3,4,0,0,0,15,15,0,1,431987,2,1,-10000,-10000,0,0,0,0,5,0,0,0,0,6,0x5AA5,-16895,-38295,0,0,36585,2,2,2,2,255,0,2,15,0,0,1,0,0,0,0,0,0,0,6,0,0,-16800,44646514
2026-09-25T07:25:35.216Z,64433859000000,0x051C,0x0104,-1,2,63,-13516,-13516,0,-44006,-43991,431992,44647015,1,0,0,0,3,4,0,0,0,15,15,0,1,431992,2,1,-10000,-10000,0,0,0,0,5,0,0,0,0,6,0x5AA5,-13516,3379,0,0,36586,2,2,2,4,255,0,4,15,0,0,1,0,0,0,0,0,0,0,6,0,0,-13500,44647015
2026-09-25T07:25:35.691Z,64434343000000,0x051C,0x0104,-1,2,63,-12390,-12390,0,-43994,-43992,431997,44647516,1,0,0,0,3,4,0,0,0,15,15,0,1,431997,2,1,-10000,-10000,0,0,0,0,5,0,0,0,0,6,0x5AA5,-12390,-10137,0,0,36587,2,2,2,2,255,0,2,15,0,0,1,0,0,0,0,0,0,0,6,0,0,-12300,44647516
2026-09-25T07:25:36.208Z,64434859000000,0x051C,0x0104,-1,2,63,-12390,-12390,0,-43989,-43992,432002,44648017,1,0,0,0,3,4,0,0,0,15,15,0,1,432002,2,1,-10000,-10000,0,0,0,0,5,0,0,0,0,6,0x5AA5,-12390,-15769,0,0,36589,2,2,2,2,255,0,2,15,0,0,1,0,0,0,0,0,0,0,6,0,0,-12300,44648017
2026-09-25T07:25:36.683Z,64435328000000,0x051C,0x0104,-1,2,63,-12390,-12390,0,-44006,-43992,432007,44648518,1,0,0,0,3,4,0,0,0,15,15,0,1,432007,2,1,-10000,-10000,0,0,0,0,5,0,0,0,0,6,0x5AA5,-12390,3379,0,0,36590,2,2,2,4,255,0,4,15,0,0,1,0,0,0,0,0,0,0,6,0,0,-12300,44648518
2026-09-25T07:25:37.216Z,64435859000000,0x051C,0x0104,-1,2,63,-12390,-12390,0,-43979,-43992,432012,44649019,1,0,0,0,3,4,0,0,0,15,15,0,1,432012,2,1,-10000,-10000,0,0,0,0,5,0,0,0,0,6,0x5AA5,-12390,-27032,0,0,36591,2,2,2,2,255,0,2,15,0,0,1,0,0,0,0,0,0,0,6,0,0,-12300,44649019
2026-09-25T07:25:37.690Z,64436328000000,0x051C,0x0104,-1,2,63,-11263,-11263,0,-43983,-43993,432017,44649520,1,0,0,0,3,4,0,0,0,15,15,0,1,432017,2,1,-10000,-10000,0,0,0,0,5,0,0,0,0,6,0x5AA5,-11263,-22527,0,0,36591,2,2,2,2,255,0,2,15,0,0,1,0,0,0,0,0,0,0,6,0,0,-11200,44649520
2026-09-25T07:25:38.226Z,64436875000000,0x051C,0x0104,-1,2,63,-10137,-10137,0,-44006,-43994,432022,44650020,1,0,0,0,3,4,0,0,0,15,15,0,1,432022,2,1,-10000,-10000,0,0,0,0,5,0,0,0,0,6,0x5AA5,-10137,3379,0,0,36592,2,2,2,4,255,0,4,15,0,0,1,0,0,0,0,0,0,0,6,0,0,-10100,44650020
2026-09-25T07:25:38.701Z,64437343000000,0x051C,0x0104,-1,2,63,-12390,-12390,0,-43978,-43992,432027,44650521,1,0,0,0,3,4,0,0,0,15,15,0,1,432027,2,1,-10000,-10000,0,0,0,0,5,0,0,0,0,6,0x5AA5,-12390,-28158,0,0,36593,2,2,2,2,255,0,2,15,0,0,1,0,0,0,0,0,0,0,6,0,0,-12300,44650521
2026-09-25T07:25:39.235Z,64437875000000,0x051C,0x0104,-1,2,63,-13516,-13516,0,-44006,-43991,432032,44651022,1,0,0,0,3,4,0,0,0,15,15,0,1,432032,2,1,-10000,-10000,0,0,0,0,5,0,0,0,0,6,0x5AA5,-13516,3379,0,0,36594,2,2,2,4,255,0,4,15,0,0,1,0,0,0,0,0,0,0,6,0,0,-13500,44651022
2026-09-25T07:25:39.709Z,64438359000000,0x051C,0x0104,-1,2,63,-9011,-9011,0,-43998,-43995,432037,44651523,1,0,0,0,3,4,0,0,0,15,15,0,1,432037,2,1,-10000,-10000,0,0,0,0,5,0,0,0,0,6,0x5AA5,-9011,-5632,0,0,36595,2,2,2,2,255,0,2,15,0,0,1,0,0,0,0,0,0,0,6,0,0,-9000,44651523
2026-09-25T07:25:40.227Z,64438875000000,0x051C,0x0104,-1,2,63,-12390,-12390,0,-43985,-43992,432042,44652024,1,0,0,0,3,4,0,0,0,15,15,0,1,432042,2,1,-10000,-10000,0,0,0,0,5,0,0,0,0,6,0x5AA5,-12390,-20274,0,0,36595,2,2,2,2,255,0,2,15,0,0,1,0,0,0,0,0,0,0,6,0,0,-12300,44652024
2026-09-25T07:25:40.700Z,64439343000000,0x051C,0x0104,-1,2,63,-18021,-18021,0,-43966,-43987,432047,44652525,1,0,0,0,3,4,0,0,0,15,15,0,1,432047,2,1,-10000,-10000,0,0,0,0,5,0,0,0,0,6,0x5AA5,-18021,-41674,0,0,36595,2,2,2,2,255,0,2,15,0,0,1,0,0,0,0,0,0,0,6,0,0,-18000,44652525
2026-09-25T07:25:41.235Z,64439875000000,0x051C,0x0104,-1,2,63,-18021,-18021,0,-43988,-43987,432052,44653026,1,0,0,0,3,4,0,0,0,15,15,0,1,432052,2,1,-10000,-10000,0,0,0,0,5,0,0,0,0,6,0x5AA5,-18021,-16895,0,0,36595,2,2,2,2,255,0,2,15,0,0,1,0,0,0,0,0,0,0,6,0,0,-18000,44653026
2026-09-25T07:25:41.709Z,64440359000000,0x051C,0x0104,-1,2,63,-18021,-18021,0,-43996,-43987,432057,44653527,1,0,0,0,3,4,0,0,0,15,15,0,1,432057,2,1,-10000,-10000,0,0,0,0,5,0,0,0,0,6,0x5AA5,-18021,-7884,0,0,36595,2,2,2,2,255,0,2,15,0,0,1,0,0,0,0,0,0,0,6,0,0,-18000,44653527
2026-09-25T07:25:42.227Z,64440875000000,0x051C,0x0104,-1,2,63,-19148,-19148,0,-43998,-43986,432062,44654027,1,0,0,0,3,4,0,0,0,15,15,0,1,432062,2,1,-10000,-10000,0,0,0,0,5,0,0,0,0,6,0x5AA5,-19148,-5632,0,0,36595,2,2,2,2,255,0,2,15,0,0,1,0,0,0,0,0,0,0,6,0,0,-19100,44654027
2026-09-25T07:25:42.701Z,64441343000000,0x051C,0x0104,-1,2,63,-12390,-12390,0,-43987,-43992,432067,44654528,1,0,0,0,3,4,0,0,0,15,15,0,1,432067,2,1,-10000,-10000,0,0,0,0,5,0,0,0,0,6,0x5AA5,-12390,-18021,0,0,36597,2,2,2,2,255,0,2,15,0,0,1,0,0,0,0,0,0,0,6,0,0,-12300,44654528
2026-09-25T07:25:43.234Z,64441875000000,0x051C,0x0104,-1,2,63,-12390,-12390,0,-43996,-43992,432072,44655029,1,0,0,0,3,4,0,0,0,15,15,0,1,432072,2,1,-10000,-10000,0,0,0,0,5,0,0,0,0,6,0x5AA5,-12390,-7884,0,0,36599,2,2,2,2,255,0,2,15,0,0,1,0,0,0,0,0,0,0,6,0,0,-12300,44655029
2026-09-25T07:25:43.709Z,64442359000000,0x051C,0x0104,-1,2,63,-11263,-11263,0,-44009,-43993,432077,44655530,1,0,0,0,3,4,0,0,0,15,15,0,1,432077,2,1,-10000,-10000,0,0,0,0,5,0,0,0,0,6,0x5AA5,-11263,6758,0,0,36600,2,2,2,4,255,0,4,15,0,0,1,0,0,0,0,0,0,0,6,0,0,-11200,44655530
2026-09-25T07:25:44.225Z,64442875000000,0x051C,0x0104,-1,2,63,-11263,-11263,0,-44002,-43993,432082,44656031,1,0,0,0,3,4,0,0,0,15,15,0,1,432082,2,1,-10000,-10000,0,0,0,0,5,0,0,0,0,6,0x5AA5,-11263,-1126,0,0,36601,2,2,2,2,255,0,2,15,0,0,1,0,0,0,0,0,0,0,6,0,0,-11200,44656031
2026-09-25T07:25:44.699Z,64443343000000,0x051C,0x0104,-1,2,63,-12390,-12390,0,-44012,-43992,432087,44656533,1,0,0,0,3,4,0,0,0,15,15,0,1,432087,2,1,-10000,-10000,0,0,0,0,5,0,0,0,0,6,0x5AA5,-12390,10137,0,0,36602,2,2,2,4,255,0,4,15,0,0,1,0,0,0,0,0,0,0,6,0,0,-12300,44656533
2026-09-25T07:25:45.232Z,64443875000000,0x051C,0x0104,-1,2,63,-4505,-4505,0,-43991,-43999,432092,44657033,1,0,0,0,3,4,0,0,0,15,15,0,1,432092,2,1,-10000,-10000,0,0,0,0,5,0,0,0,0,6,0x5AA5,-4505,-13516,0,0,36603,2,2,2,2,255,0,2,15,0,0,1,0,0,0,0,0,0,0,6,0,0,-4500,44657033
2026-09-25T07:25:45.706Z,64444343000000,0x051C,0x0104,-1,2,63,-5632,-5632,0,-43988,-43998,432097,44657534,1,0,0,0,3,4,0,0,0,15,15,0,1,432097,2,1,-10000,-10000,0,0,0,0,5,0,0,0,0,6,0x5AA5,-5632,-16895,0,0,36603,2,2,2,2,255,0,2,15,0,0,1,0,0,0,0,0,0,0,6,0,0,-5600,44657534
2026-09-25T07:25:46.237Z,64444875000000,0x051C,0x0104,-1,2,63,-5632,-5632,0,-44003,-43998,432102,44658034,1,0,0,0,3,4,0,0,0,15,15,0,1,432102,2,1,-10000,-10000,0,0,0,0,5,0,0,0,0,6,0x5AA5,-5632,0,0,0,36603,2,2,2,2,255,0,2,15,0,0,1,0,0,0,0,0,0,0,6,0,0,-5600,44658034
2026-09-25T07:25:46.728Z,64445375000000,0x051C,0x0104,-1,2,63,-10137,-10137,0,-43975,-43994,432107,44658535,1,0,0,0,3,4,0,0,0,15,15,0,1,432107,2,1,-10000,-10000,0,0,0,0,5,0,0,0,0,6,0x5AA5,-10137,-31537,0,0,36603,2,2,2,2,255,0,2,15,0,0,1,0,0,0,0,0,0,0,6,0,0,-10100,44658535
2026-09-25T07:25:47.263Z,64445906000000,0x051C,0x0104,-1,2,63,-11263,-11263,0,-43996,-43993,432112,44659036,1,0,0,0,3,4,0,0,0,15,15,0,1,432112,2,1,-10000,-10000,0,0,0,0,5,0,0,0,0,6,0x5AA5,-11263,-7884,0,0,36603,2,2,2,2,255,0,2,15,0,0,1,0,0,0,0,0,0,0,6,0,0,-11200,44659036
2026-09-25T07:25:47.738Z,64446390000000,0x051C,0x0104,-1,2,63,-15769,-15769,0,-43993,-43989,432117,44659537,1,0,0,0,3,4,0,0,0,15,15,0,1,432117,2,1,-10000,-10000,0,0,0,0,5,0,0,0,0,6,0x5AA5,-15769,-11263,0,0,36603,2,2,2,2,255,0,2,15,0,0,1,0,0,0,0,0,0,0,6,0,0,-15700,44659537
2026-09-25T07:25:48.254Z,64446906000000,0x051C,0x0104,-1,2,63,-14642,-14642,0,-44003,-43990,432122,44660038,1,0,0,0,3,4,0,0,0,15,15,0,1,432122,2,1,-10000,-10000,0,0,0,0,5,0,0,0,0,6,0x5AA5,-14642,0,0,0,36603,2,2,2,2,255,0,2,15,0,0,1,0,0,0,0,0,0,0,6,0,0,-14600,44660038
2026-09-25T07:25:48.729Z,64447375000000,0x051C,0x0104,-1,2,63,-9011,-9011,0,-43996,-43995,432127,44660539,1,0,0,0,3,4,0,0,0,15,15,0,1,432127,2,1,-10000,-10000,0,0,0,0,5,0,0,0,0,6,0x5AA5,-9011,-7884,0,0,36605,2,2,2,2,255,0,2,15,0,0,1,0,0,0,0,0,0,0,6,0,0,-9000,44660539
2026-09-25T07:25:49.265Z,64447906000000,0x051C,0x0104,-1,2,63,-12390,-12390,0,-43978,-43992,432132,44661039,1,0,0,0,3,4,0,0,0,15,15,0,1,432132,2,1,-10000,-10000,0,0,0,0,5,0,0,0,0,6,0x5AA5,-12390,-28158,0,0,36607,2,2,2,2,255,0,2,15,0,0,1,0,0,0,0,0,0,0,6,0,0,-12300,44661039
2026-09-25T07:25:49.739Z,64448390000000,0x051C,0x0104,-1,2,63,-18021,-18021,0,-43991,-43987,432137,44661540,1,0,0,0,3,4,0,0,0,15,15,0,1,432137,2,1,-10000,-10000,0,0,0,0,5,0,0,0,0,6,0x5AA5,-18021,-13516,0,0,36607,2,2,2,2,255,0,2,15,0,0,1,0,0,0,0,0,0,0,6,0,0,-18000,44661540
2026-09-25T07:25:50.257Z,64448906000000,0x051C,0x0104,-1,2,63,-18021,-18021,0,-43985,-43987,432142,44662041,1,0,0,0,3,4,0,0,0,15,15,0,1,432142,2,1,-10000,-10000,0,0,0,0,5,0,0,0,0,6,0x5AA5,-18021,-20274,0,0,36607,2,2,2,2,255,0,2,15,0,0,1,0,0,0,0,0,0,0,6,0,0,-18000,44662041
2026-09-25T07:25:50.731Z,64449375000000,0x051C,0x0104,-1,2,63,-19148,-19148,0,-43995,-43986,432147,44662542,1,0,0,0,3,4,0,0,0,15,15,0,1,432147,2,1,-10000,-10000,0,0,0,0,5,0,0,0,0,6,0x5AA5,-19148,-9011,0,0,36607,2,2,2,2,255,0,2,15,0,0,1,0,0,0,0,0,0,0,6,0,0,-19100,44662542
2026-09-25T07:25:51.267Z,64449906000000,0x051C,0x0104,-1,2,63,-13516,-13516,0,-43994,-43991,432152,44663043,1,0,0,0,3,4,0,0,0,15,15,0,1,432152,2,1,-10000,-10000,0,0,0,0,5,0,0,0,0,6,0x5AA5,-13516,-10137,0,0,36609,2,2,2,2,255,0,2,15,0,0,1,0,0,0,0,0,0,0,6,0,0,-13500,44663043
2026-09-25T07:25:51.741Z,64450390000000,0x051C,0x0104,-1,2,63,-19148,-19148,0,-43998,-43986,432157,44663544,1,0,0,0,3,4,0,0,0,15,15,0,1,432157,2,1,-10000,-10000,0,0,0,0,5,0,0,0,0,6,0x5AA5,-19148,-5632,0,0,36609,2,2,2,2,255,0,2,15,0,0,1,0,0,0,0,0,0,0,6,0,0,-19100,44663544
2026-09-25T07:25:52.257Z,64450906000000,0x051C,0x0104,-1,2,63,-15769,-15769,0,-44002,-43989,432162,44664045,1,0,0,0,3,4,0,0,0,15,15,0,1,432162,2,1,-10000,-10000,0,0,0,0,5,0,0,0,0,6,0x5AA5,-15769,-1126,0,0,36609,2,2,2,2,255,0,2,15,0,0,1,0,0,0,0,0,0,0,6,0,0,-15700,44664045
2026-09-25T07:25:52.731Z,64451375000000,0x051C,0x0104,-1,2,63,-2253,-2253,0,-44004,-44001,432167,44664546,1,0,0,0,3,4,0,0,0,15,15,0,1,432167,2,1,-10000,-10000,0,0,0,0,5,0,0,0,0,6,0x5AA5,-2253,1126,0,0,36610,2,2,2,4,255,0,4,15,0,0,1,0,0,0,0,0,0,0,6,0,0,-2200,44664546
2026-09-25T07:25:53.264Z,64451906000000,0x051C,0x0104,-1,2,63,1126,1126,0,-44011,-44004,432172,44665046,1,0,0,0,3,4,0,0,0,15,15,0,1,432172,2,1,-10000,-10000,0,0,0,0,5,0,0,0,0,6,0x5AA5,1126,9011,0,0,36612,2,4,2,4,255,0,4,15,0,0,1,0,0,0,0,0,0,0,6,0,0,1100,44665046
2026-09-25T07:25:53.740Z,64452390000000,0x051C,0x0104,-1,2,63,5632,5632,0,-44016,-44008,432177,44665547,1,0,0,0,3,4,0,0,0,15,15,0,1,432177,2,1,-10000,-10000,0,0,0,0,5,0,0,0,0,6,0x5AA5,5632,14642,0,0,36612,2,4,2,4,255,0,4,15,0,0,1,0,0,0,0,0,0,0,6,0,0,5600,44665547
2026-09-25T07:25:54.256Z,64452906000000,0x051C,0x0104,-1,2,63,1126,1126,0,-43987,-44004,432182,44666048,1,0,0,0,3,4,0,0,0,15,15,0,1,432182,2,1,-10000,-10000,0,0,0,0,5,0,0,0,0,6,0x5AA5,1126,-18021,0,0,36613,2,4,2,2,255,0,2,15,0,0,1,0,0,0,0,0,0,0,6,0,0,1100,44666048
2026-09-25T07:25:54.731Z,64453375000000,0x051C,0x0104,-1,2,63,-1126,-1126,0,-43997,-44002,432187,44666549,1,0,0,0,3,4,0,0,0,15,15,0,1,432187,2,1,-10000,-10000,0,0,0,0,5,0,0,0,0,6,0x5AA5,-1126,-6758,0,0,36615,2,2,2,2,255,0,2,15,0,0,1,0,0,0,0,0,0,0,6,0,0,-1100,44666549
2026-09-25T07:25:55.267Z,64453906000000,0x051C,0x0104,-1,2,63,-6758,-6758,0,-43999,-43997,432192,44667050,1,0,0,0,3,4,0,0,0,15,15,0,1,432192,2,1,-10000,-10000,0,0,0,0,5,0,0,0,0,6,0x5AA5,-6758,-4505,0,0,36617,2,2,2,2,255,0,2,15,0,0,1,0,0,0,0,0,0,0,6,0,0,-6700,44667050
2026-09-25T07:25:55.741Z,64454390000000,0x051C,0x0104,-1,2,63,-9011,-9011,0,-43994,-43995,432197,44667551,1,0,0,0,3,4,0,0,0,15,15,0,1,432197,2,1,-10000,-10000,0,0,0,0,5,0,0,0,0,6,0x5AA5,-9011,-10137,0,0,36619,2,2,2,2,255,0,2,15,0,0,1,0,0,0,0,0,0,0,6,0,0,-9000,44667551
2026-09-25T07:25:56.258Z,64454906000000,0x051C,0x0104,-1,2,63,-4505,-4505,0,-43995,-43999,432202,44668053,1,0,0,0,3,4,0,0,0,15,15,0,1,432202,2,1,-10000,-10000,0,0,0,0,5,0,0,0,0,6,0x5AA5,-4505,-9011,0,0,36621,2,2,2,2,255,0,2,15,0,0,1,0,0,0,0,0,0,0,6,0,0,-4500,44668053
2026-09-25T07:25:56.732Z,64455375000000,0x051C,0x0104,-1,2,63,-11263,-11263,0,-44008,-43993,432207,44668553,1,0,0,0,3,4,0,0,0,15,15,0,1,432207,2,1,-10000,-10000,0,0,0,0,5,0,0,0,0,6,0x5AA5,-11263,5632,0,0,36622,2,2,2,4,255,0,4,15,0,0,1,0,0,0,0,0,0,0,6,0,0,-11200,44668553
2026-09-25T07:25:57.266Z,64455906000000,0x051C,0x0104,-1,2,63,-2253,-2253,0,-44013,-44001,432212,44669054,1,0,0,0,3,4,0,0,0,15,15,0,1,432212,2,1,-10000,-10000,0,0,0,0,5,0,0,0,0,6,0x5AA5,-2253,11263,0,0,36626,2,2,2,4,255,0,4,15,0,0,1,0,0,0,0,0,0,0,6,0,0,-2200,44669054
2026-09-25T07:25:57.740Z,64456390000000,0x051C,0x0104,-1,2,63,-1126,-1126,0,-43997,-44002,432217,44669555,1,0,0,0,3,4,0,0,0,15,15,0,1,432217,2,1,-10000,-10000,0,0,0,0,5,0,0,0,0,6,0x5AA5,-1126,-6758,0,0,36627,2,2,2,2,255,0,2,15,0,0,1,0,0,0,0,0,0,0,6,0,0,-1100,44669555
2026-09-25T07:25:58.256Z,64456906000000,0x051C,0x0104,-1,2,63,0,0,0,-43988,-44003,432222,44670056,1,0,0,0,3,4,0,0,0,15,15,0,1,432222,2,1,-10000,-10000,0,0,0,0,5,0,0,0,0,6,0x5AA5,0,-16895,0,0,36629,2,3,2,2,255,0,2,15,0,0,1,0,0,0,0,0,0,0,6,0,0,0,44670056
2026-09-25T07:25:58.731Z,64457375000000,0x051C,0x0104,-1,2,63,-1126,-1126,0,-43980,-44002,432227,44670557,1,0,0,0,3,4,0,0,0,15,15,0,1,432227,2,1,-10000,-10000,0,0,0,0,5,0,0,0,0,6,0x5AA5,-1126,-25906,0,0,36631,2,2,2,2,255,0,2,15,0,0,1,0,0,0,0,0,0,0,6,0,0,-1100,44670557
2026-09-25T07:25:59.264Z,64457906000000,0x051C,0x0104,-1,2,63,-7884,-7884,0,-43991,-43996,432232,44671058,1,0,0,0,3,4,0,0,0,15,15,0,1,432232,2,1,-10000,-10000,0,0,0,0,5,0,0,0,0,6,0x5AA5,-7884,-13516,0,0,36633,2,2,2,2,255,0,2,15,0,0,1,0,0,0,0,0,0,0,6,0,0,-7800,44671058
2026-09-25T07:25:59.740Z,64458390000000,0x051C,0x0104,-1,2,63,-13516,-13516,0,-44003,-43991,432237,44671559,1,0,0,0,3,4,0,0,0,15,15,0,1,432237,2,1,-10000,-10000,0,0,0,0,5,0,0,0,0,6,0x5AA5,-13516,0,0,0,36635,2,2,2,2,255,0,2,15,0,0,1,0,0,0,0,0,0,0,6,0,0,-13500,44671559
2026-09-25T07:26:00.256Z,64458906000000,0x051C,0x0104,-1,2,63,-13516,-13516,0,-43990,-43991,432242,44672059,1,0,0,0,3,4,0,0,0,15,15,0,1,432242,2,1,-10000,-10000,0,0,0,0,5,0,0,0,0,6,0x5AA5,-13516,-14642,0,0,36635,2,2,2,2,255,0,2,15,0,0,1,0,0,0,0,0,0,0,6,0,0,-13500,44672059
2026-09-25T07:26:00.731Z,64459375000000,0x051C,0x0104,-1,2,63,-10137,-10137,0,-43987,-43994,432247,44672560,1,0,0,0,3,4,0,0,0,15,15,0,1,432247,2,1,-10000,-10000,0,0,0,0,5,0,0,0,0,6,0x5AA5,-10137,-18021,0,0,36637,2,2,2,2,255,0,2,15,0,0,1,0,0,0,0,0,0,0,6,0,0,-10100,44672560
2026-09-25T07:26:01.266Z,64459906000000,0x051C,0x0104,-1,2,63,-13516,-13516,0,-43995,-43991,432252,44673061,1,0,0,0,3,4,0,0,0,15,15,0,1,432252,2,1,-10000,-10000,0,0,0,0,5,0,0,0,0,6,0x5AA5,-13516,-9011,0,0,36637,2,2,2,2,255,0,2,15,0,0,1,0,0,0,0,0,0,0,6,0,0,-13500,44673061
2026-09-25T07:26:01.741Z,64460390000000,0x051C,0x0104,-1,2,63,-14642,-14642,0,-43997,-43990,432257,44673562,1,0,0,0,3,4,0,0,0,15,15,0,1,432257,2,1,-10000,-10000,0,0,0,0,5,0,0,0,0,6,0x5AA5,-14642,-6758,0,0,36639,2,2,2,2,255,0,2,15,0,0,1,0,0,0,0,0,0,0,6,0,0,-14600,44673562
2026-09-25T07:26:02.259Z,64460906000000,0x051C,0x0104,-1,2,63,-16895,-16895,0,-43978,-43988,432262,44674063,1,0,0,0,3,4,0,0,0,15,15,0,1,432262,2,1,-10000,-10000,0,0,0,0,5,0,0,0,0,6,0x5AA5,-16895,-28158,0,0,36639,2,2,2,2,255,0,2,15,0,0,1,0,0,0,0,0,0,0,6,0,0,-16800,44674063
2026-09-25T07:26:02.734Z,64461375000000,0x051C,0x0104,-1,2,63,-15769,-15769,0,-44005,-43989,432267,44674564,1,0,0,0,3,4,0,0,0,15,15,0,1,432267,2,1,-10000,-10000,0,0,0,0,5,0,0,0,0,6,0x5AA5,-15769,2253,0,0,36640,2,2,2,4,255,0,4,15,0,0,1,0,0,0,0,0,0,0,6,0,0,-15700,44674564
2026-09-25T07:26:03.265Z,64461906000000,0x051C,0x0104,-1,2,63,-11263,-11263,0,-43989,-43993,432272,44675065,1,0,0,0,3,4,0,0,0,15,15,0,1,432272,2,1,-10000,-10000,0,0,0,0,5,0,0,0,0,6,0x5AA5,-11263,-15769,0,0,36641,2,2,2,2,255,0,2,15,0,0,1,0,0,0,0,0,0,0,6,0,0,-11200,44675065
2026-09-25T07:26:03.739Z,64462390000000,0x051C,0x0104,-1,2,63,-7884,-7884,0,-44018,-43996,432277,44675566,1,0,0,0,3,4,0,0,0,15,15,0,1,432277,2,1,-10000,-10000,0,0,0,0,5,0,0,0,0,6,0x5AA5,-7884,16895,0,0,36642,2,2,2,4,255,0,4,15,0,0,1,0,0,0,0,0,0,0,6,0,0,-7800,44675566
2026-09-25T07:26:04.255Z,64462906000000,0x051C,0x0104,-1,2,63,-7884,-7884,0,-43981,-43996,432282,44676067,1,0,0,0,3,4,0,0,0,15,15,0,1,432282,2,1,-10000,-10000,0,0,0,0,5,0,0,0,0,6,0x5AA5,-7884,-24779,0,0,36643,2,2,2,2,255,0,2,15,0,0,1,0,0,0,0,0,0,0,6,0,0,-7800,44676067
2026-09-25T07:26:04.731Z,64463375000000,0x051C,0x0104,-1,2,63,-9011,-9011,0,-43992,-43995,432287,44676568,1,0,0,0,3,4,0,0,0,15,15,0,1,432287,2,1,-10000,-10000,0,0,0,0,5,0,0,0,0,6,0x5AA5,-9011,-12390,0,0,36643,2,2,2,2,255,0,2,15,0,0,1,0,0,0,0,0,0,0,6,0,0,-9000,44676568
2026-09-25T07:26:05.263Z,64463906000000,0x051C,0x0104,-1,2,63,-5632,-5632,0,-44014,-43998,432292,44677069,1,0,0,0,3,4,0,0,0,15,15,0,1,432292,2,1,-10000,-10000,0,0,0,0,5,0,0,0,0,6,0x5AA5,-5632,12390,0,0,36644,2,2,2,4,255,0,4,15,0,0,1,0,0,0,0,0,0,0,6,0,0,-5600,44677069
2026-09-25T07:26:05.738Z,64464390000000,0x051C,0x0104,-1,2,63,-7884,-7884,0,-43995,-43996,432297,44677570,1,0,0,0,3,4,0,0,0,15,15,0,1,432297,2,1,-10000,-10000,0,0,0,0,5,0,0,0,0,6,0x5AA5,-7884,-9011,0,0,36645,2,2,2,2,255,0,2,15,0,0,1,0,0,0,0,0,0,0,6,0,0,-7800,44677570
2026-09-25T07:26:06.254Z,64464906000000,0x051C,0x0104,-1,2,63,-7884,-7884,0,-43991,-43996,432302,44678070,1,0,0,0,3,4,0,0,0,15,15,0,1,432302,2,1,-10000,-10000,0,0,0,0,5,0,0,0,0,6,0x5AA5,-7884,-13516,0,0,36647,2,2,2,2,255,0,2,15,0,0,1,0,0,0,0,0,0,0,6,0,0,-7800,44678070
2026-09-25T07:26:06.729Z,64465375000000,0x051C,0x0104,-1,2,63,-9011,-9011,0,-43977,-43995,432307,44678571,1,0,0,0,3,4,0,0,0,15,15,0,1,432307,2,1,-10000,-10000,0,0,0,0,5,0,0,0,0,6,0x5AA5,-9011,-29285,0,0,36647,2,2,2,2,255,0,2,15,0,0,1,0,0,0,0,0,0,0,6,0,0,-9000,44678571
2026-09-25T07:26:07.264Z,64465906000000,0x051C,0x0104,-1,2,63,-14642,-14642,0,-43981,-43990,432312,44679073,1,0,0,0,3,4,0,0,0,15,15,0,1,432312,2,1,-10000,-10000,0,0,0,0,5,0,0,0,0,6,0x5AA5,-14642,-24779,0,0,36647,2,2,2,2,255,0,2,15,0,0,1,0,0,0,0,0,0,0,6,0,0,-14600,44679073
2026-09-25T07:26:07.740Z,64466390000000,0x051C,0x0104,-1,2,63,-11263,-11263,0,-43990,-43993,432317,44679573,1,0,0,0,3,4,0,0,0,15,15,0,1,432317,2,1,-10000,-10000,0,0,0,0,5,0,0,0,0,6,0x5AA5,-11263,-14642,0,0,36649,2,2,2,2,255,0,2,15,0,0,1,0,0,0,0,0,0,0,6,0,0,-11200,44679573
2026-09-25T07:26:08.256Z,64466906000000,0x051C,0x0104,-1,2,63,-10137,-10137,0,-43982,-43994,432322,44680074,1,0,0,0,3,4,0,0,0,15,15,0,1,432322,2,1,-10000,-10000,0,0,0,0,5,0,0,0,0,6,0x5AA5,-10137,-23653,0,0,36649,2,2,2,2,255,0,2,15,0,0,1,0,0,0,0,0,0,0,6,0,0,-10100,44680074
2026-09-25T07:26:08.731Z,64467375000000,0x051C,0x0104,-1,2,63,-10137,-10137,0,-44011,-43994,432327,44680575,1,0,0,0,3,4,0,0,0,15,15,0,1,432327,2,1,-10000,-10000,0,0,0,0,5,0,0,0,0,6,0x5AA5,-10137,9011,0,0,36650,2,2,2,4,255,0,4,15,0,0,1,0,0,0,0,0,0,0,6,0,0,-10100,44680575
2026-09-25T07:26:09.265Z,64467906000000,0x051C,0x0104,-1,2,63,-14642,-14642,0,-43992,-43990,432332,44681076,1,0,0,0,3,4,0,0,0,15,15,0,1,432332,2,1,-10000,-10000,0,0,0,0,5,0,0,0,0,6,0x5AA5,-14642,-12390,0,0,36651,2,2,2,2,255,0,2,15,0,0,1,0,0,0,0,0,0,0,6,0,0,-14600,44681076
2026-09-25T07:26:09.739Z,64468390000000,0x051C,0x0104,-1,2,63,-13516,-13516,0,-43990,-43991,432337,44681577,1,0,0,0,3,4,0,0,0,15,15,0,1,432337,2,1,-10000,-10000,0,0,0,0,5,0,0,0,0,6,0x5AA5,-13516,-14642,0,0,36653,2,2,2,2,255,0,2,15,0,0,1,0,0,0,0,0,0,0,6,0,0,-13500,44681577
2026-09-25T07:26:10.257Z,64468906000000,0x051C,0x0104,-1,2,63,-11263,-11263,0,-43990,-43993,432342,44682078,1,0,0,0,3,4,0,0,0,15,15,0,1,432342,2,1,-10000,-10000,0,0,0,0,5,0,0,0,0,6,0x5AA5,-11263,-14642,0,0,36653,2,2,2,2,255,0,2,15,0,0,1,0,0,0,0,0,0,0,6,0,0,-11200,44682078
2026-09-25T07:26:10.731Z,64469375000000,0x051C,0x0104,-1,2,63,-10137,-10137,0,-43987,-43994,432347,44682578,1,0,0,0,3,4,0,0,0,15,15,0,1,432347,2,1,-10000,-10000,0,0,0,0,5,0,0,0,0,6,0x5AA5,-10137,-18021,0,0,36653,2,2,2,2,255,0,2,15,0,0,1,0,0,0,0,0,0,0,6,0,0,-10100,44682578
2026-09-25T07:26:11.264Z,64469906000000,0x051C,0x0104,-1,2,63,-11263,-11263,0,-44001,-43993,432352,44683079,1,0,0,0,3,4,0,0,0,15,15,0,1,432352,2,1,-10000,-10000,0,0,0,0,5,0,0,0,0,6,0x5AA5,-11263,-2253,0,0,36653,2,2,2,2,255,0,2,15,0,0,1,0,0,0,0,0,0,0,6,0,0,-11200,44683079
2026-09-25T07:26:11.740Z,64470390000000,0x051C,0x0104,-1,2,63,-13516,-13516,0,-43974,-43991,432357,44683580,1,0,0,0,3,4,0,0,0,15,15,0,1,432357,2,1,-10000,-10000,0,0,0,0,5,0,0,0,0,6,0x5AA5,-13516,-32664,0,0,36653,2,2,2,2,255,0,2,15,0,0,1,0,0,0,0,0,0,0,6,0,0,-13500,44683580
2026-09-25T07:26:12.256Z,64470906000000,0x051C,0x0104,-1,2,63,-16895,-16895,0,-44001,-43988,432362,44684081,1,0,0,0,3,4,0,0,0,15,15,0,1,432362,2,1,-10000,-10000,0,0,0,0,5,0,0,0,0,6,0x5AA5,-16895,-2253,0,0,36653,2,2,2,2,255,0,2,15,0,0,1,0,0,0,0,0,0,0,6,0,0,-16800,44684081
2026-09-25T07:26:12.731Z,64471375000000,0x051C,0x0104,-1,2,63,-18021,-18021,0,-43990,-43987,432367,44684582,1,0,0,0,3,4,0,0,0,15,15,0,1,432367,2,1,-10000,-10000,0,0,0,0,5,0,0,0,0,6,0x5AA5,-18021,-14642,0,0,36653,2,2,2,2,255,0,2,15,0,0,1,0,0,0,0,0,0,0,6,0,0,-18000,44684582
2026-09-25T07:26:13.264Z,64471906000000,0x051C,0x0104,-1,2,63,-18021,-18021,0,-43984,-43987,432372,44685083,1,0,0,0,3,4,0,0,0,15,15,0,1,432372,2,1,-10000,-10000,0,0,0,0,5,0,0,0,0,6,0x5AA5,-18021,-21400,0,0,36653,2,2,2,2,255,0,2,15,0,0,1,0,0,0,0,0,0,0,6,0,0,-18000,44685083
2026-09-25T07:26:13.740Z,64472390000000,0x051C,0x0104,-1,2,63,-21400,-21400,0,-43984,-43984,432377,44685584,1,0,0,0,3,4,0,0,0,15,15,0,1,432377,2,1,-10000,-10000,0,0,0,0,5,0,0,0,0,6,0x5AA5,-21400,-21400,0,0,36653,2,2,2,2,255,0,2,15,0,0,1,0,0,0,0,0,0,0,6,0,0,-21400,44685584
2026-09-25T07:26:14.256Z,64472906000000,0x051C,0x0104,-1,2,63,-13516,-13516,0,-44000,-43991,432382,44686085,1,0,0,0,3,4,0,0,0,15,15,0,1,432382,2,1,-10000,-10000,0,0,0,0,5,0,0,0,0,6,0x5AA5,-13516,-3379,0,0,36653,2,2,2,2,255,0,2,15,0,0,1,0,0,0,0,0,0,0,6,0,0,-13500,44686085
2026-09-25T07:26:14.735Z,64473375000000,0x051C,0x0104,-1,2,63,-12390,-12390,0,-43984,-43992,432387,44686586,1,0,0,0,3,4,0,0,0,15,15,0,1,432387,2,1,-10000,-10000,0,0,0,0,5,0,0,0,0,6,0x5AA5,-12390,-21400,0,0,36653,2,2,2,2,255,0,2,15,0,0,1,0,0,0,0,0,0,0,6,0,0,-12300,44686586
2026-09-25T07:26:15.266Z,64473906000000,0x051C,0x0104,-1,2,63,-11263,-11263,0,-44000,-43993,432392,44687087,1,0,0,0,3,4,0,0,0,15,15,0,1,432392,2,1,-10000,-10000,0,0,0,0,5,0,0,0,0,6,0x5AA5,-11263,-3379,0,0,36653,2,2,2,2,255,0,2,15,0,0,1,0,0,0,0,0,0,0,6,0,0,-11200,44687087
2026-09-25T07:26:15.739Z,64474390000000,0x051C,0x0104,-1,2,63,-7884,-7884,0,-43994,-43996,432397,44687587,1,0,0,0,3,4,0,0,0,15,15,0,1,432397,2,1,-10000,-10000,0,0,0,0,5,0,0,0,0,6,0x5AA5,-7884,-10137,0,0,36653,2,2,2,2,255,0,2,15,0,0,1,0,0,0,0,0,0,0,6,0,0,-7800,44687587
2026-09-25T07:26:16.263Z,64474906000000,0x051C,0x0104,-1,2,63,-10137,-10137,0,-43999,-43994,432401,44688094,1,0,0,0,3,4,0,0,0,15,15,0,1,432402,2,1,-10000,-10000,0,0,0,0,5,0,0,0,0,6,0x5AA5,-11263,-19148,0,0,36653,2,2,2,2,255,0,2,15,0,0,1,0,0,0,0,0,0,0,6,0,0,-11200,44687988
2026-09-25T07:26:16.738Z,64475390000000,0x051C,0x0104,-1,2,63,-6758,-6758,0,-44005,-43997,432407,44688589,1,0,0,0,3,4,0,0,0,15,15,0,1,432407,2,1,-10000,-10000,0,0,0,0,5,0,0,0,0,6,0x5AA5,-6758,2253,0,0,36656,2,2,2,4,255,0,4,15,0,0,1,0,0,0,0,0,0,0,6,0,0,-6700,44688589
2026-09-25T07:26:17.264Z,64475906000000,0x051C,0x0104,-1,2,63,-12390,-12390,0,-43994,-43992,432411,44689094,1,0,0,0,3,4,0,0,0,15,15,0,1,432412,2,1,-10000,-10000,0,0,0,0,5,0,0,0,0,6,0x5AA5,-11263,-22527,0,0,36657,2,2,2,2,255,0,2,15,0,0,1,0,0,0,0,0,0,0,6,0,0,-11200,44688990
2026-09-25T07:26:17.738Z,64476390000000,0x051C,0x0104,-1,2,63,-18021,-18021,0,-43979,-43987,432417,44689591,1,0,0,0,3,4,0,0,0,15,15,0,1,432417,2,1,-10000,-10000,0,0,0,0,5,0,0,0,0,6,0x5AA5,-18021,-27032,0,0,36657,2,2,2,2,255,0,2,15,0,0,1,0,0,0,0,0,0,0,6,0,0,-18000,44689591
2026-09-25T07:26:18.263Z,64476906000000,0x051C,0x0104,-1,2,63,-15769,-15769,0,-43992,-43989,432421,44690094,1,0,0,0,3,4,0,0,0,15,15,0,1,432422,2,1,-10000,-10000,0,0,0,0,5,0,0,0,0,6,0x5AA5,-18021,11263,0,0,36658,2,2,2,4,255,0,4,15,0,0,1,0,0,0,0,0,0,0,6,0,0,-18000,44689993
2026-09-25T07:26:18.739Z,64477390000000,0x051C,0x0104,-1,2,63,-7884,-7884,0,-43995,-43996,432427,44690593,1,0,0,0,3,4,0,0,0,15,15,0,1,432427,2,1,-10000,-10000,0,0,0,0,5,0,0,0,0,6,0x5AA5,-7884,-9011,0,0,36661,2,2,2,2,255,0,2,15,0,0,1,0,0,0,0,0,0,0,6,0,0,-7800,44690593
2026-09-25T07:26:19.263Z,64477906000000,0x051C,0x0104,-1,2,63,-13516,-13516,0,-43990,-43991,432431,44691095,1,0,0,0,3,4,0,0,0,15,15,0,1,432432,2,1,-10000,-10000,0,0,0,0,5,0,0,0,0,6,0x5AA5,-12390,-20274,0,0,36661,2,2,2,2,255,0,2,15,0,0,1,0,0,0,0,0,0,0,6,0,0,-12300,44690994
2026-09-25T07:26:19.740Z,64478390000000,0x051C,0x0104,-1,2,63,-12390,-12390,0,-44003,-43992,432437,44691595,1,0,0,0,3,4,0,0,0,15,15,0,1,432437,2,1,-10000,-10000,0,0,0,0,5,0,0,0,0,6,0x5AA5,-12390,0,0,0,36661,2,2,2,2,255,0,2,15,0,0,1,0,0,0,0,0,0,0,6,0,0,-12300,44691595
2026-09-25T07:26:20.256Z,64478906000000,0x051C,0x0104,-1,2,63,-9011,-9011,0,-44006,-43995,432441,44692096,1,0,0,0,3,4,0,0,0,15,15,0,1,432442,2,1,-10000,-10000,0,0,0,0,5,0,0,0,0,6,0x5AA5,-7884,-13516,0,0,36663,2,2,2,2,255,0,2,15,0,0,1,0,0,0,0,0,0,0,6,0,0,-7800,44691996
2026-09-25T07:26:20.730Z,64479375000000,0x051C,0x0104,-1,2,63,-6758,-6758,0,-44007,-43997,432446,44692597,1,0,0,0,3,4,0,0,0,15,15,0,1,432447,2,1,-10000,-10000,0,0,0,0,5,0,0,0,0,6,0x5AA5,-9011,6758,0,0,36666,2,2,2,4,255,0,4,15,0,0,1,0,0,0,0,0,0,0,6,0,0,-9000,44692497
2026-09-25T07:26:21.265Z,64479906000000,0x051C,0x0104,-1,2,63,-4505,-4505,0,-43983,-43999,432451,44693099,1,0,0,0,3,4,0,0,0,15,15,0,1,432452,2,1,-10000,-10000,0,0,0,0,5,0,0,0,0,6,0x5AA5,-3379,1126,0,0,36670,2,2,2,4,255,0,4,15,0,0,1,0,0,0,0,0,0,0,6,0,0,-3300,44692997
2026-09-25T07:26:21.742Z,64480390000000,0x051C,0x0104,-1,2,63,-11263,-11263,0,-43986,-43993,432456,44693602,1,0,0,0,3,4,0,0,0,15,15,0,1,432457,2,1,-10000,-10000,0,0,0,0,5,0,0,0,0,6,0x5AA5,-11263,-14642,0,0,36671,2,2,2,2,255,0,2,15,0,0,1,0,0,0,0,0,0,0,6,0,0,-11200,44693498
2026-09-25T07:26:22.258Z,64480906000000,0x051C,0x0104,-1,2,63,-12390,-12390,0,-43986,-43992,432461,44694100,1,0,0,0,3,4,0,0,0,15,15,0,1,432462,2,1,-10000,-10000,0,0,0,0,5,0,0,0,0,6,0x5AA5,-13516,3379,0,0,36672,2,2,2,4,255,0,4,15,0,0,1,0,0,0,0,0,0,0,6,0,0,-13500,44693999
2026-09-25T07:26:22.732Z,64481375000000,0x051C,0x0104,-1,2,63,-10137,-10137,0,-44000,-43994,432466,44694601,1,0,0,0,3,4,0,0,0,15,15,0,1,432467,2,1,-10000,-10000,0,0,0,0,5,0,0,0,0,6,0x5AA5,-11263,-6758,0,0,36673,2,2,2,2,255,0,2,15,0,0,1,0,0,0,0,0,0,0,6,0,0,-11200,44694500
2026-09-25T07:26:23.268Z,64481906000000,0x051C,0x0104,-1,2,63,-12390,-12390,0,-44010,-43992,432471,44695103,1,0,0,0,3,4,0,0,0,15,15,0,1,432472,2,1,-10000,-10000,0,0,0,0,5,0,0,0,0,6,0x5AA5,-13516,-3379,0,0,36673,2,2,2,2,255,0,2,15,0,0,1,0,0,0,0,0,0,0,6,0,0,-13500,44695001
2026-09-25T07:26:23.746Z,64482390000000,0x051C,0x0104,-1,2,63,-7884,-7884,0,-44004,-43996,432476,44695606,1,0,0,0,3,4,0,0,0,15,15,0,1,432477,2,1,-10000,-10000,0,0,0,0,5,0,0,0,0,6,0x5AA5,-7884,-11263,0,0,36675,2,2,2,2,255,0,2,15,0,0,1,0,0,0,0,0,0,0,6,0,0,-7800,44695502
2026-09-25T07:26:24.265Z,64482906000000,0x051C,0x0104,-1,2,63,-10137,-10137,0,-43990,-43994,432481,44696103,1,0,0,0,3,4,0,0,0,15,15,0,1,432482,2,1,-10000,-10000,0,0,0,0,5,0,0,0,0,6,0x5AA5,-9011,-29285,0,0,36677,2,2,2,2,255,0,2,15,0,0,1,0,0,0,0,0,0,0,6,0,0,-9000,44696003
2026-09-25T07:26:24.738Z,64483390000000,0x051C,0x0104,-1,2,63,-10137,-10137,0,-43990,-43994,432486,44696604,1,0,0,0,3,4,0,0,0,15,15,0,1,432487,2,1,-10000,-10000,0,0,0,0,5,0,0,0,0,6,0x5AA5,-10137,-4505,0,0,36677,2,2,2,2,255,0,2,15,0,0,1,0,0,0,0,0,0,0,6,0,0,-10100,44696504
2026-09-25T07:26:25.261Z,64483906000000,0x051C,0x0104,-1,2,63,-7884,-7884,0,-44011,-43996,432491,44697105,1,0,0,0,3,4,0,0,0,15,15,0,1,432492,2,1,-10000,-10000,0,0,0,0,5,0,0,0,0,6,0x5AA5,-10137,6758,0,0,36678,2,2,2,4,255,0,4,15,0,0,1,0,0,0,0,0,0,0,6,0,0,-10100,44697005
2026-09-25T07:26:25.737Z,64484375000000,0x051C,0x0104,-1,2,63,-6758,-6758,0,-43995,-43997,432496,44697606,1,0,0,0,3,4,0,0,0,15,15,0,1,432497,2,1,-10000,-10000,0,0,0,0,5,0,0,0,0,6,0x5AA5,-5632,-10137,0,0,36679,2,2,2,2,255,0,2,15,0,0,1,0,0,0,0,0,0,0,6,0,0,-5600,44697506
2026-09-25T07:26:26.271Z,64484921000000,0x051C,0x0104,-1,2,63,-11263,-11263,0,-43987,-43993,432501,44698108,1,0,0,0,3,4,0,0,0,15,15,0,1,432502,2,1,-10000,-10000,0,0,0,0,5,0,0,0,0,6,0x5AA5,-10137,-18021,0,0,36679,2,2,2,2,255,0,2,15,0,0,1,0,0,0,0,0,0,0,6,0,0,-10100,44698007
2026-09-25T07:26:26.749Z,64485390000000,0x051C,0x0104,-1,2,63,-14642,-14642,0,-43991,-43990,432506,44698609,1,0,0,0,3,4,0,0,0,15,15,0,1,432507,2,1,-10000,-10000,0,0,0,0,5,0,0,0,0,6,0x5AA5,-14642,-20274,0,0,36679,2,2,2,2,255,0,2,15,0,0,1,0,0,0,0,0,0,0,6,0,0,-14600,44698508
2026-09-25T07:26:27.281Z,64485921000000,0x051C,0x0104,-1,2,63,-10137,-10137,0,-44010,-43994,432512,44699109,1,0,0,0,3,4,0,0,0,15,15,0,1,432512,2,1,-10000,-10000,0,0,0,0,5,0,0,0,0,6,0x5AA5,-10137,7884,0,0,36682,2,2,2,4,255,0,4,15,0,0,1,0,0,0,0,0,0,0,6,0,0,-10100,44699109
2026-09-25T07:26:27.758Z,64486406000000,0x051C,0x0104,-1,2,63,-5632,-5632,0,-44005,-43998,432517,44699610,1,0,0,0,3,4,0,0,0,15,15,0,1,432517,2,1,-10000,-10000,0,0,0,0,5,0,0,0,0,6,0x5AA5,-5632,2253,0,0,36684,2,2,2,4,255,0,4,15,0,0,1,0,0,0,0,0,0,0,6,0,0,-5600,44699610
2026-09-25T07:26:28.276Z,64486921000000,0x051C,0x0104,-1,2,63,-9011,-9011,0,-43996,-43995,432521,44700112,1,0,0,0,3,4,0,0,0,15,15,0,1,432522,2,1,-10000,-10000,0,0,0,0,5,0,0,0,0,6,0x5AA5,-7884,-16895,0,0,36685,2,2,2,2,255,0,2,15,0,0,1,0,0,0,0,0,0,0,6,0,0,-7800,44700011
2026-09-25T07:26:28.757Z,64487406000000,0x051C,0x0104,-1,2,63,-11263,-11263,0,-43988,-43993,432526,44700617,1,0,0,0,3,4,0,0,0,15,15,0,1,432527,2,1,-10000,-10000,0,0,0,0,5,0,0,0,0,6,0x5AA5,-10137,-27032,0,0,36685,2,2,2,2,255,0,2,15,0,0,1,0,0,0,0,0,0,0,6,0,0,-10100,44700511
2026-09-25T07:26:29.273Z,64487921000000,0x051C,0x0104,-1,2,63,-14642,-14642,0,-43980,-43990,432531,44701113,1,0,0,0,3,4,0,0,0,15,15,0,1,432532,2,1,-10000,-10000,0,0,0,0,5,0,0,0,0,6,0x5AA5,-13516,-33790,0,0,36685,2,2,2,2,255,0,2,15,0,0,1,0,0,0,0,0,0,0,6,0,0,-13500,44701013
2026-09-25T07:26:29.748Z,64488390000000,0x051C,0x0104,-1,2,63,-18021,-18021,0,-43986,-43987,432536,44701613,1,0,0,0,3,4,0,0,0,15,15,0,1,432537,2,1,-10000,-10000,0,0,0,0,5,0,0,0,0,6,0x5AA5,-18021,-13516,0,0,36685,2,2,2,2,255,0,2,15,0,0,1,0,0,0,0,0,0,0,6,0,0,-18000,44701513
2026-09-25T07:26:30.284Z,64488921000000,0x051C,0x0104,-1,2,63,-19148,-19148,0,-43989,-43986,432541,44702118,1,0,0,0,3,4,0,0,0,15,15,0,1,432542,2,1,-10000,-10000,0,0,0,0,5,0,0,0,0,6,0x5AA5,-19148,-27032,0,0,36685,2,2,2,2,255,0,2,15,0,0,1,0,0,0,0,0,0,0,6,0,0,-19100,44702014
2026-09-25T07:26:30.760Z,64489406000000,0x051C,0x0104,-1,2,63,-11263,-11263,0,-44002,-43993,432547,44702615,1,0,0,0,3,4,0,0,0,15,15,0,1,432547,2,1,-10000,-10000,0,0,0,0,5,0,0,0,0,6,0x5AA5,-11263,-1126,0,0,36687,2,2,2,2,255,0,2,15,0,0,1,0,0,0,0,0,0,0,6,0,0,-11200,44702615
2026-09-25T07:26:31.290Z,64489937000000,0x051C,0x0104,-1,2,63,-11263,-11263,0,-43993,-43993,432552,44703116,1,0,0,0,3,4,0,0,0,15,15,0,1,432552,2,1,-10000,-10000,0,0,0,0,5,0,0,0,0,6,0x5AA5,-11263,-11263,0,0,36687,2,2,2,2,255,0,2,15,0,0,1,0,0,0,0,0,0,0,6,0,0,-11200,44703116
2026-09-25T07:26:31.767Z,64490406000000,0x051C,0x0104,-1,2,63,-14642,-14642,0,-43983,-43990,432557,44703617,1,0,0,0,3,4,0,0,0,15,15,0,1,432557,2,1,-10000,-10000,0,0,0,0,5,0,0,0,0,6,0x5AA5,-14642,-22527,0,0,36687,2,2,2,2,255,0,2,15,0,0,1,0,0,0,0,0,0,0,6,0,0,-14600,44703617
2026-09-25T07:26:32.304Z,64490953000000,0x051C,0x0104,-1,2,63,-11263,-11263,0,-43982,-43993,432562,44704118,1,0,0,0,3,4,0,0,0,15,15,0,1,432562,2,1,-10000,-10000,0,0,0,0,5,0,0,0,0,6,0x5AA5,-11263,-23653,0,0,36687,2,2,2,2,255,0,2,15,0,0,1,0,0,0,0,0,0,0,6,0,0,-11200,44704118
2026-09-25T07:26:32.766Z,64491406000000,0x051C,0x0104,-1,2,63,-15769,-15769,0,-43992,-43989,432567,44704619,1,0,0,0,3,4,0,0,0,15,15,0,1,432567,2,1,-10000,-10000,0,0,0,0,5,0,0,0,0,6,0x5AA5,-15769,-12390,0,0,36687,2,2,2,2,255,0,2,15,0,0,1,0,0,0,0,0,0,0,6,0,0,-15700,44704619
2026-09-25T07:26:33.301Z,64491953000000,0x051C,0x0104,-1,2,63,-12390,-12390,0,-43984,-43992,432572,44705120,1,0,0,0,3,4,0,0,0,15,15,0,1,432572,2,1,-10000,-10000,0,0,0,0,5,0,0,0,0,6,0x5AA5,-12390,-21400,0,0,36689,2,2,2,2,255,0,2,15,0,0,1,0,0,0,0,0,0,0,6,0,0,-12300,44705120
2026-09-25T07:26:33.766Z,64492406000000,0x051C,0x0104,-1,2,63,-11263,-11263,0,-43999,-43993,432576,44705625,1,0,0,0,3,4,0,0,0,15,15,0,1,432577,2,1,-10000,-10000,0,0,0,0,5,0,0,0,0,6,0x5AA5,-12390,-4505,0,0,36691,2,2,2,2,255,0,2,15,0,0,1,0,0,0,0,0,0,0,6,0,0,-12300,44705521
2026-09-25T07:26:34.302Z,64492953000000,0x051C,0x0104,-1,2,63,-12390,-12390,0,-43997,-43992,432582,44706122,1,0,0,0,3,4,0,0,0,15,15,0,1,432582,2,1,-10000,-10000,0,0,0,0,5,0,0,0,0,6,0x5AA5,-12390,-6758,0,0,36691,2,2,2,2,255,0,2,15,0,0,1,0,0,0,0,0,0,0,6,0,0,-12300,44706122
2026-09-25T07:26:34.765Z,64493406000000,0x051C,0x0104,-1,2,63,-7884,-7884,0,-44004,-43996,432586,44706626,1,0,0,0,3,4,0,0,0,15,15,0,1,432587,2,1,-10000,-10000,0,0,0,0,5,0,0,0,0,6,0x5AA5,-9011,-4505,0,0,36691,2,2,2,2,255,0,2,15,0,0,1,0,0,0,0,0,0,0,6,0,0,-9000,44706522
2026-09-25T07:26:35.296Z,64493937000000,0x051C,0x0104,-1,2,63,-10137,-10137,0,-43981,-43994,432592,44707124,1,0,0,0,3,4,0,0,0,15,15,0,1,432592,2,1,-10000,-10000,0,0,0,0,5,0,0,0,0,6,0x5AA5,-10137,-24779,0,0,36693,2,2,2,2,255,0,2,15,0,0,1,0,0,0,0,0,0,0,6,0,0,-10100,44707124
2026-09-25T07:26:35.774Z,64494421000000,0x051C,0x0104,-1,2,63,-16895,-16895,0,-43979,-43988,432597,44707624,1,0,0,0,3,4,0,0,0,15,15,0,1,432597,2,1,-10000,-10000,0,0,0,0,5,0,0,0,0,6,0x5AA5,-16895,-27032,0,0,36693,2,2,2,2,255,0,2,15,0,0,1,0,0,0,0,0,0,0,6,0,0,-16800,44707624
2026-09-25T07:26:36.294Z,64494937000000,0x051C,0x0104,-1,2,63,-10137,-10137,0,-43986,-43994,432601,44708129,1,0,0,0,3,4,0,0,0,15,15,0,1,432602,2,1,-10000,-10000,0,0,0,0,5,0,0,0,0,6,0x5AA5,-12390,2253,0,0,36694,2,2,2,4,255,0,4,15,0,0,1,0,0,0,0,0,0,0,6,0,0,-12300,44708025
2026-09-25T07:26:36.772Z,64495421000000,0x051C,0x0104,-1,2,63,-18021,-18021,0,-43970,-43987,432607,44708626,1,0,0,0,3,4,0,0,0,15,15,0,1,432607,2,1,-10000,-10000,0,0,0,0,5,0,0,0,0,6,0x5AA5,-18021,-37169,0,0,36695,2,2,2,2,255,0,2,15,0,0,1,0,0,0,0,0,0,0,6,0,0,-18000,44708626
2026-09-25T07:26:37.294Z,64495937000000,0x051C,0x0104,-1,2,63,-16895,-16895,0,-44003,-43988,432611,44709128,1,0,0,0,3,4,0,0,0,15,15,0,1,432612,2,1,-10000,-10000,0,0,0,0,5,0,0,0,0,6,0x5AA5,-16895,-14642,0,0,36695,2,2,2,2,255,0,2,15,0,0,1,0,0,0,0,0,0,0,6,0,0,-16800,44709027
2026-09-25T07:26:37.774Z,64496421000000,0x051C,0x0104,-1,2,63,-12390,-12390,0,-43986,-43992,432617,44709628,1,0,0,0,3,4,0,0,0,15,15,0,1,432617,2,1,-10000,-10000,0,0,0,0,5,0,0,0,0,6,0x5AA5,-12390,-19148,0,0,36697,2,2,2,2,255,0,2,15,0,0,1,0,0,0,0,0,0,0,6,0,0,-12300,44709628
2026-09-25T07:26:38.294Z,64496937000000,0x051C,0x0104,-1,2,63,-12390,-12390,0,-43999,-43992,432621,44710130,1,0,0,0,3,4,0,0,0,15,15,0,1,432622,2,1,-10000,-10000,0,0,0,0,5,0,0,0,0,6,0x5AA5,-12390,-19148,0,0,36697,2,2,2,2,255,0,2,15,0,0,1,0,0,0,0,0,0,0,6,0,0,-12300,44710029
2026-09-25T07:26:38.775Z,64497421000000,0x051C,0x0104,-1,2,63,-11263,-11263,0,-43993,-43993,432627,44710630,1,0,0,0,3,4,0,0,0,15,15,0,1,432627,2,1,-10000,-10000,0,0,0,0,5,0,0,0,0,6,0x5AA5,-11263,-11263,0,0,36697,2,2,2,2,255,0,2,15,0,0,1,0,0,0,0,0,0,0,6,0,0,-11200,44710630
2026-09-25T07:26:39.294Z,64497937000000,0x051C,0x0104,-1,2,63,-13516,-13516,0,-43992,-43991,432631,44711131,1,0,0,0,3,4,0,0,0,15,15,0,1,432632,2,1,-10000,-10000,0,0,0,0,5,0,0,0,0,6,0x5AA5,-13516,-15769,0,0,36697,2,2,2,2,255,0,2,15,0,0,1,0,0,0,0,0,0,0,6,0,0,-13500,44711031
2026-09-25T07:26:39.775Z,64498421000000,0x051C,0x0104,-1,2,63,-12390,-12390,0,-43996,-43992,432636,44711638,1,0,0,0,3,4,0,0,0,15,15,0,1,432637,2,1,-10000,-10000,0,0,0,0,5,0,0,0,0,6,0x5AA5,-13516,-12390,0,0,36697,2,2,2,2,255,0,2,15,0,0,1,0,0,0,0,0,0,0,6,0,0,-13500,44711532
2026-09-25T07:26:40.297Z,64498937000000,0x051C,0x0104,-1,2,63,-12390,-12390,0,-43992,-43992,432641,44712133,1,0,0,0,3,4,0,0,0,15,15,0,1,432642,2,1,-10000,-10000,0,0,0,0,5,0,0,0,0,6,0x5AA5,-12390,-37169,0,0,36697,2,2,2,2,255,0,2,15,0,0,1,0,0,0,0,0,0,0,6,0,0,-12300,44712033
2026-09-25T07:26:40.777Z,64499421000000,0x051C,0x0104,-1,2,63,-18021,-18021,0,-43993,-43987,432646,44712638,1,0,0,0,3,4,0,0,0,15,15,0,1,432647,2,1,-10000,-10000,0,0,0,0,5,0,0,0,0,6,0x5AA5,-16895,-25906,0,0,36697,2,2,2,2,255,0,2,15,0,0,1,0,0,0,0,0,0,0,6,0,0,-16800,44712533
2026-09-25T07:26:41.294Z,64499937000000,0x051C,0x0104,-1,2,63,-21400,-21400,0,-43990,-43984,432651,44713134,1,0,0,0,3,4,0,0,0,15,15,0,1,432652,2,1,-10000,-10000,0,0,0,0,5,0,0,0,0,6,0x5AA5,-22527,-16895,0,0,36697,2,2,2,2,255,0,2,15,0,0,1,0,0,0,0,0,0,0,6,0,0,-22500,44713034
2026-09-25T07:26:41.776Z,64500421000000,0x051C,0x0104,-1,2,63,-24779,-24779,0,-44004,-43981,432656,44713635,1,0,0,0,3,4,0,0,0,15,15,0,1,432657,2,1,-10000,-10000,0,0,0,0,5,0,0,0,0,6,0x5AA5,-25906,-13516,0,0,36697,2,2,2,2,255,0,2,15,0,0,1,0,0,0,0,0,0,0,6,0,0,-25900,44713535
2026-09-25T07:26:42.293Z,64500937000000,0x051C,0x0104,-1,2,63,-22527,-22527,0,-43997,-43983,432661,44714136,1,0,0,0,3,4,0,0,0,15,15,0,1,432662,2,1,-10000,-10000,0,0,0,0,5,0,0,0,0,6,0x5AA5,-23653,-13516,0,0,36699,2,2,2,2,255,0,2,15,0,0,1,0,0,0,0,0,0,0,6,0,0,-23600,44714036
2026-09-25T07:26:42.771Z,64501421000000,0x051C,0x0104,-1,2,63,-19148,-19148,0,-43986,-43986,432666,44714637,1,0,0,0,3,4,0,0,0,15,15,0,1,432667,2,1,-10000,-10000,0,0,0,0,5,0,0,0,0,6,0x5AA5,-19148,-19148,0,0,36699,2,2,2,2,255,0,2,15,0,0,1,0,0,0,0,0,0,0,6,0,0,-19100,44714537
2026-09-25T07:26:43.292Z,64501937000000,0x051C,0x0104,-1,2,63,-19148,-19148,0,-43989,-43986,432671,44715138,1,0,0,0,3,4,0,0,0,15,15,0,1,432672,2,1,-10000,-10000,0,0,0,0,5,0,0,0,0,6,0x5AA5,-19148,-22527,0,0,36699,2,2,2,2,255,0,2,15,0,0,1,0,0,0,0,0,0,0,6,0,0,-19100,44715038
2026-09-25T07:26:43.768Z,64502406000000,0x051C,0x0104,-1,2,63,-16895,-16895,0,-43993,-43988,432676,44715639,1,0,0,0,3,4,0,0,0,15,15,0,1,432677,2,1,-10000,-10000,0,0,0,0,5,0,0,0,0,6,0x5AA5,-18021,-16895,0,0,36699,2,2,2,2,255,0,2,15,0,0,1,0,0,0,0,0,0,0,6,0,0,-18000,44715539
2026-09-25T07:26:44.303Z,64502953000000,0x051C,0x0104,-1,2,63,-14642,-14642,0,-43997,-43990,432681,44716140,1,0,0,0,3,4,0,0,0,15,15,0,1,432682,2,1,-10000,-10000,0,0,0,0,5,0,0,0,0,6,0x5AA5,-15769,-11263,0,0,36699,2,2,2,2,255,0,2,15,0,0,1,0,0,0,0,0,0,0,6,0,0,-15700,44716040
2026-09-25T07:26:44.780Z,64503421000000,0x051C,0x0104,-1,2,63,-10137,-10137,0,-43992,-43994,432686,44716643,1,0,0,0,3,4,0,0,0,15,15,0,1,432687,2,1,-10000,-10000,0,0,0,0,5,0,0,0,0,6,0x5AA5,-11263,-4505,0,0,36699,2,2,2,2,255,0,2,15,0,0,1,0,0,0,0,0,0,0,6,0,0,-11200,44716541
2026-09-25T07:26:45.313Z,64503953000000,0x051C,0x0104,-1,2,63,-13516,-13516,0,-43986,-43991,432692,44717142,1,0,0,0,3,4,0,0,0,15,15,0,1,432692,2,1,-10000,-10000,0,0,0,0,5,0,0,0,0,6,0x5AA5,-13516,-19148,0,0,36699,2,2,2,2,255,0,2,15,0,0,1,0,0,0,0,0,0,0,6,0,0,-13500,44717142
2026-09-25T07:26:45.789Z,64504437000000,0x051C,0x0104,-1,2,63,-7884,-7884,0,-44005,-43996,432697,44717643,1,0,0,0,3,4,0,0,0,15,15,0,1,432697,2,1,-10000,-10000,0,0,0,0,5,0,0,0,0,6,0x5AA5,-7884,2253,0,0,36702,2,2,2,4,255,0,4,15,0,0,1,0,0,0,0,0,0,0,6,0,0,-7800,44717643
2026-09-25T07:26:46.312Z,64504953000000,0x051C,0x0104,-1,2,63,-11263,-11263,0,-43981,-43993,432701,44718146,1,0,0,0,3,4,0,0,0,15,15,0,1,432702,2,1,-10000,-10000,0,0,0,0,5,0,0,0,0,6,0x5AA5,-10137,-14642,0,0,36703,2,2,2,2,255,0,2,15,0,0,1,0,0,0,0,0,0,0,6,0,0,-10100,44718043
2026-09-25T07:26:46.788Z,64505437000000,0x051C,0x0104,-1,2,63,-11263,-11263,0,-43996,-43993,432707,44718644,1,0,0,0,3,4,0,0,0,15,15,0,1,432707,2,1,-10000,-10000,0,0,0,0,5,0,0,0,0,6,0x5AA5,-11263,-7884,0,0,36703,2,2,2,2,255,0,2,15,0,0,1,0,0,0,0,0,0,0,6,0,0,-11200,44718644
2026-09-25T07:26:47.304Z,64505953000000,0x051C,0x0104,-1,2,63,-7884,-7884,0,-44003,-43996,432711,44719145,1,0,0,0,3,4,0,0,0,15,15,0,1,432712,2,1,-10000,-10000,0,0,0,0,5,0,0,0,0,6,0x5AA5,-9011,-11263,0,0,36705,2,2,2,2,255,0,2,15,0,0,1,0,0,0,0,0,0,0,6,0,0,-9000,44719045
2026-09-25T07:26:47.778Z,64506421000000,0x051C,0x0104,-1,2,63,-6758,-6758,0,-44001,-43997,432716,44719646,1,0,0,0,3,4,0,0,0,15,15,0,1,432717,2,1,-10000,-10000,0,0,0,0,5,0,0,0,0,6,0x5AA5,-6758,-10137,0,0,36707,2,2,2,2,255,0,2,15,0,0,1,0,0,0,0,0,0,0,6,0,0,-6700,44719546
2026-09-25T07:26:48.313Z,64506953000000,0x051C,0x0104,-1,2,63,-6758,-6758,0,-43992,-43997,432721,44720149,1,0,0,0,3,4,0,0,0,15,15,0,1,432722,2,1,-10000,-10000,0,0,0,0,5,0,0,0,0,6,0x5AA5,-5632,-3379,0,0,36709,2,2,2,2,255,0,2,15,0,0,1,0,0,0,0,0,0,0,6,0,0,-5600,44720047
2026-09-25T07:26:48.791Z,64507437000000,0x051C,0x0104,-1,2,63,-6758,-6758,0,-44005,-43997,432726,44720654,1,0,0,0,3,4,0,0,0,15,15,0,1,432727,2,1,-10000,-10000,0,0,0,0,5,0,0,0,0,6,0x5AA5,-6758,-4505,0,0,36711,2,2,2,2,255,0,2,15,0,0,1,0,0,0,0,0,0,0,6,0,0,-6700,44720548
2026-09-25T07:26:49.310Z,64507953000000,0x051C,0x0104,-1,2,63,-9011,-9011,0,-43998,-43995,432731,44721149,1,0,0,0,3,4,0,0,0,15,15,0,1,432732,2,1,-10000,-10000,0,0,0,0,5,0,0,0,0,6,0x5AA5,-9011,-5632,0,0,36713,2,2,2,2,255,0,2,15,0,0,1,0,0,0,0,0,0,0,6,0,0,-9000,44721048
2026-09-25T07:26:49.783Z,64508421000000,0x051C,0x0104,-1,2,63,-15769,-15769,0,-43988,-43989,432736,44721649,1,0,0,0,3,4,0,0,0,15,15,0,1,432737,2,1,-10000,-10000,0,0,0,0,5,0,0,0,0,6,0x5AA5,-13516,-27032,0,0,36713,2,2,2,2,255,0,2,15,0,0,1,0,0,0,0,0,0,0,6,0,0,-13500,44721549
2026-09-25T07:26:50.320Z,64508968000000,0x051C,0x0104,-1,2,63,-14642,-14642,0,-43993,-43990,432741,44722155,1,0,0,0,3,4,0,0,0,15,15,0,1,432742,2,1,-10000,-10000,0,0,0,0,5,0,0,0,0,6,0x5AA5,-14642,-28158,0,0,36713,2,2,2,2,255,0,2,15,0,0,1,0,0,0,0,0,0,0,6,0,0,-14600,44722050
2026-09-25T07:26:50.779Z,64509421000000,0x051C,0x0104,-1,2,63,-16895,-16895,0,-43997,-43988,432746,44722651,1,0,0,0,3,4,0,0,0,15,15,0,1,432747,2,1,-10000,-10000,0,0,0,0,5,0,0,0,0,6,0x5AA5,-15769,-23653,0,0,36713,2,2,2,2,255,0,2,15,0,0,1,0,0,0,0,0,0,0,6,0,0,-15700,44722551
2026-09-25T07:26:51.311Z,64509953000000,0x051C,0x0104,-1,2,63,-14642,-14642,0,-43978,-43990,432751,44723153,1,0,0,0,3,4,0,0,0,15,15,0,1,432752,2,1,-10000,-10000,0,0,0,0,5,0,0,0,0,6,0x5AA5,-13516,-22527,0,0,36713,2,2,2,2,255,0,2,15,0,0,1,0,0,0,0,0,0,0,6,0,0,-13500,44723053
2026-09-25T07:26:51.785Z,64510437000000,0x051C,0x0104,-1,2,63,-18021,-18021,0,-43984,-43987,432756,44723653,1,0,0,0,3,4,0,0,0,15,15,0,1,432757,2,1,-10000,-10000,0,0,0,0,5,0,0,0,0,6,0x5AA5,-16895,-41674,0,0,36713,2,2,2,2,255,0,2,15,0,0,1,0,0,0,0,0,0,0,6,0,0,-16800,44723553
2026-09-25T07:26:52.303Z,64510953000000,0x051C,0x0104,-1,2,63,-14642,-14642,0,-43991,-43990,432761,44724154,1,0,0,0,3,4,0,0,0,15,15,0,1,432762,2,1,-10000,-10000,0,0,0,0,5,0,0,0,0,6,0x5AA5,-14642,-12390,0,0,36715,2,2,2,2,255,0,2,15,0,0,1,0,0,0,0,0,0,0,6,0,0,-14600,44724054
2026-09-25T07:26:52.781Z,64511421000000,0x051C,0x0104,-1,2,63,-13516,-13516,0,-43996,-43991,432766,44724655,1,0,0,0,3,4,0,0,0,15,15,0,1,432767,2,1,-10000,-10000,0,0,0,0,5,0,0,0,0,6,0x5AA5,-13516,-20274,0,0,36717,2,2,2,2,255,0,2,15,0,0,1,0,0,0,0,0,0,0,6,0,0,-13500,44724555
2026-09-25T07:26:53.313Z,64511953000000,0x051C,0x0104,-1,2,63,-9011,-9011,0,-44017,-43995,432771,44725156,1,0,0,0,3,4,0,0,0,15,15,0,1,432772,2,1,-10000,-10000,0,0,0,0,5,0,0,0,0,6,0x5AA5,-12390,10137,0,0,36718,2,2,2,4,255,0,4,15,0,0,1,0,0,0,0,0,0,0,6,0,0,-12300,44725056
2026-09-25T07:26:53.787Z,64512437000000,0x051C,0x0104,-1,2,63,-7884,-7884,0,-44006,-43996,432776,44725657,1,0,0,0,3,4,0,0,0,15,15,0,1,432777,2,1,-10000,-10000,0,0,0,0,5,0,0,0,0,6,0x5AA5,-7884,-6758,0,0,36719,2,2,2,2,255,0,2,15,0,0,1,0,0,0,0,0,0,0,6,0,0,-7800,44725556
2026-09-25T07:26:54.308Z,64512953000000,0x051C,0x0104,-1,2,63,-10137,-10137,0,-44001,-43994,432781,44726057,1,0,0,0,3,4,0,0,0,15,15,0,1,432781,2,1,-10000,-10000,0,0,0,0,5,0,0,0,0,6,0x5AA5,-10137,-2253,0,0,36721,2,2,2,2,255,0,2,15,0,0,1,0,0,0,0,0,0,0,6,0,0,-10100,44726057
2026-09-25T07:26:54.784Z,64513421000000,0x051C,0x0104,-1,2,63,-10137,-10137,0,-43991,-43994,432786,44726658,1,0,0,0,3,4,0,0,0,15,15,0,1,432787,2,1,-10000,-10000,0,0,0,0,5,0,0,0,0,6,0x5AA5,-10137,-14642,0,0,36721,2,2,2,2,255,0,2,15,0,0,1,0,0,0,0,0,0,0,6,0,0,-10100,44726558
2026-09-25T07:26:55.322Z,64513968000000,0x051C,0x0104,-1,2,63,-6758,-6758,0,-44009,-43997,432791,44727159,1,0,0,0,3,4,0,0,0,15,15,0,1,432792,2,1,-10000,-10000,0,0,0,0,5,0,0,0,0,6,0x5AA5,-9011,19148,0,0,36722,2,2,2,4,255,0,4,15,0,0,1,0,0,0,0,0,0,0,6,0,0,-9000,44727059
2026-09-25T07:26:55.802Z,64514453000000,0x051C,0x0104,-1,2,63,-5632,-5632,0,-43996,-43998,432796,44727664,1,0,0,0,3,4,0,0,0,15,15,0,1,432797,2,1,-10000,-10000,0,0,0,0,5,0,0,0,0,6,0x5AA5,-5632,3379,0,0,36724,2,2,2,4,255,0,4,15,0,0,1,0,0,0,0,0,0,0,6,0,0,-5600,44727560
2026-09-25T07:26:56.321Z,64514968000000,0x051C,0x0104,-1,2,63,-5632,-5632,0,-43986,-43998,432801,44728161,1,0,0,0,3,4,0,0,0,15,15,0,1,432802,2,1,-10000,-10000,0,0,0,0,5,0,0,0,0,6,0x5AA5,-3379,-24779,0,0,36727,2,2,2,2,255,0,2,15,0,0,1,0,0,0,0,0,0,0,6,0,0,-3300,44728061
2026-09-25T07:26:56.799Z,64515437000000,0x051C,0x0104,-1,2,63,-6758,-6758,0,-44008,-43997,432806,44728662,1,0,0,0,3,4,0,0,0,15,15,0,1,432807,2,1,-10000,-10000,0,0,0,0,5,0,0,0,0,6,0x5AA5,-9011,23653,0,0,36728,2,2,2,4,255,0,4,15,0,0,1,0,0,0,0,0,0,0,6,0,0,-9000,44728562
2026-09-25T07:26:57.332Z,64515984000000,0x051C,0x0104,-1,2,63,-5632,-5632,0,-43988,-43998,432812,44729163,1,0,0,0,3,4,0,0,0,15,15,0,1,432812,2,1,-10000,-10000,0,0,0,0,5,0,0,0,0,6,0x5AA5,-5632,-16895,0,0,36731,2,2,2,2,255,0,2,15,0,0,1,0,0,0,0,0,0,0,6,0,0,-5600,44729163
2026-09-25T07:26:57.808Z,64516453000000,0x051C,0x0104,-1,2,63,-10137,-10137,0,-43992,-43994,432817,44729664,1,0,0,0,3,4,0,0,0,15,15,0,1,432817,2,1,-10000,-10000,0,0,0,0,5,0,0,0,0,6,0x5AA5,-10137,-12390,0,0,36731,2,2,2,2,255,0,2,15,0,0,1,0,0,0,0,0,0,0,6,0,0,-10100,44729664
2026-09-25T07:26:58.340Z,64516984000000,0x051C,0x0104,-1,2,63,-10137,-10137,0,-43969,-43994,432822,44730165,1,0,0,0,3,4,0,0,0,15,15,0,1,432822,2,1,-10000,-10000,0,0,0,0,5,0,0,0,0,6,0x5AA5,-10137,-38295,0,0,36731,2,2,2,2,255,0,2,15,0,0,1,0,0,0,0,0,0,0,6,0,0,-10100,44730165
2026-09-25T07:26:58.815Z,64517453000000,0x051C,0x0104,-1,2,63,-16895,-16895,0,-43978,-43988,432827,44730666,1,0,0,0,3,4,0,0,0,15,15,0,1,432827,2,1,-10000,-10000,0,0,0,0,5,0,0,0,0,6,0x5AA5,-16895,-28158,0,0,36731,2,2,2,2,255,0,2,15,0,0,1,0,0,0,0,0,0,0,6,0,0,-16800,44730666
2026-09-25T07:26:59.345Z,64517984000000,0x051C,0x0104,-1,2,63,-16895,-16895,0,-43980,-43988,432832,44731166,1,0,0,0,3,4,0,0,0,15,15,0,1,432832,2,1,-10000,-10000,0,0,0,0,5,0,0,0,0,6,0x5AA5,-16895,-25906,0,0,36731,2,2,2,2,255,0,2,15,0,0,1,0,0,0,0,0,0,0,6,0,0,-16800,44731166
2026-09-25T07:26:59.836Z,64518484000000,0x051C,0x0104,-1,2,63,-22527,-22527,0,-43983,-43983,432837,44731667,1,0,0,0,3,4,0,0,0,15,15,0,1,432837,2,1,-10000,-10000,0,0,0,0,5,0,0,0,0,6,0x5AA5,-22527,-22527,0,0,36731,2,2,2,2,255,0,2,15,0,0,1,0,0,0,0,0,0,0,6,0,0,-22500,44731667
2026-09-25T07:27:00.353Z,64519000000000,0x051C,0x0104,-1,2,63,-20274,-20274,0,-43996,-43985,432842,44732168,1,0,0,0,3,4,0,0,0,15,15,0,1,432842,2,1,-10000,-10000,0,0,0,0,5,0,0,0,0,6,0x5AA5,-20274,-7884,0,0,36733,2,2,2,2,255,0,2,15,0,0,1,0,0,0,0,0,0,0,6,0,0,-20200,44732168
2026-09-25T07:27:00.828Z,64519468000000,0x051C,0x0104,-1,2,63,-14642,-14642,0,-43981,-43990,432847,44732669,1,0,0,0,3,4,0,0,0,15,15,0,1,432847,2,1,-10000,-10000,0,0,0,0,5,0,0,0,0,6,0x5AA5,-14642,-24779,0,0,36733,2,2,2,2,255,0,2,15,0,0,1,0,0,0,0,0,0,0,6,0,0,-14600,44732669
2026-09-25T07:27:01.362Z,64520000000000,0x051C,0x0104,-1,2,63,-14642,-14642,0,-43992,-43990,432852,44733170,1,0,0,0,3,4,0,0,0,15,15,0,1,432852,2,1,-10000,-10000,0,0,0,0,5,0,0,0,0,6,0x5AA5,-14642,-12390,0,0,36735,2,2,2,2,255,0,2,15,0,0,1,0,0,0,0,0,0,0,6,0,0,-14600,44733170
2026-09-25T07:27:01.835Z,64520484000000,0x051C,0x0104,-1,2,63,-14642,-14642,0,-43979,-43990,432857,44733671,1,0,0,0,3,4,0,0,0,15,15,0,1,432857,2,1,-10000,-10000,0,0,0,0,5,0,0,0,0,6,0x5AA5,-14642,-27032,0,0,36735,2,2,2,2,255,0,2,15,0,0,1,0,0,0,0,0,0,0,6,0,0,-14600,44733671
2026-09-25T07:27:02.352Z,64521000000000,0x051C,0x0104,-1,2,63,-9011,-9011,0,-43995,-43995,432862,44734173,1,0,0,0,3,4,0,0,0,15,15,0,1,432862,2,1,-10000,-10000,0,0,0,0,5,0,0,0,0,6,0x5AA5,-9011,-9011,0,0,36737,2,2,2,2,255,0,2,15,0,0,1,0,0,0,0,0,0,0,6,0,0,-9000,44734173
2026-09-25T07:27:02.827Z,64521468000000,0x051C,0x0104,-1,2,63,-9011,-9011,0,-43999,-43995,432867,44734673,1,0,0,0,3,4,0,0,0,15,15,0,1,432867,2,1,-10000,-10000,0,0,0,0,5,0,0,0,0,6,0x5AA5,-9011,-4505,0,0,36737,2,2,2,2,255,0,2,15,0,0,1,0,0,0,0,0,0,0,6,0,0,-9000,44734673
2026-09-25T07:27:03.363Z,64522015000000,0x051C,0x0104,-1,2,63,-9011,-9011,0,-43997,-43995,432872,44735173,1,0,0,0,3,4,0,0,0,15,15,0,1,432872,2,1,-10000,-10000,0,0,0,0,5,0,0,0,0,6,0x5AA5,-9011,-6758,0,0,36739,2,2,2,2,255,0,2,15,0,0,1,0,0,0,0,0,0,0,6,0,0,-9000,44735173
2026-09-25T07:27:03.822Z,64522468000000,0x051C,0x0104,-1,2,63,-9011,-9011,0,-43992,-43995,432877,44735674,1,0,0,0,3,4,0,0,0,15,15,0,1,432877,2,1,-10000,-10000,0,0,0,0,5,0,0,0,0,6,0x5AA5,-9011,-12390,0,0,36741,2,2,2,2,255,0,2,15,0,0,1,0,0,0,0,0,0,0,6,0,0,-9000,44735674
2026-09-25T07:27:04.358Z,64523000000000,0x051C,0x0104,-1,2,63,-10137,-10137,0,-43988,-43994,432882,44736175,1,0,0,0,3,4,0,0,0,15,15,0,1,432882,2,1,-10000,-10000,0,0,0,0,5,0,0,0,0,6,0x5AA5,-10137,-16895,0,0,36741,2,2,2,2,255,0,2,15,0,0,1,0,0,0,0,0,0,0,6,0,0,-10100,44736175
2026-09-25T07:27:04.835Z,64523484000000,0x051C,0x0104,-1,2,63,-9011,-9011,0,-44006,-43995,432887,44736676,1,0,0,0,3,4,0,0,0,15,15,0,1,432887,2,1,-10000,-10000,0,0,0,0,5,0,0,0,0,6,0x5AA5,-9011,3379,0,0,36742,2,2,2,4,255,0,4,15,0,0,1,0,0,0,0,0,0,0,6,0,0,-9000,44736676
2026-09-25T07:27:05.354Z,64524000000000,0x051C,0x0104,-1,2,63,-11263,-11263,0,-43969,-43993,432892,44737177,1,0,0,0,3,4,0,0,0,15,15,0,1,432892,2,1,-10000,-10000,0,0,0,0,5,0,0,0,0,6,0x5AA5,-11263,-38295,0,0,36743,2,2,2,2,255,0,2,15,0,0,1,0,0,0,0,0,0,0,6,0,0,-11200,44737177
2026-09-25T07:27:05.828Z,64524468000000,0x051C,0x0104,-1,2,63,-14642,-14642,0,-43986,-43990,432897,44737678,1,0,0,0,3,4,0,0,0,15,15,0,1,432897,2,1,-10000,-10000,0,0,0,0,5,0,0,0,0,6,0x5AA5,-14642,-19148,0,0,36743,2,2,2,2,255,0,2,15,0,0,1,0,0,0,0,0,0,0,6,0,0,-14600,44737678
2026-09-25T07:27:06.361Z,64525000000000,0x051C,0x0104,-1,2,63,-15769,-15769,0,-43992,-43989,432902,44738179,1,0,0,0,3,4,0,0,0,15,15,0,1,432902,2,1,-10000,-10000,0,0,0,0,5,0,0,0,0,6,0x5AA5,-15769,-12390,0,0,36743,2,2,2,2,255,0,2,15,0,0,1,0,0,0,0,0,0,0,6,0,0,-15700,44738179
2026-09-25T07:27:06.835Z,64525484000000,0x051C,0x0104,-1,2,63,-15769,-15769,0,-43986,-43989,432907,44738679,1,0,0,0,3,4,0,0,0,15,15,0,1,432907,2,1,-10000,-10000,0,0,0,0,5,0,0,0,0,6,0x5AA5,-15769,-19148,0,0,36743,2,2,2,2,255,0,2,15,0,0,1,0,0,0,0,0,0,0,6,0,0,-15700,44738679
2026-09-25T07:27:07.352Z,64526000000000,0x051C,0x0104,-1,2,63,-12390,-12390,0,-43996,-43992,432912,44739180,1,0,0,0,3,4,0,0,0,15,15,0,1,432912,2,1,-10000,-10000,0,0,0,0,5,0,0,0,0,6,0x5AA5,-12390,-7884,0,0,36745,2,2,2,2,255,0,2,15,0,0,1,0,0,0,0,0,0,0,6,0,0,-12300,44739180
2026-09-25T07:27:07.827Z,64526468000000,0x051C,0x0104,-1,2,63,-12390,-12390,0,-43983,-43992,432917,44739681,1,0,0,0,3,4,0,0,0,15,15,0,1,432917,2,1,-10000,-10000,0,0,0,0,5,0,0,0,0,6,0x5AA5,-12390,-22527,0,0,36745,2,2,2,2,255,0,2,15,0,0,1,0,0,0,0,0,0,0,6,0,0,-12300,44739681
2026-09-25T07:27:08.360Z,64527000000000,0x051C,0x0104,-1,2,63,-6758,-6758,0,-43998,-43997,432922,44740182,1,0,0,0,3,4,0,0,0,15,15,0,1,432922,2,1,-10000,-10000,0,0,0,0,5,0,0,0,0,6,0x5AA5,-6758,-5632,0,0,36747,2,2,2,2,255,0,2,15,0,0,1,0,0,0,0,0,0,0,6,0,0,-6700,44740182
2026-09-25T07:27:08.835Z,64527484000000,0x051C,0x0104,-1,2,63,-9011,-9011,0,-44001,-43995,432927,44740683,1,0,0,0,3,4,0,0,0,15,15,0,1,432927,2,1,-10000,-10000,0,0,0,0,5,0,0,0,0,6,0x5AA5,-9011,-2253,0,0,36747,2,2,2,2,255,0,2,15,0,0,1,0,0,0,0,0,0,0,6,0,0,-9000,44740683
2026-09-25T07:27:09.354Z,64528000000000,0x051C,0x0104,-1,2,63,-11263,-11263,0,-43998,-43993,432932,44741184,1,0,0,0,3,4,0,0,0,15,15,0,1,432932,2,1,-10000,-10000,0,0,0,0,5,0,0,0,0,6,0x5AA5,-11263,-5632,0,0,36747,2,2,2,2,255,0,2,15,0,0,1,0,0,0,0,0,0,0,6,0,0,-11200,44741184
2026-09-25T07:27:09.829Z,64528468000000,0x051C,0x0104,-1,2,63,-7884,-7884,0,-43986,-43996,432937,44741685,1,0,0,0,3,4,0,0,0,15,15,0,1,432937,2,1,-10000,-10000,0,0,0,0,5,0,0,0,0,6,0x5AA5,-7884,-19148,0,0,36747,2,2,2,2,255,0,2,15,0,0,1,0,0,0,0,0,0,0,6,0,0,-7800,44741685
2026-09-25T07:27:10.361Z,64529000000000,0x051C,0x0104,-1,2,63,-16895,-16895,0,-43980,-43988,432942,44742185,1,0,0,0,3,4,0,0,0,15,15,0,1,432942,2,1,-10000,-10000,0,0,0,0,5,0,0,0,0,6,0x5AA5,-16895,-25906,0,0,36747,2,2,2,2,255,0,2,15,0,0,1,0,0,0,0,0,0,0,6,0,0,-16800,44742185
2026-09-25T07:27:10.835Z,64529484000000,0x051C,0x0104,-1,2,63,-22527,-22527,0,-43977,-43983,432947,44742686,1,0,0,0,3,4,0,0,0,15,15,0,1,432947,2,1,-10000,-10000,0,0,0,0,5,0,0,0,0,6,0x5AA5,-22527,-29285,0,0,36747,2,2,2,2,255,0,2,15,0,0,1,0,0,0,0,0,0,0,6,0,0,-22500,44742686
2026-09-25T07:27:11.358Z,64530000000000,0x051C,0x0104,-1,2,63,-14642,-14642,0,-43993,-43990,432952,44743187,1,0,0,0,3,4,0,0,0,15,15,0,1,432952,2,1,-10000,-10000,0,0,0,0,5,0,0,0,0,6,0x5AA5,-14642,-11263,0,0,36749,2,2,2,2,255,0,2,15,0,0,1,0,0,0,0,0,0,0,6,0,0,-14600,44743187
2026-09-25T07:27:11.834Z,64530484000000,0x051C,0x0104,-1,2,63,-16895,-16895,0,-43977,-43988,432957,44743688,1,0,0,0,3,4,0,0,0,15,15,0,1,432957,2,1,-10000,-10000,0,0,0,0,5,0,0,0,0,6,0x5AA5,-16895,-29285,0,0,36749,2,2,2,2,255,0,2,15,0,0,1,0,0,0,0,0,0,0,6,0,0,-16800,44743688
2026-09-25T07:27:12.355Z,64531000000000,0x051C,0x0104,-1,2,63,-11263,-11263,0,-44015,-43993,432961,44744193,1,0,0,0,3,4,0,0,0,15,15,0,1,432962,2,1,-10000,-10000,0,0,0,0,5,0,0,0,0,6,0x5AA5,-14642,7884,0,0,36750,2,2,2,4,255,0,4,15,0,0,1,0,0,0,0,0,0,0,6,0,0,-14600,44744089
2026-09-25T07:27:12.833Z,64531484000000,0x051C,0x0104,-1,2,63,-14642,-14642,0,-43966,-43990,432967,44744690,1,0,0,0,3,4,0,0,0,15,15,0,1,432967,2,1,-10000,-10000,0,0,0,0,5,0,0,0,0,6,0x5AA5,-14642,-41674,0,0,36751,2,2,2,2,255,0,2,15,0,0,1,0,0,0,0,0,0,0,6,0,0,-14600,44744690
2026-09-25T07:27:13.352Z,64532000000000,0x051C,0x0104,-1,2,63,-18021,-18021,0,-43990,-43987,432971,44745191,1,0,0,0,3,4,0,0,0,15,15,0,1,432972,2,1,-10000,-10000,0,0,0,0,5,0,0,0,0,6,0x5AA5,-18021,-21400,0,0,36751,2,2,2,2,255,0,2,15,0,0,1,0,0,0,0,0,0,0,6,0,0,-18000,44745091
2026-09-25T07:27:13.831Z,64532468000000,0x051C,0x0104,-1,2,63,-18021,-18021,0,-43985,-43987,432976,44745695,1,0,0,0,3,4,0,0,0,15,15,0,1,432977,2,1,-10000,-10000,0,0,0,0,5,0,0,0,0,6,0x5AA5,-18021,-27032,0,0,36751,2,2,2,2,255,0,2,15,0,0,1,0,0,0,0,0,0,0,6,0,0,-18000,44745591
2026-09-25T07:27:14.362Z,64533000000000,0x051C,0x0104,-1,2,63,-9011,-9011,0,-44002,-43995,432982,44746193,1,0,0,0,3,4,0,0,0,15,15,0,1,432982,2,1,-10000,-10000,0,0,0,0,5,0,0,0,0,6,0x5AA5,-9011,-1126,0,0,36753,2,2,2,2,255,0,2,15,0,0,1,0,0,0,0,0,0,0,6,0,0,-9000,44746193
2026-09-25T07:27:14.855Z,64533500000000,0x051C,0x0104,-1,2,63,-4505,-4505,0,-43996,-43999,432987,44746693,1,0,0,0,3,4,0,0,0,15,15,0,1,432987,2,1,-10000,-10000,0,0,0,0,5,0,0,0,0,6,0x5AA5,-4505,-7884,0,0,36755,2,2,2,2,255,0,2,15,0,0,1,0,0,0,0,0,0,0,6,0,0,-4500,44746693
2026-09-25T07:27:15.387Z,64534031000000,0x051C,0x0104,-1,2,63,-5632,-5632,0,-43996,-43998,432992,44747194,1,0,0,0,3,4,0,0,0,15,15,0,1,432992,2,1,-10000,-10000,0,0,0,0,5,0,0,0,0,6,0x5AA5,-5632,-7884,0,0,36757,2,2,2,2,255,0,2,15,0,0,1,0,0,0,0,0,0,0,6,0,0,-5600,44747194
2026-09-25T07:27:15.861Z,64534500000000,0x051C,0x0104,-1,2,63,-7884,-7884,0,-43986,-43996,432997,44747695,1,0,0,0,3,4,0,0,0,15,15,0,1,432997,2,1,-10000,-10000,0,0,0,0,5,0,0,0,0,6,0x5AA5,-7884,-19148,0,0,36757,2,2,2,2,255,0,2,15,0,0,1,0,0,0,0,0,0,0,6,0,0,-7800,44747695
2026-09-25T07:27:16.391Z,64535031000000,0x051C,0x0104,-1,2,63,-12390,-12390,0,-43998,-43992,433002,44748196,1,0,0,0,3,4,0,0,0,15,15,0,1,433002,2,1,-10000,-10000,0,0,0,0,5,0,0,0,0,6,0x5AA5,-12390,-5632,0,0,36757,2,2,2,2,255,0,2,15,0,0,1,0,0,0,0,0,0,0,6,0,0,-12300,44748196
2026-09-25T07:27:16.867Z,64535515000000,0x051C,0x0104,-1,2,63,-9011,-9011,0,-43999,-43995,433007,44748697,1,0,0,0,3,4,0,0,0,15,15,0,1,433007,2,1,-10000,-10000,0,0,0,0,5,0,0,0,0,6,0x5AA5,-9011,-4505,0,0,36759,2,2,2,2,255,0,2,15,0,0,1,0,0,0,0,0,0,0,6,0,0,-9000,44748697
2026-09-25T07:27:17.384Z,64536031000000,0x051C,0x0104,-1,2,63,-11263,-11263,0,-43994,-43993,433012,44749198,1,0,0,0,3,4,0,0,0,15,15,0,1,433012,2,1,-10000,-10000,0,0,0,0,5,0,0,0,0,6,0x5AA5,-11263,-10137,0,0,36759,2,2,2,2,255,0,2,15,0,0,1,0,0,0,0,0,0,0,6,0,0,-11200,44749198
2026-09-25T07:27:17.857Z,64536500000000,0x051C,0x0104,-1,2,63,-12390,-12390,0,-43981,-43992,433017,44749699,1,0,0,0,3,4,0,0,0,15,15,0,1,433017,2,1,-10000,-10000,0,0,0,0,5,0,0,0,0,6,0x5AA5,-12390,-24779,0,0,36759,2,2,2,2,255,0,2,15,0,0,1,0,0,0,0,0,0,0,6,0,0,-12300,44749699
2026-09-25T07:27:18.391Z,64537031000000,0x051C,0x0104,-1,2,63,-15769,-15769,0,-43989,-43989,433022,44750199,1,0,0,0,3,4,0,0,0,15,15,0,1,433022,2,1,-10000,-10000,0,0,0,0,5,0,0,0,0,6,0x5AA5,-15769,-15769,0,0,36761,2,2,2,2,255,0,2,15,0,0,1,0,0,0,0,0,0,0,6,0,0,-15700,44750199
2026-09-25T07:27:18.864Z,64537515000000,0x051C,0x0104,-1,2,63,-14642,-14642,0,-44000,-43990,433027,44750700,1,0,0,0,3,4,0,0,0,15,15,0,1,433027,2,1,-10000,-10000,0,0,0,0,5,0,0,0,0,6,0x5AA5,-14642,-3379,0,0,36761,2,2,2,2,255,0,2,15,0,0,1,0,0,0,0,0,0,0,6,0,0,-14600,44750700
2026-09-25T07:27:19.380Z,64538031000000,0x051C,0x0104,-1,2,63,-12390,-12390,0,-43991,-43992,433032,44751201,1,0,0,0,3,4,0,0,0,15,15,0,1,433032,2,1,-10000,-10000,0,0,0,0,5,0,0,0,0,6,0x5AA5,-12390,-13516,0,0,36761,2,2,2,2,255,0,2,15,0,0,1,0,0,0,0,0,0,0,6,0,0,-12300,44751201
2026-09-25T07:27:19.856Z,64538500000000,0x051C,0x0104,-1,2,63,-14642,-14642,0,-43972,-43990,433037,44751702,1,0,0,0,3,4,0,0,0,15,15,0,1,433037,2,1,-10000,-10000,0,0,0,0,5,0,0,0,0,6,0x5AA5,-14642,-34916,0,0,36761,2,2,2,2,255,0,2,15,0,0,1,0,0,0,0,0,0,0,6,0,0,-14600,44751702
2026-09-25T07:27:20.390Z,64539031000000,0x051C,0x0104,-1,2,63,-11263,-11263,0,-44000,-43993,433042,44752203,1,0,0,0,3,4,0,0,0,15,15,0,1,433042,2,1,-10000,-10000,0,0,0,0,5,0,0,0,0,6,0x5AA5,-11263,-3379,0,0,36763,2,2,2,2,255,0,2,15,0,0,1,0,0,0,0,0,0,0,6,0,0,-11200,44752203
2026-09-25T07:27:20.863Z,64539515000000,0x051C,0x0104,-1,2,63,-15769,-15769,0,-43986,-43989,433047,44752704,1,0,0,0,3,4,0,0,0,15,15,0,1,433047,2,1,-10000,-10000,0,0,0,0,5,0,0,0,0,6,0x5AA5,-15769,-19148,0,0,36763,2,2,2,2,255,0,2,15,0,0,1,0,0,0,0,0,0,0,6,0,0,-15700,44752704
2026-09-25T07:27:21.381Z,64540031000000,0x051C,0x0104,-1,2,63,-18021,-18021,0,-43991,-43987,433052,44753205,1,0,0,0,3,4,0,0,0,15,15,0,1,433052,2,1,-10000,-10000,0,0,0,0,5,0,0,0,0,6,0x5AA5,-18021,-13516,0,0,36763,2,2,2,2,255,0,2,15,0,0,1,0,0,0,0,0,0,0,6,0,0,-18000,44753205
2026-09-25T07:27:21.854Z,64540500000000,0x051C,0x0104,-1,2,63,-18021,-18021,0,-44013,-43987,433057,44753706,1,0,0,0,3,4,0,0,0,15,15,0,1,433057,2,1,-10000,-10000,0,0,0,0,5,0,0,0,0,6,0x5AA5,-18021,11263,0,0,36764,2,2,2,4,255,0,4,15,0,0,1,0,0,0,0,0,0,0,6,0,0,-18000,44753706
2026-09-25T07:27:22.387Z,64541031000000,0x051C,0x0104,-1,2,63,-13516,-13516,0,-44001,-43991,433062,44754206,1,0,0,0,3,4,0,0,0,15,15,0,1,433062,2,1,-10000,-10000,0,0,0,0,5,0,0,0,0,6,0x5AA5,-13516,-2253,0,0,36765,2,2,2,2,255,0,2,15,0,0,1,0,0,0,0,0,0,0,6,0,0,-13500,44754206
2026-09-25T07:27:22.861Z,64541500000000,0x051C,0x0104,-1,2,63,-18021,-18021,0,-43972,-43987,433067,44754707,1,0,0,0,3,4,0,0,0,15,15,0,1,433067,2,1,-10000,-10000,0,0,0,0,5,0,0,0,0,6,0x5AA5,-18021,-34916,0,0,36765,2,2,2,2,255,0,2,15,0,0,1,0,0,0,0,0,0,0,6,0,0,-18000,44754707
2026-09-25T07:27:23.392Z,64542031000000,0x051C,0x0104,-1,2,63,-20274,-20274,0,-43984,-43985,433072,44755208,1,0,0,0,3,4,0,0,0,15,15,0,1,433072,2,1,-10000,-10000,0,0,0,0,5,0,0,0,0,6,0x5AA5,-20274,-21400,0,0,36765,2,2,2,2,255,0,2,15,0,0,1,0,0,0,0,0,0,0,6,0,0,-20200,44755208
2026-09-25T07:27:23.868Z,64542515000000,0x051C,0x0104,-1,2,63,-24779,-24779,0,-43984,-43981,433077,44755709,1,0,0,0,3,4,0,0,0,15,15,0,1,433077,2,1,-10000,-10000,0,0,0,0,5,0,0,0,0,6,0x5AA5,-24779,-21400,0,0,36765,2,2,2,2,255,0,2,15,0,0,1,0,0,0,0,0,0,0,6,0,0,-24700,44755709
2026-09-25T07:27:24.400Z,64543046000000,0x051C,0x0104,-1,2,63,-16895,-16895,0,-43994,-43988,433082,44756210,1,0,0,0,3,4,0,0,0,15,15,0,1,433082,2,1,-10000,-10000,0,0,0,0,5,0,0,0,0,6,0x5AA5,-16895,-10137,0,0,36765,2,2,2,2,255,0,2,15,0,0,1,0,0,0,0,0,0,0,6,0,0,-16800,44756210
2026-09-25T07:27:24.874Z,64543515000000,0x051C,0x0104,-1,2,63,-14642,-14642,0,-43999,-43990,433087,44756711,1,0,0,0,3,4,0,0,0,15,15,0,1,433087,2,1,-10000,-10000,0,0,0,0,5,0,0,0,0,6,0x5AA5,-14642,-4505,0,0,36765,2,2,2,2,255,0,2,15,0,0,1,0,0,0,0,0,0,0,6,0,0,-14600,44756711
2026-09-25T07:27:25.408Z,64544046000000,0x051C,0x0104,-1,2,63,-12390,-12390,0,-43991,-43992,433092,44757213,1,0,0,0,3,4,0,0,0,15,15,0,1,433092,2,1,-10000,-10000,0,0,0,0,5,0,0,0,0,6,0x5AA5,-12390,-13516,0,0,36767,2,2,2,2,255,0,2,15,0,0,1,0,0,0,0,0,0,0,6,0,0,-12300,44757213
2026-09-25T07:27:25.884Z,64544531000000,0x051C,0x0104,-1,2,63,-12390,-12390,0,-43979,-43992,433097,44757713,1,0,0,0,3,4,0,0,0,15,15,0,1,433097,2,1,-10000,-10000,0,0,0,0,5,0,0,0,0,6,0x5AA5,-12390,-27032,0,0,36769,2,2,2,2,255,0,2,15,0,0,1,0,0,0,0,0,0,0,6,0,0,-12300,44757713
2026-09-25T07:27:26.400Z,64545046000000,0x051C,0x0104,-1,2,63,-12390,-12390,0,-43987,-43992,433102,44758214,1,0,0,0,3,4,0,0,0,15,15,0,1,433102,2,1,-10000,-10000,0,0,0,0,5,0,0,0,0,6,0x5AA5,-12390,-18021,0,0,36769,2,2,2,2,255,0,2,15,0,0,1,0,0,0,0,0,0,0,6,0,0,-12300,44758214
2026-09-25T07:27:26.877Z,64545515000000,0x051C,0x0104,-1,2,63,-10137,-10137,0,-43995,-43994,433107,44758715,1,0,0,0,3,4,0,0,0,15,15,0,1,433107,2,1,-10000,-10000,0,0,0,0,5,0,0,0,0,6,0x5AA5,-10137,-9011,0,0,36771,2,2,2,2,255,0,2,15,0,0,1,0,0,0,0,0,0,0,6,0,0,-10100,44758715
2026-09-25T07:27:27.410Z,64546062000000,0x051C,0x0104,-1,2,63,-14642,-14642,0,-43985,-43990,433112,44759216,1,0,0,0,3,4,0,0,0,15,15,0,1,433112,2,1,-10000,-10000,0,0,0,0,5,0,0,0,0,6,0x5AA5,-14642,-20274,0,0,36771,2,2,2,2,255,0,2,15,0,0,1,0,0,0,0,0,0,0,6,0,0,-14600,44759216
2026-09-25T07:27:27.871Z,64546515000000,0x051C,0x0104,-1,2,63,-18021,-18021,0,-43969,-43987,433117,44759716,1,0,0,0,3,4,0,0,0,15,15,0,1,433117,2,1,-10000,-10000,0,0,0,0,5,0,0,0,0,6,0x5AA5,-18021,-38295,0,0,36771,2,2,2,2,255,0,2,15,0,0,1,0,0,0,0,0,0,0,6,0,0,-18000,44759716
2026-09-25T07:27:28.403Z,64547046000000,0x051C,0x0104,-1,2,63,-22527,-22527,0,-43985,-43983,433122,44760217,1,0,0,0,3,4,0,0,0,15,15,0,1,433122,2,1,-10000,-10000,0,0,0,0,5,0,0,0,0,6,0x5AA5,-22527,-20274,0,0,36771,2,2,2,2,255,0,2,15,0,0,1,0,0,0,0,0,0,0,6,0,0,-22500,44760217
2026-09-25T07:27:28.878Z,64547515000000,0x051C,0x0104,-1,2,63,-19148,-19148,0,-44007,-43986,433127,44760718,1,0,0,0,3,4,0,0,0,15,15,0,1,433127,2,1,-10000,-10000,0,0,0,0,5,0,0,0,0,6,0x5AA5,-19148,4505,0,0,36772,2,2,2,4,255,0,4,15,0,0,1,0,0,0,0,0,0,0,6,0,0,-19100,44760718
2026-09-25T07:27:29.411Z,64548062000000,0x051C,0x0104,-1,2,63,-19148,-19148,0,-43977,-43986,433132,44761219,1,0,0,0,3,4,0,0,0,15,15,0,1,433132,2,1,-10000,-10000,0,0,0,0,5,0,0,0,0,6,0x5AA5,-19148,-29285,0,0,36773,2,2,2,2,255,0,2,15,0,0,1,0,0,0,0,0,0,0,6,0,0,-19100,44761219
2026-09-25T07:27:29.872Z,64548515000000,0x051C,0x0104,-1,2,63,-23653,-23653,0,-43988,-43982,433137,44761720,1,0,0,0,3,4,0,0,0,15,15,0,1,433137,2,1,-10000,-10000,0,0,0,0,5,0,0,0,0,6,0x5AA5,-23653,-16895,0,0,36773,2,2,2,2,255,0,2,15,0,0,1,0,0,0,0,0,0,0,6,0,0,-23600,44761720
2026-09-25T07:27:30.402Z,64549046000000,0x051C,0x0104,-1,2,63,-15769,-15769,0,-43980,-43989,433142,44762221,1,0,0,0,3,4,0,0,0,15,15,0,1,433142,2,1,-10000,-10000,0,0,0,0,5,0,0,0,0,6,0x5AA5,-15769,-25906,0,0,36773,2,2,2,2,255,0,2,15,0,0,1,0,0,0,0,0,0,0,6,0,0,-15700,44762221
2026-09-25T07:27:30.878Z,64549515000000,0x051C,0x0104,-1,2,63,-13516,-13516,0,-43994,-43991,433147,44762722,1,0,0,0,3,4,0,0,0,15,15,0,1,433147,2,1,-10000,-10000,0,0,0,0,5,0,0,0,0,6,0x5AA5,-13516,-10137,0,0,36773,2,2,2,2,255,0,2,15,0,0,1,0,0,0,0,0,0,0,6,0,0,-13500,44762722
2026-09-25T07:27:31.412Z,64550062000000,0x051C,0x0104,-1,2,63,-12390,-12390,0,-43989,-43992,433152,44763223,1,0,0,0,3,4,0,0,0,15,15,0,1,433152,2,1,-10000,-10000,0,0,0,0,5,0,0,0,0,6,0x5AA5,-12390,-15769,0,0,36773,2,2,2,2,255,0,2,15,0,0,1,0,0,0,0,0,0,0,6,0,0,-12300,44763223
2026-09-25T07:27:31.873Z,64550515000000,0x051C,0x0104,-1,2,63,-15769,-15769,0,-43997,-43989,433157,44763724,1,0,0,0,3,4,0,0,0,15,15,0,1,433157,2,1,-10000,-10000,0,0,0,0,5,0,0,0,0,6,0x5AA5,-15769,-6758,0,0,36773,2,2,2,2,255,0,2,15,0,0,1,0,0,0,0,0,0,0,6,0,0,-15700,44763724
2026-09-25T07:27:32.406Z,64551046000000,0x051C,0x0104,-1,2,63,-9011,-9011,0,-43992,-43995,433162,44764225,1,0,0,0,3,4,0,0,0,15,15,0,1,433162,2,1,-10000,-10000,0,0,0,0,5,0,0,0,0,6,0x5AA5,-9011,-12390,0,0,36775,2,2,2,2,255,0,2,15,0,0,1,0,0,0,0,0,0,0,6,0,0,-9000,44764225
2026-09-25T07:27:32.882Z,64551531000000,0x051C,0x0104,-1,2,63,-13516,-13516,0,-43984,-43991,433167,44764726,1,0,0,0,3,4,0,0,0,15,15,0,1,433167,2,1,-10000,-10000,0,0,0,0,5,0,0,0,0,6,0x5AA5,-13516,-21400,0,0,36775,2,2,2,2,255,0,2,15,0,0,1,0,0,0,0,0,0,0,6,0,0,-13500,44764726
2026-09-25T07:27:33.400Z,64552046000000,0x051C,0x0104,-1,2,63,-12390,-12390,0,-43986,-43992,433172,44765226,1,0,0,0,3,4,0,0,0,15,15,0,1,433172,2,1,-10000,-10000,0,0,0,0,5,0,0,0,0,6,0x5AA5,-12390,-19148,0,0,36775,2,2,2,2,255,0,2,15,0,0,1,0,0,0,0,0,0,0,6,0,0,-12300,44765226
2026-09-25T07:27:33.874Z,64552515000000,0x051C,0x0104,-1,2,63,-7884,-7884,0,-44000,-43996,433177,44765727,1,0,0,0,3,4,0,0,0,15,15,0,1,433177,2,1,-10000,-10000,0,0,0,0,5,0,0,0,0,6,0x5AA5,-7884,-3379,0,0,36777,2,2,2,2,255,0,2,15,0,0,1,0,0,0,0,0,0,0,6,0,0,-7800,44765727
2026-09-25T07:27:34.407Z,64553046000000,0x051C,0x0104,-1,2,63,-10137,-10137,0,-43998,-43994,433182,44766228,1,0,0,0,3,4,0,0,0,15,15,0,1,433182,2,1,-10000,-10000,0,0,0,0,5,0,0,0,0,6,0x5AA5,-10137,-5632,0,0,36779,2,2,2,2,255,0,2,15,0,0,1,0,0,0,0,0,0,0,6,0,0,-10100,44766228
2026-09-25T07:27:34.882Z,64553531000000,0x051C,0x0104,-1,2,63,-18021,-18021,0,-43966,-43987,433187,44766729,1,0,0,0,3,4,0,0,0,15,15,0,1,433187,2,1,-10000,-10000,0,0,0,0,5,0,0,0,0,6,0x5AA5,-18021,-41674,0,0,36779,2,2,2,2,255,0,2,15,0,0,1,0,0,0,0,0,0,0,6,0,0,-18000,44766729
2026-09-25T07:27:35.399Z,64554046000000,0x051C,0x0104,-1,2,63,-18021,-18021,0,-43991,-43987,433192,44767230,1,0,0,0,3,4,0,0,0,15,15,0,1,433192,2,1,-10000,-10000,0,0,0,0,5,0,0,0,0,6,0x5AA5,-18021,-13516,0,0,36779,2,2,2,2,255,0,2,15,0,0,1,0,0,0,0,0,0,0,6,0,0,-18000,44767230
2026-09-25T07:27:35.874Z,64554515000000,0x051C,0x0104,-1,2,63,-14642,-14642,0,-43991,-43990,433197,44767731,1,0,0,0,3,4,0,0,0,15,15,0,1,433197,2,1,-10000,-10000,0,0,0,0,5,0,0,0,0,6,0x5AA5,-14642,-13516,0,0,36779,2,2,2,2,255,0,2,15,0,0,1,0,0,0,0,0,0,0,6,0,0,-14600,44767731
2026-09-25T07:27:36.409Z,64555046000000,0x051C,0x0104,-1,2,63,-15769,-15769,0,-43985,-43989,433202,44768233,1,0,0,0,3,4,0,0,0,15,15,0,1,433202,2,1,-10000,-10000,0,0,0,0,5,0,0,0,0,6,0x5AA5,-15769,-20274,0,0,36779,2,2,2,2,255,0,2,15,0,0,1,0,0,0,0,0,0,0,6,0,0,-15700,44768233
2026-09-25T07:27:36.886Z,64555531000000,0x051C,0x0104,-1,2,63,-16895,-16895,0,-43998,-43988,433207,44768733,1,0,0,0,3,4,0,0,0,15,15,0,1,433207,2,1,-10000,-10000,0,0,0,0,5,0,0,0,0,6,0x5AA5,-16895,-5632,0,0,36779,2,2,2,2,255,0,2,15,0,0,1,0,0,0,0,0,0,0,6,0,0,-16800,44768733
2026-09-25T07:27:37.419Z,64556062000000,0x051C,0x0104,-1,2,63,-13516,-13516,0,-43997,-43991,433212,44769234,1,0,0,0,3,4,0,0,0,15,15,0,1,433212,2,1,-10000,-10000,0,0,0,0,5,0,0,0,0,6,0x5AA5,-13516,-6758,0,0,36779,2,2,2,2,255,0,2,15,0,0,1,0,0,0,0,0,0,0,6,0,0,-13500,44769234
2026-09-25T07:27:37.894Z,64556546000000,0x051C,0x0104,-1,2,63,-6758,-6758,0,-44007,-43997,433217,44769734,1,0,0,0,3,4,0,0,0,15,15,0,1,433217,2,1,-10000,-10000,0,0,0,0,5,0,0,0,0,6,0x5AA5,-6758,4505,0,0,36782,2,2,2,4,255,0,4,15,0,0,1,0,0,0,0,0,0,0,6,0,0,-6700,44769734
2026-09-25T07:27:38.412Z,64557062000000,0x051C,0x0104,-1,2,63,-7884,-7884,0,-44003,-43996,433222,44770235,1,0,0,0,3,4,0,0,0,15,15,0,1,433222,2,1,-10000,-10000,0,0,0,0,5,0,0,0,0,6,0x5AA5,-7884,0,0,0,36783,2,2,2,2,255,0,2,15,0,0,1,0,0,0,0,0,0,0,6,0,0,-7800,44770235
2026-09-25T07:27:38.889Z,64557531000000,0x051C,0x0104,-1,2,63,-9011,-9011,0,-43982,-43995,433227,44770736,1,0,0,0,3,4,0,0,0,15,15,0,1,433227,2,1,-10000,-10000,0,0,0,0,5,0,0,0,0,6,0x5AA5,-9011,-23653,0,0,36785,2,2,2,2,255,0,2,15,0,0,1,0,0,0,0,0,0,0,6,0,0,-9000,44770736
2026-09-25T07:27:39.422Z,64558062000000,0x051C,0x0104,-1,2,63,-19148,-19148,0,-43991,-43986,433232,44771237,1,0,0,0,3,4,0,0,0,15,15,0,1,433232,2,1,-10000,-10000,0,0,0,0,5,0,0,0,0,6,0x5AA5,-19148,-13516,0,0,36785,2,2,2,2,255,0,2,15,0,0,1,0,0,0,0,0,0,0,6,0,0,-19100,44771237
2026-09-25T07:27:39.898Z,64558546000000,0x051C,0x0104,-1,2,63,-13516,-13516,0,-43989,-43991,433237,44771738,1,0,0,0,3,4,0,0,0,15,15,0,1,433237,2,1,-10000,-10000,0,0,0,0,5,0,0,0,0,6,0x5AA5,-13516,-15769,0,0,36787,2,2,2,2,255,0,2,15,0,0,1,0,0,0,0,0,0,0,6,0,0,-13500,44771738
2026-09-25T07:27:40.418Z,64559062000000,0x051C,0x0104,-1,2,63,-13516,-13516,0,-43990,-43991,433242,44772239,1,0,0,0,3,4,0,0,0,15,15,0,1,433242,2,1,-10000,-10000,0,0,0,0,5,0,0,0,0,6,0x5AA5,-13516,-14642,0,0,36787,2,2,2,2,255,0,2,15,0,0,1,0,0,0,0,0,0,0,6,0,0,-13500,44772239
2026-09-25T07:27:40.894Z,64559546000000,0x051C,0x0104,-1,2,63,-14642,-14642,0,-43994,-43990,433247,44772740,1,0,0,0,3,4,0,0,0,15,15,0,1,433247,2,1,-10000,-10000,0,0,0,0,5,0,0,0,0,6,0x5AA5,-14642,-10137,0,0,36787,2,2,2,2,255,0,2,15,0,0,1,0,0,0,0,0,0,0,6,0,0,-14600,44772740
2026-09-25T07:27:41.412Z,64560062000000,0x051C,0x0104,-1,2,63,-14642,-14642,0,-43985,-43990,433252,44773241,1,0,0,0,3,4,0,0,0,15,15,0,1,433252,2,1,-10000,-10000,0,0,0,0,5,0,0,0,0,6,0x5AA5,-14642,-20274,0,0,36787,2,2,2,2,255,0,2,15,0,0,1,0,0,0,0,0,0,0,6,0,0,-14600,44773241
2026-09-25T07:27:41.889Z,64560531000000,0x051C,0x0104,-1,2,63,-11263,-11263,0,-43995,-43993,433257,44773742,1,0,0,0,3,4,0,0,0,15,15,0,1,433257,2,1,-10000,-10000,0,0,0,0,5,0,0,0,0,6,0x5AA5,-11263,-9011,0,0,36787,2,2,2,2,255,0,2,15,0,0,1,0,0,0,0,0,0,0,6,0,0,-11200,44773742
2026-09-25T07:27:42.421Z,64561062000000,0x051C,0x0104,-1,2,63,-11263,-11263,0,-43983,-43993,433262,44774243,1,0,0,0,3,4,0,0,0,15,15,0,1,433262,2,1,-10000,-10000,0,0,0,0,5,0,0,0,0,6,0x5AA5,-11263,-22527,0,0,36789,2,2,2,2,255,0,2,15,0,0,1,0,0,0,0,0,0,0,6,0,0,-11200,44774243
2026-09-25T07:27:42.897Z,64561546000000,0x051C,0x0104,-1,2,63,-7884,-7884,0,-44004,-43996,433267,44774744,1,0,0,0,3,4,0,0,0,15,15,0,1,433267,2,1,-10000,-10000,0,0,0,0,5,0,0,0,0,6,0x5AA5,-7884,1126,0,0,36790,2,2,2,4,255,0,4,15,0,0,1,0,0,0,0,0,0,0,6,0,0,-7800,44774744
2026-09-25T07:27:43.413Z,64562062000000,0x051C,0x0104,-1,2,63,-9011,-9011,0,-43995,-43995,433272,44775245,1,0,0,0,3,4,0,0,0,15,15,0,1,433272,2,1,-10000,-10000,0,0,0,0,5,0,0,0,0,6,0x5AA5,-9011,-9011,0,0,36791,2,2,2,2,255,0,2,15,0,0,1,0,0,0,0,0,0,0,6,0,0,-9000,44775245
2026-09-25T07:27:43.890Z,64562531000000,0x051C,0x0104,-1,2,63,-11263,-11263,0,-43985,-43993,433277,44775745,1,0,0,0,3,4,0,0,0,15,15,0,1,433277,2,1,-10000,-10000,0,0,0,0,5,0,0,0,0,6,0x5AA5,-11263,-20274,0,0,36791,2,2,2,2,255,0,2,15,0,0,1,0,0,0,0,0,0,0,6,0,0,-11200,44775745
2026-09-25T07:27:44.421Z,64563062000000,0x051C,0x0104,-1,2,63,-12390,-12390,0,-43995,-43992,433282,44776246,1,0,0,0,3,4,0,0,0,15,15,0,1,433282,2,1,-10000,-10000,0,0,0,0,5,0,0,0,0,6,0x5AA5,-12390,-9011,0,0,36791,2,2,2,2,255,0,2,15,0,0,1,0,0,0,0,0,0,0,6,0,0,-12300,44776246
2026-09-25T07:27:44.899Z,64563546000000,0x051C,0x0104,-1,2,63,-10137,-10137,0,-43991,-43994,433287,44776747,1,0,0,0,3,4,0,0,0,15,15,0,1,433287,2,1,-10000,-10000,0,0,0,0,5,0,0,0,0,6,0x5AA5,-10137,-13516,0,0,36791,2,2,2,2,255,0,2,15,0,0,1,0,0,0,0,0,0,0,6,0,0,-10100,44776747
2026-09-25T07:27:45.418Z,64564062000000,0x051C,0x0104,-1,2,63,-10137,-10137,0,-43988,-43994,433292,44777248,1,0,0,0,3,4,0,0,0,15,15,0,1,433292,2,1,-10000,-10000,0,0,0,0,5,0,0,0,0,6,0x5AA5,-10137,-16895,0,0,36793,2,2,2,2,255,0,2,15,0,0,1,0,0,0,0,0,0,0,6,0,0,-10100,44777248
2026-09-25T07:27:45.894Z,64564546000000,0x051C,0x0104,-1,2,63,-10137,-10137,0,-44017,-43994,433297,44777749,1,0,0,0,3,4,0,0,0,15,15,0,1,433297,2,1,-10000,-10000,0,0,0,0,5,0,0,0,0,6,0x5AA5,-10137,15769,0,0,36794,2,2,2,4,255,0,4,15,0,0,1,0,0,0,0,0,0,0,6,0,0,-10100,44777749
2026-09-25T07:27:46.414Z,64565062000000,0x051C,0x0104,-1,2,63,-10137,-10137,0,-43991,-43994,433301,44778255,1,0,0,0,3,4,0,0,0,15,15,0,1,433302,2,1,-10000,-10000,0,0,0,0,5,0,0,0,0,6,0x5AA5,-9011,-14642,0,0,36795,2,2,2,2,255,0,2,15,0,0,1,0,0,0,0,0,0,0,6,0,0,-9000,44778150
2026-09-25T07:27:46.892Z,64565531000000,0x051C,0x0104,-1,2,63,-3379,-3379,0,-43997,-44000,433307,44778751,1,0,0,0,3,4,0,0,0,15,15,0,1,433307,2,1,-10000,-10000,0,0,0,0,5,0,0,0,0,6,0x5AA5,-3379,-6758,0,0,36797,2,2,2,2,255,0,2,15,0,0,1,0,0,0,0,0,0,0,6,0,0,-3300,44778751
2026-09-25T07:27:47.424Z,64566062000000,0x051C,0x0104,-1,2,63,-7884,-7884,0,-43979,-43996,433312,44779252,1,0,0,0,3,4,0,0,0,15,15,0,1,433312,2,1,-10000,-10000,0,0,0,0,5,0,0,0,0,6,0x5AA5,-7884,-27032,0,0,36797,2,2,2,2,255,0,2,15,0,0,1,0,0,0,0,0,0,0,6,0,0,-7800,44779252
2026-09-25T07:27:47.899Z,64566546000000,0x051C,0x0104,-1,2,63,-10137,-10137,0,-43995,-43994,433317,44779753,1,0,0,0,3,4,0,0,0,15,15,0,1,433317,2,1,-10000,-10000,0,0,0,0,5,0,0,0,0,6,0x5AA5,-10137,-9011,0,0,36797,2,2,2,2,255,0,2,15,0,0,1,0,0,0,0,0,0,0,6,0,0,-10100,44779753
2026-09-25T07:27:48.436Z,64567078000000,0x051C,0x0104,-1,2,63,-12390,-12390,0,-43980,-43992,433322,44780254,1,0,0,0,3,4,0,0,0,15,15,0,1,433322,2,1,-10000,-10000,0,0,0,0,5,0,0,0,0,6,0x5AA5,-12390,-25906,0,0,36797,2,2,2,2,255,0,2,15,0,0,1,0,0,0,0,0,0,0,6,0,0,-12300,44780254
2026-09-25T07:27:48.910Z,64567562000000,0x051C,0x0104,-1,2,63,-14642,-14642,0,-44008,-43990,433327,44780755,1,0,0,0,3,4,0,0,0,15,15,0,1,433327,2,1,-10000,-10000,0,0,0,0,5,0,0,0,0,6,0x5AA5,-14642,5632,0,0,36798,2,2,2,4,255,0,4,15,0,0,1,0,0,0,0,0,0,0,6,0,0,-14600,44780755
2026-09-25T07:27:49.427Z,64568078000000,0x051C,0x0104,-1,2,63,-12390,-12390,0,-43981,-43992,433332,44781255,1,0,0,0,3,4,0,0,0,15,15,0,1,433332,2,1,-10000,-10000,0,0,0,0,5,0,0,0,0,6,0x5AA5,-12390,-24779,0,0,36799,2,2,2,2,255,0,2,15,0,0,1,0,0,0,0,0,0,0,6,0,0,-12300,44781255
2026-09-25T07:27:49.899Z,64568546000000,0x051C,0x0104,-1,2,63,-12390,-12390,0,-44004,-43992,433337,44781756,1,0,0,0,3,4,0,0,0,15,15,0,1,433337,2,1,-10000,-10000,0,0,0,0,5,0,0,0,0,6,0x5AA5,-12390,1126,0,0,36800,2,2,2,4,255,0,4,15,0,0,1,0,0,0,0,0,0,0,6,0,0,-12300,44781756
2026-09-25T07:27:50.434Z,64569078000000,0x051C,0x0104,-1,2,63,-13516,-13516,0,-43980,-43991,433342,44782257,1,0,0,0,3,4,0,0,0,15,15,0,1,433342,2,1,-10000,-10000,0,0,0,0,5,0,0,0,0,6,0x5AA5,-13516,-25906,0,0,36801,2,2,2,2,255,0,2,15,0,0,1,0,0,0,0,0,0,0,6,0,0,-13500,44782257
2026-09-25T07:27:50.908Z,64569546000000,0x051C,0x0104,-1,2,63,-15769,-15769,0,-43990,-43989,433347,44782758,1,0,0,0,3,4,0,0,0,15,15,0,1,433347,2,1,-10000,-10000,0,0,0,0,5,0,0,0,0,6,0x5AA5,-15769,-14642,0,0,36801,2,2,2,2,255,0,2,15,0,0,1,0,0,0,0,0,0,0,6,0,0,-15700,44782758
2026-09-25T07:27:51.441Z,64570093000000,0x051C,0x0104,-1,2,63,-13516,-13516,0,-43995,-43991,433352,44783259,1,0,0,0,3,4,0,0,0,15,15,0,1,433352,2,1,-10000,-10000,0,0,0,0,5,0,0,0,0,6,0x5AA5,-13516,-9011,0,0,36801,2,2,2,2,255,0,2,15,0,0,1,0,0,0,0,0,0,0,6,0,0,-13500,44783259
2026-09-25T07:27:51.900Z,64570546000000,0x051C,0x0104,-1,2,63,-5632,-5632,0,-43988,-43998,433357,44783760,1,0,0,0,3,4,0,0,0,15,15,0,1,433357,2,1,-10000,-10000,0,0,0,0,5,0,0,0,0,6,0x5AA5,-5632,-16895,0,0,36805,2,2,2,2,255,0,2,15,0,0,1,0,0,0,0,0,0,0,6,0,0,-5600,44783760
2026-09-25T07:27:52.431Z,64571078000000,0x051C,0x0104,-1,2,63,-5632,-5632,0,-44000,-43998,433362,44784261,1,0,0,0,3,4,0,0,0,15,15,0,1,433362,2,1,-10000,-10000,0,0,0,0,5,0,0,0,0,6,0x5AA5,-5632,-3379,0,0,36809,2,2,2,2,255,0,2,15,0,0,1,0,0,0,0,0,0,0,6,0,0,-5600,44784261
2026-09-25T07:27:52.906Z,64571546000000,0x051C,0x0104,-1,2,63,-5632,-5632,0,-44006,-43998,433367,44784762,1,0,0,0,3,4,0,0,0,15,15,0,1,433367,2,1,-10000,-10000,0,0,0,0,5,0,0,0,0,6,0x5AA5,-5632,3379,0,0,36812,2,2,2,4,255,0,4,15,0,0,1,0,0,0,0,0,0,0,6,0,0,-5600,44784762
2026-09-25T07:27:53.440Z,64572078000000,0x051C,0x0104,-1,2,63,-4505,-4505,0,-43984,-43999,433372,44785263,1,0,0,0,3,4,0,0,0,15,15,0,1,433372,2,1,-10000,-10000,0,0,0,0,5,0,0,0,0,6,0x5AA5,-4505,-21400,0,0,36815,2,2,2,2,255,0,2,15,0,0,1,0,0,0,0,0,0,0,6,0,0,-4500,44785263
2026-09-25T07:27:53.914Z,64572562000000,0x051C,0x0104,-1,2,63,-12390,-12390,0,-43991,-43992,433377,44785764,1,0,0,0,3,4,0,0,0,15,15,0,1,433377,2,1,-10000,-10000,0,0,0,0,5,0,0,0,0,6,0x5AA5,-12390,-13516,0,0,36815,2,2,2,2,255,0,2,15,0,0,1,0,0,0,0,0,0,0,6,0,0,-12300,44785764
2026-09-25T07:27:54.449Z,64573093000000,0x051C,0x0104,-1,2,63,-14642,-14642,0,-43987,-43990,433382,44786265,1,0,0,0,3,4,0,0,0,15,15,0,1,433382,2,1,-10000,-10000,0,0,0,0,5,0,0,0,0,6,0x5AA5,-14642,-18021,0,0,36815,2,2,2,2,255,0,2,15,0,0,1,0,0,0,0,0,0,0,6,0,0,-14600,44786265
2026-09-25T07:27:54.927Z,64573578000000,0x051C,0x0104,-1,2,63,-14642,-14642,0,-43993,-43990,433387,44786766,1,0,0,0,3,4,0,0,0,15,15,0,1,433387,2,1,-10000,-10000,0,0,0,0,5,0,0,0,0,6,0x5AA5,-14642,-11263,0,0,36815,2,2,2,2,255,0,2,15,0,0,1,0,0,0,0,0,0,0,6,0,0,-14600,44786766
2026-09-25T07:27:55.444Z,64574093000000,0x051C,0x0104,-1,2,63,-11263,-11263,0,-43998,-43993,433392,44787266,1,0,0,0,3,4,0,0,0,15,15,0,1,433392,2,1,-10000,-10000,0,0,0,0,5,0,0,0,0,6,0x5AA5,-11263,-5632,0,0,36817,2,2,2,2,255,0,2,15,0,0,1,0,0,0,0,0,0,0,6,0,0,-11200,44787266
2026-09-25T07:27:55.919Z,64574562000000,0x051C,0x0104,-1,2,63,-5632,-5632,0,-43994,-43998,433397,44787767,1,0,0,0,3,4,0,0,0,15,15,0,1,433397,2,1,-10000,-10000,0,0,0,0,5,0,0,0,0,6,0x5AA5,-5632,-10137,0,0,36819,2,2,2,2,255,0,2,15,0,0,1,0,0,0,0,0,0,0,6,0,0,-5600,44787767
2026-09-25T07:27:56.454Z,64575093000000,0x051C,0x0104,-1,2,63,-11263,-11263,0,-43989,-43993,433402,44788268,1,0,0,0,3,4,0,0,0,15,15,0,1,433402,2,1,-10000,-10000,0,0,0,0,5,0,0,0,0,6,0x5AA5,-11263,-15769,0,0,36819,2,2,2,2,255,0,2,15,0,0,1,0,0,0,0,0,0,0,6,0,0,-11200,44788268
2026-09-25T07:27:56.929Z,64575578000000,0x051C,0x0104,-1,2,63,-14642,-14642,0,-43984,-43990,433407,44788769,1,0,0,0,3,4,0,0,0,15,15,0,1,433407,2,1,-10000,-10000,0,0,0,0,5,0,0,0,0,6,0x5AA5,-14642,-21400,0,0,36819,2,2,2,2,255,0,2,15,0,0,1,0,0,0,0,0,0,0,6,0,0,-14600,44788769
2026-09-25T07:27:57.447Z,64576093000000,0x051C,0x0104,-1,2,63,-20274,-20274,0,-43990,-43985,433412,44789270,1,0,0,0,3,4,0,0,0,15,15,0,1,433412,2,1,-10000,-10000,0,0,0,0,5,0,0,0,0,6,0x5AA5,-20274,-14642,0,0,36819,2,2,2,2,255,0,2,15,0,0,1,0,0,0,0,0,0,0,6,0,0,-20200,44789270
2026-09-25T07:27:57.924Z,64576562000000,0x051C,0x0104,-1,2,63,-18021,-18021,0,-43981,-43987,433417,44789771,1,0,0,0,3,4,0,0,0,15,15,0,1,433417,2,1,-10000,-10000,0,0,0,0,5,0,0,0,0,6,0x5AA5,-18021,-24779,0,0,36819,2,2,2,2,255,0,2,15,0,0,1,0,0,0,0,0,0,0,6,0,0,-18000,44789771
2026-09-25T07:27:58.457Z,64577109000000,0x051C,0x0104,-1,2,63,-18021,-18021,0,-44005,-43987,433422,44790273,1,0,0,0,3,4,0,0,0,15,15,0,1,433422,2,1,-10000,-10000,0,0,0,0,5,0,0,0,0,6,0x5AA5,-18021,2253,0,0,36820,2,2,2,4,255,0,4,15,0,0,1,0,0,0,0,0,0,0,6,0,0,-18000,44790273
2026-09-25T07:27:58.934Z,64577578000000,0x051C,0x0104,-1,2,63,-13516,-13516,0,-43954,-43991,433427,44790773,1,0,0,0,3,4,0,0,0,15,15,0,1,433427,2,1,-10000,-10000,0,0,0,0,5,0,0,0,0,6,0x5AA5,-13516,-55190,0,0,36821,2,2,2,2,255,0,2,15,0,0,1,0,0,0,0,0,0,0,6,0,0,-13500,44790773
2026-09-25T07:27:59.464Z,64578109000000,0x051C,0x0104,-1,2,63,-21400,-21400,0,-43981,-43984,433432,44791274,1,0,0,0,3,4,0,0,0,15,15,0,1,433432,2,1,-10000,-10000,0,0,0,0,5,0,0,0,0,6,0x5AA5,-21400,-24779,0,0,36821,2,2,2,2,255,0,2,15,0,0,1,0,0,0,0,0,0,0,6,0,0,-21400,44791274
2026-09-25T07:27:59.938Z,64578578000000,0x051C,0x0104,-1,2,63,-12390,-12390,0,-43992,-43992,433437,44791774,1,0,0,0,3,4,0,0,0,15,15,0,1,433437,2,1,-10000,-10000,0,0,0,0,5,0,0,0,0,6,0x5AA5,-12390,-12390,0,0,36823,2,2,2,2,255,0,2,15,0,0,1,0,0,0,0,0,0,0,6,0,0,-12300,44791774
2026-09-25T07:28:00.474Z,64579125000000,0x051C,0x0104,-1,2,63,-14642,-14642,0,-43987,-43990,433442,44792275,1,0,0,0,3,4,0,0,0,15,15,0,1,433442,2,1,-10000,-10000,0,0,0,0,5,0,0,0,0,6,0x5AA5,-14642,-18021,0,0,36823,2,2,2,2,255,0,2,15,0,0,1,0,0,0,0,0,0,0,6,0,0,-14600,44792275
2026-09-25T07:28:00.933Z,64579578000000,0x051C,0x0104,-1,2,63,-23653,-23653,0,-43986,-43982,433447,44792776,1,0,0,0,3,4,0,0,0,15,15,0,1,433447,2,1,-10000,-10000,0,0,0,0,5,0,0,0,0,6,0x5AA5,-23653,-19148,0,0,36823,2,2,2,2,255,0,2,15,0,0,1,0,0,0,0,0,0,0,6,0,0,-23600,44792776
2026-09-25T07:28:01.465Z,64580109000000,0x051C,0x0104,-1,2,63,-16895,-16895,0,-43982,-43988,433452,44793277,1,0,0,0,3,4,0,0,0,15,15,0,1,433452,2,1,-10000,-10000,0,0,0,0,5,0,0,0,0,6,0x5AA5,-16895,-23653,0,0,36823,2,2,2,2,255,0,2,15,0,0,1,0,0,0,0,0,0,0,6,0,0,-16800,44793277
2026-09-25T07:28:01.939Z,64580578000000,0x051C,0x0104,-1,2,63,-14642,-14642,0,-43983,-43990,433457,44793778,1,0,0,0,3,4,0,0,0,15,15,0,1,433457,2,1,-10000,-10000,0,0,0,0,5,0,0,0,0,6,0x5AA5,-14642,-22527,0,0,36825,2,2,2,2,255,0,2,15,0,0,1,0,0,0,0,0,0,0,6,0,0,-14600,44793778
2026-09-25T07:28:02.472Z,64581109000000,0x051C,0x0104,-1,2,63,-14642,-14642,0,-43995,-43990,433462,44794279,1,0,0,0,3,4,0,0,0,15,15,0,1,433462,2,1,-10000,-10000,0,0,0,0,5,0,0,0,0,6,0x5AA5,-14642,-9011,0,0,36827,2,2,2,2,255,0,2,15,0,0,1,0,0,0,0,0,0,0,6,0,0,-14600,44794279
2026-09-25T07:28:02.947Z,64581593000000,0x051C,0x0104,-1,2,63,-15769,-15769,0,-43976,-43989,433467,44794780,1,0,0,0,3,4,0,0,0,15,15,0,1,433467,2,1,-10000,-10000,0,0,0,0,5,0,0,0,0,6,0x5AA5,-15769,-30411,0,0,36827,2,2,2,2,255,0,2,15,0,0,1,0,0,0,0,0,0,0,6,0,0,-15700,44794780
2026-09-25T07:28:03.482Z,64582125000000,0x051C,0x0104,-1,2,63,-13516,-13516,0,-44001,-43991,433472,44795281,1,0,0,0,3,4,0,0,0,15,15,0,1,433472,2,1,-10000,-10000,0,0,0,0,5,0,0,0,0,6,0x5AA5,-13516,-2253,0,0,36827,2,2,2,2,255,0,2,15,0,0,1,0,0,0,0,0,0,0,6,0,0,-13500,44795281
2026-09-25T07:28:03.956Z,64582593000000,0x051C,0x0104,-1,2,63,-14642,-14642,0,-43988,-43990,433477,44795782,1,0,0,0,3,4,0,0,0,15,15,0,1,433477,2,1,-10000,-10000,0,0,0,0,5,0,0,0,0,6,0x5AA5,-14642,-16895,0,0,36827,2,2,2,2,255,0,2,15,0,0,1,0,0,0,0,0,0,0,6,0,0,-14600,44795782
2026-09-25T07:28:04.489Z,64583140000000,0x051C,0x0104,-1,2,63,-10137,-10137,0,-44004,-43994,433482,44796282,1,0,0,0,3,4,0,0,0,15,15,0,1,433482,2,1,-10000,-10000,0,0,0,0,5,0,0,0,0,6,0x5AA5,-10137,1126,0,0,36830,2,2,2,4,255,0,4,15,0,0,1,0,0,0,0,0,0,0,6,0,0,-10100,44796282
2026-09-25T07:28:04.968Z,64583609000000,0x051C,0x0104,-1,2,63,-2253,-2253,0,-44004,-44001,433487,44796783,1,0,0,0,3,4,0,0,0,15,15,0,1,433487,2,1,-10000,-10000,0,0,0,0,5,0,0,0,0,6,0x5AA5,-2253,1126,0,0,36832,2,2,2,4,255,0,4,15,0,0,1,0,0,0,0,0,0,0,6,0,0,-2200,44796783
2026-09-25T07:28:05.500Z,64584140000000,0x051C,0x0104,-1,2,63,-5632,-5632,0,-43994,-43998,433492,44797284,1,0,0,0,3,4,0,0,0,15,15,0,1,433492,2,1,-10000,-10000,0,0,0,0,5,0,0,0,0,6,0x5AA5,-5632,-10137,0,0,36833,2,2,2,2,255,0,2,15,0,0,1,0,0,0,0,0,0,0,6,0,0,-5600,44797284
2026-09-25T07:28:05.977Z,64584625000000,0x051C,0x0104,-1,2,63,-7884,-7884,0,-44005,-43996,433497,44797785,1,0,0,0,3,4,0,0,0,15,15,0,1,433497,2,1,-10000,-10000,0,0,0,0,5,0,0,0,0,6,0x5AA5,-7884,2253,0,0,36834,2,2,2,4,255,0,4,15,0,0,1,0,0,0,0,0,0,0,6,0,0,-7800,44797785
2026-09-25T07:28:06.495Z,64585140000000,0x051C,0x0104,-1,2,63,-6758,-6758,0,-44000,-43997,433502,44798286,1,0,0,0,3,4,0,0,0,15,15,0,1,433502,2,1,-10000,-10000,0,0,0,0,5,0,0,0,0,6,0x5AA5,-6758,-3379,0,0,36835,2,2,2,2,255,0,2,15,0,0,1,0,0,0,0,0,0,0,6,0,0,-6700,44798286
2026-09-25T07:28:06.974Z,64585625000000,0x051C,0x0104,-1,2,63,-10137,-10137,0,-43984,-43994,433507,44798787,1,0,0,0,3,4,0,0,0,15,15,0,1,433507,2,1,-10000,-10000,0,0,0,0,5,0,0,0,0,6,0x5AA5,-10137,-21400,0,0,36835,2,2,2,2,255,0,2,15,0,0,1,0,0,0,0,0,0,0,6,0,0,-10100,44798787
2026-09-25T07:28:07.493Z,64586140000000,0x051C,0x0104,-1,2,63,-11263,-11263,0,-43988,-43993,433512,44799288,1,0,0,0,3,4,0,0,0,15,15,0,1,433512,2,1,-10000,-10000,0,0,0,0,5,0,0,0,0,6,0x5AA5,-11263,-16895,0,0,36835,2,2,2,2,255,0,2,15,0,0,1,0,0,0,0,0,0,0,6,0,0,-11200,44799288
2026-09-25T07:28:07.969Z,64586609000000,0x051C,0x0104,-1,2,63,-13516,-13516,0,-43983,-43991,433517,44799789,1,0,0,0,3,4,0,0,0,15,15,0,1,433517,2,1,-10000,-10000,0,0,0,0,5,0,0,0,0,6,0x5AA5,-13516,-22527,0,0,36835,2,2,2,2,255,0,2,15,0,0,1,0,0,0,0,0,0,0,6,0,0,-13500,44799789
2026-09-25T07:28:08.505Z,64587156000000,0x051C,0x0104,-1,2,63,-13516,-13516,0,-43981,-43991,433522,44800290,1,0,0,0,3,4,0,0,0,15,15,0,1,433522,2,1,-10000,-10000,0,0,0,0,5,0,0,0,0,6,0x5AA5,-13516,-24779,0,0,36835,2,2,2,2,255,0,2,15,0,0,1,0,0,0,0,0,0,0,6,0,0,-13500,44800290
2026-09-25T07:28:08.967Z,64587609000000,0x051C,0x0104,-1,2,63,-18021,-18021,0,-43986,-43987,433527,44800790,1,0,0,0,3,4,0,0,0,15,15,0,1,433527,2,1,-10000,-10000,0,0,0,0,5,0,0,0,0,6,0x5AA5,-18021,-19148,0,0,36835,2,2,2,2,255,0,2,15,0,0,1,0,0,0,0,0,0,0,6,0,0,-18000,44800790
2026-09-25T07:28:09.505Z,64588156000000,0x051C,0x0104,-1,2,63,-10137,-10137,0,-43985,-43994,433532,44801291,1,0,0,0,3,4,0,0,0,15,15,0,1,433532,2,1,-10000,-10000,0,0,0,0,5,0,0,0,0,6,0x5AA5,-10137,-20274,0,0,36837,2,2,2,2,255,0,2,15,0,0,1,0,0,0,0,0,0,0,6,0,0,-10100,44801291
2026-09-25T07:28:09.963Z,64588609000000,0x051C,0x0104,-1,2,63,-14642,-14642,0,-43981,-43990,433537,44801793,1,0,0,0,3,4,0,0,0,15,15,0,1,433537,2,1,-10000,-10000,0,0,0,0,5,0,0,0,0,6,0x5AA5,-14642,-24779,0,0,36837,2,2,2,2,255,0,2,15,0,0,1,0,0,0,0,0,0,0,6,0,0,-14600,44801793
2026-09-25T07:28:10.496Z,64589140000000,0x051C,0x0104,-1,2,63,-24779,-24779,0,-43978,-43981,433542,44802293,1,0,0,0,3,4,0,0,0,15,15,0,1,433542,2,1,-10000,-10000,0,0,0,0,5,0,0,0,0,6,0x5AA5,-24779,-28158,0,0,36837,2,2,2,2,255,0,2,15,0,0,1,0,0,0,0,0,0,0,6,0,0,-24700,44802293
2026-09-25T07:28:10.972Z,64589625000000,0x051C,0x0104,-1,2,63,-23653,-23653,0,-43990,-43982,433547,44802794,1,0,0,0,3,4,0,0,0,15,15,0,1,433547,2,1,-10000,-10000,0,0,0,0,5,0,0,0,0,6,0x5AA5,-23653,-14642,0,0,36837,2,2,2,2,255,0,2,15,0,0,1,0,0,0,0,0,0,0,6,0,0,-23600,44802794
2026-09-25T07:28:11.491Z,64590140000000,0x051C,0x0104,-1,2,63,-15769,-15769,0,-44004,-43989,433552,44803294,1,0,0,0,3,4,0,0,0,15,15,0,1,433552,2,1,-10000,-10000,0,0,0,0,5,0,0,0,0,6,0x5AA5,-15769,1126,0,0,36840,2,2,2,4,255,0,4,15,0,0,1,0,0,0,0,0,0,0,6,0,0,-15700,44803294
2026-09-25T07:28:11.968Z,64590609000000,0x051C,0x0104,-1,2,63,-16895,-16895,0,-43997,-43988,433557,44803795,1,0,0,0,3,4,0,0,0,15,15,0,1,433557,2,1,-10000,-10000,0,0,0,0,5,0,0,0,0,6,0x5AA5,-16895,-6758,0,0,36841,2,2,2,2,255,0,2,15,0,0,1,0,0,0,0,0,0,0,6,0,0,-16800,44803795
2026-09-25T07:28:12.501Z,64591140000000,0x051C,0x0104,-1,2,63,-16895,-16895,0,-43976,-43988,433562,44804296,1,0,0,0,3,4,0,0,0,15,15,0,1,433562,2,1,-10000,-10000,0,0,0,0,5,0,0,0,0,6,0x5AA5,-16895,-30411,0,0,36841,2,2,2,2,255,0,2,15,0,0,1,0,0,0,0,0,0,0,6,0,0,-16800,44804296
2026-09-25T07:28:12.977Z,64591625000000,0x051C,0x0104,-1,2,63,-20274,-20274,0,-43994,-43985,433567,44804797,1,0,0,0,3,4,0,0,0,15,15,0,1,433567,2,1,-10000,-10000,0,0,0,0,5,0,0,0,0,6,0x5AA5,-20274,-10137,0,0,36841,2,2,2,2,255,0,2,15,0,0,1,0,0,0,0,0,0,0,6,0,0,-20200,44804797
2026-09-25T07:28:13.512Z,64592156000000,0x051C,0x0104,-1,2,63,-14642,-14642,0,-43977,-43990,433572,44805298,1,0,0,0,3,4,0,0,0,15,15,0,1,433572,2,1,-10000,-10000,0,0,0,0,5,0,0,0,0,6,0x5AA5,-14642,-29285,0,0,36841,2,2,2,2,255,0,2,15,0,0,1,0,0,0,0,0,0,0,6,0,0,-14600,44805298
2026-09-25T07:28:13.988Z,64592640000000,0x051C,0x0104,-1,2,63,-18021,-18021,0,-43990,-43987,433577,44805799,1,0,0,0,3,4,0,0,0,15,15,0,1,433577,2,1,-10000,-10000,0,0,0,0,5,0,0,0,0,6,0x5AA5,-18021,-14642,0,0,36841,2,2,2,2,255,0,2,15,0,0,1,0,0,0,0,0,0,0,6,0,0,-18000,44805799
2026-09-25T07:28:14.503Z,64593156000000,0x051C,0x0104,-1,2,63,-10137,-10137,0,-43996,-43994,433582,44806299,1,0,0,0,3,4,0,0,0,15,15,0,1,433582,2,1,-10000,-10000,0,0,0,0,5,0,0,0,0,6,0x5AA5,-10137,-7884,0,0,36843,2,2,2,2,255,0,2,15,0,0,1,0,0,0,0,0,0,0,6,0,0,-10100,44806299
2026-09-25T07:28:14.977Z,64593625000000,0x051C,0x0104,-1,2,63,-9011,-9011,0,-44006,-43995,433587,44806800,1,0,0,0,3,4,0,0,0,15,15,0,1,433587,2,1,-10000,-10000,0,0,0,0,5,0,0,0,0,6,0x5AA5,-9011,3379,0,0,36844,2,2,2,4,255,0,4,15,0,0,1,0,0,0,0,0,0,0,6,0,0,-9000,44806800
2026-09-25T07:28:15.468Z,64594109000000,0x051C,0x0104,-1,2,63,-13516,-13516,0,-44002,-43991,433592,44807301,1,0,0,0,3,4,0,0,0,15,15,0,1,433592,2,1,-10000,-10000,0,0,0,0,5,0,0,0,0,6,0x5AA5,-13516,-1126,0,0,36845,2,2,2,2,255,0,2,15,0,0,1,0,0,0,0,0,0,0,6,0,0,-13500,44807301
2026-09-25T07:28:16.002Z,64594640000000,0x051C,0x0104,-1,2,63,-6758,-6758,0,-43990,-43997,433597,44807802,1,0,0,0,3,4,0,0,0,15,15,0,1,433597,2,1,-10000,-10000,0,0,0,0,5,0,0,0,0,6,0x5AA5,-6758,-14642,0,0,36849,2,2,2,2,255,0,2,15,0,0,1,0,0,0,0,0,0,0,6,0,0,-6700,44807802
2026-09-25T07:28:16.479Z,64595125000000,0x051C,0x0104,-1,2,63,-11263,-11263,0,-44001,-43993,433602,44808303,1,0,0,0,3,4,0,0,0,15,15,0,1,433602,2,1,-10000,-10000,0,0,0,0,5,0,0,0,0,6,0x5AA5,-11263,-2253,0,0,36849,2,2,2,2,255,0,2,15,0,0,1,0,0,0,0,0,0,0,6,0,0,-11200,44808303
2026-09-25T07:28:17.018Z,64595656000000,0x051C,0x0104,-1,2,63,-7884,-7884,0,-43978,-43996,433607,44808804,1,0,0,0,3,4,0,0,0,15,15,0,1,433607,2,1,-10000,-10000,0,0,0,0,5,0,0,0,0,6,0x5AA5,-7884,-28158,0,0,36849,2,2,2,2,255,0,2,15,0,0,1,0,0,0,0,0,0,0,6,0,0,-7800,44808804
2026-09-25T07:28:17.493Z,64596140000000,0x051C,0x0104,-1,2,63,-15769,-15769,0,-43973,-43989,433612,44809305,1,0,0,0,3,4,0,0,0,15,15,0,1,433612,2,1,-10000,-10000,0,0,0,0,5,0,0,0,0,6,0x5AA5,-15769,-33790,0,0,36849,2,2,2,2,255,0,2,15,0,0,1,0,0,0,0,0,0,0,6,0,0,-15700,44809305
2026-09-25T07:28:18.013Z,64596656000000,0x051C,0x0104,-1,2,63,-18021,-18021,0,-43986,-43987,433617,44809806,1,0,0,0,3,4,0,0,0,15,15,0,1,433617,2,1,-10000,-10000,0,0,0,0,5,0,0,0,0,6,0x5AA5,-18021,-19148,0,0,36849,2,2,2,2,255,0,2,15,0,0,1,0,0,0,0,0,0,0,6,0,0,-18000,44809806
2026-09-25T07:28:18.488Z,64597140000000,0x051C,0x0104,-1,2,63,-15769,-15769,0,-43978,-43989,433622,44810307,1,0,0,0,3,4,0,0,0,15,15,0,1,433622,2,1,-10000,-10000,0,0,0,0,5,0,0,0,0,6,0x5AA5,-15769,-28158,0,0,36851,2,2,2,2,255,0,2,15,0,0,1,0,0,0,0,0,0,0,6,0,0,-15700,44810307
2026-09-25T07:28:19.002Z,64597640000000,0x051C,0x0104,-1,2,63,-12390,-12390,0,-43999,-43992,433627,44810807,1,0,0,0,3,4,0,0,0,15,15,0,1,433627,2,1,-10000,-10000,0,0,0,0,5,0,0,0,0,6,0x5AA5,-12390,-4505,0,0,36853,2,2,2,2,255,0,2,15,0,0,1,0,0,0,0,0,0,0,6,0,0,-12300,44810807
2026-09-25T07:28:19.493Z,64598140000000,0x051C,0x0104,-1,2,63,-11263,-11263,0,-43969,-43993,433632,44811308,1,0,0,0,3,4,0,0,0,15,15,0,1,433632,2,1,-10000,-10000,0,0,0,0,5,0,0,0,0,6,0x5AA5,-11263,-38295,0,0,36855,2,2,2,2,255,0,2,15,0,0,1,0,0,0,0,0,0,0,6,0,0,-11200,44811308
2026-09-25T07:28:20.025Z,64598671000000,0x051C,0x0104,-1,2,63,-11263,-11263,0,-44007,-43993,433637,44811809,1,0,0,0,3,4,0,0,0,15,15,0,1,433637,2,1,-10000,-10000,0,0,0,0,5,0,0,0,0,6,0x5AA5,-11263,4505,0,0,36856,2,2,2,4,255,0,4,15,0,0,1,0,0,0,0,0,0,0,6,0,0,-11200,44811809
2026-09-25T07:28:20.500Z,64599140000000,0x051C,0x0104,-1,2,63,-9011,-9011,0,-44005,-43995,433642,44812310,1,0,0,0,3,4,0,0,0,15,15,0,1,433642,2,1,-10000,-10000,0,0,0,0,5,0,0,0,0,6,0x5AA5,-9011,2253,0,0,36858,2,2,2,4,255,0,4,15,0,0,1,0,0,0,0,0,0,0,6,0,0,-9000,44812310
2026-09-25T07:28:21.036Z,64599687000000,0x051C,0x0104,-1,2,63,-10137,-10137,0,-44013,-43994,433647,44812811,1,0,0,0,3,4,0,0,0,15,15,0,1,433647,2,1,-10000,-10000,0,0,0,0,5,0,0,0,0,6,0x5AA5,-10137,11263,0,0,36860,2,2,2,4,255,0,4,15,0,0,1,0,0,0,0,0,0,0,6,0,0,-10100,44812811
2026-09-25T07:28:21.496Z,64600140000000,0x051C,0x0104,-1,2,63,-7884,-7884,0,-43989,-43996,433652,44813313,1,0,0,0,3,4,0,0,0,15,15,0,1,433652,2,1,-10000,-10000,0,0,0,0,5,0,0,0,0,6,0x5AA5,-7884,-15769,0,0,36861,2,2,2,2,255,0,2,15,0,0,1,0,0,0,0,0,0,0,6,0,0,-7800,44813313
2026-09-25T07:28:22.031Z,64600671000000,0x051C,0x0104,-1,2,63,-7884,-7884,0,-43995,-43996,433657,44813813,1,0,0,0,3,4,0,0,0,15,15,0,1,433657,2,1,-10000,-10000,0,0,0,0,5,0,0,0,0,6,0x5AA5,-7884,-9011,0,0,36861,2,2,2,2,255,0,2,15,0,0,1,0,0,0,0,0,0,0,6,0,0,-7800,44813813
2026-09-25T07:28:22.508Z,64601156000000,0x051C,0x0104,-1,2,63,-11263,-11263,0,-43990,-43993,433662,44814314,1,0,0,0,3,4,0,0,0,15,15,0,1,433662,2,1,-10000,-10000,0,0,0,0,5,0,0,0,0,6,0x5AA5,-11263,-14642,0,0,36861,2,2,2,2,255,0,2,15,0,0,1,0,0,0,0,0,0,0,6,0,0,-11200,44814314
2026-09-25T07:28:23.022Z,64601671000000,0x051C,0x0104,-1,2,63,-15769,-15769,0,-43962,-43989,433667,44814815,1,0,0,0,3,4,0,0,0,15,15,0,1,433667,2,1,-10000,-10000,0,0,0,0,5,0,0,0,0,6,0x5AA5,-15769,-46180,0,0,36863,2,2,2,2,255,0,2,15,0,0,1,0,0,0,0,0,0,0,6,0,0,-15700,44814815
2026-09-25T07:28:23.497Z,64602140000000,0x051C,0x0104,-1,2,63,-16895,-16895,0,-44003,-43988,433672,44815315,1,0,0,0,3,4,0,0,0,15,15,0,1,433672,2,1,-10000,-10000,0,0,0,0,5,0,0,0,0,6,0x5AA5,-16895,0,0,0,36863,2,2,2,2,255,0,2,15,0,0,1,0,0,0,0,0,0,0,6,0,0,-16800,44815315
2026-09-25T07:28:24.031Z,64602671000000,0x051C,0x0104,-1,2,63,-12390,-12390,0,-43987,-43992,433677,44815816,1,0,0,0,3,4,0,0,0,15,15,0,1,433677,2,1,-10000,-10000,0,0,0,0,5,0,0,0,0,6,0x5AA5,-12390,-18021,0,0,36865,2,2,2,2,255,0,2,15,0,0,1,0,0,0,0,0,0,0,6,0,0,-12300,44815816
2026-09-25T07:28:24.507Z,64603156000000,0x051C,0x0104,-1,2,63,-12390,-12390,0,-43978,-43992,433682,44816317,1,0,0,0,3,4,0,0,0,15,15,0,1,433682,2,1,-10000,-10000,0,0,0,0,5,0,0,0,0,6,0x5AA5,-12390,-28158,0,0,36867,2,2,2,2,255,0,2,15,0,0,1,0,0,0,0,0,0,0,6,0,0,-12300,44816317
2026-09-25T07:28:25.022Z,64603671000000,0x051C,0x0104,-1,2,63,-18021,-18021,0,-43988,-43987,433687,44816818,1,0,0,0,3,4,0,0,0,15,15,0,1,433687,2,1,-10000,-10000,0,0,0,0,5,0,0,0,0,6,0x5AA5,-18021,-16895,0,0,36867,2,2,2,2,255,0,2,15,0,0,1,0,0,0,0,0,0,0,6,0,0,-18000,44816818
2026-09-25T07:28:25.496Z,64604140000000,0x051C,0x0104,-1,2,63,-20274,-20274,0,-43988,-43985,433692,44817319,1,0,0,0,3,4,0,0,0,15,15,0,1,433692,2,1,-10000,-10000,0,0,0,0,5,0,0,0,0,6,0x5AA5,-20274,-16895,0,0,36867,2,2,2,2,255,0,2,15,0,0,1,0,0,0,0,0,0,0,6,0,0,-20200,44817319
2026-09-25T07:28:26.033Z,64604671000000,0x051C,0x0104,-1,2,63,-20274,-20274,0,-43981,-43985,433697,44817820,1,0,0,0,3,4,0,0,0,15,15,0,1,433697,2,1,-10000,-10000,0,0,0,0,5,0,0,0,0,6,0x5AA5,-20274,-24779,0,0,36867,2,2,2,2,255,0,2,15,0,0,1,0,0,0,0,0,0,0,6,0,0,-20200,44817820
2026-09-25T07:28:26.509Z,64605156000000,0x051C,0x0104,-1,2,63,-23653,-23653,0,-43985,-43982,433702,44818321,1,0,0,0,3,4,0,0,0,15,15,0,1,433702,2,1,-10000,-10000,0,0,0,0,5,0,0,0,0,6,0x5AA5,-23653,-20274,0,0,36867,2,2,2,2,255,0,2,15,0,0,1,0,0,0,0,0,0,0,6,0,0,-23600,44818321
2026-09-25T07:28:27.045Z,64605687000000,0x051C,0x0104,-1,2,63,-20274,-20274,0,-43988,-43985,433707,44818822,1,0,0,0,3,4,0,0,0,15,15,0,1,433707,2,1,-10000,-10000,0,0,0,0,5,0,0,0,0,6,0x5AA5,-20274,-16895,0,0,36867,2,2,2,2,255,0,2,15,0,0,1,0,0,0,0,0,0,0,6,0,0,-20200,44818822
2026-09-25T07:28:27.523Z,64606171000000,0x051C,0x0104,-1,2,63,-20274,-20274,0,-43989,-43985,433712,44819323,1,0,0,0,3,4,0,0,0,15,15,0,1,433712,2,1,-10000,-10000,0,0,0,0,5,0,0,0,0,6,0x5AA5,-20274,-15769,0,0,36867,2,2,2,2,255,0,2,15,0,0,1,0,0,0,0,0,0,0,6,0,0,-20200,44819323
2026-09-25T07:28:28.041Z,64606687000000,0x051C,0x0104,-1,2,63,-23653,-23653,0,-43975,-43982,433717,44819823,1,0,0,0,3,4,0,0,0,15,15,0,1,433717,2,1,-10000,-10000,0,0,0,0,5,0,0,0,0,6,0x5AA5,-23653,-31537,0,0,36867,2,2,2,2,255,0,2,15,0,0,1,0,0,0,0,0,0,0,6,0,0,-23600,44819823
2026-09-25T07:28:28.517Z,64607156000000,0x051C,0x0104,-1,2,63,-27032,-27032,0,-43964,-43979,433722,44820324,1,0,0,0,3,4,0,0,0,15,15,0,1,433722,2,1,-10000,-10000,0,0,0,0,5,0,0,0,0,6,0x5AA5,-27032,-43927,0,0,36867,2,2,2,2,255,0,2,15,0,0,1,0,0,0,0,0,0,0,6,0,0,-27000,44820324
2026-09-25T07:28:29.051Z,64607703000000,0x051C,0x0104,-2,2,63,-27032,-27032,0,-43979,-43979,433727,44820825,1,0,0,0,3,4,0,0,0,15,15,0,1,433727,2,1,-20000,-20000,0,0,0,0,5,0,0,0,0,6,0x5AA5,-27032,-27032,0,0,36867,2,2,2,2,255,0,2,15,0,0,1,0,0,0,0,0,0,0,6,0,0,-27000,44820825
2026-09-25T07:28:29.509Z,64608156000000,0x051C,0x0104,-2,2,63,-22527,-22527,0,-43989,-43983,433732,44821326,1,0,0,0,3,4,0,0,0,15,15,0,1,433732,2,1,-20000,-20000,0,0,0,0,5,0,0,0,0,6,0x5AA5,-22527,-15769,0,0,36867,2,2,2,2,255,0,2,15,0,0,1,0,0,0,0,0,0,0,6,0,0,-22500,44821326
2026-09-25T07:28:30.043Z,64608687000000,0x051C,0x0104,-2,2,63,-25906,-25906,0,-43966,-43980,433737,44821827,1,0,0,0,3,4,0,0,0,15,15,0,1,433737,2,1,-20000,-20000,0,0,0,0,5,0,0,0,0,6,0x5AA5,-25906,-41674,0,0,36867,2,2,2,2,255,0,2,15,0,0,1,0,0,0,0,0,0,0,6,0,0,-25900,44821827
2026-09-25T07:28:30.520Z,64609171000000,0x051C,0x0104,-2,2,63,-33790,-33790,0,-43973,-43973,433742,44822328,1,0,0,0,3,4,0,0,0,15,15,0,1,433742,2,1,-20000,-20000,0,0,0,0,5,0,0,0,0,6,0x5AA5,-33790,-33790,0,0,36867,2,2,2,2,255,0,2,15,0,0,1,0,0,0,0,0,0,0,6,0,0,-33700,44822328
2026-09-25T07:28:31.042Z,64609687000000,0x051C,0x0104,-2,2,63,-29285,-29285,0,-43979,-43977,433747,44822829,1,0,0,0,3,4,0,0,0,15,15,0,1,433747,2,1,-20000,-20000,0,0,0,0,5,0,0,0,0,6,0x5AA5,-29285,-27032,0,0,36867,2,2,2,2,255,0,2,15,0,0,1,0,0,0,0,0,0,0,6,0,0,-29200,44822829
2026-09-25T07:28:31.518Z,64610156000000,0x051C,0x0104,-2,2,63,-29285,-29285,0,-43972,-43977,433752,44823330,1,0,0,0,3,4,0,0,0,15,15,0,1,433752,2,1,-20000,-20000,0,0,0,0,5,0,0,0,0,6,0x5AA5,-29285,-34916,0,0,36867,2,2,2,2,255,0,2,15,0,0,1,0,0,0,0,0,0,0,6,0,0,-29200,44823330
2026-09-25T07:28:32.055Z,64610703000000,0x051C,0x0104,-2,2,63,-32664,-32664,0,-43982,-43974,433757,44823831,1,0,0,0,3,4,0,0,0,15,15,0,1,433757,2,1,-20000,-20000,0,0,0,0,5,0,0,0,0,6,0x5AA5,-32664,-23653,0,0,36867,2,2,2,2,255,0,2,15,0,0,1,0,0,0,0,0,0,0,6,0,0,-32600,44823831
2026-09-25T07:28:32.529Z,64611171000000,0x051C,0x0104,-2,2,63,-28158,-28158,0,-43990,-43978,433762,44824332,1,0,0,0,3,4,0,0,0,15,15,0,1,433762,2,1,-20000,-20000,0,0,0,0,5,0,0,0,0,6,0x5AA5,-28158,-14642,0,0,36867,2,2,2,2,255,0,2,15,0,0,1,0,0,0,0,0,0,0,6,0,0,-28100,44824332
2026-09-25T07:28:33.062Z,64611703000000,0x051C,0x0104,-2,2,63,-22527,-22527,0,-43987,-43983,433767,44824833,1,0,0,0,3,4,0,0,0,15,15,0,1,433767,2,1,-20000,-20000,0,0,0,0,5,0,0,0,0,6,0x5AA5,-22527,-18021,0,0,36867,2,2,2,2,255,0,2,15,0,0,1,0,0,0,0,0,0,0,6,0,0,-22500,44824833
2026-09-25T07:28:33.536Z,64612187000000,0x051C,0x0104,-2,2,63,-18021,-18021,0,-43996,-43987,433772,44825333,1,0,0,0,3,4,0,0,0,15,15,0,1,433772,2,1,-20000,-20000,0,0,0,0,5,0,0,0,0,6,0x5AA5,-18021,-7884,0,0,36867,2,2,2,2,255,0,2,15,0,0,1,0,0,0,0,0,0,0,6,0,0,-18000,44825333
2026-09-25T07:28:34.057Z,64612703000000,0x051C,0x0104,-2,2,63,-19148,-19148,0,-43983,-43986,433777,44825834,1,0,0,0,3,4,0,0,0,15,15,0,1,433777,2,1,-20000,-20000,0,0,0,0,5,0,0,0,0,6,0x5AA5,-19148,-22527,0,0,36867,2,2,2,2,255,0,2,15,0,0,1,0,0,0,0,0,0,0,6,0,0,-19100,44825834
2026-09-25T07:28:34.532Z,64613171000000,0x051C,0x0104,-2,2,63,-22527,-22527,0,-43972,-43983,433782,44826335,1,0,0,0,3,4,0,0,0,15,15,0,1,433782,2,1,-20000,-20000,0,0,0,0,5,0,0,0,0,6,0x5AA5,-22527,-34916,0,0,36867,2,2,2,2,255,0,2,15,0,0,1,0,0,0,0,0,0,0,6,0,0,-22500,44826335
2026-09-25T07:28:35.066Z,64613703000000,0x051C,0x0104,-2,2,63,-24779,-24779,0,-43989,-43981,433787,44826836,1,0,0,0,3,4,0,0,0,15,15,0,1,433787,2,1,-20000,-20000,0,0,0,0,5,0,0,0,0,6,0x5AA5,-24779,-15769,0,0,36867,2,2,2,2,255,0,2,15,0,0,1,0,0,0,0,0,0,0,6,0,0,-24700,44826836
2026-09-25T07:28:35.541Z,64614187000000,0x051C,0x0104,-2,2,63,-22527,-22527,0,-43987,-43983,433792,44827337,1,0,0,0,3,4,0,0,0,15,15,0,1,433792,2,1,-20000,-20000,0,0,0,0,5,0,0,0,0,6,0x5AA5,-22527,-18021,0,0,36867,2,2,2,2,255,0,2,15,0,0,1,0,0,0,0,0,0,0,6,0,0,-22500,44827337
2026-09-25T07:28:36.060Z,64614703000000,0x051C,0x0104,-2,2,63,-28158,-28158,0,-43976,-43978,433797,44827838,1,0,0,0,3,4,0,0,0,15,15,0,1,433797,2,1,-20000,-20000,0,0,0,0,5,0,0,0,0,6,0x5AA5,-28158,-30411,0,0,36867,2,2,2,2,255,0,2,15,0,0,1,0,0,0,0,0,0,0,6,0,0,-28100,44827838
2026-09-25T07:28:36.535Z,64615187000000,0x051C,0x0104,-2,2,63,-23653,-23653,0,-43980,-43982,433802,44828339,1,0,0,0,3,4,0,0,0,15,15,0,1,433802,2,1,-20000,-20000,0,0,0,0,5,0,0,0,0,6,0x5AA5,-23653,-25906,0,0,36867,2,2,2,2,255,0,2,15,0,0,1,0,0,0,0,0,0,0,6,0,0,-23600,44828339
2026-09-25T07:28:37.055Z,64615703000000,0x051C,0x0104,-2,2,63,-20274,-20274,0,-43992,-43985,433807,44828840,1,0,0,0,3,4,0,0,0,15,15,0,1,433807,2,1,-20000,-20000,0,0,0,0,5,0,0,0,0,6,0x5AA5,-20274,-12390,0,0,36867,2,2,2,2,255,0,2,15,0,0,1,0,0,0,0,0,0,0,6,0,0,-20200,44828840
2026-09-25T07:28:37.529Z,64616171000000,0x051C,0x0104,-2,2,63,-22527,-22527,0,-43984,-43983,433812,44829341,1,0,0,0,3,4,0,0,0,15,15,0,1,433812,2,1,-20000,-20000,0,0,0,0,5,0,0,0,0,6,0x5AA5,-22527,-21400,0,0,36867,2,2,2,2,255,0,2,15,0,0,1,0,0,0,0,0,0,0,6,0,0,-22500,44829341
2026-09-25T07:28:38.065Z,64616703000000,0x051C,0x0104,-2,2,63,-15769,-15769,0,-43980,-43989,433817,44829842,1,0,0,0,3,4,0,0,0,15,15,0,1,433817,2,1,-20000,-20000,0,0,0,0,5,0,0,0,0,6,0x5AA5,-15769,-25906,0,0,36869,2,2,2,2,255,0,2,15,0,0,1,0,0,0,0,0,0,0,6,0,0,-15700,44829842
2026-09-25T07:28:38.539Z,64617187000000,0x051C,0x0104,-2,2,63,-19148,-19148,0,-43987,-43986,433822,44830342,1,0,0,0,3,4,0,0,0,15,15,0,1,433822,2,1,-20000,-20000,0,0,0,0,5,0,0,0,0,6,0x5AA5,-19148,-18021,0,0,36869,2,2,2,2,255,0,2,15,0,0,1,0,0,0,0,0,0,0,6,0,0,-19100,44830342
2026-09-25T07:28:39.061Z,64617703000000,0x051C,0x0104,-2,2,63,-13516,-13516,0,-43994,-43991,433827,44830843,1,0,0,0,3,4,0,0,0,15,15,0,1,433827,2,1,-20000,-20000,0,0,0,0,5,0,0,0,0,6,0x5AA5,-13516,-10137,0,0,36871,2,2,2,2,255,0,2,15,0,0,1,0,0,0,0,0,0,0,6,0,0,-13500,44830843
2026-09-25T07:28:39.535Z,64618187000000,0x051C,0x0104,-2,2,63,-11263,-11263,0,-43998,-43993,433832,44831344,1,0,0,0,3,4,0,0,0,15,15,0,1,433832,2,1,-20000,-20000,0,0,0,0,5,0,0,0,0,6,0x5AA5,-11263,-5632,0,0,36871,2,2,2,2,255,0,2,15,0,0,1,0,0,0,0,0,0,0,6,0,0,-11200,44831344
2026-09-25T07:28:40.057Z,64618703000000,0x051C,0x0104,-2,2,63,-12390,-12390,0,-43983,-43992,433837,44831845,1,0,0,0,3,4,0,0,0,15,15,0,1,433837,2,1,-20000,-20000,0,0,0,0,5,0,0,0,0,6,0x5AA5,-12390,-22527,0,0,36871,2,2,2,2,255,0,2,15,0,0,1,0,0,0,0,0,0,0,6,0,0,-12300,44831845
2026-09-25T07:28:40.532Z,64619171000000,0x051C,0x0104,-2,2,63,-23653,-23653,0,-43989,-43982,433842,44832346,1,0,0,0,3,4,0,0,0,15,15,0,1,433842,2,1,-20000,-20000,0,0,0,0,5,0,0,0,0,6,0x5AA5,-23653,-15769,0,0,36871,2,2,2,2,255,0,2,15,0,0,1,0,0,0,0,0,0,0,6,0,0,-23600,44832346
2026-09-25T07:28:41.065Z,64619703000000,0x051C,0x0104,-2,2,63,-21400,-21400,0,-43971,-43984,433847,44832847,1,0,0,0,3,4,0,0,0,15,15,0,1,433847,2,1,-20000,-20000,0,0,0,0,5,0,0,0,0,6,0x5AA5,-21400,-36043,0,0,36871,2,2,2,2,255,0,2,15,0,0,1,0,0,0,0,0,0,0,6,0,0,-21400,44832847
2026-09-25T07:28:41.541Z,64620187000000,0x051C,0x0104,-2,2,63,-19148,-19148,0,-43994,-43986,433852,44833348,1,0,0,0,3,4,0,0,0,15,15,0,1,433852,2,1,-20000,-20000,0,0,0,0,5,0,0,0,0,6,0x5AA5,-19148,-10137,0,0,36873,2,2,2,2,255,0,2,15,0,0,1,0,0,0,0,0,0,0,6,0,0,-19100,44833348
2026-09-25T07:28:42.061Z,64620703000000,0x051C,0x0104,-2,2,63,-18021,-18021,0,-43971,-43987,433857,44833849,1,0,0,0,3,4,0,0,0,15,15,0,1,433857,2,1,-20000,-20000,0,0,0,0,5,0,0,0,0,6,0x5AA5,-18021,-36043,0,0,36873,2,2,2,2,255,0,2,15,0,0,1,0,0,0,0,0,0,0,6,0,0,-18000,44833849
2026-09-25T07:28:42.535Z,64621187000000,0x051C,0x0104,-2,2,63,-24779,-24779,0,-43982,-43981,433862,44834350,1,0,0,0,3,4,0,0,0,15,15,0,1,433862,2,1,-20000,-20000,0,0,0,0,5,0,0,0,0,6,0x5AA5,-24779,-23653,0,0,36873,2,2,2,2,255,0,2,15,0,0,1,0,0,0,0,0,0,0,6,0,0,-24700,44834350
2026-09-25T07:28:43.053Z,64621703000000,0x051C,0x0104,-2,2,63,-20274,-20274,0,-43974,-43985,433867,44834851,1,0,0,0,3,4,0,0,0,15,15,0,1,433867,2,1,-20000,-20000,0,0,0,0,5,0,0,0,0,6,0x5AA5,-20274,-32664,0,0,36873,2,2,2,2,255,0,2,15,0,0,1,0,0,0,0,0,0,0,6,0,0,-20200,44834851
2026-09-25T07:28:43.527Z,64622171000000,0x051C,0x0104,-2,2,63,-22527,-22527,0,-43986,-43983,433872,44835352,1,0,0,0,3,4,0,0,0,15,15,0,1,433872,2,1,-20000,-20000,0,0,0,0,5,0,0,0,0,6,0x5AA5,-22527,-19148,0,0,36873,2,2,2,2,255,0,2,15,0,0,1,0,0,0,0,0,0,0,6,0,0,-22500,44835352
2026-09-25T07:28:44.064Z,64622703000000,0x051C,0x0104,-2,2,63,-24779,-24779,0,-43971,-43981,433877,44835853,1,0,0,0,3,4,0,0,0,15,15,0,1,433877,2,1,-20000,-20000,0,0,0,0,5,0,0,0,0,6,0x5AA5,-24779,-36043,0,0,36873,2,2,2,2,255,0,2,15,0,0,1,0,0,0,0,0,0,0,6,0,0,-24700,44835853
2026-09-25T07:28:44.540Z,64623187000000,0x051C,0x0104,-2,2,63,-24779,-24779,0,-43976,-43981,433882,44836353,1,0,0,0,3,4,0,0,0,15,15,0,1,433882,2,1,-20000,-20000,0,0,0,0,5,0,0,0,0,6,0x5AA5,-24779,-30411,0,0,36873,2,2,2,2,255,0,2,15,0,0,1,0,0,0,0,0,0,0,6,0,0,-24700,44836353
2026-09-25T07:28:45.058Z,64623703000000,0x051C,0x0104,-2,2,63,-21400,-21400,0,-43989,-43984,433887,44836854,1,0,0,0,3,4,0,0,0,15,15,0,1,433887,2,1,-20000,-20000,0,0,0,0,5,0,0,0,0,6,0x5AA5,-21400,-15769,0,0,36873,2,2,2,2,255,0,2,15,0,0,1,0,0,0,0,0,0,0,6,0,0,-21400,44836854
2026-09-25T07:28:45.532Z,64624171000000,0x051C,0x0104,-2,2,63,-9011,-9011,0,-44007,-43995,433892,44837355,1,0,0,0,3,4,0,0,0,15,15,0,1,433892,2,1,-20000,-20000,0,0,0,0,5,0,0,0,0,6,0x5AA5,-9011,4505,0,0,36874,2,2,2,4,255,0,4,15,0,0,1,0,0,0,0,0,0,0,6,0,0,-9000,44837355
2026-09-25T07:28:46.068Z,64624718000000,0x051C,0x0104,-2,2,63,-13516,-13516,0,-43981,-43991,433897,44837856,1,0,0,0,3,4,0,0,0,15,15,0,1,433897,2,1,-20000,-20000,0,0,0,0,5,0,0,0,0,6,0x5AA5,-13516,-24779,0,0,36875,2,2,2,2,255,0,2,15,0,0,1,0,0,0,0,0,0,0,6,0,0,-13500,44837856
2026-09-25T07:28:46.528Z,64625171000000,0x051C,0x0104,-2,2,63,-20274,-20274,0,-43993,-43985,433902,44838357,1,0,0,0,3,4,0,0,0,15,15,0,1,433902,2,1,-20000,-20000,0,0,0,0,5,0,0,0,0,6,0x5AA5,-20274,-11263,0,0,36875,2,2,2,2,255,0,2,15,0,0,1,0,0,0,0,0,0,0,6,0,0,-20200,44838357
2026-09-25T07:28:47.063Z,64625703000000,0x051C,0x0104,-2,2,63,-19148,-19148,0,-43992,-43986,433907,44838857,1,0,0,0,3,4,0,0,0,15,15,0,1,433907,2,1,-20000,-20000,0,0,0,0,5,0,0,0,0,6,0x5AA5,-19148,-12390,0,0,36875,2,2,2,2,255,0,2,15,0,0,1,0,0,0,0,0,0,0,6,0,0,-19100,44838857
2026-09-25T07:28:47.538Z,64626187000000,0x051C,0x0104,-2,2,63,-21400,-21400,0,-43978,-43984,433912,44839358,1,0,0,0,3,4,0,0,0,15,15,0,1,433912,2,1,-20000,-20000,0,0,0,0,5,0,0,0,0,6,0x5AA5,-21400,-28158,0,0,36875,2,2,2,2,255,0,2,15,0,0,1,0,0,0,0,0,0,0,6,0,0,-21400,44839358
2026-09-25T07:28:48.054Z,64626703000000,0x051C,0x0104,-2,2,63,-18021,-18021,0,-43977,-43987,433917,44839859,1,0,0,0,3,4,0,0,0,15,15,0,1,433917,2,1,-20000,-20000,0,0,0,0,5,0,0,0,0,6,0x5AA5,-18021,-29285,0,0,36875,2,2,2,2,255,0,2,15,0,0,1,0,0,0,0,0,0,0,6,0,0,-18000,44839859
2026-09-25T07:28:48.530Z,64627171000000,0x051C,0x0104,-2,2,63,-24779,-24779,0,-43993,-43981,433922,44840360,1,0,0,0,3,4,0,0,0,15,15,0,1,433922,2,1,-20000,-20000,0,0,0,0,5,0,0,0,0,6,0x5AA5,-24779,-11263,0,0,36875,2,2,2,2,255,0,2,15,0,0,1,0,0,0,0,0,0,0,6,0,0,-24700,44840360
2026-09-25T07:28:49.062Z,64627703000000,0x051C,0x0104,-2,2,63,-19148,-19148,0,-43988,-43986,433927,44840861,1,0,0,0,3,4,0,0,0,15,15,0,1,433927,2,1,-20000,-20000,0,0,0,0,5,0,0,0,0,6,0x5AA5,-19148,-16895,0,0,36875,2,2,2,2,255,0,2,15,0,0,1,0,0,0,0,0,0,0,6,0,0,-19100,44840861
2026-09-25T07:28:49.536Z,64628187000000,0x051C,0x0104,-2,2,63,-23653,-23653,0,-43985,-43982,433932,44841362,1,0,0,0,3,4,0,0,0,15,15,0,1,433932,2,1,-20000,-20000,0,0,0,0,5,0,0,0,0,6,0x5AA5,-23653,-20274,0,0,36875,2,2,2,2,255,0,2,15,0,0,1,0,0,0,0,0,0,0,6,0,0,-23600,44841362
2026-09-25T07:28:50.053Z,64628703000000,0x051C,0x0104,-2,2,63,-23653,-23653,0,-43982,-43982,433937,44841863,1,0,0,0,3,4,0,0,0,15,15,0,1,433937,2,1,-20000,-20000,0,0,0,0,5,0,0,0,0,6,0x5AA5,-23653,-23653,0,0,36875,2,2,2,2,255,0,2,15,0,0,1,0,0,0,0,0,0,0,6,0,0,-23600,44841863
2026-09-25T07:28:50.528Z,64629171000000,0x051C,0x0104,-2,2,63,-23653,-23653,0,-43977,-43982,433942,44842364,1,0,0,0,3,4,0,0,0,15,15,0,1,433942,2,1,-20000,-20000,0,0,0,0,5,0,0,0,0,6,0x5AA5,-23653,-29285,0,0,36875,2,2,2,2,255,0,2,15,0,0,1,0,0,0,0,0,0,0,6,0,0,-23600,44842364
2026-09-25T07:28:51.060Z,64629703000000,0x051C,0x0104,-2,2,63,-18021,-18021,0,-43991,-43987,433947,44842864,1,0,0,0,3,4,0,0,0,15,15,0,1,433947,2,1,-20000,-20000,0,0,0,0,5,0,0,0,0,6,0x5AA5,-18021,-13516,0,0,36877,2,2,2,2,255,0,2,15,0,0,1,0,0,0,0,0,0,0,6,0,0,-18000,44842864
2026-09-25T07:28:51.535Z,64630187000000,0x051C,0x0104,-2,2,63,-13516,-13516,0,-43977,-43991,433952,44843365,1,0,0,0,3,4,0,0,0,15,15,0,1,433952,2,1,-20000,-20000,0,0,0,0,5,0,0,0,0,6,0x5AA5,-13516,-29285,0,0,36877,2,2,2,2,255,0,2,15,0,0,1,0,0,0,0,0,0,0,6,0,0,-13500,44843365
2026-09-25T07:28:52.051Z,64630703000000,0x051C,0x0104,-2,2,63,-23653,-23653,0,-43970,-43982,433957,44843866,1,0,0,0,3,4,0,0,0,15,15,0,1,433957,2,1,-20000,-20000,0,0,0,0,5,0,0,0,0,6,0x5AA5,-23653,-37169,0,0,36877,2,2,2,2,255,0,2,15,0,0,1,0,0,0,0,0,0,0,6,0,0,-23600,44843866
2026-09-25T07:28:52.525Z,64631171000000,0x051C,0x0104,-2,2,63,-23653,-23653,0,-44003,-43982,433962,44844367,1,0,0,0,3,4,0,0,0,15,15,0,1,433962,2,1,-20000,-20000,0,0,0,0,5,0,0,0,0,6,0x5AA5,-23653,0,0,0,36877,2,2,2,2,255,0,2,15,0,0,1,0,0,0,0,0,0,0,6,0,0,-23600,44844367
2026-09-25T07:28:53.060Z,64631703000000,0x051C,0x0104,-2,2,63,-24779,-24779,0,-43980,-43981,433967,44844868,1,0,0,0,3,4,0,0,0,15,15,0,1,433967,2,1,-20000,-20000,0,0,0,0,5,0,0,0,0,6,0x5AA5,-24779,-25906,0,0,36877,2,2,2,2,255,0,2,15,0,0,1,0,0,0,0,0,0,0,6,0,0,-24700,44844868
2026-09-25T07:28:53.534Z,64632171000000,0x051C,0x0104,-2,2,63,-21400,-21400,0,-43986,-43984,433972,44845369,1,0,0,0,3,4,0,0,0,15,15,0,1,433972,2,1,-20000,-20000,0,0,0,0,5,0,0,0,0,6,0x5AA5,-21400,-19148,0,0,36877,2,2,2,2,255,0,2,15,0,0,1,0,0,0,0,0,0,0,6,0,0,-21400,44845369
2026-09-25T07:28:54.068Z,64632718000000,0x051C,0x0104,-2,2,63,-18021,-18021,0,-43972,-43987,433977,44845869,1,0,0,0,3,4,0,0,0,15,15,0,1,433977,2,1,-20000,-20000,0,0,0,0,5,0,0,0,0,6,0x5AA5,-18021,-34916,0,0,36879,2,2,2,2,255,0,2,15,0,0,1,0,0,0,0,0,0,0,6,0,0,-18000,44845869
2026-09-25T07:28:54.546Z,64633187000000,0x051C,0x0104,-2,2,63,-24779,-24779,0,-43975,-43981,433982,44846370,1,0,0,0,3,4,0,0,0,15,15,0,1,433982,2,1,-20000,-20000,0,0,0,0,5,0,0,0,0,6,0x5AA5,-24779,-31537,0,0,36879,2,2,2,2,255,0,2,15,0,0,1,0,0,0,0,0,0,0,6,0,0,-24700,44846370
2026-09-25T07:28:55.083Z,64633734000000,0x051C,0x0104,-2,2,63,-18021,-18021,0,-43994,-43987,433987,44846871,1,0,0,0,3,4,0,0,0,15,15,0,1,433987,2,1,-20000,-20000,0,0,0,0,5,0,0,0,0,6,0x5AA5,-18021,-10137,0,0,36879,2,2,2,2,255,0,2,15,0,0,1,0,0,0,0,0,0,0,6,0,0,-18000,44846871
2026-09-25T07:28:55.544Z,64634187000000,0x051C,0x0104,-2,2,63,-23653,-23653,0,-43990,-43982,433992,44847373,1,0,0,0,3,4,0,0,0,15,15,0,1,433992,2,1,-20000,-20000,0,0,0,0,5,0,0,0,0,6,0x5AA5,-23653,-14642,0,0,36879,2,2,2,2,255,0,2,15,0,0,1,0,0,0,0,0,0,0,6,0,0,-23600,44847373
2026-09-25T07:28:56.083Z,64634734000000,0x051C,0x0104,-2,2,63,-23653,-23653,0,-43972,-43982,433997,44847873,1,0,0,0,3,4,0,0,0,15,15,0,1,433997,2,1,-20000,-20000,0,0,0,0,5,0,0,0,0,6,0x5AA5,-23653,-34916,0,0,36879,2,2,2,2,255,0,2,15,0,0,1,0,0,0,0,0,0,0,6,0,0,-23600,44847873
2026-09-25T07:28:56.545Z,64635187000000,0x051C,0x0104,-2,2,63,-23653,-23653,0,-44002,-43982,434002,44848374,1,0,0,0,3,4,0,0,0,15,15,0,1,434002,2,1,-20000,-20000,0,0,0,0,5,0,0,0,0,6,0x5AA5,-23653,-1126,0,0,36879,2,2,2,2,255,0,2,15,0,0,1,0,0,0,0,0,0,0,6,0,0,-23600,44848374
2026-09-25T07:28:57.080Z,64635718000000,0x051C,0x0104,-2,2,63,-15769,-15769,0,-43982,-43989,434007,44848875,1,0,0,0,3,4,0,0,0,15,15,0,1,434007,2,1,-20000,-20000,0,0,0,0,5,0,0,0,0,6,0x5AA5,-15769,-23653,0,0,36879,2,2,2,2,255,0,2,15,0,0,1,0,0,0,0,0,0,0,6,0,0,-15700,44848875
2026-09-25T07:28:57.555Z,64636203000000,0x051C,0x0104,-2,2,63,-18021,-18021,0,-43986,-43987,434012,44849375,1,0,0,0,3,4,0,0,0,15,15,0,1,434012,2,1,-20000,-20000,0,0,0,0,5,0,0,0,0,6,0x5AA5,-18021,-19148,0,0,36879,2,2,2,2,255,0,2,15,0,0,1,0,0,0,0,0,0,0,6,0,0,-18000,44849375
2026-09-25T07:28:58.089Z,64636734000000,0x051C,0x0104,-2,2,63,-18021,-18021,0,-43986,-43987,434017,44849876,1,0,0,0,3,4,0,0,0,15,15,0,1,434017,2,1,-20000,-20000,0,0,0,0,5,0,0,0,0,6,0x5AA5,-18021,-19148,0,0,36879,2,2,2,2,255,0,2,15,0,0,1,0,0,0,0,0,0,0,6,0,0,-18000,44849876
2026-09-25T07:28:58.565Z,64637203000000,0x051C,0x0104,-2,2,63,-18021,-18021,0,-44002,-43987,434022,44850377,1,0,0,0,3,4,0,0,0,15,15,0,1,434022,2,1,-20000,-20000,0,0,0,0,5,0,0,0,0,6,0x5AA5,-18021,-1126,0,0,36879,2,2,2,2,255,0,2,15,0,0,1,0,0,0,0,0,0,0,6,0,0,-18000,44850377
2026-09-25T07:28:59.100Z,64637750000000,0x051C,0x0104,-2,2,63,-15769,-15769,0,-43984,-43989,434027,44850878,1,0,0,0,3,4,0,0,0,15,15,0,1,434027,2,1,-20000,-20000,0,0,0,0,5,0,0,0,0,6,0x5AA5,-15769,-21400,0,0,36879,2,2,2,2,255,0,2,15,0,0,1,0,0,0,0,0,0,0,6,0,0,-15700,44850878
2026-09-25T07:28:59.575Z,64638218000000,0x051C,0x0104,-2,2,63,-21400,-21400,0,-43976,-43984,434032,44851379,1,0,0,0,3,4,0,0,0,15,15,0,1,434032,2,1,-20000,-20000,0,0,0,0,5,0,0,0,0,6,0x5AA5,-21400,-30411,0,0,36879,2,2,2,2,255,0,2,15,0,0,1,0,0,0,0,0,0,0,6,0,0,-21400,44851379
2026-09-25T07:29:00.108Z,64638750000000,0x051C,0x0104,-2,2,63,-22527,-22527,0,-43968,-43983,434037,44851880,1,0,0,0,3,4,0,0,0,15,15,0,1,434037,2,1,-20000,-20000,0,0,0,0,5,0,0,0,0,6,0x5AA5,-22527,-39422,0,0,36879,2,2,2,2,255,0,2,15,0,0,1,0,0,0,0,0,0,0,6,0,0,-22500,44851880
2026-09-25T07:29:00.584Z,64639234000000,0x051C,0x0104,-2,2,63,-24779,-24779,0,-43977,-43981,434042,44852381,1,0,0,0,3,4,0,0,0,15,15,0,1,434042,2,1,-20000,-20000,0,0,0,0,5,0,0,0,0,6,0x5AA5,-24779,-29285,0,0,36879,2,2,2,2,255,0,2,15,0,0,1,0,0,0,0,0,0,0,6,0,0,-24700,44852381
2026-09-25T07:29:01.102Z,64639750000000,0x051C,0x0104,-2,2,63,-24779,-24779,0,-43992,-43981,434047,44852882,1,0,0,0,3,4,0,0,0,15,15,0,1,434047,2,1,-20000,-20000,0,0,0,0,5,0,0,0,0,6,0x5AA5,-24779,-12390,0,0,36879,2,2,2,2,255,0,2,15,0,0,1,0,0,0,0,0,0,0,6,0,0,-24700,44852882
2026-09-25T07:29:01.576Z,64640218000000,0x051C,0x0104,-2,2,63,-22527,-22527,0,-43981,-43983,434052,44853382,1,0,0,0,3,4,0,0,0,15,15,0,1,434052,2,1,-20000,-20000,0,0,0,0,5,0,0,0,0,6,0x5AA5,-22527,-24779,0,0,36879,2,2,2,2,255,0,2,15,0,0,1,0,0,0,0,0,0,0,6,0,0,-22500,44853382
2026-09-25T07:29:02.111Z,64640750000000,0x051C,0x0104,-2,2,63,-21400,-21400,0,-43998,-43984,434057,44853883,1,0,0,0,3,4,0,0,0,15,15,0,1,434057,2,1,-20000,-20000,0,0,0,0,5,0,0,0,0,6,0x5AA5,-21400,-5632,0,0,36879,2,2,2,2,255,0,2,15,0,0,1,0,0,0,0,0,0,0,6,0,0,-21400,44853883
2026-09-25T07:29:02.587Z,64641234000000,0x051C,0x0104,-2,2,63,-22527,-22527,0,-43981,-43983,434062,44854384,1,0,0,0,3,4,0,0,0,15,15,0,1,434062,2,1,-20000,-20000,0,0,0,0,5,0,0,0,0,6,0x5AA5,-22527,-24779,0,0,36879,2,2,2,2,255,0,2,15,0,0,1,0,0,0,0,0,0,0,6,0,0,-22500,44854384
2026-09-25T07:29:03.107Z,64641750000000,0x051C,0x0104,-2,2,63,-20274,-20274,0,-43985,-43985,434067,44854885,1,0,0,0,3,4,0,0,0,15,15,0,1,434067,2,1,-20000,-20000,0,0,0,0,5,0,0,0,0,6,0x5AA5,-20274,-20274,0,0,36881,2,2,2,2,255,0,2,15,0,0,1,0,0,0,0,0,0,0,6,0,0,-20200,44854885
2026-09-25T07:29:03.582Z,64642234000000,0x051C,0x0104,-2,2,63,-19148,-19148,0,-43968,-43986,434072,44855386,1,0,0,0,3,4,0,0,0,15,15,0,1,434072,2,1,-20000,-20000,0,0,0,0,5,0,0,0,0,6,0x5AA5,-19148,-39422,0,0,36881,2,2,2,2,255,0,2,15,0,0,1,0,0,0,0,0,0,0,6,0,0,-19100,44855386
2026-09-25T07:29:04.101Z,64642750000000,0x051C,0x0104,-2,2,63,-22527,-22527,0,-43976,-43983,434077,44855887,1,0,0,0,3,4,0,0,0,15,15,0,1,434077,2,1,-20000,-20000,0,0,0,0,5,0,0,0,0,6,0x5AA5,-22527,-30411,0,0,36881,2,2,2,2,255,0,2,15,0,0,1,0,0,0,0,0,0,0,6,0,0,-22500,44855887
2026-09-25T07:29:04.575Z,64643218000000,0x051C,0x0104,-2,2,63,-21400,-21400,0,-43971,-43984,434082,44856387,1,0,0,0,3,4,0,0,0,15,15,0,1,434082,2,1,-20000,-20000,0,0,0,0,5,0,0,0,0,6,0x5AA5,-21400,-36043,0,0,36881,2,2,2,2,255,0,2,15,0,0,1,0,0,0,0,0,0,0,6,0,0,-21400,44856387
2026-09-25T07:29:05.110Z,64643750000000,0x051C,0x0104,-2,2,63,-21400,-21400,0,-43967,-43984,434087,44856888,1,0,0,0,3,4,0,0,0,15,15,0,1,434087,2,1,-20000,-20000,0,0,0,0,5,0,0,0,0,6,0x5AA5,-21400,-40548,0,0,36881,2,2,2,2,255,0,2,15,0,0,1,0,0,0,0,0,0,0,6,0,0,-21400,44856888
2026-09-25T07:29:05.585Z,64644234000000,0x051C,0x0104,-2,2,63,-20274,-20274,0,-43993,-43985,434092,44857389,1,0,0,0,3,4,0,0,0,15,15,0,1,434092,2,1,-20000,-20000,0,0,0,0,5,0,0,0,0,6,0x5AA5,-20274,-11263,0,0,36881,2,2,2,2,255,0,2,15,0,0,1,0,0,0,0,0,0,0,6,0,0,-20200,44857389
2026-09-25T07:29:06.103Z,64644750000000,0x051C,0x0104,-2,2,63,-13516,-13516,0,-43986,-43991,434097,44857890,1,0,0,0,3,4,0,0,0,15,15,0,1,434097,2,1,-20000,-20000,0,0,0,0,5,0,0,0,0,6,0x5AA5,-13516,-19148,0,0,36881,2,2,2,2,255,0,2,15,0,0,1,0,0,0,0,0,0,0,6,0,0,-13500,44857890
2026-09-25T07:29:06.578Z,64645218000000,0x051C,0x0104,-2,2,63,-19148,-19148,0,-43981,-43986,434102,44858391,1,0,0,0,3,4,0,0,0,15,15,0,1,434102,2,1,-20000,-20000,0,0,0,0,5,0,0,0,0,6,0x5AA5,-19148,-24779,0,0,36881,2,2,2,2,255,0,2,15,0,0,1,0,0,0,0,0,0,0,6,0,0,-19100,44858391
2026-09-25T07:29:07.112Z,64645750000000,0x051C,0x0104,-2,2,63,-21400,-21400,0,-43981,-43984,434107,44858891,1,0,0,0,3,4,0,0,0,15,15,0,1,434107,2,1,-20000,-20000,0,0,0,0,5,0,0,0,0,6,0x5AA5,-21400,-24779,0,0,36881,2,2,2,2,255,0,2,15,0,0,1,0,0,0,0,0,0,0,6,0,0,-21400,44858891
2026-09-25T07:29:07.586Z,64646234000000,0x051C,0x0104,-2,2,63,-15769,-15769,0,-44004,-43989,434112,44859393,1,0,0,0,3,4,0,0,0,15,15,0,1,434112,2,1,-20000,-20000,0,0,0,0,5,0,0,0,0,6,0x5AA5,-15769,1126,0,0,36882,2,2,2,4,255,0,4,15,0,0,1,0,0,0,0,0,0,0,6,0,0,-15700,44859393
2026-09-25T07:29:08.105Z,64646750000000,0x051C,0x0104,-2,2,63,-13516,-13516,0,-43988,-43991,434117,44859893,1,0,0,0,3,4,0,0,0,15,15,0,1,434117,2,1,-20000,-20000,0,0,0,0,5,0,0,0,0,6,0x5AA5,-13516,-16895,0,0,36883,2,2,2,2,255,0,2,15,0,0,1,0,0,0,0,0,0,0,6,0,0,-13500,44859893
2026-09-25T07:29:08.580Z,64647218000000,0x051C,0x0104,-2,2,63,-15769,-15769,0,-43983,-43989,434122,44860394,1,0,0,0,3,4,0,0,0,15,15,0,1,434122,2,1,-20000,-20000,0,0,0,0,5,0,0,0,0,6,0x5AA5,-15769,-22527,0,0,36883,2,2,2,2,255,0,2,15,0,0,1,0,0,0,0,0,0,0,6,0,0,-15700,44860394
2026-09-25T07:29:09.115Z,64647765000000,0x051C,0x0104,-2,2,63,-11263,-11263,0,-43995,-43993,434127,44860895,1,0,0,0,3,4,0,0,0,15,15,0,1,434127,2,1,-20000,-20000,0,0,0,0,5,0,0,0,0,6,0x5AA5,-11263,-9011,0,0,36885,2,2,2,2,255,0,2,15,0,0,1,0,0,0,0,0,0,0,6,0,0,-11200,44860895
2026-09-25T07:29:09.574Z,64648218000000,0x051C,0x0104,-2,2,63,-20274,-20274,0,-43989,-43985,434132,44861396,1,0,0,0,3,4,0,0,0,15,15,0,1,434132,2,1,-20000,-20000,0,0,0,0,5,0,0,0,0,6,0x5AA5,-20274,-15769,0,0,36885,2,2,2,2,255,0,2,15,0,0,1,0,0,0,0,0,0,0,6,0,0,-20200,44861396
2026-09-25T07:29:10.110Z,64648750000000,0x051C,0x0104,-2,2,63,-20274,-20274,0,-43988,-43985,434137,44861896,1,0,0,0,3,4,0,0,0,15,15,0,1,434137,2,1,-20000,-20000,0,0,0,0,5,0,0,0,0,6,0x5AA5,-20274,-16895,0,0,36885,2,2,2,2,255,0,2,15,0,0,1,0,0,0,0,0,0,0,6,0,0,-20200,44861896
2026-09-25T07:29:10.585Z,64649234000000,0x051C,0x0104,-2,2,63,-16895,-16895,0,-43984,-43988,434142,44862397,1,0,0,0,3,4,0,0,0,15,15,0,1,434142,2,1,-20000,-20000,0,0,0,0,5,0,0,0,0,6,0x5AA5,-16895,-21400,0,0,36885,2,2,2,2,255,0,2,15,0,0,1,0,0,0,0,0,0,0,6,0,0,-16800,44862397
2026-09-25T07:29:11.108Z,64649750000000,0x051C,0x0104,-2,2,63,-19148,-19148,0,-43978,-43986,434147,44862898,1,0,0,0,3,4,0,0,0,15,15,0,1,434147,2,1,-20000,-20000,0,0,0,0,5,0,0,0,0,6,0x5AA5,-19148,-28158,0,0,36885,2,2,2,2,255,0,2,15,0,0,1,0,0,0,0,0,0,0,6,0,0,-19100,44862898
2026-09-25T07:29:11.584Z,64650234000000,0x051C,0x0104,-2,2,63,-20274,-20274,0,-43977,-43985,434152,44863399,1,0,0,0,3,4,0,0,0,15,15,0,1,434152,2,1,-20000,-20000,0,0,0,0,5,0,0,0,0,6,0x5AA5,-20274,-29285,0,0,36885,2,2,2,2,255,0,2,15,0,0,1,0,0,0,0,0,0,0,6,0,0,-20200,44863399
2026-09-25T07:29:12.100Z,64650750000000,0x051C,0x0104,-2,2,63,-19148,-19148,0,-43980,-43986,434157,44863900,1,0,0,0,3,4,0,0,0,15,15,0,1,434157,2,1,-20000,-20000,0,0,0,0,5,0,0,0,0,6,0x5AA5,-19148,-25906,0,0,36887,2,2,2,2,255,0,2,15,0,0,1,0,0,0,0,0,0,0,6,0,0,-19100,44863900
2026-09-25T07:29:12.572Z,64651218000000,0x051C,0x0104,-2,2,63,-21400,-21400,0,-43979,-43984,434162,44864401,1,0,0,0,3,4,0,0,0,15,15,0,1,434162,2,1,-20000,-20000,0,0,0,0,5,0,0,0,0,6,0x5AA5,-21400,-27032,0,0,36887,2,2,2,2,255,0,2,15,0,0,1,0,0,0,0,0,0,0,6,0,0,-21400,44864401
2026-09-25T07:29:13.111Z,64651750000000,0x051C,0x0104,-2,2,63,-16895,-16895,0,-43988,-43988,434167,44864901,1,0,0,0,3,4,0,0,0,15,15,0,1,434167,2,1,-20000,-20000,0,0,0,0,5,0,0,0,0,6,0x5AA5,-16895,-16895,0,0,36887,2,2,2,2,255,0,2,15,0,0,1,0,0,0,0,0,0,0,6,0,0,-16800,44864901
2026-09-25T07:29:13.585Z,64652234000000,0x051C,0x0104,-2,2,63,-13516,-13516,0,-44001,-43991,434172,44865402,1,0,0,0,3,4,0,0,0,15,15,0,1,434172,2,1,-20000,-20000,0,0,0,0,5,0,0,0,0,6,0x5AA5,-13516,-2253,0,0,36887,2,2,2,2,255,0,2,15,0,0,1,0,0,0,0,0,0,0,6,0,0,-13500,44865402
2026-09-25T07:29:14.104Z,64652750000000,0x051C,0x0104,-2,2,63,-12390,-12390,0,-43988,-43992,434177,44865903,1,0,0,0,3,4,0,0,0,15,15,0,1,434177,2,1,-20000,-20000,0,0,0,0,5,0,0,0,0,6,0x5AA5,-12390,-16895,0,0,36887,2,2,2,2,255,0,2,15,0,0,1,0,0,0,0,0,0,0,6,0,0,-12300,44865903
2026-09-25T07:29:14.578Z,64653218000000,0x051C,0x0104,-2,2,63,-14642,-14642,0,-43988,-43990,434182,44866404,1,0,0,0,3,4,0,0,0,15,15,0,1,434182,2,1,-20000,-20000,0,0,0,0,5,0,0,0,0,6,0x5AA5,-14642,-16895,0,0,36887,2,2,2,2,255,0,2,15,0,0,1,0,0,0,0,0,0,0,6,0,0,-14600,44866404
2026-09-25T07:29:15.114Z,64653765000000,0x051C,0x0104,-2,2,63,-14642,-14642,0,-43990,-43990,434187,44866905,1,0,0,0,3,4,0,0,0,15,15,0,1,434187,2,1,-20000,-20000,0,0,0,0,5,0,0,0,0,6,0x5AA5,-14642,-14642,0,0,36887,2,2,2,2,255,0,2,15,0,0,1,0,0,0,0,0,0,0,6,0,0,-14600,44866905
2026-09-25T07:29:15.572Z,64654218000000,0x051C,0x0104,-2,2,63,-18021,-18021,0,-43971,-43987,434192,44867405,1,0,0,0,3,4,0,0,0,15,15,0,1,434192,2,1,-20000,-20000,0,0,0,0,5,0,0,0,0,6,0x5AA5,-18021,-36043,0,0,36887,2,2,2,2,255,0,2,15,0,0,1,0,0,0,0,0,0,0,6,0,0,-18000,44867405
2026-09-25T07:29:16.106Z,64654750000000,0x051C,0x0104,-2,2,63,-18021,-18021,0,-43974,-43987,434197,44867906,1,0,0,0,3,4,0,0,0,15,15,0,1,434197,2,1,-20000,-20000,0,0,0,0,5,0,0,0,0,6,0x5AA5,-18021,-32664,0,0,36887,2,2,2,2,255,0,2,15,0,0,1,0,0,0,0,0,0,0,6,0,0,-18000,44867906
2026-09-25T07:29:16.582Z,64655234000000,0x051C,0x0104,-2,2,63,-19148,-19148,0,-43992,-43986,434202,44868407,1,0,0,0,3,4,0,0,0,15,15,0,1,434202,2,1,-20000,-20000,0,0,0,0,5,0,0,0,0,6,0x5AA5,-19148,-12390,0,0,36887,2,2,2,2,255,0,2,15,0,0,1,0,0,0,0,0,0,0,6,0,0,-19100,44868407
2026-09-25T07:29:17.100Z,64655750000000,0x051C,0x0104,-2,2,63,-14642,-14642,0,-44001,-43990,434207,44868908,1,0,0,0,3,4,0,0,0,15,15,0,1,434207,2,1,-20000,-20000,0,0,0,0,5,0,0,0,0,6,0x5AA5,-14642,-2253,0,0,36889,2,2,2,2,255,0,2,15,0,0,1,0,0,0,0,0,0,0,6,0,0,-14600,44868908
2026-09-25T07:29:17.574Z,64656218000000,0x051C,0x0104,-2,2,63,-11263,-11263,0,-44004,-43993,434212,44869409,1,0,0,0,3,4,0,0,0,15,15,0,1,434212,2,1,-20000,-20000,0,0,0,0,5,0,0,0,0,6,0x5AA5,-11263,1126,0,0,36890,2,2,2,4,255,0,4,15,0,0,1,0,0,0,0,0,0,0,6,0,0,-11200,44869409
2026-09-25T07:29:18.110Z,64656750000000,0x051C,0x0104,-2,2,63,-18021,-18021,0,-43996,-43987,434217,44869910,1,0,0,0,3,4,0,0,0,15,15,0,1,434217,2,1,-20000,-20000,0,0,0,0,5,0,0,0,0,6,0x5AA5,-18021,-7884,0,0,36891,2,2,2,2,255,0,2,15,0,0,1,0,0,0,0,0,0,0,6,0,0,-18000,44869910
2026-09-25T07:29:18.585Z,64657234000000,0x051C,0x0104,-2,2,63,-19148,-19148,0,-43983,-43986,434222,44870410,1,0,0,0,3,4,0,0,0,15,15,0,1,434222,2,1,-20000,-20000,0,0,0,0,5,0,0,0,0,6,0x5AA5,-19148,-22527,0,0,36891,2,2,2,2,255,0,2,15,0,0,1,0,0,0,0,0,0,0,6,0,0,-19100,44870410
2026-09-25T07:29:19.102Z,64657750000000,0x051C,0x0104,-2,2,63,-21400,-21400,0,-43987,-43984,434227,44870911,1,0,0,0,3,4,0,0,0,15,15,0,1,434227,2,1,-20000,-20000,0,0,0,0,5,0,0,0,0,6,0x5AA5,-21400,-18021,0,0,36891,2,2,2,2,255,0,2,15,0,0,1,0,0,0,0,0,0,0,6,0,0,-21400,44870911
2026-09-25T07:29:19.576Z,64658218000000,0x051C,0x0104,-2,2,63,-18021,-18021,0,-44003,-43987,434232,44871413,1,0,0,0,3,4,0,0,0,15,15,0,1,434232,2,1,-20000,-20000,0,0,0,0,5,0,0,0,0,6,0x5AA5,-18021,0,0,0,36891,2,2,2,2,255,0,2,15,0,0,1,0,0,0,0,0,0,0,6,0,0,-18000,44871413
2026-09-25T07:29:20.110Z,64658750000000,0x051C,0x0104,-2,2,63,-16895,-16895,0,-43982,-43988,434237,44871913,1,0,0,0,3,4,0,0,0,15,15,0,1,434237,2,1,-20000,-20000,0,0,0,0,5,0,0,0,0,6,0x5AA5,-16895,-23653,0,0,36891,2,2,2,2,255,0,2,15,0,0,1,0,0,0,0,0,0,0,6,0,0,-16800,44871913
2026-09-25T07:29:20.584Z,64659234000000,0x051C,0x0104,-2,2,63,-25906,-25906,0,-43975,-43980,434242,44872414,1,0,0,0,3,4,0,0,0,15,15,0,1,434242,2,1,-20000,-20000,0,0,0,0,5,0,0,0,0,6,0x5AA5,-25906,-31537,0,0,36891,2,2,2,2,255,0,2,15,0,0,1,0,0,0,0,0,0,0,6,0,0,-25900,44872414
2026-09-25T07:29:21.103Z,64659750000000,0x051C,0x0104,-2,2,63,-24779,-24779,0,-43972,-43981,434247,44872915,1,0,0,0,3,4,0,0,0,15,15,0,1,434247,2,1,-20000,-20000,0,0,0,0,5,0,0,0,0,6,0x5AA5,-24779,-34916,0,0,36891,2,2,2,2,255,0,2,15,0,0,1,0,0,0,0,0,0,0,6,0,0,-24700,44872915
2026-09-25T07:29:21.577Z,64660218000000,0x051C,0x0104,-2,2,63,-27032,-27032,0,-43999,-43979,434252,44873415,1,0,0,0,3,4,0,0,0,15,15,0,1,434252,2,1,-20000,-20000,0,0,0,0,5,0,0,0,0,6,0x5AA5,-27032,-4505,0,0,36891,2,2,2,2,255,0,2,15,0,0,1,0,0,0,0,0,0,0,6,0,0,-27000,44873415
2026-09-25T07:29:22.112Z,64660750000000,0x051C,0x0104,-2,2,63,-21400,-21400,0,-43966,-43984,434257,44873916,1,0,0,0,3,4,0,0,0,15,15,0,1,434257,2,1,-20000,-20000,0,0,0,0,5,0,0,0,0,6,0x5AA5,-21400,-41674,0,0,36893,2,2,2,2,255,0,2,15,0,0,1,0,0,0,0,0,0,0,6,0,0,-21400,44873916
2026-09-25T07:29:22.586Z,64661234000000,0x051C,0x0104,-2,2,63,-16895,-16895,0,-43995,-43988,434262,44874417,1,0,0,0,3,4,0,0,0,15,15,0,1,434262,2,1,-20000,-20000,0,0,0,0,5,0,0,0,0,6,0x5AA5,-16895,-9011,0,0,36893,2,2,2,2,255,0,2,15,0,0,1,0,0,0,0,0,0,0,6,0,0,-16800,44874417
2026-09-25T07:29:23.102Z,64661750000000,0x051C,0x0104,-2,2,63,-16895,-16895,0,-43997,-43988,434267,44874918,1,0,0,0,3,4,0,0,0,15,15,0,1,434267,2,1,-20000,-20000,0,0,0,0,5,0,0,0,0,6,0x5AA5,-16895,-6758,0,0,36893,2,2,2,2,255,0,2,15,0,0,1,0,0,0,0,0,0,0,6,0,0,-16800,44874918
2026-09-25T07:29:23.576Z,64662218000000,0x051C,0x0104,-2,2,63,-16895,-16895,0,-43994,-43988,434272,44875419,1,0,0,0,3,4,0,0,0,15,15,0,1,434272,2,1,-20000,-20000,0,0,0,0,5,0,0,0,0,6,0x5AA5,-16895,-10137,0,0,36893,2,2,2,2,255,0,2,15,0,0,1,0,0,0,0,0,0,0,6,0,0,-16800,44875419
2026-09-25T07:29:24.109Z,64662750000000,0x051C,0x0104,-2,2,63,-14642,-14642,0,-43989,-43990,434277,44875920,1,0,0,0,3,4,0,0,0,15,15,0,1,434277,2,1,-20000,-20000,0,0,0,0,5,0,0,0,0,6,0x5AA5,-14642,-15769,0,0,36895,2,2,2,2,255,0,2,15,0,0,1,0,0,0,0,0,0,0,6,0,0,-14600,44875920
2026-09-25T07:29:24.585Z,64663234000000,0x051C,0x0104,-2,2,63,-10137,-10137,0,-44001,-43994,434282,44876421,1,0,0,0,3,4,0,0,0,15,15,0,1,434282,2,1,-20000,-20000,0,0,0,0,5,0,0,0,0,6,0x5AA5,-10137,-2253,0,0,36897,2,2,2,2,255,0,2,15,0,0,1,0,0,0,0,0,0,0,6,0,0,-10100,44876421
2026-09-25T07:29:25.102Z,64663750000000,0x051C,0x0104,-2,2,63,-9011,-9011,0,-43999,-43995,434287,44876922,1,0,0,0,3,4,0,0,0,15,15,0,1,434287,2,1,-20000,-20000,0,0,0,0,5,0,0,0,0,6,0x5AA5,-9011,-4505,0,0,36897,2,2,2,2,255,0,2,15,0,0,1,0,0,0,0,0,0,0,6,0,0,-9000,44876922
2026-09-25T07:29:25.576Z,64664218000000,0x051C,0x0104,-2,2,63,-6758,-6758,0,-43994,-43997,434292,44877422,1,0,0,0,3,4,0,0,0,15,15,0,1,434292,2,1,-20000,-20000,0,0,0,0,5,0,0,0,0,6,0x5AA5,-6758,-10137,0,0,36899,2,2,2,2,255,0,2,15,0,0,1,0,0,0,0,0,0,0,6,0,0,-6700,44877422
2026-09-25T07:29:26.109Z,64664750000000,0x051C,0x0104,-2,2,63,-9011,-9011,0,-44012,-43995,434297,44877923,1,0,0,0,3,4,0,0,0,15,15,0,1,434297,2,1,-20000,-20000,0,0,0,0,5,0,0,0,0,6,0x5AA5,-9011,10137,0,0,36900,2,2,2,4,255,0,4,15,0,0,1,0,0,0,0,0,0,0,6,0,0,-9000,44877923
2026-09-25T07:29:26.584Z,64665234000000,0x051C,0x0104,-2,2,63,-13516,-13516,0,-43995,-43991,434302,44878424,1,0,0,0,3,4,0,0,0,15,15,0,1,434302,2,1,-20000,-20000,0,0,0,0,5,0,0,0,0,6,0x5AA5,-13516,-9011,0,0,36901,2,2,2,2,255,0,2,15,0,0,1,0,0,0,0,0,0,0,6,0,0,-13500,44878424
2026-09-25T07:29:27.104Z,64665750000000,0x051C,0x0104,-2,2,63,-12390,-12390,0,-43963,-43992,434307,44878925,1,0,0,0,3,4,0,0,0,15,15,0,1,434307,2,1,-20000,-20000,0,0,0,0,5,0,0,0,0,6,0x5AA5,-12390,-45053,0,0,36903,2,2,2,2,255,0,2,15,0,0,1,0,0,0,0,0,0,0,6,0,0,-12300,44878925
2026-09-25T07:29:27.581Z,64666218000000,0x051C,0x0104,-2,2,63,-19148,-19148,0,-43999,-43986,434312,44879426,1,0,0,0,3,4,0,0,0,15,15,0,1,434312,2,1,-20000,-20000,0,0,0,0,5,0,0,0,0,6,0x5AA5,-19148,-4505,0,0,36903,2,2,2,2,255,0,2,15,0,0,1,0,0,0,0,0,0,0,6,0,0,-19100,44879426
2026-09-25T07:29:28.111Z,64666750000000,0x051C,0x0104,-2,2,63,-15769,-15769,0,-43987,-43989,434317,44879927,1,0,0,0,3,4,0,0,0,15,15,0,1,434317,2,1,-20000,-20000,0,0,0,0,5,0,0,0,0,6,0x5AA5,-15769,-18021,0,0,36903,2,2,2,2,255,0,2,15,0,0,1,0,0,0,0,0,0,0,6,0,0,-15700,44879927
2026-09-25T07:29:28.603Z,64667250000000,0x051C,0x0104,-2,2,63,-13516,-13516,0,-43968,-43991,434322,44880428,1,0,0,0,3,4,0,0,0,15,15,0,1,434322,2,1,-20000,-20000,0,0,0,0,5,0,0,0,0,6,0x5AA5,-13516,-39422,0,0,36903,2,2,2,2,255,0,2,15,0,0,1,0,0,0,0,0,0,0,6,0,0,-13500,44880428
2026-09-25T07:29:29.139Z,64667781000000,0x051C,0x0104,-2,2,63,-16895,-16895,0,-43993,-43988,434327,44880929,1,0,0,0,3,4,0,0,0,15,15,0,1,434327,2,1,-20000,-20000,0,0,0,0,5,0,0,0,0,6,0x5AA5,-16895,-11263,0,0,36903,2,2,2,2,255,0,2,15,0,0,1,0,0,0,0,0,0,0,6,0,0,-16800,44880929
2026-09-25T07:29:29.613Z,64668265000000,0x051C,0x0104,-2,2,63,-16895,-16895,0,-43999,-43988,434332,44881430,1,0,0,0,3,4,0,0,0,15,15,0,1,434332,2,1,-20000,-20000,0,0,0,0,5,0,0,0,0,6,0x5AA5,-16895,-4505,0,0,36905,2,2,2,2,255,0,2,15,0,0,1,0,0,0,0,0,0,0,6,0,0,-16800,44881430
2026-09-25T07:29:30.130Z,64668781000000,0x051C,0x0104,-2,2,63,-13516,-13516,0,-43994,-43991,434337,44881930,1,0,0,0,3,4,0,0,0,15,15,0,1,434337,2,1,-20000,-20000,0,0,0,0,5,0,0,0,0,6,0x5AA5,-13516,-10137,0,0,36905,2,2,2,2,255,0,2,15,0,0,1,0,0,0,0,0,0,0,6,0,0,-13500,44881930
2026-09-25T07:29:30.604Z,64669250000000,0x051C,0x0104,-2,2,63,-11263,-11263,0,-43991,-43993,434342,44882431,1,0,0,0,3,4,0,0,0,15,15,0,1,434342,2,1,-20000,-20000,0,0,0,0,5,0,0,0,0,6,0x5AA5,-11263,-13516,0,0,36905,2,2,2,2,255,0,2,15,0,0,1,0,0,0,0,0,0,0,6,0,0,-11200,44882431
2026-09-25T07:29:31.140Z,64669781000000,0x051C,0x0104,-2,2,63,-12390,-12390,0,-43986,-43992,434347,44882933,1,0,0,0,3,4,0,0,0,15,15,0,1,434347,2,1,-20000,-20000,0,0,0,0,5,0,0,0,0,6,0x5AA5,-12390,-19148,0,0,36907,2,2,2,2,255,0,2,15,0,0,1,0,0,0,0,0,0,0,6,0,0,-12300,44882933
2026-09-25T07:29:31.615Z,64670265000000,0x051C,0x0104,-2,2,63,-9011,-9011,0,-43988,-43995,434352,44883433,1,0,0,0,3,4,0,0,0,15,15,0,1,434352,2,1,-20000,-20000,0,0,0,0,5,0,0,0,0,6,0x5AA5,-9011,-16895,0,0,36909,2,2,2,2,255,0,2,15,0,0,1,0,0,0,0,0,0,0,6,0,0,-9000,44883433
2026-09-25T07:29:32.132Z,64670781000000,0x051C,0x0104,-2,2,63,-12390,-12390,0,-43994,-43992,434357,44883934,1,0,0,0,3,4,0,0,0,15,15,0,1,434357,2,1,-20000,-20000,0,0,0,0,5,0,0,0,0,6,0x5AA5,-12390,-10137,0,0,36909,2,2,2,2,255,0,2,15,0,0,1,0,0,0,0,0,0,0,6,0,0,-12300,44883934
2026-09-25T07:29:32.605Z,64671250000000,0x051C,0x0104,-2,2,63,-18021,-18021,0,-43992,-43987,434362,44884435,1,0,0,0,3,4,0,0,0,15,15,0,1,434362,2,1,-20000,-20000,0,0,0,0,5,0,0,0,0,6,0x5AA5,-18021,-12390,0,0,36909,2,2,2,2,255,0,2,15,0,0,1,0,0,0,0,0,0,0,6,0,0,-18000,44884435
2026-09-25T07:29:33.142Z,64671781000000,0x051C,0x0104,-2,2,63,-11263,-11263,0,-44020,-43993,434367,44884936,1,0,0,0,3,4,0,0,0,15,15,0,1,434367,2,1,-20000,-20000,0,0,0,0,5,0,0,0,0,6,0x5AA5,-11263,19148,0,0,36910,2,2,2,4,255,0,4,15,0,0,1,0,0,0,0,0,0,0,6,0,0,-11200,44884936
2026-09-25T07:29:33.617Z,64672265000000,0x051C,0x0104,-2,2,63,-12390,-12390,0,-44001,-43992,434372,44885437,1,0,0,0,3,4,0,0,0,15,15,0,1,434372,2,1,-20000,-20000,0,0,0,0,5,0,0,0,0,6,0x5AA5,-12390,-2253,0,0,36911,2,2,2,2,255,0,2,15,0,0,1,0,0,0,0,0,0,0,6,0,0,-12300,44885437
2026-09-25T07:29:34.137Z,64672781000000,0x051C,0x0104,-2,2,63,-11263,-11263,0,-43980,-43993,434377,44885937,1,0,0,0,3,4,0,0,0,15,15,0,1,434377,2,1,-20000,-20000,0,0,0,0,5,0,0,0,0,6,0x5AA5,-11263,-25906,0,0,36911,2,2,2,2,255,0,2,15,0,0,1,0,0,0,0,0,0,0,6,0,0,-11200,44885937
2026-09-25T07:29:34.612Z,64673250000000,0x051C,0x0104,-2,2,63,-10137,-10137,0,-44000,-43994,434382,44886438,1,0,0,0,3,4,0,0,0,15,15,0,1,434382,2,1,-20000,-20000,0,0,0,0,5,0,0,0,0,6,0x5AA5,-10137,-3379,0,0,36911,2,2,2,2,255,0,2,15,0,0,1,0,0,0,0,0,0,0,6,0,0,-10100,44886438
2026-09-25T07:29:35.149Z,64673796000000,0x051C,0x0104,-2,2,63,-13516,-13516,0,-43991,-43991,434387,44886939,1,0,0,0,3,4,0,0,0,15,15,0,1,434387,2,1,-20000,-20000,0,0,0,0,5,0,0,0,0,6,0x5AA5,-13516,-13516,0,0,36911,2,2,2,2,255,0,2,15,0,0,1,0,0,0,0,0,0,0,6,0,0,-13500,44886939
2026-09-25T07:29:35.608Z,64674250000000,0x051C,0x0104,-2,2,63,-11263,-11263,0,-43993,-43993,434392,44887440,1,0,0,0,3,4,0,0,0,15,15,0,1,434392,2,1,-20000,-20000,0,0,0,0,5,0,0,0,0,6,0x5AA5,-11263,-11263,0,0,36913,2,2,2,2,255,0,2,15,0,0,1,0,0,0,0,0,0,0,6,0,0,-11200,44887440
2026-09-25T07:29:36.140Z,64674781000000,0x051C,0x0104,-2,2,63,-14642,-14642,0,-43993,-43990,434397,44887941,1,0,0,0,3,4,0,0,0,15,15,0,1,434397,2,1,-20000,-20000,0,0,0,0,5,0,0,0,0,6,0x5AA5,-14642,-11263,0,0,36913,2,2,2,2,255,0,2,15,0,0,1,0,0,0,0,0,0,0,6,0,0,-14600,44887941
2026-09-25T07:29:36.616Z,64675265000000,0x051C,0x0104,-2,2,63,-14642,-14642,0,-43975,-43990,434402,44888441,1,0,0,0,3,4,0,0,0,15,15,0,1,434402,2,1,-20000,-20000,0,0,0,0,5,0,0,0,0,6,0x5AA5,-14642,-31537,0,0,36913,2,2,2,2,255,0,2,15,0,0,1,0,0,0,0,0,0,0,6,0,0,-14600,44888441
2026-09-25T07:29:37.134Z,64675781000000,0x051C,0x0104,-2,2,63,-18021,-18021,0,-43996,-43987,434407,44888942,1,0,0,0,3,4,0,0,0,15,15,0,1,434407,2,1,-20000,-20000,0,0,0,0,5,0,0,0,0,6,0x5AA5,-18021,-7884,0,0,36913,2,2,2,2,255,0,2,15,0,0,1,0,0,0,0,0,0,0,6,0,0,-18000,44888942
2026-09-25T07:29:37.609Z,64676250000000,0x051C,0x0104,-2,2,63,-14642,-14642,0,-43986,-43990,434412,44889443,1,0,0,0,3,4,0,0,0,15,15,0,1,434412,2,1,-20000,-20000,0,0,0,0,5,0,0,0,0,6,0x5AA5,-14642,-19148,0,0,36913,2,2,2,2,255,0,2,15,0,0,1,0,0,0,0,0,0,0,6,0,0,-14600,44889443
2026-09-25T07:29:38.143Z,64676781000000,0x051C,0x0104,-2,2,63,-14642,-14642,0,-43985,-43990,434417,44889944,1,0,0,0,3,4,0,0,0,15,15,0,1,434417,2,1,-20000,-20000,0,0,0,0,5,0,0,0,0,6,0x5AA5,-14642,-20274,0,0,36913,2,2,2,2,255,0,2,15,0,0,1,0,0,0,0,0,0,0,6,0,0,-14600,44889944
2026-09-25T07:29:38.618Z,64677265000000,0x051C,0x0104,-2,2,63,-18021,-18021,0,-44021,-43987,434422,44890445,1,0,0,0,3,4,0,0,0,15,15,0,1,434422,2,1,-20000,-20000,0,0,0,0,5,0,0,0,0,6,0x5AA5,-18021,20274,0,0,36914,2,2,2,4,255,0,4,15,0,0,1,0,0,0,0,0,0,0,6,0,0,-18000,44890445
2026-09-25T07:29:39.137Z,64677781000000,0x051C,0x0104,-2,2,63,-13516,-13516,0,-43986,-43991,434427,44890946,1,0,0,0,3,4,0,0,0,15,15,0,1,434427,2,1,-20000,-20000,0,0,0,0,5,0,0,0,0,6,0x5AA5,-13516,-19148,0,0,36915,2,2,2,2,255,0,2,15,0,0,1,0,0,0,0,0,0,0,6,0,0,-13500,44890946
2026-09-25T07:29:39.612Z,64678250000000,0x051C,0x0104,-2,2,63,-16895,-16895,0,-43974,-43988,434432,44891446,1,0,0,0,3,4,0,0,0,15,15,0,1,434432,2,1,-20000,-20000,0,0,0,0,5,0,0,0,0,6,0x5AA5,-16895,-32664,0,0,36915,2,2,2,2,255,0,2,15,0,0,1,0,0,0,0,0,0,0,6,0,0,-16800,44891446
2026-09-25T07:29:40.147Z,64678796000000,0x051C,0x0104,-2,2,63,-19148,-19148,0,-43968,-43986,434437,44891947,1,0,0,0,3,4,0,0,0,15,15,0,1,434437,2,1,-20000,-20000,0,0,0,0,5,0,0,0,0,6,0x5AA5,-19148,-39422,0,0,36915,2,2,2,2,255,0,2,15,0,0,1,0,0,0,0,0,0,0,6,0,0,-19100,44891947
2026-09-25T07:29:40.607Z,64679250000000,0x051C,0x0104,-2,2,63,-31537,-31537,0,-43986,-43975,434442,44892448,1,0,0,0,3,4,0,0,0,15,15,0,1,434442,2,1,-20000,-20000,0,0,0,0,5,0,0,0,0,6,0x5AA5,-31537,-19148,0,0,36915,2,2,2,2,255,0,2,15,0,0,1,0,0,0,0,0,0,0,6,0,0,-31500,44892448
2026-09-25T07:29:41.140Z,64679781000000,0x051C,0x0104,-2,2,63,-27032,-27032,0,-43979,-43979,434447,44892949,1,0,0,0,3,4,0,0,0,15,15,0,1,434447,2,1,-20000,-20000,0,0,0,0,5,0,0,0,0,6,0x5AA5,-27032,-27032,0,0,36915,2,2,2,2,255,0,2,15,0,0,1,0,0,0,0,0,0,0,6,0,0,-27000,44892949
2026-09-25T07:29:41.615Z,64680265000000,0x051C,0x0104,-2,2,63,-23653,-23653,0,-43982,-43982,434452,44893450,1,0,0,0,3,4,0,0,0,15,15,0,1,434452,2,1,-20000,-20000,0,0,0,0,5,0,0,0,0,6,0x5AA5,-23653,-23653,0,0,36915,2,2,2,2,255,0,2,15,0,0,1,0,0,0,0,0,0,0,6,0,0,-23600,44893450
2026-09-25T07:29:42.133Z,64680781000000,0x051C,0x0104,-2,2,63,-24779,-24779,0,-43974,-43981,434457,44893951,1,0,0,0,3,4,0,0,0,15,15,0,1,434457,2,1,-20000,-20000,0,0,0,0,5,0,0,0,0,6,0x5AA5,-24779,-32664,0,0,36915,2,2,2,2,255,0,2,15,0,0,1,0,0,0,0,0,0,0,6,0,0,-24700,44893951
2026-09-25T07:29:42.606Z,64681250000000,0x051C,0x0104,-2,2,63,-20274,-20274,0,-43973,-43985,434462,44894451,1,0,0,0,3,4,0,0,0,15,15,0,1,434462,2,1,-20000,-20000,0,0,0,0,5,0,0,0,0,6,0x5AA5,-20274,-33790,0,0,36915,2,2,2,2,255,0,2,15,0,0,1,0,0,0,0,0,0,0,6,0,0,-20200,44894451
2026-09-25T07:29:43.140Z,64681781000000,0x051C,0x0104,-2,2,63,-25906,-25906,0,-43976,-43980,434467,44894953,1,0,0,0,3,4,0,0,0,15,15,0,1,434467,2,1,-20000,-20000,0,0,0,0,5,0,0,0,0,6,0x5AA5,-25906,-30411,0,0,36915,2,2,2,2,255,0,2,15,0,0,1,0,0,0,0,0,0,0,6,0,0,-25900,44894953
2026-09-25T07:29:43.615Z,64682265000000,0x051C,0x0104,-2,2,63,-20274,-20274,0,-43990,-43985,434472,44895453,1,0,0,0,3,4,0,0,0,15,15,0,1,434472,2,1,-20000,-20000,0,0,0,0,5,0,0,0,0,6,0x5AA5,-20274,-14642,0,0,36915,2,2,2,2,255,0,2,15,0,0,1,0,0,0,0,0,0,0,6,0,0,-20200,44895453
2026-09-25T07:29:44.130Z,64682781000000,0x051C,0x0104,-2,2,63,-20274,-20274,0,-43987,-43985,434477,44895954,1,0,0,0,3,4,0,0,0,15,15,0,1,434477,2,1,-20000,-20000,0,0,0,0,5,0,0,0,0,6,0x5AA5,-20274,-18021,0,0,36915,2,2,2,2,255,0,2,15,0,0,1,0,0,0,0,0,0,0,6,0,0,-20200,44895954
2026-09-25T07:29:44.604Z,64683250000000,0x051C,0x0104,-2,2,63,-21400,-21400,0,-43976,-43984,434482,44896454,1,0,0,0,3,4,0,0,0,15,15,0,1,434482,2,1,-20000,-20000,0,0,0,0,5,0,0,0,0,6,0x5AA5,-21400,-30411,0,0,36915,2,2,2,2,255,0,2,15,0,0,1,0,0,0,0,0,0,0,6,0,0,-21400,44896454
2026-09-25T07:29:45.137Z,64683781000000,0x051C,0x0104,-2,2,63,-18021,-18021,0,-43989,-43987,434487,44896955,1,0,0,0,3,4,0,0,0,15,15,0,1,434487,2,1,-20000,-20000,0,0,0,0,5,0,0,0,0,6,0x5AA5,-18021,-15769,0,0,36915,2,2,2,2,255,0,2,15,0,0,1,0,0,0,0,0,0,0,6,0,0,-18000,44896955
2026-09-25T07:29:45.610Z,64684250000000,0x051C,0x0104,-2,2,63,-22527,-22527,0,-43971,-43983,434492,44897456,1,0,0,0,3,4,0,0,0,15,15,0,1,434492,2,1,-20000,-20000,0,0,0,0,5,0,0,0,0,6,0x5AA5,-22527,-36043,0,0,36915,2,2,2,2,255,0,2,15,0,0,1,0,0,0,0,0,0,0,6,0,0,-22500,44897456
2026-09-25T07:29:46.141Z,64684781000000,0x051C,0x0104,-2,2,63,-25906,-25906,0,-43986,-43980,434497,44897957,1,0,0,0,3,4,0,0,0,15,15,0,1,434497,2,1,-20000,-20000,0,0,0,0,5,0,0,0,0,6,0x5AA5,-25906,-19148,0,0,36915,2,2,2,2,255,0,2,15,0,0,1,0,0,0,0,0,0,0,6,0,0,-25900,44897957
2026-09-25T07:29:46.617Z,64685265000000,0x051C,0x0104,-2,2,63,-20274,-20274,0,-43994,-43985,434502,44898458,1,0,0,0,3,4,0,0,0,15,15,0,1,434502,2,1,-20000,-20000,0,0,0,0,5,0,0,0,0,6,0x5AA5,-20274,-10137,0,0,36915,2,2,2,2,255,0,2,15,0,0,1,0,0,0,0,0,0,0,6,0,0,-20200,44898458
2026-09-25T07:29:47.136Z,64685781000000,0x051C,0x0104,-2,2,63,-20274,-20274,0,-43987,-43985,434507,44898958,1,0,0,0,3,4,0,0,0,15,15,0,1,434507,2,1,-20000,-20000,0,0,0,0,5,0,0,0,0,6,0x5AA5,-20274,-18021,0,0,36915,2,2,2,2,255,0,2,15,0,0,1,0,0,0,0,0,0,0,6,0,0,-20200,44898958
2026-09-25T07:29:47.611Z,64686250000000,0x051C,0x0104,-2,2,63,-23653,-23653,0,-43996,-43982,434512,44899459,1,0,0,0,3,4,0,0,0,15,15,0,1,434512,2,1,-20000,-20000,0,0,0,0,5,0,0,0,0,6,0x5AA5,-23653,-7884,0,0,36915,2,2,2,2,255,0,2,15,0,0,1,0,0,0,0,0,0,0,6,0,0,-23600,44899459
2026-09-25T07:29:48.148Z,64686796000000,0x051C,0x0104,-2,2,63,-22527,-22527,0,-43996,-43983,434517,44899960,1,0,0,0,3,4,0,0,0,15,15,0,1,434517,2,1,-20000,-20000,0,0,0,0,5,0,0,0,0,6,0x5AA5,-22527,-7884,0,0,36915,2,2,2,2,255,0,2,15,0,0,1,0,0,0,0,0,0,0,6,0,0,-22500,44899960
2026-09-25T07:29:48.606Z,64687250000000,0x051C,0x0104,-2,2,63,-22527,-22527,0,-43983,-43983,434522,44900461,1,0,0,0,3,4,0,0,0,15,15,0,1,434522,2,1,-20000,-20000,0,0,0,0,5,0,0,0,0,6,0x5AA5,-22527,-22527,0,0,36915,2,2,2,2,255,0,2,15,0,0,1,0,0,0,0,0,0,0,6,0,0,-22500,44900461
2026-09-25T07:29:49.138Z,64687781000000,0x051C,0x0104,-2,2,63,-22527,-22527,0,-43990,-43983,434527,44900962,1,0,0,0,3,4,0,0,0,15,15,0,1,434527,2,1,-20000,-20000,0,0,0,0,5,0,0,0,0,6,0x5AA5,-22527,-14642,0,0,36915,2,2,2,2,255,0,2,15,0,0,1,0,0,0,0,0,0,0,6,0,0,-22500,44900962
2026-09-25T07:29:49.614Z,64688265000000,0x051C,0x0104,-2,2,63,-22527,-22527,0,-43988,-43983,434532,44901462,1,0,0,0,3,4,0,0,0,15,15,0,1,434532,2,1,-20000,-20000,0,0,0,0,5,0,0,0,0,6,0x5AA5,-22527,-16895,0,0,36915,2,2,2,2,255,0,2,15,0,0,1,0,0,0,0,0,0,0,6,0,0,-22500,44901462
2026-09-25T07:29:50.131Z,64688781000000,0x051C,0x0104,-2,2,63,-20274,-20274,0,-43988,-43985,434537,44901963,1,0,0,0,3,4,0,0,0,15,15,0,1,434537,2,1,-20000,-20000,0,0,0,0,5,0,0,0,0,6,0x5AA5,-20274,-16895,0,0,36915,2,2,2,2,255,0,2,15,0,0,1,0,0,0,0,0,0,0,6,0,0,-20200,44901963
2026-09-25T07:29:50.605Z,64689250000000,0x051C,0x0104,-2,2,63,-20274,-20274,0,-43981,-43985,434542,44902464,1,0,0,0,3,4,0,0,0,15,15,0,1,434542,2,1,-20000,-20000,0,0,0,0,5,0,0,0,0,6,0x5AA5,-20274,-24779,0,0,36915,2,2,2,2,255,0,2,15,0,0,1,0,0,0,0,0,0,0,6,0,0,-20200,44902464
2026-09-25T07:29:51.137Z,64689781000000,0x051C,0x0104,-2,2,63,-16895,-16895,0,-44004,-43988,434547,44902965,1,0,0,0,3,4,0,0,0,15,15,0,1,434547,2,1,-20000,-20000,0,0,0,0,5,0,0,0,0,6,0x5AA5,-16895,1126,0,0,36916,2,2,2,4,255,0,4,15,0,0,1,0,0,0,0,0,0,0,6,0,0,-16800,44902965
2026-09-25T07:29:51.611Z,64690250000000,0x051C,0x0104,-2,2,63,-14642,-14642,0,-43985,-43990,434552,44903466,1,0,0,0,3,4,0,0,0,15,15,0,1,434552,2,1,-20000,-20000,0,0,0,0,5,0,0,0,0,6,0x5AA5,-14642,-20274,0,0,36917,2,2,2,2,255,0,2,15,0,0,1,0,0,0,0,0,0,0,6,0,0,-14600,44903466
2026-09-25T07:29:52.149Z,64690796000000,0x051C,0x0104,-2,2,63,-11263,-11263,0,-43991,-43993,434557,44903966,1,0,0,0,3,4,0,0,0,15,15,0,1,434557,2,1,-20000,-20000,0,0,0,0,5,0,0,0,0,6,0x5AA5,-11263,-13516,0,0,36919,2,2,2,2,255,0,2,15,0,0,1,0,0,0,0,0,0,0,6,0,0,-11200,44903966
2026-09-25T07:29:52.608Z,64691250000000,0x051C,0x0104,-2,2,63,-18021,-18021,0,-43976,-43987,434562,44904467,1,0,0,0,3,4,0,0,0,15,15,0,1,434562,2,1,-20000,-20000,0,0,0,0,5,0,0,0,0,6,0x5AA5,-18021,-30411,0,0,36919,2,2,2,2,255,0,2,15,0,0,1,0,0,0,0,0,0,0,6,0,0,-18000,44904467
2026-09-25T07:29:53.140Z,64691781000000,0x051C,0x0104,-2,2,63,-21400,-21400,0,-43982,-43984,434567,44904968,1,0,0,0,3,4,0,0,0,15,15,0,1,434567,2,1,-20000,-20000,0,0,0,0,5,0,0,0,0,6,0x5AA5,-21400,-23653,0,0,36919,2,2,2,2,255,0,2,15,0,0,1,0,0,0,0,0,0,0,6,0,0,-21400,44904968
2026-09-25T07:29:53.615Z,64692265000000,0x051C,0x0104,-2,2,63,-19148,-19148,0,-44002,-43986,434572,44905469,1,0,0,0,3,4,0,0,0,15,15,0,1,434572,2,1,-20000,-20000,0,0,0,0,5,0,0,0,0,6,0x5AA5,-19148,-1126,0,0,36919,2,2,2,2,255,0,2,15,0,0,1,0,0,0,0,0,0,0,6,0,0,-19100,44905469
2026-09-25T07:29:54.130Z,64692781000000,0x051C,0x0104,-2,2,63,-18021,-18021,0,-43975,-43987,434577,44905970,1,0,0,0,3,4,0,0,0,15,15,0,1,434577,2,1,-20000,-20000,0,0,0,0,5,0,0,0,0,6,0x5AA5,-18021,-31537,0,0,36921,2,2,2,2,255,0,2,15,0,0,1,0,0,0,0,0,0,0,6,0,0,-18000,44905970
2026-09-25T07:29:54.604Z,64693250000000,0x051C,0x0104,-2,2,63,-16895,-16895,0,-44000,-43988,434582,44906471,1,0,0,0,3,4,0,0,0,15,15,0,1,434582,2,1,-20000,-20000,0,0,0,0,5,0,0,0,0,6,0x5AA5,-16895,-3379,0,0,36923,2,2,2,2,255,0,2,15,0,0,1,0,0,0,0,0,0,0,6,0,0,-16800,44906471
2026-09-25T07:29:55.137Z,64693781000000,0x051C,0x0104,-2,2,63,-14642,-14642,0,-43996,-43990,434587,44906971,1,0,0,0,3,4,0,0,0,15,15,0,1,434587,2,1,-20000,-20000,0,0,0,0,5,0,0,0,0,6,0x5AA5,-14642,-7884,0,0,36923,2,2,2,2,255,0,2,15,0,0,1,0,0,0,0,0,0,0,6,0,0,-14600,44906971
2026-09-25T07:29:55.611Z,64694250000000,0x051C,0x0104,-2,2,63,-15769,-15769,0,-43982,-43989,434592,44907473,1,0,0,0,3,4,0,0,0,15,15,0,1,434592,2,1,-20000,-20000,0,0,0,0,5,0,0,0,0,6,0x5AA5,-15769,-23653,0,0,36923,2,2,2,2,255,0,2,15,0,0,1,0,0,0,0,0,0,0,6,0,0,-15700,44907473
2026-09-25T07:29:56.146Z,64694796000000,0x051C,0x0104,-2,2,63,-14642,-14642,0,-43994,-43990,434597,44907973,1,0,0,0,3,4,0,0,0,15,15,0,1,434597,2,1,-20000,-20000,0,0,0,0,5,0,0,0,0,6,0x5AA5,-14642,-10137,0,0,36923,2,2,2,2,255,0,2,15,0,0,1,0,0,0,0,0,0,0,6,0,0,-14600,44907973
2026-09-25T07:29:56.605Z,64695250000000,0x051C,0x0104,-2,2,63,-14642,-14642,0,-43993,-43990,434602,44908474,1,0,0,0,3,4,0,0,0,15,15,0,1,434602,2,1,-20000,-20000,0,0,0,0,5,0,0,0,0,6,0x5AA5,-14642,-11263,0,0,36923,2,2,2,2,255,0,2,15,0,0,1,0,0,0,0,0,0,0,6,0,0,-14600,44908474
2026-09-25T07:29:57.138Z,64695781000000,0x051C,0x0104,-2,2,63,-18021,-18021,0,-43997,-43987,434607,44908975,1,0,0,0,3,4,0,0,0,15,15,0,1,434607,2,1,-20000,-20000,0,0,0,0,5,0,0,0,0,6,0x5AA5,-18021,-6758,0,0,36923,2,2,2,2,255,0,2,15,0,0,1,0,0,0,0,0,0,0,6,0,0,-18000,44908975
2026-09-25T07:29:57.614Z,64696265000000,0x051C,0x0104,-2,2,63,-14642,-14642,0,-43997,-43990,434612,44909476,1,0,0,0,3,4,0,0,0,15,15,0,1,434612,2,1,-20000,-20000,0,0,0,0,5,0,0,0,0,6,0x5AA5,-14642,-6758,0,0,36923,2,2,2,2,255,0,2,15,0,0,1,0,0,0,0,0,0,0,6,0,0,-14600,44909476
2026-09-25T07:29:58.134Z,64696781000000,0x051C,0x0104,-2,2,63,-14642,-14642,0,-43988,-43990,434617,44909976,1,0,0,0,3,4,0,0,0,15,15,0,1,434617,2,1,-20000,-20000,0,0,0,0,5,0,0,0,0,6,0x5AA5,-14642,-16895,0,0,36923,2,2,2,2,255,0,2,15,0,0,1,0,0,0,0,0,0,0,6,0,0,-14600,44909976
2026-09-25T07:29:58.609Z,64697250000000,0x051C,0x0104,-2,2,63,-12390,-12390,0,-43995,-43992,434622,44910477,1,0,0,0,3,4,0,0,0,15,15,0,1,434622,2,1,-20000,-20000,0,0,0,0,5,0,0,0,0,6,0x5AA5,-12390,-9011,0,0,36925,2,2,2,2,255,0,2,15,0,0,1,0,0,0,0,0,0,0,6,0,0,-12300,44910477
2026-09-25T07:29:59.141Z,64697781000000,0x051C,0x0104,-2,2,63,-6758,-6758,0,-43983,-43997,434627,44910978,1,0,0,0,3,4,0,0,0,15,15,0,1,434627,2,1,-20000,-20000,0,0,0,0,5,0,0,0,0,6,0x5AA5,-6758,-22527,0,0,36927,2,2,2,2,255,0,2,15,0,0,1,0,0,0,0,0,0,0,6,0,0,-6700,44910978
2026-09-25T07:29:59.616Z,64698265000000,0x051C,0x0104,-2,2,63,-6758,-6758,0,-43992,-43997,434632,44911479,1,0,0,0,3,4,0,0,0,15,15,0,1,434632,2,1,-20000,-20000,0,0,0,0,5,0,0,0,0,6,0x5AA5,-6758,-12390,0,0,36929,2,2,2,2,255,0,2,15,0,0,1,0,0,0,0,0,0,0,6,0,0,-6700,44911479
2026-09-25T07:30:00.137Z,64698781000000,0x051C,0x0104,-2,2,63,-9011,-9011,0,-43975,-43995,434637,44911980,1,0,0,0,3,4,0,0,0,15,15,0,1,434637,2,1,-20000,-20000,0,0,0,0,5,0,0,0,0,6,0x5AA5,-9011,-31537,0,0,36931,2,2,2,2,255,0,2,15,0,0,1,0,0,0,0,0,0,0,6,0,0,-9000,44911980
2026-09-25T07:30:00.612Z,64699250000000,0x051C,0x0104,-2,2,63,-11263,-11263,0,-43993,-43993,434642,44912481,1,0,0,0,3,4,0,0,0,15,15,0,1,434642,2,1,-20000,-20000,0,0,0,0,5,0,0,0,0,6,0x5AA5,-11263,-11263,0,0,36931,2,2,2,2,255,0,2,15,0,0,1,0,0,0,0,0,0,0,6,0,0,-11200,44912481
2026-09-25T07:30:01.148Z,64699796000000,0x051C,0x0104,-2,2,63,-12390,-12390,0,-43983,-43992,434647,44912982,1,0,0,0,3,4,0,0,0,15,15,0,1,434647,2,1,-20000,-20000,0,0,0,0,5,0,0,0,0,6,0x5AA5,-12390,-22527,0,0,36931,2,2,2,2,255,0,2,15,0,0,1,0,0,0,0,0,0,0,6,0,0,-12300,44912982
2026-09-25T07:30:01.611Z,64700250000000,0x051C,0x0104,-2,2,63,-11263,-11263,0,-43992,-43993,434651,44913488,1,0,0,0,3,4,0,0,0,15,15,0,1,434652,2,1,-20000,-20000,0,0,0,0,5,0,0,0,0,6,0x5AA5,-11263,-16895,0,0,36931,2,2,2,2,255,0,2,15,0,0,1,0,0,0,0,0,0,0,6,0,0,-11200,44913382
2026-09-25T07:30:02.146Z,64700796000000,0x051C,0x0104,-2,2,63,-6758,-6758,0,-43992,-43997,434657,44913983,1,0,0,0,3,4,0,0,0,15,15,0,1,434657,2,1,-20000,-20000,0,0,0,0,5,0,0,0,0,6,0x5AA5,-6758,-12390,0,0,36933,2,2,2,2,255,0,2,15,0,0,1,0,0,0,0,0,0,0,6,0,0,-6700,44913983
2026-09-25T07:30:02.609Z,64701250000000,0x051C,0x0104,-2,2,63,-12390,-12390,0,-43985,-43992,434661,44914486,1,0,0,0,3,4,0,0,0,15,15,0,1,434662,2,1,-20000,-20000,0,0,0,0,5,0,0,0,0,6,0x5AA5,-11263,-28158,0,0,36933,2,2,2,2,255,0,2,15,0,0,1,0,0,0,0,0,0,0,6,0,0,-11200,44914384
2026-09-25T07:30:03.143Z,64701781000000,0x051C,0x0104,-2,2,63,-11263,-11263,0,-43982,-43993,434667,44914985,1,0,0,0,3,4,0,0,0,15,15,0,1,434667,2,1,-20000,-20000,0,0,0,0,5,0,0,0,0,6,0x5AA5,-11263,-23653,0,0,36933,2,2,2,2,255,0,2,15,0,0,1,0,0,0,0,0,0,0,6,0,0,-11200,44914985
2026-09-25T07:30:03.617Z,64702265000000,0x051C,0x0104,-2,2,63,-13516,-13516,0,-43986,-43991,434672,44915486,1,0,0,0,3,4,0,0,0,15,15,0,1,434672,2,1,-20000,-20000,0,0,0,0,5,0,0,0,0,6,0x5AA5,-13516,-19148,0,0,36933,2,2,2,2,255,0,2,15,0,0,1,0,0,0,0,0,0,0,6,0,0,-13500,44915486
2026-09-25T07:30:04.139Z,64702781000000,0x051C,0x0104,-2,2,63,-14642,-14642,0,-43995,-43990,434676,44915989,1,0,0,0,3,4,0,0,0,15,15,0,1,434677,2,1,-20000,-20000,0,0,0,0,5,0,0,0,0,6,0x5AA5,-15769,-2253,0,0,36933,2,2,2,2,255,0,2,15,0,0,1,0,0,0,0,0,0,0,6,0,0,-15700,44915887
2026-09-25T07:30:04.617Z,64703265000000,0x051C,0x0104,-2,2,63,-14642,-14642,0,-43975,-43990,434682,44916488,1,0,0,0,3,4,0,0,0,15,15,0,1,434682,2,1,-20000,-20000,0,0,0,0,5,0,0,0,0,6,0x5AA5,-14642,-31537,0,0,36935,2,2,2,2,255,0,2,15,0,0,1,0,0,0,0,0,0,0,6,0,0,-14600,44916488
2026-09-25T07:30:05.140Z,64703781000000,0x051C,0x0104,-2,2,63,-14642,-14642,0,-43987,-43990,434686,44916989,1,0,0,0,3,4,0,0,0,15,15,0,1,434687,2,1,-20000,-20000,0,0,0,0,5,0,0,0,0,6,0x5AA5,-13516,-10137,0,0,36935,2,2,2,2,255,0,2,15,0,0,1,0,0,0,0,0,0,0,6,0,0,-13500,44916888
2026-09-25T07:30:05.619Z,64704265000000,0x051C,0x0104,-2,2,63,-13516,-13516,0,-43995,-43991,434691,44917495,1,0,0,0,3,4,0,0,0,15,15,0,1,434692,2,1,-20000,-20000,0,0,0,0,5,0,0,0,0,6,0x5AA5,-14642,-7884,0,0,36935,2,2,2,2,255,0,2,15,0,0,1,0,0,0,0,0,0,0,6,0,0,-14600,44917389
2026-09-25T07:30:06.139Z,64704781000000,0x051C,0x0104,-2,2,63,-14642,-14642,0,-44001,-43990,434696,44917991,1,0,0,0,3,4,0,0,0,15,15,0,1,434697,2,1,-20000,-20000,0,0,0,0,5,0,0,0,0,6,0x5AA5,-13516,-19148,0,0,36935,2,2,2,2,255,0,2,15,0,0,1,0,0,0,0,0,0,0,6,0,0,-13500,44917890
2026-09-25T07:30:06.617Z,64705265000000,0x051C,0x0104,-2,2,63,-6758,-6758,0,-43993,-43997,434701,44918494,1,0,0,0,3,4,0,0,0,15,15,0,1,434702,2,1,-20000,-20000,0,0,0,0,5,0,0,0,0,6,0x5AA5,-7884,10137,0,0,36938,2,2,2,4,255,0,4,15,0,0,1,0,0,0,0,0,0,0,6,0,0,-7800,44918391
2026-09-25T07:30:07.134Z,64705781000000,0x051C,0x0104,-2,2,63,-13516,-13516,0,-43980,-43991,434706,44918993,1,0,0,0,3,4,0,0,0,15,15,0,1,434707,2,1,-20000,-20000,0,0,0,0,5,0,0,0,0,6,0x5AA5,-12390,-15769,0,0,36939,2,2,2,2,255,0,2,15,0,0,1,0,0,0,0,0,0,0,6,0,0,-12300,44918893
2026-09-25T07:30:07.609Z,64706250000000,0x051C,0x0104,-2,2,63,-13516,-13516,0,-43992,-43991,434711,44919493,1,0,0,0,3,4,0,0,0,15,15,0,1,434712,2,1,-20000,-20000,0,0,0,0,5,0,0,0,0,6,0x5AA5,-13516,-19148,0,0,36941,2,2,2,2,255,0,2,15,0,0,1,0,0,0,0,0,0,0,6,0,0,-13500,44919393
2026-09-25T07:30:08.146Z,64706796000000,0x051C,0x0104,-2,2,63,-15769,-15769,0,-43998,-43989,434716,44919996,1,0,0,0,3,4,0,0,0,15,15,0,1,434717,2,1,-20000,-20000,0,0,0,0,5,0,0,0,0,6,0x5AA5,-16895,-2253,0,0,36941,2,2,2,2,255,0,2,15,0,0,1,0,0,0,0,0,0,0,6,0,0,-16800,44919894
2026-09-25T07:30:08.605Z,64707250000000,0x051C,0x0104,-2,2,63,-16895,-16895,0,-43982,-43988,434721,44920495,1,0,0,0,3,4,0,0,0,15,15,0,1,434722,2,1,-20000,-20000,0,0,0,0,5,0,0,0,0,6,0x5AA5,-15769,-22527,0,0,36941,2,2,2,2,255,0,2,15,0,0,1,0,0,0,0,0,0,0,6,0,0,-15700,44920395
2026-09-25T07:30:09.138Z,64707781000000,0x051C,0x0104,-2,2,63,-16895,-16895,0,-43987,-43988,434726,44920996,1,0,0,0,3,4,0,0,0,15,15,0,1,434727,2,1,-20000,-20000,0,0,0,0,5,0,0,0,0,6,0x5AA5,-16895,-13516,0,0,36941,2,2,2,2,255,0,2,15,0,0,1,0,0,0,0,0,0,0,6,0,0,-16800,44920896
2026-09-25T07:30:09.613Z,64708265000000,0x051C,0x0104,-2,2,63,-16895,-16895,0,-43986,-43988,434731,44921497,1,0,0,0,3,4,0,0,0,15,15,0,1,434732,2,1,-20000,-20000,0,0,0,0,5,0,0,0,0,6,0x5AA5,-16895,-22527,0,0,36941,2,2,2,2,255,0,2,15,0,0,1,0,0,0,0,0,0,0,6,0,0,-16800,44921396
2026-09-25T07:30:10.135Z,64708781000000,0x051C,0x0104,-2,2,63,-14642,-14642,0,-43986,-43990,434736,44921897,1,0,0,0,3,4,0,0,0,15,15,0,1,434736,2,1,-20000,-20000,0,0,0,0,5,0,0,0,0,6,0x5AA5,-14642,-19148,0,0,36943,2,2,2,2,255,0,2,15,0,0,1,0,0,0,0,0,0,0,6,0,0,-14600,44921897
2026-09-25T07:30:10.610Z,64709250000000,0x051C,0x0104,-2,2,63,-9011,-9011,0,-43992,-43995,434741,44922498,1,0,0,0,3,4,0,0,0,15,15,0,1,434742,2,1,-20000,-20000,0,0,0,0,5,0,0,0,0,6,0x5AA5,-10137,-5632,0,0,36943,2,2,2,2,255,0,2,15,0,0,1,0,0,0,0,0,0,0,6,0,0,-10100,44922398
2026-09-25T07:30:11.145Z,64709796000000,0x051C,0x0104,-2,2,63,-9011,-9011,0,-43984,-43995,434746,44922999,1,0,0,0,3,4,0,0,0,15,15,0,1,434747,2,1,-20000,-20000,0,0,0,0,5,0,0,0,0,6,0x5AA5,-10137,-5632,0,0,36945,2,2,2,2,255,0,2,15,0,0,1,0,0,0,0,0,0,0,6,0,0,-10100,44922899
2026-09-25T07:30:11.608Z,64710250000000,0x051C,0x0104,-2,2,63,-9011,-9011,0,-44007,-43995,434751,44923400,1,0,0,0,3,4,0,0,0,15,15,0,1,434751,2,1,-20000,-20000,0,0,0,0,5,0,0,0,0,6,0x5AA5,-9011,4505,0,0,36946,2,2,2,4,255,0,4,15,0,0,1,0,0,0,0,0,0,0,6,0,0,-9000,44923400
2026-09-25T07:30:12.141Z,64710781000000,0x051C,0x0104,-2,2,63,-9011,-9011,0,-43987,-43995,434756,44924001,1,0,0,0,3,4,0,0,0,15,15,0,1,434757,2,1,-20000,-20000,0,0,0,0,5,0,0,0,0,6,0x5AA5,-7884,-16895,0,0,36947,2,2,2,2,255,0,2,15,0,0,1,0,0,0,0,0,0,0,6,0,0,-7800,44923901
2026-09-25T07:30:12.615Z,64711265000000,0x051C,0x0104,-2,2,63,-15769,-15769,0,-43970,-43989,434761,44924502,1,0,0,0,3,4,0,0,0,15,15,0,1,434762,2,1,-20000,-20000,0,0,0,0,5,0,0,0,0,6,0x5AA5,-13516,-32664,0,0,36947,2,2,2,2,255,0,2,15,0,0,1,0,0,0,0,0,0,0,6,0,0,-13500,44924401
2026-09-25T07:30:13.136Z,64711781000000,0x051C,0x0104,-2,2,63,-24779,-24779,0,-43973,-43981,434766,44924902,1,0,0,0,3,4,0,0,0,15,15,0,1,434766,2,1,-20000,-20000,0,0,0,0,5,0,0,0,0,6,0x5AA5,-24779,-33790,0,0,36947,2,2,2,2,255,0,2,15,0,0,1,0,0,0,0,0,0,0,6,0,0,-24700,44924902
2026-09-25T07:30:13.613Z,64712265000000,0x051C,0x0104,-2,2,63,-29285,-29285,0,-43985,-43977,434771,44925503,1,0,0,0,3,4,0,0,0,15,15,0,1,434772,2,1,-20000,-20000,0,0,0,0,5,0,0,0,0,6,0x5AA5,-29285,-30411,0,0,36947,2,2,2,2,255,0,2,15,0,0,1,0,0,0,0,0,0,0,6,0,0,-29200,44925403
2026-09-25T07:30:14.130Z,64712781000000,0x051C,0x0104,-2,2,63,-27032,-27032,0,-43989,-43979,434776,44925904,1,0,0,0,3,4,0,0,0,15,15,0,1,434776,2,1,-20000,-20000,0,0,0,0,5,0,0,0,0,6,0x5AA5,-27032,-15769,0,0,36947,2,2,2,2,255,0,2,15,0,0,1,0,0,0,0,0,0,0,6,0,0,-27000,44925904
2026-09-25T07:30:14.604Z,64713250000000,0x051C,0x0104,-2,2,63,-22527,-22527,0,-43991,-43983,434781,44926405,1,0,0,0,3,4,0,0,0,15,15,0,1,434781,2,1,-20000,-20000,0,0,0,0,5,0,0,0,0,6,0x5AA5,-22527,-13516,0,0,36947,2,2,2,2,255,0,2,15,0,0,1,0,0,0,0,0,0,0,6,0,0,-22500,44926405
2026-09-25T07:30:15.136Z,64713781000000,0x051C,0x0104,-2,2,63,-21400,-21400,0,-43986,-43984,434786,44926906,1,0,0,0,3,4,0,0,0,15,15,0,1,434786,2,1,-20000,-20000,0,0,0,0,5,0,0,0,0,6,0x5AA5,-21400,-19148,0,0,36947,2,2,2,2,255,0,2,15,0,0,1,0,0,0,0,0,0,0,6,0,0,-21400,44926906
2026-09-25T07:30:15.615Z,64714265000000,0x051C,0x0104,-2,2,63,-21400,-21400,0,-43984,-43984,434791,44927406,1,0,0,0,3,4,0,0,0,15,15,0,1,434791,2,1,-20000,-20000,0,0,0,0,5,0,0,0,0,6,0x5AA5,-21400,-21400,0,0,36947,2,2,2,2,255,0,2,15,0,0,1,0,0,0,0,0,0,0,6,0,0,-21400,44927406
2026-09-25T07:30:16.133Z,64714781000000,0x051C,0x0104,-2,2,63,-25906,-25906,0,-43977,-43980,434796,44927907,1,0,0,0,3,4,0,0,0,15,15,0,1,434796,2,1,-20000,-20000,0,0,0,0,5,0,0,0,0,6,0x5AA5,-25906,-29285,0,0,36947,2,2,2,2,255,0,2,15,0,0,1,0,0,0,0,0,0,0,6,0,0,-25900,44927907
2026-09-25T07:30:16.608Z,64715250000000,0x051C,0x0104,-2,2,63,-22527,-22527,0,-43975,-43983,434801,44928408,1,0,0,0,3,4,0,0,0,15,15,0,1,434801,2,1,-20000,-20000,0,0,0,0,5,0,0,0,0,6,0x5AA5,-22527,-31537,0,0,36947,2,2,2,2,255,0,2,15,0,0,1,0,0,0,0,0,0,0,6,0,0,-22500,44928408
2026-09-25T07:30:17.147Z,64715796000000,0x051C,0x0104,-2,2,63,-19148,-19148,0,-43998,-43986,434806,44929009,1,0,0,0,3,4,0,0,0,15,15,0,1,434807,2,1,-20000,-20000,0,0,0,0,5,0,0,0,0,6,0x5AA5,-21400,3379,0,0,36948,2,2,2,4,255,0,4,15,0,0,1,0,0,0,0,0,0,0,6,0,0,-21400,44928909
2026-09-25T07:30:17.606Z,64716250000000,0x051C,0x0104,-2,2,63,-19148,-19148,0,-43974,-43986,434811,44929410,1,0,0,0,3,4,0,0,0,15,15,0,1,434811,2,1,-20000,-20000,0,0,0,0,5,0,0,0,0,6,0x5AA5,-19148,-32664,0,0,36949,2,2,2,2,255,0,2,15,0,0,1,0,0,0,0,0,0,0,6,0,0,-19100,44929410
2026-09-25T07:30:18.138Z,64716781000000,0x051C,0x0104,-2,2,63,-23653,-23653,0,-43984,-43982,434816,44929911,1,0,0,0,3,4,0,0,0,15,15,0,1,434816,2,1,-20000,-20000,0,0,0,0,5,0,0,0,0,6,0x5AA5,-23653,-21400,0,0,36949,2,2,2,2,255,0,2,15,0,0,1,0,0,0,0,0,0,0,6,0,0,-23600,44929911
2026-09-25T07:30:18.613Z,64717265000000,0x051C,0x0104,-2,2,63,-21400,-21400,0,-44006,-43984,434821,44930411,1,0,0,0,3,4,0,0,0,15,15,0,1,434821,2,1,-20000,-20000,0,0,0,0,5,0,0,0,0,6,0x5AA5,-21400,3379,0,0,36950,2,2,2,4,255,0,4,15,0,0,1,0,0,0,0,0,0,0,6,0,0,-21400,44930411
2026-09-25T07:30:19.130Z,64717781000000,0x051C,0x0104,-2,2,63,-20274,-20274,0,-43975,-43985,434826,44930913,1,0,0,0,3,4,0,0,0,15,15,0,1,434826,2,1,-20000,-20000,0,0,0,0,5,0,0,0,0,6,0x5AA5,-20274,-31537,0,0,36951,2,2,2,2,255,0,2,15,0,0,1,0,0,0,0,0,0,0,6,0,0,-20200,44930913
2026-09-25T07:30:19.605Z,64718250000000,0x051C,0x0104,-2,2,63,-20274,-20274,0,-43981,-43985,434831,44931413,1,0,0,0,3,4,0,0,0,15,15,0,1,434831,2,1,-20000,-20000,0,0,0,0,5,0,0,0,0,6,0x5AA5,-20274,-24779,0,0,36951,2,2,2,2,255,0,2,15,0,0,1,0,0,0,0,0,0,0,6,0,0,-20200,44931413
2026-09-25T07:30:20.140Z,64718781000000,0x051C,0x0104,-2,2,63,-19148,-19148,0,-43989,-43986,434836,44931914,1,0,0,0,3,4,0,0,0,15,15,0,1,434836,2,1,-20000,-20000,0,0,0,0,5,0,0,0,0,6,0x5AA5,-19148,-15769,0,0,36951,2,2,2,2,255,0,2,15,0,0,1,0,0,0,0,0,0,0,6,0,0,-19100,44931914
2026-09-25T07:30:20.615Z,64719265000000,0x051C,0x0104,-2,2,63,-23653,-23653,0,-43985,-43982,434841,44932415,1,0,0,0,3,4,0,0,0,15,15,0,1,434841,2,1,-20000,-20000,0,0,0,0,5,0,0,0,0,6,0x5AA5,-23653,-20274,0,0,36951,2,2,2,2,255,0,2,15,0,0,1,0,0,0,0,0,0,0,6,0,0,-23600,44932415
2026-09-25T07:30:21.130Z,64719781000000,0x051C,0x0104,-2,2,63,-18021,-18021,0,-43986,-43987,434846,44932916,1,0,0,0,3,4,0,0,0,15,15,0,1,434846,2,1,-20000,-20000,0,0,0,0,5,0,0,0,0,6,0x5AA5,-18021,-19148,0,0,36951,2,2,2,2,255,0,2,15,0,0,1,0,0,0,0,0,0,0,6,0,0,-18000,44932916
2026-09-25T07:30:21.605Z,64720250000000,0x051C,0x0104,-2,2,63,-22527,-22527,0,-43963,-43983,434851,44933416,1,0,0,0,3,4,0,0,0,15,15,0,1,434851,2,1,-20000,-20000,0,0,0,0,5,0,0,0,0,6,0x5AA5,-22527,-45053,0,0,36951,2,2,2,2,255,0,2,15,0,0,1,0,0,0,0,0,0,0,6,0,0,-22500,44933416
2026-09-25T07:30:22.136Z,64720781000000,0x051C,0x0104,-2,2,63,-19148,-19148,0,-43996,-43986,434856,44933917,1,0,0,0,3,4,0,0,0,15,15,0,1,434856,2,1,-20000,-20000,0,0,0,0,5,0,0,0,0,6,0x5AA5,-19148,-7884,0,0,36951,2,2,2,2,255,0,2,15,0,0,1,0,0,0,0,0,0,0,6,0,0,-19100,44933917
2026-09-25T07:30:22.610Z,64721250000000,0x051C,0x0104,-2,2,63,-19148,-19148,0,-43976,-43986,434861,44934418,1,0,0,0,3,4,0,0,0,15,15,0,1,434861,2,1,-20000,-20000,0,0,0,0,5,0,0,0,0,6,0x5AA5,-19148,-30411,0,0,36951,2,2,2,2,255,0,2,15,0,0,1,0,0,0,0,0,0,0,6,0,0,-19100,44934418
2026-09-25T07:30:23.145Z,64721796000000,0x051C,0x0104,-2,2,63,-23653,-23653,0,-43985,-43982,434866,44934919,1,0,0,0,3,4,0,0,0,15,15,0,1,434866,2,1,-20000,-20000,0,0,0,0,5,0,0,0,0,6,0x5AA5,-23653,-20274,0,0,36951,2,2,2,2,255,0,2,15,0,0,1,0,0,0,0,0,0,0,6,0,0,-23600,44934919
2026-09-25T07:30:23.603Z,64722250000000,0x051C,0x0104,-2,2,63,-14642,-14642,0,-43982,-43990,434871,44935420,1,0,0,0,3,4,0,0,0,15,15,0,1,434871,2,1,-20000,-20000,0,0,0,0,5,0,0,0,0,6,0x5AA5,-14642,-23653,0,0,36953,2,2,2,2,255,0,2,15,0,0,1,0,0,0,0,0,0,0,6,0,0,-14600,44935420
2026-09-25T07:30:24.138Z,64722781000000,0x051C,0x0104,-2,2,63,-20274,-20274,0,-43982,-43985,434876,44935921,1,0,0,0,3,4,0,0,0,15,15,0,1,434876,2,1,-20000,-20000,0,0,0,0,5,0,0,0,0,6,0x5AA5,-20274,-23653,0,0,36953,2,2,2,2,255,0,2,15,0,0,1,0,0,0,0,0,0,0,6,0,0,-20200,44935921
2026-09-25T07:30:24.613Z,64723265000000,0x051C,0x0104,-2,2,63,-16895,-16895,0,-43984,-43988,434881,44936421,1,0,0,0,3,4,0,0,0,15,15,0,1,434881,2,1,-20000,-20000,0,0,0,0,5,0,0,0,0,6,0x5AA5,-16895,-21400,0,0,36953,2,2,2,2,255,0,2,15,0,0,1,0,0,0,0,0,0,0,6,0,0,-16800,44936421
2026-09-25T07:30:25.129Z,64723781000000,0x051C,0x0104,-2,2,63,-14642,-14642,0,-43973,-43990,434886,44936922,1,0,0,0,3,4,0,0,0,15,15,0,1,434886,2,1,-20000,-20000,0,0,0,0,5,0,0,0,0,6,0x5AA5,-14642,-33790,0,0,36953,2,2,2,2,255,0,2,15,0,0,1,0,0,0,0,0,0,0,6,0,0,-14600,44936922
2026-09-25T07:30:25.603Z,64724250000000,0x051C,0x0104,-2,2,63,-14642,-14642,0,-43989,-43990,434891,44937423,1,0,0,0,3,4,0,0,0,15,15,0,1,434891,2,1,-20000,-20000,0,0,0,0,5,0,0,0,0,6,0x5AA5,-14642,-15769,0,0,36953,2,2,2,2,255,0,2,15,0,0,1,0,0,0,0,0,0,0,6,0,0,-14600,44937423
2026-09-25T07:30:26.139Z,64724781000000,0x051C,0x0104,-2,2,63,-24779,-24779,0,-43963,-43981,434896,44937924,1,0,0,0,3,4,0,0,0,15,15,0,1,434896,2,1,-20000,-20000,0,0,0,0,5,0,0,0,0,6,0x5AA5,-24779,-45053,0,0,36953,2,2,2,2,255,0,2,15,0,0,1,0,0,0,0,0,0,0,6,0,0,-24700,44937924
2026-09-25T07:30:26.613Z,64725265000000,0x051C,0x0104,-2,2,63,-19148,-19148,0,-44004,-43986,434901,44938425,1,0,0,0,3,4,0,0,0,15,15,0,1,434901,2,1,-20000,-20000,0,0,0,0,5,0,0,0,0,6,0x5AA5,-19148,1126,0,0,36954,2,2,2,4,255,0,4,15,0,0,1,0,0,0,0,0,0,0,6,0,0,-19100,44938425
2026-09-25T07:30:27.129Z,64725781000000,0x051C,0x0104,-2,2,63,-13516,-13516,0,-43990,-43991,434906,44938926,1,0,0,0,3,4,0,0,0,15,15,0,1,434906,2,1,-20000,-20000,0,0,0,0,5,0,0,0,0,6,0x5AA5,-13516,-14642,0,0,36955,2,2,2,2,255,0,2,15,0,0,1,0,0,0,0,0,0,0,6,0,0,-13500,44938926
2026-09-25T07:30:27.606Z,64726250000000,0x051C,0x0104,-2,2,63,-21400,-21400,0,-43980,-43984,434911,44939427,1,0,0,0,3,4,0,0,0,15,15,0,1,434911,2,1,-20000,-20000,0,0,0,0,5,0,0,0,0,6,0x5AA5,-21400,-25906,0,0,36955,2,2,2,2,255,0,2,15,0,0,1,0,0,0,0,0,0,0,6,0,0,-21400,44939427
2026-09-25T07:30:28.142Z,64726781000000,0x051C,0x0104,-2,2,63,-21400,-21400,0,-44009,-43984,434916,44939927,1,0,0,0,3,4,0,0,0,15,15,0,1,434916,2,1,-20000,-20000,0,0,0,0,5,0,0,0,0,6,0x5AA5,-21400,6758,0,0,36956,2,2,2,4,255,0,4,15,0,0,1,0,0,0,0,0,0,0,6,0,0,-21400,44939927
2026-09-25T07:30:28.618Z,64727265000000,0x051C,0x0104,-2,2,63,-15769,-15769,0,-43988,-43989,434921,44940428,1,0,0,0,3,4,0,0,0,15,15,0,1,434921,2,1,-20000,-20000,0,0,0,0,5,0,0,0,0,6,0x5AA5,-15769,-16895,0,0,36957,2,2,2,2,255,0,2,15,0,0,1,0,0,0,0,0,0,0,6,0,0,-15700,44940428
2026-09-25T07:30:29.136Z,64727781000000,0x051C,0x0104,-2,2,63,-19148,-19148,0,-43989,-43986,434926,44940929,1,0,0,0,3,4,0,0,0,15,15,0,1,434926,2,1,-20000,-20000,0,0,0,0,5,0,0,0,0,6,0x5AA5,-19148,-15769,0,0,36957,2,2,2,2,255,0,2,15,0,0,1,0,0,0,0,0,0,0,6,0,0,-19100,44940929
2026-09-25T07:30:29.610Z,64728250000000,0x051C,0x0104,-2,2,63,-16895,-16895,0,-43970,-43988,434931,44941430,1,0,0,0,3,4,0,0,0,15,15,0,1,434931,2,1,-20000,-20000,0,0,0,0,5,0,0,0,0,6,0x5AA5,-16895,-37169,0,0,36957,2,2,2,2,255,0,2,15,0,0,1,0,0,0,0,0,0,0,6,0,0,-16800,44941430
2026-09-25T07:30:30.146Z,64728796000000,0x051C,0x0104,-2,2,63,-21400,-21400,0,-43983,-43984,434936,44941931,1,0,0,0,3,4,0,0,0,15,15,0,1,434936,2,1,-20000,-20000,0,0,0,0,5,0,0,0,0,6,0x5AA5,-21400,-22527,0,0,36959,2,2,2,2,255,0,2,15,0,0,1,0,0,0,0,0,0,0,6,0,0,-21400,44941931
2026-09-25T07:30:30.606Z,64729250000000,0x051C,0x0104,-2,2,63,-20274,-20274,0,-43988,-43985,434941,44942433,1,0,0,0,3,4,0,0,0,15,15,0,1,434941,2,1,-20000,-20000,0,0,0,0,5,0,0,0,0,6,0x5AA5,-20274,-16895,0,0,36959,2,2,2,2,255,0,2,15,0,0,1,0,0,0,0,0,0,0,6,0,0,-20200,44942433
2026-09-25T07:30:31.138Z,64729781000000,0x051C,0x0104,-2,2,63,-18021,-18021,0,-43973,-43987,434946,44942933,1,0,0,0,3,4,0,0,0,15,15,0,1,434946,2,1,-20000,-20000,0,0,0,0,5,0,0,0,0,6,0x5AA5,-18021,-33790,0,0,36959,2,2,2,2,255,0,2,15,0,0,1,0,0,0,0,0,0,0,6,0,0,-18000,44942933
2026-09-25T07:30:31.613Z,64730265000000,0x051C,0x0104,-2,2,63,-18021,-18021,0,-43977,-43987,434951,44943434,1,0,0,0,3,4,0,0,0,15,15,0,1,434951,2,1,-20000,-20000,0,0,0,0,5,0,0,0,0,6,0x5AA5,-18021,-29285,0,0,36959,2,2,2,2,255,0,2,15,0,0,1,0,0,0,0,0,0,0,6,0,0,-18000,44943434
2026-09-25T07:30:32.137Z,64730781000000,0x051C,0x0104,-2,2,63,-19148,-19148,0,-43964,-43986,434956,44943935,1,0,0,0,3,4,0,0,0,15,15,0,1,434956,2,1,-20000,-20000,0,0,0,0,5,0,0,0,0,6,0x5AA5,-19148,-43927,0,0,36959,2,2,2,2,255,0,2,15,0,0,1,0,0,0,0,0,0,0,6,0,0,-19100,44943935
2026-09-25T07:30:32.613Z,64731265000000,0x051C,0x0104,-2,2,63,-24779,-24779,0,-43970,-43981,434961,44944436,1,0,0,0,3,4,0,0,0,15,15,0,1,434961,2,1,-20000,-20000,0,0,0,0,5,0,0,0,0,6,0x5AA5,-24779,-37169,0,0,36959,2,2,2,2,255,0,2,15,0,0,1,0,0,0,0,0,0,0,6,0,0,-24700,44944436
2026-09-25T07:30:33.133Z,64731781000000,0x051C,0x0104,-2,2,63,-21400,-21400,0,-43980,-43984,434966,44944936,1,0,0,0,3,4,0,0,0,15,15,0,1,434966,2,1,-20000,-20000,0,0,0,0,5,0,0,0,0,6,0x5AA5,-21400,-25906,0,0,36961,2,2,2,2,255,0,2,15,0,0,1,0,0,0,0,0,0,0,6,0,0,-21400,44944936
2026-09-25T07:30:33.606Z,64732250000000,0x051C,0x0104,-2,2,63,-18021,-18021,0,-43988,-43987,434971,44945437,1,0,0,0,3,4,0,0,0,15,15,0,1,434971,2,1,-20000,-20000,0,0,0,0,5,0,0,0,0,6,0x5AA5,-18021,-16895,0,0,36961,2,2,2,2,255,0,2,15,0,0,1,0,0,0,0,0,0,0,6,0,0,-18000,44945437
2026-09-25T07:30:34.141Z,64732781000000,0x051C,0x0104,-2,2,63,-21400,-21400,0,-43984,-43984,434976,44945938,1,0,0,0,3,4,0,0,0,15,15,0,1,434976,2,1,-20000,-20000,0,0,0,0,5,0,0,0,0,6,0x5AA5,-21400,-21400,0,0,36961,2,2,2,2,255,0,2,15,0,0,1,0,0,0,0,0,0,0,6,0,0,-21400,44945938
2026-09-25T07:30:34.617Z,64733265000000,0x051C,0x0104,-2,2,63,-20274,-20274,0,-43977,-43985,434981,44946439,1,0,0,0,3,4,0,0,0,15,15,0,1,434981,2,1,-20000,-20000,0,0,0,0,5,0,0,0,0,6,0x5AA5,-20274,-29285,0,0,36963,2,2,2,2,255,0,2,15,0,0,1,0,0,0,0,0,0,0,6,0,0,-20200,44946439
2026-09-25T07:30:35.132Z,64733781000000,0x051C,0x0104,-2,2,63,-25906,-25906,0,-43981,-43980,434986,44946940,1,0,0,0,3,4,0,0,0,15,15,0,1,434986,2,1,-20000,-20000,0,0,0,0,5,0,0,0,0,6,0x5AA5,-25906,-24779,0,0,36963,2,2,2,2,255,0,2,15,0,0,1,0,0,0,0,0,0,0,6,0,0,-25900,44946940
2026-09-25T07:30:35.606Z,64734250000000,0x051C,0x0104,-2,2,63,-23653,-23653,0,-44000,-43982,434991,44947441,1,0,0,0,3,4,0,0,0,15,15,0,1,434991,2,1,-20000,-20000,0,0,0,0,5,0,0,0,0,6,0x5AA5,-23653,-3379,0,0,36963,2,2,2,2,255,0,2,15,0,0,1,0,0,0,0,0,0,0,6,0,0,-23600,44947441
2026-09-25T07:30:36.138Z,64734781000000,0x051C,0x0104,-2,2,63,-15769,-15769,0,-43981,-43989,434996,44947942,1,0,0,0,3,4,0,0,0,15,15,0,1,434996,2,1,-20000,-20000,0,0,0,0,5,0,0,0,0,6,0x5AA5,-15769,-24779,0,0,36963,2,2,2,2,255,0,2,15,0,0,1,0,0,0,0,0,0,0,6,0,0,-15700,44947942
2026-09-25T07:30:36.613Z,64735265000000,0x051C,0x0104,-2,2,63,-21400,-21400,0,-43984,-43984,435001,44948442,1,0,0,0,3,4,0,0,0,15,15,0,1,435001,2,1,-20000,-20000,0,0,0,0,5,0,0,0,0,6,0x5AA5,-21400,-21400,0,0,36963,2,2,2,2,255,0,2,15,0,0,1,0,0,0,0,0,0,0,6,0,0,-21400,44948442
2026-09-25T07:30:37.132Z,64735781000000,0x051C,0x0104,-2,2,63,-25906,-25906,0,-43965,-43980,435006,44948943,1,0,0,0,3,4,0,0,0,15,15,0,1,435006,2,1,-20000,-20000,0,0,0,0,5,0,0,0,0,6,0x5AA5,-25906,-42801,0,0,36963,2,2,2,2,255,0,2,15,0,0,1,0,0,0,0,0,0,0,6,0,0,-25900,44948943
2026-09-25T07:30:37.606Z,64736250000000,0x051C,0x0104,-2,2,63,-23653,-23653,0,-43986,-43982,435011,44949444,1,0,0,0,3,4,0,0,0,15,15,0,1,435011,2,1,-20000,-20000,0,0,0,0,5,0,0,0,0,6,0x5AA5,-23653,-19148,0,0,36963,2,2,2,2,255,0,2,15,0,0,1,0,0,0,0,0,0,0,6,0,0,-23600,44949444
2026-09-25T07:30:38.139Z,64736781000000,0x051C,0x0104,-2,2,63,-20274,-20274,0,-43981,-43985,435016,44949945,1,0,0,0,3,4,0,0,0,15,15,0,1,435016,2,1,-20000,-20000,0,0,0,0,5,0,0,0,0,6,0x5AA5,-20274,-24779,0,0,36963,2,2,2,2,255,0,2,15,0,0,1,0,0,0,0,0,0,0,6,0,0,-20200,44949945
2026-09-25T07:30:38.614Z,64737265000000,0x051C,0x0104,-2,2,63,-24779,-24779,0,-43975,-43981,435021,44950446,1,0,0,0,3,4,0,0,0,15,15,0,1,435021,2,1,-20000,-20000,0,0,0,0,5,0,0,0,0,6,0x5AA5,-24779,-31537,0,0,36963,2,2,2,2,255,0,2,15,0,0,1,0,0,0,0,0,0,0,6,0,0,-24700,44950446
2026-09-25T07:30:39.128Z,64737781000000,0x051C,0x0104,-2,2,63,-29285,-29285,0,-43965,-43977,435026,44950947,1,0,0,0,3,4,0,0,0,15,15,0,1,435026,2,1,-20000,-20000,0,0,0,0,5,0,0,0,0,6,0x5AA5,-29285,-42801,0,0,36963,2,2,2,2,255,0,2,15,0,0,1,0,0,0,0,0,0,0,6,0,0,-29200,44950947
2026-09-25T07:30:39.603Z,64738250000000,0x051C,0x0104,-2,2,63,-32664,-32664,0,-43993,-43974,435031,44951448,1,0,0,0,3,4,0,0,0,15,15,0,1,435031,2,1,-20000,-20000,0,0,0,0,5,0,0,0,0,6,0x5AA5,-32664,-11263,0,0,36963,2,2,2,2,255,0,2,15,0,0,1,0,0,0,0,0,0,0,6,0,0,-32600,44951448
2026-09-25T07:30:40.135Z,64738781000000,0x051C,0x0104,-2,2,63,-29285,-29285,0,-43977,-43977,435036,44951949,1,0,0,0,3,4,0,0,0,15,15,0,1,435036,2,1,-20000,-20000,0,0,0,0,5,0,0,0,0,6,0x5AA5,-29285,-29285,0,0,36963,2,2,2,2,255,0,2,15,0,0,1,0,0,0,0,0,0,0,6,0,0,-29200,44951949
2026-09-25T07:30:40.610Z,64739250000000,0x051C,0x0104,-2,2,63,-25906,-25906,0,-43986,-43980,435041,44952449,1,0,0,0,3,4,0,0,0,15,15,0,1,435041,2,1,-20000,-20000,0,0,0,0,5,0,0,0,0,6,0x5AA5,-25906,-19148,0,0,36963,2,2,2,2,255,0,2,15,0,0,1,0,0,0,0,0,0,0,6,0,0,-25900,44952449
2026-09-25T07:30:41.146Z,64739796000000,0x051C,0x0104,-2,2,63,-21400,-21400,0,-43978,-43984,435046,44952950,1,0,0,0,3,4,0,0,0,15,15,0,1,435046,2,1,-20000,-20000,0,0,0,0,5,0,0,0,0,6,0x5AA5,-21400,-28158,0,0,36963,2,2,2,2,255,0,2,15,0,0,1,0,0,0,0,0,0,0,6,0,0,-21400,44952950
2026-09-25T07:30:41.604Z,64740250000000,0x051C,0x0104,-2,2,63,-18021,-18021,0,-43998,-43987,435051,44953451,1,0,0,0,3,4,0,0,0,15,15,0,1,435051,2,1,-20000,-20000,0,0,0,0,5,0,0,0,0,6,0x5AA5,-18021,-5632,0,0,36963,2,2,2,2,255,0,2,15,0,0,1,0,0,0,0,0,0,0,6,0,0,-18000,44953451
2026-09-25T07:30:42.138Z,64740781000000,0x051C,0x0104,-2,2,63,-15769,-15769,0,-43999,-43989,435056,44953953,1,0,0,0,3,4,0,0,0,15,15,0,1,435056,2,1,-20000,-20000,0,0,0,0,5,0,0,0,0,6,0x5AA5,-15769,-4505,0,0,36963,2,2,2,2,255,0,2,15,0,0,1,0,0,0,0,0,0,0,6,0,0,-15700,44953953
2026-09-25T07:30:42.613Z,64741265000000,0x051C,0x0104,-2,2,63,-16895,-16895,0,-43970,-43988,435061,44954453,1,0,0,0,3,4,0,0,0,15,15,0,1,435061,2,1,-20000,-20000,0,0,0,0,5,0,0,0,0,6,0x5AA5,-16895,-37169,0,0,36963,2,2,2,2,255,0,2,15,0,0,1,0,0,0,0,0,0,0,6,0,0,-16800,44954453
2026-09-25T07:30:43.130Z,64741781000000,0x051C,0x0104,-2,2,63,-20274,-20274,0,-43972,-43985,435066,44954954,1,0,0,0,3,4,0,0,0,15,15,0,1,435066,2,1,-20000,-20000,0,0,0,0,5,0,0,0,0,6,0x5AA5,-20274,-34916,0,0,36963,2,2,2,2,255,0,2,15,0,0,1,0,0,0,0,0,0,0,6,0,0,-20200,44954954
2026-09-25T07:30:43.604Z,64742250000000,0x051C,0x0104,-2,2,63,-14642,-14642,0,-43992,-43990,435071,44955455,1,0,0,0,3,4,0,0,0,15,15,0,1,435071,2,1,-20000,-20000,0,0,0,0,5,0,0,0,0,6,0x5AA5,-14642,-12390,0,0,36965,2,2,2,2,255,0,2,15,0,0,1,0,0,0,0,0,0,0,6,0,0,-14600,44955455
2026-09-25T07:30:44.135Z,64742781000000,0x051C,0x0104,-2,2,63,-14642,-14642,0,-44007,-43990,435076,44955956,1,0,0,0,3,4,0,0,0,15,15,0,1,435076,2,1,-20000,-20000,0,0,0,0,5,0,0,0,0,6,0x5AA5,-14642,4505,0,0,36966,2,2,2,4,255,0,4,15,0,0,1,0,0,0,0,0,0,0,6,0,0,-14600,44955956
2026-09-25T07:30:44.610Z,64743250000000,0x051C,0x0104,-2,2,63,-20274,-20274,0,-43962,-43985,435081,44956456,1,0,0,0,3,4,0,0,0,15,15,0,1,435081,2,1,-20000,-20000,0,0,0,0,5,0,0,0,0,6,0x5AA5,-20274,-46180,0,0,36967,2,2,2,2,255,0,2,15,0,0,1,0,0,0,0,0,0,0,6,0,0,-20200,44956456
2026-09-25T07:30:45.145Z,64743796000000,0x051C,0x0104,-2,2,63,-13516,-13516,0,-44001,-43991,435086,44956957,1,0,0,0,3,4,0,0,0,15,15,0,1,435086,2,1,-20000,-20000,0,0,0,0,5,0,0,0,0,6,0x5AA5,-13516,-2253,0,0,36969,2,2,2,2,255,0,2,15,0,0,1,0,0,0,0,0,0,0,6,0,0,-13500,44956957
2026-09-25T07:30:45.605Z,64744250000000,0x051C,0x0104,-2,2,63,-12390,-12390,0,-43990,-43992,435091,44957458,1,0,0,0,3,4,0,0,0,15,15,0,1,435091,2,1,-20000,-20000,0,0,0,0,5,0,0,0,0,6,0x5AA5,-12390,-14642,0,0,36971,2,2,2,2,255,0,2,15,0,0,1,0,0,0,0,0,0,0,6,0,0,-12300,44957458
2026-09-25T07:30:46.136Z,64744781000000,0x051C,0x0104,-2,2,63,-16895,-16895,0,-43986,-43988,435096,44957959,1,0,0,0,3,4,0,0,0,15,15,0,1,435096,2,1,-20000,-20000,0,0,0,0,5,0,0,0,0,6,0x5AA5,-16895,-19148,0,0,36971,2,2,2,2,255,0,2,15,0,0,1,0,0,0,0,0,0,0,6,0,0,-16800,44957959
2026-09-25T07:30:46.612Z,64745250000000,0x051C,0x0104,-2,2,63,-14642,-14642,0,-43995,-43990,435101,44958460,1,0,0,0,3,4,0,0,0,15,15,0,1,435101,2,1,-20000,-20000,0,0,0,0,5,0,0,0,0,6,0x5AA5,-14642,-9011,0,0,36971,2,2,2,2,255,0,2,15,0,0,1,0,0,0,0,0,0,0,6,0,0,-14600,44958460
2026-09-25T07:30:47.145Z,64745796000000,0x051C,0x0104,-2,2,63,-12390,-12390,0,-43991,-43992,435106,44958961,1,0,0,0,3,4,0,0,0,15,15,0,1,435106,2,1,-20000,-20000,0,0,0,0,5,0,0,0,0,6,0x5AA5,-12390,-13516,0,0,36973,2,2,2,2,255,0,2,15,0,0,1,0,0,0,0,0,0,0,6,0,0,-12300,44958961
2026-09-25T07:30:47.621Z,64746265000000,0x051C,0x0104,-2,2,63,-13516,-13516,0,-43987,-43991,435111,44959462,1,0,0,0,3,4,0,0,0,15,15,0,1,435111,2,1,-20000,-20000,0,0,0,0,5,0,0,0,0,6,0x5AA5,-13516,-18021,0,0,36973,2,2,2,2,255,0,2,15,0,0,1,0,0,0,0,0,0,0,6,0,0,-13500,44959462
2026-09-25T07:30:48.155Z,64746796000000,0x051C,0x0104,-2,2,63,-14642,-14642,0,-43995,-43990,435116,44959963,1,0,0,0,3,4,0,0,0,15,15,0,1,435116,2,1,-20000,-20000,0,0,0,0,5,0,0,0,0,6,0x5AA5,-14642,-9011,0,0,36973,2,2,2,2,255,0,2,15,0,0,1,0,0,0,0,0,0,0,6,0,0,-14600,44959963
2026-09-25T07:30:48.632Z,64747281000000,0x051C,0x0104,-2,2,63,-15769,-15769,0,-43976,-43989,435121,44960464,1,0,0,0,3,4,0,0,0,15,15,0,1,435121,2,1,-20000,-20000,0,0,0,0,5,0,0,0,0,6,0x5AA5,-15769,-30411,0,0,36973,2,2,2,2,255,0,2,15,0,0,1,0,0,0,0,0,0,0,6,0,0,-15700,44960464
2026-09-25T07:30:49.147Z,64747796000000,0x051C,0x0104,-2,2,63,-18021,-18021,0,-43990,-43987,435126,44960964,1,0,0,0,3,4,0,0,0,15,15,0,1,435126,2,1,-20000,-20000,0,0,0,0,5,0,0,0,0,6,0x5AA5,-18021,-14642,0,0,36973,2,2,2,2,255,0,2,15,0,0,1,0,0,0,0,0,0,0,6,0,0,-18000,44960964
2026-09-25T07:30:49.622Z,64748265000000,0x051C,0x0104,-2,2,63,-19148,-19148,0,-43980,-43986,435131,44961465,1,0,0,0,3,4,0,0,0,15,15,0,1,435131,2,1,-20000,-20000,0,0,0,0,5,0,0,0,0,6,0x5AA5,-19148,-25906,0,0,36973,2,2,2,2,255,0,2,15,0,0,1,0,0,0,0,0,0,0,6,0,0,-19100,44961465
2026-09-25T07:30:50.158Z,64748796000000,0x051C,0x0104,-2,2,63,-18021,-18021,0,-43983,-43987,435136,44961966,1,0,0,0,3,4,0,0,0,15,15,0,1,435136,2,1,-20000,-20000,0,0,0,0,5,0,0,0,0,6,0x5AA5,-18021,-22527,0,0,36973,2,2,2,2,255,0,2,15,0,0,1,0,0,0,0,0,0,0,6,0,0,-18000,44961966
2026-09-25T07:30:50.634Z,64749281000000,0x051C,0x0104,-2,2,63,-21400,-21400,0,-43964,-43984,435141,44962467,1,0,0,0,3,4,0,0,0,15,15,0,1,435141,2,1,-20000,-20000,0,0,0,0,5,0,0,0,0,6,0x5AA5,-21400,-43927,0,0,36973,2,2,2,2,255,0,2,15,0,0,1,0,0,0,0,0,0,0,6,0,0,-21400,44962467
2026-09-25T07:30:51.150Z,64749796000000,0x051C,0x0104,-2,2,63,-25906,-25906,0,-43979,-43980,435146,44962968,1,0,0,0,3,4,0,0,0,15,15,0,1,435146,2,1,-20000,-20000,0,0,0,0,5,0,0,0,0,6,0x5AA5,-25906,-27032,0,0,36973,2,2,2,2,255,0,2,15,0,0,1,0,0,0,0,0,0,0,6,0,0,-25900,44962968
2026-09-25T07:30:51.625Z,64750265000000,0x051C,0x0104,-2,2,63,-25906,-25906,0,-43991,-43980,435151,44963469,1,0,0,0,3,4,0,0,0,15,15,0,1,435151,2,1,-20000,-20000,0,0,0,0,5,0,0,0,0,6,0x5AA5,-25906,-13516,0,0,36973,2,2,2,2,255,0,2,15,0,0,1,0,0,0,0,0,0,0,6,0,0,-25900,44963469
2026-09-25T07:30:52.160Z,64750812000000,0x051C,0x0104,-2,2,63,-24779,-24779,0,-43978,-43981,435156,44963969,1,0,0,0,3,4,0,0,0,15,15,0,1,435156,2,1,-20000,-20000,0,0,0,0,5,0,0,0,0,6,0x5AA5,-24779,-28158,0,0,36973,2,2,2,2,255,0,2,15,0,0,1,0,0,0,0,0,0,0,6,0,0,-24700,44963969
2026-09-25T07:30:52.620Z,64751265000000,0x051C,0x0104,-2,2,63,-25906,-25906,0,-43979,-43980,435161,44964470,1,0,0,0,3,4,0,0,0,15,15,0,1,435161,2,1,-20000,-20000,0,0,0,0,5,0,0,0,0,6,0x5AA5,-25906,-27032,0,0,36973,2,2,2,2,255,0,2,15,0,0,1,0,0,0,0,0,0,0,6,0,0,-25900,44964470
2026-09-25T07:30:53.150Z,64751796000000,0x051C,0x0104,-2,2,63,-24779,-24779,0,-43989,-43981,435166,44964971,1,0,0,0,3,4,0,0,0,15,15,0,1,435166,2,1,-20000,-20000,0,0,0,0,5,0,0,0,0,6,0x5AA5,-24779,-15769,0,0,36973,2,2,2,2,255,0,2,15,0,0,1,0,0,0,0,0,0,0,6,0,0,-24700,44964971
2026-09-25T07:30:53.624Z,64752265000000,0x051C,0x0104,-2,2,63,-21400,-21400,0,-44002,-43984,435171,44965473,1,0,0,0,3,4,0,0,0,15,15,0,1,435171,2,1,-20000,-20000,0,0,0,0,5,0,0,0,0,6,0x5AA5,-21400,-1126,0,0,36973,2,2,2,2,255,0,2,15,0,0,1,0,0,0,0,0,0,0,6,0,0,-21400,44965473
2026-09-25T07:30:54.160Z,64752812000000,0x051C,0x0104,-2,2,63,-12390,-12390,0,-43985,-43992,435176,44965973,1,0,0,0,3,4,0,0,0,15,15,0,1,435176,2,1,-20000,-20000,0,0,0,0,5,0,0,0,0,6,0x5AA5,-12390,-20274,0,0,36975,2,2,2,2,255,0,2,15,0,0,1,0,0,0,0,0,0,0,6,0,0,-12300,44965973
2026-09-25T07:30:54.620Z,64753265000000,0x051C,0x0104,-2,2,63,-18021,-18021,0,-43972,-43987,435181,44966474,1,0,0,0,3,4,0,0,0,15,15,0,1,435181,2,1,-20000,-20000,0,0,0,0,5,0,0,0,0,6,0x5AA5,-18021,-34916,0,0,36975,2,2,2,2,255,0,2,15,0,0,1,0,0,0,0,0,0,0,6,0,0,-18000,44966474
2026-09-25T07:30:55.154Z,64753796000000,0x051C,0x0104,-2,2,63,-21400,-21400,0,-43975,-43984,435186,44966975,1,0,0,0,3,4,0,0,0,15,15,0,1,435186,2,1,-20000,-20000,0,0,0,0,5,0,0,0,0,6,0x5AA5,-21400,-31537,0,0,36975,2,2,2,2,255,0,2,15,0,0,1,0,0,0,0,0,0,0,6,0,0,-21400,44966975
2026-09-25T07:30:55.630Z,64754281000000,0x051C,0x0104,-2,2,63,-20274,-20274,0,-43982,-43985,435191,44967475,1,0,0,0,3,4,0,0,0,15,15,0,1,435191,2,1,-20000,-20000,0,0,0,0,5,0,0,0,0,6,0x5AA5,-20274,-23653,0,0,36975,2,2,2,2,255,0,2,15,0,0,1,0,0,0,0,0,0,0,6,0,0,-20200,44967475
2026-09-25T07:30:56.145Z,64754796000000,0x051C,0x0104,-2,2,63,-23653,-23653,0,-43984,-43982,435196,44967976,1,0,0,0,3,4,0,0,0,15,15,0,1,435196,2,1,-20000,-20000,0,0,0,0,5,0,0,0,0,6,0x5AA5,-23653,-21400,0,0,36975,2,2,2,2,255,0,2,15,0,0,1,0,0,0,0,0,0,0,6,0,0,-23600,44967976
2026-09-25T07:30:56.621Z,64755265000000,0x051C,0x0104,-2,2,63,-19148,-19148,0,-44010,-43986,435201,44968477,1,0,0,0,3,4,0,0,0,15,15,0,1,435201,2,1,-20000,-20000,0,0,0,0,5,0,0,0,0,6,0x5AA5,-19148,7884,0,0,36976,2,2,2,4,255,0,4,15,0,0,1,0,0,0,0,0,0,0,6,0,0,-19100,44968477
2026-09-25T07:30:57.154Z,64755796000000,0x051C,0x0104,-2,2,63,-18021,-18021,0,-43996,-43987,435206,44968978,1,0,0,0,3,4,0,0,0,15,15,0,1,435206,2,1,-20000,-20000,0,0,0,0,5,0,0,0,0,6,0x5AA5,-18021,-7884,0,0,36977,2,2,2,2,255,0,2,15,0,0,1,0,0,0,0,0,0,0,6,0,0,-18000,44968978
2026-09-25T07:30:57.630Z,64756281000000,0x051C,0x0104,-2,2,63,-16895,-16895,0,-43991,-43988,435211,44969479,1,0,0,0,3,4,0,0,0,15,15,0,1,435211,2,1,-20000,-20000,0,0,0,0,5,0,0,0,0,6,0x5AA5,-16895,-13516,0,0,36977,2,2,2,2,255,0,2,15,0,0,1,0,0,0,0,0,0,0,6,0,0,-16800,44969479
2026-09-25T07:30:58.145Z,64756796000000,0x051C,0x0104,-2,2,63,-15769,-15769,0,-43992,-43989,435216,44969980,1,0,0,0,3,4,0,0,0,15,15,0,1,435216,2,1,-20000,-20000,0,0,0,0,5,0,0,0,0,6,0x5AA5,-15769,-12390,0,0,36977,2,2,2,2,255,0,2,15,0,0,1,0,0,0,0,0,0,0,6,0,0,-15700,44969980
2026-09-25T07:30:58.620Z,64757265000000,0x051C,0x0104,-2,2,63,-14642,-14642,0,-44009,-43990,435221,44970481,1,0,0,0,3,4,0,0,0,15,15,0,1,435221,2,1,-20000,-20000,0,0,0,0,5,0,0,0,0,6,0x5AA5,-14642,6758,0,0,36978,2,2,2,4,255,0,4,15,0,0,1,0,0,0,0,0,0,0,6,0,0,-14600,44970481
2026-09-25T07:30:59.151Z,64757796000000,0x051C,0x0104,-2,2,63,-15769,-15769,0,-43977,-43989,435226,44970981,1,0,0,0,3,4,0,0,0,15,15,0,1,435226,2,1,-20000,-20000,0,0,0,0,5,0,0,0,0,6,0x5AA5,-15769,-29285,0,0,36979,2,2,2,2,255,0,2,15,0,0,1,0,0,0,0,0,0,0,6,0,0,-15700,44970981
2026-09-25T07:30:59.625Z,64758265000000,0x051C,0x0104,-2,2,63,-19148,-19148,0,-43970,-43986,435231,44971482,1,0,0,0,3,4,0,0,0,15,15,0,1,435231,2,1,-20000,-20000,0,0,0,0,5,0,0,0,0,6,0x5AA5,-19148,-37169,0,0,36979,2,2,2,2,255,0,2,15,0,0,1,0,0,0,0,0,0,0,6,0,0,-19100,44971482
2026-09-25T07:31:00.160Z,64758812000000,0x051C,0x0104,-2,2,63,-27032,-27032,0,-43983,-43979,435236,44971983,1,0,0,0,3,4,0,0,0,15,15,0,1,435236,2,1,-20000,-20000,0,0,0,0,5,0,0,0,0,6,0x5AA5,-27032,-22527,0,0,36979,2,2,2,2,255,0,2,15,0,0,1,0,0,0,0,0,0,0,6,0,0,-27000,44971983
2026-09-25T07:31:00.620Z,64759265000000,0x051C,0x0104,-2,2,63,-27032,-27032,0,-43981,-43979,435241,44972484,1,0,0,0,3,4,0,0,0,15,15,0,1,435241,2,1,-20000,-20000,0,0,0,0,5,0,0,0,0,6,0x5AA5,-27032,-24779,0,0,36979,2,2,2,2,255,0,2,15,0,0,1,0,0,0,0,0,0,0,6,0,0,-27000,44972484
2026-09-25T07:31:01.154Z,64759796000000,0x051C,0x0104,-2,2,63,-23653,-23653,0,-43980,-43982,435246,44972985,1,0,0,0,3,4,0,0,0,15,15,0,1,435246,2,1,-20000,-20000,0,0,0,0,5,0,0,0,0,6,0x5AA5,-23653,-25906,0,0,36979,2,2,2,2,255,0,2,15,0,0,1,0,0,0,0,0,0,0,6,0,0,-23600,44972985
2026-09-25T07:31:01.630Z,64760281000000,0x051C,0x0104,-2,2,63,-28158,-28158,0,-43972,-43978,435251,44973486,1,0,0,0,3,4,0,0,0,15,15,0,1,435251,2,1,-20000,-20000,0,0,0,0,5,0,0,0,0,6,0x5AA5,-28158,-34916,0,0,36979,2,2,2,2,255,0,2,15,0,0,1,0,0,0,0,0,0,0,6,0,0,-28100,44973486
2026-09-25T07:31:02.145Z,64760796000000,0x051C,0x0104,-2,2,63,-28158,-28158,0,-43995,-43978,435256,44973987,1,0,0,0,3,4,0,0,0,15,15,0,1,435256,2,1,-20000,-20000,0,0,0,0,5,0,0,0,0,6,0x5AA5,-28158,-9011,0,0,36979,2,2,2,2,255,0,2,15,0,0,1,0,0,0,0,0,0,0,6,0,0,-28100,44973987
2026-09-25T07:31:02.620Z,64761265000000,0x051C,0x0104,-2,2,63,-29285,-29285,0,-43974,-43977,435261,44974488,1,0,0,0,3,4,0,0,0,15,15,0,1,435261,2,1,-20000,-20000,0,0,0,0,5,0,0,0,0,6,0x5AA5,-29285,-32664,0,0,36979,2,2,2,2,255,0,2,15,0,0,1,0,0,0,0,0,0,0,6,0,0,-29200,44974488
2026-09-25T07:31:03.151Z,64761796000000,0x051C,0x0104,-2,2,63,-33790,-33790,0,-43964,-43973,435266,44974988,1,0,0,0,3,4,0,0,0,15,15,0,1,435266,2,1,-20000,-20000,0,0,0,0,5,0,0,0,0,6,0x5AA5,-33790,-43927,0,0,36979,2,2,2,2,255,0,2,15,0,0,1,0,0,0,0,0,0,0,6,0,0,-33700,44974988
2026-09-25T07:31:03.625Z,64762265000000,0x051C,0x0104,-2,2,63,-34916,-34916,0,-43976,-43972,435271,44975489,1,0,0,0,3,4,0,0,0,15,15,0,1,435271,2,1,-20000,-20000,0,0,0,0,5,0,0,0,0,6,0x5AA5,-34916,-30411,0,0,36979,2,2,2,2,255,0,2,15,0,0,1,0,0,0,0,0,0,0,6,0,0,-34900,44975489
2026-09-25T07:31:04.160Z,64762812000000,0x051C,0x0104,-2,2,63,-30411,-30411,0,-43982,-43976,435276,44975990,1,0,0,0,3,4,0,0,0,15,15,0,1,435276,2,1,-20000,-20000,0,0,0,0,5,0,0,0,0,6,0x5AA5,-30411,-23653,0,0,36979,2,2,2,2,255,0,2,15,0,0,1,0,0,0,0,0,0,0,6,0,0,-30400,44975990
2026-09-25T07:31:04.618Z,64763265000000,0x051C,0x0104,-2,2,63,-38295,-38295,0,-43964,-43969,435281,44976491,1,0,0,0,3,4,0,0,0,15,15,0,1,435281,2,1,-20000,-20000,0,0,0,0,5,0,0,0,0,6,0x5AA5,-38295,-43927,0,0,36979,2,2,2,2,255,0,2,15,0,0,1,0,0,0,0,0,0,0,6,0,0,-38200,44976491
2026-09-25T07:31:05.151Z,64763796000000,0x051C,0x0104,-2,2,63,-32664,-32664,0,-43982,-43974,435286,44976993,1,0,0,0,3,4,0,0,0,15,15,0,1,435286,2,1,-20000,-20000,0,0,0,0,5,0,0,0,0,6,0x5AA5,-32664,-23653,0,0,36979,2,2,2,2,255,0,2,15,0,0,1,0,0,0,0,0,0,0,6,0,0,-32600,44976993
2026-09-25T07:31:05.630Z,64764281000000,0x051C,0x0104,-2,2,63,-30411,-30411,0,-43974,-43976,435291,44977493,1,0,0,0,3,4,0,0,0,15,15,0,1,435291,2,1,-20000,-20000,0,0,0,0,5,0,0,0,0,6,0x5AA5,-30411,-32664,0,0,36979,2,2,2,2,255,0,2,15,0,0,1,0,0,0,0,0,0,0,6,0,0,-30400,44977493
2026-09-25T07:31:06.147Z,64764796000000,0x051C,0x0104,-2,2,63,-27032,-27032,0,-43991,-43979,435296,44977994,1,0,0,0,3,4,0,0,0,15,15,0,1,435296,2,1,-20000,-20000,0,0,0,0,5,0,0,0,0,6,0x5AA5,-27032,-13516,0,0,36979,2,2,2,2,255,0,2,15,0,0,1,0,0,0,0,0,0,0,6,0,0,-27000,44977994
2026-09-25T07:31:06.623Z,64765265000000,0x051C,0x0104,-2,2,63,-25906,-25906,0,-43973,-43980,435301,44978495,1,0,0,0,3,4,0,0,0,15,15,0,1,435301,2,1,-20000,-20000,0,0,0,0,5,0,0,0,0,6,0x5AA5,-25906,-33790,0,0,36979,2,2,2,2,255,0,2,15,0,0,1,0,0,0,0,0,0,0,6,0,0,-25900,44978495
2026-09-25T07:31:07.155Z,64765796000000,0x051C,0x0104,-2,2,63,-28158,-28158,0,-43986,-43978,435306,44978995,1,0,0,0,3,4,0,0,0,15,15,0,1,435306,2,1,-20000,-20000,0,0,0,0,5,0,0,0,0,6,0x5AA5,-28158,-19148,0,0,36979,2,2,2,2,255,0,2,15,0,0,1,0,0,0,0,0,0,0,6,0,0,-28100,44978995
2026-09-25T07:31:07.629Z,64766281000000,0x051C,0x0104,-2,2,63,-25906,-25906,0,-43953,-43980,435311,44979496,1,0,0,0,3,4,0,0,0,15,15,0,1,435311,2,1,-20000,-20000,0,0,0,0,5,0,0,0,0,6,0x5AA5,-25906,-56317,0,0,36979,2,2,2,2,255,0,2,15,0,0,1,0,0,0,0,0,0,0,6,0,0,-25900,44979496
2026-09-25T07:31:08.144Z,64766796000000,0x051C,0x0104,-2,2,63,-33790,-33790,0,-43995,-43973,435316,44979997,1,0,0,0,3,4,0,0,0,15,15,0,1,435316,2,1,-20000,-20000,0,0,0,0,5,0,0,0,0,6,0x5AA5,-33790,-9011,0,0,36979,2,2,2,2,255,0,2,15,0,0,1,0,0,0,0,0,0,0,6,0,0,-33700,44979997
2026-09-25T07:31:08.622Z,64767265000000,0x051C,0x0104,-2,2,63,-23653,-23653,0,-43981,-43982,435321,44980498,1,0,0,0,3,4,0,0,0,15,15,0,1,435321,2,1,-20000,-20000,0,0,0,0,5,0,0,0,0,6,0x5AA5,-23653,-24779,0,0,36979,2,2,2,2,255,0,2,15,0,0,1,0,0,0,0,0,0,0,6,0,0,-23600,44980498
2026-09-25T07:31:09.155Z,64767796000000,0x051C,0x0104,-2,2,63,-25906,-25906,0,-43975,-43980,435326,44980999,1,0,0,0,3,4,0,0,0,15,15,0,1,435326,2,1,-20000,-20000,0,0,0,0,5,0,0,0,0,6,0x5AA5,-25906,-31537,0,0,36979,2,2,2,2,255,0,2,15,0,0,1,0,0,0,0,0,0,0,6,0,0,-25900,44980999
2026-09-25T07:31:09.633Z,64768281000000,0x051C,0x0104,-2,2,63,-22527,-22527,0,-43976,-43983,435331,44981500,1,0,0,0,3,4,0,0,0,15,15,0,1,435331,2,1,-20000,-20000,0,0,0,0,5,0,0,0,0,6,0x5AA5,-22527,-30411,0,0,36979,2,2,2,2,255,0,2,15,0,0,1,0,0,0,0,0,0,0,6,0,0,-22500,44981500
2026-09-25T07:31:10.149Z,64768796000000,0x051C,0x0104,-2,2,63,-19148,-19148,0,-44000,-43986,435336,44982001,1,0,0,0,3,4,0,0,0,15,15,0,1,435336,2,1,-20000,-20000,0,0,0,0,5,0,0,0,0,6,0x5AA5,-19148,-3379,0,0,36979,2,2,2,2,255,0,2,15,0,0,1,0,0,0,0,0,0,0,6,0,0,-19100,44982001
2026-09-25T07:31:10.626Z,64769265000000,0x051C,0x0104,-2,2,63,-12390,-12390,0,-43983,-43992,435341,44982502,1,0,0,0,3,4,0,0,0,15,15,0,1,435341,2,1,-20000,-20000,0,0,0,0,5,0,0,0,0,6,0x5AA5,-12390,-22527,0,0,36981,2,2,2,2,255,0,2,15,0,0,1,0,0,0,0,0,0,0,6,0,0,-12300,44982502
2026-09-25T07:31:11.161Z,64769812000000,0x051C,0x0104,-2,2,63,-11263,-11263,0,-43988,-43993,435346,44983002,1,0,0,0,3,4,0,0,0,15,15,0,1,435346,2,1,-20000,-20000,0,0,0,0,5,0,0,0,0,6,0x5AA5,-11263,-16895,0,0,36981,2,2,2,2,255,0,2,15,0,0,1,0,0,0,0,0,0,0,6,0,0,-11200,44983002
2026-09-25T07:31:11.624Z,64770265000000,0x051C,0x0104,-2,2,63,-19148,-19148,0,-44003,-43986,435350,44983506,1,0,0,0,3,4,0,0,0,15,15,0,1,435351,2,1,-20000,-20000,0,0,0,0,5,0,0,0,0,6,0x5AA5,-18021,-25906,0,0,36981,2,2,2,2,255,0,2,15,0,0,1,0,0,0,0,0,0,0,6,0,0,-18000,44983403
2026-09-25T07:31:12.159Z,64770812000000,0x051C,0x0104,-2,2,63,-16895,-16895,0,-43979,-43988,435356,44984004,1,0,0,0,3,4,0,0,0,15,15,0,1,435356,2,1,-20000,-20000,0,0,0,0,5,0,0,0,0,6,0x5AA5,-16895,-27032,0,0,36983,2,2,2,2,255,0,2,15,0,0,1,0,0,0,0,0,0,0,6,0,0,-16800,44984004
2026-09-25T07:31:12.619Z,64771265000000,0x051C,0x0104,-2,2,63,-18021,-18021,0,-43990,-43987,435360,44984505,1,0,0,0,3,4,0,0,0,15,15,0,1,435361,2,1,-20000,-20000,0,0,0,0,5,0,0,0,0,6,0x5AA5,-16895,-31537,0,0,36985,2,2,2,2,255,0,2,15,0,0,1,0,0,0,0,0,0,0,6,0,0,-16800,44984405
2026-09-25T07:31:13.157Z,64771796000000,0x051C,0x0104,-2,2,63,-16895,-16895,0,-43997,-43988,435365,44985011,1,0,0,0,3,4,0,0,0,15,15,0,1,435366,2,1,-20000,-20000,0,0,0,0,5,0,0,0,0,6,0x5AA5,-18021,-2253,0,0,36985,2,2,2,2,255,0,2,15,0,0,1,0,0,0,0,0,0,0,6,0,0,-18000,44984906
2026-09-25T07:31:13.633Z,64772281000000,0x051C,0x0104,-2,2,63,-20274,-20274,0,-43982,-43985,435371,44985507,1,0,0,0,3,4,0,0,0,15,15,0,1,435371,2,1,-20000,-20000,0,0,0,0,5,0,0,0,0,6,0x5AA5,-20274,-23653,0,0,36985,2,2,2,2,255,0,2,15,0,0,1,0,0,0,0,0,0,0,6,0,0,-20200,44985507
2026-09-25T07:31:14.151Z,64772796000000,0x051C,0x0104,-2,2,63,-24779,-24779,0,-43980,-43981,435375,44986008,1,0,0,0,3,4,0,0,0,15,15,0,1,435376,2,1,-20000,-20000,0,0,0,0,5,0,0,0,0,6,0x5AA5,-24779,-15769,0,0,36985,2,2,2,2,255,0,2,15,0,0,1,0,0,0,0,0,0,0,6,0,0,-24700,44985908
2026-09-25T07:31:14.633Z,64773281000000,0x051C,0x0104,-2,2,63,-27032,-27032,0,-43978,-43979,435380,44986514,1,0,0,0,3,4,0,0,0,15,15,0,1,435381,2,1,-20000,-20000,0,0,0,0,5,0,0,0,0,6,0x5AA5,-27032,-25906,0,0,36985,2,2,2,2,255,0,2,15,0,0,1,0,0,0,0,0,0,0,6,0,0,-27000,44986409
2026-09-25T07:31:15.151Z,64773796000000,0x051C,0x0104,-2,2,63,-30411,-30411,0,-43987,-43976,435385,44987010,1,0,0,0,3,4,0,0,0,15,15,0,1,435386,2,1,-20000,-20000,0,0,0,0,5,0,0,0,0,6,0x5AA5,-28158,-42801,0,0,36985,2,2,2,2,255,0,2,15,0,0,1,0,0,0,0,0,0,0,6,0,0,-28100,44986910
2026-09-25T07:31:15.629Z,64774281000000,0x051C,0x0104,-2,2,63,-25906,-25906,0,-43990,-43980,435390,44987512,1,0,0,0,3,4,0,0,0,15,15,0,1,435391,2,1,-20000,-20000,0,0,0,0,5,0,0,0,0,6,0x5AA5,-27032,-18021,0,0,36985,2,2,2,2,255,0,2,15,0,0,1,0,0,0,0,0,0,0,6,0,0,-27000,44987410
2026-09-25T07:31:16.146Z,64774796000000,0x051C,0x0104,-2,2,63,-18021,-18021,0,-43988,-43987,435395,44988012,1,0,0,0,3,4,0,0,0,15,15,0,1,435396,2,1,-20000,-20000,0,0,0,0,5,0,0,0,0,6,0x5AA5,-19148,-6758,0,0,36985,2,2,2,2,255,0,2,15,0,0,1,0,0,0,0,0,0,0,6,0,0,-19100,44987911
2026-09-25T07:31:16.622Z,64775265000000,0x051C,0x0104,-2,2,63,-25906,-25906,0,-44003,-43980,435400,44988513,1,0,0,0,3,4,0,0,0,15,15,0,1,435401,2,1,-20000,-20000,0,0,0,0,5,0,0,0,0,6,0x5AA5,-24779,-30411,0,0,36985,2,2,2,2,255,0,2,15,0,0,1,0,0,0,0,0,0,0,6,0,0,-24700,44988413
2026-09-25T07:31:17.159Z,64775796000000,0x051C,0x0104,-2,2,63,-30411,-30411,0,-43974,-43976,435405,44989016,1,0,0,0,3,4,0,0,0,15,15,0,1,435406,2,1,-20000,-20000,0,0,0,0,5,0,0,0,0,6,0x5AA5,-30411,-34916,0,0,36985,2,2,2,2,255,0,2,15,0,0,1,0,0,0,0,0,0,0,6,0,0,-30400,44988913
2026-09-25T07:31:17.639Z,64776281000000,0x051C,0x0104,-2,2,63,-24779,-24779,0,-43995,-43981,435411,44989514,1,0,0,0,3,4,0,0,0,15,15,0,1,435411,2,1,-20000,-20000,0,0,0,0,5,0,0,0,0,6,0x5AA5,-24779,-9011,0,0,36985,2,2,2,2,255,0,2,15,0,0,1,0,0,0,0,0,0,0,6,0,0,-24700,44989514
2026-09-25T07:31:18.171Z,64776812000000,0x051C,0x0104,-2,2,63,-19148,-19148,0,-43978,-43986,435416,44990015,1,0,0,0,3,4,0,0,0,15,15,0,1,435416,2,1,-20000,-20000,0,0,0,0,5,0,0,0,0,6,0x5AA5,-19148,-28158,0,0,36985,2,2,2,2,255,0,2,15,0,0,1,0,0,0,0,0,0,0,6,0,0,-19100,44990015
2026-09-25T07:31:18.648Z,64777296000000,0x051C,0x0104,-2,2,63,-22527,-22527,0,-43996,-43983,435421,44990516,1,0,0,0,3,4,0,0,0,15,15,0,1,435421,2,1,-20000,-20000,0,0,0,0,5,0,0,0,0,6,0x5AA5,-22527,-7884,0,0,36985,2,2,2,2,255,0,2,15,0,0,1,0,0,0,0,0,0,0,6,0,0,-22500,44990516
2026-09-25T07:31:19.171Z,64777812000000,0x051C,0x0104,-2,2,63,-22527,-22527,0,-43966,-43983,435426,44991017,1,0,0,0,3,4,0,0,0,15,15,0,1,435426,2,1,-20000,-20000,0,0,0,0,5,0,0,0,0,6,0x5AA5,-22527,-41674,0,0,36985,2,2,2,2,255,0,2,15,0,0,1,0,0,0,0,0,0,0,6,0,0,-22500,44991017
2026-09-25T07:31:19.649Z,64778296000000,0x051C,0x0104,-2,2,63,-31537,-31537,0,-43973,-43975,435431,44991518,1,0,0,0,3,4,0,0,0,15,15,0,1,435431,2,1,-20000,-20000,0,0,0,0,5,0,0,0,0,6,0x5AA5,-31537,-33790,0,0,36985,2,2,2,2,255,0,2,15,0,0,1,0,0,0,0,0,0,0,6,0,0,-31500,44991518
2026-09-25T07:31:20.167Z,64778812000000,0x051C,0x0104,-2,2,63,-29285,-29285,0,-43986,-43977,435436,44992019,1,0,0,0,3,4,0,0,0,15,15,0,1,435436,2,1,-20000,-20000,0,0,0,0,5,0,0,0,0,6,0x5AA5,-29285,-19148,0,0,36985,2,2,2,2,255,0,2,15,0,0,1,0,0,0,0,0,0,0,6,0,0,-29200,44992019
2026-09-25T07:31:20.644Z,64779296000000,0x051C,0x0104,-2,2,63,-24779,-24779,0,-44008,-43981,435441,44992520,1,0,0,0,3,4,0,0,0,15,15,0,1,435441,2,1,-20000,-20000,0,0,0,0,5,0,0,0,0,6,0x5AA5,-24779,5632,0,0,36986,2,2,2,4,255,0,4,15,0,0,1,0,0,0,0,0,0,0,6,0,0,-24700,44992520
2026-09-25T07:31:21.165Z,64779812000000,0x051C,0x0104,-2,2,63,-20274,-20274,0,-43985,-43985,435445,44993021,1,0,0,0,3,4,0,0,0,15,15,0,1,435446,2,1,-20000,-20000,0,0,0,0,5,0,0,0,0,6,0x5AA5,-20274,-22527,0,0,36987,2,2,2,2,255,0,2,15,0,0,1,0,0,0,0,0,0,0,6,0,0,-20200,44992920
2026-09-25T07:31:21.646Z,64780296000000,0x051C,0x0104,-2,2,63,-20274,-20274,0,-43982,-43985,435450,44993527,1,0,0,0,3,4,0,0,0,15,15,0,1,435451,2,1,-20000,-20000,0,0,0,0,5,0,0,0,0,6,0x5AA5,-20274,-21400,0,0,36987,2,2,2,2,255,0,2,15,0,0,1,0,0,0,0,0,0,0,6,0,0,-20200,44993421
2026-09-25T07:31:22.169Z,64780812000000,0x051C,0x0104,-2,2,63,-22527,-22527,0,-43963,-43983,435455,44994024,1,0,0,0,3,4,0,0,0,15,15,0,1,435456,2,1,-20000,-20000,0,0,0,0,5,0,0,0,0,6,0x5AA5,-20274,-34916,0,0,36987,2,2,2,2,255,0,2,15,0,0,1,0,0,0,0,0,0,0,6,0,0,-20200,44993922
2026-09-25T07:31:22.647Z,64781296000000,0x051C,0x0104,-2,2,63,-16895,-16895,0,-43987,-43988,435461,44994523,1,0,0,0,3,4,0,0,0,15,15,0,1,435461,2,1,-20000,-20000,0,0,0,0,5,0,0,0,0,6,0x5AA5,-16895,-18021,0,0,36989,2,2,2,2,255,0,2,15,0,0,1,0,0,0,0,0,0,0,6,0,0,-16800,44994523
2026-09-25T07:31:23.164Z,64781812000000,0x051C,0x0104,-2,2,63,-19148,-19148,0,-43981,-43986,435465,44995024,1,0,0,0,3,4,0,0,0,15,15,0,1,435466,2,1,-20000,-20000,0,0,0,0,5,0,0,0,0,6,0x5AA5,-19148,0,0,0,36989,2,2,2,2,255,0,2,15,0,0,1,0,0,0,0,0,0,0,6,0,0,-19100,44994924
2026-09-25T07:31:23.644Z,64782296000000,0x051C,0x0104,-2,2,63,-22527,-22527,0,-43977,-43983,435470,44995527,1,0,0,0,3,4,0,0,0,15,15,0,1,435471,2,1,-20000,-20000,0,0,0,0,5,0,0,0,0,6,0x5AA5,-22527,-25906,0,0,36989,2,2,2,2,255,0,2,15,0,0,1,0,0,0,0,0,0,0,6,0,0,-22500,44995425
2026-09-25T07:31:24.159Z,64782796000000,0x051C,0x0104,-2,2,63,-15769,-15769,0,-43994,-43989,435475,44996026,1,0,0,0,3,4,0,0,0,15,15,0,1,435476,2,1,-20000,-20000,0,0,0,0,5,0,0,0,0,6,0x5AA5,-18021,12390,0,0,36990,2,2,2,4,255,0,4,15,0,0,1,0,0,0,0,0,0,0,6,0,0,-18000,44995926
2026-09-25T07:31:24.649Z,64783296000000,0x051C,0x0104,-2,2,63,-18021,-18021,0,-43986,-43987,435481,44996527,1,0,0,0,3,4,0,0,0,15,15,0,1,435481,2,1,-20000,-20000,0,0,0,0,5,0,0,0,0,6,0x5AA5,-18021,-19148,0,0,36991,2,2,2,2,255,0,2,15,0,0,1,0,0,0,0,0,0,0,6,0,0,-18000,44996527
2026-09-25T07:31:25.181Z,64783828000000,0x051C,0x0104,-2,2,63,-20274,-20274,0,-43994,-43985,435486,44997028,1,0,0,0,3,4,0,0,0,15,15,0,1,435486,2,1,-20000,-20000,0,0,0,0,5,0,0,0,0,6,0x5AA5,-20274,-10137,0,0,36991,2,2,2,2,255,0,2,15,0,0,1,0,0,0,0,0,0,0,6,0,0,-20200,44997028
2026-09-25T07:31:25.656Z,64784296000000,0x051C,0x0104,-2,2,63,-14642,-14642,0,-43995,-43990,435491,44997529,1,0,0,0,3,4,0,0,0,15,15,0,1,435491,2,1,-20000,-20000,0,0,0,0,5,0,0,0,0,6,0x5AA5,-14642,-9011,0,0,36991,2,2,2,2,255,0,2,15,0,0,1,0,0,0,0,0,0,0,6,0,0,-14600,44997529
2026-09-25T07:31:26.188Z,64784828000000,0x051C,0x0104,-2,2,63,-14642,-14642,0,-43996,-43990,435496,44998030,1,0,0,0,3,4,0,0,0,15,15,0,1,435496,2,1,-20000,-20000,0,0,0,0,5,0,0,0,0,6,0x5AA5,-14642,-7884,0,0,36991,2,2,2,2,255,0,2,15,0,0,1,0,0,0,0,0,0,0,6,0,0,-14600,44998030
2026-09-25T07:31:26.663Z,64785312000000,0x051C,0x0104,-2,2,63,-24779,-24779,0,-43981,-43981,435501,44998530,1,0,0,0,3,4,0,0,0,15,15,0,1,435501,2,1,-20000,-20000,0,0,0,0,5,0,0,0,0,6,0x5AA5,-24779,-24779,0,0,36991,2,2,2,2,255,0,2,15,0,0,1,0,0,0,0,0,0,0,6,0,0,-24700,44998530
2026-09-25T07:31:27.181Z,64785828000000,0x051C,0x0104,-2,2,63,-29285,-29285,0,-43978,-43977,435506,44999031,1,0,0,0,3,4,0,0,0,15,15,0,1,435506,2,1,-20000,-20000,0,0,0,0,5,0,0,0,0,6,0x5AA5,-29285,-28158,0,0,36991,2,2,2,2,255,0,2,15,0,0,1,0,0,0,0,0,0,0,6,0,0,-29200,44999031
2026-09-25T07:31:27.655Z,64786296000000,0x051C,0x0104,-2,2,63,-25906,-25906,0,-43980,-43980,435511,44999533,1,0,0,0,3,4,0,0,0,15,15,0,1,435511,2,1,-20000,-20000,0,0,0,0,5,0,0,0,0,6,0x5AA5,-25906,-25906,0,0,36991,2,2,2,2,255,0,2,15,0,0,1,0,0,0,0,0,0,0,6,0,0,-25900,44999533
2026-09-25T07:31:28.188Z,64786828000000,0x051C,0x0104,-2,2,63,-24779,-24779,0,-43993,-43981,435516,45000033,1,0,0,0,3,4,0,0,0,15,15,0,1,435516,2,1,-20000,-20000,0,0,0,0,5,0,0,0,0,6,0x5AA5,-24779,-11263,0,0,36991,2,2,2,2,255,0,2,15,0,0,1,0,0,0,0,0,0,0,6,0,0,-24700,45000033
2026-09-25T07:31:28.661Z,64787312000000,0x051C,0x0104,-2,2,63,-27032,-27032,0,-43975,-43979,435521,45000534,1,0,0,0,3,4,0,0,0,15,15,0,1,435521,2,1,-20000,-20000,0,0,0,0,5,0,0,0,0,6,0x5AA5,-27032,-31537,0,0,36991,2,2,2,2,255,0,2,15,0,0,1,0,0,0,0,0,0,0,6,0,0,-27000,45000534
2026-09-25T07:31:29.183Z,64787828000000,0x051C,0x0104,-2,2,63,-31537,-31537,0,-43965,-43975,435525,45001039,1,0,0,0,3,4,0,0,0,15,15,0,1,435526,2,1,-20000,-20000,0,0,0,0,5,0,0,0,0,6,0x5AA5,-30411,-37169,0,0,36991,2,2,2,2,255,0,2,15,0,0,1,0,0,0,0,0,0,0,6,0,0,-30400,45000935
2026-09-25T07:31:29.659Z,64788296000000,0x051C,0x0104,-2,2,63,-33790,-33790,0,-43976,-43973,435531,45001536,1,0,0,0,3,4,0,0,0,15,15,0,1,435531,2,1,-20000,-20000,0,0,0,0,5,0,0,0,0,6,0x5AA5,-33790,-30411,0,0,36991,2,2,2,2,255,0,2,15,0,0,1,0,0,0,0,0,0,0,6,0,0,-33700,45001536
2026-09-25T07:31:30.193Z,64788843000000,0x051C,0x0104,-2,2,63,-31537,-31537,0,-43960,-43975,435536,45002037,1,0,0,0,3,4,0,0,0,15,15,0,1,435536,2,1,-20000,-20000,0,0,0,0,5,0,0,0,0,6,0x5AA5,-31537,-48432,0,0,36991,2,2,2,2,255,0,2,15,0,0,1,0,0,0,0,0,0,0,6,0,0,-31500,45002037
2026-09-25T07:31:30.672Z,64789312000000,0x051C,0x0104,-2,2,63,-25906,-25906,0,-43979,-43980,435541,45002538,1,0,0,0,3,4,0,0,0,15,15,0,1,435541,2,1,-20000,-20000,0,0,0,0,5,0,0,0,0,6,0x5AA5,-25906,-27032,0,0,36991,2,2,2,2,255,0,2,15,0,0,1,0,0,0,0,0,0,0,6,0,0,-25900,45002538
2026-09-25T07:31:31.204Z,64789843000000,0x051C,0x0104,-2,2,63,-30411,-30411,0,-43948,-43976,435546,45003038,1,0,0,0,3,4,0,0,0,15,15,0,1,435546,2,1,-20000,-20000,0,0,0,0,5,0,0,0,0,6,0x5AA5,-30411,-61948,0,0,36991,2,2,2,2,255,0,2,15,0,0,1,0,0,0,0,0,0,0,6,0,0,-30400,45003038
2026-09-25T07:31:31.681Z,64790328000000,0x051C,0x0104,-2,2,63,-32664,-32664,0,-43983,-43974,435551,45003539,1,0,0,0,3,4,0,0,0,15,15,0,1,435551,2,1,-20000,-20000,0,0,0,0,5,0,0,0,0,6,0x5AA5,-32664,-22527,0,0,36991,2,2,2,2,255,0,2,15,0,0,1,0,0,0,0,0,0,0,6,0,0,-32600,45003539
2026-09-25T07:31:32.199Z,64790843000000,0x051C,0x0104,-2,2,63,-28158,-28158,0,-43978,-43978,435556,45004040,1,0,0,0,3,4,0,0,0,15,15,0,1,435556,2,1,-20000,-20000,0,0,0,0,5,0,0,0,0,6,0x5AA5,-28158,-28158,0,0,36991,2,2,2,2,255,0,2,15,0,0,1,0,0,0,0,0,0,0,6,0,0,-28100,45004040
2026-09-25T07:31:32.676Z,64791328000000,0x051C,0x0104,-2,2,63,-25906,-25906,0,-43999,-43980,435561,45004541,1,0,0,0,3,4,0,0,0,15,15,0,1,435561,2,1,-20000,-20000,0,0,0,0,5,0,0,0,0,6,0x5AA5,-25906,-4505,0,0,36991,2,2,2,2,255,0,2,15,0,0,1,0,0,0,0,0,0,0,6,0,0,-25900,45004541
2026-09-25T07:31:33.194Z,64791843000000,0x051C,0x0104,-2,2,63,-20274,-20274,0,-43985,-43985,435566,45005042,1,0,0,0,3,4,0,0,0,15,15,0,1,435566,2,1,-20000,-20000,0,0,0,0,5,0,0,0,0,6,0x5AA5,-20274,-20274,0,0,36991,2,2,2,2,255,0,2,15,0,0,1,0,0,0,0,0,0,0,6,0,0,-20200,45005042
2026-09-25T07:31:33.673Z,64792312000000,0x051C,0x0104,-2,2,63,-24779,-24779,0,-43977,-43981,435571,45005543,1,0,0,0,3,4,0,0,0,15,15,0,1,435571,2,1,-20000,-20000,0,0,0,0,5,0,0,0,0,6,0x5AA5,-24779,-29285,0,0,36991,2,2,2,2,255,0,2,15,0,0,1,0,0,0,0,0,0,0,6,0,0,-24700,45005543
2026-09-25T07:31:34.204Z,64792843000000,0x051C,0x0104,-2,2,63,-21400,-21400,0,-43989,-43984,435576,45006044,1,0,0,0,3,4,0,0,0,15,15,0,1,435576,2,1,-20000,-20000,0,0,0,0,5,0,0,0,0,6,0x5AA5,-21400,-15769,0,0,36991,2,2,2,2,255,0,2,15,0,0,1,0,0,0,0,0,0,0,6,0,0,-21400,45006044
2026-09-25T07:31:34.680Z,64793328000000,0x051C,0x0104,-2,2,63,-20274,-20274,0,-44000,-43985,435581,45006545,1,0,0,0,3,4,0,0,0,15,15,0,1,435581,2,1,-20000,-20000,0,0,0,0,5,0,0,0,0,6,0x5AA5,-20274,-3379,0,0,36991,2,2,2,2,255,0,2,15,0,0,1,0,0,0,0,0,0,0,6,0,0,-20200,45006545
2026-09-25T07:31:35.215Z,64793859000000,0x051C,0x0104,-2,2,63,-24779,-24779,0,-43972,-43981,435586,45007046,1,0,0,0,3,4,0,0,0,15,15,0,1,435586,2,1,-20000,-20000,0,0,0,0,5,0,0,0,0,6,0x5AA5,-24779,-34916,0,0,36991,2,2,2,2,255,0,2,15,0,0,1,0,0,0,0,0,0,0,6,0,0,-24700,45007046
2026-09-25T07:31:35.693Z,64794343000000,0x051C,0x0104,-2,2,63,-25906,-25906,0,-43991,-43980,435591,45007546,1,0,0,0,3,4,0,0,0,15,15,0,1,435591,2,1,-20000,-20000,0,0,0,0,5,0,0,0,0,6,0x5AA5,-25906,-13516,0,0,36991,2,2,2,2,255,0,2,15,0,0,1,0,0,0,0,0,0,0,6,0,0,-25900,45007546
2026-09-25T07:31:36.212Z,64794859000000,0x051C,0x0104,-2,2,63,-23653,-23653,0,-43976,-43982,435596,45008047,1,0,0,0,3,4,0,0,0,15,15,0,1,435596,2,1,-20000,-20000,0,0,0,0,5,0,0,0,0,6,0x5AA5,-23653,-30411,0,0,36991,2,2,2,2,255,0,2,15,0,0,1,0,0,0,0,0,0,0,6,0,0,-23600,45008047
2026-09-25T07:31:36.688Z,64795328000000,0x051C,0x0104,-2,2,63,-23653,-23653,0,-43994,-43982,435601,45008548,1,0,0,0,3,4,0,0,0,15,15,0,1,435601,2,1,-20000,-20000,0,0,0,0,5,0,0,0,0,6,0x5AA5,-23653,-10137,0,0,36991,2,2,2,2,255,0,2,15,0,0,1,0,0,0,0,0,0,0,6,0,0,-23600,45008548
2026-09-25T07:31:37.219Z,64795859000000,0x051C,0x0104,-2,2,63,-29285,-29285,0,-43976,-43977,435606,45009049,1,0,0,0,3,4,0,0,0,15,15,0,1,435606,2,1,-20000,-20000,0,0,0,0,5,0,0,0,0,6,0x5AA5,-29285,-30411,0,0,36991,2,2,2,2,255,0,2,15,0,0,1,0,0,0,0,0,0,0,6,0,0,-29200,45009049
2026-09-25T07:31:37.694Z,64796343000000,0x051C,0x0104,-2,2,63,-30411,-30411,0,-43984,-43976,435611,45009550,1,0,0,0,3,4,0,0,0,15,15,0,1,435611,2,1,-20000,-20000,0,0,0,0,5,0,0,0,0,6,0x5AA5,-30411,-21400,0,0,36991,2,2,2,2,255,0,2,15,0,0,1,0,0,0,0,0,0,0,6,0,0,-30400,45009550
2026-09-25T07:31:38.214Z,64796859000000,0x051C,0x0104,-2,2,63,-28158,-28158,0,-43993,-43978,435616,45010051,1,0,0,0,3,4,0,0,0,15,15,0,1,435616,2,1,-20000,-20000,0,0,0,0,5,0,0,0,0,6,0x5AA5,-28158,-11263,0,0,36991,2,2,2,2,255,0,2,15,0,0,1,0,0,0,0,0,0,0,6,0,0,-28100,45010051
2026-09-25T07:31:38.691Z,64797343000000,0x051C,0x0104,-2,2,63,-24779,-24779,0,-43984,-43981,435621,45010553,1,0,0,0,3,4,0,0,0,15,15,0,1,435621,2,1,-20000,-20000,0,0,0,0,5,0,0,0,0,6,0x5AA5,-24779,-21400,0,0,36991,2,2,2,2,255,0,2,15,0,0,1,0,0,0,0,0,0,0,6,0,0,-24700,45010553
2026-09-25T07:31:39.210Z,64797859000000,0x051C,0x0104,-2,2,63,-23653,-23653,0,-43987,-43982,435626,45011053,1,0,0,0,3,4,0,0,0,15,15,0,1,435626,2,1,-20000,-20000,0,0,0,0,5,0,0,0,0,6,0x5AA5,-23653,-18021,0,0,36991,2,2,2,2,255,0,2,15,0,0,1,0,0,0,0,0,0,0,6,0,0,-23600,45011053
2026-09-25T07:31:39.685Z,64798328000000,0x051C,0x0104,-2,2,63,-21400,-21400,0,-43975,-43984,435631,45011554,1,0,0,0,3,4,0,0,0,15,15,0,1,435631,2,1,-20000,-20000,0,0,0,0,5,0,0,0,0,6,0x5AA5,-21400,-31537,0,0,36991,2,2,2,2,255,0,2,15,0,0,1,0,0,0,0,0,0,0,6,0,0,-21400,45011554
2026-09-25T07:31:40.218Z,64798859000000,0x051C,0x0104,-2,2,63,-18021,-18021,0,-43981,-43987,435636,45012054,1,0,0,0,3,4,0,0,0,15,15,0,1,435636,2,1,-20000,-20000,0,0,0,0,5,0,0,0,0,6,0x5AA5,-18021,-24779,0,0,36991,2,2,2,2,255,0,2,15,0,0,1,0,0,0,0,0,0,0,6,0,0,-18000,45012054
2026-09-25T07:31:40.692Z,64799343000000,0x051C,0x0104,-2,2,63,-18021,-18021,0,-43991,-43987,435641,45012555,1,0,0,0,3,4,0,0,0,15,15,0,1,435641,2,1,-20000,-20000,0,0,0,0,5,0,0,0,0,6,0x5AA5,-18021,-13516,0,0,36991,2,2,2,2,255,0,2,15,0,0,1,0,0,0,0,0,0,0,6,0,0,-18000,45012555
2026-09-25T07:31:41.208Z,64799859000000,0x051C,0x0104,-2,2,63,-16895,-16895,0,-43986,-43988,435646,45013056,1,0,0,0,3,4,0,0,0,15,15,0,1,435646,2,1,-20000,-20000,0,0,0,0,5,0,0,0,0,6,0x5AA5,-16895,-19148,0,0,36991,2,2,2,2,255,0,2,15,0,0,1,0,0,0,0,0,0,0,6,0,0,-16800,45013056
2026-09-25T07:31:41.684Z,64800328000000,0x051C,0x0104,-2,2,63,-20274,-20274,0,-43977,-43985,435651,45013557,1,0,0,0,3,4,0,0,0,15,15,0,1,435651,2,1,-20000,-20000,0,0,0,0,5,0,0,0,0,6,0x5AA5,-20274,-29285,0,0,36991,2,2,2,2,255,0,2,15,0,0,1,0,0,0,0,0,0,0,6,0,0,-20200,45013557
2026-09-25T07:31:42.219Z,64800859000000,0x051C,0x0104,-2,2,63,-29285,-29285,0,-43978,-43977,435656,45014058,1,0,0,0,3,4,0,0,0,15,15,0,1,435656,2,1,-20000,-20000,0,0,0,0,5,0,0,0,0,6,0x5AA5,-29285,-28158,0,0,36991,2,2,2,2,255,0,2,15,0,0,1,0,0,0,0,0,0,0,6,0,0,-29200,45014058
2026-09-25T07:31:42.693Z,64801343000000,0x051C,0x0104,-2,2,63,-25906,-25906,0,-43984,-43980,435661,45014559,1,0,0,0,3,4,0,0,0,15,15,0,1,435661,2,1,-20000,-20000,0,0,0,0,5,0,0,0,0,6,0x5AA5,-25906,-21400,0,0,36991,2,2,2,2,255,0,2,15,0,0,1,0,0,0,0,0,0,0,6,0,0,-25900,45014559
2026-09-25T07:31:43.208Z,64801859000000,0x051C,0x0104,-2,2,63,-24779,-24779,0,-43954,-43981,435666,45015060,1,0,0,0,3,4,0,0,0,15,15,0,1,435666,2,1,-20000,-20000,0,0,0,0,5,0,0,0,0,6,0x5AA5,-24779,-55190,0,0,36991,2,2,2,2,255,0,2,15,0,0,1,0,0,0,0,0,0,0,6,0,0,-24700,45015060
2026-09-25T07:31:43.685Z,64802328000000,0x051C,0x0104,-2,2,63,-21400,-21400,0,-43986,-43984,435671,45015561,1,0,0,0,3,4,0,0,0,15,15,0,1,435671,2,1,-20000,-20000,0,0,0,0,5,0,0,0,0,6,0x5AA5,-21400,-19148,0,0,36991,2,2,2,2,255,0,2,15,0,0,1,0,0,0,0,0,0,0,6,0,0,-21400,45015561
2026-09-25T07:31:44.218Z,64802859000000,0x051C,0x0104,-2,2,63,-20274,-20274,0,-43996,-43985,435676,45016062,1,0,0,0,3,4,0,0,0,15,15,0,1,435676,2,1,-20000,-20000,0,0,0,0,5,0,0,0,0,6,0x5AA5,-20274,-7884,0,0,36991,2,2,2,2,255,0,2,15,0,0,1,0,0,0,0,0,0,0,6,0,0,-20200,45016062
2026-09-25T07:31:44.694Z,64803343000000,0x051C,0x0104,-2,2,63,-16895,-16895,0,-43987,-43988,435681,45016562,1,0,0,0,3,4,0,0,0,15,15,0,1,435681,2,1,-20000,-20000,0,0,0,0,5,0,0,0,0,6,0x5AA5,-16895,-18021,0,0,36991,2,2,2,2,255,0,2,15,0,0,1,0,0,0,0,0,0,0,6,0,0,-16800,45016562
2026-09-25T07:31:45.214Z,64803859000000,0x051C,0x0104,-2,2,63,-22527,-22527,0,-43990,-43983,435686,45017063,1,0,0,0,3,4,0,0,0,15,15,0,1,435686,2,1,-20000,-20000,0,0,0,0,5,0,0,0,0,6,0x5AA5,-22527,-14642,0,0,36991,2,2,2,2,255,0,2,15,0,0,1,0,0,0,0,0,0,0,6,0,0,-22500,45017063
2026-09-25T07:31:45.691Z,64804343000000,0x051C,0x0104,-2,2,63,-19148,-19148,0,-43989,-43986,435691,45017564,1,0,0,0,3,4,0,0,0,15,15,0,1,435691,2,1,-20000,-20000,0,0,0,0,5,0,0,0,0,6,0x5AA5,-19148,-15769,0,0,36991,2,2,2,2,255,0,2,15,0,0,1,0,0,0,0,0,0,0,6,0,0,-19100,45017564
2026-09-25T07:31:46.214Z,64804859000000,0x051C,0x0104,-2,2,63,-19148,-19148,0,-43983,-43986,435695,45018070,1,0,0,0,3,4,0,0,0,15,15,0,1,435696,2,1,-20000,-20000,0,0,0,0,5,0,0,0,0,6,0x5AA5,-19148,-14642,0,0,36991,2,2,2,2,255,0,2,15,0,0,1,0,0,0,0,0,0,0,6,0,0,-19100,45017965
2026-09-25T07:31:46.690Z,64805328000000,0x051C,0x0104,-2,2,63,-19148,-19148,0,-43976,-43986,435701,45018566,1,0,0,0,3,4,0,0,0,15,15,0,1,435701,2,1,-20000,-20000,0,0,0,0,5,0,0,0,0,6,0x5AA5,-19148,-30411,0,0,36991,2,2,2,2,255,0,2,15,0,0,1,0,0,0,0,0,0,0,6,0,0,-19100,45018566
2026-09-25T07:31:47.227Z,64805875000000,0x051C,0x0104,-2,2,63,-21400,-21400,0,-43987,-43984,435706,45019067,1,0,0,0,3,4,0,0,0,15,15,0,1,435706,2,1,-20000,-20000,0,0,0,0,5,0,0,0,0,6,0x5AA5,-21400,-18021,0,0,36991,2,2,2,2,255,0,2,15,0,0,1,0,0,0,0,0,0,0,6,0,0,-21400,45019067
2026-09-25T07:31:47.701Z,64806343000000,0x051C,0x0104,-2,2,63,-22527,-22527,0,-43991,-43983,435711,45019568,1,0,0,0,3,4,0,0,0,15,15,0,1,435711,2,1,-20000,-20000,0,0,0,0,5,0,0,0,0,6,0x5AA5,-22527,-13516,0,0,36991,2,2,2,2,255,0,2,15,0,0,1,0,0,0,0,0,0,0,6,0,0,-22500,45019568
2026-09-25T07:31:48.234Z,64806875000000,0x051C,0x0104,-2,2,63,-19148,-19148,0,-43990,-43986,435716,45020069,1,0,0,0,3,4,0,0,0,15,15,0,1,435716,2,1,-20000,-20000,0,0,0,0,5,0,0,0,0,6,0x5AA5,-19148,-14642,0,0,36993,2,2,2,2,255,0,2,15,0,0,1,0,0,0,0,0,0,0,6,0,0,-19100,45020069
2026-09-25T07:31:48.711Z,64807359000000,0x051C,0x0104,-2,2,63,-23653,-23653,0,-43982,-43982,435721,45020570,1,0,0,0,3,4,0,0,0,15,15,0,1,435721,2,1,-20000,-20000,0,0,0,0,5,0,0,0,0,6,0x5AA5,-23653,-23653,0,0,36993,2,2,2,2,255,0,2,15,0,0,1,0,0,0,0,0,0,0,6,0,0,-23600,45020570
2026-09-25T07:31:49.230Z,64807875000000,0x051C,0x0104,-2,2,63,-19148,-19148,0,-43996,-43986,435726,45021071,1,0,0,0,3,4,0,0,0,15,15,0,1,435726,2,1,-20000,-20000,0,0,0,0,5,0,0,0,0,6,0x5AA5,-19148,-7884,0,0,36993,2,2,2,2,255,0,2,15,0,0,1,0,0,0,0,0,0,0,6,0,0,-19100,45021071
2026-09-25T07:31:49.705Z,64808343000000,0x051C,0x0104,-2,2,63,-16895,-16895,0,-43988,-43988,435731,45021572,1,0,0,0,3,4,0,0,0,15,15,0,1,435731,2,1,-20000,-20000,0,0,0,0,5,0,0,0,0,6,0x5AA5,-16895,-16895,0,0,36993,2,2,2,2,255,0,2,15,0,0,1,0,0,0,0,0,0,0,6,0,0,-16800,45021572
2026-09-25T07:31:50.238Z,64808890000000,0x051C,0x0104,-2,2,63,-18021,-18021,0,-43986,-43987,435736,45022073,1,0,0,0,3,4,0,0,0,15,15,0,1,435736,2,1,-20000,-20000,0,0,0,0,5,0,0,0,0,6,0x5AA5,-18021,-19148,0,0,36993,2,2,2,2,255,0,2,15,0,0,1,0,0,0,0,0,0,0,6,0,0,-18000,45022073
2026-09-25T07:31:50.698Z,64809343000000,0x051C,0x0104,-2,2,63,-18021,-18021,0,-43986,-43987,435741,45022573,1,0,0,0,3,4,0,0,0,15,15,0,1,435741,2,1,-20000,-20000,0,0,0,0,5,0,0,0,0,6,0x5AA5,-18021,-19148,0,0,36993,2,2,2,2,255,0,2,15,0,0,1,0,0,0,0,0,0,0,6,0,0,-18000,45022573
2026-09-25T07:31:51.230Z,64809875000000,0x051C,0x0104,-2,2,63,-20274,-20274,0,-43987,-43985,435746,45023074,1,0,0,0,3,4,0,0,0,15,15,0,1,435746,2,1,-20000,-20000,0,0,0,0,5,0,0,0,0,6,0x5AA5,-20274,-18021,0,0,36993,2,2,2,2,255,0,2,15,0,0,1,0,0,0,0,0,0,0,6,0,0,-20200,45023074
2026-09-25T07:31:51.704Z,64810343000000,0x051C,0x0104,-2,2,63,-20274,-20274,0,-43977,-43985,435751,45023575,1,0,0,0,3,4,0,0,0,15,15,0,1,435751,2,1,-20000,-20000,0,0,0,0,5,0,0,0,0,6,0x5AA5,-20274,-29285,0,0,36993,2,2,2,2,255,0,2,15,0,0,1,0,0,0,0,0,0,0,6,0,0,-20200,45023575
2026-09-25T07:31:52.236Z,64810875000000,0x051C,0x0104,-2,2,63,-22527,-22527,0,-43973,-43983,435756,45024076,1,0,0,0,3,4,0,0,0,15,15,0,1,435756,2,1,-20000,-20000,0,0,0,0,5,0,0,0,0,6,0x5AA5,-22527,-33790,0,0,36993,2,2,2,2,255,0,2,15,0,0,1,0,0,0,0,0,0,0,6,0,0,-22500,45024076
2026-09-25T07:31:52.712Z,64811359000000,0x051C,0x0104,-2,2,63,-20274,-20274,0,-43974,-43985,435761,45024577,1,0,0,0,3,4,0,0,0,15,15,0,1,435761,2,1,-20000,-20000,0,0,0,0,5,0,0,0,0,6,0x5AA5,-20274,-32664,0,0,36993,2,2,2,2,255,0,2,15,0,0,1,0,0,0,0,0,0,0,6,0,0,-20200,45024577
2026-09-25T07:31:53.229Z,64811875000000,0x051C,0x0104,-2,2,63,-24779,-24779,0,-43985,-43981,435766,45025078,1,0,0,0,3,4,0,0,0,15,15,0,1,435766,2,1,-20000,-20000,0,0,0,0,5,0,0,0,0,6,0x5AA5,-24779,-20274,0,0,36993,2,2,2,2,255,0,2,15,0,0,1,0,0,0,0,0,0,0,6,0,0,-24700,45025078
2026-09-25T07:31:53.703Z,64812343000000,0x051C,0x0104,-2,2,63,-24779,-24779,0,-43978,-43981,435771,45025579,1,0,0,0,3,4,0,0,0,15,15,0,1,435771,2,1,-20000,-20000,0,0,0,0,5,0,0,0,0,6,0x5AA5,-24779,-28158,0,0,36993,2,2,2,2,255,0,2,15,0,0,1,0,0,0,0,0,0,0,6,0,0,-24700,45025579
2026-09-25T07:31:54.237Z,64812875000000,0x051C,0x0104,-2,2,63,-24779,-24779,0,-43986,-43981,435776,45026080,1,0,0,0,3,4,0,0,0,15,15,0,1,435776,2,1,-20000,-20000,0,0,0,0,5,0,0,0,0,6,0x5AA5,-24779,-19148,0,0,36993,2,2,2,2,255,0,2,15,0,0,1,0,0,0,0,0,0,0,6,0,0,-24700,45026080
2026-09-25T07:31:54.712Z,64813359000000,0x051C,0x0104,-2,2,63,-23653,-23653,0,-43980,-43982,435781,45026580,1,0,0,0,3,4,0,0,0,15,15,0,1,435781,2,1,-20000,-20000,0,0,0,0,5,0,0,0,0,6,0x5AA5,-23653,-25906,0,0,36993,2,2,2,2,255,0,2,15,0,0,1,0,0,0,0,0,0,0,6,0,0,-23600,45026580
2026-09-25T07:31:55.228Z,64813875000000,0x051C,0x0104,-2,2,63,-29285,-29285,0,-43974,-43977,435786,45027081,1,0,0,0,3,4,0,0,0,15,15,0,1,435786,2,1,-20000,-20000,0,0,0,0,5,0,0,0,0,6,0x5AA5,-29285,-32664,0,0,36993,2,2,2,2,255,0,2,15,0,0,1,0,0,0,0,0,0,0,6,0,0,-29200,45027081
2026-09-25T07:31:55.702Z,64814343000000,0x051C,0x0104,-2,2,63,-28158,-28158,0,-43981,-43978,435791,45027582,1,0,0,0,3,4,0,0,0,15,15,0,1,435791,2,1,-20000,-20000,0,0,0,0,5,0,0,0,0,6,0x5AA5,-28158,-24779,0,0,36993,2,2,2,2,255,0,2,15,0,0,1,0,0,0,0,0,0,0,6,0,0,-28100,45027582
2026-09-25T07:31:56.236Z,64814875000000,0x051C,0x0104,-2,2,63,-29285,-29285,0,-43966,-43977,435796,45028083,1,0,0,0,3,4,0,0,0,15,15,0,1,435796,2,1,-20000,-20000,0,0,0,0,5,0,0,0,0,6,0x5AA5,-29285,-41674,0,0,36993,2,2,2,2,255,0,2,15,0,0,1,0,0,0,0,0,0,0,6,0,0,-29200,45028083
2026-09-25T07:31:56.712Z,64815359000000,0x051C,0x0104,-2,2,63,-27032,-27032,0,-44000,-43979,435801,45028584,1,0,0,0,3,4,0,0,0,15,15,0,1,435801,2,1,-20000,-20000,0,0,0,0,5,0,0,0,0,6,0x5AA5,-27032,-3379,0,0,36993,2,2,2,2,255,0,2,15,0,0,1,0,0,0,0,0,0,0,6,0,0,-27000,45028584
2026-09-25T07:31:57.232Z,64815875000000,0x051C,0x0104,-2,2,63,-27032,-27032,0,-43985,-43979,435806,45029085,1,0,0,0,3,4,0,0,0,15,15,0,1,435806,2,1,-20000,-20000,0,0,0,0,5,0,0,0,0,6,0x5AA5,-27032,-20274,0,0,36993,2,2,2,2,255,0,2,15,0,0,1,0,0,0,0,0,0,0,6,0,0,-27000,45029085
2026-09-25T07:31:57.709Z,64816359000000,0x051C,0x0104,-2,2,63,-21400,-21400,0,-43986,-43984,435811,45029586,1,0,0,0,3,4,0,0,0,15,15,0,1,435811,2,1,-20000,-20000,0,0,0,0,5,0,0,0,0,6,0x5AA5,-21400,-19148,0,0,36993,2,2,2,2,255,0,2,15,0,0,1,0,0,0,0,0,0,0,6,0,0,-21400,45029586
2026-09-25T07:31:58.228Z,64816875000000,0x051C,0x0104,-2,2,63,-23653,-23653,0,-43984,-43982,435815,45030089,1,0,0,0,3,4,0,0,0,15,15,0,1,435816,2,1,-20000,-20000,0,0,0,0,5,0,0,0,0,6,0x5AA5,-23653,-16895,0,0,36993,2,2,2,2,255,0,2,15,0,0,1,0,0,0,0,0,0,0,6,0,0,-23600,45029986
2026-09-25T07:31:58.707Z,64817359000000,0x051C,0x0104,-2,2,63,-25906,-25906,0,-43979,-43980,435820,45030591,1,0,0,0,3,4,0,0,0,15,15,0,1,435821,2,1,-20000,-20000,0,0,0,0,5,0,0,0,0,6,0x5AA5,-24779,-37169,0,0,36993,2,2,2,2,255,0,2,15,0,0,1,0,0,0,0,0,0,0,6,0,0,-24700,45030487
2026-09-25T07:31:59.227Z,64817875000000,0x051C,0x0104,-2,2,63,-23653,-23653,0,-44001,-43982,435825,45031088,1,0,0,0,3,4,0,0,0,15,15,0,1,435826,2,1,-20000,-20000,0,0,0,0,5,0,0,0,0,6,0x5AA5,-25906,-6758,0,0,36993,2,2,2,2,255,0,2,15,0,0,1,0,0,0,0,0,0,0,6,0,0,-25900,45030988
2026-09-25T07:31:59.704Z,64818343000000,0x051C,0x0104,-2,2,63,-15769,-15769,0,-43987,-43989,435830,45031590,1,0,0,0,3,4,0,0,0,15,15,0,1,435831,2,1,-20000,-20000,0,0,0,0,5,0,0,0,0,6,0x5AA5,-16895,-7884,0,0,36993,2,2,2,2,255,0,2,15,0,0,1,0,0,0,0,0,0,0,6,0,0,-16800,45031489
2026-09-25T07:32:00.237Z,64818875000000,0x051C,0x0104,-2,2,63,-20274,-20274,0,-43977,-43985,435836,45032090,1,0,0,0,3,4,0,0,0,15,15,0,1,435836,2,1,-20000,-20000,0,0,0,0,5,0,0,0,0,6,0x5AA5,-20274,-29285,0,0,36993,2,2,2,2,255,0,2,15,0,0,1,0,0,0,0,0,0,0,6,0,0,-20200,45032090
2026-09-25T07:32:00.713Z,64819359000000,0x051C,0x0104,-2,2,63,-21400,-21400,0,-43978,-43984,435841,45032590,1,0,0,0,3,4,0,0,0,15,15,0,1,435841,2,1,-20000,-20000,0,0,0,0,5,0,0,0,0,6,0x5AA5,-21400,-28158,0,0,36993,2,2,2,2,255,0,2,15,0,0,1,0,0,0,0,0,0,0,6,0,0,-21400,45032590
2026-09-25T07:32:01.236Z,64819875000000,0x051C,0x0104,-2,2,63,-23653,-23653,0,-44000,-43982,435845,45033094,1,0,0,0,3,4,0,0,0,15,15,0,1,435846,2,1,-20000,-20000,0,0,0,0,5,0,0,0,0,6,0x5AA5,-24779,-15769,0,0,36993,2,2,2,2,255,0,2,15,0,0,1,0,0,0,0,0,0,0,6,0,0,-24700,45032991
2026-09-25T07:32:01.713Z,64820359000000,0x051C,0x0104,-2,2,63,-15769,-15769,0,-43993,-43989,435851,45033593,1,0,0,0,3,4,0,0,0,15,15,0,1,435851,2,1,-20000,-20000,0,0,0,0,5,0,0,0,0,6,0x5AA5,-15769,-11263,0,0,36993,2,2,2,2,255,0,2,15,0,0,1,0,0,0,0,0,0,0,6,0,0,-15700,45033593
2026-09-25T07:32:02.237Z,64820875000000,0x051C,0x0104,-2,2,63,-16895,-16895,0,-43978,-43988,435855,45034094,1,0,0,0,3,4,0,0,0,15,15,0,1,435856,2,1,-20000,-20000,0,0,0,0,5,0,0,0,0,6,0x5AA5,-16895,-15769,0,0,36993,2,2,2,2,255,0,2,15,0,0,1,0,0,0,0,0,0,0,6,0,0,-16800,45033993
2026-09-25T07:32:02.714Z,64821359000000,0x051C,0x0104,-2,2,63,-23653,-23653,0,-43987,-43982,435861,45034594,1,0,0,0,3,4,0,0,0,15,15,0,1,435861,2,1,-20000,-20000,0,0,0,0,5,0,0,0,0,6,0x5AA5,-23653,-18021,0,0,36993,2,2,2,2,255,0,2,15,0,0,1,0,0,0,0,0,0,0,6,0,0,-23600,45034594
2026-09-25T07:32:03.238Z,64821890000000,0x051C,0x0104,-2,2,63,-20274,-20274,0,-43974,-43985,435865,45035095,1,0,0,0,3,4,0,0,0,15,15,0,1,435866,2,1,-20000,-20000,0,0,0,0,5,0,0,0,0,6,0x5AA5,-20274,-16895,0,0,36993,2,2,2,2,255,0,2,15,0,0,1,0,0,0,0,0,0,0,6,0,0,-20200,45034994
2026-09-25T07:32:03.698Z,64822343000000,0x051C,0x0104,-2,2,63,-16895,-16895,0,-43991,-43988,435870,45035595,1,0,0,0,3,4,0,0,0,15,15,0,1,435871,2,1,-20000,-20000,0,0,0,0,5,0,0,0,0,6,0x5AA5,-18021,-10137,0,0,36993,2,2,2,2,255,0,2,15,0,0,1,0,0,0,0,0,0,0,6,0,0,-18000,45035495
2026-09-25T07:32:04.230Z,64822875000000,0x051C,0x0104,-2,2,63,-16895,-16895,0,-43986,-43988,435875,45036096,1,0,0,0,3,4,0,0,0,15,15,0,1,435876,2,1,-20000,-20000,0,0,0,0,5,0,0,0,0,6,0x5AA5,-16895,-7884,0,0,36993,2,2,2,2,255,0,2,15,0,0,1,0,0,0,0,0,0,0,6,0,0,-16800,45035996
2026-09-25T07:32:04.706Z,64823343000000,0x051C,0x0104,-2,2,63,-19148,-19148,0,-43982,-43986,435880,45036597,1,0,0,0,3,4,0,0,0,15,15,0,1,435881,2,1,-20000,-20000,0,0,0,0,5,0,0,0,0,6,0x5AA5,-18021,-16895,0,0,36993,2,2,2,2,255,0,2,15,0,0,1,0,0,0,0,0,0,0,6,0,0,-18000,45036497
2026-09-25T07:32:05.245Z,64823890000000,0x051C,0x0104,-2,2,63,-23653,-23653,0,-43981,-43982,435885,45037102,1,0,0,0,3,4,0,0,0,15,15,0,1,435886,2,1,-20000,-20000,0,0,0,0,5,0,0,0,0,6,0x5AA5,-23653,-33790,0,0,36993,2,2,2,2,255,0,2,15,0,0,1,0,0,0,0,0,0,0,6,0,0,-23600,45036998
2026-09-25T07:32:05.721Z,64824359000000,0x051C,0x0104,-2,2,63,-20274,-20274,0,-44006,-43985,435891,45037599,1,0,0,0,3,4,0,0,0,15,15,0,1,435891,2,1,-20000,-20000,0,0,0,0,5,0,0,0,0,6,0x5AA5,-20274,3379,0,0,36994,2,2,2,4,255,0,4,15,0,0,1,0,0,0,0,0,0,0,6,0,0,-20200,45037599
2026-09-25T07:32:06.256Z,64824906000000,0x051C,0x0104,-2,2,63,-18021,-18021,0,-44006,-43987,435896,45038100,1,0,0,0,3,4,0,0,0,15,15,0,1,435896,2,1,-20000,-20000,0,0,0,0,5,0,0,0,0,6,0x5AA5,-18021,3379,0,0,36996,2,2,2,4,255,0,4,15,0,0,1,0,0,0,0,0,0,0,6,0,0,-18000,45038100
2026-09-25T07:32:06.732Z,64825375000000,0x051C,0x0104,-2,2,63,-10137,-10137,0,-43993,-43994,435901,45038600,1,0,0,0,3,4,0,0,0,15,15,0,1,435901,2,1,-20000,-20000,0,0,0,0,5,0,0,0,0,6,0x5AA5,-10137,-11263,0,0,36997,2,2,2,2,255,0,2,15,0,0,1,0,0,0,0,0,0,0,6,0,0,-10100,45038600
2026-09-25T07:32:07.265Z,64825906000000,0x051C,0x0104,-2,2,63,-14642,-14642,0,-44003,-43990,435906,45039101,1,0,0,0,3,4,0,0,0,15,15,0,1,435906,2,1,-20000,-20000,0,0,0,0,5,0,0,0,0,6,0x5AA5,-14642,0,0,0,36997,2,2,2,2,255,0,2,15,0,0,1,0,0,0,0,0,0,0,6,0,0,-14600,45039101
2026-09-25T07:32:07.740Z,64826390000000,0x051C,0x0104,-2,2,63,-7884,-7884,0,-43987,-43996,435911,45039602,1,0,0,0,3,4,0,0,0,15,15,0,1,435911,2,1,-20000,-20000,0,0,0,0,5,0,0,0,0,6,0x5AA5,-7884,-18021,0,0,36999,2,2,2,2,255,0,2,15,0,0,1,0,0,0,0,0,0,0,6,0,0,-7800,45039602
2026-09-25T07:32:08.256Z,64826906000000,0x051C,0x0104,-2,2,63,-13516,-13516,0,-43967,-43991,435916,45040103,1,0,0,0,3,4,0,0,0,15,15,0,1,435916,2,1,-20000,-20000,0,0,0,0,5,0,0,0,0,6,0x5AA5,-13516,-40548,0,0,36999,2,2,2,2,255,0,2,15,0,0,1,0,0,0,0,0,0,0,6,0,0,-13500,45040103
2026-09-25T07:32:08.732Z,64827375000000,0x051C,0x0104,-2,2,63,-14642,-14642,0,-43989,-43990,435921,45040604,1,0,0,0,3,4,0,0,0,15,15,0,1,435921,2,1,-20000,-20000,0,0,0,0,5,0,0,0,0,6,0x5AA5,-14642,-15769,0,0,36999,2,2,2,2,255,0,2,15,0,0,1,0,0,0,0,0,0,0,6,0,0,-14600,45040604
2026-09-25T07:32:09.267Z,64827906000000,0x051C,0x0104,-2,2,63,-14642,-14642,0,-43986,-43990,435926,45041104,1,0,0,0,3,4,0,0,0,15,15,0,1,435926,2,1,-20000,-20000,0,0,0,0,5,0,0,0,0,6,0x5AA5,-14642,-19148,0,0,36999,2,2,2,2,255,0,2,15,0,0,1,0,0,0,0,0,0,0,6,0,0,-14600,45041104
2026-09-25T07:32:09.742Z,64828390000000,0x051C,0x0104,-2,2,63,-22527,-22527,0,-44012,-43983,435931,45041605,1,0,0,0,3,4,0,0,0,15,15,0,1,435931,2,1,-20000,-20000,0,0,0,0,5,0,0,0,0,6,0x5AA5,-22527,10137,0,0,37000,2,2,2,4,255,0,4,15,0,0,1,0,0,0,0,0,0,0,6,0,0,-22500,45041605
2026-09-25T07:32:10.258Z,64828906000000,0x051C,0x0104,-2,2,63,-16895,-16895,0,-44005,-43988,435936,45042106,1,0,0,0,3,4,0,0,0,15,15,0,1,435936,2,1,-20000,-20000,0,0,0,0,5,0,0,0,0,6,0x5AA5,-16895,2253,0,0,37002,2,2,2,4,255,0,4,15,0,0,1,0,0,0,0,0,0,0,6,0,0,-16800,45042106
2026-09-25T07:32:10.732Z,64829375000000,0x051C,0x0104,-2,2,63,-19148,-19148,0,-43998,-43986,435941,45042607,1,0,0,0,3,4,0,0,0,15,15,0,1,435941,2,1,-20000,-20000,0,0,0,0,5,0,0,0,0,6,0x5AA5,-19148,-5632,0,0,37003,2,2,2,2,255,0,2,15,0,0,1,0,0,0,0,0,0,0,6,0,0,-19100,45042607
2026-09-25T07:32:11.266Z,64829906000000,0x051C,0x0104,-2,2,63,-22527,-22527,0,-43974,-43983,435946,45043108,1,0,0,0,3,4,0,0,0,15,15,0,1,435946,2,1,-20000,-20000,0,0,0,0,5,0,0,0,0,6,0x5AA5,-22527,-32664,0,0,37003,2,2,2,2,255,0,2,15,0,0,1,0,0,0,0,0,0,0,6,0,0,-22500,45043108
2026-09-25T07:32:11.741Z,64830390000000,0x051C,0x0104,-2,2,63,-15769,-15769,0,-43991,-43989,435951,45043609,1,0,0,0,3,4,0,0,0,15,15,0,1,435951,2,1,-20000,-20000,0,0,0,0,5,0,0,0,0,6,0x5AA5,-15769,-13516,0,0,37005,2,2,2,2,255,0,2,15,0,0,1,0,0,0,0,0,0,0,6,0,0,-15700,45043609
